# https://github.com/mikedh/trimesh
v -0.71918291 -0.96284044 -0.57917267
v -0.71918291 -0.96541113 -0.57770425
v -0.71918291 -0.95498055 -0.58275759
v -0.71918291 -0.94712061 -0.58500260
v -0.72017401 -0.93926072 -0.58556420
v -0.71918291 -0.93926072 -0.58628917
v -0.71918291 -0.94400972 -0.58556420
v -0.72111154 -0.93140078 -0.58556420
v -0.71918291 -0.93140078 -0.58695829
v -0.72157776 -0.92354083 -0.58556420
v -0.71918291 -0.92354083 -0.58728439
v -0.72181547 -0.91568094 -0.58556420
v -0.71918291 -0.91568094 -0.58743435
v -0.72194028 -0.90782100 -0.58556420
v -0.71918291 -0.90782100 -0.58750945
v -0.72201335 -0.89996111 -0.58556420
v -0.71918291 -0.89996111 -0.58754927
v -0.72202563 -0.89210117 -0.58556420
v -0.71918291 -0.89210117 -0.58756411
v -0.72201943 -0.88424122 -0.58556420
v -0.71918291 -0.88424122 -0.58755213
v -0.72201854 -0.87638134 -0.58556420
v -0.71918291 -0.87638134 -0.58756262
v -0.72199124 -0.86852139 -0.58556420
v -0.71918291 -0.86852139 -0.58756125
v -0.72194093 -0.86066151 -0.58556420
v -0.71918291 -0.86066151 -0.58755583
v -0.72184467 -0.85280156 -0.58556420
v -0.71918291 -0.85280156 -0.58749366
v -0.72169542 -0.84494162 -0.58556420
v -0.71918291 -0.84494162 -0.58739948
v -0.72154933 -0.83708173 -0.58556420
v -0.71918291 -0.83708173 -0.58729428
v -0.72142118 -0.82922179 -0.58556420
v -0.71918291 -0.82922179 -0.58720708
v -0.72127938 -0.82136184 -0.58556420
v -0.71918291 -0.82136184 -0.58710659
v -0.72107685 -0.81350195 -0.58556420
v -0.71918291 -0.81350195 -0.58696783
v -0.72077549 -0.80564201 -0.58556420
v -0.71918291 -0.80564201 -0.58675337
v -0.72050339 -0.79778212 -0.58556420
v -0.71918291 -0.79778212 -0.58655095
v -0.72017753 -0.78992218 -0.58556420
v -0.71918291 -0.78992218 -0.58630466
v -0.72000045 -0.78206223 -0.58556420
v -0.71918291 -0.78206223 -0.58617187
v -0.72007406 -0.77420235 -0.58556420
v -0.71918291 -0.77420235 -0.58622646
v -0.72010601 -0.76634240 -0.58556420
v -0.71918291 -0.76634240 -0.58624947
v -0.72002429 -0.75848252 -0.58556420
v -0.71918291 -0.75848252 -0.58619010
v -0.71982795 -0.75062257 -0.58556420
v -0.71918291 -0.75062257 -0.58604658
v -0.71953499 -0.74276263 -0.58556420
v -0.71918291 -0.74276263 -0.58582854
v -0.71918648 -0.73490274 -0.58556420
v -0.71918291 -0.73490274 -0.58556694
v -0.71918291 -0.73482704 -0.58556420
v -0.71918291 -0.72704279 -0.58522308
v -0.71918291 -0.71918291 -0.58478725
v -0.71918291 -0.71132296 -0.58425146
v -0.71918291 -0.70346302 -0.58370852
v -0.71918291 -0.69560313 -0.58311254
v -0.71918291 -0.68774319 -0.58250850
v -0.71918291 -0.67988324 -0.58190417
v -0.71918291 -0.67202336 -0.58127540
v -0.71918291 -0.66416341 -0.58046114
v -0.71918291 -0.65630352 -0.57959837
v -0.71918291 -0.64844358 -0.57868063
v -0.71918291 -0.64058363 -0.57772064
v -0.71918291 -0.64046764 -0.57770425
v -0.71420282 -0.97070038 -0.57770425
v -0.71132296 -0.97070038 -0.57925725
v -0.71132296 -0.97278237 -0.57770425
v -0.71132296 -0.96284044 -0.58372831
v -0.71376640 -0.95498055 -0.58556420
v -0.71132296 -0.95498055 -0.58662999
v -0.71132296 -0.95786208 -0.58556420
v -0.71818715 -0.94712061 -0.58556420
v -0.71132296 -0.94712061 -0.58871216
v -0.71132296 -0.93926072 -0.59006292
v -0.71132296 -0.93140078 -0.59087193
v -0.71132296 -0.92354083 -0.59129477
v -0.71132296 -0.91568094 -0.59149331
v -0.71132296 -0.90782100 -0.59161180
v -0.71132296 -0.89996111 -0.59167325
v -0.71132296 -0.89210117 -0.59169012
v -0.71132296 -0.88424122 -0.59167069
v -0.71132296 -0.87638134 -0.59170151
v -0.71132296 -0.86852139 -0.59174109
v -0.71132296 -0.86066151 -0.59173238
v -0.71132296 -0.85280156 -0.59171724
v -0.71132296 -0.84494162 -0.59163898
v -0.71132296 -0.83708173 -0.59152406
v -0.71132296 -0.82922179 -0.59144878
v -0.71132296 -0.82136184 -0.59134692
v -0.71132296 -0.81350195 -0.59122145
v -0.71132296 -0.80564201 -0.59105825
v -0.71132296 -0.79778212 -0.59084678
v -0.71132296 -0.78992218 -0.59058958
v -0.71132296 -0.78206223 -0.59044641
v -0.71132296 -0.77420235 -0.59044230
v -0.71132296 -0.76634240 -0.59044701
v -0.71132296 -0.75848252 -0.59037733
v -0.71132296 -0.75062257 -0.59022379
v -0.71132296 -0.74276263 -0.59000242
v -0.71132296 -0.73490274 -0.58975732
v -0.71868902 -0.72704279 -0.58556420
v -0.71132296 -0.72704279 -0.58946663
v -0.71805573 -0.71918291 -0.58556420
v -0.71132296 -0.71918291 -0.58912629
v -0.71728426 -0.71132296 -0.58556420
v -0.71132296 -0.71132296 -0.58872610
v -0.71652138 -0.70346302 -0.58556420
v -0.71132296 -0.70346302 -0.58831912
v -0.71567261 -0.69560313 -0.58556420
v -0.71132296 -0.69560313 -0.58786792
v -0.71482188 -0.68774319 -0.58556420
v -0.71132296 -0.68774319 -0.58740568
v -0.71395773 -0.67988324 -0.58556420
v -0.71132296 -0.67988324 -0.58695322
v -0.71308774 -0.67202336 -0.58556420
v -0.71132296 -0.67202336 -0.58651268
v -0.71192116 -0.66416341 -0.58556420
v -0.71132296 -0.66416341 -0.58589524
v -0.71132296 -0.66068667 -0.58556420
v -0.71132296 -0.65630352 -0.58514380
v -0.71132296 -0.64844358 -0.58425957
v -0.71132296 -0.64058363 -0.58322310
v -0.71782792 -0.63272375 -0.57770425
v -0.71132296 -0.63272375 -0.58207947
v -0.71604127 -0.62486380 -0.57770425
v -0.71132296 -0.62486380 -0.58086205
v -0.71349716 -0.61700392 -0.57770425
v -0.71132296 -0.61700392 -0.57921040
v -0.71132296 -0.61122578 -0.57770425
v -0.71132296 -0.60914397 -0.57702893
v -0.71132296 -0.60128403 -0.57291275
v -0.71132296 -0.59645832 -0.56984437
v -0.70346302 -0.97070038 -0.58264285
v -0.70346302 -0.97753572 -0.57770425
v -0.70647246 -0.96284044 -0.58556420
v -0.70346302 -0.96284044 -0.58673537
v -0.70346302 -0.96516305 -0.58556420
v -0.70346302 -0.95498055 -0.58999491
v -0.70346302 -0.94712061 -0.59212947
v -0.70346302 -0.93926072 -0.59341538
v -0.70537466 -0.93140078 -0.59342414
v -0.70346302 -0.93140078 -0.59424073
v -0.70346302 -0.93917656 -0.59342414
v -0.70644170 -0.92354083 -0.59342414
v -0.70346302 -0.92354083 -0.59470648
v -0.70695525 -0.91568094 -0.59342414
v -0.70346302 -0.91568094 -0.59493947
v -0.70727021 -0.90782100 -0.59342414
v -0.70346302 -0.90782100 -0.59507549
v -0.70744586 -0.89996111 -0.59342414
v -0.70346302 -0.89996111 -0.59515214
v -0.70749450 -0.89210117 -0.59342414
v -0.70346302 -0.89210117 -0.59515738
v -0.70747554 -0.88424122 -0.59342414
v -0.70346302 -0.88424122 -0.59515458
v -0.70755142 -0.87638134 -0.59342414
v -0.70346302 -0.87638134 -0.59518582
v -0.70763755 -0.86852139 -0.59342414
v -0.70346302 -0.86852139 -0.59522283
v -0.70760703 -0.86066151 -0.59342414
v -0.70346302 -0.86066151 -0.59522277
v -0.70757008 -0.85280156 -0.59342414
v -0.70346302 -0.85280156 -0.59520185
v -0.70740604 -0.84494162 -0.59342414
v -0.70346302 -0.84494162 -0.59513468
v -0.70717943 -0.83708173 -0.59342414
v -0.70346302 -0.83708173 -0.59504890
v -0.70702714 -0.82922179 -0.59342414
v -0.70346302 -0.82922179 -0.59498286
v -0.70682585 -0.82136184 -0.59342414
v -0.70346302 -0.82136184 -0.59490103
v -0.70655650 -0.81350195 -0.59342414
v -0.70346302 -0.81350195 -0.59478372
v -0.70624900 -0.80564201 -0.59342414
v -0.70346302 -0.80564201 -0.59466141
v -0.70582432 -0.79778212 -0.59342414
v -0.70346302 -0.79778212 -0.59447628
v -0.70528483 -0.78992218 -0.59342414
v -0.70346302 -0.78992218 -0.59424347
v -0.70498067 -0.78206223 -0.59342414
v -0.70346302 -0.78206223 -0.59411019
v -0.70493120 -0.77420235 -0.59342414
v -0.70346302 -0.77420235 -0.59409076
v -0.70488548 -0.76634240 -0.59342414
v -0.70346302 -0.76634240 -0.59407187
v -0.70469391 -0.75848252 -0.59342414
v -0.70346302 -0.75848252 -0.59398896
v -0.70438433 -0.75062257 -0.59342414
v -0.70346302 -0.75062257 -0.59385002
v -0.70395565 -0.74276263 -0.59342414
v -0.70346302 -0.74276263 -0.59365559
v -0.70350689 -0.73490274 -0.59342414
v -0.70346302 -0.73490274 -0.59344506
v -0.70346302 -0.73427743 -0.59342414
v -0.70346302 -0.72704279 -0.59318608
v -0.70346302 -0.71918291 -0.59287536
v -0.70346302 -0.71132296 -0.59253198
v -0.70346302 -0.70346302 -0.59214115
v -0.70346302 -0.69560313 -0.59171277
v -0.70346302 -0.68774319 -0.59121740
v -0.70346302 -0.67988324 -0.59077877
v -0.70346302 -0.67202336 -0.59031457
v -0.70346302 -0.66416341 -0.58973616
v -0.71050620 -0.65630352 -0.58556420
v -0.70346302 -0.65630352 -0.58907717
v -0.70877594 -0.64844358 -0.58556420
v -0.70346302 -0.64844358 -0.58824331
v -0.70667696 -0.64058363 -0.58556420
v -0.70346302 -0.64058363 -0.58720082
v -0.70436710 -0.63272375 -0.58556420
v -0.70346302 -0.63272375 -0.58603185
v -0.70346302 -0.62972534 -0.58556420
v -0.70346302 -0.62486380 -0.58481759
v -0.70346302 -0.61700392 -0.58328557
v -0.71025753 -0.60914397 -0.57770425
v -0.70346302 -0.60914397 -0.58150369
v -0.70564288 -0.60128403 -0.57770425
v -0.70346302 -0.60128403 -0.57905155
v -0.70346302 -0.59826988 -0.57770425
v -0.70971847 -0.59342414 -0.56984437
v -0.70346302 -0.59342414 -0.57548672
v -0.70167923 -0.97856033 -0.57770425
v -0.69560313 -0.97856033 -0.58059031
v -0.69560313 -0.98169899 -0.57770425
v -0.69655496 -0.97070038 -0.58556420
v -0.69560313 -0.97070038 -0.58595634
v -0.69560313 -0.97136670 -0.58556420
v -0.69560313 -0.96284044 -0.59002572
v -0.69560313 -0.95498055 -0.59305805
v -0.69991034 -0.94712061 -0.59342414
v -0.69560313 -0.94712061 -0.59493273
v -0.69560313 -0.95351756 -0.59342414
v -0.70343870 -0.93926072 -0.59342414
v -0.69560313 -0.93926072 -0.59611863
v -0.69560313 -0.93140078 -0.59684002
v -0.69560313 -0.92354083 -0.59729034
v -0.69560313 -0.91568094 -0.59753400
v -0.69560313 -0.90782100 -0.59767324
v -0.69560313 -0.89996111 -0.59771925
v -0.69560313 -0.89210117 -0.59773898
v -0.69560313 -0.88424122 -0.59774238
v -0.69560313 -0.87638134 -0.59777647
v -0.69560313 -0.86852139 -0.59781802
v -0.69560313 -0.86066151 -0.59783238
v -0.69560313 -0.85280156 -0.59781504
v -0.69560313 -0.84494162 -0.59775013
v -0.69560313 -0.83708173 -0.59769315
v -0.69560313 -0.82922179 -0.59762889
v -0.69560313 -0.82136184 -0.59754956
v -0.69560313 -0.81350195 -0.59745753
v -0.69560313 -0.80564201 -0.59737092
v -0.69560313 -0.79778212 -0.59721571
v -0.69560313 -0.78992218 -0.59702498
v -0.69560313 -0.78206223 -0.59692991
v -0.69560313 -0.77420235 -0.59694976
v -0.69560313 -0.76634240 -0.59694737
v -0.69560313 -0.75848252 -0.59691566
v -0.69560313 -0.75062257 -0.59681880
v -0.69560313 -0.74276263 -0.59667796
v -0.69560313 -0.73490274 -0.59649259
v -0.70289141 -0.72704279 -0.59342414
v -0.69560313 -0.72704279 -0.59630632
v -0.70215642 -0.71918291 -0.59342414
v -0.69560313 -0.71918291 -0.59605348
v -0.70134681 -0.71132296 -0.59342414
v -0.69560313 -0.71132296 -0.59574276
v -0.70048106 -0.70346302 -0.59342414
v -0.69560313 -0.70346302 -0.59543556
v -0.69949365 -0.69560313 -0.59342414
v -0.69560313 -0.69560313 -0.59503108
v -0.69839436 -0.68774319 -0.59342414
v -0.69560313 -0.68774319 -0.59458929
v -0.69736981 -0.67988324 -0.59342414
v -0.69560313 -0.67988324 -0.59416771
v -0.69626880 -0.67202336 -0.59342414
v -0.69560313 -0.67202336 -0.59370935
v -0.69560313 -0.66783267 -0.59342414
v -0.69560313 -0.66416341 -0.59317356
v -0.69560313 -0.65630352 -0.59257251
v -0.69560313 -0.64844358 -0.59186137
v -0.69560313 -0.64058363 -0.59095591
v -0.69560313 -0.63272375 -0.58986706
v -0.70195687 -0.62486380 -0.58556420
v -0.69560313 -0.62486380 -0.58867770
v -0.69895256 -0.61700392 -0.58556420
v -0.69560313 -0.61700392 -0.58722389
v -0.69594651 -0.60914397 -0.58556420
v -0.69560313 -0.60914397 -0.58574575
v -0.69560313 -0.60849798 -0.58556420
v -0.69560313 -0.60128403 -0.58336681
v -0.69854403 -0.59342414 -0.57770425
v -0.69560313 -0.59342414 -0.57891810
v -0.68774319 -0.97856033 -0.58293885
v -0.68774319 -0.98461360 -0.57770425
v -0.68774319 -0.97070038 -0.58794934
v -0.68774319 -0.97473019 -0.58556420
v -0.68774319 -0.96284044 -0.59189630
v -0.69376355 -0.95498055 -0.59342414
v -0.68774319 -0.95498055 -0.59453142
v -0.68774319 -0.95845628 -0.59342414
v -0.68774319 -0.94712061 -0.59616715
v -0.68774319 -0.93926072 -0.59718406
v -0.68774319 -0.93140078 -0.59782338
v -0.68774319 -0.92354083 -0.59821755
v -0.68774319 -0.91568094 -0.59844112
v -0.68774319 -0.90782100 -0.59853172
v -0.68774319 -0.89996111 -0.59857941
v -0.68774319 -0.89210117 -0.59859002
v -0.68774319 -0.88424122 -0.59859186
v -0.68774319 -0.87638134 -0.59861994
v -0.68774319 -0.86852139 -0.59866029
v -0.68774319 -0.86066151 -0.59868050
v -0.68774319 -0.85280156 -0.59866029
v -0.68774319 -0.84494162 -0.59860700
v -0.68774319 -0.83708173 -0.59855115
v -0.68774319 -0.82922179 -0.59848905
v -0.68774319 -0.82136184 -0.59841657
v -0.68774319 -0.81350195 -0.59835303
v -0.68774319 -0.80564201 -0.59829450
v -0.68774319 -0.79778212 -0.59817576
v -0.68774319 -0.78992218 -0.59800953
v -0.68774319 -0.78206223 -0.59793925
v -0.68774319 -0.77420235 -0.59797835
v -0.68774319 -0.76634240 -0.59800512
v -0.68774319 -0.75848252 -0.59797400
v -0.68774319 -0.75062257 -0.59791493
v -0.68774319 -0.74276263 -0.59781229
v -0.68774319 -0.73490274 -0.59768850
v -0.68774319 -0.72704279 -0.59752744
v -0.68774319 -0.71918291 -0.59734833
v -0.68774319 -0.71132296 -0.59711760
v -0.68774319 -0.70346302 -0.59686440
v -0.68774319 -0.69560313 -0.59653360
v -0.68774319 -0.68774319 -0.59614170
v -0.68774319 -0.67988324 -0.59579748
v -0.68774319 -0.67202336 -0.59544414
v -0.69460404 -0.66416341 -0.59342414
v -0.68774319 -0.66416341 -0.59503597
v -0.69236201 -0.65630352 -0.59342414
v -0.68774319 -0.65630352 -0.59458381
v -0.69005293 -0.64844358 -0.59342414
v -0.68774319 -0.64844358 -0.59405160
v -0.68774319 -0.64107049 -0.59342414
v -0.68774319 -0.64058363 -0.59338146
v -0.68774319 -0.63272375 -0.59256327
v -0.68774319 -0.62486380 -0.59162021
v -0.68774319 -0.61700392 -0.59037179
v -0.68774319 -0.60914397 -0.58896345
v -0.69046491 -0.60128403 -0.58556420
v -0.68774319 -0.60128403 -0.58663058
v -0.68774319 -0.59921616 -0.58556420
v -0.68774319 -0.59342414 -0.58259583
v -0.67988324 -0.97856033 -0.58353776
v -0.67988324 -0.98542953 -0.57770425
v -0.67988324 -0.97070038 -0.58852547
v -0.67988324 -0.97569197 -0.58556420
v -0.67988324 -0.96284044 -0.59224576
v -0.67988324 -0.95498055 -0.59477216
v -0.67988324 -0.95933002 -0.59342414
v -0.67988324 -0.94712061 -0.59631687
v -0.67988324 -0.93926072 -0.59726745
v -0.67988324 -0.93140078 -0.59786725
v -0.67988324 -0.92354083 -0.59823060
v -0.67988324 -0.91568094 -0.59844714
v -0.67988324 -0.90782100 -0.59855253
v -0.67988324 -0.89996111 -0.59861803
v -0.67988324 -0.89210117 -0.59862083
v -0.67988324 -0.88424122 -0.59860981
v -0.67988324 -0.87638134 -0.59865528
v -0.67988324 -0.86852139 -0.59870040
v -0.67988324 -0.86066151 -0.59871823
v -0.67988324 -0.85280156 -0.59869945
v -0.67988324 -0.84494162 -0.59865141
v -0.67988324 -0.83708173 -0.59858423
v -0.67988324 -0.82922179 -0.59851831
v -0.67988324 -0.82136184 -0.59844440
v -0.67988324 -0.81350195 -0.59838027
v -0.67988324 -0.80564201 -0.59830719
v -0.67988324 -0.79778212 -0.59819520
v -0.67988324 -0.78992218 -0.59802306
v -0.67988324 -0.78206223 -0.59793943
v -0.67988324 -0.77420235 -0.59798253
v -0.67988324 -0.76634240 -0.59800905
v -0.67988324 -0.75848252 -0.59797311
v -0.67988324 -0.75062257 -0.59790081
v -0.67988324 -0.74276263 -0.59779435
v -0.67988324 -0.73490274 -0.59767348
v -0.67988324 -0.72704279 -0.59753126
v -0.67988324 -0.71918291 -0.59736365
v -0.67988324 -0.71132296 -0.59715372
v -0.67988324 -0.70346302 -0.59693789
v -0.67988324 -0.69560313 -0.59666055
v -0.67988324 -0.68774319 -0.59635019
v -0.67988324 -0.67988324 -0.59608239
v -0.67988324 -0.67202336 -0.59582931
v -0.67988324 -0.66416341 -0.59554678
v -0.67988324 -0.65630352 -0.59521610
v -0.67988324 -0.64844358 -0.59483415
v -0.68741375 -0.64058363 -0.59342414
v -0.67988324 -0.64058363 -0.59434646
v -0.68211734 -0.63272375 -0.59342414
v -0.67988324 -0.63272375 -0.59375644
v -0.67988324 -0.62926775 -0.59342414
v -0.67988324 -0.62486380 -0.59299457
v -0.67988324 -0.61700392 -0.59198558
v -0.67988324 -0.60914397 -0.59073937
v -0.67988324 -0.60128403 -0.58854055
v -0.67988324 -0.59475356 -0.58556420
v -0.67988324 -0.59342414 -0.58499461
v -0.67202336 -0.97856033 -0.58370620
v -0.67202336 -0.98569500 -0.57770425
v -0.67202336 -0.97070038 -0.58863807
v -0.67202336 -0.97593522 -0.58556420
v -0.67202336 -0.96284044 -0.59227258
v -0.67202336 -0.95498055 -0.59478593
v -0.67202336 -0.95938921 -0.59342414
v -0.67202336 -0.94712061 -0.59631985
v -0.67202336 -0.93926072 -0.59725791
v -0.67202336 -0.93140078 -0.59783870
v -0.67202336 -0.92354083 -0.59820276
v -0.67202336 -0.91568094 -0.59842139
v -0.67202336 -0.90782100 -0.59854865
v -0.67202336 -0.89996111 -0.59860921
v -0.67202336 -0.89210117 -0.59862721
v -0.67202336 -0.88424122 -0.59863245
v -0.67202336 -0.87638134 -0.59866661
v -0.67202336 -0.86852139 -0.59871060
v -0.67202336 -0.86066151 -0.59873736
v -0.67202336 -0.85280156 -0.59873635
v -0.67202336 -0.84494162 -0.59868312
v -0.67202336 -0.83708173 -0.59861195
v -0.67202336 -0.82922179 -0.59855068
v -0.67202336 -0.82136184 -0.59847939
v -0.67202336 -0.81350195 -0.59840053
v -0.67202336 -0.80564201 -0.59833920
v -0.67202336 -0.79778212 -0.59821463
v -0.67202336 -0.78992218 -0.59803081
v -0.67202336 -0.78206223 -0.59795189
v -0.67202336 -0.77420235 -0.59800524
v -0.67202336 -0.76634240 -0.59803456
v -0.67202336 -0.75848252 -0.59799796
v -0.67202336 -0.75062257 -0.59793079
v -0.67202336 -0.74276263 -0.59783596
v -0.67202336 -0.73490274 -0.59770226
v -0.67202336 -0.72704279 -0.59755504
v -0.67202336 -0.71918291 -0.59739166
v -0.67202336 -0.71132296 -0.59719682
v -0.67202336 -0.70346302 -0.59699297
v -0.67202336 -0.69560313 -0.59674019
v -0.67202336 -0.68774319 -0.59643704
v -0.67202336 -0.67988324 -0.59618562
v -0.67202336 -0.67202336 -0.59596807
v -0.67202336 -0.66416341 -0.59571493
v -0.67202336 -0.65630352 -0.59542638
v -0.67202336 -0.64844358 -0.59508312
v -0.67202336 -0.64058363 -0.59465897
v -0.67202336 -0.63272375 -0.59410387
v -0.67229229 -0.62486380 -0.59342414
v -0.67202336 -0.62486380 -0.59343940
v -0.67202336 -0.62473685 -0.59342414
v -0.67202336 -0.61700392 -0.59249997
v -0.67202336 -0.60914397 -0.59125215
v -0.67202336 -0.60128403 -0.58906233
v -0.67202336 -0.59374106 -0.58556420
v -0.67202336 -0.59342414 -0.58542621
v -0.66416341 -0.97856033 -0.58375579
v -0.66416341 -0.98577315 -0.57770425
v -0.66416341 -0.97070038 -0.58869243
v -0.66416341 -0.97601289 -0.58556420
v -0.66416341 -0.96284044 -0.59230375
v -0.66416341 -0.95498055 -0.59483057
v -0.66416341 -0.95949990 -0.59342414
v -0.66416341 -0.94712061 -0.59636581
v -0.66416341 -0.93926072 -0.59729540
v -0.66416341 -0.93140078 -0.59786761
v -0.66416341 -0.92354083 -0.59821618
v -0.66416341 -0.91568094 -0.59844011
v -0.66416341 -0.90782100 -0.59857064
v -0.66416341 -0.89996111 -0.59864742
v -0.66416341 -0.89210117 -0.59866661
v -0.66416341 -0.88424122 -0.59867674
v -0.66416341 -0.87638134 -0.59871078
v -0.66416341 -0.86852139 -0.59876144
v -0.66416341 -0.86066151 -0.59879988
v -0.66416341 -0.85280156 -0.59878242
v -0.66416341 -0.84494162 -0.59874064
v -0.66416341 -0.83708173 -0.59866410
v -0.66416341 -0.82922179 -0.59859508
v -0.66416341 -0.82136184 -0.59852380
v -0.66416341 -0.81350195 -0.59844208
v -0.66416341 -0.80564201 -0.59837353
v -0.66416341 -0.79778212 -0.59825951
v -0.66416341 -0.78992218 -0.59807229
v -0.66416341 -0.78206223 -0.59800172
v -0.66416341 -0.77420235 -0.59806168
v -0.66416341 -0.76634240 -0.59808499
v -0.66416341 -0.75848252 -0.59806627
v -0.66416341 -0.75062257 -0.59800190
v -0.66416341 -0.74276263 -0.59791005
v -0.66416341 -0.73490274 -0.59778649
v -0.66416341 -0.72704279 -0.59763557
v -0.66416341 -0.71918291 -0.59747726
v -0.66416341 -0.71132296 -0.59729517
v -0.66416341 -0.70346302 -0.59710759
v -0.66416341 -0.69560313 -0.59684789
v -0.66416341 -0.68774319 -0.59657043
v -0.66416341 -0.67988324 -0.59632647
v -0.66416341 -0.67202336 -0.59612018
v -0.66416341 -0.66416341 -0.59586459
v -0.66416341 -0.65630352 -0.59558433
v -0.66416341 -0.64844358 -0.59524679
v -0.66416341 -0.64058363 -0.59482151
v -0.66416341 -0.63272375 -0.59429699
v -0.66416341 -0.62486380 -0.59364790
v -0.66416341 -0.62294078 -0.59342414
v -0.66416341 -0.61700392 -0.59273291
v -0.66416341 -0.60914397 -0.59150857
v -0.66416341 -0.60128403 -0.58926976
v -0.66416341 -0.59346819 -0.58556420
v -0.66416341 -0.59342414 -0.58554405
v -0.65630352 -0.97856033 -0.58379567
v -0.65630352 -0.98577410 -0.57770425
v -0.65630352 -0.97070038 -0.58874154
v -0.65630352 -0.97607630 -0.58556420
v -0.65630352 -0.96284044 -0.59233713
v -0.65630352 -0.95498055 -0.59485912
v -0.65630352 -0.95958531 -0.59342414
v -0.65630352 -0.94712061 -0.59638852
v -0.65630352 -0.93926072 -0.59731698
v -0.65630352 -0.93140078 -0.59787178
v -0.65630352 -0.92354083 -0.59820956
v -0.65630352 -0.91568094 -0.59842122
v -0.65630352 -0.90782100 -0.59854943
v -0.65630352 -0.89996111 -0.59863579
v -0.65630352 -0.89210117 -0.59865129
v -0.65630352 -0.88424122 -0.59867811
v -0.65630352 -0.87638134 -0.59871745
v -0.65630352 -0.86852139 -0.59877753
v -0.65630352 -0.86066151 -0.59881270
v -0.65630352 -0.85280156 -0.59880519
v -0.65630352 -0.84494162 -0.59875792
v -0.65630352 -0.83708173 -0.59868592
v -0.65630352 -0.82922179 -0.59861261
v -0.65630352 -0.82136184 -0.59854209
v -0.65630352 -0.81350195 -0.59846330
v -0.65630352 -0.80564201 -0.59839052
v -0.65630352 -0.79778212 -0.59826547
v -0.65630352 -0.78992218 -0.59808111
v -0.65630352 -0.78206223 -0.59801811
v -0.65630352 -0.77420235 -0.59808332
v -0.65630352 -0.76634240 -0.59811693
v -0.65630352 -0.75848252 -0.59810436
v -0.65630352 -0.75062257 -0.59804463
v -0.65630352 -0.74276263 -0.59795010
v -0.65630352 -0.73490274 -0.59782475
v -0.65630352 -0.72704279 -0.59768718
v -0.65630352 -0.71918291 -0.59752411
v -0.65630352 -0.71132296 -0.59734541
v -0.65630352 -0.70346302 -0.59716707
v -0.65630352 -0.69560313 -0.59692866
v -0.65630352 -0.68774319 -0.59664339
v -0.65630352 -0.67988324 -0.59642684
v -0.65630352 -0.67202336 -0.59621674
v -0.65630352 -0.66416341 -0.59596479
v -0.65630352 -0.65630352 -0.59567899
v -0.65630352 -0.64844358 -0.59534198
v -0.65630352 -0.64058363 -0.59493107
v -0.65630352 -0.63272375 -0.59441793
v -0.65630352 -0.62486380 -0.59379935
v -0.65630352 -0.62154645 -0.59342414
v -0.65630352 -0.61700392 -0.59290785
v -0.65630352 -0.60914397 -0.59168041
v -0.65630352 -0.60128403 -0.58945811
v -0.66318744 -0.59342414 -0.58556420
v -0.65630352 -0.59342414 -0.58571583
v -0.64844358 -0.97856033 -0.58386302
v -0.64844358 -0.98590642 -0.57770425
v -0.64844358 -0.97070038 -0.58876473
v -0.64844358 -0.97616160 -0.58556420
v -0.64844358 -0.96284044 -0.59237367
v -0.64844358 -0.95498055 -0.59488678
v -0.64844358 -0.95967746 -0.59342414
v -0.64844358 -0.94712061 -0.59641004
v -0.64844358 -0.93926072 -0.59731966
v -0.64844358 -0.93140078 -0.59787315
v -0.64844358 -0.92354083 -0.59819281
v -0.64844358 -0.91568094 -0.59839255
v -0.64844358 -0.90782100 -0.59852380
v -0.64844358 -0.89996111 -0.59860694
v -0.64844358 -0.89210117 -0.59863567
v -0.64844358 -0.88424122 -0.59865248
v -0.64844358 -0.87638134 -0.59868973
v -0.64844358 -0.86852139 -0.59875792
v -0.64844358 -0.86066151 -0.59879720
v -0.64844358 -0.85280156 -0.59879881
v -0.64844358 -0.84494162 -0.59875357
v -0.64844358 -0.83708173 -0.59868217
v -0.64844358 -0.82922179 -0.59860581
v -0.64844358 -0.82136184 -0.59853315
v -0.64844358 -0.81350195 -0.59845555
v -0.64844358 -0.80564201 -0.59838110
v -0.64844358 -0.79778212 -0.59825706
v -0.64844358 -0.78992218 -0.59807181
v -0.64844358 -0.78206223 -0.59801072
v -0.64844358 -0.77420235 -0.59808445
v -0.64844358 -0.76634240 -0.59811532
v -0.64844358 -0.75848252 -0.59810752
v -0.64844358 -0.75062257 -0.59805262
v -0.64844358 -0.74276263 -0.59795368
v -0.64844358 -0.73490274 -0.59783423
v -0.64844358 -0.72704279 -0.59768391
v -0.64844358 -0.71918291 -0.59753460
v -0.64844358 -0.71132296 -0.59734827
v -0.64844358 -0.70346302 -0.59718001
v -0.64844358 -0.69560313 -0.59694433
v -0.64844358 -0.68774319 -0.59668636
v -0.64844358 -0.67988324 -0.59646791
v -0.64844358 -0.67202336 -0.59627074
v -0.64844358 -0.66416341 -0.59601545
v -0.64844358 -0.65630352 -0.59572369
v -0.64844358 -0.64844358 -0.59540963
v -0.64844358 -0.64058363 -0.59499454
v -0.64844358 -0.63272375 -0.59449244
v -0.64844358 -0.62486380 -0.59389162
v -0.64844358 -0.62061870 -0.59342414
v -0.64844358 -0.61700392 -0.59302592
v -0.64844358 -0.60914397 -0.59184325
v -0.64844358 -0.60128403 -0.58963543
v -0.64844358 -0.59342414 -0.58592653
v -0.64058363 -0.97856033 -0.58397317
v -0.64058363 -0.98603696 -0.57770425
v -0.64058363 -0.97070038 -0.58883864
v -0.64058363 -0.97633398 -0.58556420
v -0.64058363 -0.96284044 -0.59240890
v -0.64058363 -0.95498055 -0.59492052
v -0.64058363 -0.95978856 -0.59342414
v -0.64058363 -0.94712061 -0.59644568
v -0.64058363 -0.93926072 -0.59736371
v -0.64058363 -0.93140078 -0.59790295
v -0.64058363 -0.92354083 -0.59820658
v -0.64058363 -0.91568094 -0.59840053
v -0.64058363 -0.90782100 -0.59852445
v -0.64058363 -0.89996111 -0.59860039
v -0.64058363 -0.89210117 -0.59864074
v -0.64058363 -0.88424122 -0.59864986
v -0.64058363 -0.87638134 -0.59868598
v -0.64058363 -0.86852139 -0.59874046
v -0.64058363 -0.86066151 -0.59879273
v -0.64058363 -0.85280156 -0.59879446
v -0.64058363 -0.84494162 -0.59875399
v -0.64058363 -0.83708173 -0.59867322
v -0.64058363 -0.82922179 -0.59860027
v -0.64058363 -0.82136184 -0.59853792
v -0.64058363 -0.81350195 -0.59845525
v -0.64058363 -0.80564201 -0.59837592
v -0.64058363 -0.79778212 -0.59827012
v -0.64058363 -0.78992218 -0.59808421
v -0.64058363 -0.78206223 -0.59801459
v -0.64058363 -0.77420235 -0.59808141
v -0.64058363 -0.76634240 -0.59811705
v -0.64058363 -0.75848252 -0.59810042
v -0.64058363 -0.75062257 -0.59803641
v -0.64058363 -0.74276263 -0.59794658
v -0.64058363 -0.73490274 -0.59782177
v -0.64058363 -0.72704279 -0.59768629
v -0.64058363 -0.71918291 -0.59752411
v -0.64058363 -0.71132296 -0.59734142
v -0.64058363 -0.70346302 -0.59717697
v -0.64058363 -0.69560313 -0.59694737
v -0.64058363 -0.68774319 -0.59669286
v -0.64058363 -0.67988324 -0.59647912
v -0.64058363 -0.67202336 -0.59627199
v -0.64058363 -0.66416341 -0.59602326
v -0.64058363 -0.65630352 -0.59574574
v -0.64058363 -0.64844358 -0.59543216
v -0.64058363 -0.64058363 -0.59501576
v -0.64058363 -0.63272375 -0.59452420
v -0.64058363 -0.62486380 -0.59394133
v -0.64058363 -0.61998844 -0.59342414
v -0.64058363 -0.61700392 -0.59310597
v -0.64058363 -0.60914397 -0.59195876
v -0.64058363 -0.60128403 -0.58977479
v -0.64058363 -0.59342414 -0.58609951
v -0.63272375 -0.97856033 -0.58403277
v -0.63272375 -0.98610240 -0.57770425
v -0.63272375 -0.97070038 -0.58888990
v -0.63272375 -0.97646248 -0.58556420
v -0.63272375 -0.96284044 -0.59243929
v -0.63272375 -0.95498055 -0.59494913
v -0.63272375 -0.95987898 -0.59342414
v -0.63272375 -0.94712061 -0.59649396
v -0.63272375 -0.93926072 -0.59741092
v -0.63272375 -0.93140078 -0.59795398
v -0.63272375 -0.92354083 -0.59826010
v -0.63272375 -0.91568094 -0.59844929
v -0.63272375 -0.90782100 -0.59856707
v -0.63272375 -0.89996111 -0.59864843
v -0.63272375 -0.89210117 -0.59867573
v -0.63272375 -0.88424122 -0.59867179
v -0.63272375 -0.87638134 -0.59870410
v -0.63272375 -0.86852139 -0.59876251
v -0.63272375 -0.86066151 -0.59881514
v -0.63272375 -0.85280156 -0.59880787
v -0.63272375 -0.84494162 -0.59876847
v -0.63272375 -0.83708173 -0.59869671
v -0.63272375 -0.82922179 -0.59862369
v -0.63272375 -0.82136184 -0.59854835
v -0.63272375 -0.81350195 -0.59848070
v -0.63272375 -0.80564201 -0.59840477
v -0.63272375 -0.79778212 -0.59829533
v -0.63272375 -0.78992218 -0.59811765
v -0.63272375 -0.78206223 -0.59804881
v -0.63272375 -0.77420235 -0.59810066
v -0.63272375 -0.76634240 -0.59812683
v -0.63272375 -0.75848252 -0.59810162
v -0.63272375 -0.75062257 -0.59804052
v -0.63272375 -0.74276263 -0.59794879
v -0.63272375 -0.73490274 -0.59782010
v -0.63272375 -0.72704279 -0.59767282
v -0.63272375 -0.71918291 -0.59750956
v -0.63272375 -0.71132296 -0.59733850
v -0.63272375 -0.70346302 -0.59715813
v -0.63272375 -0.69560313 -0.59693485
v -0.63272375 -0.68774319 -0.59667909
v -0.63272375 -0.67988324 -0.59647191
v -0.63272375 -0.67202336 -0.59627390
v -0.63272375 -0.66416341 -0.59600759
v -0.63272375 -0.65630352 -0.59573191
v -0.63272375 -0.64844358 -0.59540087
v -0.63272375 -0.64058363 -0.59500158
v -0.63272375 -0.63272375 -0.59451002
v -0.63272375 -0.62486380 -0.59393263
v -0.63272375 -0.62012607 -0.59342414
v -0.63272375 -0.61700392 -0.59308827
v -0.63272375 -0.60914397 -0.59200817
v -0.63272375 -0.60128403 -0.58983165
v -0.63272375 -0.59342414 -0.58622360
v -0.62486380 -0.97856033 -0.58410829
v -0.62486380 -0.98606718 -0.57770425
v -0.62486380 -0.97070038 -0.58892649
v -0.62486380 -0.97657549 -0.58556420
v -0.62486380 -0.96284044 -0.59245515
v -0.62486380 -0.95498055 -0.59500021
v -0.62486380 -0.95996809 -0.59342414
v -0.62486380 -0.94712061 -0.59657675
v -0.62486380 -0.93926072 -0.59750265
v -0.62486380 -0.93140078 -0.59803134
v -0.62486380 -0.92354083 -0.59833902
v -0.62486380 -0.91568094 -0.59852499
v -0.62486380 -0.90782100 -0.59862626
v -0.62486380 -0.89996111 -0.59870315
v -0.62486380 -0.89210117 -0.59873927
v -0.62486380 -0.88424122 -0.59872854
v -0.62486380 -0.87638134 -0.59875417
v -0.62486380 -0.86852139 -0.59879482
v -0.62486380 -0.86066151 -0.59883696
v -0.62486380 -0.85280156 -0.59883237
v -0.62486380 -0.84494162 -0.59879333
v -0.62486380 -0.83708173 -0.59872538
v -0.62486380 -0.82922179 -0.59865236
v -0.62486380 -0.82136184 -0.59857571
v -0.62486380 -0.81350195 -0.59850937
v -0.62486380 -0.80564201 -0.59843618
v -0.62486380 -0.79778212 -0.59832644
v -0.62486380 -0.78992218 -0.59815449
v -0.62486380 -0.78206223 -0.59809262
v -0.62486380 -0.77420235 -0.59812516
v -0.62486380 -0.76634240 -0.59813774
v -0.62486380 -0.75848252 -0.59811318
v -0.62486380 -0.75062257 -0.59805447
v -0.62486380 -0.74276263 -0.59795040
v -0.62486380 -0.73490274 -0.59781343
v -0.62486380 -0.72704279 -0.59766614
v -0.62486380 -0.71918291 -0.59750324
v -0.62486380 -0.71132296 -0.59731901
v -0.62486380 -0.70346302 -0.59714806
v -0.62486380 -0.69560313 -0.59691852
v -0.62486380 -0.68774319 -0.59666657
v -0.62486380 -0.67988324 -0.59646559
v -0.62486380 -0.67202336 -0.59626466
v -0.62486380 -0.66416341 -0.59600890
v -0.62486380 -0.65630352 -0.59573287
v -0.62486380 -0.64844358 -0.59539157
v -0.62486380 -0.64058363 -0.59499377
v -0.62486380 -0.63272375 -0.59450394
v -0.62486380 -0.62486380 -0.59391636
v -0.62486380 -0.62016219 -0.59342414
v -0.62486380 -0.61700392 -0.59309155
v -0.62486380 -0.60914397 -0.59204388
v -0.62486380 -0.60128403 -0.58990037
v -0.62486380 -0.59342414 -0.58628416
v -0.61700392 -0.97856033 -0.58429462
v -0.61700392 -0.98609626 -0.57770425
v -0.61700392 -0.97070038 -0.58909601
v -0.61700392 -0.97682828 -0.58556420
v -0.61700392 -0.96284044 -0.59261316
v -0.61700392 -0.95498055 -0.59513563
v -0.61700392 -0.96043259 -0.59342414
v -0.61700392 -0.94712061 -0.59672099
v -0.61700392 -0.93926072 -0.59764576
v -0.61700392 -0.93140078 -0.59817523
v -0.61700392 -0.92354083 -0.59846991
v -0.61700392 -0.91568094 -0.59864867
v -0.61700392 -0.90782100 -0.59874320
v -0.61700392 -0.89996111 -0.59879327
v -0.61700392 -0.89210117 -0.59882230
v -0.61700392 -0.88424122 -0.59881401
v -0.61700392 -0.87638134 -0.59882057
v -0.61700392 -0.86852139 -0.59885472
v -0.61700392 -0.86066151 -0.59888548
v -0.61700392 -0.85280156 -0.59888136
v -0.61700392 -0.84494162 -0.59883183
v -0.61700392 -0.83708173 -0.59876418
v -0.61700392 -0.82922179 -0.59868485
v -0.61700392 -0.82136184 -0.59860706
v -0.61700392 -0.81350195 -0.59852779
v -0.61700392 -0.80564201 -0.59845716
v -0.61700392 -0.79778212 -0.59835374
v -0.61700392 -0.78992218 -0.59820116
v -0.61700392 -0.78206223 -0.59813648
v -0.61700392 -0.77420235 -0.59815222
v -0.61700392 -0.76634240 -0.59816617
v -0.61700392 -0.75848252 -0.59813464
v -0.61700392 -0.75062257 -0.59806859
v -0.61700392 -0.74276263 -0.59796590
v -0.61700392 -0.73490274 -0.59784013
v -0.61700392 -0.72704279 -0.59768069
v -0.61700392 -0.71918291 -0.59752190
v -0.61700392 -0.71132296 -0.59734237
v -0.61700392 -0.70346302 -0.59716469
v -0.61700392 -0.69560313 -0.59694958
v -0.61700392 -0.68774319 -0.59671187
v -0.61700392 -0.67988324 -0.59651178
v -0.61700392 -0.67202336 -0.59631664
v -0.61700392 -0.66416341 -0.59606236
v -0.61700392 -0.65630352 -0.59577841
v -0.61700392 -0.64844358 -0.59545690
v -0.61700392 -0.64058363 -0.59507197
v -0.61700392 -0.63272375 -0.59459013
v -0.61700392 -0.62486380 -0.59401017
v -0.61700392 -0.61941040 -0.59342414
v -0.61700392 -0.61700392 -0.59316194
v -0.61700392 -0.60914397 -0.59214538
v -0.61700392 -0.60128403 -0.59004438
v -0.61700392 -0.59342414 -0.58644688
v -0.60914397 -0.97856033 -0.58456290
v -0.60914397 -0.98626339 -0.57770425
v -0.60914397 -0.97070038 -0.58932656
v -0.60914397 -0.97716945 -0.58556420
v -0.60914397 -0.96284044 -0.59279823
v -0.60914397 -0.95498055 -0.59529018
v -0.60914397 -0.96096289 -0.59342414
v -0.60914397 -0.94712061 -0.59686285
v -0.60914397 -0.93926072 -0.59777737
v -0.60914397 -0.93140078 -0.59830135
v -0.60914397 -0.92354083 -0.59858280
v -0.60914397 -0.91568094 -0.59873694
v -0.60914397 -0.90782100 -0.59881842
v -0.60914397 -0.89996111 -0.59886038
v -0.60914397 -0.89210117 -0.59887773
v -0.60914397 -0.88424122 -0.59886974
v -0.60914397 -0.87638134 -0.59887516
v -0.60914397 -0.86852139 -0.59889895
v -0.60914397 -0.86066151 -0.59892744
v -0.60914397 -0.85280156 -0.59891343
v -0.60914397 -0.84494162 -0.59887058
v -0.60914397 -0.83708173 -0.59879750
v -0.60914397 -0.82922179 -0.59872109
v -0.60914397 -0.82136184 -0.59864461
v -0.60914397 -0.81350195 -0.59853995
v -0.60914397 -0.80564201 -0.59847343
v -0.60914397 -0.79778212 -0.59837323
v -0.60914397 -0.78992218 -0.59823817
v -0.60914397 -0.78206223 -0.59817320
v -0.60914397 -0.77420235 -0.59820026
v -0.60914397 -0.76634240 -0.59819829
v -0.60914397 -0.75848252 -0.59816611
v -0.60914397 -0.75062257 -0.59810406
v -0.60914397 -0.74276263 -0.59801167
v -0.60914397 -0.73490274 -0.59788233
v -0.60914397 -0.72704279 -0.59773248
v -0.60914397 -0.71918291 -0.59755927
v -0.60914397 -0.71132296 -0.59737831
v -0.60914397 -0.70346302 -0.59721011
v -0.60914397 -0.69560313 -0.59701061
v -0.60914397 -0.68774319 -0.59679103
v -0.60914397 -0.67988324 -0.59659690
v -0.60914397 -0.67202336 -0.59639180
v -0.60914397 -0.66416341 -0.59614033
v -0.60914397 -0.65630352 -0.59587145
v -0.60914397 -0.64844358 -0.59556878
v -0.60914397 -0.64058363 -0.59519464
v -0.60914397 -0.63272375 -0.59474230
v -0.60914397 -0.62486380 -0.59416908
v -0.60914397 -0.61777627 -0.59342414
v -0.60914397 -0.61700392 -0.59334105
v -0.60914397 -0.60914397 -0.59235471
v -0.60914397 -0.60128403 -0.59031171
v -0.60914397 -0.59342414 -0.58677536
v -0.60128403 -0.97856033 -0.58475405
v -0.60128403 -0.98639286 -0.57770425
v -0.60128403 -0.97070038 -0.58946365
v -0.60128403 -0.97743607 -0.58556420
v -0.60128403 -0.96284044 -0.59290302
v -0.60128403 -0.95498055 -0.59537882
v -0.60128403 -0.96126783 -0.59342414
v -0.60128403 -0.94712061 -0.59694403
v -0.60128403 -0.93926072 -0.59784365
v -0.60128403 -0.93140078 -0.59835953
v -0.60128403 -0.92354083 -0.59863490
v -0.60128403 -0.91568094 -0.59879702
v -0.60128403 -0.90782100 -0.59884930
v -0.60128403 -0.89996111 -0.59888351
v -0.60128403 -0.89210117 -0.59889972
v -0.60128403 -0.88424122 -0.59889174
v -0.60128403 -0.87638134 -0.59889305
v -0.60128403 -0.86852139 -0.59891874
v -0.60128403 -0.86066151 -0.59894896
v -0.60128403 -0.85280156 -0.59892470
v -0.60128403 -0.84494162 -0.59888357
v -0.60128403 -0.83708173 -0.59881324
v -0.60128403 -0.82922179 -0.59873527
v -0.60128403 -0.82136184 -0.59865373
v -0.60128403 -0.81350195 -0.59856576
v -0.60128403 -0.80564201 -0.59848899
v -0.60128403 -0.79778212 -0.59840417
v -0.60128403 -0.78992218 -0.59827256
v -0.60128403 -0.78206223 -0.59820634
v -0.60128403 -0.77420235 -0.59822440
v -0.60128403 -0.76634240 -0.59823292
v -0.60128403 -0.75848252 -0.59820235
v -0.60128403 -0.75062257 -0.59813082
v -0.60128403 -0.74276263 -0.59804648
v -0.60128403 -0.73490274 -0.59790611
v -0.60128403 -0.72704279 -0.59776092
v -0.60128403 -0.71918291 -0.59759390
v -0.60128403 -0.71132296 -0.59740925
v -0.60128403 -0.70346302 -0.59724665
v -0.60128403 -0.69560313 -0.59705925
v -0.60128403 -0.68774319 -0.59683925
v -0.60128403 -0.67988324 -0.59665418
v -0.60128403 -0.67202336 -0.59645253
v -0.60128403 -0.66416341 -0.59619194
v -0.60128403 -0.65630352 -0.59593022
v -0.60128403 -0.64844358 -0.59563178
v -0.60128403 -0.64058363 -0.59528166
v -0.60128403 -0.63272375 -0.59484690
v -0.60128403 -0.62486380 -0.59429222
v -0.60497594 -0.61700392 -0.59342414
v -0.60128403 -0.61700392 -0.59349769
v -0.60128403 -0.61637962 -0.59342414
v -0.60128403 -0.60914397 -0.59256172
v -0.60128403 -0.60128403 -0.59064901
v -0.60128403 -0.59342414 -0.58721048
v -0.59342414 -0.97856033 -0.58474737
v -0.59342414 -0.98638493 -0.57770425
v -0.59342414 -0.97070038 -0.58948731
v -0.59342414 -0.97744054 -0.58556420
v -0.59342414 -0.96284044 -0.59291881
v -0.59342414 -0.95498055 -0.59538460
v -0.59342414 -0.96131009 -0.59342414
v -0.59342414 -0.94712061 -0.59695709
v -0.59342414 -0.93926072 -0.59785891
v -0.59342414 -0.93140078 -0.59837073
v -0.59342414 -0.92354083 -0.59863871
v -0.59342414 -0.91568094 -0.59879571
v -0.59342414 -0.90782100 -0.59885079
v -0.59342414 -0.89996111 -0.59889072
v -0.59342414 -0.89210117 -0.59890413
v -0.59342414 -0.88424122 -0.59888154
v -0.59342414 -0.87638134 -0.59889191
v -0.59342414 -0.86852139 -0.59891140
v -0.59342414 -0.86066151 -0.59894121
v -0.59342414 -0.85280156 -0.59892511
v -0.59342414 -0.84494162 -0.59888750
v -0.59342414 -0.83708173 -0.59881192
v -0.59342414 -0.82922179 -0.59874314
v -0.59342414 -0.82136184 -0.59866273
v -0.59342414 -0.81350195 -0.59856814
v -0.59342414 -0.80564201 -0.59850192
v -0.59342414 -0.79778212 -0.59841204
v -0.59342414 -0.78992218 -0.59828168
v -0.59342414 -0.78206223 -0.59822750
v -0.59342414 -0.77420235 -0.59823698
v -0.59342414 -0.76634240 -0.59823382
v -0.59342414 -0.75848252 -0.59820437
v -0.59342414 -0.75062257 -0.59814239
v -0.59342414 -0.74276263 -0.59804034
v -0.59342414 -0.73490274 -0.59791660
v -0.59342414 -0.72704279 -0.59776717
v -0.59342414 -0.71918291 -0.59759653
v -0.59342414 -0.71132296 -0.59741884
v -0.59342414 -0.70346302 -0.59725541
v -0.59342414 -0.69560313 -0.59706807
v -0.59342414 -0.68774319 -0.59685206
v -0.59342414 -0.67988324 -0.59666377
v -0.59342414 -0.67202336 -0.59646893
v -0.59342414 -0.66416341 -0.59620303
v -0.59342414 -0.65630352 -0.59594470
v -0.59342414 -0.64844358 -0.59565818
v -0.59342414 -0.64058363 -0.59531122
v -0.59342414 -0.63272375 -0.59488612
v -0.59342414 -0.62486380 -0.59435332
v -0.59342414 -0.61700392 -0.59358150
v -0.59342414 -0.61559439 -0.59342414
v -0.59342414 -0.60914397 -0.59269172
v -0.59342414 -0.60128403 -0.59090400
v -0.59342414 -0.59342414 -0.58759725
v -0.58556420 -0.97856033 -0.58462054
v -0.58556420 -0.98621744 -0.57770425
v -0.58556420 -0.97070038 -0.58939290
v -0.58556420 -0.97730589 -0.58556420
v -0.58556420 -0.96284044 -0.59285843
v -0.58556420 -0.95498055 -0.59535521
v -0.58556420 -0.96114457 -0.59342414
v -0.58556420 -0.94712061 -0.59693545
v -0.58556420 -0.93926072 -0.59782630
v -0.58556420 -0.93140078 -0.59833705
v -0.58556420 -0.92354083 -0.59863222
v -0.58556420 -0.91568094 -0.59877539
v -0.58556420 -0.90782100 -0.59884173
v -0.58556420 -0.89996111 -0.59887898
v -0.58556420 -0.89210117 -0.59889454
v -0.58556420 -0.88424122 -0.59888154
v -0.58556420 -0.87638134 -0.59888172
v -0.58556420 -0.86852139 -0.59890598
v -0.58556420 -0.86066151 -0.59892297
v -0.58556420 -0.85280156 -0.59892118
v -0.58556420 -0.84494162 -0.59888077
v -0.58556420 -0.83708173 -0.59881711
v -0.58556420 -0.82922179 -0.59874183
v -0.58556420 -0.82136184 -0.59866148
v -0.58556420 -0.81350195 -0.59857094
v -0.58556420 -0.80564201 -0.59850711
v -0.58556420 -0.79778212 -0.59841877
v -0.58556420 -0.78992218 -0.59829742
v -0.58556420 -0.78206223 -0.59823549
v -0.58556420 -0.77420235 -0.59823215
v -0.58556420 -0.76634240 -0.59823322
v -0.58556420 -0.75848252 -0.59819275
v -0.58556420 -0.75062257 -0.59814006
v -0.58556420 -0.74276263 -0.59803540
v -0.58556420 -0.73490274 -0.59790665
v -0.58556420 -0.72704279 -0.59775984
v -0.58556420 -0.71918291 -0.59758592
v -0.58556420 -0.71132296 -0.59740442
v -0.58556420 -0.70346302 -0.59724557
v -0.58556420 -0.69560313 -0.59705824
v -0.58556420 -0.68774319 -0.59685028
v -0.58556420 -0.67988324 -0.59666216
v -0.58556420 -0.67202336 -0.59645581
v -0.58556420 -0.66416341 -0.59620059
v -0.58556420 -0.65630352 -0.59594196
v -0.58556420 -0.64844358 -0.59565240
v -0.58556420 -0.64058363 -0.59531307
v -0.58556420 -0.63272375 -0.59489977
v -0.58556420 -0.62486380 -0.59435970
v -0.58556420 -0.61700392 -0.59360474
v -0.58556420 -0.61532599 -0.59342414
v -0.58556420 -0.60914397 -0.59274530
v -0.58556420 -0.60128403 -0.59102333
v -0.58556420 -0.59342414 -0.58780396
v -0.57770425 -0.97856033 -0.58431333
v -0.57770425 -0.98579687 -0.57770425
v -0.57770425 -0.97070038 -0.58921540
v -0.57770425 -0.97695637 -0.58556420
v -0.57770425 -0.96284044 -0.59275091
v -0.57770425 -0.95498055 -0.59527087
v -0.57770425 -0.96083373 -0.59342414
v -0.57770425 -0.94712061 -0.59685564
v -0.57770425 -0.93926072 -0.59775746
v -0.57770425 -0.93140078 -0.59827203
v -0.57770425 -0.92354083 -0.59857780
v -0.57770425 -0.91568094 -0.59873706
v -0.57770425 -0.90782100 -0.59881610
v -0.57770425 -0.89996111 -0.59886605
v -0.57770425 -0.89210117 -0.59888703
v -0.57770425 -0.88424122 -0.59887826
v -0.57770425 -0.87638134 -0.59887654
v -0.57770425 -0.86852139 -0.59889847
v -0.57770425 -0.86066151 -0.59891754
v -0.57770425 -0.85280156 -0.59890234
v -0.57770425 -0.84494162 -0.59886903
v -0.57770425 -0.83708173 -0.59880888
v -0.57770425 -0.82922179 -0.59874433
v -0.57770425 -0.82136184 -0.59866017
v -0.57770425 -0.81350195 -0.59857732
v -0.57770425 -0.80564201 -0.59851247
v -0.57770425 -0.79778212 -0.59842449
v -0.57770425 -0.78992218 -0.59830976
v -0.57770425 -0.78206223 -0.59824979
v -0.57770425 -0.77420235 -0.59824657
v -0.57770425 -0.76634240 -0.59822786
v -0.57770425 -0.75848252 -0.59818888
v -0.57770425 -0.75062257 -0.59812969
v -0.57770425 -0.74276263 -0.59802723
v -0.57770425 -0.73490274 -0.59789842
v -0.57770425 -0.72704279 -0.59773803
v -0.57770425 -0.71918291 -0.59757453
v -0.57770425 -0.71132296 -0.59738708
v -0.57770425 -0.70346302 -0.59722906
v -0.57770425 -0.69560313 -0.59704655
v -0.57770425 -0.68774319 -0.59684473
v -0.57770425 -0.67988324 -0.59664708
v -0.57770425 -0.67202336 -0.59644210
v -0.57770425 -0.66416341 -0.59618521
v -0.57770425 -0.65630352 -0.59592783
v -0.57770425 -0.64844358 -0.59564191
v -0.57770425 -0.64058363 -0.59529996
v -0.57770425 -0.63272375 -0.59489042
v -0.57770425 -0.62486380 -0.59434497
v -0.57770425 -0.61700392 -0.59358603
v -0.57770425 -0.61546522 -0.59342414
v -0.57770425 -0.60914397 -0.59274423
v -0.57770425 -0.60128403 -0.59104234
v -0.57770425 -0.59342414 -0.58787495
v -0.56984437 -0.97856033 -0.58397704
v -0.56984437 -0.98534888 -0.57770425
v -0.56984437 -0.97070038 -0.58901072
v -0.56984437 -0.97655141 -0.58556420
v -0.56984437 -0.96284044 -0.59262884
v -0.56984437 -0.95498055 -0.59518188
v -0.56984437 -0.96050948 -0.59342414
v -0.56984437 -0.94712061 -0.59676933
v -0.56984437 -0.93926072 -0.59767717
v -0.56984437 -0.93140078 -0.59821677
v -0.56984437 -0.92354083 -0.59851724
v -0.56984437 -0.91568094 -0.59869856
v -0.56984437 -0.90782100 -0.59878492
v -0.56984437 -0.89996111 -0.59884626
v -0.56984437 -0.89210117 -0.59887224
v -0.56984437 -0.88424122 -0.59887707
v -0.56984437 -0.87638134 -0.59887093
v -0.56984437 -0.86852139 -0.59888369
v -0.56984437 -0.86066151 -0.59889930
v -0.56984437 -0.85280156 -0.59889174
v -0.56984437 -0.84494162 -0.59885442
v -0.56984437 -0.83708173 -0.59880126
v -0.56984437 -0.82922179 -0.59873384
v -0.56984437 -0.82136184 -0.59865630
v -0.56984437 -0.81350195 -0.59857607
v -0.56984437 -0.80564201 -0.59850484
v -0.56984437 -0.79778212 -0.59842628
v -0.56984437 -0.78992218 -0.59831083
v -0.56984437 -0.78206223 -0.59825164
v -0.56984437 -0.77420235 -0.59824270
v -0.56984437 -0.76634240 -0.59822136
v -0.56984437 -0.75848252 -0.59818256
v -0.56984437 -0.75062257 -0.59811771
v -0.56984437 -0.74276263 -0.59801900
v -0.56984437 -0.73490274 -0.59788579
v -0.56984437 -0.72704279 -0.59772962
v -0.56984437 -0.71918291 -0.59756726
v -0.56984437 -0.71132296 -0.59738314
v -0.56984437 -0.70346302 -0.59722292
v -0.56984437 -0.69560313 -0.59704685
v -0.56984437 -0.68774319 -0.59684426
v -0.56984437 -0.67988324 -0.59665734
v -0.56984437 -0.67202336 -0.59644896
v -0.56984437 -0.66416341 -0.59619135
v -0.56984437 -0.65630352 -0.59591997
v -0.56984437 -0.64844358 -0.59563529
v -0.56984437 -0.64058363 -0.59528446
v -0.56984437 -0.63272375 -0.59487402
v -0.56984437 -0.62486380 -0.59433728
v -0.56984437 -0.61700392 -0.59358507
v -0.56984437 -0.61546451 -0.59342414
v -0.56984437 -0.60914397 -0.59274560
v -0.56984437 -0.60128403 -0.59105241
v -0.56984437 -0.59342414 -0.58789974
v -0.56198442 -0.97856033 -0.58371162
v -0.56198442 -0.98503405 -0.57770425
v -0.56198442 -0.97070038 -0.58879375
v -0.56198442 -0.97617269 -0.58556420
v -0.56198442 -0.96284044 -0.59244901
v -0.56198442 -0.95498055 -0.59503001
v -0.56198442 -0.96001279 -0.59342414
v -0.56198442 -0.94712061 -0.59664524
v -0.56198442 -0.93926072 -0.59758216
v -0.56198442 -0.93140078 -0.59812611
v -0.56198442 -0.92354083 -0.59843385
v -0.56198442 -0.91568094 -0.59862959
v -0.56198442 -0.90782100 -0.59872061
v -0.56198442 -0.89996111 -0.59879518
v -0.56198442 -0.89210117 -0.59883946
v -0.56198442 -0.88424122 -0.59882975
v -0.56198442 -0.87638134 -0.59883285
v -0.56198442 -0.86852139 -0.59885329
v -0.56198442 -0.86066151 -0.59886724
v -0.56198442 -0.85280156 -0.59885859
v -0.56198442 -0.84494162 -0.59881943
v -0.56198442 -0.83708173 -0.59877139
v -0.56198442 -0.82922179 -0.59870672
v -0.56198442 -0.82136184 -0.59862918
v -0.56198442 -0.81350195 -0.59855014
v -0.56198442 -0.80564201 -0.59847623
v -0.56198442 -0.79778212 -0.59840226
v -0.56198442 -0.78992218 -0.59828484
v -0.56198442 -0.78206223 -0.59822416
v -0.56198442 -0.77420235 -0.59821504
v -0.56198442 -0.76634240 -0.59819984
v -0.56198442 -0.75848252 -0.59815592
v -0.56198442 -0.75062257 -0.59808755
v -0.56198442 -0.74276263 -0.59798932
v -0.56198442 -0.73490274 -0.59786433
v -0.56198442 -0.72704279 -0.59770781
v -0.56198442 -0.71918291 -0.59753710
v -0.56198442 -0.71132296 -0.59736383
v -0.56198442 -0.70346302 -0.59720176
v -0.56198442 -0.69560313 -0.59702927
v -0.56198442 -0.68774319 -0.59683871
v -0.56198442 -0.67988324 -0.59664506
v -0.56198442 -0.67202336 -0.59643972
v -0.56198442 -0.66416341 -0.59617454
v -0.56198442 -0.65630352 -0.59591365
v -0.56198442 -0.64844358 -0.59561729
v -0.56198442 -0.64058363 -0.59527987
v -0.56198442 -0.63272375 -0.59486318
v -0.56198442 -0.62486380 -0.59432858
v -0.56198442 -0.61700392 -0.59359020
v -0.56198442 -0.61541075 -0.59342414
v -0.56198442 -0.60914397 -0.59274828
v -0.56198442 -0.60128403 -0.59102762
v -0.56198442 -0.59342414 -0.58785784
v -0.55412453 -0.97856033 -0.58341974
v -0.55412453 -0.98470986 -0.57770425
v -0.55412453 -0.97070038 -0.58846873
v -0.55412453 -0.97568262 -0.58556420
v -0.55412453 -0.96284044 -0.59218520
v -0.55412453 -0.95498055 -0.59481144
v -0.55412453 -0.95929307 -0.59342414
v -0.55412453 -0.94712061 -0.59644538
v -0.55412453 -0.93926072 -0.59742981
v -0.55412453 -0.93140078 -0.59799421
v -0.55412453 -0.92354083 -0.59830242
v -0.55412453 -0.91568094 -0.59849817
v -0.55412453 -0.90782100 -0.59861737
v -0.55412453 -0.89996111 -0.59869385
v -0.55412453 -0.89210117 -0.59875548
v -0.55412453 -0.88424122 -0.59875780
v -0.55412453 -0.87638134 -0.59876966
v -0.55412453 -0.86852139 -0.59878713
v -0.55412453 -0.86066151 -0.59879673
v -0.55412453 -0.85280156 -0.59879827
v -0.55412453 -0.84494162 -0.59875774
v -0.55412453 -0.83708173 -0.59870559
v -0.55412453 -0.82922179 -0.59864849
v -0.55412453 -0.82136184 -0.59857327
v -0.55412453 -0.81350195 -0.59849417
v -0.55412453 -0.80564201 -0.59843016
v -0.55412453 -0.79778212 -0.59834832
v -0.55412453 -0.78992218 -0.59823549
v -0.55412453 -0.78206223 -0.59817910
v -0.55412453 -0.77420235 -0.59816313
v -0.55412453 -0.76634240 -0.59814590
v -0.55412453 -0.75848252 -0.59809625
v -0.55412453 -0.75062257 -0.59803236
v -0.55412453 -0.74276263 -0.59794259
v -0.55412453 -0.73490274 -0.59780943
v -0.55412453 -0.72704279 -0.59766489
v -0.55412453 -0.71918291 -0.59750092
v -0.55412453 -0.71132296 -0.59732687
v -0.55412453 -0.70346302 -0.59717321
v -0.55412453 -0.69560313 -0.59699506
v -0.55412453 -0.68774319 -0.59680372
v -0.55412453 -0.67988324 -0.59662169
v -0.55412453 -0.67202336 -0.59641111
v -0.55412453 -0.66416341 -0.59615791
v -0.55412453 -0.65630352 -0.59589148
v -0.55412453 -0.64844358 -0.59560227
v -0.55412453 -0.64058363 -0.59526795
v -0.55412453 -0.63272375 -0.59483886
v -0.55412453 -0.62486380 -0.59431863
v -0.55412453 -0.61700392 -0.59358919
v -0.55412453 -0.61542809 -0.59342414
v -0.55412453 -0.60914397 -0.59274077
v -0.55412453 -0.60128403 -0.59093171
v -0.55412453 -0.59342414 -0.58769584
v -0.54626459 -0.97856033 -0.58305311
v -0.54626459 -0.98429430 -0.57770425
v -0.54626459 -0.97070038 -0.58813322
v -0.54626459 -0.97513580 -0.58556420
v -0.54626459 -0.96284044 -0.59190565
v -0.54626459 -0.95498055 -0.59458321
v -0.54626459 -0.95855010 -0.59342414
v -0.54626459 -0.94712061 -0.59623772
v -0.54626459 -0.93926072 -0.59725004
v -0.54626459 -0.93140078 -0.59782571
v -0.54626459 -0.92354083 -0.59815162
v -0.54626459 -0.91568094 -0.59835917
v -0.54626459 -0.90782100 -0.59851009
v -0.54626459 -0.89996111 -0.59861064
v -0.54626459 -0.89210117 -0.59867704
v -0.54626459 -0.88424122 -0.59869510
v -0.54626459 -0.87638134 -0.59870166
v -0.54626459 -0.86852139 -0.59872270
v -0.54626459 -0.86066151 -0.59875047
v -0.54626459 -0.85280156 -0.59874785
v -0.54626459 -0.84494162 -0.59871644
v -0.54626459 -0.83708173 -0.59866536
v -0.54626459 -0.82922179 -0.59860402
v -0.54626459 -0.82136184 -0.59854013
v -0.54626459 -0.81350195 -0.59846622
v -0.54626459 -0.80564201 -0.59840149
v -0.54626459 -0.79778212 -0.59832060
v -0.54626459 -0.78992218 -0.59820223
v -0.54626459 -0.78206223 -0.59813809
v -0.54626459 -0.77420235 -0.59812713
v -0.54626459 -0.76634240 -0.59810489
v -0.54626459 -0.75848252 -0.59806842
v -0.54626459 -0.75062257 -0.59799433
v -0.54626459 -0.74276263 -0.59789610
v -0.54626459 -0.73490274 -0.59777004
v -0.54626459 -0.72704279 -0.59761554
v -0.54626459 -0.71918291 -0.59746403
v -0.54626459 -0.71132296 -0.59729165
v -0.54626459 -0.70346302 -0.59714001
v -0.54626459 -0.69560313 -0.59696913
v -0.54626459 -0.68774319 -0.59675694
v -0.54626459 -0.67988324 -0.59657741
v -0.54626459 -0.67202336 -0.59636819
v -0.54626459 -0.66416341 -0.59612322
v -0.54626459 -0.65630352 -0.59586018
v -0.54626459 -0.64844358 -0.59557796
v -0.54626459 -0.64058363 -0.59523541
v -0.54626459 -0.63272375 -0.59481883
v -0.54626459 -0.62486380 -0.59428877
v -0.54626459 -0.61700392 -0.59356350
v -0.54626459 -0.61572009 -0.59342414
v -0.54626459 -0.60914397 -0.59267795
v -0.54626459 -0.60128403 -0.59080267
v -0.54626459 -0.59342414 -0.58748013
v -0.53840464 -0.97856033 -0.58261770
v -0.53840464 -0.98385143 -0.57770425
v -0.53840464 -0.97070038 -0.58779842
v -0.53840464 -0.97454983 -0.58556420
v -0.53840464 -0.96284044 -0.59163284
v -0.53840464 -0.95498055 -0.59439582
v -0.53840464 -0.95788985 -0.59342414
v -0.53840464 -0.94712061 -0.59607840
v -0.53840464 -0.93926072 -0.59712142
v -0.53840464 -0.93140078 -0.59772533
v -0.53840464 -0.92354083 -0.59807211
v -0.53840464 -0.91568094 -0.59830540
v -0.53840464 -0.90782100 -0.59846669
v -0.53840464 -0.89996111 -0.59859234
v -0.53840464 -0.89210117 -0.59867579
v -0.53840464 -0.88424122 -0.59869123
v -0.53840464 -0.87638134 -0.59870303
v -0.53840464 -0.86852139 -0.59873718
v -0.53840464 -0.86066151 -0.59876502
v -0.53840464 -0.85280156 -0.59875834
v -0.53840464 -0.84494162 -0.59872806
v -0.53840464 -0.83708173 -0.59868234
v -0.53840464 -0.82922179 -0.59861976
v -0.53840464 -0.82136184 -0.59856004
v -0.53840464 -0.81350195 -0.59849316
v -0.53840464 -0.80564201 -0.59842646
v -0.53840464 -0.79778212 -0.59834933
v -0.53840464 -0.78992218 -0.59823298
v -0.53840464 -0.78206223 -0.59817684
v -0.53840464 -0.77420235 -0.59815186
v -0.53840464 -0.76634240 -0.59812874
v -0.53840464 -0.75848252 -0.59808159
v -0.53840464 -0.75062257 -0.59801090
v -0.53840464 -0.74276263 -0.59790999
v -0.53840464 -0.73490274 -0.59777975
v -0.53840464 -0.72704279 -0.59762931
v -0.53840464 -0.71918291 -0.59748083
v -0.53840464 -0.71132296 -0.59730625
v -0.53840464 -0.70346302 -0.59714580
v -0.53840464 -0.69560313 -0.59696734
v -0.53840464 -0.68774319 -0.59677202
v -0.53840464 -0.67988324 -0.59658605
v -0.53840464 -0.67202336 -0.59637964
v -0.53840464 -0.66416341 -0.59612346
v -0.53840464 -0.65630352 -0.59587133
v -0.53840464 -0.64844358 -0.59557837
v -0.53840464 -0.64058363 -0.59524333
v -0.53840464 -0.63272375 -0.59481508
v -0.53840464 -0.62486380 -0.59428793
v -0.53840464 -0.61700392 -0.59352154
v -0.53840464 -0.61615163 -0.59342414
v -0.53840464 -0.60914397 -0.59258997
v -0.53840464 -0.60128403 -0.59064192
v -0.53840464 -0.59342414 -0.58722681
v -0.53054476 -0.97856033 -0.58210367
v -0.53054476 -0.98330092 -0.57770425
v -0.53054476 -0.97070038 -0.58743244
v -0.53054476 -0.97388178 -0.58556420
v -0.53054476 -0.96284044 -0.59133220
v -0.53054476 -0.95498055 -0.59419829
v -0.53054476 -0.95722580 -0.59342414
v -0.53054476 -0.94712061 -0.59595573
v -0.53054476 -0.93926072 -0.59702981
v -0.53054476 -0.93140078 -0.59766215
v -0.53054476 -0.92354083 -0.59804374
v -0.53054476 -0.91568094 -0.59830469
v -0.53054476 -0.90782100 -0.59848380
v -0.53054476 -0.89996111 -0.59861451
v -0.53054476 -0.89210117 -0.59869772
v -0.53054476 -0.88424122 -0.59872609
v -0.53054476 -0.87638134 -0.59874558
v -0.53054476 -0.86852139 -0.59877217
v -0.53054476 -0.86066151 -0.59879869
v -0.53054476 -0.85280156 -0.59880000
v -0.53054476 -0.84494162 -0.59877598
v -0.53054476 -0.83708173 -0.59872776
v -0.53054476 -0.82922179 -0.59867054
v -0.53054476 -0.82136184 -0.59861088
v -0.53054476 -0.81350195 -0.59854460
v -0.53054476 -0.80564201 -0.59847641
v -0.53054476 -0.79778212 -0.59839571
v -0.53054476 -0.78992218 -0.59828323
v -0.53054476 -0.78206223 -0.59821302
v -0.53054476 -0.77420235 -0.59819257
v -0.53054476 -0.76634240 -0.59816039
v -0.53054476 -0.75848252 -0.59813154
v -0.53054476 -0.75062257 -0.59805673
v -0.53054476 -0.74276263 -0.59794700
v -0.53054476 -0.73490274 -0.59781730
v -0.53054476 -0.72704279 -0.59767044
v -0.53054476 -0.71918291 -0.59751058
v -0.53054476 -0.71132296 -0.59733260
v -0.53054476 -0.70346302 -0.59717625
v -0.53054476 -0.69560313 -0.59699005
v -0.53054476 -0.68774319 -0.59679210
v -0.53054476 -0.67988324 -0.59660900
v -0.53054476 -0.67202336 -0.59640253
v -0.53054476 -0.66416341 -0.59614962
v -0.53054476 -0.65630352 -0.59589595
v -0.53054476 -0.64844358 -0.59561586
v -0.53054476 -0.64058363 -0.59525722
v -0.53054476 -0.63272375 -0.59483278
v -0.53054476 -0.62486380 -0.59428746
v -0.53054476 -0.61700392 -0.59348661
v -0.53054476 -0.61649173 -0.59342414
v -0.53054476 -0.60914397 -0.59249580
v -0.53054476 -0.60128403 -0.59048462
v -0.53054476 -0.59342414 -0.58695769
v -0.52268481 -0.97856033 -0.58169824
v -0.52268481 -0.98286736 -0.57770425
v -0.52268481 -0.97070038 -0.58710098
v -0.52268481 -0.97331095 -0.58556420
v -0.52268481 -0.96284044 -0.59106708
v -0.52268481 -0.95498055 -0.59398806
v -0.52268481 -0.95659268 -0.59342414
v -0.52268481 -0.94712061 -0.59581459
v -0.52268481 -0.93926072 -0.59694326
v -0.52268481 -0.93140078 -0.59761250
v -0.52268481 -0.92354083 -0.59802336
v -0.52268481 -0.91568094 -0.59830457
v -0.52268481 -0.90782100 -0.59849113
v -0.52268481 -0.89996111 -0.59864199
v -0.52268481 -0.89210117 -0.59872729
v -0.52268481 -0.88424122 -0.59875941
v -0.52268481 -0.87638134 -0.59876871
v -0.52268481 -0.86852139 -0.59880185
v -0.52268481 -0.86066151 -0.59882963
v -0.52268481 -0.85280156 -0.59883463
v -0.52268481 -0.84494162 -0.59880710
v -0.52268481 -0.83708173 -0.59874952
v -0.52268481 -0.82922179 -0.59870291
v -0.52268481 -0.82136184 -0.59864593
v -0.52268481 -0.81350195 -0.59857190
v -0.52268481 -0.80564201 -0.59850156
v -0.52268481 -0.79778212 -0.59842271
v -0.52268481 -0.78992218 -0.59831315
v -0.52268481 -0.78206223 -0.59823859
v -0.52268481 -0.77420235 -0.59821641
v -0.52268481 -0.76634240 -0.59818882
v -0.52268481 -0.75848252 -0.59815407
v -0.52268481 -0.75062257 -0.59807086
v -0.52268481 -0.74276263 -0.59796572
v -0.52268481 -0.73490274 -0.59783822
v -0.52268481 -0.72704279 -0.59768742
v -0.52268481 -0.71918291 -0.59752953
v -0.52268481 -0.71132296 -0.59735310
v -0.52268481 -0.70346302 -0.59718442
v -0.52268481 -0.69560313 -0.59701067
v -0.52268481 -0.68774319 -0.59680104
v -0.52268481 -0.67988324 -0.59660912
v -0.52268481 -0.67202336 -0.59641153
v -0.52268481 -0.66416341 -0.59616786
v -0.52268481 -0.65630352 -0.59592199
v -0.52268481 -0.64844358 -0.59563750
v -0.52268481 -0.64058363 -0.59527975
v -0.52268481 -0.63272375 -0.59484231
v -0.52268481 -0.62486380 -0.59429312
v -0.52268481 -0.61700392 -0.59346128
v -0.52268481 -0.61670786 -0.59342414
v -0.52268481 -0.60914397 -0.59243798
v -0.52268481 -0.60128403 -0.59031761
v -0.52268481 -0.59342414 -0.58666700
v -0.51482493 -0.97856033 -0.58154398
v -0.51482493 -0.98268086 -0.57770425
v -0.51482493 -0.97070038 -0.58690703
v -0.51482493 -0.97299528 -0.58556420
v -0.51482493 -0.96284044 -0.59087068
v -0.51482493 -0.95498055 -0.59383351
v -0.51482493 -0.95613110 -0.59342414
v -0.51482493 -0.94712061 -0.59571791
v -0.51482493 -0.93926072 -0.59686804
v -0.51482493 -0.93140078 -0.59757358
v -0.51482493 -0.92354083 -0.59800059
v -0.51482493 -0.91568094 -0.59829938
v -0.51482493 -0.90782100 -0.59850305
v -0.51482493 -0.89996111 -0.59864199
v -0.51482493 -0.89210117 -0.59872979
v -0.51482493 -0.88424122 -0.59876323
v -0.51482493 -0.87638134 -0.59877497
v -0.51482493 -0.86852139 -0.59880513
v -0.51482493 -0.86066151 -0.59883171
v -0.51482493 -0.85280156 -0.59884208
v -0.51482493 -0.84494162 -0.59881955
v -0.51482493 -0.83708173 -0.59877020
v -0.51482493 -0.82922179 -0.59870803
v -0.51482493 -0.82136184 -0.59864861
v -0.51482493 -0.81350195 -0.59857094
v -0.51482493 -0.80564201 -0.59850574
v -0.51482493 -0.79778212 -0.59842414
v -0.51482493 -0.78992218 -0.59831399
v -0.51482493 -0.78206223 -0.59824497
v -0.51482493 -0.77420235 -0.59821355
v -0.51482493 -0.76634240 -0.59819525
v -0.51482493 -0.75848252 -0.59815675
v -0.51482493 -0.75062257 -0.59807670
v -0.51482493 -0.74276263 -0.59796506
v -0.51482493 -0.73490274 -0.59784436
v -0.51482493 -0.72704279 -0.59769869
v -0.51482493 -0.71918291 -0.59754235
v -0.51482493 -0.71132296 -0.59736967
v -0.51482493 -0.70346302 -0.59721303
v -0.51482493 -0.69560313 -0.59701520
v -0.51482493 -0.68774319 -0.59682328
v -0.51482493 -0.67988324 -0.59663355
v -0.51482493 -0.67202336 -0.59642947
v -0.51482493 -0.66416341 -0.59620613
v -0.51482493 -0.65630352 -0.59595615
v -0.51482493 -0.64844358 -0.59566981
v -0.51482493 -0.64058363 -0.59532517
v -0.51482493 -0.63272375 -0.59488153
v -0.51482493 -0.62486380 -0.59431875
v -0.51482493 -0.61700392 -0.59347272
v -0.51482493 -0.61664015 -0.59342414
v -0.51482493 -0.60914397 -0.59238309
v -0.51482493 -0.60128403 -0.59014434
v -0.51482493 -0.59342414 -0.58636880
v -0.50696498 -0.97856033 -0.58154398
v -0.50696498 -0.98266166 -0.57770425
v -0.50696498 -0.97070038 -0.58677179
v -0.50696498 -0.97280484 -0.58556420
v -0.50696498 -0.96284044 -0.59072471
v -0.50696498 -0.95498055 -0.59371805
v -0.50696498 -0.95579565 -0.59342414
v -0.50696498 -0.94712061 -0.59561139
v -0.50696498 -0.93926072 -0.59679431
v -0.50696498 -0.93140078 -0.59750885
v -0.50696498 -0.92354083 -0.59794897
v -0.50696498 -0.91568094 -0.59825832
v -0.50696498 -0.90782100 -0.59847510
v -0.50696498 -0.89996111 -0.59862119
v -0.50696498 -0.89210117 -0.59870547
v -0.50696498 -0.88424122 -0.59873492
v -0.50696498 -0.87638134 -0.59876209
v -0.50696498 -0.86852139 -0.59879100
v -0.50696498 -0.86066151 -0.59881353
v -0.50696498 -0.85280156 -0.59882379
v -0.50696498 -0.84494162 -0.59880269
v -0.50696498 -0.83708173 -0.59875590
v -0.50696498 -0.82922179 -0.59869504
v -0.50696498 -0.82136184 -0.59864861
v -0.50696498 -0.81350195 -0.59856343
v -0.50696498 -0.80564201 -0.59849954
v -0.50696498 -0.79778212 -0.59841257
v -0.50696498 -0.78992218 -0.59829253
v -0.50696498 -0.78206223 -0.59822655
v -0.50696498 -0.77420235 -0.59821212
v -0.50696498 -0.76634240 -0.59819007
v -0.50696498 -0.75848252 -0.59814858
v -0.50696498 -0.75062257 -0.59807229
v -0.50696498 -0.74276263 -0.59796602
v -0.50696498 -0.73490274 -0.59784293
v -0.50696498 -0.72704279 -0.59769416
v -0.50696498 -0.71918291 -0.59754241
v -0.50696498 -0.71132296 -0.59737641
v -0.50696498 -0.70346302 -0.59720850
v -0.50696498 -0.69560313 -0.59702796
v -0.50696498 -0.68774319 -0.59682101
v -0.50696498 -0.67988324 -0.59664476
v -0.50696498 -0.67202336 -0.59644985
v -0.50696498 -0.66416341 -0.59622514
v -0.50696498 -0.65630352 -0.59598988
v -0.50696498 -0.64844358 -0.59572178
v -0.50696498 -0.64058363 -0.59537041
v -0.50696498 -0.63272375 -0.59492999
v -0.50696498 -0.62486380 -0.59436637
v -0.50696498 -0.61700392 -0.59348482
v -0.50696498 -0.61657417 -0.59342414
v -0.50696498 -0.60914397 -0.59234124
v -0.50696498 -0.60128403 -0.58998066
v -0.50696498 -0.59342414 -0.58611125
v -0.49910507 -0.97856033 -0.58143604
v -0.49910507 -0.98248571 -0.57770425
v -0.49910507 -0.97070038 -0.58663785
v -0.49910507 -0.97259057 -0.58556420
v -0.49910507 -0.96284044 -0.59058571
v -0.49910507 -0.95498055 -0.59360987
v -0.49910507 -0.95549011 -0.59342414
v -0.49910507 -0.94712061 -0.59551054
v -0.49910507 -0.93926072 -0.59670907
v -0.49910507 -0.93140078 -0.59743387
v -0.49910507 -0.92354083 -0.59789068
v -0.49910507 -0.91568094 -0.59819943
v -0.49910507 -0.90782100 -0.59841591
v -0.49910507 -0.89996111 -0.59855705
v -0.49910507 -0.89210117 -0.59864849
v -0.49910507 -0.88424122 -0.59869254
v -0.49910507 -0.87638134 -0.59871459
v -0.49910507 -0.86852139 -0.59874463
v -0.49910507 -0.86066151 -0.59877348
v -0.49910507 -0.85280156 -0.59878623
v -0.49910507 -0.84494162 -0.59877068
v -0.49910507 -0.83708173 -0.59871972
v -0.49910507 -0.82922179 -0.59866923
v -0.49910507 -0.82136184 -0.59860861
v -0.49910507 -0.81350195 -0.59853995
v -0.49910507 -0.80564201 -0.59846956
v -0.49910507 -0.79778212 -0.59838599
v -0.49910507 -0.78992218 -0.59828043
v -0.49910507 -0.78206223 -0.59820569
v -0.49910507 -0.77420235 -0.59818536
v -0.49910507 -0.76634240 -0.59817493
v -0.49910507 -0.75848252 -0.59813160
v -0.49910507 -0.75062257 -0.59805262
v -0.49910507 -0.74276263 -0.59794736
v -0.49910507 -0.73490274 -0.59782231
v -0.49910507 -0.72704279 -0.59767669
v -0.49910507 -0.71918291 -0.59753919
v -0.49910507 -0.71132296 -0.59736574
v -0.49910507 -0.70346302 -0.59720147
v -0.49910507 -0.69560313 -0.59700745
v -0.49910507 -0.68774319 -0.59681320
v -0.49910507 -0.67988324 -0.59662372
v -0.49910507 -0.67202336 -0.59643370
v -0.49910507 -0.66416341 -0.59621340
v -0.49910507 -0.65630352 -0.59598207
v -0.49910507 -0.64844358 -0.59571081
v -0.49910507 -0.64058363 -0.59538257
v -0.49910507 -0.63272375 -0.59494942
v -0.49910507 -0.62486380 -0.59438026
v -0.49910507 -0.61700392 -0.59348571
v -0.49910507 -0.61658877 -0.59342414
v -0.49910507 -0.60914397 -0.59228522
v -0.49910507 -0.60128403 -0.58981490
v -0.49910507 -0.59342414 -0.58588207
v -0.49124515 -0.97856033 -0.58096695
v -0.49124515 -0.98189694 -0.57770425
v -0.49124515 -0.97070038 -0.58639073
v -0.49124515 -0.97212780 -0.58556420
v -0.49124515 -0.96284044 -0.59040999
v -0.49124515 -0.95498055 -0.59347957
v -0.49124515 -0.95513034 -0.59342414
v -0.49124515 -0.94712061 -0.59541512
v -0.49124515 -0.93926072 -0.59660316
v -0.49124515 -0.93140078 -0.59733379
v -0.49124515 -0.92354083 -0.59780133
v -0.49124515 -0.91568094 -0.59812129
v -0.49124515 -0.90782100 -0.59834248
v -0.49124515 -0.89996111 -0.59849238
v -0.49124515 -0.89210117 -0.59858453
v -0.49124515 -0.88424122 -0.59862512
v -0.49124515 -0.87638134 -0.59865499
v -0.49124515 -0.86852139 -0.59868097
v -0.49124515 -0.86066151 -0.59872013
v -0.49124515 -0.85280156 -0.59872007
v -0.49124515 -0.84494162 -0.59871727
v -0.49124515 -0.83708173 -0.59867960
v -0.49124515 -0.82922179 -0.59862918
v -0.49124515 -0.82136184 -0.59857893
v -0.49124515 -0.81350195 -0.59850520
v -0.49124515 -0.80564201 -0.59843719
v -0.49124515 -0.79778212 -0.59836274
v -0.49124515 -0.78992218 -0.59824318
v -0.49124515 -0.78206223 -0.59817463
v -0.49124515 -0.77420235 -0.59816033
v -0.49124515 -0.76634240 -0.59814477
v -0.49124515 -0.75848252 -0.59809613
v -0.49124515 -0.75062257 -0.59802043
v -0.49124515 -0.74276263 -0.59790730
v -0.49124515 -0.73490274 -0.59779054
v -0.49124515 -0.72704279 -0.59765148
v -0.49124515 -0.71918291 -0.59750378
v -0.49124515 -0.71132296 -0.59733570
v -0.49124515 -0.70346302 -0.59716785
v -0.49124515 -0.69560313 -0.59698337
v -0.49124515 -0.68774319 -0.59676921
v -0.49124515 -0.67988324 -0.59658879
v -0.49124515 -0.67202336 -0.59639281
v -0.49124515 -0.66416341 -0.59618539
v -0.49124515 -0.65630352 -0.59595102
v -0.49124515 -0.64844358 -0.59569806
v -0.49124515 -0.64058363 -0.59536529
v -0.49124515 -0.63272375 -0.59494317
v -0.49124515 -0.62486380 -0.59435523
v -0.49124515 -0.61700392 -0.59343374
v -0.49124515 -0.61694163 -0.59342414
v -0.49124515 -0.60914397 -0.59218943
v -0.49124515 -0.60128403 -0.58961529
v -0.49124515 -0.59342414 -0.58563238
v -0.48338521 -0.97856033 -0.58014745
v -0.48338521 -0.98097092 -0.57770425
v -0.48338521 -0.97070038 -0.58601511
v -0.48338521 -0.97144002 -0.58556420
v -0.48338521 -0.96284044 -0.59018528
v -0.48819315 -0.95498055 -0.59342414
v -0.48338521 -0.95498055 -0.59333682
v -0.48338521 -0.94712061 -0.59528154
v -0.48338521 -0.95464271 -0.59342414
v -0.48338521 -0.93926072 -0.59647274
v -0.48338521 -0.93140078 -0.59720564
v -0.48338521 -0.92354083 -0.59768695
v -0.48338521 -0.91568094 -0.59802890
v -0.48338521 -0.90782100 -0.59825188
v -0.48338521 -0.89996111 -0.59840959
v -0.48338521 -0.89210117 -0.59850466
v -0.48338521 -0.88424122 -0.59855103
v -0.48338521 -0.87638134 -0.59857702
v -0.48338521 -0.86852139 -0.59860927
v -0.48338521 -0.86066151 -0.59864062
v -0.48338521 -0.85280156 -0.59866273
v -0.48338521 -0.84494162 -0.59865367
v -0.48338521 -0.83708173 -0.59862518
v -0.48338521 -0.82922179 -0.59857345
v -0.48338521 -0.82136184 -0.59852320
v -0.48338521 -0.81350195 -0.59846133
v -0.48338521 -0.80564201 -0.59839976
v -0.48338521 -0.79778212 -0.59831023
v -0.48338521 -0.78992218 -0.59820038
v -0.48338521 -0.78206223 -0.59812748
v -0.48338521 -0.77420235 -0.59813225
v -0.48338521 -0.76634240 -0.59810024
v -0.48338521 -0.75848252 -0.59805417
v -0.48338521 -0.75062257 -0.59797418
v -0.48338521 -0.74276263 -0.59787887
v -0.48338521 -0.73490274 -0.59775138
v -0.48338521 -0.72704279 -0.59761554
v -0.48338521 -0.71918291 -0.59746492
v -0.48338521 -0.71132296 -0.59729505
v -0.48338521 -0.70346302 -0.59713459
v -0.48338521 -0.69560313 -0.59693950
v -0.48338521 -0.68774319 -0.59673107
v -0.48338521 -0.67988324 -0.59653801
v -0.48338521 -0.67202336 -0.59635645
v -0.48338521 -0.66416341 -0.59613895
v -0.48338521 -0.65630352 -0.59590548
v -0.48338521 -0.64844358 -0.59564847
v -0.48338521 -0.64058363 -0.59530783
v -0.48338521 -0.63272375 -0.59488982
v -0.48338521 -0.62486380 -0.59430879
v -0.48338521 -0.61750561 -0.59342414
v -0.49019596 -0.61700392 -0.59342414
v -0.48338521 -0.61700392 -0.59336203
v -0.48338521 -0.60914397 -0.59204555
v -0.48338521 -0.60128403 -0.58938956
v -0.48338521 -0.59377009 -0.58556420
v -0.48904040 -0.59342414 -0.58556420
v -0.48338521 -0.59342414 -0.58539784
v -0.47552529 -0.97856033 -0.57917178
v -0.47552529 -0.97993481 -0.57770425
v -0.47570184 -0.97070038 -0.58556420
v -0.47552529 -0.97070038 -0.58555263
v -0.47552529 -0.96284044 -0.58992457
v -0.47552529 -0.97068310 -0.58556420
v -0.47552529 -0.95498055 -0.59315449
v -0.47552529 -0.94712061 -0.59512132
v -0.47552529 -0.95394266 -0.59342414
v -0.47552529 -0.93926072 -0.59631968
v -0.47552529 -0.93140078 -0.59705538
v -0.47552529 -0.92354083 -0.59756935
v -0.47552529 -0.91568094 -0.59791213
v -0.47552529 -0.90782100 -0.59815311
v -0.47552529 -0.89996111 -0.59831613
v -0.47552529 -0.89210117 -0.59842479
v -0.47552529 -0.88424122 -0.59847230
v -0.47552529 -0.87638134 -0.59850776
v -0.47552529 -0.86852139 -0.59853113
v -0.47552529 -0.86066151 -0.59856492
v -0.47552529 -0.85280156 -0.59858453
v -0.47552529 -0.84494162 -0.59858859
v -0.47552529 -0.83708173 -0.59857190
v -0.47552529 -0.82922179 -0.59852540
v -0.47552529 -0.82136184 -0.59848177
v -0.47552529 -0.81350195 -0.59841990
v -0.47552529 -0.80564201 -0.59835243
v -0.47552529 -0.79778212 -0.59826857
v -0.47552529 -0.78992218 -0.59815073
v -0.47552529 -0.78206223 -0.59809130
v -0.47552529 -0.77420235 -0.59807807
v -0.47552529 -0.76634240 -0.59806466
v -0.47552529 -0.75848252 -0.59801453
v -0.47552529 -0.75062257 -0.59793520
v -0.47552529 -0.74276263 -0.59784114
v -0.47552529 -0.73490274 -0.59771937
v -0.47552529 -0.72704279 -0.59757692
v -0.47552529 -0.71918291 -0.59743410
v -0.47552529 -0.71132296 -0.59726405
v -0.47552529 -0.70346302 -0.59708691
v -0.47552529 -0.69560313 -0.59688812
v -0.47552529 -0.68774319 -0.59666908
v -0.47552529 -0.67988324 -0.59648800
v -0.47552529 -0.67202336 -0.59630942
v -0.47552529 -0.66416341 -0.59608567
v -0.47552529 -0.65630352 -0.59585768
v -0.47552529 -0.64844358 -0.59558219
v -0.47552529 -0.64058363 -0.59524506
v -0.47552529 -0.63272375 -0.59479600
v -0.47552529 -0.62486380 -0.59422368
v -0.47552529 -0.61847317 -0.59342414
v -0.47552529 -0.61700392 -0.59323657
v -0.47552529 -0.60914397 -0.59187722
v -0.47552529 -0.60128403 -0.58911455
v -0.47552529 -0.59434688 -0.58556420
v -0.47552529 -0.59342414 -0.58511764
v -0.46766537 -0.97856033 -0.57836652
v -0.46766537 -0.97915119 -0.57770425
v -0.46766537 -0.97070038 -0.58508474
v -0.46766537 -0.96284044 -0.58963001
v -0.46766537 -0.97000432 -0.58556420
v -0.46766537 -0.95498055 -0.59295756
v -0.46766537 -0.94712061 -0.59495157
v -0.46766537 -0.95320392 -0.59342414
v -0.46766537 -0.93926072 -0.59617066
v -0.46766537 -0.93140078 -0.59692883
v -0.46766537 -0.92354083 -0.59744358
v -0.46766537 -0.91568094 -0.59780103
v -0.46766537 -0.90782100 -0.59804505
v -0.46766537 -0.89996111 -0.59821427
v -0.46766537 -0.89210117 -0.59832948
v -0.46766537 -0.88424122 -0.59838909
v -0.46766537 -0.87638134 -0.59842253
v -0.46766537 -0.86852139 -0.59845382
v -0.46766537 -0.86066151 -0.59849286
v -0.46766537 -0.85280156 -0.59851396
v -0.46766537 -0.84494162 -0.59852213
v -0.46766537 -0.83708173 -0.59850043
v -0.46766537 -0.82922179 -0.59846705
v -0.46766537 -0.82136184 -0.59842837
v -0.46766537 -0.81350195 -0.59835356
v -0.46766537 -0.80564201 -0.59829545
v -0.46766537 -0.79778212 -0.59820741
v -0.46766537 -0.78992218 -0.59809506
v -0.46766537 -0.78206223 -0.59803694
v -0.46766537 -0.77420235 -0.59803087
v -0.46766537 -0.76634240 -0.59800905
v -0.46766537 -0.75848252 -0.59796834
v -0.46766537 -0.75062257 -0.59788758
v -0.46766537 -0.74276263 -0.59778583
v -0.46766537 -0.73490274 -0.59767097
v -0.46766537 -0.72704279 -0.59752882
v -0.46766537 -0.71918291 -0.59737629
v -0.46766537 -0.71132296 -0.59720880
v -0.46766537 -0.70346302 -0.59703249
v -0.46766537 -0.69560313 -0.59683895
v -0.46766537 -0.68774319 -0.59661937
v -0.46766537 -0.67988324 -0.59643334
v -0.46766537 -0.67202336 -0.59624434
v -0.46766537 -0.66416341 -0.59602982
v -0.46766537 -0.65630352 -0.59579647
v -0.46766537 -0.64844358 -0.59550482
v -0.46766537 -0.64058363 -0.59515435
v -0.46766537 -0.63272375 -0.59469610
v -0.46766537 -0.62486380 -0.59411204
v -0.46766537 -0.61946666 -0.59342414
v -0.46766537 -0.61700392 -0.59310520
v -0.46766537 -0.60914397 -0.59169233
v -0.46766537 -0.60128403 -0.58884937
v -0.46766537 -0.59497523 -0.58556420
v -0.46766537 -0.59342414 -0.58479899
v -0.46074235 -0.97856033 -0.57770425
v -0.45980546 -0.97070038 -0.58458316
v -0.45980546 -0.97846943 -0.57770425
v -0.45980546 -0.96284044 -0.58932996
v -0.45980546 -0.96930420 -0.58556420
v -0.45980546 -0.95498055 -0.59275579
v -0.45980546 -0.94712061 -0.59478390
v -0.45980546 -0.95247936 -0.59342414
v -0.45980546 -0.93926072 -0.59602964
v -0.45980546 -0.93140078 -0.59679323
v -0.45980546 -0.92354083 -0.59730536
v -0.45980546 -0.91568094 -0.59767294
v -0.45980546 -0.90782100 -0.59791720
v -0.45980546 -0.89996111 -0.59809446
v -0.45980546 -0.89210117 -0.59821731
v -0.45980546 -0.88424122 -0.59828669
v -0.45980546 -0.87638134 -0.59832871
v -0.45980546 -0.86852139 -0.59836566
v -0.45980546 -0.86066151 -0.59840339
v -0.45980546 -0.85280156 -0.59842980
v -0.45980546 -0.84494162 -0.59843588
v -0.45980546 -0.83708173 -0.59841669
v -0.45980546 -0.82922179 -0.59838313
v -0.45980546 -0.82136184 -0.59833831
v -0.45980546 -0.81350195 -0.59828496
v -0.45980546 -0.80564201 -0.59821117
v -0.45980546 -0.79778212 -0.59813142
v -0.45980546 -0.78992218 -0.59801686
v -0.45980546 -0.78206223 -0.59795278
v -0.45980546 -0.77420235 -0.59795523
v -0.45980546 -0.76634240 -0.59793717
v -0.45980546 -0.75848252 -0.59789014
v -0.45980546 -0.75062257 -0.59781832
v -0.45980546 -0.74276263 -0.59771520
v -0.45980546 -0.73490274 -0.59759969
v -0.45980546 -0.72704279 -0.59745234
v -0.45980546 -0.71918291 -0.59730178
v -0.45980546 -0.71132296 -0.59713089
v -0.45980546 -0.70346302 -0.59697247
v -0.45980546 -0.69560313 -0.59675074
v -0.45980546 -0.68774319 -0.59653473
v -0.45980546 -0.67988324 -0.59634566
v -0.45980546 -0.67202336 -0.59616661
v -0.45980546 -0.66416341 -0.59594512
v -0.45980546 -0.65630352 -0.59570879
v -0.45980546 -0.64844358 -0.59541255
v -0.45980546 -0.64058363 -0.59505028
v -0.45980546 -0.63272375 -0.59459049
v -0.45980546 -0.62486380 -0.59401143
v -0.45980546 -0.62031007 -0.59342414
v -0.45980546 -0.61700392 -0.59299308
v -0.45980546 -0.60914397 -0.59149677
v -0.45980546 -0.60128403 -0.58859426
v -0.45980546 -0.59556735 -0.58556420
v -0.45980546 -0.59342414 -0.58448046
v -0.45194551 -0.97070038 -0.58414590
v -0.45194551 -0.97776788 -0.57770425
v -0.45194551 -0.96284044 -0.58904070
v -0.45194551 -0.96872973 -0.58556420
v -0.45194551 -0.95498055 -0.59255081
v -0.45194551 -0.94712061 -0.59461379
v -0.45194551 -0.95176059 -0.59342414
v -0.45194551 -0.93926072 -0.59587550
v -0.45194551 -0.93140078 -0.59664899
v -0.45194551 -0.92354083 -0.59715950
v -0.45194551 -0.91568094 -0.59750718
v -0.45194551 -0.90782100 -0.59776253
v -0.45194551 -0.89996111 -0.59794742
v -0.45194551 -0.89210117 -0.59807026
v -0.45194551 -0.88424122 -0.59814763
v -0.45194551 -0.87638134 -0.59820414
v -0.45194551 -0.86852139 -0.59823906
v -0.45194551 -0.86066151 -0.59827620
v -0.45194551 -0.85280156 -0.59831291
v -0.45194551 -0.84494162 -0.59832156
v -0.45194551 -0.83708173 -0.59831202
v -0.45194551 -0.82922179 -0.59828299
v -0.45194551 -0.82136184 -0.59824145
v -0.45194551 -0.81350195 -0.59819365
v -0.45194551 -0.80564201 -0.59812516
v -0.45194551 -0.79778212 -0.59802717
v -0.45194551 -0.78992218 -0.59790695
v -0.45194551 -0.78206223 -0.59783763
v -0.45194551 -0.77420235 -0.59785479
v -0.45194551 -0.76634240 -0.59784132
v -0.45194551 -0.75848252 -0.59779358
v -0.45194551 -0.75062257 -0.59771627
v -0.45194551 -0.74276263 -0.59761530
v -0.45194551 -0.73490274 -0.59748763
v -0.45194551 -0.72704279 -0.59735507
v -0.45194551 -0.71918291 -0.59719843
v -0.45194551 -0.71132296 -0.59703511
v -0.45194551 -0.70346302 -0.59686476
v -0.45194551 -0.69560313 -0.59664780
v -0.45194551 -0.68774319 -0.59642076
v -0.45194551 -0.67988324 -0.59623080
v -0.45194551 -0.67202336 -0.59606111
v -0.45194551 -0.66416341 -0.59583986
v -0.45194551 -0.65630352 -0.59560549
v -0.45194551 -0.64844358 -0.59531909
v -0.45194551 -0.64058363 -0.59497005
v -0.45194551 -0.63272375 -0.59451556
v -0.45194551 -0.62486380 -0.59394044
v -0.45194551 -0.62089843 -0.59342414
v -0.45194551 -0.61700392 -0.59290963
v -0.45194551 -0.60914397 -0.59138793
v -0.45194551 -0.60128403 -0.58839226
v -0.45194551 -0.59607536 -0.58556420
v -0.45194551 -0.59342414 -0.58418149
v -0.44408560 -0.97070038 -0.58383411
v -0.44408560 -0.97727627 -0.57770425
v -0.44408560 -0.96284044 -0.58889526
v -0.44408560 -0.96834379 -0.58556420
v -0.44408560 -0.95498055 -0.59245992
v -0.44408560 -0.94712061 -0.59452492
v -0.44408560 -0.95141733 -0.59342414
v -0.44408560 -0.93926072 -0.59578609
v -0.44408560 -0.93140078 -0.59656769
v -0.44408560 -0.92354083 -0.59707135
v -0.44408560 -0.91568094 -0.59740514
v -0.44408560 -0.90782100 -0.59766150
v -0.44408560 -0.89996111 -0.59784395
v -0.44408560 -0.89210117 -0.59796852
v -0.44408560 -0.88424122 -0.59804785
v -0.44408560 -0.87638134 -0.59809673
v -0.44408560 -0.86852139 -0.59813094
v -0.44408560 -0.86066151 -0.59818697
v -0.44408560 -0.85280156 -0.59821707
v -0.44408560 -0.84494162 -0.59822941
v -0.44408560 -0.83708173 -0.59821922
v -0.44408560 -0.82922179 -0.59819543
v -0.44408560 -0.82136184 -0.59817070
v -0.44408560 -0.81350195 -0.59811693
v -0.44408560 -0.80564201 -0.59805363
v -0.44408560 -0.79778212 -0.59796137
v -0.44408560 -0.78992218 -0.59782183
v -0.44408560 -0.78206223 -0.59777522
v -0.44408560 -0.77420235 -0.59777957
v -0.44408560 -0.76634240 -0.59777290
v -0.44408560 -0.75848252 -0.59772837
v -0.44408560 -0.75062257 -0.59763759
v -0.44408560 -0.74276263 -0.59753376
v -0.44408560 -0.73490274 -0.59740371
v -0.44408560 -0.72704279 -0.59726739
v -0.44408560 -0.71918291 -0.59712237
v -0.44408560 -0.71132296 -0.59695649
v -0.44408560 -0.70346302 -0.59677410
v -0.44408560 -0.69560313 -0.59654909
v -0.44408560 -0.68774319 -0.59631318
v -0.44408560 -0.67988324 -0.59613413
v -0.44408560 -0.67202336 -0.59595430
v -0.44408560 -0.66416341 -0.59575284
v -0.44408560 -0.65630352 -0.59552473
v -0.44408560 -0.64844358 -0.59524763
v -0.44408560 -0.64058363 -0.59488338
v -0.44408560 -0.63272375 -0.59444106
v -0.44408560 -0.62486380 -0.59387708
v -0.44408560 -0.62141353 -0.59342414
v -0.44408560 -0.61700392 -0.59283578
v -0.44408560 -0.60914397 -0.59130788
v -0.44408560 -0.60128403 -0.58830833
v -0.44408560 -0.59631449 -0.58556420
v -0.44408560 -0.59342414 -0.58403993
v -0.43622568 -0.97070038 -0.58357072
v -0.43622568 -0.97694224 -0.57770425
v -0.43622568 -0.96284044 -0.58880121
v -0.43622568 -0.96807039 -0.58556420
v -0.43622568 -0.95498055 -0.59236920
v -0.43622568 -0.94712061 -0.59446359
v -0.43622568 -0.95111185 -0.59342414
v -0.43622568 -0.93926072 -0.59572381
v -0.43622568 -0.93140078 -0.59649128
v -0.43622568 -0.92354083 -0.59700727
v -0.43622568 -0.91568094 -0.59734708
v -0.43622568 -0.90782100 -0.59759259
v -0.43622568 -0.89996111 -0.59777248
v -0.43622568 -0.89210117 -0.59790468
v -0.43622568 -0.88424122 -0.59797692
v -0.43622568 -0.87638134 -0.59802449
v -0.43622568 -0.86852139 -0.59806097
v -0.43622568 -0.86066151 -0.59810907
v -0.43622568 -0.85280156 -0.59813970
v -0.43622568 -0.84494162 -0.59815472
v -0.43622568 -0.83708173 -0.59815305
v -0.43622568 -0.82922179 -0.59813023
v -0.43622568 -0.82136184 -0.59810436
v -0.43622568 -0.81350195 -0.59806418
v -0.43622568 -0.80564201 -0.59799582
v -0.43622568 -0.79778212 -0.59789574
v -0.43622568 -0.78992218 -0.59777391
v -0.43622568 -0.78206223 -0.59772331
v -0.43622568 -0.77420235 -0.59773070
v -0.43622568 -0.76634240 -0.59772277
v -0.43622568 -0.75848252 -0.59767199
v -0.43622568 -0.75062257 -0.59759510
v -0.43622568 -0.74276263 -0.59748709
v -0.43622568 -0.73490274 -0.59735990
v -0.43622568 -0.72704279 -0.59722453
v -0.43622568 -0.71918291 -0.59708792
v -0.43622568 -0.71132296 -0.59691697
v -0.43622568 -0.70346302 -0.59674257
v -0.43622568 -0.69560313 -0.59650230
v -0.43622568 -0.68774319 -0.59625894
v -0.43622568 -0.67988324 -0.59606928
v -0.43622568 -0.67202336 -0.59590149
v -0.43622568 -0.66416341 -0.59569299
v -0.43622568 -0.65630352 -0.59547091
v -0.43622568 -0.64844358 -0.59517801
v -0.43622568 -0.64058363 -0.59483033
v -0.43622568 -0.63272375 -0.59440488
v -0.43622568 -0.62486380 -0.59381247
v -0.43622568 -0.62194538 -0.59342414
v -0.43622568 -0.61700392 -0.59275979
v -0.43622568 -0.60914397 -0.59122866
v -0.43622568 -0.60128403 -0.58827567
v -0.43622568 -0.59638065 -0.58556420
v -0.43622568 -0.59342414 -0.58399677
v -0.42836577 -0.97070038 -0.58327752
v -0.42836577 -0.97658497 -0.57770425
v -0.42836577 -0.96284044 -0.58861852
v -0.42836577 -0.96769941 -0.58556420
v -0.42836577 -0.95498055 -0.59225082
v -0.42836577 -0.94712061 -0.59433967
v -0.42836577 -0.95064598 -0.59342414
v -0.42836577 -0.93926072 -0.59558606
v -0.42836577 -0.93140078 -0.59637636
v -0.42836577 -0.92354083 -0.59690195
v -0.42836577 -0.91568094 -0.59726816
v -0.42836577 -0.90782100 -0.59750599
v -0.42836577 -0.89996111 -0.59768450
v -0.42836577 -0.89210117 -0.59781438
v -0.42836577 -0.88424122 -0.59789622
v -0.42836577 -0.87638134 -0.59793985
v -0.42836577 -0.86852139 -0.59798747
v -0.42836577 -0.86066151 -0.59802264
v -0.42836577 -0.85280156 -0.59804809
v -0.42836577 -0.84494162 -0.59807616
v -0.42836577 -0.83708173 -0.59808522
v -0.42836577 -0.82922179 -0.59805757
v -0.42836577 -0.82136184 -0.59803170
v -0.42836577 -0.81350195 -0.59799123
v -0.42836577 -0.80564201 -0.59793234
v -0.42836577 -0.79778212 -0.59783596
v -0.42836577 -0.78992218 -0.59771281
v -0.42836577 -0.78206223 -0.59765989
v -0.42836577 -0.77420235 -0.59766942
v -0.42836577 -0.76634240 -0.59766436
v -0.42836577 -0.75848252 -0.59761792
v -0.42836577 -0.75062257 -0.59753764
v -0.42836577 -0.74276263 -0.59743947
v -0.42836577 -0.73490274 -0.59732497
v -0.42836577 -0.72704279 -0.59719437
v -0.42836577 -0.71918291 -0.59704983
v -0.42836577 -0.71132296 -0.59687513
v -0.42836577 -0.70346302 -0.59670496
v -0.42836577 -0.69560313 -0.59648067
v -0.42836577 -0.68774319 -0.59622473
v -0.42836577 -0.67988324 -0.59604013
v -0.42836577 -0.67202336 -0.59586465
v -0.42836577 -0.66416341 -0.59564865
v -0.42836577 -0.65630352 -0.59541374
v -0.42836577 -0.64844358 -0.59512395
v -0.42836577 -0.64058363 -0.59476644
v -0.42836577 -0.63272375 -0.59431696
v -0.42836577 -0.62486380 -0.59371960
v -0.42836577 -0.62264633 -0.59342414
v -0.42836577 -0.61700392 -0.59267068
v -0.42836577 -0.60914397 -0.59116280
v -0.42836577 -0.60128403 -0.58829910
v -0.42836577 -0.59637076 -0.58556420
v -0.42836577 -0.59342414 -0.58399218
v -0.42050582 -0.97070038 -0.58293140
v -0.42050582 -0.97618383 -0.57770425
v -0.42050582 -0.96284044 -0.58840203
v -0.42050582 -0.96726674 -0.58556420
v -0.42050582 -0.95498055 -0.59208804
v -0.42050582 -0.94712061 -0.59418505
v -0.42050582 -0.95004183 -0.59342414
v -0.42050582 -0.93926072 -0.59543556
v -0.42050582 -0.93140078 -0.59623665
v -0.42050582 -0.92354083 -0.59679723
v -0.42050582 -0.91568094 -0.59716588
v -0.42050582 -0.90782100 -0.59741980
v -0.42050582 -0.89996111 -0.59759253
v -0.42050582 -0.89210117 -0.59772688
v -0.42050582 -0.88424122 -0.59780478
v -0.42050582 -0.87638134 -0.59785903
v -0.42050582 -0.86852139 -0.59789747
v -0.42050582 -0.86066151 -0.59793299
v -0.42050582 -0.85280156 -0.59796804
v -0.42050582 -0.84494162 -0.59799623
v -0.42050582 -0.83708173 -0.59800810
v -0.42050582 -0.82922179 -0.59798747
v -0.42050582 -0.82136184 -0.59796768
v -0.42050582 -0.81350195 -0.59791327
v -0.42050582 -0.80564201 -0.59785146
v -0.42050582 -0.79778212 -0.59776706
v -0.42050582 -0.78992218 -0.59764367
v -0.42050582 -0.78206223 -0.59758478
v -0.42050582 -0.77420235 -0.59761006
v -0.42050582 -0.76634240 -0.59760433
v -0.42050582 -0.75848252 -0.59756464
v -0.42050582 -0.75062257 -0.59749478
v -0.42050582 -0.74276263 -0.59740353
v -0.42050582 -0.73490274 -0.59728611
v -0.42050582 -0.72704279 -0.59716529
v -0.42050582 -0.71918291 -0.59701669
v -0.42050582 -0.71132296 -0.59685308
v -0.42050582 -0.70346302 -0.59667003
v -0.42050582 -0.69560313 -0.59645927
v -0.42050582 -0.68774319 -0.59620762
v -0.42050582 -0.67988324 -0.59602565
v -0.42050582 -0.67202336 -0.59582949
v -0.42050582 -0.66416341 -0.59561354
v -0.42050582 -0.65630352 -0.59535962
v -0.42050582 -0.64844358 -0.59505683
v -0.42050582 -0.64058363 -0.59468096
v -0.42050582 -0.63272375 -0.59421998
v -0.42050582 -0.62486380 -0.59361023
v -0.42050582 -0.62344378 -0.59342414
v -0.42050582 -0.61700392 -0.59258235
v -0.42050582 -0.60914397 -0.59111518
v -0.42050582 -0.60128403 -0.58831352
v -0.42050582 -0.59629595 -0.58556420
v -0.42050582 -0.59342414 -0.58406138
v -0.41264591 -0.97070038 -0.58257902
v -0.41264591 -0.97584563 -0.57770425
v -0.41264591 -0.96284044 -0.58814126
v -0.41264591 -0.96681291 -0.58556420
v -0.41264591 -0.95498055 -0.59189159
v -0.41264591 -0.94712061 -0.59401125
v -0.41264591 -0.94935393 -0.59342414
v -0.41264591 -0.93926072 -0.59527922
v -0.41264591 -0.93140078 -0.59609318
v -0.41264591 -0.92354083 -0.59667736
v -0.41264591 -0.91568094 -0.59706002
v -0.41264591 -0.90782100 -0.59731144
v -0.41264591 -0.89996111 -0.59748107
v -0.41264591 -0.89210117 -0.59761870
v -0.41264591 -0.88424122 -0.59770346
v -0.41264591 -0.87638134 -0.59776527
v -0.41264591 -0.86852139 -0.59781116
v -0.41264591 -0.86066151 -0.59784621
v -0.41264591 -0.85280156 -0.59788001
v -0.41264591 -0.84494162 -0.59791154
v -0.41264591 -0.83708173 -0.59792340
v -0.41264591 -0.82922179 -0.59791660
v -0.41264591 -0.82136184 -0.59788471
v -0.41264591 -0.81350195 -0.59783936
v -0.41264591 -0.80564201 -0.59777808
v -0.41264591 -0.79778212 -0.59769523
v -0.41264591 -0.78992218 -0.59758246
v -0.41264591 -0.78206223 -0.59752977
v -0.41264591 -0.77420235 -0.59754771
v -0.41264591 -0.76634240 -0.59755397
v -0.41264591 -0.75848252 -0.59751344
v -0.41264591 -0.75062257 -0.59744412
v -0.41264591 -0.74276263 -0.59736764
v -0.41264591 -0.73490274 -0.59725171
v -0.41264591 -0.72704279 -0.59713989
v -0.41264591 -0.71918291 -0.59698761
v -0.41264591 -0.71132296 -0.59682667
v -0.41264591 -0.70346302 -0.59664816
v -0.41264591 -0.69560313 -0.59644115
v -0.41264591 -0.68774319 -0.59620154
v -0.41264591 -0.67988324 -0.59599429
v -0.41264591 -0.67202336 -0.59579664
v -0.41264591 -0.66416341 -0.59556133
v -0.41264591 -0.65630352 -0.59529907
v -0.41264591 -0.64844358 -0.59498829
v -0.41264591 -0.64058363 -0.59458160
v -0.41264591 -0.63272375 -0.59410876
v -0.41264591 -0.62486380 -0.59348994
v -0.41264591 -0.62435436 -0.59342414
v -0.41264591 -0.61700392 -0.59248251
v -0.41264591 -0.60914397 -0.59104037
v -0.41264591 -0.60128403 -0.58835888
v -0.41264591 -0.59610593 -0.58556420
v -0.41264591 -0.59342414 -0.58420748
v -0.40478599 -0.97070038 -0.58216012
v -0.40478599 -0.97547841 -0.57770425
v -0.40478599 -0.96284044 -0.58777612
v -0.40478599 -0.96622878 -0.58556420
v -0.40478599 -0.95498055 -0.59160531
v -0.40478599 -0.94712061 -0.59376538
v -0.40478599 -0.94840288 -0.59342414
v -0.40478599 -0.93926072 -0.59504813
v -0.40478599 -0.93140078 -0.59586948
v -0.40478599 -0.92354083 -0.59646982
v -0.40478599 -0.91568094 -0.59685302
v -0.40478599 -0.90782100 -0.59712338
v -0.40478599 -0.89996111 -0.59729332
v -0.40478599 -0.89210117 -0.59744042
v -0.40478599 -0.88424122 -0.59754044
v -0.40478599 -0.87638134 -0.59760737
v -0.40478599 -0.86852139 -0.59766001
v -0.40478599 -0.86066151 -0.59770632
v -0.40478599 -0.85280156 -0.59774864
v -0.40478599 -0.84494162 -0.59779865
v -0.40478599 -0.83708173 -0.59781861
v -0.40478599 -0.82922179 -0.59779930
v -0.40478599 -0.82136184 -0.59776050
v -0.40478599 -0.81350195 -0.59772909
v -0.40478599 -0.80564201 -0.59766901
v -0.40478599 -0.79778212 -0.59759092
v -0.40478599 -0.78992218 -0.59748560
v -0.40478599 -0.78206223 -0.59743112
v -0.40478599 -0.77420235 -0.59744906
v -0.40478599 -0.76634240 -0.59746492
v -0.40478599 -0.75848252 -0.59743249
v -0.40478599 -0.75062257 -0.59737629
v -0.40478599 -0.74276263 -0.59728563
v -0.40478599 -0.73490274 -0.59718341
v -0.40478599 -0.72704279 -0.59706503
v -0.40478599 -0.71918291 -0.59692430
v -0.40478599 -0.71132296 -0.59676111
v -0.40478599 -0.70346302 -0.59657395
v -0.40478599 -0.69560313 -0.59637648
v -0.40478599 -0.68774319 -0.59612095
v -0.40478599 -0.67988324 -0.59590322
v -0.40478599 -0.67202336 -0.59569579
v -0.40478599 -0.66416341 -0.59546185
v -0.40478599 -0.65630352 -0.59519905
v -0.40478599 -0.64844358 -0.59485638
v -0.40478599 -0.64058363 -0.59446353
v -0.40478599 -0.63272375 -0.59397691
v -0.40478599 -0.62563884 -0.59342414
v -0.40860039 -0.62486380 -0.59342414
v -0.40478599 -0.62486380 -0.59336311
v -0.40478599 -0.61700392 -0.59234381
v -0.40478599 -0.60914397 -0.59091961
v -0.40478599 -0.60128403 -0.58834499
v -0.40478599 -0.59594846 -0.58556420
v -0.40478599 -0.59342414 -0.58435690
v -0.39692608 -0.97070038 -0.58147413
v -0.39692608 -0.97479397 -0.57770425
v -0.39692608 -0.96284044 -0.58717197
v -0.39692608 -0.96527606 -0.58556420
v -0.39692608 -0.95498055 -0.59118688
v -0.39722723 -0.94712061 -0.59342414
v -0.39692608 -0.94712061 -0.59341037
v -0.39692608 -0.93926072 -0.59471285
v -0.39692608 -0.94704026 -0.59342414
v -0.39692608 -0.93140078 -0.59555387
v -0.39692608 -0.92354083 -0.59613895
v -0.39692608 -0.91568094 -0.59654653
v -0.39692608 -0.90782100 -0.59681207
v -0.39692608 -0.89996111 -0.59699535
v -0.39692608 -0.89210117 -0.59713608
v -0.39692608 -0.88424122 -0.59723991
v -0.39692608 -0.87638134 -0.59732533
v -0.39692608 -0.86852139 -0.59740245
v -0.39692608 -0.86066151 -0.59745681
v -0.39692608 -0.85280156 -0.59751517
v -0.39692608 -0.84494162 -0.59755659
v -0.39692608 -0.83708173 -0.59758687
v -0.39692608 -0.82922179 -0.59757996
v -0.39692608 -0.82136184 -0.59755456
v -0.39692608 -0.81350195 -0.59751529
v -0.39692608 -0.80564201 -0.59746438
v -0.39692608 -0.79778212 -0.59738928
v -0.39692608 -0.78992218 -0.59728527
v -0.39692608 -0.78206223 -0.59723139
v -0.39692608 -0.77420235 -0.59725183
v -0.39692608 -0.76634240 -0.59727573
v -0.39692608 -0.75848252 -0.59725392
v -0.39692608 -0.75062257 -0.59719342
v -0.39692608 -0.74276263 -0.59711772
v -0.39692608 -0.73490274 -0.59701884
v -0.39692608 -0.72704279 -0.59689111
v -0.39692608 -0.71918291 -0.59675789
v -0.39692608 -0.71132296 -0.59658235
v -0.39692608 -0.70346302 -0.59640241
v -0.39692608 -0.69560313 -0.59619033
v -0.39692608 -0.68774319 -0.59593362
v -0.39692608 -0.67988324 -0.59569722
v -0.39692608 -0.67202336 -0.59548014
v -0.39692608 -0.66416341 -0.59523225
v -0.39692608 -0.65630352 -0.59495461
v -0.39692608 -0.64844358 -0.59461457
v -0.39692608 -0.64058363 -0.59420556
v -0.39692608 -0.63272375 -0.59368753
v -0.39692608 -0.62938118 -0.59342414
v -0.39692608 -0.62486380 -0.59307188
v -0.39692608 -0.61700392 -0.59207726
v -0.39692608 -0.60914397 -0.59064478
v -0.39692608 -0.60128403 -0.58809990
v -0.39692608 -0.59628838 -0.58556420
v -0.39692608 -0.59342414 -0.58424836
v -0.38906616 -0.97070038 -0.58033657
v -0.38906616 -0.97364086 -0.57770425
v -0.38906616 -0.96284044 -0.58621925
v -0.38906616 -0.96379209 -0.58556420
v -0.38906616 -0.95498055 -0.59050065
v -0.38906616 -0.94712061 -0.59287077
v -0.38906616 -0.93926072 -0.59419531
v -0.38906616 -0.94389683 -0.59342414
v -0.38906616 -0.93140078 -0.59502512
v -0.38906616 -0.92354083 -0.59562427
v -0.38906616 -0.91568094 -0.59604406
v -0.38906616 -0.90782100 -0.59632772
v -0.38906616 -0.89996111 -0.59650218
v -0.38906616 -0.89210117 -0.59664220
v -0.38906616 -0.88424122 -0.59675610
v -0.38906616 -0.87638134 -0.59684730
v -0.38906616 -0.86852139 -0.59692180
v -0.38906616 -0.86066151 -0.59700078
v -0.38906616 -0.85280156 -0.59706032
v -0.38906616 -0.84494162 -0.59712303
v -0.38906616 -0.83708173 -0.59715664
v -0.38906616 -0.82922179 -0.59715056
v -0.38906616 -0.82136184 -0.59714890
v -0.38906616 -0.81350195 -0.59709990
v -0.38906616 -0.80564201 -0.59705055
v -0.38906616 -0.79778212 -0.59697258
v -0.38906616 -0.78992218 -0.59686565
v -0.38906616 -0.78206223 -0.59681004
v -0.38906616 -0.77420235 -0.59685105
v -0.38906616 -0.76634240 -0.59689659
v -0.38906616 -0.75848252 -0.59688020
v -0.38906616 -0.75062257 -0.59682786
v -0.38906616 -0.74276263 -0.59676313
v -0.38906616 -0.73490274 -0.59665990
v -0.38906616 -0.72704279 -0.59653151
v -0.38906616 -0.71918291 -0.59639138
v -0.38906616 -0.71132296 -0.59621400
v -0.38906616 -0.70346302 -0.59603119
v -0.38906616 -0.69560313 -0.59580410
v -0.38906616 -0.68774319 -0.59553075
v -0.38906616 -0.67988324 -0.59527344
v -0.38906616 -0.67202336 -0.59505349
v -0.38906616 -0.66416341 -0.59479797
v -0.38906616 -0.65630352 -0.59450680
v -0.38906616 -0.64844358 -0.59414142
v -0.38906616 -0.64058363 -0.59370178
v -0.38906616 -0.63648301 -0.59342414
v -0.39293122 -0.63272375 -0.59342414
v -0.38906616 -0.63272375 -0.59317374
v -0.38906616 -0.62486380 -0.59253716
v -0.38906616 -0.61700392 -0.59149182
v -0.38906616 -0.60914397 -0.58996487
v -0.38906616 -0.60128403 -0.58726603
v -0.38906616 -0.59803700 -0.58556420
v -0.38906616 -0.59342414 -0.58333826
v -0.38120621 -0.97070038 -0.57888883
v -0.38120621 -0.97209233 -0.57770425
v -0.38553438 -0.96284044 -0.58556420
v -0.38120621 -0.96284044 -0.58476669
v -0.38120621 -0.95498055 -0.58927071
v -0.38120621 -0.96151108 -0.58556420
v -0.38120621 -0.94712061 -0.59188038
v -0.38232267 -0.93926072 -0.59342414
v -0.38120621 -0.93926072 -0.59329522
v -0.38120621 -0.93140078 -0.59411651
v -0.38120621 -0.93804324 -0.59342414
v -0.38120621 -0.92354083 -0.59471512
v -0.38120621 -0.91568094 -0.59515142
v -0.38120621 -0.90782100 -0.59543747
v -0.38120621 -0.89996111 -0.59563136
v -0.38120621 -0.89210117 -0.59578711
v -0.38120621 -0.88424122 -0.59590590
v -0.38120621 -0.87638134 -0.59600127
v -0.38120621 -0.86852139 -0.59609061
v -0.38120621 -0.86066151 -0.59615982
v -0.38120621 -0.85280156 -0.59623355
v -0.38120621 -0.84494162 -0.59631312
v -0.38120621 -0.83708173 -0.59634310
v -0.38120621 -0.82922179 -0.59635806
v -0.38120621 -0.82136184 -0.59634042
v -0.38120621 -0.81350195 -0.59630466
v -0.38120621 -0.80564201 -0.59626114
v -0.38120621 -0.79778212 -0.59617233
v -0.38120621 -0.78992218 -0.59606266
v -0.38120621 -0.78206223 -0.59602165
v -0.38120621 -0.77420235 -0.59607816
v -0.38120621 -0.76634240 -0.59613264
v -0.38120621 -0.75848252 -0.59614104
v -0.38120621 -0.75062257 -0.59610355
v -0.38120621 -0.74276263 -0.59604281
v -0.38120621 -0.73490274 -0.59594840
v -0.38120621 -0.72704279 -0.59581834
v -0.38120621 -0.71918291 -0.59566253
v -0.38120621 -0.71132296 -0.59547549
v -0.38120621 -0.70346302 -0.59528738
v -0.38120621 -0.69560313 -0.59504312
v -0.38120621 -0.68774319 -0.59476072
v -0.38120621 -0.67988324 -0.59449250
v -0.38120621 -0.67202336 -0.59424514
v -0.38120621 -0.66416341 -0.59398127
v -0.38120621 -0.65630352 -0.59367794
v -0.38120621 -0.65120381 -0.59342414
v -0.38245088 -0.64844358 -0.59342414
v -0.38120621 -0.64844358 -0.59328979
v -0.38657826 -0.64058363 -0.59342414
v -0.38120621 -0.64058363 -0.59284389
v -0.38120621 -0.63272375 -0.59232831
v -0.38120621 -0.62486380 -0.59166199
v -0.38120621 -0.61700392 -0.59056634
v -0.38120621 -0.60914397 -0.58881009
v -0.38120621 -0.60128403 -0.58571744
v -0.38120621 -0.60101014 -0.58556420
v -0.38120621 -0.59342414 -0.58155411
v -0.37603292 -0.97070038 -0.57770425
v -0.37334630 -0.97070038 -0.57703727
v -0.37334630 -0.96284044 -0.58264065
v -0.37334630 -0.96985883 -0.57770425
v -0.37334630 -0.95498055 -0.58725476
v -0.37334630 -0.95798773 -0.58556420
v -0.37334630 -0.94712061 -0.59001827
v -0.37334630 -0.93926072 -0.59153688
v -0.37800017 -0.93140078 -0.59342414
v -0.37334630 -0.93140078 -0.59241748
v -0.37511730 -0.92354083 -0.59342414
v -0.37334630 -0.92354083 -0.59304655
v -0.37334630 -0.91568094 -0.59350121
v -0.37334630 -0.91698319 -0.59342414
v -0.37334630 -0.90782100 -0.59384876
v -0.37334630 -0.89996111 -0.59406787
v -0.37334630 -0.89210117 -0.59425563
v -0.37334630 -0.88424122 -0.59441739
v -0.37334630 -0.87638134 -0.59454900
v -0.37334630 -0.86852139 -0.59466958
v -0.37334630 -0.86066151 -0.59474963
v -0.37334630 -0.85280156 -0.59484863
v -0.37334630 -0.84494162 -0.59492248
v -0.37334630 -0.83708173 -0.59497744
v -0.37334630 -0.82922179 -0.59500343
v -0.37334630 -0.82136184 -0.59499127
v -0.37334630 -0.81350195 -0.59497666
v -0.37334630 -0.80564201 -0.59492743
v -0.37334630 -0.79778212 -0.59485787
v -0.37334630 -0.78992218 -0.59475935
v -0.37334630 -0.78206223 -0.59471220
v -0.37334630 -0.77420235 -0.59476888
v -0.37334630 -0.76634240 -0.59482622
v -0.37334630 -0.75848252 -0.59484839
v -0.37334630 -0.75062257 -0.59482485
v -0.37334630 -0.74276263 -0.59477735
v -0.37334630 -0.73490274 -0.59469479
v -0.37334630 -0.72704279 -0.59455180
v -0.37334630 -0.71918291 -0.59438628
v -0.37334630 -0.71132296 -0.59418398
v -0.37334630 -0.70346302 -0.59401047
v -0.37334630 -0.69560313 -0.59379077
v -0.37334630 -0.68774319 -0.59349144
v -0.37334630 -0.68593413 -0.59342414
v -0.37467805 -0.67988324 -0.59342414
v -0.37334630 -0.67988324 -0.59320551
v -0.37631682 -0.67202336 -0.59342414
v -0.37334630 -0.67202336 -0.59293044
v -0.37802747 -0.66416341 -0.59342414
v -0.37334630 -0.66416341 -0.59261680
v -0.37980080 -0.65630352 -0.59342414
v -0.37334630 -0.65630352 -0.59228635
v -0.37334630 -0.64844358 -0.59191668
v -0.37334630 -0.64058363 -0.59144998
v -0.37334630 -0.63272375 -0.59090638
v -0.37334630 -0.62486380 -0.59023392
v -0.37334630 -0.61700392 -0.58907354
v -0.37334630 -0.60914397 -0.58714074
v -0.37334630 -0.60535777 -0.58556420
v -0.38059068 -0.60128403 -0.58556420
v -0.37334630 -0.60128403 -0.58357650
v -0.37334630 -0.59342414 -0.57909304
v -0.36938646 -0.95498055 -0.58556420
v -0.36548638 -0.95498055 -0.58370340
v -0.36548638 -0.94712061 -0.58663779
v -0.36548638 -0.95021558 -0.58556420
v -0.36548638 -0.93926072 -0.58829629
v -0.36548638 -0.93140078 -0.58930951
v -0.36548638 -0.92354083 -0.58997715
v -0.37314141 -0.91568094 -0.59342414
v -0.36548638 -0.91568094 -0.59044755
v -0.37220177 -0.90782100 -0.59342414
v -0.36548638 -0.90782100 -0.59080267
v -0.37158310 -0.89996111 -0.59342414
v -0.36548638 -0.89996111 -0.59104949
v -0.37104341 -0.89210117 -0.59342414
v -0.36548638 -0.89210117 -0.59126288
v -0.37055770 -0.88424122 -0.59342414
v -0.36548638 -0.88424122 -0.59146959
v -0.37011087 -0.87638134 -0.59342414
v -0.36548638 -0.87638134 -0.59167695
v -0.36974347 -0.86852139 -0.59342414
v -0.36548638 -0.86852139 -0.59182590
v -0.36941484 -0.86066151 -0.59342414
v -0.36548638 -0.86066151 -0.59197909
v -0.36913487 -0.85280156 -0.59342414
v -0.36548638 -0.85280156 -0.59208030
v -0.36889356 -0.84494162 -0.59342414
v -0.36548638 -0.84494162 -0.59217191
v -0.36872157 -0.83708173 -0.59342414
v -0.36548638 -0.83708173 -0.59223628
v -0.36863822 -0.82922179 -0.59342414
v -0.36548638 -0.82922179 -0.59226733
v -0.36863828 -0.82136184 -0.59342414
v -0.36548638 -0.82136184 -0.59227556
v -0.36867541 -0.81350195 -0.59342414
v -0.36548638 -0.81350195 -0.59225607
v -0.36879197 -0.80564201 -0.59342414
v -0.36548638 -0.80564201 -0.59221077
v -0.36897248 -0.79778212 -0.59342414
v -0.36548638 -0.79778212 -0.59214520
v -0.36923927 -0.78992218 -0.59342414
v -0.36548638 -0.78992218 -0.59205127
v -0.36939153 -0.78206223 -0.59342414
v -0.36548638 -0.78206223 -0.59200633
v -0.36920789 -0.77420235 -0.59342414
v -0.36548638 -0.77420235 -0.59207743
v -0.36904126 -0.76634240 -0.59342414
v -0.36548638 -0.76634240 -0.59214336
v -0.36899316 -0.75848252 -0.59342414
v -0.36548638 -0.75848252 -0.59215796
v -0.36902487 -0.75062257 -0.59342414
v -0.36548638 -0.75062257 -0.59215987
v -0.36917511 -0.74276263 -0.59342414
v -0.36548638 -0.74276263 -0.59211195
v -0.36942858 -0.73490274 -0.59342414
v -0.36548638 -0.73490274 -0.59201944
v -0.36984852 -0.72704279 -0.59342414
v -0.36548638 -0.72704279 -0.59188521
v -0.37035182 -0.71918291 -0.59342414
v -0.36548638 -0.71918291 -0.59171468
v -0.37097901 -0.71132296 -0.59342414
v -0.36548638 -0.71132296 -0.59150898
v -0.37149957 -0.70346302 -0.59342414
v -0.36548638 -0.70346302 -0.59135216
v -0.37219387 -0.69560313 -0.59342414
v -0.36548638 -0.69560313 -0.59113270
v -0.37313589 -0.68774319 -0.59342414
v -0.36548638 -0.68774319 -0.59084594
v -0.36548638 -0.67988324 -0.59056908
v -0.36548638 -0.67202336 -0.59023941
v -0.36548638 -0.66416341 -0.58987194
v -0.36548638 -0.65630352 -0.58947486
v -0.36548638 -0.64844358 -0.58904397
v -0.36548638 -0.64058363 -0.58850127
v -0.36548638 -0.63272375 -0.58790570
v -0.36548638 -0.62486380 -0.58712214
v -0.36548638 -0.61700392 -0.58590859
v -0.36548638 -0.61561239 -0.58556420
v -0.36945713 -0.60914397 -0.58556420
v -0.36548638 -0.60914397 -0.58364540
v -0.36548638 -0.60128403 -0.57908762
v -0.36548638 -0.59889394 -0.57770425
v -0.37054750 -0.59342414 -0.57770425
v -0.36548638 -0.59342414 -0.57405329
f 5 6 7
f 4 5 7
f 8 6 5
f 9 6 8
f 10 9 8
f 11 9 10
f 12 11 10
f 13 11 12
f 14 13 12
f 15 13 14
f 16 15 14
f 17 15 16
f 18 17 16
f 19 17 18
f 20 19 18
f 21 19 20
f 22 21 20
f 23 21 22
f 24 23 22
f 25 23 24
f 26 25 24
f 27 25 26
f 28 27 26
f 29 27 28
f 30 29 28
f 31 29 30
f 32 31 30
f 33 31 32
f 34 33 32
f 35 33 34
f 36 35 34
f 37 35 36
f 38 37 36
f 39 37 38
f 40 39 38
f 41 39 40
f 42 41 40
f 43 41 42
f 44 43 42
f 45 43 44
f 46 45 44
f 47 45 46
f 48 47 46
f 49 47 48
f 50 49 48
f 51 49 50
f 52 51 50
f 53 51 52
f 54 53 52
f 55 53 54
f 56 55 54
f 57 55 56
f 58 57 56
f 59 57 58
f 58 60 59
f 74 75 76
f 2 75 74
f 2 1 75
f 1 77 75
f 78 79 80
f 78 80 77
f 78 77 3
f 3 77 1
f 81 79 78
f 82 79 81
f 3 4 81
f 78 3 81
f 7 82 81
f 7 6 82
f 6 83 82
f 4 7 81
f 6 9 83
f 83 9 84
f 9 11 84
f 84 11 85
f 11 13 85
f 85 13 86
f 13 15 86
f 86 15 87
f 15 17 87
f 87 17 88
f 17 19 88
f 88 19 89
f 19 21 89
f 89 21 90
f 21 23 90
f 90 23 91
f 23 25 91
f 91 25 92
f 25 27 92
f 92 27 93
f 27 29 93
f 93 29 94
f 29 31 94
f 94 31 95
f 31 33 95
f 95 33 96
f 33 35 96
f 96 35 97
f 35 37 97
f 97 37 98
f 37 39 98
f 98 39 99
f 39 41 99
f 99 41 100
f 41 43 100
f 100 43 101
f 43 45 101
f 101 45 102
f 45 47 102
f 102 47 103
f 47 49 103
f 103 49 104
f 49 51 104
f 104 51 105
f 51 53 105
f 105 53 106
f 53 55 106
f 106 55 107
f 55 57 107
f 107 57 108
f 57 59 108
f 108 59 109
f 110 59 60
f 110 111 59
f 111 109 59
f 60 61 110
f 112 111 110
f 113 111 112
f 61 62 112
f 110 61 112
f 114 113 112
f 115 113 114
f 62 63 114
f 112 62 114
f 116 115 114
f 117 115 116
f 63 64 116
f 114 63 116
f 118 117 116
f 119 117 118
f 64 65 118
f 116 64 118
f 120 119 118
f 121 119 120
f 65 66 120
f 118 65 120
f 122 121 120
f 123 121 122
f 66 67 122
f 120 66 122
f 124 123 122
f 125 123 124
f 67 68 124
f 122 67 124
f 126 125 124
f 127 125 126
f 68 69 126
f 124 68 126
f 126 128 127
f 128 126 69
f 128 69 129
f 129 69 70
f 70 71 129
f 129 71 130
f 71 72 130
f 130 72 131
f 132 72 73
f 132 133 72
f 133 131 72
f 134 133 132
f 135 133 134
f 136 135 134
f 137 135 136
f 136 138 137
f 76 142 143
f 75 142 76
f 144 145 146
f 144 146 142
f 144 142 77
f 77 142 75
f 80 145 144
f 80 79 145
f 79 147 145
f 77 80 144
f 79 82 147
f 147 82 148
f 82 83 148
f 148 83 149
f 150 151 152
f 150 152 149
f 150 149 84
f 84 149 83
f 153 151 150
f 154 151 153
f 84 85 153
f 150 84 153
f 155 154 153
f 156 154 155
f 85 86 155
f 153 85 155
f 157 156 155
f 158 156 157
f 86 87 157
f 155 86 157
f 159 158 157
f 160 158 159
f 87 88 159
f 157 87 159
f 161 160 159
f 162 160 161
f 88 89 161
f 159 88 161
f 163 162 161
f 164 162 163
f 89 90 163
f 161 89 163
f 165 164 163
f 166 164 165
f 90 91 165
f 163 90 165
f 167 166 165
f 168 166 167
f 91 92 167
f 165 91 167
f 169 168 167
f 170 168 169
f 92 93 169
f 167 92 169
f 171 170 169
f 172 170 171
f 93 94 171
f 169 93 171
f 173 172 171
f 174 172 173
f 94 95 173
f 171 94 173
f 175 174 173
f 176 174 175
f 95 96 175
f 173 95 175
f 177 176 175
f 178 176 177
f 96 97 177
f 175 96 177
f 179 178 177
f 180 178 179
f 97 98 179
f 177 97 179
f 181 180 179
f 182 180 181
f 98 99 181
f 179 98 181
f 183 182 181
f 184 182 183
f 99 100 183
f 181 99 183
f 185 184 183
f 186 184 185
f 100 101 185
f 183 100 185
f 187 186 185
f 188 186 187
f 101 102 187
f 185 101 187
f 189 188 187
f 190 188 189
f 102 103 189
f 187 102 189
f 191 190 189
f 192 190 191
f 103 104 191
f 189 103 191
f 193 192 191
f 194 192 193
f 104 105 193
f 191 104 193
f 195 194 193
f 196 194 195
f 105 106 195
f 193 105 195
f 197 196 195
f 198 196 197
f 106 107 197
f 195 106 197
f 199 198 197
f 200 198 199
f 107 108 199
f 197 107 199
f 201 200 199
f 202 200 201
f 108 109 201
f 199 108 201
f 201 203 202
f 203 201 109
f 203 109 204
f 204 109 111
f 111 113 204
f 204 113 205
f 113 115 205
f 205 115 206
f 115 117 206
f 206 117 207
f 117 119 207
f 207 119 208
f 119 121 208
f 208 121 209
f 121 123 209
f 209 123 210
f 123 125 210
f 210 125 211
f 125 127 211
f 211 127 212
f 213 127 128
f 213 214 127
f 214 212 127
f 128 129 213
f 215 214 213
f 216 214 215
f 129 130 215
f 213 129 215
f 217 216 215
f 218 216 217
f 130 131 217
f 215 130 217
f 219 218 217
f 220 218 219
f 131 133 219
f 217 131 219
f 219 221 220
f 221 219 133
f 221 133 222
f 222 133 135
f 135 137 222
f 222 137 223
f 224 137 138
f 224 225 137
f 225 223 137
f 138 139 224
f 226 225 224
f 227 225 226
f 139 140 226
f 224 139 226
f 226 228 227
f 229 230 228
f 141 229 228
f 141 228 226
f 141 226 140
f 231 232 233
f 234 235 236
f 232 234 236
f 231 234 232
f 231 142 234
f 231 143 142
f 146 235 234
f 146 145 235
f 145 237 235
f 142 146 234
f 145 147 237
f 237 147 238
f 239 240 241
f 239 241 238
f 239 238 148
f 148 238 147
f 242 240 239
f 243 240 242
f 148 149 242
f 239 148 242
f 152 243 242
f 152 151 243
f 151 244 243
f 149 152 242
f 151 154 244
f 244 154 245
f 154 156 245
f 245 156 246
f 156 158 246
f 246 158 247
f 158 160 247
f 247 160 248
f 160 162 248
f 248 162 249
f 162 164 249
f 249 164 250
f 164 166 250
f 250 166 251
f 166 168 251
f 251 168 252
f 168 170 252
f 252 170 253
f 170 172 253
f 253 172 254
f 172 174 254
f 254 174 255
f 174 176 255
f 255 176 256
f 176 178 256
f 256 178 257
f 178 180 257
f 257 180 258
f 180 182 258
f 258 182 259
f 182 184 259
f 259 184 260
f 184 186 260
f 260 186 261
f 186 188 261
f 261 188 262
f 188 190 262
f 262 190 263
f 190 192 263
f 263 192 264
f 192 194 264
f 264 194 265
f 194 196 265
f 265 196 266
f 196 198 266
f 266 198 267
f 198 200 267
f 267 200 268
f 200 202 268
f 268 202 269
f 270 202 203
f 270 271 202
f 271 269 202
f 203 204 270
f 272 271 270
f 273 271 272
f 204 205 272
f 270 204 272
f 274 273 272
f 275 273 274
f 205 206 274
f 272 205 274
f 276 275 274
f 277 275 276
f 206 207 276
f 274 206 276
f 278 277 276
f 279 277 278
f 207 208 278
f 276 207 278
f 280 279 278
f 281 279 280
f 208 209 280
f 278 208 280
f 282 281 280
f 283 281 282
f 209 210 282
f 280 209 282
f 284 283 282
f 285 283 284
f 210 211 284
f 282 210 284
f 284 286 285
f 286 284 211
f 286 211 287
f 287 211 212
f 212 214 287
f 287 214 288
f 214 216 288
f 288 216 289
f 216 218 289
f 289 218 290
f 218 220 290
f 290 220 291
f 292 220 221
f 292 293 220
f 293 291 220
f 221 222 292
f 294 293 292
f 295 293 294
f 222 223 294
f 292 222 294
f 296 295 294
f 297 295 296
f 223 225 296
f 294 223 296
f 296 298 297
f 298 296 225
f 298 225 299
f 299 225 227
f 300 227 228
f 300 301 227
f 301 299 227
f 228 230 300
f 233 302 303
f 232 302 233
f 236 304 305
f 235 304 236
f 302 232 236
f 305 302 236
f 235 237 304
f 304 237 306
f 307 308 309
f 307 309 306
f 307 306 238
f 238 306 237
f 241 308 307
f 241 240 308
f 240 310 308
f 238 241 307
f 240 243 310
f 310 243 311
f 243 244 311
f 311 244 312
f 244 245 312
f 312 245 313
f 245 246 313
f 313 246 314
f 246 247 314
f 314 247 315
f 247 248 315
f 315 248 316
f 248 249 316
f 316 249 317
f 249 250 317
f 317 250 318
f 250 251 318
f 318 251 319
f 251 252 319
f 319 252 320
f 252 253 320
f 320 253 321
f 253 254 321
f 321 254 322
f 254 255 322
f 322 255 323
f 255 256 323
f 323 256 324
f 256 257 324
f 324 257 325
f 257 258 325
f 325 258 326
f 258 259 326
f 326 259 327
f 259 260 327
f 327 260 328
f 260 261 328
f 328 261 329
f 261 262 329
f 329 262 330
f 262 263 330
f 330 263 331
f 263 264 331
f 331 264 332
f 264 265 332
f 332 265 333
f 265 266 333
f 333 266 334
f 266 267 334
f 334 267 335
f 267 268 335
f 335 268 336
f 268 269 336
f 336 269 337
f 269 271 337
f 337 271 338
f 271 273 338
f 338 273 339
f 273 275 339
f 339 275 340
f 275 277 340
f 340 277 341
f 277 279 341
f 341 279 342
f 279 281 342
f 342 281 343
f 281 283 343
f 343 283 344
f 283 285 344
f 344 285 345
f 346 285 286
f 346 347 285
f 347 345 285
f 286 287 346
f 348 347 346
f 349 347 348
f 287 288 348
f 346 287 348
f 350 349 348
f 351 349 350
f 288 289 350
f 348 288 350
f 350 352 351
f 352 350 289
f 352 289 353
f 353 289 290
f 290 291 353
f 353 291 354
f 291 293 354
f 354 293 355
f 293 295 355
f 355 295 356
f 295 297 356
f 356 297 357
f 358 297 298
f 358 359 297
f 359 357 297
f 298 299 358
f 358 360 359
f 360 358 299
f 360 299 361
f 361 299 301
f 303 362 363
f 302 362 303
f 305 364 365
f 304 364 305
f 362 302 305
f 365 362 305
f 304 306 364
f 364 306 366
f 309 367 368
f 308 367 309
f 366 306 309
f 368 366 309
f 308 310 367
f 367 310 369
f 310 311 369
f 369 311 370
f 311 312 370
f 370 312 371
f 312 313 371
f 371 313 372
f 313 314 372
f 372 314 373
f 314 315 373
f 373 315 374
f 315 316 374
f 374 316 375
f 316 317 375
f 375 317 376
f 317 318 376
f 376 318 377
f 318 319 377
f 377 319 378
f 319 320 378
f 378 320 379
f 320 321 379
f 379 321 380
f 321 322 380
f 380 322 381
f 322 323 381
f 381 323 382
f 323 324 382
f 382 324 383
f 324 325 383
f 383 325 384
f 325 326 384
f 384 326 385
f 326 327 385
f 385 327 386
f 327 328 386
f 386 328 387
f 328 329 387
f 387 329 388
f 329 330 388
f 388 330 389
f 330 331 389
f 389 331 390
f 331 332 390
f 390 332 391
f 332 333 391
f 391 333 392
f 333 334 392
f 392 334 393
f 334 335 393
f 393 335 394
f 335 336 394
f 394 336 395
f 336 337 395
f 395 337 396
f 337 338 396
f 396 338 397
f 338 339 397
f 397 339 398
f 339 340 398
f 398 340 399
f 340 341 399
f 399 341 400
f 341 342 400
f 400 342 401
f 342 343 401
f 401 343 402
f 343 344 402
f 402 344 403
f 344 345 403
f 403 345 404
f 345 347 404
f 404 347 405
f 347 349 405
f 405 349 406
f 349 351 406
f 406 351 407
f 408 351 352
f 408 409 351
f 409 407 351
f 352 353 408
f 410 409 408
f 411 409 410
f 353 354 410
f 408 353 410
f 410 412 411
f 412 410 354
f 412 354 413
f 413 354 355
f 355 356 413
f 413 356 414
f 356 357 414
f 414 357 415
f 357 359 415
f 415 359 416
f 359 417 416
f 360 417 359
f 417 360 361
f 418 417 361
f 363 419 420
f 362 419 363
f 365 421 422
f 364 421 365
f 419 362 365
f 422 419 365
f 364 366 421
f 421 366 423
f 368 424 425
f 367 424 368
f 423 366 368
f 425 423 368
f 367 369 424
f 424 369 426
f 369 370 426
f 426 370 427
f 370 371 427
f 427 371 428
f 371 372 428
f 428 372 429
f 372 373 429
f 429 373 430
f 373 374 430
f 430 374 431
f 374 375 431
f 431 375 432
f 375 376 432
f 432 376 433
f 376 377 433
f 433 377 434
f 377 378 434
f 434 378 435
f 378 379 435
f 435 379 436
f 379 380 436
f 436 380 437
f 380 381 437
f 437 381 438
f 381 382 438
f 438 382 439
f 382 383 439
f 439 383 440
f 383 384 440
f 440 384 441
f 384 385 441
f 441 385 442
f 385 386 442
f 442 386 443
f 386 387 443
f 443 387 444
f 387 388 444
f 444 388 445
f 388 389 445
f 445 389 446
f 389 390 446
f 446 390 447
f 390 391 447
f 447 391 448
f 391 392 448
f 448 392 449
f 392 393 449
f 449 393 450
f 393 394 450
f 450 394 451
f 394 395 451
f 451 395 452
f 395 396 452
f 452 396 453
f 396 397 453
f 453 397 454
f 397 398 454
f 454 398 455
f 398 399 455
f 455 399 456
f 399 400 456
f 456 400 457
f 400 401 457
f 457 401 458
f 401 402 458
f 458 402 459
f 402 403 459
f 459 403 460
f 403 404 460
f 460 404 461
f 404 405 461
f 461 405 462
f 405 406 462
f 462 406 463
f 406 407 463
f 463 407 464
f 407 409 464
f 464 409 465
f 409 411 465
f 465 411 466
f 467 411 412
f 467 468 411
f 468 466 411
f 412 413 467
f 467 469 468
f 469 467 413
f 469 413 470
f 470 413 414
f 414 415 470
f 470 415 471
f 415 416 471
f 471 416 472
f 416 473 472
f 417 473 416
f 473 417 418
f 474 473 418
f 420 475 476
f 419 475 420
f 422 477 478
f 421 477 422
f 475 419 422
f 478 475 422
f 421 423 477
f 477 423 479
f 425 480 481
f 424 480 425
f 479 423 425
f 481 479 425
f 424 426 480
f 480 426 482
f 426 427 482
f 482 427 483
f 427 428 483
f 483 428 484
f 428 429 484
f 484 429 485
f 429 430 485
f 485 430 486
f 430 431 486
f 486 431 487
f 431 432 487
f 487 432 488
f 432 433 488
f 488 433 489
f 433 434 489
f 489 434 490
f 434 435 490
f 490 435 491
f 435 436 491
f 491 436 492
f 436 437 492
f 492 437 493
f 437 438 493
f 493 438 494
f 438 439 494
f 494 439 495
f 439 440 495
f 495 440 496
f 440 441 496
f 496 441 497
f 441 442 497
f 497 442 498
f 442 443 498
f 498 443 499
f 443 444 499
f 499 444 500
f 444 445 500
f 500 445 501
f 445 446 501
f 501 446 502
f 446 447 502
f 502 447 503
f 447 448 503
f 503 448 504
f 448 449 504
f 504 449 505
f 449 450 505
f 505 450 506
f 450 451 506
f 506 451 507
f 451 452 507
f 507 452 508
f 452 453 508
f 508 453 509
f 453 454 509
f 509 454 510
f 454 455 510
f 510 455 511
f 455 456 511
f 511 456 512
f 456 457 512
f 512 457 513
f 457 458 513
f 513 458 514
f 458 459 514
f 514 459 515
f 459 460 515
f 515 460 516
f 460 461 516
f 516 461 517
f 461 462 517
f 517 462 518
f 462 463 518
f 518 463 519
f 463 464 519
f 519 464 520
f 464 465 520
f 520 465 521
f 465 466 521
f 521 466 522
f 466 468 522
f 522 468 523
f 468 524 523
f 469 524 468
f 524 469 470
f 525 524 470
f 470 471 525
f 525 471 526
f 471 472 526
f 526 472 527
f 472 528 527
f 473 528 472
f 528 473 474
f 529 528 474
f 476 530 531
f 475 530 476
f 478 532 533
f 477 532 478
f 530 475 478
f 533 530 478
f 477 479 532
f 532 479 534
f 481 535 536
f 480 535 481
f 534 479 481
f 536 534 481
f 480 482 535
f 535 482 537
f 482 483 537
f 537 483 538
f 483 484 538
f 538 484 539
f 484 485 539
f 539 485 540
f 485 486 540
f 540 486 541
f 486 487 541
f 541 487 542
f 487 488 542
f 542 488 543
f 488 489 543
f 543 489 544
f 489 490 544
f 544 490 545
f 490 491 545
f 545 491 546
f 491 492 546
f 546 492 547
f 492 493 547
f 547 493 548
f 493 494 548
f 548 494 549
f 494 495 549
f 549 495 550
f 495 496 550
f 550 496 551
f 496 497 551
f 551 497 552
f 497 498 552
f 552 498 553
f 498 499 553
f 553 499 554
f 499 500 554
f 554 500 555
f 500 501 555
f 555 501 556
f 501 502 556
f 556 502 557
f 502 503 557
f 557 503 558
f 503 504 558
f 558 504 559
f 504 505 559
f 559 505 560
f 505 506 560
f 560 506 561
f 506 507 561
f 561 507 562
f 507 508 562
f 562 508 563
f 508 509 563
f 563 509 564
f 509 510 564
f 564 510 565
f 510 511 565
f 565 511 566
f 511 512 566
f 566 512 567
f 512 513 567
f 567 513 568
f 513 514 568
f 568 514 569
f 514 515 569
f 569 515 570
f 515 516 570
f 570 516 571
f 516 517 571
f 571 517 572
f 517 518 572
f 572 518 573
f 518 519 573
f 573 519 574
f 519 520 574
f 574 520 575
f 520 521 575
f 575 521 576
f 521 522 576
f 576 522 577
f 522 523 577
f 577 523 578
f 523 579 578
f 524 579 523
f 579 524 525
f 580 579 525
f 525 526 580
f 580 526 581
f 526 527 581
f 581 527 582
f 583 527 528
f 583 584 527
f 584 582 527
f 528 529 583
f 531 585 586
f 530 585 531
f 533 587 588
f 532 587 533
f 585 530 533
f 588 585 533
f 532 534 587
f 587 534 589
f 536 590 591
f 535 590 536
f 589 534 536
f 591 589 536
f 535 537 590
f 590 537 592
f 537 538 592
f 592 538 593
f 538 539 593
f 593 539 594
f 539 540 594
f 594 540 595
f 540 541 595
f 595 541 596
f 541 542 596
f 596 542 597
f 542 543 597
f 597 543 598
f 543 544 598
f 598 544 599
f 544 545 599
f 599 545 600
f 545 546 600
f 600 546 601
f 546 547 601
f 601 547 602
f 547 548 602
f 602 548 603
f 548 549 603
f 603 549 604
f 549 550 604
f 604 550 605
f 550 551 605
f 605 551 606
f 551 552 606
f 606 552 607
f 552 553 607
f 607 553 608
f 553 554 608
f 608 554 609
f 554 555 609
f 609 555 610
f 555 556 610
f 610 556 611
f 556 557 611
f 611 557 612
f 557 558 612
f 612 558 613
f 558 559 613
f 613 559 614
f 559 560 614
f 614 560 615
f 560 561 615
f 615 561 616
f 561 562 616
f 616 562 617
f 562 563 617
f 617 563 618
f 563 564 618
f 618 564 619
f 564 565 619
f 619 565 620
f 565 566 620
f 620 566 621
f 566 567 621
f 621 567 622
f 567 568 622
f 622 568 623
f 568 569 623
f 623 569 624
f 569 570 624
f 624 570 625
f 570 571 625
f 625 571 626
f 571 572 626
f 626 572 627
f 572 573 627
f 627 573 628
f 573 574 628
f 628 574 629
f 574 575 629
f 629 575 630
f 575 576 630
f 630 576 631
f 576 577 631
f 631 577 632
f 577 578 632
f 632 578 633
f 578 634 633
f 579 634 578
f 634 579 580
f 635 634 580
f 580 581 635
f 635 581 636
f 581 582 636
f 636 582 637
f 582 584 637
f 637 584 638
f 586 639 640
f 585 639 586
f 588 641 642
f 587 641 588
f 639 585 588
f 642 639 588
f 587 589 641
f 641 589 643
f 591 644 645
f 590 644 591
f 643 589 591
f 645 643 591
f 590 592 644
f 644 592 646
f 592 593 646
f 646 593 647
f 593 594 647
f 647 594 648
f 594 595 648
f 648 595 649
f 595 596 649
f 649 596 650
f 596 597 650
f 650 597 651
f 597 598 651
f 651 598 652
f 598 599 652
f 652 599 653
f 599 600 653
f 653 600 654
f 600 601 654
f 654 601 655
f 601 602 655
f 655 602 656
f 602 603 656
f 656 603 657
f 603 604 657
f 657 604 658
f 604 605 658
f 658 605 659
f 605 606 659
f 659 606 660
f 606 607 660
f 660 607 661
f 607 608 661
f 661 608 662
f 608 609 662
f 662 609 663
f 609 610 663
f 663 610 664
f 610 611 664
f 664 611 665
f 611 612 665
f 665 612 666
f 612 613 666
f 666 613 667
f 613 614 667
f 667 614 668
f 614 615 668
f 668 615 669
f 615 616 669
f 669 616 670
f 616 617 670
f 670 617 671
f 617 618 671
f 671 618 672
f 618 619 672
f 672 619 673
f 619 620 673
f 673 620 674
f 620 621 674
f 674 621 675
f 621 622 675
f 675 622 676
f 622 623 676
f 676 623 677
f 623 624 677
f 677 624 678
f 624 625 678
f 678 625 679
f 625 626 679
f 679 626 680
f 626 627 680
f 680 627 681
f 627 628 681
f 681 628 682
f 628 629 682
f 682 629 683
f 629 630 683
f 683 630 684
f 630 631 684
f 684 631 685
f 631 632 685
f 685 632 686
f 632 633 686
f 686 633 687
f 633 688 687
f 634 688 633
f 688 634 635
f 689 688 635
f 635 636 689
f 689 636 690
f 636 637 690
f 690 637 691
f 637 638 691
f 691 638 692
f 640 693 694
f 639 693 640
f 642 695 696
f 641 695 642
f 693 639 642
f 696 693 642
f 641 643 695
f 695 643 697
f 645 698 699
f 644 698 645
f 697 643 645
f 699 697 645
f 644 646 698
f 698 646 700
f 646 647 700
f 700 647 701
f 647 648 701
f 701 648 702
f 648 649 702
f 702 649 703
f 649 650 703
f 703 650 704
f 650 651 704
f 704 651 705
f 651 652 705
f 705 652 706
f 652 653 706
f 706 653 707
f 653 654 707
f 707 654 708
f 654 655 708
f 708 655 709
f 655 656 709
f 709 656 710
f 656 657 710
f 710 657 711
f 657 658 711
f 711 658 712
f 658 659 712
f 712 659 713
f 659 660 713
f 713 660 714
f 660 661 714
f 714 661 715
f 661 662 715
f 715 662 716
f 662 663 716
f 716 663 717
f 663 664 717
f 717 664 718
f 664 665 718
f 718 665 719
f 665 666 719
f 719 666 720
f 666 667 720
f 720 667 721
f 667 668 721
f 721 668 722
f 668 669 722
f 722 669 723
f 669 670 723
f 723 670 724
f 670 671 724
f 724 671 725
f 671 672 725
f 725 672 726
f 672 673 726
f 726 673 727
f 673 674 727
f 727 674 728
f 674 675 728
f 728 675 729
f 675 676 729
f 729 676 730
f 676 677 730
f 730 677 731
f 677 678 731
f 731 678 732
f 678 679 732
f 732 679 733
f 679 680 733
f 733 680 734
f 680 681 734
f 734 681 735
f 681 682 735
f 735 682 736
f 682 683 736
f 736 683 737
f 683 684 737
f 737 684 738
f 684 685 738
f 738 685 739
f 685 686 739
f 739 686 740
f 686 687 740
f 740 687 741
f 687 742 741
f 688 742 687
f 742 688 689
f 743 742 689
f 689 690 743
f 743 690 744
f 690 691 744
f 744 691 745
f 691 692 745
f 745 692 746
f 694 747 748
f 693 747 694
f 696 749 750
f 695 749 696
f 747 693 696
f 750 747 696
f 695 697 749
f 749 697 751
f 699 752 753
f 698 752 699
f 751 697 699
f 753 751 699
f 698 700 752
f 752 700 754
f 700 701 754
f 754 701 755
f 701 702 755
f 755 702 756
f 702 703 756
f 756 703 757
f 703 704 757
f 757 704 758
f 704 705 758
f 758 705 759
f 705 706 759
f 759 706 760
f 706 707 760
f 760 707 761
f 707 708 761
f 761 708 762
f 708 709 762
f 762 709 763
f 709 710 763
f 763 710 764
f 710 711 764
f 764 711 765
f 711 712 765
f 765 712 766
f 712 713 766
f 766 713 767
f 713 714 767
f 767 714 768
f 714 715 768
f 768 715 769
f 715 716 769
f 769 716 770
f 716 717 770
f 770 717 771
f 717 718 771
f 771 718 772
f 718 719 772
f 772 719 773
f 719 720 773
f 773 720 774
f 720 721 774
f 774 721 775
f 721 722 775
f 775 722 776
f 722 723 776
f 776 723 777
f 723 724 777
f 777 724 778
f 724 725 778
f 778 725 779
f 725 726 779
f 779 726 780
f 726 727 780
f 780 727 781
f 727 728 781
f 781 728 782
f 728 729 782
f 782 729 783
f 729 730 783
f 783 730 784
f 730 731 784
f 784 731 785
f 731 732 785
f 785 732 786
f 732 733 786
f 786 733 787
f 733 734 787
f 787 734 788
f 734 735 788
f 788 735 789
f 735 736 789
f 789 736 790
f 736 737 790
f 790 737 791
f 737 738 791
f 791 738 792
f 738 739 792
f 792 739 793
f 739 740 793
f 793 740 794
f 740 741 794
f 794 741 795
f 741 796 795
f 742 796 741
f 796 742 743
f 797 796 743
f 743 744 797
f 797 744 798
f 744 745 798
f 798 745 799
f 745 746 799
f 799 746 800
f 748 801 802
f 747 801 748
f 750 803 804
f 749 803 750
f 801 747 750
f 804 801 750
f 749 751 803
f 803 751 805
f 753 806 807
f 752 806 753
f 805 751 753
f 807 805 753
f 752 754 806
f 806 754 808
f 754 755 808
f 808 755 809
f 755 756 809
f 809 756 810
f 756 757 810
f 810 757 811
f 757 758 811
f 811 758 812
f 758 759 812
f 812 759 813
f 759 760 813
f 813 760 814
f 760 761 814
f 814 761 815
f 761 762 815
f 815 762 816
f 762 763 816
f 816 763 817
f 763 764 817
f 817 764 818
f 764 765 818
f 818 765 819
f 765 766 819
f 819 766 820
f 766 767 820
f 820 767 821
f 767 768 821
f 821 768 822
f 768 769 822
f 822 769 823
f 769 770 823
f 823 770 824
f 770 771 824
f 824 771 825
f 771 772 825
f 825 772 826
f 772 773 826
f 826 773 827
f 773 774 827
f 827 774 828
f 774 775 828
f 828 775 829
f 775 776 829
f 829 776 830
f 776 777 830
f 830 777 831
f 777 778 831
f 831 778 832
f 778 779 832
f 832 779 833
f 779 780 833
f 833 780 834
f 780 781 834
f 834 781 835
f 781 782 835
f 835 782 836
f 782 783 836
f 836 783 837
f 783 784 837
f 837 784 838
f 784 785 838
f 838 785 839
f 785 786 839
f 839 786 840
f 786 787 840
f 840 787 841
f 787 788 841
f 841 788 842
f 788 789 842
f 842 789 843
f 789 790 843
f 843 790 844
f 790 791 844
f 844 791 845
f 791 792 845
f 845 792 846
f 792 793 846
f 846 793 847
f 793 794 847
f 847 794 848
f 794 795 848
f 848 795 849
f 795 850 849
f 796 850 795
f 850 796 797
f 851 850 797
f 797 798 851
f 851 798 852
f 798 799 852
f 852 799 853
f 799 800 853
f 853 800 854
f 802 855 856
f 801 855 802
f 804 857 858
f 803 857 804
f 855 801 804
f 858 855 804
f 803 805 857
f 857 805 859
f 807 860 861
f 806 860 807
f 859 805 807
f 861 859 807
f 806 808 860
f 860 808 862
f 808 809 862
f 862 809 863
f 809 810 863
f 863 810 864
f 810 811 864
f 864 811 865
f 811 812 865
f 865 812 866
f 812 813 866
f 866 813 867
f 813 814 867
f 867 814 868
f 814 815 868
f 868 815 869
f 815 816 869
f 869 816 870
f 816 817 870
f 870 817 871
f 817 818 871
f 871 818 872
f 818 819 872
f 872 819 873
f 819 820 873
f 873 820 874
f 820 821 874
f 874 821 875
f 821 822 875
f 875 822 876
f 822 823 876
f 876 823 877
f 823 824 877
f 877 824 878
f 824 825 878
f 878 825 879
f 825 826 879
f 879 826 880
f 826 827 880
f 880 827 881
f 827 828 881
f 881 828 882
f 828 829 882
f 882 829 883
f 829 830 883
f 883 830 884
f 830 831 884
f 884 831 885
f 831 832 885
f 885 832 886
f 832 833 886
f 886 833 887
f 833 834 887
f 887 834 888
f 834 835 888
f 888 835 889
f 835 836 889
f 889 836 890
f 836 837 890
f 890 837 891
f 837 838 891
f 891 838 892
f 838 839 892
f 892 839 893
f 839 840 893
f 893 840 894
f 840 841 894
f 894 841 895
f 841 842 895
f 895 842 896
f 842 843 896
f 896 843 897
f 843 844 897
f 897 844 898
f 844 845 898
f 898 845 899
f 845 846 899
f 899 846 900
f 846 847 900
f 900 847 901
f 847 848 901
f 901 848 902
f 848 849 902
f 902 849 903
f 849 904 903
f 850 904 849
f 904 850 851
f 905 904 851
f 851 852 905
f 905 852 906
f 852 853 906
f 906 853 907
f 853 854 907
f 907 854 908
f 856 909 910
f 855 909 856
f 858 911 912
f 857 911 858
f 909 855 858
f 912 909 858
f 857 859 911
f 911 859 913
f 861 914 915
f 860 914 861
f 913 859 861
f 915 913 861
f 860 862 914
f 914 862 916
f 862 863 916
f 916 863 917
f 863 864 917
f 917 864 918
f 864 865 918
f 918 865 919
f 865 866 919
f 919 866 920
f 866 867 920
f 920 867 921
f 867 868 921
f 921 868 922
f 868 869 922
f 922 869 923
f 869 870 923
f 923 870 924
f 870 871 924
f 924 871 925
f 871 872 925
f 925 872 926
f 872 873 926
f 926 873 927
f 873 874 927
f 927 874 928
f 874 875 928
f 928 875 929
f 875 876 929
f 929 876 930
f 876 877 930
f 930 877 931
f 877 878 931
f 931 878 932
f 878 879 932
f 932 879 933
f 879 880 933
f 933 880 934
f 880 881 934
f 934 881 935
f 881 882 935
f 935 882 936
f 882 883 936
f 936 883 937
f 883 884 937
f 937 884 938
f 884 885 938
f 938 885 939
f 885 886 939
f 939 886 940
f 886 887 940
f 940 887 941
f 887 888 941
f 941 888 942
f 888 889 942
f 942 889 943
f 889 890 943
f 943 890 944
f 890 891 944
f 944 891 945
f 891 892 945
f 945 892 946
f 892 893 946
f 946 893 947
f 893 894 947
f 947 894 948
f 894 895 948
f 948 895 949
f 895 896 949
f 949 896 950
f 896 897 950
f 950 897 951
f 897 898 951
f 951 898 952
f 898 899 952
f 952 899 953
f 899 900 953
f 953 900 954
f 900 901 954
f 954 901 955
f 901 902 955
f 955 902 956
f 902 903 956
f 956 903 957
f 958 903 904
f 958 959 903
f 959 957 903
f 904 905 958
f 958 960 959
f 960 958 905
f 960 905 961
f 961 905 906
f 906 907 961
f 961 907 962
f 907 908 962
f 962 908 963
f 910 964 965
f 909 964 910
f 912 966 967
f 911 966 912
f 964 909 912
f 967 964 912
f 911 913 966
f 966 913 968
f 915 969 970
f 914 969 915
f 968 913 915
f 970 968 915
f 914 916 969
f 969 916 971
f 916 917 971
f 971 917 972
f 917 918 972
f 972 918 973
f 918 919 973
f 973 919 974
f 919 920 974
f 974 920 975
f 920 921 975
f 975 921 976
f 921 922 976
f 976 922 977
f 922 923 977
f 977 923 978
f 923 924 978
f 978 924 979
f 924 925 979
f 979 925 980
f 925 926 980
f 980 926 981
f 926 927 981
f 981 927 982
f 927 928 982
f 982 928 983
f 928 929 983
f 983 929 984
f 929 930 984
f 984 930 985
f 930 931 985
f 985 931 986
f 931 932 986
f 986 932 987
f 932 933 987
f 987 933 988
f 933 934 988
f 988 934 989
f 934 935 989
f 989 935 990
f 935 936 990
f 990 936 991
f 936 937 991
f 991 937 992
f 937 938 992
f 992 938 993
f 938 939 993
f 993 939 994
f 939 940 994
f 994 940 995
f 940 941 995
f 995 941 996
f 941 942 996
f 996 942 997
f 942 943 997
f 997 943 998
f 943 944 998
f 998 944 999
f 944 945 999
f 999 945 1000
f 945 946 1000
f 1000 946 1001
f 946 947 1001
f 1001 947 1002
f 947 948 1002
f 1002 948 1003
f 948 949 1003
f 1003 949 1004
f 949 950 1004
f 1004 950 1005
f 950 951 1005
f 1005 951 1006
f 951 952 1006
f 1006 952 1007
f 952 953 1007
f 1007 953 1008
f 953 954 1008
f 1008 954 1009
f 954 955 1009
f 1009 955 1010
f 955 956 1010
f 1010 956 1011
f 956 957 1011
f 1011 957 1012
f 957 959 1012
f 1012 959 1013
f 959 1014 1013
f 960 1014 959
f 1014 960 961
f 1015 1014 961
f 961 962 1015
f 1015 962 1016
f 962 963 1016
f 1016 963 1017
f 965 1018 1019
f 964 1018 965
f 967 1020 1021
f 966 1020 967
f 1018 964 967
f 1021 1018 967
f 966 968 1020
f 1020 968 1022
f 970 1023 1024
f 969 1023 970
f 1022 968 970
f 1024 1022 970
f 969 971 1023
f 1023 971 1025
f 971 972 1025
f 1025 972 1026
f 972 973 1026
f 1026 973 1027
f 973 974 1027
f 1027 974 1028
f 974 975 1028
f 1028 975 1029
f 975 976 1029
f 1029 976 1030
f 976 977 1030
f 1030 977 1031
f 977 978 1031
f 1031 978 1032
f 978 979 1032
f 1032 979 1033
f 979 980 1033
f 1033 980 1034
f 980 981 1034
f 1034 981 1035
f 981 982 1035
f 1035 982 1036
f 982 983 1036
f 1036 983 1037
f 983 984 1037
f 1037 984 1038
f 984 985 1038
f 1038 985 1039
f 985 986 1039
f 1039 986 1040
f 986 987 1040
f 1040 987 1041
f 987 988 1041
f 1041 988 1042
f 988 989 1042
f 1042 989 1043
f 989 990 1043
f 1043 990 1044
f 990 991 1044
f 1044 991 1045
f 991 992 1045
f 1045 992 1046
f 992 993 1046
f 1046 993 1047
f 993 994 1047
f 1047 994 1048
f 994 995 1048
f 1048 995 1049
f 995 996 1049
f 1049 996 1050
f 996 997 1050
f 1050 997 1051
f 997 998 1051
f 1051 998 1052
f 998 999 1052
f 1052 999 1053
f 999 1000 1053
f 1053 1000 1054
f 1000 1001 1054
f 1054 1001 1055
f 1001 1002 1055
f 1055 1002 1056
f 1002 1003 1056
f 1056 1003 1057
f 1003 1004 1057
f 1057 1004 1058
f 1004 1005 1058
f 1058 1005 1059
f 1005 1006 1059
f 1059 1006 1060
f 1006 1007 1060
f 1060 1007 1061
f 1007 1008 1061
f 1061 1008 1062
f 1008 1009 1062
f 1062 1009 1063
f 1009 1010 1063
f 1063 1010 1064
f 1010 1011 1064
f 1064 1011 1065
f 1011 1012 1065
f 1065 1012 1066
f 1012 1013 1066
f 1066 1013 1067
f 1013 1068 1067
f 1014 1068 1013
f 1068 1014 1015
f 1069 1068 1015
f 1015 1016 1069
f 1069 1016 1070
f 1016 1017 1070
f 1070 1017 1071
f 1019 1072 1073
f 1018 1072 1019
f 1021 1074 1075
f 1020 1074 1021
f 1072 1018 1021
f 1075 1072 1021
f 1020 1022 1074
f 1074 1022 1076
f 1024 1077 1078
f 1023 1077 1024
f 1076 1022 1024
f 1078 1076 1024
f 1023 1025 1077
f 1077 1025 1079
f 1025 1026 1079
f 1079 1026 1080
f 1026 1027 1080
f 1080 1027 1081
f 1027 1028 1081
f 1081 1028 1082
f 1028 1029 1082
f 1082 1029 1083
f 1029 1030 1083
f 1083 1030 1084
f 1030 1031 1084
f 1084 1031 1085
f 1031 1032 1085
f 1085 1032 1086
f 1032 1033 1086
f 1086 1033 1087
f 1033 1034 1087
f 1087 1034 1088
f 1034 1035 1088
f 1088 1035 1089
f 1035 1036 1089
f 1089 1036 1090
f 1036 1037 1090
f 1090 1037 1091
f 1037 1038 1091
f 1091 1038 1092
f 1038 1039 1092
f 1092 1039 1093
f 1039 1040 1093
f 1093 1040 1094
f 1040 1041 1094
f 1094 1041 1095
f 1041 1042 1095
f 1095 1042 1096
f 1042 1043 1096
f 1096 1043 1097
f 1043 1044 1097
f 1097 1044 1098
f 1044 1045 1098
f 1098 1045 1099
f 1045 1046 1099
f 1099 1046 1100
f 1046 1047 1100
f 1100 1047 1101
f 1047 1048 1101
f 1101 1048 1102
f 1048 1049 1102
f 1102 1049 1103
f 1049 1050 1103
f 1103 1050 1104
f 1050 1051 1104
f 1104 1051 1105
f 1051 1052 1105
f 1105 1052 1106
f 1052 1053 1106
f 1106 1053 1107
f 1053 1054 1107
f 1107 1054 1108
f 1054 1055 1108
f 1108 1055 1109
f 1055 1056 1109
f 1109 1056 1110
f 1056 1057 1110
f 1110 1057 1111
f 1057 1058 1111
f 1111 1058 1112
f 1058 1059 1112
f 1112 1059 1113
f 1059 1060 1113
f 1113 1060 1114
f 1060 1061 1114
f 1114 1061 1115
f 1061 1062 1115
f 1115 1062 1116
f 1062 1063 1116
f 1116 1063 1117
f 1063 1064 1117
f 1117 1064 1118
f 1064 1065 1118
f 1118 1065 1119
f 1065 1066 1119
f 1119 1066 1120
f 1066 1067 1120
f 1120 1067 1121
f 1067 1122 1121
f 1068 1122 1067
f 1122 1068 1069
f 1123 1122 1069
f 1069 1070 1123
f 1123 1070 1124
f 1070 1071 1124
f 1124 1071 1125
f 1073 1126 1127
f 1072 1126 1073
f 1075 1128 1129
f 1074 1128 1075
f 1126 1072 1075
f 1129 1126 1075
f 1074 1076 1128
f 1128 1076 1130
f 1078 1131 1132
f 1077 1131 1078
f 1130 1076 1078
f 1132 1130 1078
f 1077 1079 1131
f 1131 1079 1133
f 1079 1080 1133
f 1133 1080 1134
f 1080 1081 1134
f 1134 1081 1135
f 1081 1082 1135
f 1135 1082 1136
f 1082 1083 1136
f 1136 1083 1137
f 1083 1084 1137
f 1137 1084 1138
f 1084 1085 1138
f 1138 1085 1139
f 1085 1086 1139
f 1139 1086 1140
f 1086 1087 1140
f 1140 1087 1141
f 1087 1088 1141
f 1141 1088 1142
f 1088 1089 1142
f 1142 1089 1143
f 1089 1090 1143
f 1143 1090 1144
f 1090 1091 1144
f 1144 1091 1145
f 1091 1092 1145
f 1145 1092 1146
f 1092 1093 1146
f 1146 1093 1147
f 1093 1094 1147
f 1147 1094 1148
f 1094 1095 1148
f 1148 1095 1149
f 1095 1096 1149
f 1149 1096 1150
f 1096 1097 1150
f 1150 1097 1151
f 1097 1098 1151
f 1151 1098 1152
f 1098 1099 1152
f 1152 1099 1153
f 1099 1100 1153
f 1153 1100 1154
f 1100 1101 1154
f 1154 1101 1155
f 1101 1102 1155
f 1155 1102 1156
f 1102 1103 1156
f 1156 1103 1157
f 1103 1104 1157
f 1157 1104 1158
f 1104 1105 1158
f 1158 1105 1159
f 1105 1106 1159
f 1159 1106 1160
f 1106 1107 1160
f 1160 1107 1161
f 1107 1108 1161
f 1161 1108 1162
f 1108 1109 1162
f 1162 1109 1163
f 1109 1110 1163
f 1163 1110 1164
f 1110 1111 1164
f 1164 1111 1165
f 1111 1112 1165
f 1165 1112 1166
f 1112 1113 1166
f 1166 1113 1167
f 1113 1114 1167
f 1167 1114 1168
f 1114 1115 1168
f 1168 1115 1169
f 1115 1116 1169
f 1169 1116 1170
f 1116 1117 1170
f 1170 1117 1171
f 1117 1118 1171
f 1171 1118 1172
f 1118 1119 1172
f 1172 1119 1173
f 1119 1120 1173
f 1173 1120 1174
f 1120 1121 1174
f 1174 1121 1175
f 1121 1176 1175
f 1122 1176 1121
f 1176 1122 1123
f 1177 1176 1123
f 1123 1124 1177
f 1177 1124 1178
f 1124 1125 1178
f 1178 1125 1179
f 1127 1180 1181
f 1126 1180 1127
f 1129 1182 1183
f 1128 1182 1129
f 1180 1126 1129
f 1183 1180 1129
f 1128 1130 1182
f 1182 1130 1184
f 1132 1185 1186
f 1131 1185 1132
f 1184 1130 1132
f 1186 1184 1132
f 1131 1133 1185
f 1185 1133 1187
f 1133 1134 1187
f 1187 1134 1188
f 1134 1135 1188
f 1188 1135 1189
f 1135 1136 1189
f 1189 1136 1190
f 1136 1137 1190
f 1190 1137 1191
f 1137 1138 1191
f 1191 1138 1192
f 1138 1139 1192
f 1192 1139 1193
f 1139 1140 1193
f 1193 1140 1194
f 1140 1141 1194
f 1194 1141 1195
f 1141 1142 1195
f 1195 1142 1196
f 1142 1143 1196
f 1196 1143 1197
f 1143 1144 1197
f 1197 1144 1198
f 1144 1145 1198
f 1198 1145 1199
f 1145 1146 1199
f 1199 1146 1200
f 1146 1147 1200
f 1200 1147 1201
f 1147 1148 1201
f 1201 1148 1202
f 1148 1149 1202
f 1202 1149 1203
f 1149 1150 1203
f 1203 1150 1204
f 1150 1151 1204
f 1204 1151 1205
f 1151 1152 1205
f 1205 1152 1206
f 1152 1153 1206
f 1206 1153 1207
f 1153 1154 1207
f 1207 1154 1208
f 1154 1155 1208
f 1208 1155 1209
f 1155 1156 1209
f 1209 1156 1210
f 1156 1157 1210
f 1210 1157 1211
f 1157 1158 1211
f 1211 1158 1212
f 1158 1159 1212
f 1212 1159 1213
f 1159 1160 1213
f 1213 1160 1214
f 1160 1161 1214
f 1214 1161 1215
f 1161 1162 1215
f 1215 1162 1216
f 1162 1163 1216
f 1216 1163 1217
f 1163 1164 1217
f 1217 1164 1218
f 1164 1165 1218
f 1218 1165 1219
f 1165 1166 1219
f 1219 1166 1220
f 1166 1167 1220
f 1220 1167 1221
f 1167 1168 1221
f 1221 1168 1222
f 1168 1169 1222
f 1222 1169 1223
f 1169 1170 1223
f 1223 1170 1224
f 1170 1171 1224
f 1224 1171 1225
f 1171 1172 1225
f 1225 1172 1226
f 1172 1173 1226
f 1226 1173 1227
f 1173 1174 1227
f 1227 1174 1228
f 1174 1175 1228
f 1228 1175 1229
f 1175 1230 1229
f 1176 1230 1175
f 1230 1176 1177
f 1231 1230 1177
f 1177 1178 1231
f 1231 1178 1232
f 1178 1179 1232
f 1232 1179 1233
f 1181 1234 1235
f 1180 1234 1181
f 1183 1236 1237
f 1182 1236 1183
f 1234 1180 1183
f 1237 1234 1183
f 1182 1184 1236
f 1236 1184 1238
f 1186 1239 1240
f 1185 1239 1186
f 1238 1184 1186
f 1240 1238 1186
f 1185 1187 1239
f 1239 1187 1241
f 1187 1188 1241
f 1241 1188 1242
f 1188 1189 1242
f 1242 1189 1243
f 1189 1190 1243
f 1243 1190 1244
f 1190 1191 1244
f 1244 1191 1245
f 1191 1192 1245
f 1245 1192 1246
f 1192 1193 1246
f 1246 1193 1247
f 1193 1194 1247
f 1247 1194 1248
f 1194 1195 1248
f 1248 1195 1249
f 1195 1196 1249
f 1249 1196 1250
f 1196 1197 1250
f 1250 1197 1251
f 1197 1198 1251
f 1251 1198 1252
f 1198 1199 1252
f 1252 1199 1253
f 1199 1200 1253
f 1253 1200 1254
f 1200 1201 1254
f 1254 1201 1255
f 1201 1202 1255
f 1255 1202 1256
f 1202 1203 1256
f 1256 1203 1257
f 1203 1204 1257
f 1257 1204 1258
f 1204 1205 1258
f 1258 1205 1259
f 1205 1206 1259
f 1259 1206 1260
f 1206 1207 1260
f 1260 1207 1261
f 1207 1208 1261
f 1261 1208 1262
f 1208 1209 1262
f 1262 1209 1263
f 1209 1210 1263
f 1263 1210 1264
f 1210 1211 1264
f 1264 1211 1265
f 1211 1212 1265
f 1265 1212 1266
f 1212 1213 1266
f 1266 1213 1267
f 1213 1214 1267
f 1267 1214 1268
f 1214 1215 1268
f 1268 1215 1269
f 1215 1216 1269
f 1269 1216 1270
f 1216 1217 1270
f 1270 1217 1271
f 1217 1218 1271
f 1271 1218 1272
f 1218 1219 1272
f 1272 1219 1273
f 1219 1220 1273
f 1273 1220 1274
f 1220 1221 1274
f 1274 1221 1275
f 1221 1222 1275
f 1275 1222 1276
f 1222 1223 1276
f 1276 1223 1277
f 1223 1224 1277
f 1277 1224 1278
f 1224 1225 1278
f 1278 1225 1279
f 1225 1226 1279
f 1279 1226 1280
f 1226 1227 1280
f 1280 1227 1281
f 1227 1228 1281
f 1281 1228 1282
f 1228 1229 1282
f 1282 1229 1283
f 1229 1284 1283
f 1230 1284 1229
f 1284 1230 1231
f 1285 1284 1231
f 1231 1232 1285
f 1285 1232 1286
f 1232 1233 1286
f 1286 1233 1287
f 1235 1288 1289
f 1234 1288 1235
f 1237 1290 1291
f 1236 1290 1237
f 1288 1234 1237
f 1291 1288 1237
f 1236 1238 1290
f 1290 1238 1292
f 1240 1293 1294
f 1239 1293 1240
f 1292 1238 1240
f 1294 1292 1240
f 1239 1241 1293
f 1293 1241 1295
f 1241 1242 1295
f 1295 1242 1296
f 1242 1243 1296
f 1296 1243 1297
f 1243 1244 1297
f 1297 1244 1298
f 1244 1245 1298
f 1298 1245 1299
f 1245 1246 1299
f 1299 1246 1300
f 1246 1247 1300
f 1300 1247 1301
f 1247 1248 1301
f 1301 1248 1302
f 1248 1249 1302
f 1302 1249 1303
f 1249 1250 1303
f 1303 1250 1304
f 1250 1251 1304
f 1304 1251 1305
f 1251 1252 1305
f 1305 1252 1306
f 1252 1253 1306
f 1306 1253 1307
f 1253 1254 1307
f 1307 1254 1308
f 1254 1255 1308
f 1308 1255 1309
f 1255 1256 1309
f 1309 1256 1310
f 1256 1257 1310
f 1310 1257 1311
f 1257 1258 1311
f 1311 1258 1312
f 1258 1259 1312
f 1312 1259 1313
f 1259 1260 1313
f 1313 1260 1314
f 1260 1261 1314
f 1314 1261 1315
f 1261 1262 1315
f 1315 1262 1316
f 1262 1263 1316
f 1316 1263 1317
f 1263 1264 1317
f 1317 1264 1318
f 1264 1265 1318
f 1318 1265 1319
f 1265 1266 1319
f 1319 1266 1320
f 1266 1267 1320
f 1320 1267 1321
f 1267 1268 1321
f 1321 1268 1322
f 1268 1269 1322
f 1322 1269 1323
f 1269 1270 1323
f 1323 1270 1324
f 1270 1271 1324
f 1324 1271 1325
f 1271 1272 1325
f 1325 1272 1326
f 1272 1273 1326
f 1326 1273 1327
f 1273 1274 1327
f 1327 1274 1328
f 1274 1275 1328
f 1328 1275 1329
f 1275 1276 1329
f 1329 1276 1330
f 1276 1277 1330
f 1330 1277 1331
f 1277 1278 1331
f 1331 1278 1332
f 1278 1279 1332
f 1332 1279 1333
f 1279 1280 1333
f 1333 1280 1334
f 1280 1281 1334
f 1334 1281 1335
f 1281 1282 1335
f 1335 1282 1336
f 1282 1283 1336
f 1336 1283 1337
f 1283 1338 1337
f 1284 1338 1283
f 1338 1284 1285
f 1339 1338 1285
f 1285 1286 1339
f 1339 1286 1340
f 1286 1287 1340
f 1340 1287 1341
f 1289 1342 1343
f 1288 1342 1289
f 1291 1344 1345
f 1290 1344 1291
f 1342 1288 1291
f 1345 1342 1291
f 1290 1292 1344
f 1344 1292 1346
f 1294 1347 1348
f 1293 1347 1294
f 1346 1292 1294
f 1348 1346 1294
f 1293 1295 1347
f 1347 1295 1349
f 1295 1296 1349
f 1349 1296 1350
f 1296 1297 1350
f 1350 1297 1351
f 1297 1298 1351
f 1351 1298 1352
f 1298 1299 1352
f 1352 1299 1353
f 1299 1300 1353
f 1353 1300 1354
f 1300 1301 1354
f 1354 1301 1355
f 1301 1302 1355
f 1355 1302 1356
f 1302 1303 1356
f 1356 1303 1357
f 1303 1304 1357
f 1357 1304 1358
f 1304 1305 1358
f 1358 1305 1359
f 1305 1306 1359
f 1359 1306 1360
f 1306 1307 1360
f 1360 1307 1361
f 1307 1308 1361
f 1361 1308 1362
f 1308 1309 1362
f 1362 1309 1363
f 1309 1310 1363
f 1363 1310 1364
f 1310 1311 1364
f 1364 1311 1365
f 1311 1312 1365
f 1365 1312 1366
f 1312 1313 1366
f 1366 1313 1367
f 1313 1314 1367
f 1367 1314 1368
f 1314 1315 1368
f 1368 1315 1369
f 1315 1316 1369
f 1369 1316 1370
f 1316 1317 1370
f 1370 1317 1371
f 1317 1318 1371
f 1371 1318 1372
f 1318 1319 1372
f 1372 1319 1373
f 1319 1320 1373
f 1373 1320 1374
f 1320 1321 1374
f 1374 1321 1375
f 1321 1322 1375
f 1375 1322 1376
f 1322 1323 1376
f 1376 1323 1377
f 1323 1324 1377
f 1377 1324 1378
f 1324 1325 1378
f 1378 1325 1379
f 1325 1326 1379
f 1379 1326 1380
f 1326 1327 1380
f 1380 1327 1381
f 1327 1328 1381
f 1381 1328 1382
f 1328 1329 1382
f 1382 1329 1383
f 1329 1330 1383
f 1383 1330 1384
f 1330 1331 1384
f 1384 1331 1385
f 1331 1332 1385
f 1385 1332 1386
f 1332 1333 1386
f 1386 1333 1387
f 1333 1334 1387
f 1387 1334 1388
f 1334 1335 1388
f 1388 1335 1389
f 1335 1336 1389
f 1389 1336 1390
f 1336 1337 1390
f 1390 1337 1391
f 1337 1392 1391
f 1338 1392 1337
f 1392 1338 1339
f 1393 1392 1339
f 1339 1340 1393
f 1393 1340 1394
f 1340 1341 1394
f 1394 1341 1395
f 1343 1396 1397
f 1342 1396 1343
f 1345 1398 1399
f 1344 1398 1345
f 1396 1342 1345
f 1399 1396 1345
f 1344 1346 1398
f 1398 1346 1400
f 1348 1401 1402
f 1347 1401 1348
f 1400 1346 1348
f 1402 1400 1348
f 1347 1349 1401
f 1401 1349 1403
f 1349 1350 1403
f 1403 1350 1404
f 1350 1351 1404
f 1404 1351 1405
f 1351 1352 1405
f 1405 1352 1406
f 1352 1353 1406
f 1406 1353 1407
f 1353 1354 1407
f 1407 1354 1408
f 1354 1355 1408
f 1408 1355 1409
f 1355 1356 1409
f 1409 1356 1410
f 1356 1357 1410
f 1410 1357 1411
f 1357 1358 1411
f 1411 1358 1412
f 1358 1359 1412
f 1412 1359 1413
f 1359 1360 1413
f 1413 1360 1414
f 1360 1361 1414
f 1414 1361 1415
f 1361 1362 1415
f 1415 1362 1416
f 1362 1363 1416
f 1416 1363 1417
f 1363 1364 1417
f 1417 1364 1418
f 1364 1365 1418
f 1418 1365 1419
f 1365 1366 1419
f 1419 1366 1420
f 1366 1367 1420
f 1420 1367 1421
f 1367 1368 1421
f 1421 1368 1422
f 1368 1369 1422
f 1422 1369 1423
f 1369 1370 1423
f 1423 1370 1424
f 1370 1371 1424
f 1424 1371 1425
f 1371 1372 1425
f 1425 1372 1426
f 1372 1373 1426
f 1426 1373 1427
f 1373 1374 1427
f 1427 1374 1428
f 1374 1375 1428
f 1428 1375 1429
f 1375 1376 1429
f 1429 1376 1430
f 1376 1377 1430
f 1430 1377 1431
f 1377 1378 1431
f 1431 1378 1432
f 1378 1379 1432
f 1432 1379 1433
f 1379 1380 1433
f 1433 1380 1434
f 1380 1381 1434
f 1434 1381 1435
f 1381 1382 1435
f 1435 1382 1436
f 1382 1383 1436
f 1436 1383 1437
f 1383 1384 1437
f 1437 1384 1438
f 1384 1385 1438
f 1438 1385 1439
f 1385 1386 1439
f 1439 1386 1440
f 1386 1387 1440
f 1440 1387 1441
f 1387 1388 1441
f 1441 1388 1442
f 1388 1389 1442
f 1442 1389 1443
f 1389 1390 1443
f 1443 1390 1444
f 1390 1391 1444
f 1444 1391 1445
f 1391 1446 1445
f 1392 1446 1391
f 1446 1392 1393
f 1447 1446 1393
f 1393 1394 1447
f 1447 1394 1448
f 1394 1395 1448
f 1448 1395 1449
f 1397 1450 1451
f 1396 1450 1397
f 1399 1452 1453
f 1398 1452 1399
f 1450 1396 1399
f 1453 1450 1399
f 1398 1400 1452
f 1452 1400 1454
f 1402 1455 1456
f 1401 1455 1402
f 1454 1400 1402
f 1456 1454 1402
f 1401 1403 1455
f 1455 1403 1457
f 1403 1404 1457
f 1457 1404 1458
f 1404 1405 1458
f 1458 1405 1459
f 1405 1406 1459
f 1459 1406 1460
f 1406 1407 1460
f 1460 1407 1461
f 1407 1408 1461
f 1461 1408 1462
f 1408 1409 1462
f 1462 1409 1463
f 1409 1410 1463
f 1463 1410 1464
f 1410 1411 1464
f 1464 1411 1465
f 1411 1412 1465
f 1465 1412 1466
f 1412 1413 1466
f 1466 1413 1467
f 1413 1414 1467
f 1467 1414 1468
f 1414 1415 1468
f 1468 1415 1469
f 1415 1416 1469
f 1469 1416 1470
f 1416 1417 1470
f 1470 1417 1471
f 1417 1418 1471
f 1471 1418 1472
f 1418 1419 1472
f 1472 1419 1473
f 1419 1420 1473
f 1473 1420 1474
f 1420 1421 1474
f 1474 1421 1475
f 1421 1422 1475
f 1475 1422 1476
f 1422 1423 1476
f 1476 1423 1477
f 1423 1424 1477
f 1477 1424 1478
f 1424 1425 1478
f 1478 1425 1479
f 1425 1426 1479
f 1479 1426 1480
f 1426 1427 1480
f 1480 1427 1481
f 1427 1428 1481
f 1481 1428 1482
f 1428 1429 1482
f 1482 1429 1483
f 1429 1430 1483
f 1483 1430 1484
f 1430 1431 1484
f 1484 1431 1485
f 1431 1432 1485
f 1485 1432 1486
f 1432 1433 1486
f 1486 1433 1487
f 1433 1434 1487
f 1487 1434 1488
f 1434 1435 1488
f 1488 1435 1489
f 1435 1436 1489
f 1489 1436 1490
f 1436 1437 1490
f 1490 1437 1491
f 1437 1438 1491
f 1491 1438 1492
f 1438 1439 1492
f 1492 1439 1493
f 1439 1440 1493
f 1493 1440 1494
f 1440 1441 1494
f 1494 1441 1495
f 1441 1442 1495
f 1495 1442 1496
f 1442 1443 1496
f 1496 1443 1497
f 1443 1444 1497
f 1497 1444 1498
f 1444 1445 1498
f 1498 1445 1499
f 1445 1500 1499
f 1446 1500 1445
f 1500 1446 1447
f 1501 1500 1447
f 1447 1448 1501
f 1501 1448 1502
f 1448 1449 1502
f 1502 1449 1503
f 1451 1504 1505
f 1450 1504 1451
f 1453 1506 1507
f 1452 1506 1453
f 1504 1450 1453
f 1507 1504 1453
f 1452 1454 1506
f 1506 1454 1508
f 1456 1509 1510
f 1455 1509 1456
f 1508 1454 1456
f 1510 1508 1456
f 1455 1457 1509
f 1509 1457 1511
f 1457 1458 1511
f 1511 1458 1512
f 1458 1459 1512
f 1512 1459 1513
f 1459 1460 1513
f 1513 1460 1514
f 1460 1461 1514
f 1514 1461 1515
f 1461 1462 1515
f 1515 1462 1516
f 1462 1463 1516
f 1516 1463 1517
f 1463 1464 1517
f 1517 1464 1518
f 1464 1465 1518
f 1518 1465 1519
f 1465 1466 1519
f 1519 1466 1520
f 1466 1467 1520
f 1520 1467 1521
f 1467 1468 1521
f 1521 1468 1522
f 1468 1469 1522
f 1522 1469 1523
f 1469 1470 1523
f 1523 1470 1524
f 1470 1471 1524
f 1524 1471 1525
f 1471 1472 1525
f 1525 1472 1526
f 1472 1473 1526
f 1526 1473 1527
f 1473 1474 1527
f 1527 1474 1528
f 1474 1475 1528
f 1528 1475 1529
f 1475 1476 1529
f 1529 1476 1530
f 1476 1477 1530
f 1530 1477 1531
f 1477 1478 1531
f 1531 1478 1532
f 1478 1479 1532
f 1532 1479 1533
f 1479 1480 1533
f 1533 1480 1534
f 1480 1481 1534
f 1534 1481 1535
f 1481 1482 1535
f 1535 1482 1536
f 1482 1483 1536
f 1536 1483 1537
f 1483 1484 1537
f 1537 1484 1538
f 1484 1485 1538
f 1538 1485 1539
f 1485 1486 1539
f 1539 1486 1540
f 1486 1487 1540
f 1540 1487 1541
f 1487 1488 1541
f 1541 1488 1542
f 1488 1489 1542
f 1542 1489 1543
f 1489 1490 1543
f 1543 1490 1544
f 1490 1491 1544
f 1544 1491 1545
f 1491 1492 1545
f 1545 1492 1546
f 1492 1493 1546
f 1546 1493 1547
f 1493 1494 1547
f 1547 1494 1548
f 1494 1495 1548
f 1548 1495 1549
f 1495 1496 1549
f 1549 1496 1550
f 1496 1497 1550
f 1550 1497 1551
f 1497 1498 1551
f 1551 1498 1552
f 1498 1499 1552
f 1552 1499 1553
f 1499 1554 1553
f 1500 1554 1499
f 1554 1500 1501
f 1555 1554 1501
f 1501 1502 1555
f 1555 1502 1556
f 1502 1503 1556
f 1556 1503 1557
f 1505 1558 1559
f 1504 1558 1505
f 1507 1560 1561
f 1506 1560 1507
f 1558 1504 1507
f 1561 1558 1507
f 1506 1508 1560
f 1560 1508 1562
f 1510 1563 1564
f 1509 1563 1510
f 1562 1508 1510
f 1564 1562 1510
f 1509 1511 1563
f 1563 1511 1565
f 1511 1512 1565
f 1565 1512 1566
f 1512 1513 1566
f 1566 1513 1567
f 1513 1514 1567
f 1567 1514 1568
f 1514 1515 1568
f 1568 1515 1569
f 1515 1516 1569
f 1569 1516 1570
f 1516 1517 1570
f 1570 1517 1571
f 1517 1518 1571
f 1571 1518 1572
f 1518 1519 1572
f 1572 1519 1573
f 1519 1520 1573
f 1573 1520 1574
f 1520 1521 1574
f 1574 1521 1575
f 1521 1522 1575
f 1575 1522 1576
f 1522 1523 1576
f 1576 1523 1577
f 1523 1524 1577
f 1577 1524 1578
f 1524 1525 1578
f 1578 1525 1579
f 1525 1526 1579
f 1579 1526 1580
f 1526 1527 1580
f 1580 1527 1581
f 1527 1528 1581
f 1581 1528 1582
f 1528 1529 1582
f 1582 1529 1583
f 1529 1530 1583
f 1583 1530 1584
f 1530 1531 1584
f 1584 1531 1585
f 1531 1532 1585
f 1585 1532 1586
f 1532 1533 1586
f 1586 1533 1587
f 1533 1534 1587
f 1587 1534 1588
f 1534 1535 1588
f 1588 1535 1589
f 1535 1536 1589
f 1589 1536 1590
f 1536 1537 1590
f 1590 1537 1591
f 1537 1538 1591
f 1591 1538 1592
f 1538 1539 1592
f 1592 1539 1593
f 1539 1540 1593
f 1593 1540 1594
f 1540 1541 1594
f 1594 1541 1595
f 1541 1542 1595
f 1595 1542 1596
f 1542 1543 1596
f 1596 1543 1597
f 1543 1544 1597
f 1597 1544 1598
f 1544 1545 1598
f 1598 1545 1599
f 1545 1546 1599
f 1599 1546 1600
f 1546 1547 1600
f 1600 1547 1601
f 1547 1548 1601
f 1601 1548 1602
f 1548 1549 1602
f 1602 1549 1603
f 1549 1550 1603
f 1603 1550 1604
f 1550 1551 1604
f 1604 1551 1605
f 1551 1552 1605
f 1605 1552 1606
f 1552 1553 1606
f 1606 1553 1607
f 1553 1608 1607
f 1554 1608 1553
f 1608 1554 1555
f 1609 1608 1555
f 1555 1556 1609
f 1609 1556 1610
f 1556 1557 1610
f 1610 1557 1611
f 1559 1612 1613
f 1558 1612 1559
f 1561 1614 1615
f 1560 1614 1561
f 1612 1558 1561
f 1615 1612 1561
f 1560 1562 1614
f 1614 1562 1616
f 1564 1617 1618
f 1563 1617 1564
f 1616 1562 1564
f 1618 1616 1564
f 1563 1565 1617
f 1617 1565 1619
f 1565 1566 1619
f 1619 1566 1620
f 1566 1567 1620
f 1620 1567 1621
f 1567 1568 1621
f 1621 1568 1622
f 1568 1569 1622
f 1622 1569 1623
f 1569 1570 1623
f 1623 1570 1624
f 1570 1571 1624
f 1624 1571 1625
f 1571 1572 1625
f 1625 1572 1626
f 1572 1573 1626
f 1626 1573 1627
f 1573 1574 1627
f 1627 1574 1628
f 1574 1575 1628
f 1628 1575 1629
f 1575 1576 1629
f 1629 1576 1630
f 1576 1577 1630
f 1630 1577 1631
f 1577 1578 1631
f 1631 1578 1632
f 1578 1579 1632
f 1632 1579 1633
f 1579 1580 1633
f 1633 1580 1634
f 1580 1581 1634
f 1634 1581 1635
f 1581 1582 1635
f 1635 1582 1636
f 1582 1583 1636
f 1636 1583 1637
f 1583 1584 1637
f 1637 1584 1638
f 1584 1585 1638
f 1638 1585 1639
f 1585 1586 1639
f 1639 1586 1640
f 1586 1587 1640
f 1640 1587 1641
f 1587 1588 1641
f 1641 1588 1642
f 1588 1589 1642
f 1642 1589 1643
f 1589 1590 1643
f 1643 1590 1644
f 1590 1591 1644
f 1644 1591 1645
f 1591 1592 1645
f 1645 1592 1646
f 1592 1593 1646
f 1646 1593 1647
f 1593 1594 1647
f 1647 1594 1648
f 1594 1595 1648
f 1648 1595 1649
f 1595 1596 1649
f 1649 1596 1650
f 1596 1597 1650
f 1650 1597 1651
f 1597 1598 1651
f 1651 1598 1652
f 1598 1599 1652
f 1652 1599 1653
f 1599 1600 1653
f 1653 1600 1654
f 1600 1601 1654
f 1654 1601 1655
f 1601 1602 1655
f 1655 1602 1656
f 1602 1603 1656
f 1656 1603 1657
f 1603 1604 1657
f 1657 1604 1658
f 1604 1605 1658
f 1658 1605 1659
f 1605 1606 1659
f 1659 1606 1660
f 1606 1607 1660
f 1660 1607 1661
f 1607 1662 1661
f 1608 1662 1607
f 1662 1608 1609
f 1663 1662 1609
f 1609 1610 1663
f 1663 1610 1664
f 1610 1611 1664
f 1664 1611 1665
f 1613 1666 1667
f 1612 1666 1613
f 1615 1668 1669
f 1614 1668 1615
f 1666 1612 1615
f 1669 1666 1615
f 1614 1616 1668
f 1668 1616 1670
f 1618 1671 1672
f 1617 1671 1618
f 1670 1616 1618
f 1672 1670 1618
f 1617 1619 1671
f 1671 1619 1673
f 1619 1620 1673
f 1673 1620 1674
f 1620 1621 1674
f 1674 1621 1675
f 1621 1622 1675
f 1675 1622 1676
f 1622 1623 1676
f 1676 1623 1677
f 1623 1624 1677
f 1677 1624 1678
f 1624 1625 1678
f 1678 1625 1679
f 1625 1626 1679
f 1679 1626 1680
f 1626 1627 1680
f 1680 1627 1681
f 1627 1628 1681
f 1681 1628 1682
f 1628 1629 1682
f 1682 1629 1683
f 1629 1630 1683
f 1683 1630 1684
f 1630 1631 1684
f 1684 1631 1685
f 1631 1632 1685
f 1685 1632 1686
f 1632 1633 1686
f 1686 1633 1687
f 1633 1634 1687
f 1687 1634 1688
f 1634 1635 1688
f 1688 1635 1689
f 1635 1636 1689
f 1689 1636 1690
f 1636 1637 1690
f 1690 1637 1691
f 1637 1638 1691
f 1691 1638 1692
f 1638 1639 1692
f 1692 1639 1693
f 1639 1640 1693
f 1693 1640 1694
f 1640 1641 1694
f 1694 1641 1695
f 1641 1642 1695
f 1695 1642 1696
f 1642 1643 1696
f 1696 1643 1697
f 1643 1644 1697
f 1697 1644 1698
f 1644 1645 1698
f 1698 1645 1699
f 1645 1646 1699
f 1699 1646 1700
f 1646 1647 1700
f 1700 1647 1701
f 1647 1648 1701
f 1701 1648 1702
f 1648 1649 1702
f 1702 1649 1703
f 1649 1650 1703
f 1703 1650 1704
f 1650 1651 1704
f 1704 1651 1705
f 1651 1652 1705
f 1705 1652 1706
f 1652 1653 1706
f 1706 1653 1707
f 1653 1654 1707
f 1707 1654 1708
f 1654 1655 1708
f 1708 1655 1709
f 1655 1656 1709
f 1709 1656 1710
f 1656 1657 1710
f 1710 1657 1711
f 1657 1658 1711
f 1711 1658 1712
f 1658 1659 1712
f 1712 1659 1713
f 1659 1660 1713
f 1713 1660 1714
f 1660 1661 1714
f 1714 1661 1715
f 1661 1716 1715
f 1662 1716 1661
f 1716 1662 1663
f 1717 1716 1663
f 1663 1664 1717
f 1717 1664 1718
f 1664 1665 1718
f 1718 1665 1719
f 1667 1720 1721
f 1666 1720 1667
f 1669 1722 1723
f 1668 1722 1669
f 1720 1666 1669
f 1723 1720 1669
f 1668 1670 1722
f 1722 1670 1724
f 1672 1671 1725
f 1672 1725 1726
f 1672 1726 1670
f 1670 1726 1724
f 1725 1727 1728
f 1725 1671 1727
f 1671 1673 1727
f 1726 1725 1728
f 1673 1674 1727
f 1727 1674 1729
f 1674 1675 1729
f 1729 1675 1730
f 1675 1676 1730
f 1730 1676 1731
f 1676 1677 1731
f 1731 1677 1732
f 1677 1678 1732
f 1732 1678 1733
f 1678 1679 1733
f 1733 1679 1734
f 1679 1680 1734
f 1734 1680 1735
f 1680 1681 1735
f 1735 1681 1736
f 1681 1682 1736
f 1736 1682 1737
f 1682 1683 1737
f 1737 1683 1738
f 1683 1684 1738
f 1738 1684 1739
f 1684 1685 1739
f 1739 1685 1740
f 1685 1686 1740
f 1740 1686 1741
f 1686 1687 1741
f 1741 1687 1742
f 1687 1688 1742
f 1742 1688 1743
f 1688 1689 1743
f 1743 1689 1744
f 1689 1690 1744
f 1744 1690 1745
f 1690 1691 1745
f 1745 1691 1746
f 1691 1692 1746
f 1746 1692 1747
f 1692 1693 1747
f 1747 1693 1748
f 1693 1694 1748
f 1748 1694 1749
f 1694 1695 1749
f 1749 1695 1750
f 1695 1696 1750
f 1750 1696 1751
f 1696 1697 1751
f 1751 1697 1752
f 1697 1698 1752
f 1752 1698 1753
f 1698 1699 1753
f 1753 1699 1754
f 1699 1700 1754
f 1754 1700 1755
f 1700 1701 1755
f 1755 1701 1756
f 1701 1702 1756
f 1756 1702 1757
f 1702 1703 1757
f 1757 1703 1758
f 1703 1704 1758
f 1758 1704 1759
f 1704 1705 1759
f 1759 1705 1760
f 1705 1706 1760
f 1760 1706 1761
f 1706 1707 1761
f 1761 1707 1762
f 1707 1708 1762
f 1762 1708 1763
f 1708 1709 1763
f 1763 1709 1764
f 1709 1710 1764
f 1764 1710 1765
f 1710 1711 1765
f 1765 1711 1766
f 1711 1712 1766
f 1766 1712 1767
f 1712 1713 1767
f 1767 1713 1768
f 1713 1714 1768
f 1768 1714 1769
f 1770 1715 1771
f 1770 1769 1715
f 1769 1714 1715
f 1770 1771 1772
f 1715 1716 1771
f 1771 1716 1717
f 1771 1717 1772
f 1772 1717 1773
f 1717 1718 1773
f 1773 1718 1774
f 1775 1719 1776
f 1775 1774 1719
f 1774 1718 1719
f 1775 1776 1777
f 1721 1778 1779
f 1720 1778 1721
f 1723 1722 1780
f 1723 1780 1781
f 1723 1781 1720
f 1720 1781 1778
f 1780 1782 1783
f 1780 1722 1782
f 1722 1724 1782
f 1781 1780 1783
f 1724 1726 1782
f 1782 1726 1784
f 1728 1785 1786
f 1727 1785 1728
f 1784 1726 1728
f 1786 1784 1728
f 1727 1729 1785
f 1785 1729 1787
f 1729 1730 1787
f 1787 1730 1788
f 1730 1731 1788
f 1788 1731 1789
f 1731 1732 1789
f 1789 1732 1790
f 1732 1733 1790
f 1790 1733 1791
f 1733 1734 1791
f 1791 1734 1792
f 1734 1735 1792
f 1792 1735 1793
f 1735 1736 1793
f 1793 1736 1794
f 1736 1737 1794
f 1794 1737 1795
f 1737 1738 1795
f 1795 1738 1796
f 1738 1739 1796
f 1796 1739 1797
f 1739 1740 1797
f 1797 1740 1798
f 1740 1741 1798
f 1798 1741 1799
f 1741 1742 1799
f 1799 1742 1800
f 1742 1743 1800
f 1800 1743 1801
f 1743 1744 1801
f 1801 1744 1802
f 1744 1745 1802
f 1802 1745 1803
f 1745 1746 1803
f 1803 1746 1804
f 1746 1747 1804
f 1804 1747 1805
f 1747 1748 1805
f 1805 1748 1806
f 1748 1749 1806
f 1806 1749 1807
f 1749 1750 1807
f 1807 1750 1808
f 1750 1751 1808
f 1808 1751 1809
f 1751 1752 1809
f 1809 1752 1810
f 1752 1753 1810
f 1810 1753 1811
f 1753 1754 1811
f 1811 1754 1812
f 1754 1755 1812
f 1812 1755 1813
f 1755 1756 1813
f 1813 1756 1814
f 1756 1757 1814
f 1814 1757 1815
f 1757 1758 1815
f 1815 1758 1816
f 1758 1759 1816
f 1816 1759 1817
f 1759 1760 1817
f 1817 1760 1818
f 1760 1761 1818
f 1818 1761 1819
f 1761 1762 1819
f 1819 1762 1820
f 1762 1763 1820
f 1820 1763 1821
f 1763 1764 1821
f 1821 1764 1822
f 1764 1765 1822
f 1822 1765 1823
f 1765 1766 1823
f 1823 1766 1824
f 1766 1767 1824
f 1824 1767 1825
f 1767 1768 1825
f 1825 1768 1826
f 1768 1769 1826
f 1826 1769 1827
f 1769 1828 1827
f 1770 1828 1769
f 1828 1770 1772
f 1829 1828 1772
f 1772 1773 1829
f 1829 1773 1830
f 1773 1774 1830
f 1830 1774 1831
f 1774 1832 1831
f 1775 1832 1774
f 1832 1775 1777
f 1833 1832 1777
f 1779 1834 1835
f 1778 1834 1779
f 1778 1781 1834
f 1834 1781 1836
f 1783 1837 1838
f 1782 1837 1783
f 1836 1781 1783
f 1838 1836 1783
f 1782 1784 1837
f 1837 1784 1839
f 1786 1840 1841
f 1785 1840 1786
f 1839 1784 1786
f 1841 1839 1786
f 1785 1787 1840
f 1840 1787 1842
f 1787 1788 1842
f 1842 1788 1843
f 1788 1789 1843
f 1843 1789 1844
f 1789 1790 1844
f 1844 1790 1845
f 1790 1791 1845
f 1845 1791 1846
f 1791 1792 1846
f 1846 1792 1847
f 1792 1793 1847
f 1847 1793 1848
f 1793 1794 1848
f 1848 1794 1849
f 1794 1795 1849
f 1849 1795 1850
f 1795 1796 1850
f 1850 1796 1851
f 1796 1797 1851
f 1851 1797 1852
f 1797 1798 1852
f 1852 1798 1853
f 1798 1799 1853
f 1853 1799 1854
f 1799 1800 1854
f 1854 1800 1855
f 1800 1801 1855
f 1855 1801 1856
f 1801 1802 1856
f 1856 1802 1857
f 1802 1803 1857
f 1857 1803 1858
f 1803 1804 1858
f 1858 1804 1859
f 1804 1805 1859
f 1859 1805 1860
f 1805 1806 1860
f 1860 1806 1861
f 1806 1807 1861
f 1861 1807 1862
f 1807 1808 1862
f 1862 1808 1863
f 1808 1809 1863
f 1863 1809 1864
f 1809 1810 1864
f 1864 1810 1865
f 1810 1811 1865
f 1865 1811 1866
f 1811 1812 1866
f 1866 1812 1867
f 1812 1813 1867
f 1867 1813 1868
f 1813 1814 1868
f 1868 1814 1869
f 1814 1815 1869
f 1869 1815 1870
f 1815 1816 1870
f 1870 1816 1871
f 1816 1817 1871
f 1871 1817 1872
f 1817 1818 1872
f 1872 1818 1873
f 1818 1819 1873
f 1873 1819 1874
f 1819 1820 1874
f 1874 1820 1875
f 1820 1821 1875
f 1875 1821 1876
f 1821 1822 1876
f 1876 1822 1877
f 1822 1823 1877
f 1877 1823 1878
f 1823 1824 1878
f 1878 1824 1879
f 1824 1825 1879
f 1879 1825 1880
f 1825 1826 1880
f 1880 1826 1881
f 1826 1827 1881
f 1881 1827 1882
f 1827 1883 1882
f 1828 1883 1827
f 1883 1828 1829
f 1884 1883 1829
f 1829 1830 1884
f 1884 1830 1885
f 1830 1831 1885
f 1885 1831 1886
f 1831 1887 1886
f 1832 1887 1831
f 1887 1832 1833
f 1888 1887 1833
f 1835 1834 1889
f 1889 1890 1891
f 1889 1834 1890
f 1834 1836 1890
f 1838 1892 1893
f 1837 1892 1838
f 1890 1836 1838
f 1893 1890 1838
f 1837 1839 1892
f 1892 1839 1894
f 1841 1895 1896
f 1840 1895 1841
f 1894 1839 1841
f 1896 1894 1841
f 1840 1842 1895
f 1895 1842 1897
f 1842 1843 1897
f 1897 1843 1898
f 1843 1844 1898
f 1898 1844 1899
f 1844 1845 1899
f 1899 1845 1900
f 1845 1846 1900
f 1900 1846 1901
f 1846 1847 1901
f 1901 1847 1902
f 1847 1848 1902
f 1902 1848 1903
f 1848 1849 1903
f 1903 1849 1904
f 1849 1850 1904
f 1904 1850 1905
f 1850 1851 1905
f 1905 1851 1906
f 1851 1852 1906
f 1906 1852 1907
f 1852 1853 1907
f 1907 1853 1908
f 1853 1854 1908
f 1908 1854 1909
f 1854 1855 1909
f 1909 1855 1910
f 1855 1856 1910
f 1910 1856 1911
f 1856 1857 1911
f 1911 1857 1912
f 1857 1858 1912
f 1912 1858 1913
f 1858 1859 1913
f 1913 1859 1914
f 1859 1860 1914
f 1914 1860 1915
f 1860 1861 1915
f 1915 1861 1916
f 1861 1862 1916
f 1916 1862 1917
f 1862 1863 1917
f 1917 1863 1918
f 1863 1864 1918
f 1918 1864 1919
f 1864 1865 1919
f 1919 1865 1920
f 1865 1866 1920
f 1920 1866 1921
f 1866 1867 1921
f 1921 1867 1922
f 1867 1868 1922
f 1922 1868 1923
f 1868 1869 1923
f 1923 1869 1924
f 1869 1870 1924
f 1924 1870 1925
f 1870 1871 1925
f 1925 1871 1926
f 1871 1872 1926
f 1926 1872 1927
f 1872 1873 1927
f 1927 1873 1928
f 1873 1874 1928
f 1928 1874 1929
f 1874 1875 1929
f 1929 1875 1930
f 1875 1876 1930
f 1930 1876 1931
f 1876 1877 1931
f 1931 1877 1932
f 1877 1878 1932
f 1932 1878 1933
f 1878 1879 1933
f 1933 1879 1934
f 1879 1880 1934
f 1934 1880 1935
f 1880 1881 1935
f 1935 1881 1936
f 1881 1882 1936
f 1936 1882 1937
f 1882 1938 1937
f 1883 1938 1882
f 1938 1883 1884
f 1939 1938 1884
f 1884 1885 1939
f 1939 1885 1940
f 1885 1886 1940
f 1940 1886 1941
f 1886 1942 1941
f 1887 1942 1886
f 1942 1887 1888
f 1943 1942 1888
f 1891 1944 1945
f 1890 1944 1891
f 1893 1946 1947
f 1892 1946 1893
f 1944 1890 1893
f 1947 1944 1893
f 1892 1894 1946
f 1946 1894 1948
f 1896 1949 1950
f 1895 1949 1896
f 1948 1894 1896
f 1950 1948 1896
f 1895 1897 1949
f 1949 1897 1951
f 1897 1898 1951
f 1951 1898 1952
f 1898 1899 1952
f 1952 1899 1953
f 1899 1900 1953
f 1953 1900 1954
f 1900 1901 1954
f 1954 1901 1955
f 1901 1902 1955
f 1955 1902 1956
f 1902 1903 1956
f 1956 1903 1957
f 1903 1904 1957
f 1957 1904 1958
f 1904 1905 1958
f 1958 1905 1959
f 1905 1906 1959
f 1959 1906 1960
f 1906 1907 1960
f 1960 1907 1961
f 1907 1908 1961
f 1961 1908 1962
f 1908 1909 1962
f 1962 1909 1963
f 1909 1910 1963
f 1963 1910 1964
f 1910 1911 1964
f 1964 1911 1965
f 1911 1912 1965
f 1965 1912 1966
f 1912 1913 1966
f 1966 1913 1967
f 1913 1914 1967
f 1967 1914 1968
f 1914 1915 1968
f 1968 1915 1969
f 1915 1916 1969
f 1969 1916 1970
f 1916 1917 1970
f 1970 1917 1971
f 1917 1918 1971
f 1971 1918 1972
f 1918 1919 1972
f 1972 1919 1973
f 1919 1920 1973
f 1973 1920 1974
f 1920 1921 1974
f 1974 1921 1975
f 1921 1922 1975
f 1975 1922 1976
f 1922 1923 1976
f 1976 1923 1977
f 1923 1924 1977
f 1977 1924 1978
f 1924 1925 1978
f 1978 1925 1979
f 1925 1926 1979
f 1979 1926 1980
f 1926 1927 1980
f 1980 1927 1981
f 1927 1928 1981
f 1981 1928 1982
f 1928 1929 1982
f 1982 1929 1983
f 1929 1930 1983
f 1983 1930 1984
f 1930 1931 1984
f 1984 1931 1985
f 1931 1932 1985
f 1985 1932 1986
f 1932 1933 1986
f 1986 1933 1987
f 1933 1934 1987
f 1987 1934 1988
f 1934 1935 1988
f 1988 1935 1989
f 1935 1936 1989
f 1989 1936 1990
f 1936 1937 1990
f 1990 1937 1991
f 1937 1992 1991
f 1938 1992 1937
f 1992 1938 1939
f 1993 1992 1939
f 1939 1940 1993
f 1993 1940 1994
f 1940 1941 1994
f 1994 1941 1995
f 1941 1996 1995
f 1942 1996 1941
f 1996 1942 1943
f 1997 1996 1943
f 1945 1998 1999
f 1944 1998 1945
f 1947 2000 2001
f 1946 2000 1947
f 1998 1944 1947
f 2001 1998 1947
f 1946 1948 2000
f 2000 1948 2002
f 1950 2003 2004
f 1949 2003 1950
f 2002 1948 1950
f 2004 2002 1950
f 1949 1951 2003
f 2003 1951 2005
f 1951 1952 2005
f 2005 1952 2006
f 1952 1953 2006
f 2006 1953 2007
f 1953 1954 2007
f 2007 1954 2008
f 1954 1955 2008
f 2008 1955 2009
f 1955 1956 2009
f 2009 1956 2010
f 1956 1957 2010
f 2010 1957 2011
f 1957 1958 2011
f 2011 1958 2012
f 1958 1959 2012
f 2012 1959 2013
f 1959 1960 2013
f 2013 1960 2014
f 1960 1961 2014
f 2014 1961 2015
f 1961 1962 2015
f 2015 1962 2016
f 1962 1963 2016
f 2016 1963 2017
f 1963 1964 2017
f 2017 1964 2018
f 1964 1965 2018
f 2018 1965 2019
f 1965 1966 2019
f 2019 1966 2020
f 1966 1967 2020
f 2020 1967 2021
f 1967 1968 2021
f 2021 1968 2022
f 1968 1969 2022
f 2022 1969 2023
f 1969 1970 2023
f 2023 1970 2024
f 1970 1971 2024
f 2024 1971 2025
f 1971 1972 2025
f 2025 1972 2026
f 1972 1973 2026
f 2026 1973 2027
f 1973 1974 2027
f 2027 1974 2028
f 1974 1975 2028
f 2028 1975 2029
f 1975 1976 2029
f 2029 1976 2030
f 1976 1977 2030
f 2030 1977 2031
f 1977 1978 2031
f 2031 1978 2032
f 1978 1979 2032
f 2032 1979 2033
f 1979 1980 2033
f 2033 1980 2034
f 1980 1981 2034
f 2034 1981 2035
f 1981 1982 2035
f 2035 1982 2036
f 1982 1983 2036
f 2036 1983 2037
f 1983 1984 2037
f 2037 1984 2038
f 1984 1985 2038
f 2038 1985 2039
f 1985 1986 2039
f 2039 1986 2040
f 1986 1987 2040
f 2040 1987 2041
f 1987 1988 2041
f 2041 1988 2042
f 1988 1989 2042
f 2042 1989 2043
f 1989 1990 2043
f 2043 1990 2044
f 1990 1991 2044
f 2044 1991 2045
f 1991 2046 2045
f 1992 2046 1991
f 2046 1992 1993
f 2047 2046 1993
f 1993 1994 2047
f 2047 1994 2048
f 1994 1995 2048
f 2048 1995 2049
f 1995 2050 2049
f 1996 2050 1995
f 2050 1996 1997
f 2051 2050 1997
f 1999 2052 2053
f 1998 2052 1999
f 2001 2054 2055
f 2000 2054 2001
f 2052 1998 2001
f 2055 2052 2001
f 2000 2002 2054
f 2054 2002 2056
f 2004 2057 2058
f 2003 2057 2004
f 2056 2002 2004
f 2058 2056 2004
f 2003 2005 2057
f 2057 2005 2059
f 2005 2006 2059
f 2059 2006 2060
f 2006 2007 2060
f 2060 2007 2061
f 2007 2008 2061
f 2061 2008 2062
f 2008 2009 2062
f 2062 2009 2063
f 2009 2010 2063
f 2063 2010 2064
f 2010 2011 2064
f 2064 2011 2065
f 2011 2012 2065
f 2065 2012 2066
f 2012 2013 2066
f 2066 2013 2067
f 2013 2014 2067
f 2067 2014 2068
f 2014 2015 2068
f 2068 2015 2069
f 2015 2016 2069
f 2069 2016 2070
f 2016 2017 2070
f 2070 2017 2071
f 2017 2018 2071
f 2071 2018 2072
f 2018 2019 2072
f 2072 2019 2073
f 2019 2020 2073
f 2073 2020 2074
f 2020 2021 2074
f 2074 2021 2075
f 2021 2022 2075
f 2075 2022 2076
f 2022 2023 2076
f 2076 2023 2077
f 2023 2024 2077
f 2077 2024 2078
f 2024 2025 2078
f 2078 2025 2079
f 2025 2026 2079
f 2079 2026 2080
f 2026 2027 2080
f 2080 2027 2081
f 2027 2028 2081
f 2081 2028 2082
f 2028 2029 2082
f 2082 2029 2083
f 2029 2030 2083
f 2083 2030 2084
f 2030 2031 2084
f 2084 2031 2085
f 2031 2032 2085
f 2085 2032 2086
f 2032 2033 2086
f 2086 2033 2087
f 2033 2034 2087
f 2087 2034 2088
f 2034 2035 2088
f 2088 2035 2089
f 2035 2036 2089
f 2089 2036 2090
f 2036 2037 2090
f 2090 2037 2091
f 2037 2038 2091
f 2091 2038 2092
f 2038 2039 2092
f 2092 2039 2093
f 2039 2040 2093
f 2093 2040 2094
f 2040 2041 2094
f 2094 2041 2095
f 2041 2042 2095
f 2095 2042 2096
f 2042 2043 2096
f 2096 2043 2097
f 2043 2044 2097
f 2097 2044 2098
f 2044 2045 2098
f 2098 2045 2099
f 2045 2100 2099
f 2046 2100 2045
f 2100 2046 2047
f 2101 2100 2047
f 2047 2048 2101
f 2101 2048 2102
f 2048 2049 2102
f 2102 2049 2103
f 2049 2104 2103
f 2050 2104 2049
f 2104 2050 2051
f 2105 2104 2051
f 2053 2106 2107
f 2052 2106 2053
f 2055 2108 2109
f 2054 2108 2055
f 2106 2052 2055
f 2109 2106 2055
f 2054 2056 2108
f 2108 2056 2110
f 2058 2111 2112
f 2057 2111 2058
f 2110 2056 2058
f 2112 2110 2058
f 2057 2059 2111
f 2111 2059 2113
f 2059 2060 2113
f 2113 2060 2114
f 2060 2061 2114
f 2114 2061 2115
f 2061 2062 2115
f 2115 2062 2116
f 2062 2063 2116
f 2116 2063 2117
f 2063 2064 2117
f 2117 2064 2118
f 2064 2065 2118
f 2118 2065 2119
f 2065 2066 2119
f 2119 2066 2120
f 2066 2067 2120
f 2120 2067 2121
f 2067 2068 2121
f 2121 2068 2122
f 2068 2069 2122
f 2122 2069 2123
f 2069 2070 2123
f 2123 2070 2124
f 2070 2071 2124
f 2124 2071 2125
f 2071 2072 2125
f 2125 2072 2126
f 2072 2073 2126
f 2126 2073 2127
f 2073 2074 2127
f 2127 2074 2128
f 2074 2075 2128
f 2128 2075 2129
f 2075 2076 2129
f 2129 2076 2130
f 2076 2077 2130
f 2130 2077 2131
f 2077 2078 2131
f 2131 2078 2132
f 2078 2079 2132
f 2132 2079 2133
f 2079 2080 2133
f 2133 2080 2134
f 2080 2081 2134
f 2134 2081 2135
f 2081 2082 2135
f 2135 2082 2136
f 2082 2083 2136
f 2136 2083 2137
f 2083 2084 2137
f 2137 2084 2138
f 2084 2085 2138
f 2138 2085 2139
f 2085 2086 2139
f 2139 2086 2140
f 2086 2087 2140
f 2140 2087 2141
f 2087 2088 2141
f 2141 2088 2142
f 2088 2089 2142
f 2142 2089 2143
f 2089 2090 2143
f 2143 2090 2144
f 2090 2091 2144
f 2144 2091 2145
f 2091 2092 2145
f 2145 2092 2146
f 2092 2093 2146
f 2146 2093 2147
f 2093 2094 2147
f 2147 2094 2148
f 2094 2095 2148
f 2148 2095 2149
f 2095 2096 2149
f 2149 2096 2150
f 2096 2097 2150
f 2150 2097 2151
f 2097 2098 2151
f 2151 2098 2152
f 2098 2099 2152
f 2152 2099 2153
f 2099 2154 2153
f 2100 2154 2099
f 2154 2100 2101
f 2155 2154 2101
f 2101 2102 2155
f 2155 2102 2156
f 2102 2103 2156
f 2156 2103 2157
f 2103 2158 2157
f 2104 2158 2103
f 2158 2104 2105
f 2159 2158 2105
f 2107 2160 2161
f 2106 2160 2107
f 2109 2162 2163
f 2108 2162 2109
f 2160 2106 2109
f 2163 2160 2109
f 2108 2110 2162
f 2162 2110 2164
f 2112 2165 2166
f 2111 2165 2112
f 2164 2110 2112
f 2166 2164 2112
f 2111 2113 2165
f 2165 2113 2167
f 2113 2114 2167
f 2167 2114 2168
f 2114 2115 2168
f 2168 2115 2169
f 2115 2116 2169
f 2169 2116 2170
f 2116 2117 2170
f 2170 2117 2171
f 2117 2118 2171
f 2171 2118 2172
f 2118 2119 2172
f 2172 2119 2173
f 2119 2120 2173
f 2173 2120 2174
f 2120 2121 2174
f 2174 2121 2175
f 2121 2122 2175
f 2175 2122 2176
f 2122 2123 2176
f 2176 2123 2177
f 2123 2124 2177
f 2177 2124 2178
f 2124 2125 2178
f 2178 2125 2179
f 2125 2126 2179
f 2179 2126 2180
f 2126 2127 2180
f 2180 2127 2181
f 2127 2128 2181
f 2181 2128 2182
f 2128 2129 2182
f 2182 2129 2183
f 2129 2130 2183
f 2183 2130 2184
f 2130 2131 2184
f 2184 2131 2185
f 2131 2132 2185
f 2185 2132 2186
f 2132 2133 2186
f 2186 2133 2187
f 2133 2134 2187
f 2187 2134 2188
f 2134 2135 2188
f 2188 2135 2189
f 2135 2136 2189
f 2189 2136 2190
f 2136 2137 2190
f 2190 2137 2191
f 2137 2138 2191
f 2191 2138 2192
f 2138 2139 2192
f 2192 2139 2193
f 2139 2140 2193
f 2193 2140 2194
f 2140 2141 2194
f 2194 2141 2195
f 2141 2142 2195
f 2195 2142 2196
f 2142 2143 2196
f 2196 2143 2197
f 2143 2144 2197
f 2197 2144 2198
f 2144 2145 2198
f 2198 2145 2199
f 2145 2146 2199
f 2199 2146 2200
f 2146 2147 2200
f 2200 2147 2201
f 2147 2148 2201
f 2201 2148 2202
f 2148 2149 2202
f 2202 2149 2203
f 2149 2150 2203
f 2203 2150 2204
f 2150 2151 2204
f 2204 2151 2205
f 2151 2152 2205
f 2205 2152 2206
f 2152 2153 2206
f 2206 2153 2207
f 2153 2208 2207
f 2154 2208 2153
f 2208 2154 2155
f 2209 2208 2155
f 2155 2156 2209
f 2209 2156 2210
f 2156 2157 2210
f 2210 2157 2211
f 2157 2212 2211
f 2158 2212 2157
f 2212 2158 2159
f 2213 2212 2159
f 2161 2214 2215
f 2160 2214 2161
f 2163 2216 2217
f 2162 2216 2163
f 2214 2160 2163
f 2217 2214 2163
f 2162 2164 2216
f 2216 2164 2218
f 2166 2219 2220
f 2165 2219 2166
f 2218 2164 2166
f 2220 2218 2166
f 2165 2167 2219
f 2219 2167 2221
f 2167 2168 2221
f 2221 2168 2222
f 2168 2169 2222
f 2222 2169 2223
f 2169 2170 2223
f 2223 2170 2224
f 2170 2171 2224
f 2224 2171 2225
f 2171 2172 2225
f 2225 2172 2226
f 2172 2173 2226
f 2226 2173 2227
f 2173 2174 2227
f 2227 2174 2228
f 2174 2175 2228
f 2228 2175 2229
f 2175 2176 2229
f 2229 2176 2230
f 2176 2177 2230
f 2230 2177 2231
f 2177 2178 2231
f 2231 2178 2232
f 2178 2179 2232
f 2232 2179 2233
f 2179 2180 2233
f 2233 2180 2234
f 2180 2181 2234
f 2234 2181 2235
f 2181 2182 2235
f 2235 2182 2236
f 2182 2183 2236
f 2236 2183 2237
f 2183 2184 2237
f 2237 2184 2238
f 2184 2185 2238
f 2238 2185 2239
f 2185 2186 2239
f 2239 2186 2240
f 2186 2187 2240
f 2240 2187 2241
f 2187 2188 2241
f 2241 2188 2242
f 2188 2189 2242
f 2242 2189 2243
f 2189 2190 2243
f 2243 2190 2244
f 2190 2191 2244
f 2244 2191 2245
f 2191 2192 2245
f 2245 2192 2246
f 2192 2193 2246
f 2246 2193 2247
f 2193 2194 2247
f 2247 2194 2248
f 2194 2195 2248
f 2248 2195 2249
f 2195 2196 2249
f 2249 2196 2250
f 2196 2197 2250
f 2250 2197 2251
f 2197 2198 2251
f 2251 2198 2252
f 2198 2199 2252
f 2252 2199 2253
f 2199 2200 2253
f 2253 2200 2254
f 2200 2201 2254
f 2254 2201 2255
f 2201 2202 2255
f 2255 2202 2256
f 2202 2203 2256
f 2256 2203 2257
f 2203 2204 2257
f 2257 2204 2258
f 2204 2205 2258
f 2258 2205 2259
f 2205 2206 2259
f 2259 2206 2260
f 2206 2207 2260
f 2260 2207 2261
f 2207 2262 2261
f 2208 2262 2207
f 2262 2208 2209
f 2263 2262 2209
f 2209 2210 2263
f 2263 2210 2264
f 2210 2211 2264
f 2264 2211 2265
f 2211 2266 2265
f 2212 2266 2211
f 2266 2212 2213
f 2267 2266 2213
f 2215 2268 2269
f 2214 2268 2215
f 2217 2270 2271
f 2216 2270 2217
f 2268 2214 2217
f 2271 2268 2217
f 2216 2218 2270
f 2270 2218 2272
f 2220 2273 2274
f 2219 2273 2220
f 2272 2218 2220
f 2274 2272 2220
f 2219 2221 2273
f 2273 2221 2275
f 2221 2222 2275
f 2275 2222 2276
f 2222 2223 2276
f 2276 2223 2277
f 2223 2224 2277
f 2277 2224 2278
f 2224 2225 2278
f 2278 2225 2279
f 2225 2226 2279
f 2279 2226 2280
f 2226 2227 2280
f 2280 2227 2281
f 2227 2228 2281
f 2281 2228 2282
f 2228 2229 2282
f 2282 2229 2283
f 2229 2230 2283
f 2283 2230 2284
f 2230 2231 2284
f 2284 2231 2285
f 2231 2232 2285
f 2285 2232 2286
f 2232 2233 2286
f 2286 2233 2287
f 2233 2234 2287
f 2287 2234 2288
f 2234 2235 2288
f 2288 2235 2289
f 2235 2236 2289
f 2289 2236 2290
f 2236 2237 2290
f 2290 2237 2291
f 2237 2238 2291
f 2291 2238 2292
f 2238 2239 2292
f 2292 2239 2293
f 2239 2240 2293
f 2293 2240 2294
f 2240 2241 2294
f 2294 2241 2295
f 2241 2242 2295
f 2295 2242 2296
f 2242 2243 2296
f 2296 2243 2297
f 2243 2244 2297
f 2297 2244 2298
f 2244 2245 2298
f 2298 2245 2299
f 2245 2246 2299
f 2299 2246 2300
f 2246 2247 2300
f 2300 2247 2301
f 2247 2248 2301
f 2301 2248 2302
f 2248 2249 2302
f 2302 2249 2303
f 2249 2250 2303
f 2303 2250 2304
f 2250 2251 2304
f 2304 2251 2305
f 2251 2252 2305
f 2305 2252 2306
f 2252 2253 2306
f 2306 2253 2307
f 2253 2254 2307
f 2307 2254 2308
f 2254 2255 2308
f 2308 2255 2309
f 2255 2256 2309
f 2309 2256 2310
f 2256 2257 2310
f 2310 2257 2311
f 2257 2258 2311
f 2311 2258 2312
f 2258 2259 2312
f 2312 2259 2313
f 2259 2260 2313
f 2313 2260 2314
f 2315 2261 2316
f 2315 2314 2261
f 2314 2260 2261
f 2315 2316 2317
f 2261 2262 2316
f 2316 2262 2263
f 2316 2263 2317
f 2317 2263 2318
f 2263 2264 2318
f 2318 2264 2319
f 2264 2265 2319
f 2319 2265 2320
f 2265 2321 2320
f 2266 2321 2265
f 2321 2266 2267
f 2322 2321 2267
f 2269 2323 2324
f 2268 2323 2269
f 2271 2325 2326
f 2270 2325 2271
f 2323 2268 2271
f 2326 2323 2271
f 2270 2272 2325
f 2325 2272 2327
f 2274 2273 2328
f 2274 2328 2329
f 2274 2329 2272
f 2272 2329 2327
f 2328 2330 2331
f 2328 2273 2330
f 2273 2275 2330
f 2329 2328 2331
f 2275 2276 2330
f 2330 2276 2332
f 2276 2277 2332
f 2332 2277 2333
f 2277 2278 2333
f 2333 2278 2334
f 2278 2279 2334
f 2334 2279 2335
f 2279 2280 2335
f 2335 2280 2336
f 2280 2281 2336
f 2336 2281 2337
f 2281 2282 2337
f 2337 2282 2338
f 2282 2283 2338
f 2338 2283 2339
f 2283 2284 2339
f 2339 2284 2340
f 2284 2285 2340
f 2340 2285 2341
f 2285 2286 2341
f 2341 2286 2342
f 2286 2287 2342
f 2342 2287 2343
f 2287 2288 2343
f 2343 2288 2344
f 2288 2289 2344
f 2344 2289 2345
f 2289 2290 2345
f 2345 2290 2346
f 2290 2291 2346
f 2346 2291 2347
f 2291 2292 2347
f 2347 2292 2348
f 2292 2293 2348
f 2348 2293 2349
f 2293 2294 2349
f 2349 2294 2350
f 2294 2295 2350
f 2350 2295 2351
f 2295 2296 2351
f 2351 2296 2352
f 2296 2297 2352
f 2352 2297 2353
f 2297 2298 2353
f 2353 2298 2354
f 2298 2299 2354
f 2354 2299 2355
f 2299 2300 2355
f 2355 2300 2356
f 2300 2301 2356
f 2356 2301 2357
f 2301 2302 2357
f 2357 2302 2358
f 2302 2303 2358
f 2358 2303 2359
f 2303 2304 2359
f 2359 2304 2360
f 2304 2305 2360
f 2360 2305 2361
f 2305 2306 2361
f 2361 2306 2362
f 2306 2307 2362
f 2362 2307 2363
f 2307 2308 2363
f 2363 2308 2364
f 2308 2309 2364
f 2364 2309 2365
f 2309 2310 2365
f 2365 2310 2366
f 2310 2311 2366
f 2366 2311 2367
f 2311 2312 2367
f 2367 2312 2368
f 2312 2313 2368
f 2368 2313 2369
f 2313 2314 2369
f 2369 2314 2370
f 2314 2371 2370
f 2315 2371 2314
f 2371 2315 2317
f 2372 2371 2317
f 2317 2318 2372
f 2372 2318 2373
f 2318 2319 2373
f 2373 2319 2374
f 2319 2320 2374
f 2374 2320 2375
f 2320 2376 2375
f 2321 2376 2320
f 2376 2321 2322
f 2377 2376 2322
f 2324 2378 2379
f 2323 2378 2324
f 2326 2380 2381
f 2325 2380 2326
f 2378 2323 2326
f 2381 2378 2326
f 2325 2327 2380
f 2380 2327 2382
f 2327 2329 2382
f 2382 2329 2383
f 2331 2384 2385
f 2330 2384 2331
f 2383 2329 2331
f 2385 2383 2331
f 2330 2332 2384
f 2384 2332 2386
f 2332 2333 2386
f 2386 2333 2387
f 2333 2334 2387
f 2387 2334 2388
f 2334 2335 2388
f 2388 2335 2389
f 2335 2336 2389
f 2389 2336 2390
f 2336 2337 2390
f 2390 2337 2391
f 2337 2338 2391
f 2391 2338 2392
f 2338 2339 2392
f 2392 2339 2393
f 2339 2340 2393
f 2393 2340 2394
f 2340 2341 2394
f 2394 2341 2395
f 2341 2342 2395
f 2395 2342 2396
f 2342 2343 2396
f 2396 2343 2397
f 2343 2344 2397
f 2397 2344 2398
f 2344 2345 2398
f 2398 2345 2399
f 2345 2346 2399
f 2399 2346 2400
f 2346 2347 2400
f 2400 2347 2401
f 2347 2348 2401
f 2401 2348 2402
f 2348 2349 2402
f 2402 2349 2403
f 2349 2350 2403
f 2403 2350 2404
f 2350 2351 2404
f 2404 2351 2405
f 2351 2352 2405
f 2405 2352 2406
f 2352 2353 2406
f 2406 2353 2407
f 2353 2354 2407
f 2407 2354 2408
f 2354 2355 2408
f 2408 2355 2409
f 2355 2356 2409
f 2409 2356 2410
f 2356 2357 2410
f 2410 2357 2411
f 2357 2358 2411
f 2411 2358 2412
f 2358 2359 2412
f 2412 2359 2413
f 2359 2360 2413
f 2413 2360 2414
f 2360 2361 2414
f 2414 2361 2415
f 2361 2362 2415
f 2415 2362 2416
f 2362 2363 2416
f 2416 2363 2417
f 2363 2364 2417
f 2417 2364 2418
f 2364 2365 2418
f 2418 2365 2419
f 2365 2366 2419
f 2419 2366 2420
f 2366 2367 2420
f 2420 2367 2421
f 2367 2368 2421
f 2421 2368 2422
f 2368 2369 2422
f 2422 2369 2423
f 2424 2370 2425
f 2424 2423 2370
f 2423 2369 2370
f 2424 2425 2426
f 2370 2371 2425
f 2425 2371 2372
f 2425 2372 2426
f 2426 2372 2427
f 2372 2373 2427
f 2427 2373 2428
f 2373 2374 2428
f 2428 2374 2429
f 2374 2375 2429
f 2429 2375 2430
f 2375 2431 2430
f 2376 2431 2375
f 2431 2376 2377
f 2432 2431 2377
f 2379 2433 2434
f 2378 2433 2379
f 2381 2380 2435
f 2381 2435 2436
f 2381 2436 2378
f 2378 2436 2433
f 2435 2437 2438
f 2435 2380 2437
f 2380 2382 2437
f 2436 2435 2438
f 2382 2383 2437
f 2437 2383 2439
f 2385 2384 2440
f 2385 2440 2441
f 2385 2441 2383
f 2383 2441 2439
f 2440 2442 2443
f 2440 2384 2442
f 2384 2386 2442
f 2441 2440 2443
f 2386 2387 2442
f 2442 2387 2444
f 2387 2388 2444
f 2444 2388 2445
f 2388 2389 2445
f 2445 2389 2446
f 2389 2390 2446
f 2446 2390 2447
f 2390 2391 2447
f 2447 2391 2448
f 2391 2392 2448
f 2448 2392 2449
f 2392 2393 2449
f 2449 2393 2450
f 2393 2394 2450
f 2450 2394 2451
f 2394 2395 2451
f 2451 2395 2452
f 2395 2396 2452
f 2452 2396 2453
f 2396 2397 2453
f 2453 2397 2454
f 2397 2398 2454
f 2454 2398 2455
f 2398 2399 2455
f 2455 2399 2456
f 2399 2400 2456
f 2456 2400 2457
f 2400 2401 2457
f 2457 2401 2458
f 2401 2402 2458
f 2458 2402 2459
f 2402 2403 2459
f 2459 2403 2460
f 2403 2404 2460
f 2460 2404 2461
f 2404 2405 2461
f 2461 2405 2462
f 2405 2406 2462
f 2462 2406 2463
f 2406 2407 2463
f 2463 2407 2464
f 2407 2408 2464
f 2464 2408 2465
f 2408 2409 2465
f 2465 2409 2466
f 2409 2410 2466
f 2466 2410 2467
f 2410 2411 2467
f 2467 2411 2468
f 2411 2412 2468
f 2468 2412 2469
f 2412 2413 2469
f 2469 2413 2470
f 2413 2414 2470
f 2470 2414 2471
f 2414 2415 2471
f 2471 2415 2472
f 2415 2416 2472
f 2472 2416 2473
f 2416 2417 2473
f 2473 2417 2474
f 2417 2418 2474
f 2474 2418 2475
f 2418 2419 2475
f 2475 2419 2476
f 2419 2420 2476
f 2476 2420 2477
f 2420 2421 2477
f 2477 2421 2478
f 2479 2422 2480
f 2479 2478 2422
f 2478 2421 2422
f 2479 2480 2481
f 2480 2423 2482
f 2422 2423 2480
f 2483 2481 2480
f 2482 2483 2480
f 2423 2424 2482
f 2482 2424 2426
f 2482 2426 2483
f 2483 2426 2484
f 2426 2427 2484
f 2484 2427 2485
f 2427 2428 2485
f 2485 2428 2486
f 2428 2429 2486
f 2486 2429 2487
f 2429 2430 2487
f 2487 2430 2488
f 2430 2489 2488
f 2431 2489 2430
f 2489 2431 2432
f 2490 2489 2432
f 2434 2433 2491
f 2492 2434 2491
f 2491 2493 2494
f 2491 2433 2493
f 2433 2436 2493
f 2492 2491 2494
f 2438 2495 2496
f 2437 2495 2438
f 2493 2436 2438
f 2496 2493 2438
f 2437 2439 2495
f 2495 2439 2497
f 2439 2441 2497
f 2497 2441 2498
f 2443 2442 2499
f 2443 2499 2500
f 2443 2500 2441
f 2441 2500 2498
f 2499 2444 2501
f 2442 2444 2499
f 2502 2500 2499
f 2501 2502 2499
f 2501 2503 2504
f 2501 2444 2503
f 2444 2445 2503
f 2502 2501 2504
f 2445 2446 2503
f 2503 2446 2505
f 2446 2447 2505
f 2505 2447 2506
f 2447 2448 2506
f 2506 2448 2507
f 2448 2449 2507
f 2507 2449 2508
f 2449 2450 2508
f 2508 2450 2509
f 2450 2451 2509
f 2509 2451 2510
f 2451 2452 2510
f 2510 2452 2511
f 2452 2453 2511
f 2511 2453 2512
f 2453 2454 2512
f 2512 2454 2513
f 2454 2455 2513
f 2513 2455 2514
f 2455 2456 2514
f 2514 2456 2515
f 2456 2457 2515
f 2515 2457 2516
f 2457 2458 2516
f 2516 2458 2517
f 2458 2459 2517
f 2517 2459 2518
f 2459 2460 2518
f 2518 2460 2519
f 2460 2461 2519
f 2519 2461 2520
f 2461 2462 2520
f 2520 2462 2521
f 2462 2463 2521
f 2521 2463 2522
f 2463 2464 2522
f 2522 2464 2523
f 2464 2465 2523
f 2523 2465 2524
f 2465 2466 2524
f 2524 2466 2525
f 2466 2467 2525
f 2525 2467 2526
f 2467 2468 2526
f 2526 2468 2527
f 2468 2469 2527
f 2527 2469 2528
f 2469 2470 2528
f 2528 2470 2529
f 2470 2471 2529
f 2529 2471 2530
f 2471 2472 2530
f 2530 2472 2531
f 2472 2473 2531
f 2531 2473 2532
f 2473 2474 2532
f 2532 2474 2533
f 2534 2475 2535
f 2534 2533 2475
f 2533 2474 2475
f 2534 2535 2536
f 2535 2476 2537
f 2475 2476 2535
f 2538 2536 2535
f 2537 2538 2535
f 2537 2477 2539
f 2476 2477 2537
f 2540 2538 2537
f 2539 2540 2537
f 2539 2478 2541
f 2477 2478 2539
f 2542 2540 2539
f 2541 2542 2539
f 2478 2479 2541
f 2541 2479 2481
f 2541 2481 2542
f 2542 2481 2543
f 2481 2483 2543
f 2543 2483 2544
f 2483 2484 2544
f 2544 2484 2545
f 2484 2485 2545
f 2545 2485 2546
f 2485 2486 2546
f 2546 2486 2547
f 2486 2487 2547
f 2547 2487 2548
f 2549 2488 2550
f 2549 2548 2488
f 2548 2487 2488
f 2549 2550 2551
f 2488 2489 2550
f 2550 2489 2490
f 2550 2490 2551
f 2551 2490 2552
f 2553 2555 2556
f 2553 2495 2555
f 2495 2497 2555
f 2554 2553 2556
f 2497 2498 2555
f 2555 2498 2557
f 2498 2500 2557
f 2557 2500 2558
f 2500 2502 2558
f 2558 2502 2559
f 2504 2503 2560
f 2504 2560 2561
f 2504 2561 2502
f 2502 2561 2559
f 2560 2505 2562
f 2503 2505 2560
f 2563 2561 2560
f 2562 2563 2560
f 2562 2506 2564
f 2505 2506 2562
f 2565 2563 2562
f 2564 2565 2562
f 2564 2507 2566
f 2506 2507 2564
f 2567 2565 2564
f 2566 2567 2564
f 2566 2508 2568
f 2507 2508 2566
f 2569 2567 2566
f 2568 2569 2566
f 2568 2509 2570
f 2508 2509 2568
f 2571 2569 2568
f 2570 2571 2568
f 2570 2510 2572
f 2509 2510 2570
f 2573 2571 2570
f 2572 2573 2570
f 2572 2511 2574
f 2510 2511 2572
f 2575 2573 2572
f 2574 2575 2572
f 2574 2512 2576
f 2511 2512 2574
f 2577 2575 2574
f 2576 2577 2574
f 2576 2513 2578
f 2512 2513 2576
f 2579 2577 2576
f 2578 2579 2576
f 2578 2514 2580
f 2513 2514 2578
f 2581 2579 2578
f 2580 2581 2578
f 2580 2515 2582
f 2514 2515 2580
f 2583 2581 2580
f 2582 2583 2580
f 2582 2516 2584
f 2515 2516 2582
f 2585 2583 2582
f 2584 2585 2582
f 2584 2517 2586
f 2516 2517 2584
f 2587 2585 2584
f 2586 2587 2584
f 2586 2518 2588
f 2517 2518 2586
f 2589 2587 2586
f 2588 2589 2586
f 2588 2519 2590
f 2518 2519 2588
f 2591 2589 2588
f 2590 2591 2588
f 2590 2520 2592
f 2519 2520 2590
f 2593 2591 2590
f 2592 2593 2590
f 2592 2521 2594
f 2520 2521 2592
f 2595 2593 2592
f 2594 2595 2592
f 2594 2522 2596
f 2521 2522 2594
f 2597 2595 2594
f 2596 2597 2594
f 2596 2523 2598
f 2522 2523 2596
f 2599 2597 2596
f 2598 2599 2596
f 2598 2524 2600
f 2523 2524 2598
f 2601 2599 2598
f 2600 2601 2598
f 2600 2525 2602
f 2524 2525 2600
f 2603 2601 2600
f 2602 2603 2600
f 2602 2526 2604
f 2525 2526 2602
f 2605 2603 2602
f 2604 2605 2602
f 2604 2527 2606
f 2526 2527 2604
f 2607 2605 2604
f 2606 2607 2604
f 2606 2528 2608
f 2527 2528 2606
f 2609 2607 2606
f 2608 2609 2606
f 2608 2529 2610
f 2528 2529 2608
f 2611 2609 2608
f 2610 2611 2608
f 2610 2530 2612
f 2529 2530 2610
f 2613 2611 2610
f 2612 2613 2610
f 2612 2531 2614
f 2530 2531 2612
f 2615 2613 2612
f 2614 2615 2612
f 2614 2532 2616
f 2531 2532 2614
f 2617 2615 2614
f 2616 2617 2614
f 2616 2533 2618
f 2532 2533 2616
f 2619 2617 2616
f 2618 2619 2616
f 2533 2534 2618
f 2618 2534 2536
f 2618 2536 2619
f 2619 2536 2620
f 2536 2538 2620
f 2620 2538 2621
f 2538 2540 2621
f 2621 2540 2622
f 2540 2542 2622
f 2622 2542 2623
f 2542 2543 2623
f 2623 2543 2624
f 2543 2544 2624
f 2624 2544 2625
f 2544 2545 2625
f 2625 2545 2626
f 2545 2546 2626
f 2626 2546 2627
f 2546 2547 2627
f 2627 2547 2628
f 2629 2548 2630
f 2629 2628 2548
f 2628 2547 2548
f 2629 2630 2631
f 2548 2549 2630
f 2630 2549 2551
f 2630 2551 2631
f 2631 2551 2632
f 2633 2552 2634
f 2633 2632 2552
f 2632 2551 2552
f 2633 2634 2635

