# https://github.com/mikedh/trimesh
v 0.01633614 0.09053850 1.18290949
v 0.01633614 0.09839839 1.18310797
v 0.01633614 0.10625833 1.18318570
v 0.01633614 0.11411828 1.18319082
v 0.01633614 0.12197816 1.18317324
v 0.01633614 0.12983811 1.18313771
v 0.01633614 0.13769799 1.18304151
v 0.01633614 0.14478695 1.18290478
v 0.02419609 0.04349405 1.18290478
v 0.02151668 0.05123889 1.18290478
v 0.02419609 0.05123889 1.18612009
v 0.01955026 0.05909878 1.18290478
v 0.02419609 0.05909878 1.18828094
v 0.01812094 0.06695873 1.18290478
v 0.02419609 0.06695873 1.18984437
v 0.01716560 0.07481867 1.18290478
v 0.02419609 0.07310802 1.19076473
v 0.02389127 0.07481867 1.19076473
v 0.02419609 0.07481867 1.19096780
v 0.01661336 0.08267856 1.18290478
v 0.02292413 0.08267856 1.19076473
v 0.02419609 0.08267856 1.19161505
v 0.02240729 0.09053850 1.19076473
v 0.02419609 0.09053850 1.19196504
v 0.02222174 0.09839839 1.19076473
v 0.02419609 0.09839839 1.19208795
v 0.02215821 0.10625833 1.19076473
v 0.02419609 0.10625833 1.19213027
v 0.02216583 0.11411828 1.19076473
v 0.02419609 0.11411828 1.19212550
v 0.02214319 0.12197816 1.19076473
v 0.02419609 0.12197816 1.19215465
v 0.02210861 0.12983811 1.19076473
v 0.02419609 0.12983811 1.19219148
v 0.02211446 0.13769799 1.19076473
v 0.02419609 0.13769799 1.19220006
v 0.01634389 0.14555794 1.18290478
v 0.02214384 0.14555794 1.19076473
v 0.02419609 0.14555794 1.19219685
v 0.01647317 0.15341789 1.18290478
v 0.02222204 0.15341789 1.19076473
v 0.02419609 0.15341789 1.19215906
v 0.01661164 0.16127777 1.18290478
v 0.02233768 0.16127777 1.19076473
v 0.02419609 0.16127777 1.19209731
v 0.01675802 0.16913772 1.18290478
v 0.02247351 0.16913772 1.19076473
v 0.02419609 0.16913772 1.19200605
v 0.01690787 0.17699766 1.18290478
v 0.02261817 0.17699766 1.19076473
v 0.02419609 0.17699766 1.19191188
v 0.01708478 0.18485755 1.18290478
v 0.02279973 0.18485755 1.19076473
v 0.02419609 0.18485755 1.19179064
v 0.01729256 0.19271749 1.18290478
v 0.02299792 0.19271749 1.19076473
v 0.02419609 0.19271749 1.19165319
v 0.01750553 0.20057738 1.18290478
v 0.02317595 0.20057738 1.19076473
v 0.02419609 0.20057738 1.19152993
v 0.01770926 0.20843732 1.18290478
v 0.02342445 0.20843732 1.19076473
v 0.02419609 0.20843732 1.19134617
v 0.01790035 0.21629727 1.18290478
v 0.02367741 0.21629727 1.19076473
v 0.02419609 0.21629727 1.19115728
v 0.01804483 0.22415715 1.18290478
v 0.02388614 0.22415715 1.19076473
v 0.02419609 0.22415715 1.19100171
v 0.01818842 0.23201710 1.18290478
v 0.02409035 0.23201710 1.19076473
v 0.02419609 0.23201710 1.19084626
v 0.01837277 0.23987699 1.18290478
v 0.02419609 0.23987699 1.19066042
v 0.02419609 0.23599744 1.19076473
v 0.01859212 0.24773693 1.18290478
v 0.02419609 0.24773693 1.19039315
v 0.01882505 0.25559688 1.18290478
v 0.02419609 0.25559688 1.19005990
v 0.01910108 0.26345676 1.18290478
v 0.02419609 0.26345676 1.18971652
v 0.01939720 0.27131671 1.18290478
v 0.02419609 0.27131671 1.18932134
v 0.01972049 0.27917659 1.18290478
v 0.02419609 0.27917659 1.18890208
v 0.02010882 0.28703654 1.18290478
v 0.02419609 0.28703654 1.18840301
v 0.02053267 0.29489648 1.18290478
v 0.02419609 0.29489648 1.18788236
v 0.02098167 0.30275637 1.18290478
v 0.02419609 0.30275637 1.18729484
v 0.02145934 0.31061631 1.18290478
v 0.02419609 0.31061631 1.18666917
v 0.02194977 0.31847626 1.18290478
v 0.02419609 0.31847626 1.18599570
v 0.02247423 0.32633615 1.18290478
v 0.02419609 0.32633615 1.18527591
v 0.02312607 0.33419609 1.18290478
v 0.02419609 0.33419609 1.18438274
v 0.02381366 0.34205598 1.18290478
v 0.02419609 0.34205598 1.18343133
v 0.02419609 0.34608716 1.18290478
v 0.03205597 0.03188807 1.18290478
v 0.02942562 0.03551906 1.18290478
v 0.03205597 0.03551906 1.18464530
v 0.02424943 0.04337895 1.18290478
v 0.03205597 0.04337895 1.18816411
v 0.03205597 0.05123889 1.19039160
v 0.03205597 0.05377746 1.19076473
v 0.02975446 0.05909878 1.19076473
v 0.03205597 0.05909878 1.19151360
v 0.02645659 0.06695873 1.19076473
v 0.03205597 0.06695873 1.19249791
v 0.03205597 0.07481867 1.19342375
v 0.03205597 0.08267856 1.19404489
v 0.03205597 0.09053850 1.19439256
v 0.03205597 0.09839839 1.19452703
v 0.03205597 0.10625833 1.19455940
v 0.03205597 0.11411828 1.19459033
v 0.03205597 0.12197816 1.19463187
v 0.03205597 0.12983811 1.19467884
v 0.03205597 0.13769799 1.19470453
v 0.03205597 0.14555794 1.19470656
v 0.03205597 0.15341789 1.19469172
v 0.03205597 0.16127777 1.19463342
v 0.03205597 0.16913772 1.19456828
v 0.03205597 0.17699766 1.19446349
v 0.03205597 0.18485755 1.19434434
v 0.03205597 0.19271749 1.19423020
v 0.03205597 0.20057738 1.19410604
v 0.03205597 0.20843732 1.19395757
v 0.03205597 0.21629727 1.19380361
v 0.03205597 0.22415715 1.19367921
v 0.03205597 0.23201710 1.19359332
v 0.02440107 0.23987699 1.19076473
v 0.03205597 0.23987699 1.19346899
v 0.02490664 0.24773693 1.19076473
v 0.03205597 0.24773693 1.19334328
v 0.02552402 0.25559688 1.19076473
v 0.03205597 0.25559688 1.19315344
v 0.02614468 0.26345676 1.19076473
v 0.03205597 0.26345676 1.19294006
v 0.02683765 0.27131671 1.19076473
v 0.03205597 0.27131671 1.19270515
v 0.02755505 0.27917659 1.19076473
v 0.03205597 0.27917659 1.19245219
v 0.02836961 0.28703654 1.19076473
v 0.03205597 0.28703654 1.19216973
v 0.02917248 0.29489648 1.19076473
v 0.03205597 0.29489648 1.19188815
v 0.02999830 0.30275637 1.19076473
v 0.03205597 0.30275637 1.19159144
v 0.03087020 0.31061631 1.19076473
v 0.03205597 0.31061631 1.19125527
v 0.03173715 0.31847626 1.19076473
v 0.03205597 0.31847626 1.19090194
v 0.03205597 0.32119524 1.19076473
v 0.03205597 0.32633615 1.19049609
v 0.03205597 0.33419609 1.18997353
v 0.03205597 0.34205598 1.18936706
v 0.02465457 0.34991592 1.18290478
v 0.03205597 0.34991592 1.18866557
v 0.02562392 0.35777587 1.18290478
v 0.03205597 0.35777587 1.18788213
v 0.02679545 0.36563575 1.18290478
v 0.03205597 0.36563575 1.18693167
v 0.02863497 0.37349570 1.18290478
v 0.03205597 0.37349570 1.18547368
v 0.03120518 0.38135558 1.18290478
v 0.03205597 0.38135558 1.18354416
v 0.03205597 0.38921553 1.18105638
v 0.03205597 0.38393897 1.18290478
v 0.03205597 0.39707547 1.17711312
v 0.03205597 0.39967906 1.17504489
v 0.03991592 0.02589583 1.18290478
v 0.03702414 0.02765912 1.18290478
v 0.03991592 0.02765912 1.18404514
v 0.03991592 0.03551906 1.18749404
v 0.03991592 0.04337895 1.19054896
v 0.03991592 0.04417497 1.19076473
v 0.03331375 0.05123889 1.19076473
v 0.03991592 0.05123889 1.19265622
v 0.03991592 0.05909878 1.19396752
v 0.03991592 0.06695873 1.19502616
v 0.03991592 0.07481867 1.19589102
v 0.03991592 0.08267856 1.19645590
v 0.03991592 0.09053850 1.19677216
v 0.03991592 0.09839839 1.19693863
v 0.03991592 0.10625833 1.19700229
v 0.03991592 0.11411828 1.19706768
v 0.03991592 0.12197816 1.19712514
v 0.03991592 0.12983811 1.19719660
v 0.03991592 0.13769799 1.19722515
v 0.03991592 0.14555794 1.19724208
v 0.03991592 0.15341789 1.19720668
v 0.03991592 0.16127777 1.19712800
v 0.03991592 0.16913772 1.19703901
v 0.03991592 0.17699766 1.19690496
v 0.03991592 0.18485755 1.19674003
v 0.03991592 0.19271749 1.19660825
v 0.03991592 0.20057738 1.19647884
v 0.03991592 0.20843732 1.19631761
v 0.03991592 0.21629727 1.19615233
v 0.03991592 0.22415715 1.19606733
v 0.03991592 0.23201710 1.19600075
v 0.03991592 0.23987699 1.19591600
v 0.03991592 0.24773693 1.19578260
v 0.03991592 0.25559688 1.19560957
v 0.03991592 0.26345676 1.19539249
v 0.03991592 0.27131671 1.19514406
v 0.03991592 0.27917659 1.19486970
v 0.03991592 0.28703654 1.19454211
v 0.03991592 0.29489648 1.19424278
v 0.03991592 0.30275637 1.19389522
v 0.03991592 0.31061631 1.19352740
v 0.03991592 0.31847626 1.19311970
v 0.03295135 0.32633615 1.19076473
v 0.03991592 0.32633615 1.19273341
v 0.03473353 0.33419609 1.19076473
v 0.03991592 0.33419609 1.19221365
v 0.03679830 0.34205598 1.19076473
v 0.03991592 0.34205598 1.19164479
v 0.03902769 0.34991592 1.19076473
v 0.03991592 0.34991592 1.19102305
v 0.03991592 0.35297453 1.19076473
v 0.03991592 0.35777587 1.19036752
v 0.03991592 0.36563575 1.18950987
v 0.03991592 0.37349570 1.18821746
v 0.03991592 0.38135558 1.18636370
v 0.03551000 0.38921553 1.18290478
v 0.03991592 0.38921553 1.18451035
v 0.03991592 0.39494133 1.18290478
v 0.03991592 0.39707547 1.18218774
v 0.03757536 0.40493536 1.17504489
v 0.03991592 0.40493536 1.17665476
v 0.03991592 0.41279531 1.17388034
v 0.03991592 0.40963066 1.17504489
v 0.04777586 0.02181411 1.18290478
v 0.04777586 0.02765912 1.18640423
v 0.04777586 0.03551906 1.18973726
v 0.04777586 0.03812653 1.19076473
v 0.04066211 0.04337895 1.19076473
v 0.04777586 0.04337895 1.19282854
v 0.04777586 0.05123889 1.19503891
v 0.04777586 0.05909878 1.19627661
v 0.04777586 0.06695873 1.19719291
v 0.04777586 0.07481867 1.19788253
v 0.04777586 0.08267856 1.19833010
v 0.04777586 0.09053850 1.19862068
v 0.04777586 0.09072208 1.19862467
v 0.04708648 0.09839839 1.19862467
v 0.04777586 0.09839839 1.19878978
v 0.04662484 0.10625833 1.19862467
v 0.04777586 0.10625833 1.19890672
v 0.04631680 0.11411828 1.19862467
v 0.04777586 0.11411828 1.19898099
v 0.04598075 0.12197816 1.19862467
v 0.04777586 0.12197816 1.19907117
v 0.04571211 0.12983811 1.19862467
v 0.04777586 0.12983811 1.19913459
v 0.04547679 0.13769799 1.19862467
v 0.04777586 0.13769799 1.19920331
v 0.04541016 0.14555794 1.19862467
v 0.04777586 0.14555794 1.19921809
v 0.04558116 0.15341789 1.19862467
v 0.04777586 0.15341789 1.19917166
v 0.04586160 0.16127777 1.19862467
v 0.04777586 0.16127777 1.19910318
v 0.04636276 0.16913772 1.19862467
v 0.04777586 0.16913772 1.19896984
v 0.04699153 0.17699766 1.19862467
v 0.04777586 0.17699766 1.19881582
v 0.04773736 0.18485755 1.19862467
v 0.04777586 0.18485755 1.19863403
v 0.04777586 0.18539381 1.19862467
v 0.04777586 0.19271749 1.19849670
v 0.04777586 0.20057738 1.19834870
v 0.04777586 0.20843732 1.19816566
v 0.04777586 0.21629727 1.19799763
v 0.04777586 0.22415715 1.19793350
v 0.04777586 0.23201710 1.19789809
v 0.04777586 0.23987699 1.19780290
v 0.04777586 0.24773693 1.19768953
v 0.04777586 0.25559688 1.19752884
v 0.04777586 0.26345676 1.19733417
v 0.04777586 0.27131671 1.19708258
v 0.04777586 0.27917659 1.19684088
v 0.04777586 0.28703654 1.19654405
v 0.04777586 0.29489648 1.19626099
v 0.04777586 0.30275637 1.19595122
v 0.04777586 0.31061631 1.19560045
v 0.04777586 0.31847626 1.19522697
v 0.04777586 0.32633615 1.19486725
v 0.04777586 0.33419609 1.19440651
v 0.04777586 0.34205598 1.19386214
v 0.04777586 0.34991592 1.19323045
v 0.04135191 0.35777587 1.19076473
v 0.04777586 0.35777587 1.19252473
v 0.04449064 0.36563575 1.19076473
v 0.04777586 0.36563575 1.19165748
v 0.04777586 0.37151718 1.19076473
v 0.04777586 0.37349570 1.19045949
v 0.04777586 0.38135558 1.18874854
v 0.04777586 0.38921553 1.18703026
v 0.04192758 0.39707547 1.18290478
v 0.04777586 0.39707547 1.18480241
v 0.04777586 0.40073431 1.18290478
v 0.04777586 0.40493536 1.18023342
v 0.04211122 0.41279531 1.17504489
v 0.04777586 0.41279531 1.17760366
v 0.05563575 0.01850349 1.18290478
v 0.05209625 0.01979917 1.18290478
v 0.05563575 0.01979917 1.18405747
v 0.05563575 0.02765912 1.18876147
v 0.05563575 0.03281862 1.19076473
v 0.05175477 0.03551906 1.19076473
v 0.05563575 0.03551906 1.19176304
v 0.05563575 0.04337895 1.19481486
v 0.05563575 0.05123889 1.19670141
v 0.05563575 0.05909878 1.19770813
v 0.05563575 0.06695873 1.19843650
v 0.05563575 0.06950152 1.19862467
v 0.05293632 0.07481867 1.19862467
v 0.05563575 0.07481867 1.19901073
v 0.04993981 0.08267856 1.19862467
v 0.05563575 0.08267856 1.19937915
v 0.04780519 0.09053850 1.19862467
v 0.05563575 0.09053850 1.19963259
v 0.05563575 0.09839839 1.19979781
v 0.05563575 0.10625833 1.19993675
v 0.05563575 0.11411828 1.20003396
v 0.05563575 0.12197816 1.20015222
v 0.05563575 0.12983811 1.20024180
v 0.05563575 0.13769799 1.20029855
v 0.05563575 0.14555794 1.20031321
v 0.05563575 0.15341789 1.20026356
v 0.05563575 0.16127777 1.20018125
v 0.05563575 0.16913772 1.20005929
v 0.05563575 0.17699766 1.19989592
v 0.05563575 0.18485755 1.19973749
v 0.04864496 0.19271749 1.19862467
v 0.05563575 0.19271749 1.19960296
v 0.04963249 0.20057738 1.19862467
v 0.05563575 0.20057738 1.19947606
v 0.05096859 0.20843732 1.19862467
v 0.05563575 0.20843732 1.19926953
v 0.05216390 0.21629727 1.19862467
v 0.05563575 0.21629727 1.19910473
v 0.05279219 0.22415715 1.19862467
v 0.05563575 0.22415715 1.19900894
v 0.05298835 0.23201710 1.19862467
v 0.05563575 0.23201710 1.19898766
v 0.05367172 0.23987699 1.19862467
v 0.05563575 0.23987699 1.19889593
v 0.05453473 0.24773693 1.19862467
v 0.05563575 0.24773693 1.19877613
v 0.05563575 0.25447285 1.19862467
v 0.05563575 0.25559688 1.19859886
v 0.05563575 0.26345676 1.19839537
v 0.05563575 0.27131671 1.19818056
v 0.05563575 0.27917659 1.19793010
v 0.05563575 0.28703654 1.19768488
v 0.05563575 0.29489648 1.19743949
v 0.05563575 0.30275637 1.19716543
v 0.05563575 0.31061631 1.19682902
v 0.05563575 0.31847626 1.19649190
v 0.05563575 0.32633615 1.19619119
v 0.05563575 0.33419609 1.19582796
v 0.05563575 0.34205598 1.19540036
v 0.05563575 0.34991592 1.19489872
v 0.05563575 0.35777587 1.19430888
v 0.05563575 0.36563575 1.19345927
v 0.04901600 0.37349570 1.19076473
v 0.05563575 0.37349570 1.19235975
v 0.05499804 0.38135558 1.19076473
v 0.05563575 0.38135558 1.19094509
v 0.05563575 0.38239485 1.19076473
v 0.05563575 0.38921553 1.18956214
v 0.05563575 0.39707547 1.18764645
v 0.05478162 0.40493536 1.18290478
v 0.05563575 0.40493536 1.18320155
v 0.05563575 0.40602881 1.18290478
v 0.05563575 0.41279531 1.18109524
v 0.06349570 0.00662011 1.16718495
v 0.06349570 0.01060253 1.17504489
v 0.06349570 0.01193929 1.17706972
v 0.06349570 0.01667178 1.18290478
v 0.06349570 0.01979917 1.18560749
v 0.06349570 0.02765912 1.18993503
v 0.06349570 0.02987307 1.19076473
v 0.06349570 0.03551906 1.19279099
v 0.06349570 0.04337895 1.19561398
v 0.06349570 0.05123889 1.19725239
v 0.06349570 0.05909878 1.19813067
v 0.06349570 0.06481826 1.19862467
v 0.05958158 0.06695873 1.19862467
v 0.06349570 0.06695873 1.19880980
v 0.06349570 0.07481867 1.19930780
v 0.06349570 0.08267856 1.19962323
v 0.06349570 0.09053850 1.19984788
v 0.06349570 0.09839839 1.20002896
v 0.06349570 0.10625833 1.20017385
v 0.06349570 0.11411828 1.20030671
v 0.06349570 0.12197816 1.20045149
v 0.06349570 0.12983811 1.20055187
v 0.06349570 0.13769799 1.20059776
v 0.06349570 0.14555794 1.20061409
v 0.06349570 0.15341789 1.20056927
v 0.06349570 0.16127777 1.20047545
v 0.06349570 0.16913772 1.20034975
v 0.06349570 0.17699766 1.20019889
v 0.06349570 0.18485755 1.20005411
v 0.06349570 0.19271749 1.19993865
v 0.06349570 0.20057738 1.19979757
v 0.06349570 0.20843732 1.19960439
v 0.06349570 0.21629727 1.19942158
v 0.06349570 0.22415715 1.19935805
v 0.06349570 0.23201710 1.19931501
v 0.06349570 0.23987699 1.19922900
v 0.06349570 0.24773693 1.19909358
v 0.05622989 0.25559688 1.19862467
v 0.06349570 0.25559688 1.19892955
v 0.06100231 0.26345676 1.19862467
v 0.06349570 0.26345676 1.19872957
v 0.06349570 0.26726192 1.19862467
v 0.06349570 0.27131671 1.19851130
v 0.06349570 0.27917659 1.19829375
v 0.06349570 0.28703654 1.19805330
v 0.06349570 0.29489648 1.19781953
v 0.06349570 0.30275637 1.19754910
v 0.06349570 0.31061631 1.19721079
v 0.06349570 0.31847626 1.19688118
v 0.06349570 0.32633615 1.19659466
v 0.06349570 0.33419609 1.19627374
v 0.06349570 0.34205598 1.19590181
v 0.06349570 0.34991592 1.19547951
v 0.06349570 0.35777587 1.19495589
v 0.06349570 0.36563575 1.19426435
v 0.06349570 0.37349570 1.19332927
v 0.06349570 0.38135558 1.19216579
v 0.06202245 0.38921553 1.19076473
v 0.06349570 0.38921553 1.19104022
v 0.06349570 0.39066017 1.19076473
v 0.06349570 0.39707547 1.18947101
v 0.06349570 0.40493536 1.18554288
v 0.06057465 0.41279531 1.18290478
v 0.06349570 0.41279531 1.18397367
v 0.07135564 0.00617880 1.16718495
v 0.07135564 0.01016039 1.17504489
v 0.07135564 0.01193929 1.17766964
v 0.07135564 0.01626033 1.18290478
v 0.07135564 0.01979917 1.18596464
v 0.07135564 0.02765912 1.19012570
v 0.07135564 0.02936286 1.19076473
v 0.07135564 0.03551906 1.19297665
v 0.07135564 0.04337895 1.19570971
v 0.07135564 0.05123889 1.19726354
v 0.07135564 0.05909878 1.19813591
v 0.07135564 0.06465936 1.19862467
v 0.07135564 0.06695873 1.19882637
v 0.07135564 0.07481867 1.19929063
v 0.07135564 0.08267856 1.19959086
v 0.07135564 0.09053850 1.19977939
v 0.07135564 0.09839839 1.19995469
v 0.07135564 0.10625833 1.20010835
v 0.07135564 0.11411828 1.20026380
v 0.07135564 0.12197816 1.20040756
v 0.07135564 0.12983811 1.20052522
v 0.07135564 0.13769799 1.20056552
v 0.07135564 0.14555794 1.20057249
v 0.07135564 0.15341789 1.20052201
v 0.07135564 0.16127777 1.20042902
v 0.07135564 0.16913772 1.20029521
v 0.07135564 0.17699766 1.20016867
v 0.07135564 0.18485755 1.20002824
v 0.07135564 0.19271749 1.19991863
v 0.07135564 0.20057738 1.19978559
v 0.07135564 0.20843732 1.19959933
v 0.07135564 0.21629727 1.19942641
v 0.07135564 0.22415715 1.19936860
v 0.07135564 0.23201710 1.19932121
v 0.07135564 0.23987699 1.19923210
v 0.07135564 0.24773693 1.19910640
v 0.07135564 0.25559688 1.19892234
v 0.07135564 0.26345676 1.19872022
v 0.07135564 0.26714140 1.19862467
v 0.07135564 0.27131671 1.19851542
v 0.07135564 0.27917659 1.19829530
v 0.07135564 0.28703654 1.19807714
v 0.07135564 0.29489648 1.19783801
v 0.07135564 0.30275637 1.19756454
v 0.07135564 0.31061631 1.19722921
v 0.07135564 0.31847626 1.19689608
v 0.07135564 0.32633615 1.19660318
v 0.07135564 0.33419609 1.19627106
v 0.07135564 0.34205598 1.19589990
v 0.07135564 0.34991592 1.19548303
v 0.07135564 0.35777587 1.19497102
v 0.07135564 0.36563575 1.19432408
v 0.07135564 0.37349570 1.19349033
v 0.07135564 0.38135558 1.19244105
v 0.07135564 0.38921553 1.19148874
v 0.07135564 0.39357561 1.19076473
v 0.07135564 0.39707547 1.19014347
v 0.07135564 0.40493536 1.18684280
v 0.07135564 0.41279531 1.18576533
v 0.07921553 0.00603718 1.16718495
v 0.07921553 0.01015443 1.17504489
v 0.07921553 0.01193929 1.17758638
v 0.07921553 0.01643026 1.18290478
v 0.07921553 0.01979917 1.18580848
v 0.07921553 0.02765912 1.18998891
v 0.07921553 0.02967626 1.19076473
v 0.07921553 0.03551906 1.19292295
v 0.07921553 0.04337895 1.19563401
v 0.07921553 0.05123889 1.19720560
v 0.07921553 0.05909878 1.19808686
v 0.07921553 0.06565839 1.19862467
v 0.07921553 0.06695873 1.19873214
v 0.07921553 0.07481867 1.19920552
v 0.07921553 0.08267856 1.19948155
v 0.07921553 0.09053850 1.19965535
v 0.07921553 0.09839839 1.19982797
v 0.07921553 0.10625833 1.19998795
v 0.07921553 0.11411828 1.20014852
v 0.07921553 0.12197816 1.20031452
v 0.07921553 0.12983811 1.20041537
v 0.07921553 0.13769799 1.20045245
v 0.07921553 0.14555794 1.20044643
v 0.07921553 0.15341789 1.20038646
v 0.07921553 0.16127777 1.20029950
v 0.07921553 0.16913772 1.20017874
v 0.07921553 0.17699766 1.20005471
v 0.07921553 0.18485755 1.19991475
v 0.07921553 0.19271749 1.19981331
v 0.07921553 0.20057738 1.19969052
v 0.07921553 0.20843732 1.19950712
v 0.07921553 0.21629727 1.19934136
v 0.07921553 0.22415715 1.19928330
v 0.07921553 0.23201710 1.19923764
v 0.07921553 0.23987699 1.19914585
v 0.07921553 0.24773693 1.19901013
v 0.07921553 0.25559688 1.19882935
v 0.07921553 0.26345676 1.19863975
v 0.07921553 0.26401484 1.19862467
v 0.07921553 0.27131671 1.19842607
v 0.07921553 0.27917659 1.19824040
v 0.07921553 0.28703654 1.19800568
v 0.07921553 0.29489648 1.19777888
v 0.07921553 0.30275637 1.19750184
v 0.07921553 0.31061631 1.19716376
v 0.07921553 0.31847626 1.19682974
v 0.07921553 0.32633615 1.19653481
v 0.07921553 0.33419609 1.19617647
v 0.07921553 0.34205598 1.19579989
v 0.07921553 0.34991592 1.19538230
v 0.07921553 0.35777587 1.19486368
v 0.07921553 0.36563575 1.19422853
v 0.07921553 0.37349570 1.19342774
v 0.07921553 0.38135558 1.19244522
v 0.07921553 0.38921553 1.19155294
v 0.07921553 0.39392656 1.19076473
v 0.07921553 0.39707547 1.19020200
v 0.07921553 0.40493536 1.18690538
v 0.08707547 0.00597847 1.16718495
v 0.08707547 0.01024675 1.17504489
v 0.08707547 0.01193929 1.17739195
v 0.08707547 0.01669747 1.18290478
v 0.08707547 0.01979917 1.18555987
v 0.08707547 0.02765912 1.18979234
v 0.08707547 0.03016406 1.19076473
v 0.08707547 0.03551906 1.19277108
v 0.08707547 0.04337895 1.19548023
v 0.08707547 0.05123889 1.19706839
v 0.08707547 0.05909878 1.19796515
v 0.08617270 0.06695873 1.19862467
v 0.08707547 0.06695873 1.19861060
v 0.08707547 0.06720006 1.19862467
v 0.08707547 0.07481867 1.19905519
v 0.08707547 0.08267856 1.19932288
v 0.08707547 0.09053850 1.19948244
v 0.08707547 0.09839839 1.19964433
v 0.08707547 0.10625833 1.19980323
v 0.08707547 0.11411828 1.19995689
v 0.08707547 0.12197816 1.20012456
v 0.08707547 0.12983811 1.20021927
v 0.08707547 0.13769799 1.20025837
v 0.08707547 0.14555794 1.20024663
v 0.08707547 0.15341789 1.20018256
v 0.08707547 0.16127777 1.20008409
v 0.08707547 0.16913772 1.19998145
v 0.08707547 0.17699766 1.19983983
v 0.08707547 0.18485755 1.19970995
v 0.08707547 0.19271749 1.19962251
v 0.08707547 0.20057738 1.19949931
v 0.08707547 0.20843732 1.19932520
v 0.08707547 0.21629727 1.19917899
v 0.08707547 0.22415715 1.19911385
v 0.08707547 0.23201710 1.19906288
v 0.08707547 0.23987699 1.19896644
v 0.08707547 0.24773693 1.19883919
v 0.08707547 0.25559688 1.19866699
v 0.07990658 0.26345676 1.19862467
v 0.08707547 0.25726396 1.19862467
v 0.08707547 0.26345676 1.19846600
v 0.08707547 0.27131671 1.19828141
v 0.08707547 0.27917659 1.19807333
v 0.08707547 0.28703654 1.19785672
v 0.08707547 0.29489648 1.19763476
v 0.08707547 0.30275637 1.19736308
v 0.08707547 0.31061631 1.19702977
v 0.08707547 0.31847626 1.19670117
v 0.08707547 0.32633615 1.19640338
v 0.08707547 0.33419609 1.19605255
v 0.08707547 0.34205598 1.19566363
v 0.08707547 0.34991592 1.19523573
v 0.08707547 0.35777587 1.19471782
v 0.08707547 0.36563575 1.19408780
v 0.08707547 0.37349570 1.19329470
v 0.08707547 0.38135558 1.19236606
v 0.08707547 0.38921553 1.19151598
v 0.08707547 0.39354056 1.19076473
v 0.08707547 0.39707547 1.19011468
v 0.08707547 0.40493536 1.18660319
v 0.09493536 0.00606221 1.16718495
v 0.09493536 0.01043224 1.17504489
v 0.09493536 0.01193929 1.17708784
v 0.09493536 0.01696962 1.18290478
v 0.09493536 0.01979917 1.18533176
v 0.09493536 0.02765912 1.18959284
v 0.09493536 0.03068173 1.19076473
v 0.09493536 0.03551906 1.19258231
v 0.09493536 0.04337895 1.19526631
v 0.09493536 0.05123889 1.19684547
v 0.09493536 0.05909878 1.19776088
v 0.09493536 0.06695873 1.19839597
v 0.09493536 0.07076997 1.19862467
v 0.09493536 0.07481867 1.19886583
v 0.09493536 0.08267856 1.19912082
v 0.09493536 0.09053850 1.19927877
v 0.09493536 0.09839839 1.19943178
v 0.09493536 0.10625833 1.19958258
v 0.09493536 0.11411828 1.19973463
v 0.09493536 0.12197816 1.19989872
v 0.09493536 0.12983811 1.19999945
v 0.09493536 0.13769799 1.20002496
v 0.09493536 0.14555794 1.20000738
v 0.09493536 0.15341789 1.19994509
v 0.09493536 0.16127777 1.19985157
v 0.09493536 0.16913772 1.19972718
v 0.09493536 0.17699766 1.19960856
v 0.09493536 0.18485755 1.19947112
v 0.09493536 0.19271749 1.19938958
v 0.09493536 0.20057738 1.19927949
v 0.09493536 0.20843732 1.19910222
v 0.09493536 0.21629727 1.19895256
v 0.09493536 0.22415715 1.19888836
v 0.09493536 0.23201710 1.19882864
v 0.09493536 0.23987699 1.19874769
v 0.09462672 0.24773693 1.19862467
v 0.09493536 0.24721205 1.19862467
v 0.09493536 0.24773693 1.19861567
v 0.08858699 0.25559688 1.19862467
v 0.09493536 0.25559688 1.19844502
v 0.09493536 0.26345676 1.19825047
v 0.09493536 0.27131671 1.19806528
v 0.09493536 0.27917659 1.19786358
v 0.09493536 0.28703654 1.19765896
v 0.09493536 0.29489648 1.19743180
v 0.09493536 0.30275637 1.19716650
v 0.09493536 0.31061631 1.19683045
v 0.09493536 0.31847626 1.19650662
v 0.09493536 0.32633615 1.19620538
v 0.09493536 0.33419609 1.19586742
v 0.09493536 0.34205598 1.19546241
v 0.09493536 0.34991592 1.19501334
v 0.09493536 0.35777587 1.19448805
v 0.09493536 0.36563575 1.19383264
v 0.09493536 0.37349570 1.19306588
v 0.09493536 0.38135558 1.19219995
v 0.09493536 0.38921553 1.19138092
v 0.09493536 0.39273602 1.19076473
v 0.09493536 0.39707547 1.18996787
v 0.09493536 0.40493536 1.18631017
v 0.10279530 0.00632763 1.16718495
v 0.10279530 0.01070666 1.17504489
v 0.10279530 0.01193929 1.17671013
v 0.10279530 0.01731020 1.18290478
v 0.10279530 0.01979917 1.18504751
v 0.10279530 0.02765912 1.18938190
v 0.10279530 0.03127080 1.19076473
v 0.10279530 0.03551906 1.19235146
v 0.10279530 0.04337895 1.19501001
v 0.10279530 0.05123889 1.19658977
v 0.10279530 0.05909878 1.19749272
v 0.10279530 0.06695873 1.19817227
v 0.10268319 0.07481867 1.19862467
v 0.10279530 0.07481867 1.19862115
v 0.10279530 0.07491869 1.19862467
v 0.10279530 0.08267856 1.19889486
v 0.10279530 0.09053850 1.19906205
v 0.10279530 0.09839839 1.19921315
v 0.10279530 0.10625833 1.19936550
v 0.10279530 0.11411828 1.19950318
v 0.10279530 0.12197816 1.19965225
v 0.10279530 0.12983811 1.19974953
v 0.10279530 0.13769799 1.19977099
v 0.10279530 0.14555794 1.19975668
v 0.10279530 0.15341789 1.19969183
v 0.10279530 0.16127777 1.19959420
v 0.10279530 0.16913772 1.19948971
v 0.10279530 0.17699766 1.19934845
v 0.10279530 0.18485755 1.19922721
v 0.10279530 0.19271749 1.19913715
v 0.10279530 0.20057738 1.19901806
v 0.10279530 0.20843732 1.19884843
v 0.10279530 0.21629727 1.19869095
v 0.10279530 0.22415715 1.19862896
v 0.10131013 0.23201710 1.19862467
v 0.10279530 0.22480571 1.19862467
v 0.10279530 0.23201710 1.19857681
v 0.09872842 0.23987699 1.19862467
v 0.10279530 0.23987699 1.19849211
v 0.10279530 0.24773693 1.19835627
v 0.10279530 0.25559688 1.19818944
v 0.10279530 0.26345676 1.19800746
v 0.10279530 0.27131671 1.19782960
v 0.10279530 0.27917659 1.19764215
v 0.10279530 0.28703654 1.19743562
v 0.10279530 0.29489648 1.19721663
v 0.10279530 0.30275637 1.19694006
v 0.10279530 0.31061631 1.19660920
v 0.10279530 0.31847626 1.19628429
v 0.10279530 0.32633615 1.19599044
v 0.10279530 0.33419609 1.19563544
v 0.10279530 0.34205598 1.19523221
v 0.10279530 0.34991592 1.19477504
v 0.10279530 0.35777587 1.19422311
v 0.10279530 0.36563575 1.19354743
v 0.10279530 0.37349570 1.19279051
v 0.10279530 0.38135558 1.19195461
v 0.10279530 0.38921553 1.19118291
v 0.10279530 0.39159828 1.19076473
v 0.10279530 0.39707547 1.18977314
v 0.10279530 0.40493536 1.18605387
v 0.11065525 0.00669783 1.16718495
v 0.11065525 0.01105940 1.17504489
v 0.11065525 0.01193929 1.17622441
v 0.11065525 0.01769984 1.18290478
v 0.11065525 0.01979917 1.18471712
v 0.11065525 0.02765912 1.18912405
v 0.11065525 0.03196383 1.19076473
v 0.11065525 0.03551906 1.19208616
v 0.11065525 0.04337895 1.19473666
v 0.11065525 0.05123889 1.19632375
v 0.11065525 0.05909878 1.19725084
v 0.11065525 0.06695873 1.19790590
v 0.11065525 0.07481867 1.19835675
v 0.11065525 0.08202845 1.19862467
v 0.11065525 0.08267856 1.19864923
v 0.11065525 0.09053850 1.19881785
v 0.11065525 0.09839839 1.19898182
v 0.11065525 0.10625833 1.19913507
v 0.11065525 0.11411828 1.19927204
v 0.11065525 0.12197816 1.19941348
v 0.11065525 0.12983811 1.19950187
v 0.11065525 0.13769799 1.19953108
v 0.11065525 0.14555794 1.19950283
v 0.11065525 0.15341789 1.19943529
v 0.11065525 0.16127777 1.19935447
v 0.11065525 0.16913772 1.19923377
v 0.11065525 0.17699766 1.19910651
v 0.11065525 0.18485755 1.19897908
v 0.11065525 0.19271749 1.19888705
v 0.11065525 0.20057738 1.19877243
v 0.10958087 0.20843732 1.19862467
v 0.11065525 0.20691532 1.19862467
v 0.11065525 0.20843732 1.19858867
v 0.10483122 0.21629727 1.19862467
v 0.11065525 0.21629727 1.19843477
v 0.10292363 0.22415715 1.19862467
v 0.11065525 0.22415715 1.19836837
v 0.11065525 0.23201710 1.19833428
v 0.11065525 0.23987699 1.19824016
v 0.11065525 0.24773693 1.19811839
v 0.11065525 0.25559688 1.19795817
v 0.11065525 0.26345676 1.19777840
v 0.11065525 0.27131671 1.19759983
v 0.11065525 0.27917659 1.19742197
v 0.11065525 0.28703654 1.19720811
v 0.11065525 0.29489648 1.19700193
v 0.11065525 0.30275637 1.19673175
v 0.11065525 0.31061631 1.19638872
v 0.11065525 0.31847626 1.19607079
v 0.11065525 0.32633615 1.19577456
v 0.11065525 0.33419609 1.19541079
v 0.11065525 0.34205598 1.19501549
v 0.11065525 0.34991592 1.19452572
v 0.11065525 0.35777587 1.19395590
v 0.11065525 0.36563575 1.19327515
v 0.11065525 0.37349570 1.19251490
v 0.11065525 0.38135558 1.19169599
v 0.11065525 0.38921553 1.19095218
v 0.11065525 0.39029610 1.19076473
v 0.11065525 0.39707547 1.18956661
v 0.11065525 0.40493536 1.18582159
v 0.11851513 0.00708836 1.16718495
v 0.11851513 0.01146853 1.17504489
v 0.11851513 0.01193929 1.17567647
v 0.11851513 0.01814806 1.18290478
v 0.11851513 0.01979917 1.18433213
v 0.11851513 0.02765912 1.18880790
v 0.11851513 0.03276122 1.19076473
v 0.11851513 0.03551906 1.19179976
v 0.11851513 0.04337895 1.19445264
v 0.11851513 0.05123889 1.19603938
v 0.11851513 0.05909878 1.19698071
v 0.11851513 0.06695873 1.19763410
v 0.11851513 0.07481867 1.19809884
v 0.11137342 0.08267856 1.19862467
v 0.11851513 0.08267856 1.19838536
v 0.11688775 0.09053850 1.19862467
v 0.11851513 0.09053850 1.19857442
v 0.11851513 0.09290099 1.19862467
v 0.11851513 0.09839839 1.19874257
v 0.11851513 0.10625833 1.19889820
v 0.11851513 0.11411828 1.19904071
v 0.11851513 0.12197816 1.19917309
v 0.11851513 0.12983811 1.19925803
v 0.11851513 0.13769799 1.19928670
v 0.11851513 0.14555794 1.19926608
v 0.11851513 0.15341789 1.19919997
v 0.11851513 0.16127777 1.19911134
v 0.11851513 0.16913772 1.19898951
v 0.11851513 0.17699766 1.19886929
v 0.11851513 0.18485755 1.19873846
v 0.11851513 0.19271749 1.19864506
v 0.11527282 0.20057738 1.19862467
v 0.11851513 0.19399703 1.19862467
v 0.11851513 0.20057738 1.19852066
v 0.11851513 0.20843732 1.19834846
v 0.11851513 0.21629727 1.19820130
v 0.11851513 0.22415715 1.19814003
v 0.11851513 0.23201710 1.19810283
v 0.11851513 0.23987699 1.19800341
v 0.11851513 0.24773693 1.19788599
v 0.11851513 0.25559688 1.19773221
v 0.11851513 0.26345676 1.19756097
v 0.11851513 0.27131671 1.19738036
v 0.11851513 0.27917659 1.19720250
v 0.11851513 0.28703654 1.19701302
v 0.11851513 0.29489648 1.19679630
v 0.11851513 0.30275637 1.19651854
v 0.11851513 0.31061631 1.19618702
v 0.11851513 0.31847626 1.19586056
v 0.11851513 0.32633615 1.19556934
v 0.11851513 0.33419609 1.19519639
v 0.11851513 0.34205598 1.19478667
v 0.11851513 0.34991592 1.19429088
v 0.11851513 0.35777587 1.19370490
v 0.11851513 0.36563575 1.19301826
v 0.11851513 0.37349570 1.19225276
v 0.11851513 0.38135558 1.19141549
v 0.11596066 0.38921553 1.19076473
v 0.11851513 0.38828844 1.19076473
v 0.11851513 0.38921553 1.19067609
v 0.11851513 0.39707547 1.18932831
v 0.11851513 0.40493536 1.18556947
v 0.12637508 0.00746399 1.16718495
v 0.12637508 0.01184642 1.17504489
v 0.12637508 0.01193929 1.17516828
v 0.12637508 0.01859468 1.18290478
v 0.12637508 0.01979917 1.18394583
v 0.12637508 0.02765912 1.18850148
v 0.12637508 0.03350502 1.19076473
v 0.12637508 0.03551906 1.19152772
v 0.12637508 0.04337895 1.19417071
v 0.12637508 0.05123889 1.19579977
v 0.12637508 0.05909878 1.19675899
v 0.12637508 0.06695873 1.19742209
v 0.12637508 0.07481867 1.19789690
v 0.12637508 0.08267856 1.19819039
v 0.12637508 0.09053850 1.19838321
v 0.12372017 0.09839839 1.19862467
v 0.12637508 0.09839839 1.19856519
v 0.12637508 0.10118651 1.19862467
v 0.12637508 0.10625833 1.19873393
v 0.12637508 0.11411828 1.19886345
v 0.12637508 0.12197816 1.19899368
v 0.12637508 0.12983811 1.19908553
v 0.12637508 0.13769799 1.19909561
v 0.12637508 0.14555794 1.19907284
v 0.12637508 0.15341789 1.19900990
v 0.12637508 0.16127777 1.19891119
v 0.12637508 0.16913772 1.19878489
v 0.12637508 0.17699766 1.19866180
v 0.12277645 0.18485755 1.19862467
v 0.12637508 0.17918587 1.19862467
v 0.12637508 0.18485755 1.19852859
v 0.11922550 0.19271749 1.19862467
v 0.12637508 0.19271749 1.19842172
v 0.12637508 0.20057738 1.19830889
v 0.12637508 0.20843732 1.19813979
v 0.12637508 0.21629727 1.19800115
v 0.12637508 0.22415715 1.19793338
v 0.12637508 0.23201710 1.19788373
v 0.12637508 0.23987699 1.19779098
v 0.12637508 0.24773693 1.19767648
v 0.12637508 0.25559688 1.19752210
v 0.12637508 0.26345676 1.19735229
v 0.12637508 0.27131671 1.19718176
v 0.12637508 0.27917659 1.19700676
v 0.12637508 0.28703654 1.19680440
v 0.12637508 0.29489648 1.19659549
v 0.12637508 0.30275637 1.19633418
v 0.12637508 0.31061631 1.19599164
v 0.12637508 0.31847626 1.19566816
v 0.12637508 0.32633615 1.19537580
v 0.12637508 0.33419609 1.19500208
v 0.12637508 0.34205598 1.19457954
v 0.12637508 0.34991592 1.19406348
v 0.12637508 0.35777587 1.19347173
v 0.12637508 0.36563575 1.19277924
v 0.12637508 0.37349570 1.19199657
v 0.12637508 0.38135558 1.19113916
v 0.12637508 0.38527352 1.19076473
v 0.12637508 0.38921553 1.19038731
v 0.12637508 0.39707547 1.18900949
v 0.12637508 0.40493536 1.18526399
v 0.13423496 0.00775564 1.16718495
v 0.12874156 0.01193929 1.17504489
v 0.13423496 0.01193929 1.17468643
v 0.13423496 0.01216060 1.17504489
v 0.13423496 0.01897657 1.18290478
v 0.13423496 0.01979917 1.18361336
v 0.13423496 0.02765912 1.18822467
v 0.13423496 0.03413320 1.19076473
v 0.13423496 0.03551906 1.19129544
v 0.13423496 0.04337895 1.19395053
v 0.13423496 0.05123889 1.19559264
v 0.13423496 0.05909878 1.19654441
v 0.13423496 0.06695873 1.19722480
v 0.13423496 0.07481867 1.19770741
v 0.13423496 0.08267856 1.19800091
v 0.13423496 0.09053850 1.19821697
v 0.13423496 0.09839839 1.19841188
v 0.13173342 0.10625833 1.19862467
v 0.13423496 0.10625833 1.19857419
v 0.13423496 0.10899675 1.19862467
v 0.13423496 0.11411828 1.19872010
v 0.13423496 0.12197816 1.19883537
v 0.13423496 0.12983811 1.19892126
v 0.13423496 0.13769799 1.19893384
v 0.13423496 0.14555794 1.19889379
v 0.13423496 0.15341789 1.19882482
v 0.13423496 0.16127777 1.19870812
v 0.13299012 0.16913772 1.19862467
v 0.13423496 0.16705328 1.19862467
v 0.13423496 0.16913772 1.19859445
v 0.12774074 0.17699766 1.19862467
v 0.13423496 0.17699766 1.19844919
v 0.13423496 0.18485755 1.19831246
v 0.13423496 0.19271749 1.19820958
v 0.13423496 0.20057738 1.19809836
v 0.13423496 0.20843732 1.19793457
v 0.13423496 0.21629727 1.19779712
v 0.13423496 0.22415715 1.19771558
v 0.13423496 0.23201710 1.19766253
v 0.13423496 0.23987699 1.19757116
v 0.13423496 0.24773693 1.19745529
v 0.13423496 0.25559688 1.19729954
v 0.13423496 0.26345676 1.19713867
v 0.13423496 0.27131671 1.19696754
v 0.13423496 0.27917659 1.19679821
v 0.13423496 0.28703654 1.19660437
v 0.13423496 0.29489648 1.19640136
v 0.13423496 0.30275637 1.19613904
v 0.13423496 0.31061631 1.19580781
v 0.13423496 0.31847626 1.19549358
v 0.13423496 0.32633615 1.19519395
v 0.13423496 0.33419609 1.19483572
v 0.13423496 0.34205598 1.19439930
v 0.13423496 0.34991592 1.19387507
v 0.13423496 0.35777587 1.19328970
v 0.13423496 0.36563575 1.19260728
v 0.13423496 0.37349570 1.19182563
v 0.13423496 0.38135558 1.19090796
v 0.13423496 0.38278633 1.19076473
v 0.13423496 0.38921553 1.19012618
v 0.13423496 0.39707547 1.18871915
v 0.13423496 0.40493536 1.18489116
v 0.14209491 0.00800234 1.16718495
v 0.14209491 0.01193929 1.17422122
v 0.14209491 0.01245016 1.17504489
v 0.14209491 0.01933080 1.18290478
v 0.14209491 0.01979917 1.18330884
v 0.14209491 0.02765912 1.18796283
v 0.14209491 0.03474164 1.19076473
v 0.14209491 0.03551906 1.19106477
v 0.14209491 0.04337895 1.19367766
v 0.14209491 0.05123889 1.19531476
v 0.14209491 0.05909878 1.19630361
v 0.14209491 0.06695873 1.19699609
v 0.14209491 0.07481867 1.19747412
v 0.14209491 0.08267856 1.19777155
v 0.14209491 0.09053850 1.19800460
v 0.14209491 0.09839839 1.19820392
v 0.14209491 0.10625833 1.19836497
v 0.13794523 0.11411828 1.19862467
v 0.14209491 0.11411828 1.19851887
v 0.14209491 0.12138993 1.19862467
v 0.14209491 0.12197816 1.19863331
v 0.14209491 0.12983811 1.19870055
v 0.14209491 0.13769799 1.19870538
v 0.14209491 0.14555794 1.19866109
v 0.14044827 0.15341789 1.19862467
v 0.14209491 0.14873582 1.19862467
v 0.14209491 0.15341789 1.19857150
v 0.13705730 0.16127777 1.19862467
v 0.14209491 0.16127777 1.19847631
v 0.14209491 0.16913772 1.19834882
v 0.14209491 0.17699766 1.19819635
v 0.14209491 0.18485755 1.19806659
v 0.14209491 0.19271749 1.19796550
v 0.14209491 0.20057738 1.19785589
v 0.14209491 0.20843732 1.19769508
v 0.14209491 0.21629727 1.19756097
v 0.14209491 0.22415715 1.19747716
v 0.14209491 0.23201710 1.19742197
v 0.14209491 0.23987699 1.19733489
v 0.14209491 0.24773693 1.19721615
v 0.14209491 0.25559688 1.19706196
v 0.14209491 0.26345676 1.19690228
v 0.14209491 0.27131671 1.19673729
v 0.14209491 0.27917659 1.19657236
v 0.14209491 0.28703654 1.19637424
v 0.14209491 0.29489648 1.19618136
v 0.14209491 0.30275637 1.19591838
v 0.14209491 0.31061631 1.19559646
v 0.14209491 0.31847626 1.19528210
v 0.14209491 0.32633615 1.19499534
v 0.14209491 0.33419609 1.19463402
v 0.14209491 0.34205598 1.19420010
v 0.14209491 0.34991592 1.19367933
v 0.14209491 0.35777587 1.19309229
v 0.14209491 0.36563575 1.19241118
v 0.14209491 0.37349570 1.19164693
v 0.14102912 0.38135558 1.19076473
v 0.14209491 0.38116771 1.19076473
v 0.14209491 0.38135558 1.19074291
v 0.14209491 0.38921553 1.18991166
v 0.14209491 0.39707547 1.18842739
v 0.14209491 0.40493536 1.18453866
v 0.14995486 0.00839990 1.16718495
v 0.14995486 0.01193929 1.17356646
v 0.14995486 0.01286155 1.17504489
v 0.14995486 0.01977617 1.18290478
v 0.14995486 0.01979917 1.18292487
v 0.14995486 0.02765912 1.18764395
v 0.14995486 0.03549504 1.19076473
v 0.14995486 0.03551906 1.19077408
v 0.14995486 0.04337895 1.19334650
v 0.14995486 0.05123889 1.19498456
v 0.14995486 0.05909878 1.19597775
v 0.14995486 0.06695873 1.19669747
v 0.14995486 0.07481867 1.19720274
v 0.14995486 0.08267856 1.19750798
v 0.14995486 0.09053850 1.19773918
v 0.14995486 0.09839839 1.19795316
v 0.14995486 0.10625833 1.19812131
v 0.14995486 0.11411828 1.19826376
v 0.14236659 0.12197816 1.19862467
v 0.14995486 0.12197816 1.19838601
v 0.14437938 0.12983811 1.19862467
v 0.14995486 0.12983811 1.19844210
v 0.14451391 0.13769799 1.19862467
v 0.14995486 0.13769799 1.19844478
v 0.14321834 0.14555794 1.19862467
v 0.14995486 0.14555794 1.19840866
v 0.14995486 0.15341789 1.19832665
v 0.14995486 0.16127777 1.19820631
v 0.14995486 0.16913772 1.19808686
v 0.14995486 0.17699766 1.19795233
v 0.14995486 0.18485755 1.19780850
v 0.14995486 0.19271749 1.19770247
v 0.14995486 0.20057738 1.19759297
v 0.14995486 0.20843732 1.19743240
v 0.14995486 0.21629727 1.19729435
v 0.14995486 0.22415715 1.19722134
v 0.14995486 0.23201710 1.19717252
v 0.14995486 0.23987699 1.19707894
v 0.14995486 0.24773693 1.19695389
v 0.14995486 0.25559688 1.19681245
v 0.14995486 0.26345676 1.19664818
v 0.14995486 0.27131671 1.19649082
v 0.14995486 0.27917659 1.19632196
v 0.14995486 0.28703654 1.19613379
v 0.14995486 0.29489648 1.19592988
v 0.14995486 0.30275637 1.19567192
v 0.14995486 0.31061631 1.19535047
v 0.14995486 0.31847626 1.19502473
v 0.14995486 0.32633615 1.19474626
v 0.14995486 0.33419609 1.19438154
v 0.14995486 0.34205598 1.19396037
v 0.14995486 0.34991592 1.19344509
v 0.14995486 0.35777587 1.19284475
v 0.14995486 0.36563575 1.19216603
v 0.14995486 0.37349570 1.19141501
v 0.14995486 0.37920922 1.19076473
v 0.14995486 0.38135558 1.19051898
v 0.14995486 0.38921553 1.18965065
v 0.14995486 0.39707547 1.18810689
v 0.14995486 0.40493536 1.18421304
v 0.15781474 0.00889063 1.16718495
v 0.15781474 0.01193929 1.17272455
v 0.15781474 0.01339346 1.17504489
v 0.15028352 0.01979917 1.18290478
v 0.15781474 0.01979917 1.18235517
v 0.15781474 0.02047402 1.18290478
v 0.15781474 0.02765912 1.18724543
v 0.15016150 0.03551906 1.19076473
v 0.15781474 0.03551906 1.19042808
v 0.15781474 0.03652877 1.19076473
v 0.15781474 0.04337895 1.19297427
v 0.15781474 0.05123889 1.19461912
v 0.15781474 0.05909878 1.19564170
v 0.15781474 0.06695873 1.19636488
v 0.15781474 0.07481867 1.19688046
v 0.15781474 0.08267856 1.19720405
v 0.15781474 0.09053850 1.19745374
v 0.15781474 0.09839839 1.19766110
v 0.15781474 0.10625833 1.19784749
v 0.15781474 0.11411828 1.19798899
v 0.15781474 0.12197816 1.19810969
v 0.15781474 0.12983811 1.19817299
v 0.15781474 0.13769799 1.19817024
v 0.15781474 0.14555794 1.19812512
v 0.15781474 0.15341789 1.19805568
v 0.15781474 0.16127777 1.19793957
v 0.15781474 0.16913772 1.19782108
v 0.15781474 0.17699766 1.19767380
v 0.15781474 0.18485755 1.19754130
v 0.15781474 0.19271749 1.19744617
v 0.15781474 0.20057738 1.19733727
v 0.15781474 0.20843732 1.19718403
v 0.15781474 0.21629727 1.19704407
v 0.15781474 0.22415715 1.19697112
v 0.15781474 0.23201710 1.19691622
v 0.15781474 0.23987699 1.19683117
v 0.15781474 0.24773693 1.19671303
v 0.15781474 0.25559688 1.19656515
v 0.15781474 0.26345676 1.19640052
v 0.15781474 0.27131671 1.19623739
v 0.15781474 0.27917659 1.19608074
v 0.15781474 0.28703654 1.19588321
v 0.15781474 0.29489648 1.19568151
v 0.15781474 0.30275637 1.19542211
v 0.15781474 0.31061631 1.19509512
v 0.15781474 0.31847626 1.19477266
v 0.15781474 0.32633615 1.19448662
v 0.15781474 0.33419609 1.19411808
v 0.15781474 0.34205598 1.19369817
v 0.15781474 0.34991592 1.19318831
v 0.15781474 0.35777587 1.19258457
v 0.15781474 0.36563575 1.19190961
v 0.15781474 0.37349570 1.19115824
v 0.15781474 0.37691969 1.19076473
v 0.15781474 0.38135558 1.19025367
v 0.15781474 0.38921553 1.18934232
v 0.15781474 0.39707547 1.18772852
v 0.15781474 0.40493536 1.18390673
v 0.16567469 0.00943184 1.16718495
v 0.16567469 0.01193929 1.17175204
v 0.16567469 0.01401520 1.17504489
v 0.16567469 0.01979917 1.18170959
v 0.16567469 0.02127063 1.18290478
v 0.16567469 0.02765912 1.18676591
v 0.16567469 0.03551906 1.19004738
v 0.16567469 0.03770632 1.19076473
v 0.16567469 0.04337895 1.19257128
v 0.16567469 0.05123889 1.19422853
v 0.16567469 0.05909878 1.19525611
v 0.16567469 0.06695873 1.19600075
v 0.16567469 0.07481867 1.19653004
v 0.16567469 0.08267856 1.19687462
v 0.16567469 0.09053850 1.19715619
v 0.16567469 0.09839839 1.19737184
v 0.16567469 0.10625833 1.19755411
v 0.16567469 0.11411828 1.19770235
v 0.16567469 0.12197816 1.19781476
v 0.16567469 0.12983811 1.19787747
v 0.16567469 0.13769799 1.19787711
v 0.16567469 0.14555794 1.19784749
v 0.16567469 0.15341789 1.19776583
v 0.16567469 0.16127777 1.19766241
v 0.16567469 0.16913772 1.19755870
v 0.16567469 0.17699766 1.19741958
v 0.16567469 0.18485755 1.19728070
v 0.16567469 0.19271749 1.19718450
v 0.16567469 0.20057738 1.19707549
v 0.16567469 0.20843732 1.19693577
v 0.16567469 0.21629727 1.19678956
v 0.16567469 0.22415715 1.19672370
v 0.16567469 0.23201710 1.19666398
v 0.16567469 0.23987699 1.19657654
v 0.16567469 0.24773693 1.19645816
v 0.16567469 0.25559688 1.19631153
v 0.16567469 0.26345676 1.19615597
v 0.16567469 0.27131671 1.19599426
v 0.16567469 0.27917659 1.19582587
v 0.16567469 0.28703654 1.19562948
v 0.16567469 0.29489648 1.19542378
v 0.16567469 0.30275637 1.19515646
v 0.16567469 0.31061631 1.19483095
v 0.16567469 0.31847626 1.19449860
v 0.16567469 0.32633615 1.19421291
v 0.16567469 0.33419609 1.19384700
v 0.16567469 0.34205598 1.19343096
v 0.16567469 0.34991592 1.19291955
v 0.16567469 0.35777587 1.19232804
v 0.16567469 0.36563575 1.19166005
v 0.16567469 0.37349570 1.19090325
v 0.16567469 0.37464398 1.19076473
v 0.16567469 0.38135558 1.18995976
v 0.16567469 0.38921553 1.18897748
v 0.16567469 0.39707547 1.18729424
v 0.16567469 0.40493536 1.18358445
v 0.17353463 0.00996244 1.16718495
v 0.17353463 0.01193929 1.17079085
v 0.17353463 0.01465225 1.17504489
v 0.17353463 0.01979917 1.18099838
v 0.17353463 0.02214915 1.18290478
v 0.17353463 0.02765912 1.18624240
v 0.17353463 0.03551906 1.18962187
v 0.17353463 0.03900325 1.19076473
v 0.17353463 0.04337895 1.19215691
v 0.17353463 0.05123889 1.19380969
v 0.17353463 0.05909878 1.19488680
v 0.17353463 0.06695873 1.19565403
v 0.17353463 0.07481867 1.19619626
v 0.17353463 0.08267856 1.19655710
v 0.17353463 0.09053850 1.19684386
v 0.17353463 0.09839839 1.19706911
v 0.17353463 0.10625833 1.19726282
v 0.17353463 0.11411828 1.19740063
v 0.17353463 0.12197816 1.19751501
v 0.17353463 0.12983811 1.19758314
v 0.17353463 0.13769799 1.19758821
v 0.17353463 0.14555794 1.19755197
v 0.17353463 0.15341789 1.19748688
v 0.17353463 0.16127777 1.19738275
v 0.17353463 0.16913772 1.19726664
v 0.17353463 0.17699766 1.19714057
v 0.17353463 0.18485755 1.19700676
v 0.17353463 0.19271749 1.19692004
v 0.17353463 0.20057738 1.19682312
v 0.17353463 0.20843732 1.19667000
v 0.17353463 0.21629727 1.19654346
v 0.17353463 0.22415715 1.19647223
v 0.17353463 0.23201710 1.19640553
v 0.17353463 0.23987699 1.19630516
v 0.17353463 0.24773693 1.19618964
v 0.17353463 0.25559688 1.19604993
v 0.17353463 0.26345676 1.19589067
v 0.17353463 0.27131671 1.19572216
v 0.17353463 0.27917659 1.19555020
v 0.17353463 0.28703654 1.19535768
v 0.17353463 0.29489648 1.19514662
v 0.17353463 0.30275637 1.19487673
v 0.17353463 0.31061631 1.19453973
v 0.17353463 0.31847626 1.19421965
v 0.17353463 0.32633615 1.19392639
v 0.17353463 0.33419609 1.19357020
v 0.17353463 0.34205598 1.19314528
v 0.17353463 0.34991592 1.19263256
v 0.17353463 0.35777587 1.19205183
v 0.17353463 0.36563575 1.19139820
v 0.16979629 0.37349570 1.19076473
v 0.17353463 0.37221676 1.19076473
v 0.17353463 0.37349570 1.19063795
v 0.17353463 0.38135558 1.18965656
v 0.17353463 0.38921553 1.18857521
v 0.17353463 0.39707547 1.18678713
v 0.17353463 0.40493536 1.18318200
v 0.18139452 0.01045716 1.16718495
v 0.18139452 0.01193929 1.16985071
v 0.18139452 0.01531142 1.17504489
v 0.18139452 0.01979917 1.18025333
v 0.18139452 0.02308911 1.18290478
v 0.18139452 0.02765912 1.18567598
v 0.18139452 0.03551906 1.18912166
v 0.18139452 0.04047829 1.19076473
v 0.18139452 0.04337895 1.19170356
v 0.18139452 0.05123889 1.19339257
v 0.18139452 0.05909878 1.19449896
v 0.18139452 0.06695873 1.19529963
v 0.18139452 0.07481867 1.19585878
v 0.18139452 0.08267856 1.19624591
v 0.18139452 0.09053850 1.19653881
v 0.18139452 0.09839839 1.19677544
v 0.18139452 0.10625833 1.19696116
v 0.18139452 0.11411828 1.19710356
v 0.18139452 0.12197816 1.19721854
v 0.18139452 0.12983811 1.19728070
v 0.18139452 0.13769799 1.19728810
v 0.18139452 0.14555794 1.19726270
v 0.18139452 0.15341789 1.19718796
v 0.18139452 0.16127777 1.19709527
v 0.18139452 0.16913772 1.19698000
v 0.18139452 0.17699766 1.19685745
v 0.18139452 0.18485755 1.19672465
v 0.18139452 0.19271749 1.19664097
v 0.18139452 0.20057738 1.19653744
v 0.18139452 0.20843732 1.19640648
v 0.18139452 0.21629727 1.19627625
v 0.18139452 0.22415715 1.19619673
v 0.18139452 0.23201710 1.19612479
v 0.18139452 0.23987699 1.19603050
v 0.18139452 0.24773693 1.19591671
v 0.18139452 0.25559688 1.19576281
v 0.18139452 0.26345676 1.19559884
v 0.18139452 0.27131671 1.19543779
v 0.18139452 0.27917659 1.19526678
v 0.18139452 0.28703654 1.19506013
v 0.18139452 0.29489648 1.19484460
v 0.18139452 0.30275637 1.19457299
v 0.18139452 0.31061631 1.19425368
v 0.18139452 0.31847626 1.19392639
v 0.18139452 0.32633615 1.19362861
v 0.18139452 0.33419609 1.19327396
v 0.18139452 0.34205598 1.19285935
v 0.18139452 0.34991592 1.19236130
v 0.18139452 0.35777587 1.19178623
v 0.18139452 0.36563575 1.19113231
v 0.18139452 0.36934561 1.19076473
v 0.18139452 0.37349570 1.19034523
v 0.18139452 0.38135558 1.18934137
v 0.18139452 0.38921553 1.18819815
v 0.18139452 0.39707547 1.18630069
v 0.17857194 0.40493536 1.18290478
v 0.18139452 0.40459436 1.18290478
v 0.18139452 0.40493536 1.18275082
v 0.18925446 0.01094776 1.16718495
v 0.18925446 0.01193929 1.16892964
v 0.18925446 0.01602226 1.17504489
v 0.18925446 0.01979917 1.17938668
v 0.18925446 0.02421075 1.18290478
v 0.18925446 0.02765912 1.18500769
v 0.18925446 0.03551906 1.18854803
v 0.18925446 0.04206151 1.19076473
v 0.18925446 0.04337895 1.19120044
v 0.18925446 0.05123889 1.19290215
v 0.18925446 0.05909878 1.19405735
v 0.18925446 0.06695873 1.19489616
v 0.18925446 0.07481867 1.19548613
v 0.18925446 0.08267856 1.19588441
v 0.18925446 0.09053850 1.19619614
v 0.18925446 0.09839839 1.19643527
v 0.18925446 0.10625833 1.19662654
v 0.18925446 0.11411828 1.19677442
v 0.18925446 0.12197816 1.19689029
v 0.18925446 0.12983811 1.19694966
v 0.18925446 0.13769799 1.19696128
v 0.18925446 0.14555794 1.19693297
v 0.18925446 0.15341789 1.19686943
v 0.18925446 0.16127777 1.19678068
v 0.18925446 0.16913772 1.19666481
v 0.18925446 0.17699766 1.19654465
v 0.18925446 0.18485755 1.19641668
v 0.18925446 0.19271749 1.19632316
v 0.18925446 0.20057738 1.19623250
v 0.18925446 0.20843732 1.19609743
v 0.18925446 0.21629727 1.19598120
v 0.18925446 0.22415715 1.19589317
v 0.18925446 0.23201710 1.19581378
v 0.18925446 0.23987699 1.19571280
v 0.18925446 0.24773693 1.19559503
v 0.18925446 0.25559688 1.19544774
v 0.18925446 0.26345676 1.19527996
v 0.18925446 0.27131671 1.19512010
v 0.18925446 0.27917659 1.19493741
v 0.18925446 0.28703654 1.19472909
v 0.18925446 0.29489648 1.19451165
v 0.18925446 0.30275637 1.19424629
v 0.18925446 0.31061631 1.19392127
v 0.18925446 0.31847626 1.19361120
v 0.18925446 0.32633615 1.19330740
v 0.18925446 0.33419609 1.19294918
v 0.18925446 0.34205598 1.19254202
v 0.18925446 0.34991592 1.19205678
v 0.18925446 0.35777587 1.19148409
v 0.18925446 0.36563575 1.19084328
v 0.18925446 0.36640954 1.19076473
v 0.18925446 0.37349570 1.19004261
v 0.18925446 0.38135558 1.18902653
v 0.18925446 0.38921553 1.18780625
v 0.18925446 0.39707547 1.18584979
v 0.18925446 0.40370691 1.18290478
v 0.18925446 0.40493536 1.18236798
v 0.19711435 0.01144499 1.16718495
v 0.19711435 0.01193929 1.16803110
v 0.19711435 0.01675731 1.17504489
v 0.19711435 0.01979917 1.17849571
v 0.19711435 0.02534503 1.18290478
v 0.19711435 0.02765912 1.18433875
v 0.19711435 0.03551906 1.18797916
v 0.19621837 0.04337895 1.19076473
v 0.19711435 0.04337895 1.19070798
v 0.19711435 0.04362416 1.19076473
v 0.19711435 0.05123889 1.19245410
v 0.19711435 0.05909878 1.19362563
v 0.19711435 0.06695873 1.19449407
v 0.19711435 0.07481867 1.19511181
v 0.19711435 0.08267856 1.19552606
v 0.19711435 0.09053850 1.19585735
v 0.19711435 0.09839839 1.19609565
v 0.19711435 0.10625833 1.19628727
v 0.19711435 0.11411828 1.19644248
v 0.19711435 0.12197816 1.19656265
v 0.19711435 0.12983811 1.19663554
v 0.19711435 0.13769799 1.19665498
v 0.19711435 0.14555794 1.19661194
v 0.19711435 0.15341789 1.19655687
v 0.19711435 0.16127777 1.19646609
v 0.19711435 0.16913772 1.19635934
v 0.19711435 0.17699766 1.19623858
v 0.19711435 0.18485755 1.19611448
v 0.19711435 0.19271749 1.19602424
v 0.19711435 0.20057738 1.19592375
v 0.19711435 0.20843732 1.19579601
v 0.19711435 0.21629727 1.19568282
v 0.19711435 0.22415715 1.19559181
v 0.19711435 0.23201710 1.19550902
v 0.19711435 0.23987699 1.19539964
v 0.19711435 0.24773693 1.19527495
v 0.19711435 0.25559688 1.19512790
v 0.19711435 0.26345676 1.19497091
v 0.19711435 0.27131671 1.19479340
v 0.19711435 0.27917659 1.19461614
v 0.19711435 0.28703654 1.19440758
v 0.19711435 0.29489648 1.19418281
v 0.19711435 0.30275637 1.19390947
v 0.19711435 0.31061631 1.19360280
v 0.19711435 0.31847626 1.19328117
v 0.19711435 0.32633615 1.19298351
v 0.19711435 0.33419609 1.19262898
v 0.19711435 0.34205598 1.19222456
v 0.19711435 0.34991592 1.19174206
v 0.19711435 0.35777587 1.19118595
v 0.19125080 0.36563575 1.19076473
v 0.19711435 0.36287314 1.19076473
v 0.19711435 0.36563575 1.19053209
v 0.19711435 0.37349570 1.18973309
v 0.19711435 0.38135558 1.18869650
v 0.19711435 0.38921553 1.18745387
v 0.19711435 0.39707547 1.18547952
v 0.19711435 0.40301746 1.18290478
v 0.19711435 0.40493536 1.18209743
v 0.20449835 0.01193929 1.16718495
v 0.20497429 0.01197392 1.16718495
v 0.20497429 0.01740950 1.17504489
v 0.20497429 0.01979917 1.17771709
v 0.20497429 0.02631927 1.18290478
v 0.20497429 0.02765912 1.18375045
v 0.20497429 0.03551906 1.18745565
v 0.20497429 0.04337895 1.19028246
v 0.20497429 0.04547852 1.19076473
v 0.20497429 0.05123889 1.19204873
v 0.20497429 0.05909878 1.19322217
v 0.20497429 0.06695873 1.19409972
v 0.20497429 0.07481867 1.19473189
v 0.20497429 0.08267856 1.19518775
v 0.20497429 0.09053850 1.19551313
v 0.20497429 0.09839839 1.19576883
v 0.20497429 0.10625833 1.19597220
v 0.20497429 0.11411828 1.19613308
v 0.20497429 0.12197816 1.19624555
v 0.20497429 0.12983811 1.19632161
v 0.20497429 0.13769799 1.19633788
v 0.20497429 0.14555794 1.19632411
v 0.20497429 0.15341789 1.19625884
v 0.20497429 0.16127777 1.19618440
v 0.20497429 0.16913772 1.19606733
v 0.20497429 0.17699766 1.19595230
v 0.20497429 0.18485755 1.19583559
v 0.20497429 0.19271749 1.19573885
v 0.20497429 0.20057738 1.19564384
v 0.20497429 0.20843732 1.19551718
v 0.20497429 0.21629727 1.19540083
v 0.20497429 0.22415715 1.19530189
v 0.20497429 0.23201710 1.19521832
v 0.20497429 0.23987699 1.19510847
v 0.20497429 0.24773693 1.19498229
v 0.20497429 0.25559688 1.19483024
v 0.20497429 0.26345676 1.19466639
v 0.20497429 0.27131671 1.19449282
v 0.20497429 0.27917659 1.19431376
v 0.20497429 0.28703654 1.19409829
v 0.20497429 0.29489648 1.19386870
v 0.20497429 0.30275637 1.19360065
v 0.20497429 0.31061631 1.19328582
v 0.20497429 0.31847626 1.19296932
v 0.20497429 0.32633615 1.19267476
v 0.20497429 0.33419609 1.19232088
v 0.20497429 0.34205598 1.19192398
v 0.20497429 0.34991592 1.19143289
v 0.20497429 0.35777587 1.19087785
v 0.20497429 0.35912997 1.19076473
v 0.20497429 0.36563575 1.19021869
v 0.20497429 0.37349570 1.18941921
v 0.20497429 0.38135558 1.18836260
v 0.20497429 0.38921553 1.18709320
v 0.20497429 0.39707547 1.18507344
v 0.20497429 0.40228105 1.18290478
v 0.20497429 0.40493536 1.18184173
v 0.21283424 0.01254678 1.16718495
v 0.21283424 0.01811808 1.17504489
v 0.21283424 0.01979917 1.17692882
v 0.21283424 0.02717811 1.18290478
v 0.21283424 0.02765912 1.18321532
v 0.21283424 0.03551906 1.18702412
v 0.21283424 0.04337895 1.18995005
v 0.21283424 0.04696119 1.19076473
v 0.21283424 0.05123889 1.19171846
v 0.21283424 0.05909878 1.19288898
v 0.21283424 0.06695873 1.19377959
v 0.21283424 0.07481867 1.19442463
v 0.21283424 0.08267856 1.19487327
v 0.21283424 0.09053850 1.19522405
v 0.21283424 0.09839839 1.19547713
v 0.21283424 0.10625833 1.19567889
v 0.21283424 0.11411828 1.19584221
v 0.21283424 0.12197816 1.19596189
v 0.21283424 0.12983811 1.19604093
v 0.21283424 0.13769799 1.19606674
v 0.21283424 0.14555794 1.19604874
v 0.21283424 0.15341789 1.19600725
v 0.21283424 0.16127777 1.19592398
v 0.21283424 0.16913772 1.19582856
v 0.21283424 0.17699766 1.19571567
v 0.21283424 0.18485755 1.19559073
v 0.21283424 0.19271749 1.19550592
v 0.21283424 0.20057738 1.19540578
v 0.21283424 0.20843732 1.19528812
v 0.21283424 0.21629727 1.19516939
v 0.21283424 0.22415715 1.19508004
v 0.21283424 0.23201710 1.19499141
v 0.21283424 0.23987699 1.19488144
v 0.21283424 0.24773693 1.19475704
v 0.21283424 0.25559688 1.19459528
v 0.21283424 0.26345676 1.19443530
v 0.21283424 0.27131671 1.19426823
v 0.21283424 0.27917659 1.19407642
v 0.21283424 0.28703654 1.19386441
v 0.21283424 0.29489648 1.19361925
v 0.21283424 0.30275637 1.19335443
v 0.21283424 0.31061631 1.19303995
v 0.21283424 0.31847626 1.19272578
v 0.21283424 0.32633615 1.19243890
v 0.21283424 0.33419609 1.19209176
v 0.21283424 0.34205598 1.19169289
v 0.21283424 0.34991592 1.19120955
v 0.20859796 0.35777587 1.19076473
v 0.21283424 0.35598677 1.19076473
v 0.21283424 0.35777587 1.19063234
v 0.21283424 0.36563575 1.18996751
v 0.21283424 0.37349570 1.18915129
v 0.21283424 0.38135558 1.18806279
v 0.21283424 0.38921553 1.18674135
v 0.21283424 0.39707547 1.18471950
v 0.21283424 0.40152878 1.18290478
v 0.21283424 0.40493536 1.18156970
v 0.22069412 0.01312292 1.16718495
v 0.22069412 0.01868892 1.17504489
v 0.22069412 0.01979917 1.17628473
v 0.21823931 0.02765912 1.18290478
v 0.22069412 0.02765912 1.18275535
v 0.22069412 0.02792722 1.18290478
v 0.22069412 0.03551906 1.18663687
v 0.22069412 0.04337895 1.18964362
v 0.22069412 0.04824418 1.19076473
v 0.22069412 0.05123889 1.19144797
v 0.22069412 0.05909878 1.19263458
v 0.22069412 0.06695873 1.19351131
v 0.22069412 0.07481867 1.19414949
v 0.22069412 0.08267856 1.19461131
v 0.22069412 0.09053850 1.19496119
v 0.22069412 0.09839839 1.19523317
v 0.22069412 0.10625833 1.19543636
v 0.22069412 0.11411828 1.19559062
v 0.22069412 0.12197816 1.19572037
v 0.22069412 0.12983811 1.19580829
v 0.22069412 0.13769799 1.19582880
v 0.22069412 0.14555794 1.19581115
v 0.22069412 0.15341789 1.19575840
v 0.22069412 0.16127777 1.19569135
v 0.22069412 0.16913772 1.19560701
v 0.22069412 0.17699766 1.19550186
v 0.22069412 0.18485755 1.19538152
v 0.22069412 0.19271749 1.19528586
v 0.22069412 0.20057738 1.19518727
v 0.22069412 0.20843732 1.19506443
v 0.22069412 0.21629727 1.19496012
v 0.22069412 0.22415715 1.19486725
v 0.22069412 0.23201710 1.19477922
v 0.22069412 0.23987699 1.19467527
v 0.22069412 0.24773693 1.19454694
v 0.22069412 0.25559688 1.19439799
v 0.22069412 0.26345676 1.19422901
v 0.22069412 0.27131671 1.19406950
v 0.22069412 0.27917659 1.19386941
v 0.22069412 0.28703654 1.19364673
v 0.22069412 0.29489648 1.19342411
v 0.22069412 0.30275637 1.19314885
v 0.22069412 0.31061631 1.19283682
v 0.22069412 0.31847626 1.19253600
v 0.22069412 0.32633615 1.19225144
v 0.22069412 0.33419609 1.19190997
v 0.22069412 0.34205598 1.19150436
v 0.22069412 0.34991592 1.19100761
v 0.22069412 0.35321724 1.19076473
v 0.22069412 0.35777587 1.19043237
v 0.22069412 0.36563575 1.18976486
v 0.22069412 0.37349570 1.18892413
v 0.22069412 0.38135558 1.18781799
v 0.22069412 0.38921553 1.18647331
v 0.22069412 0.39707547 1.18443900
v 0.22069412 0.40089327 1.18290478
v 0.22069412 0.40493536 1.18131655
v 0.22855407 0.01363772 1.16718495
v 0.22855407 0.01914889 1.17504489
v 0.22855407 0.01979917 1.17578149
v 0.22855407 0.02765912 1.18243134
v 0.22855407 0.02851391 1.18290478
v 0.22855407 0.03551906 1.18630010
v 0.22855407 0.04337895 1.18936259
v 0.22855407 0.04933941 1.19076473
v 0.22855407 0.05123889 1.19121027
v 0.22855407 0.05909878 1.19239402
v 0.22855407 0.06695873 1.19326758
v 0.22855407 0.07481867 1.19391227
v 0.22855407 0.08267856 1.19437796
v 0.22855407 0.09053850 1.19474661
v 0.22855407 0.09839839 1.19501156
v 0.22855407 0.10625833 1.19522840
v 0.22855407 0.11411828 1.19539464
v 0.22855407 0.12197816 1.19551778
v 0.22855407 0.12983811 1.19558376
v 0.22855407 0.13769799 1.19560367
v 0.22855407 0.14555794 1.19559145
v 0.22855407 0.15341789 1.19554394
v 0.22855407 0.16127777 1.19548112
v 0.22855407 0.16913772 1.19539309
v 0.22855407 0.17699766 1.19528800
v 0.22855407 0.18485755 1.19517839
v 0.22855407 0.19271749 1.19508302
v 0.22855407 0.20057738 1.19498855
v 0.22855407 0.20843732 1.19485986
v 0.22855407 0.21629727 1.19475323
v 0.22855407 0.22415715 1.19467145
v 0.22855407 0.23201710 1.19458616
v 0.22855407 0.23987699 1.19447327
v 0.22855407 0.24773693 1.19434410
v 0.22855407 0.25559688 1.19419587
v 0.22855407 0.26345676 1.19404489
v 0.22855407 0.27131671 1.19387352
v 0.22855407 0.27917659 1.19369012
v 0.22855407 0.28703654 1.19344753
v 0.22855407 0.29489648 1.19321817
v 0.22855407 0.30275637 1.19294906
v 0.22855407 0.31061631 1.19265032
v 0.22855407 0.31847626 1.19235158
v 0.22855407 0.32633615 1.19207454
v 0.22855407 0.33419609 1.19173402
v 0.22855407 0.34205598 1.19134426
v 0.22855407 0.34991592 1.19084233
v 0.22855407 0.35095072 1.19076473
v 0.22855407 0.35777587 1.19026500
v 0.22855407 0.36563575 1.18958318
v 0.22855407 0.37349570 1.18875527
v 0.22855407 0.38135558 1.18764621
v 0.22855407 0.38921553 1.18630153
v 0.22855407 0.39707547 1.18422973
v 0.22855407 0.40037209 1.18290478
v 0.22855407 0.40493536 1.18106169
v 0.23641396 0.01412594 1.16718495
v 0.23641396 0.01953650 1.17504489
v 0.23641396 0.01979917 1.17534423
v 0.23641396 0.02765912 1.18207610
v 0.23641396 0.02917629 1.18290478
v 0.23641396 0.03551906 1.18597388
v 0.23641396 0.04337895 1.18904525
v 0.23641396 0.05059272 1.19076473
v 0.23641396 0.05123889 1.19091934
v 0.23641396 0.05909878 1.19212252
v 0.23641396 0.06695873 1.19300061
v 0.23641396 0.07481867 1.19363868
v 0.23641396 0.08267856 1.19410139
v 0.23641396 0.09053850 1.19447523
v 0.23641396 0.09839839 1.19475716
v 0.23641396 0.10625833 1.19497555
v 0.23641396 0.11411828 1.19515330
v 0.23641396 0.12197816 1.19526219
v 0.23641396 0.12983811 1.19533539
v 0.23641396 0.13769799 1.19535434
v 0.23641396 0.14555794 1.19534355
v 0.23641396 0.15341789 1.19529533
v 0.23641396 0.16127777 1.19523501
v 0.23641396 0.16913772 1.19514889
v 0.23641396 0.17699766 1.19504911
v 0.23641396 0.18485755 1.19493634
v 0.23641396 0.19271749 1.19485062
v 0.23641396 0.20057738 1.19473583
v 0.23641396 0.20843732 1.19462240
v 0.23641396 0.21629727 1.19450974
v 0.23641396 0.22415715 1.19442880
v 0.23641396 0.23201710 1.19434726
v 0.23641396 0.23987699 1.19423330
v 0.23641396 0.24773693 1.19411445
v 0.23641396 0.25559688 1.19397736
v 0.23641396 0.26345676 1.19382060
v 0.23641396 0.27131671 1.19365007
v 0.23641396 0.27917659 1.19346035
v 0.23641396 0.28703654 1.19323450
v 0.23641396 0.29489648 1.19300377
v 0.23641396 0.30275637 1.19274217
v 0.23641396 0.31061631 1.19244748
v 0.23641396 0.31847626 1.19217944
v 0.23641396 0.32633615 1.19190902
v 0.23641396 0.33419609 1.19156492
v 0.23641396 0.34205598 1.19118315
v 0.23308402 0.34991592 1.19076473
v 0.23641396 0.34898454 1.19076473
v 0.23641396 0.34991592 1.19070870
v 0.23641396 0.35777587 1.19012296
v 0.23641396 0.36563575 1.18944067
v 0.23641396 0.37349570 1.18862247
v 0.23641396 0.38135558 1.18753648
v 0.23641396 0.38921553 1.18621904
v 0.23641396 0.39707547 1.18410569
v 0.23641396 0.40004039 1.18290478
v 0.23641396 0.40493536 1.18091381
v 0.24427390 0.01456851 1.16718495
v 0.24054277 0.01979917 1.17504489
v 0.24427390 0.01979917 1.17473161
v 0.24427390 0.02006012 1.17504489
v 0.24427390 0.02765912 1.18171674
v 0.24427390 0.02983236 1.18290478
v 0.24427390 0.03551906 1.18564683
v 0.24427390 0.04337895 1.18875319
v 0.24057674 0.05123889 1.19076473
v 0.24427390 0.05123889 1.19062763
v 0.24427390 0.05210298 1.19076473
v 0.24427390 0.05909878 1.19184220
v 0.24427390 0.06695873 1.19271255
v 0.24427390 0.07481867 1.19336641
v 0.24427390 0.08267856 1.19383335
v 0.24427390 0.09053850 1.19421399
v 0.24427390 0.09839839 1.19449443
v 0.24427390 0.10625833 1.19471806
v 0.24427390 0.11411828 1.19488913
v 0.24427390 0.12197816 1.19501287
v 0.24427390 0.12983811 1.19508326
v 0.24427390 0.13769799 1.19510293
v 0.24427390 0.14555794 1.19508231
v 0.24427390 0.15341789 1.19504523
v 0.24427390 0.16127777 1.19498938
v 0.24427390 0.16913772 1.19491142
v 0.24427390 0.17699766 1.19480622
v 0.24427390 0.18485755 1.19468486
v 0.24427390 0.19271749 1.19459081
v 0.24427390 0.20057738 1.19449586
v 0.24427390 0.20843732 1.19437158
v 0.24427390 0.21629727 1.19426256
v 0.24427390 0.22415715 1.19418424
v 0.24427390 0.23201710 1.19410789
v 0.24427390 0.23987699 1.19399619
v 0.24427390 0.24773693 1.19387424
v 0.24427390 0.25559688 1.19373882
v 0.24427390 0.26345676 1.19357896
v 0.24427390 0.27131671 1.19342113
v 0.24427390 0.27917659 1.19321918
v 0.24427390 0.28703654 1.19300926
v 0.24427390 0.29489648 1.19277322
v 0.24427390 0.30275637 1.19252223
v 0.24427390 0.31061631 1.19223040
v 0.24427390 0.31847626 1.19196707
v 0.24427390 0.32633615 1.19170165
v 0.24427390 0.33419609 1.19138080
v 0.24427390 0.34205598 1.19100481
v 0.24427390 0.34595782 1.19076473
v 0.24427390 0.34991592 1.19052500
v 0.24427390 0.35777587 1.18996549
v 0.24427390 0.36563575 1.18928057
v 0.24427390 0.37349570 1.18847519
v 0.24427390 0.38135558 1.18741536
v 0.24427390 0.38921553 1.18611962
v 0.24427390 0.39707547 1.18399775
v 0.24427390 0.39976460 1.18290478
v 0.24427390 0.40493536 1.18087912
v 0.25213382 0.01506650 1.16718495
v 0.25213382 0.01979917 1.17411047
v 0.25213382 0.02057040 1.17504489
v 0.25213382 0.02765912 1.18129039
v 0.25213382 0.03056002 1.18290478
v 0.25213382 0.03551906 1.18532687
v 0.25213382 0.04337895 1.18846780
v 0.25213382 0.05123889 1.19035000
v 0.25213382 0.05385143 1.19076473
v 0.25213382 0.05909878 1.19158351
v 0.25213382 0.06695873 1.19244307
v 0.25213382 0.07481867 1.19308245
v 0.25213382 0.08267856 1.19355512
v 0.25213382 0.09053850 1.19394022
v 0.25213382 0.09839839 1.19422120
v 0.25213382 0.10625833 1.19445038
v 0.25213382 0.11411828 1.19462383
v 0.25213382 0.12197816 1.19475764
v 0.25213382 0.12983811 1.19481772
v 0.25213382 0.13769799 1.19483346
v 0.25213382 0.14555794 1.19481832
v 0.25213382 0.15341789 1.19478631
v 0.25213382 0.16127777 1.19472009
v 0.25213382 0.16913772 1.19463998
v 0.25213382 0.17699766 1.19455248
v 0.25213382 0.18485755 1.19443214
v 0.25213382 0.19271749 1.19434136
v 0.25213382 0.20057738 1.19423968
v 0.25213382 0.20843732 1.19411927
v 0.25213382 0.21629727 1.19401479
v 0.25213382 0.22415715 1.19393778
v 0.25213382 0.23201710 1.19385874
v 0.25213382 0.23987699 1.19374567
v 0.25213382 0.24773693 1.19363278
v 0.25213382 0.25559688 1.19348842
v 0.25213382 0.26345676 1.19333011
v 0.25213382 0.27131671 1.19316852
v 0.25213382 0.27917659 1.19298494
v 0.25213382 0.28703654 1.19275272
v 0.25213382 0.29489648 1.19253063
v 0.25213382 0.30275637 1.19228202
v 0.25213382 0.31061631 1.19201684
v 0.25213382 0.31847626 1.19174588
v 0.25213382 0.32633615 1.19149500
v 0.25213382 0.33419609 1.19117320
v 0.25213382 0.34205598 1.19078690
v 0.25213382 0.34243506 1.19076473
v 0.25213382 0.34991592 1.19033766
v 0.25213382 0.35777587 1.18976152
v 0.25213382 0.36563575 1.18907678
v 0.25213382 0.37349570 1.18828893
v 0.25213382 0.38135558 1.18722552
v 0.25213382 0.38921553 1.18589270
v 0.25213382 0.39707547 1.18380010
v 0.25213382 0.39931744 1.18290478
v 0.25213382 0.40493536 1.18079865
v 0.25999373 0.01560706 1.16718495
v 0.25999373 0.01979917 1.17339188
v 0.25999373 0.02114278 1.17504489
v 0.25999373 0.02765912 1.18089378
v 0.25999373 0.03119177 1.18290478
v 0.25999373 0.03551906 1.18505400
v 0.25999373 0.04337895 1.18823367
v 0.25999373 0.05123889 1.19012010
v 0.25999373 0.05539620 1.19076473
v 0.25999373 0.05909878 1.19133264
v 0.25999373 0.06695873 1.19217515
v 0.25999373 0.07481867 1.19281512
v 0.25999373 0.08267856 1.19328475
v 0.25999373 0.09053850 1.19366401
v 0.25999373 0.09839839 1.19395977
v 0.25999373 0.10625833 1.19418246
v 0.25999373 0.11411828 1.19435555
v 0.25999373 0.12197816 1.19448167
v 0.25999373 0.12983811 1.19454980
v 0.25999373 0.13769799 1.19456613
v 0.25999373 0.14555794 1.19455713
v 0.25999373 0.15341789 1.19451648
v 0.25999373 0.16127777 1.19445854
v 0.25999373 0.16913772 1.19438446
v 0.25999373 0.17699766 1.19428450
v 0.25999373 0.18485755 1.19416988
v 0.25999373 0.19271749 1.19408149
v 0.25999373 0.20057738 1.19398111
v 0.25999373 0.20843732 1.19385135
v 0.25999373 0.21629727 1.19375527
v 0.25999373 0.22415715 1.19368052
v 0.25999373 0.23201710 1.19360101
v 0.25999373 0.23987699 1.19349450
v 0.25999373 0.24773693 1.19337565
v 0.25999373 0.25559688 1.19324481
v 0.25999373 0.26345676 1.19309026
v 0.25999373 0.27131671 1.19291115
v 0.25999373 0.27917659 1.19271725
v 0.25999373 0.28703654 1.19250232
v 0.25999373 0.29489648 1.19228190
v 0.25999373 0.30275637 1.19205171
v 0.25999373 0.31061631 1.19177759
v 0.25999373 0.31847626 1.19152969
v 0.25999373 0.32633615 1.19126856
v 0.25999373 0.33419609 1.19095904
v 0.25293049 0.34205598 1.19076473
v 0.25999373 0.33812231 1.19076473
v 0.25999373 0.34205598 1.19057119
v 0.25999373 0.34991592 1.19012213
v 0.25999373 0.35777587 1.18954372
v 0.25999373 0.36563575 1.18885255
v 0.25999373 0.37349570 1.18803674
v 0.25999373 0.38135558 1.18696636
v 0.25999373 0.38921553 1.18557310
v 0.25999373 0.39707547 1.18344295
v 0.25999373 0.39845556 1.18290478
v 0.25999373 0.40493536 1.18056911
v 0.26785368 0.01615602 1.16718495
v 0.26785368 0.01979917 1.17271137
v 0.26785368 0.02165991 1.17504489
v 0.26785368 0.02765912 1.18049932
v 0.26785368 0.03180009 1.18290478
v 0.26785368 0.03551906 1.18477267
v 0.26785368 0.04337895 1.18792844
v 0.26785368 0.05123889 1.18988419
v 0.26785368 0.05689502 1.19076473
v 0.26785368 0.05909878 1.19110245
v 0.26785368 0.06695873 1.19194210
v 0.26785368 0.07481867 1.19255340
v 0.26785368 0.08267856 1.19302201
v 0.26785368 0.09053850 1.19340843
v 0.26785368 0.09839839 1.19369072
v 0.26785368 0.10625833 1.19391656
v 0.26785368 0.11411828 1.19408160
v 0.26785368 0.12197816 1.19420439
v 0.26785368 0.12983811 1.19426906
v 0.26785368 0.13769799 1.19428873
v 0.26785368 0.14555794 1.19427866
v 0.26785368 0.15341789 1.19423389
v 0.26785368 0.16127777 1.19418365
v 0.26785368 0.16913772 1.19411695
v 0.26785368 0.17699766 1.19400650
v 0.26785368 0.18485755 1.19390124
v 0.26785368 0.19271749 1.19381112
v 0.26785368 0.20057738 1.19370562
v 0.26785368 0.20843732 1.19358361
v 0.26785368 0.21629727 1.19348758
v 0.26785368 0.22415715 1.19343013
v 0.26785368 0.23201710 1.19334471
v 0.26785368 0.23987699 1.19324005
v 0.26785368 0.24773693 1.19311517
v 0.26785368 0.25559688 1.19298291
v 0.26785368 0.26345676 1.19283503
v 0.26785368 0.27131671 1.19265127
v 0.26785368 0.27917659 1.19247293
v 0.26785368 0.28703654 1.19225216
v 0.26785368 0.29489648 1.19203961
v 0.26785368 0.30275637 1.19179845
v 0.26785368 0.31061631 1.19154716
v 0.26785368 0.31847626 1.19129157
v 0.26785368 0.32633615 1.19103491
v 0.26618487 0.33419609 1.19076473
v 0.26785368 0.33292413 1.19076473
v 0.26785368 0.33419609 1.19071233
v 0.26785368 0.34205598 1.19034135
v 0.26785368 0.34991592 1.18987495
v 0.26785368 0.35777587 1.18930107
v 0.26785368 0.36563575 1.18859744
v 0.26785368 0.37349570 1.18777734
v 0.26785368 0.38135558 1.18665713
v 0.26785368 0.38921553 1.18518174
v 0.26785368 0.39707547 1.18298519
v 0.26785368 0.39728844 1.18290478
v 0.26785368 0.40493536 1.18027002
v 0.27571359 0.01675391 1.16718495
v 0.27571359 0.01979917 1.17184746
v 0.27571359 0.02233255 1.17504489
v 0.27571359 0.02765912 1.17995673
v 0.27571359 0.03266752 1.18290478
v 0.27571359 0.03551906 1.18434614
v 0.27571359 0.04337895 1.18752247
v 0.27571359 0.05123889 1.18955040
v 0.27571359 0.05870694 1.19076473
v 0.27571359 0.05909878 1.19082743
v 0.27571359 0.06695873 1.19166589
v 0.27571359 0.07481867 1.19226140
v 0.27571359 0.08267856 1.19272453
v 0.27571359 0.09053850 1.19312334
v 0.27571359 0.09839839 1.19342005
v 0.27571359 0.10625833 1.19364178
v 0.27571359 0.11411828 1.19380313
v 0.27571359 0.12197816 1.19392151
v 0.27571359 0.12983811 1.19398516
v 0.27571359 0.13769799 1.19399476
v 0.27571359 0.14555794 1.19397676
v 0.27571359 0.15341789 1.19394130
v 0.27571359 0.16127777 1.19388980
v 0.27571359 0.16913772 1.19382137
v 0.27571359 0.17699766 1.19371891
v 0.27571359 0.18485755 1.19361228
v 0.27571359 0.19271749 1.19351637
v 0.27571359 0.20057738 1.19341356
v 0.27571359 0.20843732 1.19329196
v 0.27571359 0.21629727 1.19319850
v 0.27571359 0.22415715 1.19314122
v 0.27571359 0.23201710 1.19305664
v 0.27571359 0.23987699 1.19294500
v 0.27571359 0.24773693 1.19283599
v 0.27571359 0.25559688 1.19269854
v 0.27571359 0.26345676 1.19255054
v 0.27571359 0.27131671 1.19238275
v 0.27571359 0.27917659 1.19219804
v 0.27571359 0.28703654 1.19199610
v 0.27571359 0.29489648 1.19178164
v 0.27571359 0.30275637 1.19153851
v 0.27571359 0.31061631 1.19128883
v 0.27571359 0.31847626 1.19103652
v 0.27571359 0.32633615 1.19077528
v 0.27571359 0.32658190 1.19076473
v 0.27571359 0.33419609 1.19044006
v 0.27571359 0.34205598 1.19007415
v 0.27571359 0.34991592 1.18961251
v 0.27571359 0.35777587 1.18903267
v 0.27571359 0.36563575 1.18833095
v 0.27571359 0.37349570 1.18749404
v 0.27571359 0.38135558 1.18631703
v 0.27571359 0.38921553 1.18476099
v 0.26902300 0.39707547 1.18290478
v 0.27571359 0.39558351 1.18290478
v 0.27571359 0.39707547 1.18244737
v 0.27571359 0.40493536 1.17996144
v 0.28357351 0.01734996 1.16718495
v 0.28357351 0.01979917 1.17093492
v 0.28357351 0.02310306 1.17504489
v 0.28357351 0.02765912 1.17924422
v 0.28357351 0.03375357 1.18290478
v 0.28357351 0.03551906 1.18381441
v 0.28357351 0.04337895 1.18700486
v 0.28357351 0.05123889 1.18914026
v 0.27708861 0.05909878 1.19076473
v 0.28357351 0.05909878 1.19046789
v 0.28357351 0.06172174 1.19076473
v 0.28357351 0.06695873 1.19134235
v 0.28357351 0.07481867 1.19196081
v 0.28357351 0.08267856 1.19243538
v 0.28357351 0.09053850 1.19283420
v 0.28357351 0.09839839 1.19311613
v 0.28357351 0.10625833 1.19334018
v 0.28357351 0.11411828 1.19351238
v 0.28357351 0.12197816 1.19363606
v 0.28357351 0.12983811 1.19368988
v 0.28357351 0.13769799 1.19370466
v 0.28357351 0.14555794 1.19367826
v 0.28357351 0.15341789 1.19364661
v 0.28357351 0.16127777 1.19359982
v 0.28357351 0.16913772 1.19352907
v 0.28357351 0.17699766 1.19342017
v 0.28357351 0.18485755 1.19332027
v 0.28357351 0.19271749 1.19322050
v 0.28357351 0.20057738 1.19311899
v 0.28357351 0.20843732 1.19299608
v 0.28357351 0.21629727 1.19290411
v 0.28357351 0.22415715 1.19284868
v 0.28357351 0.23201710 1.19276464
v 0.28357351 0.23987699 1.19266677
v 0.28357351 0.24773693 1.19254720
v 0.28357351 0.25559688 1.19242221
v 0.28357351 0.26345676 1.19227922
v 0.28357351 0.27131671 1.19211876
v 0.28357351 0.27917659 1.19192773
v 0.28357351 0.28703654 1.19171786
v 0.28357351 0.29489648 1.19151217
v 0.28357351 0.30275637 1.19128335
v 0.28357351 0.31061631 1.19103527
v 0.28357351 0.31847626 1.19078737
v 0.27601701 0.32633615 1.19076473
v 0.28357351 0.31910235 1.19076473
v 0.28357351 0.32633615 1.19050449
v 0.28357351 0.33419609 1.19016123
v 0.28357351 0.34205598 1.18979639
v 0.28357351 0.34991592 1.18934858
v 0.28357351 0.35777587 1.18877238
v 0.28357351 0.36563575 1.18807042
v 0.28357351 0.37349570 1.18721354
v 0.28357351 0.38135558 1.18601656
v 0.28357351 0.38921553 1.18440634
v 0.28357351 0.39412838 1.18290478
v 0.28357351 0.39707547 1.18196934
v 0.28357351 0.40493536 1.17965788
v 0.29143342 0.01799721 1.16718495
v 0.29143342 0.01979917 1.16988909
v 0.29143342 0.02402526 1.17504489
v 0.29143342 0.02765912 1.17840016
v 0.29143342 0.03500903 1.18290478
v 0.29143342 0.03551906 1.18317479
v 0.29143342 0.04337895 1.18639404
v 0.29143342 0.05123889 1.18862224
v 0.29143342 0.05909878 1.19007838
v 0.29143342 0.06499726 1.19076473
v 0.29143342 0.06695873 1.19099057
v 0.29143342 0.07481867 1.19165117
v 0.29143342 0.08267856 1.19212633
v 0.29143342 0.09053850 1.19252884
v 0.29143342 0.09839839 1.19281328
v 0.29143342 0.10625833 1.19303769
v 0.29143342 0.11411828 1.19320190
v 0.29143342 0.12197816 1.19331813
v 0.29143342 0.12983811 1.19337553
v 0.29143342 0.13769799 1.19339520
v 0.29143342 0.14555794 1.19338202
v 0.29143342 0.15341789 1.19335324
v 0.29143342 0.16127777 1.19329005
v 0.29143342 0.16913772 1.19322157
v 0.29143342 0.17699766 1.19312739
v 0.29143342 0.18485755 1.19302005
v 0.29143342 0.19271749 1.19291979
v 0.29143342 0.20057738 1.19281054
v 0.29143342 0.20843732 1.19269156
v 0.29143342 0.21629727 1.19260633
v 0.29143342 0.22415715 1.19255221
v 0.29143342 0.23201710 1.19247115
v 0.29143342 0.23987699 1.19238949
v 0.29143342 0.24773693 1.19227314
v 0.29143342 0.25559688 1.19214302
v 0.29143342 0.26345676 1.19201082
v 0.29143342 0.27131671 1.19184208
v 0.29143342 0.27917659 1.19164938
v 0.29143342 0.28703654 1.19146109
v 0.29143342 0.29489648 1.19124889
v 0.29143342 0.30275637 1.19103491
v 0.29143342 0.31061631 1.19077134
v 0.28422776 0.31847626 1.19076473
v 0.29143342 0.31081694 1.19076473
v 0.29143342 0.31847626 1.19051707
v 0.29143342 0.32633615 1.19024229
v 0.29143342 0.33419609 1.18991047
v 0.29143342 0.34205598 1.18953604
v 0.29143342 0.34991592 1.18909383
v 0.29143342 0.35777587 1.18848950
v 0.29143342 0.36563575 1.18778390
v 0.29143342 0.37349570 1.18691474
v 0.29143342 0.38135558 1.18567896
v 0.29143342 0.38921553 1.18400306
v 0.29143342 0.39275336 1.18290478
v 0.29143342 0.39707547 1.18151754
v 0.29143342 0.40493536 1.17932838
v 0.29929337 0.01866508 1.16718495
v 0.29929337 0.01979917 1.16885310
v 0.29929337 0.02495939 1.17504489
v 0.29929337 0.02765912 1.17752534
v 0.29474917 0.03551906 1.18290478
v 0.29929337 0.03551906 1.18252927
v 0.29929337 0.03637296 1.18290478
v 0.29929337 0.04337895 1.18581653
v 0.29929337 0.05123889 1.18812346
v 0.29929337 0.05909878 1.18964970
v 0.29645053 0.06695873 1.19076473
v 0.29929337 0.06695873 1.19063604
v 0.29929337 0.06843847 1.19076473
v 0.29929337 0.07481867 1.19131213
v 0.29929337 0.08267856 1.19180381
v 0.29929337 0.09053850 1.19220549
v 0.29929337 0.09839839 1.19249415
v 0.29929337 0.10625833 1.19271410
v 0.29929337 0.11411828 1.19288260
v 0.29929337 0.12197816 1.19299418
v 0.29929337 0.12983811 1.19306970
v 0.29929337 0.13769799 1.19308507
v 0.29929337 0.14555794 1.19307417
v 0.29929337 0.15341789 1.19304490
v 0.29929337 0.16127777 1.19298673
v 0.29929337 0.16913772 1.19291836
v 0.29929337 0.17699766 1.19282037
v 0.29929337 0.18485755 1.19271952
v 0.29929337 0.19271749 1.19260412
v 0.29929337 0.20057738 1.19249296
v 0.29929337 0.20843732 1.19236910
v 0.29929337 0.21629727 1.19229591
v 0.29929337 0.22415715 1.19224554
v 0.29929337 0.23201710 1.19218665
v 0.29929337 0.23987699 1.19209349
v 0.29929337 0.24773693 1.19197607
v 0.29929337 0.25559688 1.19184798
v 0.29929337 0.26345676 1.19170839
v 0.29929337 0.27131671 1.19155449
v 0.29929337 0.27917659 1.19136882
v 0.29929337 0.28703654 1.19116461
v 0.29929337 0.29489648 1.19097495
v 0.29840598 0.30275637 1.19076473
v 0.29929337 0.30164766 1.19076473
v 0.29929337 0.30275637 1.19073021
v 0.29159811 0.31061631 1.19076473
v 0.29929337 0.31061631 1.19046140
v 0.29929337 0.31847626 1.19022310
v 0.29929337 0.32633615 1.18995827
v 0.29929337 0.33419609 1.18962634
v 0.29929337 0.34205598 1.18926579
v 0.29929337 0.34991592 1.18879241
v 0.29929337 0.35777587 1.18819052
v 0.29929337 0.36563575 1.18745685
v 0.29929337 0.37349570 1.18656635
v 0.29929337 0.38135558 1.18529809
v 0.29929337 0.38921553 1.18356878
v 0.29929337 0.39130253 1.18290478
v 0.29929337 0.39707547 1.18100709
v 0.29929337 0.40493536 1.17898214
v 0.30715328 0.01924676 1.16718495
v 0.30715328 0.01979917 1.16798609
v 0.30715328 0.02573329 1.17504489
v 0.30715328 0.02765912 1.17680597
v 0.30715328 0.03551906 1.18201959
v 0.30715328 0.03748238 1.18290478
v 0.30715328 0.04337895 1.18540335
v 0.30715328 0.05123889 1.18772143
v 0.30715328 0.05909878 1.18931508
v 0.30715328 0.06695873 1.19033331
v 0.30715328 0.07175565 1.19076473
v 0.30715328 0.07481867 1.19103950
v 0.30715328 0.08267856 1.19152379
v 0.30715328 0.09053850 1.19193143
v 0.30715328 0.09839839 1.19220382
v 0.30715328 0.10625833 1.19242221
v 0.30715328 0.11411828 1.19259441
v 0.30715328 0.12197816 1.19269794
v 0.30715328 0.12983811 1.19278342
v 0.30715328 0.13769799 1.19280636
v 0.30715328 0.14555794 1.19280058
v 0.30715328 0.15341789 1.19277072
v 0.30715328 0.16127777 1.19271785
v 0.30715328 0.16913772 1.19266027
v 0.30715328 0.17699766 1.19255507
v 0.30715328 0.18485755 1.19245577
v 0.30715328 0.19271749 1.19235492
v 0.30715328 0.20057738 1.19222575
v 0.30715328 0.20843732 1.19209957
v 0.30715328 0.21629727 1.19204187
v 0.30715328 0.22415715 1.19200879
v 0.30715328 0.23201710 1.19193935
v 0.30715328 0.23987699 1.19184834
v 0.30715328 0.24773693 1.19174123
v 0.30715328 0.25559688 1.19161552
v 0.30715328 0.26345676 1.19146907
v 0.30715328 0.27131671 1.19130647
v 0.30715328 0.27917659 1.19112319
v 0.30715328 0.28703654 1.19092160
v 0.30563390 0.29489648 1.19076473
v 0.30715328 0.29297596 1.19076473
v 0.30715328 0.29489648 1.19071448
v 0.30715328 0.30275637 1.19048280
v 0.30715328 0.31061631 1.19022709
v 0.30715328 0.31847626 1.18998075
v 0.30715328 0.32633615 1.18970716
v 0.30715328 0.33419609 1.18937087
v 0.30715328 0.34205598 1.18901241
v 0.30715328 0.34991592 1.18853098
v 0.30715328 0.35777587 1.18790972
v 0.30715328 0.36563575 1.18717021
v 0.30715328 0.37349570 1.18625009
v 0.30715328 0.38135558 1.18495530
v 0.30715328 0.38921553 1.18312800
v 0.30715328 0.38989091 1.18290478
v 0.30715328 0.39707547 1.18046284
v 0.30715328 0.40493536 1.17871469
v 0.31501320 0.01979327 1.16718495
v 0.31501320 0.01979917 1.16719335
v 0.31501320 0.02639043 1.17504489
v 0.31501320 0.02765912 1.17622131
v 0.31501320 0.03551906 1.18157691
v 0.31501320 0.03840399 1.18290478
v 0.31501320 0.04337895 1.18505198
v 0.31501320 0.05123889 1.18743575
v 0.31501320 0.05909878 1.18904501
v 0.31501320 0.06695873 1.19008553
v 0.31501320 0.07455218 1.19076473
v 0.31501320 0.07481867 1.19078887
v 0.31501320 0.08267856 1.19129133
v 0.31501320 0.09053850 1.19167572
v 0.31501320 0.09839839 1.19195998
v 0.31501320 0.10625833 1.19217116
v 0.31501320 0.11411828 1.19234377
v 0.31501320 0.12197816 1.19245553
v 0.31501320 0.12983811 1.19252908
v 0.31501320 0.13769799 1.19257092
v 0.31501320 0.14555794 1.19255114
v 0.31501320 0.15341789 1.19253528
v 0.31501320 0.16127777 1.19249886
v 0.31501320 0.16913772 1.19242954
v 0.31501320 0.17699766 1.19234306
v 0.31501320 0.18485755 1.19224459
v 0.31501320 0.19271749 1.19215077
v 0.31501320 0.20057738 1.19202441
v 0.31501320 0.20843732 1.19190818
v 0.31501320 0.21629727 1.19184750
v 0.31501320 0.22415715 1.19181532
v 0.31501320 0.23201710 1.19176030
v 0.31501320 0.23987699 1.19165850
v 0.31501320 0.24773693 1.19156027
v 0.31501320 0.25559688 1.19143158
v 0.31501320 0.26345676 1.19128418
v 0.31501320 0.27131671 1.19112682
v 0.31501320 0.27917659 1.19095904
v 0.31425691 0.28703654 1.19076473
v 0.31501320 0.28641421 1.19076473
v 0.31501320 0.28703654 1.19074816
v 0.31501320 0.29489648 1.19054431
v 0.31501320 0.30275637 1.19030237
v 0.31501320 0.31061631 1.19004166
v 0.31501320 0.31847626 1.18979853
v 0.31501320 0.32633615 1.18952185
v 0.31501320 0.33419609 1.18917888
v 0.31501320 0.34205598 1.18881088
v 0.31501320 0.34991592 1.18832999
v 0.31501320 0.35777587 1.18771422
v 0.31501320 0.36563575 1.18695688
v 0.31501320 0.37349570 1.18602341
v 0.31501320 0.38135558 1.18469155
v 0.31205642 0.38921553 1.18290478
v 0.31501320 0.38869590 1.18290478
v 0.31501320 0.38921553 1.18277037
v 0.31501320 0.39707547 1.17990828
v 0.31501320 0.40493536 1.17856610
v 0.31510046 0.01979917 1.16718495
v 0.32287312 0.01979917 1.16641033
v 0.32287312 0.02035022 1.16718495
v 0.32287312 0.02697796 1.17504489
v 0.32287312 0.02765912 1.17568845
v 0.32287312 0.03551906 1.18114537
v 0.32287312 0.03927350 1.18290478
v 0.32287312 0.04337895 1.18469924
v 0.32287312 0.05123889 1.18712056
v 0.32287312 0.05909878 1.18878371
v 0.32287312 0.06695873 1.18985516
v 0.31582946 0.07481867 1.19076473
v 0.32287312 0.07481867 1.19055998
v 0.32287312 0.07800210 1.19076473
v 0.32287312 0.08267856 1.19106710
v 0.32287312 0.09053850 1.19144821
v 0.32287312 0.09839839 1.19173545
v 0.32287312 0.10625833 1.19194365
v 0.32287312 0.11411828 1.19210356
v 0.32287312 0.12197816 1.19221628
v 0.32287312 0.12983811 1.19228619
v 0.32287312 0.13769799 1.19231856
v 0.32287312 0.14555794 1.19231296
v 0.32287312 0.15341789 1.19230741
v 0.32287312 0.16127777 1.19226295
v 0.32287312 0.16913772 1.19221163
v 0.32287312 0.17699766 1.19212836
v 0.32287312 0.18485755 1.19203353
v 0.32287312 0.19271749 1.19195002
v 0.32287312 0.20057738 1.19182158
v 0.32287312 0.20843732 1.19170862
v 0.32287312 0.21629727 1.19166410
v 0.32287312 0.22415715 1.19163281
v 0.32287312 0.23201710 1.19157320
v 0.32287312 0.23987699 1.19148207
v 0.32287312 0.24773693 1.19138491
v 0.32287312 0.25559688 1.19125849
v 0.32287312 0.26345676 1.19111240
v 0.32287312 0.27131671 1.19095123
v 0.32287312 0.27917659 1.19078678
v 0.32287312 0.27996695 1.19076473
v 0.32287312 0.28703654 1.19057077
v 0.32287312 0.29489648 1.19036967
v 0.32287312 0.30275637 1.19011599
v 0.32287312 0.31061631 1.18986368
v 0.32287312 0.31847626 1.18960965
v 0.32287312 0.32633615 1.18933344
v 0.32287312 0.33419609 1.18897688
v 0.32287312 0.34205598 1.18860573
v 0.32287312 0.34991592 1.18813318
v 0.32287312 0.35777587 1.18751693
v 0.32287312 0.36563575 1.18677169
v 0.32287312 0.37349570 1.18582720
v 0.32287312 0.38135558 1.18449223
v 0.32287312 0.38764036 1.18290478
v 0.32287312 0.38921553 1.18248338
v 0.32287312 0.39707547 1.17938501
v 0.32287312 0.40493536 1.17857295
v 0.33073306 0.01979917 1.16574687
v 0.33073306 0.02082020 1.16718495
v 0.33073306 0.02747321 1.17504489
v 0.33073306 0.02765912 1.17522204
v 0.33073306 0.03551906 1.18064421
v 0.33073306 0.04030102 1.18290478
v 0.33073306 0.04337895 1.18425333
v 0.33073306 0.05123889 1.18674326
v 0.33073306 0.05909878 1.18846548
v 0.33073306 0.06695873 1.18958014
v 0.33073306 0.07481867 1.19031006
v 0.33073306 0.08187437 1.19076473
v 0.33073306 0.08267856 1.19081783
v 0.33073306 0.09053850 1.19121134
v 0.33073306 0.09839839 1.19148707
v 0.33073306 0.10625833 1.19169420
v 0.33073306 0.11411828 1.19183260
v 0.33073306 0.12197816 1.19195545
v 0.33073306 0.12983811 1.19201803
v 0.33073306 0.13769799 1.19205159
v 0.33073306 0.14555794 1.19205832
v 0.33073306 0.15341789 1.19204932
v 0.33073306 0.16127777 1.19200534
v 0.33073306 0.16913772 1.19195700
v 0.33073306 0.17699766 1.19187689
v 0.33073306 0.18485755 1.19180083
v 0.33073306 0.19271749 1.19169301
v 0.33073306 0.20057738 1.19158894
v 0.33073306 0.20843732 1.19147879
v 0.33073306 0.21629727 1.19144678
v 0.33073306 0.22415715 1.19142449
v 0.33073306 0.23201710 1.19136560
v 0.33073306 0.23987699 1.19127375
v 0.33073306 0.24773693 1.19116962
v 0.33073306 0.25559688 1.19104862
v 0.33073306 0.26345676 1.19089991
v 0.33006671 0.27131671 1.19076473
v 0.33073306 0.27042562 1.19076473
v 0.33073306 0.27131671 1.19074756
v 0.32369509 0.27917659 1.19076473
v 0.33073306 0.27917659 1.19057846
v 0.33073306 0.28703654 1.19038397
v 0.33073306 0.29489648 1.19017023
v 0.33073306 0.30275637 1.18991095
v 0.33073306 0.31061631 1.18965727
v 0.33073306 0.31847626 1.18941236
v 0.33073306 0.32633615 1.18912095
v 0.33073306 0.33419609 1.18878043
v 0.33073306 0.34205598 1.18840361
v 0.33073306 0.34991592 1.18793142
v 0.33073306 0.35777587 1.18733019
v 0.33073306 0.36563575 1.18658990
v 0.33073306 0.37349570 1.18566138
v 0.33073306 0.38135558 1.18430501
v 0.33073306 0.38675046 1.18290478
v 0.33073306 0.38921553 1.18222767
v 0.33073306 0.39707547 1.17890447
v 0.33073306 0.40493536 1.17869443
v 0.33859298 0.01979917 1.16513604
v 0.33859298 0.02125198 1.16718495
v 0.33307084 0.02765912 1.17504489
v 0.33859298 0.02765912 1.17459381
v 0.33859298 0.02821112 1.17504489
v 0.33859298 0.03551906 1.18003482
v 0.33859298 0.04152250 1.18290478
v 0.33859298 0.04337895 1.18372452
v 0.33859298 0.05123889 1.18624336
v 0.33859298 0.05909878 1.18804646
v 0.33859298 0.06695873 1.18924016
v 0.33859298 0.07481867 1.19000137
v 0.33215389 0.08267856 1.19076473
v 0.33859298 0.08267856 1.19053024
v 0.33859298 0.08726573 1.19076473
v 0.33859298 0.09053850 1.19093585
v 0.33859298 0.09839839 1.19120175
v 0.33859298 0.10625833 1.19140232
v 0.33859298 0.11411828 1.19155353
v 0.33859298 0.12197816 1.19165295
v 0.33859298 0.12983811 1.19171232
v 0.33859298 0.13769799 1.19174123
v 0.33859298 0.14555794 1.19175547
v 0.33859298 0.15341789 1.19174135
v 0.33859298 0.16127777 1.19172359
v 0.33859298 0.16913772 1.19167727
v 0.33859298 0.17699766 1.19160807
v 0.33859298 0.18485755 1.19151503
v 0.33859298 0.19271749 1.19143325
v 0.33859298 0.20057738 1.19132257
v 0.33859298 0.20843732 1.19124627
v 0.33859298 0.21629727 1.19120187
v 0.33859298 0.22415715 1.19117224
v 0.33859298 0.23201710 1.19112009
v 0.33859298 0.23987699 1.19103110
v 0.33859298 0.24773693 1.19093394
v 0.33859298 0.25559688 1.19081521
v 0.33541763 0.26345676 1.19076473
v 0.33859298 0.25838816 1.19076473
v 0.33859298 0.26345676 1.19067383
v 0.33859298 0.27131671 1.19052714
v 0.33859298 0.27917659 1.19036245
v 0.33859298 0.28703654 1.19016087
v 0.33859298 0.29489648 1.18996060
v 0.33859298 0.30275637 1.18970478
v 0.33859298 0.31061631 1.18945014
v 0.33859298 0.31847626 1.18919122
v 0.33859298 0.32633615 1.18890768
v 0.33859298 0.33419609 1.18856984
v 0.33859298 0.34205598 1.18818843
v 0.33859298 0.34991592 1.18773568
v 0.33859298 0.35777587 1.18713713
v 0.33859298 0.36563575 1.18640232
v 0.33859298 0.37349570 1.18547028
v 0.33859298 0.38135558 1.18409991
v 0.33859298 0.38587254 1.18290478
v 0.33859298 0.38921553 1.18196911
v 0.33859298 0.39707547 1.17846406
v 0.33859298 0.40493536 1.17872781
v 0.34645289 0.01979917 1.16441524
v 0.34645289 0.02175349 1.16718495
v 0.34645289 0.02765912 1.17396623
v 0.34645289 0.02900857 1.17504489
v 0.34645289 0.03551906 1.17939615
v 0.34645289 0.04284716 1.18290478
v 0.34645289 0.04337895 1.18314129
v 0.34645289 0.05123889 1.18567020
v 0.34645289 0.05909878 1.18753242
v 0.34645289 0.06695873 1.18880528
v 0.34645289 0.07481867 1.18964636
v 0.34645289 0.08267856 1.19019073
v 0.34247309 0.09053850 1.19076473
v 0.34645289 0.09053850 1.19059300
v 0.34645289 0.09550357 1.19076473
v 0.34645289 0.09839839 1.19086725
v 0.34645289 0.10625833 1.19105279
v 0.34645289 0.11411828 1.19120431
v 0.34645289 0.12197816 1.19130200
v 0.34645289 0.12983811 1.19136488
v 0.34645289 0.13769799 1.19139796
v 0.34645289 0.14555794 1.19141883
v 0.34645289 0.15341789 1.19142365
v 0.34645289 0.16127777 1.19140351
v 0.34645289 0.16913772 1.19135302
v 0.34645289 0.17699766 1.19128454
v 0.34645289 0.18485755 1.19121963
v 0.34645289 0.19271749 1.19113714
v 0.34645289 0.20057738 1.19102907
v 0.34645289 0.20843732 1.19095773
v 0.34645289 0.21629727 1.19093168
v 0.34645289 0.22415715 1.19089210
v 0.34645289 0.23201710 1.19084471
v 0.34620044 0.23987699 1.19076473
v 0.34645289 0.23909390 1.19076473
v 0.34645289 0.23987699 1.19075584
v 0.34346730 0.24773693 1.19076473
v 0.34645289 0.24773693 1.19066161
v 0.33998814 0.25559688 1.19076473
v 0.34645289 0.25559688 1.19053447
v 0.34645289 0.26345676 1.19041455
v 0.34645289 0.27131671 1.19026607
v 0.34645289 0.27917659 1.19010174
v 0.34645289 0.28703654 1.18991071
v 0.34645289 0.29489648 1.18971521
v 0.34645289 0.30275637 1.18945628
v 0.34645289 0.31061631 1.18921304
v 0.34645289 0.31847626 1.18895817
v 0.34645289 0.32633615 1.18867248
v 0.34645289 0.33419609 1.18831760
v 0.34645289 0.34205598 1.18796152
v 0.34645289 0.34991592 1.18750423
v 0.34645289 0.35777587 1.18691546
v 0.34645289 0.36563575 1.18617719
v 0.34645289 0.37349570 1.18522525
v 0.34645289 0.38135558 1.18383080
v 0.34645289 0.38477075 1.18290478
v 0.34645289 0.38921553 1.18163162
v 0.34645289 0.39707547 1.17804587
v 0.34645289 0.40493536 1.17864120
v 0.35431281 0.01979917 1.16366470
v 0.35431281 0.02224457 1.16718495
v 0.35431281 0.02765912 1.17340231
v 0.35431281 0.02972215 1.17504489
v 0.35431281 0.03551906 1.17886597
v 0.35034820 0.04337895 1.18290478
v 0.35431281 0.04337895 1.18266624
v 0.35431281 0.04410905 1.18290478
v 0.35431281 0.05123889 1.18513834
v 0.35431281 0.05909878 1.18701273
v 0.35431281 0.06695873 1.18831855
v 0.35431281 0.07481867 1.18920368
v 0.35431281 0.08267856 1.18977886
v 0.35431281 0.09053850 1.19020438
v 0.34846321 0.09839839 1.19076473
v 0.35431281 0.09839839 1.19047475
v 0.35223109 0.10625833 1.19076473
v 0.35431281 0.10625833 1.19066209
v 0.35431281 0.11175382 1.19076473
v 0.35431281 0.11411828 1.19080961
v 0.35431281 0.12197816 1.19089955
v 0.35431281 0.12983811 1.19096607
v 0.35431281 0.13769799 1.19100422
v 0.35431281 0.14555794 1.19104922
v 0.35431281 0.15341789 1.19105184
v 0.35431281 0.16127777 1.19103819
v 0.35431281 0.16913772 1.19100136
v 0.35431281 0.17699766 1.19095397
v 0.35431281 0.18485755 1.19086945
v 0.35431281 0.19271749 1.19080037
v 0.35267422 0.20057738 1.19076473
v 0.35431281 0.19536376 1.19076473
v 0.35431281 0.20057738 1.19069445
v 0.35110795 0.20843732 1.19076473
v 0.35431281 0.20843732 1.19063067
v 0.35056305 0.21629727 1.19076473
v 0.35431281 0.21629727 1.19061196
v 0.34981540 0.22415715 1.19076473
v 0.35431281 0.22415715 1.19059563
v 0.34847268 0.23201710 1.19076473
v 0.35431281 0.23201710 1.19053626
v 0.35431281 0.23987699 1.19045949
v 0.35431281 0.24773693 1.19037545
v 0.35431281 0.25559688 1.19026041
v 0.35431281 0.26345676 1.19013101
v 0.35431281 0.27131671 1.18999106
v 0.35431281 0.27917659 1.18983299
v 0.35431281 0.28703654 1.18963963
v 0.35431281 0.29489648 1.18944150
v 0.35431281 0.30275637 1.18919903
v 0.35431281 0.31061631 1.18894655
v 0.35431281 0.31847626 1.18870431
v 0.35431281 0.32633615 1.18841803
v 0.35431281 0.33419609 1.18807632
v 0.35431281 0.34205598 1.18771052
v 0.35431281 0.34991592 1.18724924
v 0.35431281 0.35777587 1.18665296
v 0.35431281 0.36563575 1.18591261
v 0.35431281 0.37349570 1.18495148
v 0.35431281 0.38135558 1.18351287
v 0.35431281 0.38360602 1.18290478
v 0.35431281 0.38921553 1.18130261
v 0.35431281 0.39707547 1.17773664
v 0.35431281 0.40493536 1.17845815
v 0.36217272 0.01979917 1.16275692
v 0.36217272 0.02277732 1.16718495
v 0.36217272 0.02765912 1.17281771
v 0.36217272 0.03042907 1.17504489
v 0.36217272 0.03551906 1.17839974
v 0.36217272 0.04337895 1.18219310
v 0.36217272 0.04559195 1.18290478
v 0.36217272 0.05123889 1.18464839
v 0.36217272 0.05909878 1.18650365
v 0.36217272 0.06695873 1.18781054
v 0.36217272 0.07481867 1.18870270
v 0.36217272 0.08267856 1.18930936
v 0.36217272 0.09053850 1.18974495
v 0.36217272 0.09839839 1.19002426
v 0.36217272 0.10625833 1.19020921
v 0.35505831 0.11411828 1.19076473
v 0.36217272 0.11411828 1.19034928
v 0.35665157 0.12197816 1.19076473
v 0.36217272 0.12197816 1.19045365
v 0.35786948 0.12983811 1.19076473
v 0.36217272 0.12983811 1.19052523
v 0.35879484 0.13769799 1.19076473
v 0.36217272 0.13769799 1.19058663
v 0.35952085 0.14555794 1.19076473
v 0.36217272 0.14555794 1.19062060
v 0.35969767 0.15341789 1.19076473
v 0.36217272 0.15341789 1.19063318
v 0.35955915 0.16127777 1.19076473
v 0.36217272 0.16127777 1.19062871
v 0.35897425 0.16913772 1.19076473
v 0.36217272 0.16913772 1.19060248
v 0.35814449 0.17699766 1.19076473
v 0.36217272 0.17699766 1.19056588
v 0.35650992 0.18485755 1.19076473
v 0.36217272 0.18485755 1.19049728
v 0.35504404 0.19271749 1.19076473
v 0.36217272 0.19271749 1.19042134
v 0.36217272 0.20057738 1.19032508
v 0.36217272 0.20843732 1.19025588
v 0.36217272 0.21629727 1.19025356
v 0.36217272 0.22415715 1.19024467
v 0.36217272 0.23201710 1.19019890
v 0.36217272 0.23987699 1.19013244
v 0.36217272 0.24773693 1.19004804
v 0.36217272 0.25559688 1.18993890
v 0.36217272 0.26345676 1.18982530
v 0.36217272 0.27131671 1.18968099
v 0.36217272 0.27917659 1.18952453
v 0.36217272 0.28703654 1.18936884
v 0.36217272 0.29489648 1.18916482
v 0.36217272 0.30275637 1.18892109
v 0.36217272 0.31061631 1.18867803
v 0.36217272 0.31847626 1.18842304
v 0.36217272 0.32633615 1.18815643
v 0.36217272 0.33419609 1.18780154
v 0.36217272 0.34205598 1.18745327
v 0.36217272 0.34991592 1.18699992
v 0.36217272 0.35777587 1.18639630
v 0.36217272 0.36563575 1.18565464
v 0.36217272 0.37349570 1.18465441
v 0.36217272 0.38135558 1.18317229
v 0.36217272 0.38232630 1.18290478
v 0.36217272 0.38921553 1.18090874
v 0.36217272 0.39707547 1.17736512
v 0.36217272 0.40493536 1.17791116
v 0.37003267 0.01979917 1.16168028
v 0.37003267 0.02345526 1.16718495
v 0.37003267 0.02765912 1.17205590
v 0.37003267 0.03138399 1.17504489
v 0.37003267 0.03551906 1.17773509
v 0.37003267 0.04337895 1.18156183
v 0.37003267 0.04761255 1.18290478
v 0.37003267 0.05123889 1.18400306
v 0.37003267 0.05909878 1.18586820
v 0.37003267 0.06695873 1.18721038
v 0.37003267 0.07481867 1.18812656
v 0.37003267 0.08267856 1.18875456
v 0.37003267 0.09053850 1.18922430
v 0.37003267 0.09839839 1.18947822
v 0.37003267 0.10625833 1.18967503
v 0.37003267 0.11411828 1.18981117
v 0.37003267 0.12197816 1.18990588
v 0.37003267 0.12983811 1.18999654
v 0.37003267 0.13769799 1.19005305
v 0.37003267 0.14555794 1.19009572
v 0.37003267 0.15341789 1.19010979
v 0.37003267 0.16127777 1.19010222
v 0.37003267 0.16913772 1.19008738
v 0.37003267 0.17699766 1.19004643
v 0.37003267 0.18485755 1.18999189
v 0.37003267 0.19271749 1.18993515
v 0.37003267 0.20057738 1.18984270
v 0.37003267 0.20843732 1.18978286
v 0.37003267 0.21629727 1.18978202
v 0.37003267 0.22415715 1.18977374
v 0.37003267 0.23201710 1.18974960
v 0.37003267 0.23987699 1.18969780
v 0.37003267 0.24773693 1.18961662
v 0.37003267 0.25559688 1.18953276
v 0.37003267 0.26345676 1.18942112
v 0.37003267 0.27131671 1.18930274
v 0.37003267 0.27917659 1.18916208
v 0.37003267 0.28703654 1.18901086
v 0.37003267 0.29489648 1.18880814
v 0.37003267 0.30275637 1.18858749
v 0.37003267 0.31061631 1.18833679
v 0.37003267 0.31847626 1.18810737
v 0.37003267 0.32633615 1.18784159
v 0.37003267 0.33419609 1.18752128
v 0.37003267 0.34205598 1.18716085
v 0.37003267 0.34991592 1.18671018
v 0.37003267 0.35777587 1.18611902
v 0.37003267 0.36563575 1.18535936
v 0.37003267 0.37349570 1.18433523
v 0.36748216 0.38135558 1.18290478
v 0.37003267 0.38073730 1.18290478
v 0.37003267 0.38135558 1.18277621
v 0.37003267 0.38921553 1.18042052
v 0.37003267 0.39707547 1.17666948
v 0.37003267 0.40493536 1.17637289
v 0.37789258 0.01979917 1.16062284
v 0.37789258 0.02434063 1.16718495
v 0.37789258 0.02765912 1.17091918
v 0.37789258 0.03285670 1.17504489
v 0.37789258 0.03551906 1.17675203
v 0.37789258 0.04337895 1.18060017
v 0.37789258 0.05060577 1.18290478
v 0.37789258 0.05123889 1.18309730
v 0.37789258 0.05909878 1.18495435
v 0.37789258 0.06695873 1.18636054
v 0.37789258 0.07481867 1.18735850
v 0.37789258 0.08267856 1.18802547
v 0.37789258 0.09053850 1.18850940
v 0.37789258 0.09839839 1.18879402
v 0.37789258 0.10625833 1.18895197
v 0.37789258 0.11411828 1.18907607
v 0.37789258 0.12197816 1.18917572
v 0.37789258 0.12983811 1.18925864
v 0.37789258 0.13769799 1.18932652
v 0.37789258 0.14555794 1.18935204
v 0.37789258 0.15341789 1.18937135
v 0.37789258 0.16127777 1.18937242
v 0.37789258 0.16913772 1.18935394
v 0.37789258 0.17699766 1.18933451
v 0.37789258 0.18485755 1.18928570
v 0.37789258 0.19271749 1.18922818
v 0.37789258 0.20057738 1.18915403
v 0.37789258 0.20843732 1.18909860
v 0.37789258 0.21629727 1.18910581
v 0.37789258 0.22415715 1.18909550
v 0.37789258 0.23201710 1.18907309
v 0.37789258 0.23987699 1.18903470
v 0.37789258 0.24773693 1.18897724
v 0.37789258 0.25559688 1.18890411
v 0.37789258 0.26345676 1.18880188
v 0.37789258 0.27131671 1.18869323
v 0.37789258 0.27917659 1.18857044
v 0.37789258 0.28703654 1.18840832
v 0.37789258 0.29489648 1.18824041
v 0.37789258 0.30275637 1.18802941
v 0.37789258 0.31061631 1.18780780
v 0.37789258 0.31847626 1.18759382
v 0.37789258 0.32633615 1.18734080
v 0.37789258 0.33419609 1.18702871
v 0.37789258 0.34205598 1.18667620
v 0.37789258 0.34991592 1.18622959
v 0.37789258 0.35777587 1.18566746
v 0.37789258 0.36563575 1.18491954
v 0.37789258 0.37349570 1.18387842
v 0.37789258 0.37851018 1.18290478
v 0.37789258 0.38135558 1.18233114
v 0.37789258 0.38921553 1.17986333
v 0.37789258 0.39707547 1.17569166
v 0.37405437 0.40493536 1.17504489
v 0.37789258 0.39980304 1.17504489
v 0.37789258 0.40493536 1.17374206
v 0.38465482 0.01979917 1.15932506
v 0.38575250 0.01993740 1.15932506
v 0.38575250 0.02585149 1.16718495
v 0.38575250 0.02765912 1.16911674
v 0.38575250 0.03505343 1.17504489
v 0.38575250 0.03551906 1.17534351
v 0.38575250 0.04337895 1.17924815
v 0.37918654 0.05123889 1.18290478
v 0.38575250 0.05123889 1.18189836
v 0.38575250 0.05560207 1.18290478
v 0.38575250 0.05909878 1.18366468
v 0.38575250 0.06695873 1.18505841
v 0.38575250 0.07481867 1.18611842
v 0.38575250 0.08267856 1.18683982
v 0.38575250 0.09053850 1.18736005
v 0.38575250 0.09839839 1.18761963
v 0.38575250 0.10625833 1.18777370
v 0.38575250 0.11411828 1.18785912
v 0.38575250 0.12197816 1.18793482
v 0.38575250 0.12983811 1.18801326
v 0.38575250 0.13769799 1.18808001
v 0.38575250 0.14555794 1.18813127
v 0.38575250 0.15341789 1.18815953
v 0.38575250 0.16127777 1.18817180
v 0.38575250 0.16913772 1.18816638
v 0.38575250 0.17699766 1.18813664
v 0.38575250 0.18485755 1.18810833
v 0.38575250 0.19271749 1.18804777
v 0.38575250 0.20057738 1.18797785
v 0.38575250 0.20843732 1.18793517
v 0.38575250 0.21629727 1.18791920
v 0.38575250 0.22415715 1.18792725
v 0.38575250 0.23201710 1.18790710
v 0.38575250 0.23987699 1.18788552
v 0.38575250 0.24773693 1.18783224
v 0.38575250 0.25559688 1.18775499
v 0.38575250 0.26345676 1.18767452
v 0.38575250 0.27131671 1.18755895
v 0.38575250 0.27917659 1.18742603
v 0.38575250 0.28703654 1.18726557
v 0.38575250 0.29489648 1.18711013
v 0.38575250 0.30275637 1.18692136
v 0.38575250 0.31061631 1.18672001
v 0.38575250 0.31847626 1.18651479
v 0.38575250 0.32633615 1.18628222
v 0.38575250 0.33419609 1.18597460
v 0.38575250 0.34205598 1.18564981
v 0.38575250 0.34991592 1.18523318
v 0.38575250 0.35777587 1.18470967
v 0.38575250 0.36563575 1.18397903
v 0.38575250 0.37349570 1.18295026
v 0.38575250 0.37372923 1.18290478
v 0.38575250 0.38135558 1.18136442
v 0.38575250 0.38921553 1.17875659
v 0.38116938 0.39707547 1.17504489
v 0.38575250 0.39551276 1.17504489
v 0.38575250 0.39707547 1.17386186
v 0.38575250 0.40493536 1.16804558
v 0.39361241 0.02216458 1.15932506
v 0.39050665 0.02765912 1.16718495
v 0.39361241 0.02765912 1.16577083
v 0.39361241 0.02930260 1.16718495
v 0.38660169 0.03551906 1.17504489
v 0.39361241 0.03551906 1.17196119
v 0.39361241 0.04070044 1.17504489
v 0.39361241 0.04337895 1.17636812
v 0.39361241 0.05123889 1.17914778
v 0.38833141 0.05909878 1.18290478
v 0.39361241 0.05909878 1.18114829
v 0.39284882 0.06695873 1.18290478
v 0.39361241 0.06695873 1.18264645
v 0.39361241 0.06892890 1.18290478
v 0.39361241 0.07481867 1.18363327
v 0.39361241 0.08267856 1.18429494
v 0.39361241 0.09053850 1.18475705
v 0.39361241 0.09839839 1.18496680
v 0.39361241 0.10625833 1.18504477
v 0.39361241 0.11411828 1.18506503
v 0.39361241 0.12197816 1.18509525
v 0.39361241 0.12983811 1.18514276
v 0.39361241 0.13769799 1.18519819
v 0.39361241 0.14555794 1.18526411
v 0.39361241 0.15341789 1.18533021
v 0.39361241 0.16127777 1.18535262
v 0.39361241 0.16913772 1.18536389
v 0.39361241 0.17699766 1.18534523
v 0.39361241 0.18485755 1.18529618
v 0.39361241 0.19271749 1.18525416
v 0.39361241 0.20057738 1.18519217
v 0.39361241 0.20843732 1.18515700
v 0.39361241 0.21629727 1.18516278
v 0.39361241 0.22415715 1.18518245
v 0.39361241 0.23201710 1.18516999
v 0.39361241 0.23987699 1.18513316
v 0.39361241 0.24773693 1.18504763
v 0.39361241 0.25559688 1.18494272
v 0.39361241 0.26345676 1.18482780
v 0.39361241 0.27131671 1.18469328
v 0.39361241 0.27917659 1.18456769
v 0.39361241 0.28703654 1.18441045
v 0.39361241 0.29489648 1.18425131
v 0.39361241 0.30275637 1.18408984
v 0.39361241 0.31061631 1.18393803
v 0.39361241 0.31847626 1.18377769
v 0.39361241 0.32633615 1.18360656
v 0.39361241 0.33419609 1.18337804
v 0.39361241 0.34205598 1.18313038
v 0.39328524 0.34991592 1.18290478
v 0.39361241 0.34737533 1.18290478
v 0.39361241 0.34991592 1.18278956
v 0.39185306 0.35777587 1.18290478
v 0.39361241 0.35777587 1.18230826
v 0.38952583 0.36563575 1.18290478
v 0.39361241 0.36563575 1.18157393
v 0.38590860 0.37349570 1.18290478
v 0.39361241 0.37349570 1.18034905
v 0.39361241 0.38135558 1.17821926
v 0.39361241 0.38921553 1.17519706
v 0.39361241 0.38945258 1.17504489
v 0.39361241 0.39707547 1.16864562
v 0.38688543 0.40493536 1.16718495
v 0.39361241 0.39874101 1.16718495
v 0.39361241 0.40493536 1.16367656
v 0.40147236 0.02505791 1.15932506
v 0.40147236 0.02765912 1.16196513
v 0.40147236 0.03445107 1.16718495
v 0.40147236 0.03551906 1.16791439
v 0.39628410 0.04337895 1.17504489
v 0.40147236 0.04337895 1.17248255
v 0.40147236 0.05096567 1.17504489
v 0.40147236 0.05123889 1.17513102
v 0.40147236 0.05909878 1.17693418
v 0.40147236 0.06695873 1.17848790
v 0.39503190 0.07481867 1.18290478
v 0.40147236 0.07481867 1.17955184
v 0.39626408 0.08267856 1.18290478
v 0.40147236 0.08267856 1.18016303
v 0.39701721 0.09053850 1.18290478
v 0.40147236 0.09053850 1.18049127
v 0.39730138 0.09839839 1.18290478
v 0.40147236 0.09839839 1.18059176
v 0.39733011 0.10625833 1.18290478
v 0.40147236 0.10625833 1.18056554
v 0.39728117 0.11411828 1.18290478
v 0.40147236 0.11411828 1.18050915
v 0.39726618 0.12197816 1.18290478
v 0.40147236 0.12197816 1.18047196
v 0.39729291 0.12983811 1.18290478
v 0.40147236 0.12983811 1.18045664
v 0.39734095 0.13769799 1.18290478
v 0.40147236 0.13769799 1.18046439
v 0.39744332 0.14555794 1.18290478
v 0.40147236 0.14555794 1.18049413
v 0.39751869 0.15341789 1.18290478
v 0.40147236 0.15341789 1.18050724
v 0.39753872 0.16127777 1.18290478
v 0.40147236 0.16127777 1.18050498
v 0.39754060 0.16913772 1.18290478
v 0.40147236 0.16913772 1.18048036
v 0.39750659 0.17699766 1.18290478
v 0.40147236 0.17699766 1.18043792
v 0.39741850 0.18485755 1.18290478
v 0.40147236 0.18485755 1.18038309
v 0.39733857 0.19271749 1.18290478
v 0.40147236 0.19271749 1.18031031
v 0.39723146 0.20057738 1.18290478
v 0.40147236 0.20057738 1.18022782
v 0.39717191 0.20843732 1.18290478
v 0.40147236 0.20843732 1.18018651
v 0.39717394 0.21629727 1.18290478
v 0.40147236 0.21629727 1.18019611
v 0.39720705 0.22415715 1.18290478
v 0.40147236 0.22415715 1.18021882
v 0.39720410 0.23201710 1.18290478
v 0.40147236 0.23201710 1.18021446
v 0.39713821 0.23987699 1.18290478
v 0.40147236 0.23987699 1.18016374
v 0.39698589 0.24773693 1.18290478
v 0.40147236 0.24773693 1.18006647
v 0.39680395 0.25559688 1.18290478
v 0.40147236 0.25559688 1.17994654
v 0.39662969 0.26345676 1.18290478
v 0.40147236 0.26345676 1.17985326
v 0.39645830 0.27131671 1.18290478
v 0.40147236 0.27131671 1.17977899
v 0.39629525 0.27917659 1.18290478
v 0.40147236 0.27917659 1.17971402
v 0.39608723 0.28703654 1.18290478
v 0.40147236 0.28703654 1.17963219
v 0.39586014 0.29489648 1.18290478
v 0.40147236 0.29489648 1.17952645
v 0.39561531 0.30275637 1.18290478
v 0.40147236 0.30275637 1.17940795
v 0.39537975 0.31061631 1.18290478
v 0.40147236 0.31061631 1.17931116
v 0.39513588 0.31847626 1.18290478
v 0.40147236 0.31847626 1.17924160
v 0.39486289 0.32633615 1.18290478
v 0.40147236 0.32633615 1.17915916
v 0.39447343 0.33419609 1.18290478
v 0.40147236 0.33419609 1.17901826
v 0.39402470 0.34205598 1.18290478
v 0.40147236 0.34205598 1.17877614
v 0.40147236 0.34991592 1.17839867
v 0.40147236 0.35777587 1.17786449
v 0.40147236 0.36563575 1.17716640
v 0.40147236 0.37349570 1.17614692
v 0.40057266 0.38135558 1.17504489
v 0.40147236 0.37940174 1.17504489
v 0.40147236 0.38135558 1.17471844
v 0.39405540 0.38921553 1.17504489
v 0.40147236 0.38921553 1.17294377
f 9 11 10
f 13 10 11
f 12 10 13
f 15 12 13
f 14 12 15
f 17 14 15
f 17 18 14
f 18 16 14
f 17 19 18
f 18 21 16
f 21 20 16
f 22 18 19
f 21 18 22
f 1 20 23
f 23 20 21
f 24 21 22
f 23 21 24
f 23 25 2
f 1 23 2
f 26 23 24
f 25 23 26
f 25 27 3
f 2 25 3
f 28 25 26
f 27 25 28
f 27 29 4
f 3 27 4
f 30 27 28
f 29 27 30
f 29 31 5
f 4 29 5
f 32 29 30
f 31 29 32
f 31 33 6
f 5 31 6
f 34 31 32
f 33 31 34
f 33 35 7
f 6 33 7
f 36 33 34
f 35 33 36
f 8 7 35
f 8 35 37
f 37 35 38
f 39 35 36
f 38 35 39
f 38 41 37
f 41 40 37
f 42 38 39
f 41 38 42
f 41 44 40
f 44 43 40
f 45 41 42
f 44 41 45
f 44 47 43
f 47 46 43
f 48 44 45
f 47 44 48
f 47 50 46
f 50 49 46
f 51 47 48
f 50 47 51
f 50 53 49
f 53 52 49
f 54 50 51
f 53 50 54
f 53 56 52
f 56 55 52
f 57 53 54
f 56 53 57
f 56 59 55
f 59 58 55
f 60 56 57
f 59 56 60
f 59 62 58
f 62 61 58
f 63 59 60
f 62 59 63
f 62 65 61
f 65 64 61
f 66 62 63
f 65 62 66
f 65 68 64
f 68 67 64
f 69 65 66
f 68 65 69
f 68 71 67
f 71 70 67
f 72 68 69
f 71 68 72
f 74 71 75
f 74 73 71
f 73 70 71
f 72 75 71
f 77 73 74
f 76 73 77
f 79 76 77
f 78 76 79
f 81 78 79
f 80 78 81
f 83 80 81
f 82 80 83
f 85 82 83
f 84 82 85
f 87 84 85
f 86 84 87
f 89 86 87
f 88 86 89
f 91 88 89
f 90 88 91
f 93 90 91
f 92 90 93
f 95 92 93
f 94 92 95
f 97 94 95
f 96 94 97
f 99 96 97
f 98 96 99
f 101 98 99
f 100 98 101
f 101 102 100
f 103 105 104
f 107 104 105
f 106 104 107
f 106 11 9
f 106 107 11
f 107 108 11
f 109 110 13
f 109 13 108
f 108 13 11
f 109 111 110
f 110 112 15
f 13 110 15
f 113 110 111
f 112 110 113
f 15 112 17
f 112 19 17
f 112 113 19
f 113 114 19
f 19 114 22
f 114 115 22
f 22 115 24
f 115 116 24
f 24 116 26
f 116 117 26
f 26 117 28
f 117 118 28
f 28 118 30
f 118 119 30
f 30 119 32
f 119 120 32
f 32 120 34
f 120 121 34
f 34 121 36
f 121 122 36
f 36 122 39
f 122 123 39
f 39 123 42
f 123 124 42
f 42 124 45
f 124 125 45
f 45 125 48
f 125 126 48
f 48 126 51
f 126 127 51
f 51 127 54
f 127 128 54
f 54 128 57
f 128 129 57
f 57 129 60
f 129 130 60
f 60 130 63
f 130 131 63
f 63 131 66
f 131 132 66
f 66 132 69
f 132 133 69
f 69 133 72
f 133 134 72
f 75 135 74
f 75 136 135
f 75 72 136
f 72 134 136
f 135 137 77
f 74 135 77
f 138 135 136
f 137 135 138
f 137 139 79
f 77 137 79
f 140 137 138
f 139 137 140
f 139 141 81
f 79 139 81
f 142 139 140
f 141 139 142
f 141 143 83
f 81 141 83
f 144 141 142
f 143 141 144
f 143 145 85
f 83 143 85
f 146 143 144
f 145 143 146
f 145 147 87
f 85 145 87
f 148 145 146
f 147 145 148
f 147 149 89
f 87 147 89
f 150 147 148
f 149 147 150
f 149 151 91
f 89 149 91
f 152 149 150
f 151 149 152
f 151 153 93
f 91 151 93
f 154 151 152
f 153 151 154
f 153 155 95
f 93 153 95
f 156 153 154
f 155 153 156
f 155 157 158
f 155 158 95
f 95 158 97
f 156 157 155
f 97 158 99
f 158 159 99
f 99 159 101
f 159 160 101
f 102 162 161
f 102 101 162
f 101 160 162
f 164 161 162
f 163 161 164
f 166 163 164
f 165 163 166
f 168 165 166
f 167 165 168
f 170 167 168
f 169 167 170
f 170 172 169
f 175 177 176
f 176 105 103
f 176 177 105
f 177 178 105
f 105 178 107
f 178 179 107
f 180 181 108
f 180 108 179
f 179 108 107
f 180 182 181
f 108 181 109
f 181 111 109
f 181 182 111
f 182 183 111
f 111 183 113
f 183 184 113
f 113 184 114
f 184 185 114
f 114 185 115
f 185 186 115
f 115 186 116
f 186 187 116
f 116 187 117
f 187 188 117
f 117 188 118
f 188 189 118
f 118 189 119
f 189 190 119
f 119 190 120
f 190 191 120
f 120 191 121
f 191 192 121
f 121 192 122
f 192 193 122
f 122 193 123
f 193 194 123
f 123 194 124
f 194 195 124
f 124 195 125
f 195 196 125
f 125 196 126
f 196 197 126
f 126 197 127
f 197 198 127
f 127 198 128
f 198 199 128
f 128 199 129
f 199 200 129
f 129 200 130
f 200 201 130
f 130 201 131
f 201 202 131
f 131 202 132
f 202 203 132
f 132 203 133
f 203 204 133
f 133 204 134
f 204 205 134
f 134 205 136
f 205 206 136
f 136 206 138
f 206 207 138
f 138 207 140
f 207 208 140
f 140 208 142
f 208 209 142
f 142 209 144
f 209 210 144
f 144 210 146
f 210 211 146
f 146 211 148
f 211 212 148
f 148 212 150
f 212 213 150
f 150 213 152
f 213 214 152
f 152 214 154
f 214 215 154
f 154 215 156
f 215 216 156
f 157 217 158
f 157 218 217
f 157 156 218
f 156 216 218
f 217 219 159
f 158 217 159
f 220 217 218
f 219 217 220
f 219 221 160
f 159 219 160
f 222 219 220
f 221 219 222
f 221 223 162
f 160 221 162
f 224 221 222
f 223 221 224
f 223 225 226
f 223 226 162
f 162 226 164
f 224 225 223
f 164 226 166
f 226 227 166
f 166 227 168
f 227 228 168
f 168 228 170
f 228 229 170
f 172 230 171
f 172 231 230
f 172 170 231
f 170 229 231
f 230 232 233
f 230 233 171
f 171 233 173
f 231 232 230
f 174 235 234
f 174 173 235
f 173 233 235
f 235 237 234
f 238 177 175
f 239 177 238
f 177 239 178
f 239 240 178
f 241 242 179
f 241 179 240
f 240 179 178
f 241 243 242
f 179 242 180
f 242 182 180
f 242 243 182
f 243 244 182
f 182 244 183
f 244 245 183
f 183 245 184
f 245 246 184
f 184 246 185
f 246 247 185
f 185 247 186
f 247 248 186
f 186 248 187
f 248 249 187
f 250 251 188
f 250 188 249
f 249 188 187
f 250 252 251
f 251 253 189
f 188 251 189
f 254 251 252
f 253 251 254
f 253 255 190
f 189 253 190
f 256 253 254
f 255 253 256
f 255 257 191
f 190 255 191
f 258 255 256
f 257 255 258
f 257 259 192
f 191 257 192
f 260 257 258
f 259 257 260
f 259 261 193
f 192 259 193
f 262 259 260
f 261 259 262
f 261 263 194
f 193 261 194
f 264 261 262
f 263 261 264
f 263 265 195
f 194 263 195
f 266 263 264
f 265 263 266
f 265 267 196
f 195 265 196
f 268 265 266
f 267 265 268
f 267 269 197
f 196 267 197
f 270 267 268
f 269 267 270
f 269 271 198
f 197 269 198
f 272 269 270
f 271 269 272
f 271 273 199
f 198 271 199
f 274 271 272
f 273 271 274
f 273 275 276
f 273 276 199
f 199 276 200
f 274 275 273
f 200 276 201
f 276 277 201
f 201 277 202
f 277 278 202
f 202 278 203
f 278 279 203
f 203 279 204
f 279 280 204
f 204 280 205
f 280 281 205
f 205 281 206
f 281 282 206
f 206 282 207
f 282 283 207
f 207 283 208
f 283 284 208
f 208 284 209
f 284 285 209
f 209 285 210
f 285 286 210
f 210 286 211
f 286 287 211
f 211 287 212
f 287 288 212
f 212 288 213
f 288 289 213
f 213 289 214
f 289 290 214
f 214 290 215
f 290 291 215
f 215 291 216
f 291 292 216
f 216 292 218
f 292 293 218
f 218 293 220
f 293 294 220
f 220 294 222
f 294 295 222
f 222 295 224
f 295 296 224
f 225 297 226
f 225 298 297
f 225 224 298
f 224 296 298
f 297 299 227
f 226 297 227
f 300 297 298
f 299 297 300
f 299 301 302
f 299 302 227
f 227 302 228
f 300 301 299
f 228 302 229
f 302 303 229
f 229 303 231
f 303 304 231
f 232 305 233
f 232 306 305
f 232 231 306
f 231 304 306
f 305 307 308
f 305 308 233
f 233 308 235
f 306 307 305
f 237 309 236
f 237 310 309
f 237 235 310
f 235 308 310
f 311 313 312
f 312 239 238
f 312 313 239
f 313 314 239
f 315 316 240
f 315 240 314
f 314 240 239
f 315 317 316
f 240 316 241
f 316 243 241
f 316 317 243
f 317 318 243
f 243 318 244
f 318 319 244
f 244 319 245
f 319 320 245
f 245 320 246
f 320 321 246
f 322 323 247
f 322 247 321
f 321 247 246
f 322 324 323
f 323 325 248
f 247 323 248
f 326 323 324
f 325 323 326
f 325 327 249
f 248 325 249
f 328 325 326
f 327 325 328
f 249 327 250
f 327 252 250
f 327 328 252
f 328 329 252
f 252 329 254
f 329 330 254
f 254 330 256
f 330 331 256
f 256 331 258
f 331 332 258
f 258 332 260
f 332 333 260
f 260 333 262
f 333 334 262
f 262 334 264
f 334 335 264
f 264 335 266
f 335 336 266
f 266 336 268
f 336 337 268
f 268 337 270
f 337 338 270
f 270 338 272
f 338 339 272
f 272 339 274
f 339 340 274
f 275 341 276
f 275 342 341
f 275 274 342
f 274 340 342
f 341 343 277
f 276 341 277
f 344 341 342
f 343 341 344
f 343 345 278
f 277 343 278
f 346 343 344
f 345 343 346
f 345 347 279
f 278 345 279
f 348 345 346
f 347 345 348
f 347 349 280
f 279 347 280
f 350 347 348
f 349 347 350
f 349 351 281
f 280 349 281
f 352 349 350
f 351 349 352
f 351 353 282
f 281 351 282
f 354 351 352
f 353 351 354
f 353 355 283
f 282 353 283
f 356 353 354
f 355 353 356
f 355 357 358
f 355 358 283
f 283 358 284
f 356 357 355
f 284 358 285
f 358 359 285
f 285 359 286
f 359 360 286
f 286 360 287
f 360 361 287
f 287 361 288
f 361 362 288
f 288 362 289
f 362 363 289
f 289 363 290
f 363 364 290
f 290 364 291
f 364 365 291
f 291 365 292
f 365 366 292
f 292 366 293
f 366 367 293
f 293 367 294
f 367 368 294
f 294 368 295
f 368 369 295
f 295 369 296
f 369 370 296
f 296 370 298
f 370 371 298
f 298 371 300
f 371 372 300
f 301 373 302
f 301 374 373
f 301 300 374
f 300 372 374
f 373 375 303
f 302 373 303
f 376 373 374
f 375 373 376
f 375 377 378
f 375 378 303
f 303 378 304
f 376 377 375
f 304 378 306
f 378 379 306
f 307 380 308
f 307 381 380
f 307 306 381
f 306 379 381
f 380 382 383
f 380 383 308
f 308 383 310
f 381 382 380
f 387 313 311
f 388 313 387
f 313 388 314
f 388 389 314
f 314 389 390
f 315 314 390
f 390 317 315
f 391 317 390
f 317 391 318
f 391 392 318
f 318 392 319
f 392 393 319
f 319 393 320
f 393 394 320
f 395 396 321
f 395 321 394
f 394 321 320
f 395 397 396
f 321 396 322
f 396 324 322
f 396 397 324
f 397 398 324
f 324 398 326
f 398 399 326
f 326 399 328
f 399 400 328
f 328 400 329
f 400 401 329
f 329 401 330
f 401 402 330
f 330 402 331
f 402 403 331
f 331 403 332
f 403 404 332
f 332 404 333
f 404 405 333
f 333 405 334
f 405 406 334
f 334 406 335
f 406 407 335
f 335 407 336
f 407 408 336
f 336 408 337
f 408 409 337
f 337 409 338
f 409 410 338
f 338 410 339
f 410 411 339
f 339 411 340
f 411 412 340
f 340 412 342
f 412 413 342
f 342 413 344
f 413 414 344
f 344 414 346
f 414 415 346
f 346 415 348
f 415 416 348
f 348 416 350
f 416 417 350
f 350 417 352
f 417 418 352
f 352 418 354
f 418 419 354
f 354 419 356
f 419 420 356
f 357 421 358
f 357 422 421
f 357 356 422
f 356 420 422
f 421 423 359
f 358 421 359
f 424 421 422
f 423 421 424
f 423 425 426
f 423 426 359
f 359 426 360
f 424 425 423
f 360 426 361
f 426 427 361
f 361 427 362
f 427 428 362
f 362 428 363
f 428 429 363
f 363 429 364
f 429 430 364
f 364 430 365
f 430 431 365
f 365 431 366
f 431 432 366
f 366 432 367
f 432 433 367
f 367 433 368
f 433 434 368
f 368 434 369
f 434 435 369
f 369 435 370
f 435 436 370
f 370 436 371
f 436 437 371
f 371 437 372
f 437 438 372
f 372 438 374
f 438 439 374
f 374 439 376
f 439 440 376
f 377 441 378
f 377 442 441
f 377 376 442
f 376 440 442
f 441 443 444
f 441 444 378
f 378 444 379
f 442 443 441
f 379 444 381
f 444 445 381
f 382 446 383
f 382 447 446
f 382 381 447
f 381 445 447
f 385 384 449
f 384 448 449
f 449 386 385
f 450 386 449
f 386 450 451
f 387 386 451
f 451 388 387
f 452 388 451
f 388 452 389
f 452 453 389
f 389 453 454
f 390 389 454
f 454 391 390
f 455 391 454
f 391 455 392
f 455 456 392
f 392 456 393
f 456 457 393
f 393 457 394
f 457 458 394
f 394 458 459
f 395 394 459
f 459 397 395
f 460 397 459
f 397 460 398
f 460 461 398
f 398 461 399
f 461 462 399
f 399 462 400
f 462 463 400
f 400 463 401
f 463 464 401
f 401 464 402
f 464 465 402
f 402 465 403
f 465 466 403
f 403 466 404
f 466 467 404
f 404 467 405
f 467 468 405
f 405 468 406
f 468 469 406
f 406 469 407
f 469 470 407
f 407 470 408
f 470 471 408
f 408 471 409
f 471 472 409
f 409 472 410
f 472 473 410
f 410 473 411
f 473 474 411
f 411 474 412
f 474 475 412
f 412 475 413
f 475 476 413
f 413 476 414
f 476 477 414
f 414 477 415
f 477 478 415
f 415 478 416
f 478 479 416
f 416 479 417
f 479 480 417
f 417 480 418
f 480 481 418
f 418 481 419
f 481 482 419
f 419 482 420
f 482 483 420
f 420 483 422
f 483 484 422
f 422 484 424
f 484 485 424
f 425 486 487
f 426 425 487
f 485 425 424
f 486 425 485
f 426 487 427
f 487 488 427
f 427 488 428
f 488 489 428
f 428 489 429
f 489 490 429
f 429 490 430
f 490 491 430
f 430 491 431
f 491 492 431
f 431 492 432
f 492 493 432
f 432 493 433
f 493 494 433
f 433 494 434
f 494 495 434
f 434 495 435
f 495 496 435
f 435 496 436
f 496 497 436
f 436 497 437
f 497 498 437
f 437 498 438
f 498 499 438
f 438 499 439
f 499 500 439
f 439 500 440
f 500 501 440
f 440 501 442
f 501 502 442
f 443 503 504
f 444 443 504
f 502 443 442
f 503 443 502
f 444 504 445
f 504 505 445
f 445 505 447
f 505 506 447
f 449 448 508
f 448 507 508
f 508 450 449
f 509 450 508
f 450 509 510
f 451 450 510
f 510 452 451
f 511 452 510
f 452 511 453
f 511 512 453
f 453 512 513
f 454 453 513
f 513 455 454
f 514 455 513
f 455 514 456
f 514 515 456
f 456 515 457
f 515 516 457
f 457 516 458
f 516 517 458
f 458 517 518
f 459 458 518
f 518 460 459
f 519 460 518
f 460 519 461
f 519 520 461
f 461 520 462
f 520 521 462
f 462 521 463
f 521 522 463
f 463 522 464
f 522 523 464
f 464 523 465
f 523 524 465
f 465 524 466
f 524 525 466
f 466 525 467
f 525 526 467
f 467 526 468
f 526 527 468
f 468 527 469
f 527 528 469
f 469 528 470
f 528 529 470
f 470 529 471
f 529 530 471
f 471 530 472
f 530 531 472
f 472 531 473
f 531 532 473
f 473 532 474
f 532 533 474
f 474 533 475
f 533 534 475
f 475 534 476
f 534 535 476
f 476 535 477
f 535 536 477
f 477 536 478
f 536 537 478
f 478 537 479
f 537 538 479
f 479 538 480
f 538 539 480
f 480 539 481
f 539 540 481
f 481 540 482
f 540 541 482
f 482 541 483
f 541 542 483
f 483 542 484
f 542 543 484
f 484 543 485
f 543 544 485
f 486 545 546
f 487 486 546
f 544 486 485
f 545 486 544
f 487 546 488
f 546 547 488
f 488 547 489
f 547 548 489
f 489 548 490
f 548 549 490
f 490 549 491
f 549 550 491
f 491 550 492
f 550 551 492
f 492 551 493
f 551 552 493
f 493 552 494
f 552 553 494
f 494 553 495
f 553 554 495
f 495 554 496
f 554 555 496
f 496 555 497
f 555 556 497
f 497 556 498
f 556 557 498
f 498 557 499
f 557 558 499
f 499 558 500
f 558 559 500
f 500 559 501
f 559 560 501
f 501 560 502
f 560 561 502
f 503 562 563
f 504 503 563
f 561 503 502
f 562 503 561
f 504 563 505
f 563 564 505
f 508 507 566
f 507 565 566
f 566 509 508
f 567 509 566
f 509 567 568
f 510 509 568
f 568 511 510
f 569 511 568
f 511 569 512
f 569 570 512
f 512 570 571
f 513 512 571
f 571 514 513
f 572 514 571
f 514 572 515
f 572 573 515
f 515 573 516
f 573 574 516
f 516 574 517
f 574 575 517
f 576 518 517
f 576 517 577
f 577 517 575
f 518 576 519
f 576 577 578
f 578 519 576
f 578 579 519
f 579 520 519
f 520 579 521
f 579 580 521
f 521 580 522
f 580 581 522
f 522 581 523
f 581 582 523
f 523 582 524
f 582 583 524
f 524 583 525
f 583 584 525
f 525 584 526
f 584 585 526
f 526 585 527
f 585 586 527
f 527 586 528
f 586 587 528
f 528 587 529
f 587 588 529
f 529 588 530
f 588 589 530
f 530 589 531
f 589 590 531
f 531 590 532
f 590 591 532
f 532 591 533
f 591 592 533
f 533 592 534
f 592 593 534
f 534 593 535
f 593 594 535
f 535 594 536
f 594 595 536
f 536 595 537
f 595 596 537
f 537 596 538
f 596 597 538
f 538 597 539
f 597 598 539
f 539 598 540
f 598 599 540
f 540 599 541
f 599 600 541
f 541 600 542
f 600 601 542
f 542 601 543
f 601 602 543
f 603 604 605
f 603 602 604
f 603 544 602
f 544 543 602
f 545 603 605
f 545 605 546
f 546 605 606
f 544 603 545
f 546 606 547
f 606 607 547
f 547 607 548
f 607 608 548
f 548 608 549
f 608 609 549
f 549 609 550
f 609 610 550
f 550 610 551
f 610 611 551
f 551 611 552
f 611 612 552
f 552 612 553
f 612 613 553
f 553 613 554
f 613 614 554
f 554 614 555
f 614 615 555
f 555 615 556
f 615 616 556
f 556 616 557
f 616 617 557
f 557 617 558
f 617 618 558
f 558 618 559
f 618 619 559
f 559 619 560
f 619 620 560
f 560 620 561
f 620 621 561
f 562 622 623
f 563 562 623
f 621 562 561
f 622 562 621
f 563 623 564
f 623 624 564
f 566 565 626
f 565 625 626
f 626 567 566
f 627 567 626
f 567 627 628
f 568 567 628
f 628 569 568
f 629 569 628
f 569 629 570
f 629 630 570
f 570 630 631
f 571 570 631
f 631 572 571
f 632 572 631
f 572 632 573
f 632 633 573
f 573 633 574
f 633 634 574
f 574 634 575
f 634 635 575
f 575 635 577
f 635 636 577
f 577 636 637
f 578 577 637
f 637 579 578
f 638 579 637
f 579 638 580
f 638 639 580
f 580 639 581
f 639 640 581
f 581 640 582
f 640 641 582
f 582 641 583
f 641 642 583
f 583 642 584
f 642 643 584
f 584 643 585
f 643 644 585
f 585 644 586
f 644 645 586
f 586 645 587
f 645 646 587
f 587 646 588
f 646 647 588
f 588 647 589
f 647 648 589
f 589 648 590
f 648 649 590
f 590 649 591
f 649 650 591
f 591 650 592
f 650 651 592
f 592 651 593
f 651 652 593
f 593 652 594
f 652 653 594
f 594 653 595
f 653 654 595
f 595 654 596
f 654 655 596
f 596 655 597
f 655 656 597
f 597 656 598
f 656 657 598
f 598 657 599
f 657 658 599
f 599 658 600
f 658 659 600
f 660 661 662
f 660 659 661
f 660 601 659
f 601 600 659
f 663 660 662
f 664 663 662
f 601 663 602
f 660 663 601
f 604 663 664
f 604 664 605
f 605 664 665
f 602 663 604
f 605 665 606
f 665 666 606
f 606 666 607
f 666 667 607
f 607 667 608
f 667 668 608
f 608 668 609
f 668 669 609
f 609 669 610
f 669 670 610
f 610 670 611
f 670 671 611
f 611 671 612
f 671 672 612
f 612 672 613
f 672 673 613
f 613 673 614
f 673 674 614
f 614 674 615
f 674 675 615
f 615 675 616
f 675 676 616
f 616 676 617
f 676 677 617
f 617 677 618
f 677 678 618
f 618 678 619
f 678 679 619
f 619 679 620
f 679 680 620
f 620 680 621
f 680 681 621
f 622 682 683
f 623 622 683
f 681 622 621
f 682 622 681
f 623 683 624
f 683 684 624
f 626 625 686
f 625 685 686
f 686 627 626
f 687 627 686
f 627 687 688
f 628 627 688
f 688 629 628
f 689 629 688
f 629 689 630
f 689 690 630
f 630 690 691
f 631 630 691
f 691 632 631
f 692 632 691
f 632 692 633
f 692 693 633
f 633 693 634
f 693 694 634
f 634 694 635
f 694 695 635
f 635 695 636
f 695 696 636
f 697 637 636
f 697 636 698
f 698 636 696
f 637 697 638
f 697 698 699
f 699 638 697
f 699 700 638
f 700 639 638
f 639 700 640
f 700 701 640
f 640 701 641
f 701 702 641
f 641 702 642
f 702 703 642
f 642 703 643
f 703 704 643
f 643 704 644
f 704 705 644
f 644 705 645
f 705 706 645
f 645 706 646
f 706 707 646
f 646 707 647
f 707 708 647
f 647 708 648
f 708 709 648
f 648 709 649
f 709 710 649
f 649 710 650
f 710 711 650
f 650 711 651
f 711 712 651
f 651 712 652
f 712 713 652
f 652 713 653
f 713 714 653
f 653 714 654
f 714 715 654
f 654 715 655
f 715 716 655
f 655 716 656
f 716 717 656
f 656 717 657
f 717 718 657
f 719 720 721
f 719 718 720
f 719 658 718
f 658 657 718
f 722 719 721
f 723 722 721
f 658 722 659
f 719 722 658
f 661 722 723
f 661 723 662
f 662 723 724
f 659 722 661
f 662 724 664
f 724 725 664
f 664 725 665
f 725 726 665
f 665 726 666
f 726 727 666
f 666 727 667
f 727 728 667
f 667 728 668
f 728 729 668
f 668 729 669
f 729 730 669
f 669 730 670
f 730 731 670
f 670 731 671
f 731 732 671
f 671 732 672
f 732 733 672
f 672 733 673
f 733 734 673
f 673 734 674
f 734 735 674
f 674 735 675
f 735 736 675
f 675 736 676
f 736 737 676
f 676 737 677
f 737 738 677
f 677 738 678
f 738 739 678
f 678 739 679
f 739 740 679
f 679 740 680
f 740 741 680
f 680 741 681
f 741 742 681
f 682 743 744
f 683 682 744
f 742 682 681
f 743 682 742
f 683 744 684
f 744 745 684
f 686 685 747
f 685 746 747
f 747 687 686
f 748 687 747
f 687 748 749
f 688 687 749
f 749 689 688
f 750 689 749
f 689 750 690
f 750 751 690
f 690 751 752
f 691 690 752
f 752 692 691
f 753 692 752
f 692 753 693
f 753 754 693
f 693 754 694
f 754 755 694
f 694 755 695
f 755 756 695
f 695 756 696
f 756 757 696
f 696 757 698
f 757 758 698
f 698 758 759
f 699 698 759
f 759 700 699
f 760 700 759
f 700 760 701
f 760 761 701
f 701 761 702
f 761 762 702
f 702 762 703
f 762 763 703
f 703 763 704
f 763 764 704
f 704 764 705
f 764 765 705
f 705 765 706
f 765 766 706
f 706 766 707
f 766 767 707
f 707 767 708
f 767 768 708
f 708 768 709
f 768 769 709
f 709 769 710
f 769 770 710
f 710 770 711
f 770 771 711
f 711 771 712
f 771 772 712
f 712 772 713
f 772 773 713
f 713 773 714
f 773 774 714
f 714 774 715
f 774 775 715
f 776 777 778
f 776 775 777
f 776 716 775
f 716 715 775
f 779 776 778
f 780 779 778
f 716 779 717
f 776 779 716
f 781 779 780
f 782 781 780
f 717 781 718
f 779 781 717
f 720 781 782
f 720 782 721
f 721 782 783
f 718 781 720
f 721 783 723
f 783 784 723
f 723 784 724
f 784 785 724
f 724 785 725
f 785 786 725
f 725 786 726
f 786 787 726
f 726 787 727
f 787 788 727
f 727 788 728
f 788 789 728
f 728 789 729
f 789 790 729
f 729 790 730
f 790 791 730
f 730 791 731
f 791 792 731
f 731 792 732
f 792 793 732
f 732 793 733
f 793 794 733
f 733 794 734
f 794 795 734
f 734 795 735
f 795 796 735
f 735 796 736
f 796 797 736
f 736 797 737
f 797 798 737
f 737 798 738
f 798 799 738
f 738 799 739
f 799 800 739
f 739 800 740
f 800 801 740
f 740 801 741
f 801 802 741
f 741 802 742
f 802 803 742
f 743 804 805
f 744 743 805
f 803 743 742
f 804 743 803
f 744 805 745
f 805 806 745
f 747 746 808
f 746 807 808
f 808 748 747
f 809 748 808
f 748 809 810
f 749 748 810
f 810 750 749
f 811 750 810
f 750 811 751
f 811 812 751
f 751 812 813
f 752 751 813
f 813 753 752
f 814 753 813
f 753 814 754
f 814 815 754
f 754 815 755
f 815 816 755
f 755 816 756
f 816 817 756
f 756 817 757
f 817 818 757
f 757 818 758
f 818 819 758
f 820 759 758
f 820 758 821
f 821 758 819
f 759 820 760
f 822 820 821
f 823 822 821
f 760 822 761
f 820 822 760
f 822 823 824
f 824 761 822
f 824 825 761
f 825 762 761
f 762 825 763
f 825 826 763
f 763 826 764
f 826 827 764
f 764 827 765
f 827 828 765
f 765 828 766
f 828 829 766
f 766 829 767
f 829 830 767
f 767 830 768
f 830 831 768
f 768 831 769
f 831 832 769
f 769 832 770
f 832 833 770
f 770 833 771
f 833 834 771
f 771 834 772
f 834 835 772
f 772 835 773
f 835 836 773
f 773 836 774
f 836 837 774
f 838 839 840
f 838 837 839
f 838 775 837
f 775 774 837
f 777 838 840
f 777 840 778
f 778 840 841
f 775 838 777
f 778 841 780
f 841 842 780
f 780 842 782
f 842 843 782
f 782 843 783
f 843 844 783
f 783 844 784
f 844 845 784
f 784 845 785
f 845 846 785
f 785 846 786
f 846 847 786
f 786 847 787
f 847 848 787
f 787 848 788
f 848 849 788
f 788 849 789
f 849 850 789
f 789 850 790
f 850 851 790
f 790 851 791
f 851 852 791
f 791 852 792
f 852 853 792
f 792 853 793
f 853 854 793
f 793 854 794
f 854 855 794
f 794 855 795
f 855 856 795
f 795 856 796
f 856 857 796
f 796 857 797
f 857 858 797
f 797 858 798
f 858 859 798
f 798 859 799
f 859 860 799
f 799 860 800
f 860 861 800
f 800 861 801
f 861 862 801
f 801 862 802
f 862 863 802
f 864 865 866
f 864 863 865
f 864 803 863
f 803 802 863
f 804 864 866
f 804 866 805
f 805 866 867
f 803 864 804
f 805 867 806
f 867 868 806
f 808 807 870
f 807 869 870
f 870 809 808
f 871 809 870
f 809 871 872
f 810 809 872
f 872 811 810
f 873 811 872
f 811 873 812
f 873 874 812
f 812 874 875
f 813 812 875
f 875 814 813
f 876 814 875
f 814 876 815
f 876 877 815
f 815 877 816
f 877 878 816
f 816 878 817
f 878 879 817
f 817 879 818
f 879 880 818
f 818 880 819
f 880 881 819
f 819 881 821
f 881 882 821
f 821 882 823
f 882 883 823
f 884 824 823
f 884 823 885
f 885 823 883
f 824 884 825
f 884 885 886
f 886 825 884
f 886 887 825
f 887 826 825
f 826 887 827
f 887 888 827
f 827 888 828
f 888 889 828
f 828 889 829
f 889 890 829
f 829 890 830
f 890 891 830
f 830 891 831
f 891 892 831
f 831 892 832
f 892 893 832
f 832 893 833
f 893 894 833
f 833 894 834
f 894 895 834
f 834 895 835
f 895 896 835
f 897 898 899
f 897 896 898
f 897 836 896
f 836 835 896
f 900 897 899
f 901 900 899
f 836 900 837
f 897 900 836
f 839 900 901
f 839 901 840
f 840 901 902
f 837 900 839
f 840 902 841
f 902 903 841
f 841 903 842
f 903 904 842
f 842 904 843
f 904 905 843
f 843 905 844
f 905 906 844
f 844 906 845
f 906 907 845
f 845 907 846
f 907 908 846
f 846 908 847
f 908 909 847
f 847 909 848
f 909 910 848
f 848 910 849
f 910 911 849
f 849 911 850
f 911 912 850
f 850 912 851
f 912 913 851
f 851 913 852
f 913 914 852
f 852 914 853
f 914 915 853
f 853 915 854
f 915 916 854
f 854 916 855
f 916 917 855
f 855 917 856
f 917 918 856
f 856 918 857
f 918 919 857
f 857 919 858
f 919 920 858
f 858 920 859
f 920 921 859
f 859 921 860
f 921 922 860
f 860 922 861
f 922 923 861
f 861 923 862
f 923 924 862
f 862 924 863
f 924 925 863
f 865 926 927
f 866 865 927
f 925 865 863
f 926 865 925
f 866 927 867
f 927 928 867
f 867 928 868
f 928 929 868
f 931 930 932
f 931 870 930
f 870 869 930
f 870 931 871
f 931 932 933
f 871 931 933
f 871 933 872
f 872 933 934
f 934 873 872
f 935 873 934
f 873 935 874
f 935 936 874
f 874 936 937
f 875 874 937
f 937 876 875
f 938 876 937
f 876 938 877
f 938 939 877
f 877 939 878
f 939 940 878
f 878 940 879
f 940 941 879
f 879 941 880
f 941 942 880
f 880 942 881
f 942 943 881
f 881 943 882
f 943 944 882
f 882 944 883
f 944 945 883
f 883 945 885
f 945 946 885
f 947 886 885
f 947 885 948
f 948 885 946
f 886 947 887
f 947 948 949
f 949 887 947
f 949 950 887
f 950 888 887
f 888 950 889
f 950 951 889
f 889 951 890
f 951 952 890
f 890 952 891
f 952 953 891
f 891 953 892
f 953 954 892
f 892 954 893
f 954 955 893
f 893 955 894
f 955 956 894
f 957 958 959
f 957 956 958
f 957 895 956
f 895 894 956
f 960 957 959
f 961 960 959
f 895 960 896
f 957 960 895
f 898 960 961
f 898 961 899
f 899 961 962
f 896 960 898
f 899 962 901
f 962 963 901
f 901 963 902
f 963 964 902
f 902 964 903
f 964 965 903
f 903 965 904
f 965 966 904
f 904 966 905
f 966 967 905
f 905 967 906
f 967 968 906
f 906 968 907
f 968 969 907
f 907 969 908
f 969 970 908
f 908 970 909
f 970 971 909
f 909 971 910
f 971 972 910
f 910 972 911
f 972 973 911
f 911 973 912
f 973 974 912
f 912 974 913
f 974 975 913
f 913 975 914
f 975 976 914
f 914 976 915
f 976 977 915
f 915 977 916
f 977 978 916
f 916 978 917
f 978 979 917
f 917 979 918
f 979 980 918
f 918 980 919
f 980 981 919
f 919 981 920
f 981 982 920
f 920 982 921
f 982 983 921
f 921 983 922
f 983 984 922
f 922 984 923
f 984 985 923
f 923 985 924
f 985 986 924
f 924 986 925
f 986 987 925
f 926 988 989
f 927 926 989
f 987 926 925
f 988 926 987
f 927 989 928
f 989 990 928
f 928 990 929
f 990 991 929
f 992 932 930
f 993 932 992
f 932 993 994
f 933 932 994
f 934 933 995
f 933 994 995
f 995 935 934
f 996 935 995
f 935 996 936
f 996 997 936
f 936 997 998
f 937 936 998
f 998 938 937
f 999 938 998
f 938 999 939
f 999 1000 939
f 939 1000 940
f 1000 1001 940
f 940 1001 941
f 1001 1002 941
f 941 1002 942
f 1002 1003 942
f 942 1003 943
f 1003 1004 943
f 943 1004 944
f 1004 1005 944
f 944 1005 945
f 1005 1006 945
f 945 1006 946
f 1006 1007 946
f 946 1007 948
f 1007 1008 948
f 1009 949 948
f 1009 948 1010
f 1010 948 1008
f 949 1009 950
f 1009 1010 1011
f 1011 950 1009
f 1011 1012 950
f 1012 951 950
f 951 1012 952
f 1012 1013 952
f 952 1013 953
f 1013 1014 953
f 953 1014 954
f 1014 1015 954
f 1016 1017 1018
f 1016 1015 1017
f 1016 955 1015
f 955 954 1015
f 1019 1016 1018
f 1020 1019 1018
f 955 1019 956
f 1016 1019 955
f 958 1019 1020
f 958 1020 959
f 959 1020 1021
f 956 1019 958
f 959 1021 961
f 1021 1022 961
f 961 1022 962
f 1022 1023 962
f 962 1023 963
f 1023 1024 963
f 963 1024 964
f 1024 1025 964
f 964 1025 965
f 1025 1026 965
f 965 1026 966
f 1026 1027 966
f 966 1027 967
f 1027 1028 967
f 967 1028 968
f 1028 1029 968
f 968 1029 969
f 1029 1030 969
f 969 1030 970
f 1030 1031 970
f 970 1031 971
f 1031 1032 971
f 971 1032 972
f 1032 1033 972
f 972 1033 973
f 1033 1034 973
f 973 1034 974
f 1034 1035 974
f 974 1035 975
f 1035 1036 975
f 975 1036 976
f 1036 1037 976
f 976 1037 977
f 1037 1038 977
f 977 1038 978
f 1038 1039 978
f 978 1039 979
f 1039 1040 979
f 979 1040 980
f 1040 1041 980
f 980 1041 981
f 1041 1042 981
f 981 1042 982
f 1042 1043 982
f 982 1043 983
f 1043 1044 983
f 983 1044 984
f 1044 1045 984
f 984 1045 985
f 1045 1046 985
f 985 1046 986
f 1046 1047 986
f 1048 1049 1050
f 1048 1047 1049
f 1048 987 1047
f 987 986 1047
f 988 1048 1050
f 988 1050 989
f 989 1050 1051
f 987 1048 988
f 989 1051 990
f 1051 1052 990
f 990 1052 991
f 1052 1053 991
f 1054 993 992
f 1055 993 1054
f 993 1055 1056
f 994 993 1056
f 995 994 1057
f 994 1056 1057
f 1057 996 995
f 1058 996 1057
f 996 1058 997
f 1058 1059 997
f 997 1059 1060
f 998 997 1060
f 1060 999 998
f 1061 999 1060
f 999 1061 1000
f 1061 1062 1000
f 1000 1062 1001
f 1062 1063 1001
f 1001 1063 1002
f 1063 1064 1002
f 1002 1064 1003
f 1064 1065 1003
f 1003 1065 1004
f 1065 1066 1004
f 1004 1066 1005
f 1066 1067 1005
f 1005 1067 1006
f 1067 1068 1006
f 1006 1068 1007
f 1068 1069 1007
f 1007 1069 1008
f 1069 1070 1008
f 1008 1070 1010
f 1070 1071 1010
f 1072 1011 1010
f 1072 1010 1073
f 1073 1010 1071
f 1011 1072 1012
f 1074 1072 1073
f 1075 1074 1073
f 1012 1074 1013
f 1072 1074 1012
f 1076 1074 1075
f 1077 1076 1075
f 1013 1076 1014
f 1074 1076 1013
f 1078 1076 1077
f 1079 1078 1077
f 1014 1078 1015
f 1076 1078 1014
f 1017 1078 1079
f 1017 1079 1018
f 1018 1079 1080
f 1015 1078 1017
f 1018 1080 1020
f 1080 1081 1020
f 1020 1081 1021
f 1081 1082 1021
f 1021 1082 1022
f 1082 1083 1022
f 1022 1083 1023
f 1083 1084 1023
f 1023 1084 1024
f 1084 1085 1024
f 1024 1085 1025
f 1085 1086 1025
f 1025 1086 1026
f 1086 1087 1026
f 1026 1087 1027
f 1087 1088 1027
f 1027 1088 1028
f 1088 1089 1028
f 1028 1089 1029
f 1089 1090 1029
f 1029 1090 1030
f 1090 1091 1030
f 1030 1091 1031
f 1091 1092 1031
f 1031 1092 1032
f 1092 1093 1032
f 1032 1093 1033
f 1093 1094 1033
f 1033 1094 1034
f 1094 1095 1034
f 1034 1095 1035
f 1095 1096 1035
f 1035 1096 1036
f 1096 1097 1036
f 1036 1097 1037
f 1097 1098 1037
f 1037 1098 1038
f 1098 1099 1038
f 1038 1099 1039
f 1099 1100 1039
f 1039 1100 1040
f 1100 1101 1040
f 1040 1101 1041
f 1101 1102 1041
f 1041 1102 1042
f 1102 1103 1042
f 1042 1103 1043
f 1103 1104 1043
f 1043 1104 1044
f 1104 1105 1044
f 1044 1105 1045
f 1105 1106 1045
f 1045 1106 1046
f 1106 1107 1046
f 1046 1107 1047
f 1107 1108 1047
f 1049 1109 1110
f 1050 1049 1110
f 1108 1049 1047
f 1109 1049 1108
f 1050 1110 1051
f 1110 1111 1051
f 1051 1111 1052
f 1111 1112 1052
f 1052 1112 1053
f 1112 1113 1053
f 1114 1055 1054
f 1115 1055 1114
f 1055 1115 1116
f 1056 1055 1116
f 1117 1116 1118
f 1117 1057 1116
f 1057 1056 1116
f 1057 1117 1058
f 1117 1118 1119
f 1119 1058 1117
f 1119 1120 1058
f 1120 1059 1058
f 1121 1060 1059
f 1121 1059 1122
f 1122 1059 1120
f 1060 1121 1061
f 1121 1122 1123
f 1123 1061 1121
f 1123 1124 1061
f 1124 1062 1061
f 1062 1124 1063
f 1124 1125 1063
f 1063 1125 1064
f 1125 1126 1064
f 1064 1126 1065
f 1126 1127 1065
f 1065 1127 1066
f 1127 1128 1066
f 1066 1128 1067
f 1128 1129 1067
f 1067 1129 1068
f 1129 1130 1068
f 1068 1130 1069
f 1130 1131 1069
f 1069 1131 1070
f 1131 1132 1070
f 1070 1132 1071
f 1132 1133 1071
f 1071 1133 1073
f 1133 1134 1073
f 1073 1134 1075
f 1134 1135 1075
f 1075 1135 1077
f 1135 1136 1077
f 1077 1136 1079
f 1136 1137 1079
f 1079 1137 1080
f 1137 1138 1080
f 1080 1138 1081
f 1138 1139 1081
f 1081 1139 1082
f 1139 1140 1082
f 1082 1140 1083
f 1140 1141 1083
f 1083 1141 1084
f 1141 1142 1084
f 1084 1142 1085
f 1142 1143 1085
f 1085 1143 1086
f 1143 1144 1086
f 1086 1144 1087
f 1144 1145 1087
f 1087 1145 1088
f 1145 1146 1088
f 1088 1146 1089
f 1146 1147 1089
f 1089 1147 1090
f 1147 1148 1090
f 1090 1148 1091
f 1148 1149 1091
f 1091 1149 1092
f 1149 1150 1092
f 1092 1150 1093
f 1150 1151 1093
f 1093 1151 1094
f 1151 1152 1094
f 1094 1152 1095
f 1152 1153 1095
f 1095 1153 1096
f 1153 1154 1096
f 1096 1154 1097
f 1154 1155 1097
f 1097 1155 1098
f 1155 1156 1098
f 1098 1156 1099
f 1156 1157 1099
f 1099 1157 1100
f 1157 1158 1100
f 1100 1158 1101
f 1158 1159 1101
f 1101 1159 1102
f 1159 1160 1102
f 1102 1160 1103
f 1160 1161 1103
f 1103 1161 1104
f 1161 1162 1104
f 1104 1162 1105
f 1162 1163 1105
f 1105 1163 1106
f 1163 1164 1106
f 1106 1164 1107
f 1164 1165 1107
f 1107 1165 1108
f 1165 1166 1108
f 1109 1167 1168
f 1110 1109 1168
f 1166 1109 1108
f 1167 1109 1166
f 1110 1168 1111
f 1168 1169 1111
f 1111 1169 1112
f 1169 1170 1112
f 1112 1170 1113
f 1170 1171 1113
f 1172 1115 1114
f 1173 1115 1172
f 1115 1173 1174
f 1116 1115 1174
f 1174 1118 1116
f 1175 1118 1174
f 1118 1175 1176
f 1119 1118 1176
f 1176 1120 1119
f 1177 1120 1176
f 1120 1177 1122
f 1177 1178 1122
f 1122 1178 1179
f 1123 1122 1179
f 1179 1124 1123
f 1180 1124 1179
f 1124 1180 1125
f 1180 1181 1125
f 1125 1181 1126
f 1181 1182 1126
f 1126 1182 1127
f 1182 1183 1127
f 1127 1183 1128
f 1183 1184 1128
f 1128 1184 1129
f 1184 1185 1129
f 1129 1185 1130
f 1185 1186 1130
f 1130 1186 1131
f 1186 1187 1131
f 1131 1187 1132
f 1187 1188 1132
f 1132 1188 1133
f 1188 1189 1133
f 1133 1189 1134
f 1189 1190 1134
f 1134 1190 1135
f 1190 1191 1135
f 1135 1191 1136
f 1191 1192 1136
f 1136 1192 1137
f 1192 1193 1137
f 1137 1193 1138
f 1193 1194 1138
f 1138 1194 1139
f 1194 1195 1139
f 1139 1195 1140
f 1195 1196 1140
f 1140 1196 1141
f 1196 1197 1141
f 1141 1197 1142
f 1197 1198 1142
f 1142 1198 1143
f 1198 1199 1143
f 1143 1199 1144
f 1199 1200 1144
f 1144 1200 1145
f 1200 1201 1145
f 1145 1201 1146
f 1201 1202 1146
f 1146 1202 1147
f 1202 1203 1147
f 1147 1203 1148
f 1203 1204 1148
f 1148 1204 1149
f 1204 1205 1149
f 1149 1205 1150
f 1205 1206 1150
f 1150 1206 1151
f 1206 1207 1151
f 1151 1207 1152
f 1207 1208 1152
f 1152 1208 1153
f 1208 1209 1153
f 1153 1209 1154
f 1209 1210 1154
f 1154 1210 1155
f 1210 1211 1155
f 1155 1211 1156
f 1211 1212 1156
f 1156 1212 1157
f 1212 1213 1157
f 1157 1213 1158
f 1213 1214 1158
f 1158 1214 1159
f 1214 1215 1159
f 1159 1215 1160
f 1215 1216 1160
f 1160 1216 1161
f 1216 1217 1161
f 1161 1217 1162
f 1217 1218 1162
f 1162 1218 1163
f 1218 1219 1163
f 1163 1219 1164
f 1219 1220 1164
f 1164 1220 1165
f 1220 1221 1165
f 1165 1221 1166
f 1221 1222 1166
f 1167 1223 1224
f 1168 1167 1224
f 1222 1167 1166
f 1223 1167 1222
f 1168 1224 1169
f 1224 1225 1169
f 1169 1225 1170
f 1225 1226 1170
f 1170 1226 1171
f 1226 1227 1171
f 1228 1173 1172
f 1229 1173 1228
f 1173 1229 1230
f 1174 1173 1230
f 1230 1175 1174
f 1231 1175 1230
f 1175 1231 1232
f 1176 1175 1232
f 1232 1177 1176
f 1233 1177 1232
f 1177 1233 1178
f 1233 1234 1178
f 1178 1234 1235
f 1179 1178 1235
f 1235 1180 1179
f 1236 1180 1235
f 1180 1236 1181
f 1236 1237 1181
f 1181 1237 1182
f 1237 1238 1182
f 1182 1238 1183
f 1238 1239 1183
f 1183 1239 1184
f 1239 1240 1184
f 1184 1240 1185
f 1240 1241 1185
f 1185 1241 1186
f 1241 1242 1186
f 1186 1242 1187
f 1242 1243 1187
f 1187 1243 1188
f 1243 1244 1188
f 1188 1244 1189
f 1244 1245 1189
f 1189 1245 1190
f 1245 1246 1190
f 1190 1246 1191
f 1246 1247 1191
f 1191 1247 1192
f 1247 1248 1192
f 1192 1248 1193
f 1248 1249 1193
f 1193 1249 1194
f 1249 1250 1194
f 1194 1250 1195
f 1250 1251 1195
f 1195 1251 1196
f 1251 1252 1196
f 1196 1252 1197
f 1252 1253 1197
f 1197 1253 1198
f 1253 1254 1198
f 1198 1254 1199
f 1254 1255 1199
f 1199 1255 1200
f 1255 1256 1200
f 1200 1256 1201
f 1256 1257 1201
f 1201 1257 1202
f 1257 1258 1202
f 1202 1258 1203
f 1258 1259 1203
f 1203 1259 1204
f 1259 1260 1204
f 1204 1260 1205
f 1260 1261 1205
f 1205 1261 1206
f 1261 1262 1206
f 1206 1262 1207
f 1262 1263 1207
f 1207 1263 1208
f 1263 1264 1208
f 1208 1264 1209
f 1264 1265 1209
f 1209 1265 1210
f 1265 1266 1210
f 1210 1266 1211
f 1266 1267 1211
f 1211 1267 1212
f 1267 1268 1212
f 1212 1268 1213
f 1268 1269 1213
f 1213 1269 1214
f 1269 1270 1214
f 1214 1270 1215
f 1270 1271 1215
f 1215 1271 1216
f 1271 1272 1216
f 1216 1272 1217
f 1272 1273 1217
f 1217 1273 1218
f 1273 1274 1218
f 1218 1274 1219
f 1274 1275 1219
f 1219 1275 1220
f 1275 1276 1220
f 1220 1276 1221
f 1276 1277 1221
f 1278 1279 1280
f 1278 1277 1279
f 1278 1222 1277
f 1222 1221 1277
f 1223 1278 1280
f 1223 1280 1224
f 1224 1280 1281
f 1222 1278 1223
f 1224 1281 1225
f 1281 1282 1225
f 1225 1282 1226
f 1282 1283 1226
f 1226 1283 1227
f 1283 1284 1227
f 1285 1229 1228
f 1286 1229 1285
f 1229 1286 1287
f 1230 1229 1287
f 1287 1231 1230
f 1288 1231 1287
f 1231 1288 1289
f 1232 1231 1289
f 1289 1233 1232
f 1290 1233 1289
f 1233 1290 1234
f 1290 1291 1234
f 1234 1291 1292
f 1235 1234 1292
f 1292 1236 1235
f 1293 1236 1292
f 1236 1293 1237
f 1293 1294 1237
f 1237 1294 1238
f 1294 1295 1238
f 1238 1295 1239
f 1295 1296 1239
f 1239 1296 1240
f 1296 1297 1240
f 1240 1297 1241
f 1297 1298 1241
f 1241 1298 1242
f 1298 1299 1242
f 1242 1299 1243
f 1299 1300 1243
f 1243 1300 1244
f 1300 1301 1244
f 1244 1301 1245
f 1301 1302 1245
f 1245 1302 1246
f 1302 1303 1246
f 1246 1303 1247
f 1303 1304 1247
f 1247 1304 1248
f 1304 1305 1248
f 1248 1305 1249
f 1305 1306 1249
f 1249 1306 1250
f 1306 1307 1250
f 1250 1307 1251
f 1307 1308 1251
f 1251 1308 1252
f 1308 1309 1252
f 1252 1309 1253
f 1309 1310 1253
f 1253 1310 1254
f 1310 1311 1254
f 1254 1311 1255
f 1311 1312 1255
f 1255 1312 1256
f 1312 1313 1256
f 1256 1313 1257
f 1313 1314 1257
f 1257 1314 1258
f 1314 1315 1258
f 1258 1315 1259
f 1315 1316 1259
f 1259 1316 1260
f 1316 1317 1260
f 1260 1317 1261
f 1317 1318 1261
f 1261 1318 1262
f 1318 1319 1262
f 1262 1319 1263
f 1319 1320 1263
f 1263 1320 1264
f 1320 1321 1264
f 1264 1321 1265
f 1321 1322 1265
f 1265 1322 1266
f 1322 1323 1266
f 1266 1323 1267
f 1323 1324 1267
f 1267 1324 1268
f 1324 1325 1268
f 1268 1325 1269
f 1325 1326 1269
f 1269 1326 1270
f 1326 1327 1270
f 1270 1327 1271
f 1327 1328 1271
f 1271 1328 1272
f 1328 1329 1272
f 1272 1329 1273
f 1329 1330 1273
f 1273 1330 1274
f 1330 1331 1274
f 1274 1331 1275
f 1331 1332 1275
f 1275 1332 1276
f 1332 1333 1276
f 1276 1333 1277
f 1333 1334 1277
f 1279 1335 1336
f 1280 1279 1336
f 1334 1279 1277
f 1335 1279 1334
f 1280 1336 1281
f 1336 1337 1281
f 1281 1337 1282
f 1337 1338 1282
f 1282 1338 1283
f 1338 1339 1283
f 1340 1341 1342
f 1340 1339 1341
f 1340 1284 1339
f 1284 1283 1339
f 1343 1286 1285
f 1344 1286 1343
f 1286 1344 1345
f 1287 1286 1345
f 1345 1288 1287
f 1346 1288 1345
f 1288 1346 1347
f 1289 1288 1347
f 1347 1290 1289
f 1348 1290 1347
f 1290 1348 1291
f 1348 1349 1291
f 1291 1349 1350
f 1292 1291 1350
f 1350 1293 1292
f 1351 1293 1350
f 1293 1351 1294
f 1351 1352 1294
f 1294 1352 1295
f 1352 1353 1295
f 1295 1353 1296
f 1353 1354 1296
f 1296 1354 1297
f 1354 1355 1297
f 1297 1355 1298
f 1355 1356 1298
f 1298 1356 1299
f 1356 1357 1299
f 1299 1357 1300
f 1357 1358 1300
f 1300 1358 1301
f 1358 1359 1301
f 1301 1359 1302
f 1359 1360 1302
f 1302 1360 1303
f 1360 1361 1303
f 1303 1361 1304
f 1361 1362 1304
f 1304 1362 1305
f 1362 1363 1305
f 1305 1363 1306
f 1363 1364 1306
f 1306 1364 1307
f 1364 1365 1307
f 1307 1365 1308
f 1365 1366 1308
f 1308 1366 1309
f 1366 1367 1309
f 1309 1367 1310
f 1367 1368 1310
f 1310 1368 1311
f 1368 1369 1311
f 1311 1369 1312
f 1369 1370 1312
f 1312 1370 1313
f 1370 1371 1313
f 1313 1371 1314
f 1371 1372 1314
f 1314 1372 1315
f 1372 1373 1315
f 1315 1373 1316
f 1373 1374 1316
f 1316 1374 1317
f 1374 1375 1317
f 1317 1375 1318
f 1375 1376 1318
f 1318 1376 1319
f 1376 1377 1319
f 1319 1377 1320
f 1377 1378 1320
f 1320 1378 1321
f 1378 1379 1321
f 1321 1379 1322
f 1379 1380 1322
f 1322 1380 1323
f 1380 1381 1323
f 1323 1381 1324
f 1381 1382 1324
f 1324 1382 1325
f 1382 1383 1325
f 1325 1383 1326
f 1383 1384 1326
f 1326 1384 1327
f 1384 1385 1327
f 1327 1385 1328
f 1385 1386 1328
f 1328 1386 1329
f 1386 1387 1329
f 1329 1387 1330
f 1387 1388 1330
f 1330 1388 1331
f 1388 1389 1331
f 1331 1389 1332
f 1389 1390 1332
f 1332 1390 1333
f 1390 1391 1333
f 1333 1391 1334
f 1391 1392 1334
f 1335 1393 1394
f 1336 1335 1394
f 1392 1335 1334
f 1393 1335 1392
f 1336 1394 1337
f 1394 1395 1337
f 1337 1395 1338
f 1395 1396 1338
f 1338 1396 1339
f 1396 1397 1339
f 1341 1398 1399
f 1342 1341 1399
f 1397 1341 1339
f 1398 1341 1397
f 1400 1344 1343
f 1401 1344 1400
f 1344 1401 1402
f 1345 1344 1402
f 1402 1346 1345
f 1403 1346 1402
f 1346 1403 1404
f 1347 1346 1404
f 1404 1348 1347
f 1405 1348 1404
f 1348 1405 1349
f 1405 1406 1349
f 1407 1350 1349
f 1407 1349 1408
f 1408 1349 1406
f 1350 1407 1351
f 1407 1408 1409
f 1409 1351 1407
f 1409 1410 1351
f 1410 1352 1351
f 1352 1410 1353
f 1410 1411 1353
f 1353 1411 1354
f 1411 1412 1354
f 1354 1412 1355
f 1412 1413 1355
f 1355 1413 1356
f 1413 1414 1356
f 1356 1414 1357
f 1414 1415 1357
f 1357 1415 1358
f 1415 1416 1358
f 1358 1416 1359
f 1416 1417 1359
f 1359 1417 1360
f 1417 1418 1360
f 1360 1418 1361
f 1418 1419 1361
f 1361 1419 1362
f 1419 1420 1362
f 1362 1420 1363
f 1420 1421 1363
f 1363 1421 1364
f 1421 1422 1364
f 1364 1422 1365
f 1422 1423 1365
f 1365 1423 1366
f 1423 1424 1366
f 1366 1424 1367
f 1424 1425 1367
f 1367 1425 1368
f 1425 1426 1368
f 1368 1426 1369
f 1426 1427 1369
f 1369 1427 1370
f 1427 1428 1370
f 1370 1428 1371
f 1428 1429 1371
f 1371 1429 1372
f 1429 1430 1372
f 1372 1430 1373
f 1430 1431 1373
f 1373 1431 1374
f 1431 1432 1374
f 1374 1432 1375
f 1432 1433 1375
f 1375 1433 1376
f 1433 1434 1376
f 1376 1434 1377
f 1434 1435 1377
f 1377 1435 1378
f 1435 1436 1378
f 1378 1436 1379
f 1436 1437 1379
f 1379 1437 1380
f 1437 1438 1380
f 1380 1438 1381
f 1438 1439 1381
f 1381 1439 1382
f 1439 1440 1382
f 1382 1440 1383
f 1440 1441 1383
f 1383 1441 1384
f 1441 1442 1384
f 1384 1442 1385
f 1442 1443 1385
f 1385 1443 1386
f 1443 1444 1386
f 1386 1444 1387
f 1444 1445 1387
f 1387 1445 1388
f 1445 1446 1388
f 1388 1446 1389
f 1446 1447 1389
f 1389 1447 1390
f 1447 1448 1390
f 1390 1448 1391
f 1448 1449 1391
f 1450 1451 1452
f 1450 1449 1451
f 1450 1392 1449
f 1392 1391 1449
f 1393 1450 1452
f 1393 1452 1394
f 1394 1452 1453
f 1392 1450 1393
f 1394 1453 1395
f 1453 1454 1395
f 1395 1454 1396
f 1454 1455 1396
f 1396 1455 1397
f 1455 1456 1397
f 1398 1457 1458
f 1399 1398 1458
f 1456 1398 1397
f 1457 1398 1456
f 1400 1459 1401
f 1401 1459 1460
f 1401 1460 1402
f 1402 1460 1461
f 1461 1403 1402
f 1462 1403 1461
f 1403 1462 1463
f 1404 1403 1463
f 1463 1405 1404
f 1464 1405 1463
f 1405 1464 1406
f 1464 1465 1406
f 1406 1465 1408
f 1465 1466 1408
f 1408 1466 1467
f 1409 1408 1467
f 1467 1410 1409
f 1468 1410 1467
f 1410 1468 1411
f 1468 1469 1411
f 1411 1469 1412
f 1469 1470 1412
f 1412 1470 1413
f 1470 1471 1413
f 1413 1471 1414
f 1471 1472 1414
f 1414 1472 1415
f 1472 1473 1415
f 1415 1473 1416
f 1473 1474 1416
f 1416 1474 1417
f 1474 1475 1417
f 1417 1475 1418
f 1475 1476 1418
f 1418 1476 1419
f 1476 1477 1419
f 1419 1477 1420
f 1477 1478 1420
f 1420 1478 1421
f 1478 1479 1421
f 1421 1479 1422
f 1479 1480 1422
f 1422 1480 1423
f 1480 1481 1423
f 1423 1481 1424
f 1481 1482 1424
f 1424 1482 1425
f 1482 1483 1425
f 1425 1483 1426
f 1483 1484 1426
f 1426 1484 1427
f 1484 1485 1427
f 1427 1485 1428
f 1485 1486 1428
f 1428 1486 1429
f 1486 1487 1429
f 1429 1487 1430
f 1487 1488 1430
f 1430 1488 1431
f 1488 1489 1431
f 1431 1489 1432
f 1489 1490 1432
f 1432 1490 1433
f 1490 1491 1433
f 1433 1491 1434
f 1491 1492 1434
f 1434 1492 1435
f 1492 1493 1435
f 1435 1493 1436
f 1493 1494 1436
f 1436 1494 1437
f 1494 1495 1437
f 1437 1495 1438
f 1495 1496 1438
f 1438 1496 1439
f 1496 1497 1439
f 1439 1497 1440
f 1497 1498 1440
f 1440 1498 1441
f 1498 1499 1441
f 1441 1499 1442
f 1499 1500 1442
f 1442 1500 1443
f 1500 1501 1443
f 1443 1501 1444
f 1501 1502 1444
f 1444 1502 1445
f 1502 1503 1445
f 1445 1503 1446
f 1503 1504 1446
f 1446 1504 1447
f 1504 1505 1447
f 1447 1505 1448
f 1505 1506 1448
f 1448 1506 1449
f 1506 1507 1449
f 1451 1508 1509
f 1452 1451 1509
f 1507 1451 1449
f 1508 1451 1507
f 1452 1509 1453
f 1509 1510 1453
f 1453 1510 1454
f 1510 1511 1454
f 1454 1511 1455
f 1511 1512 1455
f 1455 1512 1456
f 1512 1513 1456
f 1457 1514 1515
f 1458 1457 1515
f 1513 1457 1456
f 1514 1457 1513
f 1461 1460 1517
f 1460 1516 1517
f 1517 1462 1461
f 1518 1462 1517
f 1462 1518 1519
f 1463 1462 1519
f 1519 1464 1463
f 1520 1464 1519
f 1464 1520 1465
f 1520 1521 1465
f 1465 1521 1466
f 1521 1522 1466
f 1466 1522 1523
f 1467 1466 1523
f 1523 1468 1467
f 1524 1468 1523
f 1468 1524 1469
f 1524 1525 1469
f 1469 1525 1470
f 1525 1526 1470
f 1470 1526 1471
f 1526 1527 1471
f 1471 1527 1472
f 1527 1528 1472
f 1472 1528 1473
f 1528 1529 1473
f 1473 1529 1474
f 1529 1530 1474
f 1474 1530 1475
f 1530 1531 1475
f 1475 1531 1476
f 1531 1532 1476
f 1476 1532 1477
f 1532 1533 1477
f 1477 1533 1478
f 1533 1534 1478
f 1478 1534 1479
f 1534 1535 1479
f 1479 1535 1480
f 1535 1536 1480
f 1480 1536 1481
f 1536 1537 1481
f 1481 1537 1482
f 1537 1538 1482
f 1482 1538 1483
f 1538 1539 1483
f 1483 1539 1484
f 1539 1540 1484
f 1484 1540 1485
f 1540 1541 1485
f 1485 1541 1486
f 1541 1542 1486
f 1486 1542 1487
f 1542 1543 1487
f 1487 1543 1488
f 1543 1544 1488
f 1488 1544 1489
f 1544 1545 1489
f 1489 1545 1490
f 1545 1546 1490
f 1490 1546 1491
f 1546 1547 1491
f 1491 1547 1492
f 1547 1548 1492
f 1492 1548 1493
f 1548 1549 1493
f 1493 1549 1494
f 1549 1550 1494
f 1494 1550 1495
f 1550 1551 1495
f 1495 1551 1496
f 1551 1552 1496
f 1496 1552 1497
f 1552 1553 1497
f 1497 1553 1498
f 1553 1554 1498
f 1498 1554 1499
f 1554 1555 1499
f 1499 1555 1500
f 1555 1556 1500
f 1500 1556 1501
f 1556 1557 1501
f 1501 1557 1502
f 1557 1558 1502
f 1502 1558 1503
f 1558 1559 1503
f 1503 1559 1504
f 1559 1560 1504
f 1504 1560 1505
f 1560 1561 1505
f 1505 1561 1506
f 1561 1562 1506
f 1563 1564 1565
f 1563 1562 1564
f 1563 1507 1562
f 1507 1506 1562
f 1508 1563 1565
f 1508 1565 1509
f 1509 1565 1566
f 1507 1563 1508
f 1509 1566 1510
f 1566 1567 1510
f 1510 1567 1511
f 1567 1568 1511
f 1511 1568 1512
f 1568 1569 1512
f 1512 1569 1513
f 1569 1570 1513
f 1514 1571 1572
f 1515 1514 1572
f 1570 1514 1513
f 1571 1514 1570
f 1517 1516 1574
f 1516 1573 1574
f 1574 1518 1517
f 1575 1518 1574
f 1576 1519 1518
f 1576 1518 1577
f 1577 1518 1575
f 1519 1576 1520
f 1576 1577 1578
f 1578 1520 1576
f 1578 1579 1520
f 1579 1521 1520
f 1521 1579 1522
f 1579 1580 1522
f 1522 1580 1581
f 1523 1522 1581
f 1581 1524 1523
f 1582 1524 1581
f 1524 1582 1525
f 1582 1583 1525
f 1525 1583 1526
f 1583 1584 1526
f 1526 1584 1527
f 1584 1585 1527
f 1527 1585 1528
f 1585 1586 1528
f 1528 1586 1529
f 1586 1587 1529
f 1529 1587 1530
f 1587 1588 1530
f 1530 1588 1531
f 1588 1589 1531
f 1531 1589 1532
f 1589 1590 1532
f 1532 1590 1533
f 1590 1591 1533
f 1533 1591 1534
f 1591 1592 1534
f 1534 1592 1535
f 1592 1593 1535
f 1535 1593 1536
f 1593 1594 1536
f 1536 1594 1537
f 1594 1595 1537
f 1537 1595 1538
f 1595 1596 1538
f 1538 1596 1539
f 1596 1597 1539
f 1539 1597 1540
f 1597 1598 1540
f 1540 1598 1541
f 1598 1599 1541
f 1541 1599 1542
f 1599 1600 1542
f 1542 1600 1543
f 1600 1601 1543
f 1543 1601 1544
f 1601 1602 1544
f 1544 1602 1545
f 1602 1603 1545
f 1545 1603 1546
f 1603 1604 1546
f 1546 1604 1547
f 1604 1605 1547
f 1547 1605 1548
f 1605 1606 1548
f 1548 1606 1549
f 1606 1607 1549
f 1549 1607 1550
f 1607 1608 1550
f 1550 1608 1551
f 1608 1609 1551
f 1551 1609 1552
f 1609 1610 1552
f 1552 1610 1553
f 1610 1611 1553
f 1553 1611 1554
f 1611 1612 1554
f 1554 1612 1555
f 1612 1613 1555
f 1555 1613 1556
f 1613 1614 1556
f 1556 1614 1557
f 1614 1615 1557
f 1557 1615 1558
f 1615 1616 1558
f 1558 1616 1559
f 1616 1617 1559
f 1559 1617 1560
f 1617 1618 1560
f 1560 1618 1561
f 1618 1619 1561
f 1561 1619 1562
f 1619 1620 1562
f 1564 1621 1622
f 1565 1564 1622
f 1620 1564 1562
f 1621 1564 1620
f 1565 1622 1566
f 1622 1623 1566
f 1566 1623 1567
f 1623 1624 1567
f 1567 1624 1568
f 1624 1625 1568
f 1568 1625 1569
f 1625 1626 1569
f 1569 1626 1570
f 1626 1627 1570
f 1571 1628 1629
f 1572 1571 1629
f 1627 1571 1570
f 1628 1571 1627
f 1574 1573 1631
f 1573 1630 1631
f 1631 1575 1574
f 1632 1575 1631
f 1575 1632 1577
f 1632 1633 1577
f 1577 1633 1634
f 1578 1577 1634
f 1634 1579 1578
f 1635 1579 1634
f 1579 1635 1580
f 1635 1636 1580
f 1580 1636 1637
f 1581 1580 1637
f 1637 1582 1581
f 1638 1582 1637
f 1582 1638 1583
f 1638 1639 1583
f 1583 1639 1584
f 1639 1640 1584
f 1584 1640 1585
f 1640 1641 1585
f 1585 1641 1586
f 1641 1642 1586
f 1586 1642 1587
f 1642 1643 1587
f 1587 1643 1588
f 1643 1644 1588
f 1588 1644 1589
f 1644 1645 1589
f 1589 1645 1590
f 1645 1646 1590
f 1590 1646 1591
f 1646 1647 1591
f 1591 1647 1592
f 1647 1648 1592
f 1592 1648 1593
f 1648 1649 1593
f 1593 1649 1594
f 1649 1650 1594
f 1594 1650 1595
f 1650 1651 1595
f 1595 1651 1596
f 1651 1652 1596
f 1596 1652 1597
f 1652 1653 1597
f 1597 1653 1598
f 1653 1654 1598
f 1598 1654 1599
f 1654 1655 1599
f 1599 1655 1600
f 1655 1656 1600
f 1600 1656 1601
f 1656 1657 1601
f 1601 1657 1602
f 1657 1658 1602
f 1602 1658 1603
f 1658 1659 1603
f 1603 1659 1604
f 1659 1660 1604
f 1604 1660 1605
f 1660 1661 1605
f 1605 1661 1606
f 1661 1662 1606
f 1606 1662 1607
f 1662 1663 1607
f 1607 1663 1608
f 1663 1664 1608
f 1608 1664 1609
f 1664 1665 1609
f 1609 1665 1610
f 1665 1666 1610
f 1610 1666 1611
f 1666 1667 1611
f 1611 1667 1612
f 1667 1668 1612
f 1612 1668 1613
f 1668 1669 1613
f 1613 1669 1614
f 1669 1670 1614
f 1614 1670 1615
f 1670 1671 1615
f 1615 1671 1616
f 1671 1672 1616
f 1616 1672 1617
f 1672 1673 1617
f 1617 1673 1618
f 1673 1674 1618
f 1618 1674 1619
f 1674 1675 1619
f 1619 1675 1620
f 1675 1676 1620
f 1621 1677 1678
f 1622 1621 1678
f 1676 1621 1620
f 1677 1621 1676
f 1622 1678 1623
f 1678 1679 1623
f 1623 1679 1624
f 1679 1680 1624
f 1624 1680 1625
f 1680 1681 1625
f 1625 1681 1626
f 1681 1682 1626
f 1626 1682 1627
f 1682 1683 1627
f 1628 1684 1685
f 1629 1628 1685
f 1683 1628 1627
f 1684 1628 1683
f 1631 1630 1687
f 1630 1686 1687
f 1687 1632 1631
f 1688 1632 1687
f 1632 1688 1633
f 1688 1689 1633
f 1633 1689 1690
f 1634 1633 1690
f 1690 1635 1634
f 1691 1635 1690
f 1635 1691 1636
f 1691 1692 1636
f 1636 1692 1693
f 1637 1636 1693
f 1693 1638 1637
f 1694 1638 1693
f 1638 1694 1639
f 1694 1695 1639
f 1639 1695 1640
f 1695 1696 1640
f 1640 1696 1641
f 1696 1697 1641
f 1641 1697 1642
f 1697 1698 1642
f 1642 1698 1643
f 1698 1699 1643
f 1643 1699 1644
f 1699 1700 1644
f 1644 1700 1645
f 1700 1701 1645
f 1645 1701 1646
f 1701 1702 1646
f 1646 1702 1647
f 1702 1703 1647
f 1647 1703 1648
f 1703 1704 1648
f 1648 1704 1649
f 1704 1705 1649
f 1649 1705 1650
f 1705 1706 1650
f 1650 1706 1651
f 1706 1707 1651
f 1651 1707 1652
f 1707 1708 1652
f 1652 1708 1653
f 1708 1709 1653
f 1653 1709 1654
f 1709 1710 1654
f 1654 1710 1655
f 1710 1711 1655
f 1655 1711 1656
f 1711 1712 1656
f 1656 1712 1657
f 1712 1713 1657
f 1657 1713 1658
f 1713 1714 1658
f 1658 1714 1659
f 1714 1715 1659
f 1659 1715 1660
f 1715 1716 1660
f 1660 1716 1661
f 1716 1717 1661
f 1661 1717 1662
f 1717 1718 1662
f 1662 1718 1663
f 1718 1719 1663
f 1663 1719 1664
f 1719 1720 1664
f 1664 1720 1665
f 1720 1721 1665
f 1665 1721 1666
f 1721 1722 1666
f 1666 1722 1667
f 1722 1723 1667
f 1667 1723 1668
f 1723 1724 1668
f 1668 1724 1669
f 1724 1725 1669
f 1669 1725 1670
f 1725 1726 1670
f 1670 1726 1671
f 1726 1727 1671
f 1671 1727 1672
f 1727 1728 1672
f 1672 1728 1673
f 1728 1729 1673
f 1673 1729 1674
f 1729 1730 1674
f 1674 1730 1675
f 1730 1731 1675
f 1732 1733 1734
f 1732 1731 1733
f 1732 1676 1731
f 1676 1675 1731
f 1677 1732 1734
f 1677 1734 1678
f 1678 1734 1735
f 1676 1732 1677
f 1678 1735 1679
f 1735 1736 1679
f 1679 1736 1680
f 1736 1737 1680
f 1680 1737 1681
f 1737 1738 1681
f 1681 1738 1682
f 1738 1739 1682
f 1682 1739 1683
f 1739 1740 1683
f 1684 1741 1742
f 1685 1684 1742
f 1740 1684 1683
f 1741 1684 1740
f 1744 1743 1745
f 1744 1687 1743
f 1687 1686 1743
f 1687 1744 1688
f 1744 1745 1746
f 1746 1688 1744
f 1746 1747 1688
f 1747 1689 1688
f 1689 1747 1748
f 1690 1689 1748
f 1748 1691 1690
f 1749 1691 1748
f 1691 1749 1692
f 1749 1750 1692
f 1751 1693 1692
f 1751 1692 1752
f 1752 1692 1750
f 1693 1751 1694
f 1751 1752 1753
f 1753 1694 1751
f 1753 1754 1694
f 1754 1695 1694
f 1695 1754 1696
f 1754 1755 1696
f 1696 1755 1697
f 1755 1756 1697
f 1697 1756 1698
f 1756 1757 1698
f 1698 1757 1699
f 1757 1758 1699
f 1699 1758 1700
f 1758 1759 1700
f 1700 1759 1701
f 1759 1760 1701
f 1701 1760 1702
f 1760 1761 1702
f 1702 1761 1703
f 1761 1762 1703
f 1703 1762 1704
f 1762 1763 1704
f 1704 1763 1705
f 1763 1764 1705
f 1705 1764 1706
f 1764 1765 1706
f 1706 1765 1707
f 1765 1766 1707
f 1707 1766 1708
f 1766 1767 1708
f 1708 1767 1709
f 1767 1768 1709
f 1709 1768 1710
f 1768 1769 1710
f 1710 1769 1711
f 1769 1770 1711
f 1711 1770 1712
f 1770 1771 1712
f 1712 1771 1713
f 1771 1772 1713
f 1713 1772 1714
f 1772 1773 1714
f 1714 1773 1715
f 1773 1774 1715
f 1715 1774 1716
f 1774 1775 1716
f 1716 1775 1717
f 1775 1776 1717
f 1717 1776 1718
f 1776 1777 1718
f 1718 1777 1719
f 1777 1778 1719
f 1719 1778 1720
f 1778 1779 1720
f 1720 1779 1721
f 1779 1780 1721
f 1721 1780 1722
f 1780 1781 1722
f 1722 1781 1723
f 1781 1782 1723
f 1723 1782 1724
f 1782 1783 1724
f 1724 1783 1725
f 1783 1784 1725
f 1725 1784 1726
f 1784 1785 1726
f 1726 1785 1727
f 1785 1786 1727
f 1727 1786 1728
f 1786 1787 1728
f 1728 1787 1729
f 1787 1788 1729
f 1729 1788 1730
f 1788 1789 1730
f 1730 1789 1731
f 1789 1790 1731
f 1733 1791 1792
f 1734 1733 1792
f 1790 1733 1731
f 1791 1733 1790
f 1734 1792 1735
f 1792 1793 1735
f 1735 1793 1736
f 1793 1794 1736
f 1736 1794 1737
f 1794 1795 1737
f 1737 1795 1738
f 1795 1796 1738
f 1738 1796 1739
f 1796 1797 1739
f 1739 1797 1740
f 1797 1798 1740
f 1741 1799 1800
f 1742 1741 1800
f 1798 1741 1740
f 1799 1741 1798
f 1801 1745 1743
f 1802 1745 1801
f 1745 1802 1803
f 1746 1745 1803
f 1803 1747 1746
f 1804 1747 1803
f 1747 1804 1805
f 1748 1747 1805
f 1805 1749 1748
f 1806 1749 1805
f 1749 1806 1750
f 1806 1807 1750
f 1750 1807 1752
f 1807 1808 1752
f 1752 1808 1809
f 1753 1752 1809
f 1809 1754 1753
f 1810 1754 1809
f 1754 1810 1755
f 1810 1811 1755
f 1755 1811 1756
f 1811 1812 1756
f 1756 1812 1757
f 1812 1813 1757
f 1757 1813 1758
f 1813 1814 1758
f 1758 1814 1759
f 1814 1815 1759
f 1759 1815 1760
f 1815 1816 1760
f 1760 1816 1761
f 1816 1817 1761
f 1761 1817 1762
f 1817 1818 1762
f 1762 1818 1763
f 1818 1819 1763
f 1763 1819 1764
f 1819 1820 1764
f 1764 1820 1765
f 1820 1821 1765
f 1765 1821 1766
f 1821 1822 1766
f 1766 1822 1767
f 1822 1823 1767
f 1767 1823 1768
f 1823 1824 1768
f 1768 1824 1769
f 1824 1825 1769
f 1769 1825 1770
f 1825 1826 1770
f 1770 1826 1771
f 1826 1827 1771
f 1771 1827 1772
f 1827 1828 1772
f 1772 1828 1773
f 1828 1829 1773
f 1773 1829 1774
f 1829 1830 1774
f 1774 1830 1775
f 1830 1831 1775
f 1775 1831 1776
f 1831 1832 1776
f 1776 1832 1777
f 1832 1833 1777
f 1777 1833 1778
f 1833 1834 1778
f 1778 1834 1779
f 1834 1835 1779
f 1779 1835 1780
f 1835 1836 1780
f 1780 1836 1781
f 1836 1837 1781
f 1781 1837 1782
f 1837 1838 1782
f 1782 1838 1783
f 1838 1839 1783
f 1783 1839 1784
f 1839 1840 1784
f 1784 1840 1785
f 1840 1841 1785
f 1785 1841 1786
f 1841 1842 1786
f 1786 1842 1787
f 1842 1843 1787
f 1787 1843 1788
f 1843 1844 1788
f 1788 1844 1789
f 1844 1845 1789
f 1789 1845 1790
f 1845 1846 1790
f 1791 1847 1848
f 1792 1791 1848
f 1846 1791 1790
f 1847 1791 1846
f 1792 1848 1793
f 1848 1849 1793
f 1793 1849 1794
f 1849 1850 1794
f 1794 1850 1795
f 1850 1851 1795
f 1795 1851 1796
f 1851 1852 1796
f 1796 1852 1797
f 1852 1853 1797
f 1797 1853 1798
f 1853 1854 1798
f 1799 1855 1856
f 1800 1799 1856
f 1854 1799 1798
f 1855 1799 1854
f 1857 1802 1801
f 1858 1802 1857
f 1802 1858 1859
f 1803 1802 1859
f 1859 1804 1803
f 1860 1804 1859
f 1804 1860 1861
f 1805 1804 1861
f 1861 1806 1805
f 1862 1806 1861
f 1806 1862 1807
f 1862 1863 1807
f 1807 1863 1808
f 1863 1864 1808
f 1808 1864 1865
f 1809 1808 1865
f 1865 1810 1809
f 1866 1810 1865
f 1810 1866 1811
f 1866 1867 1811
f 1811 1867 1812
f 1867 1868 1812
f 1812 1868 1813
f 1868 1869 1813
f 1813 1869 1814
f 1869 1870 1814
f 1814 1870 1815
f 1870 1871 1815
f 1815 1871 1816
f 1871 1872 1816
f 1816 1872 1817
f 1872 1873 1817
f 1817 1873 1818
f 1873 1874 1818
f 1818 1874 1819
f 1874 1875 1819
f 1819 1875 1820
f 1875 1876 1820
f 1820 1876 1821
f 1876 1877 1821
f 1821 1877 1822
f 1877 1878 1822
f 1822 1878 1823
f 1878 1879 1823
f 1823 1879 1824
f 1879 1880 1824
f 1824 1880 1825
f 1880 1881 1825
f 1825 1881 1826
f 1881 1882 1826
f 1826 1882 1827
f 1882 1883 1827
f 1827 1883 1828
f 1883 1884 1828
f 1828 1884 1829
f 1884 1885 1829
f 1829 1885 1830
f 1885 1886 1830
f 1830 1886 1831
f 1886 1887 1831
f 1831 1887 1832
f 1887 1888 1832
f 1832 1888 1833
f 1888 1889 1833
f 1833 1889 1834
f 1889 1890 1834
f 1834 1890 1835
f 1890 1891 1835
f 1835 1891 1836
f 1891 1892 1836
f 1836 1892 1837
f 1892 1893 1837
f 1837 1893 1838
f 1893 1894 1838
f 1838 1894 1839
f 1894 1895 1839
f 1839 1895 1840
f 1895 1896 1840
f 1840 1896 1841
f 1896 1897 1841
f 1841 1897 1842
f 1897 1898 1842
f 1842 1898 1843
f 1898 1899 1843
f 1843 1899 1844
f 1899 1900 1844
f 1844 1900 1845
f 1900 1901 1845
f 1902 1903 1904
f 1902 1901 1903
f 1902 1846 1901
f 1846 1845 1901
f 1847 1902 1904
f 1847 1904 1848
f 1848 1904 1905
f 1846 1902 1847
f 1848 1905 1849
f 1905 1906 1849
f 1849 1906 1850
f 1906 1907 1850
f 1850 1907 1851
f 1907 1908 1851
f 1851 1908 1852
f 1908 1909 1852
f 1852 1909 1853
f 1909 1910 1853
f 1853 1910 1854
f 1910 1911 1854
f 1855 1912 1913
f 1856 1855 1913
f 1911 1855 1854
f 1912 1855 1911
f 1914 1858 1857
f 1915 1858 1914
f 1858 1915 1916
f 1859 1858 1916
f 1916 1860 1859
f 1917 1860 1916
f 1860 1917 1918
f 1861 1860 1918
f 1918 1862 1861
f 1919 1862 1918
f 1862 1919 1863
f 1919 1920 1863
f 1863 1920 1864
f 1920 1921 1864
f 1864 1921 1922
f 1865 1864 1922
f 1922 1866 1865
f 1923 1866 1922
f 1866 1923 1867
f 1923 1924 1867
f 1867 1924 1868
f 1924 1925 1868
f 1868 1925 1869
f 1925 1926 1869
f 1869 1926 1870
f 1926 1927 1870
f 1870 1927 1871
f 1927 1928 1871
f 1871 1928 1872
f 1928 1929 1872
f 1872 1929 1873
f 1929 1930 1873
f 1873 1930 1874
f 1930 1931 1874
f 1874 1931 1875
f 1931 1932 1875
f 1875 1932 1876
f 1932 1933 1876
f 1876 1933 1877
f 1933 1934 1877
f 1877 1934 1878
f 1934 1935 1878
f 1878 1935 1879
f 1935 1936 1879
f 1879 1936 1880
f 1936 1937 1880
f 1880 1937 1881
f 1937 1938 1881
f 1881 1938 1882
f 1938 1939 1882
f 1882 1939 1883
f 1939 1940 1883
f 1883 1940 1884
f 1940 1941 1884
f 1884 1941 1885
f 1941 1942 1885
f 1885 1942 1886
f 1942 1943 1886
f 1886 1943 1887
f 1943 1944 1887
f 1887 1944 1888
f 1944 1945 1888
f 1888 1945 1889
f 1945 1946 1889
f 1889 1946 1890
f 1946 1947 1890
f 1890 1947 1891
f 1947 1948 1891
f 1891 1948 1892
f 1948 1949 1892
f 1892 1949 1893
f 1949 1950 1893
f 1893 1950 1894
f 1950 1951 1894
f 1894 1951 1895
f 1951 1952 1895
f 1895 1952 1896
f 1952 1953 1896
f 1896 1953 1897
f 1953 1954 1897
f 1897 1954 1898
f 1954 1955 1898
f 1898 1955 1899
f 1955 1956 1899
f 1899 1956 1900
f 1956 1957 1900
f 1958 1959 1960
f 1958 1957 1959
f 1958 1901 1957
f 1901 1900 1957
f 1903 1958 1960
f 1903 1960 1904
f 1904 1960 1961
f 1901 1958 1903
f 1904 1961 1905
f 1961 1962 1905
f 1905 1962 1906
f 1962 1963 1906
f 1906 1963 1907
f 1963 1964 1907
f 1907 1964 1908
f 1964 1965 1908
f 1908 1965 1909
f 1965 1966 1909
f 1909 1966 1910
f 1966 1967 1910
f 1910 1967 1911
f 1967 1968 1911
f 1912 1969 1970
f 1913 1912 1970
f 1968 1912 1911
f 1969 1912 1968
f 1971 1915 1914
f 1972 1915 1971
f 1915 1972 1973
f 1916 1915 1973
f 1973 1917 1916
f 1974 1917 1973
f 1917 1974 1975
f 1918 1917 1975
f 1975 1919 1918
f 1976 1919 1975
f 1919 1976 1920
f 1976 1977 1920
f 1920 1977 1921
f 1977 1978 1921
f 1921 1978 1979
f 1922 1921 1979
f 1979 1923 1922
f 1980 1923 1979
f 1923 1980 1924
f 1980 1981 1924
f 1924 1981 1925
f 1981 1982 1925
f 1925 1982 1926
f 1982 1983 1926
f 1926 1983 1927
f 1983 1984 1927
f 1927 1984 1928
f 1984 1985 1928
f 1928 1985 1929
f 1985 1986 1929
f 1929 1986 1930
f 1986 1987 1930
f 1930 1987 1931
f 1987 1988 1931
f 1931 1988 1932
f 1988 1989 1932
f 1932 1989 1933
f 1989 1990 1933
f 1933 1990 1934
f 1990 1991 1934
f 1934 1991 1935
f 1991 1992 1935
f 1935 1992 1936
f 1992 1993 1936
f 1936 1993 1937
f 1993 1994 1937
f 1937 1994 1938
f 1994 1995 1938
f 1938 1995 1939
f 1995 1996 1939
f 1939 1996 1940
f 1996 1997 1940
f 1940 1997 1941
f 1997 1998 1941
f 1941 1998 1942
f 1998 1999 1942
f 1942 1999 1943
f 1999 2000 1943
f 1943 2000 1944
f 2000 2001 1944
f 1944 2001 1945
f 2001 2002 1945
f 1945 2002 1946
f 2002 2003 1946
f 1946 2003 1947
f 2003 2004 1947
f 1947 2004 1948
f 2004 2005 1948
f 1948 2005 1949
f 2005 2006 1949
f 1949 2006 1950
f 2006 2007 1950
f 1950 2007 1951
f 2007 2008 1951
f 1951 2008 1952
f 2008 2009 1952
f 1952 2009 1953
f 2009 2010 1953
f 1953 2010 1954
f 2010 2011 1954
f 1954 2011 1955
f 2011 2012 1955
f 1955 2012 1956
f 2012 2013 1956
f 1956 2013 1957
f 2013 2014 1957
f 1959 2015 2016
f 1960 1959 2016
f 2014 1959 1957
f 2015 1959 2014
f 1960 2016 1961
f 2016 2017 1961
f 1961 2017 1962
f 2017 2018 1962
f 1962 2018 1963
f 2018 2019 1963
f 1963 2019 1964
f 2019 2020 1964
f 1964 2020 1965
f 2020 2021 1965
f 1965 2021 1966
f 2021 2022 1966
f 1966 2022 1967
f 2022 2023 1967
f 2024 2025 2026
f 2024 2023 2025
f 2024 1968 2023
f 1968 1967 2023
f 1969 2024 2026
f 1969 2026 1970
f 1970 2026 2027
f 1968 2024 1969
f 2028 1972 1971
f 2029 1972 2028
f 1972 2029 2030
f 1973 1972 2030
f 2030 1974 1973
f 2031 1974 2030
f 1974 2031 2032
f 1975 1974 2032
f 2032 1976 1975
f 2033 1976 2032
f 1976 2033 1977
f 2033 2034 1977
f 1977 2034 1978
f 2034 2035 1978
f 2036 1979 1978
f 2036 1978 2037
f 2037 1978 2035
f 1979 2036 1980
f 2036 2037 2038
f 2038 1980 2036
f 2038 2039 1980
f 2039 1981 1980
f 1981 2039 1982
f 2039 2040 1982
f 1982 2040 1983
f 2040 2041 1983
f 1983 2041 1984
f 2041 2042 1984
f 1984 2042 1985
f 2042 2043 1985
f 1985 2043 1986
f 2043 2044 1986
f 1986 2044 1987
f 2044 2045 1987
f 1987 2045 1988
f 2045 2046 1988
f 1988 2046 1989
f 2046 2047 1989
f 1989 2047 1990
f 2047 2048 1990
f 1990 2048 1991
f 2048 2049 1991
f 1991 2049 1992
f 2049 2050 1992
f 1992 2050 1993
f 2050 2051 1993
f 1993 2051 1994
f 2051 2052 1994
f 1994 2052 1995
f 2052 2053 1995
f 1995 2053 1996
f 2053 2054 1996
f 1996 2054 1997
f 2054 2055 1997
f 1997 2055 1998
f 2055 2056 1998
f 1998 2056 1999
f 2056 2057 1999
f 1999 2057 2000
f 2057 2058 2000
f 2000 2058 2001
f 2058 2059 2001
f 2001 2059 2002
f 2059 2060 2002
f 2002 2060 2003
f 2060 2061 2003
f 2003 2061 2004
f 2061 2062 2004
f 2004 2062 2005
f 2062 2063 2005
f 2005 2063 2006
f 2063 2064 2006
f 2006 2064 2007
f 2064 2065 2007
f 2007 2065 2008
f 2065 2066 2008
f 2008 2066 2009
f 2066 2067 2009
f 2009 2067 2010
f 2067 2068 2010
f 2010 2068 2011
f 2068 2069 2011
f 2011 2069 2012
f 2069 2070 2012
f 2012 2070 2013
f 2070 2071 2013
f 2072 2073 2074
f 2072 2071 2073
f 2072 2014 2071
f 2014 2013 2071
f 2015 2072 2074
f 2015 2074 2016
f 2016 2074 2075
f 2014 2072 2015
f 2016 2075 2017
f 2075 2076 2017
f 2017 2076 2018
f 2076 2077 2018
f 2018 2077 2019
f 2077 2078 2019
f 2019 2078 2020
f 2078 2079 2020
f 2020 2079 2021
f 2079 2080 2021
f 2021 2080 2022
f 2080 2081 2022
f 2022 2081 2023
f 2081 2082 2023
f 2025 2083 2084
f 2026 2025 2084
f 2082 2025 2023
f 2083 2025 2082
f 2026 2084 2027
f 2084 2085 2027
f 2086 2029 2028
f 2087 2029 2086
f 2029 2087 2088
f 2030 2029 2088
f 2088 2031 2030
f 2089 2031 2088
f 2031 2089 2090
f 2032 2031 2090
f 2090 2033 2032
f 2091 2033 2090
f 2033 2091 2034
f 2091 2092 2034
f 2034 2092 2035
f 2092 2093 2035
f 2035 2093 2037
f 2093 2094 2037
f 2037 2094 2095
f 2038 2037 2095
f 2095 2039 2038
f 2096 2039 2095
f 2039 2096 2040
f 2096 2097 2040
f 2040 2097 2041
f 2097 2098 2041
f 2041 2098 2042
f 2098 2099 2042
f 2042 2099 2043
f 2099 2100 2043
f 2043 2100 2044
f 2100 2101 2044
f 2044 2101 2045
f 2101 2102 2045
f 2045 2102 2046
f 2102 2103 2046
f 2046 2103 2047
f 2103 2104 2047
f 2047 2104 2048
f 2104 2105 2048
f 2048 2105 2049
f 2105 2106 2049
f 2049 2106 2050
f 2106 2107 2050
f 2050 2107 2051
f 2107 2108 2051
f 2051 2108 2052
f 2108 2109 2052
f 2052 2109 2053
f 2109 2110 2053
f 2053 2110 2054
f 2110 2111 2054
f 2054 2111 2055
f 2111 2112 2055
f 2055 2112 2056
f 2112 2113 2056
f 2056 2113 2057
f 2113 2114 2057
f 2057 2114 2058
f 2114 2115 2058
f 2058 2115 2059
f 2115 2116 2059
f 2059 2116 2060
f 2116 2117 2060
f 2060 2117 2061
f 2117 2118 2061
f 2061 2118 2062
f 2118 2119 2062
f 2062 2119 2063
f 2119 2120 2063
f 2063 2120 2064
f 2120 2121 2064
f 2064 2121 2065
f 2121 2122 2065
f 2065 2122 2066
f 2122 2123 2066
f 2066 2123 2067
f 2123 2124 2067
f 2067 2124 2068
f 2124 2125 2068
f 2068 2125 2069
f 2125 2126 2069
f 2069 2126 2070
f 2126 2127 2070
f 2128 2129 2130
f 2128 2127 2129
f 2128 2071 2127
f 2071 2070 2127
f 2073 2128 2130
f 2073 2130 2074
f 2074 2130 2131
f 2071 2128 2073
f 2074 2131 2075
f 2131 2132 2075
f 2075 2132 2076
f 2132 2133 2076
f 2076 2133 2077
f 2133 2134 2077
f 2077 2134 2078
f 2134 2135 2078
f 2078 2135 2079
f 2135 2136 2079
f 2079 2136 2080
f 2136 2137 2080
f 2080 2137 2081
f 2137 2138 2081
f 2081 2138 2082
f 2138 2139 2082
f 2083 2140 2141
f 2084 2083 2141
f 2139 2083 2082
f 2140 2083 2139
f 2084 2141 2085
f 2141 2142 2085
f 2143 2087 2086
f 2144 2087 2143
f 2087 2144 2145
f 2088 2087 2145
f 2145 2089 2088
f 2146 2089 2145
f 2147 2090 2089
f 2147 2089 2148
f 2148 2089 2146
f 2090 2147 2091
f 2147 2148 2149
f 2149 2091 2147
f 2149 2150 2091
f 2150 2092 2091
f 2092 2150 2093
f 2150 2151 2093
f 2093 2151 2094
f 2151 2152 2094
f 2153 2095 2094
f 2153 2094 2154
f 2154 2094 2152
f 2095 2153 2096
f 2153 2154 2155
f 2155 2096 2153
f 2155 2156 2096
f 2156 2097 2096
f 2097 2156 2098
f 2156 2157 2098
f 2098 2157 2099
f 2157 2158 2099
f 2099 2158 2100
f 2158 2159 2100
f 2100 2159 2101
f 2159 2160 2101
f 2101 2160 2102
f 2160 2161 2102
f 2102 2161 2103
f 2161 2162 2103
f 2103 2162 2104
f 2162 2163 2104
f 2104 2163 2105
f 2163 2164 2105
f 2105 2164 2106
f 2164 2165 2106
f 2106 2165 2107
f 2165 2166 2107
f 2107 2166 2108
f 2166 2167 2108
f 2108 2167 2109
f 2167 2168 2109
f 2109 2168 2110
f 2168 2169 2110
f 2110 2169 2111
f 2169 2170 2111
f 2111 2170 2112
f 2170 2171 2112
f 2112 2171 2113
f 2171 2172 2113
f 2113 2172 2114
f 2172 2173 2114
f 2114 2173 2115
f 2173 2174 2115
f 2115 2174 2116
f 2174 2175 2116
f 2116 2175 2117
f 2175 2176 2117
f 2117 2176 2118
f 2176 2177 2118
f 2118 2177 2119
f 2177 2178 2119
f 2119 2178 2120
f 2178 2179 2120
f 2120 2179 2121
f 2179 2180 2121
f 2121 2180 2122
f 2180 2181 2122
f 2122 2181 2123
f 2181 2182 2123
f 2123 2182 2124
f 2182 2183 2124
f 2124 2183 2125
f 2183 2184 2125
f 2185 2186 2187
f 2185 2184 2186
f 2185 2126 2184
f 2126 2125 2184
f 2188 2185 2187
f 2189 2188 2187
f 2126 2188 2127
f 2185 2188 2126
f 2129 2188 2189
f 2129 2189 2130
f 2130 2189 2190
f 2127 2188 2129
f 2130 2190 2131
f 2190 2191 2131
f 2131 2191 2132
f 2191 2192 2132
f 2132 2192 2133
f 2192 2193 2133
f 2133 2193 2134
f 2193 2194 2134
f 2134 2194 2135
f 2194 2195 2135
f 2135 2195 2136
f 2195 2196 2136
f 2136 2196 2137
f 2196 2197 2137
f 2137 2197 2138
f 2197 2198 2138
f 2138 2198 2139
f 2198 2199 2139
f 2140 2200 2201
f 2141 2140 2201
f 2199 2140 2139
f 2200 2140 2199
f 2141 2201 2142
f 2201 2202 2142
f 2203 2144 2143
f 2204 2144 2203
f 2144 2204 2205
f 2145 2144 2205
f 2205 2146 2145
f 2206 2146 2205
f 2146 2206 2148
f 2206 2207 2148
f 2148 2207 2208
f 2149 2148 2208
f 2208 2150 2149
f 2209 2150 2208
f 2150 2209 2151
f 2209 2210 2151
f 2151 2210 2152
f 2210 2211 2152
f 2152 2211 2154
f 2211 2212 2154
f 2154 2212 2213
f 2155 2154 2213
f 2213 2156 2155
f 2214 2156 2213
f 2156 2214 2157
f 2214 2215 2157
f 2157 2215 2158
f 2215 2216 2158
f 2158 2216 2159
f 2216 2217 2159
f 2159 2217 2160
f 2217 2218 2160
f 2160 2218 2161
f 2218 2219 2161
f 2161 2219 2162
f 2219 2220 2162
f 2162 2220 2163
f 2220 2221 2163
f 2163 2221 2164
f 2221 2222 2164
f 2164 2222 2165
f 2222 2223 2165
f 2165 2223 2166
f 2223 2224 2166
f 2166 2224 2167
f 2224 2225 2167
f 2167 2225 2168
f 2225 2226 2168
f 2168 2226 2169
f 2226 2227 2169
f 2169 2227 2170
f 2227 2228 2170
f 2170 2228 2171
f 2228 2229 2171
f 2171 2229 2172
f 2229 2230 2172
f 2172 2230 2173
f 2230 2231 2173
f 2173 2231 2174
f 2231 2232 2174
f 2174 2232 2175
f 2232 2233 2175
f 2175 2233 2176
f 2233 2234 2176
f 2176 2234 2177
f 2234 2235 2177
f 2177 2235 2178
f 2235 2236 2178
f 2178 2236 2179
f 2236 2237 2179
f 2179 2237 2180
f 2237 2238 2180
f 2180 2238 2181
f 2238 2239 2181
f 2181 2239 2182
f 2239 2240 2182
f 2182 2240 2183
f 2240 2241 2183
f 2242 2243 2244
f 2242 2241 2243
f 2242 2184 2241
f 2184 2183 2241
f 2186 2242 2244
f 2186 2244 2187
f 2187 2244 2245
f 2184 2242 2186
f 2187 2245 2189
f 2245 2246 2189
f 2189 2246 2190
f 2246 2247 2190
f 2190 2247 2191
f 2247 2248 2191
f 2191 2248 2192
f 2248 2249 2192
f 2192 2249 2193
f 2249 2250 2193
f 2193 2250 2194
f 2250 2251 2194
f 2194 2251 2195
f 2251 2252 2195
f 2195 2252 2196
f 2252 2253 2196
f 2196 2253 2197
f 2253 2254 2197
f 2197 2254 2198
f 2254 2255 2198
f 2198 2255 2199
f 2255 2256 2199
f 2200 2257 2258
f 2201 2200 2258
f 2256 2200 2199
f 2257 2200 2256
f 2201 2258 2202
f 2258 2259 2202
f 2260 2204 2203
f 2261 2204 2260
f 2204 2261 2262
f 2205 2204 2262
f 2262 2206 2205
f 2263 2206 2262
f 2206 2263 2207
f 2263 2264 2207
f 2207 2264 2265
f 2208 2207 2265
f 2265 2209 2208
f 2266 2209 2265
f 2209 2266 2210
f 2266 2267 2210
f 2210 2267 2211
f 2267 2268 2211
f 2211 2268 2212
f 2268 2269 2212
f 2212 2269 2270
f 2213 2212 2270
f 2270 2214 2213
f 2271 2214 2270
f 2214 2271 2215
f 2271 2272 2215
f 2215 2272 2216
f 2272 2273 2216
f 2216 2273 2217
f 2273 2274 2217
f 2217 2274 2218
f 2274 2275 2218
f 2218 2275 2219
f 2275 2276 2219
f 2219 2276 2220
f 2276 2277 2220
f 2220 2277 2221
f 2277 2278 2221
f 2221 2278 2222
f 2278 2279 2222
f 2222 2279 2223
f 2279 2280 2223
f 2223 2280 2224
f 2280 2281 2224
f 2224 2281 2225
f 2281 2282 2225
f 2225 2282 2226
f 2282 2283 2226
f 2226 2283 2227
f 2283 2284 2227
f 2227 2284 2228
f 2284 2285 2228
f 2228 2285 2229
f 2285 2286 2229
f 2229 2286 2230
f 2286 2287 2230
f 2230 2287 2231
f 2287 2288 2231
f 2231 2288 2232
f 2288 2289 2232
f 2232 2289 2233
f 2289 2290 2233
f 2233 2290 2234
f 2290 2291 2234
f 2234 2291 2235
f 2291 2292 2235
f 2235 2292 2236
f 2292 2293 2236
f 2236 2293 2237
f 2293 2294 2237
f 2237 2294 2238
f 2294 2295 2238
f 2238 2295 2239
f 2295 2296 2239
f 2239 2296 2240
f 2296 2297 2240
f 2298 2299 2300
f 2298 2297 2299
f 2298 2241 2297
f 2241 2240 2297
f 2243 2298 2300
f 2243 2300 2244
f 2244 2300 2301
f 2241 2298 2243
f 2244 2301 2245
f 2301 2302 2245
f 2245 2302 2246
f 2302 2303 2246
f 2246 2303 2247
f 2303 2304 2247
f 2247 2304 2248
f 2304 2305 2248
f 2248 2305 2249
f 2305 2306 2249
f 2249 2306 2250
f 2306 2307 2250
f 2250 2307 2251
f 2307 2308 2251
f 2251 2308 2252
f 2308 2309 2252
f 2252 2309 2253
f 2309 2310 2253
f 2253 2310 2254
f 2310 2311 2254
f 2254 2311 2255
f 2311 2312 2255
f 2313 2314 2315
f 2313 2312 2314
f 2313 2256 2312
f 2256 2255 2312
f 2257 2313 2315
f 2257 2315 2258
f 2258 2315 2316
f 2256 2313 2257
f 2258 2316 2259
f 2316 2317 2259
f 2260 2318 2261
f 2318 2319 2320
f 2261 2318 2320
f 2261 2320 2262
f 2262 2320 2321
f 2321 2263 2262
f 2322 2263 2321
f 2263 2322 2264
f 2322 2323 2264
f 2264 2323 2324
f 2265 2264 2324
f 2324 2266 2265
f 2325 2266 2324
f 2266 2325 2267
f 2325 2326 2267
f 2267 2326 2268
f 2326 2327 2268
f 2268 2327 2269
f 2327 2328 2269
f 2329 2270 2269
f 2329 2269 2330
f 2330 2269 2328
f 2270 2329 2271
f 2329 2330 2331
f 2331 2271 2329
f 2331 2332 2271
f 2332 2272 2271
f 2272 2332 2273
f 2332 2333 2273
f 2273 2333 2274
f 2333 2334 2274
f 2274 2334 2275
f 2334 2335 2275
f 2275 2335 2276
f 2335 2336 2276
f 2276 2336 2277
f 2336 2337 2277
f 2277 2337 2278
f 2337 2338 2278
f 2278 2338 2279
f 2338 2339 2279
f 2279 2339 2280
f 2339 2340 2280
f 2280 2340 2281
f 2340 2341 2281
f 2281 2341 2282
f 2341 2342 2282
f 2282 2342 2283
f 2342 2343 2283
f 2283 2343 2284
f 2343 2344 2284
f 2284 2344 2285
f 2344 2345 2285
f 2285 2345 2286
f 2345 2346 2286
f 2286 2346 2287
f 2346 2347 2287
f 2287 2347 2288
f 2347 2348 2288
f 2288 2348 2289
f 2348 2349 2289
f 2289 2349 2290
f 2349 2350 2290
f 2290 2350 2291
f 2350 2351 2291
f 2291 2351 2292
f 2351 2352 2292
f 2292 2352 2293
f 2352 2353 2293
f 2293 2353 2294
f 2353 2354 2294
f 2294 2354 2295
f 2354 2355 2295
f 2295 2355 2296
f 2355 2356 2296
f 2296 2356 2297
f 2356 2357 2297
f 2299 2358 2359
f 2300 2299 2359
f 2357 2299 2297
f 2358 2299 2357
f 2300 2359 2301
f 2359 2360 2301
f 2301 2360 2302
f 2360 2361 2302
f 2302 2361 2303
f 2361 2362 2303
f 2303 2362 2304
f 2362 2363 2304
f 2304 2363 2305
f 2363 2364 2305
f 2305 2364 2306
f 2364 2365 2306
f 2306 2365 2307
f 2365 2366 2307
f 2307 2366 2308
f 2366 2367 2308
f 2308 2367 2309
f 2367 2368 2309
f 2309 2368 2310
f 2368 2369 2310
f 2310 2369 2311
f 2369 2370 2311
f 2311 2370 2312
f 2370 2371 2312
f 2314 2372 2373
f 2315 2314 2373
f 2371 2314 2312
f 2372 2314 2371
f 2315 2373 2316
f 2373 2374 2316
f 2316 2374 2317
f 2374 2375 2317
f 2319 2376 2377
f 2320 2319 2377
f 2321 2320 2378
f 2320 2377 2378
f 2378 2322 2321
f 2379 2322 2378
f 2322 2379 2323
f 2379 2380 2323
f 2323 2380 2381
f 2324 2323 2381
f 2381 2325 2324
f 2382 2325 2381
f 2325 2382 2326
f 2382 2383 2326
f 2326 2383 2327
f 2383 2384 2327
f 2327 2384 2328
f 2384 2385 2328
f 2328 2385 2330
f 2385 2386 2330
f 2330 2386 2387
f 2331 2330 2387
f 2387 2332 2331
f 2388 2332 2387
f 2332 2388 2333
f 2388 2389 2333
f 2333 2389 2334
f 2389 2390 2334
f 2334 2390 2335
f 2390 2391 2335
f 2335 2391 2336
f 2391 2392 2336
f 2336 2392 2337
f 2392 2393 2337
f 2337 2393 2338
f 2393 2394 2338
f 2338 2394 2339
f 2394 2395 2339
f 2339 2395 2340
f 2395 2396 2340
f 2340 2396 2341
f 2396 2397 2341
f 2341 2397 2342
f 2397 2398 2342
f 2342 2398 2343
f 2398 2399 2343
f 2343 2399 2344
f 2399 2400 2344
f 2344 2400 2345
f 2400 2401 2345
f 2345 2401 2346
f 2401 2402 2346
f 2346 2402 2347
f 2402 2403 2347
f 2347 2403 2348
f 2403 2404 2348
f 2348 2404 2349
f 2404 2405 2349
f 2349 2405 2350
f 2405 2406 2350
f 2350 2406 2351
f 2406 2407 2351
f 2351 2407 2352
f 2407 2408 2352
f 2352 2408 2353
f 2408 2409 2353
f 2353 2409 2354
f 2409 2410 2354
f 2354 2410 2355
f 2410 2411 2355
f 2412 2413 2414
f 2412 2411 2413
f 2412 2356 2411
f 2356 2355 2411
f 2415 2412 2414
f 2416 2415 2414
f 2356 2415 2357
f 2412 2415 2356
f 2358 2415 2416
f 2358 2416 2359
f 2359 2416 2417
f 2357 2415 2358
f 2359 2417 2360
f 2417 2418 2360
f 2360 2418 2361
f 2418 2419 2361
f 2361 2419 2362
f 2419 2420 2362
f 2362 2420 2363
f 2420 2421 2363
f 2363 2421 2364
f 2421 2422 2364
f 2364 2422 2365
f 2422 2423 2365
f 2365 2423 2366
f 2423 2424 2366
f 2366 2424 2367
f 2424 2425 2367
f 2367 2425 2368
f 2425 2426 2368
f 2368 2426 2369
f 2426 2427 2369
f 2369 2427 2370
f 2427 2428 2370
f 2370 2428 2371
f 2428 2429 2371
f 2372 2430 2431
f 2373 2372 2431
f 2429 2372 2371
f 2430 2372 2429
f 2373 2431 2374
f 2431 2432 2374
f 2374 2432 2375
f 2432 2433 2375
f 2376 2434 2435
f 2377 2376 2435
f 2436 2435 2437
f 2436 2378 2435
f 2378 2377 2435
f 2378 2436 2379
f 2436 2437 2438
f 2438 2379 2436
f 2438 2439 2379
f 2439 2380 2379
f 2380 2439 2440
f 2381 2380 2440
f 2440 2382 2381
f 2441 2382 2440
f 2382 2441 2383
f 2441 2442 2383
f 2383 2442 2384
f 2442 2443 2384
f 2384 2443 2385
f 2443 2444 2385
f 2385 2444 2386
f 2444 2445 2386
f 2446 2387 2386
f 2446 2386 2447
f 2447 2386 2445
f 2387 2446 2388
f 2446 2447 2448
f 2448 2388 2446
f 2448 2449 2388
f 2449 2389 2388
f 2389 2449 2390
f 2449 2450 2390
f 2390 2450 2391
f 2450 2451 2391
f 2391 2451 2392
f 2451 2452 2392
f 2392 2452 2393
f 2452 2453 2393
f 2393 2453 2394
f 2453 2454 2394
f 2394 2454 2395
f 2454 2455 2395
f 2395 2455 2396
f 2455 2456 2396
f 2396 2456 2397
f 2456 2457 2397
f 2397 2457 2398
f 2457 2458 2398
f 2398 2458 2399
f 2458 2459 2399
f 2399 2459 2400
f 2459 2460 2400
f 2400 2460 2401
f 2460 2461 2401
f 2401 2461 2402
f 2461 2462 2402
f 2402 2462 2403
f 2462 2463 2403
f 2403 2463 2404
f 2463 2464 2404
f 2404 2464 2405
f 2464 2465 2405
f 2405 2465 2406
f 2465 2466 2406
f 2406 2466 2407
f 2466 2467 2407
f 2407 2467 2408
f 2467 2468 2408
f 2408 2468 2409
f 2468 2469 2409
f 2409 2469 2410
f 2469 2470 2410
f 2471 2472 2473
f 2471 2470 2472
f 2471 2411 2470
f 2411 2410 2470
f 2413 2471 2473
f 2413 2473 2414
f 2414 2473 2474
f 2411 2471 2413
f 2414 2474 2416
f 2474 2475 2416
f 2416 2475 2417
f 2475 2476 2417
f 2417 2476 2418
f 2476 2477 2418
f 2418 2477 2419
f 2477 2478 2419
f 2419 2478 2420
f 2478 2479 2420
f 2420 2479 2421
f 2479 2480 2421
f 2421 2480 2422
f 2480 2481 2422
f 2422 2481 2423
f 2481 2482 2423
f 2423 2482 2424
f 2482 2483 2424
f 2424 2483 2425
f 2483 2484 2425
f 2425 2484 2426
f 2484 2485 2426
f 2426 2485 2427
f 2485 2486 2427
f 2427 2486 2428
f 2486 2487 2428
f 2428 2487 2429
f 2487 2488 2429
f 2430 2489 2490
f 2431 2430 2490
f 2488 2430 2429
f 2489 2430 2488
f 2431 2490 2432
f 2490 2491 2432
f 2432 2491 2433
f 2491 2492 2433
f 2434 2493 2494
f 2435 2434 2494
f 2494 2437 2435
f 2495 2437 2494
f 2437 2495 2496
f 2438 2437 2496
f 2496 2439 2438
f 2497 2439 2496
f 2439 2497 2498
f 2440 2439 2498
f 2498 2441 2440
f 2499 2441 2498
f 2441 2499 2442
f 2499 2500 2442
f 2442 2500 2443
f 2500 2501 2443
f 2443 2501 2444
f 2501 2502 2444
f 2444 2502 2445
f 2502 2503 2445
f 2445 2503 2447
f 2503 2504 2447
f 2505 2448 2447
f 2505 2447 2506
f 2506 2447 2504
f 2448 2505 2449
f 2505 2506 2507
f 2507 2449 2505
f 2507 2508 2449
f 2508 2450 2449
f 2450 2508 2451
f 2508 2509 2451
f 2451 2509 2452
f 2509 2510 2452
f 2452 2510 2453
f 2510 2511 2453
f 2453 2511 2454
f 2511 2512 2454
f 2454 2512 2455
f 2512 2513 2455
f 2455 2513 2456
f 2513 2514 2456
f 2456 2514 2457
f 2514 2515 2457
f 2457 2515 2458
f 2515 2516 2458
f 2458 2516 2459
f 2516 2517 2459
f 2459 2517 2460
f 2517 2518 2460
f 2460 2518 2461
f 2518 2519 2461
f 2461 2519 2462
f 2519 2520 2462
f 2462 2520 2463
f 2520 2521 2463
f 2463 2521 2464
f 2521 2522 2464
f 2464 2522 2465
f 2522 2523 2465
f 2465 2523 2466
f 2523 2524 2466
f 2466 2524 2467
f 2524 2525 2467
f 2526 2527 2528
f 2526 2525 2527
f 2526 2468 2525
f 2468 2467 2525
f 2529 2526 2528
f 2530 2529 2528
f 2468 2529 2469
f 2526 2529 2468
f 2531 2529 2530
f 2532 2531 2530
f 2469 2531 2470
f 2529 2531 2469
f 2472 2531 2532
f 2472 2532 2473
f 2473 2532 2533
f 2470 2531 2472
f 2473 2533 2474
f 2533 2534 2474
f 2474 2534 2475
f 2534 2535 2475
f 2475 2535 2476
f 2535 2536 2476
f 2476 2536 2477
f 2536 2537 2477
f 2477 2537 2478
f 2537 2538 2478
f 2478 2538 2479
f 2538 2539 2479
f 2479 2539 2480
f 2539 2540 2480
f 2480 2540 2481
f 2540 2541 2481
f 2481 2541 2482
f 2541 2542 2482
f 2482 2542 2483
f 2542 2543 2483
f 2483 2543 2484
f 2543 2544 2484
f 2484 2544 2485
f 2544 2545 2485
f 2485 2545 2486
f 2545 2546 2486
f 2486 2546 2487
f 2546 2547 2487
f 2487 2547 2488
f 2547 2548 2488
f 2489 2549 2550
f 2490 2489 2550
f 2548 2489 2488
f 2549 2489 2548
f 2490 2550 2491
f 2550 2551 2491
f 2491 2551 2492
f 2551 2552 2492
f 2493 2553 2554
f 2494 2493 2554
f 2554 2495 2494
f 2555 2495 2554
f 2495 2555 2556
f 2496 2495 2556
f 2556 2497 2496
f 2557 2497 2556
f 2558 2498 2497
f 2558 2497 2559
f 2559 2497 2557
f 2498 2558 2499
f 2558 2559 2560
f 2560 2499 2558
f 2560 2561 2499
f 2561 2500 2499
f 2500 2561 2501
f 2561 2562 2501
f 2501 2562 2502
f 2562 2563 2502
f 2502 2563 2503
f 2563 2564 2503
f 2503 2564 2504
f 2564 2565 2504
f 2504 2565 2506
f 2565 2566 2506
f 2567 2507 2506
f 2567 2506 2568
f 2568 2506 2566
f 2507 2567 2508
f 2569 2567 2568
f 2570 2569 2568
f 2508 2569 2509
f 2567 2569 2508
f 2569 2570 2571
f 2571 2509 2569
f 2571 2572 2509
f 2572 2510 2509
f 2510 2572 2511
f 2572 2573 2511
f 2511 2573 2512
f 2573 2574 2512
f 2512 2574 2513
f 2574 2575 2513
f 2513 2575 2514
f 2575 2576 2514
f 2514 2576 2515
f 2576 2577 2515
f 2515 2577 2516
f 2577 2578 2516
f 2516 2578 2517
f 2578 2579 2517
f 2517 2579 2518
f 2579 2580 2518
f 2518 2580 2519
f 2580 2581 2519
f 2519 2581 2520
f 2581 2582 2520
f 2583 2584 2585
f 2583 2582 2584
f 2583 2521 2582
f 2521 2520 2582
f 2586 2583 2585
f 2587 2586 2585
f 2521 2586 2522
f 2583 2586 2521
f 2588 2586 2587
f 2589 2588 2587
f 2522 2588 2523
f 2586 2588 2522
f 2590 2588 2589
f 2591 2590 2589
f 2523 2590 2524
f 2588 2590 2523
f 2592 2590 2591
f 2593 2592 2591
f 2524 2592 2525
f 2590 2592 2524
f 2527 2592 2593
f 2527 2593 2528
f 2528 2593 2594
f 2525 2592 2527
f 2528 2594 2530
f 2594 2595 2530
f 2530 2595 2532
f 2595 2596 2532
f 2532 2596 2533
f 2596 2597 2533
f 2533 2597 2534
f 2597 2598 2534
f 2534 2598 2535
f 2598 2599 2535
f 2535 2599 2536
f 2599 2600 2536
f 2536 2600 2537
f 2600 2601 2537
f 2537 2601 2538
f 2601 2602 2538
f 2538 2602 2539
f 2602 2603 2539
f 2539 2603 2540
f 2603 2604 2540
f 2540 2604 2541
f 2604 2605 2541
f 2541 2605 2542
f 2605 2606 2542
f 2542 2606 2543
f 2606 2607 2543
f 2543 2607 2544
f 2607 2608 2544
f 2544 2608 2545
f 2608 2609 2545
f 2545 2609 2546
f 2609 2610 2546
f 2546 2610 2547
f 2610 2611 2547
f 2547 2611 2548
f 2611 2612 2548
f 2549 2613 2614
f 2550 2549 2614
f 2612 2549 2548
f 2613 2549 2612
f 2550 2614 2551
f 2614 2615 2551
f 2551 2615 2552
f 2615 2616 2552
f 2553 2617 2618
f 2554 2553 2618
f 2618 2555 2554
f 2619 2555 2618
f 2555 2619 2620
f 2556 2555 2620
f 2620 2557 2556
f 2621 2557 2620
f 2557 2621 2559
f 2621 2622 2559
f 2559 2622 2623
f 2560 2559 2623
f 2623 2561 2560
f 2624 2561 2623
f 2561 2624 2562
f 2624 2625 2562
f 2562 2625 2563
f 2625 2626 2563
f 2563 2626 2564
f 2626 2627 2564
f 2564 2627 2565
f 2627 2628 2565
f 2565 2628 2566
f 2628 2629 2566
f 2566 2629 2568
f 2629 2630 2568
f 2568 2630 2570
f 2630 2631 2570
f 2632 2571 2570
f 2632 2570 2633
f 2633 2570 2631
f 2571 2632 2572
f 2634 2632 2633
f 2635 2634 2633
f 2572 2634 2573
f 2632 2634 2572
f 2636 2634 2635
f 2637 2636 2635
f 2573 2636 2574
f 2634 2636 2573
f 2638 2636 2637
f 2639 2638 2637
f 2574 2638 2575
f 2636 2638 2574
f 2640 2638 2639
f 2641 2640 2639
f 2575 2640 2576
f 2638 2640 2575
f 2642 2640 2641
f 2643 2642 2641
f 2576 2642 2577
f 2640 2642 2576
f 2644 2642 2643
f 2645 2644 2643
f 2577 2644 2578
f 2642 2644 2577
f 2646 2644 2645
f 2647 2646 2645
f 2578 2646 2579
f 2644 2646 2578
f 2648 2646 2647
f 2649 2648 2647
f 2579 2648 2580
f 2646 2648 2579
f 2650 2648 2649
f 2651 2650 2649
f 2580 2650 2581
f 2648 2650 2580
f 2652 2650 2651
f 2653 2652 2651
f 2581 2652 2582
f 2650 2652 2581
f 2584 2652 2653
f 2584 2653 2585
f 2585 2653 2654
f 2582 2652 2584
f 2585 2654 2587
f 2654 2655 2587
f 2587 2655 2589
f 2655 2656 2589
f 2589 2656 2591
f 2656 2657 2591
f 2591 2657 2593
f 2657 2658 2593
f 2593 2658 2594
f 2658 2659 2594
f 2594 2659 2595
f 2659 2660 2595
f 2595 2660 2596
f 2660 2661 2596
f 2596 2661 2597
f 2661 2662 2597
f 2597 2662 2598
f 2662 2663 2598
f 2598 2663 2599
f 2663 2664 2599
f 2599 2664 2600
f 2664 2665 2600
f 2600 2665 2601
f 2665 2666 2601
f 2601 2666 2602
f 2666 2667 2602
f 2602 2667 2603
f 2667 2668 2603
f 2603 2668 2604
f 2668 2669 2604
f 2604 2669 2605
f 2669 2670 2605
f 2605 2670 2606
f 2670 2671 2606
f 2606 2671 2607
f 2671 2672 2607
f 2607 2672 2608
f 2672 2673 2608
f 2608 2673 2609
f 2673 2674 2609
f 2609 2674 2610
f 2674 2675 2610
f 2610 2675 2611
f 2675 2676 2611
f 2611 2676 2612
f 2676 2677 2612
f 2613 2678 2679
f 2614 2613 2679
f 2677 2613 2612
f 2678 2613 2677
f 2614 2679 2615
f 2679 2680 2615
f 2615 2680 2616
f 2680 2681 2616
f 2617 2682 2683
f 2618 2617 2683
f 2683 2619 2618
f 2684 2619 2683
f 2619 2684 2685
f 2620 2619 2685
f 2685 2621 2620
f 2686 2621 2685
f 2621 2686 2622
f 2686 2687 2622
f 2622 2687 2688
f 2623 2622 2688
f 2688 2624 2623
f 2689 2624 2688
f 2624 2689 2625
f 2689 2690 2625
f 2625 2690 2626
f 2690 2691 2626
f 2626 2691 2627
f 2691 2692 2627
f 2627 2692 2628
f 2692 2693 2628
f 2628 2693 2629
f 2693 2694 2629
f 2629 2694 2630
f 2694 2695 2630
f 2630 2695 2631
f 2695 2696 2631
f 2631 2696 2633
f 2696 2697 2633
f 2633 2697 2635
f 2697 2698 2635
f 2635 2698 2637
f 2698 2699 2637
f 2637 2699 2639
f 2699 2700 2639
f 2639 2700 2641
f 2700 2701 2641
f 2641 2701 2643
f 2701 2702 2643
f 2643 2702 2645
f 2702 2703 2645
f 2645 2703 2647
f 2703 2704 2647
f 2647 2704 2649
f 2704 2705 2649
f 2649 2705 2651
f 2705 2706 2651
f 2651 2706 2653
f 2706 2707 2653
f 2653 2707 2654
f 2707 2708 2654
f 2654 2708 2655
f 2708 2709 2655
f 2655 2709 2656
f 2709 2710 2656
f 2656 2710 2657
f 2710 2711 2657
f 2657 2711 2658
f 2711 2712 2658
f 2658 2712 2659
f 2712 2713 2659
f 2659 2713 2660
f 2713 2714 2660
f 2660 2714 2661
f 2714 2715 2661
f 2661 2715 2662
f 2715 2716 2662
f 2662 2716 2663
f 2716 2717 2663
f 2663 2717 2664
f 2717 2718 2664
f 2664 2718 2665
f 2718 2719 2665
f 2665 2719 2666
f 2719 2720 2666
f 2666 2720 2667
f 2720 2721 2667
f 2667 2721 2668
f 2721 2722 2668
f 2668 2722 2669
f 2722 2723 2669
f 2669 2723 2670
f 2723 2724 2670
f 2670 2724 2671
f 2724 2725 2671
f 2671 2725 2672
f 2725 2726 2672
f 2672 2726 2673
f 2726 2727 2673
f 2673 2727 2674
f 2727 2728 2674
f 2674 2728 2675
f 2728 2729 2675
f 2675 2729 2676
f 2729 2730 2676
f 2731 2732 2733
f 2731 2730 2732
f 2731 2677 2730
f 2677 2676 2730
f 2678 2731 2733
f 2678 2733 2679
f 2679 2733 2734
f 2677 2731 2678
f 2679 2734 2680
f 2734 2735 2680
f 2680 2735 2681
f 2735 2736 2681
f 2682 2737 2738
f 2683 2682 2738
f 2738 2684 2683
f 2739 2684 2738
f 2684 2739 2740
f 2685 2684 2740
f 2740 2686 2685
f 2741 2686 2740
f 2686 2741 2687
f 2741 2742 2687
f 2687 2742 2743
f 2688 2687 2743
f 2743 2689 2688
f 2744 2689 2743
f 2689 2744 2690
f 2744 2745 2690
f 2690 2745 2691
f 2745 2746 2691
f 2691 2746 2692
f 2746 2747 2692
f 2692 2747 2693
f 2747 2748 2693
f 2693 2748 2694
f 2748 2749 2694
f 2694 2749 2695
f 2749 2750 2695
f 2695 2750 2696
f 2750 2751 2696
f 2696 2751 2697
f 2751 2752 2697
f 2697 2752 2698
f 2752 2753 2698
f 2698 2753 2699
f 2753 2754 2699
f 2699 2754 2700
f 2754 2755 2700
f 2700 2755 2701
f 2755 2756 2701
f 2701 2756 2702
f 2756 2757 2702
f 2702 2757 2703
f 2757 2758 2703
f 2703 2758 2704
f 2758 2759 2704
f 2704 2759 2705
f 2759 2760 2705
f 2705 2760 2706
f 2760 2761 2706
f 2706 2761 2707
f 2761 2762 2707
f 2707 2762 2708
f 2762 2763 2708
f 2708 2763 2709
f 2763 2764 2709
f 2709 2764 2710
f 2764 2765 2710
f 2710 2765 2711
f 2765 2766 2711
f 2711 2766 2712
f 2766 2767 2712
f 2712 2767 2713
f 2767 2768 2713
f 2713 2768 2714
f 2768 2769 2714
f 2714 2769 2715
f 2769 2770 2715
f 2715 2770 2716
f 2770 2771 2716
f 2716 2771 2717
f 2771 2772 2717
f 2717 2772 2718
f 2772 2773 2718
f 2718 2773 2719
f 2773 2774 2719
f 2719 2774 2720
f 2774 2775 2720
f 2720 2775 2721
f 2775 2776 2721
f 2721 2776 2722
f 2776 2777 2722
f 2722 2777 2723
f 2777 2778 2723
f 2723 2778 2724
f 2778 2779 2724
f 2724 2779 2725
f 2779 2780 2725
f 2725 2780 2726
f 2780 2781 2726
f 2726 2781 2727
f 2781 2782 2727
f 2727 2782 2728
f 2782 2783 2728
f 2728 2783 2729
f 2783 2784 2729
f 2729 2784 2730
f 2784 2785 2730
f 2732 2786 2787
f 2733 2732 2787
f 2785 2732 2730
f 2786 2732 2785
f 2733 2787 2734
f 2787 2788 2734
f 2734 2788 2735
f 2788 2789 2735
f 2790 2791 2792
f 2790 2789 2791
f 2790 2736 2789
f 2736 2735 2789
f 2737 2793 2794
f 2737 2794 2738
f 2738 2794 2795
f 2795 2739 2738
f 2796 2739 2795
f 2739 2796 2797
f 2740 2739 2797
f 2797 2741 2740
f 2798 2741 2797
f 2741 2798 2742
f 2798 2799 2742
f 2800 2743 2742
f 2800 2742 2801
f 2801 2742 2799
f 2743 2800 2744
f 2800 2801 2802
f 2802 2744 2800
f 2802 2803 2744
f 2803 2745 2744
f 2745 2803 2746
f 2803 2804 2746
f 2746 2804 2747
f 2804 2805 2747
f 2747 2805 2748
f 2805 2806 2748
f 2748 2806 2749
f 2806 2807 2749
f 2749 2807 2750
f 2807 2808 2750
f 2750 2808 2751
f 2808 2809 2751
f 2751 2809 2752
f 2809 2810 2752
f 2752 2810 2753
f 2810 2811 2753
f 2753 2811 2754
f 2811 2812 2754
f 2754 2812 2755
f 2812 2813 2755
f 2755 2813 2756
f 2813 2814 2756
f 2756 2814 2757
f 2814 2815 2757
f 2757 2815 2758
f 2815 2816 2758
f 2758 2816 2759
f 2816 2817 2759
f 2759 2817 2760
f 2817 2818 2760
f 2760 2818 2761
f 2818 2819 2761
f 2761 2819 2762
f 2819 2820 2762
f 2762 2820 2763
f 2820 2821 2763
f 2763 2821 2764
f 2821 2822 2764
f 2764 2822 2765
f 2822 2823 2765
f 2765 2823 2766
f 2823 2824 2766
f 2766 2824 2767
f 2824 2825 2767
f 2767 2825 2768
f 2825 2826 2768
f 2768 2826 2769
f 2826 2827 2769
f 2769 2827 2770
f 2827 2828 2770
f 2770 2828 2771
f 2828 2829 2771
f 2771 2829 2772
f 2829 2830 2772
f 2772 2830 2773
f 2830 2831 2773
f 2773 2831 2774
f 2831 2832 2774
f 2774 2832 2775
f 2832 2833 2775
f 2775 2833 2776
f 2833 2834 2776
f 2776 2834 2777
f 2834 2835 2777
f 2777 2835 2778
f 2835 2836 2778
f 2778 2836 2779
f 2836 2837 2779
f 2779 2837 2780
f 2837 2838 2780
f 2780 2838 2781
f 2838 2839 2781
f 2781 2839 2782
f 2839 2840 2782
f 2782 2840 2783
f 2840 2841 2783
f 2783 2841 2784
f 2841 2842 2784
f 2784 2842 2785
f 2842 2843 2785
f 2786 2844 2845
f 2787 2786 2845
f 2843 2786 2785
f 2844 2786 2843
f 2787 2845 2788
f 2845 2846 2788
f 2847 2848 2849
f 2847 2846 2848
f 2847 2789 2846
f 2789 2788 2846
f 2791 2847 2849
f 2791 2849 2792
f 2792 2849 2850
f 2789 2847 2791
f 2852 2851 2853
f 2852 2795 2851
f 2795 2794 2851
f 2795 2852 2796
f 2852 2853 2854
f 2855 2854 2856
f 2797 2854 2855
f 2797 2852 2854
f 2797 2796 2852
f 2797 2855 2798
f 2855 2856 2857
f 2857 2798 2855
f 2857 2858 2798
f 2858 2799 2798
f 2799 2858 2801
f 2858 2859 2801
f 2860 2802 2801
f 2860 2801 2861
f 2861 2801 2859
f 2802 2860 2803
f 2862 2860 2861
f 2863 2862 2861
f 2803 2862 2804
f 2860 2862 2803
f 2862 2863 2864
f 2864 2804 2862
f 2864 2865 2804
f 2865 2805 2804
f 2805 2865 2806
f 2865 2866 2806
f 2806 2866 2807
f 2866 2867 2807
f 2807 2867 2808
f 2867 2868 2808
f 2808 2868 2809
f 2868 2869 2809
f 2809 2869 2810
f 2869 2870 2810
f 2810 2870 2811
f 2870 2871 2811
f 2811 2871 2812
f 2871 2872 2812
f 2812 2872 2813
f 2872 2873 2813
f 2813 2873 2814
f 2873 2874 2814
f 2814 2874 2815
f 2874 2875 2815
f 2815 2875 2816
f 2875 2876 2816
f 2816 2876 2817
f 2876 2877 2817
f 2817 2877 2818
f 2877 2878 2818
f 2818 2878 2819
f 2878 2879 2819
f 2819 2879 2820
f 2879 2880 2820
f 2820 2880 2821
f 2880 2881 2821
f 2821 2881 2822
f 2881 2882 2822
f 2822 2882 2823
f 2882 2883 2823
f 2823 2883 2824
f 2883 2884 2824
f 2824 2884 2825
f 2884 2885 2825
f 2825 2885 2826
f 2885 2886 2826
f 2826 2886 2827
f 2886 2887 2827
f 2827 2887 2828
f 2887 2888 2828
f 2828 2888 2829
f 2888 2889 2829
f 2829 2889 2830
f 2889 2890 2830
f 2830 2890 2831
f 2890 2891 2831
f 2831 2891 2832
f 2891 2892 2832
f 2832 2892 2833
f 2892 2893 2833
f 2833 2893 2834
f 2893 2894 2834
f 2834 2894 2835
f 2894 2895 2835
f 2835 2895 2836
f 2895 2896 2836
f 2836 2896 2837
f 2896 2897 2837
f 2837 2897 2838
f 2897 2898 2838
f 2838 2898 2839
f 2898 2899 2839
f 2900 2901 2902
f 2900 2899 2901
f 2900 2840 2899
f 2840 2839 2899
f 2903 2900 2902
f 2904 2903 2902
f 2840 2903 2841
f 2900 2903 2840
f 2905 2903 2904
f 2906 2905 2904
f 2841 2905 2842
f 2903 2905 2841
f 2907 2905 2906
f 2908 2907 2906
f 2842 2907 2843
f 2905 2907 2842
f 2844 2907 2908
f 2844 2908 2845
f 2845 2908 2909
f 2843 2907 2844
f 2845 2909 2846
f 2909 2910 2846
f 2848 2911 2912
f 2849 2848 2912
f 2910 2848 2846
f 2911 2848 2910
f 2913 2914 2915
f 2913 2912 2914
f 2913 2850 2912
f 2850 2849 2912
f 2916 2853 2851
f 2917 2853 2916
f 2853 2917 2918
f 2854 2853 2918
f 2918 2856 2854
f 2919 2856 2918
f 2920 2857 2856
f 2920 2856 2921
f 2921 2856 2919
f 2857 2920 2858
f 2920 2921 2922
f 2922 2858 2920
f 2922 2923 2858
f 2923 2859 2858
f 2859 2923 2861
f 2923 2924 2861
f 2861 2924 2863
f 2924 2925 2863
f 2926 2864 2863
f 2926 2863 2927
f 2927 2863 2925
f 2864 2926 2865
f 2928 2926 2927
f 2929 2928 2927
f 2865 2928 2866
f 2926 2928 2865
f 2930 2928 2929
f 2931 2930 2929
f 2866 2930 2867
f 2928 2930 2866
f 2932 2930 2931
f 2933 2932 2931
f 2867 2932 2868
f 2930 2932 2867
f 2934 2932 2933
f 2935 2934 2933
f 2868 2934 2869
f 2932 2934 2868
f 2936 2934 2935
f 2937 2936 2935
f 2869 2936 2870
f 2934 2936 2869
f 2938 2936 2937
f 2939 2938 2937
f 2870 2938 2871
f 2936 2938 2870
f 2940 2938 2939
f 2941 2940 2939
f 2871 2940 2872
f 2938 2940 2871
f 2942 2940 2941
f 2943 2942 2941
f 2872 2942 2873
f 2940 2942 2872
f 2944 2942 2943
f 2945 2944 2943
f 2873 2944 2874
f 2942 2944 2873
f 2946 2944 2945
f 2947 2946 2945
f 2874 2946 2875
f 2944 2946 2874
f 2948 2946 2947
f 2949 2948 2947
f 2875 2948 2876
f 2946 2948 2875
f 2950 2948 2949
f 2951 2950 2949
f 2876 2950 2877
f 2948 2950 2876
f 2952 2950 2951
f 2953 2952 2951
f 2877 2952 2878
f 2950 2952 2877
f 2954 2952 2953
f 2955 2954 2953
f 2878 2954 2879
f 2952 2954 2878
f 2956 2954 2955
f 2957 2956 2955
f 2879 2956 2880
f 2954 2956 2879
f 2958 2956 2957
f 2959 2958 2957
f 2880 2958 2881
f 2956 2958 2880
f 2960 2958 2959
f 2961 2960 2959
f 2881 2960 2882
f 2958 2960 2881
f 2962 2960 2961
f 2963 2962 2961
f 2882 2962 2883
f 2960 2962 2882
f 2964 2962 2963
f 2965 2964 2963
f 2883 2964 2884
f 2962 2964 2883
f 2966 2964 2965
f 2967 2966 2965
f 2884 2966 2885
f 2964 2966 2884
f 2968 2966 2967
f 2969 2968 2967
f 2885 2968 2886
f 2966 2968 2885
f 2970 2968 2969
f 2971 2970 2969
f 2886 2970 2887
f 2968 2970 2886
f 2972 2970 2971
f 2973 2972 2971
f 2887 2972 2888
f 2970 2972 2887
f 2974 2972 2973
f 2975 2974 2973
f 2888 2974 2889
f 2972 2974 2888
f 2976 2974 2975
f 2977 2976 2975
f 2889 2976 2890
f 2974 2976 2889
f 2978 2976 2977
f 2979 2978 2977
f 2890 2978 2891
f 2976 2978 2890
f 2980 2978 2979
f 2981 2980 2979
f 2891 2980 2892
f 2978 2980 2891
f 2982 2980 2981
f 2983 2982 2981
f 2892 2982 2893
f 2980 2982 2892
f 2984 2982 2983
f 2985 2984 2983
f 2893 2984 2894
f 2982 2984 2893
f 2986 2984 2985
f 2987 2986 2985
f 2894 2986 2895
f 2984 2986 2894
f 2988 2986 2987
f 2989 2988 2987
f 2895 2988 2896
f 2986 2988 2895
f 2990 2988 2989
f 2991 2990 2989
f 2896 2990 2897
f 2988 2990 2896
f 2992 2990 2991
f 2993 2992 2991
f 2897 2992 2898
f 2990 2992 2897
f 2994 2992 2993
f 2995 2994 2993
f 2898 2994 2899
f 2992 2994 2898
f 2901 2994 2995
f 2901 2995 2902
f 2902 2995 2996
f 2899 2994 2901
f 2902 2996 2904
f 2996 2997 2904
f 2904 2997 2906
f 2997 2998 2906
f 2906 2998 2908
f 2998 2999 2908
f 3000 3001 3002
f 3000 2999 3001
f 3000 2909 2999
f 2909 2908 2999
f 3003 3000 3002
f 3004 3003 3002
f 2909 3003 2910
f 3000 3003 2909
f 2911 3003 3004
f 2911 3004 2912
f 2910 3003 2911

