# https://github.com/mikedh/trimesh
v -0.93140078 -0.21051221 -0.05894941
v -0.93151772 -0.20828794 -0.05894941
v -0.93140078 -0.20828794 -0.05876904
v -0.93142515 -0.20042801 -0.05894941
v -0.93140078 -0.20042801 -0.05891440
v -0.93140078 -0.20022677 -0.05894941
v -0.93108445 -0.21614785 -0.05894941
v -0.92510140 -0.20828794 -0.05108950
v -0.92354083 -0.20442855 -0.05108950
v -0.92354083 -0.20042801 -0.05247328
v -0.93019700 -0.19256809 -0.05894941
v -0.92354083 -0.19256809 -0.05380208
v -0.92354083 -0.20026623 0.01178988
v -0.92354083 -0.19256809 0.01350972
v -0.92798650 -0.18470818 -0.05894941
v -0.92354083 -0.18470818 -0.05464436
v -0.92354083 -0.18470818 0.01501272
v -0.92458540 -0.17684825 -0.05894941
v -0.92354083 -0.17684825 -0.05759969
v -0.92354083 -0.17684825 0.01860795
v -0.92354083 -0.17518885 -0.05894941
v -0.92131579 -0.20042801 -0.05108950
v -0.91568094 -0.19315079 -0.05108950
v -0.91568094 -0.19256809 -0.05134975
v -0.91568094 -0.19715990 0.00392996
v -0.91951448 -0.19256809 0.01178988
v -0.91568094 -0.19256809 0.00920617
v -0.91568094 -0.18470818 -0.05291745
v -0.91568094 -0.18640420 0.01178988
v -0.91568094 -0.18470818 0.01218854
v -0.91568094 -0.17684825 -0.05355448
v -0.91568094 -0.17684825 0.01324431
v -0.91866624 -0.16898833 -0.05894941
v -0.91568094 -0.16898833 -0.05615780
v -0.91568094 -0.16898833 0.01650864
v -0.91568094 -0.16580069 -0.05894941
v -0.91524702 -0.19256809 -0.05108950
v -0.91176659 -0.19256809 0.00392996
v -0.90977645 -0.18470818 -0.05108950
v -0.90782100 -0.18809442 0.00392996
v -0.91449153 -0.18470818 0.01178988
v -0.90782100 -0.18470818 0.00787887
v -0.90782100 -0.18244144 -0.05108950
v -0.90782100 -0.17684825 -0.05259213
v -0.90782100 -0.17712025 0.01178988
v -0.90782100 -0.17684825 0.01187048
v -0.90782100 -0.16898833 -0.05364712
v -0.90782100 -0.16898833 0.01335129
v -0.91045403 -0.16112840 -0.05894941
v -0.90782100 -0.16112840 -0.05682445
v -0.90782100 -0.16112840 0.01771433
v -0.90782100 -0.15910490 -0.05894941
v -0.90474260 -0.18470818 0.00392996
v -0.90325099 -0.17684825 -0.05108950
v -0.89996111 -0.17979746 0.00392996
v -0.90753669 -0.17684825 0.01178988
v -0.89996111 -0.17684825 0.00783258
v -0.89996111 -0.17391978 -0.05108950
v -0.89996111 -0.16898833 -0.05292561
v -0.89996111 -0.17097934 0.01178988
v -0.89996111 -0.16898833 0.01249809
v -0.89996111 -0.16112840 -0.05414125
v -0.89996111 -0.16112840 0.01447158
v -0.89996111 -0.15424953 -0.05894941
v -0.89685947 -0.17684825 0.00392996
v -0.89253426 -0.16898833 -0.05108950
v -0.89210117 -0.17287590 0.00392996
v -0.89632756 -0.16898833 0.01178988
v -0.89210117 -0.16898833 0.01013589
v -0.89210117 -0.16864868 -0.05108950
v -0.89210117 -0.16112840 -0.05345301
v -0.89210117 -0.16652028 0.01178988
v -0.89210117 -0.16112840 0.01360411
v -0.89801317 -0.15326849 -0.05894941
v -0.89210117 -0.15326849 -0.05627887
v -0.89210117 -0.15326849 0.01713337
v -0.89210117 -0.15108354 -0.05894941
v -0.88499904 -0.16898833 0.00392996
v -0.88424122 -0.16409890 -0.05108950
v -0.88424122 -0.16112840 -0.05280370
v -0.88424122 -0.16862972 0.00392996
v -0.88424122 -0.16353911 0.01178988
v -0.88424122 -0.16112840 0.01312845
v -0.88424122 -0.15326849 -0.05474967
v -0.88424122 -0.15326849 0.01537636
v -0.88424122 -0.14921708 -0.05894941
v -0.87638134 -0.16247483 -0.05108950
v -0.87638134 -0.16112840 -0.05211498
v -0.87638134 -0.16281401 0.01178988
v -0.87638134 -0.16112840 0.01296571
v -0.87638134 -0.15326849 -0.05434177
v -0.87638134 -0.15326849 0.01460471
v -0.87638134 -0.14799958 -0.05894941
v -0.86852139 -0.16237576 -0.05108950
v -0.86852139 -0.16112840 -0.05212715
v -0.86852139 -0.16294347 0.01178988
v -0.86852139 -0.16112840 0.01314069
v -0.86852139 -0.15326849 -0.05425992
v -0.86852139 -0.15326849 0.01436700
v -0.86852139 -0.14668512 -0.05894941
v -0.86066151 -0.16293016 -0.05108950
v -0.86066151 -0.16112840 -0.05241007
v -0.86066151 -0.16329667 0.01178988
v -0.86066151 -0.16112840 0.01329156
v -0.86066151 -0.15326849 -0.05398647
v -0.86066151 -0.15326849 0.01419814
v -0.86377406 -0.14540856 -0.05894941
v -0.86066151 -0.14540856 -0.05811235
v -0.86066151 -0.14540856 0.01862834
v -0.86066151 -0.14477615 -0.05894941
v -0.86066151 -0.14470725 0.01964981
v -0.86066151 -0.14400403 0.02750973
v -0.86066151 -0.14419387 0.03536965
v -0.86066151 -0.14405026 0.04322957
v -0.86066151 -0.14521852 0.05108950
v -0.85280156 -0.16437876 -0.05108950
v -0.85280156 -0.16112840 -0.05279536
v -0.85280156 -0.16429542 0.01178988
v -0.85280156 -0.16112840 0.01349689
v -0.85280156 -0.15326849 -0.05363339
v -0.85280156 -0.15326849 0.01395719
v -0.85280156 -0.14540856 -0.05538573
v -0.85280156 -0.14540856 0.01529588
v -0.85280156 -0.14194418 -0.09038910
v -0.85280156 -0.14078556 -0.08252918
v -0.85280156 -0.14088397 -0.07466926
v -0.85280156 -0.14071624 -0.06680934
v -0.85280156 -0.14157437 -0.05894941
v -0.85280156 -0.14066371 0.01964981
v -0.85280156 -0.13975924 0.02750973
v -0.85280156 -0.13992780 0.03536965
v -0.85280156 -0.13986616 0.04322957
v -0.85280156 -0.14168116 0.05108950
v -0.84525234 -0.16898833 -0.05108950
v -0.84494162 -0.16914928 -0.05108950
v -0.84494162 -0.16898833 -0.05120019
v -0.85258549 -0.16898833 0.00392996
v -0.84494162 -0.16898833 0.01097890
v -0.84494162 -0.16112840 -0.05317189
v -0.84494162 -0.16776328 0.01178988
v -0.84494162 -0.16112840 0.01372044
v -0.84494162 -0.15326849 -0.05352689
v -0.84494162 -0.15326849 0.01381075
v -0.84494162 -0.14540856 -0.05396578
v -0.84494162 -0.14540856 0.01385009
v -0.84656948 -0.13754864 -0.09038910
v -0.84791017 -0.13754864 -0.08252918
v -0.84793836 -0.13754864 -0.07466926
v -0.84811574 -0.13754864 -0.06680934
v -0.84709901 -0.13754864 -0.05894941
v -0.84494162 -0.13754864 -0.05723432
v -0.84873068 -0.13754864 0.01964981
v -0.84494162 -0.13754864 0.01637456
v -0.84962028 -0.13754864 0.02750973
v -0.84948975 -0.13754864 0.03536965
v -0.84956712 -0.13754864 0.04322957
v -0.84743458 -0.13754864 0.05108950
v -0.84494162 -0.13638043 -0.09038910
v -0.84494162 -0.13529977 -0.08252918
v -0.84494162 -0.13520029 -0.07466926
v -0.84494162 -0.13513637 -0.06680934
v -0.84494162 -0.13599449 -0.05894941
v -0.84494162 -0.13477220 0.01964981
v -0.84494162 -0.13406704 0.02750973
v -0.84494162 -0.13402891 0.03536965
v -0.84494162 -0.13402393 0.04322957
v -0.84494162 -0.13572991 0.05108950
v -0.83708173 -0.17467093 -0.05108950
v -0.83708173 -0.16898833 -0.05293125
v -0.84333050 -0.16898833 0.01178988
v -0.83708173 -0.17306694 0.01178988
v -0.83708173 -0.16898833 0.01321996
v -0.83708173 -0.16112840 -0.05339035
v -0.83708173 -0.16112840 0.01385825
v -0.83708173 -0.15326849 -0.05352209
v -0.83708173 -0.15326849 0.01378341
v -0.83708173 -0.14540856 -0.05374235
v -0.83708173 -0.14540856 0.01367715
v -0.83708173 -0.13754864 -0.05421734
v -0.83708173 -0.13754864 0.01391270
v -0.83708173 -0.13037743 -0.09038910
v -0.83734685 -0.12968871 -0.08252918
v -0.83708173 -0.12968871 -0.08455191
v -0.83746552 -0.12968871 -0.07466926
v -0.83760726 -0.12968871 -0.06680934
v -0.83708173 -0.12968871 -0.06052737
v -0.83708173 -0.12981057 -0.05894941
v -0.83806646 -0.12968871 0.01964981
v -0.83708173 -0.12968871 0.01860555
v -0.83870816 -0.12968871 0.02750973
v -0.83880645 -0.12968871 0.03536965
v -0.83878666 -0.12968871 0.04322957
v -0.83708173 -0.12968871 0.05029110
v -0.83708173 -0.12990573 0.05108950
v -0.83708173 -0.12949130 -0.08252918
v -0.83708173 -0.12940699 -0.07466926
v -0.83708173 -0.12929432 -0.06680934
v -0.83708173 -0.12894759 0.01964981
v -0.83708173 -0.12848969 0.02750973
v -0.83708173 -0.12843266 0.03536965
v -0.83708173 -0.12842126 0.04322957
v -0.82940239 -0.18470818 -0.05108950
v -0.82922179 -0.18504062 -0.05108950
v -0.82922179 -0.18470818 -0.05122760
v -0.82940239 -0.18470818 0.01178988
v -0.82922179 -0.18470818 0.01192313
v -0.83498049 -0.17684825 -0.05108950
v -0.82922179 -0.17684825 -0.05307594
v -0.83350760 -0.17684825 0.01178988
v -0.82922179 -0.17684825 0.01335729
v -0.82922179 -0.16898833 -0.05338069
v -0.82922179 -0.16898833 0.01382730
v -0.82922179 -0.16112840 -0.05339406
v -0.82922179 -0.16112840 0.01379684
v -0.82922179 -0.15326849 -0.05342998
v -0.82922179 -0.15326849 0.01372092
v -0.82922179 -0.14540856 -0.05358692
v -0.82922179 -0.14540856 0.01366024
v -0.82922179 -0.13754864 -0.05371806
v -0.82922179 -0.13754864 0.01370485
v -0.83624393 -0.12968871 -0.09038910
v -0.83694273 -0.12968871 -0.05894941
v -0.82922179 -0.12968871 -0.05446033
v -0.82922179 -0.12968871 0.01427621
v -0.83682382 -0.12968871 0.05108950
v -0.82922179 -0.12436520 -0.09038910
v -0.82922179 -0.12335416 -0.08252918
v -0.82922179 -0.12336250 -0.07466926
v -0.82922179 -0.12312887 -0.06680934
v -0.82922179 -0.12363084 -0.05894941
v -0.82922179 -0.12283737 0.01964981
v -0.82922179 -0.12252722 0.02750973
v -0.82922179 -0.12262629 0.03536965
v -0.82922179 -0.12249874 0.04322957
v -0.82922179 -0.12422601 0.05108950
v -0.82136184 -0.23972763 -0.05336954
v -0.82483798 -0.23186770 -0.05108950
v -0.82136184 -0.23186770 -0.05372328
v -0.82136184 -0.22400779 -0.09534671
v -0.82337040 -0.22400779 -0.05108950
v -0.82136184 -0.22400779 -0.05320211
v -0.82136184 -0.22400779 0.01337983
v -0.82216781 -0.21614785 -0.05108950
v -0.82136184 -0.21614785 -0.05190066
v -0.82170236 -0.20828794 -0.05108950
v -0.82136184 -0.20828794 -0.05140546
v -0.82136184 -0.20828794 0.01238211
v -0.82244200 -0.20042801 -0.05108950
v -0.82136184 -0.20042801 -0.05195913
v -0.82136184 -0.20042801 0.01326194
v -0.82454962 -0.19256809 -0.05108950
v -0.82136184 -0.19256809 -0.05298899
v -0.82136184 -0.19256809 0.01388847
v -0.82136184 -0.18470818 -0.05354434
v -0.82136184 -0.18470818 0.01407436
v -0.82136184 -0.17684825 -0.05347460
v -0.82136184 -0.17684825 0.01401944
v -0.82136184 -0.16898833 -0.05331653
v -0.82136184 -0.16898833 0.01384661
v -0.82136184 -0.16112840 -0.05329740
v -0.82136184 -0.16112840 0.01371253
v -0.82136184 -0.15326849 -0.05331785
v -0.82136184 -0.15326849 0.01365832
v -0.82136184 -0.14540856 -0.05341433
v -0.82136184 -0.14540856 0.01364033
v -0.82136184 -0.13754864 -0.05351742
v -0.82136184 -0.13754864 0.01363553
v -0.82136184 -0.12968871 -0.05364017
v -0.82136184 -0.12968871 0.01372620
v -0.82594430 -0.12182879 -0.09038910
v -0.82714486 -0.12182879 -0.08252918
v -0.82716000 -0.12182879 -0.07466926
v -0.82744765 -0.12182879 -0.06680934
v -0.82700783 -0.12182879 -0.05894941
v -0.82136184 -0.12182879 -0.05507145
v -0.82793820 -0.12182879 0.01964981
v -0.82136184 -0.12182879 0.01501980
v -0.82824779 -0.12182879 0.02750973
v -0.82813358 -0.12182879 0.03536965
v -0.82831258 -0.12182879 0.04322957
v -0.82631755 -0.12182879 0.05108950
v -0.82136184 -0.11856038 -0.09038910
v -0.82136184 -0.11757531 -0.08252918
v -0.82136184 -0.11755534 -0.07466926
v -0.82136184 -0.11734042 -0.06680934
v -0.82136184 -0.11770208 -0.05894941
v -0.82136184 -0.11707310 0.01964981
v -0.82136184 -0.11669974 0.02750973
v -0.82136184 -0.11679119 0.03536965
v -0.82136184 -0.11656530 0.04322957
v -0.82136184 -0.11820490 0.05108950
v -0.81350195 -0.25544748 -0.05405603
v -0.81350195 -0.24758755 -0.05583338
v -0.81365740 -0.23972763 -0.05894941
v -0.81350195 -0.24007399 -0.05894941
v -0.81350195 -0.23972763 -0.06016656
v -0.81350195 -0.23939182 -0.09038910
v -0.81616259 -0.23186770 -0.09038910
v -0.81530988 -0.23186770 -0.08252918
v -0.81350195 -0.23744974 -0.08252918
v -0.81527853 -0.23186770 -0.07466926
v -0.81350195 -0.23747127 -0.07466926
v -0.81514472 -0.23186770 -0.06680934
v -0.81350195 -0.23759569 -0.06680934
v -0.81598139 -0.23186770 -0.05894941
v -0.81576210 -0.22400779 -0.09038910
v -0.81461293 -0.22400779 -0.08252918
v -0.81466562 -0.22400779 -0.07466926
v -0.81467944 -0.22400779 -0.06680934
v -0.81549096 -0.22400779 -0.05894941
v -0.81628829 -0.22400779 0.01964981
v -0.81556088 -0.22400779 0.02750973
v -0.81574798 -0.22400779 0.03536965
v -0.81567037 -0.22400779 0.04322957
v -0.81681222 -0.22400779 0.05108950
v -0.81350195 -0.21614785 -0.09339169
v -0.81350195 -0.22076797 -0.09038910
v -0.81350195 -0.22229868 -0.08252918
v -0.81350195 -0.22218306 -0.07466926
v -0.81350195 -0.22207470 -0.06680934
v -0.81350195 -0.22099531 -0.05894941
v -0.81350195 -0.21614785 -0.05585521
v -0.81350195 -0.21614785 0.01615712
v -0.81350195 -0.22038642 0.01964981
v -0.81350195 -0.22137052 0.02750973
v -0.81350195 -0.22116621 0.03536965
v -0.81350195 -0.22111967 0.04322957
v -0.81350195 -0.21960373 0.05108950
v -0.81350195 -0.20828794 -0.05354218
v -0.81350195 -0.20828794 0.01429588
v -0.81350195 -0.20042801 -0.05331719
v -0.81350195 -0.20042801 0.01438247
v -0.81350195 -0.19256809 -0.05338051
v -0.81350195 -0.19256809 0.01431231
v -0.81350195 -0.18470818 -0.05338393
v -0.81350195 -0.18470818 0.01414465
v -0.81350195 -0.17684825 -0.05327431
v -0.81350195 -0.17684825 0.01393764
v -0.81350195 -0.16898833 -0.05322520
v -0.81350195 -0.16898833 0.01375175
v -0.81350195 -0.16112840 -0.05323102
v -0.81350195 -0.16112840 0.01363493
v -0.81350195 -0.15326849 -0.05327857
v -0.81350195 -0.15326849 0.01362210
v -0.81350195 -0.14540856 -0.05334651
v -0.81350195 -0.14540856 0.01363577
v -0.81350195 -0.13754864 -0.05344108
v -0.81350195 -0.13754864 0.01365280
v -0.81350195 -0.12968871 -0.05351010
v -0.81350195 -0.12968871 0.01363589
v -0.81350195 -0.12182879 -0.05366362
v -0.81350195 -0.12182879 0.01378185
v -0.81519133 -0.11396887 -0.09038910
v -0.81646943 -0.11396887 -0.08252918
v -0.81658375 -0.11396887 -0.07466926
v -0.81686956 -0.11396887 -0.06680934
v -0.81639045 -0.11396887 -0.05894941
v -0.81350195 -0.11396887 -0.05650842
v -0.81718731 -0.11396887 0.01964981
v -0.81350195 -0.11396887 0.01651248
v -0.81773496 -0.11396887 0.02750973
v -0.81765771 -0.11396887 0.03536965
v -0.81790060 -0.11396887 0.04322957
v -0.81597328 -0.11396887 0.05108950
v -0.81350195 -0.11275647 -0.09038910
v -0.81350195 -0.11175341 -0.08252918
v -0.81350195 -0.11163917 -0.07466926
v -0.81350195 -0.11140920 -0.06680934
v -0.81350195 -0.11181728 -0.05894941
v -0.81350195 -0.11126271 0.01964981
v -0.81350195 -0.11077776 0.02750973
v -0.81350195 -0.11081110 0.03536965
v -0.81350195 -0.11067510 0.04322957
v -0.81350195 -0.11215915 0.05108950
v -0.80564201 -0.27116731 -0.05416925
v -0.80564201 -0.26330739 -0.05620487
v -0.80564201 -0.25725421 -0.09038910
v -0.80660528 -0.25544748 -0.09038910
v -0.80575526 -0.25544748 -0.08252918
v -0.80564201 -0.25568867 -0.08252918
v -0.80571258 -0.25544748 -0.07466926
v -0.80564201 -0.25559500 -0.07466926
v -0.80585659 -0.25544748 -0.06680934
v -0.80564201 -0.25589806 -0.06680934
v -0.80703211 -0.25544748 -0.05894941
v -0.80564201 -0.25804973 -0.05894941
v -0.81021613 -0.24758755 -0.09038910
v -0.80934751 -0.24758755 -0.08252918
v -0.80945438 -0.24758755 -0.07466926
v -0.80963844 -0.24758755 -0.06680934
v -0.81073594 -0.24758755 -0.05894941
v -0.81339020 -0.23972763 -0.09038910
v -0.81268740 -0.23972763 -0.08252918
v -0.81274122 -0.23972763 -0.07466926
v -0.81286430 -0.23972763 -0.06680934
v -0.80935103 -0.21614785 -0.09038910
v -0.80789065 -0.21614785 -0.08252918
v -0.80816060 -0.21614785 -0.07466926
v -0.80838615 -0.21614785 -0.06680934
v -0.80934757 -0.21614785 -0.05894941
v -0.80890620 -0.21614785 0.01964981
v -0.80791461 -0.21614785 0.02750973
v -0.80794299 -0.21614785 0.03536965
v -0.80813122 -0.21614785 0.04322957
v -0.81018102 -0.21614785 0.05108950
v -0.80564201 -0.20828794 -0.09401144
v -0.80564201 -0.21294487 -0.09038910
v -0.80564201 -0.21422575 -0.08252918
v -0.80564201 -0.21401797 -0.07466926
v -0.80564201 -0.21383286 -0.06680934
v -0.80564201 -0.21319433 -0.05894941
v -0.80564201 -0.20828794 -0.05481071
v -0.80564201 -0.20828794 0.01524875
v -0.80564201 -0.21360505 0.01964981
v -0.80564201 -0.21435055 0.02750973
v -0.80564201 -0.21431901 0.03536965
v -0.80564201 -0.21420117 0.04322957
v -0.80564201 -0.21217749 0.05108950
v -0.80564201 -0.20042801 -0.05331317
v -0.80564201 -0.20042801 0.01422380
v -0.80564201 -0.19256809 -0.05324631
v -0.80564201 -0.19256809 0.01412570
v -0.80564201 -0.18470818 -0.05321746
v -0.80564201 -0.18470818 0.01398609
v -0.80564201 -0.17684825 -0.05317849
v -0.80564201 -0.17684825 0.01380512
v -0.80564201 -0.16898833 -0.05319485
v -0.80564201 -0.16898833 0.01365820
v -0.80564201 -0.16112840 -0.05322070
v -0.80564201 -0.16112840 0.01360027
v -0.80564201 -0.15326849 -0.05327659
v -0.80564201 -0.15326849 0.01363313
v -0.80564201 -0.14540856 -0.05334543
v -0.80564201 -0.14540856 0.01365172
v -0.80564201 -0.13754864 -0.05340965
v -0.80564201 -0.13754864 0.01365748
v -0.80564201 -0.12968871 -0.05346734
v -0.80564201 -0.12968871 0.01362054
v -0.80564201 -0.12182879 -0.05354560
v -0.80564201 -0.12182879 0.01365568
v -0.80564201 -0.11396887 -0.05381851
v -0.80564201 -0.11396887 0.01397134
v -0.80564201 -0.10704269 -0.09038910
v -0.80583227 -0.10610895 -0.08252918
v -0.80564201 -0.10610895 -0.08384173
v -0.80606246 -0.10610895 -0.07466926
v -0.80634785 -0.10610895 -0.06680934
v -0.80609989 -0.10610895 -0.05894941
v -0.80564201 -0.10610895 -0.05848629
v -0.80678713 -0.10610895 0.01964981
v -0.80564201 -0.10610895 0.01848526
v -0.80740660 -0.10610895 0.02750973
v -0.80738938 -0.10610895 0.03536965
v -0.80751151 -0.10610895 0.04322957
v -0.80564201 -0.10610895 0.05083955
v -0.80564201 -0.10619506 0.05108950
v -0.80564201 -0.10596988 -0.08252918
v -0.80564201 -0.10579833 -0.07466926
v -0.80564201 -0.10557836 -0.06680934
v -0.80564201 -0.10576486 -0.05894941
v -0.80564201 -0.10520777 0.01964981
v -0.80564201 -0.10471467 0.02750973
v -0.80564201 -0.10474579 0.03536965
v -0.80564201 -0.10465302 0.04322957
v -0.79778212 -0.28688717 -0.05419444
v -0.79778212 -0.27902722 -0.05612877
v -0.79778212 -0.27354020 -0.09038910
v -0.79904699 -0.27116731 -0.09038910
v -0.79822910 -0.27116731 -0.08252918
v -0.79778212 -0.27211234 -0.08252918
v -0.79807681 -0.27116731 -0.07466926
v -0.79778212 -0.27178401 -0.07466926
v -0.79806471 -0.27116731 -0.06680934
v -0.79778212 -0.27175260 -0.06680934
v -0.79917169 -0.27116731 -0.05894941
v -0.79778212 -0.27367038 -0.05894941
v -0.80283707 -0.26330739 -0.09038910
v -0.80198574 -0.26330739 -0.08252918
v -0.80191153 -0.26330739 -0.07466926
v -0.80200893 -0.26330739 -0.06680934
v -0.80315477 -0.26330739 -0.05894941
v -0.79981160 -0.20828794 -0.09038910
v -0.79863065 -0.20828794 -0.08252918
v -0.79868877 -0.20828794 -0.07466926
v -0.79883844 -0.20828794 -0.06680934
v -0.79952186 -0.20828794 -0.05894941
v -0.79855537 -0.20828794 0.01964981
v -0.79792023 -0.20828794 0.02750973
v -0.79802370 -0.20828794 0.03536965
v -0.79822916 -0.20828794 0.04322957
v -0.80065387 -0.20828794 0.05108950
v -0.79778212 -0.20042801 -0.09473889
v -0.79778212 -0.20665067 -0.09038910
v -0.79778212 -0.20763202 -0.08252918
v -0.79778212 -0.20759167 -0.07466926
v -0.79778212 -0.20749441 -0.06680934
v -0.79778212 -0.20686619 -0.05894941
v -0.79778212 -0.20042801 -0.05411444
v -0.79778212 -0.20042801 0.01452807
v -0.79778212 -0.20767958 0.01964981
v -0.79778212 -0.20818852 0.02750973
v -0.79778212 -0.20811242 0.03536965
v -0.79778212 -0.20795248 0.04322957
v -0.79778212 -0.20578931 0.05108950
v -0.79778212 -0.19256809 -0.09539834
v -0.79778212 -0.19256809 -0.05329086
v -0.79778212 -0.19256809 0.01399785
v -0.79778212 -0.18470818 -0.05320709
v -0.79778212 -0.18470818 0.01383978
v -0.79778212 -0.17684825 -0.05319018
v -0.79778212 -0.17684825 0.01369046
v -0.79778212 -0.16898833 -0.05322970
v -0.79778212 -0.16898833 0.01360843
v -0.79778212 -0.16112840 -0.05327047
v -0.79778212 -0.16112840 0.01358156
v -0.79778212 -0.15326849 -0.05333356
v -0.79778212 -0.15326849 0.01362246
v -0.79778212 -0.14540856 -0.05338591
v -0.79778212 -0.14540856 0.01366299
v -0.79778212 -0.13754864 -0.05344258
v -0.79778212 -0.13754864 0.01368302
v -0.79778212 -0.12968871 -0.05350200
v -0.79778212 -0.12968871 0.01363205
v -0.79778212 -0.12182879 -0.05353409
v -0.79778212 -0.12182879 0.01363673
v -0.79778212 -0.11396887 -0.05356431
v -0.79778212 -0.11396887 0.01369490
v -0.80450344 -0.10610895 -0.09038910
v -0.79778212 -0.10610895 -0.05422454
v -0.79778212 -0.10610895 0.01433762
v -0.80554259 -0.10610895 0.05108950
v -0.79778212 -0.10131877 -0.09038910
v -0.79778212 -0.09992461 -0.08252918
v -0.79778212 -0.09975418 -0.07466926
v -0.79778212 -0.09944230 -0.06680934
v -0.79778212 -0.09972594 -0.05894941
v -0.79778212 -0.09891243 0.01964981
v -0.79778212 -0.09847588 0.02750973
v -0.79778212 -0.09857225 0.03536965
v -0.79778212 -0.09854142 0.04322957
v -0.79778212 -0.10060733 0.05108950
v -0.78992218 -0.30260700 -0.05418880
v -0.78992218 -0.29474708 -0.05632007
v -0.78992218 -0.29017901 -0.09038910
v -0.79161698 -0.28688717 -0.09038910
v -0.79068708 -0.28688717 -0.08252918
v -0.78992218 -0.28851339 -0.08252918
v -0.79046088 -0.28688717 -0.07466926
v -0.78992218 -0.28802875 -0.07466926
v -0.79039168 -0.28688717 -0.06680934
v -0.78992218 -0.28788537 -0.06680934
v -0.79142636 -0.28688717 -0.05894941
v -0.78992218 -0.28971457 -0.05894941
v -0.79529077 -0.27902722 -0.09038910
v -0.79443085 -0.27902722 -0.08252918
v -0.79427612 -0.27902722 -0.07466926
v -0.79423892 -0.27902722 -0.06680934
v -0.79528028 -0.27902722 -0.05894941
v -0.78992218 -0.20042801 -0.09086920
v -0.78992218 -0.20081726 -0.09038910
v -0.78992218 -0.20157331 -0.08252918
v -0.78992218 -0.20157428 -0.07466926
v -0.78992218 -0.20146556 -0.06680934
v -0.78992218 -0.20082061 -0.05894941
v -0.78992218 -0.20042801 -0.05843502
v -0.78992218 -0.20042801 0.01801272
v -0.78992218 -0.20175700 0.01964981
v -0.78992218 -0.20242880 0.02750973
v -0.78992218 -0.20234874 0.03536965
v -0.78992218 -0.20217358 0.04322957
v -0.79024327 -0.20042801 0.05108950
v -0.78992218 -0.20042801 0.05039568
v -0.78992218 -0.19256809 -0.09526768
v -0.78992218 -0.19256809 -0.05371710
v -0.78992218 -0.19256809 0.01405146
v -0.78992218 -0.20014623 0.05108950
v -0.78992218 -0.18470818 -0.05327575
v -0.78992218 -0.18470818 0.01372404
v -0.78992218 -0.17684825 -0.05326556
v -0.78992218 -0.17684825 0.01359691
v -0.78992218 -0.16898833 -0.05328864
v -0.78992218 -0.16898833 0.01355338
v -0.78992218 -0.16112840 -0.05331131
v -0.78992218 -0.16112840 0.01359655
v -0.78992218 -0.15326849 -0.05337104
v -0.78992218 -0.15326849 0.01363505
v -0.78992218 -0.14540856 -0.05342141
v -0.78992218 -0.14540856 0.01368314
v -0.78992218 -0.13754864 -0.05347046
v -0.78992218 -0.13754864 0.01368566
v -0.78992218 -0.12968871 -0.05349673
v -0.78992218 -0.12968871 0.01366383
v -0.78992218 -0.12182879 -0.05354278
v -0.78992218 -0.12182879 0.01361382
v -0.78992218 -0.11396887 -0.05357061
v -0.78992218 -0.11396887 0.01363781
v -0.78992218 -0.10610895 -0.05363807
v -0.78992218 -0.10610895 0.01372860
v -0.79388702 -0.09824903 -0.09038910
v -0.79558426 -0.09824903 -0.08252918
v -0.79584438 -0.09824903 -0.07466926
v -0.79624468 -0.09824903 -0.06680934
v -0.79599601 -0.09824903 -0.05894941
v -0.78992218 -0.09824903 -0.05486732
v -0.79699433 -0.09824903 0.01964981
v -0.78992218 -0.09824903 0.01482850
v -0.79749089 -0.09824903 0.02750973
v -0.79736054 -0.09824903 0.03536965
v -0.79740334 -0.09824903 0.04322957
v -0.79504448 -0.09824903 0.05108950
v -0.78992218 -0.09523799 -0.09038910
v -0.78992218 -0.09381600 -0.08252918
v -0.78992218 -0.09358010 -0.07466926
v -0.78992218 -0.09318702 -0.06680934
v -0.78992218 -0.09349998 -0.05894941
v -0.78992218 -0.09269020 0.01964981
v -0.78992218 -0.09220615 0.02750973
v -0.78992218 -0.09233160 0.03536965
v -0.78992218 -0.09223403 0.04322957
v -0.78992218 -0.09430642 0.05108950
v -0.78206223 -0.31832686 -0.05409057
v -0.78206223 -0.31046692 -0.05632330
v -0.78206223 -0.30621266 -0.09038910
v -0.78402048 -0.30260700 -0.09038910
v -0.78295666 -0.30260700 -0.08252918
v -0.78206223 -0.30444035 -0.08252918
v -0.78277802 -0.30260700 -0.07466926
v -0.78206223 -0.30407277 -0.07466926
v -0.78276300 -0.30260700 -0.06680934
v -0.78206223 -0.30404735 -0.06680934
v -0.78377903 -0.30260700 -0.05894941
v -0.78206223 -0.30576926 -0.05894941
v -0.78784293 -0.29474708 -0.09038910
v -0.78688395 -0.29474708 -0.08252918
v -0.78667480 -0.29474708 -0.07466926
v -0.78666043 -0.29474708 -0.06680934
v -0.78763223 -0.29474708 -0.05894941
v -0.78940088 -0.20042801 -0.09038910
v -0.78846353 -0.20042801 -0.08252918
v -0.78846353 -0.20042801 -0.07466926
v -0.78853673 -0.20042801 -0.06680934
v -0.78939104 -0.20042801 -0.05894941
v -0.78815907 -0.20042801 0.01964981
v -0.78735918 -0.20042801 0.02750973
v -0.78747636 -0.20042801 0.03536965
v -0.78768170 -0.20042801 0.04322957
v -0.78206223 -0.19256809 -0.09274099
v -0.78206223 -0.19479597 -0.09038910
v -0.78206223 -0.19571856 -0.08252918
v -0.78206223 -0.19572514 -0.07466926
v -0.78206223 -0.19566853 -0.06680934
v -0.78206223 -0.19476688 -0.05894941
v -0.78206223 -0.19256809 -0.05651352
v -0.78206223 -0.19256809 0.01612630
v -0.78206223 -0.19577911 0.01964981
v -0.78206223 -0.19643365 0.02750973
v -0.78206223 -0.19634196 0.03536965
v -0.78206223 -0.19618617 0.04322957
v -0.78206223 -0.19404411 0.05108950
v -0.78206223 -0.18470818 -0.05349199
v -0.78206223 -0.18470818 0.01370941
v -0.78206223 -0.17684825 -0.05330490
v -0.78206223 -0.17684825 0.01354750
v -0.78206223 -0.16898833 -0.05329842
v -0.78206223 -0.16898833 0.01352843
v -0.78206223 -0.16112840 -0.05335407
v -0.78206223 -0.16112840 0.01356081
v -0.78206223 -0.15326849 -0.05340984
v -0.78206223 -0.15326849 0.01361094
v -0.78206223 -0.14540856 -0.05346495
v -0.78206223 -0.14540856 0.01367547
v -0.78206223 -0.13754864 -0.05351640
v -0.78206223 -0.13754864 0.01368950
v -0.78206223 -0.12968871 -0.05354488
v -0.78206223 -0.12968871 0.01367079
v -0.78206223 -0.12182879 -0.05355082
v -0.78206223 -0.12182879 0.01363265
v -0.78206223 -0.11396887 -0.05356191
v -0.78206223 -0.11396887 0.01360711
v -0.78206223 -0.10610895 -0.05359903
v -0.78206223 -0.10610895 0.01366431
v -0.78206223 -0.09824903 -0.05373911
v -0.78206223 -0.09824903 0.01377477
v -0.78384852 -0.09038910 -0.09038910
v -0.78563684 -0.09038910 -0.08252918
v -0.78597873 -0.09038910 -0.07466926
v -0.78642178 -0.09038910 -0.06680934
v -0.78603417 -0.09038910 -0.05894941
v -0.78206223 -0.09038910 -0.05584981
v -0.78705758 -0.09038910 0.01964981
v -0.78206223 -0.09038910 0.01570209
v -0.78761995 -0.09038910 0.02750973
v -0.78748077 -0.09038910 0.03536965
v -0.78759611 -0.09038910 0.04322957
v -0.78528440 -0.09038910 0.05108950
v -0.78206223 -0.08896520 -0.09038910
v -0.78206223 -0.08753050 -0.08252918
v -0.78206223 -0.08726617 -0.07466926
v -0.78206223 -0.08694799 -0.06680934
v -0.78206223 -0.08731318 -0.05894941
v -0.78206223 -0.08663221 0.01964981
v -0.78206223 -0.08611920 0.02750973
v -0.78206223 -0.08616855 0.03536965
v -0.78206223 -0.08603159 0.04322957
v -0.78206223 -0.08789366 0.05108950
v -0.77420235 -0.33404669 -0.05401843
v -0.77420235 -0.32618678 -0.05628367
v -0.77420235 -0.32170001 -0.09038910
v -0.77602559 -0.31832686 -0.09038910
v -0.77505475 -0.31832686 -0.08252918
v -0.77420235 -0.32006016 -0.08252918
v -0.77490187 -0.31832686 -0.07466926
v -0.77420235 -0.31974003 -0.07466926
v -0.77488732 -0.31832686 -0.06680934
v -0.77420235 -0.31973547 -0.06680934
v -0.77587742 -0.31832686 -0.05894941
v -0.77420235 -0.32144356 -0.05894941
v -0.77999943 -0.31046692 -0.09038910
v -0.77903104 -0.31046692 -0.08252918
v -0.77888465 -0.31046692 -0.07466926
v -0.77888417 -0.31046692 -0.06680934
v -0.77984113 -0.31046692 -0.05894941
v -0.77913564 -0.19256809 -0.09038910
v -0.77795088 -0.19256809 -0.08252918
v -0.77795428 -0.19256809 -0.07466926
v -0.77801466 -0.19256809 -0.06680934
v -0.77912962 -0.19256809 -0.05894941
v -0.77774537 -0.19256809 0.01964981
v -0.77698141 -0.19256809 0.02750973
v -0.77714825 -0.19256809 0.03536965
v -0.77734810 -0.19256809 0.04322957
v -0.78013170 -0.19256809 0.05108950
v -0.77420235 -0.18470818 -0.09404460
v -0.77420235 -0.18874115 -0.09038910
v -0.77420235 -0.18968454 -0.08252918
v -0.77420235 -0.18967088 -0.07466926
v -0.77420235 -0.18962416 -0.06680934
v -0.77420235 -0.18884693 -0.05894941
v -0.77420235 -0.18470818 -0.05506611
v -0.77420235 -0.18470818 0.01474815
v -0.77420235 -0.18989557 0.01964981
v -0.77420235 -0.19043946 0.02750973
v -0.77420235 -0.19027203 0.03536965
v -0.77420235 -0.19009784 0.04322957
v -0.77420235 -0.18772508 0.05108950
v -0.77420235 -0.17684825 -0.05345889
v -0.77420235 -0.17684825 0.01353575
v -0.77420235 -0.16898833 -0.05334411
v -0.77420235 -0.16898833 0.01348801
v -0.77420235 -0.16112840 -0.05335923
v -0.77420235 -0.16112840 0.01351164
v -0.77420235 -0.15326849 -0.05342615
v -0.77420235 -0.15326849 0.01357029
v -0.77420235 -0.14540856 -0.05349229
v -0.77420235 -0.14540856 0.01363841
v -0.77420235 -0.13754864 -0.05353697
v -0.77420235 -0.13754864 0.01367715
v -0.77420235 -0.12968871 -0.05356839
v -0.77420235 -0.12968871 0.01365988
v -0.77420235 -0.12182879 -0.05355681
v -0.77420235 -0.12182879 0.01365748
v -0.77420235 -0.11396887 -0.05356071
v -0.77420235 -0.11396887 0.01361011
v -0.77420235 -0.10610895 -0.05358110
v -0.77420235 -0.10610895 0.01363049
v -0.77420235 -0.09824903 -0.05364640
v -0.77420235 -0.09824903 0.01370053
v -0.77420235 -0.09038910 -0.05388495
v -0.77420235 -0.09038910 0.01390502
v -0.77420235 -0.08253668 -0.09038910
v -0.77571601 -0.08252918 -0.08252918
v -0.77420235 -0.08252918 -0.09035756
v -0.77598506 -0.08252918 -0.07466926
v -0.77635944 -0.08252918 -0.06680934
v -0.77595502 -0.08252918 -0.05894941
v -0.77420235 -0.08252918 -0.05737746
v -0.77674282 -0.08252918 0.01964981
v -0.77420235 -0.08252918 0.01729372
v -0.77745587 -0.08252918 0.02750973
v -0.77744365 -0.08252918 0.03536965
v -0.77761704 -0.08252918 0.04322957
v -0.77544260 -0.08252918 0.05108950
v -0.77420235 -0.08133381 -0.08252918
v -0.77420235 -0.08113029 -0.07466926
v -0.77420235 -0.08086763 -0.06680934
v -0.77420235 -0.08121322 -0.05894941
v -0.77420235 -0.08058435 0.01964981
v -0.77420235 -0.08001029 0.02750973
v -0.77420235 -0.08000609 0.03536965
v -0.77420235 -0.07988880 0.04322957
v -0.77420235 -0.08160120 0.05108950
v -0.76634240 -0.34976652 -0.05396758
v -0.76634240 -0.34190661 -0.05626556
v -0.76634240 -0.33724451 -0.09038910
v -0.76810724 -0.33404669 -0.09038910
v -0.76719248 -0.33404669 -0.08252918
v -0.76634240 -0.33574387 -0.08252918
v -0.76707500 -0.33404669 -0.07466926
v -0.76634240 -0.33551934 -0.07466926
v -0.76708919 -0.33404669 -0.06680934
v -0.76634240 -0.33556461 -0.06680934
v -0.76805544 -0.33404669 -0.05894941
v -0.76634240 -0.33722594 -0.05894941
v -0.77206594 -0.32618678 -0.09038910
v -0.77113777 -0.32618678 -0.08252918
v -0.77099288 -0.32618678 -0.07466926
v -0.77105540 -0.32618678 -0.06680934
v -0.77197021 -0.32618678 -0.05894941
v -0.76870435 -0.18470818 -0.09038910
v -0.76745808 -0.18470818 -0.08252918
v -0.76743782 -0.18470818 -0.07466926
v -0.76750290 -0.18470818 -0.06680934
v -0.76843852 -0.18470818 -0.05894941
v -0.76712197 -0.18470818 0.01964981
v -0.76649594 -0.18470818 0.02750973
v -0.76671886 -0.18470818 0.03536965
v -0.76715529 -0.18470818 0.04322957
v -0.77007765 -0.18470818 0.05108950
v -0.76634240 -0.17684825 -0.09488737
v -0.76634240 -0.18286073 -0.09038910
v -0.76634240 -0.18390216 -0.08252918
v -0.76634240 -0.18391848 -0.07466926
v -0.76634240 -0.18388879 -0.06680934
v -0.76634240 -0.18310659 -0.05894941
v -0.76634240 -0.17684825 -0.05414413
v -0.76634240 -0.17684825 0.01395839
v -0.76634240 -0.18409657 0.01964981
v -0.76634240 -0.18459754 0.02750973
v -0.76634240 -0.18443838 0.03536965
v -0.76634240 -0.18411535 0.04322957
v -0.76634240 -0.18164407 0.05108950
v -0.76634240 -0.16898833 -0.09543055
v -0.76634240 -0.16898833 -0.05338879
v -0.76634240 -0.16898833 0.01345767
v -0.76634240 -0.16112840 -0.05336690
v -0.76634240 -0.16112840 0.01348813
v -0.76634240 -0.15326849 -0.05341062
v -0.76634240 -0.15326849 0.01351188
v -0.76634240 -0.14540856 -0.05351616
v -0.76634240 -0.14540856 0.01359511
v -0.76634240 -0.13754864 -0.05354410
v -0.76634240 -0.13754864 0.01363637
v -0.76634240 -0.12968871 -0.05356959
v -0.76634240 -0.12968871 0.01365244
v -0.76634240 -0.12182879 -0.05356749
v -0.76634240 -0.12182879 0.01364009
v -0.76634240 -0.11396887 -0.05357732
v -0.76634240 -0.11396887 0.01364429
v -0.76634240 -0.10610895 -0.05354278
v -0.76634240 -0.10610895 0.01364692
v -0.76634240 -0.09824903 -0.05359519
v -0.76634240 -0.09824903 0.01368182
v -0.76634240 -0.09038910 -0.05367627
v -0.76634240 -0.09038910 0.01376950
v -0.77419406 -0.08252918 -0.09038910
v -0.76634240 -0.08252918 -0.05413435
v -0.76634240 -0.08252918 0.01419202
v -0.76634240 -0.07668623 -0.09038910
v -0.76634240 -0.07533333 -0.08252918
v -0.76634240 -0.07522647 -0.07466926
v -0.76634240 -0.07499392 -0.06680934
v -0.76634240 -0.07539935 -0.05894941
v -0.76651406 -0.07466926 0.01964981
v -0.76706803 -0.07466926 0.02750973
v -0.76708513 -0.07466926 0.03536965
v -0.76719606 -0.07466926 0.04322957
v -0.76634240 -0.07466926 0.04667992
v -0.76634240 -0.07606402 0.05108950
v -0.76634240 -0.07454057 0.01964981
v -0.76634240 -0.07412279 0.02750973
v -0.76634240 -0.07411008 0.03536965
v -0.76634240 -0.07402906 0.04322957
v -0.75848252 -0.36548638 -0.05393029
v -0.75848252 -0.35762647 -0.05612626
v -0.75848252 -0.35236537 -0.09038910
v -0.75996453 -0.34976652 -0.09038910
v -0.75910342 -0.34976652 -0.08252918
v -0.75848252 -0.35099146 -0.08252918
v -0.75905639 -0.34976652 -0.07466926
v -0.75848252 -0.35089713 -0.07466926
v -0.75914228 -0.34976652 -0.06680934
v -0.75848252 -0.35108268 -0.06680934
v -0.76008356 -0.34976652 -0.05894941
v -0.75848252 -0.35268852 -0.05894941
v -0.76403463 -0.34190661 -0.09038910
v -0.76318347 -0.34190661 -0.08252918
v -0.76312357 -0.34190661 -0.07466926
v -0.76318777 -0.34190661 -0.06680934
v -0.76409084 -0.34190661 -0.05894941
v -0.75848252 -0.17684825 -0.09094632
v -0.75848252 -0.17729171 -0.09038910
v -0.75848252 -0.17824073 -0.08252918
v -0.75848252 -0.17827216 -0.07466926
v -0.75848252 -0.17822951 -0.06680934
v -0.75848252 -0.17759722 -0.05894941
v -0.75848252 -0.17684825 -0.05798408
v -0.75848252 -0.17684825 0.01766947
v -0.75848252 -0.17830345 0.01964981
v -0.75848252 -0.17878984 0.02750973
v -0.75848252 -0.17866187 0.03536965
v -0.75848252 -0.17840269 0.04322957
v -0.75922728 -0.17684825 0.05108950
v -0.75848252 -0.17684825 0.04960449
v -0.75848252 -0.16898833 -0.09527092
v -0.75848252 -0.16898833 -0.05365552
v -0.75848252 -0.16898833 0.01361454
v -0.75848252 -0.17620133 0.05108950
v -0.75848252 -0.16112840 -0.05338177
v -0.75848252 -0.16112840 0.01342829
v -0.75848252 -0.15326849 -0.05341415
v -0.75848252 -0.15326849 0.01346091
v -0.75848252 -0.14540856 -0.05351124
v -0.75848252 -0.14540856 0.01352099
v -0.75848252 -0.13754864 -0.05354512
v -0.75848252 -0.13754864 0.01359295
v -0.75848252 -0.12968871 -0.05357121
v -0.75848252 -0.12968871 0.01361214
v -0.75848252 -0.12182879 -0.05359123
v -0.75848252 -0.12182879 0.01363805
v -0.75848252 -0.11396887 -0.05357229
v -0.75848252 -0.11396887 0.01364752
v -0.75848252 -0.10610895 -0.05357678
v -0.75848252 -0.10610895 0.01365412
v -0.75848252 -0.09824903 -0.05357078
v -0.75848252 -0.09824903 0.01367163
v -0.75848252 -0.09038910 -0.05363171
v -0.75848252 -0.09038910 0.01373459
v -0.75848252 -0.08252918 -0.05372298
v -0.75848252 -0.08252918 0.01382970
v -0.76390028 -0.07466926 -0.09038910
v -0.76542687 -0.07466926 -0.08252918
v -0.76555848 -0.07466926 -0.07466926
v -0.76588005 -0.07466926 -0.06680934
v -0.76543325 -0.07466926 -0.05894941
v -0.75848252 -0.07466926 -0.05476724
v -0.75848252 -0.07466926 0.01471289
v -0.76472729 -0.07466926 0.05108950
v -0.75848252 -0.07066572 -0.09038910
v -0.75848252 -0.06944060 -0.08252918
v -0.75848252 -0.06941800 -0.07466926
v -0.75848252 -0.06919876 -0.06680934
v -0.75848252 -0.06967478 -0.05894941
v -0.75848252 -0.06880790 0.01964981
v -0.75848252 -0.06832553 0.02750973
v -0.75848252 -0.06838514 0.03536965
v -0.75848252 -0.06832247 0.04322957
v -0.75848252 -0.07048840 0.05108950
v -0.75062257 -0.38120621 -0.05391781
v -0.75062257 -0.37334630 -0.05595955
v -0.75062257 -0.36758408 -0.09038910
v -0.75181997 -0.36548638 -0.09038910
v -0.75093687 -0.36548638 -0.08252918
v -0.75062257 -0.36611968 -0.08252918
v -0.75093919 -0.36548638 -0.07466926
v -0.75062257 -0.36611992 -0.07466926
v -0.75109428 -0.36548638 -0.06680934
v -0.75062257 -0.36643210 -0.06680934
v -0.75197577 -0.36548638 -0.05894941
v -0.75062257 -0.36794391 -0.05894941
v -0.75587600 -0.35762647 -0.09038910
v -0.75504595 -0.35762647 -0.08252918
v -0.75504190 -0.35762647 -0.07466926
v -0.75516289 -0.35762647 -0.06680934
v -0.75606287 -0.35762647 -0.05894941
v -0.75785953 -0.17684825 -0.09038910
v -0.75662130 -0.17684825 -0.08252918
v -0.75655490 -0.17684825 -0.07466926
v -0.75656950 -0.17684825 -0.06680934
v -0.75741249 -0.17684825 -0.05894941
v -0.75652945 -0.17684825 0.01964981
v -0.75590450 -0.17684825 0.02750973
v -0.75605601 -0.17684825 0.03536965
v -0.75635123 -0.17684825 0.04322957
v -0.75062257 -0.16898833 -0.09305084
v -0.75062257 -0.17155987 -0.09038910
v -0.75062257 -0.17253582 -0.08252918
v -0.75062257 -0.17256431 -0.07466926
v -0.75062257 -0.17256124 -0.06680934
v -0.75062257 -0.17191841 -0.05894941
v -0.75062257 -0.16898833 -0.05584004
v -0.75062257 -0.16898833 0.01565652
v -0.75062257 -0.17248005 0.01964981
v -0.75062257 -0.17295307 0.02750973
v -0.75062257 -0.17284471 0.03536965
v -0.75062257 -0.17273688 0.04322957
v -0.75062257 -0.17056245 0.05108950
v -0.75062257 -0.16112840 -0.05346369
v -0.75062257 -0.16112840 0.01348693
v -0.75062257 -0.15326849 -0.05339820
v -0.75062257 -0.15326849 0.01343212
v -0.75062257 -0.14540856 -0.05347718
v -0.75062257 -0.14540856 0.01347158
v -0.75062257 -0.13754864 -0.05353229
v -0.75062257 -0.13754864 0.01353203
v -0.75062257 -0.12968871 -0.05358422
v -0.75062257 -0.12968871 0.01360675
v -0.75062257 -0.12182879 -0.05357576
v -0.75062257 -0.12182879 0.01364189
v -0.75062257 -0.11396887 -0.05359615
v -0.75062257 -0.11396887 0.01364273
v -0.75062257 -0.10610895 -0.05358230
v -0.75062257 -0.10610895 0.01368099
v -0.75062257 -0.09824903 -0.05358764
v -0.75062257 -0.09824903 0.01367811
v -0.75062257 -0.09038910 -0.05360167
v -0.75062257 -0.09038910 0.01370065
v -0.75062257 -0.08252918 -0.05364904
v -0.75062257 -0.08252918 0.01375942
v -0.75062257 -0.07466926 -0.05376862
v -0.75062257 -0.07466926 0.01386964
v -0.75366139 -0.06680934 -0.09038910
v -0.75508755 -0.06680934 -0.08252918
v -0.75511217 -0.06680934 -0.07466926
v -0.75531602 -0.06680934 -0.06680934
v -0.75473601 -0.06680934 -0.05894941
v -0.75062257 -0.06680934 -0.05586504
v -0.75586361 -0.06680934 0.01964981
v -0.75062257 -0.06680934 0.01570977
v -0.75642240 -0.06680934 0.02750973
v -0.75633591 -0.06680934 0.03536965
v -0.75639677 -0.06680934 0.04322957
v -0.75386107 -0.06680934 0.05108950
v -0.75062257 -0.06452126 -0.09038910
v -0.75062257 -0.06338982 -0.08252918
v -0.75062257 -0.06339029 -0.07466926
v -0.75062257 -0.06328535 -0.06680934
v -0.75062257 -0.06378703 -0.05894941
v -0.75062257 -0.06296297 0.01964981
v -0.75062257 -0.06252210 0.02750973
v -0.75062257 -0.06263993 0.03536965
v -0.75062257 -0.06261270 0.04322957
v -0.75062257 -0.06452234 0.05108950
v -0.74276263 -0.39692608 -0.05390192
v -0.74276263 -0.38906616 -0.05581401
v -0.74276263 -0.38310045 -0.09038910
v -0.74384248 -0.38120621 -0.09038910
v -0.74296790 -0.38120621 -0.08252918
v -0.74276263 -0.38162294 -0.08252918
v -0.74294084 -0.38120621 -0.07466926
v -0.74276263 -0.38156807 -0.07466926
v -0.74305689 -0.38120621 -0.06680934
v -0.74276263 -0.38180336 -0.06680934
v -0.74389929 -0.38120621 -0.05894941
v -0.74276263 -0.38324311 -0.05894941
v -0.74782562 -0.37334630 -0.09038910
v -0.74696243 -0.37334630 -0.08252918
v -0.74698395 -0.37334630 -0.07466926
v -0.74711955 -0.37334630 -0.06680934
v -0.74801898 -0.37334630 -0.05894941
v -0.74697113 -0.16898833 -0.09038910
v -0.74567789 -0.16898833 -0.08252918
v -0.74563956 -0.16898833 -0.07466926
v -0.74561161 -0.16898833 -0.06680934
v -0.74643928 -0.16898833 -0.05894941
v -0.74575287 -0.16898833 0.01964981
v -0.74515772 -0.16898833 0.02750973
v -0.74526221 -0.16898833 0.03536965
v -0.74541414 -0.16898833 0.04322957
v -0.74839765 -0.16898833 0.05108950
v -0.74276263 -0.16112840 -0.09430503
v -0.74276263 -0.16581844 -0.09038910
v -0.74276263 -0.16680111 -0.08252918
v -0.74276263 -0.16681820 -0.07466926
v -0.74276263 -0.16690071 -0.06680934
v -0.74276263 -0.16625817 -0.05894941
v -0.74276263 -0.16112840 -0.05456785
v -0.74276263 -0.16112840 0.01449653
v -0.74276263 -0.16673203 0.01964981
v -0.74276263 -0.16722730 0.02750973
v -0.74276263 -0.16715792 0.03536965
v -0.74276263 -0.16705747 0.04322957
v -0.74276263 -0.16454566 0.05108950
v -0.74276263 -0.15326849 -0.05343934
v -0.74276263 -0.15326849 0.01348166
v -0.74276263 -0.14540856 -0.05346225
v -0.74276263 -0.14540856 0.01347362
v -0.74276263 -0.13754864 -0.05352365
v -0.74276263 -0.13754864 0.01350372
v -0.74276263 -0.12968871 -0.05357660
v -0.74276263 -0.12968871 0.01356357
v -0.74276263 -0.12182879 -0.05358110
v -0.74276263 -0.12182879 0.01361946
v -0.74276263 -0.11396887 -0.05359669
v -0.74276263 -0.11396887 0.01364656
v -0.74276263 -0.10610895 -0.05359825
v -0.74276263 -0.10610895 0.01366551
v -0.74276263 -0.09824903 -0.05361144
v -0.74276263 -0.09824903 0.01367955
v -0.74276263 -0.09038910 -0.05361702
v -0.74276263 -0.09038910 0.01368362
v -0.74276263 -0.08252918 -0.05363891
v -0.74276263 -0.08252918 0.01370653
v -0.74276263 -0.07466926 -0.05369342
v -0.74276263 -0.07466926 0.01380044
v -0.74276263 -0.06680934 -0.05387560
v -0.74276263 -0.06680934 0.01396595
v -0.74362940 -0.05894941 -0.09038910
v -0.74485791 -0.05894941 -0.08252918
v -0.74483615 -0.05894941 -0.07466926
v -0.74498200 -0.05894941 -0.06680934
v -0.74445444 -0.05894941 -0.05894941
v -0.74276263 -0.05894941 -0.05739251
v -0.74547511 -0.05894941 0.01964981
v -0.74276263 -0.05894941 0.01716288
v -0.74594235 -0.05894941 0.02750973
v -0.74579316 -0.05894941 0.03536965
v -0.74577379 -0.05894941 0.04322957
v -0.74353176 -0.05894941 0.05108950
v -0.74276263 -0.05829878 -0.09038910
v -0.74276263 -0.05731731 -0.08252918
v -0.74276263 -0.05733080 -0.07466926
v -0.74276263 -0.05721261 -0.06680934
v -0.74276263 -0.05764245 -0.05894941
v -0.74276263 -0.05685407 0.01964981
v -0.74276263 -0.05647238 0.02750973
v -0.74276263 -0.05659141 0.03536965
v -0.74276263 -0.05661222 0.04322957
v -0.74276263 -0.05837278 0.05108950
v -0.73490274 -0.41264591 -0.05392303
v -0.73490274 -0.40478599 -0.05579128
v -0.73490274 -0.39885759 -0.09038910
v -0.73599994 -0.39692608 -0.09038910
v -0.73509204 -0.39692608 -0.08252918
v -0.73490274 -0.39731896 -0.08252918
v -0.73506111 -0.39692608 -0.07466926
v -0.73490274 -0.39725554 -0.07466926
v -0.73514557 -0.39692608 -0.06680934
v -0.73490274 -0.39743188 -0.06680934
v -0.73593658 -0.39692608 -0.05894941
v -0.73490274 -0.39879474 -0.05894941
v -0.73992038 -0.38906616 -0.09038910
v -0.73900825 -0.38906616 -0.08252918
v -0.73901939 -0.38906616 -0.07466926
v -0.73911065 -0.38906616 -0.06680934
v -0.73997074 -0.38906616 -0.05894941
v -0.73639023 -0.16112840 -0.09038910
v -0.73529136 -0.16112840 -0.08252918
v -0.73514557 -0.16112840 -0.07466926
v -0.73507875 -0.16112840 -0.06680934
v -0.73579985 -0.16112840 -0.05894941
v -0.73524851 -0.16112840 0.01964981
v -0.73490274 -0.16112840 0.02405650
v -0.73490274 -0.16131952 0.02750973
v -0.73490274 -0.16134134 0.03536965
v -0.73490274 -0.16120157 0.04322957
v -0.73791069 -0.16112840 0.05108950
v -0.73490274 -0.16112840 0.04355879
v -0.73490274 -0.15326849 -0.09490710
v -0.73490274 -0.15989994 -0.09038910
v -0.73490274 -0.16084254 -0.08252918
v -0.73490274 -0.16095211 -0.07466926
v -0.73490274 -0.16100025 -0.06680934
v -0.73490274 -0.16040066 -0.05894941
v -0.73490274 -0.15326849 -0.05393640
v -0.73490274 -0.15326849 0.01398358
v -0.73490274 -0.16084692 0.01964981
v -0.73490274 -0.15855716 0.05108950
v -0.73490274 -0.14540856 -0.05345727
v -0.73490274 -0.14540856 0.01350504
v -0.73490274 -0.13754864 -0.05351148
v -0.73490274 -0.13754864 0.01349485
v -0.73490274 -0.12968871 -0.05354488
v -0.73490274 -0.12968871 0.01353095
v -0.73490274 -0.12182879 -0.05358260
v -0.73490274 -0.12182879 0.01358468
v -0.73490274 -0.11396887 -0.05362650
v -0.73490274 -0.11396887 0.01363625
v -0.73490274 -0.10610895 -0.05364263
v -0.73490274 -0.10610895 0.01366311
v -0.73490274 -0.09824903 -0.05364124
v -0.73490274 -0.09824903 0.01368254
v -0.73490274 -0.09038910 -0.05364778
v -0.73490274 -0.09038910 0.01367703
v -0.73490274 -0.08252918 -0.05364430
v -0.73490274 -0.08252918 0.01369010
v -0.73490274 -0.07466926 -0.05366841
v -0.73490274 -0.07466926 0.01372848
v -0.73490274 -0.06680934 -0.05371069
v -0.73490274 -0.06680934 0.01381663
v -0.73490274 -0.05894941 -0.05407378
v -0.73490274 -0.05894941 0.01416683
v -0.73490274 -0.05235191 -0.09038910
v -0.73490274 -0.05125608 -0.08252918
v -0.73490274 -0.05125518 -0.07466926
v -0.73490274 -0.05115090 -0.06680934
v -0.73490274 -0.05143400 -0.05894941
v -0.73547202 -0.05108950 0.01964981
v -0.73490274 -0.05108950 0.01905038
v -0.73586029 -0.05108950 0.02750973
v -0.73568624 -0.05108950 0.03536965
v -0.73565787 -0.05108950 0.04322957
v -0.73490274 -0.05108950 0.04635886
v -0.73490274 -0.05258841 0.05108950
v -0.73490274 -0.05065792 0.01964981
v -0.73490274 -0.05033572 0.02750973
v -0.73490274 -0.05047442 0.03536965
v -0.73490274 -0.05049846 0.04322957
v -0.72704279 -0.42836577 -0.05388135
v -0.72704279 -0.42050582 -0.05587110
v -0.72704279 -0.41485736 -0.09038910
v -0.72829735 -0.41264591 -0.09038910
v -0.72734112 -0.41264591 -0.08252918
v -0.72704279 -0.41326615 -0.08252918
v -0.72732937 -0.41264591 -0.07466926
v -0.72704279 -0.41324654 -0.07466926
v -0.72738063 -0.41264591 -0.06680934
v -0.72704279 -0.41335225 -0.06680934
v -0.72821724 -0.41264591 -0.05894941
v -0.72704279 -0.41477945 -0.05894941
v -0.73213416 -0.40478599 -0.09038910
v -0.73122430 -0.40478599 -0.08252918
v -0.73120004 -0.40478599 -0.07466926
v -0.73128146 -0.40478599 -0.06680934
v -0.73210806 -0.40478599 -0.05894941
v -0.73465204 -0.16112840 0.02750973
v -0.73462242 -0.16112840 0.03536965
v -0.73480588 -0.16112840 0.04322957
v -0.72704279 -0.15326849 -0.09117568
v -0.72704279 -0.15393357 -0.09038910
v -0.72704279 -0.15486689 -0.08252918
v -0.72704279 -0.15501267 -0.07466926
v -0.72704279 -0.15506364 -0.06680934
v -0.72704279 -0.15439184 -0.05894941
v -0.72704279 -0.15326849 -0.05757037
v -0.72704279 -0.15326849 0.01761191
v -0.72704279 -0.15483858 0.01964981
v -0.72704279 -0.15536252 0.02750973
v -0.72704279 -0.15537210 0.03536965
v -0.72704279 -0.15527946 0.04322957
v -0.72718632 -0.15326849 0.05108950
v -0.72704279 -0.15326849 0.05084759
v -0.72704279 -0.14540856 -0.05367669
v -0.72704279 -0.14540856 0.01376446
v -0.72704279 -0.15313925 0.05108950
v -0.72704279 -0.13754864 -0.05348293
v -0.72704279 -0.13754864 0.01354954
v -0.72704279 -0.12968871 -0.05351736
v -0.72704279 -0.12968871 0.01352603
v -0.72704279 -0.12182879 -0.05357762
v -0.72704279 -0.12182879 0.01357041
v -0.72704279 -0.11396887 -0.05360886
v -0.72704279 -0.11396887 0.01361646
v -0.72704279 -0.10610895 -0.05364904
v -0.72704279 -0.10610895 0.01365892
v -0.72704279 -0.09824903 -0.05367147
v -0.72704279 -0.09824903 0.01366072
v -0.72704279 -0.09038910 -0.05366535
v -0.72704279 -0.09038910 0.01366707
v -0.72704279 -0.08252918 -0.05366679
v -0.72704279 -0.08252918 0.01367463
v -0.72704279 -0.07466926 -0.05365030
v -0.72704279 -0.07466926 0.01369214
v -0.72704279 -0.06680934 -0.05366823
v -0.72704279 -0.06680934 0.01375666
v -0.72704279 -0.05894941 -0.05370451
v -0.72704279 -0.05894941 0.01384026
v -0.73340452 -0.05108950 -0.09038910
v -0.73468006 -0.05108950 -0.08252918
v -0.73467767 -0.05108950 -0.07466926
v -0.73482037 -0.05108950 -0.06680934
v -0.73449886 -0.05108950 -0.05894941
v -0.72704279 -0.05108950 -0.05448635
v -0.72704279 -0.05108950 0.01453443
v -0.73322535 -0.05108950 0.05108950
v -0.72704279 -0.04636570 -0.09038910
v -0.72704279 -0.04520942 -0.08252918
v -0.72704279 -0.04527449 -0.07466926
v -0.72704279 -0.04509309 -0.06680934
v -0.72704279 -0.04545127 -0.05894941
v -0.72704279 -0.04471572 0.01964981
v -0.72704279 -0.04428366 0.02750973
v -0.72704279 -0.04437115 0.03536965
v -0.72704279 -0.04433451 0.04322957
v -0.72704279 -0.04656820 0.05108950
v -0.71918291 -0.44408560 -0.05384262
v -0.71918291 -0.43622568 -0.05592087
v -0.71918291 -0.43064287 -0.09038910
v -0.72049391 -0.42836577 -0.09038910
v -0.71956342 -0.42836577 -0.08252918
v -0.71918291 -0.42914423 -0.08252918
v -0.71954918 -0.42836577 -0.07466926
v -0.71918291 -0.42912361 -0.07466926
v -0.71963269 -0.42836577 -0.06680934
v -0.71918291 -0.42930105 -0.06680934
v -0.72052372 -0.42836577 -0.05894941
v -0.71918291 -0.43080652 -0.05894941
v -0.72439575 -0.42050582 -0.09038910
v -0.72347051 -0.42050582 -0.08252918
v -0.72349119 -0.42050582 -0.07466926
v -0.72356033 -0.42050582 -0.06680934
v -0.72440064 -0.42050582 -0.05894941
v -0.72617793 -0.15326849 -0.09038910
v -0.72497553 -0.15326849 -0.08252918
v -0.72476870 -0.15326849 -0.07466926
v -0.72468269 -0.15326849 -0.06680934
v -0.72554368 -0.15326849 -0.05894941
v -0.72498798 -0.15326849 0.01964981
v -0.72431242 -0.15326849 0.02750973
v -0.72430634 -0.15326849 0.03536965
v -0.72442484 -0.15326849 0.04322957
v -0.71918291 -0.14540856 -0.09286518
v -0.71918291 -0.14780068 -0.09038910
v -0.71918291 -0.14890490 -0.08252918
v -0.71918291 -0.14903995 -0.07466926
v -0.71918291 -0.14914645 -0.06680934
v -0.71918291 -0.14840178 -0.05894941
v -0.71918291 -0.14540856 -0.05583620
v -0.71918291 -0.14540856 0.01593644
v -0.71918291 -0.14877364 0.01964981
v -0.71918291 -0.14932334 0.02750973
v -0.71918291 -0.14930236 0.03536965
v -0.71918291 -0.14922099 0.04322957
v -0.71918291 -0.14697285 0.05108950
v -0.71918291 -0.13754864 -0.05357960
v -0.71918291 -0.13754864 0.01366971
v -0.71918291 -0.12968871 -0.05352599
v -0.71918291 -0.12968871 0.01355901
v -0.71918291 -0.12182879 -0.05355285
v -0.71918291 -0.12182879 0.01356081
v -0.71918291 -0.11396887 -0.05361558
v -0.71918291 -0.11396887 0.01359032
v -0.71918291 -0.10610895 -0.05365042
v -0.71918291 -0.10610895 0.01362450
v -0.71918291 -0.09824903 -0.05367789
v -0.71918291 -0.09824903 0.01364045
v -0.71918291 -0.09038910 -0.05369564
v -0.71918291 -0.09038910 0.01363313
v -0.71918291 -0.08252918 -0.05367669
v -0.71918291 -0.08252918 0.01365676
v -0.71918291 -0.07466926 -0.05366163
v -0.71918291 -0.07466926 0.01365892
v -0.71918291 -0.06680934 -0.05365066
v -0.71918291 -0.06680934 0.01369226
v -0.71918291 -0.05894941 -0.05363447
v -0.71918291 -0.05894941 0.01376278
v -0.71918291 -0.05108950 -0.05367609
v -0.71918291 -0.05108950 0.01386496
v -0.72312856 -0.04322957 -0.09038910
v -0.72449976 -0.04322957 -0.08252918
v -0.72443545 -0.04322957 -0.07466926
v -0.72465336 -0.04322957 -0.06680934
v -0.72427791 -0.04322957 -0.05894941
v -0.71918291 -0.04322957 -0.05529224
v -0.72517717 -0.04322957 0.01964981
v -0.71918291 -0.04322957 0.01532658
v -0.72564465 -0.04322957 0.02750973
v -0.72555023 -0.04322957 0.03536965
v -0.72560716 -0.04322957 0.04322957
v -0.72311968 -0.04322957 0.05108950
v -0.71918291 -0.04023844 -0.09038910
v -0.71918291 -0.03910484 -0.08252918
v -0.71918291 -0.03913398 -0.07466926
v -0.71918291 -0.03894191 -0.06680934
v -0.71918291 -0.03931239 -0.05894941
v -0.71918291 -0.03876369 0.01964981
v -0.71918291 -0.03832318 0.02750973
v -0.71918291 -0.03838500 0.03536965
v -0.71918291 -0.03829097 0.04322957
v -0.71918291 -0.04028882 0.05108950
v -0.71132296 -0.45980546 -0.05384381
v -0.71132296 -0.45194551 -0.05594989
v -0.71132296 -0.44630754 -0.09038910
v -0.71258008 -0.44408560 -0.09038910
v -0.71167296 -0.44408560 -0.08252918
v -0.71132296 -0.44480065 -0.08252918
v -0.71168798 -0.44408560 -0.07466926
v -0.71132296 -0.44483709 -0.07466926
v -0.71182084 -0.44408560 -0.06680934
v -0.71132296 -0.44511449 -0.06680934
v -0.71270037 -0.44408560 -0.05894941
v -0.71132296 -0.44660863 -0.05894941
v -0.71652824 -0.43622568 -0.09038910
v -0.71562415 -0.43622568 -0.08252918
v -0.71567631 -0.43622568 -0.07466926
v -0.71579546 -0.43622568 -0.06680934
v -0.71663243 -0.43622568 -0.05894941
v -0.71592152 -0.14540856 -0.09038910
v -0.71446723 -0.14540856 -0.08252918
v -0.71425074 -0.14540856 -0.07466926
v -0.71409428 -0.14540856 -0.06680934
v -0.71509570 -0.14540856 -0.05894941
v -0.71471024 -0.14540856 0.01964981
v -0.71403509 -0.14540856 0.02750973
v -0.71410513 -0.14540856 0.03536965
v -0.71419853 -0.14540856 0.04322957
v -0.71710062 -0.14540856 0.05108950
v -0.71132296 -0.13754864 -0.09421370
v -0.71132296 -0.14195263 -0.09038910
v -0.71132296 -0.14304157 -0.08252918
v -0.71132296 -0.14319772 -0.07466926
v -0.71132296 -0.14333522 -0.06680934
v -0.71132296 -0.14248891 -0.05894941
v -0.71132296 -0.13754864 -0.05473666
v -0.71132296 -0.13754864 0.01480344
v -0.71132296 -0.14279024 0.01964981
v -0.71132296 -0.14331710 0.02750973
v -0.71132296 -0.14323513 0.03536965
v -0.71132296 -0.14318141 0.04322957
v -0.71132296 -0.14072044 0.05108950
v -0.71132296 -0.12968871 -0.05357660
v -0.71132296 -0.12968871 0.01365304
v -0.71132296 -0.12182879 -0.05356221
v -0.71132296 -0.12182879 0.01357436
v -0.71132296 -0.11396887 -0.05359909
v -0.71132296 -0.11396887 0.01356069
v -0.71132296 -0.10610895 -0.05363585
v -0.71132296 -0.10610895 0.01358360
v -0.71132296 -0.09824903 -0.05369942
v -0.71132296 -0.09824903 0.01359164
v -0.71132296 -0.09038910 -0.05368556
v -0.71132296 -0.09038910 0.01360926
v -0.71132296 -0.08252918 -0.05369942
v -0.71132296 -0.08252918 0.01362534
v -0.71132296 -0.07466926 -0.05366673
v -0.71132296 -0.07466926 0.01363277
v -0.71132296 -0.06680934 -0.05363027
v -0.71132296 -0.06680934 0.01366383
v -0.71132296 -0.05894941 -0.05362650
v -0.71132296 -0.05894941 0.01371756
v -0.71132296 -0.05108950 -0.05364478
v -0.71132296 -0.05108950 0.01379336
v -0.71132296 -0.04322957 -0.05377731
v -0.71132296 -0.04322957 0.01394640
v -0.71316618 -0.03536965 -0.09038910
v -0.71454740 -0.03536965 -0.08252918
v -0.71454906 -0.03536965 -0.07466926
v -0.71476185 -0.03536965 -0.06680934
v -0.71423846 -0.03536965 -0.05894941
v -0.71132296 -0.03536965 -0.05648881
v -0.71480823 -0.03536965 0.01964981
v -0.71132296 -0.03536965 0.01659919
v -0.71540296 -0.03536965 0.02750973
v -0.71535498 -0.03536965 0.03536965
v -0.71547425 -0.03536965 0.04322957
v -0.71318167 -0.03536965 0.05108950
v -0.71132296 -0.03390857 -0.09038910
v -0.71132296 -0.03277226 -0.08252918
v -0.71132296 -0.03276591 -0.07466926
v -0.71132296 -0.03260555 -0.06680934
v -0.71132296 -0.03308853 -0.05894941
v -0.71132296 -0.03268819 0.01964981
v -0.71132296 -0.03219922 0.02750973
v -0.71132296 -0.03222567 0.03536965
v -0.71132296 -0.03212450 0.04322957
v -0.71132296 -0.03392890 0.05108950
v -0.70346302 -0.47552529 -0.05389952
v -0.70346302 -0.46766537 -0.05613195
v -0.70346302 -0.46211320 -0.09038910
v -0.70473582 -0.45980546 -0.09038910
v -0.70385295 -0.45980546 -0.08252918
v -0.70346302 -0.46062177 -0.08252918
v -0.70388460 -0.45980546 -0.07466926
v -0.70346302 -0.46069300 -0.07466926
v -0.70405114 -0.45980546 -0.06680934
v -0.70346302 -0.46104580 -0.06680934
v -0.70496881 -0.45980546 -0.05894941
v -0.70346302 -0.46266338 -0.05894941
v -0.70865899 -0.45194551 -0.09038910
v -0.70777923 -0.45194551 -0.08252918
v -0.70781827 -0.45194551 -0.07466926
v -0.70797145 -0.45194551 -0.06680934
v -0.70880336 -0.45194551 -0.05894941
v -0.70512331 -0.13754864 -0.09038910
v -0.70387548 -0.13754864 -0.08252918
v -0.70366967 -0.13754864 -0.07466926
v -0.70363921 -0.13754864 -0.06680934
v -0.70461273 -0.13754864 -0.05894941
v -0.70422316 -0.13754864 0.01964981
v -0.70372504 -0.13754864 0.02750973
v -0.70385587 -0.13754864 0.03536965
v -0.70401710 -0.13754864 0.04322957
v -0.70700604 -0.13754864 0.05108950
v -0.70346302 -0.12968871 -0.09492023
v -0.70346302 -0.13621360 -0.09038910
v -0.70346302 -0.13724628 -0.08252918
v -0.70346302 -0.13739812 -0.07466926
v -0.70346302 -0.13741875 -0.06680934
v -0.70346302 -0.13660350 -0.05894941
v -0.70346302 -0.12968871 -0.05413675
v -0.70346302 -0.12968871 0.01419118
v -0.70346302 -0.13693170 0.01964981
v -0.70346302 -0.13735537 0.02750973
v -0.70346302 -0.13725697 0.03536965
v -0.70346302 -0.13713127 0.04322957
v -0.70346302 -0.13457838 0.05108950
v -0.70346302 -0.12182879 -0.05358860
v -0.70346302 -0.12182879 0.01363661
v -0.70346302 -0.11396887 -0.05358458
v -0.70346302 -0.11396887 0.01360147
v -0.70346302 -0.10610895 -0.05360803
v -0.70346302 -0.10610895 0.01356333
v -0.70346302 -0.09824903 -0.05365930
v -0.70346302 -0.09824903 0.01356573
v -0.70346302 -0.09038910 -0.05370697
v -0.70346302 -0.09038910 0.01358516
v -0.70346302 -0.08252918 -0.05371327
v -0.70346302 -0.08252918 0.01360147
v -0.70346302 -0.07466926 -0.05369186
v -0.70346302 -0.07466926 0.01363433
v -0.70346302 -0.06680934 -0.05366296
v -0.70346302 -0.06680934 0.01365172
v -0.70346302 -0.05894941 -0.05362391
v -0.70346302 -0.05894941 0.01367703
v -0.70346302 -0.05108950 -0.05363441
v -0.70346302 -0.05108950 0.01373903
v -0.70346302 -0.04322957 -0.05367603
v -0.70346302 -0.04322957 0.01380955
v -0.70346302 -0.03536965 -0.05395553
v -0.70346302 -0.03536965 0.01407856
v -0.70350355 -0.02750973 -0.09038910
v -0.70472449 -0.02750973 -0.08252918
v -0.70473939 -0.02750973 -0.07466926
v -0.70493329 -0.02750973 -0.06680934
v -0.70435649 -0.02750973 -0.05894941
v -0.70346302 -0.02750973 -0.05808350
v -0.70464712 -0.02750973 0.01964981
v -0.70346302 -0.02750973 0.01844556
v -0.70522684 -0.02750973 0.02750973
v -0.70524746 -0.02750973 0.03536965
v -0.70534062 -0.02750973 0.04322957
v -0.70346302 -0.02750973 0.05065198
v -0.70346302 -0.02767511 0.05108950
v -0.70346302 -0.02747801 -0.09038910
v -0.70346302 -0.02648796 -0.08252918
v -0.70346302 -0.02647980 -0.07466926
v -0.70346302 -0.02633457 -0.06680934
v -0.70346302 -0.02682029 -0.05894941
v -0.70346302 -0.02661269 0.01964981
v -0.70346302 -0.02612168 0.02750973
v -0.70346302 -0.02609356 0.03536965
v -0.70346302 -0.02602208 0.04322957
v -0.69560313 -0.49124515 -0.05401994
v -0.69560313 -0.48338521 -0.05651214
v -0.69560313 -0.47842130 -0.09038910
v -0.69714808 -0.47552529 -0.09038910
v -0.69625503 -0.47552529 -0.08252918
v -0.69560313 -0.47691599 -0.08252918
v -0.69631648 -0.47552529 -0.07466926
v -0.69560313 -0.47704670 -0.07466926
v -0.69649565 -0.47552529 -0.06680934
v -0.69560313 -0.47744662 -0.06680934
v -0.69744956 -0.47552529 -0.05894941
v -0.69560313 -0.47918043 -0.05894941
v -0.70091182 -0.46766537 -0.09038910
v -0.70008671 -0.46766537 -0.08252918
v -0.70013785 -0.46766537 -0.07466926
v -0.70028239 -0.46766537 -0.06680934
v -0.70116645 -0.46766537 -0.05894941
v -0.69560313 -0.12968871 -0.09120873
v -0.69560313 -0.13036717 -0.09038910
v -0.69560313 -0.13126260 -0.08252918
v -0.69560313 -0.13141659 -0.07466926
v -0.69560313 -0.13142619 -0.06680934
v -0.69560313 -0.13060728 -0.05894941
v -0.69560313 -0.12968871 -0.05783830
v -0.69560313 -0.12968871 0.01807341
v -0.69560313 -0.13090412 0.01964981
v -0.69560313 -0.13134901 0.02750973
v -0.69560313 -0.13128436 0.03536965
v -0.69560313 -0.13115022 0.04322957
v -0.69649833 -0.12968871 0.05108950
v -0.69560313 -0.12968871 0.04927347
v -0.69560313 -0.12182879 -0.05384225
v -0.69560313 -0.12182879 0.01393632
v -0.69560313 -0.12890016 0.05108950
v -0.69560313 -0.11396887 -0.05360461
v -0.69560313 -0.11396887 0.01362474
v -0.69560313 -0.10610895 -0.05358266
v -0.69560313 -0.10610895 0.01357616
v -0.69560313 -0.09824903 -0.05364304
v -0.69560313 -0.09824903 0.01355494
v -0.69560313 -0.09038910 -0.05369312
v -0.69560313 -0.09038910 0.01358372
v -0.69560313 -0.08252918 -0.05370949
v -0.69560313 -0.08252918 0.01359044
v -0.69560313 -0.07466926 -0.05370061
v -0.69560313 -0.07466926 0.01360303
v -0.69560313 -0.06680934 -0.05367159
v -0.69560313 -0.06680934 0.01363637
v -0.69560313 -0.05894941 -0.05364892
v -0.69560313 -0.05894941 0.01365664
v -0.69560313 -0.05108950 -0.05363399
v -0.69560313 -0.05108950 0.01368854
v -0.69560313 -0.04322957 -0.05365204
v -0.69560313 -0.04322957 0.01375954
v -0.69560313 -0.03536965 -0.05372676
v -0.69560313 -0.03536965 0.01384325
v -0.69560313 -0.02750973 -0.05427845
v -0.69560313 -0.02750973 0.01441809
v -0.70328444 -0.02750973 0.05108950
v -0.69560313 -0.02151584 -0.09038910
v -0.69560313 -0.02036718 -0.08252918
v -0.69560313 -0.02039537 -0.07466926
v -0.69560313 -0.02029319 -0.06680934
v -0.69560313 -0.02085327 -0.05894941
v -0.69560313 -0.02064477 0.01964981
v -0.69560313 -0.02015070 0.02750973
v -0.69560313 -0.02011269 0.03536965
v -0.69560313 -0.01999803 0.04322957
v -0.69560313 -0.02200511 0.05108950
v -0.68774319 -0.50696498 -0.05412740
v -0.68774319 -0.49910507 -0.05689161
v -0.68774319 -0.49499220 -0.09038910
v -0.68968093 -0.49124515 -0.09038910
v -0.68881333 -0.49124515 -0.08252918
v -0.68774319 -0.49354365 -0.08252918
v -0.68887722 -0.49124515 -0.07466926
v -0.68774319 -0.49366999 -0.07466926
v -0.68905610 -0.49124515 -0.06680934
v -0.68774319 -0.49405521 -0.06680934
v -0.68999481 -0.49124515 -0.05894941
v -0.68774319 -0.49571654 -0.05894941
v -0.69335395 -0.48338521 -0.09038910
v -0.69253838 -0.48338521 -0.08252918
v -0.69260877 -0.48338521 -0.07466926
v -0.69277537 -0.48338521 -0.06680934
v -0.69368947 -0.48338521 -0.05894941
v -0.69470817 -0.12968871 -0.09038910
v -0.69360310 -0.12968871 -0.08252918
v -0.69342816 -0.12968871 -0.07466926
v -0.69342989 -0.12968871 -0.06680934
v -0.69442242 -0.12968871 -0.05894941
v -0.69405442 -0.12968871 0.01964981
v -0.69349700 -0.12968871 0.02750973
v -0.69357151 -0.12968871 0.03536965
v -0.69372821 -0.12968871 0.04322957
v -0.68774319 -0.12182879 -0.09276528
v -0.68774319 -0.12413372 -0.09038910
v -0.68774319 -0.12514116 -0.08252918
v -0.68774319 -0.12524778 -0.07466926
v -0.68774319 -0.12525497 -0.06680934
v -0.68774319 -0.12435926 -0.05894941
v -0.68774319 -0.12182879 -0.05629200
v -0.68774319 -0.12182879 0.01646858
v -0.68774319 -0.12466694 0.01964981
v -0.68774319 -0.12518619 0.02750973
v -0.68774319 -0.12518236 0.03536965
v -0.68774319 -0.12506633 0.04322957
v -0.68774319 -0.12287623 0.05108950
v -0.68774319 -0.11396887 -0.05373563
v -0.68774319 -0.11396887 0.01378641
v -0.68774319 -0.10610895 -0.05361018
v -0.68774319 -0.10610895 0.01360111
v -0.68774319 -0.09824903 -0.05362074
v -0.68774319 -0.09824903 0.01356021
v -0.68774319 -0.09038910 -0.05365042
v -0.68774319 -0.09038910 0.01356369
v -0.68774319 -0.08252918 -0.05369810
v -0.68774319 -0.08252918 0.01358960
v -0.68774319 -0.07466926 -0.05372082
v -0.68774319 -0.07466926 0.01359691
v -0.68774319 -0.06680934 -0.05369426
v -0.68774319 -0.06680934 0.01361598
v -0.68774319 -0.05894941 -0.05366649
v -0.68774319 -0.05894941 0.01363997
v -0.68774319 -0.05108950 -0.05364263
v -0.68774319 -0.05108950 0.01368134
v -0.68774319 -0.04322957 -0.05365672
v -0.68774319 -0.04322957 0.01373507
v -0.68774319 -0.03536965 -0.05370193
v -0.68774319 -0.03536965 0.01379360
v -0.68774319 -0.02750973 -0.05376496
v -0.68774319 -0.02750973 0.01388979
v -0.69335866 -0.01964981 -0.09038910
v -0.69465142 -0.01964981 -0.08252918
v -0.69460452 -0.01964981 -0.07466926
v -0.69472980 -0.01964981 -0.06680934
v -0.69413233 -0.01964981 -0.05894941
v -0.68774319 -0.01964981 -0.05491218
v -0.69436663 -0.01964981 0.01964981
v -0.68774319 -0.01964981 0.01507748
v -0.69493228 -0.01964981 0.02750973
v -0.69498426 -0.01964981 0.03536965
v -0.69514298 -0.01964981 0.04322957
v -0.69291371 -0.01964981 0.05108950
v -0.68774319 -0.01546757 -0.09038910
v -0.68774319 -0.01442427 -0.08252918
v -0.68774319 -0.01447464 -0.07466926
v -0.68774319 -0.01436490 -0.06680934
v -0.68774319 -0.01491330 -0.05894941
v -0.68774319 -0.01460627 0.01964981
v -0.68774319 -0.01408294 0.02750973
v -0.68774319 -0.01404618 0.03536965
v -0.68774319 -0.01385597 0.04322957
v -0.68774319 -0.01577040 0.05108950
v -0.67988324 -0.53054476 -0.05343262
v -0.67988324 -0.52268481 -0.05429824
v -0.67988324 -0.51482493 -0.05728805
v -0.67988324 -0.51161438 -0.09038910
v -0.68224764 -0.50696498 -0.09038910
v -0.68141335 -0.50696498 -0.08252918
v -0.67988324 -0.51027793 -0.08252918
v -0.68148518 -0.50696498 -0.07466926
v -0.67988324 -0.51038706 -0.07466926
v -0.68159878 -0.50696498 -0.06680934
v -0.67988324 -0.51065302 -0.06680934
v -0.68251097 -0.50696498 -0.05894941
v -0.67988324 -0.51222515 -0.05894941
v -0.68588799 -0.49910507 -0.09038910
v -0.68509525 -0.49910507 -0.08252918
v -0.68514150 -0.49910507 -0.07466926
v -0.68529743 -0.49910507 -0.06680934
v -0.68618429 -0.49910507 -0.05894941
v -0.68470591 -0.12182879 -0.09038910
v -0.68343437 -0.12182879 -0.08252918
v -0.68330860 -0.12182879 -0.07466926
v -0.68330574 -0.12182879 -0.06680934
v -0.68443412 -0.12182879 -0.05894941
v -0.68410587 -0.12182879 0.01964981
v -0.68341368 -0.12182879 0.02750973
v -0.68339169 -0.12182879 0.03536965
v -0.68355769 -0.12182879 0.04322957
v -0.68638551 -0.12182879 0.05108950
v -0.67988324 -0.11396887 -0.09394122
v -0.67988324 -0.11804149 -0.09038910
v -0.67988324 -0.11908335 -0.08252918
v -0.67988324 -0.11913942 -0.07466926
v -0.67988324 -0.11917917 -0.06680934
v -0.67988324 -0.11825839 -0.05894941
v -0.67988324 -0.11396887 -0.05513843
v -0.67988324 -0.11396887 0.01529300
v -0.67988324 -0.11849028 0.01964981
v -0.67988324 -0.11905102 0.02750973
v -0.67988324 -0.11904581 0.03536965
v -0.67988324 -0.11893229 0.04322957
v -0.67988324 -0.11653946 0.05108950
v -0.67988324 -0.10610895 -0.05369828
v -0.67988324 -0.10610895 0.01369730
v -0.67988324 -0.09824903 -0.05362841
v -0.67988324 -0.09824903 0.01357580
v -0.67988324 -0.09038910 -0.05363927
v -0.67988324 -0.09038910 0.01355410
v -0.67988324 -0.08252918 -0.05367159
v -0.67988324 -0.08252918 0.01357065
v -0.67988324 -0.07466926 -0.05369426
v -0.67988324 -0.07466926 0.01360998
v -0.67988324 -0.06680934 -0.05370313
v -0.67988324 -0.06680934 0.01362654
v -0.67988324 -0.05894941 -0.05367903
v -0.67988324 -0.05894941 0.01366168
v -0.67988324 -0.05108950 -0.05365258
v -0.67988324 -0.05108950 0.01369550
v -0.67988324 -0.04322957 -0.05365384
v -0.67988324 -0.04322957 0.01372728
v -0.67988324 -0.03536965 -0.05369942
v -0.67988324 -0.03536965 0.01376710
v -0.67988324 -0.02750973 -0.05373317
v -0.67988324 -0.02750973 0.01383030
v -0.67988324 -0.01964981 -0.05387529
v -0.67988324 -0.01964981 0.01396067
v -0.68312168 -0.01178988 -0.09038910
v -0.68437028 -0.01178988 -0.08252918
v -0.68433988 -0.01178988 -0.07466926
v -0.68444300 -0.01178988 -0.06680934
v -0.68374079 -0.01178988 -0.05894941
v -0.67988324 -0.01178988 -0.05602875
v -0.68422699 -0.01178988 0.01964981
v -0.67988324 -0.01178988 0.01606993
v -0.68486422 -0.01178988 0.02750973
v -0.68491822 -0.01178988 0.03536965
v -0.68512422 -0.01178988 0.04322957
v -0.68293166 -0.01178988 0.05108950
v -0.67988324 -0.00930883 -0.09038910
v -0.67988324 -0.00831303 -0.08252918
v -0.67988324 -0.00834235 -0.07466926
v -0.67988324 -0.00826877 -0.06680934
v -0.67988324 -0.00882886 -0.05894941
v -0.67988324 -0.00835069 0.01964981
v -0.67988324 -0.00785507 0.02750973
v -0.67988324 -0.00782460 0.03536965
v -0.67988324 -0.00770593 0.04322957
v -0.67988324 -0.00947050 0.05108950
v -0.67202336 -0.54626459 -0.05347526
v -0.67202336 -0.53840464 -0.05451016
v -0.67202336 -0.53054476 -0.05783074
v -0.67202336 -0.52815682 -0.09038910
v -0.67479759 -0.52268481 -0.09038910
v -0.67403799 -0.52268481 -0.08252918
v -0.67202336 -0.52694380 -0.08252918
v -0.67411333 -0.52268481 -0.07466926
v -0.67202336 -0.52704710 -0.07466926
v -0.67423010 -0.52268481 -0.06680934
v -0.67202336 -0.52737117 -0.06680934
v -0.67508972 -0.52268481 -0.05894941
v -0.67202336 -0.52888101 -0.05894941
v -0.67843568 -0.51482493 -0.09038910
v -0.67772549 -0.51482493 -0.08252918
v -0.67777187 -0.51482493 -0.07466926
v -0.67790109 -0.51482493 -0.06680934
v -0.67869687 -0.51482493 -0.05894941
v -0.67440975 -0.11396887 -0.09038910
v -0.67312932 -0.11396887 -0.08252918
v -0.67298847 -0.11396887 -0.07466926
v -0.67301315 -0.11396887 -0.06680934
v -0.67410642 -0.11396887 -0.05894941
v -0.67397624 -0.11396887 0.01964981
v -0.67333090 -0.11396887 0.02750973
v -0.67330849 -0.11396887 0.03536965
v -0.67353314 -0.11396887 0.04322957
v -0.67646879 -0.11396887 0.05108950
v -0.67202336 -0.10610895 -0.09467778
v -0.67202336 -0.11205187 -0.09038910
v -0.67202336 -0.11314877 -0.08252918
v -0.67202336 -0.11326151 -0.07466926
v -0.67202336 -0.11324070 -0.06680934
v -0.67202336 -0.11228825 -0.05894941
v -0.67202336 -0.10610895 -0.05442968
v -0.67202336 -0.10610895 0.01453083
v -0.67202336 -0.11238743 0.01964981
v -0.67202336 -0.11296815 0.02750973
v -0.67202336 -0.11298098 0.03536965
v -0.67202336 -0.11279665 0.04322957
v -0.67202336 -0.11031560 0.05108950
v -0.67202336 -0.09824903 -0.09529760
v -0.67202336 -0.09824903 -0.05368220
v -0.67202336 -0.09824903 0.01365424
v -0.67202336 -0.09038910 -0.05361954
v -0.67202336 -0.09038910 0.01356729
v -0.67202336 -0.08252918 -0.05363765
v -0.67202336 -0.08252918 0.01357209
v -0.67202336 -0.07466926 -0.05368418
v -0.67202336 -0.07466926 0.01359583
v -0.67202336 -0.06680934 -0.05370061
v -0.67202336 -0.06680934 0.01363157
v -0.67202336 -0.05894941 -0.05369048
v -0.67202336 -0.05894941 0.01369310
v -0.67202336 -0.05108950 -0.05367531
v -0.67202336 -0.05108950 0.01371637
v -0.67202336 -0.04322957 -0.05367405
v -0.67202336 -0.04322957 0.01375486
v -0.67202336 -0.03536965 -0.05367675
v -0.67202336 -0.03536965 0.01377621
v -0.67202336 -0.02750973 -0.05373084
v -0.67202336 -0.02750973 0.01380236
v -0.67202336 -0.01964981 -0.05379890
v -0.67202336 -0.01964981 0.01388079
v -0.67202336 -0.01178988 -0.05403673
v -0.67202336 -0.01178988 0.01403635
v -0.67322373 -0.00392996 -0.09038910
v -0.67433012 -0.00392996 -0.08252918
v -0.67426080 -0.00392996 -0.07466926
v -0.67435473 -0.00392996 -0.06680934
v -0.67367792 -0.00392996 -0.05894941
v -0.67202336 -0.00392996 -0.05749661
v -0.67443925 -0.00392996 0.01964981
v -0.67202336 -0.00392996 0.01731555
v -0.67497784 -0.00392996 0.02750973
v -0.67498517 -0.00392996 0.03536965
v -0.67507070 -0.00392996 0.04322957
v -0.67294294 -0.00392996 0.05108950
v -0.67202336 -0.00297554 -0.09038910
v -0.67202336 -0.00205901 -0.08252918
v -0.67202336 -0.00212137 -0.07466926
v -0.67202336 -0.00205745 -0.06680934
v -0.67202336 -0.00263457 -0.05894941
v -0.67202336 -0.00198585 0.01964981
v -0.67202336 -0.00152471 0.02750973
v -0.67202336 -0.00155169 0.03536965
v -0.67202336 -0.00152099 0.04322957
v -0.67202336 -0.00322979 0.05108950
v -0.66416341 -0.56198442 -0.05357360
v -0.66416341 -0.55412453 -0.05477072
v -0.66416341 -0.54626459 -0.05829075
v -0.66416341 -0.54477745 -0.09038910
v -0.66733050 -0.53840464 -0.09038910
v -0.66659462 -0.53840464 -0.08252918
v -0.66416341 -0.54354990 -0.08252918
v -0.66667336 -0.53840464 -0.07466926
v -0.66416341 -0.54363143 -0.07466926
v -0.66677350 -0.53840464 -0.06680934
v -0.66416341 -0.54388857 -0.06680934
v -0.66760564 -0.53840464 -0.05894941
v -0.66416341 -0.54531872 -0.05894941
v -0.67092294 -0.53054476 -0.09038910
v -0.67027283 -0.53054476 -0.08252918
v -0.67032135 -0.53054476 -0.07466926
v -0.67048728 -0.53054476 -0.06680934
v -0.67125165 -0.53054476 -0.05894941
v -0.66416341 -0.10610895 -0.09058328
v -0.66416341 -0.10626450 -0.09038910
v -0.66416341 -0.10722271 -0.08252918
v -0.66416341 -0.10732039 -0.07466926
v -0.66416341 -0.10733844 -0.06680934
v -0.66416341 -0.10642935 -0.05894941
v -0.66416341 -0.10610895 -0.05854920
v -0.66416341 -0.10610895 0.01943441
v -0.66416341 -0.10626186 0.01964981
v -0.66416341 -0.10678513 0.02750973
v -0.66416341 -0.10680876 0.03536965
v -0.66416341 -0.10659941 0.04322957
v -0.66635919 -0.10610895 0.05108950
v -0.66416341 -0.10610895 0.04544029
v -0.66416341 -0.09824903 -0.09500628
v -0.66416341 -0.09824903 -0.05405274
v -0.66416341 -0.09824903 0.01406093
v -0.66416341 -0.10421221 0.05108950
v -0.66416341 -0.09038910 -0.05368334
v -0.66416341 -0.09038910 0.01361814
v -0.66416341 -0.08252918 -0.05365564
v -0.66416341 -0.08252918 0.01357484
v -0.66416341 -0.07466926 -0.05365780
v -0.66416341 -0.07466926 0.01359391
v -0.66416341 -0.06680934 -0.05366769
v -0.66416341 -0.06680934 0.01364992
v -0.66416341 -0.05894941 -0.05369054
v -0.66416341 -0.05894941 0.01369490
v -0.66416341 -0.05108950 -0.05369048
v -0.66416341 -0.05108950 0.01376578
v -0.66416341 -0.04322957 -0.05369186
v -0.66416341 -0.04322957 0.01377585
v -0.66416341 -0.03536965 -0.05369683
v -0.66416341 -0.03536965 0.01379588
v -0.66416341 -0.02750973 -0.05373084
v -0.66416341 -0.02750973 0.01380452
v -0.66416341 -0.01964981 -0.05379206
v -0.66416341 -0.01964981 0.01384901
v -0.66416341 -0.01178988 -0.05387266
v -0.66416341 -0.01178988 0.01388499
v -0.66416341 -0.00392996 -0.05433086
v -0.66416341 -0.00392996 0.01417295
v -0.66416341 0.00324035 -0.09038910
v -0.66434377 0.00392996 -0.08252918
v -0.66416341 0.00392996 -0.08415206
v -0.66425228 0.00392996 -0.07466926
v -0.66431171 0.00392996 -0.06680934
v -0.66416341 0.00392996 -0.06456407
v -0.66416341 0.00356429 -0.05894941
v -0.66458529 0.00392996 0.01964981
v -0.66499078 0.00392996 0.02750973
v -0.66489977 0.00392996 0.03536965
v -0.66487455 0.00392996 0.04322957
v -0.66416341 0.00392996 0.04630045
v -0.66416341 0.00255649 0.05108950
v -0.66416341 0.00407040 -0.08252918
v -0.66416341 0.00399940 -0.07466926
v -0.66416341 0.00404618 -0.06680934
v -0.66416341 0.00425234 0.01964981
v -0.66416341 0.00458240 0.02750973
v -0.66416341 0.00450360 0.03536965
v -0.66416341 0.00447721 0.04322957
v -0.65630352 -0.57770425 -0.05372886
v -0.65630352 -0.56984437 -0.05516044
v -0.65630352 -0.56198442 -0.05887524
v -0.65630352 -0.56173021 -0.09038910
v -0.65999812 -0.55412453 -0.09038910
v -0.65928471 -0.55412453 -0.08252918
v -0.65630352 -0.56057173 -0.08252918
v -0.65935183 -0.55412453 -0.07466926
v -0.65630352 -0.56056011 -0.07466926
v -0.65940785 -0.55412453 -0.06680934
v -0.65630352 -0.56070530 -0.06680934
v -0.66017383 -0.55412453 -0.05894941
v -0.65630352 -0.56188172 -0.05894941
v -0.66348451 -0.54626459 -0.09038910
v -0.66287535 -0.54626459 -0.08252918
v -0.66290218 -0.54626459 -0.07466926
v -0.66303176 -0.54626459 -0.06680934
v -0.66372091 -0.54626459 -0.05894941
v -0.66395402 -0.10610895 -0.09038910
v -0.66272175 -0.10610895 -0.08252918
v -0.66259629 -0.10610895 -0.07466926
v -0.66257578 -0.10610895 -0.06680934
v -0.66374159 -0.10610895 -0.05894941
v -0.66396749 -0.10610895 0.01964981
v -0.66331166 -0.10610895 0.02750973
v -0.66328406 -0.10610895 0.03536965
v -0.66354084 -0.10610895 0.04322957
v -0.65630352 -0.09824903 -0.09228177
v -0.65630352 -0.10006055 -0.09038910
v -0.65630352 -0.10123152 -0.08252918
v -0.65630352 -0.10131925 -0.07466926
v -0.65630352 -0.10131145 -0.06680934
v -0.65630352 -0.10023961 -0.05894941
v -0.65630352 -0.09824903 -0.05682828
v -0.65630352 -0.09824903 0.01760639
v -0.65630352 -0.09989799 0.01964981
v -0.65630352 -0.10058154 0.02750973
v -0.65630352 -0.10060223 0.03536965
v -0.65630352 -0.10038959 0.04322957
v -0.65630352 -0.09836452 0.05108950
v -0.65630352 -0.09038910 -0.05386306
v -0.65630352 -0.09038910 0.01380416
v -0.65630352 -0.08252918 -0.05367465
v -0.65630352 -0.08252918 0.01359367
v -0.65630352 -0.07466926 -0.05365192
v -0.65630352 -0.07466926 0.01359307
v -0.65630352 -0.06680934 -0.05364952
v -0.65630352 -0.06680934 0.01363397
v -0.65630352 -0.05894941 -0.05366325
v -0.65630352 -0.05894941 0.01369298
v -0.65630352 -0.05108950 -0.05368460
v -0.65630352 -0.05108950 0.01376338
v -0.65630352 -0.04322957 -0.05367969
v -0.65630352 -0.04322957 0.01379564
v -0.65630352 -0.03536965 -0.05369456
v -0.65630352 -0.03536965 0.01382382
v -0.65630352 -0.02750973 -0.05373695
v -0.65630352 -0.02750973 0.01382479
v -0.65630352 -0.01964981 -0.05378930
v -0.65630352 -0.01964981 0.01383894
v -0.65630352 -0.01178988 -0.05385569
v -0.65630352 -0.01178988 0.01384889
v -0.65630352 -0.00392996 -0.05397754
v -0.65630352 -0.00392996 0.01388091
v -0.66338146 0.00392996 -0.09038910
v -0.66373444 0.00392996 -0.05894941
v -0.65630352 0.00392996 -0.05480238
v -0.65630352 0.00392996 0.01448226
v -0.66262496 0.00392996 0.05108950
v -0.65630352 0.00932106 -0.09038910
v -0.65630352 0.01019106 -0.08252918
v -0.65630352 0.01010363 -0.07466926
v -0.65630352 0.01021696 -0.06680934
v -0.65630352 0.00956009 -0.05894941
v -0.65630352 0.01039758 0.01964981
v -0.65630352 0.01074731 0.02750973
v -0.65630352 0.01062929 0.03536965
v -0.65630352 0.01057880 0.04322957
v -0.65630352 0.00853383 0.05108950
v -0.64844358 -0.59342414 -0.05395037
v -0.64844358 -0.58556420 -0.05578367
v -0.64844358 -0.57928151 -0.09038910
v -0.64924383 -0.57770425 -0.09038910
v -0.64859736 -0.57770425 -0.08252918
v -0.64844358 -0.57805413 -0.08252918
v -0.64854616 -0.57770425 -0.07466926
v -0.64844358 -0.57793915 -0.07466926
v -0.64854062 -0.57770425 -0.06680934
v -0.64844358 -0.57792717 -0.06680934
v -0.64919186 -0.57770425 -0.05894941
v -0.64844358 -0.57918334 -0.05894941
v -0.65288299 -0.56984437 -0.09038910
v -0.65218002 -0.56984437 -0.08252918
v -0.65217435 -0.56984437 -0.07466926
v -0.65218037 -0.56984437 -0.06680934
v -0.65287131 -0.56984437 -0.05894941
v -0.65618867 -0.56198442 -0.09038910
v -0.65565151 -0.56198442 -0.08252918
v -0.65563971 -0.56198442 -0.07466926
v -0.65570563 -0.56198442 -0.06680934
v -0.65625519 -0.56198442 -0.05894941
v -0.65394551 -0.09824903 -0.09038910
v -0.65242916 -0.09824903 -0.08252918
v -0.65230447 -0.09824903 -0.07466926
v -0.65228432 -0.09824903 -0.06680934
v -0.65370715 -0.09824903 -0.05894941
v -0.65425533 -0.09824903 0.01964981
v -0.65341431 -0.09824903 0.02750973
v -0.65338522 -0.09824903 0.03536965
v -0.65364081 -0.09824903 0.04322957
v -0.65615475 -0.09824903 0.05108950
v -0.64844358 -0.09038910 -0.09345183
v -0.64844358 -0.09384599 -0.09038910
v -0.64844358 -0.09509557 -0.08252918
v -0.64844358 -0.09519716 -0.07466926
v -0.64844358 -0.09523691 -0.06680934
v -0.64844358 -0.09406715 -0.05894941
v -0.64844358 -0.09038910 -0.05558056
v -0.64844358 -0.09038910 0.01618231
v -0.64844358 -0.09354094 0.01964981
v -0.64844358 -0.09423055 0.02750973
v -0.64844358 -0.09427631 0.03536965
v -0.64844358 -0.09413743 0.04322957
v -0.64844358 -0.09195225 0.05108950
v -0.64844358 -0.08252918 -0.05379764
v -0.64844358 -0.08252918 0.01369538
v -0.64844358 -0.07466926 -0.05368952
v -0.64844358 -0.07466926 0.01361562
v -0.64844358 -0.06680934 -0.05365798
v -0.64844358 -0.06680934 0.01364105
v -0.64844358 -0.05894941 -0.05365570
v -0.64844358 -0.05894941 0.01371481
v -0.64844358 -0.05108950 -0.05367579
v -0.64844358 -0.05108950 0.01379144
v -0.64844358 -0.04322957 -0.05366847
v -0.64844358 -0.04322957 0.01383714
v -0.64844358 -0.03536965 -0.05371321
v -0.64844358 -0.03536965 0.01386244
v -0.64844358 -0.02750973 -0.05375315
v -0.64844358 -0.02750973 0.01386868
v -0.64844358 -0.01964981 -0.05379458
v -0.64844358 -0.01964981 0.01387108
v -0.64844358 -0.01178988 -0.05385718
v -0.64844358 -0.01178988 0.01386856
v -0.64844358 -0.00392996 -0.05395151
v -0.64844358 -0.00392996 0.01387696
v -0.64844358 0.00392996 -0.05407666
v -0.64844358 0.00392996 0.01389806
v -0.65325326 0.01178988 -0.09038910
v -0.65425205 0.01178988 -0.08252918
v -0.65416718 0.01178988 -0.07466926
v -0.65429503 0.01178988 -0.06680934
v -0.65355563 0.01178988 -0.05894941
v -0.64844358 0.01178988 -0.05558086
v -0.65459144 0.01178988 0.01964981
v -0.64844358 0.01178988 0.01518446
v -0.65494275 0.01178988 0.02750973
v -0.65478975 0.01178988 0.03536965
v -0.65472287 0.01178988 0.04322957
v -0.65239573 0.01178988 0.05108950
v -0.64844358 0.01544724 -0.09038910
v -0.64844358 0.01630104 -0.08252918
v -0.64844358 0.01626542 -0.07466926
v -0.64844358 0.01641582 -0.06680934
v -0.64844358 0.01576338 -0.05894941
v -0.64844358 0.01654762 0.01964981
v -0.64844358 0.01690118 0.02750973
v -0.64844358 0.01673412 0.03536965
v -0.64844358 0.01668938 0.04322957
v -0.64844358 0.01474419 0.05108950
v -0.64058363 -0.60914397 -0.05417279
v -0.64058363 -0.60128403 -0.05662068
v -0.64058363 -0.59685034 -0.09038910
v -0.64227277 -0.59342414 -0.09038910
v -0.64146799 -0.59342414 -0.08252918
v -0.64058363 -0.59540063 -0.08252918
v -0.64144510 -0.59342414 -0.07466926
v -0.64058363 -0.59535247 -0.07466926
v -0.64147383 -0.59342414 -0.06680934
v -0.64058363 -0.59543681 -0.06680934
v -0.64229667 -0.59342414 -0.05894941
v -0.64058363 -0.59697574 -0.05894941
v -0.64583230 -0.58556420 -0.09038910
v -0.64508516 -0.58556420 -0.08252918
v -0.64506489 -0.58556420 -0.07466926
v -0.64506072 -0.58556420 -0.06680934
v -0.64578295 -0.58556420 -0.05894941
v -0.64390844 -0.09038910 -0.09038910
v -0.64235443 -0.09038910 -0.08252918
v -0.64220244 -0.09038910 -0.07466926
v -0.64216912 -0.09038910 -0.06680934
v -0.64362270 -0.09038910 -0.05894941
v -0.64448124 -0.09038910 0.01964981
v -0.64356416 -0.09038910 0.02750973
v -0.64345163 -0.09038910 0.03536965
v -0.64358580 -0.09038910 0.04322957
v -0.64640397 -0.09038910 0.05108950
v -0.64058363 -0.08252918 -0.09422756
v -0.64058363 -0.08768719 -0.09038910
v -0.64058363 -0.08902313 -0.08252918
v -0.64058363 -0.08913731 -0.07466926
v -0.64058363 -0.08916429 -0.06680934
v -0.64058363 -0.08791387 -0.05894941
v -0.64058363 -0.08252918 -0.05481395
v -0.64058363 -0.08252918 0.01513337
v -0.64058363 -0.08725753 0.01964981
v -0.64058363 -0.08802169 0.02750973
v -0.64058363 -0.08812466 0.03536965
v -0.64058363 -0.08807818 0.04322957
v -0.64058363 -0.08566147 0.05108950
v -0.64058363 -0.07466926 -0.05379158
v -0.64058363 -0.07466926 0.01367067
v -0.64058363 -0.06680934 -0.05369066
v -0.64058363 -0.06680934 0.01365724
v -0.64058363 -0.05894941 -0.05367309
v -0.64058363 -0.05894941 0.01371876
v -0.64058363 -0.05108950 -0.05366074
v -0.64058363 -0.05108950 0.01378701
v -0.64058363 -0.04322957 -0.05368202
v -0.64058363 -0.04322957 0.01384673
v -0.64058363 -0.03536965 -0.05371566
v -0.64058363 -0.03536965 0.01388859
v -0.64058363 -0.02750973 -0.05375332
v -0.64058363 -0.02750973 0.01389543
v -0.64058363 -0.01964981 -0.05380154
v -0.64058363 -0.01964981 0.01389530
v -0.64058363 -0.01178988 -0.05385773
v -0.64058363 -0.01178988 0.01390118
v -0.64058363 -0.00392996 -0.05392069
v -0.64058363 -0.00392996 0.01388691
v -0.64058363 0.00392996 -0.05402929
v -0.64058363 0.00392996 0.01389830
v -0.64058363 0.01178988 -0.05419971
v -0.64058363 0.01178988 0.01397494
v -0.64314717 0.01964981 -0.09038910
v -0.64422333 0.01964981 -0.08252918
v -0.64423859 0.01964981 -0.07466926
v -0.64445966 0.01964981 -0.06680934
v -0.64365941 0.01964981 -0.05894941
v -0.64058363 0.01964981 -0.05658572
v -0.64454019 0.01964981 0.01964981
v -0.64058363 0.01964981 0.01629300
v -0.64503086 0.01964981 0.02750973
v -0.64484239 0.01964981 0.03536965
v -0.64473730 0.01964981 0.04322957
v -0.64242846 0.01964981 0.05108950
v -0.64058363 0.02166120 -0.09038910
v -0.64058363 0.02254235 -0.08252918
v -0.64058363 0.02258516 -0.07466926
v -0.64058363 0.02277586 -0.06680934
v -0.64058363 0.02208624 -0.05894941
v -0.64058363 0.02273952 0.01964981
v -0.64058363 0.02317679 0.02750973
v -0.64058363 0.02303527 0.03536965
v -0.64058363 0.02296559 0.04322957
v -0.64058363 0.02109344 0.05108950
v -0.63272375 -0.63272375 -0.05358608
v -0.63272375 -0.62486380 -0.05442819
v -0.63272375 -0.61700392 -0.05731701
v -0.63272375 -0.61409301 -0.09038910
v -0.63518625 -0.60914397 -0.09038910
v -0.63427842 -0.60914397 -0.08252918
v -0.63272375 -0.61250454 -0.08252918
v -0.63424569 -0.60914397 -0.07466926
v -0.63272375 -0.61241090 -0.07466926
v -0.63429326 -0.60914397 -0.06680934
v -0.63272375 -0.61253607 -0.06680934
v -0.63526869 -0.60914397 -0.05894941
v -0.63272375 -0.61432350 -0.05894941
v -0.63870037 -0.60128403 -0.09038910
v -0.63791490 -0.60128403 -0.08252918
v -0.63789535 -0.60128403 -0.07466926
v -0.63794839 -0.60128403 -0.06680934
v -0.63877881 -0.60128403 -0.05894941
v -0.63374686 -0.08252918 -0.09038910
v -0.63272375 -0.08252918 -0.08533369
v -0.63272375 -0.08289036 -0.08252918
v -0.63272375 -0.08305377 -0.07466926
v -0.63272375 -0.08299872 -0.06680934
v -0.63353151 -0.08252918 -0.05894941
v -0.63272375 -0.08252918 -0.06312063
v -0.63442850 -0.08252918 0.01964981
v -0.63341004 -0.08252918 0.02750973
v -0.63316804 -0.08252918 0.03536965
v -0.63329089 -0.08252918 0.04322957
v -0.63634318 -0.08252918 0.05108950
v -0.63272375 -0.07466926 -0.09468199
v -0.63272375 -0.08165655 -0.09038910
v -0.63272375 -0.08183945 -0.05894941
v -0.63272375 -0.07466926 -0.05437907
v -0.63272375 -0.07466926 0.01442097
v -0.63272375 -0.08115649 0.01964981
v -0.63272375 -0.08202726 0.02750973
v -0.63272375 -0.08220944 0.03536965
v -0.63272375 -0.08211230 0.04322957
v -0.63272375 -0.07948697 0.05108950
v -0.63272375 -0.06680934 -0.05378415
v -0.63272375 -0.06680934 0.01368578
v -0.63272375 -0.05894941 -0.05369450
v -0.63272375 -0.05894941 0.01370821
v -0.63272375 -0.05108950 -0.05364460
v -0.63272375 -0.05108950 0.01375211
v -0.63272375 -0.04322957 -0.05364460
v -0.63272375 -0.04322957 0.01383402
v -0.63272375 -0.03536965 -0.05370199
v -0.63272375 -0.03536965 0.01387971
v -0.63272375 -0.02750973 -0.05375338
v -0.63272375 -0.02750973 0.01392313
v -0.63272375 -0.01964981 -0.05379998
v -0.63272375 -0.01964981 0.01394040
v -0.63272375 -0.01178988 -0.05386294
v -0.63272375 -0.01178988 0.01394172
v -0.63272375 -0.00392996 -0.05390024
v -0.63272375 -0.00392996 0.01391234
v -0.63272375 0.00392996 -0.05399061
v -0.63272375 0.00392996 0.01389219
v -0.63272375 0.01178988 -0.05410569
v -0.63272375 0.01178988 0.01390454
v -0.63272375 0.01964981 -0.05434525
v -0.63272375 0.01964981 0.01407796
v -0.63335210 0.02750973 -0.09038910
v -0.63431501 0.02750973 -0.08252918
v -0.63441664 0.02750973 -0.07466926
v -0.63472980 0.02750973 -0.06680934
v -0.63396013 0.02750973 -0.05894941
v -0.63272375 0.02750973 -0.05785479
v -0.63453901 0.02750973 0.01964981
v -0.63272375 0.02750973 0.01786616
v -0.63510543 0.02750973 0.02750973
v -0.63495398 0.02750973 0.03536965
v -0.63490325 0.02750973 0.04322957
v -0.63274831 0.02750973 0.05108950
v -0.63272375 0.02799726 -0.09038910
v -0.63272375 0.02879997 -0.08252918
v -0.63272375 0.02889040 -0.07466926
v -0.63272375 0.02915425 -0.06680934
v -0.63272375 0.02849366 -0.05894941
v -0.63272375 0.02891834 0.01964981
v -0.63272375 0.02940515 0.02750973
v -0.63272375 0.02930309 0.03536965
v -0.63272375 0.02927634 0.04322957
v -0.63272375 0.02752928 0.05108950
v -0.62486380 -0.64844358 -0.05371704
v -0.62486380 -0.64058363 -0.05481629
v -0.62486380 -0.63272375 -0.05804836
v -0.62486380 -0.63095790 -0.09038910
v -0.62787616 -0.62486380 -0.09038910
v -0.62691367 -0.62486380 -0.08252918
v -0.62486380 -0.62923217 -0.08252918
v -0.62687641 -0.62486380 -0.07466926
v -0.62486380 -0.62914699 -0.07466926
v -0.62694538 -0.62486380 -0.06680934
v -0.62486380 -0.62938881 -0.06680934
v -0.62797898 -0.62486380 -0.05894941
v -0.62486380 -0.63129425 -0.05894941
v -0.63142550 -0.61700392 -0.09038910
v -0.63060528 -0.61700392 -0.08252918
v -0.63056254 -0.61700392 -0.07466926
v -0.63062733 -0.61700392 -0.06680934
v -0.63152856 -0.61700392 -0.05894941
v -0.63225597 -0.08252918 -0.08252918
v -0.63204938 -0.08252918 -0.07466926
v -0.63212758 -0.08252918 -0.06680934
v -0.62486380 -0.07466926 -0.09140362
v -0.62486380 -0.07560936 -0.09038910
v -0.62486380 -0.07692106 -0.08252918
v -0.62486380 -0.07702816 -0.07466926
v -0.62486380 -0.07692873 -0.06680934
v -0.62486380 -0.07566284 -0.05894941
v -0.62486380 -0.07466926 -0.05784310
v -0.62486380 -0.07466926 0.01885681
v -0.62486380 -0.07525250 0.01964981
v -0.62486380 -0.07613850 0.02750973
v -0.62486380 -0.07634874 0.03536965
v -0.62486380 -0.07626419 0.04322957
v -0.62582439 -0.07466926 0.05108950
v -0.62486380 -0.07466926 0.04932024
v -0.62486380 -0.06680934 -0.05407073
v -0.62486380 -0.06680934 0.01399041
v -0.62486380 -0.07381660 0.05108950
v -0.62486380 -0.05894941 -0.05372688
v -0.62486380 -0.05894941 0.01369190
v -0.62486380 -0.05108950 -0.05365120
v -0.62486380 -0.05108950 0.01372416
v -0.62486380 -0.04322957 -0.05364478
v -0.62486380 -0.04322957 0.01381903
v -0.62486380 -0.03536965 -0.05366583
v -0.62486380 -0.03536965 0.01387911
v -0.62486380 -0.02750973 -0.05371830
v -0.62486380 -0.02750973 0.01393908
v -0.62486380 -0.01964981 -0.05378756
v -0.62486380 -0.01964981 0.01395215
v -0.62486380 -0.01178988 -0.05383326
v -0.62486380 -0.01178988 0.01394772
v -0.62486380 -0.00392996 -0.05389287
v -0.62486380 -0.00392996 0.01396151
v -0.62486380 0.00392996 -0.05395073
v -0.62486380 0.00392996 0.01391665
v -0.62486380 0.01178988 -0.05404188
v -0.62486380 0.01178988 0.01388715
v -0.62486380 0.01964981 -0.05413585
v -0.62486380 0.01964981 0.01388895
v -0.62486380 0.02750973 -0.05457055
v -0.62486380 0.02750973 0.01429300
v -0.62486380 0.03406022 -0.09038910
v -0.62486380 0.03496260 -0.08252918
v -0.62486380 0.03504691 -0.07466926
v -0.62486380 0.03527610 -0.06680934
v -0.62486380 0.03463242 -0.05894941
v -0.62486380 0.03495852 0.01964981
v -0.62486380 0.03536473 0.02750973
v -0.62486380 0.03535574 0.03536965
v -0.62492245 0.03536965 0.04322957
v -0.62486380 0.03536965 0.03726495
v -0.62486380 0.03536965 0.04348671
v -0.62486380 0.03325691 0.05108950
v -0.62486380 0.03541498 0.04322957
v -0.61700392 -0.66416341 -0.05383830
v -0.61700392 -0.65630352 -0.05513477
v -0.61700392 -0.64844358 -0.05855789
v -0.61700392 -0.64747816 -0.09038910
v -0.62052232 -0.64058363 -0.09038910
v -0.61951327 -0.64058363 -0.08252918
v -0.61700392 -0.64578730 -0.08252918
v -0.61951965 -0.64058363 -0.07466926
v -0.61700392 -0.64569205 -0.07466926
v -0.61962807 -0.64058363 -0.06680934
v -0.61700392 -0.64603031 -0.06680934
v -0.62069976 -0.64058363 -0.05894941
v -0.61700392 -0.64786690 -0.05894941
v -0.62406260 -0.63272375 -0.09038910
v -0.62320650 -0.63272375 -0.08252918
v -0.62316847 -0.63272375 -0.07466926
v -0.62330115 -0.63272375 -0.06680934
v -0.62422276 -0.63272375 -0.05894941
v -0.62362033 -0.07466926 -0.09038910
v -0.62194133 -0.07466926 -0.08252918
v -0.62179768 -0.07466926 -0.07466926
v -0.62192905 -0.07466926 -0.06680934
v -0.62358248 -0.07466926 -0.05894941
v -0.62407148 -0.07466926 0.01964981
v -0.62293231 -0.07466926 0.02750973
v -0.62265652 -0.07466926 0.03536965
v -0.62277114 -0.07466926 0.04322957
v -0.61700392 -0.06680934 -0.09288587
v -0.61700392 -0.06948594 -0.09038910
v -0.61700392 -0.07085647 -0.08252918
v -0.61700392 -0.07095722 -0.07466926
v -0.61700392 -0.07084262 -0.06680934
v -0.61700392 -0.06947461 -0.05894941
v -0.61700392 -0.06680934 -0.05635395
v -0.61700392 -0.06680934 0.01680428
v -0.61700392 -0.06928433 0.01964981
v -0.61700392 -0.07023798 0.02750973
v -0.61700392 -0.07041302 0.03536965
v -0.61700392 -0.07032134 0.04322957
v -0.61700392 -0.06799272 0.05108950
v -0.61700392 -0.05894941 -0.05385017
v -0.61700392 -0.05894941 0.01380140
v -0.61700392 -0.05108950 -0.05366145
v -0.61700392 -0.05108950 0.01373304
v -0.61700392 -0.04322957 -0.05358626
v -0.61700392 -0.04322957 0.01377369
v -0.61700392 -0.03536965 -0.05360611
v -0.61700392 -0.03536965 0.01384709
v -0.61700392 -0.02750973 -0.05366811
v -0.61700392 -0.02750973 0.01392049
v -0.61700392 -0.01964981 -0.05374721
v -0.61700392 -0.01964981 0.01397074
v -0.61700392 -0.01178988 -0.05380675
v -0.61700392 -0.01178988 0.01398597
v -0.61700392 -0.00392996 -0.05385311
v -0.61700392 -0.00392996 0.01397674
v -0.61700392 0.00392996 -0.05389430
v -0.61700392 0.00392996 0.01394232
v -0.61700392 0.01178988 -0.05396830
v -0.61700392 0.01178988 0.01389543
v -0.61700392 0.01964981 -0.05407289
v -0.61700392 0.01964981 0.01386844
v -0.61700392 0.02750973 -0.05416559
v -0.61700392 0.02750973 0.01388343
v -0.62332213 0.03536965 -0.09038910
v -0.62433046 0.03536965 -0.08252918
v -0.62443650 0.03536965 -0.07466926
v -0.62473977 0.03536965 -0.06680934
v -0.62400490 0.03536965 -0.05894941
v -0.61700392 0.03536965 -0.05499295
v -0.62436384 0.03536965 0.01964981
v -0.61700392 0.03536965 0.01481663
v -0.62485713 0.03536965 0.02750973
v -0.62484521 0.03536965 0.03536965
v -0.62248045 0.03536965 0.05108950
v -0.61700392 0.04020151 -0.09038910
v -0.61700392 0.04106694 -0.08252918
v -0.61700392 0.04109165 -0.07466926
v -0.61700392 0.04131976 -0.06680934
v -0.61700392 0.04052640 -0.05894941
v -0.61700392 0.04085790 0.01964981
v -0.61700392 0.04134267 0.02750973
v -0.61700392 0.04133140 0.03536965
v -0.61700392 0.04149426 0.04322957
v -0.61700392 0.03934962 0.05108950
v -0.60914397 -0.67988324 -0.05390990
v -0.60914397 -0.67202336 -0.05548491
v -0.60943055 -0.66416341 -0.05894941
v -0.60914397 -0.66467786 -0.05894941
v -0.60914397 -0.66416341 -0.06078451
v -0.60914397 -0.66399932 -0.09038910
v -0.61304682 -0.65630352 -0.09038910
v -0.61207134 -0.65630352 -0.08252918
v -0.60914397 -0.66239858 -0.08252918
v -0.61205125 -0.65630352 -0.07466926
v -0.60914397 -0.66234422 -0.07466926
v -0.61217827 -0.65630352 -0.06680934
v -0.60914397 -0.66269904 -0.06680934
v -0.61329269 -0.65630352 -0.05894941
v -0.61655068 -0.64844358 -0.09038910
v -0.61571777 -0.64844358 -0.08252918
v -0.61565119 -0.64844358 -0.07466926
v -0.61582822 -0.64844358 -0.06680934
v -0.61673272 -0.64844358 -0.05894941
v -0.61343747 -0.06680934 -0.09038910
v -0.61164516 -0.06680934 -0.08252918
v -0.61151439 -0.06680934 -0.07466926
v -0.61171114 -0.06680934 -0.06680934
v -0.61345738 -0.06680934 -0.05894941
v -0.61366951 -0.06680934 0.01964981
v -0.61240268 -0.06680934 0.02750973
v -0.61216962 -0.06680934 0.03536965
v -0.61230314 -0.06680934 0.04322957
v -0.61540419 -0.06680934 0.05108950
v -0.60914397 -0.05894941 -0.09402649
v -0.60914397 -0.06347238 -0.09038910
v -0.60914397 -0.06487291 -0.08252918
v -0.60914397 -0.06497526 -0.07466926
v -0.60914397 -0.06482936 -0.06680934
v -0.60914397 -0.06343257 -0.05894941
v -0.60914397 -0.05894941 -0.05519510
v -0.60914397 -0.05894941 0.01535549
v -0.60914397 -0.06335143 0.01964981
v -0.60914397 -0.06429902 0.02750973
v -0.60914397 -0.06446507 0.03536965
v -0.60914397 -0.06439107 0.04322957
v -0.60914397 -0.06181210 0.05108950
v -0.60914397 -0.05108950 -0.05371932
v -0.60914397 -0.05108950 0.01376494
v -0.60914397 -0.04322957 -0.05357744
v -0.60914397 -0.04322957 0.01376170
v -0.60914397 -0.03536965 -0.05356503
v -0.60914397 -0.03536965 0.01382371
v -0.60914397 -0.02750973 -0.05361474
v -0.60914397 -0.02750973 0.01389567
v -0.60914397 -0.01964981 -0.05369690
v -0.60914397 -0.01964981 0.01396163
v -0.60914397 -0.01178988 -0.05376370
v -0.60914397 -0.01178988 0.01400780
v -0.60914397 -0.00392996 -0.05383284
v -0.60914397 -0.00392996 0.01399245
v -0.60914397 0.00392996 -0.05387326
v -0.60914397 0.00392996 0.01396810
v -0.60914397 0.01178988 -0.05392057
v -0.60914397 0.01178988 0.01392433
v -0.60914397 0.01964981 -0.05399847
v -0.60914397 0.01964981 0.01389063
v -0.60914397 0.02750973 -0.05411108
v -0.60914397 0.02750973 0.01386136
v -0.60914397 0.03536965 -0.05418004
v -0.60914397 0.03536965 0.01389171
v -0.61313617 0.04322957 -0.09038910
v -0.61424696 0.04322957 -0.08252918
v -0.61430043 0.04322957 -0.07466926
v -0.61450237 0.04322957 -0.06680934
v -0.61354905 0.04322957 -0.05894941
v -0.60914397 0.04322957 -0.05591308
v -0.61397350 0.04322957 0.01964981
v -0.60914397 0.04322957 0.01577957
v -0.61452198 0.04322957 0.02750973
v -0.61452758 0.04322957 0.03536965
v -0.61473483 0.04322957 0.04322957
v -0.61232448 0.04322957 0.05108950
v -0.60914397 0.04628546 -0.09038910
v -0.60914397 0.04725848 -0.08252918
v -0.60914397 0.04725368 -0.07466926
v -0.60914397 0.04732360 -0.06680934
v -0.60914397 0.04651525 -0.05894941
v -0.60914397 0.04693898 0.01964981
v -0.60914397 0.04739280 0.02750973
v -0.60914397 0.04736690 0.03536965
v -0.60914397 0.04749007 0.04322957
v -0.60914397 0.04560712 0.05108950
v -0.60128403 -0.69560313 -0.05406251
v -0.60128403 -0.68774319 -0.05600446
v -0.60128403 -0.68045914 -0.09038910
v -0.60160941 -0.67988324 -0.09038910
v -0.60128403 -0.67988324 -0.08729256
v -0.60227317 -0.67988324 -0.05894941
v -0.60128403 -0.68179584 -0.05894941
v -0.60128403 -0.67988324 -0.06583177
v -0.60551000 -0.67202336 -0.09038910
v -0.60128403 -0.67910141 -0.08252918
v -0.60466743 -0.67202336 -0.08252918
v -0.60467279 -0.67202336 -0.07466926
v -0.60128403 -0.67910320 -0.07466926
v -0.60486728 -0.67202336 -0.06680934
v -0.60128403 -0.67964923 -0.06680934
v -0.60595942 -0.67202336 -0.05894941
v -0.60906684 -0.66416341 -0.09038910
v -0.60829115 -0.66416341 -0.08252918
v -0.60826784 -0.66416341 -0.07466926
v -0.60844326 -0.66416341 -0.06680934
v -0.60309488 -0.05894941 -0.09038910
v -0.60158968 -0.05894941 -0.08252918
v -0.60136968 -0.05894941 -0.07466926
v -0.60158682 -0.05894941 -0.06680934
v -0.60318893 -0.05894941 -0.05894941
v -0.60333216 -0.05894941 0.01964981
v -0.60216826 -0.05894941 0.02750973
v -0.60194880 -0.05894941 0.03536965
v -0.60207814 -0.05894941 0.04322957
v -0.60531336 -0.05894941 0.05108950
v -0.60128403 -0.05108950 -0.09470837
v -0.60128403 -0.05746399 -0.09038910
v -0.60128403 -0.05871603 -0.08252918
v -0.60128403 -0.05888393 -0.07466926
v -0.60128403 -0.05871825 -0.06680934
v -0.60128403 -0.05740234 -0.05894941
v -0.60128403 -0.05108950 -0.05447406
v -0.60128403 -0.05108950 0.01458456
v -0.60128403 -0.05728775 0.01964981
v -0.60128403 -0.05826898 0.02750973
v -0.60128403 -0.05843952 0.03536965
v -0.60128403 -0.05832972 0.04322957
v -0.60128403 -0.05553031 0.05108950
v -0.60128403 -0.04322957 -0.09524482
v -0.60128403 -0.04322957 -0.05365168
v -0.60128403 -0.04322957 0.01378425
v -0.60128403 -0.03536965 -0.05353019
v -0.60128403 -0.03536965 0.01383066
v -0.60128403 -0.02750973 -0.05356029
v -0.60128403 -0.02750973 0.01390238
v -0.60128403 -0.01964981 -0.05364191
v -0.60128403 -0.01964981 0.01396187
v -0.60128403 -0.01178988 -0.05372586
v -0.60128403 -0.01178988 0.01399365
v -0.60128403 -0.00392996 -0.05379932
v -0.60128403 -0.00392996 0.01401800
v -0.60128403 0.00392996 -0.05384987
v -0.60128403 0.00392996 0.01400025
v -0.60128403 0.01178988 -0.05390606
v -0.60128403 0.01178988 0.01396355
v -0.60128403 0.01964981 -0.05397022
v -0.60128403 0.01964981 0.01390934
v -0.60128403 0.02750973 -0.05403061
v -0.60128403 0.02750973 0.01386940
v -0.60128403 0.03536965 -0.05409231
v -0.60128403 0.03536965 0.01385309
v -0.60128403 0.04322957 -0.05418562
v -0.60128403 0.04322957 0.01393752
v -0.60311079 0.05108950 -0.09038910
v -0.60427862 0.05108950 -0.08252918
v -0.60422957 0.05108950 -0.07466926
v -0.60430545 0.05108950 -0.06680934
v -0.60335159 0.05108950 -0.05894941
v -0.60128403 0.05108950 -0.05719096
v -0.60398579 0.05108950 0.01964981
v -0.60128403 0.05108950 0.01706933
v -0.60449839 0.05108950 0.02750973
v -0.60444725 0.05108950 0.03536965
v -0.60452402 0.05108950 0.04322957
v -0.60236835 0.05108950 0.05108950
v -0.60128403 0.05250602 -0.09038910
v -0.60128403 0.05347100 -0.08252918
v -0.60128403 0.05342543 -0.07466926
v -0.60128403 0.05346609 -0.06680934
v -0.60128403 0.05268520 -0.05894941
v -0.60128403 0.05326004 0.01964981
v -0.60128403 0.05368520 0.02750973
v -0.60128403 0.05361348 0.03536965
v -0.60128403 0.05363363 0.04322957
v -0.60128403 0.05191679 0.05108950
v -0.59342414 -0.71918291 -0.05370073
v -0.59342414 -0.71132296 -0.05443070
v -0.59342414 -0.70346302 -0.05686156
v -0.59342414 -0.69776857 -0.09038910
v -0.59450263 -0.69560313 -0.09038910
v -0.59376329 -0.69560313 -0.08252918
v -0.59342414 -0.69637859 -0.08252918
v -0.59384751 -0.69560313 -0.07466926
v -0.59342414 -0.69657135 -0.07466926
v -0.59414339 -0.69560313 -0.06680934
v -0.59342414 -0.69725883 -0.06680934
v -0.59533054 -0.69560313 -0.05894941
v -0.59342414 -0.69958353 -0.05894941
v -0.59807926 -0.68774319 -0.09038910
v -0.59731495 -0.68774319 -0.08252918
v -0.59739846 -0.68774319 -0.07466926
v -0.59765923 -0.68774319 -0.06680934
v -0.59876931 -0.68774319 -0.05894941
v -0.60090578 -0.67988324 -0.08252918
v -0.60090619 -0.67988324 -0.07466926
v -0.60117245 -0.67988324 -0.06680934
v -0.59342414 -0.05108950 -0.09078369
v -0.59342414 -0.05142483 -0.09038910
v -0.59342414 -0.05255927 -0.08252918
v -0.59342414 -0.05270961 -0.07466926
v -0.59342414 -0.05257037 -0.06680934
v -0.59342414 -0.05134927 -0.05894941
v -0.59342414 -0.05108950 -0.05863771
v -0.59342414 -0.05108950 0.01953239
v -0.59342414 -0.05117465 0.01964981
v -0.59342414 -0.05200668 0.02750973
v -0.59342414 -0.05220895 0.03536965
v -0.59342414 -0.05203636 0.04322957
v -0.59552050 -0.05108950 0.05108950
v -0.59342414 -0.05108950 0.04672885
v -0.59342414 -0.04322957 -0.09508580
v -0.59342414 -0.04322957 -0.05404896
v -0.59342414 -0.04322957 0.01420725
v -0.59342414 -0.04922424 0.05108950
v -0.59342414 -0.03536965 -0.05358482
v -0.59342414 -0.03536965 0.01383570
v -0.59342414 -0.02750973 -0.05352749
v -0.59342414 -0.02750973 0.01389051
v -0.59342414 -0.01964981 -0.05358650
v -0.59342414 -0.01964981 0.01393896
v -0.59342414 -0.01178988 -0.05369186
v -0.59342414 -0.01178988 0.01399485
v -0.59342414 -0.00392996 -0.05376760
v -0.59342414 -0.00392996 0.01400372
v -0.59342414 0.00392996 -0.05383542
v -0.59342414 0.00392996 0.01400576
v -0.59342414 0.01178988 -0.05389581
v -0.59342414 0.01178988 0.01397146
v -0.59342414 0.01964981 -0.05394144
v -0.59342414 0.01964981 0.01393344
v -0.59342414 0.02750973 -0.05399001
v -0.59342414 0.02750973 0.01389650
v -0.59342414 0.03536965 -0.05403277
v -0.59342414 0.03536965 0.01384685
v -0.59342414 0.04322957 -0.05404206
v -0.59342414 0.04322957 0.01382982
v -0.59342414 0.05108950 -0.05429014
v -0.59342414 0.05108950 0.01406669
v -0.59342414 0.05879458 -0.09038910
v -0.59421772 0.05894941 -0.08252918
v -0.59342414 0.05894941 -0.08918252
v -0.59418231 0.05894941 -0.07466926
v -0.59416842 0.05894941 -0.06680934
v -0.59347820 0.05894941 -0.05894941
v -0.59342414 0.05894941 -0.05889467
v -0.59418988 0.05894941 0.01964981
v -0.59342414 0.05894941 0.01882683
v -0.59463549 0.05894941 0.02750973
v -0.59444505 0.05894941 0.03536965
v -0.59440517 0.05894941 0.04322957
v -0.59342414 0.05894941 0.04760988
v -0.59342414 0.05790468 0.05108950
v -0.59342414 0.05957103 -0.08252918
v -0.59342414 0.05954129 -0.07466926
v -0.59342414 0.05952713 -0.06680934
v -0.59342414 0.05899139 -0.05894941
v -0.59342414 0.05955484 0.01964981
v -0.59342414 0.05992855 0.02750973
v -0.59342414 0.05976184 0.03536965
v -0.59342414 0.05971951 0.04322957
v -0.58556420 -0.73490274 -0.05388591
v -0.58556420 -0.72704279 -0.05496363
v -0.58556420 -0.71918291 -0.05798510
v -0.58556420 -0.71629000 -0.09038910
v -0.58778596 -0.71132296 -0.09038910
v -0.58692074 -0.71132296 -0.08252918
v -0.58556420 -0.71460396 -0.08252918
v -0.58699483 -0.71132296 -0.07466926
v -0.58556420 -0.71466458 -0.07466926
v -0.58726037 -0.71132296 -0.06680934
v -0.58556420 -0.71527743 -0.06680934
v -0.58849722 -0.71132296 -0.05894941
v -0.58556420 -0.71758568 -0.05894941
v -0.59104329 -0.70346302 -0.09038910
v -0.59027195 -0.70346302 -0.08252918
v -0.59035778 -0.70346302 -0.07466926
v -0.59063751 -0.70346302 -0.06680934
v -0.59179008 -0.70346302 -0.05894941
v -0.59299666 -0.05108950 -0.09038910
v -0.59159958 -0.05108950 -0.08252918
v -0.59142309 -0.05108950 -0.07466926
v -0.59159678 -0.05108950 -0.06680934
v -0.59309119 -0.05108950 -0.05894941
v -0.59331501 -0.05108950 0.01964981
v -0.59228957 -0.05108950 0.02750973
v -0.59204775 -0.05108950 0.03536965
v -0.59226578 -0.05108950 0.04322957
v -0.58556420 -0.04322957 -0.09235673
v -0.58556420 -0.04510406 -0.09038910
v -0.58556420 -0.04634369 -0.08252918
v -0.58556420 -0.04644971 -0.07466926
v -0.58556420 -0.04633008 -0.06680934
v -0.58556420 -0.04504128 -0.05894941
v -0.58556420 -0.04322957 -0.05702521
v -0.58556420 -0.04322957 0.01773076
v -0.58556420 -0.04481233 0.01964981
v -0.58556420 -0.04572454 0.02750973
v -0.58556420 -0.04585430 0.03536965
v -0.58556420 -0.04568100 0.04322957
v -0.58556420 -0.04328942 0.05108950
v -0.58556420 -0.03536965 -0.05382966
v -0.58556420 -0.03536965 0.01399869
v -0.58556420 -0.02750973 -0.05356173
v -0.58556420 -0.02750973 0.01386496
v -0.58556420 -0.01964981 -0.05354992
v -0.58556420 -0.01964981 0.01388511
v -0.58556420 -0.01178988 -0.05364790
v -0.58556420 -0.01178988 0.01395419
v -0.58556420 -0.00392996 -0.05373605
v -0.58556420 -0.00392996 0.01397830
v -0.58556420 0.00392996 -0.05381899
v -0.58556420 0.00392996 0.01398969
v -0.58556420 0.01178988 -0.05386606
v -0.58556420 0.01178988 0.01397746
v -0.58556420 0.01964981 -0.05392693
v -0.58556420 0.01964981 0.01395659
v -0.58556420 0.02750973 -0.05396609
v -0.58556420 0.02750973 0.01392529
v -0.58556420 0.03536965 -0.05398605
v -0.58556420 0.03536965 0.01385489
v -0.58556420 0.04322957 -0.05400998
v -0.58556420 0.04322957 0.01384146
v -0.58556420 0.05108950 -0.05399187
v -0.58556420 0.05108950 0.01382143
v -0.59324729 0.05894941 -0.09038910
v -0.58556420 0.05894941 -0.05458770
v -0.58556420 0.05894941 0.01442085
v -0.59229040 0.05894941 0.05108950
v -0.58556420 0.06466470 -0.09038910
v -0.58556420 0.06576796 -0.08252918
v -0.58556420 0.06565282 -0.07466926
v -0.58556420 0.06566182 -0.06680934
v -0.58556420 0.06506312 -0.05894941
v -0.58556420 0.06557523 0.01964981
v -0.58556420 0.06602594 0.02750973
v -0.58556420 0.06585419 0.03536965
v -0.58556420 0.06582529 0.04322957
v -0.58556420 0.06389713 0.05108950
v -0.57770425 -0.75260007 -0.05108950
v -0.57770425 -0.75062257 -0.05283806
v -0.57770425 -0.74276263 -0.05564790
v -0.57770425 -0.73498899 -0.09038910
v -0.57775247 -0.73490274 -0.09038910
v -0.57770425 -0.73490274 -0.09000280
v -0.57800925 -0.73490274 -0.05894941
v -0.57770425 -0.73547465 -0.05894941
v -0.57770425 -0.73490274 -0.06093976
v -0.58129019 -0.72704279 -0.09038910
v -0.57770425 -0.73331654 -0.08252918
v -0.58041418 -0.72704279 -0.08252918
v -0.58042538 -0.72704279 -0.07466926
v -0.57770425 -0.73314792 -0.07466926
v -0.58053958 -0.72704279 -0.06680934
v -0.57770425 -0.73345089 -0.06680934
v -0.58161765 -0.72704279 -0.05894941
v -0.58440650 -0.71918291 -0.09038910
v -0.58359975 -0.71918291 -0.08252918
v -0.58358055 -0.71918291 -0.07466926
v -0.58383328 -0.71918291 -0.06680934
v -0.58487993 -0.71918291 -0.05894941
v -0.58316213 -0.04322957 -0.09038910
v -0.58156538 -0.04322957 -0.08252918
v -0.58140939 -0.04322957 -0.07466926
v -0.58157331 -0.04322957 -0.06680934
v -0.58321416 -0.04322957 -0.05894941
v -0.58355576 -0.04322957 0.01964981
v -0.58244574 -0.04322957 0.02750973
v -0.58229661 -0.04322957 0.03536965
v -0.58254141 -0.04322957 0.04322957
v -0.58548933 -0.04322957 0.05108950
v -0.57770425 -0.03536965 -0.09356979
v -0.57770425 -0.03885724 -0.09038910
v -0.57770425 -0.04016355 -0.08252918
v -0.57770425 -0.04028804 -0.07466926
v -0.57770425 -0.04016612 -0.06680934
v -0.57770425 -0.03891954 -0.05894941
v -0.57770425 -0.03536965 -0.05562662
v -0.57770425 -0.03536965 0.01617343
v -0.57770425 -0.03860970 0.01964981
v -0.57770425 -0.03943267 0.02750973
v -0.57770425 -0.03951171 0.03536965
v -0.57770425 -0.03933631 0.04322957
v -0.57770425 -0.03678792 0.05108950
v -0.57770425 -0.02750973 -0.05367699
v -0.57770425 -0.02750973 0.01387300
v -0.57770425 -0.01964981 -0.05353876
v -0.57770425 -0.01964981 0.01383150
v -0.57770425 -0.01178988 -0.05358086
v -0.57770425 -0.01178988 0.01386340
v -0.57770425 -0.00392996 -0.05367669
v -0.57770425 -0.00392996 0.01391509
v -0.57770425 0.00392996 -0.05375021
v -0.57770425 0.00392996 0.01393560
v -0.57770425 0.01178988 -0.05383188
v -0.57770425 0.01178988 0.01395251
v -0.57770425 0.01964981 -0.05387602
v -0.57770425 0.01964981 0.01392145
v -0.57770425 0.02750973 -0.05391799
v -0.57770425 0.02750973 0.01390454
v -0.57770425 0.03536965 -0.05393976
v -0.57770425 0.03536965 0.01387108
v -0.57770425 0.04322957 -0.05394714
v -0.57770425 0.04322957 0.01382191
v -0.57770425 0.05108950 -0.05395883
v -0.57770425 0.05108950 0.01379288
v -0.57770425 0.05894941 -0.05397286
v -0.57770425 0.05894941 0.01382814
v -0.58295918 0.06680934 -0.09038910
v -0.58421135 0.06680934 -0.08252918
v -0.58407080 0.06680934 -0.07466926
v -0.58406180 0.06680934 -0.06680934
v -0.58347982 0.06680934 -0.05894941
v -0.57770425 0.06680934 -0.05516649
v -0.58403438 0.06680934 0.01964981
v -0.57770425 0.06680934 0.01513229
v -0.58452660 0.06680934 0.02750973
v -0.58430225 0.06680934 0.03536965
v -0.58425808 0.06680934 0.04322957
v -0.58213663 0.06680934 0.05108950
v -0.57770425 0.07080622 -0.09038910
v -0.57770425 0.07187914 -0.08252918
v -0.57770425 0.07178187 -0.07466926
v -0.57770425 0.07181042 -0.06680934
v -0.57770425 0.07123163 -0.05894941
v -0.57770425 0.07161541 0.01964981
v -0.57770425 0.07203326 0.02750973
v -0.57770425 0.07186079 0.03536965
v -0.57770425 0.07187495 0.04322957
v -0.57770425 0.07008291 0.05108950
v -0.56984437 -0.75460088 -0.05108950
v -0.56984437 -0.75062257 -0.05869732
v -0.56984437 -0.74968302 -0.09038910
v -0.57409036 -0.74276263 -0.09038910
v -0.57329923 -0.74276263 -0.08252918
v -0.56984437 -0.74836707 -0.08252918
v -0.57332480 -0.74276263 -0.07466926
v -0.56984437 -0.74841851 -0.07466926
v -0.57335210 -0.74276263 -0.06680934
v -0.56984437 -0.74867672 -0.06680934
v -0.57454544 -0.74276263 -0.05894941
v -0.56984437 -0.75039107 -0.05894941
v -0.57700336 -0.73490274 -0.08252918
v -0.57692200 -0.73490274 -0.07466926
v -0.57705086 -0.73490274 -0.06680934
v -0.57314545 -0.03536965 -0.09038910
v -0.57155949 -0.03536965 -0.08252918
v -0.57135653 -0.03536965 -0.07466926
v -0.57149976 -0.03536965 -0.06680934
v -0.57292593 -0.03536965 -0.05894941
v -0.57343704 -0.03536965 0.01964981
v -0.57240444 -0.03536965 0.02750973
v -0.57234931 -0.03536965 0.03536965
v -0.57262301 -0.03536965 0.04322957
v -0.57586205 -0.03536965 0.05108950
v -0.56984437 -0.02750973 -0.09443954
v -0.56984437 -0.03271164 -0.09038910
v -0.56984437 -0.03402748 -0.08252918
v -0.56984437 -0.03419431 -0.07466926
v -0.56984437 -0.03409429 -0.06680934
v -0.56984437 -0.03294557 -0.05894941
v -0.56984437 -0.02750973 -0.05462338
v -0.56984437 -0.02750973 0.01498957
v -0.56984437 -0.03258007 0.01964981
v -0.56984437 -0.03338056 0.02750973
v -0.56984437 -0.03339555 0.03536965
v -0.56984437 -0.03317776 0.04322957
v -0.56984437 -0.03050637 0.05108950
v -0.56984437 -0.01964981 -0.05358722
v -0.56984437 -0.01964981 0.01380584
v -0.56984437 -0.01178988 -0.05353481
v -0.56984437 -0.01178988 0.01379060
v -0.56984437 -0.00392996 -0.05360161
v -0.56984437 -0.00392996 0.01382430
v -0.56984437 0.00392996 -0.05368670
v -0.56984437 0.00392996 0.01386484
v -0.56984437 0.01178988 -0.05375135
v -0.56984437 0.01178988 0.01388727
v -0.56984437 0.01964981 -0.05380460
v -0.56984437 0.01964981 0.01390358
v -0.56984437 0.02750973 -0.05385353
v -0.56984437 0.02750973 0.01389087
v -0.56984437 0.03536965 -0.05388213
v -0.56984437 0.03536965 0.01386604
v -0.56984437 0.04322957 -0.05388675
v -0.56984437 0.04322957 0.01382203
v -0.56984437 0.05108950 -0.05390198
v -0.56984437 0.05108950 0.01377501
v -0.56984437 0.05894941 -0.05393076
v -0.56984437 0.05894941 0.01377034
v -0.56984437 0.06680934 -0.05397694
v -0.56984437 0.06680934 0.01386628
v -0.57287145 0.07466926 -0.09038910
v -0.57419431 0.07466926 -0.08252918
v -0.57406795 0.07466926 -0.07466926
v -0.57412994 0.07466926 -0.06680934
v -0.57336664 0.07466926 -0.05894941
v -0.56984437 0.07466926 -0.05623132
v -0.57376003 0.07466926 0.01964981
v -0.56984437 0.07466926 0.01633126
v -0.57432342 0.07466926 0.02750973
v -0.57413805 0.07466926 0.03536965
v -0.57411355 0.07466926 0.04322957
v -0.57202876 0.07466926 0.05108950
v -0.56984437 0.07702522 -0.09038910
v -0.56984437 0.07811242 -0.08252918
v -0.56984437 0.07798529 -0.07466926
v -0.56984437 0.07802558 -0.06680934
v -0.56984437 0.07736919 -0.05894941
v -0.56984437 0.07765979 0.01964981
v -0.56984437 0.07812141 0.02750973
v -0.56984437 0.07799740 0.03536965
v -0.56984437 0.07797857 0.04322957
v -0.56984437 0.07633729 0.05108950
v -0.56198442 -0.76215678 -0.09038910
v -0.56385958 -0.75848252 -0.09038910
v -0.56198442 -0.75848252 -0.08653332
v -0.56924862 -0.75062257 -0.09038910
v -0.56198442 -0.75675267 -0.08252918
v -0.56823617 -0.75062257 -0.08252918
v -0.56822431 -0.75062257 -0.07466926
v -0.56198442 -0.75593370 -0.07466926
v -0.56848460 -0.75062257 -0.06680934
v -0.56198442 -0.75625926 -0.06680934
v -0.56968141 -0.75062257 -0.05894941
v -0.56198442 -0.75689924 -0.05894941
v -0.56297177 -0.02750973 -0.09038910
v -0.56198442 -0.02750973 -0.08565248
v -0.56198442 -0.02794550 -0.08252918
v -0.56198442 -0.02814285 -0.07466926
v -0.56198442 -0.02803509 -0.06680934
v -0.56244594 -0.02750973 -0.05894941
v -0.56198442 -0.02750973 -0.06182019
v -0.56302005 -0.02750973 0.01964981
v -0.56219316 -0.02750973 0.02750973
v -0.56216782 -0.02750973 0.03536965
v -0.56252563 -0.02750973 0.04322957
v -0.56577706 -0.02750973 0.05108950
v -0.56198442 -0.01964981 -0.09500754
v -0.56198442 -0.02668813 -0.09038910
v -0.56198442 -0.02712570 -0.05894941
v -0.56198442 -0.01964981 -0.05405562
v -0.56198442 -0.01964981 0.01429732
v -0.56198442 -0.02667967 0.01964981
v -0.56198442 -0.02735453 0.02750973
v -0.56198442 -0.02737348 0.03536965
v -0.56198442 -0.02709524 0.04322957
v -0.56198442 -0.02434032 0.05108950
v -0.56198442 -0.01178988 -0.05356017
v -0.56198442 -0.01178988 0.01375031
v -0.56198442 -0.00392996 -0.05354548
v -0.56198442 -0.00392996 0.01375894
v -0.56198442 0.00392996 -0.05361666
v -0.56198442 0.00392996 0.01377993
v -0.56198442 0.01178988 -0.05368664
v -0.56198442 0.01178988 0.01383834
v -0.56198442 0.01964981 -0.05373485
v -0.56198442 0.01964981 0.01386580
v -0.56198442 0.02750973 -0.05377785
v -0.56198442 0.02750973 0.01386796
v -0.56198442 0.03536965 -0.05382024
v -0.56198442 0.03536965 0.01385969
v -0.56198442 0.04322957 -0.05382127
v -0.56198442 0.04322957 0.01383378
v -0.56198442 0.05108950 -0.05383896
v -0.56198442 0.05108950 0.01378461
v -0.56198442 0.05894941 -0.05388537
v -0.56198442 0.05894941 0.01376266
v -0.56198442 0.06680934 -0.05391877
v -0.56198442 0.06680934 0.01377441
v -0.56198442 0.07466926 -0.05409297
v -0.56198442 0.07466926 0.01395311
v -0.56311399 0.08252918 -0.09038910
v -0.56426549 0.08252918 -0.08252918
v -0.56411433 0.08252918 -0.07466926
v -0.56411487 0.08252918 -0.06680934
v -0.56329030 0.08252918 -0.05894941
v -0.56198442 0.08252918 -0.05777539
v -0.56367815 0.08252918 0.01964981
v -0.56198442 0.08252918 0.01794940
v -0.56420392 0.08252918 0.02750973
v -0.56404305 0.08252918 0.03536965
v -0.56405932 0.08252918 0.04322957
v -0.56225723 0.08252918 0.05108950
v -0.56198442 0.08342844 -0.09038910
v -0.56198442 0.08438071 -0.08252918
v -0.56198442 0.08425441 -0.07466926
v -0.56198442 0.08422923 -0.06680934
v -0.56198442 0.08353518 -0.05894941
v -0.56198442 0.08386787 0.01964981
v -0.56198442 0.08430623 0.02750973
v -0.56198442 0.08419061 0.03536965
v -0.56198442 0.08420213 0.04322957
v -0.56198442 0.08274195 0.05108950
v -0.55912274 -0.76634240 -0.09038910
v -0.56142533 -0.02750973 -0.08252918
v -0.56117374 -0.02750973 -0.07466926
v -0.56129491 -0.02750973 -0.06680934
v -0.55412453 -0.01964981 -0.09152919
v -0.55412453 -0.02066012 -0.09038910
v -0.55412453 -0.02186317 -0.08252918
v -0.55412453 -0.02205164 -0.07466926
v -0.55412453 -0.02203821 -0.06680934
v -0.55412453 -0.02100942 -0.05894941
v -0.55412453 -0.01964981 -0.05739335
v -0.55412453 -0.01964981 0.01834062
v -0.55412453 -0.02064237 0.01964981
v -0.55412453 -0.02129726 0.02750973
v -0.55412453 -0.02126080 0.03536965
v -0.55412453 -0.02097872 0.04322957
v -0.55552453 -0.01964981 0.05108950
v -0.55412453 -0.01964981 0.04828738
v -0.55412453 -0.01178988 -0.05378145
v -0.55412453 -0.01178988 0.01398142
v -0.55412453 -0.01842553 0.05108950
v -0.55412453 -0.00392996 -0.05354842
v -0.55412453 -0.00392996 0.01373064
v -0.55412453 0.00392996 -0.05356179
v -0.55412453 0.00392996 0.01373376
v -0.55412453 0.01178988 -0.05360287
v -0.55412453 0.01178988 0.01378821
v -0.55412453 0.01964981 -0.05366529
v -0.55412453 0.01964981 0.01382263
v -0.55412453 0.02750973 -0.05372082
v -0.55412453 0.02750973 0.01385357
v -0.55412453 0.03536965 -0.05375369
v -0.55412453 0.03536965 0.01386148
v -0.55412453 0.04322957 -0.05377251
v -0.55412453 0.04322957 0.01383978
v -0.55412453 0.05108950 -0.05380250
v -0.55412453 0.05108950 0.01380847
v -0.55412453 0.05894941 -0.05383230
v -0.55412453 0.05894941 0.01375630
v -0.55412453 0.06680934 -0.05388477
v -0.55412453 0.06680934 0.01374935
v -0.55412453 0.07466926 -0.05391379
v -0.55412453 0.07466926 0.01377681
v -0.55412453 0.08252918 -0.05434309
v -0.55412453 0.08252918 0.01419766
v -0.55412453 0.08969517 -0.09038910
v -0.55440032 0.09038910 -0.08252918
v -0.55412453 0.09038910 -0.08482512
v -0.55420566 0.09038910 -0.07466926
v -0.55412453 0.09038910 -0.07087164
v -0.55412453 0.09032470 -0.06680934
v -0.55412453 0.08963365 -0.05894941
v -0.55412453 0.09019002 0.01964981
v -0.55427271 0.09038910 0.02750973
v -0.55412453 0.09038910 0.02433942
v -0.55419904 0.09038910 0.03536965
v -0.55421406 0.09038910 0.04322957
v -0.55412453 0.09038910 0.04371866
v -0.55412453 0.08876581 0.05108950
v -0.55412453 0.09060750 -0.08252918
v -0.55412453 0.09045351 -0.07466926
v -0.55412453 0.09050688 0.02750973
v -0.55412453 0.09044835 0.03536965
v -0.55412453 0.09046070 0.04322957
v -0.55282807 -0.01964981 -0.09038910
v -0.55135024 -0.01964981 -0.08252918
v -0.55111998 -0.01964981 -0.07466926
v -0.55113238 -0.01964981 -0.06680934
v -0.55237645 -0.01964981 -0.05894941
v -0.55285531 -0.01964981 0.01964981
v -0.55206710 -0.01964981 0.02750973
v -0.55211008 -0.01964981 0.03536965
v -0.55246276 -0.01964981 0.04322957
v -0.54626459 -0.01178988 -0.09304250
v -0.54626459 -0.01446031 -0.09038910
v -0.54626459 -0.01561928 -0.08252918
v -0.54626459 -0.01579978 -0.07466926
v -0.54626459 -0.01582137 -0.06680934
v -0.54626459 -0.01477771 -0.05894941
v -0.54626459 -0.01178988 -0.05599409
v -0.54626459 -0.01178988 0.01664848
v -0.54626459 -0.01441312 0.01964981
v -0.54626459 -0.01504276 0.02750973
v -0.54626459 -0.01500522 0.03536965
v -0.54626459 -0.01476356 0.04322957
v -0.54626459 -0.01243488 0.05108950
v -0.54626459 -0.00392996 -0.05368580
v -0.54626459 -0.00392996 0.01383114
v -0.54626459 0.00392996 -0.05356611
v -0.54626459 0.00392996 0.01373208
v -0.54626459 0.01178988 -0.05356767
v -0.54626459 0.01178988 0.01372884
v -0.54626459 0.01964981 -0.05361162
v -0.54626459 0.01964981 0.01378809
v -0.54626459 0.02750973 -0.05365276
v -0.54626459 0.02750973 0.01384122
v -0.54626459 0.03536965 -0.05369054
v -0.54626459 0.03536965 0.01386148
v -0.54626459 0.04322957 -0.05372586
v -0.54626459 0.04322957 0.01386964
v -0.54626459 0.05108950 -0.05376472
v -0.54626459 0.05108950 0.01384781
v -0.54626459 0.05894941 -0.05378990
v -0.54626459 0.05894941 0.01380667
v -0.54626459 0.06680934 -0.05384177
v -0.54626459 0.06680934 0.01374971
v -0.54626459 0.07466926 -0.05388999
v -0.54626459 0.07466926 0.01375894
v -0.54626459 0.08252918 -0.05392693
v -0.54626459 0.08252918 0.01380811
v -0.55334157 0.09038910 -0.09038910
v -0.55404025 0.09038910 -0.06680934
v -0.55322862 0.09038910 -0.05894941
v -0.54626459 0.09038910 -0.05482972
v -0.55389363 0.09038910 0.01964981
v -0.54626459 0.09038910 0.01462078
v -0.55230784 0.09038910 0.05108950
v -0.54626459 0.09589223 -0.09038910
v -0.54626459 0.09687028 -0.08252918
v -0.54626459 0.09662777 -0.07466926
v -0.54626459 0.09655701 -0.06680934
v -0.54626459 0.09575322 -0.05894941
v -0.54626459 0.09653087 0.01964981
v -0.54626459 0.09686513 0.02750973
v -0.54626459 0.09678344 0.03536965
v -0.54626459 0.09690398 0.04322957
v -0.54626459 0.09504682 0.05108950
v -0.54285043 -0.01178988 -0.09038910
v -0.54139203 -0.01178988 -0.08252918
v -0.54117006 -0.01178988 -0.07466926
v -0.54114944 -0.01178988 -0.06680934
v -0.54244041 -0.01178988 -0.05894941
v -0.54290855 -0.01178988 0.01964981
v -0.54212683 -0.01178988 0.02750973
v -0.54219252 -0.01178988 0.03536965
v -0.54249173 -0.01178988 0.04322957
v -0.54543817 -0.01178988 0.05108950
v -0.53840464 -0.00392996 -0.09408550
v -0.53840464 -0.00819729 -0.09038910
v -0.53840464 -0.00939081 -0.08252918
v -0.53840464 -0.00953460 -0.07466926
v -0.53840464 -0.00957916 -0.06680934
v -0.53840464 -0.00851823 -0.05894941
v -0.53840464 -0.00392996 -0.05503631
v -0.53840464 -0.00392996 0.01544448
v -0.53840464 -0.00821492 0.01964981
v -0.53840464 -0.00882262 0.02750973
v -0.53840464 -0.00874874 0.03536965
v -0.53840464 -0.00853341 0.04322957
v -0.53840464 -0.00601493 0.05108950
v -0.53840464 0.00392996 -0.05365024
v -0.53840464 0.00392996 0.01378161
v -0.53840464 0.01178988 -0.05354296
v -0.53840464 0.01178988 0.01372812
v -0.53840464 0.01964981 -0.05356647
v -0.53840464 0.01964981 0.01376038
v -0.53840464 0.02750973 -0.05359783
v -0.53840464 0.02750973 0.01383426
v -0.53840464 0.03536965 -0.05363891
v -0.53840464 0.03536965 0.01387072
v -0.53840464 0.04322957 -0.05368550
v -0.53840464 0.04322957 0.01388175
v -0.53840464 0.05108950 -0.05373090
v -0.53840464 0.05108950 0.01387336
v -0.53840464 0.05894941 -0.05377467
v -0.53840464 0.05894941 0.01384565
v -0.53840464 0.06680934 -0.05380951
v -0.53840464 0.06680934 0.01379564
v -0.53840464 0.07466926 -0.05384633
v -0.53840464 0.07466926 0.01376506
v -0.53840464 0.08252918 -0.05389544
v -0.53840464 0.08252918 0.01378617
v -0.53840464 0.09038910 -0.05393304
v -0.53840464 0.09038910 0.01384853
v -0.54341322 0.09824903 -0.09038910
v -0.54449332 0.09824903 -0.08252918
v -0.54419392 0.09824903 -0.07466926
v -0.54409039 0.09824903 -0.06680934
v -0.54321080 0.09824903 -0.05894941
v -0.53840464 0.09824903 -0.05556089
v -0.54419667 0.09824903 0.01964981
v -0.53840464 0.09824903 0.01527609
v -0.54449719 0.09824903 0.02750973
v -0.54440820 0.09824903 0.03536965
v -0.54457730 0.09824903 0.04322957
v -0.54250371 0.09824903 0.05108950
v -0.53840464 0.10206673 -0.09038910
v -0.53840464 0.10297498 -0.08252918
v -0.53840464 0.10275143 -0.07466926
v -0.53840464 0.10271089 -0.06680934
v -0.53840464 0.10200845 -0.05894941
v -0.53840464 0.10281295 0.01964981
v -0.53840464 0.10311627 0.02750973
v -0.53840464 0.10306109 0.03536965
v -0.53840464 0.10325059 0.04322957
v -0.53840464 0.10143984 0.05108950
v -0.53298151 -0.00392996 -0.09038910
v -0.53164494 -0.00392996 -0.08252918
v -0.53135270 -0.00392996 -0.07466926
v -0.53132945 -0.00392996 -0.06680934
v -0.53258711 -0.00392996 -0.05894941
v -0.53286743 -0.00392996 0.01964981
v -0.53210992 -0.00392996 0.02750973
v -0.53220570 -0.00392996 0.03536965
v -0.53253102 -0.00392996 0.04322957
v -0.53571630 -0.00392996 0.05108950
v -0.53054476 0.00392996 -0.09475802
v -0.53054476 -0.00189734 -0.09038910
v -0.53054476 -0.00305613 -0.08252918
v -0.53054476 -0.00330079 -0.07466926
v -0.53054476 -0.00331794 -0.06680934
v -0.53054476 -0.00221156 -0.05894941
v -0.53054476 0.00392996 -0.05443262
v -0.53054476 0.00392996 0.01466324
v -0.53054476 -0.00204570 0.01964981
v -0.53054476 -0.00272979 0.02750973
v -0.53054476 -0.00264644 0.03536965
v -0.53054476 -0.00238163 0.04322957
v -0.53054476 0.00036340 0.05108950
v -0.53054476 0.01178988 -0.05359603
v -0.53054476 0.01178988 0.01376038
v -0.53054476 0.01964981 -0.05352041
v -0.53054476 0.01964981 0.01374575
v -0.53054476 0.02750973 -0.05353223
v -0.53054476 0.02750973 0.01381147
v -0.53054476 0.03536965 -0.05359531
v -0.53054476 0.03536965 0.01386124
v -0.53054476 0.04322957 -0.05364784
v -0.53054476 0.04322957 0.01390538
v -0.53054476 0.05108950 -0.05368928
v -0.53054476 0.05108950 0.01392181
v -0.53054476 0.05894941 -0.05373336
v -0.53054476 0.05894941 0.01388811
v -0.53054476 0.06680934 -0.05377953
v -0.53054476 0.06680934 0.01385093
v -0.53054476 0.07466926 -0.05381689
v -0.53054476 0.07466926 0.01380691
v -0.53054476 0.08252918 -0.05386828
v -0.53054476 0.08252918 0.01379252
v -0.53054476 0.09038910 -0.05388801
v -0.53054476 0.09038910 0.01381111
v -0.53054476 0.09824903 -0.05395415
v -0.53054476 0.09824903 0.01390550
v -0.53325891 0.10610895 -0.09038910
v -0.53439271 0.10610895 -0.08252918
v -0.53415912 0.10610895 -0.07466926
v -0.53415322 0.10610895 -0.06680934
v -0.53341419 0.10610895 -0.05894941
v -0.53054476 0.10610895 -0.05653007
v -0.53429890 0.10610895 0.01964981
v -0.53054476 0.10610895 0.01635585
v -0.53469181 0.10610895 0.02750973
v -0.53466189 0.10610895 0.03536965
v -0.53484714 0.10610895 0.04322957
v -0.53273499 0.10610895 0.05108950
v -0.53054476 0.10818055 -0.09038910
v -0.53054476 0.10909144 -0.08252918
v -0.53054476 0.10894992 -0.07466926
v -0.53054476 0.10897379 -0.06680934
v -0.53054476 0.10838120 -0.05894941
v -0.53054476 0.10906673 0.01964981
v -0.53054476 0.10939835 0.02750973
v -0.53054476 0.10937209 0.03536965
v -0.53054476 0.10951000 0.04322957
v -0.53054476 0.10782519 0.05108950
v -0.52317756 0.00392996 -0.09038910
v -0.52268481 0.00392996 -0.08767952
v -0.52268481 0.00326901 -0.08252918
v -0.52268481 0.00296258 -0.07466926
v -0.52268481 0.00293764 -0.06680934
v -0.52270353 0.00392996 -0.05894941
v -0.52268481 0.00392996 -0.05904944
v -0.52277631 0.00392996 0.01964981
v -0.52268481 0.00392996 0.02053539
v -0.52268481 0.00341653 0.02750973
v -0.52268481 0.00347470 0.03536965
v -0.52268481 0.00380379 0.04322957
v -0.52576768 0.00392996 0.05108950
v -0.52268481 0.00392996 0.04373761
v -0.52268481 0.01178988 -0.09510547
v -0.52268481 0.00436208 -0.09038910
v -0.52268481 0.00394603 -0.05894941
v -0.52268481 0.01178988 -0.05400698
v -0.52268481 0.01178988 0.01420773
v -0.52268481 0.00400660 0.01964981
v -0.52268481 0.00655925 0.05108950
v -0.52268481 0.01964981 -0.05353732
v -0.52268481 0.01964981 0.01378509
v -0.52268481 0.02750973 -0.05351634
v -0.52268481 0.02750973 0.01381195
v -0.52268481 0.03536965 -0.05354218
v -0.52268481 0.03536965 0.01388331
v -0.52268481 0.04322957 -0.05359531
v -0.52268481 0.04322957 0.01391365
v -0.52268481 0.05108950 -0.05365798
v -0.52268481 0.05108950 0.01394340
v -0.52268481 0.05894941 -0.05372202
v -0.52268481 0.05894941 0.01394100
v -0.52268481 0.06680934 -0.05377575
v -0.52268481 0.06680934 0.01393248
v -0.52268481 0.07466926 -0.05380465
v -0.52268481 0.07466926 0.01388943
v -0.52268481 0.08252918 -0.05384213
v -0.52268481 0.08252918 0.01383558
v -0.52268481 0.09038910 -0.05387368
v -0.52268481 0.09038910 0.01381759
v -0.52268481 0.09824903 -0.05388897
v -0.52268481 0.09824903 0.01382479
v -0.52268481 0.10610895 -0.05402311
v -0.52268481 0.10610895 0.01402579
v -0.52323401 0.11396887 -0.09038910
v -0.52421647 0.11396887 -0.08252918
v -0.52409810 0.11396887 -0.07466926
v -0.52423394 0.11396887 -0.06680934
v -0.52367914 0.11396887 -0.05894941
v -0.52268481 0.11396887 -0.05797406
v -0.52440834 0.11396887 0.01964981
v -0.52268481 0.11396887 0.01791078
v -0.52479261 0.11396887 0.02750973
v -0.52479500 0.11396887 0.03536965
v -0.52495259 0.11396887 0.04322957
v -0.52305758 0.11396887 0.05108950
v -0.52268481 0.11438420 -0.09038910
v -0.52268481 0.11516940 -0.08252918
v -0.52268481 0.11508664 -0.07466926
v -0.52268481 0.11521198 -0.06680934
v -0.52268481 0.11474843 -0.05894941
v -0.52268481 0.11533203 0.01964981
v -0.52268481 0.11565321 0.02750973
v -0.52268481 0.11565669 0.03536965
v -0.52268481 0.11578070 0.04322957
v -0.52268481 0.11425683 0.05108950
v -0.52187020 0.00392996 -0.08252918
v -0.52149510 0.00392996 -0.07466926
v -0.52146071 0.00392996 -0.06680934
v -0.52203161 0.00392996 0.02750973
v -0.52210712 0.00392996 0.03536965
v -0.52252513 0.00392996 0.04322957
v -0.51482493 0.01178988 -0.09157722
v -0.51482493 0.01073975 -0.09038910
v -0.51482493 0.00953467 -0.08252918
v -0.51482493 0.00921600 -0.07466926
v -0.51482493 0.00915880 -0.06680934
v -0.51482493 0.01029492 -0.05894941
v -0.51482493 0.01178988 -0.05729446
v -0.51482493 0.01178988 0.01766768
v -0.51482493 0.01015808 0.01964981
v -0.51482493 0.00951620 0.02750973
v -0.51482493 0.00963577 0.03536965
v -0.51482493 0.00996978 0.04322957
v -0.51563740 0.01178988 0.05108950
v -0.51482493 0.01178988 0.04962775
v -0.51482493 0.01964981 -0.05375470
v -0.51482493 0.01964981 0.01400852
v -0.51482493 0.01250372 0.05108950
v -0.51482493 0.02750973 -0.05352863
v -0.51482493 0.02750973 0.01385069
v -0.51482493 0.03536965 -0.05351790
v -0.51482493 0.03536965 0.01387204
v -0.51482493 0.04322957 -0.05356971
v -0.51482493 0.04322957 0.01393452
v -0.51482493 0.05108950 -0.05362176
v -0.51482493 0.05108950 0.01397698
v -0.51482493 0.05894941 -0.05369318
v -0.51482493 0.05894941 0.01400325
v -0.51482493 0.06680934 -0.05375830
v -0.51482493 0.06680934 0.01398825
v -0.51482493 0.07466926 -0.05380064
v -0.51482493 0.07466926 0.01397698
v -0.51482493 0.08252918 -0.05381995
v -0.51482493 0.08252918 0.01391569
v -0.51482493 0.09038910 -0.05384837
v -0.51482493 0.09038910 0.01387012
v -0.51482493 0.09824903 -0.05387200
v -0.51482493 0.09824903 0.01383534
v -0.51482493 0.10610895 -0.05386390
v -0.51482493 0.10610895 0.01385753
v -0.51482493 0.11396887 -0.05424133
v -0.51482493 0.11396887 0.01427777
v -0.51482493 0.12031944 -0.09038910
v -0.51482493 0.12126235 -0.08252918
v -0.51482493 0.12121714 -0.07466926
v -0.51482493 0.12133263 -0.06680934
v -0.51482493 0.12083047 -0.05894941
v -0.51482493 0.12160476 0.01964981
v -0.51486319 0.12182879 0.02750973
v -0.51482493 0.12182879 0.02644364
v -0.51482493 0.12182879 0.03386365
v -0.51482493 0.12182184 0.03536965
v -0.51493436 0.12182879 0.04322957
v -0.51482493 0.12182879 0.03597243
v -0.51482493 0.12182879 0.04375872
v -0.51482493 0.11998483 0.05108950
v -0.51482493 0.12185938 0.02750973
v -0.51482493 0.12191503 0.04322957
v -0.51351255 0.01178988 -0.09038910
v -0.51203877 0.01178988 -0.08252918
v -0.51163298 0.01178988 -0.07466926
v -0.51154768 0.01178988 -0.06680934
v -0.51294547 0.01178988 -0.05894941
v -0.51275259 0.01178988 0.01964981
v -0.51196581 0.01178988 0.02750973
v -0.51214844 0.01178988 0.03536965
v -0.51255447 0.01178988 0.04322957
v -0.50696498 0.01964981 -0.09292646
v -0.50696498 0.01709931 -0.09038910
v -0.50696498 0.01580488 -0.08252918
v -0.50696498 0.01552567 -0.07466926
v -0.50696498 0.01545359 -0.06680934
v -0.50696498 0.01658960 -0.05894941
v -0.50696498 0.01964981 -0.05594774
v -0.50696498 0.01964981 0.01621301
v -0.50696498 0.01639159 0.01964981
v -0.50696498 0.01580500 0.02750973
v -0.50696498 0.01595779 0.03536965
v -0.50696498 0.01624623 0.04322957
v -0.50696498 0.01858780 0.05108950
v -0.50696498 0.02750973 -0.05365132
v -0.50696498 0.02750973 0.01394712
v -0.50696498 0.03536965 -0.05353823
v -0.50696498 0.03536965 0.01391282
v -0.50696498 0.04322957 -0.05356527
v -0.50696498 0.04322957 0.01395167
v -0.50696498 0.05108950 -0.05361168
v -0.50696498 0.05108950 0.01398861
v -0.50696498 0.05894941 -0.05366182
v -0.50696498 0.05894941 0.01402279
v -0.50696498 0.06680934 -0.05371572
v -0.50696498 0.06680934 0.01403503
v -0.50696498 0.07466926 -0.05376346
v -0.50696498 0.07466926 0.01400432
v -0.50696498 0.08252918 -0.05381485
v -0.50696498 0.08252918 0.01397422
v -0.50696498 0.09038910 -0.05383716
v -0.50696498 0.09038910 0.01391905
v -0.50696498 0.09824903 -0.05384477
v -0.50696498 0.09824903 0.01389363
v -0.50696498 0.10610895 -0.05385569
v -0.50696498 0.10610895 0.01385225
v -0.50696498 0.11396887 -0.05387092
v -0.50696498 0.11396887 0.01387755
v -0.51303345 0.12182879 -0.09038910
v -0.51407319 0.12182879 -0.08252918
v -0.51401377 0.12182879 -0.07466926
v -0.51416528 0.12182879 -0.06680934
v -0.51361126 0.12182879 -0.05894941
v -0.50696498 0.12182879 -0.05483572
v -0.51455873 0.12182879 0.01964981
v -0.50696498 0.12182879 0.01476962
v -0.51481569 0.12182879 0.03536965
v -0.51271623 0.12182879 0.05108950
v -0.50696498 0.12656446 -0.09038910
v -0.50696498 0.12743494 -0.08252918
v -0.50696498 0.12738156 -0.07466926
v -0.50696498 0.12749478 -0.06680934
v -0.50696498 0.12686358 -0.05894941
v -0.50696498 0.12772602 0.01964981
v -0.50696498 0.12809828 0.02750973
v -0.50696498 0.12797943 0.03536965
v -0.50696498 0.12811291 0.04322957
v -0.50696498 0.12611376 0.05108950
v -0.50367332 0.01964981 -0.09038910
v -0.50205106 0.01964981 -0.08252918
v -0.50171393 0.01964981 -0.07466926
v -0.50156283 0.01964981 -0.06680934
v -0.50297004 0.01964981 -0.05894941
v -0.50280941 0.01964981 0.01964981
v -0.50211275 0.01964981 0.02750973
v -0.50226849 0.01964981 0.03536965
v -0.50268942 0.01964981 0.04322957
v -0.50560129 0.01964981 0.05108950
v -0.49910507 0.02750973 -0.09399645
v -0.49910507 0.02327382 -0.09038910
v -0.49910507 0.02196187 -0.08252918
v -0.49910507 0.02172668 -0.07466926
v -0.49910507 0.02157701 -0.06680934
v -0.49910507 0.02270162 -0.05894941
v -0.49910507 0.02750973 -0.05491673
v -0.49910507 0.02750973 0.01526938
v -0.49910507 0.02265065 0.01964981
v -0.49910507 0.02209116 0.02750973
v -0.49910507 0.02221877 0.03536965
v -0.49910507 0.02252760 0.04322957
v -0.49910507 0.02496475 0.05108950
v -0.49910507 0.03536965 -0.05362350
v -0.49910507 0.03536965 0.01395623
v -0.49910507 0.04322957 -0.05357618
v -0.49910507 0.04322957 0.01396139
v -0.49910507 0.05108950 -0.05359495
v -0.49910507 0.05108950 0.01398885
v -0.49910507 0.05894941 -0.05363825
v -0.49910507 0.05894941 0.01403611
v -0.49910507 0.06680934 -0.05369570
v -0.49910507 0.06680934 0.01405026
v -0.49910507 0.07466926 -0.05375332
v -0.49910507 0.07466926 0.01401728
v -0.49910507 0.08252918 -0.05379236
v -0.49910507 0.08252918 0.01402028
v -0.49910507 0.09038910 -0.05381227
v -0.49910507 0.09038910 0.01395587
v -0.49910507 0.09824903 -0.05383458
v -0.49910507 0.09824903 0.01391629
v -0.49910507 0.10610895 -0.05383716
v -0.49910507 0.10610895 0.01387048
v -0.49910507 0.11396887 -0.05385713
v -0.49910507 0.11396887 0.01384229
v -0.49910507 0.12182879 -0.05389832
v -0.49910507 0.12182879 0.01392241
v -0.50317764 0.12968871 -0.09038910
v -0.50418127 0.12968871 -0.08252918
v -0.50410283 0.12968871 -0.07466926
v -0.50420141 0.12968871 -0.06680934
v -0.50344765 0.12968871 -0.05894941
v -0.49910507 0.12968871 -0.05575632
v -0.50454372 0.12968871 0.01964981
v -0.49910507 0.12968871 0.01553311
v -0.50492954 0.12968871 0.02750973
v -0.50479269 0.12968871 0.03536965
v -0.50492847 0.12968871 0.04322957
v -0.50268644 0.12968871 0.05108950
v -0.49910507 0.13292547 -0.09038910
v -0.49910507 0.13378167 -0.08252918
v -0.49910507 0.13367565 -0.07466926
v -0.49910507 0.13372386 -0.06680934
v -0.49910507 0.13308917 -0.05894941
v -0.49910507 0.13390699 0.01964981
v -0.49910507 0.13426919 0.02750973
v -0.49910507 0.13415718 0.03536965
v -0.49910507 0.13419904 0.04322957
v -0.49910507 0.13241108 0.05108950
v -0.49346408 0.02750973 -0.09038910
v -0.49195632 0.02750973 -0.08252918
v -0.49162903 0.02750973 -0.07466926
v -0.49146253 0.02750973 -0.06680934
v -0.49276224 0.02750973 -0.05894941
v -0.49307412 0.02750973 0.01964981
v -0.49241269 0.02750973 0.02750973
v -0.49248326 0.02750973 0.03536965
v -0.49283648 0.02750973 0.04322957
v -0.49582520 0.02750973 0.05108950
v -0.49124515 0.03536965 -0.09461644
v -0.49124515 0.02934290 -0.09038910
v -0.49124515 0.02804727 -0.08252918
v -0.49124515 0.02779757 -0.07466926
v -0.49124515 0.02767308 -0.06680934
v -0.49124515 0.02876686 -0.05894941
v -0.49124515 0.03536965 -0.05432025
v -0.49124515 0.03536965 0.01472764
v -0.49124515 0.02906130 0.01964981
v -0.49124515 0.02843489 0.02750973
v -0.49124515 0.02848118 0.03536965
v -0.49124515 0.02877430 0.04322957
v -0.49124515 0.03130716 0.05108950
v -0.49124515 0.04322957 -0.09506337
v -0.49124515 0.04322957 -0.05363207
v -0.49124515 0.04322957 0.01393908
v -0.49124515 0.05108950 -0.05359297
v -0.49124515 0.05108950 0.01395035
v -0.49124515 0.05894941 -0.05360467
v -0.49124515 0.05894941 0.01398178
v -0.49124515 0.06680934 -0.05364418
v -0.49124515 0.06680934 0.01401380
v -0.49124515 0.07466926 -0.05370445
v -0.49124515 0.07466926 0.01403215
v -0.49124515 0.08252918 -0.05374583
v -0.49124515 0.08252918 0.01403671
v -0.49124515 0.09038910 -0.05378607
v -0.49124515 0.09038910 0.01400228
v -0.49124515 0.09824903 -0.05378990
v -0.49124515 0.09824903 0.01395443
v -0.49124515 0.10610895 -0.05381023
v -0.49124515 0.10610895 0.01390394
v -0.49124515 0.11396887 -0.05383644
v -0.49124515 0.11396887 0.01384613
v -0.49124515 0.12182879 -0.05388039
v -0.49124515 0.12182879 0.01383606
v -0.49124515 0.12968871 -0.05400458
v -0.49124515 0.12968871 0.01396019
v -0.49343750 0.13754864 -0.09038910
v -0.49444997 0.13754864 -0.08252918
v -0.49434859 0.13754864 -0.07466926
v -0.49440694 0.13754864 -0.06680934
v -0.49358580 0.13754864 -0.05894941
v -0.49124515 0.13754864 -0.05694606
v -0.49456632 0.13754864 0.01964981
v -0.49124515 0.13754864 0.01667355
v -0.49504384 0.13754864 0.02750973
v -0.49490729 0.13754864 0.03536965
v -0.49492893 0.13754864 0.04322957
v -0.49290794 0.13754864 0.05108950
v -0.49124515 0.13927759 -0.09038910
v -0.49124515 0.14013019 -0.08252918
v -0.49124515 0.14008114 -0.07466926
v -0.49124515 0.14012815 -0.06680934
v -0.49124515 0.13944082 -0.05894941
v -0.49124515 0.14017349 0.01964981
v -0.49124515 0.14057119 0.02750973
v -0.49124515 0.14046589 0.03536965
v -0.49124515 0.14049166 0.04322957
v -0.49124515 0.13887341 0.05108950
v -0.48338521 0.03536965 -0.09050274
v -0.48338521 0.03527502 -0.09038910
v -0.48338521 0.03410388 -0.08252918
v -0.48338521 0.03387732 -0.07466926
v -0.48338521 0.03383475 -0.06680934
v -0.48338521 0.03486257 -0.05894941
v -0.48338521 0.03536965 -0.05834651
v -0.48350564 0.03536965 0.01964981
v -0.48338521 0.03536965 0.02080752
v -0.48338521 0.03484734 0.02750973
v -0.48338521 0.03483091 0.03536965
v -0.48338521 0.03511647 0.04322957
v -0.48593888 0.03536965 0.05108950
v -0.48338521 0.03536965 0.04431964
v -0.48338521 0.04322957 -0.09487177
v -0.48338521 0.04322957 -0.05398126
v -0.48338521 0.04322957 0.01435345
v -0.48338521 0.03547471 0.01964981
v -0.48338521 0.03757318 0.05108950
v -0.48338521 0.05108950 -0.05360880
v -0.48338521 0.05108950 0.01390334
v -0.48338521 0.05894941 -0.05357360
v -0.48338521 0.05894941 0.01395263
v -0.48338521 0.06680934 -0.05357612
v -0.48338521 0.06680934 0.01398717
v -0.48338521 0.07466926 -0.05362937
v -0.48338521 0.07466926 0.01401836
v -0.48338521 0.08252918 -0.05368562
v -0.48338521 0.08252918 0.01402351
v -0.48338521 0.09038910 -0.05373575
v -0.48338521 0.09038910 0.01403719
v -0.48338521 0.09824903 -0.05377203
v -0.48338521 0.09824903 0.01400648
v -0.48338521 0.10610895 -0.05378732
v -0.48338521 0.10610895 0.01394963
v -0.48338521 0.11396887 -0.05379992
v -0.48338521 0.11396887 0.01389075
v -0.48338521 0.12182879 -0.05383446
v -0.48338521 0.12182879 0.01383606
v -0.48338521 0.12968871 -0.05387350
v -0.48338521 0.12968871 0.01382179
v -0.48338521 0.13754864 -0.05412649
v -0.48338521 0.13754864 0.01406081
v -0.48353794 0.14540856 -0.09038910
v -0.48446971 0.14540856 -0.08252918
v -0.48450390 0.14540856 -0.07466926
v -0.48460349 0.14540856 -0.06680934
v -0.48407176 0.14540856 -0.05894941
v -0.48338521 0.14540856 -0.05828067
v -0.48473871 0.14540856 0.01964981
v -0.48338521 0.14540856 0.01825535
v -0.48517475 0.14540856 0.02750973
v -0.48513156 0.14540856 0.03536965
v -0.48519111 0.14540856 0.04322957
v -0.48344237 0.14540856 0.05108950
v -0.48338521 0.14552274 -0.09038910
v -0.48338521 0.14626884 -0.08252918
v -0.48338521 0.14630099 -0.07466926
v -0.48338521 0.14639680 -0.06680934
v -0.48338521 0.14596325 -0.05894941
v -0.48338521 0.14647932 0.01964981
v -0.48338521 0.14686479 0.02750973
v -0.48338521 0.14684500 0.03536965
v -0.48338521 0.14689225 0.04322957
v -0.48338521 0.14545438 0.05108950
v -0.48325989 0.03536965 -0.09038910
v -0.48179251 0.03536965 -0.08252918
v -0.48154628 0.03536965 -0.07466926
v -0.48149455 0.03536965 -0.06680934
v -0.48274627 0.03536965 -0.05894941
v -0.48273626 0.03536965 0.02750973
v -0.48272055 0.03536965 0.03536965
v -0.48307213 0.03536965 0.04322957
v -0.47552529 0.04322957 -0.09202457
v -0.47552529 0.04161120 -0.09038910
v -0.47552529 0.04024000 -0.08252918
v -0.47552529 0.04009597 -0.07466926
v -0.47552529 0.04010136 -0.06680934
v -0.47552529 0.04122357 -0.05894941
v -0.47552529 0.04322957 -0.05683404
v -0.47552529 0.04322957 0.01810759
v -0.47552529 0.04196896 0.01964981
v -0.47552529 0.04114634 0.02750973
v -0.47552529 0.04114262 0.03536965
v -0.47552529 0.04137889 0.04322957
v -0.47584665 0.04322957 0.05108950
v -0.47552529 0.04322957 0.05043034
v -0.47552529 0.05108950 -0.05377995
v -0.47552529 0.05108950 0.01409140
v -0.47552529 0.04351381 0.05108950
v -0.47552529 0.05894941 -0.05355537
v -0.47552529 0.05894941 0.01388295
v -0.47552529 0.06680934 -0.05352215
v -0.47552529 0.06680934 0.01393584
v -0.47552529 0.07466926 -0.05356389
v -0.47552529 0.07466926 0.01398178
v -0.47552529 0.08252918 -0.05361300
v -0.47552529 0.08252918 0.01399389
v -0.47552529 0.09038910 -0.05366811
v -0.47552529 0.09038910 0.01402243
v -0.47552529 0.09824903 -0.05371572
v -0.47552529 0.09824903 0.01401896
v -0.47552529 0.10610895 -0.05374199
v -0.47552529 0.10610895 0.01398657
v -0.47552529 0.11396887 -0.05376220
v -0.47552529 0.11396887 0.01394208
v -0.47552529 0.12182879 -0.05378570
v -0.47552529 0.12182879 0.01386124
v -0.47552529 0.12968871 -0.05380124
v -0.47552529 0.12968871 0.01381243
v -0.47552529 0.13754864 -0.05383440
v -0.47552529 0.13754864 0.01380272
v -0.47552529 0.14540856 -0.05436630
v -0.47552529 0.14540856 0.01430308
v -0.47552529 0.15128551 -0.09038910
v -0.47552529 0.15227281 -0.08252918
v -0.47552529 0.15235496 -0.07466926
v -0.47552529 0.15256220 -0.06680934
v -0.47552529 0.15214087 -0.05894941
v -0.47552529 0.15264124 0.01964981
v -0.47552529 0.15303929 0.02750973
v -0.47552529 0.15309721 0.03536965
v -0.47552529 0.15320192 0.04322957
v -0.47552529 0.15132089 0.05108950
v -0.47347084 0.04322957 -0.09038910
v -0.47179765 0.04322957 -0.08252918
v -0.47160709 0.04322957 -0.07466926
v -0.47163090 0.04322957 -0.06680934
v -0.47300023 0.04322957 -0.05894941
v -0.47397467 0.04322957 0.01964981
v -0.47301790 0.04322957 0.02750973
v -0.47299194 0.04322957 0.03536965
v -0.47325358 0.04322957 0.04322957
v -0.46766537 0.05108950 -0.09321436
v -0.46766537 0.04790288 -0.09038910
v -0.46766537 0.04654764 -0.08252918
v -0.46766537 0.04642206 -0.07466926
v -0.46766537 0.04644318 -0.06680934
v -0.46766537 0.04752245 -0.05894941
v -0.46766537 0.05108950 -0.05562104
v -0.46766537 0.05108950 0.01674359
v -0.46766537 0.04843094 0.01964981
v -0.46766537 0.04761756 0.02750973
v -0.46766537 0.04754752 0.03536965
v -0.46766537 0.04770871 0.04322957
v -0.46766537 0.04979422 0.05108950
v -0.46766537 0.05894941 -0.05362266
v -0.46766537 0.05894941 0.01394448
v -0.46766537 0.06680934 -0.05349673
v -0.46766537 0.06680934 0.01389003
v -0.46766537 0.07466926 -0.05349493
v -0.46766537 0.07466926 0.01394244
v -0.46766537 0.08252918 -0.05353061
v -0.46766537 0.08252918 0.01398142
v -0.46766537 0.09038910 -0.05359070
v -0.46766537 0.09038910 0.01401236
v -0.46766537 0.09824903 -0.05364802
v -0.46766537 0.09824903 0.01403131
v -0.46766537 0.10610895 -0.05370949
v -0.46766537 0.10610895 0.01401656
v -0.46766537 0.11396887 -0.05372448
v -0.46766537 0.11396887 0.01398825
v -0.46766537 0.12182879 -0.05374709
v -0.46766537 0.12182879 0.01391581
v -0.46766537 0.12968871 -0.05375932
v -0.46766537 0.12968871 0.01384673
v -0.46766537 0.13754864 -0.05376262
v -0.46766537 0.13754864 0.01379504
v -0.46766537 0.14540856 -0.05380945
v -0.46766537 0.14540856 0.01382802
v -0.47306696 0.15326849 -0.09038910
v -0.47419631 0.15326849 -0.08252918
v -0.47431979 0.15326849 -0.07466926
v -0.47459352 0.15326849 -0.06680934
v -0.47418162 0.15326849 -0.05894941
v -0.46766537 0.15326849 -0.05489533
v -0.47477612 0.15326849 0.01964981
v -0.46766537 0.15326849 0.01485069
v -0.47522509 0.15326849 0.02750973
v -0.47529957 0.15326849 0.03536965
v -0.47543997 0.15326849 0.04322957
v -0.47331893 0.15326849 0.05108950
v -0.46766537 0.15727881 -0.09038910
v -0.46766537 0.15831742 -0.08252918
v -0.46766537 0.15841959 -0.07466926
v -0.46766537 0.15871595 -0.06680934
v -0.46766537 0.15833576 -0.05894941
v -0.46766537 0.15876776 0.01964981
v -0.46766537 0.15921991 0.02750973
v -0.46766537 0.15922962 0.03536965
v -0.46766537 0.15942451 0.04322957
v -0.46766537 0.15745223 0.05108950
v -0.46360287 0.05108950 -0.09038910
v -0.46197474 0.05108950 -0.08252918
v -0.46182182 0.05108950 -0.07466926
v -0.46185407 0.05108950 -0.06680934
v -0.46310535 0.05108950 -0.05894941
v -0.46438473 0.05108950 0.01964981
v -0.46341088 0.05108950 0.02750973
v -0.46331474 0.05108950 0.03536965
v -0.46348301 0.05108950 0.04322957
v -0.46600670 0.05108950 0.05108950
v -0.45980546 0.05894941 -0.09404154
v -0.45980546 0.05420487 -0.09038910
v -0.45980546 0.05283248 -0.08252918
v -0.45980546 0.05270931 -0.07466926
v -0.45980546 0.05271579 -0.06680934
v -0.45980546 0.05374565 -0.05894941
v -0.45980546 0.05894941 -0.05469935
v -0.45980546 0.05894941 0.01562090
v -0.45980546 0.05479926 0.01964981
v -0.45980546 0.05403456 0.02750973
v -0.45980546 0.05396669 0.03536965
v -0.45980546 0.05405328 0.04322957
v -0.45980546 0.05608997 0.05108950
v -0.45980546 0.06680934 -0.05351879
v -0.45980546 0.06680934 0.01388883
v -0.45980546 0.07466926 -0.05345415
v -0.45980546 0.07466926 0.01389962
v -0.45980546 0.08252918 -0.05345229
v -0.45980546 0.08252918 0.01394724
v -0.45980546 0.09038910 -0.05352437
v -0.45980546 0.09038910 0.01399017
v -0.45980546 0.09824903 -0.05358050
v -0.45980546 0.09824903 0.01400732
v -0.45980546 0.10610895 -0.05365558
v -0.45980546 0.10610895 0.01401032
v -0.45980546 0.11396887 -0.05370193
v -0.45980546 0.11396887 0.01400972
v -0.45980546 0.12182879 -0.05371321
v -0.45980546 0.12182879 0.01395911
v -0.45980546 0.12968871 -0.05370319
v -0.45980546 0.12968871 0.01388871
v -0.45980546 0.13754864 -0.05373437
v -0.45980546 0.13754864 0.01382862
v -0.45980546 0.14540856 -0.05374667
v -0.45980546 0.14540856 0.01379900
v -0.45980546 0.15326849 -0.05383644
v -0.45980546 0.15326849 0.01387755
v -0.46275064 0.16112840 -0.09038910
v -0.46414030 0.16112840 -0.08252918
v -0.46429813 0.16112840 -0.07466926
v -0.46466020 0.16112840 -0.06680934
v -0.46424872 0.16112840 -0.05894941
v -0.45980546 0.16112840 -0.05568412
v -0.46465674 0.16112840 0.01964981
v -0.45980546 0.16112840 0.01584158
v -0.46519881 0.16112840 0.02750973
v -0.46525142 0.16112840 0.03536965
v -0.46549585 0.16112840 0.04322957
v -0.46325976 0.16112840 0.05108950
v -0.45980546 0.16342284 -0.09038910
v -0.45980546 0.16456485 -0.08252918
v -0.45980546 0.16469772 -0.07466926
v -0.45980546 0.16499612 -0.06680934
v -0.45980546 0.16465251 -0.05894941
v -0.45980546 0.16483624 0.01964981
v -0.45980546 0.16531754 0.02750973
v -0.45980546 0.16537008 0.03536965
v -0.45980546 0.16554601 0.04322957
v -0.45980546 0.16368814 0.05108950
v -0.45373446 0.05894941 -0.09038910
v -0.45223758 0.05894941 -0.08252918
v -0.45204261 0.05894941 -0.07466926
v -0.45206618 0.05894941 -0.06680934
v -0.45320722 0.05894941 -0.05894941
v -0.45451742 0.05894941 0.01964981
v -0.45363778 0.05894941 0.02750973
v -0.45352966 0.05894941 0.03536965
v -0.45366001 0.05894941 0.04322957
v -0.45610517 0.05894941 0.05108950
v -0.45194551 0.06680934 -0.09453584
v -0.45194551 0.06047808 -0.09038910
v -0.45194551 0.05917753 -0.08252918
v -0.45194551 0.05902521 -0.07466926
v -0.45194551 0.05904368 -0.06680934
v -0.45194551 0.06001490 -0.05894941
v -0.45194551 0.06680934 -0.05414527
v -0.45194551 0.06680934 0.01481495
v -0.45194551 0.06102438 0.01964981
v -0.45194551 0.06027156 0.02750973
v -0.45194551 0.06020236 0.03536965
v -0.45194551 0.06030382 0.04322957
v -0.45194551 0.06238957 0.05108950
v -0.45194551 0.07466926 -0.09497906
v -0.45194551 0.07466926 -0.05344599
v -0.45194551 0.07466926 0.01388331
v -0.45194551 0.08252918 -0.05339928
v -0.45194551 0.08252918 0.01392517
v -0.45194551 0.09038910 -0.05343238
v -0.45194551 0.09038910 0.01393320
v -0.45194551 0.09824903 -0.05350003
v -0.45194551 0.09824903 0.01398190
v -0.45194551 0.10610895 -0.05358716
v -0.45194551 0.10610895 0.01400684
v -0.45194551 0.11396887 -0.05364436
v -0.45194551 0.11396887 0.01402052
v -0.45194551 0.12182879 -0.05367183
v -0.45194551 0.12182879 0.01400492
v -0.45194551 0.12968871 -0.05369822
v -0.45194551 0.12968871 0.01394544
v -0.45194551 0.13754864 -0.05368574
v -0.45194551 0.13754864 0.01387336
v -0.45194551 0.14540856 -0.05370571
v -0.45194551 0.14540856 0.01382011
v -0.45194551 0.15326849 -0.05373168
v -0.45194551 0.15326849 0.01382898
v -0.45194551 0.16112840 -0.05390186
v -0.45194551 0.16112840 0.01397506
v -0.45299199 0.16898833 -0.09038910
v -0.45433050 0.16898833 -0.08252918
v -0.45457542 0.16898833 -0.07466926
v -0.45495602 0.16898833 -0.06680934
v -0.45455071 0.16898833 -0.05894941
v -0.45194551 0.16898833 -0.05672808
v -0.45455617 0.16898833 0.01964981
v -0.45194551 0.16898833 0.01722140
v -0.45514792 0.16898833 0.02750973
v -0.45521232 0.16898833 0.03536965
v -0.45537657 0.16898833 0.04322957
v -0.45329165 0.16898833 0.05108950
v -0.45194551 0.16983661 -0.09038910
v -0.45194551 0.17094083 -0.08252918
v -0.45194551 0.17114209 -0.07466926
v -0.45194551 0.17143771 -0.06680934
v -0.45194551 0.17106797 -0.05894941
v -0.45194551 0.17103750 0.01964981
v -0.45194551 0.17151387 0.02750973
v -0.45194551 0.17153679 0.03536965
v -0.45194551 0.17164628 0.04322957
v -0.45194551 0.17001963 0.05108950
v -0.44408560 0.06680934 -0.09048787
v -0.44408560 0.06672347 -0.09038910
v -0.44408560 0.06552294 -0.08252918
v -0.44408560 0.06534892 -0.07466926
v -0.44408560 0.06539509 -0.06680934
v -0.44408560 0.06638226 -0.05894941
v -0.44408560 0.06680934 -0.05842789
v -0.44444096 0.06680934 0.01964981
v -0.44408560 0.06680934 0.02338356
v -0.44408560 0.06652474 0.02750973
v -0.44408560 0.06644834 0.03536965
v -0.44408560 0.06663040 0.04322957
v -0.44623655 0.06680934 0.05108950
v -0.44408560 0.06680934 0.04414010
v -0.44408560 0.07466926 -0.09482896
v -0.44408560 0.07466926 -0.05378756
v -0.44408560 0.07466926 0.01434146
v -0.44408560 0.06710701 0.01964981
v -0.44408560 0.06870344 0.05108950
v -0.44408560 0.08252918 -0.05337439
v -0.44408560 0.08252918 0.01390586
v -0.44408560 0.09038910 -0.05336876
v -0.44408560 0.09038910 0.01393344
v -0.44408560 0.09824903 -0.05341703
v -0.44408560 0.09824903 0.01395503
v -0.44408560 0.10610895 -0.05351154
v -0.44408560 0.10610895 0.01398993
v -0.44408560 0.11396887 -0.05357690
v -0.44408560 0.11396887 0.01402219
v -0.44408560 0.12182879 -0.05362397
v -0.44408560 0.12182879 0.01401668
v -0.44408560 0.12968871 -0.05365174
v -0.44408560 0.12968871 0.01399113
v -0.44408560 0.13754864 -0.05365048
v -0.44408560 0.13754864 0.01393140
v -0.44408560 0.14540856 -0.05366817
v -0.44408560 0.14540856 0.01386376
v -0.44408560 0.15326849 -0.05369702
v -0.44408560 0.15326849 0.01382838
v -0.44408560 0.16112840 -0.05373767
v -0.44408560 0.16112840 0.01385777
v -0.44408560 0.16898833 -0.05401915
v -0.44408560 0.16898833 0.01416467
v -0.44408560 0.17630939 -0.09038910
v -0.44472274 0.17684825 -0.08252918
v -0.44408560 0.17684825 -0.08699027
v -0.44488537 0.17684825 -0.07466926
v -0.44532013 0.17684825 -0.06680934
v -0.44493982 0.17684825 -0.05894941
v -0.44408560 0.17684825 -0.05811283
v -0.44470733 0.17684825 0.01964981
v -0.44408560 0.17684825 0.01898634
v -0.44511870 0.17684825 0.02750973
v -0.44507271 0.17684825 0.03536965
v -0.44519877 0.17684825 0.04322957
v -0.44408560 0.17684825 0.04825212
v -0.44408560 0.17596291 0.05108950
v -0.44408560 0.17737487 -0.08252918
v -0.44408560 0.17750764 -0.07466926
v -0.44408560 0.17787127 -0.06680934
v -0.44408560 0.17753810 -0.05894941
v -0.44408560 0.17733710 0.01964981
v -0.44408560 0.17766799 0.02750973
v -0.44408560 0.17762361 0.03536965
v -0.44408560 0.17771681 0.04322957
v -0.44397771 0.06680934 -0.09038910
v -0.44251958 0.06680934 -0.08252918
v -0.44231761 0.06680934 -0.07466926
v -0.44238266 0.06680934 -0.06680934
v -0.44356126 0.06680934 -0.05894941
v -0.44372141 0.06680934 0.02750973
v -0.44362763 0.06680934 0.03536965
v -0.44385916 0.06680934 0.04322957
v -0.43622568 0.07466926 -0.09188389
v -0.43622568 0.07320656 -0.09038910
v -0.43622568 0.07180742 -0.08252918
v -0.43622568 0.07167573 -0.07466926
v -0.43622568 0.07175105 -0.06680934
v -0.43622568 0.07279615 -0.05894941
v -0.43622568 0.07466926 -0.05688597
v -0.43622568 0.07466926 0.01806825
v -0.43622568 0.07338586 0.01964981
v -0.43622568 0.07261421 0.02750973
v -0.43622568 0.07259202 0.03536965
v -0.43622568 0.07281330 0.04322957
v -0.43623587 0.07466926 0.05108950
v -0.43622568 0.07466926 0.05106599
v -0.43622568 0.08252918 -0.05354710
v -0.43622568 0.08252918 0.01413109
v -0.43622568 0.07467885 0.05108950
v -0.43622568 0.09038910 -0.05332858
v -0.43622568 0.09038910 0.01391054
v -0.43622568 0.09824903 -0.05334633
v -0.43622568 0.09824903 0.01394580
v -0.43622568 0.10610895 -0.05341511
v -0.43622568 0.10610895 0.01395095
v -0.43622568 0.11396887 -0.05348359
v -0.43622568 0.11396887 0.01399473
v -0.43622568 0.12182879 -0.05355610
v -0.43622568 0.12182879 0.01402723
v -0.43622568 0.12968871 -0.05360850
v -0.43622568 0.12968871 0.01401944
v -0.43622568 0.13754864 -0.05361480
v -0.43622568 0.13754864 0.01397074
v -0.43622568 0.14540856 -0.05362014
v -0.43622568 0.14540856 0.01391425
v -0.43622568 0.15326849 -0.05361774
v -0.43622568 0.15326849 0.01385885
v -0.43622568 0.16112840 -0.05364694
v -0.43622568 0.16112840 0.01385069
v -0.43622568 0.16898833 -0.05370457
v -0.43622568 0.16898833 0.01386256
v -0.44348654 0.17684825 -0.09038910
v -0.43622568 0.17684825 -0.05425974
v -0.43622568 0.17684825 0.01452375
v -0.44310221 0.17684825 0.05108950
v -0.43622568 0.18258464 -0.09038910
v -0.43622568 0.18376669 -0.08252918
v -0.43622568 0.18384285 -0.07466926
v -0.43622568 0.18414101 -0.06680934
v -0.43622568 0.18374319 -0.05894941
v -0.43622568 0.18341482 0.01964981
v -0.43622568 0.18378361 0.02750973
v -0.43622568 0.18370637 0.03536965
v -0.43622568 0.18373792 0.04322957
v -0.43622568 0.18175003 0.05108950
v -0.43439412 0.07466926 -0.09038910
v -0.43267423 0.07466926 -0.08252918
v -0.43248606 0.07466926 -0.07466926
v -0.43254080 0.07466926 -0.06680934
v -0.43390247 0.07466926 -0.05894941
v -0.43461204 0.07466926 0.01964981
v -0.43368036 0.07466926 0.02750973
v -0.43367308 0.07466926 0.03536965
v -0.43394077 0.07466926 0.04322957
v -0.42836577 0.08252918 -0.09308735
v -0.42836577 0.07955353 -0.09038910
v -0.42836577 0.07812861 -0.08252918
v -0.42836577 0.07799920 -0.07466926
v -0.42836577 0.07798553 -0.06680934
v -0.42836577 0.07916027 -0.05894941
v -0.42836577 0.08252918 -0.05564610
v -0.42836577 0.08252918 0.01663793
v -0.42836577 0.07971760 0.01964981
v -0.42836577 0.07887567 0.02750973
v -0.42836577 0.07887746 0.03536965
v -0.42836577 0.07904657 0.04322957
v -0.42836577 0.08115679 0.05108950
v -0.42836577 0.09038910 -0.05342213
v -0.42836577 0.09038910 0.01402160
v -0.42836577 0.09824903 -0.05330837
v -0.42836577 0.09824903 0.01392793
v -0.42836577 0.10610895 -0.05333254
v -0.42836577 0.10610895 0.01391162
v -0.42836577 0.11396887 -0.05341164
v -0.42836577 0.11396887 0.01394700
v -0.42836577 0.12182879 -0.05350140
v -0.42836577 0.12182879 0.01399005
v -0.42836577 0.12968871 -0.05354572
v -0.42836577 0.12968871 0.01402855
v -0.42836577 0.13754864 -0.05355813
v -0.42836577 0.13754864 0.01401740
v -0.42836577 0.14540856 -0.05356407
v -0.42836577 0.14540856 0.01396019
v -0.42836577 0.15326849 -0.05356941
v -0.42836577 0.15326849 0.01389327
v -0.42836577 0.16112840 -0.05358788
v -0.42836577 0.16112840 0.01385765
v -0.42836577 0.16898833 -0.05363249
v -0.42836577 0.16898833 0.01384397
v -0.42836577 0.17684825 -0.05370457
v -0.42836577 0.17684825 0.01386856
v -0.43372801 0.18470818 -0.09038910
v -0.43503535 0.18470818 -0.08252918
v -0.43511516 0.18470818 -0.07466926
v -0.43549168 0.18470818 -0.06680934
v -0.43507859 0.18470818 -0.05894941
v -0.42836577 0.18470818 -0.05479014
v -0.43463334 0.18470818 0.01964981
v -0.42836577 0.18470818 0.01521397
v -0.43499678 0.18470818 0.02750973
v -0.43489730 0.18470818 0.03536965
v -0.43492603 0.18470818 0.04322957
v -0.43279123 0.18470818 0.05108950
v -0.42836577 0.18892525 -0.09038910
v -0.42836577 0.19001724 -0.08252918
v -0.42836577 0.19001280 -0.07466926
v -0.42836577 0.19027126 -0.06680934
v -0.42836577 0.18985964 -0.05894941
v -0.42836577 0.18947862 0.01964981
v -0.42836577 0.18983854 0.02750973
v -0.42836577 0.18969893 0.03536965
v -0.42836577 0.18972005 0.04322957
v -0.42836577 0.18795247 0.05108950
v -0.42461690 0.08252918 -0.09038910
v -0.42285544 0.08252918 -0.08252918
v -0.42260623 0.08252918 -0.07466926
v -0.42268455 0.08252918 -0.06680934
v -0.42409796 0.08252918 -0.05894941
v -0.42484662 0.08252918 0.01964981
v -0.42380783 0.08252918 0.02750973
v -0.42375398 0.08252918 0.03536965
v -0.42395696 0.08252918 0.04322957
v -0.42660910 0.08252918 0.05108950
v -0.42050582 0.09038910 -0.09392899
v -0.42050582 0.08592544 -0.09038910
v -0.42050582 0.08443947 -0.08252918
v -0.42050582 0.08421316 -0.07466926
v -0.42050582 0.08427852 -0.06680934
v -0.42050582 0.08546142 -0.05894941
v -0.42050582 0.09038910 -0.05476892
v -0.42050582 0.09038910 0.01552435
v -0.42050582 0.08602031 0.01964981
v -0.42050582 0.08518390 0.02750973
v -0.42050582 0.08512381 0.03536965
v -0.42050582 0.08526677 0.04322957
v -0.42050582 0.08755017 0.05108950
v -0.42050582 0.09824903 -0.05338393
v -0.42050582 0.09824903 0.01390298
v -0.42050582 0.10610895 -0.05331083
v -0.42050582 0.10610895 0.01388811
v -0.42050582 0.11396887 -0.05332672
v -0.42050582 0.11396887 0.01390226
v -0.42050582 0.12182879 -0.05340408
v -0.42050582 0.12182879 0.01394604
v -0.42050582 0.12968871 -0.05346315
v -0.42050582 0.12968871 0.01399245
v -0.42050582 0.13754864 -0.05351538
v -0.42050582 0.13754864 0.01400828
v -0.42050582 0.14540856 -0.05351304
v -0.42050582 0.14540856 0.01398382
v -0.42050582 0.15326849 -0.05351837
v -0.42050582 0.15326849 0.01393452
v -0.42050582 0.16112840 -0.05353031
v -0.42050582 0.16112840 0.01386604
v -0.42050582 0.16898833 -0.05356113
v -0.42050582 0.16898833 0.01383606
v -0.42050582 0.17684825 -0.05362668
v -0.42050582 0.17684825 0.01381147
v -0.42050582 0.18470818 -0.05377263
v -0.42050582 0.18470818 0.01390430
v -0.42390406 0.19256809 -0.09038910
v -0.42519665 0.19256809 -0.08252918
v -0.42519414 0.19256809 -0.07466926
v -0.42545870 0.19256809 -0.06680934
v -0.42499396 0.19256809 -0.05894941
v -0.42050582 0.19256809 -0.05564592
v -0.42443579 0.19256809 0.01964981
v -0.42050582 0.19256809 0.01635141
v -0.42488992 0.19256809 0.02750973
v -0.42475027 0.19256809 0.03536965
v -0.42472711 0.19256809 0.04322957
v -0.42267105 0.19256809 0.05108950
v -0.42050582 0.19522245 -0.09038910
v -0.42050582 0.19626322 -0.08252918
v -0.42050582 0.19625436 -0.07466926
v -0.42050582 0.19641818 -0.06680934
v -0.42050582 0.19597502 -0.05894941
v -0.42050582 0.19558549 0.01964981
v -0.42050582 0.19596495 0.02750973
v -0.42050582 0.19587536 0.03536965
v -0.42050582 0.19583075 0.04322957
v -0.42050582 0.19419414 0.05108950
v -0.41489908 0.09038910 -0.09038910
v -0.41319495 0.09038910 -0.08252918
v -0.41287127 0.09038910 -0.07466926
v -0.41291481 0.09038910 -0.06680934
v -0.41426140 0.09038910 -0.05894941
v -0.41493183 0.09038910 0.01964981
v -0.41383386 0.09038910 0.02750973
v -0.41377982 0.09038910 0.03536965
v -0.41398063 0.09038910 0.04322957
v -0.41679078 0.09038910 0.05108950
v -0.41264591 0.09824903 -0.09450766
v -0.41264591 0.09230551 -0.09038910
v -0.41264591 0.09082926 -0.08252918
v -0.41264591 0.09056613 -0.07466926
v -0.41264591 0.09060150 -0.06680934
v -0.41264591 0.09175478 -0.05894941
v -0.41264591 0.09824903 -0.05419018
v -0.41264591 0.09824903 0.01469790
v -0.41264591 0.09223679 0.01964981
v -0.41264591 0.09130407 0.02750973
v -0.41264591 0.09126870 0.03536965
v -0.41264591 0.09143204 0.04322957
v -0.41264591 0.09388551 0.05108950
v -0.41264591 0.10610895 -0.05333782
v -0.41264591 0.10610895 0.01381699
v -0.41264591 0.11396887 -0.05327995
v -0.41264591 0.11396887 0.01383198
v -0.41264591 0.12182879 -0.05330993
v -0.41264591 0.12182879 0.01387456
v -0.41264591 0.12968871 -0.05337260
v -0.41264591 0.12968871 0.01393968
v -0.41264591 0.13754864 -0.05344240
v -0.41264591 0.13754864 0.01399293
v -0.41264591 0.14540856 -0.05346129
v -0.41264591 0.14540856 0.01399197
v -0.41264591 0.15326849 -0.05348179
v -0.41264591 0.15326849 0.01395071
v -0.41264591 0.16112840 -0.05348737
v -0.41264591 0.16112840 0.01390874
v -0.41264591 0.16898833 -0.05351214
v -0.41264591 0.16898833 0.01384098
v -0.41264591 0.17684825 -0.05355525
v -0.41264591 0.17684825 0.01379912
v -0.41264591 0.18470818 -0.05364538
v -0.41264591 0.18470818 0.01379228
v -0.41264591 0.19256809 -0.05386000
v -0.41264591 0.19256809 0.01401968
v -0.41407642 0.20042801 -0.09038910
v -0.41530812 0.20042801 -0.08252918
v -0.41527084 0.20042801 -0.07466926
v -0.41543424 0.20042801 -0.06680934
v -0.41490880 0.20042801 -0.05894941
v -0.41264591 0.20042801 -0.05695451
v -0.41448405 0.20042801 0.01964981
v -0.41264591 0.20042801 0.01782575
v -0.41488537 0.20042801 0.02750973
v -0.41472700 0.20042801 0.03536965
v -0.41463825 0.20042801 0.04322957
v -0.41272956 0.20042801 0.05108950
v -0.41264591 0.20156090 -0.09038910
v -0.41264591 0.20257589 -0.08252918
v -0.41264591 0.20253187 -0.07466926
v -0.41264591 0.20262566 -0.06680934
v -0.41264591 0.20218311 -0.05894941
v -0.41264591 0.20189348 0.01964981
v -0.41264591 0.20223013 0.02750973
v -0.41264591 0.20209940 0.03536965
v -0.41264591 0.20202492 0.04322957
v -0.41264591 0.20049194 0.05108950
v -0.40514225 0.09824903 -0.09038910
v -0.40478599 0.09824903 -0.08887058
v -0.40478599 0.09725107 -0.08252918
v -0.40478599 0.09693276 -0.07466926
v -0.40478599 0.09698829 -0.06680934
v -0.40478599 0.09798949 -0.05894941
v -0.40478599 0.09824903 -0.05862554
v -0.40478748 0.09824903 0.01964981
v -0.40478599 0.09824903 0.01966060
v -0.40478599 0.09745567 0.02750973
v -0.40478599 0.09740926 0.03536965
v -0.40478599 0.09768330 0.04322957
v -0.40691000 0.09824903 0.05108950
v -0.40478599 0.09824903 0.04567800
v -0.40478599 0.10610895 -0.09485546
v -0.40478599 0.09856445 -0.09038910
v -0.40478599 0.10610895 -0.05378055
v -0.40478599 0.10610895 0.01416695
v -0.40478599 0.09825034 0.01964981
v -0.40478599 0.10012658 0.05108950
v -0.40478599 0.11396887 -0.05328457
v -0.40478599 0.11396887 0.01377789
v -0.40478599 0.12182879 -0.05325800
v -0.40478599 0.12182879 0.01381819
v -0.40478599 0.12968871 -0.05331119
v -0.40478599 0.12968871 0.01386532
v -0.40478599 0.13754864 -0.05336312
v -0.40478599 0.13754864 0.01392493
v -0.40478599 0.14540856 -0.05340366
v -0.40478599 0.14540856 0.01395107
v -0.40478599 0.15326849 -0.05342459
v -0.40478599 0.15326849 0.01393596
v -0.40478599 0.16112840 -0.05343089
v -0.40478599 0.16112840 0.01390910
v -0.40478599 0.16898833 -0.05344594
v -0.40478599 0.16898833 0.01383918
v -0.40478599 0.17684825 -0.05350075
v -0.40478599 0.17684825 0.01379540
v -0.40478599 0.18470818 -0.05357540
v -0.40478599 0.18470818 0.01375390
v -0.40478599 0.19256809 -0.05368130
v -0.40478599 0.19256809 0.01378005
v -0.40478599 0.20042801 -0.05403109
v -0.40478599 0.20042801 0.01422692
v -0.40478599 0.20784371 -0.09038910
v -0.40539938 0.20828794 -0.08252918
v -0.40478599 0.20828794 -0.08728602
v -0.40534699 0.20828794 -0.07466926
v -0.40545511 0.20828794 -0.06680934
v -0.40491533 0.20828794 -0.05894941
v -0.40478599 0.20828794 -0.05881539
v -0.40480950 0.20828794 0.01964981
v -0.40478599 0.20828794 0.01962294
v -0.40497747 0.20828794 0.02750973
v -0.40484819 0.20828794 0.03536965
v -0.40478599 0.20828794 0.03775068
v -0.40478599 0.20818071 0.04322957
v -0.40478599 0.20615818 0.05108950
v -0.40478599 0.20878290 -0.08252918
v -0.40478599 0.20873949 -0.07466926
v -0.40478599 0.20882463 -0.06680934
v -0.40478599 0.20838760 -0.05894941
v -0.40478599 0.20830652 0.01964981
v -0.40478599 0.20843941 0.02750973
v -0.40478599 0.20833687 0.03536965
v -0.40357366 0.09824903 -0.08252918
v -0.40319526 0.09824903 -0.07466926
v -0.40325990 0.09824903 -0.06680934
v -0.40446511 0.09824903 -0.05894941
v -0.40378982 0.09824903 0.02750973
v -0.40374100 0.09824903 0.03536965
v -0.40408012 0.09824903 0.04322957
v -0.39692608 0.10610895 -0.09155983
v -0.39692608 0.10500856 -0.09038910
v -0.39692608 0.10361171 -0.08252918
v -0.39692608 0.10334462 -0.07466926
v -0.39692608 0.10334689 -0.06680934
v -0.39692608 0.10439654 -0.05894941
v -0.39692608 0.10610895 -0.05700860
v -0.39692608 0.10610895 0.01764345
v -0.39692608 0.10447426 0.01964981
v -0.39692608 0.10368990 0.02750973
v -0.39692608 0.10365644 0.03536965
v -0.39692608 0.10391142 0.04322957
v -0.39692608 0.10610751 0.05108950
v -0.39692608 0.11396887 -0.05351100
v -0.39692608 0.11396887 0.01387684
v -0.39692608 0.12182879 -0.05323845
v -0.39692608 0.12182879 0.01371744
v -0.39692608 0.12968871 -0.05323989
v -0.39692608 0.12968871 0.01377285
v -0.39692608 0.13754864 -0.05328678
v -0.39692608 0.13754864 0.01385165
v -0.39692608 0.14540856 -0.05332462
v -0.39692608 0.14540856 0.01390538
v -0.39692608 0.15326849 -0.05336162
v -0.39692608 0.15326849 0.01391701
v -0.39692608 0.16112840 -0.05338879
v -0.39692608 0.16112840 0.01389147
v -0.39692608 0.16898833 -0.05341985
v -0.39692608 0.16898833 0.01384769
v -0.39692608 0.17684825 -0.05344881
v -0.39692608 0.17684825 0.01378832
v -0.39692608 0.18470818 -0.05348779
v -0.39692608 0.18470818 0.01374887
v -0.39692608 0.19256809 -0.05358404
v -0.39692608 0.19256809 0.01373412
v -0.39692608 0.20042801 -0.05368868
v -0.39692608 0.20042801 0.01379720
v -0.40428814 0.20828794 -0.09038910
v -0.39692608 0.20828794 -0.05439257
v -0.39692608 0.20828794 0.01459200
v -0.40464604 0.20828794 0.04322957
v -0.40234625 0.20828794 0.05108950
v -0.39692608 0.21387213 -0.09038910
v -0.39692608 0.21498211 -0.08252918
v -0.39692608 0.21494049 -0.07466926
v -0.39692608 0.21495058 -0.06680934
v -0.39692608 0.21432152 -0.05894941
v -0.39692608 0.21439683 0.01964981
v -0.39692608 0.21463886 0.02750973
v -0.39692608 0.21446052 0.03536965
v -0.39692608 0.21434623 0.04322957
v -0.39692608 0.21226671 0.05108950
v -0.39554983 0.10610895 -0.09038910
v -0.39383474 0.10610895 -0.08252918
v -0.39351308 0.10610895 -0.07466926
v -0.39351025 0.10610895 -0.06680934
v -0.39475101 0.10610895 -0.05894941
v -0.39485225 0.10610895 0.01964981
v -0.39393044 0.10610895 0.02750973
v -0.39388373 0.10610895 0.03536965
v -0.39421800 0.10610895 0.04322957
v -0.39692420 0.10610895 0.05108950
v -0.38906616 0.11396887 -0.09274291
v -0.38906616 0.11145196 -0.09038910
v -0.38906616 0.10996947 -0.08252918
v -0.38906616 0.10971713 -0.07466926
v -0.38906616 0.10970250 -0.06680934
v -0.38906616 0.11068043 -0.05894941
v -0.38906616 0.11396887 -0.05564610
v -0.38906616 0.11396887 0.01610711
v -0.38906616 0.11075107 0.01964981
v -0.38906616 0.11004131 0.02750973
v -0.38906616 0.11001960 0.03536965
v -0.38906616 0.11027925 0.04322957
v -0.38906616 0.11269338 0.05108950
v -0.38906616 0.12182879 -0.05332055
v -0.38906616 0.12182879 0.01372116
v -0.38906616 0.12968871 -0.05317435
v -0.38906616 0.12968871 0.01369022
v -0.38906616 0.13754864 -0.05319624
v -0.38906616 0.13754864 0.01377105
v -0.38906616 0.14540856 -0.05324751
v -0.38906616 0.14540856 0.01382407
v -0.38906616 0.15326849 -0.05330345
v -0.38906616 0.15326849 0.01387240
v -0.38906616 0.16112840 -0.05335994
v -0.38906616 0.16112840 0.01385585
v -0.38906616 0.16898833 -0.05337943
v -0.38906616 0.16898833 0.01384397
v -0.38906616 0.17684825 -0.05342591
v -0.38906616 0.17684825 0.01378809
v -0.38906616 0.18470818 -0.05345163
v -0.38906616 0.18470818 0.01374359
v -0.38906616 0.19256809 -0.05350794
v -0.38906616 0.19256809 0.01370077
v -0.38906616 0.20042801 -0.05359045
v -0.38906616 0.20042801 0.01371445
v -0.38906616 0.20828794 -0.05370457
v -0.38906616 0.20828794 0.01380883
v -0.39413145 0.21614785 -0.09038910
v -0.39537239 0.21614785 -0.08252918
v -0.39532605 0.21614785 -0.07466926
v -0.39531472 0.21614785 -0.06680934
v -0.39462948 0.21614785 -0.05894941
v -0.38906616 0.21614785 -0.05515852
v -0.39471972 0.21614785 0.01964981
v -0.38906616 0.21614785 0.01541701
v -0.39493981 0.21614785 0.02750973
v -0.39474803 0.21614785 0.03536965
v -0.39460212 0.21614785 0.04322957
v -0.39228389 0.21614785 0.05108950
v -0.38906616 0.21992418 -0.09038910
v -0.38906616 0.22101378 -0.08252918
v -0.38906616 0.22093475 -0.07466926
v -0.38906616 0.22093259 -0.06680934
v -0.38906616 0.22028819 -0.05894941
v -0.38906616 0.22039372 0.01964981
v -0.38906616 0.22066334 0.02750973
v -0.38906616 0.22052445 0.03536965
v -0.38906616 0.22043954 0.04322957
v -0.38906616 0.21861032 0.05108950
v -0.38588578 0.11396887 -0.09038910
v -0.38403603 0.11396887 -0.08252918
v -0.38365328 0.11396887 -0.07466926
v -0.38356987 0.11396887 -0.06680934
v -0.38476086 0.11396887 -0.05894941
v -0.38496283 0.11396887 0.01964981
v -0.38419950 0.11396887 0.02750973
v -0.38420084 0.11396887 0.03536965
v -0.38449264 0.11396887 0.04322957
v -0.38747728 0.11396887 0.05108950
v -0.38120621 0.12182879 -0.09370111
v -0.38120621 0.11777506 -0.09038910
v -0.38120621 0.11623573 -0.08252918
v -0.38120621 0.11592510 -0.07466926
v -0.38120621 0.11581104 -0.06680934
v -0.38120621 0.11675192 -0.05894941
v -0.38120621 0.12182879 -0.05452287
v -0.38120621 0.12182879 0.01500888
v -0.38120621 0.11698854 0.01964981
v -0.38120621 0.11640938 0.02750973
v -0.38120621 0.11642498 0.03536965
v -0.38120621 0.11662251 0.04322957
v -0.38120621 0.11917768 0.05108950
v -0.38120621 0.12968871 -0.05319738
v -0.38120621 0.12968871 0.01362498
v -0.38120621 0.13754864 -0.05312326
v -0.38120621 0.13754864 0.01365292
v -0.38120621 0.14540856 -0.05317027
v -0.38120621 0.14540856 0.01372620
v -0.38120621 0.15326849 -0.05323036
v -0.38120621 0.15326849 0.01377357
v -0.38120621 0.16112840 -0.05329176
v -0.38120621 0.16112840 0.01381603
v -0.38120621 0.16898833 -0.05335485
v -0.38120621 0.16898833 0.01381687
v -0.38120621 0.17684825 -0.05337553
v -0.38120621 0.17684825 0.01378521
v -0.38120621 0.18470818 -0.05342207
v -0.38120621 0.18470818 0.01373459
v -0.38120621 0.19256809 -0.05346285
v -0.38120621 0.19256809 0.01370617
v -0.38120621 0.20042801 -0.05351856
v -0.38120621 0.20042801 0.01371061
v -0.38120621 0.20828794 -0.05359207
v -0.38120621 0.20828794 0.01375306
v -0.38120621 0.21614785 -0.05375860
v -0.38120621 0.21614785 0.01392625
v -0.38381279 0.22400779 -0.09038910
v -0.38517451 0.22400779 -0.08252918
v -0.38509619 0.22400779 -0.07466926
v -0.38508126 0.22400779 -0.06680934
v -0.38425553 0.22400779 -0.05894941
v -0.38120621 0.22400779 -0.05644156
v -0.38427544 0.22400779 0.01964981
v -0.38120621 0.22400779 0.01693129
v -0.38473549 0.22400779 0.02750973
v -0.38457388 0.22400779 0.03536965
v -0.38448092 0.22400779 0.04322957
v -0.38238740 0.22400779 0.05108950
v -0.38120621 0.22596017 -0.09038910
v -0.38120621 0.22704341 -0.08252918
v -0.38120621 0.22698380 -0.07466926
v -0.38120621 0.22697157 -0.06680934
v -0.38120621 0.22630438 -0.05894941
v -0.38120621 0.22630090 0.01964981
v -0.38120621 0.22672090 0.02750973
v -0.38120621 0.22661200 0.03536965
v -0.38120621 0.22656836 0.04322957
v -0.38120621 0.22491531 0.05108950
v -0.37584889 0.12182879 -0.09038910
v -0.37403047 0.12182879 -0.08252918
v -0.37356433 0.12182879 -0.07466926
v -0.37344494 0.12182879 -0.06680934
v -0.37444231 0.12182879 -0.05894941
v -0.37493157 0.12182879 0.01964981
v -0.37436119 0.12182879 0.02750973
v -0.37433636 0.12182879 0.03536965
v -0.37462190 0.12182879 0.04322957
v -0.37774113 0.12182879 0.05108950
v -0.37334630 0.12968871 -0.09444032
v -0.37334630 0.12387029 -0.09038910
v -0.37334630 0.12234930 -0.08252918
v -0.37334630 0.12199214 -0.07466926
v -0.37334630 0.12190339 -0.06680934
v -0.37334630 0.12270766 -0.05894941
v -0.37334630 0.12968871 -0.05379926
v -0.37334630 0.12968871 0.01426962
v -0.37334630 0.12310991 0.01964981
v -0.37334630 0.12261483 0.02750973
v -0.37334630 0.12259984 0.03536965
v -0.37334630 0.12283491 0.04322957
v -0.37334630 0.12547380 0.05108950
v -0.37334630 0.13754864 -0.09511476
v -0.37334630 0.13754864 -0.05310863
v -0.37334630 0.13754864 0.01358960
v -0.37334630 0.14540856 -0.05308176
v -0.37334630 0.14540856 0.01362917
v -0.37334630 0.15326849 -0.05313843
v -0.37334630 0.15326849 0.01369202
v -0.37334630 0.16112840 -0.05321980
v -0.37334630 0.16112840 0.01374419
v -0.37334630 0.16898833 -0.05327899
v -0.37334630 0.16898833 0.01377561
v -0.37334630 0.17684825 -0.05334543
v -0.37334630 0.17684825 0.01376290
v -0.37334630 0.18470818 -0.05338903
v -0.37334630 0.18470818 0.01375582
v -0.37334630 0.19256809 -0.05342483
v -0.37334630 0.19256809 0.01372044
v -0.37334630 0.20042801 -0.05346315
v -0.37334630 0.20042801 0.01370845
v -0.37334630 0.20828794 -0.05352323
v -0.37334630 0.20828794 0.01371948
v -0.37334630 0.21614785 -0.05360011
v -0.37334630 0.21614785 0.01380596
v -0.37334630 0.22400779 -0.05393820
v -0.37334630 0.22400779 0.01417535
v -0.37352991 0.23186770 -0.09038910
v -0.37469429 0.23186770 -0.08252918
v -0.37462738 0.23186770 -0.07466926
v -0.37457567 0.23186770 -0.06680934
v -0.37390044 0.23186770 -0.05894941
v -0.37334630 0.23186770 -0.05840798
v -0.37375486 0.23186770 0.01964981
v -0.37334630 0.23186770 0.01922884
v -0.37427422 0.23186770 0.02750973
v -0.37419441 0.23186770 0.03536965
v -0.37422788 0.23186770 0.04322957
v -0.37334630 0.23186770 0.04744761
v -0.37334630 0.23086458 0.05108950
v -0.37334630 0.23200180 -0.09038910
v -0.37334630 0.23289289 -0.08252918
v -0.37334630 0.23284468 -0.07466926
v -0.37334630 0.23280306 -0.06680934
v -0.37334630 0.23228267 -0.05894941
v -0.37334630 0.23217006 0.01964981
v -0.37334630 0.23257855 0.02750973
v -0.37334630 0.23252614 0.03536965
v -0.37334630 0.23255660 0.04322957
v -0.36548638 0.12968871 -0.09043498
v -0.36548638 0.12965010 -0.09038910
v -0.36548638 0.12837161 -0.08252918
v -0.36548638 0.12805115 -0.07466926
v -0.36548638 0.12793469 -0.06680934
v -0.36548638 0.12866989 -0.05894941
v -0.36548638 0.12968871 -0.05766691
v -0.36548638 0.12968871 0.01887168
v -0.36548638 0.12914638 0.01964981
v -0.36548638 0.12871306 0.02750973
v -0.36548638 0.12877339 0.03536965
v -0.36548638 0.12900078 0.04322957
v -0.36755282 0.12968871 0.05108950
v -0.36548638 0.12968871 0.04613231
v -0.36548638 0.13754864 -0.09492095
v -0.36548638 0.13754864 -0.05338135
v -0.36548638 0.13754864 0.01383258
v -0.36548638 0.13144909 0.05108950
v -0.36548638 0.14540856 -0.05306875
v -0.36548638 0.14540856 0.01355098
v -0.36548638 0.15326849 -0.05308788
v -0.36548638 0.15326849 0.01360171
v -0.36548638 0.16112840 -0.05314808
v -0.36548638 0.16112840 0.01366311
v -0.36548638 0.16898833 -0.05323857
v -0.36548638 0.16898833 0.01370749
v -0.36548638 0.17684825 -0.05333356
v -0.36548638 0.17684825 0.01376146
v -0.36548638 0.18470818 -0.05337931
v -0.36548638 0.18470818 0.01376014
v -0.36548638 0.19256809 -0.05342633
v -0.36548638 0.19256809 0.01374491
v -0.36548638 0.20042801 -0.05345031
v -0.36548638 0.20042801 0.01371732
v -0.36548638 0.20828794 -0.05349505
v -0.36548638 0.20828794 0.01372584
v -0.36548638 0.21614785 -0.05354770
v -0.36548638 0.21614785 0.01377489
v -0.36548638 0.22400779 -0.05364808
v -0.36548638 0.22400779 0.01386724
v -0.36548638 0.23186770 -0.05434615
v -0.36548638 0.23186770 0.01466575
v -0.37223056 0.23186770 0.05108950
v -0.36548638 0.23766503 -0.09038910
v -0.36548638 0.23875989 -0.08252918
v -0.36548638 0.23864368 -0.07466926
v -0.36548638 0.23868661 -0.06680934
v -0.36548638 0.23811837 -0.05894941
v -0.36548638 0.23798788 0.01964981
v -0.36548638 0.23851654 0.02750973
v -0.36548638 0.23850359 0.03536965
v -0.36548638 0.23860949 0.04322957
v -0.36548638 0.23673625 0.05108950
v -0.36543420 0.12968871 -0.09038910
v -0.36382088 0.12968871 -0.08252918
v -0.36343294 0.12968871 -0.07466926
v -0.36327752 0.12968871 -0.06680934
v -0.36417744 0.12968871 -0.05894941
v -0.36479366 0.12968871 0.01964981
v -0.36425936 0.12968871 0.02750973
v -0.36434451 0.12968871 0.03536965
v -0.36462480 0.12968871 0.04322957
v -0.35762647 0.13754864 -0.09218444
v -0.35762647 0.13579629 -0.09038910
v -0.35762647 0.13447548 -0.08252918
v -0.35762647 0.13423969 -0.07466926
v -0.35762647 0.13411736 -0.06680934
v -0.35762647 0.13479581 -0.05894941
v -0.35762647 0.13754864 -0.05589652
v -0.35762647 0.13754864 0.01694856
v -0.35762647 0.13538301 0.01964981
v -0.35762647 0.13484836 0.02750973
v -0.35762647 0.13490304 0.03536965
v -0.35762647 0.13511784 0.04322957
v -0.35762647 0.13719171 0.05108950
v -0.35762647 0.14540856 -0.05322016
v -0.35762647 0.14540856 0.01366180
v -0.35762647 0.15326849 -0.05307337
v -0.35762647 0.15326849 0.01353155
v -0.35762647 0.16112840 -0.05309855
v -0.35762647 0.16112840 0.01359883
v -0.35762647 0.16898833 -0.05320019
v -0.35762647 0.16898833 0.01364608
v -0.35762647 0.17684825 -0.05328709
v -0.35762647 0.17684825 0.01372524
v -0.35762647 0.18470818 -0.05336828
v -0.35762647 0.18470818 0.01376914
v -0.35762647 0.19256809 -0.05343592
v -0.35762647 0.19256809 0.01376302
v -0.35762647 0.20042801 -0.05346069
v -0.35762647 0.20042801 0.01376014
v -0.35762647 0.20828794 -0.05349085
v -0.35762647 0.20828794 0.01375810
v -0.35762647 0.21614785 -0.05354122
v -0.35762647 0.21614785 0.01376662
v -0.35762647 0.22400779 -0.05359777
v -0.35762647 0.22400779 0.01383702
v -0.35762647 0.23186770 -0.05368250
v -0.35762647 0.23186770 0.01395455
v -0.36290896 0.23972763 -0.09038910
v -0.36415249 0.23972763 -0.08252918
v -0.36399597 0.23972763 -0.07466926
v -0.36405277 0.23972763 -0.06680934
v -0.36345747 0.23972763 -0.05894941
v -0.35762647 0.23972763 -0.05511048
v -0.36328861 0.23972763 0.01964981
v -0.35762647 0.23972763 0.01552327
v -0.36388582 0.23972763 0.02750973
v -0.36387059 0.23972763 0.03536965
v -0.36401954 0.23972763 0.04322957
v -0.36194950 0.23972763 0.05108950
v -0.35762647 0.24358383 -0.09038910
v -0.35762647 0.24459775 -0.08252918
v -0.35762647 0.24449603 -0.07466926
v -0.35762647 0.24459271 -0.06680934
v -0.35762647 0.24408215 -0.05894941
v -0.35762647 0.24402602 0.01964981
v -0.35762647 0.24453957 0.02750973
v -0.35762647 0.24451354 0.03536965
v -0.35762647 0.24468625 0.04322957
v -0.35762647 0.24294819 0.05108950
v -0.35536483 0.13754864 -0.09038910
v -0.35373861 0.13754864 -0.08252918
v -0.35342732 0.13754864 -0.07466926
v -0.35325551 0.13754864 -0.06680934
v -0.35405862 0.13754864 -0.05894941
v -0.35489416 0.13754864 0.01964981
v -0.35426605 0.13754864 0.02750973
v -0.35432398 0.13754864 0.03536965
v -0.35456902 0.13754864 0.04322957
v -0.35716209 0.13754864 0.05108950
v -0.34976652 0.14540856 -0.09331655
v -0.34976652 0.14209074 -0.09038910
v -0.34976652 0.14076416 -0.08252918
v -0.34976652 0.14053041 -0.07466926
v -0.34976652 0.14036286 -0.06680934
v -0.34976652 0.14099778 -0.05894941
v -0.34976652 0.14540856 -0.05479416
v -0.34976652 0.14540856 0.01561394
v -0.34976652 0.14162624 0.01964981
v -0.34976652 0.14116198 0.02750973
v -0.34976652 0.14118177 0.03536965
v -0.34976652 0.14134355 0.04322957
v -0.34976652 0.14352994 0.05108950
v -0.34976652 0.15326849 -0.05313951
v -0.34976652 0.15326849 0.01359655
v -0.34976652 0.16112840 -0.05306599
v -0.34976652 0.16112840 0.01355326
v -0.34976652 0.16898833 -0.05312781
v -0.34976652 0.16898833 0.01360687
v -0.34976652 0.17684825 -0.05323072
v -0.34976652 0.17684825 0.01367751
v -0.34976652 0.18470818 -0.05334729
v -0.34976652 0.18470818 0.01374395
v -0.34976652 0.19256809 -0.05342501
v -0.34976652 0.19256809 0.01377010
v -0.34976652 0.20042801 -0.05346980
v -0.34976652 0.20042801 0.01377010
v -0.34976652 0.20828794 -0.05350428
v -0.34976652 0.20828794 0.01377285
v -0.34976652 0.21614785 -0.05353888
v -0.34976652 0.21614785 0.01377849
v -0.34976652 0.22400779 -0.05359567
v -0.34976652 0.22400779 0.01380500
v -0.34976652 0.23186770 -0.05364509
v -0.34976652 0.23186770 0.01389123
v -0.34976652 0.23972763 -0.05378181
v -0.34976652 0.23972763 0.01406621
v -0.35248300 0.24758755 -0.09038910
v -0.35375586 0.24758755 -0.08252918
v -0.35368589 0.24758755 -0.07466926
v -0.35382661 0.24758755 -0.06680934
v -0.35318461 0.24758755 -0.05894941
v -0.34976652 0.24758755 -0.05624667
v -0.35315034 0.24758755 0.01964981
v -0.34976652 0.24758755 0.01671697
v -0.35376748 0.24758755 0.02750973
v -0.35377020 0.24758755 0.03536965
v -0.35393047 0.24758755 0.04322957
v -0.35192430 0.24758755 0.05108950
v -0.34976652 0.24966274 -0.09038910
v -0.34976652 0.25069308 -0.08252918
v -0.34976652 0.25067353 -0.07466926
v -0.34976652 0.25075737 -0.06680934
v -0.34976652 0.25021085 -0.05894941
v -0.34976652 0.25026384 0.01964981
v -0.34976652 0.25076026 0.02750973
v -0.34976652 0.25077799 0.03536965
v -0.34976652 0.25087708 0.04322957
v -0.34976652 0.24925233 0.05108950
v -0.34557909 0.14540856 -0.09038910
v -0.34399855 0.14540856 -0.08252918
v -0.34366670 0.14540856 -0.07466926
v -0.34347013 0.14540856 -0.06680934
v -0.34415302 0.14540856 -0.05894941
v -0.34499520 0.14540856 0.01964981
v -0.34438840 0.14540856 0.02750973
v -0.34439895 0.14540856 0.03536965
v -0.34458047 0.14540856 0.04322957
v -0.34731337 0.14540856 0.05108950
v -0.34190661 0.15326849 -0.09402841
v -0.34190661 0.14847116 -0.09038910
v -0.34190661 0.14710610 -0.08252918
v -0.34190661 0.14682209 -0.07466926
v -0.34190661 0.14664279 -0.06680934
v -0.34190661 0.14725721 -0.05894941
v -0.34190661 0.15326849 -0.05403181
v -0.34190661 0.15326849 0.01473508
v -0.34190661 0.14791588 0.01964981
v -0.34190661 0.14736395 0.02750973
v -0.34190661 0.14738433 0.03536965
v -0.34190661 0.14750187 0.04322957
v -0.34190661 0.14981489 0.05108950
v -0.34190661 0.16112840 -0.05304752
v -0.34190661 0.16112840 0.01357436
v -0.34190661 0.16898833 -0.05303792
v -0.34190661 0.16898833 0.01356705
v -0.34190661 0.17684825 -0.05314520
v -0.34190661 0.17684825 0.01362953
v -0.34190661 0.18470818 -0.05327485
v -0.34190661 0.18470818 0.01370341
v -0.34190661 0.19256809 -0.05339658
v -0.34190661 0.19256809 0.01376158
v -0.34190661 0.20042801 -0.05346818
v -0.34190661 0.20042801 0.01379192
v -0.34190661 0.20828794 -0.05351226
v -0.34190661 0.20828794 0.01379012
v -0.34190661 0.21614785 -0.05353643
v -0.34190661 0.21614785 0.01376674
v -0.34190661 0.22400779 -0.05358068
v -0.34190661 0.22400779 0.01379948
v -0.34190661 0.23186770 -0.05363873
v -0.34190661 0.23186770 0.01384865
v -0.34190661 0.23972763 -0.05368862
v -0.34190661 0.23972763 0.01392673
v -0.34190661 0.24758755 -0.05393196
v -0.34190661 0.24758755 0.01419106
v -0.34269080 0.25544748 -0.09038910
v -0.34373757 0.25544748 -0.08252918
v -0.34375131 0.25544748 -0.07466926
v -0.34388959 0.25544748 -0.06680934
v -0.34326413 0.25544748 -0.05894941
v -0.34190661 0.25544748 -0.05768886
v -0.34345442 0.25544748 0.01964981
v -0.34190661 0.25544748 0.01810795
v -0.34394744 0.25544748 0.02750973
v -0.34395477 0.25544748 0.03536965
v -0.34401971 0.25544748 0.04322957
v -0.34217340 0.25544748 0.05108950
v -0.34190661 0.25607401 -0.09038910
v -0.34190661 0.25694388 -0.08252918
v -0.34190661 0.25694785 -0.07466926
v -0.34190661 0.25706345 -0.06680934
v -0.34190661 0.25652134 -0.05894941
v -0.34190661 0.25669801 0.01964981
v -0.34190661 0.25713566 0.02750973
v -0.34190661 0.25713661 0.03536965
v -0.34190661 0.25718087 0.04322957
v -0.34190661 0.25565928 0.05108950
v -0.33589113 0.15326849 -0.09038910
v -0.33434743 0.15326849 -0.08252918
v -0.33404669 0.15326849 -0.07738364
v -0.33404669 0.15314075 -0.07466926
v -0.33404669 0.15299107 -0.06680934
v -0.33430275 0.15326849 -0.05894941
v -0.33404669 0.15326849 -0.06208824
v -0.33497053 0.15326849 0.01964981
v -0.33427680 0.15326849 0.02750973
v -0.33425507 0.15326849 0.03536965
v -0.33440846 0.15326849 0.04322957
v -0.33728427 0.15326849 0.05108950
v -0.33404669 0.16112840 -0.09448025
v -0.33404669 0.15486479 -0.09038910
v -0.33404669 0.15350787 -0.08252918
v -0.33404669 0.15348496 -0.05894941
v -0.33404669 0.16112840 -0.05351322
v -0.33404669 0.16112840 0.01417487
v -0.33404669 0.15402333 0.01964981
v -0.33404669 0.15344058 0.02750973
v -0.33404669 0.15342428 0.03536965
v -0.33404669 0.15354025 0.04322957
v -0.33404669 0.15601939 0.05108950
v -0.33404669 0.16898833 -0.09506499
v -0.33404669 0.16898833 -0.05295829
v -0.33404669 0.16898833 0.01357209
v -0.33404669 0.17684825 -0.05301724
v -0.33404669 0.17684825 0.01360471
v -0.33404669 0.18470818 -0.05317297
v -0.33404669 0.18470818 0.01366180
v -0.33404669 0.19256809 -0.05333596
v -0.33404669 0.19256809 0.01375067
v -0.33404669 0.20042801 -0.05342633
v -0.33404669 0.20042801 0.01378149
v -0.33404669 0.20828794 -0.05349427
v -0.33404669 0.20828794 0.01380607
v -0.33404669 0.21614785 -0.05352617
v -0.33404669 0.21614785 0.01381783
v -0.33404669 0.22400779 -0.05356029
v -0.33404669 0.22400779 0.01381243
v -0.33404669 0.23186770 -0.05361954
v -0.33404669 0.23186770 0.01383714
v -0.33404669 0.23972763 -0.05364994
v -0.33404669 0.23972763 0.01389303
v -0.33404669 0.24758755 -0.05372778
v -0.33404669 0.24758755 0.01397050
v -0.33404669 0.25544748 -0.05419780
v -0.33404669 0.25544748 0.01442037
v -0.33404669 0.26240501 -0.09038910
v -0.33404669 0.26325223 -0.08252918
v -0.33404669 0.26322535 -0.07466926
v -0.33412302 0.26330739 -0.06680934
v -0.33404669 0.26330739 -0.07011085
v -0.33404669 0.26330739 -0.06577504
v -0.33404669 0.26281530 -0.05894941
v -0.33404669 0.26305470 0.01964981
v -0.33415055 0.26330739 0.02750973
v -0.33404669 0.26330739 0.02534818
v -0.33422035 0.26330739 0.03536965
v -0.33433884 0.26330739 0.04322957
v -0.33404669 0.26330739 0.04466013
v -0.33404669 0.26167104 0.05108950
v -0.33404669 0.26336917 -0.06680934
v -0.33404669 0.26339003 0.02750973
v -0.33404669 0.26344639 0.03536965
v -0.33404669 0.26354271 0.04322957
v -0.33388820 0.15326849 -0.07466926
v -0.33369926 0.15326849 -0.06680934
v -0.32618678 0.16112840 -0.09053452
v -0.32618678 0.16100092 -0.09038910
v -0.32618678 0.15979943 -0.08252918
v -0.32618678 0.15942848 -0.07466926
v -0.32618678 0.15923551 -0.06680934
v -0.32618678 0.15981118 -0.05894941
v -0.32618678 0.16112840 -0.05727815
v -0.32618678 0.16112840 0.01830920
v -0.32618678 0.16012108 0.01964981
v -0.32618678 0.15946002 0.02750973
v -0.32618678 0.15941349 0.03536965
v -0.32618678 0.15953714 0.04322957
v -0.32692963 0.16112840 0.05108950
v -0.32618678 0.16112840 0.04957702
v -0.32618678 0.16898833 -0.09483424
v -0.32618678 0.16898833 -0.05315276
v -0.32618678 0.16898833 0.01387887
v -0.32618678 0.16179055 0.05108950
v -0.32618678 0.17684825 -0.05294042
v -0.32618678 0.17684825 0.01360099
v -0.32618678 0.18470818 -0.05305310
v -0.32618678 0.18470818 0.01364249
v -0.32618678 0.19256809 -0.05322772
v -0.32618678 0.19256809 0.01369981
v -0.32618678 0.20042801 -0.05335988
v -0.32618678 0.20042801 0.01375954
v -0.32618678 0.20828794 -0.05346986
v -0.32618678 0.20828794 0.01379336
v -0.32618678 0.21614785 -0.05352647
v -0.32618678 0.21614785 0.01382047
v -0.32618678 0.22400779 -0.05355231
v -0.32618678 0.22400779 0.01382167
v -0.32618678 0.23186770 -0.05359807
v -0.32618678 0.23186770 0.01384781
v -0.32618678 0.23972763 -0.05363345
v -0.32618678 0.23972763 0.01387624
v -0.32618678 0.24758755 -0.05369582
v -0.32618678 0.24758755 0.01393488
v -0.32618678 0.25544748 -0.05377875
v -0.32618678 0.25544748 0.01397614
v -0.33301803 0.26330739 -0.09038910
v -0.33397636 0.26330739 -0.08252918
v -0.33394182 0.26330739 -0.07466926
v -0.33347300 0.26330739 -0.05894941
v -0.32618678 0.26330739 -0.05466253
v -0.33374825 0.26330739 0.01964981
v -0.32618678 0.26330739 0.01485825
v -0.33220232 0.26330739 0.05108950
v -0.32618678 0.26870978 -0.09038910
v -0.32618678 0.26964068 -0.08252918
v -0.32618678 0.26960424 -0.07466926
v -0.32618678 0.26973173 -0.06680934
v -0.32618678 0.26902315 -0.05894941
v -0.32618678 0.26907510 0.01964981
v -0.32618678 0.26958671 0.02750973
v -0.32618678 0.26965904 0.03536965
v -0.32618678 0.26980153 0.04322957
v -0.32618678 0.26787335 0.05108950
v -0.32602361 0.16112840 -0.09038910
v -0.32454291 0.16112840 -0.08252918
v -0.32408267 0.16112840 -0.07466926
v -0.32384160 0.16112840 -0.06680934
v -0.32453042 0.16112840 -0.05894941
v -0.32487682 0.16112840 0.01964981
v -0.32406047 0.16112840 0.02750973
v -0.32399753 0.16112840 0.03536965
v -0.32416439 0.16112840 0.04322957
v -0.31832686 0.16898833 -0.09211170
v -0.31832686 0.16729787 -0.09038910
v -0.31832686 0.16602550 -0.08252918
v -0.31832686 0.16570012 -0.07466926
v -0.31832686 0.16548641 -0.06680934
v -0.31832686 0.16606209 -0.05894941
v -0.31832686 0.16898833 -0.05563010
v -0.31832686 0.16898833 0.01651200
v -0.31832686 0.16623898 0.01964981
v -0.31832686 0.16554601 0.02750973
v -0.31832686 0.16546206 0.03536965
v -0.31832686 0.16558379 0.04322957
v -0.31832686 0.16783373 0.05108950
v -0.31832686 0.17684825 -0.05299769
v -0.31832686 0.17684825 0.01373927
v -0.31832686 0.18470818 -0.05295967
v -0.31832686 0.18470818 0.01361922
v -0.31832686 0.19256809 -0.05311060
v -0.31832686 0.19256809 0.01365652
v -0.31832686 0.20042801 -0.05325716
v -0.31832686 0.20042801 0.01371193
v -0.31832686 0.20828794 -0.05340012
v -0.31832686 0.20828794 0.01379048
v -0.31832686 0.21614785 -0.05348689
v -0.31832686 0.21614785 0.01380104
v -0.31832686 0.22400779 -0.05355567
v -0.31832686 0.22400779 0.01382442
v -0.31832686 0.23186770 -0.05359082
v -0.31832686 0.23186770 0.01384134
v -0.31832686 0.23972763 -0.05360940
v -0.31832686 0.23972763 0.01386520
v -0.31832686 0.24758755 -0.05366739
v -0.31832686 0.24758755 0.01389530
v -0.31832686 0.25544748 -0.05374901
v -0.31832686 0.25544748 0.01394664
v -0.31832686 0.26330739 -0.05384255
v -0.31832686 0.26330739 0.01398789
v -0.32323229 0.27116731 -0.09038910
v -0.32429716 0.27116731 -0.08252918
v -0.32425633 0.27116731 -0.07466926
v -0.32439706 0.27116731 -0.06680934
v -0.32359958 0.27116731 -0.05894941
v -0.31832686 0.27116731 -0.05534777
v -0.32355821 0.27116731 0.01964981
v -0.31832686 0.27116731 0.01570773
v -0.32414922 0.27116731 0.02750973
v -0.32426107 0.27116731 0.03536965
v -0.32442981 0.27116731 0.04322957
v -0.32229033 0.27116731 0.05108950
v -0.31832686 0.27509990 -0.09038910
v -0.31832686 0.27600121 -0.08252918
v -0.31832686 0.27593943 -0.07466926
v -0.31832686 0.27604762 -0.06680934
v -0.31832686 0.27535394 -0.05894941
v -0.31832686 0.27515018 0.01964981
v -0.31832686 0.27573436 0.02750973
v -0.31832686 0.27579817 0.03536965
v -0.31832686 0.27596846 0.04322957
v -0.31832686 0.27416852 0.05108950
v -0.31614280 0.16898833 -0.09038910
v -0.31456172 0.16898833 -0.08252918
v -0.31419492 0.16898833 -0.07466926
v -0.31387687 0.16898833 -0.06680934
v -0.31455657 0.16898833 -0.05894941
v -0.31477749 0.16898833 0.01964981
v -0.31388351 0.16898833 0.02750973
v -0.31374291 0.16898833 0.03536965
v -0.31390396 0.16898833 0.04322957
v -0.31680682 0.16898833 0.05108950
v -0.31046692 0.17684825 -0.09335259
v -0.31046692 0.17352599 -0.09038910
v -0.31046692 0.17225075 -0.08252918
v -0.31046692 0.17199108 -0.07466926
v -0.31046692 0.17173335 -0.06680934
v -0.31046692 0.17223887 -0.05894941
v -0.31046692 0.17684825 -0.05447460
v -0.31046692 0.17684825 0.01524959
v -0.31046692 0.17236324 0.01964981
v -0.31046692 0.17168382 0.02750973
v -0.31046692 0.17158896 0.03536965
v -0.31046692 0.17166667 0.04322957
v -0.31046692 0.17407589 0.05108950
v -0.31046692 0.18470818 -0.05298785
v -0.31046692 0.18470818 0.01365160
v -0.31046692 0.19256809 -0.05302005
v -0.31046692 0.19256809 0.01360063
v -0.31046692 0.20042801 -0.05315828
v -0.31046692 0.20042801 0.01364644
v -0.31046692 0.20828794 -0.05331869
v -0.31046692 0.20828794 0.01371481
v -0.31046692 0.21614785 -0.05343568
v -0.31046692 0.21614785 0.01375678
v -0.31046692 0.22400779 -0.05352065
v -0.31046692 0.22400779 0.01379948
v -0.31046692 0.23186770 -0.05355687
v -0.31046692 0.23186770 0.01382382
v -0.31046692 0.23972763 -0.05361348
v -0.31046692 0.23972763 0.01383486
v -0.31046692 0.24758755 -0.05365342
v -0.31046692 0.24758755 0.01385057
v -0.31046692 0.25544748 -0.05369582
v -0.31046692 0.25544748 0.01390502
v -0.31046692 0.26330739 -0.05377455
v -0.31046692 0.26330739 0.01392409
v -0.31046692 0.27116731 -0.05391991
v -0.31046692 0.27116731 0.01402471
v -0.31353235 0.27902722 -0.09038910
v -0.31465638 0.27902722 -0.08252918
v -0.31457794 0.27902722 -0.07466926
v -0.31469533 0.27902722 -0.06680934
v -0.31385449 0.27902722 -0.05894941
v -0.31046692 0.27902722 -0.05626922
v -0.31342950 0.27902722 0.01964981
v -0.31046692 0.27902722 0.01698130
v -0.31419113 0.27902722 0.02750973
v -0.31429172 0.27902722 0.03536965
v -0.31447670 0.27902722 0.04322957
v -0.31237319 0.27902722 0.05108950
v -0.31046692 0.28150493 -0.09038910
v -0.31046692 0.28245887 -0.08252918
v -0.31046692 0.28236857 -0.07466926
v -0.31046692 0.28244185 -0.06680934
v -0.31046692 0.28174648 -0.05894941
v -0.31046692 0.28137335 0.01964981
v -0.31046692 0.28199703 0.02750973
v -0.31046692 0.28208432 0.03536965
v -0.31046692 0.28221288 0.04322957
v -0.31046692 0.28051585 0.05108950
v -0.30617201 0.17684825 -0.09038910
v -0.30462962 0.17684825 -0.08252918
v -0.30430406 0.17684825 -0.07466926
v -0.30399200 0.17684825 -0.06680934
v -0.30452666 0.17684825 -0.05894941
v -0.30466354 0.17684825 0.01964981
v -0.30378535 0.17684825 0.02750973
v -0.30364192 0.17684825 0.03536965
v -0.30374673 0.17684825 0.04322957
v -0.30678126 0.17684825 0.05108950
v -0.30260700 0.18470818 -0.09417359
v -0.30260700 0.17977114 -0.09038910
v -0.30260700 0.17845595 -0.08252918
v -0.30260700 0.17819390 -0.07466926
v -0.30260700 0.17792848 -0.06680934
v -0.30260700 0.17842345 -0.05894941
v -0.30260700 0.18470818 -0.05380286
v -0.30260700 0.18470818 0.01444316
v -0.30260700 0.17850405 0.01964981
v -0.30260700 0.17775410 0.02750973
v -0.30260700 0.17763861 0.03536965
v -0.30260700 0.17772736 0.04322957
v -0.30260700 0.18035772 0.05108950
v -0.30260700 0.19256809 -0.05301616
v -0.30260700 0.19256809 0.01357724
v -0.30260700 0.20042801 -0.05307882
v -0.30260700 0.20042801 0.01356873
v -0.30260700 0.20828794 -0.05321500
v -0.30260700 0.20828794 0.01363553
v -0.30260700 0.21614785 -0.05334825
v -0.30260700 0.21614785 0.01369058
v -0.30260700 0.22400779 -0.05346603
v -0.30260700 0.22400779 0.01375726
v -0.30260700 0.23186770 -0.05353823
v -0.30260700 0.23186770 0.01380080
v -0.30260700 0.23972763 -0.05358572
v -0.30260700 0.23972763 0.01381867
v -0.30260700 0.24758755 -0.05363111
v -0.30260700 0.24758755 0.01383114
v -0.30260700 0.25544748 -0.05367849
v -0.30260700 0.25544748 0.01385873
v -0.30260700 0.26330739 -0.05373671
v -0.30260700 0.26330739 0.01385980
v -0.30260700 0.27116731 -0.05381857
v -0.30260700 0.27116731 0.01390370
v -0.30260700 0.27902722 -0.05402527
v -0.30260700 0.27902722 0.01415988
v -0.30393845 0.28688717 -0.09038910
v -0.30503553 0.28688717 -0.08252918
v -0.30494702 0.28688717 -0.07466926
v -0.30499494 0.28688717 -0.06680934
v -0.30424127 0.28688717 -0.05894941
v -0.30260700 0.28688717 -0.05746273
v -0.30371585 0.28688717 0.01964981
v -0.30260700 0.28688717 0.01850768
v -0.30434981 0.28688717 0.02750973
v -0.30448186 0.28688717 0.03536965
v -0.30462140 0.28688717 0.04322957
v -0.30275238 0.28688717 0.05108950
v -0.30260700 0.28796774 -0.09038910
v -0.30260700 0.28889567 -0.08252918
v -0.30260700 0.28882769 -0.07466926
v -0.30260700 0.28886738 -0.06680934
v -0.30260700 0.28820714 -0.05894941
v -0.30260700 0.28778654 0.01964981
v -0.30260700 0.28832468 0.02750973
v -0.30260700 0.28843933 0.03536965
v -0.30260700 0.28854176 0.04322957
v -0.30260700 0.28700122 0.05108950
v -0.29623106 0.18470818 -0.09038910
v -0.29480872 0.18470818 -0.08252918
v -0.29474708 0.18470818 -0.08130790
v -0.29474708 0.18443616 -0.07466926
v -0.29474708 0.18417783 -0.06680934
v -0.29474708 0.18454434 -0.05894941
v -0.29474708 0.18470818 -0.05871795
v -0.29474708 0.18470818 0.01946475
v -0.29474708 0.18458021 0.01964981
v -0.29474708 0.18395260 0.02750973
v -0.29474708 0.18378769 0.03536965
v -0.29474708 0.18390055 0.04322957
v -0.29669282 0.18470818 0.05108950
v -0.29474708 0.18470818 0.04660604
v -0.29474708 0.19256809 -0.09465080
v -0.29474708 0.18597826 -0.09038910
v -0.29474708 0.18475591 -0.08252918
v -0.29474708 0.19256809 -0.05345103
v -0.29474708 0.19256809 0.01395935
v -0.29474708 0.18642105 0.05108950
v -0.29474708 0.20042801 -0.09515212
v -0.29474708 0.20042801 -0.05305495
v -0.29474708 0.20042801 0.01354006
v -0.29474708 0.20828794 -0.05314724
v -0.29474708 0.20828794 0.01357544
v -0.29474708 0.21614785 -0.05328061
v -0.29474708 0.21614785 0.01364932
v -0.29474708 0.22400779 -0.05339269
v -0.29474708 0.22400779 0.01370581
v -0.29474708 0.23186770 -0.05348456
v -0.29474708 0.23186770 0.01375954
v -0.29474708 0.23972763 -0.05357582
v -0.29474708 0.23972763 0.01379852
v -0.29474708 0.24758755 -0.05363729
v -0.29474708 0.24758755 0.01382215
v -0.29474708 0.25544748 -0.05366103
v -0.29474708 0.25544748 0.01382814
v -0.29474708 0.26330739 -0.05370325
v -0.29474708 0.26330739 0.01384158
v -0.29474708 0.27116731 -0.05378115
v -0.29474708 0.27116731 0.01386220
v -0.29474708 0.27902722 -0.05384723
v -0.29474708 0.27902722 0.01390754
v -0.29474708 0.28688717 -0.05421950
v -0.29474708 0.28688717 0.01444712
v -0.29474708 0.29431197 -0.09038910
v -0.29527125 0.29474708 -0.08252918
v -0.29474708 0.29474708 -0.08697750
v -0.29514489 0.29474708 -0.07466926
v -0.29515383 0.29474708 -0.06680934
v -0.29474708 0.29474708 -0.06097628
v -0.29474708 0.29460591 -0.05894941
v -0.29474708 0.29423892 0.01964981
v -0.29474708 0.29472166 0.02750973
v -0.29477748 0.29474708 0.03536965
v -0.29474708 0.29474708 0.03162043
v -0.29486629 0.29474708 0.04322957
v -0.29474708 0.29474708 0.04382624
v -0.29474708 0.29294077 0.05108950
v -0.29474708 0.29516506 -0.08252918
v -0.29474708 0.29506299 -0.07466926
v -0.29474708 0.29506648 -0.06680934
v -0.29474708 0.29477155 0.03536965
v -0.29474708 0.29484326 0.04322957
v -0.29440376 0.18470818 -0.07466926
v -0.29408103 0.18470818 -0.06680934
v -0.29453912 0.18470818 -0.05894941
v -0.29458386 0.18470818 0.01964981
v -0.29380992 0.18470818 0.02750973
v -0.29360849 0.18470818 0.03536965
v -0.29374397 0.18470818 0.04322957
v -0.28688717 0.19256809 -0.09084647
v -0.28688717 0.19216512 -0.09038910
v -0.28688717 0.19091925 -0.08252918
v -0.28688717 0.19057481 -0.07466926
v -0.28688717 0.19032870 -0.06680934
v -0.28688717 0.19083542 -0.05894941
v -0.28688717 0.19256809 -0.05682816
v -0.28688717 0.19256809 0.01748754
v -0.28688717 0.19087021 0.01964981
v -0.28688717 0.19017160 0.02750973
v -0.28688717 0.19000357 0.03536965
v -0.28688717 0.19009796 0.04322957
v -0.28688717 0.19219582 0.05108950
v -0.28688717 0.20042801 -0.09491082
v -0.28688717 0.20042801 -0.05327269
v -0.28688717 0.20042801 0.01371241
v -0.28688717 0.20828794 -0.05312482
v -0.28688717 0.20828794 0.01354342
v -0.28688717 0.21614785 -0.05321566
v -0.28688717 0.21614785 0.01358084
v -0.28688717 0.22400779 -0.05333626
v -0.28688717 0.22400779 0.01366132
v -0.28688717 0.23186770 -0.05345043
v -0.28688717 0.23186770 0.01372080
v -0.28688717 0.23972763 -0.05355322
v -0.28688717 0.23972763 0.01376890
v -0.28688717 0.24758755 -0.05360952
v -0.28688717 0.24758755 0.01379252
v -0.28688717 0.25544748 -0.05365090
v -0.28688717 0.25544748 0.01382430
v -0.28688717 0.26330739 -0.05369330
v -0.28688717 0.26330739 0.01382550
v -0.28688717 0.27116731 -0.05373929
v -0.28688717 0.27116731 0.01384242
v -0.28688717 0.27902722 -0.05380969
v -0.28688717 0.27902722 0.01387072
v -0.28688717 0.28688717 -0.05387272
v -0.28688717 0.28688717 0.01394352
v -0.29424575 0.29474708 -0.09038910
v -0.29458350 0.29474708 -0.05894941
v -0.28688717 0.29474708 -0.05459717
v -0.29415706 0.29474708 0.01964981
v -0.28688717 0.29474708 0.01487492
v -0.29471475 0.29474708 0.02750973
v -0.29272795 0.29474708 0.05108950
v -0.28688717 0.30035779 -0.09038910
v -0.28688717 0.30133846 -0.08252918
v -0.28688717 0.30118400 -0.07466926
v -0.28688717 0.30122191 -0.06680934
v -0.28688717 0.30057102 -0.05894941
v -0.28688717 0.30063769 0.01964981
v -0.28688717 0.30117214 0.02750973
v -0.28688717 0.30109489 0.03536965
v -0.28688717 0.30117813 0.04322957
v -0.28688717 0.29917154 0.05108950
v -0.28636762 0.19256809 -0.09038910
v -0.28480470 0.19256809 -0.08252918
v -0.28435281 0.19256809 -0.07466926
v -0.28401002 0.19256809 -0.06680934
v -0.28463158 0.19256809 -0.05894941
v -0.28475854 0.19256809 0.01964981
v -0.28389260 0.19256809 0.02750973
v -0.28365216 0.19256809 0.03536965
v -0.28375158 0.19256809 0.04322957
v -0.28640312 0.19256809 0.05108950
v -0.27902722 0.20042801 -0.09234287
v -0.27902722 0.19845620 -0.09038910
v -0.27902722 0.19703607 -0.08252918
v -0.27902722 0.19667736 -0.07466926
v -0.27902722 0.19641913 -0.06680934
v -0.27902722 0.19690786 -0.05894941
v -0.27902722 0.20042801 -0.05528367
v -0.27902722 0.20042801 0.01596019
v -0.27902722 0.19714677 0.01964981
v -0.27902722 0.19641350 0.02750973
v -0.27902722 0.19624560 0.03536965
v -0.27902722 0.19626310 0.04322957
v -0.27902722 0.19848642 0.05108950
v -0.27902722 0.20828794 -0.05322604
v -0.27902722 0.20828794 0.01360495
v -0.27902722 0.21614785 -0.05320085
v -0.27902722 0.21614785 0.01356237
v -0.27902722 0.22400779 -0.05331071
v -0.27902722 0.22400779 0.01361826
v -0.27902722 0.23186770 -0.05342483
v -0.27902722 0.23186770 0.01369646
v -0.27902722 0.23972763 -0.05352389
v -0.27902722 0.23972763 0.01374791
v -0.27902722 0.24758755 -0.05359243
v -0.27902722 0.24758755 0.01379048
v -0.27902722 0.25544748 -0.05364964
v -0.27902722 0.25544748 0.01382622
v -0.27902722 0.26330739 -0.05367699
v -0.27902722 0.26330739 0.01381831
v -0.27902722 0.27116731 -0.05371818
v -0.27902722 0.27116731 0.01382946
v -0.27902722 0.27902722 -0.05379266
v -0.27902722 0.27902722 0.01384134
v -0.27902722 0.28688717 -0.05383674
v -0.27902722 0.28688717 0.01387923
v -0.27902722 0.29474708 -0.05389856
v -0.27902722 0.29474708 0.01396355
v -0.28412449 0.30260700 -0.09038910
v -0.28523034 0.30260700 -0.08252918
v -0.28502890 0.30260700 -0.07466926
v -0.28505999 0.30260700 -0.06680934
v -0.28434157 0.30260700 -0.05894941
v -0.27902722 0.30260700 -0.05537530
v -0.28451267 0.30260700 0.01964981
v -0.27902722 0.30260700 0.01554114
v -0.28508091 0.30260700 0.02750973
v -0.28495970 0.30260700 0.03536965
v -0.28503647 0.30260700 0.04322957
v -0.28277537 0.30260700 0.05108950
v -0.27902722 0.30650699 -0.09038910
v -0.27902722 0.30744666 -0.08252918
v -0.27902722 0.30723965 -0.07466926
v -0.27902722 0.30725381 -0.06680934
v -0.27902722 0.30659789 -0.05894941
v -0.27902722 0.30694041 0.01964981
v -0.27902722 0.30739221 0.02750973
v -0.27902722 0.30724084 0.03536965
v -0.27902722 0.30723247 0.04322957
v -0.27902722 0.30539688 0.05108950
v -0.27636659 0.20042801 -0.09038910
v -0.27453226 0.20042801 -0.08252918
v -0.27404821 0.20042801 -0.07466926
v -0.27369532 0.20042801 -0.06680934
v -0.27431422 0.20042801 -0.05894941
v -0.27479810 0.20042801 0.01964981
v -0.27386186 0.20042801 0.02750973
v -0.27359122 0.20042801 0.03536965
v -0.27356225 0.20042801 0.04322957
v -0.27640095 0.20042801 0.05108950
v -0.27116731 0.20828794 -0.09371419
v -0.27116731 0.20435005 -0.09038910
v -0.27116731 0.20297803 -0.08252918
v -0.27116731 0.20262326 -0.07466926
v -0.27116731 0.20231768 -0.06680934
v -0.27116731 0.20287129 -0.05894941
v -0.27116731 0.20828794 -0.05426244
v -0.27116731 0.20828794 0.01483150
v -0.27116731 0.20327163 0.01964981
v -0.27116731 0.20253596 0.02750973
v -0.27116731 0.20230724 0.03536965
v -0.27116731 0.20224944 0.04322957
v -0.27116731 0.20460191 0.05108950
v -0.27116731 0.21614785 -0.05327413
v -0.27116731 0.21614785 0.01358600
v -0.27116731 0.22400779 -0.05330190
v -0.27116731 0.22400779 0.01359811
v -0.27116731 0.23186770 -0.05338447
v -0.27116731 0.23186770 0.01366336
v -0.27116731 0.23972763 -0.05349661
v -0.27116731 0.23972763 0.01372596
v -0.27116731 0.24758755 -0.05357217
v -0.27116731 0.24758755 0.01378053
v -0.27116731 0.25544748 -0.05364569
v -0.27116731 0.25544748 0.01382430
v -0.27116731 0.26330739 -0.05368209
v -0.27116731 0.26330739 0.01382802
v -0.27116731 0.27116731 -0.05369947
v -0.27116731 0.27116731 0.01384158
v -0.27116731 0.27902722 -0.05377317
v -0.27116731 0.27902722 0.01382850
v -0.27116731 0.28688717 -0.05380046
v -0.27116731 0.28688717 0.01383906
v -0.27116731 0.29474708 -0.05385179
v -0.27116731 0.29474708 0.01388715
v -0.27116731 0.30260700 -0.05394516
v -0.27116731 0.30260700 0.01399917
v -0.27408582 0.31046692 -0.09038910
v -0.27523381 0.31046692 -0.08252918
v -0.27497560 0.31046692 -0.07466926
v -0.27493158 0.31046692 -0.06680934
v -0.27409476 0.31046692 -0.05894941
v -0.27116731 0.31046692 -0.05656095
v -0.27460027 0.31046692 0.01964981
v -0.27116731 0.31046692 0.01667067
v -0.27514344 0.31046692 0.02750973
v -0.27497447 0.31046692 0.03536965
v -0.27488092 0.31046692 0.04322957
v -0.27275002 0.31046692 0.05108950
v -0.27116731 0.31272048 -0.09038910
v -0.27116731 0.31368390 -0.08252918
v -0.27116731 0.31347725 -0.07466926
v -0.27116731 0.31342280 -0.06680934
v -0.27116731 0.31272346 -0.05894941
v -0.27116731 0.31314465 0.01964981
v -0.27116731 0.31358865 0.02750973
v -0.27116731 0.31343660 0.03536965
v -0.27116731 0.31333849 0.04322957
v -0.27116731 0.31165558 0.05108950
v -0.26557258 0.20828794 -0.09038910
v -0.26399419 0.20828794 -0.08252918
v -0.26353893 0.20828794 -0.07466926
v -0.26330739 0.20828794 -0.06799769
v -0.26330739 0.20825760 -0.06680934
v -0.26388168 0.20828794 -0.05894941
v -0.26330739 0.20828794 -0.06625261
v -0.26468039 0.20828794 0.01964981
v -0.26377082 0.20828794 0.02750973
v -0.26334432 0.20828794 0.03536965
v -0.26330739 0.20828794 0.04055567
v -0.26330739 0.20827343 0.04322957
v -0.26606226 0.20828794 0.05108950
v -0.26330739 0.20828794 0.04330105
v -0.26330739 0.21614785 -0.09455983
v -0.26330739 0.21005191 -0.09038910
v -0.26330739 0.20876887 -0.08252918
v -0.26330739 0.20845188 -0.07466926
v -0.26330739 0.20876636 -0.05894941
v -0.26330739 0.21614785 -0.05379020
v -0.26330739 0.21614785 0.01417691
v -0.26330739 0.20941038 0.01964981
v -0.26330739 0.20863406 0.02750973
v -0.26330739 0.20831528 0.03536965
v -0.26330739 0.21059784 0.05108950
v -0.26330739 0.22400779 -0.09513161
v -0.26330739 0.22400779 -0.05333416
v -0.26330739 0.22400779 0.01361298
v -0.26330739 0.23186770 -0.05337284
v -0.26330739 0.23186770 0.01363673
v -0.26330739 0.23972763 -0.05346758
v -0.26330739 0.23972763 0.01369897
v -0.26330739 0.24758755 -0.05354794
v -0.26330739 0.24758755 0.01377022
v -0.26330739 0.25544748 -0.05362104
v -0.26330739 0.25544748 0.01381843
v -0.26330739 0.26330739 -0.05367327
v -0.26330739 0.26330739 0.01383054
v -0.26330739 0.27116731 -0.05370823
v -0.26330739 0.27116731 0.01384433
v -0.26330739 0.27902722 -0.05375069
v -0.26330739 0.27902722 0.01382658
v -0.26330739 0.28688717 -0.05377587
v -0.26330739 0.28688717 0.01380871
v -0.26330739 0.29474708 -0.05381791
v -0.26330739 0.29474708 0.01383138
v -0.26330739 0.30260700 -0.05385550
v -0.26330739 0.30260700 0.01387827
v -0.26330739 0.31046692 -0.05404800
v -0.26330739 0.31046692 0.01410135
v -0.26435262 0.31832686 -0.09038910
v -0.26541257 0.31832686 -0.08252918
v -0.26514968 0.31832686 -0.07466926
v -0.26505440 0.31832686 -0.06680934
v -0.26431832 0.31832686 -0.05894941
v -0.26330739 0.31832686 -0.05796897
v -0.26472542 0.31832686 0.01964981
v -0.26330739 0.31832686 0.01821037
v -0.26517925 0.31832686 0.02750973
v -0.26497757 0.31832686 0.03536965
v -0.26478893 0.31832686 0.04322957
v -0.26330739 0.31832686 0.04928618
v -0.26330739 0.31770092 0.05108950
v -0.26330739 0.31916589 -0.09038910
v -0.26330739 0.32006383 -0.08252918
v -0.26330739 0.31984195 -0.07466926
v -0.26330739 0.31975392 -0.06680934
v -0.26330739 0.31913161 -0.05894941
v -0.26330739 0.31945217 0.01964981
v -0.26330739 0.31982830 0.02750973
v -0.26330739 0.31966469 0.03536965
v -0.26330739 0.31950760 0.04322957
v -0.26326698 0.20828794 -0.06680934
v -0.26328862 0.20828794 0.04322957
v -0.25544748 0.21614785 -0.09090871
v -0.25544748 0.21569870 -0.09038910
v -0.25544748 0.21446161 -0.08252918
v -0.25544748 0.21422090 -0.07466926
v -0.25544748 0.21408969 -0.06680934
v -0.25544748 0.21480018 -0.05894941
v -0.25544748 0.21614785 -0.05730304
v -0.25544748 0.21614785 0.01866564
v -0.25544748 0.21545033 0.01964981
v -0.25544748 0.21467112 0.02750973
v -0.25544748 0.21434143 0.03536965
v -0.25544748 0.21430521 0.04322957
v -0.25547200 0.21614785 0.05108950
v -0.25544748 0.21614785 0.05103948
v -0.25544748 0.22400779 -0.09496227
v -0.25544748 0.22400779 -0.05358452
v -0.25544748 0.22400779 0.01383054
v -0.25544748 0.21616980 0.05108950
v -0.25544748 0.23186770 -0.05339107
v -0.25544748 0.23186770 0.01362821
v -0.25544748 0.23972763 -0.05344930
v -0.25544748 0.23972763 0.01368326
v -0.25544748 0.24758755 -0.05352353
v -0.25544748 0.24758755 0.01372812
v -0.25544748 0.25544748 -0.05360005
v -0.25544748 0.25544748 0.01378329
v -0.25544748 0.26330739 -0.05363429
v -0.25544748 0.26330739 0.01382239
v -0.25544748 0.27116731 -0.05371698
v -0.25544748 0.27116731 0.01385021
v -0.25544748 0.27902722 -0.05374703
v -0.25544748 0.27902722 0.01383810
v -0.25544748 0.28688717 -0.05377215
v -0.25544748 0.28688717 0.01381711
v -0.25544748 0.29474708 -0.05378864
v -0.25544748 0.29474708 0.01380236
v -0.25544748 0.30260700 -0.05381827
v -0.25544748 0.30260700 0.01381831
v -0.25544748 0.31046692 -0.05384183
v -0.25544748 0.31046692 0.01388067
v -0.25544748 0.31832686 -0.05428853
v -0.25544748 0.31832686 0.01431063
v -0.26259518 0.31832686 0.05108950
v -0.25544748 0.32556912 -0.09038910
v -0.25577897 0.32618678 -0.08252918
v -0.25544748 0.32618678 -0.08546310
v -0.25548944 0.32618678 -0.07466926
v -0.25544748 0.32618678 -0.07280304
v -0.25544748 0.32608208 -0.06680934
v -0.25544748 0.32541776 -0.05894941
v -0.25544748 0.32574973 0.01964981
v -0.25544748 0.32596260 0.02750973
v -0.25544748 0.32580036 0.03536965
v -0.25544748 0.32564709 0.04322957
v -0.25544748 0.32340217 0.05108950
v -0.25544748 0.32645661 -0.08252918
v -0.25544748 0.32622072 -0.07466926
v -0.25483581 0.21614785 -0.09038910
v -0.25321072 0.21614785 -0.08252918
v -0.25291568 0.21614785 -0.07466926
v -0.25277075 0.21614785 -0.06680934
v -0.25369784 0.21614785 -0.05894941
v -0.25454235 0.21614785 0.01964981
v -0.25359949 0.21614785 0.02750973
v -0.25319028 0.21614785 0.03536965
v -0.25314409 0.21614785 0.04322957
v -0.24758755 0.22400779 -0.09263425
v -0.24758755 0.22172894 -0.09038910
v -0.24758755 0.22036566 -0.08252918
v -0.24758755 0.22018623 -0.07466926
v -0.24758755 0.22011152 -0.06680934
v -0.24758755 0.22095573 -0.05894941
v -0.24758755 0.22400779 -0.05578289
v -0.24758755 0.22400779 0.01670197
v -0.24758755 0.22158730 0.01964981
v -0.24758755 0.22083063 0.02750973
v -0.24758755 0.22054867 0.03536965
v -0.24758755 0.22054927 0.04322957
v -0.24758755 0.22259761 0.05108950
v -0.24758755 0.23186770 -0.05351508
v -0.24758755 0.23186770 0.01370821
v -0.24758755 0.23972763 -0.05344084
v -0.24758755 0.23972763 0.01364561
v -0.24758755 0.24758755 -0.05348485
v -0.24758755 0.24758755 0.01367511
v -0.24758755 0.25544748 -0.05355676
v -0.24758755 0.25544748 0.01373184
v -0.24758755 0.26330739 -0.05361606
v -0.24758755 0.26330739 0.01378665
v -0.24758755 0.27116731 -0.05367824
v -0.24758755 0.27116731 0.01381963
v -0.24758755 0.27902722 -0.05373456
v -0.24758755 0.27902722 0.01382263
v -0.24758755 0.28688717 -0.05374829
v -0.24758755 0.28688717 0.01381687
v -0.24758755 0.29474708 -0.05376640
v -0.24758755 0.29474708 0.01380320
v -0.24758755 0.30260700 -0.05376993
v -0.24758755 0.30260700 0.01380320
v -0.24758755 0.31046692 -0.05377605
v -0.24758755 0.31046692 0.01383270
v -0.24758755 0.31832686 -0.05382882
v -0.24758755 0.31832686 0.01390262
v -0.25476432 0.32618678 -0.09038910
v -0.25531524 0.32618678 -0.06680934
v -0.25455618 0.32618678 -0.05894941
v -0.24758755 0.32618678 -0.05473096
v -0.25493109 0.32618678 0.01964981
v -0.24758755 0.32618678 0.01476998
v -0.25515610 0.32618678 0.02750973
v -0.25494328 0.32618678 0.03536965
v -0.25474736 0.32618678 0.04322957
v -0.25219670 0.32618678 0.05108950
v -0.24758755 0.33193731 -0.09038910
v -0.24758755 0.33289450 -0.08252918
v -0.24758755 0.33263654 -0.07466926
v -0.24758755 0.33250087 -0.06680934
v -0.24758755 0.33169422 -0.05894941
v -0.24758755 0.33189040 0.01964981
v -0.24758755 0.33220056 0.02750973
v -0.24758755 0.33198038 0.03536965
v -0.24758755 0.33187878 0.04322957
v -0.24758755 0.32968798 0.05108950
v -0.24451990 0.22400779 -0.09038910
v -0.24276553 0.22400779 -0.08252918
v -0.24249166 0.22400779 -0.07466926
v -0.24239613 0.22400779 -0.06680934
v -0.24356650 0.22400779 -0.05894941
v -0.24444297 0.22400779 0.01964981
v -0.24349125 0.22400779 0.02750973
v -0.24318373 0.22400779 0.03536965
v -0.24320473 0.22400779 0.04322957
v -0.24578039 0.22400779 0.05108950
v -0.23972763 0.23186770 -0.09387310
v -0.23972763 0.22768600 -0.09038910
v -0.23972763 0.22630125 -0.08252918
v -0.23972763 0.22610673 -0.07466926
v -0.23972763 0.22603549 -0.06680934
v -0.23972763 0.22702493 -0.05894941
v -0.23972763 0.23186770 -0.05472622
v -0.23972763 0.23186770 0.01524923
v -0.23972763 0.22763167 0.01964981
v -0.23972763 0.22691196 0.02750973
v -0.23972763 0.22674285 0.03536965
v -0.23972763 0.22674009 0.04322957
v -0.23972763 0.22897649 0.05108950
v -0.23972763 0.23972763 -0.05349817
v -0.23972763 0.23972763 0.01364477
v -0.23972763 0.24758755 -0.05346201
v -0.23972763 0.24758755 0.01364441
v -0.23972763 0.25544748 -0.05350237
v -0.23972763 0.25544748 0.01368302
v -0.23972763 0.26330739 -0.05358937
v -0.23972763 0.26330739 0.01373867
v -0.23972763 0.27116731 -0.05365078
v -0.23972763 0.27116731 0.01377585
v -0.23972763 0.27902722 -0.05369696
v -0.23972763 0.27902722 0.01380092
v -0.23972763 0.28688717 -0.05373462
v -0.23972763 0.28688717 0.01382275
v -0.23972763 0.29474708 -0.05374601
v -0.23972763 0.29474708 0.01381111
v -0.23972763 0.30260700 -0.05372586
v -0.23972763 0.30260700 0.01382874
v -0.23972763 0.31046692 -0.05372844
v -0.23972763 0.31046692 0.01381687
v -0.23972763 0.31832686 -0.05378450
v -0.23972763 0.31832686 0.01383966
v -0.23972763 0.32618678 -0.05387482
v -0.23972763 0.32618678 0.01393212
v -0.24512796 0.33404669 -0.09038910
v -0.24616647 0.33404669 -0.08252918
v -0.24584462 0.33404669 -0.07466926
v -0.24568847 0.33404669 -0.06680934
v -0.24478388 0.33404669 -0.05894941
v -0.23972763 0.33404669 -0.05542093
v -0.24491887 0.33404669 0.01964981
v -0.23972763 0.33404669 0.01560603
v -0.24527578 0.33404669 0.02750973
v -0.24504904 0.33404669 0.03536965
v -0.24491665 0.33404669 0.04322957
v -0.24239296 0.33404669 0.05108950
v -0.23972763 0.33830863 -0.09038910
v -0.23972763 0.33930275 -0.08252918
v -0.23972763 0.33903289 -0.07466926
v -0.23972763 0.33891597 -0.06680934
v -0.23972763 0.33812705 -0.05894941
v -0.23972763 0.33810452 0.01964981
v -0.23972763 0.33844367 0.02750973
v -0.23972763 0.33830383 0.03536965
v -0.23972763 0.33822888 0.04322957
v -0.23972763 0.33614790 0.05108950
v -0.23412555 0.23186770 -0.09038910
v -0.23248182 0.23186770 -0.08252918
v -0.23209378 0.23186770 -0.07466926
v -0.23208083 0.23186770 -0.06680934
v -0.23332267 0.23186770 -0.05894941
v -0.23401727 0.23186770 0.01964981
v -0.23320082 0.23186770 0.02750973
v -0.23299189 0.23186770 0.03536965
v -0.23310649 0.23186770 0.04322957
v -0.23585032 0.23186770 0.05108950
v -0.23186770 0.23972763 -0.09455569
v -0.23186770 0.23370963 -0.09038910
v -0.23186770 0.23232740 -0.08252918
v -0.23186770 0.23203549 -0.07466926
v -0.23186770 0.23202686 -0.06680934
v -0.23186770 0.23307794 -0.05894941
v -0.23186770 0.23972763 -0.05415186
v -0.23186770 0.23972763 0.01436520
v -0.23186770 0.23353201 0.01964981
v -0.23186770 0.23285487 0.02750973
v -0.23186770 0.23270352 0.03536965
v -0.23186770 0.23280402 0.04322957
v -0.23186770 0.23520687 0.05108950
v -0.23186770 0.24758755 -0.09515302
v -0.23186770 0.24758755 -0.05349283
v -0.23186770 0.24758755 0.01361898
v -0.23186770 0.25544748 -0.05347448
v -0.23186770 0.25544748 0.01364992
v -0.23186770 0.26330739 -0.05353265
v -0.23186770 0.26330739 0.01367427
v -0.23186770 0.27116731 -0.05361480
v -0.23186770 0.27116731 0.01376038
v -0.23186770 0.27902722 -0.05365810
v -0.23186770 0.27902722 0.01378245
v -0.23186770 0.28688717 -0.05372328
v -0.23186770 0.28688717 0.01381447
v -0.23186770 0.29474708 -0.05370949
v -0.23186770 0.29474708 0.01383678
v -0.23186770 0.30260700 -0.05371830
v -0.23186770 0.30260700 0.01383822
v -0.23186770 0.31046692 -0.05370691
v -0.23186770 0.31046692 0.01384014
v -0.23186770 0.31832686 -0.05374727
v -0.23186770 0.31832686 0.01384829
v -0.23186770 0.32618678 -0.05385191
v -0.23186770 0.32618678 0.01389195
v -0.23186770 0.33404669 -0.05400296
v -0.23186770 0.33404669 0.01401296
v -0.23536542 0.34190661 -0.09038910
v -0.23653267 0.34190661 -0.08252918
v -0.23627554 0.34190661 -0.07466926
v -0.23612592 0.34190661 -0.06680934
v -0.23516999 0.34190661 -0.05894941
v -0.23186770 0.34190661 -0.05634603
v -0.23499747 0.34190661 0.01964981
v -0.23186770 0.34190661 0.01680824
v -0.23546131 0.34190661 0.02750973
v -0.23533712 0.34190661 0.03536965
v -0.23520574 0.34190661 0.04322957
v -0.23287100 0.34190661 0.05108950
v -0.23186770 0.34469098 -0.09038910
v -0.23186770 0.34565896 -0.08252918
v -0.23186770 0.34547389 -0.07466926
v -0.23186770 0.34538528 -0.06680934
v -0.23186770 0.34458724 -0.05894941
v -0.23186770 0.34438622 0.01964981
v -0.23186770 0.34482181 0.02750973
v -0.23186770 0.34471390 0.03536965
v -0.23186770 0.34459516 0.04322957
v -0.23186770 0.34270212 0.05108950
v -0.22400779 0.23972763 -0.09045063
v -0.22400779 0.23967582 -0.09038910
v -0.22400779 0.23843811 -0.08252918
v -0.22400779 0.23817486 -0.07466926
v -0.22400779 0.23818721 -0.06680934
v -0.22400779 0.23921432 -0.05894941
v -0.22400779 0.23972763 -0.05830874
v -0.22400779 0.23972763 0.01929720
v -0.22400779 0.23948644 0.01964981
v -0.22400779 0.23881842 0.02750973
v -0.22400779 0.23866226 0.03536965
v -0.22400779 0.23878184 0.04322957
v -0.22553663 0.23972763 0.05108950
v -0.22400779 0.23972763 0.04747820
v -0.22400779 0.24758755 -0.09487610
v -0.22400779 0.24758755 -0.05385515
v -0.22400779 0.24758755 0.01392997
v -0.22400779 0.24105649 0.05108950
v -0.22400779 0.25544748 -0.05349043
v -0.22400779 0.25544748 0.01360639
v -0.22400779 0.26330739 -0.05350026
v -0.22400779 0.26330739 0.01363445
v -0.22400779 0.27116731 -0.05356083
v -0.22400779 0.27116731 0.01369526
v -0.22400779 0.27902722 -0.05363459
v -0.22400779 0.27902722 0.01376926
v -0.22400779 0.28688717 -0.05368052
v -0.22400779 0.28688717 0.01380871
v -0.22400779 0.29474708 -0.05370061
v -0.22400779 0.29474708 0.01385453
v -0.22400779 0.30260700 -0.05369042
v -0.22400779 0.30260700 0.01386628
v -0.22400779 0.31046692 -0.05369168
v -0.22400779 0.31046692 0.01388595
v -0.22400779 0.31832686 -0.05372082
v -0.22400779 0.31832686 0.01388283
v -0.22400779 0.32618678 -0.05379884
v -0.22400779 0.32618678 0.01389075
v -0.22400779 0.33404669 -0.05390366
v -0.22400779 0.33404669 0.01392445
v -0.22400779 0.34190661 -0.05414461
v -0.22400779 0.34190661 0.01413109
v -0.22568955 0.34976652 -0.09038910
v -0.22677842 0.34976652 -0.08252918
v -0.22657044 0.34976652 -0.07466926
v -0.22652259 0.34976652 -0.06680934
v -0.22558969 0.34976652 -0.05894941
v -0.22400779 0.34976652 -0.05754836
v -0.22526936 0.34976652 0.01964981
v -0.22400779 0.34976652 0.01833810
v -0.22572018 0.34976652 0.02750973
v -0.22553560 0.34976652 0.03536965
v -0.22532645 0.34976652 0.04322957
v -0.22400779 0.34976652 0.04842974
v -0.22400779 0.34880143 0.05108950
v -0.22400779 0.35109514 -0.09038910
v -0.22400779 0.35203087 -0.08252918
v -0.22400779 0.35185698 -0.07466926
v -0.22400779 0.35183033 -0.06680934
v -0.22400779 0.35105163 -0.05894941
v -0.22400779 0.35078344 0.01964981
v -0.22400779 0.35117072 0.02750973
v -0.22400779 0.35102102 0.03536965
v -0.22400779 0.35083261 0.04322957
v -0.22394092 0.23972763 -0.09038910
v -0.22240441 0.23972763 -0.08252918
v -0.22209167 0.23972763 -0.07466926
v -0.22210619 0.23972763 -0.06680934
v -0.22336158 0.23972763 -0.05894941
v -0.22369368 0.23972763 0.01964981
v -0.22284006 0.23972763 0.02750973
v -0.22263257 0.23972763 0.03536965
v -0.22277679 0.23972763 0.04322957
v -0.21614785 0.24758755 -0.09194835
v -0.21614785 0.24607340 -0.09038910
v -0.21614785 0.24463923 -0.08252918
v -0.21614785 0.24442253 -0.07466926
v -0.21614785 0.24448068 -0.06680934
v -0.21614785 0.24561225 -0.05894941
v -0.21614785 0.24758755 -0.05678121
v -0.21614785 0.24758755 0.01730812
v -0.21614785 0.24568912 0.01964981
v -0.21614785 0.24480630 0.02750973
v -0.21614785 0.24464823 0.03536965
v -0.21614785 0.24472775 0.04322957
v -0.21614785 0.24677141 0.05108950
v -0.21614785 0.25544748 -0.05367837
v -0.21614785 0.25544748 0.01373807
v -0.21614785 0.26330739 -0.05350908
v -0.21614785 0.26330739 0.01362426
v -0.21614785 0.27116731 -0.05352227
v -0.21614785 0.27116731 0.01366491
v -0.21614785 0.27902722 -0.05360005
v -0.21614785 0.27902722 0.01374383
v -0.21614785 0.28688717 -0.05365180
v -0.21614785 0.28688717 0.01381795
v -0.21614785 0.29474708 -0.05368550
v -0.21614785 0.29474708 0.01386832
v -0.21614785 0.30260700 -0.05368916
v -0.21614785 0.30260700 0.01391018
v -0.21614785 0.31046692 -0.05367884
v -0.21614785 0.31046692 0.01393968
v -0.21614785 0.31832686 -0.05370823
v -0.21614785 0.31832686 0.01392601
v -0.21614785 0.32618678 -0.05376394
v -0.21614785 0.32618678 0.01392097
v -0.21614785 0.33404669 -0.05385922
v -0.21614785 0.33404669 0.01392745
v -0.21614785 0.34190661 -0.05395709
v -0.21614785 0.34190661 0.01394748
v -0.21614785 0.34976652 -0.05433866
v -0.21614785 0.34976652 0.01439243
v -0.22293456 0.34976652 0.05108950
v -0.21614785 0.35751218 -0.09038910
v -0.21686368 0.35762647 -0.08252918
v -0.21614785 0.35762647 -0.08940638
v -0.21675046 0.35762647 -0.07466926
v -0.21670681 0.35762647 -0.06680934
v -0.21614785 0.35762647 -0.06016422
v -0.21614785 0.35751840 -0.05894941
v -0.21614785 0.35697702 0.01964981
v -0.21614785 0.35739785 0.02750973
v -0.21614785 0.35723451 0.03536965
v -0.21614785 0.35708413 0.04322957
v -0.21614785 0.35484570 0.05108950
v -0.21614785 0.35819086 -0.08252918
v -0.21614785 0.35811040 -0.07466926
v -0.21614785 0.35807848 -0.06680934
v -0.21425352 0.24758755 -0.09038910
v -0.21247731 0.24758755 -0.08252918
v -0.21220626 0.24758755 -0.07466926
v -0.21229519 0.24758755 -0.06680934
v -0.21369055 0.24758755 -0.05894941
v -0.21373871 0.24758755 0.01964981
v -0.21261074 0.24758755 0.02750973
v -0.21234575 0.24758755 0.03536965
v -0.21239312 0.24758755 0.04322957
v -0.21504700 0.24758755 0.05108950
v -0.20828794 0.25544748 -0.09322138
v -0.20828794 0.25237876 -0.09038910
v -0.20828794 0.25095779 -0.08252918
v -0.20828794 0.25076890 -0.07466926
v -0.20828794 0.25083652 -0.06680934
v -0.20828794 0.25195923 -0.05894941
v -0.20828794 0.25544748 -0.05557948
v -0.20828794 0.25544748 0.01579384
v -0.20828794 0.25184709 0.01964981
v -0.20828794 0.25096437 0.02750973
v -0.20828794 0.25071803 0.03536965
v -0.20828794 0.25069693 0.04322957
v -0.20828794 0.25288931 0.05108950
v -0.20828794 0.26330739 -0.05359357
v -0.20828794 0.26330739 0.01367247
v -0.20828794 0.27116731 -0.05351897
v -0.20828794 0.27116731 0.01367271
v -0.20828794 0.27902722 -0.05354710
v -0.20828794 0.27902722 0.01374623
v -0.20828794 0.28688717 -0.05361024
v -0.20828794 0.28688717 0.01383090
v -0.20828794 0.29474708 -0.05365006
v -0.20828794 0.29474708 0.01389650
v -0.20828794 0.30260700 -0.05365336
v -0.20828794 0.30260700 0.01396906
v -0.20828794 0.31046692 -0.05366331
v -0.20828794 0.31046692 0.01399797
v -0.20828794 0.31832686 -0.05369168
v -0.20828794 0.31832686 0.01398849
v -0.20828794 0.32618678 -0.05374241
v -0.20828794 0.32618678 0.01396451
v -0.20828794 0.33404669 -0.05382324
v -0.20828794 0.33404669 0.01394975
v -0.20828794 0.34190661 -0.05390702
v -0.20828794 0.34190661 0.01396163
v -0.20828794 0.34976652 -0.05399109
v -0.20828794 0.34976652 0.01397938
v -0.21601911 0.35762647 -0.09038910
v -0.21602295 0.35762647 -0.05894941
v -0.20828794 0.35762647 -0.05472736
v -0.21537219 0.35762647 0.01964981
v -0.20828794 0.35762647 0.01491054
v -0.21584934 0.35762647 0.02750973
v -0.21563424 0.35762647 0.03536965
v -0.21545465 0.35762647 0.04322957
v -0.21296808 0.35762647 0.05108950
v -0.20828794 0.36340794 -0.09038910
v -0.20828794 0.36436501 -0.08252918
v -0.20828794 0.36427566 -0.07466926
v -0.20828794 0.36430374 -0.06680934
v -0.20828794 0.36350498 -0.05894941
v -0.20828794 0.36309335 0.01964981
v -0.20828794 0.36355847 0.02750973
v -0.20828794 0.36341131 0.03536965
v -0.20828794 0.36340076 0.04322957
v -0.20828794 0.36125490 0.05108950
v -0.20434634 0.25544748 -0.09038910
v -0.20261224 0.25544748 -0.08252918
v -0.20235060 0.25544748 -0.07466926
v -0.20240882 0.25544748 -0.06680934
v -0.20381419 0.25544748 -0.05894941
v -0.20350794 0.25544748 0.01964981
v -0.20236218 0.25544748 0.02750973
v -0.20196585 0.25544748 0.03536965
v -0.20193952 0.25544748 0.04322957
v -0.20473619 0.25544748 0.05108950
v -0.20042801 0.26330739 -0.09422120
v -0.20042801 0.25857231 -0.09038910
v -0.20042801 0.25716671 -0.08252918
v -0.20042801 0.25696546 -0.07466926
v -0.20042801 0.25699675 -0.06680934
v -0.20042801 0.25816828 -0.05894941
v -0.20042801 0.26330739 -0.05466020
v -0.20042801 0.26330739 0.01473819
v -0.20042801 0.25782791 0.01964981
v -0.20042801 0.25689903 0.02750973
v -0.20042801 0.25659427 0.03536965
v -0.20042801 0.25657159 0.04322957
v -0.20042801 0.25894532 0.05108950
v -0.20042801 0.27116731 -0.05355891
v -0.20042801 0.27116731 0.01372020
v -0.20042801 0.27902722 -0.05351364
v -0.20042801 0.27902722 0.01374935
v -0.20042801 0.28688717 -0.05354938
v -0.20042801 0.28688717 0.01383486
v -0.20042801 0.29474708 -0.05359291
v -0.20042801 0.29474708 0.01392733
v -0.20042801 0.30260700 -0.05361486
v -0.20042801 0.30260700 0.01401728
v -0.20042801 0.31046692 -0.05363363
v -0.20042801 0.31046692 0.01405865
v -0.20042801 0.31832686 -0.05365582
v -0.20042801 0.31832686 0.01403910
v -0.20042801 0.32618678 -0.05369414
v -0.20042801 0.32618678 0.01401560
v -0.20042801 0.33404669 -0.05377173
v -0.20042801 0.33404669 0.01398957
v -0.20042801 0.34190661 -0.05384873
v -0.20042801 0.34190661 0.01397278
v -0.20042801 0.34976652 -0.05392567
v -0.20042801 0.34976652 0.01399377
v -0.20042801 0.35762647 -0.05399805
v -0.20042801 0.35762647 0.01399137
v -0.20576988 0.36548638 -0.09038910
v -0.20681031 0.36548638 -0.08252918
v -0.20670411 0.36548638 -0.07466926
v -0.20674452 0.36548638 -0.06680934
v -0.20584862 0.36548638 -0.05894941
v -0.20042801 0.36548638 -0.05543274
v -0.20529519 0.36548638 0.01964981
v -0.20042801 0.36548638 0.01580764
v -0.20583405 0.36548638 0.02750973
v -0.20569631 0.36548638 0.03536965
v -0.20569114 0.36548638 0.04322957
v -0.20327847 0.36548638 0.05108950
v -0.20042801 0.36948603 -0.09038910
v -0.20042801 0.37043625 -0.08252918
v -0.20042801 0.37034258 -0.07466926
v -0.20042801 0.37034571 -0.06680934
v -0.20042801 0.36959288 -0.05894941
v -0.20042801 0.36926582 0.01964981
v -0.20042801 0.36978239 0.02750973
v -0.20042801 0.36968258 0.03536965
v -0.20042801 0.36970526 0.04322957
v -0.20042801 0.36770371 0.05108950
v -0.19412662 0.26330739 -0.09038910
v -0.19259490 0.26330739 -0.08252918
v -0.19256809 0.26330739 -0.08190883
v -0.19256809 0.26305854 -0.07466926
v -0.19256809 0.26314595 -0.06680934
v -0.19355460 0.26330739 -0.05894941
v -0.19256809 0.26330739 -0.06529909
v -0.19300231 0.26330739 0.01964981
v -0.19256809 0.26330739 0.02244508
v -0.19256809 0.26275751 0.02750973
v -0.19256809 0.26241690 0.03536965
v -0.19256809 0.26246703 0.04322957
v -0.19421495 0.26330739 0.05108950
v -0.19256809 0.26330739 0.04711324
v -0.19256809 0.27116731 -0.09483825
v -0.19256809 0.26459104 -0.09038910
v -0.19256809 0.26332730 -0.08252918
v -0.19256809 0.26411587 -0.05894941
v -0.19256809 0.27116731 -0.05403373
v -0.19256809 0.27116731 0.01418338
v -0.19256809 0.26366097 0.01964981
v -0.19256809 0.26476517 0.05108950
v -0.19256809 0.27902722 -0.05349961
v -0.19256809 0.27902722 0.01377585
v -0.19256809 0.28688717 -0.05348503
v -0.19256809 0.28688717 0.01384098
v -0.19256809 0.29474708 -0.05349727
v -0.19256809 0.29474708 0.01393488
v -0.19256809 0.30260700 -0.05355112
v -0.19256809 0.30260700 0.01402783
v -0.19256809 0.31046692 -0.05358494
v -0.19256809 0.31046692 0.01409619
v -0.19256809 0.31832686 -0.05361366
v -0.19256809 0.31832686 0.01408168
v -0.19256809 0.32618678 -0.05367513
v -0.19256809 0.32618678 0.01407820
v -0.19256809 0.33404669 -0.05372220
v -0.19256809 0.33404669 0.01404714
v -0.19256809 0.34190661 -0.05379314
v -0.19256809 0.34190661 0.01401284
v -0.19256809 0.34976652 -0.05385922
v -0.19256809 0.34976652 0.01398849
v -0.19256809 0.35762647 -0.05392950
v -0.19256809 0.35762647 0.01399149
v -0.19256809 0.36548638 -0.05403055
v -0.19256809 0.36548638 0.01408036
v -0.19550993 0.37334630 -0.09038910
v -0.19670890 0.37334630 -0.08252918
v -0.19661577 0.37334630 -0.07466926
v -0.19661050 0.37334630 -0.06680934
v -0.19572455 0.37334630 -0.05894941
v -0.19256809 0.37334630 -0.05648791
v -0.19531281 0.37334630 0.01964981
v -0.19256809 0.37334630 0.01710723
v -0.19600177 0.37334630 0.02750973
v -0.19590330 0.37334630 0.03536965
v -0.19592634 0.37334630 0.04322957
v -0.19360720 0.37334630 0.05108950
v -0.19256809 0.37556434 -0.09038910
v -0.19256809 0.37653688 -0.08252918
v -0.19256809 0.37648362 -0.07466926
v -0.19256809 0.37648937 -0.06680934
v -0.19256809 0.37576067 -0.05894941
v -0.19256809 0.37551972 0.01964981
v -0.19256809 0.37608844 0.02750973
v -0.19256809 0.37602225 0.03536965
v -0.19256809 0.37603521 0.04322957
v -0.19256809 0.37415850 0.05108950
v -0.19224596 0.26330739 -0.07466926
v -0.19235893 0.26330739 -0.06680934
v -0.19183674 0.26330739 0.02750973
v -0.19139390 0.26330739 0.03536965
v -0.19146100 0.26330739 0.04322957
v -0.18470818 0.27116731 -0.09118786
v -0.18470818 0.27049136 -0.09038910
v -0.18470818 0.26927802 -0.08252918
v -0.18470818 0.26901427 -0.07466926
v -0.18470818 0.26907399 -0.06680934
v -0.18470818 0.27001020 -0.05894941
v -0.18470818 0.27116731 -0.05753823
v -0.18470818 0.27116731 0.01769850
v -0.18470818 0.26960674 0.01964981
v -0.18470818 0.26860470 0.02750973
v -0.18470818 0.26830643 0.03536965
v -0.18470818 0.26837504 0.04322957
v -0.18470818 0.27046582 0.05108950
v -0.18470818 0.27902722 -0.05367801
v -0.18470818 0.27902722 0.01398046
v -0.18470818 0.28688717 -0.05343730
v -0.18470818 0.28688717 0.01385729
v -0.18470818 0.29474708 -0.05342735
v -0.18470818 0.29474708 0.01391186
v -0.18470818 0.30260700 -0.05346950
v -0.18470818 0.30260700 0.01402088
v -0.18470818 0.31046692 -0.05350278
v -0.18470818 0.31046692 0.01408384
v -0.18470818 0.31832686 -0.05355496
v -0.18470818 0.31832686 0.01410939
v -0.18470818 0.32618678 -0.05362440
v -0.18470818 0.32618678 0.01411274
v -0.18470818 0.33404669 -0.05368544
v -0.18470818 0.33404669 0.01407988
v -0.18470818 0.34190661 -0.05374733
v -0.18470818 0.34190661 0.01404654
v -0.18470818 0.34976652 -0.05379386
v -0.18470818 0.34976652 0.01400576
v -0.18470818 0.35762647 -0.05385233
v -0.18470818 0.35762647 0.01398573
v -0.18470818 0.36548638 -0.05390456
v -0.18470818 0.36548638 0.01399461
v -0.18470818 0.37334630 -0.05410023
v -0.18470818 0.37334630 0.01421517
v -0.18552965 0.38120621 -0.09038910
v -0.18654093 0.38120621 -0.08252918
v -0.18650118 0.38120621 -0.07466926
v -0.18649319 0.38120621 -0.06680934
v -0.18577875 0.38120621 -0.05894941
v -0.18470818 0.38120621 -0.05795253
v -0.18558152 0.38120621 0.01964981
v -0.18470818 0.38120621 0.01871565
v -0.18606420 0.38120621 0.02750973
v -0.18597010 0.38120621 0.03536965
v -0.18600950 0.38120621 0.04322957
v -0.18470818 0.38120621 0.04826136
v -0.18470818 0.38015705 0.05108950
v -0.18470818 0.38184080 -0.09038910
v -0.18470818 0.38266593 -0.08252918
v -0.18470818 0.38262418 -0.07466926
v -0.18470818 0.38261399 -0.06680934
v -0.18470818 0.38203087 -0.05894941
v -0.18470818 0.38189536 0.01964981
v -0.18470818 0.38228491 0.02750973
v -0.18470818 0.38220707 0.03536965
v -0.18470818 0.38223284 0.04322957
v -0.18380333 0.27116731 -0.09038910
v -0.18226340 0.27116731 -0.08252918
v -0.18193826 0.27116731 -0.07466926
v -0.18199606 0.27116731 -0.06680934
v -0.18317848 0.27116731 -0.05894941
v -0.18261972 0.27116731 0.01964981
v -0.18129176 0.27116731 0.02750973
v -0.18091193 0.27116731 0.03536965
v -0.18098767 0.27116731 0.04322957
v -0.18376316 0.27116731 0.05108950
v -0.17684825 0.27902722 -0.09279118
v -0.17684825 0.27659595 -0.09038910
v -0.17684825 0.27528173 -0.08252918
v -0.17684825 0.27509260 -0.07466926
v -0.17684825 0.27513123 -0.06680934
v -0.17684825 0.27606824 -0.05894941
v -0.17684825 0.27902722 -0.05587805
v -0.17684825 0.27902722 0.01602076
v -0.17684825 0.27556705 0.01964981
v -0.17684825 0.27454126 0.02750973
v -0.17684825 0.27429336 0.03536965
v -0.17684825 0.27429253 0.04322957
v -0.17684825 0.27666709 0.05108950
v -0.17684825 0.28688717 -0.05349151
v -0.17684825 0.28688717 0.01392853
v -0.17684825 0.29474708 -0.05336126
v -0.17684825 0.29474708 0.01391521
v -0.17684825 0.30260700 -0.05337116
v -0.17684825 0.30260700 0.01399509
v -0.17684825 0.31046692 -0.05343430
v -0.17684825 0.31046692 0.01406753
v -0.17684825 0.31832686 -0.05349037
v -0.17684825 0.31832686 0.01410843
v -0.17684825 0.32618678 -0.05358332
v -0.17684825 0.32618678 0.01413481
v -0.17684825 0.33404669 -0.05366409
v -0.17684825 0.33404669 0.01411406
v -0.17684825 0.34190661 -0.05371327
v -0.17684825 0.34190661 0.01408108
v -0.17684825 0.34976652 -0.05376622
v -0.17684825 0.34976652 0.01403719
v -0.17684825 0.35762647 -0.05380993
v -0.17684825 0.35762647 0.01400636
v -0.17684825 0.36548638 -0.05385563
v -0.17684825 0.36548638 0.01400804
v -0.17684825 0.37334630 -0.05389610
v -0.17684825 0.37334630 0.01402255
v -0.17684825 0.38120621 -0.05435641
v -0.17684825 0.38120621 0.01449365
v -0.18355651 0.38120621 0.05108950
v -0.17684825 0.38797224 -0.09038910
v -0.17684825 0.38881367 -0.08252918
v -0.17684825 0.38870552 -0.07466926
v -0.17684825 0.38869712 -0.06680934
v -0.17684825 0.38814807 -0.05894941
v -0.17684825 0.38796875 0.01964981
v -0.17684825 0.38835818 0.02750973
v -0.17684825 0.38824570 0.03536965
v -0.17684825 0.38824004 0.04322957
v -0.17684825 0.38594970 0.05108950
v -0.17365438 0.27902722 -0.09038910
v -0.17200302 0.27902722 -0.08252918
v -0.17176375 0.27902722 -0.07466926
v -0.17181671 0.27902722 -0.06680934
v -0.17297351 0.27902722 -0.05894941
v -0.17218292 0.27902722 0.01964981
v -0.17079799 0.27902722 0.02750973
v -0.17045169 0.27902722 0.03536965
v -0.17049558 0.27902722 0.04322957
v -0.17361918 0.27902722 0.05108950
v -0.16898833 0.28688717 -0.09381445
v -0.16898833 0.28275150 -0.09038910
v -0.16898833 0.28139424 -0.08252918
v -0.16898833 0.28123748 -0.07466926
v -0.16898833 0.28126556 -0.06680934
v -0.16898833 0.28217787 -0.05894941
v -0.16898833 0.28688717 -0.05479284
v -0.16898833 0.28688717 0.01502507
v -0.16898833 0.28152555 0.01964981
v -0.16898833 0.28037563 0.02750973
v -0.16898833 0.28010315 0.03536965
v -0.16898833 0.28014117 0.04322957
v -0.16898833 0.28288859 0.05108950
v -0.16898833 0.29474708 -0.05339838
v -0.16898833 0.29474708 0.01394844
v -0.16898833 0.30260700 -0.05330933
v -0.16898833 0.30260700 0.01398274
v -0.16898833 0.31046692 -0.05332072
v -0.16898833 0.31046692 0.01405422
v -0.16898833 0.31832686 -0.05341230
v -0.16898833 0.31832686 0.01410759
v -0.16898833 0.32618678 -0.05353085
v -0.16898833 0.32618678 0.01412258
v -0.16898833 0.33404669 -0.05363267
v -0.16898833 0.33404669 0.01414764
v -0.16898833 0.34190661 -0.05370319
v -0.16898833 0.34190661 0.01412174
v -0.16898833 0.34976652 -0.05374595
v -0.16898833 0.34976652 0.01407664
v -0.16898833 0.35762647 -0.05380363
v -0.16898833 0.35762647 0.01404738
v -0.16898833 0.36548638 -0.05383464
v -0.16898833 0.36548638 0.01402423
v -0.16898833 0.37334630 -0.05388381
v -0.16898833 0.37334630 0.01404270
v -0.16898833 0.38120621 -0.05391379
v -0.16898833 0.38120621 0.01404942
v -0.17556706 0.38906616 -0.09038910
v -0.17651604 0.38906616 -0.08252918
v -0.17636240 0.38906616 -0.07466926
v -0.17635119 0.38906616 -0.06680934
v -0.17573875 0.38906616 -0.05894941
v -0.16898833 0.38906616 -0.05489652
v -0.17549193 0.38906616 0.01964981
v -0.16898833 0.38906616 0.01519382
v -0.17589119 0.38906616 0.02750973
v -0.17573582 0.38906616 0.03536965
v -0.17574696 0.38906616 0.04322957
v -0.17311054 0.38906616 0.05108950
v -0.16898833 0.39400703 -0.09038910
v -0.16898833 0.39494899 -0.08252918
v -0.16898833 0.39477196 -0.07466926
v -0.16898833 0.39472085 -0.06680934
v -0.16898833 0.39408222 -0.05894941
v -0.16898833 0.39393517 0.01964981
v -0.16898833 0.39430133 0.02750973
v -0.16898833 0.39412120 0.03536965
v -0.16898833 0.39416367 0.04322957
v -0.16898833 0.39202380 0.05108950
v -0.16365197 0.28688717 -0.09038910
v -0.16204572 0.28688717 -0.08252918
v -0.16181064 0.28688717 -0.07466926
v -0.16188800 0.28688717 -0.06680934
v -0.16290599 0.28688717 -0.05894941
v -0.16184297 0.28688717 0.01964981
v -0.16112840 0.28688717 0.02378665
v -0.16112840 0.28643632 0.02750973
v -0.16112840 0.28610051 0.03536965
v -0.16112840 0.28618699 0.04322957
v -0.16343430 0.28688717 0.05108950
v -0.16112840 0.28688717 0.04611648
v -0.16112840 0.29474708 -0.09441699
v -0.16112840 0.28900146 -0.09038910
v -0.16112840 0.28759620 -0.08252918
v -0.16112840 0.28740862 -0.07466926
v -0.16112840 0.28746933 -0.06680934
v -0.16112840 0.28835812 -0.05894941
v -0.16112840 0.29474708 -0.05412655
v -0.16112840 0.29474708 0.01449017
v -0.16112840 0.28748095 0.01964981
v -0.16112840 0.28896379 0.05108950
v -0.16112840 0.30260700 -0.05331929
v -0.16112840 0.30260700 0.01401200
v -0.16112840 0.31046692 -0.05328301
v -0.16112840 0.31046692 0.01402795
v -0.16112840 0.31832686 -0.05335059
v -0.16112840 0.31832686 0.01408024
v -0.16112840 0.32618678 -0.05347592
v -0.16112840 0.32618678 0.01412426
v -0.16112840 0.33404669 -0.05359303
v -0.16112840 0.33404669 0.01416539
v -0.16112840 0.34190661 -0.05369066
v -0.16112840 0.34190661 0.01416491
v -0.16112840 0.34976652 -0.05375087
v -0.16112840 0.34976652 0.01412102
v -0.16112840 0.35762647 -0.05379980
v -0.16112840 0.35762647 0.01409871
v -0.16112840 0.36548638 -0.05384387
v -0.16112840 0.36548638 0.01405613
v -0.16112840 0.37334630 -0.05390132
v -0.16112840 0.37334630 0.01406897
v -0.16112840 0.38120621 -0.05391949
v -0.16112840 0.38120621 0.01408564
v -0.16112840 0.38906616 -0.05395607
v -0.16112840 0.38906616 0.01413133
v -0.16525212 0.39692608 -0.09038910
v -0.16640347 0.39692608 -0.08252918
v -0.16620156 0.39692608 -0.07466926
v -0.16609518 0.39692608 -0.06680934
v -0.16535503 0.39692608 -0.05894941
v -0.16112840 0.39692608 -0.05588561
v -0.16506647 0.39692608 0.01964981
v -0.16112840 0.39692608 0.01645659
v -0.16552857 0.39692608 0.02750973
v -0.16529997 0.39692608 0.03536965
v -0.16530032 0.39692608 0.04322957
v -0.16275313 0.39692608 0.05108950
v -0.16112840 0.39997298 -0.09038910
v -0.16112840 0.40094465 -0.08252918
v -0.16112840 0.40077531 -0.07466926
v -0.16112840 0.40068561 -0.06680934
v -0.16112840 0.40008655 -0.05894941
v -0.16112840 0.39989394 0.01964981
v -0.16112840 0.40024030 0.02750973
v -0.16112840 0.40007573 0.03536965
v -0.16112840 0.40005657 0.04322957
v -0.16112840 0.39812443 0.05108950
v -0.16055728 0.28688717 0.02750973
v -0.16013189 0.28688717 0.03536965
v -0.16024102 0.28688717 0.04322957
v -0.15371960 0.29474708 -0.09038910
v -0.15326849 0.29474708 -0.08840565
v -0.15326849 0.29387000 -0.08252918
v -0.15326849 0.29365605 -0.07466926
v -0.15326849 0.29371721 -0.06680934
v -0.15326849 0.29448754 -0.05894941
v -0.15326849 0.29474708 -0.05860893
v -0.15326849 0.29474708 0.01838116
v -0.15326849 0.29371518 0.01964981
v -0.15326849 0.29265654 0.02750973
v -0.15326849 0.29231352 0.03536965
v -0.15326849 0.29237840 0.04322957
v -0.15326849 0.29465798 0.05108950
v -0.15326849 0.30260700 -0.09473235
v -0.15326849 0.29515004 -0.09038910
v -0.15326849 0.30260700 -0.05371081
v -0.15326849 0.30260700 0.01425858
v -0.15326849 0.31046692 -0.05327137
v -0.15326849 0.31046692 0.01404486
v -0.15326849 0.31832686 -0.05327383
v -0.15326849 0.31832686 0.01406321
v -0.15326849 0.32618678 -0.05339335
v -0.15326849 0.32618678 0.01408660
v -0.15326849 0.33404669 -0.05352929
v -0.15326849 0.33404669 0.01414489
v -0.15326849 0.34190661 -0.05365444
v -0.15326849 0.34190661 0.01415616
v -0.15326849 0.34976652 -0.05374697
v -0.15326849 0.34976652 0.01413877
v -0.15326849 0.35762647 -0.05379704
v -0.15326849 0.35762647 0.01411574
v -0.15326849 0.36548638 -0.05384975
v -0.15326849 0.36548638 0.01408756
v -0.15326849 0.37334630 -0.05388759
v -0.15326849 0.37334630 0.01408300
v -0.15326849 0.38120621 -0.05392950
v -0.15326849 0.38120621 0.01409571
v -0.15326849 0.38906616 -0.05394312
v -0.15326849 0.38906616 0.01410795
v -0.15326849 0.39692608 -0.05406905
v -0.15326849 0.39692608 0.01427945
v -0.15487960 0.40478599 -0.09038910
v -0.15604985 0.40478599 -0.08252918
v -0.15591313 0.40478599 -0.07466926
v -0.15584986 0.40478599 -0.06680934
v -0.15514974 0.40478599 -0.05894941
v -0.15326849 0.40478599 -0.05730028
v -0.15489195 0.40478599 0.01964981
v -0.15326849 0.40478599 0.01808024
v -0.15525846 0.40478599 0.02750973
v -0.15497999 0.40478599 0.03536965
v -0.15490419 0.40478599 0.04322957
v -0.15326849 0.40478599 0.04932456
v -0.15326849 0.40410957 0.05108950
v -0.15326849 0.40597716 -0.09038910
v -0.15326849 0.40690798 -0.08252918
v -0.15326849 0.40682280 -0.07466926
v -0.15326849 0.40679786 -0.06680934
v -0.15326849 0.40622795 -0.05894941
v -0.15326849 0.40603989 0.01964981
v -0.15326849 0.40635890 0.02750973
v -0.15326849 0.40612686 0.03536965
v -0.15326849 0.40606171 0.04322957
v -0.15216684 0.29474708 -0.08252918
v -0.15190418 0.29474708 -0.07466926
v -0.15197399 0.29474708 -0.06680934
v -0.15293674 0.29474708 -0.05894941
v -0.15197903 0.29474708 0.01964981
v -0.15064849 0.29474708 0.02750973
v -0.15019341 0.29474708 0.03536965
v -0.15027268 0.29474708 0.04322957
v -0.15315455 0.29474708 0.05108950
v -0.14540856 0.30260700 -0.09170692
v -0.14540856 0.30136067 -0.09038910
v -0.14540856 0.29999644 -0.08252918
v -0.14540856 0.29983920 -0.07466926
v -0.14540856 0.29988453 -0.06680934
v -0.14540856 0.30079111 -0.05894941
v -0.14540856 0.30260700 -0.05684897
v -0.14540856 0.30260700 0.01686568
v -0.14540856 0.30005807 0.01964981
v -0.14540856 0.29891932 0.02750973
v -0.14540856 0.29857990 0.03536965
v -0.14540856 0.29858589 0.04322957
v -0.14540856 0.30119637 0.05108950
v -0.14540856 0.31046692 -0.05347082
v -0.14540856 0.31046692 0.01412318
v -0.14540856 0.31832686 -0.05324217
v -0.14540856 0.31832686 0.01403299
v -0.14540856 0.32618678 -0.05332144
v -0.14540856 0.32618678 0.01406393
v -0.14540856 0.33404669 -0.05347130
v -0.14540856 0.33404669 0.01411562
v -0.14540856 0.34190661 -0.05360701
v -0.14540856 0.34190661 0.01414525
v -0.14540856 0.34976652 -0.05371321
v -0.14540856 0.34976652 0.01414884
v -0.14540856 0.35762647 -0.05380573
v -0.14540856 0.35762647 0.01414656
v -0.14540856 0.36548638 -0.05385467
v -0.14540856 0.36548638 0.01411526
v -0.14540856 0.37334630 -0.05389310
v -0.14540856 0.37334630 0.01410123
v -0.14540856 0.38120621 -0.05391997
v -0.14540856 0.38120621 0.01410531
v -0.14540856 0.38906616 -0.05396069
v -0.14540856 0.38906616 0.01409248
v -0.14540856 0.39692608 -0.05398251
v -0.14540856 0.39692608 0.01412510
v -0.14540856 0.40478599 -0.05429686
v -0.14540856 0.40478599 0.01451272
v -0.15252496 0.40478599 0.05108950
v -0.14540856 0.41196817 -0.09038910
v -0.14557011 0.41264591 -0.08252918
v -0.14540856 0.41264591 -0.08404130
v -0.14552945 0.41264591 -0.07466926
v -0.14560591 0.41264591 -0.06680934
v -0.14540856 0.41264591 -0.06273270
v -0.14540856 0.41246277 -0.05894941
v -0.14540856 0.41214699 0.01964981
v -0.14540856 0.41235641 0.02750973
v -0.14540856 0.41215912 0.03536965
v -0.14540856 0.41206160 0.04322957
v -0.14540856 0.40989587 0.05108950
v -0.14540856 0.41276836 -0.08252918
v -0.14540856 0.41273886 -0.07466926
v -0.14540856 0.41279835 -0.06680934
v -0.14375888 0.30260700 -0.09038910
v -0.14203526 0.30260700 -0.08252918
v -0.14185704 0.30260700 -0.07466926
v -0.14191827 0.30260700 -0.06680934
v -0.14305709 0.30260700 -0.05894941
v -0.14211412 0.30260700 0.01964981
v -0.14062479 0.30260700 0.02750973
v -0.14012139 0.30260700 0.03536965
v -0.14013967 0.30260700 0.04322957
v -0.14354348 0.30260700 0.05108950
v -0.13754864 0.31046692 -0.09319218
v -0.13754864 0.30740395 -0.09038910
v -0.13754864 0.30605748 -0.08252918
v -0.13754864 0.30597389 -0.07466926
v -0.13754864 0.30604860 -0.06680934
v -0.13754864 0.30694714 -0.05894941
v -0.13754864 0.31046692 -0.05543748
v -0.13754864 0.31046692 0.01559511
v -0.13754864 0.30618447 0.01964981
v -0.13754864 0.30500123 0.02750973
v -0.13754864 0.30459946 0.03536965
v -0.13754864 0.30460209 0.04322957
v -0.13754864 0.30754465 0.05108950
v -0.13754864 0.31832686 -0.05333386
v -0.13754864 0.31832686 0.01401932
v -0.13754864 0.32618678 -0.05328247
v -0.13754864 0.32618678 0.01401836
v -0.13754864 0.33404669 -0.05340144
v -0.13754864 0.33404669 0.01405302
v -0.13754864 0.34190661 -0.05356029
v -0.13754864 0.34190661 0.01411646
v -0.13754864 0.34976652 -0.05368826
v -0.13754864 0.34976652 0.01414633
v -0.13754864 0.35762647 -0.05379086
v -0.13754864 0.35762647 0.01415832
v -0.13754864 0.36548638 -0.05385161
v -0.13754864 0.36548638 0.01414728
v -0.13754864 0.37334630 -0.05389203
v -0.13754864 0.37334630 0.01410915
v -0.13754864 0.38120621 -0.05391649
v -0.13754864 0.38120621 0.01410027
v -0.13754864 0.38906616 -0.05395427
v -0.13754864 0.38906616 0.01409787
v -0.13754864 0.39692608 -0.05395463
v -0.13754864 0.39692608 0.01407592
v -0.13754864 0.40478599 -0.05396518
v -0.13754864 0.40478599 0.01408744
v -0.14461088 0.41264591 -0.09038910
v -0.14519532 0.41264591 -0.05894941
v -0.13754864 0.41264591 -0.05465072
v -0.14480680 0.41264591 0.01964981
v -0.13754864 0.41264591 0.01499833
v -0.14501926 0.41264591 0.02750973
v -0.14475337 0.41264591 0.03536965
v -0.14463595 0.41264591 0.04322957
v -0.14224911 0.41264591 0.05108950
v -0.13754864 0.41790834 -0.09038910
v -0.13754864 0.41885099 -0.08252918
v -0.13754864 0.41881287 -0.07466926
v -0.13754864 0.41891301 -0.06680934
v -0.13754864 0.41841036 -0.05894941
v -0.13754864 0.41807958 0.01964981
v -0.13754864 0.41846925 0.02750973
v -0.13754864 0.41824007 0.03536965
v -0.13754864 0.41822627 0.04322957
v -0.13754864 0.41622412 0.05108950
v -0.13327213 0.31046692 -0.09038910
v -0.13164937 0.31046692 -0.08252918
v -0.13159847 0.31046692 -0.07466926
v -0.13173693 0.31046692 -0.06680934
v -0.13284709 0.31046692 -0.05894941
v -0.13172284 0.31046692 0.01964981
v -0.13030919 0.31046692 0.02750973
v -0.12977926 0.31046692 0.03536965
v -0.12990519 0.31046692 0.04322957
v -0.13351512 0.31046692 0.05108950
v -0.12968871 0.31832686 -0.09430359
v -0.12968871 0.31318375 -0.09038910
v -0.12968871 0.31192794 -0.08252918
v -0.12968871 0.31191355 -0.07466926
v -0.12968871 0.31201419 -0.06680934
v -0.12968871 0.31292281 -0.05894941
v -0.12968871 0.31832686 -0.05441241
v -0.12968871 0.31832686 0.01468878
v -0.12968871 0.31204525 0.01964981
v -0.12968871 0.31091571 0.02750973
v -0.12968871 0.31053194 0.03536965
v -0.12968871 0.31062764 0.04322957
v -0.12968871 0.31362763 0.05108950
v -0.12968871 0.32618678 -0.05330969
v -0.12968871 0.32618678 0.01395923
v -0.12968871 0.33404669 -0.05335515
v -0.12968871 0.33404669 0.01401356
v -0.12968871 0.34190661 -0.05349895
v -0.12968871 0.34190661 0.01406201
v -0.12968871 0.34976652 -0.05362955
v -0.12968871 0.34976652 0.01412486
v -0.12968871 0.35762647 -0.05374943
v -0.12968871 0.35762647 0.01415604
v -0.12968871 0.36548638 -0.05384447
v -0.12968871 0.36548638 0.01417655
v -0.12968871 0.37334630 -0.05389035
v -0.12968871 0.37334630 0.01416563
v -0.12968871 0.38120621 -0.05391907
v -0.12968871 0.38120621 0.01414884
v -0.12968871 0.38906616 -0.05395223
v -0.12968871 0.38906616 0.01409619
v -0.12968871 0.39692608 -0.05395307
v -0.12968871 0.39692608 0.01407652
v -0.12968871 0.40478599 -0.05395067
v -0.12968871 0.40478599 0.01404474
v -0.12968871 0.41264591 -0.05391787
v -0.12968871 0.41264591 0.01407544
v -0.13437246 0.42050582 -0.09038910
v -0.13539362 0.42050582 -0.08252918
v -0.13536592 0.42050582 -0.07466926
v -0.13549137 0.42050582 -0.06680934
v -0.13496463 0.42050582 -0.05894941
v -0.12968871 0.42050582 -0.05533878
v -0.13445497 0.42050582 0.01964981
v -0.12968871 0.42050582 0.01598034
v -0.13494591 0.42050582 0.02750973
v -0.13473016 0.42050582 0.03536965
v -0.13470533 0.42050582 0.04322957
v -0.13247794 0.42050582 0.05108950
v -0.12968871 0.42409208 -0.09038910
v -0.12968871 0.42499828 -0.08252918
v -0.12968871 0.42492872 -0.07466926
v -0.12968871 0.42504171 -0.06680934
v -0.12968871 0.42446867 -0.05894941
v -0.12968871 0.42412612 0.01964981
v -0.12968871 0.42462194 0.02750973
v -0.12968871 0.42450944 0.03536965
v -0.12968871 0.42451170 0.04322957
v -0.12968871 0.42273119 0.05108950
v -0.12251871 0.31832686 -0.09038910
v -0.12182879 0.31832686 -0.08647126
v -0.12182879 0.31788513 -0.08252918
v -0.12182879 0.31790996 -0.07466926
v -0.12182879 0.31807247 -0.06680934
v -0.12250312 0.31832686 -0.05894941
v -0.12182879 0.31832686 -0.06404536
v -0.12182879 0.31832686 0.01903239
v -0.12182879 0.31786367 0.01964981
v -0.12182879 0.31690156 0.02750973
v -0.12182879 0.31654307 0.03536965
v -0.12182879 0.31664035 0.04322957
v -0.12294873 0.31832686 0.05108950
v -0.12182879 0.31832686 0.04924253
v -0.12182879 0.32618678 -0.09489696
v -0.12182879 0.31889388 -0.09038910
v -0.12182879 0.31888023 -0.05894941
v -0.12182879 0.32618678 -0.05382642
v -0.12182879 0.32618678 0.01421193
v -0.12182879 0.31930262 0.05108950
v -0.12182879 0.33404669 -0.05332546
v -0.12182879 0.33404669 0.01397386
v -0.12182879 0.34190661 -0.05343250
v -0.12182879 0.34190661 0.01403455
v -0.12182879 0.34976652 -0.05358476
v -0.12182879 0.34976652 0.01409092
v -0.12182879 0.35762647 -0.05369822
v -0.12182879 0.35762647 0.01415796
v -0.12182879 0.36548638 -0.05381563
v -0.12182879 0.36548638 0.01417295
v -0.12182879 0.37334630 -0.05387164
v -0.12182879 0.37334630 0.01418063
v -0.12182879 0.38120621 -0.05391505
v -0.12182879 0.38120621 0.01415976
v -0.12182879 0.38906616 -0.05394443
v -0.12182879 0.38906616 0.01412210
v -0.12182879 0.39692608 -0.05394443
v -0.12182879 0.39692608 0.01408828
v -0.12182879 0.40478599 -0.05393508
v -0.12182879 0.40478599 0.01404138
v -0.12182879 0.41264591 -0.05388453
v -0.12182879 0.41264591 0.01403371
v -0.12182879 0.42050582 -0.05387614
v -0.12182879 0.42050582 0.01416180
v -0.12443589 0.42836577 -0.09038910
v -0.12547967 0.42836577 -0.08252918
v -0.12538283 0.42836577 -0.07466926
v -0.12548950 0.42836577 -0.06680934
v -0.12473909 0.42836577 -0.05894941
v -0.12182879 0.42836577 -0.05654458
v -0.12431110 0.42836577 0.01964981
v -0.12182879 0.42836577 0.01739543
v -0.12500145 0.42836577 0.02750973
v -0.12491298 0.42836577 0.03536965
v -0.12495143 0.42836577 0.04322957
v -0.12294969 0.42836577 0.05108950
v -0.12182879 0.43043941 -0.09038910
v -0.12182879 0.43130016 -0.08252918
v -0.12182879 0.43119401 -0.07466926
v -0.12182879 0.43124425 -0.06680934
v -0.12182879 0.43061125 -0.05894941
v -0.12182879 0.43032128 0.01964981
v -0.12182879 0.43091843 0.02750973
v -0.12182879 0.43087390 0.03536965
v -0.12182879 0.43090391 0.04322957
v -0.12182879 0.42925411 0.05108950
v -0.12126385 0.31832686 -0.08252918
v -0.12129809 0.31832686 -0.07466926
v -0.12150437 0.31832686 -0.06680934
v -0.12122421 0.31832686 0.01964981
v -0.12001451 0.31832686 0.02750973
v -0.11957903 0.31832686 0.03536965
v -0.11970682 0.31832686 0.04322957
v -0.11396887 0.32618678 -0.09164714
v -0.11396887 0.32502869 -0.09038910
v -0.11396887 0.32402125 -0.08252918
v -0.11396887 0.32404321 -0.07466926
v -0.11396887 0.32423595 -0.06680934
v -0.11396887 0.32505640 -0.05894941
v -0.11396887 0.32618678 -0.05756071
v -0.11396887 0.32618678 0.01718171
v -0.11396887 0.32405075 0.01964981
v -0.11396887 0.32303372 0.02750973
v -0.11396887 0.32274613 0.03536965
v -0.11396887 0.32286534 0.04322957
v -0.11396887 0.32529616 0.05108950
v -0.11396887 0.33404669 -0.05353313
v -0.11396887 0.33404669 0.01405350
v -0.11396887 0.34190661 -0.05337757
v -0.11396887 0.34190661 0.01400636
v -0.11396887 0.34976652 -0.05351148
v -0.11396887 0.34976652 0.01406825
v -0.11396887 0.35762647 -0.05364083
v -0.11396887 0.35762647 0.01412138
v -0.11396887 0.36548638 -0.05375075
v -0.11396887 0.36548638 0.01415616
v -0.11396887 0.37334630 -0.05383776
v -0.11396887 0.37334630 0.01416743
v -0.11396887 0.38120621 -0.05389035
v -0.11396887 0.38120621 0.01416060
v -0.11396887 0.38906616 -0.05393118
v -0.11396887 0.38906616 0.01413361
v -0.11396887 0.39692608 -0.05392219
v -0.11396887 0.39692608 0.01410231
v -0.11396887 0.40478599 -0.05391157
v -0.11396887 0.40478599 0.01407772
v -0.11396887 0.41264591 -0.05387560
v -0.11396887 0.41264591 0.01403587
v -0.11396887 0.42050582 -0.05381929
v -0.11396887 0.42050582 0.01405458
v -0.11396887 0.42836577 -0.05397736
v -0.11396887 0.42836577 0.01433498
v -0.11486075 0.43622568 -0.09038910
v -0.11566406 0.43622568 -0.08252918
v -0.11545010 0.43622568 -0.07466926
v -0.11542030 0.43622568 -0.06680934
v -0.11475258 0.43622568 -0.05894941
v -0.11396887 0.43622568 -0.05820194
v -0.11454449 0.43622568 0.01964981
v -0.11396887 0.43622568 0.01905506
v -0.11508125 0.43622568 0.02750973
v -0.11499999 0.43622568 0.03536965
v -0.11502752 0.43622568 0.04322957
v -0.11396887 0.43622568 0.04792470
v -0.11396887 0.43530101 0.05108950
v -0.11396887 0.43694505 -0.09038910
v -0.11396887 0.43761727 -0.08252918
v -0.11396887 0.43743053 -0.07466926
v -0.11396887 0.43739048 -0.06680934
v -0.11396887 0.43684334 -0.05894941
v -0.11396887 0.43667939 0.01964981
v -0.11396887 0.43711257 0.02750973
v -0.11396887 0.43703821 0.03536965
v -0.11396887 0.43705609 0.04322957
v -0.11252728 0.32618678 -0.09038910
v -0.11131452 0.32618678 -0.08252918
v -0.11135182 0.32618678 -0.07466926
v -0.11156835 0.32618678 -0.06680934
v -0.11256944 0.32618678 -0.05894941
v -0.11125167 0.32618678 0.01964981
v -0.10998182 0.32618678 0.02750973
v -0.10962670 0.32618678 0.03536965
v -0.10976163 0.32618678 0.04322957
v -0.11283623 0.32618678 0.05108950
v -0.10610895 0.33404669 -0.09287849
v -0.10610895 0.33146107 -0.09038910
v -0.10610895 0.33041874 -0.08252918
v -0.10610895 0.33044356 -0.07466926
v -0.10610895 0.33056107 -0.06680934
v -0.10610895 0.33146635 -0.05894941
v -0.10610895 0.33404669 -0.05612937
v -0.10610895 0.33404669 0.01591749
v -0.10610895 0.33030239 0.01964981
v -0.10610895 0.32929748 0.02750973
v -0.10610895 0.32905066 0.03536965
v -0.10610895 0.32914025 0.04322957
v -0.10610895 0.33180562 0.05108950
v -0.10610895 0.34190661 -0.05343970
v -0.10610895 0.34190661 0.01402291
v -0.10610895 0.34976652 -0.05343808
v -0.10610895 0.34976652 0.01403083
v -0.10610895 0.35762647 -0.05354548
v -0.10610895 0.35762647 0.01408840
v -0.10610895 0.36548638 -0.05367345
v -0.10610895 0.36548638 0.01413121
v -0.10610895 0.37334630 -0.05375926
v -0.10610895 0.37334630 0.01416240
v -0.10610895 0.38120621 -0.05384525
v -0.10610895 0.38120621 0.01415268
v -0.10610895 0.38906616 -0.05389449
v -0.10610895 0.38906616 0.01414117
v -0.10610895 0.39692608 -0.05389556
v -0.10610895 0.39692608 0.01411922
v -0.10610895 0.40478599 -0.05386822
v -0.10610895 0.40478599 0.01409355
v -0.10610895 0.41264591 -0.05384573
v -0.10610895 0.41264591 0.01405578
v -0.10610895 0.42050582 -0.05381647
v -0.10610895 0.42050582 0.01403946
v -0.10610895 0.42836577 -0.05378421
v -0.10610895 0.42836577 0.01406873
v -0.10610895 0.43622568 -0.05427455
v -0.10610895 0.43622568 0.01465904
v -0.11292797 0.43622568 0.05108950
v -0.10610895 0.44324309 -0.09038910
v -0.10610895 0.44393712 -0.08252918
v -0.10610895 0.44372532 -0.07466926
v -0.10610895 0.44361678 -0.06680934
v -0.10610895 0.44304135 -0.05894941
v -0.10610895 0.44283471 0.01964981
v -0.10610895 0.44322366 0.02750973
v -0.10610895 0.44311821 0.03536965
v -0.10610895 0.44309989 0.04322957
v -0.10610895 0.44113189 0.05108950
v -0.10287214 0.33404669 -0.09038910
v -0.10159630 0.33404669 -0.08252918
v -0.10158862 0.33404669 -0.07466926
v -0.10173637 0.33404669 -0.06680934
v -0.10283370 0.33404669 -0.05894941
v -0.10132632 0.33404669 0.01964981
v -0.10009713 0.33404669 0.02750973
v -0.09977368 0.33404669 0.03536965
v -0.09996653 0.33404669 0.04322957
v -0.10324975 0.33404669 0.05108950
v -0.09824903 0.34190661 -0.09383604
v -0.09824903 0.33783022 -0.09038910
v -0.09824903 0.33675683 -0.08252918
v -0.09824903 0.33674541 -0.07466926
v -0.09824903 0.33682662 -0.06680934
v -0.09824903 0.33770716 -0.05894941
v -0.09824903 0.34190661 -0.05498515
v -0.09824903 0.34190661 0.01504654
v -0.09824903 0.33651900 0.01964981
v -0.09824903 0.33548468 0.02750973
v -0.09824903 0.33523512 0.03536965
v -0.09824903 0.33541393 0.04322957
v -0.09824903 0.33833417 0.05108950
v -0.09824903 0.34976652 -0.05339454
v -0.09824903 0.34976652 0.01400456
v -0.09824903 0.35762647 -0.05344750
v -0.09824903 0.35762647 0.01404522
v -0.09824903 0.36548638 -0.05356515
v -0.09824903 0.36548638 0.01407341
v -0.09824903 0.37334630 -0.05366733
v -0.09824903 0.37334630 0.01412246
v -0.09824903 0.38120621 -0.05376280
v -0.09824903 0.38120621 0.01414297
v -0.09824903 0.38906616 -0.05384009
v -0.09824903 0.38906616 0.01414633
v -0.09824903 0.39692608 -0.05386084
v -0.09824903 0.39692608 0.01413325
v -0.09824903 0.40478599 -0.05383980
v -0.09824903 0.40478599 0.01411154
v -0.09824903 0.41264591 -0.05380915
v -0.09824903 0.41264591 0.01408096
v -0.09824903 0.42050582 -0.05377803
v -0.09824903 0.42050582 0.01404402
v -0.09824903 0.42836577 -0.05375152
v -0.09824903 0.42836577 0.01403431
v -0.09824903 0.43622568 -0.05372652
v -0.09824903 0.43622568 0.01407508
v -0.10514217 0.44408560 -0.09038910
v -0.10591616 0.44408560 -0.08252918
v -0.10563887 0.44408560 -0.07466926
v -0.10550269 0.44408560 -0.06680934
v -0.10487364 0.44408560 -0.05894941
v -0.09824903 0.44408560 -0.05475860
v -0.10457692 0.44408560 0.01964981
v -0.09824903 0.44408560 0.01530344
v -0.10496167 0.44408560 0.02750973
v -0.10481985 0.44408560 0.03536965
v -0.10480666 0.44408560 0.04322957
v -0.10259666 0.44408560 0.05108950
v -0.09824903 0.44935593 -0.09038910
v -0.09824903 0.45008752 -0.08252918
v -0.09824903 0.44983292 -0.07466926
v -0.09824903 0.44980100 -0.06680934
v -0.09824903 0.44921479 -0.05894941
v -0.09824903 0.44886589 0.01964981
v -0.09824903 0.44927007 0.02750973
v -0.09824903 0.44910574 0.03536965
v -0.09824903 0.44914198 0.04322957
v -0.09824903 0.44735676 0.05108950
v -0.09292173 0.34190661 -0.09038910
v -0.09166231 0.34190661 -0.08252918
v -0.09157932 0.34190661 -0.07466926
v -0.09167448 0.34190661 -0.06680934
v -0.09272666 0.34190661 -0.05894941
v -0.09119685 0.34190661 0.01964981
v -0.09038910 0.34190661 0.02504067
v -0.09038910 0.34163988 0.02750973
v -0.09038910 0.34142843 0.03536965
v -0.09038910 0.34171951 0.04322957
v -0.09352457 0.34190661 0.05108950
v -0.09038910 0.34190661 0.04397292
v -0.09038910 0.34976652 -0.09460241
v -0.09038910 0.34394044 -0.09038910
v -0.09038910 0.34284952 -0.08252918
v -0.09038910 0.34277889 -0.07466926
v -0.09038910 0.34285456 -0.06680934
v -0.09038910 0.34376353 -0.05894941
v -0.09038910 0.34976652 -0.05416835
v -0.09038910 0.34976652 0.01446271
v -0.09038910 0.34256613 0.01964981
v -0.09038910 0.34460354 0.05108950
v -0.09038910 0.35762647 -0.09531859
v -0.09038910 0.35762647 -0.05339023
v -0.09038910 0.35762647 0.01400792
v -0.09038910 0.36548638 -0.05346218
v -0.09038910 0.36548638 0.01403107
v -0.09038910 0.37334630 -0.05356143
v -0.09038910 0.37334630 0.01407952
v -0.09038910 0.38120621 -0.05366739
v -0.09038910 0.38120621 0.01410255
v -0.09038910 0.38906616 -0.05374043
v -0.09038910 0.38906616 0.01413913
v -0.09038910 0.39692608 -0.05379194
v -0.09038910 0.39692608 0.01414057
v -0.09038910 0.40478599 -0.05379164
v -0.09038910 0.40478599 0.01413385
v -0.09038910 0.41264591 -0.05377431
v -0.09038910 0.41264591 0.01410663
v -0.09038910 0.42050582 -0.05374067
v -0.09038910 0.42050582 0.01406993
v -0.09038910 0.42836577 -0.05373305
v -0.09038910 0.42836577 0.01405566
v -0.09038910 0.43622568 -0.05371069
v -0.09038910 0.43622568 0.01405002
v -0.09038910 0.44408560 -0.05368406
v -0.09038910 0.44408560 0.01412282
v -0.09500118 0.45194551 -0.09038910
v -0.09583358 0.45194551 -0.08252918
v -0.09553285 0.45194551 -0.07466926
v -0.09549099 0.45194551 -0.06680934
v -0.09485942 0.45194551 -0.05894941
v -0.09038910 0.45194551 -0.05560503
v -0.09420028 0.45194551 0.01964981
v -0.09038910 0.45194551 0.01659308
v -0.09477493 0.45194551 0.02750973
v -0.09461758 0.45194551 0.03536965
v -0.09470063 0.45194551 0.04322957
v -0.09271640 0.45194551 0.05108950
v -0.09038910 0.45530546 -0.09038910
v -0.09038910 0.45603859 -0.08252918
v -0.09038910 0.45580953 -0.07466926
v -0.09038910 0.45581877 -0.06680934
v -0.09038910 0.45532787 -0.05894941
v -0.09038910 0.45476454 0.01964981
v -0.09038910 0.45527390 0.02750973
v -0.09038910 0.45520529 0.03536965
v -0.09038910 0.45533159 0.04322957
v -0.09038910 0.45377234 0.05108950
v -0.09004292 0.34190661 0.02750973
v -0.08977619 0.34190661 0.03536965
v -0.09015260 0.34190661 0.04322957
v -0.08252918 0.34976652 -0.09047228
v -0.08252918 0.34969950 -0.09038910
v -0.08252918 0.34881356 -0.08252918
v -0.08252918 0.34866232 -0.07466926
v -0.08252918 0.34877446 -0.06680934
v -0.08252918 0.34953988 -0.05894941
v -0.08252918 0.34976652 -0.05864401
v -0.08252918 0.34976652 0.01812150
v -0.08252918 0.34853157 0.01964981
v -0.08252918 0.34757921 0.02750973
v -0.08252918 0.34744176 0.03536965
v -0.08252918 0.34776604 0.04322957
v -0.08309568 0.34976652 0.05108950
v -0.08252918 0.34976652 0.05018916
v -0.08252918 0.35762647 -0.09504502
v -0.08252918 0.35762647 -0.05370043
v -0.08252918 0.35762647 0.01416371
v -0.08252918 0.35026389 0.05108950
v -0.08252918 0.36548638 -0.05340408
v -0.08252918 0.36548638 0.01401056
v -0.08252918 0.37334630 -0.05348881
v -0.08252918 0.37334630 0.01401056
v -0.08252918 0.38120621 -0.05358716
v -0.08252918 0.38120621 0.01407556
v -0.08252918 0.38906616 -0.05366236
v -0.08252918 0.38906616 0.01410927
v -0.08252918 0.39692608 -0.05373305
v -0.08252918 0.39692608 0.01414896
v -0.08252918 0.40478599 -0.05374691
v -0.08252918 0.40478599 0.01415976
v -0.08252918 0.41264591 -0.05374571
v -0.08252918 0.41264591 0.01416312
v -0.08252918 0.42050582 -0.05374817
v -0.08252918 0.42050582 0.01411454
v -0.08252918 0.42836577 -0.05371572
v -0.08252918 0.42836577 0.01408540
v -0.08252918 0.43622568 -0.05369702
v -0.08252918 0.43622568 0.01405829
v -0.08252918 0.44408560 -0.05365102
v -0.08252918 0.44408560 0.01407029
v -0.08252918 0.45194551 -0.05368994
v -0.08252918 0.45194551 0.01427117
v -0.08434641 0.45980546 -0.09038910
v -0.08531750 0.45980546 -0.08252918
v -0.08517478 0.45980546 -0.07466926
v -0.08525670 0.45980546 -0.06680934
v -0.08475418 0.45980546 -0.05894941
v -0.08252918 0.45980546 -0.05694186
v -0.08382925 0.45980546 0.01964981
v -0.08252918 0.45980546 0.01841654
v -0.08452714 0.45980546 0.02750973
v -0.08454429 0.45980546 0.03536965
v -0.08477931 0.45980546 0.04322957
v -0.08310078 0.45980546 0.05108950
v -0.08252918 0.46109089 -0.09038910
v -0.08252918 0.46188688 -0.08252918
v -0.08252918 0.46182895 -0.07466926
v -0.08252918 0.46193305 -0.06680934
v -0.08252918 0.46153453 -0.05894941
v -0.08252918 0.46080208 0.01964981
v -0.08252918 0.46138796 0.02750973
v -0.08252918 0.46142286 0.03536965
v -0.08252918 0.46163201 0.04322957
v -0.08252918 0.46025521 0.05108950
v -0.08243918 0.34976652 -0.09038910
v -0.08127900 0.34976652 -0.08252918
v -0.08108591 0.34976652 -0.07466926
v -0.08122611 0.34976652 -0.06680934
v -0.08222053 0.34976652 -0.05894941
v -0.08089779 0.34976652 0.01964981
v -0.07972173 0.34976652 0.02750973
v -0.07955688 0.34976652 0.03536965
v -0.07996771 0.34976652 0.04322957
v -0.07466926 0.35762647 -0.09226701
v -0.07466926 0.35584930 -0.09038910
v -0.07466926 0.35472625 -0.08252918
v -0.07466926 0.35457009 -0.07466926
v -0.07466926 0.35463437 -0.06680934
v -0.07466926 0.35554600 -0.05894941
v -0.07466926 0.35762647 -0.05660023
v -0.07466926 0.35762647 0.01642685
v -0.07466926 0.35458171 0.01964981
v -0.07466926 0.35362071 0.02750973
v -0.07466926 0.35353735 0.03536965
v -0.07466926 0.35384810 0.04322957
v -0.07466926 0.35635230 0.05108950
v -0.07466926 0.36548638 -0.05352293
v -0.07466926 0.36548638 0.01404930
v -0.07466926 0.37334630 -0.05342861
v -0.07466926 0.37334630 0.01399449
v -0.07466926 0.38120621 -0.05350057
v -0.07466926 0.38120621 0.01403563
v -0.07466926 0.38906616 -0.05359657
v -0.07466926 0.38906616 0.01409008
v -0.07466926 0.39692608 -0.05366097
v -0.07466926 0.39692608 0.01413601
v -0.07466926 0.40478599 -0.05370325
v -0.07466926 0.40478599 0.01416036
v -0.07466926 0.41264591 -0.05372700
v -0.07466926 0.41264591 0.01417619
v -0.07466926 0.42050582 -0.05374199
v -0.07466926 0.42050582 0.01414788
v -0.07466926 0.42836577 -0.05374067
v -0.07466926 0.42836577 0.01412234
v -0.07466926 0.43622568 -0.05371195
v -0.07466926 0.43622568 0.01408948
v -0.07466926 0.44408560 -0.05367009
v -0.07466926 0.44408560 0.01408372
v -0.07466926 0.45194551 -0.05359705
v -0.07466926 0.45194551 0.01410123
v -0.07466926 0.45980546 -0.05382024
v -0.07466926 0.45980546 0.01456453
v -0.07466926 0.46687081 -0.09038910
v -0.07467753 0.46766537 -0.08252918
v -0.07466926 0.46766537 -0.08260684
v -0.07481534 0.46766537 -0.07466926
v -0.07510300 0.46766537 -0.06680934
v -0.07480730 0.46766537 -0.05894941
v -0.07466926 0.46766537 -0.05880615
v -0.07466926 0.46700779 0.01964981
v -0.07466926 0.46752062 0.02750973
v -0.07466926 0.46760312 0.03536965
v -0.07482751 0.46766537 0.04322957
v -0.07466926 0.46766537 0.03804715
v -0.07466926 0.46766537 0.04415150
v -0.07466926 0.46628207 0.05108950
v -0.07466926 0.46767148 -0.08252918
v -0.07466926 0.46777713 -0.07466926
v -0.07466926 0.46800154 -0.06680934
v -0.07466926 0.46777150 -0.05894941
v -0.07466926 0.46778795 0.04322957
v -0.07228331 0.35762647 -0.09038910
v -0.07082397 0.35762647 -0.08252918
v -0.07062494 0.35762647 -0.07466926
v -0.07070554 0.35762647 -0.06680934
v -0.07184586 0.35762647 -0.05894941
v -0.07060414 0.35762647 0.01964981
v -0.06934562 0.35762647 0.02750973
v -0.06923798 0.35762647 0.03536965
v -0.06964137 0.35762647 0.04322957
v -0.07295938 0.35762647 0.05108950
v -0.06680934 0.36548638 -0.09362645
v -0.06680934 0.36183396 -0.09038910
v -0.06680934 0.36066243 -0.08252918
v -0.06680934 0.36055031 -0.07466926
v -0.06680934 0.36057621 -0.06680934
v -0.06680934 0.36146587 -0.05894941
v -0.06680934 0.36548638 -0.05513747
v -0.06680934 0.36548638 0.01526578
v -0.06680934 0.36056662 0.01964981
v -0.06680934 0.35955691 0.02750973
v -0.06680934 0.35949129 0.03536965
v -0.06680934 0.35977602 0.04322957
v -0.06680934 0.36253411 0.05108950
v -0.06680934 0.37334630 -0.05347052
v -0.06680934 0.37334630 0.01400612
v -0.06680934 0.38120621 -0.05346560
v -0.06680934 0.38120621 0.01398849
v -0.06680934 0.38906616 -0.05351970
v -0.06680934 0.38906616 0.01403815
v -0.06680934 0.39692608 -0.05358997
v -0.06680934 0.39692608 0.01410603
v -0.06680934 0.40478599 -0.05366829
v -0.06680934 0.40478599 0.01416348
v -0.06680934 0.41264591 -0.05372196
v -0.06680934 0.41264591 0.01418758
v -0.06680934 0.42050582 -0.05374955
v -0.06680934 0.42050582 0.01419346
v -0.06680934 0.42836577 -0.05377335
v -0.06680934 0.42836577 0.01414129
v -0.06680934 0.43622568 -0.05376076
v -0.06680934 0.43622568 0.01412138
v -0.06680934 0.44408560 -0.05370697
v -0.06680934 0.44408560 0.01408876
v -0.06680934 0.45194551 -0.05363213
v -0.06680934 0.45194551 0.01409092
v -0.06680934 0.45980546 -0.05354332
v -0.06680934 0.45980546 0.01412714
v -0.07369379 0.46766537 -0.09038910
v -0.06680934 0.46766537 -0.05423803
v -0.07388292 0.46766537 0.01964981
v -0.06680934 0.46766537 0.01510567
v -0.07447791 0.46766537 0.02750973
v -0.07458651 0.46766537 0.03536965
v -0.07305916 0.46766537 0.05108950
v -0.06680934 0.47260648 -0.09038910
v -0.06680934 0.47369608 -0.08252918
v -0.06680934 0.47375426 -0.07466926
v -0.06680934 0.47401905 -0.06680934
v -0.06680934 0.47362137 -0.05894941
v -0.06680934 0.47309893 0.01964981
v -0.06680934 0.47367939 0.02750973
v -0.06680934 0.47370005 0.03536965
v -0.06680934 0.47388712 0.04322957
v -0.06680934 0.47221011 0.05108950
v -0.06182865 0.36548638 -0.09038910
v -0.06034417 0.36548638 -0.08252918
v -0.06016925 0.36548638 -0.07466926
v -0.06029584 0.36548638 -0.06680934
v -0.06135449 0.36548638 -0.05894941
v -0.06037578 0.36548638 0.01964981
v -0.05909675 0.36548638 0.02750973
v -0.05894941 0.36548638 0.03215437
v -0.05894941 0.36540639 0.03536965
v -0.05926250 0.36548638 0.04322957
v -0.05894941 0.36548638 0.03732276
v -0.06265348 0.36548638 0.05108950
v -0.05894941 0.37334630 -0.09445993
v -0.05894941 0.36776415 -0.09038910
v -0.05894941 0.36651036 -0.08252918
v -0.05894941 0.36637965 -0.07466926
v -0.05894941 0.36648110 -0.06680934
v -0.05894941 0.36737952 -0.05894941
v -0.05894941 0.37334630 -0.05427467
v -0.05894941 0.37334630 0.01459068
v -0.05894941 0.36665538 0.01964981
v -0.05894941 0.36559755 0.02750973
v -0.05894941 0.36571845 0.04322957
v -0.05894941 0.36851493 0.05108950
v -0.05894941 0.38120621 -0.05345601
v -0.05894941 0.38120621 0.01395191
v -0.05894941 0.38906616 -0.05349085
v -0.05894941 0.38906616 0.01400073
v -0.05894941 0.39692608 -0.05356383
v -0.05894941 0.39692608 0.01407173
v -0.05894941 0.40478599 -0.05364203
v -0.05894941 0.40478599 0.01414393
v -0.05894941 0.41264591 -0.05371447
v -0.05894941 0.41264591 0.01418063
v -0.05894941 0.42050582 -0.05377821
v -0.05894941 0.42050582 0.01418902
v -0.05894941 0.42836577 -0.05381833
v -0.05894941 0.42836577 0.01414860
v -0.05894941 0.43622568 -0.05379464
v -0.05894941 0.43622568 0.01414201
v -0.05894941 0.44408560 -0.05375680
v -0.05894941 0.44408560 0.01409919
v -0.05894941 0.45194551 -0.05367231
v -0.05894941 0.45194551 0.01408312
v -0.05894941 0.45980546 -0.05358836
v -0.05894941 0.45980546 0.01410423
v -0.05894941 0.46766537 -0.05352425
v -0.05894941 0.46766537 0.01414584
v -0.06309850 0.47552529 -0.09038910
v -0.06443101 0.47552529 -0.08252918
v -0.06449649 0.47552529 -0.07466926
v -0.06479008 0.47552529 -0.06680934
v -0.06437098 0.47552529 -0.05894941
v -0.05894941 0.47552529 -0.05514155
v -0.06375758 0.47552529 0.01964981
v -0.05894941 0.47552529 0.01598610
v -0.06441823 0.47552529 0.02750973
v -0.06443479 0.47552529 0.03536965
v -0.06463478 0.47552529 0.04322957
v -0.06271369 0.47552529 0.05108950
v -0.05894941 0.47868073 -0.09038910
v -0.05894941 0.47981098 -0.08252918
v -0.05894941 0.47978219 -0.07466926
v -0.05894941 0.47994423 -0.06680934
v -0.05894941 0.47949314 -0.05894941
v -0.05894941 0.47921646 0.01964981
v -0.05894941 0.47971982 0.02750973
v -0.05894941 0.47969332 0.03536965
v -0.05894941 0.47985318 0.04322957
v -0.05894941 0.47829309 0.05108950
v -0.05884586 0.36548638 0.03536965
v -0.05125224 0.37334630 -0.09038910
v -0.05108950 0.37334630 -0.08962711
v -0.05108950 0.37240076 -0.08252918
v -0.05108950 0.37230194 -0.07466926
v -0.05108950 0.37248722 -0.06680934
v -0.05108950 0.37324017 -0.05894941
v -0.05108950 0.37334630 -0.05880963
v -0.05108950 0.37334630 0.01895587
v -0.05108950 0.37280494 0.01964981
v -0.05108950 0.37170538 0.02750973
v -0.05108950 0.37144044 0.03536965
v -0.05108950 0.37167132 0.04322957
v -0.05211534 0.37334630 0.05108950
v -0.05108950 0.37334630 0.04926076
v -0.05108950 0.38120621 -0.09483898
v -0.05108950 0.37348640 -0.09038910
v -0.05108950 0.38120621 -0.05380597
v -0.05108950 0.38120621 0.01418159
v -0.05108950 0.37423632 0.05108950
v -0.05108950 0.38906616 -0.05345841
v -0.05108950 0.38906616 0.01394052
v -0.05108950 0.39692608 -0.05351220
v -0.05108950 0.39692608 0.01402171
v -0.05108950 0.40478599 -0.05361726
v -0.05108950 0.40478599 0.01410123
v -0.05108950 0.41264591 -0.05371069
v -0.05108950 0.41264591 0.01414225
v -0.05108950 0.42050582 -0.05378463
v -0.05108950 0.42050582 0.01416312
v -0.05108950 0.42836577 -0.05383728
v -0.05108950 0.42836577 0.01414129
v -0.05108950 0.43622568 -0.05383698
v -0.05108950 0.43622568 0.01412354
v -0.05108950 0.44408560 -0.05380436
v -0.05108950 0.44408560 0.01409583
v -0.05108950 0.45194551 -0.05371938
v -0.05108950 0.45194551 0.01406561
v -0.05108950 0.45980546 -0.05362817
v -0.05108950 0.45980546 0.01403587
v -0.05108950 0.46766537 -0.05352131
v -0.05108950 0.46766537 0.01405242
v -0.05108950 0.47552529 -0.05356791
v -0.05108950 0.47552529 0.01416312
v -0.05315822 0.48338521 -0.09038910
v -0.05451700 0.48338521 -0.08252918
v -0.05444594 0.48338521 -0.07466926
v -0.05453907 0.48338521 -0.06680934
v -0.05388867 0.48338521 -0.05894941
v -0.05108950 0.48338521 -0.05654608
v -0.05362710 0.48338521 0.01964981
v -0.05108950 0.48338521 0.01735669
v -0.05424319 0.48338521 0.02750973
v -0.05422796 0.48338521 0.03536965
v -0.05435833 0.48338521 0.04322957
v -0.05246123 0.48338521 0.05108950
v -0.05108950 0.48503056 -0.09038910
v -0.05108950 0.48611140 -0.08252918
v -0.05108950 0.48602098 -0.07466926
v -0.05108950 0.48605239 -0.06680934
v -0.05108950 0.48553190 -0.05894941
v -0.05108950 0.48532656 0.01964981
v -0.05108950 0.48583555 0.02750973
v -0.05108950 0.48582381 0.03536965
v -0.05108950 0.48589996 0.04322957
v -0.05108950 0.48441377 0.05108950
v -0.04986048 0.37334630 -0.08252918
v -0.04972903 0.37334630 -0.07466926
v -0.04997766 0.37334630 -0.06680934
v -0.05095001 0.37334630 -0.05894941
v -0.05040707 0.37334630 0.01964981
v -0.04905250 0.37334630 0.02750973
v -0.04869941 0.37334630 0.03536965
v -0.04895799 0.37334630 0.04322957
v -0.04322957 0.38120621 -0.09200430
v -0.04322957 0.37961400 -0.09038910
v -0.04322957 0.37833562 -0.08252918
v -0.04322957 0.37828574 -0.07466926
v -0.04322957 0.37842679 -0.06680934
v -0.04322957 0.37940326 -0.05894941
v -0.04322957 0.38120621 -0.05688393
v -0.04322957 0.38120621 0.01714860
v -0.04322957 0.37903354 0.01964981
v -0.04322957 0.37786609 0.02750973
v -0.04322957 0.37760800 0.03536965
v -0.04322957 0.37775624 0.04322957
v -0.04322957 0.38018739 0.05108950
v -0.04322957 0.38906616 -0.05359591
v -0.04322957 0.38906616 0.01397818
v -0.04322957 0.39692608 -0.05349037
v -0.04322957 0.39692608 0.01396870
v -0.04322957 0.40478599 -0.05356275
v -0.04322957 0.40478599 0.01404630
v -0.04322957 0.41264591 -0.05365954
v -0.04322957 0.41264591 0.01412138
v -0.04322957 0.42050582 -0.05377443
v -0.04322957 0.42050582 0.01413721
v -0.04322957 0.42836577 -0.05384213
v -0.04322957 0.42836577 0.01415364
v -0.04322957 0.43622568 -0.05387679
v -0.04322957 0.43622568 0.01412642
v -0.04322957 0.44408560 -0.05383278
v -0.04322957 0.44408560 0.01408876
v -0.04322957 0.45194551 -0.05376670
v -0.04322957 0.45194551 0.01404810
v -0.04322957 0.45980546 -0.05365720
v -0.04322957 0.45980546 0.01403347
v -0.04322957 0.46766537 -0.05355405
v -0.04322957 0.46766537 0.01400313
v -0.04322957 0.47552529 -0.05346938
v -0.04322957 0.47552529 0.01398873
v -0.04322957 0.48338521 -0.05371075
v -0.04322957 0.48338521 0.01426770
v -0.04345828 0.49124515 -0.09038910
v -0.04454182 0.49124515 -0.08252918
v -0.04440629 0.49124515 -0.07466926
v -0.04437529 0.49124515 -0.06680934
v -0.04388765 0.49124515 -0.05894941
v -0.04322957 0.49124515 -0.05828775
v -0.04349642 0.49124515 0.01964981
v -0.04322957 0.49124515 0.01936784
v -0.04398809 0.49124515 0.02750973
v -0.04402826 0.49124515 0.03536965
v -0.04408577 0.49124515 0.04322957
v -0.04322957 0.49124515 0.04739604
v -0.04322957 0.49030605 0.05108950
v -0.04322957 0.49142060 -0.09038910
v -0.04322957 0.49227765 -0.08252918
v -0.04322957 0.49217162 -0.07466926
v -0.04322957 0.49214727 -0.06680934
v -0.04322957 0.49175450 -0.05894941
v -0.04322957 0.49144819 0.01964981
v -0.04322957 0.49183771 0.02750973
v -0.04322957 0.49186879 0.03536965
v -0.04322957 0.49190944 0.04322957
v -0.04110382 0.38120621 -0.09038910
v -0.03943460 0.38120621 -0.08252918
v -0.03939418 0.38120621 -0.07466926
v -0.03954146 0.38120621 -0.06680934
v -0.04082414 0.38120621 -0.05894941
v -0.04038315 0.38120621 0.01964981
v -0.03890905 0.38120621 0.02750973
v -0.03853438 0.38120621 0.03536965
v -0.03874558 0.38120621 0.04322957
v -0.04190449 0.38120621 0.05108950
v -0.03536965 0.38906616 -0.09332188
v -0.03536965 0.38565335 -0.09038910
v -0.03536965 0.38430756 -0.08252918
v -0.03536965 0.38430372 -0.07466926
v -0.03536965 0.38436610 -0.06680934
v -0.03536965 0.38541192 -0.05894941
v -0.03536965 0.38906616 -0.05541679
v -0.03536965 0.38906616 0.01563985
v -0.03536965 0.38501865 0.01964981
v -0.03536965 0.38393843 0.02750973
v -0.03536965 0.38366064 0.03536965
v -0.03536965 0.38380590 0.04322957
v -0.03536965 0.38643292 0.05108950
v -0.03536965 0.39692608 -0.05354722
v -0.03536965 0.39692608 0.01394280
v -0.03536965 0.40478599 -0.05352593
v -0.03536965 0.40478599 0.01401392
v -0.03536965 0.41264591 -0.05359885
v -0.03536965 0.41264591 0.01406249
v -0.03536965 0.42050582 -0.05372316
v -0.03536965 0.42050582 0.01409763
v -0.03536965 0.42836577 -0.05381791
v -0.03536965 0.42836577 0.01411598
v -0.03536965 0.43622568 -0.05385029
v -0.03536965 0.43622568 0.01410998
v -0.03536965 0.44408560 -0.05384297
v -0.03536965 0.44408560 0.01407988
v -0.03536965 0.45194551 -0.05377036
v -0.03536965 0.45194551 0.01406117
v -0.03536965 0.45980546 -0.05369330
v -0.03536965 0.45980546 0.01401776
v -0.03536965 0.46766537 -0.05359945
v -0.03536965 0.46766537 0.01397890
v -0.03536965 0.47552529 -0.05349907
v -0.03536965 0.47552529 0.01394796
v -0.03536965 0.48338521 -0.05344893
v -0.03536965 0.48338521 0.01394004
v -0.03536965 0.49124515 -0.05401268
v -0.03536965 0.49124515 0.01462846
v -0.04216661 0.49124515 0.05108950
v -0.03536965 0.49731088 -0.09038910
v -0.03536965 0.49826518 -0.08252918
v -0.03536965 0.49821383 -0.07466926
v -0.03536965 0.49824202 -0.06680934
v -0.03536965 0.49786940 -0.05894941
v -0.03536965 0.49738991 0.01964981
v -0.03536965 0.49789348 0.02750973
v -0.03536965 0.49789253 0.03536965
v -0.03536965 0.49794734 0.04322957
v -0.03536965 0.49613479 0.05108950
v -0.03067823 0.38906616 -0.09038910
v -0.02904877 0.38906616 -0.08252918
v -0.02900829 0.38906616 -0.07466926
v -0.02916426 0.38906616 -0.06680934
v -0.03041624 0.38906616 -0.05894941
v -0.02989106 0.38906616 0.01964981
v -0.02848556 0.38906616 0.02750973
v -0.02810771 0.38906616 0.03536965
v -0.02845204 0.38906616 0.04322957
v -0.03175157 0.38906616 0.05108950
v -0.02750973 0.39692608 -0.09423325
v -0.02750973 0.39154673 -0.09038910
v -0.02750973 0.39022794 -0.08252918
v -0.02750973 0.39018512 -0.07466926
v -0.02750973 0.39031237 -0.06680934
v -0.02750973 0.39134750 -0.05894941
v -0.02750973 0.39692608 -0.05448731
v -0.02750973 0.39692608 0.01470006
v -0.02750973 0.39090425 0.01964981
v -0.02750973 0.38976836 0.02750973
v -0.02750973 0.38949600 0.03536965
v -0.02750973 0.38976511 0.04322957
v -0.02750973 0.39248818 0.05108950
v -0.02750973 0.40478599 -0.05353313
v -0.02750973 0.40478599 0.01395071
v -0.02750973 0.41264591 -0.05355130
v -0.02750973 0.41264591 0.01401596
v -0.02750973 0.42050582 -0.05364850
v -0.02750973 0.42050582 0.01407245
v -0.02750973 0.42836577 -0.05374445
v -0.02750973 0.42836577 0.01407652
v -0.02750973 0.43622568 -0.05382792
v -0.02750973 0.43622568 0.01407185
v -0.02750973 0.44408560 -0.05382144
v -0.02750973 0.44408560 0.01407041
v -0.02750973 0.45194551 -0.05378289
v -0.02750973 0.45194551 0.01405278
v -0.02750973 0.45980546 -0.05372442
v -0.02750973 0.45980546 0.01400624
v -0.02750973 0.46766537 -0.05362847
v -0.02750973 0.46766537 0.01397266
v -0.02750973 0.47552529 -0.05354248
v -0.02750973 0.47552529 0.01392649
v -0.02750973 0.48338521 -0.05347604
v -0.02750973 0.48338521 0.01391282
v -0.02750973 0.49124515 -0.05343256
v -0.02750973 0.49124515 0.01391977
v -0.03317674 0.49910507 -0.09038910
v -0.03423790 0.49910507 -0.08252918
v -0.03416409 0.49910507 -0.07466926
v -0.03420996 0.49910507 -0.06680934
v -0.03386059 0.49910507 -0.05894941
v -0.02750973 0.49910507 -0.05462589
v -0.03318519 0.49910507 0.01964981
v -0.02750973 0.49910507 0.01544304
v -0.03373664 0.49910507 0.02750973
v -0.03374258 0.49910507 0.03536965
v -0.03381988 0.49910507 0.04322957
v -0.03177370 0.49910507 0.05108950
v -0.02750973 0.50333691 -0.09038910
v -0.02750973 0.50423878 -0.08252918
v -0.02750973 0.50413483 -0.07466926
v -0.02750973 0.50424105 -0.06680934
v -0.02750973 0.50387180 -0.05894941
v -0.02750973 0.50330800 0.01964981
v -0.02750973 0.50378042 0.02750973
v -0.02750973 0.50378209 0.03536965
v -0.02750973 0.50389731 0.04322957
v -0.02750973 0.50223964 0.05108950
v -0.02032395 0.39692608 -0.09038910
v -0.01964981 0.39692608 -0.08717173
v -0.01964981 0.39630577 -0.08252918
v -0.01964981 0.39623538 -0.07466926
v -0.01964981 0.39642105 -0.06680934
v -0.02012132 0.39692608 -0.05894941
v -0.01964981 0.39692608 -0.06197988
v -0.01964981 0.39692608 0.01924971
v -0.01964981 0.39663547 0.01964981
v -0.01964981 0.39558271 0.02750973
v -0.01964981 0.39539981 0.03536965
v -0.01964981 0.39571869 0.04322957
v -0.02125547 0.39692608 0.05108950
v -0.01964981 0.39692608 0.04782528
v -0.01964981 0.40478599 -0.09468462
v -0.01964981 0.39749995 -0.09038910
v -0.01964981 0.39732388 -0.05894941
v -0.01964981 0.40478599 -0.05400189
v -0.01964981 0.40478599 0.01422440
v -0.01964981 0.39828300 0.05108950
v -0.01964981 0.41264591 -0.05352713
v -0.01964981 0.41264591 0.01398154
v -0.01964981 0.42050582 -0.05355291
v -0.01964981 0.42050582 0.01401392
v -0.01964981 0.42836577 -0.05368712
v -0.01964981 0.42836577 0.01401368
v -0.01964981 0.43622568 -0.05376580
v -0.01964981 0.43622568 0.01402315
v -0.01964981 0.44408560 -0.05380196
v -0.01964981 0.44408560 0.01404174
v -0.01964981 0.45194551 -0.05377713
v -0.01964981 0.45194551 0.01402315
v -0.01964981 0.45980546 -0.05373203
v -0.01964981 0.45980546 0.01400768
v -0.01964981 0.46766537 -0.05366445
v -0.01964981 0.46766537 0.01395491
v -0.01964981 0.47552529 -0.05360629
v -0.01964981 0.47552529 0.01390994
v -0.01964981 0.48338521 -0.05350866
v -0.01964981 0.48338521 0.01388535
v -0.01964981 0.49124515 -0.05345451
v -0.01964981 0.49124515 0.01390586
v -0.01964981 0.49910507 -0.05344138
v -0.01964981 0.49910507 0.01394388
v -0.02290946 0.50696498 -0.09038910
v -0.02397045 0.50696498 -0.08252918
v -0.02388422 0.50696498 -0.07466926
v -0.02396931 0.50696498 -0.06680934
v -0.02350571 0.50696498 -0.05894941
v -0.01964981 0.50696498 -0.05578960
v -0.02274983 0.50696498 0.01964981
v -0.01964981 0.50696498 0.01685861
v -0.02337744 0.50696498 0.02750973
v -0.02339717 0.50696498 0.03536965
v -0.02347668 0.50696498 0.04322957
v -0.02154582 0.50696498 0.05108950
v -0.01964981 0.50945097 -0.09038910
v -0.01964981 0.51029110 -0.08252918
v -0.01964981 0.51020545 -0.07466926
v -0.01964981 0.51024133 -0.06680934
v -0.01964981 0.50984639 -0.05894941
v -0.01964981 0.50932896 0.01964981
v -0.01964981 0.50984037 0.02750973
v -0.01964981 0.50983399 0.03536965
v -0.01964981 0.50986475 0.04322957
v -0.01964981 0.50837684 0.05108950
v -0.01887234 0.39692608 -0.08252918
v -0.01877112 0.39692608 -0.07466926
v -0.01899779 0.39692608 -0.06680934
v -0.01925673 0.39692608 0.01964981
v -0.01790094 0.39692608 0.02750973
v -0.01767955 0.39692608 0.03536965
v -0.01811514 0.39692608 0.04322957
v -0.01178988 0.40478599 -0.09149513
v -0.01178988 0.40373105 -0.09038910
v -0.01178988 0.40250078 -0.08252918
v -0.01178988 0.40235290 -0.07466926
v -0.01178988 0.40248677 -0.06680934
v -0.01178988 0.40350330 -0.05894941
v -0.01178988 0.40478599 -0.05746453
v -0.01178988 0.40478599 0.01717655
v -0.01178988 0.40265551 0.01964981
v -0.01178988 0.40155333 0.02750973
v -0.01178988 0.40142703 0.03536965
v -0.01178988 0.40178108 0.04322957
v -0.01178988 0.40406039 0.05108950
v -0.01178988 0.41264591 -0.05374475
v -0.01178988 0.41264591 0.01403419
v -0.01178988 0.42050582 -0.05349595
v -0.01178988 0.42050582 0.01395695
v -0.01178988 0.42836577 -0.05358002
v -0.01178988 0.42836577 0.01396319
v -0.01178988 0.43622568 -0.05369078
v -0.01178988 0.43622568 0.01398010
v -0.01178988 0.44408560 -0.05375560
v -0.01178988 0.44408560 0.01398214
v -0.01178988 0.45194551 -0.05373947
v -0.01178988 0.45194551 0.01396954
v -0.01178988 0.45980546 -0.05372952
v -0.01178988 0.45980546 0.01397722
v -0.01178988 0.46766537 -0.05367567
v -0.01178988 0.46766537 0.01395803
v -0.01178988 0.47552529 -0.05363453
v -0.01178988 0.47552529 0.01390670
v -0.01178988 0.48338521 -0.05356875
v -0.01178988 0.48338521 0.01387192
v -0.01178988 0.49124515 -0.05350266
v -0.01178988 0.49124515 0.01387228
v -0.01178988 0.49910507 -0.05342975
v -0.01178988 0.49910507 0.01390454
v -0.01178988 0.50696498 -0.05356431
v -0.01178988 0.50696498 0.01410387
v -0.01294226 0.51482493 -0.09038910
v -0.01388931 0.51482493 -0.08252918
v -0.01373963 0.51482493 -0.07466926
v -0.01378137 0.51482493 -0.06680934
v -0.01329306 0.51482493 -0.05894941
v -0.01178988 0.51482493 -0.05746932
v -0.01246643 0.51482493 0.01964981
v -0.01178988 0.51482493 0.01894256
v -0.01304804 0.51482493 0.02750973
v -0.01307718 0.51482493 0.03536965
v -0.01309193 0.51482493 0.04322957
v -0.01178988 0.51482493 0.04970607
v -0.01178988 0.51446414 0.05108950
v -0.01178988 0.51572907 -0.09038910
v -0.01178988 0.51651245 -0.08252918
v -0.01178988 0.51637661 -0.07466926
v -0.01178988 0.51640356 -0.06680934
v -0.01178988 0.51599032 -0.05894941
v -0.01178988 0.51533008 0.01964981
v -0.01178988 0.51579779 0.02750973
v -0.01178988 0.51582730 0.03536965
v -0.01178988 0.51583099 0.04322957
v -0.01041911 0.40478599 -0.09038910
v -0.00886160 0.40478599 -0.08252918
v -0.00865622 0.40478599 -0.07466926
v -0.00880577 0.40478599 -0.06680934
v -0.01011040 0.40478599 -0.05894941
v -0.00894639 0.40478599 0.01964981
v -0.00750318 0.40478599 0.02750973
v -0.00731033 0.40478599 0.03536965
v -0.00779078 0.40478599 0.04322957
v -0.01081009 0.40478599 0.05108950
v -0.00392996 0.41264591 -0.09294032
v -0.00392996 0.40985855 -0.09038910
v -0.00392996 0.40855104 -0.08252918
v -0.00392996 0.40841541 -0.07466926
v -0.00392996 0.40850535 -0.06680934
v -0.00392996 0.40957779 -0.05894941
v -0.00392996 0.41264591 -0.05586186
v -0.00392996 0.41264591 0.01573951
v -0.00392996 0.40867591 0.01964981
v -0.00392996 0.40754300 0.02750973
v -0.00392996 0.40739802 0.03536965
v -0.00392996 0.40772411 0.04322957
v -0.00392996 0.41010490 0.05108950
v -0.00392996 0.42050582 -0.05357810
v -0.00392996 0.42050582 0.01392817
v -0.00392996 0.42836577 -0.05351418
v -0.00392996 0.42836577 0.01388127
v -0.00392996 0.43622568 -0.05358692
v -0.00392996 0.43622568 0.01386976
v -0.00392996 0.44408560 -0.05366331
v -0.00392996 0.44408560 0.01388811
v -0.00392996 0.45194551 -0.05370571
v -0.00392996 0.45194551 0.01391030
v -0.00392996 0.45980546 -0.05371069
v -0.00392996 0.45980546 0.01392493
v -0.00392996 0.46766537 -0.05368442
v -0.00392996 0.46766537 0.01390754
v -0.00392996 0.47552529 -0.05365810
v -0.00392996 0.47552529 0.01390934
v -0.00392996 0.48338521 -0.05360695
v -0.00392996 0.48338521 0.01387552
v -0.00392996 0.49124515 -0.05355004
v -0.00392996 0.49124515 0.01384841
v -0.00392996 0.49910507 -0.05348779
v -0.00392996 0.49910507 0.01385753
v -0.00392996 0.50696498 -0.05344138
v -0.00392996 0.50696498 0.01389914
v -0.00392996 0.51482493 -0.05386402
v -0.00392996 0.51482493 0.01450936
v -0.01138577 0.51482493 0.05108950
v -0.00392996 0.52202183 -0.09038910
v -0.00392996 0.52266717 -0.08252918
v -0.00392996 0.52255064 -0.07466926
v -0.00392996 0.52257389 -0.06680934
v -0.00392996 0.52218771 -0.05894941
v -0.00392996 0.52122754 0.01964981
v -0.00392996 0.52178484 0.02750973
v -0.00392996 0.52180511 0.03536965
v -0.00392996 0.52186471 0.04322957
v -0.00392996 0.52015018 0.05108950
v 0.00006800 0.41264591 -0.09038910
v 0.00176553 0.41264591 -0.08252918
v 0.00188882 0.41264591 -0.07466926
v 0.00168218 0.41264591 -0.06680934
v 0.00030103 0.41264591 -0.05894941
v 0.00136220 0.41264591 0.01964981
v 0.00285560 0.41264591 0.02750973
v 0.00309259 0.41264591 0.03536965
v 0.00267366 0.41264591 0.04322957
v -0.00034493 0.41264591 0.05108950
v 0.00392996 0.42050582 -0.09405869
v 0.00392996 0.41555357 -0.09038910
v 0.00392996 0.41421980 -0.08252918
v 0.00392996 0.41413823 -0.07466926
v 0.00392996 0.41429415 -0.06680934
v 0.00392996 0.41539189 -0.05894941
v 0.00392996 0.42050582 -0.05466967
v 0.00392996 0.42050582 0.01478904
v 0.00392996 0.41466966 0.01964981
v 0.00392996 0.41345224 0.02750973
v 0.00392996 0.41326776 0.03536965
v 0.00392996 0.41358212 0.04322957
v 0.00392996 0.41602191 0.05108950
v 0.00392996 0.42836577 -0.05350296
v 0.00392996 0.42836577 0.01380727
v 0.00392996 0.43622568 -0.05351202
v 0.00392996 0.43622568 0.01377549
v 0.00392996 0.44408560 -0.05360784
v 0.00392996 0.44408560 0.01379504
v 0.00392996 0.45194551 -0.05365336
v 0.00392996 0.45194551 0.01381927
v 0.00392996 0.45980546 -0.05368076
v 0.00392996 0.45980546 0.01383306
v 0.00392996 0.46766537 -0.05369066
v 0.00392996 0.46766537 0.01386208
v 0.00392996 0.47552529 -0.05366961
v 0.00392996 0.47552529 0.01387492
v 0.00392996 0.48338521 -0.05364203
v 0.00392996 0.48338521 0.01385657
v 0.00392996 0.49124515 -0.05358979
v 0.00392996 0.49124515 0.01382934
v 0.00392996 0.49910507 -0.05353019
v 0.00392996 0.49910507 0.01380619
v 0.00392996 0.50696498 -0.05347682
v 0.00392996 0.50696498 0.01384337
v 0.00392996 0.51482493 -0.05346866
v 0.00392996 0.51482493 0.01388571
v -0.00317630 0.52268481 -0.09038910
v -0.00390681 0.52268481 -0.08252918
v -0.00375054 0.52268481 -0.07466926
v -0.00378256 0.52268481 -0.06680934
v -0.00332562 0.52268481 -0.05894941
v 0.00392996 0.52268481 -0.05445559
v -0.00209235 0.52268481 0.01964981
v 0.00392996 0.52268481 0.01529888
v -0.00273711 0.52268481 0.02750973
v -0.00277441 0.52268481 0.03536965
v -0.00284313 0.52268481 0.04322957
v -0.00090693 0.52268481 0.05108950
v 0.00392996 0.52817392 -0.09038910
v 0.00392996 0.52886856 -0.08252918
v 0.00392996 0.52865410 -0.07466926
v 0.00392996 0.52867907 -0.06680934
v 0.00392996 0.52808398 -0.05894941
v 0.00392996 0.52722031 0.01964981
v 0.00392996 0.52780527 0.02750973
v 0.00392996 0.52782851 0.03536965
v 0.00392996 0.52792948 0.04322957
v 0.00392996 0.52632886 0.05108950
v 0.01104774 0.42050582 -0.09038910
v 0.01178988 0.42050582 -0.08670471
v 0.01178988 0.42000678 -0.08252918
v 0.01178988 0.41992655 -0.07466926
v 0.01178988 0.42015970 -0.06680934
v 0.01105397 0.42050582 -0.05894941
v 0.01178988 0.42050582 -0.06350417
v 0.01167199 0.42050582 0.01964981
v 0.01178988 0.42050582 0.02029337
v 0.01178988 0.41958788 0.02750973
v 0.01178988 0.41938639 0.03536965
v 0.01178988 0.41966498 0.04322957
v 0.01018026 0.42050582 0.05108950
v 0.01178988 0.42050582 0.04702029
v 0.01178988 0.42836577 -0.09463527
v 0.01178988 0.42111138 -0.09038910
v 0.01178988 0.42109567 -0.05894941
v 0.01178988 0.42836577 -0.05399187
v 0.01178988 0.42836577 0.01416396
v 0.01178988 0.42060238 0.01964981
v 0.01178988 0.42187104 0.05108950
v 0.01178988 0.43622568 -0.05349079
v 0.01178988 0.43622568 0.01368146
v 0.01178988 0.44408560 -0.05352383
v 0.01178988 0.44408560 0.01368698
v 0.01178988 0.45194551 -0.05358194
v 0.01178988 0.45194551 0.01372680
v 0.01178988 0.45980546 -0.05364604
v 0.01178988 0.45980546 0.01376602
v 0.01178988 0.46766537 -0.05367069
v 0.01178988 0.46766537 0.01380967
v 0.01178988 0.47552529 -0.05367207
v 0.01178988 0.47552529 0.01383018
v 0.01178988 0.48338521 -0.05365318
v 0.01178988 0.48338521 0.01382442
v 0.01178988 0.49124515 -0.05362722
v 0.01178988 0.49124515 0.01380775
v 0.01178988 0.49910507 -0.05359111
v 0.01178988 0.49910507 0.01380607
v 0.01178988 0.50696498 -0.05353726
v 0.01178988 0.50696498 0.01379252
v 0.01178988 0.51482493 -0.05350410
v 0.01178988 0.51482493 0.01382814
v 0.01178988 0.52268481 -0.05353918
v 0.01178988 0.52268481 0.01392985
v 0.00682766 0.53054476 -0.09038910
v 0.00607220 0.53054476 -0.08252918
v 0.00632658 0.53054476 -0.07466926
v 0.00635069 0.53054476 -0.06680934
v 0.00706861 0.53054476 -0.05894941
v 0.01178988 0.53054476 -0.05547940
v 0.00818638 0.53054476 0.01964981
v 0.01178988 0.53054476 0.01653947
v 0.00741713 0.53054476 0.02750973
v 0.00734037 0.53054476 0.03536965
v 0.00721972 0.53054476 0.04322957
v 0.00912857 0.53054476 0.05108950
v 0.01178988 0.53434902 -0.09038910
v 0.01178988 0.53501463 -0.08252918
v 0.01178988 0.53479159 -0.07466926
v 0.01178988 0.53471339 -0.06680934
v 0.01178988 0.53408718 -0.05894941
v 0.01178988 0.53332454 0.01964981
v 0.01178988 0.53397256 0.02750973
v 0.01178988 0.53408206 0.03536965
v 0.01178988 0.53419012 0.04322957
v 0.01178988 0.53259933 0.05108950
v 0.01245395 0.42050582 -0.08252918
v 0.01255865 0.42050582 -0.07466926
v 0.01225630 0.42050582 -0.06680934
v 0.01294712 0.42050582 0.02750973
v 0.01320545 0.42050582 0.03536965
v 0.01286412 0.42050582 0.04322957
v 0.01964981 0.42836577 -0.09168096
v 0.01964981 0.42711043 -0.09038910
v 0.01964981 0.42590114 -0.08252918
v 0.01964981 0.42585951 -0.07466926
v 0.01964981 0.42602718 -0.06680934
v 0.01964981 0.42702851 -0.05894941
v 0.01964981 0.42836577 -0.05737056
v 0.01964981 0.42836577 0.01767907
v 0.01964981 0.42678002 0.01964981
v 0.01964981 0.42574102 0.02750973
v 0.01964981 0.42554963 0.03536965
v 0.01964981 0.42576322 0.04322957
v 0.01964981 0.42775062 0.05108950
v 0.01964981 0.43622568 -0.05368322
v 0.01964981 0.43622568 0.01380212
v 0.01964981 0.44408560 -0.05348114
v 0.01964981 0.44408560 0.01360039
v 0.01964981 0.45194551 -0.05352329
v 0.01964981 0.45194551 0.01362558
v 0.01964981 0.45980546 -0.05358925
v 0.01964981 0.45980546 0.01367739
v 0.01964981 0.46766537 -0.05363591
v 0.01964981 0.46766537 0.01375342
v 0.01964981 0.47552529 -0.05367453
v 0.01964981 0.47552529 0.01378629
v 0.01964981 0.48338521 -0.05366194
v 0.01964981 0.48338521 0.01382359
v 0.01964981 0.49124515 -0.05366194
v 0.01964981 0.49124515 0.01382287
v 0.01964981 0.49910507 -0.05364221
v 0.01964981 0.49910507 0.01381795
v 0.01964981 0.50696498 -0.05359867
v 0.01964981 0.50696498 0.01382430
v 0.01964981 0.51482493 -0.05356047
v 0.01964981 0.51482493 0.01380679
v 0.01964981 0.52268481 -0.05356077
v 0.01964981 0.52268481 0.01385441
v 0.01964981 0.53054476 -0.05368730
v 0.01964981 0.53054476 0.01408384
v 0.01689003 0.53840464 -0.09038910
v 0.01604198 0.53840464 -0.08252918
v 0.01631699 0.53840464 -0.07466926
v 0.01642025 0.53840464 -0.06680934
v 0.01724107 0.53840464 -0.05894941
v 0.01964981 0.53840464 -0.05684466
v 0.01819754 0.53840464 0.01964981
v 0.01964981 0.53840464 0.01819646
v 0.01741857 0.53840464 0.02750973
v 0.01724287 0.53840464 0.03536965
v 0.01713193 0.53840464 0.04322957
v 0.01891450 0.53840464 0.05108950
v 0.01964981 0.54054236 -0.09038910
v 0.01964981 0.54126889 -0.08252918
v 0.01964981 0.54108924 -0.07466926
v 0.01964981 0.54101658 -0.06680934
v 0.01964981 0.54032218 -0.05894941
v 0.01964981 0.53955197 0.01964981
v 0.01964981 0.54020441 0.02750973
v 0.01964981 0.54034972 0.03536965
v 0.01964981 0.54044557 0.04322957
v 0.01964981 0.53898478 0.05108950
v 0.02130692 0.42836577 -0.09038910
v 0.02286185 0.42836577 -0.08252918
v 0.02291306 0.42836577 -0.07466926
v 0.02271457 0.42836577 -0.06680934
v 0.02145108 0.42836577 -0.05894941
v 0.02169574 0.42836577 0.01964981
v 0.02300181 0.42836577 0.02750973
v 0.02320941 0.42836577 0.03536965
v 0.02294916 0.42836577 0.04322957
v 0.02045875 0.42836577 0.05108950
v 0.02750973 0.43622568 -0.09292167
v 0.02750973 0.43333891 -0.09038910
v 0.02750973 0.43199614 -0.08252918
v 0.02750973 0.43197536 -0.07466926
v 0.02750973 0.43205503 -0.06680934
v 0.02750973 0.43297249 -0.05894941
v 0.02750973 0.43622568 -0.05568274
v 0.02750973 0.43622568 0.01599065
v 0.02750973 0.43287811 0.01964981
v 0.02750973 0.43194550 0.02750973
v 0.02750973 0.43179056 0.03536965
v 0.02750973 0.43195030 0.04322957
v 0.02750973 0.43404493 0.05108950
v 0.02750973 0.44408560 -0.05355184
v 0.02750973 0.44408560 0.01360747
v 0.02750973 0.45194551 -0.05348084
v 0.02750973 0.45194551 0.01355494
v 0.02750973 0.45980546 -0.05355477
v 0.02750973 0.45980546 0.01362642
v 0.02750973 0.46766537 -0.05360743
v 0.02750973 0.46766537 0.01368746
v 0.02750973 0.47552529 -0.05364808
v 0.02750973 0.47552529 0.01376986
v 0.02750973 0.48338521 -0.05368568
v 0.02750973 0.48338521 0.01382023
v 0.02750973 0.49124515 -0.05369816
v 0.02750973 0.49124515 0.01385033
v 0.02750973 0.49910507 -0.05368694
v 0.02750973 0.49910507 0.01384337
v 0.02750973 0.50696498 -0.05367465
v 0.02750973 0.50696498 0.01383210
v 0.02750973 0.51482493 -0.05362565
v 0.02750973 0.51482493 0.01383210
v 0.02750973 0.52268481 -0.05360251
v 0.02750973 0.52268481 0.01384313
v 0.02750973 0.53054476 -0.05359843
v 0.02750973 0.53054476 0.01387947
v 0.02750973 0.53840464 -0.05390102
v 0.02750973 0.53840464 0.01434997
v 0.02683079 0.54626459 -0.09038910
v 0.02608049 0.54626459 -0.08252918
v 0.02615712 0.54626459 -0.07466926
v 0.02614381 0.54626459 -0.06680934
v 0.02681292 0.54626459 -0.05894941
v 0.02750973 0.54626459 -0.05825950
v 0.02750973 0.54580945 0.01964981
v 0.02733978 0.54626459 0.02750973
v 0.02750973 0.54626459 0.02553407
v 0.02723088 0.54626459 0.03536965
v 0.02708876 0.54626459 0.04322957
v 0.02750973 0.54626459 0.04539340
v 0.02750973 0.54500192 0.05108950
v 0.02750973 0.54677469 -0.09038910
v 0.02750973 0.54739869 -0.08252918
v 0.02750973 0.54735994 -0.07466926
v 0.02750973 0.54739171 -0.06680934
v 0.02750973 0.54683042 -0.05894941
v 0.02750973 0.54639763 0.02750973
v 0.02750973 0.54648346 0.03536965
v 0.02750973 0.54659069 0.04322957
v 0.03129793 0.43622568 -0.09038910
v 0.03298119 0.43622568 -0.08252918
v 0.03313458 0.43622568 -0.07466926
v 0.03308229 0.43622568 -0.06680934
v 0.03199042 0.43622568 -0.05894941
v 0.03195048 0.43622568 0.01964981
v 0.03301153 0.43622568 0.02750973
v 0.03320342 0.43622568 0.03536965
v 0.03301680 0.43622568 0.04322957
v 0.03037660 0.43622568 0.05108950
v 0.03536965 0.44408560 -0.09387556
v 0.03536965 0.43948796 -0.09038910
v 0.03536965 0.43809688 -0.08252918
v 0.03536965 0.43794143 -0.07466926
v 0.03536965 0.43791866 -0.06680934
v 0.03536965 0.43876851 -0.05894941
v 0.03536965 0.44408560 -0.05453313
v 0.03536965 0.44408560 0.01481651
v 0.03536965 0.43885401 0.01964981
v 0.03536965 0.43804589 0.02750973
v 0.03536965 0.43792152 0.03536965
v 0.03536965 0.43805778 0.04322957
v 0.03536965 0.44025373 0.05108950
v 0.03536965 0.45194551 -0.05350129
v 0.03536965 0.45194551 0.01359044
v 0.03536965 0.45980546 -0.05349049
v 0.03536965 0.45980546 0.01358660
v 0.03536965 0.46766537 -0.05359339
v 0.03536965 0.46766537 0.01366204
v 0.03536965 0.47552529 -0.05364856
v 0.03536965 0.47552529 0.01373807
v 0.03536965 0.48338521 -0.05370073
v 0.03536965 0.48338521 0.01382371
v 0.03536965 0.49124515 -0.05372820
v 0.03536965 0.49124515 0.01386184
v 0.03536965 0.49910507 -0.05373191
v 0.03536965 0.49910507 0.01388247
v 0.03536965 0.50696498 -0.05372316
v 0.03536965 0.50696498 0.01388571
v 0.03536965 0.51482493 -0.05368964
v 0.03536965 0.51482493 0.01386124
v 0.03536965 0.52268481 -0.05365306
v 0.03536965 0.52268481 0.01385753
v 0.03536965 0.53054476 -0.05365852
v 0.03536965 0.53054476 0.01384098
v 0.03536965 0.53840464 -0.05366362
v 0.03536965 0.53840464 0.01391965
v 0.03536965 0.54626459 -0.05424445
v 0.02806154 0.54626459 0.01964981
v 0.03536965 0.54626459 0.01488175
v 0.02896607 0.54626459 0.05108950
v 0.03536965 0.55263495 -0.09038910
v 0.03536965 0.55342233 -0.08252918
v 0.03536965 0.55348861 -0.07466926
v 0.03536965 0.55358708 -0.06680934
v 0.03536965 0.55310917 -0.05894941
v 0.03536965 0.55174625 0.01964981
v 0.03536965 0.55250579 0.02750973
v 0.03536965 0.55254871 0.03536965
v 0.03536965 0.55264091 0.04322957
v 0.03536965 0.55098790 0.05108950
v 0.04134483 0.44408560 -0.09038910
v 0.04300829 0.44408560 -0.08252918
v 0.04322957 0.44408560 -0.07742616
v 0.04322957 0.44399458 -0.07466926
v 0.04322957 0.44388089 -0.06680934
v 0.04267656 0.44408560 -0.05894941
v 0.04322957 0.44408560 -0.06398540
v 0.04225679 0.44408560 0.01964981
v 0.04318304 0.44408560 0.02750973
v 0.04322957 0.44408560 0.02952448
v 0.04322957 0.44398174 0.03536965
v 0.04312739 0.44408560 0.04322957
v 0.04322957 0.44408560 0.03981640
v 0.04053972 0.44408560 0.05108950
v 0.04322957 0.45194551 -0.09457188
v 0.04322957 0.44562313 -0.09038910
v 0.04322957 0.44425410 -0.08252918
v 0.04322957 0.44453546 -0.05894941
v 0.04322957 0.45194551 -0.05393400
v 0.04322957 0.45194551 0.01419154
v 0.04322957 0.44487417 0.01964981
v 0.04322957 0.44411978 0.02750973
v 0.04322957 0.44416153 0.04322957
v 0.04322957 0.44634286 0.05108950
v 0.04322957 0.45980546 -0.09525310
v 0.04322957 0.45980546 -0.05349091
v 0.04322957 0.45980546 0.01362006
v 0.04322957 0.46766537 -0.05354284
v 0.04322957 0.46766537 0.01363853
v 0.04322957 0.47552529 -0.05363735
v 0.04322957 0.47552529 0.01372116
v 0.04322957 0.48338521 -0.05369324
v 0.04322957 0.48338521 0.01380584
v 0.04322957 0.49124515 -0.05374703
v 0.04322957 0.49124515 0.01386640
v 0.04322957 0.49910507 -0.05377449
v 0.04322957 0.49910507 0.01389003
v 0.04322957 0.50696498 -0.05375195
v 0.04322957 0.50696498 0.01390910
v 0.04322957 0.51482493 -0.05374187
v 0.04322957 0.51482493 0.01389327
v 0.04322957 0.52268481 -0.05371812
v 0.04322957 0.52268481 0.01388079
v 0.04322957 0.53054476 -0.05371069
v 0.04322957 0.53054476 0.01386017
v 0.04322957 0.53840464 -0.05369366
v 0.04322957 0.53840464 0.01387600
v 0.04322957 0.54626459 -0.05372754
v 0.04322957 0.54626459 0.01398046
v 0.03724192 0.55412453 -0.09038910
v 0.03633607 0.55412453 -0.08252918
v 0.03623796 0.55412453 -0.07466926
v 0.03610232 0.55412453 -0.06680934
v 0.03661359 0.55412453 -0.05894941
v 0.04322957 0.55412453 -0.05486060
v 0.03847651 0.55412453 0.01964981
v 0.04322957 0.55412453 0.01600912
v 0.03750014 0.55412453 0.02750973
v 0.03743393 0.55412453 0.03536965
v 0.03735898 0.55412453 0.04322957
v 0.03923761 0.55412453 0.05108950
v 0.04322957 0.55838668 -0.09038910
v 0.04322957 0.55930799 -0.08252918
v 0.04322957 0.55931652 -0.07466926
v 0.04322957 0.55950338 -0.06680934
v 0.04322957 0.55897003 -0.05894941
v 0.04322957 0.55761969 0.01964981
v 0.04322957 0.55841643 0.02750973
v 0.04322957 0.55845898 0.03536965
v 0.04322957 0.55855173 0.04322957
v 0.04322957 0.55713099 0.05108950
v 0.04334687 0.44408560 -0.07466926
v 0.04349738 0.44408560 -0.06680934
v 0.04336761 0.44408560 0.03536965
v 0.05108950 0.45194551 -0.09078320
v 0.05108950 0.45159665 -0.09038910
v 0.05108950 0.45038208 -0.08252918
v 0.05108950 0.45006031 -0.07466926
v 0.05108950 0.44985977 -0.06680934
v 0.05108950 0.45053187 -0.05894941
v 0.05108950 0.45194551 -0.05726616
v 0.05108950 0.45194551 0.01827597
v 0.05108950 0.45089790 0.01964981
v 0.05108950 0.45002002 0.02750973
v 0.05108950 0.44982249 0.03536965
v 0.05108950 0.44996724 0.04322957
v 0.05108950 0.45188963 0.05108950
v 0.05108950 0.45980546 -0.09505863
v 0.05108950 0.45980546 -0.05368694
v 0.05108950 0.45980546 0.01387815
v 0.05108950 0.46766537 -0.05354962
v 0.05108950 0.46766537 0.01363985
v 0.05108950 0.47552529 -0.05361924
v 0.05108950 0.47552529 0.01368998
v 0.05108950 0.48338521 -0.05369702
v 0.05108950 0.48338521 0.01378869
v 0.05108950 0.49124515 -0.05373449
v 0.05108950 0.49124515 0.01386208
v 0.05108950 0.49910507 -0.05377587
v 0.05108950 0.49910507 0.01391330
v 0.05108950 0.50696498 -0.05377833
v 0.05108950 0.50696498 0.01392457
v 0.05108950 0.51482493 -0.05378439
v 0.05108950 0.51482493 0.01392181
v 0.05108950 0.52268481 -0.05377545
v 0.05108950 0.52268481 0.01388571
v 0.05108950 0.53054476 -0.05373797
v 0.05108950 0.53054476 0.01386352
v 0.05108950 0.53840464 -0.05373408
v 0.05108950 0.53840464 0.01385561
v 0.05108950 0.54626459 -0.05373995
v 0.05108950 0.54626459 0.01390682
v 0.05108950 0.55412453 -0.05381371
v 0.05108950 0.55412453 0.01412761
v 0.04794713 0.56198442 -0.09038910
v 0.04673077 0.56198442 -0.08252918
v 0.04671350 0.56198442 -0.07466926
v 0.04651825 0.56198442 -0.06680934
v 0.04721890 0.56198442 -0.05894941
v 0.05108950 0.56198442 -0.05612674
v 0.04895397 0.56198442 0.01964981
v 0.05108950 0.56198442 0.01772824
v 0.04792422 0.56198442 0.02750973
v 0.04784759 0.56198442 0.03536965
v 0.04770979 0.56198442 0.04322957
v 0.04928870 0.56198442 0.05108950
v 0.05108950 0.56430799 -0.09038910
v 0.05108950 0.56529456 -0.08252918
v 0.05108950 0.56528920 -0.07466926
v 0.05108950 0.56539559 -0.06680934
v 0.05108950 0.56479472 -0.05894941
v 0.05108950 0.56360292 0.01964981
v 0.05108950 0.56444496 0.02750973
v 0.05108950 0.56451261 0.03536965
v 0.05108950 0.56460929 0.04322957
v 0.05108950 0.56336570 0.05108950
v 0.05154248 0.45194551 -0.09038910
v 0.05307594 0.45194551 -0.08252918
v 0.05351538 0.45194551 -0.07466926
v 0.05381785 0.45194551 -0.06680934
v 0.05297268 0.45194551 -0.05894941
v 0.05246333 0.45194551 0.01964981
v 0.05363063 0.45194551 0.02750973
v 0.05393346 0.45194551 0.03536965
v 0.05375500 0.45194551 0.04322957
v 0.05116709 0.45194551 0.05108950
v 0.05894941 0.45980546 -0.09248565
v 0.05894941 0.45774871 -0.09038910
v 0.05894941 0.45643726 -0.08252918
v 0.05894941 0.45611751 -0.07466926
v 0.05894941 0.45584658 -0.06680934
v 0.05894941 0.45654938 -0.05894941
v 0.05894941 0.45980546 -0.05568934
v 0.05894941 0.45980546 0.01633174
v 0.05894941 0.45684993 0.01964981
v 0.05894941 0.45586506 0.02750973
v 0.05894941 0.45561042 0.03536965
v 0.05894941 0.45570099 0.04322957
v 0.05894941 0.45784611 0.05108950
v 0.05894941 0.46766537 -0.05366409
v 0.05894941 0.46766537 0.01376734
v 0.05894941 0.47552529 -0.05363105
v 0.05894941 0.47552529 0.01370521
v 0.05894941 0.48338521 -0.05368712
v 0.05894941 0.48338521 0.01377921
v 0.05894941 0.49124515 -0.05373317
v 0.05894941 0.49124515 0.01386196
v 0.05894941 0.49910507 -0.05376825
v 0.05894941 0.49910507 0.01391953
v 0.05894941 0.50696498 -0.05377851
v 0.05894941 0.50696498 0.01392805
v 0.05894941 0.51482493 -0.05377725
v 0.05894941 0.51482493 0.01392037
v 0.05894941 0.52268481 -0.05380076
v 0.05894941 0.52268481 0.01389039
v 0.05894941 0.53054476 -0.05378181
v 0.05894941 0.53054476 0.01385045
v 0.05894941 0.53840464 -0.05377162
v 0.05894941 0.53840464 0.01384038
v 0.05894941 0.54626459 -0.05376256
v 0.05894941 0.54626459 0.01386508
v 0.05894941 0.55412453 -0.05380448
v 0.05894941 0.55412453 0.01394952
v 0.05894941 0.56198442 -0.05404038
v 0.05894941 0.56198442 0.01441114
v 0.05818065 0.56984437 -0.09038910
v 0.05708170 0.56984437 -0.08252918
v 0.05709153 0.56984437 -0.07466926
v 0.05696213 0.56984437 -0.06680934
v 0.05779362 0.56984437 -0.05894941
v 0.05894941 0.56984437 -0.05795133
v 0.05893011 0.56984437 0.01964981
v 0.05894941 0.56984437 0.01963014
v 0.05805748 0.56984437 0.02750973
v 0.05795097 0.56984437 0.03536965
v 0.05780070 0.56984437 0.04322957
v 0.05894941 0.56984437 0.05045613
v 0.05894941 0.56972253 0.05108950
v 0.05894941 0.57043421 -0.09038910
v 0.05894941 0.57132387 -0.08252918
v 0.05894941 0.57129568 -0.07466926
v 0.05894941 0.57136655 -0.06680934
v 0.05894941 0.57068294 -0.05894941
v 0.05894941 0.56985933 0.01964981
v 0.05894941 0.57055461 0.02750973
v 0.05894941 0.57065332 0.03536965
v 0.05894941 0.57077324 0.04322957
v 0.06177935 0.45980546 -0.09038910
v 0.06347089 0.45980546 -0.08252918
v 0.06388945 0.45980546 -0.07466926
v 0.06429543 0.45980546 -0.06680934
v 0.06340589 0.45980546 -0.05894941
v 0.06298024 0.45980546 0.01964981
v 0.06433980 0.45980546 0.02750973
v 0.06470487 0.45980546 0.03536965
v 0.06462308 0.45980546 0.04322957
v 0.06176100 0.45980546 0.05108950
v 0.06680934 0.46766537 -0.09406211
v 0.06680934 0.46349782 -0.09038910
v 0.06680934 0.46231815 -0.08252918
v 0.06680934 0.46203393 -0.07466926
v 0.06680934 0.46171251 -0.06680934
v 0.06680934 0.46246195 -0.05894941
v 0.06680934 0.46766537 -0.05471189
v 0.06680934 0.46766537 0.01496463
v 0.06680934 0.46265277 0.01964981
v 0.06680934 0.46160108 0.02750973
v 0.06680934 0.46135509 0.03536965
v 0.06680934 0.46139959 0.04322957
v 0.06680934 0.46363011 0.05108950
v 0.06680934 0.47552529 -0.05369839
v 0.06680934 0.47552529 0.01374071
v 0.06680934 0.48338521 -0.05367741
v 0.06680934 0.48338521 0.01376758
v 0.06680934 0.49124515 -0.05370949
v 0.06680934 0.49124515 0.01384901
v 0.06680934 0.49910507 -0.05374085
v 0.06680934 0.49910507 0.01391845
v 0.06680934 0.50696498 -0.05376364
v 0.06680934 0.50696498 0.01395143
v 0.06680934 0.51482493 -0.05378367
v 0.06680934 0.51482493 0.01392661
v 0.06680934 0.52268481 -0.05379716
v 0.06680934 0.52268481 0.01388295
v 0.06680934 0.53054476 -0.05379596
v 0.06680934 0.53054476 0.01384745
v 0.06680934 0.53840464 -0.05379560
v 0.06680934 0.53840464 0.01379804
v 0.06680934 0.54626459 -0.05380628
v 0.06680934 0.54626459 0.01382550
v 0.06680934 0.55412453 -0.05382858
v 0.06680934 0.55412453 0.01390490
v 0.06680934 0.56198442 -0.05386636
v 0.06680934 0.56198442 0.01401536
v 0.06680934 0.56984437 -0.05449367
v 0.06680934 0.56984437 0.01489183
v 0.05908566 0.56984437 0.05108950
v 0.06680934 0.57645911 -0.09038910
v 0.06680934 0.57725537 -0.08252918
v 0.06680934 0.57711518 -0.07466926
v 0.06680934 0.57709610 -0.06680934
v 0.06680934 0.57622033 -0.05894941
v 0.06680934 0.57604504 0.01964981
v 0.06680934 0.57689196 0.02750973
v 0.06680934 0.57702488 0.03536965
v 0.06680934 0.57717633 0.04322957
v 0.06680934 0.57583594 0.05108950
v 0.07270344 0.46766537 -0.09038910
v 0.07393959 0.46766537 -0.08252918
v 0.07432350 0.46766537 -0.07466926
v 0.07466207 0.46766537 -0.06680934
v 0.07382997 0.46766537 -0.05894941
v 0.07395686 0.46766537 0.01964981
v 0.07466926 0.46766537 0.02433738
v 0.07466926 0.46733627 0.02750973
v 0.07466926 0.46710277 0.03536965
v 0.07466926 0.46725917 0.04322957
v 0.07267154 0.46766537 0.05108950
v 0.07466926 0.46766537 0.04532228
v 0.07466926 0.47552529 -0.09502529
v 0.07466926 0.46917617 -0.09038910
v 0.07466926 0.46820039 -0.08252918
v 0.07466926 0.46791902 -0.07466926
v 0.07466926 0.46767065 -0.06680934
v 0.07466926 0.46836135 -0.05894941
v 0.07466926 0.47552529 -0.05419114
v 0.07466926 0.47552529 0.01421109
v 0.07466926 0.46821696 0.01964981
v 0.07466926 0.46923673 0.05108950
v 0.07466926 0.48338521 -0.09551612
v 0.07466926 0.48338521 -0.05370823
v 0.07466926 0.48338521 0.01378029
v 0.07466926 0.49124515 -0.05370697
v 0.07466926 0.49124515 0.01384229
v 0.07466926 0.49910507 -0.05371950
v 0.07466926 0.49910507 0.01390742
v 0.07466926 0.50696498 -0.05374835
v 0.07466926 0.50696498 0.01395815
v 0.07466926 0.51482493 -0.05375116
v 0.07466926 0.51482493 0.01394280
v 0.07466926 0.52268481 -0.05378241
v 0.07466926 0.52268481 0.01388487
v 0.07466926 0.53054476 -0.05378750
v 0.07466926 0.53054476 0.01381819
v 0.07466926 0.53840464 -0.05379638
v 0.07466926 0.53840464 0.01379372
v 0.07466926 0.54626459 -0.05382918
v 0.07466926 0.54626459 0.01381087
v 0.07466926 0.55412453 -0.05384076
v 0.07466926 0.55412453 0.01386424
v 0.07466926 0.56198442 -0.05387823
v 0.07466926 0.56198442 0.01396115
v 0.07466926 0.56984437 -0.05393352
v 0.07466926 0.56984437 0.01411778
v 0.06830347 0.57770425 -0.09038910
v 0.06739245 0.57770425 -0.08252918
v 0.06759718 0.57770425 -0.07466926
v 0.06764491 0.57770425 -0.06680934
v 0.06870872 0.57770425 -0.05894941
v 0.07466926 0.57770425 -0.05531725
v 0.06878260 0.57770425 0.01964981
v 0.07466926 0.57770425 0.01555014
v 0.06781989 0.57770425 0.02750973
v 0.06765031 0.57770425 0.03536965
v 0.06745650 0.57770425 0.04322957
v 0.06895398 0.57770425 0.05108950
v 0.07466926 0.58274400 -0.09038910
v 0.07466926 0.58354837 -0.08252918
v 0.07466926 0.58315474 -0.07466926
v 0.07466926 0.58312559 -0.06680934
v 0.07466926 0.58211458 -0.05894941
v 0.07466926 0.58253241 0.01964981
v 0.07466926 0.58340532 0.02750973
v 0.07466926 0.58347642 0.03536965
v 0.07466926 0.58373690 0.04322957
v 0.07466926 0.58220971 0.05108950
v 0.07511109 0.46766537 0.02750973
v 0.07540756 0.46766537 0.03536965
v 0.07520860 0.46766537 0.04322957
v 0.08252918 0.47552529 -0.09113371
v 0.08252918 0.47494432 -0.09038910
v 0.08252918 0.47416526 -0.08252918
v 0.08252918 0.47400010 -0.07466926
v 0.08252918 0.47381157 -0.06680934
v 0.08252918 0.47456390 -0.05894941
v 0.08252918 0.47552529 -0.05784094
v 0.08252918 0.47552529 0.01765988
v 0.08252918 0.47395238 0.01964981
v 0.08252918 0.47310314 0.02750973
v 0.08252918 0.47299662 0.03536965
v 0.08252918 0.47315711 0.04322957
v 0.08252918 0.47493353 0.05108950
v 0.08252918 0.48338521 -0.09544475
v 0.08252918 0.48338521 -0.05399625
v 0.08252918 0.48338521 0.01395455
v 0.08252918 0.49124515 -0.05373516
v 0.08252918 0.49124515 0.01386520
v 0.08252918 0.49910507 -0.05371818
v 0.08252918 0.49910507 0.01393956
v 0.08252918 0.50696498 -0.05371195
v 0.08252918 0.50696498 0.01397974
v 0.08252918 0.51482493 -0.05373839
v 0.08252918 0.51482493 0.01395659
v 0.08252918 0.52268481 -0.05376232
v 0.08252918 0.52268481 0.01388727
v 0.08252918 0.53054476 -0.05377737
v 0.08252918 0.53054476 0.01382586
v 0.08252918 0.53840464 -0.05378001
v 0.08252918 0.53840464 0.01376002
v 0.08252918 0.54626459 -0.05381755
v 0.08252918 0.54626459 0.01377825
v 0.08252918 0.55412453 -0.05385545
v 0.08252918 0.55412453 0.01384901
v 0.08252918 0.56198442 -0.05390420
v 0.08252918 0.56198442 0.01391353
v 0.08252918 0.56984437 -0.05390366
v 0.08252918 0.56984437 0.01403838
v 0.08252918 0.57770425 -0.05402467
v 0.08252918 0.57770425 0.01424671
v 0.07810246 0.58556420 -0.09038910
v 0.07713028 0.58556420 -0.08252918
v 0.07759922 0.58556420 -0.07466926
v 0.07760618 0.58556420 -0.06680934
v 0.07882997 0.58556420 -0.05894941
v 0.08252918 0.58556420 -0.05614610
v 0.07836355 0.58556420 0.01964981
v 0.08252918 0.58556420 0.01648130
v 0.07727336 0.58556420 0.02750973
v 0.07715655 0.58556420 0.03536965
v 0.07682350 0.58556420 0.04322957
v 0.07857164 0.58556420 0.05108950
v 0.08252918 0.58894861 -0.09038910
v 0.08252918 0.58983201 -0.08252918
v 0.08252918 0.58954287 -0.07466926
v 0.08252918 0.58962071 -0.06680934
v 0.08252918 0.58861059 -0.05894941
v 0.08252918 0.58884209 0.01964981
v 0.08252918 0.58978873 0.02750973
v 0.08252918 0.58990335 0.03536965
v 0.08252918 0.59021109 0.04322957
v 0.08252918 0.58871317 0.05108950
v 0.08331043 0.47552529 -0.09038910
v 0.08428908 0.47552529 -0.08252918
v 0.08447401 0.47552529 -0.07466926
v 0.08468366 0.47552529 -0.06680934
v 0.08374950 0.47552529 -0.05894941
v 0.08466531 0.47552529 0.01964981
v 0.08573511 0.47552529 0.02750973
v 0.08580791 0.47552529 0.03536965
v 0.08557188 0.47552529 0.04322957
v 0.08331702 0.47552529 0.05108950
v 0.09038910 0.48338521 -0.09303626
v 0.09038910 0.48094255 -0.09038910
v 0.09038910 0.48011908 -0.08252918
v 0.09038910 0.48003754 -0.07466926
v 0.09038910 0.47996616 -0.06680934
v 0.09038910 0.48084024 -0.05894941
v 0.09038910 0.48338521 -0.05637829
v 0.09038910 0.48338521 0.01584433
v 0.09038910 0.47978914 0.01964981
v 0.09038910 0.47906342 0.02750973
v 0.09038910 0.47908911 0.03536965
v 0.09038910 0.47923315 0.04322957
v 0.09038910 0.48097590 0.05108950
v 0.09038910 0.49124515 -0.05389532
v 0.09038910 0.49124515 0.01395755
v 0.09038910 0.49910507 -0.05372172
v 0.09038910 0.49910507 0.01397206
v 0.09038910 0.50696498 -0.05368706
v 0.09038910 0.50696498 0.01399653
v 0.09038910 0.51482493 -0.05371447
v 0.09038910 0.51482493 0.01399041
v 0.09038910 0.52268481 -0.05375722
v 0.09038910 0.52268481 0.01393284
v 0.09038910 0.53054476 -0.05377251
v 0.09038910 0.53054476 0.01385045
v 0.09038910 0.53840464 -0.05377773
v 0.09038910 0.53840464 0.01380536
v 0.09038910 0.54626459 -0.05381905
v 0.09038910 0.54626459 0.01380667
v 0.09038910 0.55412453 -0.05386816
v 0.09038910 0.55412453 0.01385657
v 0.09038910 0.56198442 -0.05395307
v 0.09038910 0.56198442 0.01392481
v 0.09038910 0.56984437 -0.05396410
v 0.09038910 0.56984437 0.01401920
v 0.09038910 0.57770425 -0.05389688
v 0.09038910 0.57770425 0.01416683
v 0.09038910 0.58556420 -0.05411972
v 0.09038910 0.58556420 0.01450145
v 0.08842292 0.59342414 -0.09038910
v 0.08724878 0.59342414 -0.08252918
v 0.08745939 0.59342414 -0.07466926
v 0.08716927 0.59342414 -0.06680934
v 0.08840614 0.59342414 -0.05894941
v 0.09038910 0.59342414 -0.05724781
v 0.08846934 0.59342414 0.01964981
v 0.09038910 0.59342414 0.01804762
v 0.08715379 0.59342414 0.02750973
v 0.08694871 0.59342414 0.03536965
v 0.08653134 0.59342414 0.04322957
v 0.08821172 0.59342414 0.05108950
v 0.09038910 0.59485394 -0.09038910
v 0.09038910 0.59581703 -0.08252918
v 0.09038910 0.59573054 -0.07466926
v 0.09038910 0.59597725 -0.06680934
v 0.09038910 0.59495264 -0.05894941
v 0.09038910 0.59488791 0.01964981
v 0.09038910 0.59600365 0.02750973
v 0.09038910 0.59616905 0.03536965
v 0.09038910 0.59649354 0.04322957
v 0.09038910 0.59512550 0.05108950
v 0.09369794 0.48338521 -0.09038910
v 0.09474483 0.48338521 -0.08252918
v 0.09488095 0.48338521 -0.07466926
v 0.09498194 0.48338521 -0.06680934
v 0.09384989 0.48338521 -0.05894941
v 0.09524207 0.48338521 0.01964981
v 0.09610511 0.48338521 0.02750973
v 0.09605605 0.48338521 0.03536965
v 0.09579052 0.48338521 0.04322957
v 0.09362058 0.48338521 0.05108950
v 0.09824903 0.49124515 -0.09427607
v 0.09824903 0.48683941 -0.09038910
v 0.09824903 0.48597193 -0.08252918
v 0.09824903 0.48590729 -0.07466926
v 0.09824903 0.48579744 -0.06680934
v 0.09824903 0.48666394 -0.05894941
v 0.09824903 0.49124515 -0.05504428
v 0.09824903 0.49124515 0.01499737
v 0.09824903 0.48576877 0.01964981
v 0.09824903 0.48502612 0.02750973
v 0.09824903 0.48508132 0.03536965
v 0.09824903 0.48528230 0.04322957
v 0.09824903 0.48701692 0.05108950
v 0.09824903 0.49910507 -0.05373228
v 0.09824903 0.49910507 0.01411490
v 0.09824903 0.50696498 -0.05362326
v 0.09824903 0.50696498 0.01406933
v 0.09824903 0.51482493 -0.05365024
v 0.09824903 0.51482493 0.01404246
v 0.09824903 0.52268481 -0.05370193
v 0.09824903 0.52268481 0.01396942
v 0.09824903 0.53054476 -0.05374949
v 0.09824903 0.53054476 0.01391078
v 0.09824903 0.53840464 -0.05379782
v 0.09824903 0.53840464 0.01385453
v 0.09824903 0.54626459 -0.05383764
v 0.09824903 0.54626459 0.01384865
v 0.09824903 0.55412453 -0.05394629
v 0.09824903 0.55412453 0.01387947
v 0.09824903 0.56198442 -0.05407762
v 0.09824903 0.56198442 0.01392817
v 0.09824903 0.56984437 -0.05407361
v 0.09824903 0.56984437 0.01401596
v 0.09824903 0.57770425 -0.05392363
v 0.09824903 0.57770425 0.01415988
v 0.09824903 0.58556420 -0.05377059
v 0.09824903 0.58556420 0.01434182
v 0.09824903 0.59342414 -0.05420385
v 0.09824903 0.59342414 0.01492733
v 0.09824903 0.60059911 -0.09038910
v 0.09780768 0.60128403 -0.08252918
v 0.09824903 0.60128403 -0.08539126
v 0.09774159 0.60128403 -0.07466926
v 0.09730887 0.60128403 -0.06680934
v 0.09824903 0.60128403 -0.06044108
v 0.09824903 0.60105723 -0.05894941
v 0.09824903 0.60078406 0.01964981
v 0.09728681 0.60128403 0.02750973
v 0.09824903 0.60128403 0.02245851
v 0.09708076 0.60128403 0.03536965
v 0.09658184 0.60128403 0.04322957
v 0.09807392 0.60128403 0.05108950
v 0.09824903 0.60161144 -0.08252918
v 0.09824903 0.60167420 -0.07466926
v 0.09824903 0.60200590 -0.06680934
v 0.09824903 0.60204571 0.02750973
v 0.09824903 0.60221291 0.03536965
v 0.09824903 0.60256982 0.04322957
v 0.09824903 0.60142040 0.05108950
v 0.10437244 0.49124515 -0.09038910
v 0.10545579 0.49124515 -0.08252918
v 0.10554647 0.49124515 -0.07466926
v 0.10575622 0.49124515 -0.06680934
v 0.10498002 0.49124515 -0.05894941
v 0.10539643 0.49124515 0.01964981
v 0.10610895 0.49124515 0.02685885
v 0.10610895 0.49119908 0.02750973
v 0.10610895 0.49123758 0.03536965
v 0.10591874 0.49124515 0.04322957
v 0.10610895 0.49124515 0.03574732
v 0.10396227 0.49124515 0.05108950
v 0.10610895 0.49910507 -0.09494866
v 0.10610895 0.49262461 -0.09038910
v 0.10610895 0.49170497 -0.08252918
v 0.10610895 0.49163613 -0.07466926
v 0.10610895 0.49148872 -0.06680934
v 0.10610895 0.49210146 -0.05894941
v 0.10610895 0.49910507 -0.05414826
v 0.10610895 0.49910507 0.01472080
v 0.10610895 0.49186099 0.01964981
v 0.10610895 0.49138895 0.04322957
v 0.10610895 0.49299628 0.05108950
v 0.10610895 0.50696498 -0.09559017
v 0.10610895 0.50696498 -0.05352827
v 0.10610895 0.50696498 0.01418326
v 0.10610895 0.51482493 -0.05354344
v 0.10610895 0.51482493 0.01406609
v 0.10610895 0.52268481 -0.05363429
v 0.10610895 0.52268481 0.01401128
v 0.10610895 0.53054476 -0.05371566
v 0.10610895 0.53054476 0.01396067
v 0.10610895 0.53840464 -0.05378181
v 0.10610895 0.53840464 0.01393212
v 0.10610895 0.54626459 -0.05388483
v 0.10610895 0.54626459 0.01392361
v 0.10610895 0.55412453 -0.05408854
v 0.10610895 0.55412453 0.01394304
v 0.10610895 0.56198442 -0.05430255
v 0.10610895 0.56198442 0.01395587
v 0.10610895 0.56984437 -0.05426981
v 0.10610895 0.56984437 0.01399773
v 0.10610895 0.57770425 -0.05404884
v 0.10610895 0.57770425 0.01417031
v 0.10610895 0.58556420 -0.05377677
v 0.10610895 0.58556420 0.01435189
v 0.10610895 0.59342414 -0.05358590
v 0.10610895 0.59342414 0.01451104
v 0.09905858 0.60128403 -0.09038910
v 0.09852020 0.60128403 -0.05894941
v 0.10610895 0.60128403 -0.05452509
v 0.09887340 0.60128403 0.01964981
v 0.10610895 0.60128403 0.01558036
v 0.10610895 0.60659146 -0.09038910
v 0.10610895 0.60770899 -0.08252918
v 0.10610895 0.60774773 -0.07466926
v 0.10610895 0.60801673 -0.06680934
v 0.10610895 0.60676271 -0.05894941
v 0.10610895 0.60657454 0.01964981
v 0.10610895 0.60812539 0.02750973
v 0.10610895 0.60830110 0.03536965
v 0.10610895 0.60864073 0.04322957
v 0.10610895 0.60744750 0.05108950
v 0.10616831 0.49124515 0.02750973
v 0.10611878 0.49124515 0.03536965
v 0.11396887 0.49910507 -0.09105233
v 0.11396887 0.49856356 -0.09038910
v 0.11396887 0.49766803 -0.08252918
v 0.11396887 0.49751797 -0.07466926
v 0.11396887 0.49732345 -0.06680934
v 0.11396887 0.49787000 -0.05894941
v 0.11396887 0.49910507 -0.05744546
v 0.11396887 0.49910507 0.01856118
v 0.11396887 0.49820665 0.01964981
v 0.11396887 0.49744746 0.02750973
v 0.11396887 0.49739531 0.03536965
v 0.11396887 0.49746186 0.04322957
v 0.11396887 0.49880138 0.05108950
v 0.11396887 0.50696498 -0.09527877
v 0.11396887 0.50696498 -0.05369090
v 0.11396887 0.50696498 0.01449077
v 0.11396887 0.51482493 -0.05343808
v 0.11396887 0.51482493 0.01411262
v 0.11396887 0.52268481 -0.05355202
v 0.11396887 0.52268481 0.01401620
v 0.11396887 0.53054476 -0.05369102
v 0.11396887 0.53054476 0.01401248
v 0.11396887 0.53840464 -0.05381887
v 0.11396887 0.53840464 0.01403611
v 0.11396887 0.54626459 -0.05398545
v 0.11396887 0.54626459 0.01398550
v 0.11396887 0.55412453 -0.05409195
v 0.11396887 0.55412453 0.01386808
v 0.11396887 0.56198442 -0.05391314
v 0.11396887 0.56198442 0.01353779
v 0.11396887 0.56984437 -0.05310712
v 0.11396887 0.56984437 0.01300648
v 0.11396887 0.57770425 -0.05230022
v 0.11396887 0.57770425 0.01268530
v 0.11396887 0.58556420 -0.05188363
v 0.11396887 0.58556420 0.01289483
v 0.11396887 0.59342414 -0.05207258
v 0.11396887 0.59342414 0.01348993
v 0.11396887 0.60128403 -0.05280267
v 0.11396887 0.60128403 0.01416060
v 0.10917228 0.60914397 -0.09038910
v 0.10801768 0.60914397 -0.08252918
v 0.10796755 0.60914397 -0.07466926
v 0.10766664 0.60914397 -0.06680934
v 0.10923512 0.60914397 -0.05894941
v 0.11396887 0.60914397 -0.05561654
v 0.10948254 0.60914397 0.01964981
v 0.11396887 0.60914397 0.01654714
v 0.10743253 0.60914397 0.02750973
v 0.10718606 0.60914397 0.03536965
v 0.10675167 0.60914397 0.04322957
v 0.10807441 0.60914397 0.05108950
v 0.11396887 0.61300248 -0.09038910
v 0.11396887 0.61392391 -0.08252918
v 0.11396887 0.61391813 -0.07466926
v 0.11396887 0.61398232 -0.06680934
v 0.11396887 0.61260664 -0.05894941
v 0.11396887 0.61248159 0.01964981
v 0.11396887 0.61405152 0.02750973
v 0.11396887 0.61429089 0.03536965
v 0.11396887 0.61470151 0.04322957
v 0.11396887 0.61361122 0.05108950
v 0.11468583 0.49910507 -0.09038910
v 0.11583611 0.49910507 -0.08252918
v 0.11600185 0.49910507 -0.07466926
v 0.11624628 0.49910507 -0.06680934
v 0.11560344 0.49910507 -0.05894941
v 0.11510476 0.49910507 0.01964981
v 0.11602632 0.49910507 0.02750973
v 0.11610164 0.49910507 0.03536965
v 0.11605043 0.49910507 0.04322957
v 0.11437556 0.49910507 0.05108950
v 0.12182879 0.50696498 -0.09264168
v 0.12182879 0.50477719 -0.09038910
v 0.12182879 0.50372893 -0.08252918
v 0.12182879 0.50363767 -0.07466926
v 0.12182879 0.50347877 -0.06680934
v 0.12182879 0.50401717 -0.05894941
v 0.12182879 0.50696498 -0.05585983
v 0.12182879 0.50696498 0.01696343
v 0.12182879 0.50441855 0.01964981
v 0.12182879 0.50365663 0.02750973
v 0.12182879 0.50359643 0.03536965
v 0.12182879 0.50352901 0.04322957
v 0.12182879 0.50487024 0.05108950
v 0.12182879 0.51482493 -0.05347976
v 0.12182879 0.51482493 0.01422032
v 0.12182879 0.52268481 -0.05346398
v 0.12182879 0.52268481 0.01400864
v 0.12182879 0.53054476 -0.05365816
v 0.12182879 0.53054476 0.01403011
v 0.12182879 0.53840464 -0.05384987
v 0.12182879 0.53840464 0.01408456
v 0.12182879 0.54626459 -0.05363309
v 0.12182879 0.54626459 0.01376758
v 0.12182879 0.55412453 -0.05186168
v 0.12182879 0.55412453 0.01245371
v 0.12182879 0.55637205 -0.05108950
v 0.11881045 0.56198442 -0.05108950
v 0.12182879 0.56198442 -0.04532174
v 0.11809924 0.56198442 0.01178988
v 0.12182879 0.56198442 0.00726721
v 0.12182879 0.55632949 0.01178988
v 0.11658881 0.56984437 -0.05108950
v 0.12182879 0.56400508 -0.04322957
v 0.12000773 0.56984437 -0.04322957
v 0.12182879 0.56508940 -0.03536965
v 0.12032592 0.56984437 -0.03536965
v 0.12182879 0.56553519 -0.02750973
v 0.12038924 0.56984437 -0.02750973
v 0.12182879 0.56548071 -0.01964981
v 0.12037916 0.56984437 -0.01964981
v 0.12182879 0.56540638 -0.01178988
v 0.12038229 0.56984437 -0.01178988
v 0.12182879 0.56558603 -0.00392996
v 0.12046336 0.56984437 -0.00392996
v 0.12182879 0.56564230 0.00392996
v 0.12040938 0.56984437 0.00392996
v 0.11596012 0.56984437 0.01178988
v 0.11540147 0.57770425 -0.05108950
v 0.11851889 0.57770425 -0.04322957
v 0.11872373 0.57770425 -0.03536965
v 0.11880433 0.57770425 -0.02750973
v 0.11890603 0.57770425 -0.01964981
v 0.11896144 0.57770425 -0.01178988
v 0.11905511 0.57770425 -0.00392996
v 0.11898027 0.57770425 0.00392996
v 0.11516580 0.57770425 0.01178988
v 0.11492222 0.58556420 -0.05108950
v 0.11816689 0.58556420 -0.04322957
v 0.11835662 0.58556420 -0.03536965
v 0.11852440 0.58556420 -0.02750973
v 0.11865273 0.58556420 -0.01964981
v 0.11876967 0.58556420 -0.01178988
v 0.11889128 0.58556420 -0.00392996
v 0.11884810 0.58556420 0.00392996
v 0.11538648 0.58556420 0.01178988
v 0.11537448 0.59342414 -0.05108950
v 0.11922181 0.59342414 -0.04322957
v 0.11955163 0.59342414 -0.03536965
v 0.11971354 0.59342414 -0.02750973
v 0.11979917 0.59342414 -0.01964981
v 0.11991179 0.59342414 -0.01178988
v 0.12001900 0.59342414 -0.00392996
v 0.11990687 0.59342414 0.00392996
v 0.11640651 0.59342414 0.01178988
v 0.11722733 0.60128403 -0.05108950
v 0.12182879 0.60128403 -0.04327071
v 0.12182879 0.60124528 -0.04322957
v 0.12182879 0.60052460 -0.03536965
v 0.12182879 0.60012287 -0.02750973
v 0.12182879 0.60004205 -0.01964981
v 0.12182879 0.59995961 -0.01178988
v 0.12182879 0.59984916 -0.00392996
v 0.12182879 0.60032743 0.00392996
v 0.11819795 0.60128403 0.01178988
v 0.12182879 0.60128403 0.00484853
v 0.12182879 0.60785383 -0.05108950
v 0.12182879 0.60914397 -0.05166242
v 0.12182879 0.60771257 0.01178988
v 0.12182879 0.60914397 0.01236292
v 0.11878694 0.61700392 -0.09038910
v 0.11791814 0.61700392 -0.08252918
v 0.11789127 0.61700392 -0.07466926
v 0.11785578 0.61700392 -0.06680934
v 0.11955859 0.61700392 -0.05894941
v 0.12182879 0.61700392 -0.05708212
v 0.11956674 0.61700392 0.01964981
v 0.12182879 0.61700392 0.01749965
v 0.11775887 0.61700392 0.02750973
v 0.11745220 0.61700392 0.03536965
v 0.11699934 0.61700392 0.04322957
v 0.11801205 0.61700392 0.05108950
v 0.12182879 0.61955017 -0.09038910
v 0.12182879 0.62021065 -0.08252918
v 0.12182879 0.62027842 -0.07466926
v 0.12182879 0.62033117 -0.06680934
v 0.12182879 0.61888552 -0.05894941
v 0.12182879 0.61883932 0.01964981
v 0.12182879 0.62022567 0.02750973
v 0.12182879 0.62048340 0.03536965
v 0.12182879 0.62079835 0.04322957
v 0.12182879 0.62000495 0.05108950
v 0.12470599 0.50696498 -0.09038910
v 0.12596276 0.50696498 -0.08252918
v 0.12611112 0.50696498 -0.07466926
v 0.12634763 0.50696498 -0.06680934
v 0.12564363 0.50696498 -0.05894941
v 0.12534583 0.50696498 0.01964981
v 0.12631416 0.50696498 0.02750973
v 0.12631656 0.50696498 0.03536965
v 0.12635662 0.50696498 0.04322957
v 0.12470262 0.50696498 0.05108950
v 0.12968871 0.51482493 -0.09384647
v 0.12968871 0.51092708 -0.09038910
v 0.12968871 0.50979626 -0.08252918
v 0.12968871 0.50970703 -0.07466926
v 0.12968871 0.50952268 -0.06680934
v 0.12968871 0.51014763 -0.05894941
v 0.12968871 0.51482493 -0.05476514
v 0.12968871 0.51482493 0.01534925
v 0.12968871 0.51004040 0.01964981
v 0.12968871 0.50935322 0.02750973
v 0.12968871 0.50943714 0.03536965
v 0.12968871 0.50935692 0.04322957
v 0.12968871 0.51056802 0.05108950
v 0.12968871 0.52268481 -0.05351142
v 0.12968871 0.52268481 0.01394448
v 0.12968871 0.53054476 -0.05363903
v 0.12968871 0.53054476 0.01391365
v 0.12968871 0.53840464 -0.05354644
v 0.12968871 0.53840464 0.01373028
v 0.12968871 0.54561025 -0.05108950
v 0.12904167 0.54626459 -0.05108950
v 0.12968871 0.54626459 -0.05038087
v 0.12897487 0.54626459 0.01178988
v 0.12968871 0.54626459 0.01127477
v 0.12968871 0.54554582 0.01178988
v 0.12288012 0.55412453 -0.05108950
v 0.12968871 0.54987842 -0.04322957
v 0.12653628 0.55412453 -0.04322957
v 0.12968871 0.55029184 -0.03536965
v 0.12687053 0.55412453 -0.03536965
v 0.12968871 0.55056757 -0.02750973
v 0.12703855 0.55412453 -0.02750973
v 0.12968871 0.55075431 -0.01964981
v 0.12713690 0.55412453 -0.01964981
v 0.12968871 0.55087167 -0.01178988
v 0.12723705 0.55412453 -0.01178988
v 0.12968871 0.55091053 -0.00392996
v 0.12729545 0.55412453 -0.00392996
v 0.12968871 0.55085385 0.00392996
v 0.12731585 0.55412453 0.00392996
v 0.12292630 0.55412453 0.01178988
v 0.12248950 0.56198442 -0.04322957
v 0.12286921 0.56198442 -0.03536965
v 0.12305775 0.56198442 -0.02750973
v 0.12304983 0.56198442 -0.01964981
v 0.12301337 0.56198442 -0.01178988
v 0.12307502 0.56198442 -0.00392996
v 0.12310836 0.56198442 0.00392996
v 0.12184259 0.60128403 -0.04322957
v 0.12209541 0.60128403 -0.03536965
v 0.12222205 0.60128403 -0.02750973
v 0.12223237 0.60128403 -0.01964981
v 0.12223849 0.60128403 -0.01178988
v 0.12225887 0.60128403 -0.00392996
v 0.12210512 0.60128403 0.00392996
v 0.12252692 0.60914397 -0.05108950
v 0.12572758 0.60914397 -0.04322957
v 0.12588900 0.60914397 -0.03536965
v 0.12587641 0.60914397 -0.02750973
v 0.12583683 0.60914397 -0.01964981
v 0.12571546 0.60914397 -0.01178988
v 0.12567995 0.60914397 -0.00392996
v 0.12559816 0.60914397 0.00392996
v 0.12241790 0.60914397 0.01178988
v 0.12933096 0.61700392 -0.05108950
v 0.12968871 0.61700392 -0.04986558
v 0.12968871 0.61509323 -0.04322957
v 0.12968871 0.61501431 -0.03536965
v 0.12968871 0.61508352 -0.02750973
v 0.12968871 0.61530924 -0.01964981
v 0.12968871 0.61562121 -0.01178988
v 0.12968871 0.61571783 -0.00392996
v 0.12968871 0.61579663 0.00392996
v 0.12771210 0.61700392 0.01178988
v 0.12968871 0.61700392 0.00674623
v 0.12813954 0.62486380 -0.09038910
v 0.12738985 0.62486380 -0.08252918
v 0.12722494 0.62486380 -0.07466926
v 0.12708366 0.62486380 -0.06680934
v 0.12878501 0.62486380 -0.05894941
v 0.12968871 0.62486380 -0.05809549
v 0.12968871 0.61734378 -0.05108950
v 0.12968871 0.61927938 0.01178988
v 0.12861459 0.62486380 0.01964981
v 0.12968871 0.62486380 0.01814249
v 0.12761351 0.62486380 0.02750973
v 0.12747884 0.62486380 0.03536965
v 0.12717481 0.62486380 0.04322957
v 0.12788288 0.62486380 0.05108950
v 0.12968871 0.62615204 -0.09038910
v 0.12968871 0.62679464 -0.08252918
v 0.12968871 0.62694502 -0.07466926
v 0.12968871 0.62705165 -0.06680934
v 0.12968871 0.62560487 -0.05894941
v 0.12968871 0.62578624 0.01964981
v 0.12968871 0.62659359 0.02750973
v 0.12968871 0.62666595 0.03536965
v 0.12968871 0.62687510 0.04322957
v 0.12968871 0.62628907 0.05108950
v 0.13491718 0.51482493 -0.09038910
v 0.13646768 0.51482493 -0.08252918
v 0.13666269 0.51482493 -0.07466926
v 0.13690412 0.51482493 -0.06680934
v 0.13607982 0.51482493 -0.05894941
v 0.13695149 0.51482493 0.01964981
v 0.13754864 0.51482493 0.02444316
v 0.13754864 0.51458454 0.02750973
v 0.13754864 0.51458794 0.03536965
v 0.13754864 0.51464307 0.04322957
v 0.13654372 0.51482493 0.05108950
v 0.13754864 0.51482493 0.04523509
v 0.13754864 0.52268481 -0.09508190
v 0.13754864 0.51691437 -0.09038910
v 0.13754864 0.51558238 -0.08252918
v 0.13754864 0.51541978 -0.07466926
v 0.13754864 0.51525545 -0.06680934
v 0.13754864 0.51600766 -0.05894941
v 0.13754864 0.52268481 -0.05415234
v 0.13754864 0.52268481 0.01422152
v 0.13754864 0.51526791 0.01964981
v 0.13754864 0.51551920 0.05108950
v 0.13754864 0.53054476 -0.09695501
v 0.13754864 0.53054476 -0.05347142
v 0.13754864 0.53054476 0.01348130
v 0.13754864 0.53840464 -0.05123611
v 0.13744058 0.53840464 0.01178988
v 0.13754864 0.53840464 0.01172236
v 0.13754864 0.53828484 0.01178988
v 0.13754864 0.53861815 -0.05108950
v 0.13754864 0.54196727 -0.04322957
v 0.13294166 0.54626459 -0.04322957
v 0.13754864 0.54220068 -0.03536965
v 0.13323945 0.54626459 -0.03536965
v 0.13754864 0.54236150 -0.02750973
v 0.13347584 0.54626459 -0.02750973
v 0.13754864 0.54248333 -0.01964981
v 0.13361339 0.54626459 -0.01964981
v 0.13754864 0.54254031 -0.01178988
v 0.13367948 0.54626459 -0.01178988
v 0.13754864 0.54257548 -0.00392996
v 0.13369280 0.54626459 -0.00392996
v 0.13754864 0.54250938 0.00392996
v 0.13357082 0.54626459 0.00392996
v 0.13109337 0.61700392 -0.04322957
v 0.13112850 0.61700392 -0.03536965
v 0.13107441 0.61700392 -0.02750973
v 0.13089608 0.61700392 -0.01964981
v 0.13066401 0.61700392 -0.01178988
v 0.13058066 0.61700392 -0.00392996
v 0.13049203 0.61700392 0.00392996
v 0.13702190 0.62486380 -0.05108950
v 0.13754864 0.62486380 -0.04813896
v 0.13754864 0.62410969 -0.04322957
v 0.13754864 0.62401843 -0.03536965
v 0.13754864 0.62403184 -0.02750973
v 0.13754864 0.62427133 -0.01964981
v 0.13754864 0.62460047 -0.01178988
v 0.13751025 0.62486380 -0.00392996
v 0.13754864 0.62486380 -0.00495347
v 0.13729462 0.62486380 0.00392996
v 0.13430518 0.62486380 0.01178988
v 0.13754864 0.63200462 -0.09038910
v 0.13754864 0.63260847 -0.08252918
v 0.13751037 0.63272375 -0.07466926
v 0.13754864 0.63272375 -0.07605089
v 0.13748868 0.63272375 -0.06680934
v 0.13754864 0.63272375 -0.06654399
v 0.13754864 0.63139653 -0.05894941
v 0.13754864 0.62533718 -0.05108950
v 0.13754864 0.62490159 -0.00392996
v 0.13754864 0.62512022 0.00392996
v 0.13754864 0.62812757 0.01178988
v 0.13754864 0.63221151 0.01964981
v 0.13754864 0.63257813 0.02750973
v 0.13754864 0.63255918 0.03536965
v 0.13754864 0.63253725 0.04322957
v 0.13754864 0.63180232 0.05108950
v 0.13754864 0.63274986 -0.07466926
v 0.13754864 0.63276237 -0.06680934
v 0.13795042 0.51482493 0.02750973
v 0.13797691 0.51482493 0.03536965
v 0.13791731 0.51482493 0.04322957
v 0.14540856 0.52268481 -0.09208699
v 0.14540856 0.52160138 -0.09038910
v 0.14540856 0.52029949 -0.08252918
v 0.14540856 0.52013540 -0.07466926
v 0.14540856 0.52007031 -0.06680934
v 0.14540856 0.52101403 -0.05894941
v 0.14540856 0.52268481 -0.05692723
v 0.14540856 0.52268481 0.01655710
v 0.14540856 0.52016622 0.01964981
v 0.14540856 0.51891655 0.02750973
v 0.14540856 0.51858479 0.03536965
v 0.14540856 0.51818746 0.04322957
v 0.14540856 0.51931196 0.05108950
v 0.14540856 0.53054476 -0.09786608
v 0.14540856 0.53054476 -0.05217602
v 0.14540856 0.53054476 0.01254258
v 0.14540856 0.53212428 -0.05108950
v 0.13780506 0.53840464 -0.05108950
v 0.14540856 0.53556085 -0.04322957
v 0.14173117 0.53840464 -0.04322957
v 0.14540856 0.53566134 -0.03536965
v 0.14196528 0.53840464 -0.03536965
v 0.14540856 0.53575748 -0.02750973
v 0.14213704 0.53840464 -0.02750973
v 0.14540856 0.53587419 -0.01964981
v 0.14230458 0.53840464 -0.01964981
v 0.14540856 0.53605133 -0.01178988
v 0.14244154 0.53840464 -0.01178988
v 0.14540856 0.53624994 -0.00392996
v 0.14260106 0.53840464 -0.00392996
v 0.14540856 0.53628451 0.00392996
v 0.14259049 0.53840464 0.00392996
v 0.14540856 0.53181124 0.01178988
v 0.13832040 0.62486380 -0.04322957
v 0.13841768 0.62486380 -0.03536965
v 0.13841707 0.62486380 -0.02750973
v 0.13817565 0.62486380 -0.01964981
v 0.13782616 0.62486380 -0.01178988
v 0.13870071 0.63272375 -0.09038910
v 0.13774425 0.63272375 -0.08252918
v 0.13976680 0.63272375 -0.05894941
v 0.14540856 0.63272375 -0.05285965
v 0.14540856 0.63184077 -0.05108950
v 0.14540856 0.63101709 -0.04322957
v 0.14540856 0.63097197 -0.03536965
v 0.14540856 0.63096565 -0.02750973
v 0.14540856 0.63106185 -0.01964981
v 0.14540856 0.63129640 -0.01178988
v 0.14540856 0.63156420 -0.00392996
v 0.14540856 0.63193411 0.00392996
v 0.14299347 0.63272375 0.01178988
v 0.14540856 0.63272375 0.00657868
v 0.13826883 0.63272375 0.01964981
v 0.13777100 0.63272375 0.02750973
v 0.13781105 0.63272375 0.03536965
v 0.13785338 0.63272375 0.04322957
v 0.13886923 0.63272375 0.05108950
v 0.14540856 0.63648725 -0.09038910
v 0.14540856 0.63717711 -0.08252918
v 0.14540856 0.63732421 -0.07466926
v 0.14540856 0.63725013 -0.06680934
v 0.14540856 0.63562477 -0.05894941
v 0.14540856 0.63434356 0.01178988
v 0.14540856 0.63709515 0.01964981
v 0.14540856 0.63746732 0.02750973
v 0.14540856 0.63735497 0.03536965
v 0.14540856 0.63728923 0.04322957
v 0.14540856 0.63660538 0.05108950
v 0.15121344 0.52268481 -0.09038910
v 0.15326849 0.52268481 -0.08590176
v 0.15326849 0.52242047 -0.08252918
v 0.15326849 0.52236760 -0.07466926
v 0.15326849 0.52251452 -0.06680934
v 0.15072039 0.52268481 -0.05894941
v 0.15326849 0.52268481 -0.06527600
v 0.15193039 0.52268481 0.01964981
v 0.15326849 0.52268481 0.02310555
v 0.15326849 0.52208453 0.02750973
v 0.15326849 0.52155459 0.03536965
v 0.15326849 0.52114570 0.04322957
v 0.15326849 0.52191740 0.05108950
v 0.15326849 0.52306837 -0.09038910
v 0.15326849 0.52346355 -0.05894941
v 0.15326849 0.52885622 -0.05108950
v 0.14866641 0.53054476 -0.05108950
v 0.15326849 0.53054476 -0.04446320
v 0.14839549 0.53054476 0.01178988
v 0.15326849 0.53054476 0.00751655
v 0.15326849 0.52887636 0.01178988
v 0.15326849 0.52319455 0.01964981
v 0.15326849 0.53081846 -0.04322957
v 0.15326849 0.53080118 -0.03536965
v 0.15326849 0.53068209 -0.02750973
v 0.15326849 0.53074193 -0.01964981
v 0.15326849 0.53096801 -0.01178988
v 0.15326849 0.53138989 -0.00392996
v 0.15326849 0.53160793 0.00392996
v 0.14668560 0.63272375 -0.05108950
v 0.14759937 0.63272375 -0.04322957
v 0.14762168 0.63272375 -0.03536965
v 0.14765142 0.63272375 -0.02750973
v 0.14755416 0.63272375 -0.01964981
v 0.14730206 0.63272375 -0.01178988
v 0.14697537 0.63272375 -0.00392996
v 0.14651230 0.63272375 0.00392996
v 0.15326849 0.64024895 -0.09038910
v 0.15236408 0.64058363 -0.08252918
v 0.15326849 0.64058363 -0.08709317
v 0.15201135 0.64058363 -0.07466926
v 0.15233949 0.64058363 -0.06680934
v 0.15326849 0.64058363 -0.06449709
v 0.15326849 0.63947874 -0.05894941
v 0.15326849 0.63679641 -0.05108950
v 0.15326849 0.63668823 -0.04322957
v 0.15326849 0.63679940 -0.03536965
v 0.15326849 0.63679016 -0.02750973
v 0.15326849 0.63679028 -0.01964981
v 0.15326849 0.63687474 -0.01178988
v 0.15326849 0.63694668 -0.00392996
v 0.15326849 0.63712084 0.00392996
v 0.15326849 0.63838696 0.01178988
v 0.15326849 0.64040232 0.01964981
v 0.15209445 0.64058363 0.02750973
v 0.15326849 0.64058363 0.02167211
v 0.15212721 0.64058363 0.03536965
v 0.15234728 0.64058363 0.04322957
v 0.15323454 0.64058363 0.05108950
v 0.15326849 0.64102751 -0.08252918
v 0.15326849 0.64118642 -0.07466926
v 0.15326849 0.64101446 -0.06680934
v 0.15326849 0.64109433 0.02750973
v 0.15326849 0.64110959 0.03536965
v 0.15326849 0.64101815 0.04322957
v 0.15326849 0.64060056 0.05108950
v 0.15471679 0.52268481 -0.08252918
v 0.15479079 0.52268481 -0.07466926
v 0.15408367 0.52268481 -0.06680934
v 0.15745726 0.52268481 0.02750973
v 0.16087091 0.52268481 0.03536965
v 0.16112840 0.52268481 0.03647531
v 0.16112840 0.52246153 0.04322957
v 0.15736887 0.52268481 0.05108950
v 0.16112840 0.52268481 0.04515569
v 0.16112840 0.52855796 -0.09824903
v 0.16112840 0.52421612 -0.09038910
v 0.16112840 0.52384877 -0.08252918
v 0.16112840 0.52401102 -0.07466926
v 0.16112840 0.52413040 -0.06680934
v 0.16112840 0.52480453 -0.05894941
v 0.16112840 0.52777261 -0.05108950
v 0.16112840 0.52872622 -0.04322957
v 0.15419953 0.53054476 -0.04322957
v 0.16112840 0.52852976 -0.03536965
v 0.15405129 0.53054476 -0.03536965
v 0.16112840 0.52836823 -0.02750973
v 0.15367554 0.53054476 -0.02750973
v 0.16112840 0.52836150 -0.01964981
v 0.15384308 0.53054476 -0.01964981
v 0.16112840 0.52843392 -0.01178988
v 0.15446086 0.53054476 -0.01178988
v 0.16112840 0.52868974 -0.00392996
v 0.15556219 0.53054476 -0.00392996
v 0.16112840 0.52900064 0.00392996
v 0.15631095 0.53054476 0.00392996
v 0.16112840 0.52753562 0.01178988
v 0.16112840 0.52406371 0.01964981
v 0.16112840 0.52317894 0.02750973
v 0.16112840 0.52272236 0.03536965
v 0.16112840 0.52351391 0.05108950
v 0.15391923 0.64058363 -0.09038910
v 0.15599132 0.64058363 -0.05894941
v 0.16112840 0.64058363 -0.05199835
v 0.16112840 0.64033866 -0.05108950
v 0.16112840 0.64045268 -0.04322957
v 0.16095978 0.64058363 -0.03536965
v 0.16112840 0.64058363 -0.03827754
v 0.16076092 0.64058363 -0.02750973
v 0.16065767 0.64058363 -0.01964981
v 0.16062276 0.64058363 -0.01178988
v 0.16048388 0.64058363 -0.00392996
v 0.16028096 0.64058363 0.00392996
v 0.15923347 0.64058363 0.01178988
v 0.15407215 0.64058363 0.01964981
v 0.16112840 0.64420062 -0.09038910
v 0.16112840 0.64485258 -0.08252918
v 0.16112840 0.64495832 -0.07466926
v 0.16112840 0.64485842 -0.06680934
v 0.16112840 0.64275026 -0.05894941
v 0.16112840 0.64066184 -0.03536965
v 0.16112840 0.64075744 -0.02750973
v 0.16112840 0.64081174 -0.01964981
v 0.16112840 0.64082807 -0.01178988
v 0.16112840 0.64090306 -0.00392996
v 0.16112840 0.64100379 0.00392996
v 0.16112840 0.64128345 0.01178988
v 0.16112840 0.64217073 0.01964981
v 0.16112840 0.64343077 0.02750973
v 0.16112840 0.64422113 0.03536965
v 0.16112840 0.64457440 0.04322957
v 0.16112840 0.64401084 0.05108950
v 0.16351482 0.52268481 0.04322957
v 0.16898833 0.52604365 -0.09824903
v 0.16898833 0.52417701 -0.09038910
v 0.16898833 0.52397352 -0.08252918
v 0.16898833 0.52411336 -0.07466926
v 0.16898833 0.52440524 -0.06680934
v 0.16898833 0.52532202 -0.05894941
v 0.16898833 0.52768821 -0.05108950
v 0.16898833 0.52854931 -0.04322957
v 0.16898833 0.52851427 -0.03536965
v 0.16898833 0.52849627 -0.02750973
v 0.16898833 0.52852136 -0.01964981
v 0.16898833 0.52852905 -0.01178988
v 0.16898833 0.52859968 -0.00392996
v 0.16898833 0.52868450 0.00392996
v 0.16898833 0.52745169 0.01178988
v 0.16898833 0.52462679 0.01964981
v 0.16898833 0.52384508 0.02750973
v 0.16898833 0.52348560 0.03536965
v 0.16898833 0.52318782 0.04322957
v 0.16898833 0.52356607 0.05108950
v 0.16898833 0.52664489 0.05894941
v 0.16168742 0.64058363 -0.05108950
v 0.16143304 0.64058363 -0.04322957
v 0.16843411 0.64844358 -0.09038910
v 0.16762577 0.64844358 -0.08252918
v 0.16747621 0.64844358 -0.07466926
v 0.16763489 0.64844358 -0.06680934
v 0.16898833 0.64844358 -0.06326448
v 0.16898833 0.64737856 -0.05894941
v 0.16898833 0.64415395 -0.05108950
v 0.16898833 0.64415133 -0.04322957
v 0.16898833 0.64430648 -0.03536965
v 0.16898833 0.64440006 -0.02750973
v 0.16898833 0.64456171 -0.01964981
v 0.16898833 0.64483130 -0.01178988
v 0.16898833 0.64521140 -0.00392996
v 0.16898833 0.64563149 0.00392996
v 0.16898833 0.64602667 0.01178988
v 0.16898833 0.64640582 0.01964981
v 0.16898833 0.64712310 0.02750973
v 0.16898833 0.64806145 0.03536965
v 0.16828528 0.64844358 0.04322957
v 0.16898833 0.64844358 0.03928090
v 0.16869473 0.64844358 0.05108950
v 0.16898833 0.64877462 -0.09038910
v 0.16898833 0.64924234 -0.08252918
v 0.16898833 0.64930779 -0.07466926
v 0.16898833 0.64922267 -0.06680934
v 0.16898833 0.64884728 0.04322957
v 0.16898833 0.64861834 0.05108950
v 0.17684825 0.52332264 -0.09824903
v 0.17684825 0.52337539 -0.09038910
v 0.17684825 0.52366346 -0.08252918
v 0.17684825 0.52409333 -0.07466926
v 0.17684825 0.52492124 -0.06680934
v 0.17684825 0.52647197 -0.05894941
v 0.17684825 0.52872163 -0.05108950
v 0.17684825 0.52989340 -0.04322957
v 0.17684825 0.53020126 -0.03536965
v 0.17684825 0.53042734 -0.02750973
v 0.17684825 0.53044939 -0.01964981
v 0.17684825 0.53043175 -0.01178988
v 0.17684825 0.53035790 -0.00392996
v 0.17684825 0.53020632 0.00392996
v 0.17684825 0.52859259 0.01178988
v 0.17684825 0.52571160 0.01964981
v 0.17684825 0.52476025 0.02750973
v 0.17684825 0.52424109 0.03536965
v 0.17684825 0.52374840 0.04322957
v 0.17684825 0.52334768 0.05108950
v 0.17684825 0.52306187 0.05894941
v 0.17046914 0.64844358 -0.05894941
v 0.17493616 0.64844358 -0.05108950
v 0.17482907 0.64844358 -0.04322957
v 0.17460515 0.64844358 -0.03536965
v 0.17450896 0.64844358 -0.02750973
v 0.17430483 0.64844358 -0.01964981
v 0.17397825 0.64844358 -0.01178988
v 0.17344779 0.64844358 -0.00392996
v 0.17285185 0.64844358 0.00392996
v 0.17234549 0.64844358 0.01178988
v 0.17190522 0.64844358 0.01964981
v 0.17099684 0.64844358 0.02750973
v 0.16960095 0.64844358 0.03536965
v 0.17684825 0.65385926 -0.09038910
v 0.17684825 0.65436673 -0.08252918
v 0.17684825 0.65447176 -0.07466926
v 0.17684825 0.65454566 -0.06680934
v 0.17684825 0.65299302 -0.05894941
v 0.17684825 0.64992607 -0.05108950
v 0.17684825 0.65004539 -0.04322957
v 0.17684825 0.65026683 -0.03536965
v 0.17684825 0.65033036 -0.02750973
v 0.17684825 0.65045172 -0.01964981
v 0.17684825 0.65062898 -0.01178988
v 0.17684825 0.65092850 -0.00392996
v 0.17684825 0.65129232 0.00392996
v 0.17684825 0.65161127 0.01178988
v 0.17684825 0.65199190 0.01964981
v 0.17684825 0.65266019 0.02750973
v 0.17684825 0.65352225 0.03536965
v 0.17684825 0.65418643 0.04322957
v 0.17684825 0.65356576 0.05108950
v 0.18470818 0.52695036 -0.10610895
v 0.18470818 0.52499819 -0.09824903
v 0.18470818 0.52556127 -0.09038910
v 0.18470818 0.52620703 -0.08252918
v 0.18470818 0.52700722 -0.07466926
v 0.18470818 0.52830750 -0.06680934
v 0.18470818 0.53015566 -0.05894941
v 0.18127881 0.53054476 -0.05108950
v 0.18470818 0.53054476 -0.05733866
v 0.17848785 0.53054476 -0.04322957
v 0.17767783 0.53054476 -0.03536965
v 0.17712769 0.53054476 -0.02750973
v 0.17707276 0.53054476 -0.01964981
v 0.17711870 0.53054476 -0.01178988
v 0.17730388 0.53054476 -0.00392996
v 0.17772448 0.53054476 0.00392996
v 0.18238327 0.53054476 0.01178988
v 0.18470818 0.53054476 0.01400900
v 0.18470818 0.52841425 0.01964981
v 0.18470818 0.52716827 0.02750973
v 0.18470818 0.52652413 0.03536965
v 0.18470818 0.52591825 0.04322957
v 0.18470818 0.52523422 0.05108950
v 0.18470818 0.52425176 0.05894941
v 0.18470818 0.52558970 0.06680934
v 0.18470818 0.53199416 -0.05108950
v 0.18470818 0.53310651 -0.04322957
v 0.18470818 0.53362560 -0.03536965
v 0.18470818 0.53388190 -0.02750973
v 0.18470818 0.53398263 -0.01964981
v 0.18470818 0.53395909 -0.01178988
v 0.18470818 0.53383124 -0.00392996
v 0.18470818 0.53342700 0.00392996
v 0.18470818 0.53139591 0.01178988
v 0.18082546 0.65630352 -0.09038910
v 0.18008237 0.65630352 -0.08252918
v 0.17969857 0.65630352 -0.07466926
v 0.17946590 0.65630352 -0.06680934
v 0.18142693 0.65630352 -0.05894941
v 0.18470818 0.65630352 -0.05243130
v 0.18470818 0.65586501 -0.05108950
v 0.18470818 0.65600544 -0.04322957
v 0.18470818 0.65618378 -0.03536965
v 0.18470818 0.65613598 -0.02750973
v 0.18470818 0.65600306 -0.01964981
v 0.18470818 0.65590149 -0.01178988
v 0.18470818 0.65590435 -0.00392996
v 0.18470818 0.65601420 0.00392996
v 0.18470818 0.65629125 0.01178988
v 0.18378325 0.65630352 0.01964981
v 0.18470818 0.65630352 0.01196067
v 0.18241265 0.65630352 0.02750973
v 0.18104962 0.65630352 0.03536965
v 0.18019138 0.65630352 0.04322957
v 0.18094000 0.65630352 0.05108950
v 0.18470818 0.65861088 -0.09038910
v 0.18470818 0.65917456 -0.08252918
v 0.18470818 0.65957105 -0.07466926
v 0.18470818 0.65987402 -0.06680934
v 0.18470818 0.65863341 -0.05894941
v 0.18470818 0.65687597 0.01964981
v 0.18470818 0.65775818 0.02750973
v 0.18470818 0.65861690 0.03536965
v 0.18470818 0.65912890 0.04322957
v 0.18470818 0.65866607 0.05108950
v 0.19121753 0.53054476 -0.10610895
v 0.19256809 0.53054476 -0.10209498
v 0.19256809 0.52991968 -0.09824903
v 0.19256809 0.53039241 -0.09038910
v 0.19186601 0.53054476 -0.08252918
v 0.19256809 0.53054476 -0.08844415
v 0.19046099 0.53054476 -0.07466926
v 0.18821405 0.53054476 -0.06680934
v 0.18530712 0.53054476 -0.05894941
v 0.18818179 0.53054476 0.01964981
v 0.19018131 0.53054476 0.02750973
v 0.19120349 0.53054476 0.03536965
v 0.19203751 0.53054476 0.04322957
v 0.19256809 0.53054476 0.04881449
v 0.19256809 0.53039557 0.05108950
v 0.19256809 0.52986115 0.05894941
v 0.19213118 0.53054476 0.06680934
v 0.19256809 0.53054476 0.06477384
v 0.19256809 0.53165734 -0.10610895
v 0.19256809 0.53104669 -0.08252918
v 0.19256809 0.53208506 -0.07466926
v 0.19256809 0.53373641 -0.06680934
v 0.19256809 0.53576326 -0.05894941
v 0.19256809 0.53744078 -0.05108950
v 0.19256809 0.53828102 -0.04322957
v 0.19214569 0.53840464 -0.03536965
v 0.19256809 0.53840464 -0.04091907
v 0.19177881 0.53840464 -0.02750973
v 0.19161631 0.53840464 -0.01964981
v 0.19167352 0.53840464 -0.01178988
v 0.19191685 0.53840464 -0.00392996
v 0.19256809 0.53840464 0.00334073
v 0.19256809 0.53836787 0.00392996
v 0.19256809 0.53655386 0.01178988
v 0.19256809 0.53367811 0.01964981
v 0.19256809 0.53227109 0.02750973
v 0.19256809 0.53154236 0.03536965
v 0.19256809 0.53093815 0.04322957
v 0.19256809 0.53092217 0.06680934
v 0.19256809 0.53870654 -0.03536965
v 0.19256809 0.53897053 -0.02750973
v 0.19256809 0.53908563 -0.01964981
v 0.19256809 0.53903830 -0.01178988
v 0.19256809 0.53886425 -0.00392996
v 0.18538304 0.65630352 -0.05108950
v 0.18515959 0.65630352 -0.04322957
v 0.18488806 0.65630352 -0.03536965
v 0.18496458 0.65630352 -0.02750973
v 0.18517891 0.65630352 -0.01964981
v 0.18535905 0.65630352 -0.01178988
v 0.18538532 0.65630352 -0.00392996
v 0.18522437 0.65630352 0.00392996
v 0.18473072 0.65630352 0.01178988
v 0.19256809 0.66292214 -0.09038910
v 0.19256809 0.66368067 -0.08252918
v 0.19250681 0.66416341 -0.07466926
v 0.19256809 0.66416341 -0.07516021
v 0.19158897 0.66416341 -0.06680934
v 0.19256809 0.66416341 -0.06132685
v 0.19256809 0.66388553 -0.05894941
v 0.19256809 0.66095185 -0.05108950
v 0.19256809 0.66117144 -0.04322957
v 0.19256809 0.66130912 -0.03536965
v 0.19256809 0.66113245 -0.02750973
v 0.19256809 0.66088420 -0.01964981
v 0.19256809 0.66065431 -0.01178988
v 0.19256809 0.66048318 -0.00392996
v 0.19256809 0.66043389 0.00392996
v 0.19256809 0.66064745 0.01178988
v 0.19256809 0.66127050 0.01964981
v 0.19256809 0.66221881 0.02750973
v 0.19256809 0.66300535 0.03536965
v 0.19256809 0.66350442 0.04322957
v 0.19256809 0.66307110 0.05108950
v 0.19256809 0.66419762 -0.07466926
v 0.19256809 0.66473323 -0.06680934
v 0.19329357 0.53054476 -0.09824903
v 0.19274679 0.53054476 -0.09038910
v 0.19274104 0.53054476 0.05108950
v 0.19329177 0.53054476 0.05894941
v 0.19818600 0.53840464 -0.10610895
v 0.20042801 0.53840464 -0.09863569
v 0.20042801 0.53830165 -0.09824903
v 0.20042801 0.53840464 -0.09631062
v 0.20017652 0.53840464 -0.09038910
v 0.19970974 0.53840464 -0.08252918
v 0.19887955 0.53840464 -0.07466926
v 0.19746448 0.53840464 -0.06680934
v 0.19546315 0.53840464 -0.05894941
v 0.19370314 0.53840464 -0.05108950
v 0.19272293 0.53840464 -0.04322957
v 0.19261415 0.53840464 0.00392996
v 0.19470410 0.53840464 0.01178988
v 0.19766752 0.53840464 0.01964981
v 0.19896160 0.53840464 0.02750973
v 0.19960287 0.53840464 0.03536965
v 0.20001401 0.53840464 0.04322957
v 0.20016056 0.53840464 0.05108950
v 0.20007744 0.53840464 0.05894941
v 0.19841555 0.53840464 0.06680934
v 0.20042801 0.54263651 -0.10610895
v 0.20042801 0.53879875 -0.09038910
v 0.20042801 0.53939426 -0.08252918
v 0.20042801 0.54033738 -0.07466926
v 0.20042801 0.54182214 -0.06680934
v 0.20042801 0.54365027 -0.05894941
v 0.20042801 0.54489064 -0.05108950
v 0.20042801 0.54547542 -0.04322957
v 0.20042801 0.54579335 -0.03536965
v 0.20042801 0.54602206 -0.02750973
v 0.20042801 0.54609871 -0.01964981
v 0.20042801 0.54604810 -0.01178988
v 0.20042801 0.54592085 -0.00392996
v 0.20042801 0.54550564 0.00392996
v 0.20042801 0.54404426 0.01178988
v 0.20042801 0.54142720 0.01964981
v 0.20042801 0.54004931 0.02750973
v 0.20042801 0.53936559 0.03536965
v 0.20042801 0.53891867 0.04322957
v 0.20042801 0.53877646 0.05108950
v 0.20042801 0.53893948 0.05894941
v 0.20042801 0.54176003 0.06680934
v 0.19477846 0.66416341 -0.09038910
v 0.19353427 0.66416341 -0.08252918
v 0.19315180 0.66416341 -0.05894941
v 0.19815697 0.66416341 -0.05108950
v 0.19751425 0.66416341 -0.04322957
v 0.19726743 0.66416341 -0.03536965
v 0.19756234 0.66416341 -0.02750973
v 0.19795872 0.66416341 -0.01964981
v 0.19839419 0.66416341 -0.01178988
v 0.19876239 0.66416341 -0.00392996
v 0.19889107 0.66416341 0.00392996
v 0.19876191 0.66416341 0.01178988
v 0.19785845 0.66416341 0.01964981
v 0.19628277 0.66416341 0.02750973
v 0.19487092 0.66416341 0.03536965
v 0.19386241 0.66416341 0.04322957
v 0.19447035 0.66416341 0.05108950
v 0.20042801 0.66725844 -0.09038910
v 0.20042801 0.66785532 -0.08252918
v 0.20042801 0.66820109 -0.07466926
v 0.20042801 0.66872078 -0.06680934
v 0.20042801 0.66745210 -0.05894941
v 0.20042801 0.66540676 -0.05108950
v 0.20042801 0.66579682 -0.04322957
v 0.20042801 0.66599119 -0.03536965
v 0.20042801 0.66585028 -0.02750973
v 0.20042801 0.66563380 -0.01964981
v 0.20042801 0.66537869 -0.01178988
v 0.20042801 0.66515368 -0.00392996
v 0.20042801 0.66507465 0.00392996
v 0.20042801 0.66511726 0.01178988
v 0.20042801 0.66555417 0.01964981
v 0.20042801 0.66625035 0.02750973
v 0.20042801 0.66688746 0.03536965
v 0.20042801 0.66742378 0.04322957
v 0.20042801 0.66715503 0.05108950
v 0.20050645 0.53840464 -0.09824903
v 0.20199266 0.54626459 -0.10610895
v 0.20482512 0.54626459 -0.09824903
v 0.20491135 0.54626459 -0.09038910
v 0.20492789 0.54626459 -0.08252918
v 0.20461331 0.54626459 -0.07466926
v 0.20380676 0.54626459 -0.06680934
v 0.20259269 0.54626459 -0.05894941
v 0.20165193 0.54626459 -0.05108950
v 0.20116848 0.54626459 -0.04322957
v 0.20088184 0.54626459 -0.03536965
v 0.20066632 0.54626459 -0.02750973
v 0.20059173 0.54626459 -0.01964981
v 0.20064029 0.54626459 -0.01178988
v 0.20075928 0.54626459 -0.00392996
v 0.20113429 0.54626459 0.00392996
v 0.20231168 0.54626459 0.01178988
v 0.20422845 0.54626459 0.01964981
v 0.20533352 0.54626459 0.02750973
v 0.20574212 0.54626459 0.03536965
v 0.20585822 0.54626459 0.04322957
v 0.20559761 0.54626459 0.05108950
v 0.20517376 0.54626459 0.05894941
v 0.20274560 0.54626459 0.06680934
v 0.20363286 0.55412453 -0.10610895
v 0.20828794 0.55412453 -0.09897654
v 0.20828794 0.55356157 -0.09824903
v 0.20828794 0.55261827 -0.09038910
v 0.20828794 0.55213624 -0.08252918
v 0.20828794 0.55229050 -0.07466926
v 0.20828794 0.55312526 -0.06680934
v 0.20828794 0.55412453 -0.06015516
v 0.20817579 0.55412453 -0.05894941
v 0.20771490 0.55412453 -0.05108950
v 0.20758118 0.55412453 -0.04322957
v 0.20750262 0.55412453 -0.03536965
v 0.20741099 0.55412453 -0.02750973
v 0.20735630 0.55412453 -0.01964981
v 0.20734346 0.55412453 -0.01178988
v 0.20737897 0.55412453 -0.00392996
v 0.20749830 0.55412453 0.00392996
v 0.20814306 0.55412453 0.01178988
v 0.20828794 0.55412453 0.01264285
v 0.20828794 0.55226171 0.01964981
v 0.20828794 0.55061686 0.02750973
v 0.20828794 0.54999918 0.03536965
v 0.20828794 0.54997998 0.04322957
v 0.20828794 0.55059344 0.05108950
v 0.20828794 0.55170798 0.05894941
v 0.20828794 0.55412453 0.06259142
v 0.20563562 0.55412453 0.06680934
v 0.20828794 0.56198442 -0.10460044
v 0.20828794 0.55429959 -0.05894941
v 0.20828794 0.55499488 -0.05108950
v 0.20828794 0.55516011 -0.04322957
v 0.20828794 0.55524457 -0.03536965
v 0.20828794 0.55535948 -0.02750973
v 0.20828794 0.55543166 -0.01964981
v 0.20828794 0.55544835 -0.01178988
v 0.20828794 0.55540973 -0.00392996
v 0.20828794 0.55527914 0.00392996
v 0.20828794 0.55435395 0.01178988
v 0.20813274 0.56198442 0.06680934
v 0.20828794 0.67156988 -0.09038910
v 0.20822605 0.67202336 -0.08252918
v 0.20828794 0.67202336 -0.08308783
v 0.20792191 0.67202336 -0.07466926
v 0.20784166 0.67202336 -0.06680934
v 0.20828794 0.67202336 -0.06545590
v 0.20828794 0.67104328 -0.05894941
v 0.20828794 0.66951460 -0.05108950
v 0.20828794 0.67001641 -0.04322957
v 0.20828794 0.67024809 -0.03536965
v 0.20828794 0.67015994 -0.02750973
v 0.20828794 0.66997588 -0.01964981
v 0.20828794 0.66975504 -0.01178988
v 0.20828794 0.66962016 -0.00392996
v 0.20828794 0.66960442 0.00392996
v 0.20828794 0.66974747 0.01178988
v 0.20828794 0.67013454 0.01964981
v 0.20828794 0.67065096 0.02750973
v 0.20828794 0.67105091 0.03536965
v 0.20828794 0.67140907 0.04322957
v 0.20828794 0.67100739 0.05108950
v 0.20828794 0.67205691 -0.08252918
v 0.20828794 0.67220479 -0.07466926
v 0.20828794 0.67221534 -0.06680934
v 0.20856078 0.55412453 -0.09824903
v 0.20911103 0.55412453 -0.09038910
v 0.20946172 0.55412453 -0.08252918
v 0.20944397 0.55412453 -0.07466926
v 0.20894745 0.55412453 -0.06680934
v 0.20949206 0.55412453 0.01964981
v 0.21062915 0.55412453 0.02750973
v 0.21107315 0.55412453 0.03536965
v 0.21103056 0.55412453 0.04322957
v 0.21056499 0.55412453 0.05108950
v 0.20973973 0.55412453 0.05894941
v 0.21272582 0.56198442 -0.09824903
v 0.21381061 0.56198442 -0.09038910
v 0.21445201 0.56198442 -0.08252918
v 0.21460481 0.56198442 -0.07466926
v 0.21416189 0.56198442 -0.06680934
v 0.21327798 0.56198442 -0.05894941
v 0.21282488 0.56198442 -0.05108950
v 0.21273972 0.56198442 -0.04322957
v 0.21272245 0.56198442 -0.03536965
v 0.21266957 0.56198442 -0.02750973
v 0.21263298 0.56198442 -0.01964981
v 0.21262172 0.56198442 -0.01178988
v 0.21261272 0.56198442 -0.00392996
v 0.21266358 0.56198442 0.00392996
v 0.21298739 0.56198442 0.01178988
v 0.21412832 0.56198442 0.01964981
v 0.21549314 0.56198442 0.02750973
v 0.21605827 0.56198442 0.03536965
v 0.21605910 0.56198442 0.04322957
v 0.21581841 0.56198442 0.05108950
v 0.21458742 0.56198442 0.05894941
v 0.21614785 0.56984437 -0.09935601
v 0.21614785 0.56834662 -0.09824903
v 0.21614785 0.56574035 -0.09038910
v 0.21614785 0.56471145 -0.08252918
v 0.21614785 0.56448478 -0.07466926
v 0.21614785 0.56535465 -0.06680934
v 0.21614785 0.56710690 -0.05894941
v 0.21614785 0.56810355 -0.05108950
v 0.21614785 0.56831425 -0.04322957
v 0.21614785 0.56835681 -0.03536965
v 0.21614785 0.56841815 -0.02750973
v 0.21614785 0.56849438 -0.01964981
v 0.21614785 0.56848609 -0.01178988
v 0.21614785 0.56847662 -0.00392996
v 0.21614785 0.56830478 0.00392996
v 0.21614785 0.56796235 0.01178988
v 0.21614785 0.56596345 0.01964981
v 0.21614785 0.56318939 0.02750973
v 0.21614785 0.56214309 0.03536965
v 0.21614785 0.56214309 0.04322957
v 0.21614785 0.56257665 0.05108950
v 0.21614785 0.56534749 0.05894941
v 0.21614785 0.57770425 -0.10152523
v 0.20900765 0.67202336 -0.09038910
v 0.21614785 0.67202336 -0.09684479
v 0.21029814 0.67202336 -0.05894941
v 0.21329322 0.67202336 -0.05108950
v 0.21248019 0.67202336 -0.04322957
v 0.21190211 0.67202336 -0.03536965
v 0.21201713 0.67202336 -0.02750973
v 0.21225904 0.67202336 -0.01964981
v 0.21252517 0.67202336 -0.01178988
v 0.21265854 0.67202336 -0.00392996
v 0.21253093 0.67202336 0.00392996
v 0.21213263 0.67202336 0.01178988
v 0.21137057 0.67202336 0.01964981
v 0.21055216 0.67202336 0.02750973
v 0.20999962 0.67202336 0.03536965
v 0.20946436 0.67202336 0.04322957
v 0.21023661 0.67202336 0.05108950
v 0.21614785 0.67621821 -0.09038910
v 0.21614785 0.67665577 -0.08252918
v 0.21614785 0.67675203 -0.07466926
v 0.21614785 0.67664450 -0.06680934
v 0.21614785 0.67501891 -0.05894941
v 0.21614785 0.67349589 -0.05108950
v 0.21614785 0.67377162 -0.04322957
v 0.21614785 0.67407638 -0.03536965
v 0.21614785 0.67407465 -0.02750973
v 0.21614785 0.67400271 -0.01964981
v 0.21614785 0.67393881 -0.01178988
v 0.21614785 0.67392898 -0.00392996
v 0.21614785 0.67405272 0.00392996
v 0.21614785 0.67435122 0.01178988
v 0.21614785 0.67489552 0.01964981
v 0.21614785 0.67544538 0.02750973
v 0.21614785 0.67562240 0.03536965
v 0.21614785 0.67559868 0.04322957
v 0.21614785 0.67485124 0.05108950
v 0.21698187 0.56984437 -0.09824903
v 0.21863587 0.56984437 -0.09038910
v 0.21917808 0.56984437 -0.08252918
v 0.21925281 0.56984437 -0.07466926
v 0.21866262 0.56984437 -0.06680934
v 0.21762663 0.56984437 -0.05894941
v 0.21704556 0.56984437 -0.05108950
v 0.21693102 0.56984437 -0.04322957
v 0.21691436 0.56984437 -0.03536965
v 0.21688364 0.56984437 -0.02750973
v 0.21684407 0.56984437 -0.01964981
v 0.21685307 0.56984437 -0.01178988
v 0.21686207 0.56984437 -0.00392996
v 0.21694733 0.56984437 0.00392996
v 0.21710156 0.56984437 0.01178988
v 0.21806379 0.56984437 0.01964981
v 0.21969032 0.56984437 0.02750973
v 0.22042227 0.56984437 0.03536965
v 0.22038592 0.56984437 0.04322957
v 0.22004364 0.56984437 0.05108950
v 0.21819487 0.56984437 0.05894941
v 0.22045980 0.57770425 -0.09824903
v 0.22279850 0.57770425 -0.09038910
v 0.22281037 0.57770425 -0.08252918
v 0.22272426 0.57770425 -0.07466926
v 0.22212675 0.57770425 -0.06680934
v 0.22089817 0.57770425 -0.05894941
v 0.22024345 0.57770425 -0.05108950
v 0.22014247 0.57770425 -0.04322957
v 0.22014762 0.57770425 -0.03536965
v 0.22016694 0.57770425 -0.02750973
v 0.22019979 0.57770425 -0.01964981
v 0.22024728 0.57770425 -0.01178988
v 0.22028722 0.57770425 -0.00392996
v 0.22032140 0.57770425 0.00392996
v 0.22041519 0.57770425 0.01178988
v 0.22140189 0.57770425 0.01964981
v 0.22326972 0.57770425 0.02750973
v 0.22394110 0.57770425 0.03536965
v 0.22389324 0.57770425 0.04322957
v 0.22359018 0.57770425 0.05108950
v 0.22061440 0.57770425 0.05894941
v 0.22400779 0.58556420 -0.09868714
v 0.22400779 0.58451420 -0.09824903
v 0.22400779 0.58059430 -0.09038910
v 0.22400779 0.58102739 -0.08252918
v 0.22400779 0.58133715 -0.07466926
v 0.22400779 0.58279192 -0.06680934
v 0.22400779 0.58556420 -0.06053241
v 0.22375916 0.58556420 -0.05894941
v 0.22305371 0.58556420 -0.05108950
v 0.22293666 0.58556420 -0.04322957
v 0.22285967 0.58556420 -0.03536965
v 0.22285931 0.58556420 -0.02750973
v 0.22294709 0.58556420 -0.01964981
v 0.22306822 0.58556420 -0.01178988
v 0.22318229 0.58556420 -0.00392996
v 0.22322066 0.58556420 0.00392996
v 0.22318852 0.58556420 0.01178988
v 0.22398943 0.58556420 0.01964981
v 0.22400779 0.58556420 0.01972884
v 0.22400779 0.57993585 0.02750973
v 0.22400779 0.57789546 0.03536965
v 0.22400779 0.57801527 0.04322957
v 0.22400779 0.57878906 0.05108950
v 0.22400779 0.58556420 0.05811516
v 0.22253297 0.58556420 0.05894941
v 0.22400779 0.59342414 -0.10034414
v 0.22400779 0.58649683 -0.05894941
v 0.22400779 0.58960068 -0.05108950
v 0.22400779 0.58945137 -0.04322957
v 0.22400779 0.58955222 -0.03536965
v 0.22400779 0.58955932 -0.02750973
v 0.22400779 0.58929580 -0.01964981
v 0.22400779 0.58886969 -0.01178988
v 0.22400779 0.58856624 -0.00392996
v 0.22400779 0.58864087 0.00392996
v 0.22400779 0.58913618 0.01178988
v 0.22400779 0.58564723 0.01964981
v 0.22400779 0.58758783 0.05894941
v 0.22117305 0.67202336 -0.09824903
v 0.22400779 0.67346543 -0.09824903
v 0.22221167 0.67988324 -0.09038910
v 0.22400779 0.67988324 -0.09291621
v 0.22146064 0.67988324 -0.08252918
v 0.22114751 0.67988324 -0.07466926
v 0.22139792 0.67988324 -0.06680934
v 0.22400779 0.67988324 -0.05921333
v 0.22400779 0.67982632 -0.05894941
v 0.22400779 0.67779845 -0.05108950
v 0.22400779 0.67772329 -0.04322957
v 0.22400779 0.67787296 -0.03536965
v 0.22400779 0.67792022 -0.02750973
v 0.22400779 0.67791808 -0.01964981
v 0.22400779 0.67796183 -0.01178988
v 0.22400779 0.67805129 -0.00392996
v 0.22400779 0.67832798 0.00392996
v 0.22400779 0.67880541 0.01178988
v 0.22400779 0.67946482 0.01964981
v 0.22381313 0.67988324 0.02750973
v 0.22400779 0.67988324 0.02585597
v 0.22360793 0.67988324 0.03536965
v 0.22397348 0.67988324 0.04322957
v 0.22400779 0.67988324 0.04343909
v 0.22400779 0.67910600 0.05108950
v 0.22400779 0.68094635 -0.09038910
v 0.22400779 0.68142152 -0.08252918
v 0.22400779 0.68164343 -0.07466926
v 0.22400779 0.68142754 -0.06680934
v 0.22400779 0.67999107 0.02750973
v 0.22400779 0.68010670 0.03536965
v 0.22400779 0.67990303 0.04322957
v 0.22447576 0.58556420 -0.09824903
v 0.22617570 0.58556420 -0.09038910
v 0.22574346 0.58556420 -0.08252918
v 0.22550790 0.58556420 -0.07466926
v 0.22498631 0.58556420 -0.06680934
v 0.22577487 0.58556420 0.02750973
v 0.22666417 0.58556420 0.03536965
v 0.22685236 0.58556420 0.04322957
v 0.22670700 0.58556420 0.05108950
v 0.22747973 0.59342414 -0.09824903
v 0.22988965 0.59342414 -0.09038910
v 0.22903992 0.59342414 -0.08252918
v 0.22856787 0.59342414 -0.07466926
v 0.22796760 0.59342414 -0.06680934
v 0.22588329 0.59342414 -0.05894941
v 0.22487310 0.59342414 -0.05108950
v 0.22503608 0.59342414 -0.04322957
v 0.22506559 0.59342414 -0.03536965
v 0.22506846 0.59342414 -0.02750973
v 0.22512735 0.59342414 -0.01964981
v 0.22524045 0.59342414 -0.01178988
v 0.22527775 0.59342414 -0.00392996
v 0.22516933 0.59342414 0.00392996
v 0.22497024 0.59342414 0.01178988
v 0.22571358 0.59342414 0.01964981
v 0.22797924 0.59342414 0.02750973
v 0.22944194 0.59342414 0.03536965
v 0.23031205 0.59342414 0.04322957
v 0.23060121 0.59342414 0.05108950
v 0.22573949 0.59342414 0.05894941
v 0.23186770 0.60128403 -0.09838953
v 0.23186770 0.60093683 -0.09824903
v 0.23186770 0.59766340 -0.09038910
v 0.23186770 0.59986347 -0.08252918
v 0.23186770 0.60128403 -0.07601845
v 0.23174189 0.60128403 -0.07466926
v 0.23103622 0.60128403 -0.06680934
v 0.22765410 0.60128403 -0.05894941
v 0.22554353 0.60128403 -0.05108950
v 0.22582692 0.60128403 -0.04322957
v 0.22603801 0.60128403 -0.03536965
v 0.22608310 0.60128403 -0.02750973
v 0.22609821 0.60128403 -0.01964981
v 0.22603369 0.60128403 -0.01178988
v 0.22595800 0.60128403 -0.00392996
v 0.22575581 0.60128403 0.00392996
v 0.22562447 0.60128403 0.01178988
v 0.22641627 0.60128403 0.01964981
v 0.22984216 0.60128403 0.02750973
v 0.23186770 0.60128403 0.03430704
v 0.23186770 0.60046768 0.03536965
v 0.23186770 0.59728187 0.04322957
v 0.23186770 0.59599823 0.05108950
v 0.23186770 0.60128403 0.05830190
v 0.23084684 0.60128403 0.05894941
v 0.23186770 0.60914397 -0.10031745
v 0.23186770 0.60161650 -0.07466926
v 0.23186770 0.60365045 -0.06680934
v 0.23186770 0.60914397 -0.06157223
v 0.23077127 0.60914397 -0.05894941
v 0.22785595 0.60914397 -0.05108950
v 0.22773542 0.60914397 -0.04322957
v 0.22771995 0.60914397 -0.03536965
v 0.22766322 0.60914397 -0.02750973
v 0.22760577 0.60914397 -0.01964981
v 0.22761309 0.60914397 -0.01178988
v 0.22774129 0.60914397 -0.00392996
v 0.22791436 0.60914397 0.00392996
v 0.22802025 0.60914397 0.01178988
v 0.22853777 0.60914397 0.01964981
v 0.23167269 0.60914397 0.02750973
v 0.23186770 0.60914397 0.02795360
v 0.23186770 0.60222638 0.05894941
v 0.23186770 0.61700392 -0.10098661
v 0.23186770 0.61124498 -0.05894941
v 0.23186770 0.61546445 -0.05108950
v 0.23186770 0.61608964 -0.04322957
v 0.23186770 0.61662817 -0.03536965
v 0.23186770 0.61696273 -0.02750973
v 0.23186770 0.61697680 -0.01964981
v 0.23186770 0.61679006 -0.01178988
v 0.23186770 0.61633742 -0.00392996
v 0.23186770 0.61581618 0.00392996
v 0.23186770 0.61542630 0.01178988
v 0.23186770 0.61488587 0.01964981
v 0.23186770 0.60963595 0.02750973
v 0.23109497 0.67988324 -0.09824903
v 0.22409761 0.67988324 -0.05894941
v 0.22678651 0.67988324 -0.05108950
v 0.22691448 0.67988324 -0.04322957
v 0.22683699 0.67988324 -0.03536965
v 0.22686099 0.67988324 -0.02750973
v 0.22690189 0.67988324 -0.01964981
v 0.22684540 0.67988324 -0.01178988
v 0.22668481 0.67988324 -0.00392996
v 0.22629574 0.67988324 0.00392996
v 0.22565362 0.67988324 0.01178988
v 0.22470039 0.67988324 0.01964981
v 0.22527091 0.67988324 0.05108950
v 0.23186770 0.67988324 0.05842075
v 0.23186770 0.68027639 -0.09824903
v 0.23186770 0.68497360 -0.09038910
v 0.23186770 0.68553042 -0.08252918
v 0.23186770 0.68582249 -0.07466926
v 0.23186770 0.68577641 -0.06680934
v 0.23186770 0.68509138 -0.05894941
v 0.23186770 0.68447816 -0.05108950
v 0.23186770 0.68444407 -0.04322957
v 0.23186770 0.68439358 -0.03536965
v 0.23186770 0.68425828 -0.02750973
v 0.23186770 0.68413740 -0.01964981
v 0.23186770 0.68419808 -0.01178988
v 0.23186770 0.68432307 -0.00392996
v 0.23186770 0.68454677 0.00392996
v 0.23186770 0.68465805 0.01178988
v 0.23186770 0.68468755 0.01964981
v 0.23186770 0.68465579 0.02750973
v 0.23186770 0.68460381 0.03536965
v 0.23186770 0.68469536 0.04322957
v 0.23186770 0.68413526 0.05108950
v 0.23134443 0.85280156 -0.02750973
v 0.23186770 0.85280156 -0.03127016
v 0.23186770 0.85091549 -0.02750973
v 0.23186770 0.84977961 -0.01964981
v 0.23102757 0.85280156 -0.01964981
v 0.23186770 0.85131931 -0.01178988
v 0.23144338 0.85280156 -0.01178988
v 0.23186770 0.85280156 -0.00900234
v 0.23075233 0.86066151 -0.03536965
v 0.23186770 0.86066151 -0.04002814
v 0.23186770 0.85545468 -0.03536965
v 0.22962856 0.86066151 -0.02750973
v 0.22931530 0.86066151 -0.01964981
v 0.22972858 0.86066151 -0.01178988
v 0.23186770 0.85626018 -0.00392996
v 0.23088977 0.86066151 -0.00392996
v 0.23186770 0.86066151 0.00022068
v 0.23135740 0.86852139 -0.04322957
v 0.23186770 0.86852139 -0.04473383
v 0.23186770 0.86542016 -0.04322957
v 0.22946964 0.86852139 -0.03536965
v 0.22843510 0.86852139 -0.02750973
v 0.22813684 0.86852139 -0.01964981
v 0.22851007 0.86852139 -0.01178988
v 0.22955348 0.86852139 -0.00392996
v 0.23186770 0.86570871 0.00392996
v 0.23137070 0.86852139 0.00392996
v 0.23186770 0.86852139 0.00544423
v 0.23041964 0.87638134 -0.04322957
v 0.23186770 0.87638134 -0.04757594
v 0.22864115 0.87638134 -0.03536965
v 0.22768636 0.87638134 -0.02750973
v 0.22739241 0.87638134 -0.01964981
v 0.22775497 0.87638134 -0.01178988
v 0.22868168 0.87638134 -0.00392996
v 0.23035163 0.87638134 0.00392996
v 0.23186770 0.87638134 0.00871145
v 0.22991663 0.88424122 -0.04322957
v 0.23186770 0.88424122 -0.04927659
v 0.22827895 0.88424122 -0.03536965
v 0.22736387 0.88424122 -0.02750973
v 0.22708239 0.88424122 -0.01964981
v 0.22740212 0.88424122 -0.01178988
v 0.22825833 0.88424122 -0.00392996
v 0.22971658 0.88424122 0.00392996
v 0.23186770 0.88424122 0.01097122
v 0.22989000 0.89210117 -0.04322957
v 0.23186770 0.89210117 -0.04973323
v 0.22835931 0.89210117 -0.03536965
v 0.22753620 0.89210117 -0.02750973
v 0.22726816 0.89210117 -0.01964981
v 0.22751978 0.89210117 -0.01178988
v 0.22824956 0.89210117 -0.00392996
v 0.22957543 0.89210117 0.00392996
v 0.23186770 0.89130795 0.01178988
v 0.23183843 0.89210117 0.01178988
v 0.23186770 0.89210117 0.01186112
v 0.23032224 0.89996111 -0.04322957
v 0.23186770 0.89996111 -0.04869042
v 0.22891903 0.89996111 -0.03536965
v 0.22818157 0.89996111 -0.02750973
v 0.22793390 0.89996111 -0.01964981
v 0.22813264 0.89996111 -0.01178988
v 0.22875509 0.89996111 -0.00392996
v 0.22997300 0.89996111 0.00392996
v 0.23186770 0.89996111 0.01102663
v 0.23186770 0.89304864 0.01178988
v 0.23130330 0.90782100 -0.04322957
v 0.23186770 0.90782100 -0.04545469
v 0.23005192 0.90782100 -0.03536965
v 0.22936842 0.90782100 -0.02750973
v 0.22914451 0.90782100 -0.01964981
v 0.22931769 0.90782100 -0.01178988
v 0.22991592 0.90782100 -0.00392996
v 0.23103356 0.90782100 0.00392996
v 0.23186770 0.90782100 0.00742828
v 0.23186770 0.91067147 -0.04322957
v 0.23186770 0.91566557 -0.03536965
v 0.23135091 0.91568094 -0.02750973
v 0.23186770 0.91568094 -0.03531394
v 0.23118685 0.91568094 -0.01964981
v 0.23138317 0.91568094 -0.01178988
v 0.23186770 0.91568094 -0.00440412
v 0.23186770 0.91556150 -0.00392996
v 0.23186770 0.91141814 0.00392996
v 0.23186770 0.91688025 -0.02750973
v 0.23186770 0.91721630 -0.01964981
v 0.23186770 0.91676635 -0.01178988
v 0.23201415 0.60128403 -0.09824903
v 0.23362628 0.60128403 -0.09038910
v 0.23252241 0.60128403 -0.08252918
v 0.23215771 0.60128403 0.03536965
v 0.23349604 0.60128403 0.04322957
v 0.23424165 0.60128403 0.05108950
v 0.23486842 0.60914397 -0.09824903
v 0.23742923 0.60914397 -0.09038910
v 0.23627225 0.60914397 -0.08252918
v 0.23482333 0.60914397 -0.07466926
v 0.23372906 0.60914397 -0.06680934
v 0.23492348 0.60914397 0.03536965
v 0.23671684 0.60914397 0.04322957
v 0.23767197 0.60914397 0.05108950
v 0.23448141 0.60914397 0.05894941
v 0.23848824 0.61700392 -0.09824903
v 0.23972763 0.61700392 -0.09557746
v 0.23972763 0.61449140 -0.09038910
v 0.23972763 0.61700392 -0.08451641
v 0.23934792 0.61700392 -0.08252918
v 0.23717521 0.61700392 -0.07466926
v 0.23613839 0.61700392 -0.06680934
v 0.23466466 0.61700392 -0.05894941
v 0.23295286 0.61700392 -0.05108950
v 0.23249543 0.61700392 -0.04322957
v 0.23212016 0.61700392 -0.03536965
v 0.23189469 0.61700392 -0.02750973
v 0.23188557 0.61700392 -0.01964981
v 0.23201007 0.61700392 -0.01178988
v 0.23231314 0.61700392 -0.00392996
v 0.23266597 0.61700392 0.00392996
v 0.23295370 0.61700392 0.01178988
v 0.23325041 0.61700392 0.01964981
v 0.23484084 0.61700392 0.02750973
v 0.23745538 0.61700392 0.03536965
v 0.23938833 0.61700392 0.04322957
v 0.23972763 0.61700392 0.04537145
v 0.23972763 0.61468714 0.05108950
v 0.23972763 0.61700392 0.05583884
v 0.23832656 0.61700392 0.05894941
v 0.23972763 0.62486380 -0.09992503
v 0.23972763 0.61900896 -0.09824903
v 0.23972763 0.61821979 -0.08252918
v 0.23972763 0.62486380 -0.07532331
v 0.23954198 0.62486380 -0.07466926
v 0.23919213 0.62486380 -0.06680934
v 0.23904617 0.62486380 -0.05894941
v 0.23857315 0.62486380 -0.05108950
v 0.23825665 0.62486380 -0.04322957
v 0.23794675 0.62486380 -0.03536965
v 0.23773506 0.62486380 -0.02750973
v 0.23768494 0.62486380 -0.01964981
v 0.23779348 0.62486380 -0.01178988
v 0.23801270 0.62486380 -0.00392996
v 0.23823602 0.62486380 0.00392996
v 0.23850107 0.62486380 0.01178988
v 0.23875353 0.62486380 0.01964981
v 0.23898824 0.62486380 0.02750973
v 0.23972763 0.62486380 0.03411503
v 0.23972763 0.62441128 0.03536965
v 0.23972763 0.61823142 0.04322957
v 0.23972763 0.61920863 0.05894941
v 0.23972763 0.63272375 -0.10122624
v 0.23972763 0.62525082 -0.07466926
v 0.23972763 0.62588483 -0.06680934
v 0.23972763 0.62608236 -0.05894941
v 0.23972763 0.62674820 -0.05108950
v 0.23972763 0.62714350 -0.04322957
v 0.23972763 0.62750787 -0.03536965
v 0.23972763 0.62776715 -0.02750973
v 0.23972763 0.62782675 -0.01964981
v 0.23972763 0.62769061 -0.01178988
v 0.23972763 0.62741393 -0.00392996
v 0.23972763 0.62713760 0.00392996
v 0.23972763 0.62678790 0.01178988
v 0.23972763 0.62646657 0.01964981
v 0.23972763 0.62621188 0.02750973
v 0.23239660 0.67988324 0.05894941
v 0.23882574 0.68774319 -0.09824903
v 0.23972763 0.68774319 -0.09911302
v 0.23584720 0.68774319 -0.09038910
v 0.23502457 0.68774319 -0.08252918
v 0.23442468 0.68774319 -0.07466926
v 0.23424682 0.68774319 -0.06680934
v 0.23451103 0.68774319 -0.05894941
v 0.23465303 0.68774319 -0.05108950
v 0.23455444 0.68774319 -0.04322957
v 0.23453945 0.68774319 -0.03536965
v 0.23460086 0.68774319 -0.02750973
v 0.23467690 0.68774319 -0.01964981
v 0.23461513 0.68774319 -0.01178988
v 0.23455444 0.68774319 -0.00392996
v 0.23449807 0.68774319 0.00392996
v 0.23460589 0.68774319 0.01178988
v 0.23486184 0.68774319 0.01964981
v 0.23522067 0.68774319 0.02750973
v 0.23548296 0.68774319 0.03536965
v 0.23554292 0.68774319 0.04322957
v 0.23631385 0.68774319 0.05108950
v 0.23919885 0.68774319 0.05894941
v 0.23972763 0.68774319 0.05961049
v 0.23972763 0.68894130 -0.09824903
v 0.23972763 0.69209892 -0.09038910
v 0.23972763 0.69331384 -0.08252918
v 0.23972763 0.69422090 -0.07466926
v 0.23972763 0.69499576 -0.06680934
v 0.23972763 0.69551426 -0.05894941
v 0.23946150 0.69560313 -0.05108950
v 0.23972763 0.69560313 -0.05768052
v 0.23920628 0.69560313 -0.04322957
v 0.23903681 0.69560313 -0.03536965
v 0.23891532 0.69560313 -0.02750973
v 0.23883581 0.69560313 -0.01964981
v 0.23879659 0.69560313 -0.01178988
v 0.23884696 0.69560313 -0.00392996
v 0.23905252 0.69560313 0.00392996
v 0.23944195 0.69560313 0.01178988
v 0.23972763 0.69560313 0.01613265
v 0.23972763 0.69519967 0.01964981
v 0.23972763 0.69427139 0.02750973
v 0.23972763 0.69353223 0.03536965
v 0.23972763 0.69296902 0.04322957
v 0.23972763 0.69176632 0.05108950
v 0.23972763 0.68851942 0.05894941
v 0.23972763 0.69616318 -0.05108950
v 0.23972763 0.69672269 -0.04322957
v 0.23972763 0.69713080 -0.03536965
v 0.23972763 0.69746077 -0.02750973
v 0.23972763 0.69769436 -0.01964981
v 0.23972763 0.69782269 -0.01178988
v 0.23972763 0.69764906 -0.00392996
v 0.23972763 0.69711548 0.00392996
v 0.23972763 0.69621813 0.01178988
v 0.23967043 0.82922179 -0.01964981
v 0.23972763 0.82922179 -0.02155848
v 0.23972763 0.82911289 -0.01964981
v 0.23972763 0.82922179 -0.01886946
v 0.23953322 0.83708173 -0.04322957
v 0.23972763 0.83708173 -0.04375644
v 0.23972763 0.83662659 -0.04322957
v 0.23972763 0.83198625 -0.03536965
v 0.23751211 0.83708173 -0.03536965
v 0.23972763 0.82960713 -0.02750973
v 0.23638858 0.83708173 -0.02750973
v 0.23608035 0.83708173 -0.01964981
v 0.23972763 0.83031678 -0.01178988
v 0.23661020 0.83708173 -0.01178988
v 0.23972763 0.83336633 -0.00392996
v 0.23798357 0.83708173 -0.00392996
v 0.23972763 0.83708173 0.00240981
v 0.23968925 0.84494162 -0.05108950
v 0.23972763 0.84494162 -0.05116841
v 0.23972763 0.84483331 -0.05108950
v 0.23669729 0.84494162 -0.04322957
v 0.23470400 0.84494162 -0.03536965
v 0.23353358 0.84494162 -0.02750973
v 0.23321190 0.84494162 -0.01964981
v 0.23370327 0.84494162 -0.01178988
v 0.23500803 0.84494162 -0.00392996
v 0.23972763 0.83814394 0.00392996
v 0.23706596 0.84494162 0.00392996
v 0.23972763 0.84494162 0.01090862
v 0.23738103 0.85280156 -0.05108950
v 0.23972763 0.85280156 -0.05590582
v 0.23445909 0.85280156 -0.04322957
v 0.23244086 0.85280156 -0.03536965
v 0.23263228 0.85280156 -0.00392996
v 0.23466082 0.85280156 0.00392996
v 0.23972763 0.84599704 0.01178988
v 0.23752145 0.85280156 0.01178988
v 0.23972763 0.85280156 0.01640574
v 0.23934217 0.86066151 -0.05894941
v 0.23972763 0.86066151 -0.05959651
v 0.23972763 0.85906243 -0.05894941
v 0.23554377 0.86066151 -0.05108950
v 0.23264810 0.86066151 -0.04322957
v 0.23275113 0.86066151 0.00392996
v 0.23556679 0.86066151 0.01178988
v 0.23972763 0.85896206 0.01964981
v 0.23929107 0.86066151 0.01964981
v 0.23972763 0.86066151 0.02040946
v 0.23780583 0.86852139 -0.05894941
v 0.23972763 0.86852139 -0.06222592
v 0.23411728 0.86852139 -0.05108950
v 0.23401390 0.86852139 0.01178988
v 0.23761310 0.86852139 0.01964981
v 0.23972763 0.86852139 0.02330188
v 0.23667881 0.87638134 -0.05894941
v 0.23972763 0.87638134 -0.06420158
v 0.23307554 0.87638134 -0.05108950
v 0.23285979 0.87638134 0.01178988
v 0.23639314 0.87638134 0.01964981
v 0.23972763 0.87638134 0.02546727
v 0.23597097 0.88424122 -0.05894941
v 0.23972763 0.88424122 -0.06549290
v 0.23246844 0.88424122 -0.05108950
v 0.23212580 0.88424122 0.01178988
v 0.23556475 0.88424122 0.01964981
v 0.23972763 0.88424122 0.02691474
v 0.23567593 0.89210117 -0.05894941
v 0.23972763 0.89210117 -0.06610306
v 0.23229167 0.89210117 -0.05108950
v 0.23517784 0.89210117 0.01964981
v 0.23972763 0.89066315 0.02750973
v 0.23964739 0.89210117 0.02750973
v 0.23972763 0.89210117 0.02762750
v 0.23580822 0.89996111 -0.05894941
v 0.23972763 0.89996111 -0.06591608
v 0.23256248 0.89996111 -0.05108950
v 0.23207806 0.89996111 0.01178988
v 0.23530726 0.89996111 0.01964981
v 0.23972763 0.89996111 0.02742398
v 0.23972763 0.89689440 0.02750973
v 0.23641951 0.90782100 -0.05894941
v 0.23972763 0.90782100 -0.06487218
v 0.23330522 0.90782100 -0.05108950
v 0.23291735 0.90782100 0.01178988
v 0.23606355 0.90782100 0.01964981
v 0.23972763 0.90782100 0.02614633
v 0.23770340 0.91568094 -0.05894941
v 0.23972763 0.91568094 -0.06252348
v 0.23476192 0.91568094 -0.05108950
v 0.23289265 0.91568094 -0.04322957
v 0.23187155 0.91568094 -0.03536965
v 0.23190008 0.91568094 -0.00392996
v 0.23287611 0.91568094 0.00392996
v 0.23466802 0.91568094 0.01178988
v 0.23755385 0.91568094 0.01964981
v 0.23972763 0.91568094 0.02349785
v 0.23972763 0.92168719 -0.05894941
v 0.23766933 0.92354083 -0.05108950
v 0.23972763 0.92354083 -0.05704188
v 0.23636112 0.92354083 -0.04322957
v 0.23581745 0.92354083 -0.03536965
v 0.23556836 0.92354083 -0.02750973
v 0.23551954 0.92354083 -0.01964981
v 0.23570448 0.92354083 -0.01178988
v 0.23602469 0.92354083 -0.00392996
v 0.23657592 0.92354083 0.00392996
v 0.23783569 0.92354083 0.01178988
v 0.23972763 0.92354083 0.01748993
v 0.23972763 0.92163825 0.01964981
v 0.23972763 0.92646384 -0.05108950
v 0.23972763 0.92745197 -0.04322957
v 0.23972763 0.92739528 -0.03536965
v 0.23972763 0.92733866 -0.02750973
v 0.23972763 0.92732823 -0.01964981
v 0.23972763 0.92725891 -0.01178988
v 0.23972763 0.92729187 -0.00392996
v 0.23972763 0.92723012 0.00392996
v 0.23972763 0.92616081 0.01178988
v 0.24079947 0.61700392 -0.09038910
v 0.24056427 0.61700392 0.05108950
v 0.24202038 0.62486380 -0.09824903
v 0.24424994 0.62486380 -0.09038910
v 0.24209797 0.62486380 -0.08252918
v 0.23986568 0.62486380 0.03536965
v 0.24160349 0.62486380 0.04322957
v 0.24310757 0.62486380 0.05108950
v 0.24154294 0.62486380 0.05894941
v 0.24579048 0.63272375 -0.09824903
v 0.24739709 0.63272375 -0.09038910
v 0.24570879 0.63272375 -0.08252918
v 0.24386904 0.63272375 -0.07466926
v 0.24364103 0.63272375 -0.06680934
v 0.24346234 0.63272375 -0.05894941
v 0.24317665 0.63272375 -0.05108950
v 0.24300887 0.63272375 -0.04322957
v 0.24283808 0.63272375 -0.03536965
v 0.24271660 0.63272375 -0.02750973
v 0.24269933 0.63272375 -0.01964981
v 0.24274705 0.63272375 -0.01178988
v 0.24286087 0.63272375 -0.00392996
v 0.24298501 0.63272375 0.00392996
v 0.24312413 0.63272375 0.01178988
v 0.24321119 0.63272375 0.01964981
v 0.24322739 0.63272375 0.02750973
v 0.24338102 0.63272375 0.03536965
v 0.24449340 0.63272375 0.04322957
v 0.24605505 0.63272375 0.05108950
v 0.24442852 0.63272375 0.05894941
v 0.24758755 0.64058363 -0.10015794
v 0.24758755 0.63561594 -0.09824903
v 0.24758755 0.63321483 -0.09038910
v 0.24758755 0.63714671 -0.08252918
v 0.24758755 0.63989294 -0.07466926
v 0.24758755 0.64041865 -0.06680934
v 0.24758755 0.64058363 -0.06374589
v 0.24745969 0.64058363 -0.05894941
v 0.24724095 0.64058363 -0.05108950
v 0.24710673 0.64058363 -0.04322957
v 0.24697614 0.64058363 -0.03536965
v 0.24690837 0.64058363 -0.02750973
v 0.24688463 0.64058363 -0.01964981
v 0.24689110 0.64058363 -0.01178988
v 0.24694747 0.64058363 -0.00392996
v 0.24704245 0.64058363 0.00392996
v 0.24713720 0.64058363 0.01178988
v 0.24722643 0.64058363 0.01964981
v 0.24730150 0.64058363 0.02750973
v 0.24747746 0.64058363 0.03536965
v 0.24758755 0.64058363 0.03641199
v 0.24758755 0.63913065 0.04322957
v 0.24758755 0.63621330 0.05108950
v 0.24758755 0.63802683 0.05894941
v 0.24758755 0.64844358 -0.10217071
v 0.24758755 0.64083409 -0.05894941
v 0.24758755 0.64124835 -0.05108950
v 0.24758755 0.64148986 -0.04322957
v 0.24758755 0.64173323 -0.03536965
v 0.24758755 0.64185458 -0.02750973
v 0.24758755 0.64188504 -0.01964981
v 0.24758755 0.64188039 -0.01178988
v 0.24758755 0.64177340 -0.00392996
v 0.24758755 0.64159912 0.00392996
v 0.24758755 0.64142030 0.01178988
v 0.24758755 0.64125526 0.01964981
v 0.24758755 0.64111507 0.02750973
v 0.24758755 0.64078730 0.03536965
v 0.24758755 0.65630352 -0.10327416
v 0.24758755 0.66416341 -0.10403753
v 0.24758755 0.66416341 0.06487734
v 0.24758755 0.67202336 -0.10467383
v 0.24758755 0.67202336 0.06581857
v 0.24758755 0.67988324 -0.10526355
v 0.24758755 0.67988324 0.06657175
v 0.24758755 0.68774319 -0.10601840
v 0.24758755 0.68260860 0.06680934
v 0.24681795 0.68774319 0.06680934
v 0.24758755 0.68774319 0.06723810
v 0.24739721 0.69560313 -0.10610895
v 0.24758755 0.69560313 -0.10627566
v 0.24758755 0.69030374 -0.10610895
v 0.24318062 0.69560313 -0.09824903
v 0.24187407 0.69560313 -0.09038910
v 0.24109402 0.69560313 -0.08252918
v 0.24052830 0.69560313 -0.07466926
v 0.24006812 0.69560313 -0.06680934
v 0.23977704 0.69560313 -0.05894941
v 0.23994567 0.69560313 0.01964981
v 0.24044722 0.69560313 0.02750973
v 0.24090129 0.69560313 0.03536965
v 0.24134985 0.69560313 0.04322957
v 0.24214655 0.69560313 0.05108950
v 0.24332501 0.69560313 0.05894941
v 0.24701343 0.69560313 0.06680934
v 0.24758755 0.69560313 0.06729711
v 0.24758755 0.69651818 -0.10610895
v 0.24671143 0.70346302 -0.09824903
v 0.24758755 0.70346302 -0.10151216
v 0.24566838 0.70346302 -0.09038910
v 0.24481255 0.70346302 -0.08252918
v 0.24418589 0.70346302 -0.07466926
v 0.24371083 0.70346302 -0.06680934
v 0.24335907 0.70346302 -0.05894941
v 0.24305144 0.70346302 -0.05108950
v 0.24278748 0.70346302 -0.04322957
v 0.24254437 0.70346302 -0.03536965
v 0.24234085 0.70346302 -0.02750973
v 0.24218301 0.70346302 -0.01964981
v 0.24210326 0.70346302 -0.01178988
v 0.24220257 0.70346302 -0.00392996
v 0.24247600 0.70346302 0.00392996
v 0.24289577 0.70346302 0.01178988
v 0.24335848 0.70346302 0.01964981
v 0.24386664 0.70346302 0.02750973
v 0.24439842 0.70346302 0.03536965
v 0.24503705 0.70346302 0.04322957
v 0.24579011 0.70346302 0.05108950
v 0.24662437 0.70346302 0.05894941
v 0.24758755 0.70346302 0.06328259
v 0.24758755 0.69856209 0.06680934
v 0.24758755 0.70553750 -0.09824903
v 0.24758755 0.70779276 -0.09038910
v 0.24758755 0.70966238 -0.08252918
v 0.24758755 0.71115530 -0.07466926
v 0.24714656 0.71132296 -0.06680934
v 0.24758755 0.71132296 -0.07352342
v 0.24678315 0.71132296 -0.05894941
v 0.24645922 0.71132296 -0.05108950
v 0.24615663 0.71132296 -0.04322957
v 0.24587323 0.71132296 -0.03536965
v 0.24556896 0.71132296 -0.02750973
v 0.24537347 0.71132296 -0.01964981
v 0.24526241 0.71132296 -0.01178988
v 0.24530762 0.71132296 -0.00392996
v 0.24557604 0.71132296 0.00392996
v 0.24600719 0.71132296 0.01178988
v 0.24647841 0.71132296 0.01964981
v 0.24700899 0.71132296 0.02750973
v 0.24752051 0.71132296 0.03536965
v 0.24758755 0.71132296 0.03618831
v 0.24758755 0.70988542 0.04322957
v 0.24758755 0.70804918 0.05108950
v 0.24758755 0.70602238 0.05894941
v 0.24758755 0.71228325 -0.06680934
v 0.24758755 0.71308190 -0.05894941
v 0.24758755 0.71381974 -0.05108950
v 0.24758755 0.71451509 -0.04322957
v 0.24758755 0.71514666 -0.03536965
v 0.24758755 0.71584117 -0.02750973
v 0.24758755 0.71632725 -0.01964981
v 0.24758755 0.71663237 -0.01178988
v 0.24758755 0.71656609 -0.00392996
v 0.24758755 0.71606702 0.00392996
v 0.24758755 0.71507388 0.01178988
v 0.24758755 0.71397465 0.01964981
v 0.24758755 0.71272391 0.02750973
v 0.24758755 0.71148604 0.03536965
v 0.24702626 0.82136184 -0.04322957
v 0.24758755 0.82136184 -0.04482612
v 0.24758755 0.82037383 -0.04322957
v 0.24758755 0.81711674 -0.03536965
v 0.24512209 0.82136184 -0.03536965
v 0.24758755 0.81542051 -0.02750973
v 0.24407987 0.82136184 -0.02750973
v 0.24758755 0.81515795 -0.01964981
v 0.24390382 0.82136184 -0.01964981
v 0.24758755 0.81625104 -0.01178988
v 0.24454065 0.82136184 -0.01178988
v 0.24758755 0.81873572 -0.00392996
v 0.24602087 0.82136184 -0.00392996
v 0.24758755 0.82136184 0.00161562
v 0.24598020 0.82922179 -0.05108950
v 0.24758755 0.82922179 -0.05434417
v 0.24758755 0.82595277 -0.05108950
v 0.24299820 0.82922179 -0.04322957
v 0.24094878 0.82922179 -0.03536965
v 0.23990440 0.82922179 -0.02750973
v 0.24024454 0.82922179 -0.01178988
v 0.24171995 0.82922179 -0.00392996
v 0.24758755 0.82254201 0.00392996
v 0.24396078 0.82922179 0.00392996
v 0.24758755 0.82807034 0.01178988
v 0.24697445 0.82922179 0.01178988
v 0.24758755 0.82922179 0.01308936
v 0.24662665 0.83708173 -0.05894941
v 0.24758755 0.83708173 -0.06047502
v 0.24758755 0.83478153 -0.05894941
v 0.24256463 0.83708173 -0.05108950
v 0.24014895 0.83708173 0.00392996
v 0.24324250 0.83708173 0.01178988
v 0.24758755 0.83604860 0.01964981
v 0.24711369 0.83708173 0.01964981
v 0.24758755 0.83708173 0.02045923
v 0.24376781 0.84494162 -0.05894941
v 0.24758755 0.84494162 -0.06492927
v 0.24007088 0.84494162 0.01178988
v 0.24400467 0.84494162 0.01964981
v 0.24758755 0.84494162 0.02555314
v 0.24642096 0.85280156 -0.06680934
v 0.24758755 0.85280156 -0.06834053
v 0.24758755 0.84902823 -0.06680934
v 0.24130414 0.85280156 -0.05894941
v 0.24136423 0.85280156 0.01964981
v 0.24758755 0.84876460 0.02750973
v 0.24627104 0.85280156 0.02750973
v 0.24758755 0.85280156 0.02930644
v 0.24436758 0.86066151 -0.06680934
v 0.24758755 0.86066151 -0.07105994
v 0.24411993 0.86066151 0.02750973
v 0.24758755 0.86066151 0.03219730
v 0.24265830 0.86852139 -0.06680934
v 0.24758755 0.86852139 -0.07325298
v 0.24235536 0.86852139 0.02750973
v 0.24758755 0.86852139 0.03448802
v 0.24745238 0.87638134 -0.07466926
v 0.24758755 0.87638134 -0.07482073
v 0.24758755 0.87554997 -0.07466926
v 0.24139397 0.87638134 -0.06680934
v 0.24099855 0.87638134 0.02750973
v 0.24758755 0.87262863 0.03536965
v 0.24694699 0.87638134 0.03536965
v 0.24758755 0.87638134 0.03609968
v 0.24664739 0.88424122 -0.07466926
v 0.24758755 0.88424122 -0.07569660
v 0.24055229 0.88424122 -0.06680934
v 0.24009366 0.88424122 0.02750973
v 0.24602555 0.88424122 0.03536965
v 0.24758755 0.88424122 0.03710760
v 0.24629995 0.89210117 -0.07466926
v 0.24758755 0.89210117 -0.07605425
v 0.24016239 0.89210117 -0.06680934
v 0.24565771 0.89210117 0.03536965
v 0.24758755 0.89210117 0.03747711
v 0.24646546 0.89996111 -0.07466926
v 0.24758755 0.89996111 -0.07585852
v 0.24027680 0.89996111 -0.06680934
v 0.23978052 0.89996111 0.02750973
v 0.24590501 0.89996111 0.03536965
v 0.24758755 0.89996111 0.03717212
v 0.24730343 0.90782100 -0.07466926
v 0.24758755 0.90782100 -0.07497095
v 0.24095754 0.90782100 -0.06680934
v 0.24057783 0.90782100 0.02750973
v 0.24689361 0.90782100 0.03536965
v 0.24758755 0.90782100 0.03610052
v 0.24758755 0.90920085 -0.07466926
v 0.24245982 0.91568094 -0.06680934
v 0.24758755 0.91568094 -0.07313232
v 0.24223758 0.91568094 0.02750973
v 0.24758755 0.91568094 0.03412643
v 0.24758755 0.91088516 0.03536965
v 0.24527140 0.92354083 -0.06680934
v 0.24758755 0.92354083 -0.06962074
v 0.24043295 0.92354083 -0.05894941
v 0.24049027 0.92354083 0.01964981
v 0.24513648 0.92354083 0.02750973
v 0.24758755 0.92354083 0.03056142
v 0.24758755 0.92710322 -0.06680934
v 0.24636963 0.93140078 -0.05894941
v 0.24758755 0.93140078 -0.06113759
v 0.24482310 0.93140078 -0.05108950
v 0.24605265 0.93140078 -0.04322957
v 0.24758755 0.93140078 -0.03786264
v 0.24758755 0.93106031 -0.03536965
v 0.24758755 0.93058211 -0.02750973
v 0.24758755 0.93051386 -0.01964981
v 0.24758755 0.93055981 -0.01178988
v 0.24758755 0.93106294 -0.00392996
v 0.24608204 0.93140078 0.00392996
v 0.24758755 0.93140078 -0.00150000
v 0.24505109 0.93140078 0.01178988
v 0.24654882 0.93140078 0.01964981
v 0.24758755 0.93140078 0.02164033
v 0.24758755 0.92726189 0.02750973
v 0.24758755 0.93250161 -0.05894941
v 0.24758755 0.93330485 -0.05108950
v 0.24758755 0.93215370 -0.04322957
v 0.24758755 0.93217540 0.00392996
v 0.24758755 0.93321306 0.01178988
v 0.24758755 0.93233949 0.01964981
v 0.24942157 0.64058363 -0.09824903
v 0.25032333 0.64058363 -0.09038910
v 0.24898705 0.64058363 -0.08252918
v 0.24792732 0.64058363 -0.07466926
v 0.24766910 0.64058363 -0.06680934
v 0.24835213 0.64058363 0.04322957
v 0.24957268 0.64058363 0.05108950
v 0.24867234 0.64058363 0.05894941
v 0.25240645 0.64844358 -0.09824903
v 0.25310385 0.64844358 -0.09038910
v 0.25214571 0.64844358 -0.08252918
v 0.25159222 0.64844358 -0.07466926
v 0.25156429 0.64844358 -0.06680934
v 0.25149497 0.64844358 -0.05894941
v 0.25134853 0.64844358 -0.05108950
v 0.25125858 0.64844358 -0.04322957
v 0.25116119 0.64844358 -0.03536965
v 0.25114116 0.64844358 -0.02750973
v 0.25113192 0.64844358 -0.01964981
v 0.25115314 0.64844358 -0.01178988
v 0.25122499 0.64844358 -0.00392996
v 0.25131398 0.64844358 0.00392996
v 0.25143033 0.64844358 0.01178988
v 0.25155133 0.64844358 0.01964981
v 0.25168553 0.64844358 0.02750973
v 0.25192648 0.64844358 0.03536965
v 0.25251558 0.64844358 0.04322957
v 0.25320509 0.64844358 0.05108950
v 0.25212988 0.64844358 0.05894941
v 0.25544748 0.65630352 -0.09899501
v 0.25544748 0.65499765 -0.09824903
v 0.25544748 0.65444058 -0.09038910
v 0.25544748 0.65591645 -0.08252918
v 0.25544748 0.65626800 -0.07466926
v 0.25544748 0.65603375 -0.06680934
v 0.25544748 0.65602934 -0.05894941
v 0.25544748 0.65620780 -0.05108950
v 0.25544748 0.65630352 -0.04667518
v 0.25540754 0.65630352 -0.04322957
v 0.25537780 0.65630352 -0.03536965
v 0.25533006 0.65630352 -0.02750973
v 0.25536579 0.65630352 -0.01964981
v 0.25538042 0.65630352 -0.01178988
v 0.25542048 0.65630352 -0.00392996
v 0.25544748 0.65630352 0.00142108
v 0.25544748 0.65627974 0.00392996
v 0.25544748 0.65607285 0.01178988
v 0.25544748 0.65593714 0.01964981
v 0.25544748 0.65567911 0.02750973
v 0.25544748 0.65540498 0.03536965
v 0.25544748 0.65487725 0.04322957
v 0.25544748 0.65402192 0.05108950
v 0.25544748 0.65528494 0.05894941
v 0.25544748 0.65630352 0.05956095
v 0.25544748 0.66416341 -0.10273512
v 0.25544748 0.65638292 -0.04322957
v 0.25544748 0.65644228 -0.03536965
v 0.25544748 0.65653628 -0.02750973
v 0.25544748 0.65646803 -0.01964981
v 0.25544748 0.65643865 -0.01178988
v 0.25544748 0.65635818 -0.00392996
v 0.25544748 0.66416341 0.06342027
v 0.25544748 0.67202336 -0.10491885
v 0.25544748 0.67202336 0.06590492
v 0.25301403 0.67988324 -0.10610895
v 0.25544748 0.67988324 -0.10646611
v 0.25544748 0.67789167 -0.10610895
v 0.25544748 0.67646313 0.06680934
v 0.24979228 0.67988324 0.06680934
v 0.25544748 0.67988324 0.06736978
v 0.24790561 0.68774319 -0.10610895
v 0.25544748 0.68774319 -0.10777649
v 0.25544748 0.68774319 0.06854681
v 0.25544748 0.69560313 -0.10907861
v 0.25544748 0.69560313 0.06985600
v 0.24926013 0.70346302 -0.10610895
v 0.25544748 0.70346302 -0.11032273
v 0.24871528 0.70346302 0.06680934
v 0.25544748 0.70346302 0.07108387
v 0.25128761 0.71132296 -0.10610895
v 0.25544748 0.71132296 -0.11082441
v 0.25000277 0.71132296 -0.09824903
v 0.24911742 0.71132296 -0.09038910
v 0.24831206 0.71132296 -0.08252918
v 0.24766035 0.71132296 -0.07466926
v 0.24813709 0.71132296 0.04322957
v 0.24881375 0.71132296 0.05108950
v 0.24951524 0.71132296 0.05894941
v 0.25069848 0.71132296 0.06680934
v 0.25544748 0.71132296 0.07167622
v 0.25407532 0.71918291 -0.10610895
v 0.25544748 0.71918291 -0.10879646
v 0.25323591 0.71918291 -0.09824903
v 0.25249413 0.71918291 -0.09038910
v 0.25179744 0.71918291 -0.08252918
v 0.25121179 0.71918291 -0.07466926
v 0.25069958 0.71918291 -0.06680934
v 0.25029898 0.71918291 -0.05894941
v 0.24994016 0.71918291 -0.05108950
v 0.24961945 0.71918291 -0.04322957
v 0.24934828 0.71918291 -0.03536965
v 0.24904461 0.71918291 -0.02750973
v 0.24882081 0.71918291 -0.01964981
v 0.24867965 0.71918291 -0.01178988
v 0.24868770 0.71918291 -0.00392996
v 0.24886735 0.71918291 0.00392996
v 0.24926086 0.71918291 0.01178988
v 0.24971671 0.71918291 0.01964981
v 0.25019932 0.71918291 0.02750973
v 0.25070736 0.71918291 0.03536965
v 0.25127897 0.71918291 0.04322957
v 0.25187287 0.71918291 0.05108950
v 0.25243321 0.71918291 0.05894941
v 0.25308695 0.71918291 0.06680934
v 0.25544748 0.71918291 0.07063580
v 0.25544748 0.72276276 -0.10610895
v 0.25544748 0.72422379 -0.09824903
v 0.25544748 0.72566116 -0.09038910
v 0.25544748 0.72698343 -0.08252918
v 0.25492468 0.72704279 -0.07466926
v 0.25544748 0.72704279 -0.08212387
v 0.25442529 0.72704279 -0.06680934
v 0.25400323 0.72704279 -0.05894941
v 0.25365219 0.72704279 -0.05108950
v 0.25333628 0.72704279 -0.04322957
v 0.25301799 0.72704279 -0.03536965
v 0.25273758 0.72704279 -0.02750973
v 0.25246966 0.72704279 -0.01964981
v 0.25232202 0.72704279 -0.01178988
v 0.25227836 0.72704279 -0.00392996
v 0.25242373 0.72704279 0.00392996
v 0.25270233 0.72704279 0.01178988
v 0.25314933 0.72704279 0.01964981
v 0.25364044 0.72704279 0.02750973
v 0.25413746 0.72704279 0.03536965
v 0.25464201 0.72704279 0.04322957
v 0.25514176 0.72704279 0.05108950
v 0.25544748 0.72704279 0.05620547
v 0.25544748 0.72665149 0.05894941
v 0.25544748 0.72569430 0.06680934
v 0.25544748 0.72808480 -0.07466926
v 0.25544748 0.72901040 -0.06680934
v 0.25544748 0.72976589 -0.05894941
v 0.25544748 0.73034608 -0.05108950
v 0.25544748 0.73086977 -0.04322957
v 0.25544748 0.73139852 -0.03536965
v 0.25544748 0.73184347 -0.02750973
v 0.25544748 0.73229033 -0.01964981
v 0.25544748 0.73254889 -0.01178988
v 0.25544748 0.73268551 -0.00392996
v 0.25544748 0.73253453 0.00392996
v 0.25544748 0.73210323 0.01178988
v 0.25544748 0.73139554 0.01964981
v 0.25544748 0.73057300 0.02750973
v 0.25544748 0.72968709 0.03536965
v 0.25544748 0.72871512 0.04322957
v 0.25544748 0.72768670 0.05108950
v 0.25464427 0.80564201 -0.03536965
v 0.25544748 0.80564201 -0.03903935
v 0.25544748 0.80442387 -0.03536965
v 0.25544748 0.80301404 -0.02750973
v 0.25370497 0.80564201 -0.02750973
v 0.25544748 0.80273902 -0.01964981
v 0.25354043 0.80564201 -0.01964981
v 0.25544748 0.80370271 -0.01178988
v 0.25418493 0.80564201 -0.01178988
v 0.25544748 0.80564201 -0.00452141
v 0.25418612 0.81350195 -0.05108950
v 0.25544748 0.81350195 -0.05382864
v 0.25544748 0.81140900 -0.05108950
v 0.25544748 0.80711478 -0.04322957
v 0.25151858 0.81350195 -0.04322957
v 0.24970196 0.81350195 -0.03536965
v 0.24873783 0.81350195 -0.02750973
v 0.24858719 0.81350195 -0.01964981
v 0.24925713 0.81350195 -0.01178988
v 0.25544748 0.80580574 -0.00392996
v 0.25070387 0.81350195 -0.00392996
v 0.25544748 0.80913168 0.00392996
v 0.25283197 0.81350195 0.00392996
v 0.25544748 0.81350195 0.01129648
v 0.25368613 0.82136184 -0.05894941
v 0.25544748 0.82136184 -0.06186319
v 0.25544748 0.81805015 -0.05894941
v 0.24984324 0.82136184 -0.05108950
v 0.24823855 0.82136184 0.00392996
v 0.25544748 0.81381065 0.01178988
v 0.25116825 0.82136184 0.01178988
v 0.25544748 0.82014298 0.01964981
v 0.25476924 0.82136184 0.01964981
v 0.25544748 0.82136184 0.02087648
v 0.25489518 0.82922179 -0.06680934
v 0.25544748 0.82922179 -0.06756719
v 0.25544748 0.82801729 -0.06680934
v 0.24993092 0.82922179 -0.05894941
v 0.25074849 0.82922179 0.01964981
v 0.25544748 0.82896060 0.02750973
v 0.25531963 0.82922179 0.02750973
v 0.25544748 0.82922179 0.02769778
v 0.25176877 0.83708173 -0.06680934
v 0.25544748 0.83708173 -0.07165283
v 0.25190657 0.83708173 0.02750973
v 0.25544748 0.83708173 0.03242386
v 0.25518745 0.84494162 -0.07466926
v 0.25544748 0.84494162 -0.07495902
v 0.25544748 0.84418076 -0.07466926
v 0.24887335 0.84494162 -0.06680934
v 0.24885152 0.84494162 0.02750973
v 0.25544748 0.84316242 0.03536965
v 0.25479144 0.84494162 0.03536965
v 0.25544748 0.84494162 0.03611923
v 0.25277692 0.85280156 -0.07466926
v 0.25544748 0.85280156 -0.07752091
v 0.25231409 0.85280156 0.03536965
v 0.25544748 0.85280156 0.03880321
v 0.25060266 0.86066151 -0.07466926
v 0.25544748 0.86066151 -0.07969619
v 0.25014475 0.86066151 0.03536965
v 0.25544748 0.86066151 0.04096776
v 0.24879083 0.86852139 -0.07466926
v 0.25544748 0.86852139 -0.08137213
v 0.24831650 0.86852139 0.03536965
v 0.25544748 0.86852139 0.04265761
v 0.25544748 0.87638134 -0.08247408
v 0.25544748 0.87225229 0.04322957
v 0.25476408 0.87638134 0.04322957
v 0.25544748 0.87638134 0.04381400
v 0.25478521 0.88424122 -0.08252918
v 0.25544748 0.88424122 -0.08307955
v 0.25544748 0.87706351 -0.08252918
v 0.25393859 0.88424122 0.04322957
v 0.25544748 0.88424122 0.04449702
v 0.25456956 0.89210117 -0.08252918
v 0.25544748 0.89210117 -0.08324686
v 0.25374731 0.89210117 0.04322957
v 0.25544748 0.89210117 0.04462211
v 0.25492528 0.89996111 -0.08252918
v 0.25544748 0.89996111 -0.08295026
v 0.25428376 0.89996111 0.04322957
v 0.25544748 0.89996111 0.04415833
v 0.25544748 0.90380311 -0.08252918
v 0.25544748 0.90782100 -0.08206948
v 0.25544748 0.90656400 0.04322957
v 0.25544748 0.90782100 0.04304907
v 0.24908552 0.91568094 -0.07466926
v 0.25544748 0.91568094 -0.08026934
v 0.24880102 0.91568094 0.03536965
v 0.25544748 0.91568094 0.04114166
v 0.25254834 0.92354083 -0.07466926
v 0.25544748 0.92354083 -0.07720608
v 0.25217786 0.92354083 0.03536965
v 0.25544748 0.92354083 0.03823125
v 0.25544748 0.92753041 -0.07466926
v 0.25108013 0.93140078 -0.06680934
v 0.25544748 0.93140078 -0.07150213
v 0.24894434 0.93140078 -0.03536965
v 0.25102505 0.93140078 -0.02750973
v 0.25142577 0.93140078 -0.01964981
v 0.25116995 0.93140078 -0.01178988
v 0.24898776 0.93140078 -0.00392996
v 0.25095093 0.93140078 0.02750973
v 0.25544748 0.93140078 0.03268399
v 0.25544748 0.92819786 0.03536965
v 0.25544748 0.93513703 -0.06680934
v 0.25544748 0.93776476 -0.05894941
v 0.25544748 0.93680674 -0.05108950
v 0.25544748 0.93454432 -0.04322957
v 0.25544748 0.93307686 -0.03536965
v 0.25544748 0.93252301 -0.02750973
v 0.25544748 0.93239129 -0.01964981
v 0.25544748 0.93247563 -0.01178988
v 0.25544748 0.93301833 -0.00392996
v 0.25544748 0.93454808 0.00392996
v 0.25544748 0.93676728 0.01178988
v 0.25544748 0.93764424 0.01964981
v 0.25544748 0.93522471 0.02750973
v 0.25594985 0.65630352 -0.09824903
v 0.25621372 0.65630352 -0.09038910
v 0.25562450 0.65630352 -0.08252918
v 0.25546533 0.65630352 -0.07466926
v 0.25558624 0.65630352 -0.06680934
v 0.25559378 0.65630352 -0.05894941
v 0.25549975 0.65630352 -0.05108950
v 0.25546053 0.65630352 0.00392996
v 0.25557172 0.65630352 0.01178988
v 0.25563768 0.65630352 0.01964981
v 0.25575942 0.65630352 0.02750973
v 0.25587070 0.65630352 0.03536965
v 0.25605518 0.65630352 0.04322957
v 0.25633293 0.65630352 0.05108950
v 0.25584182 0.65630352 0.05894941
v 0.25928688 0.66416341 -0.09824903
v 0.25960013 0.66416341 -0.09038910
v 0.25930932 0.66416341 -0.08252918
v 0.25930366 0.66416341 -0.07466926
v 0.25942469 0.66416341 -0.06680934
v 0.25941798 0.66416341 -0.05894941
v 0.25934985 0.66416341 -0.05108950
v 0.25928149 0.66416341 -0.04322957
v 0.25923207 0.66416341 -0.03536965
v 0.25920606 0.66416341 -0.02750973
v 0.25918782 0.66416341 -0.01964981
v 0.25919610 0.66416341 -0.01178988
v 0.25917354 0.66416341 -0.00392996
v 0.25913829 0.66416341 0.00392996
v 0.25913793 0.66416341 0.01178988
v 0.25914177 0.66416341 0.01964981
v 0.25916418 0.66416341 0.02750973
v 0.25916252 0.66416341 0.03536965
v 0.25915423 0.66416341 0.04322957
v 0.25922787 0.66416341 0.05108950
v 0.25887287 0.66416341 0.05894941
v 0.26217091 0.67202336 -0.09824903
v 0.26243895 0.67202336 -0.09038910
v 0.26234937 0.67202336 -0.08252918
v 0.26239553 0.67202336 -0.07466926
v 0.26249316 0.67202336 -0.06680934
v 0.26254809 0.67202336 -0.05894941
v 0.26256201 0.67202336 -0.05108950
v 0.26251402 0.67202336 -0.04322957
v 0.26247278 0.67202336 -0.03536965
v 0.26241964 0.67202336 -0.02750973
v 0.26241726 0.67202336 -0.01964981
v 0.26238176 0.67202336 -0.01178988
v 0.26236340 0.67202336 -0.00392996
v 0.26232874 0.67202336 0.00392996
v 0.26225653 0.67202336 0.01178988
v 0.26224947 0.67202336 0.01964981
v 0.26217222 0.67202336 0.02750973
v 0.26207006 0.67202336 0.03536965
v 0.26194099 0.67202336 0.04322957
v 0.26188236 0.67202336 0.05108950
v 0.26156464 0.67202336 0.05894941
v 0.25702795 0.67988324 -0.10610895
v 0.26330739 0.67988324 -0.10221568
v 0.26330739 0.67523122 -0.09824903
v 0.26330739 0.67477590 -0.09038910
v 0.26330739 0.67484450 -0.08252918
v 0.26330739 0.67462844 -0.07466926
v 0.26330739 0.67435461 -0.06680934
v 0.26330739 0.67414522 -0.05894941
v 0.26330739 0.67412817 -0.05108950
v 0.26330739 0.67422122 -0.04322957
v 0.26330739 0.67432940 -0.03536965
v 0.26330739 0.67445225 -0.02750973
v 0.26330739 0.67446434 -0.01964981
v 0.26330739 0.67454767 -0.01178988
v 0.26330739 0.67453343 -0.00392996
v 0.26330739 0.67462730 0.00392996
v 0.26330739 0.67479044 0.01178988
v 0.26330739 0.67479610 0.01964981
v 0.26330739 0.67497838 0.02750973
v 0.26330739 0.67538017 0.03536965
v 0.26330739 0.67595619 0.04322957
v 0.26330739 0.67655081 0.05108950
v 0.26330739 0.67736506 0.05894941
v 0.25722283 0.67988324 0.06680934
v 0.26330739 0.67988324 0.06115978
v 0.26330739 0.68774319 -0.10719224
v 0.26330739 0.68447620 -0.10610895
v 0.26330739 0.68631321 0.06680934
v 0.26330739 0.68774319 0.06729135
v 0.26330739 0.69560313 -0.10944290
v 0.26330739 0.69560313 0.06988178
v 0.26330739 0.70346302 -0.11133772
v 0.26330739 0.70346302 0.07195961
v 0.26330739 0.71132296 -0.11311783
v 0.26330739 0.71132296 0.07355508
v 0.26170760 0.71918291 -0.11396887
v 0.26330739 0.71805012 0.07466926
v 0.26271516 0.71918291 0.07466926
v 0.26330739 0.71918291 0.07486763
v 0.26104221 0.72704279 -0.11396887
v 0.25712138 0.72704279 -0.10610895
v 0.25661033 0.72704279 -0.09824903
v 0.25605062 0.72704279 -0.09038910
v 0.25547469 0.72704279 -0.08252918
v 0.25560674 0.72704279 0.05894941
v 0.25595227 0.72704279 0.06680934
v 0.26103562 0.72704279 0.07466926
v 0.26330739 0.72704279 0.07598924
v 0.26228184 0.73490274 -0.11396887
v 0.26035836 0.73490274 -0.10610895
v 0.26008433 0.73490274 -0.09824903
v 0.25969610 0.73490274 -0.09038910
v 0.25925079 0.73490274 -0.08252918
v 0.25882527 0.73490274 -0.07466926
v 0.25846007 0.73490274 -0.06680934
v 0.25810447 0.73490274 -0.05894941
v 0.25784481 0.73490274 -0.05108950
v 0.25760123 0.73490274 -0.04322957
v 0.25736341 0.73490274 -0.03536965
v 0.25713959 0.73490274 -0.02750973
v 0.25690621 0.73490274 -0.01964981
v 0.25676027 0.73490274 -0.01178988
v 0.25667521 0.73490274 -0.00392996
v 0.25672597 0.73490274 0.00392996
v 0.25692949 0.73490274 0.01178988
v 0.25727201 0.73490274 0.01964981
v 0.25767511 0.73490274 0.02750973
v 0.25809944 0.73490274 0.03536965
v 0.25852615 0.73490274 0.04322957
v 0.25897026 0.73490274 0.05108950
v 0.25932261 0.73490274 0.05894941
v 0.25954247 0.73490274 0.06680934
v 0.26186076 0.73490274 0.07466926
v 0.26330739 0.73490274 0.07601203
v 0.26330739 0.73833734 -0.11396887
v 0.26330739 0.74124682 -0.10610895
v 0.26330739 0.74119884 -0.09824903
v 0.26330739 0.74161839 -0.09038910
v 0.26330739 0.74226063 -0.08252918
v 0.26320088 0.74276263 -0.07466926
v 0.26330739 0.74276263 -0.07679069
v 0.26292038 0.74276263 -0.06680934
v 0.26265436 0.74276263 -0.05894941
v 0.26247445 0.74276263 -0.05108950
v 0.26240262 0.74276263 -0.04322957
v 0.26233834 0.74276263 -0.03536965
v 0.26222813 0.74276263 -0.02750973
v 0.26212439 0.74276263 -0.01964981
v 0.26206008 0.74276263 -0.01178988
v 0.26199797 0.74276263 -0.00392996
v 0.26196054 0.74276263 0.00392996
v 0.26203430 0.74276263 0.01178988
v 0.26219201 0.74276263 0.01964981
v 0.26243153 0.74276263 0.02750973
v 0.26269549 0.74276263 0.03536965
v 0.26296282 0.74276263 0.04322957
v 0.26325139 0.74276263 0.05108950
v 0.26330739 0.74276263 0.05278175
v 0.26330739 0.74239206 0.05894941
v 0.26330739 0.74214870 0.06680934
v 0.26330739 0.73950779 0.07466926
v 0.26330739 0.74291569 -0.07466926
v 0.26330739 0.74331611 -0.06680934
v 0.26330739 0.74368262 -0.05894941
v 0.26330739 0.74391937 -0.05108950
v 0.26330739 0.74401152 -0.04322957
v 0.26330739 0.74409401 -0.03536965
v 0.26330739 0.74421686 -0.02750973
v 0.26330739 0.74432743 -0.01964981
v 0.26330739 0.74439842 -0.01178988
v 0.26330739 0.74445873 -0.00392996
v 0.26330739 0.74449867 0.00392996
v 0.26330739 0.74443489 0.01178988
v 0.26330739 0.74425364 0.01964981
v 0.26330739 0.74396271 0.02750973
v 0.26330739 0.74362892 0.03536965
v 0.26330739 0.74326742 0.04322957
v 0.26330739 0.74284768 0.05108950
v 0.26157987 0.79778212 -0.04322957
v 0.26330739 0.79778212 -0.04865336
v 0.26330739 0.79530227 -0.04322957
v 0.26330739 0.79276049 -0.03536965
v 0.25983894 0.79778212 -0.03536965
v 0.26330739 0.79143202 -0.02750973
v 0.25890130 0.79778212 -0.02750973
v 0.26330739 0.79111850 -0.01964981
v 0.25869596 0.79778212 -0.01964981
v 0.26330739 0.79185802 -0.01178988
v 0.25929144 0.79778212 -0.01178988
v 0.26330739 0.79368174 -0.00392996
v 0.26057905 0.79778212 -0.00392996
v 0.26330739 0.79662895 0.00392996
v 0.26255324 0.79778212 0.00392996
v 0.26330739 0.79778212 0.00619286
v 0.26244760 0.80564201 -0.05894941
v 0.26330739 0.80564201 -0.06046825
v 0.26330739 0.80428392 -0.05894941
v 0.26330739 0.79895747 -0.05108950
v 0.25893021 0.80564201 -0.05108950
v 0.25637025 0.80564201 -0.04322957
v 0.25554928 0.80564201 -0.00392996
v 0.25757855 0.80564201 0.00392996
v 0.26330739 0.80078667 0.01178988
v 0.26032585 0.80564201 0.01178988
v 0.26330739 0.80564201 0.01873820
v 0.26256883 0.81350195 -0.06680934
v 0.26330739 0.81350195 -0.06785491
v 0.26330739 0.81219590 -0.06680934
v 0.25786459 0.81350195 -0.05894941
v 0.25562617 0.81350195 0.01178988
v 0.26330739 0.80632609 0.01964981
v 0.25915927 0.81350195 0.01964981
v 0.26330739 0.81350195 0.02727526
v 0.25853586 0.82136184 -0.06680934
v 0.26330739 0.82136184 -0.07324104
v 0.26330739 0.81374866 0.02750973
v 0.25924742 0.82136184 0.02750973
v 0.26330739 0.82136184 0.03343717
v 0.26098430 0.82922179 -0.07466926
v 0.26330739 0.82922179 -0.07727660
v 0.26330739 0.82391858 -0.07466926
v 0.26330739 0.82438707 0.03536965
v 0.26107365 0.82922179 0.03536965
v 0.26330739 0.82922179 0.03791618
v 0.25790021 0.83708173 -0.07466926
v 0.26330739 0.83708173 -0.08043905
v 0.25774011 0.83708173 0.03536965
v 0.26330739 0.83708173 0.04136845
v 0.26287419 0.84494162 -0.08252918
v 0.26330739 0.84494162 -0.08291548
v 0.26330739 0.84360689 -0.08252918
v 0.26330739 0.84247416 0.04322957
v 0.26243907 0.84494162 0.04322957
v 0.26330739 0.84494162 0.04399894
v 0.26064274 0.85280156 -0.08252918
v 0.26330739 0.85280156 -0.08482218
v 0.26005828 0.85280156 0.04322957
v 0.26330739 0.85280156 0.04599283
v 0.25855085 0.86066151 -0.08252918
v 0.26330739 0.86066151 -0.08634929
v 0.25789589 0.86066151 0.04322957
v 0.26330739 0.86066151 0.04762211
v 0.25677633 0.86852139 -0.08252918
v 0.26330739 0.86852139 -0.08754022
v 0.25609523 0.86852139 0.04322957
v 0.26330739 0.86852139 0.04886774
v 0.25551462 0.87638134 -0.08252918
v 0.26330739 0.87638134 -0.08826569
v 0.26330739 0.87638134 0.04973353
v 0.26330739 0.88424122 -0.08862645
v 0.26330739 0.88424122 0.05009825
v 0.26330739 0.89210117 -0.08857014
v 0.26330739 0.89210117 0.04995781
v 0.26330739 0.89996111 -0.08814768
v 0.26330739 0.89996111 0.04926304
v 0.25608790 0.90782100 -0.08252918
v 0.26330739 0.90782100 -0.08715890
v 0.25570798 0.90782100 0.04322957
v 0.26330739 0.90782100 0.04800494
v 0.25868961 0.91568094 -0.08252918
v 0.26330739 0.91568094 -0.08542754
v 0.25847051 0.91568094 0.04322957
v 0.26330739 0.91568094 0.04622969
v 0.26327884 0.92354083 -0.08252918
v 0.26330739 0.92354083 -0.08254699
v 0.26270556 0.92354083 0.04322957
v 0.26330739 0.92354083 0.04360472
v 0.26330739 0.92357254 -0.08252918
v 0.25903958 0.93140078 -0.07466926
v 0.26330739 0.93140078 -0.07764617
v 0.25822991 0.93140078 0.03536965
v 0.26330739 0.93140078 0.03907594
v 0.26330739 0.92427462 0.04322957
v 0.26330739 0.93467194 -0.07466926
v 0.26159558 0.93926072 -0.06680934
v 0.26330739 0.93926072 -0.06849589
v 0.25822297 0.93926072 -0.05894941
v 0.26136065 0.93926072 -0.05108950
v 0.26330739 0.93926072 -0.04867255
v 0.26330739 0.93747044 -0.04322957
v 0.26330739 0.93601757 -0.03536965
v 0.26330739 0.93561041 -0.02750973
v 0.26330739 0.93559963 -0.01964981
v 0.26330739 0.93566942 -0.01178988
v 0.26330739 0.93606305 -0.00392996
v 0.26330739 0.93743390 0.00392996
v 0.26182273 0.93926072 0.01178988
v 0.26330739 0.93926072 0.00988919
v 0.25853994 0.93926072 0.01964981
v 0.26133221 0.93926072 0.02750973
v 0.26330739 0.93926072 0.02973976
v 0.26330739 0.93544346 0.03536965
v 0.26330739 0.94026285 -0.06680934
v 0.26330739 0.94189817 -0.05894941
v 0.26330739 0.94010335 -0.05108950
v 0.26330739 0.93988293 0.01178988
v 0.26330739 0.94170469 0.01964981
v 0.26330739 0.94046396 0.02750973
v 0.26481950 0.67988324 -0.09824903
v 0.26496476 0.67988324 -0.09038910
v 0.26499388 0.67988324 -0.08252918
v 0.26506478 0.67988324 -0.07466926
v 0.26514465 0.67988324 -0.06680934
v 0.26525402 0.67988324 -0.05894941
v 0.26524839 0.67988324 -0.05108950
v 0.26527286 0.67988324 -0.04322957
v 0.26525581 0.67988324 -0.03536965
v 0.26523495 0.67988324 -0.02750973
v 0.26523614 0.67988324 -0.01964981
v 0.26522475 0.67988324 -0.01178988
v 0.26526675 0.67988324 -0.00392996
v 0.26524875 0.67988324 0.00392996
v 0.26522765 0.67988324 0.01178988
v 0.26523244 0.67988324 0.01964981
v 0.26519370 0.67988324 0.02750973
v 0.26498935 0.67988324 0.03536965
v 0.26470402 0.67988324 0.04322957
v 0.26440957 0.67988324 0.05108950
v 0.26410493 0.67988324 0.05894941
v 0.26466829 0.68774319 -0.10610895
v 0.26734960 0.68774319 -0.09824903
v 0.26748478 0.68774319 -0.09038910
v 0.26751631 0.68774319 -0.08252918
v 0.26752496 0.68774319 -0.07466926
v 0.26757389 0.68774319 -0.06680934
v 0.26765147 0.68774319 -0.05894941
v 0.26775235 0.68774319 -0.05108950
v 0.26780391 0.68774319 -0.04322957
v 0.26783293 0.68774319 -0.03536965
v 0.26782718 0.68774319 -0.02750973
v 0.26785034 0.68774319 -0.01964981
v 0.26786461 0.68774319 -0.01178988
v 0.26792240 0.68774319 -0.00392996
v 0.26798177 0.68774319 0.00392996
v 0.26801309 0.68774319 0.01178988
v 0.26807460 0.68774319 0.01964981
v 0.26808035 0.68774319 0.02750973
v 0.26795155 0.68774319 0.03536965
v 0.26768172 0.68774319 0.04322957
v 0.26732203 0.68774319 0.05108950
v 0.26691064 0.68774319 0.05894941
v 0.26387551 0.68774319 0.06680934
v 0.26797014 0.69560313 -0.10610895
v 0.26991725 0.69560313 -0.09824903
v 0.27009931 0.69560313 -0.09038910
v 0.27014896 0.69560313 -0.08252918
v 0.27016205 0.69560313 -0.07466926
v 0.27021217 0.69560313 -0.06680934
v 0.27025414 0.69560313 -0.05894941
v 0.27033103 0.69560313 -0.05108950
v 0.27042314 0.69560313 -0.04322957
v 0.27051631 0.69560313 -0.03536965
v 0.27049786 0.69560313 -0.02750973
v 0.27055386 0.69560313 -0.01964981
v 0.27055770 0.69560313 -0.01178988
v 0.27063480 0.69560313 -0.00392996
v 0.27061263 0.69560313 0.00392996
v 0.27067906 0.69560313 0.01178988
v 0.27073255 0.69560313 0.01964981
v 0.27076986 0.69560313 0.02750973
v 0.27071661 0.69560313 0.03536965
v 0.27047122 0.69560313 0.04322957
v 0.27011958 0.69560313 0.05108950
v 0.26973844 0.69560313 0.05894941
v 0.26756069 0.69560313 0.06680934
v 0.27116731 0.70346302 -0.10714961
v 0.27116731 0.70182198 -0.10610895
v 0.27116731 0.69931155 -0.09824903
v 0.27116731 0.69864327 -0.09038910
v 0.27116731 0.69842166 -0.08252918
v 0.27116731 0.69835675 -0.07466926
v 0.27116731 0.69819522 -0.06680934
v 0.27116731 0.69807887 -0.05894941
v 0.27116731 0.69786590 -0.05108950
v 0.27116731 0.69764280 -0.04322957
v 0.27116731 0.69742286 -0.03536965
v 0.27116731 0.69744110 -0.02750973
v 0.27116731 0.69729096 -0.01964981
v 0.27116731 0.69727141 -0.01178988
v 0.27116731 0.69706833 -0.00392996
v 0.27116731 0.69714087 0.00392996
v 0.27116731 0.69697058 0.01178988
v 0.27116731 0.69680339 0.01964981
v 0.27116731 0.69670063 0.02750973
v 0.27116731 0.69684416 0.03536965
v 0.27116731 0.69753307 0.04322957
v 0.27116731 0.69860744 0.05108950
v 0.27116731 0.69974488 0.05894941
v 0.27116731 0.70184129 0.06680934
v 0.27116731 0.70346302 0.06789185
v 0.27116731 0.71132296 -0.11231356
v 0.27116731 0.71132296 0.07271136
v 0.27116731 0.71504664 -0.11396887
v 0.27116731 0.71615767 0.07466926
v 0.27116731 0.71918291 0.07548648
v 0.27116731 0.72704279 0.07724218
v 0.27116731 0.73490274 0.07871699
v 0.26480189 0.74276263 -0.11396887
v 0.26407570 0.74276263 -0.10610895
v 0.26418483 0.74276263 -0.09824903
v 0.26398730 0.74276263 -0.09038910
v 0.26360807 0.74276263 -0.08252918
v 0.26352051 0.74276263 0.05894941
v 0.26364705 0.74276263 0.06680934
v 0.26449269 0.74276263 0.07466926
v 0.27116731 0.74276263 0.07957608
v 0.26997459 0.75062257 -0.11396887
v 0.27017918 0.75062257 -0.10610895
v 0.27050996 0.75062257 -0.09824903
v 0.27039400 0.75062257 -0.09038910
v 0.27006501 0.75062257 -0.08252918
v 0.26972368 0.75062257 -0.07466926
v 0.26938128 0.75062257 -0.06680934
v 0.26912582 0.75062257 -0.05894941
v 0.26889208 0.75062257 -0.05108950
v 0.26877248 0.75062257 -0.04322957
v 0.26866180 0.75062257 -0.03536965
v 0.26853561 0.75062257 -0.02750973
v 0.26845983 0.75062257 -0.01964981
v 0.26843345 0.75062257 -0.01178988
v 0.26842517 0.75062257 -0.00392996
v 0.26843691 0.75062257 0.00392996
v 0.26847589 0.75062257 0.01178988
v 0.26860854 0.75062257 0.01964981
v 0.26885441 0.75062257 0.02750973
v 0.26908493 0.75062257 0.03536965
v 0.26935571 0.75062257 0.04322957
v 0.26957569 0.75062257 0.05108950
v 0.26963398 0.75062257 0.05894941
v 0.26963696 0.75062257 0.06680934
v 0.26982528 0.75062257 0.07466926
v 0.27116731 0.75062257 0.07641681
v 0.27116731 0.75184315 -0.11396887
v 0.27116731 0.75158095 -0.10610895
v 0.27116731 0.75125641 -0.09824903
v 0.27116731 0.75136805 -0.09038910
v 0.27116731 0.75169092 -0.08252918
v 0.27116731 0.75202399 -0.07466926
v 0.27116731 0.75238115 -0.06680934
v 0.27116731 0.75268191 -0.05894941
v 0.27116731 0.75300026 -0.05108950
v 0.27116731 0.75319308 -0.04322957
v 0.27116731 0.75338161 -0.03536965
v 0.27116731 0.75357181 -0.02750973
v 0.27116731 0.75369298 -0.01964981
v 0.27116731 0.75372821 -0.01178988
v 0.27116731 0.75373340 -0.00392996
v 0.27116731 0.75368184 0.00392996
v 0.27116731 0.75356078 0.01178988
v 0.27116731 0.75335258 0.01964981
v 0.27116731 0.75303251 0.02750973
v 0.27116731 0.75272185 0.03536965
v 0.27116731 0.75239277 0.04322957
v 0.27116731 0.75214654 0.05108950
v 0.27116731 0.75208312 0.05894941
v 0.27116731 0.75207114 0.06680934
v 0.27116731 0.75190979 0.07466926
v 0.27077320 0.78206223 -0.03536965
v 0.27116731 0.78206223 -0.03733109
v 0.27116731 0.78147411 -0.03536965
v 0.27116731 0.78012019 -0.02750973
v 0.26985538 0.78206223 -0.02750973
v 0.27116731 0.77981198 -0.01964981
v 0.26964861 0.78206223 -0.01964981
v 0.27116731 0.78053790 -0.01178988
v 0.27013361 0.78206223 -0.01178988
v 0.27116731 0.78206223 -0.00440633
v 0.26949042 0.78992218 -0.05108950
v 0.27116731 0.78992218 -0.05516739
v 0.27116731 0.78744102 -0.05108950
v 0.27116731 0.78383124 -0.04322957
v 0.26700732 0.78992218 -0.04322957
v 0.26528460 0.78992218 -0.03536965
v 0.26436761 0.78992218 -0.02750973
v 0.26414189 0.78992218 -0.01964981
v 0.26463336 0.78992218 -0.01178988
v 0.27116731 0.78215867 -0.00392996
v 0.26581711 0.78992218 -0.00392996
v 0.27116731 0.78468108 0.00392996
v 0.26767138 0.78992218 0.00392996
v 0.27116731 0.78853422 0.01178988
v 0.27027249 0.78992218 0.01178988
v 0.27116731 0.78992218 0.01396247
v 0.26744473 0.79778212 -0.05894941
v 0.27116731 0.79778212 -0.06565103
v 0.27116731 0.79227513 -0.05894941
v 0.26408613 0.79778212 -0.05108950
v 0.26519021 0.79778212 0.01178988
v 0.27116731 0.79368246 0.01964981
v 0.26857927 0.79778212 0.01964981
v 0.27116731 0.79778212 0.02448430
v 0.26704162 0.80564201 -0.06680934
v 0.27116731 0.80564201 -0.07258021
v 0.27116731 0.79887444 -0.06680934
v 0.26371431 0.80564201 0.01964981
v 0.27116731 0.80052364 0.02750973
v 0.26806992 0.80564201 0.02750973
v 0.27116731 0.80564201 0.03221337
v 0.26842397 0.81350195 -0.07466926
v 0.27116731 0.81350195 -0.07778662
v 0.27116731 0.80850923 -0.07466926
v 0.26344207 0.81350195 0.02750973
v 0.27116731 0.80949688 0.03536965
v 0.26890010 0.81350195 0.03536965
v 0.27116731 0.81350195 0.03806718
v 0.26444593 0.82136184 -0.07466926
v 0.27116731 0.82136184 -0.08193426
v 0.26474744 0.82136184 0.03536965
v 0.27116731 0.82136184 0.04240983
v 0.26843357 0.82922179 -0.08252918
v 0.27116731 0.82922179 -0.08500328
v 0.27116731 0.82276314 -0.08252918
v 0.27116731 0.82319742 0.04322957
v 0.26850948 0.82922179 0.04322957
v 0.27116731 0.82922179 0.04558326
v 0.26548117 0.83708173 -0.08252918
v 0.27116731 0.83708173 -0.08733135
v 0.26526877 0.83708173 0.04322957
v 0.27116731 0.83708173 0.04807702
v 0.27116731 0.84494162 -0.08912789
v 0.27116731 0.84494162 0.05009309
v 0.27100408 0.85280156 -0.09038910
v 0.27116731 0.85280156 -0.09049170
v 0.27116731 0.85214972 -0.09038910
v 0.27116731 0.84975272 0.05108950
v 0.27026948 0.85280156 0.05108950
v 0.27116731 0.85280156 0.05166829
v 0.26931831 0.86066151 -0.09038910
v 0.27116731 0.86066151 -0.09150286
v 0.26835382 0.86066151 0.05108950
v 0.27116731 0.86066151 0.05285946
v 0.26787204 0.86852139 -0.09038910
v 0.27116731 0.86852139 -0.09227001
v 0.26673999 0.86852139 0.05108950
v 0.27116731 0.86852139 0.05372658
v 0.26693428 0.87638134 -0.09038910
v 0.27116731 0.87638134 -0.09269290
v 0.26554498 0.87638134 0.05108950
v 0.27116731 0.87638134 0.05421387
v 0.26649690 0.88424122 -0.09038910
v 0.27116731 0.88424122 -0.09278507
v 0.26506874 0.88424122 0.05108950
v 0.27116731 0.88424122 0.05427887
v 0.26676613 0.89210117 -0.09038910
v 0.27116731 0.89210117 -0.09254700
v 0.26548022 0.89210117 0.05108950
v 0.27116731 0.89210117 0.05386750
v 0.26785883 0.89996111 -0.09038910
v 0.27116731 0.89996111 -0.09189636
v 0.26700276 0.89996111 0.05108950
v 0.27116731 0.89996111 0.05301118
v 0.27022296 0.90782100 -0.09038910
v 0.27116731 0.90782100 -0.09079496
v 0.26986352 0.90782100 0.05108950
v 0.27116731 0.90782100 0.05165594
v 0.27116731 0.90964651 -0.09038910
v 0.27116731 0.91568094 -0.08897030
v 0.27116731 0.91024953 0.05108950
v 0.27116731 0.91568094 0.04977323
v 0.27116731 0.92354083 -0.08606102
v 0.27116731 0.92354083 0.04715090
v 0.27116731 0.93010837 -0.08252918
v 0.27116731 0.93140078 -0.08174308
v 0.27067462 0.93140078 0.04322957
v 0.27116731 0.93140078 0.04347472
v 0.27073291 0.93926072 -0.07466926
v 0.27116731 0.93926072 -0.07493486
v 0.26685226 0.93926072 -0.04322957
v 0.26953131 0.93926072 -0.03536965
v 0.27004641 0.93926072 -0.02750973
v 0.26998538 0.93926072 -0.01964981
v 0.26983857 0.93926072 -0.01178988
v 0.26920256 0.93926072 -0.00392996
v 0.26685873 0.93926072 0.00392996
v 0.26901907 0.93926072 0.03536965
v 0.27116731 0.93926072 0.03683067
v 0.27116731 0.93176204 0.04322957
v 0.27116731 0.93949538 -0.07466926
v 0.27116731 0.94440353 -0.06680934
v 0.27116731 0.94607913 -0.05894941
v 0.27116731 0.94445091 -0.05108950
v 0.27116731 0.94164234 -0.04322957
v 0.27116731 0.94018596 -0.03536965
v 0.27116731 0.93991375 -0.02750973
v 0.27116731 0.93995619 -0.01964981
v 0.27116731 0.94004852 -0.01178988
v 0.27116731 0.94041747 -0.00392996
v 0.27116731 0.94168752 0.00392996
v 0.27116731 0.94408858 0.01178988
v 0.27116731 0.94580746 0.01964981
v 0.27116731 0.94465142 0.02750973
v 0.27116731 0.94051039 0.03536965
v 0.27183390 0.70346302 -0.10610895
v 0.27270499 0.70346302 -0.09824903
v 0.27298647 0.70346302 -0.09038910
v 0.27305794 0.70346302 -0.08252918
v 0.27308637 0.70346302 -0.07466926
v 0.27317187 0.70346302 -0.06680934
v 0.27324972 0.70346302 -0.05894941
v 0.27333295 0.70346302 -0.05108950
v 0.27340969 0.70346302 -0.04322957
v 0.27343214 0.70346302 -0.03536965
v 0.27346545 0.70346302 -0.02750973
v 0.27350709 0.70346302 -0.01964981
v 0.27351502 0.70346302 -0.01178988
v 0.27351883 0.70346302 -0.00392996
v 0.27346656 0.70346302 0.00392996
v 0.27347746 0.70346302 0.01178988
v 0.27353442 0.70346302 0.01964981
v 0.27355507 0.70346302 0.02750973
v 0.27351823 0.70346302 0.03536965
v 0.27331170 0.70346302 0.04322957
v 0.27296883 0.70346302 0.05108950
v 0.27259392 0.70346302 0.05894941
v 0.27189842 0.70346302 0.06680934
v 0.27550793 0.71132296 -0.10610895
v 0.27611852 0.71132296 -0.09824903
v 0.27629769 0.71132296 -0.09038910
v 0.27638426 0.71132296 -0.08252918
v 0.27652243 0.71132296 -0.07466926
v 0.27664742 0.71132296 -0.06680934
v 0.27668890 0.71132296 -0.05894941
v 0.27668843 0.71132296 -0.05108950
v 0.27665281 0.71132296 -0.04322957
v 0.27656248 0.71132296 -0.03536965
v 0.27649748 0.71132296 -0.02750973
v 0.27649510 0.71132296 -0.01964981
v 0.27648106 0.71132296 -0.01178988
v 0.27648586 0.71132296 -0.00392996
v 0.27647868 0.71132296 0.00392996
v 0.27648419 0.71132296 0.01178988
v 0.27649379 0.71132296 0.01964981
v 0.27649403 0.71132296 0.02750973
v 0.27650014 0.71132296 0.03536965
v 0.27639806 0.71132296 0.04322957
v 0.27623075 0.71132296 0.05108950
v 0.27606502 0.71132296 0.05894941
v 0.27554595 0.71132296 0.06680934
v 0.27425751 0.71918291 -0.11396887
v 0.27902722 0.71918291 -0.10676073
v 0.27902722 0.71880138 -0.10610895
v 0.27902722 0.71783292 -0.09824903
v 0.27902722 0.71725613 -0.09038910
v 0.27902722 0.71704364 -0.08252918
v 0.27902722 0.71665376 -0.07466926
v 0.27902722 0.71635056 -0.06680934
v 0.27902722 0.71643186 -0.05894941
v 0.27902722 0.71671176 -0.05108950
v 0.27902722 0.71730655 -0.04322957
v 0.27902722 0.71776849 -0.03536965
v 0.27902722 0.71815544 -0.02750973
v 0.27902722 0.71815687 -0.01964981
v 0.27902722 0.71812606 -0.01178988
v 0.27902722 0.71790701 -0.00392996
v 0.27902722 0.71771538 0.00392996
v 0.27902722 0.71747983 0.01178988
v 0.27902722 0.71734202 0.01964981
v 0.27902722 0.71729094 0.02750973
v 0.27902722 0.71718782 0.03536965
v 0.27902722 0.71725589 0.04322957
v 0.27902722 0.71748883 0.05108950
v 0.27902722 0.71782559 0.05894941
v 0.27902722 0.71849865 0.06680934
v 0.27355951 0.71918291 0.07466926
v 0.27902722 0.71918291 0.06789234
v 0.27902722 0.72351736 -0.11396887
v 0.27902722 0.72354507 0.07466926
v 0.27902722 0.72704279 0.07640589
v 0.27902722 0.73490274 0.07913388
v 0.27902722 0.74276263 0.08063112
v 0.27902722 0.75062257 0.08105832
v 0.27902722 0.75797778 -0.11396887
v 0.27902722 0.75785869 -0.10610895
v 0.27902722 0.75778127 -0.09824903
v 0.27902722 0.75806212 -0.09038910
v 0.27901667 0.75848252 -0.08252918
v 0.27902722 0.75848252 -0.08268408
v 0.27841389 0.75848252 -0.07466926
v 0.27780536 0.75848252 -0.06680934
v 0.27737588 0.75848252 -0.05894941
v 0.27702749 0.75848252 -0.05108950
v 0.27671650 0.75848252 -0.04322957
v 0.27640155 0.75848252 -0.03536965
v 0.27607280 0.75848252 -0.02750973
v 0.27589938 0.75848252 -0.01964981
v 0.27583307 0.75848252 -0.01178988
v 0.27585116 0.75848252 -0.00392996
v 0.27601069 0.75848252 0.00392996
v 0.27630693 0.75848252 0.01178988
v 0.27664310 0.75848252 0.01964981
v 0.27715880 0.75848252 0.02750973
v 0.27779457 0.75848252 0.03536965
v 0.27862740 0.75848252 0.04322957
v 0.27902722 0.75848252 0.04695013
v 0.27902722 0.75815195 0.05108950
v 0.27902722 0.75780952 0.05894941
v 0.27902722 0.75765198 0.06680934
v 0.27902722 0.75749326 0.07466926
v 0.27902722 0.75849122 -0.08252918
v 0.27902722 0.75901538 -0.07466926
v 0.27902722 0.75959533 -0.06680934
v 0.27902722 0.76017165 -0.05894941
v 0.27902722 0.76099557 -0.05108950
v 0.27902722 0.76227069 -0.04322957
v 0.27902722 0.76414138 -0.03536965
v 0.27902722 0.76596189 -0.02750973
v 0.27889794 0.76634240 -0.01964981
v 0.27902722 0.76634240 -0.02378797
v 0.27902722 0.76634240 -0.01587036
v 0.27902722 0.76592815 -0.01178988
v 0.27902722 0.76453382 -0.00392996
v 0.27902722 0.76291174 0.00392996
v 0.27902722 0.76163995 0.01178988
v 0.27902722 0.76081312 0.01964981
v 0.27902722 0.76010782 0.02750973
v 0.27902722 0.75947601 0.03536965
v 0.27902722 0.75878304 0.04322957
v 0.27744651 0.77420235 -0.04322957
v 0.27902722 0.77420235 -0.04941919
v 0.27902722 0.77061433 -0.04322957
v 0.27902722 0.76792145 -0.03536965
v 0.27590707 0.77420235 -0.03536965
v 0.27902722 0.76656991 -0.02750973
v 0.27503181 0.77420235 -0.02750973
v 0.27483487 0.77420235 -0.01964981
v 0.27902722 0.76663166 -0.01178988
v 0.27529445 0.77420235 -0.01178988
v 0.27902722 0.76808995 -0.00392996
v 0.27637026 0.77420235 -0.00392996
v 0.27902722 0.77143031 0.00392996
v 0.27803263 0.77420235 0.00392996
v 0.27902722 0.77420235 0.00778688
v 0.27780044 0.78206223 -0.05894941
v 0.27902722 0.78206223 -0.06148450
v 0.27902722 0.77989101 -0.05894941
v 0.27902722 0.77492255 -0.05108950
v 0.27462834 0.78206223 -0.05108950
v 0.27234927 0.78206223 -0.04322957
v 0.27123278 0.78206223 -0.00392996
v 0.27289650 0.78206223 0.00392996
v 0.27902722 0.77593887 0.01178988
v 0.27520943 0.78206223 0.01178988
v 0.27902722 0.78082937 0.01964981
v 0.27834579 0.78206223 0.01964981
v 0.27902722 0.78206223 0.02113410
v 0.27690321 0.78992218 -0.06680934
v 0.27902722 0.78992218 -0.07007145
v 0.27902722 0.78652149 -0.06680934
v 0.27273065 0.78992218 -0.05894941
v 0.27353492 0.78992218 0.01964981
v 0.27902722 0.78753287 0.02750973
v 0.27766696 0.78992218 0.02750973
v 0.27902722 0.78992218 0.02964321
v 0.27741545 0.79778212 -0.07466926
v 0.27902722 0.79778212 -0.07656384
v 0.27902722 0.79515183 -0.07466926
v 0.27184349 0.79778212 -0.06680934
v 0.27283701 0.79778212 0.02750973
v 0.27902722 0.79629695 0.03536965
v 0.27812847 0.79778212 0.03536965
v 0.27902722 0.79778212 0.03649954
v 0.27275547 0.80564201 -0.07466926
v 0.27902722 0.80564201 -0.08162081
v 0.27337337 0.80564201 0.03536965
v 0.27902722 0.80564201 0.04206838
v 0.27571386 0.81350195 -0.08252918
v 0.27902722 0.81350195 -0.08556163
v 0.27902722 0.80729985 -0.08252918
v 0.27902722 0.80767381 0.04322957
v 0.27595720 0.81350195 0.04322957
v 0.27902722 0.81350195 0.04601921
v 0.27177730 0.82136184 -0.08252918
v 0.27902722 0.82136184 -0.08870549
v 0.27201104 0.82136184 0.04322957
v 0.27902722 0.82136184 0.04901730
v 0.27811036 0.82922179 -0.09038910
v 0.27902722 0.82922179 -0.09102175
v 0.27902722 0.82694042 -0.09038910
v 0.27902722 0.82802027 0.05108950
v 0.27851319 0.82922179 0.05108950
v 0.27902722 0.82922179 0.05142986
v 0.27548045 0.83708173 -0.09038910
v 0.27902722 0.83708173 -0.09267917
v 0.27548394 0.83708173 0.05108950
v 0.27902722 0.83708173 0.05336510
v 0.27311358 0.84494162 -0.09038910
v 0.27902722 0.84494162 -0.09383556
v 0.27267402 0.84494162 0.05108950
v 0.27902722 0.84494162 0.05493466
v 0.27902722 0.85280156 -0.09473793
v 0.27902722 0.85280156 0.05613495
v 0.27902722 0.86066151 -0.09541717
v 0.27902722 0.86066151 0.05703349
v 0.27902722 0.86852139 -0.09583592
v 0.27902722 0.86852139 0.05759010
v 0.27902722 0.87638134 -0.09600191
v 0.27902722 0.87638134 0.05775896
v 0.27902722 0.88424122 -0.09581499
v 0.27902722 0.88424122 0.05749403
v 0.27902722 0.89210117 -0.09531943
v 0.27902722 0.89210117 0.05676748
v 0.27902722 0.89996111 -0.09449902
v 0.27902722 0.89996111 0.05561828
v 0.27902722 0.90782100 -0.09314606
v 0.27902722 0.90782100 0.05408350
v 0.27617079 0.91568094 -0.09038910
v 0.27902722 0.91568094 -0.09114588
v 0.27558085 0.91568094 0.05108950
v 0.27902722 0.91568094 0.05206215
v 0.27902722 0.91786575 -0.09038910
v 0.27902722 0.92354083 -0.08826090
v 0.27902722 0.91876143 0.05108950
v 0.27902722 0.92354083 0.04950830
v 0.27350324 0.93140078 -0.08252918
v 0.27902722 0.93140078 -0.08424111
v 0.27902722 0.93140078 0.04603828
v 0.27902722 0.93385267 -0.08252918
v 0.27902722 0.93926072 -0.07831066
v 0.27902722 0.93586302 0.04322957
v 0.27902722 0.93926072 0.04061683
v 0.27902722 0.94282585 -0.07466926
v 0.27704859 0.94712061 -0.06680934
v 0.27902722 0.94712061 -0.06833351
v 0.27312642 0.94712061 -0.05894941
v 0.27542350 0.94712061 -0.05108950
v 0.27902722 0.94712061 -0.04392764
v 0.27902722 0.94690657 -0.04322957
v 0.27902722 0.94562149 -0.03536965
v 0.27902722 0.94534767 -0.02750973
v 0.27902722 0.94539261 -0.01964981
v 0.27902722 0.94547421 -0.01178988
v 0.27902722 0.94583929 -0.00392996
v 0.27902722 0.94690788 0.00392996
v 0.27621889 0.94712061 0.01178988
v 0.27902722 0.94712061 0.00482406
v 0.27371719 0.94712061 0.01964981
v 0.27649581 0.94712061 0.02750973
v 0.27902722 0.94712061 0.02985454
v 0.27902722 0.94403368 0.03536965
v 0.27902722 0.94803226 -0.06680934
v 0.27902722 0.95017654 -0.05894941
v 0.27902722 0.94935292 -0.05108950
v 0.27902722 0.94882917 0.01178988
v 0.27902722 0.94978505 0.01964981
v 0.27902722 0.94829047 0.02750973
v 0.27921841 0.71918291 -0.10610895
v 0.27965820 0.71918291 -0.09824903
v 0.27990875 0.71918291 -0.09038910
v 0.28000745 0.71918291 -0.08252918
v 0.28020293 0.71918291 -0.07466926
v 0.28038308 0.71918291 -0.06680934
v 0.28033823 0.71918291 -0.05894941
v 0.28019455 0.71918291 -0.05108950
v 0.27988440 0.71918291 -0.04322957
v 0.27967513 0.71918291 -0.03536965
v 0.27949378 0.71918291 -0.02750973
v 0.27950770 0.71918291 -0.01964981
v 0.27954426 0.71918291 -0.01178988
v 0.27967224 0.71918291 -0.00392996
v 0.27976590 0.71918291 0.00392996
v 0.27988273 0.71918291 0.01178988
v 0.27993333 0.71918291 0.01964981
v 0.27993020 0.71918291 0.02750973
v 0.27995983 0.71918291 0.03536965
v 0.27992159 0.71918291 0.04322957
v 0.27982250 0.71918291 0.05108950
v 0.27967632 0.71918291 0.05894941
v 0.27937120 0.71918291 0.06680934
v 0.28149846 0.72704279 -0.11396887
v 0.28401178 0.72704279 -0.10610895
v 0.28414392 0.72704279 -0.09824903
v 0.28435263 0.72704279 -0.09038910
v 0.28459993 0.72704279 -0.08252918
v 0.28476134 0.72704279 -0.07466926
v 0.28473568 0.72704279 -0.06680934
v 0.28451788 0.72704279 -0.05894941
v 0.28411371 0.72704279 -0.05108950
v 0.28367129 0.72704279 -0.04322957
v 0.28322512 0.72704279 -0.03536965
v 0.28301933 0.72704279 -0.02750973
v 0.28303397 0.72704279 -0.01964981
v 0.28314909 0.72704279 -0.01178988
v 0.28335789 0.72704279 -0.00392996
v 0.28362426 0.72704279 0.00392996
v 0.28391308 0.72704279 0.01178988
v 0.28412703 0.72704279 0.01964981
v 0.28438765 0.72704279 0.02750973
v 0.28462654 0.72704279 0.03536965
v 0.28471577 0.72704279 0.04322957
v 0.28461492 0.72704279 0.05108950
v 0.28428760 0.72704279 0.05894941
v 0.28392315 0.72704279 0.06680934
v 0.28133091 0.72704279 0.07466926
v 0.28688717 0.73221046 -0.11396887
v 0.28688717 0.73032379 -0.10610895
v 0.28688717 0.73006606 -0.09824903
v 0.28688717 0.72969478 -0.09038910
v 0.28688717 0.72939444 -0.08252918
v 0.28688717 0.72927213 -0.07466926
v 0.28688717 0.72937417 -0.06680934
v 0.28688717 0.72966105 -0.05894941
v 0.28688717 0.73017102 -0.05108950
v 0.28688717 0.73084849 -0.04322957
v 0.28688717 0.73159462 -0.03536965
v 0.28688717 0.73189121 -0.02750973
v 0.28688717 0.73174936 -0.01964981
v 0.28688717 0.73167330 -0.01178988
v 0.28688717 0.73157865 -0.00392996
v 0.28688717 0.73116332 0.00392996
v 0.28688717 0.73068887 0.01178988
v 0.28688717 0.73034650 0.01964981
v 0.28688717 0.72998488 0.02750973
v 0.28688717 0.72961116 0.03536965
v 0.28688717 0.72948176 0.04322957
v 0.28688717 0.72967857 0.05108950
v 0.28688717 0.73026192 0.05894941
v 0.28688717 0.73105621 0.06680934
v 0.28688717 0.73319942 0.07466926
v 0.28688717 0.73490274 0.07617166
v 0.27970079 0.75848252 -0.11396887
v 0.27992433 0.75848252 -0.10610895
v 0.27999401 0.75848252 -0.09824903
v 0.27957222 0.75848252 -0.09038910
v 0.27951717 0.75848252 0.05108950
v 0.28010076 0.75848252 0.05894941
v 0.28039303 0.75848252 0.06680934
v 0.28048515 0.75848252 0.07466926
v 0.28688717 0.75848252 0.08026677
v 0.28688717 0.76331902 -0.11396887
v 0.28688717 0.76325279 -0.10610895
v 0.28688717 0.76334399 -0.09824903
v 0.28688717 0.76399088 -0.09038910
v 0.28688717 0.76496041 -0.08252918
v 0.28688717 0.76606715 -0.07466926
v 0.28543454 0.76634240 -0.06680934
v 0.28688717 0.76634240 -0.07347287
v 0.28359967 0.76634240 -0.05894941
v 0.28205842 0.76634240 -0.05108950
v 0.28074768 0.76634240 -0.04322957
v 0.27973941 0.76634240 -0.03536965
v 0.27913615 0.76634240 -0.02750973
v 0.27915761 0.76634240 -0.01178988
v 0.27970725 0.76634240 -0.00392996
v 0.28068316 0.76634240 0.00392996
v 0.28195828 0.76634240 0.01178988
v 0.28333449 0.76634240 0.01964981
v 0.28499150 0.76634240 0.02750973
v 0.28688717 0.76634240 0.03523185
v 0.28688717 0.76630634 0.03536965
v 0.28688717 0.76474118 0.04322957
v 0.28688717 0.76355278 0.05108950
v 0.28688717 0.76274455 0.05894941
v 0.28688717 0.76244301 0.06680934
v 0.28688717 0.76247203 0.07466926
v 0.28604752 0.77420235 -0.06680934
v 0.28688717 0.77420235 -0.06845200
v 0.28217393 0.77420235 -0.05894941
v 0.27944809 0.77420235 -0.05108950
v 0.28002363 0.77420235 0.01178988
v 0.28247195 0.77420235 0.01964981
v 0.28580764 0.77420235 0.02750973
v 0.28688717 0.77420235 0.02967200
v 0.28175044 0.78206223 -0.06680934
v 0.28688717 0.78206223 -0.07465475
v 0.28204846 0.78206223 0.02750973
v 0.28688717 0.78206223 0.03511599
v 0.28213939 0.78992218 -0.07466926
v 0.28688717 0.78992218 -0.08035912
v 0.28688717 0.78207892 -0.07466926
v 0.28688717 0.78237349 0.03536965
v 0.28276086 0.78992218 0.03536965
v 0.28688717 0.78992218 0.04072285
v 0.28437588 0.79778212 -0.08252918
v 0.28688717 0.79778212 -0.08494373
v 0.28688717 0.79337287 -0.08252918
v 0.28688717 0.79365522 0.04322957
v 0.28459260 0.79778212 0.04322957
v 0.28688717 0.79778212 0.04562811
v 0.27991414 0.80564201 -0.08252918
v 0.28688717 0.80564201 -0.08873541
v 0.28009692 0.80564201 0.04322957
v 0.28688717 0.80564201 0.04940588
v 0.28498983 0.81350195 -0.09038910
v 0.28688717 0.81350195 -0.09175106
v 0.28688717 0.80976880 -0.09038910
v 0.28688717 0.81045252 0.05108950
v 0.28552088 0.81350195 0.05108950
v 0.28688717 0.81350195 0.05204344
v 0.28135332 0.82136184 -0.09038910
v 0.28688717 0.82136184 -0.09397744
v 0.28199258 0.82136184 0.05108950
v 0.28688717 0.82136184 0.05417753
v 0.28688717 0.82922179 -0.09556960
v 0.28688717 0.82922179 0.05602929
v 0.28688717 0.83708173 -0.09668367
v 0.28688717 0.83708173 0.05760065
v 0.28688717 0.84494162 -0.09749159
v 0.28688717 0.84494162 0.05881689
v 0.28688717 0.85280156 -0.09809767
v 0.28688717 0.84608710 0.05894941
v 0.28516504 0.85280156 0.05894941
v 0.28688717 0.85280156 0.05968617
v 0.28629240 0.86066151 -0.09824903
v 0.28688717 0.86066151 -0.09847138
v 0.28688717 0.85592508 -0.09824903
v 0.28364453 0.86066151 0.05894941
v 0.28688717 0.86066151 0.06021255
v 0.28582036 0.86852139 -0.09824903
v 0.28688717 0.86852139 -0.09861362
v 0.28274491 0.86852139 0.05894941
v 0.28688717 0.86852139 0.06038945
v 0.28619599 0.87638134 -0.09824903
v 0.28688717 0.87638134 -0.09845963
v 0.28279218 0.87638134 0.05894941
v 0.28688717 0.87638134 0.06019852
v 0.28688717 0.88007057 -0.09824903
v 0.28688717 0.88424122 -0.09801156
v 0.28433174 0.88424122 0.05894941
v 0.28688717 0.88424122 0.05963124
v 0.28688717 0.89210117 -0.09727895
v 0.28688717 0.88972503 0.05894941
v 0.28688717 0.89210117 0.05865078
v 0.28688717 0.89996111 -0.09615032
v 0.28688717 0.89996111 0.05727383
v 0.28688717 0.90782100 -0.09453063
v 0.28688717 0.90782100 0.05543802
v 0.28688717 0.91568094 -0.09235810
v 0.28688717 0.91568094 0.05335179
v 0.28688717 0.92116618 -0.09038910
v 0.28688717 0.92354083 -0.08948559
v 0.28688717 0.92272002 0.05108950
v 0.28688717 0.92354083 0.05081581
v 0.28688717 0.93140078 -0.08547612
v 0.28688717 0.93140078 0.04744245
v 0.28688717 0.93597060 -0.08252918
v 0.28688717 0.93926072 -0.08016459
v 0.28688717 0.93855405 0.04322957
v 0.28688717 0.93926072 0.04273749
v 0.28688717 0.94517672 -0.07466926
v 0.28688717 0.94712061 -0.07229735
v 0.27932358 0.94712061 -0.04322957
v 0.28102255 0.94712061 -0.03536965
v 0.28139365 0.94712061 -0.02750973
v 0.28137121 0.94712061 -0.01964981
v 0.28126901 0.94712061 -0.01178988
v 0.28078738 0.94712061 -0.00392996
v 0.27933642 0.94712061 0.00392996
v 0.28688717 0.94664919 0.03536965
v 0.28688717 0.94712061 0.03465437
v 0.28688717 0.95080411 -0.06680934
v 0.28688717 0.95351231 -0.05894941
v 0.28688717 0.95376611 -0.05108950
v 0.28688717 0.95260298 -0.04322957
v 0.28688717 0.95160937 -0.03536965
v 0.28688717 0.95130986 -0.02750973
v 0.28688717 0.95128971 -0.01964981
v 0.28688717 0.95132822 -0.01178988
v 0.28688717 0.95166045 -0.00392996
v 0.28688717 0.95237440 0.00392996
v 0.28688717 0.95318598 0.01178988
v 0.28688717 0.95299995 0.01964981
v 0.28688717 0.95104325 0.02750973
v 0.29004559 0.73490274 -0.11396887
v 0.29225200 0.73490274 -0.10610895
v 0.29328629 0.73490274 -0.09824903
v 0.29474708 0.73490274 -0.09052193
v 0.29474708 0.73488557 -0.09038910
v 0.29474708 0.73431695 -0.08252918
v 0.29474708 0.73429912 -0.07466926
v 0.29474708 0.73465544 -0.06680934
v 0.29443356 0.73490274 -0.05894941
v 0.29474708 0.73490274 -0.06271015
v 0.29437840 0.73490274 -0.05108950
v 0.29474708 0.73490274 -0.04649960
v 0.29474708 0.73470664 -0.04322957
v 0.29474708 0.73426706 -0.03536965
v 0.29474708 0.73382574 -0.02750973
v 0.29474708 0.73325211 -0.01964981
v 0.29474708 0.73401368 -0.01178988
v 0.29364899 0.73490274 -0.00392996
v 0.29474708 0.73490274 -0.00788409
v 0.29292697 0.73490274 0.00392996
v 0.29262066 0.73490274 0.01178988
v 0.29254115 0.73490274 0.01964981
v 0.29294628 0.73490274 0.02750973
v 0.29326844 0.73490274 0.03536965
v 0.29330429 0.73490274 0.04322957
v 0.29262403 0.73490274 0.05108950
v 0.29145348 0.73490274 0.05894941
v 0.29032516 0.73490274 0.06680934
v 0.28842986 0.73490274 0.07466926
v 0.29474708 0.73854893 -0.11396887
v 0.29474708 0.73679948 -0.10610895
v 0.29474708 0.73592818 -0.09824903
v 0.29474708 0.73508453 -0.05894941
v 0.29474708 0.73508382 -0.05108950
v 0.29474708 0.73529875 -0.00392996
v 0.29474708 0.73573649 0.00392996
v 0.29474708 0.73612547 0.01178988
v 0.29474708 0.73640978 0.01964981
v 0.29474708 0.73626852 0.02750973
v 0.29474708 0.73607242 0.03536965
v 0.29474708 0.73603874 0.04322957
v 0.29474708 0.73662758 0.05108950
v 0.29474708 0.73776430 0.05894941
v 0.29474708 0.73877221 0.06680934
v 0.29474708 0.74016708 0.07466926
v 0.29474708 0.74276263 0.07787903
v 0.29474708 0.75848252 0.08236499
v 0.29117703 0.76634240 -0.11396887
v 0.29474708 0.76634240 -0.11883623
v 0.29157534 0.76634240 -0.10610895
v 0.29130921 0.76634240 -0.09824903
v 0.29006010 0.76634240 -0.09038910
v 0.28848431 0.76634240 -0.08252918
v 0.28714454 0.76634240 -0.07466926
v 0.28691977 0.76634240 0.03536965
v 0.28868794 0.76634240 0.04322957
v 0.29050601 0.76634240 0.05108950
v 0.29200470 0.76634240 0.05894941
v 0.29278257 0.76634240 0.06680934
v 0.29256359 0.76634240 0.07466926
v 0.29474708 0.76634240 0.07785660
v 0.29474708 0.76896870 -0.11396887
v 0.29474708 0.76855016 -0.10610895
v 0.29474708 0.76887345 -0.09824903
v 0.29474708 0.77070475 -0.09038910
v 0.29401010 0.77420235 -0.08252918
v 0.29474708 0.77420235 -0.08421628
v 0.29006225 0.77420235 -0.07466926
v 0.28976962 0.77420235 0.03536965
v 0.29405147 0.77420235 0.04322957
v 0.29474708 0.77420235 0.04482132
v 0.29474708 0.77047336 0.05108950
v 0.29474708 0.76850659 0.05894941
v 0.29474708 0.76779741 0.06680934
v 0.29474708 0.76801223 0.07466926
v 0.29285526 0.78206223 -0.08252918
v 0.29474708 0.78206223 -0.08482656
v 0.28689677 0.78206223 -0.07466926
v 0.28705135 0.78206223 0.03536965
v 0.29284278 0.78206223 0.04322957
v 0.29474708 0.78206223 0.04572322
v 0.28879374 0.78992218 -0.08252918
v 0.29474708 0.78992218 -0.08851293
v 0.28888103 0.78992218 0.04322957
v 0.29474708 0.78992218 0.04974073
v 0.29314563 0.79778212 -0.09038910
v 0.29474708 0.79778212 -0.09159197
v 0.29474708 0.79440552 -0.09038910
v 0.29474708 0.79294497 0.05108950
v 0.29255232 0.79778212 0.05108950
v 0.29474708 0.79778212 0.05289496
v 0.28899246 0.80564201 -0.09038910
v 0.29474708 0.80564201 -0.09436686
v 0.28898108 0.80564201 0.05108950
v 0.29474708 0.80564201 0.05508626
v 0.29474708 0.81350195 -0.09645909
v 0.29474708 0.81350195 0.05676856
v 0.29474708 0.82136184 -0.09805132
v 0.29474708 0.82136184 0.05834699
v 0.29276782 0.82922179 -0.09824903
v 0.29474708 0.82922179 -0.09911962
v 0.29474708 0.82277060 -0.09824903
v 0.29474708 0.82463247 0.05894941
v 0.29298696 0.82922179 0.05894941
v 0.29474708 0.82922179 0.05975968
v 0.29075056 0.83708173 -0.09824903
v 0.29474708 0.83708173 -0.09981697
v 0.29000363 0.83708173 0.05894941
v 0.29474708 0.83708173 0.06093946
v 0.28895539 0.84494162 -0.09824903
v 0.29474708 0.84494162 -0.10030954
v 0.28722394 0.84494162 0.05894941
v 0.29474708 0.84494162 0.06181305
v 0.28734159 0.85280156 -0.09824903
v 0.29474708 0.85280156 -0.10062753
v 0.29474708 0.85280156 0.06236067
v 0.29474708 0.86066151 -0.10076702
v 0.29474708 0.86066151 0.06257391
v 0.29474708 0.86852139 -0.10065458
v 0.29474708 0.86852139 0.06241704
v 0.29474708 0.87638134 -0.10024387
v 0.29474708 0.87638134 0.06192663
v 0.28813711 0.88424122 -0.09824903
v 0.29474708 0.88424122 -0.09947714
v 0.29474708 0.88424122 0.06098444
v 0.29330069 0.89210117 -0.09824903
v 0.29474708 0.89210117 -0.09847324
v 0.28910461 0.89210117 0.05894941
v 0.29474708 0.89210117 0.05969456
v 0.29474708 0.89334738 -0.09824903
v 0.29474708 0.89996111 -0.09709695
v 0.29474708 0.89568210 0.05894941
v 0.29474708 0.89996111 0.05805580
v 0.29474708 0.90782100 -0.09517293
v 0.29474708 0.90782100 0.05602653
v 0.29474708 0.91568094 -0.09280354
v 0.29474708 0.91568094 0.05386846
v 0.29474708 0.92196268 -0.09038910
v 0.29474708 0.92354083 -0.08975112
v 0.29147664 0.92354083 0.05108950
v 0.29474708 0.92354083 0.05128019
v 0.29474708 0.93140078 -0.08568504
v 0.29474708 0.92399949 0.05108950
v 0.29474708 0.93140078 0.04786929
v 0.29474708 0.93643582 -0.08252918
v 0.29474708 0.93926072 -0.08057272
v 0.29296237 0.93926072 0.04322957
v 0.29474708 0.93926072 0.04336090
v 0.29474708 0.94615889 -0.07466926
v 0.29474708 0.94712061 -0.07367507
v 0.28968748 0.94712061 0.03536965
v 0.29474708 0.94712061 0.03630561
v 0.29474708 0.93943751 0.04322957
v 0.29474708 0.95230579 -0.06680934
v 0.29245096 0.95498055 -0.05894941
v 0.29474708 0.95498055 -0.06051202
v 0.28980801 0.95498055 -0.05108950
v 0.29099065 0.95498055 -0.04322957
v 0.29195419 0.95498055 -0.03536965
v 0.29223761 0.95498055 -0.02750973
v 0.29232708 0.95498055 -0.01964981
v 0.29237062 0.95498055 -0.01178988
v 0.29215088 0.95498055 -0.00392996
v 0.29164106 0.95498055 0.00392996
v 0.29121745 0.95498055 0.01178988
v 0.29368436 0.95498055 0.01964981
v 0.29474708 0.95498055 0.02063757
v 0.29474708 0.95277882 0.02750973
v 0.29474708 0.94794887 0.03536965
v 0.29474708 0.95554566 -0.05894941
v 0.29474708 0.95660049 -0.05108950
v 0.29474708 0.95659786 -0.04322957
v 0.29474708 0.95637059 -0.03536965
v 0.29474708 0.95628071 -0.02750973
v 0.29474708 0.95622271 -0.01964981
v 0.29474708 0.95618659 -0.01178988
v 0.29474708 0.95621812 -0.00392996
v 0.29474708 0.95628023 0.00392996
v 0.29474708 0.95618093 0.01178988
v 0.29474708 0.95527869 0.01964981
v 0.29477322 0.73490274 -0.09038910
v 0.29566661 0.73490274 -0.08252918
v 0.29563999 0.73490274 -0.07466926
v 0.29517058 0.73490274 -0.06680934
v 0.29986930 0.74276263 -0.11396887
v 0.30182767 0.74276263 -0.10610895
v 0.30260700 0.74276263 -0.10214493
v 0.30260700 0.74207217 -0.09824903
v 0.30260700 0.74084336 -0.09038910
v 0.30260700 0.74044591 -0.08252918
v 0.30260700 0.74038392 -0.07466926
v 0.30260700 0.73927081 -0.06680934
v 0.30260700 0.73597145 -0.05894941
v 0.30260700 0.74072081 0.02750973
v 0.30260700 0.74199891 0.03536965
v 0.30260700 0.74172020 0.04322957
v 0.30260700 0.74224502 0.05108950
v 0.30134746 0.74276263 0.05894941
v 0.30260700 0.74276263 0.05382756
v 0.29990166 0.74276263 0.06680934
v 0.29843754 0.74276263 0.07466926
v 0.30260700 0.74474359 -0.11396887
v 0.30260700 0.74334610 -0.10610895
v 0.30260700 0.74353600 0.05894941
v 0.30260700 0.74449110 0.06680934
v 0.30260700 0.74541354 0.07466926
v 0.30260700 0.75062257 0.08089186
v 0.29958782 0.75848252 0.08252918
v 0.30049869 0.76634240 -0.12182879
v 0.30146188 0.76634240 0.08252918
v 0.30260700 0.76796919 -0.12182879
v 0.30163783 0.77420235 -0.11396887
v 0.30260700 0.77420235 -0.11589500
v 0.30183908 0.77420235 -0.10610895
v 0.30040756 0.77420235 -0.09824903
v 0.29743454 0.77420235 -0.09038910
v 0.29750267 0.77420235 0.05108950
v 0.30052412 0.77420235 0.05894941
v 0.30218184 0.77420235 0.06680934
v 0.30220583 0.77420235 0.07466926
v 0.30260700 0.77420235 0.07556672
v 0.30260700 0.76743597 0.08252918
v 0.30260700 0.77490574 -0.11396887
v 0.30260700 0.77495122 -0.10610895
v 0.29892147 0.78206223 -0.09038910
v 0.30260700 0.78206223 -0.09609881
v 0.29877862 0.78206223 0.05108950
v 0.30260700 0.78206223 0.05582324
v 0.30260700 0.77760518 0.05894941
v 0.30260700 0.77458507 0.06680934
v 0.30260700 0.77452135 0.07466926
v 0.29671818 0.78992218 -0.09038910
v 0.30260700 0.78992218 -0.09575976
v 0.29607353 0.78992218 0.05108950
v 0.30260700 0.78992218 0.05689377
v 0.30260700 0.79778212 -0.09711584
v 0.30260700 0.79778212 0.05823090
v 0.30168352 0.80564201 -0.09824903
v 0.30260700 0.80564201 -0.09871233
v 0.30260700 0.80310583 -0.09824903
v 0.30260700 0.80219489 0.05894941
v 0.30160928 0.80564201 0.05894941
v 0.30260700 0.80564201 0.05946417
v 0.29838574 0.81350195 -0.09824903
v 0.30260700 0.81350195 -0.10018241
v 0.29902774 0.81350195 0.05894941
v 0.30260700 0.81350195 0.06068413
v 0.29520306 0.82136184 -0.09824903
v 0.30260700 0.82136184 -0.10123668
v 0.29604092 0.82136184 0.05894941
v 0.30260700 0.82136184 0.06186918
v 0.30260700 0.82922179 -0.10184827
v 0.30260700 0.82922179 0.06285647
v 0.30260700 0.83708173 -0.10220789
v 0.30260700 0.83708173 0.06361733
v 0.30260700 0.84494162 -0.10244734
v 0.30260700 0.84494162 0.06409370
v 0.30260700 0.85280156 -0.10254490
v 0.30260700 0.85280156 0.06429639
v 0.30260700 0.86066151 -0.10245460
v 0.30260700 0.86066151 0.06415030
v 0.30260700 0.86852139 -0.10212795
v 0.30260700 0.86852139 0.06368005
v 0.30260700 0.87638134 -0.10147499
v 0.30260700 0.87638134 0.06283968
v 0.30260700 0.88424122 -0.10043690
v 0.30260700 0.88424122 0.06165211
v 0.30260700 0.89210117 -0.09901540
v 0.30260700 0.89210117 0.06003877
v 0.30260700 0.89565468 -0.09824903
v 0.30260700 0.89996111 -0.09733736
v 0.30260700 0.89684403 0.05894941
v 0.30260700 0.89996111 0.05822778
v 0.30260700 0.90782100 -0.09513581
v 0.30260700 0.90782100 0.05608794
v 0.30260700 0.91568094 -0.09252577
v 0.30260700 0.91568094 0.05383788
v 0.30260700 0.92089945 -0.09038910
v 0.30260700 0.92354083 -0.08925136
v 0.30260700 0.92354083 0.05113003
v 0.30260700 0.93140078 -0.08506013
v 0.30260700 0.92363417 0.05108950
v 0.30260700 0.93140078 0.04757234
v 0.30260700 0.93539572 -0.08252918
v 0.30260700 0.93926072 -0.07988358
v 0.29738224 0.93926072 0.04322957
v 0.30260700 0.93884766 0.04322957
v 0.30260700 0.93926072 0.04296452
v 0.30260700 0.94559652 -0.07466926
v 0.30260700 0.94712061 -0.07321340
v 0.30260700 0.94712061 0.03626843
v 0.30260700 0.95245838 -0.06680934
v 0.30260700 0.95498055 -0.06214461
v 0.30260700 0.95349890 0.02750973
v 0.30260700 0.95498055 0.02386773
v 0.30260700 0.94797266 0.03536965
v 0.30260700 0.95627105 -0.05894941
v 0.30260700 0.95758212 -0.05108950
v 0.30260700 0.95799577 -0.04322957
v 0.30260700 0.95811427 -0.03536965
v 0.30260700 0.95816487 -0.02750973
v 0.30260700 0.95814186 -0.01964981
v 0.30260700 0.95806521 -0.01178988
v 0.30260700 0.95797944 -0.00392996
v 0.30260700 0.95780146 0.00392996
v 0.30260700 0.95742631 0.01178988
v 0.30260700 0.95635104 0.01964981
v 0.30363700 0.74276263 -0.09824903
v 0.30514130 0.74276263 -0.09038910
v 0.30612141 0.74276263 -0.08252918
v 0.31046692 0.74276263 -0.07739522
v 0.31046692 0.73886698 -0.07466926
v 0.30486941 0.74276263 0.04322957
v 0.31046692 0.74276263 0.03730669
v 0.30362704 0.74276263 0.05108950
v 0.31046692 0.74888319 -0.11396887
v 0.31046692 0.74785298 -0.10610895
v 0.31046692 0.74697554 -0.09824903
v 0.31046692 0.74639410 -0.09038910
v 0.31046692 0.74511850 -0.08252918
v 0.31046692 0.74507952 0.04322957
v 0.31046692 0.74602497 0.05108950
v 0.31046692 0.74724621 0.05894941
v 0.31046692 0.74858767 0.06680934
v 0.31046692 0.74951786 0.07466926
v 0.31046692 0.75062257 0.07679711
v 0.30933607 0.77420235 -0.12182879
v 0.30843300 0.77420235 0.08252918
v 0.31046692 0.77478307 -0.12182879
v 0.31046692 0.78081495 -0.11396887
v 0.30874494 0.78206223 -0.10610895
v 0.31046692 0.78206223 -0.11052278
v 0.30400819 0.78206223 -0.09824903
v 0.30521002 0.78206223 0.05894941
v 0.31040719 0.78206223 0.06680934
v 0.31046692 0.78206223 0.06710509
v 0.31046692 0.78072417 0.07466926
v 0.31046692 0.77555555 0.08252918
v 0.30550459 0.78992218 -0.09824903
v 0.31046692 0.78992218 -0.10342041
v 0.30544868 0.78992218 0.05894941
v 0.31046692 0.78992218 0.06227384
v 0.31046692 0.78214753 0.06680934
v 0.30453289 0.79778212 -0.09824903
v 0.31046692 0.79778212 -0.10151714
v 0.30390805 0.79778212 0.05894941
v 0.31046692 0.79778212 0.06239545
v 0.31046692 0.80564201 -0.10236992
v 0.31046692 0.80564201 0.06318761
v 0.31046692 0.81350195 -0.10316202
v 0.31046692 0.81350195 0.06396201
v 0.31046692 0.82136184 -0.10365164
v 0.31046692 0.82136184 0.06467837
v 0.31046692 0.82922179 -0.10396713
v 0.31046692 0.82922179 0.06526484
v 0.31046692 0.83708173 -0.10409395
v 0.31046692 0.83708173 0.06564659
v 0.31046692 0.84494162 -0.10413636
v 0.31046692 0.84494162 0.06579303
v 0.31046692 0.85280156 -0.10402200
v 0.31046692 0.85280156 0.06565091
v 0.31046692 0.86066151 -0.10370280
v 0.31046692 0.86066151 0.06515558
v 0.31046692 0.86852139 -0.10306613
v 0.31046692 0.86852139 0.06431185
v 0.31046692 0.87638134 -0.10210601
v 0.31046692 0.87638134 0.06312980
v 0.31046692 0.88424122 -0.10076252
v 0.31046692 0.88424122 0.06168952
v 0.31046692 0.89210117 -0.09899369
v 0.31046692 0.89210117 0.05992663
v 0.31046692 0.89501649 -0.09824903
v 0.31046692 0.89996111 -0.09700418
v 0.31046692 0.89604658 0.05894941
v 0.31046692 0.89996111 0.05797316
v 0.31046692 0.90782100 -0.09453332
v 0.31046692 0.90782100 0.05570067
v 0.31046692 0.91568094 -0.09163593
v 0.31046692 0.91568094 0.05328223
v 0.31046692 0.91855896 -0.09038910
v 0.31046692 0.92354083 -0.08808453
v 0.30302605 0.92354083 0.05108950
v 0.31046692 0.92162454 0.05108950
v 0.31046692 0.92354083 0.05035155
v 0.31046692 0.93140078 -0.08375130
v 0.31046692 0.93140078 0.04650110
v 0.31046692 0.93324906 -0.08252918
v 0.31046692 0.93926072 -0.07836536
v 0.31046692 0.93678063 0.04322957
v 0.31046692 0.93926072 0.04157702
v 0.31046692 0.94380367 -0.07466926
v 0.31046692 0.94712061 -0.07155886
v 0.30769995 0.94712061 0.03536965
v 0.31046692 0.94660610 0.03536965
v 0.31046692 0.94712061 0.03484314
v 0.31046692 0.95134407 -0.06680934
v 0.31046692 0.95498055 -0.06100033
v 0.31046692 0.95290691 0.02750973
v 0.31046692 0.95498055 0.02337192
v 0.31046692 0.95594394 -0.05894941
v 0.31046692 0.95770687 -0.05108950
v 0.31046692 0.95841604 -0.04322957
v 0.31046692 0.95872700 -0.03536965
v 0.31046692 0.95883888 -0.02750973
v 0.31046692 0.95886171 -0.01964981
v 0.31046692 0.95881182 -0.01178988
v 0.31046692 0.95867223 -0.00392996
v 0.31046692 0.95837718 0.00392996
v 0.31046692 0.95775676 0.01178988
v 0.31046692 0.95638365 0.01964981
v 0.31601000 0.75062257 -0.11396887
v 0.31805065 0.75062257 -0.10610895
v 0.31832686 0.75062257 -0.10226720
v 0.31832686 0.75048596 -0.09824903
v 0.31832686 0.74741882 -0.09038910
v 0.31832686 0.74727070 0.05108950
v 0.31764874 0.75062257 0.05894941
v 0.31832686 0.75062257 0.05764898
v 0.31549427 0.75062257 0.06680934
v 0.31306839 0.75062257 0.07466926
v 0.31832686 0.75135440 -0.11396887
v 0.31832686 0.75071168 -0.10610895
v 0.31832686 0.75089628 0.05894941
v 0.31832686 0.75162703 0.06680934
v 0.31832686 0.75284022 0.07466926
v 0.31832686 0.77733129 -0.12182879
v 0.31208494 0.78206223 -0.11396887
v 0.31206670 0.78206223 0.07466926
v 0.31804633 0.78206223 0.08252918
v 0.31581101 0.78992218 0.06680934
v 0.31832686 0.78992218 0.07139017
v 0.31832686 0.78807592 0.07466926
v 0.31832686 0.78229231 0.08252918
v 0.31786570 0.79778212 -0.10610895
v 0.31832686 0.79778212 -0.10651325
v 0.31832686 0.79652470 0.06680934
v 0.31832686 0.79778212 0.06643143
v 0.31832686 0.79953682 -0.10610895
v 0.31832686 0.80564201 -0.10516532
v 0.31832686 0.80564201 0.06615774
v 0.31832686 0.81350195 -0.10549033
v 0.31832686 0.81350195 0.06651659
v 0.31832686 0.82136184 -0.10561591
v 0.31832686 0.81970763 0.06680934
v 0.31805581 0.82136184 0.06680934
v 0.31832686 0.82136184 0.06688429
v 0.31832686 0.82922179 -0.10563641
v 0.31698754 0.82922179 0.06680934
v 0.31832686 0.82922179 0.06711949
v 0.31832686 0.83708173 -0.10559276
v 0.31644067 0.83708173 0.06680934
v 0.31832686 0.83708173 0.06717213
v 0.31832686 0.84494162 -0.10544002
v 0.31709969 0.84494162 0.06680934
v 0.31832686 0.84494162 0.06699919
v 0.31832686 0.85280156 -0.10508850
v 0.31832686 0.84802341 0.06680934
v 0.31832686 0.85280156 0.06651250
v 0.31832686 0.86066151 -0.10448962
v 0.31832686 0.86066151 0.06566194
v 0.31832686 0.86852139 -0.10348895
v 0.31832686 0.86852139 0.06449380
v 0.31832686 0.87638134 -0.10217323
v 0.31832686 0.87638134 0.06301418
v 0.31832686 0.88424122 -0.10051408
v 0.31832686 0.88424122 0.06135011
v 0.31832686 0.89210117 -0.09842329
v 0.31832686 0.89210117 0.05944198
v 0.31832686 0.89268631 -0.09824903
v 0.31832686 0.89996111 -0.09611536
v 0.31832686 0.89392442 0.05894941
v 0.31832686 0.89996111 0.05729422
v 0.31832686 0.90782100 -0.09343114
v 0.31832686 0.90782100 0.05483800
v 0.31832686 0.91536433 -0.09038910
v 0.31758302 0.91568094 -0.09038910
v 0.31832686 0.91568094 -0.09025436
v 0.31832686 0.91568094 0.05208649
v 0.31832686 0.92354083 -0.08644176
v 0.31832686 0.91810250 0.05108950
v 0.31832686 0.92354083 0.04873281
v 0.31832686 0.93029511 -0.08252918
v 0.31554142 0.93140078 -0.08252918
v 0.31832686 0.93140078 -0.08183705
v 0.31832686 0.93140078 0.04462223
v 0.31832686 0.93926072 -0.07622839
v 0.31832686 0.93356746 0.04322957
v 0.31832686 0.93926072 0.03928498
v 0.31832686 0.94111151 -0.07466926
v 0.31832686 0.94712061 -0.06899422
v 0.31832686 0.94391459 0.03536965
v 0.31832686 0.94712061 0.03211431
v 0.31832686 0.94914979 -0.06680934
v 0.31620511 0.95498055 -0.05894941
v 0.31832686 0.95454663 -0.05894941
v 0.31832686 0.95498055 -0.05796639
v 0.31832686 0.95089948 0.02750973
v 0.31832686 0.95498055 0.02034194
v 0.31832686 0.95712900 -0.05108950
v 0.31832686 0.95820707 -0.04322957
v 0.31832686 0.95870900 -0.03536965
v 0.31832686 0.95891881 -0.02750973
v 0.31832686 0.95896685 -0.01964981
v 0.31832686 0.95890105 -0.01178988
v 0.31832686 0.95869488 -0.00392996
v 0.31832686 0.95822740 0.00392996
v 0.31832686 0.95730758 0.01178988
v 0.31832686 0.95529920 0.01964981
v 0.31965989 0.75062257 -0.09824903
v 0.32618678 0.75062257 0.05668628
v 0.32618678 0.75388783 -0.11396887
v 0.32618678 0.75287682 -0.10610895
v 0.32618678 0.75119525 -0.09824903
v 0.32618678 0.75240707 0.05894941
v 0.32618678 0.75385344 0.06680934
v 0.32618678 0.75551534 0.07466926
v 0.32001945 0.78992218 0.07466926
v 0.32566351 0.78992218 0.08252918
v 0.32531413 0.79778212 -0.11396887
v 0.31892854 0.79778212 0.06680934
v 0.32618678 0.79778212 0.07378931
v 0.32618678 0.79699665 0.07466926
v 0.32618678 0.79047996 0.08252918
v 0.32080910 0.80564201 -0.10610895
v 0.32618678 0.80564201 -0.10839763
v 0.32008806 0.80564201 0.06680934
v 0.32618678 0.80564201 0.06908962
v 0.32056227 0.81350195 -0.10610895
v 0.32618678 0.81350195 -0.10754359
v 0.31932217 0.81350195 0.06680934
v 0.32618678 0.81350195 0.06864347
v 0.32041669 0.82136184 -0.10610895
v 0.32618678 0.82136184 -0.10738923
v 0.32618678 0.82136184 0.06858867
v 0.32073259 0.82922179 -0.10610895
v 0.32618678 0.82922179 -0.10713318
v 0.32618678 0.82922179 0.06846633
v 0.32159069 0.83708173 -0.10610895
v 0.32618678 0.83708173 -0.10681619
v 0.32618678 0.83708173 0.06814311
v 0.32407570 0.84494162 -0.10610895
v 0.32618678 0.84494162 -0.10635757
v 0.32618678 0.84494162 0.06764288
v 0.32618678 0.84789968 -0.10610895
v 0.32618678 0.85280156 -0.10569992
v 0.32527840 0.85280156 0.06680934
v 0.32618678 0.85280156 0.06684796
v 0.32618678 0.86066151 -0.10473074
v 0.32618678 0.85306239 0.06680934
v 0.32618678 0.86066151 0.06570259
v 0.32618678 0.86852139 -0.10335055
v 0.32618678 0.86852139 0.06422035
v 0.32618678 0.87638134 -0.10174255
v 0.32618678 0.87638134 0.06253121
v 0.32618678 0.88424122 -0.09970513
v 0.32618678 0.88424122 0.06063280
v 0.32618678 0.88919193 -0.09824903
v 0.31964815 0.89210117 -0.09824903
v 0.32618678 0.89210117 -0.09739067
v 0.32250819 0.89210117 0.05894941
v 0.32618678 0.89047319 0.05894941
v 0.32618678 0.89210117 0.05850435
v 0.32618678 0.89996111 -0.09475286
v 0.32618678 0.89996111 0.05608194
v 0.32618678 0.90782100 -0.09182081
v 0.32618678 0.90782100 0.05337086
v 0.32618678 0.91119266 -0.09038910
v 0.32618678 0.91568094 -0.08837147
v 0.32266134 0.91568094 0.05108950
v 0.32618678 0.91359675 0.05108950
v 0.32618678 0.91568094 0.05024061
v 0.32618678 0.92354083 -0.08429867
v 0.32618678 0.92354083 0.04645277
v 0.32618678 0.92644709 -0.08252918
v 0.32618678 0.93140078 -0.07932349
v 0.32244954 0.93140078 0.04322957
v 0.32618678 0.92922556 0.04322957
v 0.32618678 0.93140078 0.04188440
v 0.32618678 0.93770868 -0.07466926
v 0.32278499 0.93926072 -0.07466926
v 0.32618678 0.93926072 -0.07335690
v 0.32618678 0.93926072 0.03620666
v 0.32352185 0.94712061 -0.06680934
v 0.32618678 0.94598764 -0.06680934
v 0.32618678 0.94712061 -0.06547616
v 0.32618678 0.94022495 0.03536965
v 0.32618678 0.94712061 0.02818543
v 0.32618678 0.95192480 -0.05894941
v 0.32618678 0.95498055 -0.05256641
v 0.31949210 0.95498055 0.01964981
v 0.32618678 0.95280051 0.01964981
v 0.32618678 0.95498055 0.01439015
v 0.32618678 0.94768995 0.02750973
v 0.32618678 0.95555180 -0.05108950
v 0.32618678 0.95726085 -0.04322957
v 0.32618678 0.95808870 -0.03536965
v 0.32618678 0.95848703 -0.02750973
v 0.32618678 0.95858860 -0.01964981
v 0.32618678 0.95846230 -0.01178988
v 0.32618678 0.95806944 -0.00392996
v 0.32618678 0.95730352 0.00392996
v 0.32618678 0.95584071 0.01178988
v 0.33098575 0.75062257 0.05894941
v 0.33404669 0.75062257 0.06084987
v 0.33404669 0.75589746 -0.11396887
v 0.33404669 0.75449866 -0.10610895
v 0.33404669 0.75528282 0.06680934
v 0.33404669 0.75692993 0.07466926
v 0.32691717 0.79778212 0.07466926
v 0.33324903 0.79778212 0.08252918
v 0.33404669 0.79778212 0.08301491
v 0.33404669 0.80564201 -0.11381494
v 0.33404669 0.80500686 0.07466926
v 0.33404669 0.80564201 0.07408614
v 0.33404669 0.79856193 0.08252918
v 0.33404669 0.81350195 -0.10931302
v 0.33404669 0.81350195 0.07021963
v 0.33404669 0.82136184 -0.10877991
v 0.33404669 0.82136184 0.06956515
v 0.33404669 0.82922179 -0.10825869
v 0.33404669 0.82922179 0.06915595
v 0.33404669 0.83708173 -0.10763911
v 0.33404669 0.83708173 0.06859058
v 0.33404669 0.84494162 -0.10682969
v 0.33404669 0.84494162 0.06778907
v 0.33404669 0.85025740 -0.10610895
v 0.33404669 0.85280156 -0.10575826
v 0.32785001 0.85280156 0.06680934
v 0.33404669 0.85183680 0.06680934
v 0.33404669 0.85280156 0.06666470
v 0.33404669 0.86066151 -0.10438755
v 0.33404669 0.86066151 0.06527948
v 0.33404669 0.86852139 -0.10266837
v 0.33404669 0.86852139 0.06354333
v 0.33404669 0.87638134 -0.10076870
v 0.33404669 0.87638134 0.06162584
v 0.33404669 0.88424122 -0.09847912
v 0.33404669 0.88424122 0.05944006
v 0.33404669 0.88496554 -0.09824903
v 0.33404669 0.89210117 -0.09594931
v 0.33404669 0.88586885 0.05894941
v 0.33404669 0.89210117 0.05702905
v 0.33404669 0.89996111 -0.09313077
v 0.33404669 0.89996111 0.05434687
v 0.33404669 0.90653521 -0.09038910
v 0.33191344 0.90782100 -0.09038910
v 0.33404669 0.90782100 -0.08983082
v 0.33404669 0.90782100 0.05126460
v 0.33404669 0.91568094 -0.08603057
v 0.33404669 0.90822065 0.05108950
v 0.33404669 0.91568094 0.04761084
v 0.33404669 0.92194045 -0.08252918
v 0.33138192 0.92354083 -0.08252918
v 0.33404669 0.92354083 -0.08156222
v 0.33404669 0.92354083 0.04344089
v 0.33404669 0.93140078 -0.07620530
v 0.33404669 0.92389768 0.04322957
v 0.33404669 0.93140078 0.03836653
v 0.33404669 0.93334955 -0.07466926
v 0.33404669 0.93926072 -0.06949127
v 0.32787147 0.93926072 0.03536965
v 0.33404669 0.93535388 0.03536965
v 0.33404669 0.93926072 0.03189328
v 0.33404669 0.94194359 -0.06680934
v 0.33404669 0.94712061 -0.06042285
v 0.32727012 0.94712061 0.02750973
v 0.33404669 0.94337535 0.02750973
v 0.33404669 0.94712061 0.02241594
v 0.33404669 0.94821984 -0.05894941
v 0.32785228 0.95498055 -0.05108950
v 0.33404669 0.95244765 -0.05108950
v 0.33404669 0.95498055 -0.04351909
v 0.32867333 0.95498055 0.01178988
v 0.33404669 0.95270276 0.01178988
v 0.33404669 0.95498055 0.00439866
v 0.33404669 0.94893330 0.01964981
v 0.33404669 0.95506656 -0.04322957
v 0.33404669 0.95647633 -0.03536965
v 0.33404669 0.95710170 -0.02750973
v 0.33404669 0.95728326 -0.01964981
v 0.33404669 0.95707864 -0.01178988
v 0.33404669 0.95643187 -0.00392996
v 0.33404669 0.95510972 0.00392996
v 0.34190661 0.75416636 0.06680934
v 0.34190661 0.79778212 0.08493467
v 0.33475119 0.80564201 0.07466926
v 0.34190661 0.80564201 0.08244211
v 0.34190661 0.80547786 0.08252918
v 0.34190661 0.81350195 -0.11241448
v 0.34190661 0.81236631 0.07466926
v 0.34190661 0.81350195 0.07378247
v 0.34190661 0.82136184 -0.10957729
v 0.34190661 0.82136184 0.07023474
v 0.34190661 0.82922179 -0.10886369
v 0.34190661 0.82922179 0.06930514
v 0.34190661 0.83708173 -0.10788654
v 0.34190661 0.83708173 0.06851347
v 0.34190661 0.84494162 -0.10665806
v 0.34190661 0.84494162 0.06746069
v 0.34190661 0.84790349 -0.10610895
v 0.34190661 0.85280156 -0.10520159
v 0.34190661 0.84871835 0.06680934
v 0.34190661 0.85280156 0.06609274
v 0.34190661 0.86066151 -0.10342240
v 0.34190661 0.86066151 0.06443767
v 0.34190661 0.86852139 -0.10148451
v 0.34190661 0.86852139 0.06245206
v 0.34190661 0.87638134 -0.09931847
v 0.34190661 0.87638134 0.06021111
v 0.34190661 0.87984717 -0.09824903
v 0.33518460 0.88424122 -0.09824903
v 0.34190661 0.88424122 -0.09687004
v 0.33642736 0.88424122 0.05894941
v 0.34190661 0.88051778 0.05894941
v 0.34190661 0.88424122 0.05778978
v 0.34190661 0.89210117 -0.09410211
v 0.34190661 0.89210117 0.05507642
v 0.34190661 0.89996111 -0.09096886
v 0.34190661 0.89996111 0.05205891
v 0.34190661 0.90124822 -0.09038910
v 0.34190661 0.90782100 -0.08726785
v 0.33457559 0.90782100 0.05108950
v 0.34190661 0.90219665 0.05108950
v 0.34190661 0.90782100 0.04848287
v 0.34190661 0.91568094 -0.08305605
v 0.34190661 0.91568094 0.04441115
v 0.34190661 0.91655129 -0.08252918
v 0.34190661 0.92354083 -0.07803818
v 0.33451262 0.92354083 0.04322957
v 0.34190661 0.91772914 0.04322957
v 0.34190661 0.92354083 0.03960472
v 0.34190661 0.92818636 -0.07466926
v 0.33713004 0.93140078 -0.07466926
v 0.34190661 0.93140078 -0.07200645
v 0.33952764 0.93140078 0.03536965
v 0.34190661 0.92957121 0.03536965
v 0.34190661 0.93140078 0.03386149
v 0.33844510 0.93926072 -0.06680934
v 0.34190661 0.93697947 -0.06680934
v 0.34190661 0.93926072 -0.06427377
v 0.34038466 0.93926072 0.02750973
v 0.34190661 0.93815506 0.02750973
v 0.34190661 0.93926072 0.02622573
v 0.33588514 0.94712061 -0.05894941
v 0.34190661 0.94343626 -0.05894941
v 0.34190661 0.94712061 -0.05276844
v 0.33709165 0.94712061 0.01964981
v 0.34190661 0.94406617 0.01964981
v 0.34190661 0.94712061 0.01409655
v 0.34190661 0.94807118 -0.05108950
v 0.33423319 0.95498055 -0.04322957
v 0.34190661 0.95109159 -0.04322957
v 0.33792353 0.95498055 -0.03536965
v 0.34190661 0.95304638 -0.03536965
v 0.33997136 0.95498055 -0.02750973
v 0.34190661 0.95407170 -0.02750973
v 0.34063736 0.95498055 -0.01964981
v 0.34190661 0.95438796 -0.01964981
v 0.33993658 0.95498055 -0.01178988
v 0.34190661 0.95406151 -0.01178988
v 0.33784762 0.95498055 -0.00392996
v 0.34190661 0.95304519 -0.00392996
v 0.33432901 0.95498055 0.00392996
v 0.34190661 0.95114952 0.00392996
v 0.34190661 0.94829845 0.01178988
v 0.34212512 0.80564201 0.08252918
v 0.34976652 0.80564201 0.08431259
v 0.34340638 0.81350195 0.07466926
v 0.34976652 0.81350195 0.08039270
v 0.34976652 0.81031257 0.08252918
v 0.34976652 0.82136184 -0.11088726
v 0.34976652 0.81830984 0.07466926
v 0.34976652 0.82136184 0.07235695
v 0.34976652 0.82922179 -0.10874400
v 0.34976652 0.82922179 0.06925381
v 0.34976652 0.83708173 -0.10748692
v 0.34976652 0.83708173 0.06806719
v 0.34976652 0.84363055 -0.10610895
v 0.34708256 0.84494162 -0.10610895
v 0.34976652 0.84494162 -0.10581745
v 0.34880385 0.84494162 0.06680934
v 0.34976652 0.84442461 0.06680934
v 0.34976652 0.84494162 0.06671351
v 0.34976652 0.85280156 -0.10404076
v 0.34976652 0.85280156 0.06512237
v 0.34976652 0.86066151 -0.10202637
v 0.34976652 0.86066151 0.06319132
v 0.34976652 0.86852139 -0.09984612
v 0.34976652 0.86852139 0.06086822
v 0.34976652 0.87379807 -0.09824903
v 0.34645915 0.87638134 -0.09824903
v 0.34976652 0.87638134 -0.09745261
v 0.34738335 0.87638134 0.05894941
v 0.34976652 0.87462956 0.05894941
v 0.34976652 0.87638134 0.05838094
v 0.34976652 0.88424122 -0.09473337
v 0.34976652 0.88424122 0.05567201
v 0.34976652 0.89210117 -0.09172924
v 0.34976652 0.89210117 0.05266817
v 0.34976652 0.89514554 -0.09038910
v 0.34361279 0.89996111 -0.09038910
v 0.34976652 0.89996111 -0.08815535
v 0.34469399 0.89996111 0.05108950
v 0.34976652 0.89579165 0.05108950
v 0.34976652 0.89996111 0.04919516
v 0.34976652 0.90782100 -0.08407614
v 0.34976652 0.90782100 0.04514454
v 0.34976652 0.91044885 -0.08252918
v 0.34306085 0.91568094 -0.08252918
v 0.34976652 0.91568094 -0.07923187
v 0.34436488 0.91568094 0.04322957
v 0.34976652 0.91115659 0.04322957
v 0.34976652 0.91568094 0.04040395
v 0.34805712 0.92354083 -0.07466926
v 0.34976652 0.92218608 -0.07466926
v 0.34976652 0.92354083 -0.07358291
v 0.34912428 0.92354083 0.03536965
v 0.34976652 0.92299014 0.03536965
v 0.34976652 0.92354083 0.03493069
v 0.34947211 0.93140078 -0.06680934
v 0.34976652 0.93116945 -0.06680934
v 0.34976652 0.93140078 -0.06656671
v 0.34976652 0.93140078 0.02796811
v 0.34791765 0.93926072 -0.05894941
v 0.34976652 0.93786383 -0.05894941
v 0.34976652 0.93926072 -0.05686067
v 0.34859058 0.93926072 0.01964981
v 0.34976652 0.93833578 0.01964981
v 0.34976652 0.93926072 0.01822668
v 0.34976652 0.93185771 0.02750973
v 0.34330550 0.94712061 -0.05108950
v 0.34976652 0.94267410 -0.05108950
v 0.34822062 0.94712061 -0.04322957
v 0.34976652 0.94608968 -0.04322957
v 0.34976652 0.94712061 -0.03962931
v 0.34844884 0.94712061 0.00392996
v 0.34976652 0.94625098 0.00392996
v 0.34976652 0.94712061 0.00079252
v 0.34368643 0.94712061 0.01178988
v 0.34976652 0.94294482 0.01178988
v 0.34976652 0.94831395 -0.03536965
v 0.34976652 0.94951314 -0.02750973
v 0.34976652 0.94990283 -0.01964981
v 0.34976652 0.94955695 -0.01178988
v 0.34976652 0.94838977 -0.00392996
v 0.35466039 0.81350195 0.08252918
v 0.35762647 0.81350195 0.08327624
v 0.35446528 0.82136184 0.07466926
v 0.35762647 0.82136184 0.07701851
v 0.35762647 0.81494999 0.08252918
v 0.35762647 0.82922179 -0.10882387
v 0.35762647 0.82329005 0.07466926
v 0.35762647 0.82922179 0.06996825
v 0.35762647 0.83708173 -0.10660169
v 0.35762647 0.83708173 0.06742747
v 0.35762647 0.83912140 -0.10610895
v 0.35762647 0.84494162 -0.10465068
v 0.35762647 0.83985299 0.06680934
v 0.35762647 0.84494162 0.06562920
v 0.35762647 0.85280156 -0.10259084
v 0.35762647 0.85280156 0.06372622
v 0.35762647 0.86066151 -0.10027301
v 0.35762647 0.86066151 0.06143023
v 0.35762647 0.86704093 -0.09824903
v 0.35583681 0.86852139 -0.09824903
v 0.35762647 0.86852139 -0.09776492
v 0.35699922 0.86852139 0.05894941
v 0.35762647 0.86802751 0.05894941
v 0.35762647 0.86852139 0.05877431
v 0.35762647 0.87638134 -0.09508669
v 0.35762647 0.87638134 0.05607870
v 0.35762647 0.88424122 -0.09210091
v 0.35762647 0.88424122 0.05310689
v 0.35762647 0.88817370 -0.09038910
v 0.35323679 0.89210117 -0.09038910
v 0.35762647 0.89210117 -0.08859941
v 0.35413256 0.89210117 0.05108950
v 0.35762647 0.88907886 0.05108950
v 0.35762647 0.89210117 0.04974636
v 0.35762647 0.89996111 -0.08461542
v 0.35762647 0.89996111 0.04571554
v 0.35762647 0.90361470 -0.08252918
v 0.35284820 0.90782100 -0.08252918
v 0.35762647 0.90782100 -0.07992928
v 0.35355079 0.90782100 0.04322957
v 0.35762647 0.90425843 0.04322957
v 0.35762647 0.90782100 0.04095720
v 0.35744321 0.91568094 -0.07466926
v 0.35762647 0.91551948 -0.07466926
v 0.35762647 0.91568094 -0.07454387
v 0.35762647 0.91568094 0.03546512
v 0.35762647 0.92354083 -0.06777234
v 0.35762647 0.91580784 0.03536965
v 0.35762647 0.92354083 0.02867511
v 0.35762647 0.92456090 -0.06680934
v 0.35762647 0.93140078 -0.05915318
v 0.35028860 0.93140078 0.02750973
v 0.35762647 0.92477053 0.02750973
v 0.35762647 0.93140078 0.01997662
v 0.35762647 0.93156713 -0.05894941
v 0.35437819 0.93926072 -0.05108950
v 0.35762647 0.93668300 -0.05108950
v 0.35762647 0.93926072 -0.04576417
v 0.35460067 0.93926072 0.01178988
v 0.35762647 0.93675661 0.01178988
v 0.35762647 0.93926072 0.00667487
v 0.35762647 0.93166548 0.01964981
v 0.35762647 0.94039696 -0.04322957
v 0.35146707 0.94712061 -0.03536965
v 0.35762647 0.94277400 -0.03536965
v 0.35335025 0.94712061 -0.02750973
v 0.35762647 0.94412184 -0.02750973
v 0.35401565 0.94712061 -0.01964981
v 0.35762647 0.94459665 -0.01964981
v 0.35343674 0.94712061 -0.01178988
v 0.35762647 0.94418728 -0.01178988
v 0.35161099 0.94712061 -0.00392996
v 0.35762647 0.94285989 -0.00392996
v 0.35762647 0.94050306 0.00392996
v 0.36548638 0.81350195 0.08326017
v 0.36548638 0.82136184 0.08109107
v 0.36548638 0.82922179 -0.11233161
v 0.36548638 0.82830995 0.07466926
v 0.36548638 0.82922179 0.07363640
v 0.36548638 0.83642483 -0.10610895
v 0.36223656 0.83708173 -0.10610895
v 0.36548638 0.83708173 -0.10574082
v 0.36548638 0.83708173 0.06690504
v 0.36548638 0.84494162 -0.10304442
v 0.36548638 0.83730805 0.06680934
v 0.36548638 0.84494162 0.06404668
v 0.36548638 0.85280156 -0.10077854
v 0.36548638 0.85280156 0.06176916
v 0.36548638 0.86028248 -0.09824903
v 0.36501998 0.86066151 -0.09824903
v 0.36548638 0.86066151 -0.09811530
v 0.36548638 0.86066151 0.05909034
v 0.36548638 0.86852139 -0.09536152
v 0.36548638 0.86107403 0.05894941
v 0.36548638 0.86852139 0.05631965
v 0.36548638 0.87638134 -0.09228086
v 0.36548638 0.87638134 0.05336894
v 0.36548638 0.88069832 -0.09038910
v 0.36175132 0.88424122 -0.09038910
v 0.36548638 0.88424122 -0.08876000
v 0.36287460 0.88424122 0.05108950
v 0.36548638 0.88182712 0.05108950
v 0.36548638 0.88424122 0.05001274
v 0.36548638 0.89210117 -0.08477870
v 0.36548638 0.89210117 0.04599067
v 0.36548638 0.89606917 -0.08252918
v 0.36145425 0.89996111 -0.08252918
v 0.36548638 0.89996111 -0.08016399
v 0.36220562 0.89996111 0.04322957
v 0.36548638 0.89686596 0.04322957
v 0.36548638 0.89996111 0.04124133
v 0.36548638 0.90782100 -0.07489774
v 0.36548638 0.90782100 0.03562343
v 0.36548638 0.90812814 -0.07466926
v 0.36548638 0.91568094 -0.06832685
v 0.35775575 0.91568094 0.03536965
v 0.36548638 0.90815133 0.03536965
v 0.36548638 0.91568094 0.02880848
v 0.36548638 0.91733962 -0.06680934
v 0.35876486 0.92354083 -0.06680934
v 0.36548638 0.92354083 -0.06013765
v 0.35889152 0.92354083 0.02750973
v 0.36548638 0.91706747 0.02750973
v 0.36548638 0.92354083 0.02043716
v 0.35782135 0.93140078 -0.05894941
v 0.36548638 0.92456484 -0.05894941
v 0.36397463 0.93140078 -0.05108950
v 0.36548638 0.93006319 -0.05108950
v 0.36548638 0.93140078 -0.04855375
v 0.36369231 0.93140078 0.01178988
v 0.36548638 0.92971957 0.01178988
v 0.36548638 0.93140078 0.00868830
v 0.35791525 0.93140078 0.01964981
v 0.36548638 0.92422026 0.01964981
v 0.35907152 0.93926072 -0.04322957
v 0.36548638 0.93396747 -0.04322957
v 0.36225912 0.93926072 -0.03536965
v 0.36548638 0.93661594 -0.03536965
v 0.36412358 0.93926072 -0.02750973
v 0.36548638 0.93815720 -0.02750973
v 0.36472398 0.93926072 -0.01964981
v 0.36548638 0.93864340 -0.01964981
v 0.36411855 0.93926072 -0.01178988
v 0.36548638 0.93812937 -0.01178988
v 0.36225948 0.93926072 -0.00392996
v 0.36548638 0.93653244 -0.00392996
v 0.35915667 0.93926072 0.00392996
v 0.36548638 0.93379176 0.00392996
v 0.36729905 0.82922179 0.07466926
v 0.37334630 0.82922179 0.07750291
v 0.36805210 0.83708173 -0.10610895
v 0.37334630 0.83253723 0.07466926
v 0.37334630 0.83708173 0.06905305
v 0.37334630 0.83817226 -0.10610895
v 0.37334630 0.84494162 -0.10143534
v 0.37334630 0.83897531 0.06680934
v 0.37334630 0.84494162 0.06256899
v 0.37334630 0.85280156 -0.09865176
v 0.37334630 0.85280156 0.05945565
v 0.37334630 0.85395449 -0.09824903
v 0.37334630 0.86066151 -0.09575526
v 0.36593768 0.86066151 0.05894941
v 0.37334630 0.85423011 0.05894941
v 0.37334630 0.86066151 0.05652066
v 0.37334630 0.86852139 -0.09253746
v 0.37334630 0.86852139 0.05348803
v 0.37334630 0.87321162 -0.09038910
v 0.36995339 0.87638134 -0.09038910
v 0.37334630 0.87638134 -0.08887363
v 0.37092787 0.87638134 0.05108950
v 0.37334630 0.87405390 0.05108950
v 0.37334630 0.87638134 0.05001406
v 0.37334630 0.88424122 -0.08478848
v 0.37334630 0.88424122 0.04600782
v 0.37334630 0.88822085 -0.08252918
v 0.36947212 0.89210117 -0.08252918
v 0.37334630 0.89210117 -0.08017130
v 0.37022841 0.89210117 0.04322957
v 0.37334630 0.88897377 0.04322957
v 0.37334630 0.89210117 0.04118495
v 0.37334630 0.89996111 -0.07495686
v 0.37334630 0.89996111 0.03551045
v 0.37334630 0.90035242 -0.07466926
v 0.36580145 0.90782100 -0.07466926
v 0.37334630 0.90782100 -0.06845637
v 0.36580864 0.90782100 0.03536965
v 0.37334630 0.90014112 0.03536965
v 0.37334630 0.90782100 0.02854739
v 0.36719722 0.91568094 -0.06680934
v 0.37334630 0.90963584 -0.06680934
v 0.37334630 0.91568094 -0.06044678
v 0.36683166 0.91568094 0.02750973
v 0.37334630 0.90892118 0.02750973
v 0.37334630 0.91568094 0.02022153
v 0.36657345 0.92354083 -0.05894941
v 0.37334630 0.91701221 -0.05894941
v 0.37248325 0.92354083 -0.05108950
v 0.37334630 0.92270708 -0.05108950
v 0.37334630 0.92354083 -0.04959117
v 0.37174377 0.92354083 0.01178988
v 0.37334630 0.92190391 0.01178988
v 0.37334630 0.92354083 0.00895467
v 0.36616316 0.92354083 0.01964981
v 0.37334630 0.91618729 0.01964981
v 0.36840075 0.93140078 -0.04322957
v 0.37334630 0.92682248 -0.04322957
v 0.37144548 0.93140078 -0.03536965
v 0.37334630 0.92962623 -0.03536965
v 0.37314722 0.93140078 -0.02750973
v 0.37334630 0.93121487 -0.02750973
v 0.37334630 0.93140078 -0.02443993
v 0.37297258 0.93140078 -0.01178988
v 0.37334630 0.93104291 -0.01178988
v 0.37334630 0.93140078 -0.01610189
v 0.37113044 0.93140078 -0.00392996
v 0.37334630 0.92927074 -0.00392996
v 0.36805907 0.93140078 0.00392996
v 0.37334630 0.92626047 0.00392996
v 0.37334630 0.93168503 -0.01964981
v 0.38120621 0.82922179 0.07725369
v 0.38120621 0.83481884 0.07466926
v 0.38120621 0.83708173 0.07313700
v 0.38120621 0.84117240 -0.10610895
v 0.38120621 0.84494162 -0.10161591
v 0.38120621 0.84219670 0.06680934
v 0.38120621 0.84494162 0.06330778
v 0.38120621 0.84937400 -0.09824903
v 0.37475264 0.85280156 -0.09824903
v 0.38120621 0.85280156 -0.09629916
v 0.37504622 0.85280156 0.05894941
v 0.38120621 0.84969002 0.05894941
v 0.38120621 0.85280156 0.05698336
v 0.38120621 0.86066151 -0.09291717
v 0.38120621 0.86066151 0.05367189
v 0.38120621 0.86599380 -0.09038910
v 0.37839633 0.86852139 -0.09038910
v 0.38120621 0.86852139 -0.08911122
v 0.37912288 0.86852139 0.05108950
v 0.38120621 0.86656064 0.05108950
v 0.38120621 0.86852139 0.05015246
v 0.38120621 0.87638134 -0.08495471
v 0.38120621 0.87638134 0.04599858
v 0.38120621 0.88043207 -0.08252918
v 0.37727734 0.88424122 -0.08252918
v 0.38120621 0.88424122 -0.08011499
v 0.37785169 0.88424122 0.04322957
v 0.38120621 0.88087869 0.04322957
v 0.38120621 0.88424122 0.04090587
v 0.38120621 0.89210117 -0.07483735
v 0.38090089 0.89210117 0.03536965
v 0.38120621 0.89177841 0.03536965
v 0.38120621 0.89210117 0.03509644
v 0.38120621 0.89233106 -0.07466926
v 0.37373272 0.89996111 -0.07466926
v 0.38120621 0.89996111 -0.06835623
v 0.37351662 0.89996111 0.03536965
v 0.38120621 0.89996111 0.02808744
v 0.37514013 0.90782100 -0.06680934
v 0.38120621 0.90166605 -0.06680934
v 0.38120621 0.90782100 -0.06030436
v 0.38112611 0.90782100 0.01964981
v 0.38120621 0.90773475 0.01964981
v 0.38120621 0.90782100 0.01953887
v 0.37438479 0.90782100 0.02750973
v 0.38120621 0.90057033 0.02750973
v 0.37466317 0.91568094 -0.05894941
v 0.38120621 0.90902466 -0.05894941
v 0.38025635 0.91568094 -0.05108950
v 0.38120621 0.91470635 -0.05108950
v 0.38120621 0.91568094 -0.04932186
v 0.37921786 0.91568094 0.01178988
v 0.38120621 0.91354203 0.01178988
v 0.38120621 0.91568094 0.00816263
v 0.37382737 0.91568094 0.01964981
v 0.37663713 0.92354083 -0.04322957
v 0.38120621 0.91885495 -0.04322957
v 0.37943169 0.92354083 -0.03536965
v 0.38120621 0.92170638 -0.03536965
v 0.38098603 0.92354083 -0.02750973
v 0.38120621 0.92330903 -0.02750973
v 0.38120621 0.92354083 -0.02306489
v 0.38071883 0.92354083 -0.01178988
v 0.38120621 0.92302477 -0.01178988
v 0.38120621 0.92354083 -0.01762162
v 0.37892401 0.92354083 -0.00392996
v 0.38120621 0.92112184 -0.00392996
v 0.37598267 0.92354083 0.00392996
v 0.38120621 0.91803604 0.00392996
v 0.37364087 0.93140078 -0.01964981
v 0.38120621 0.92371607 -0.01964981
v 0.38906616 0.82922179 0.07457104
v 0.38906616 0.83708173 0.07275957
v 0.38878131 0.84494162 0.06680934
v 0.38906616 0.84494162 0.06692567
v 0.38906616 0.84962177 -0.09824903
v 0.38906616 0.85280156 -0.09497252
v 0.38906616 0.84956938 0.05894941
v 0.38906616 0.85280156 0.05533812
v 0.38906616 0.84503710 0.06680934
v 0.38906616 0.85930324 -0.09038910
v 0.38716498 0.86066151 -0.09038910
v 0.38906616 0.86066151 -0.08950184
v 0.38738146 0.86066151 0.05108950
v 0.38906616 0.85930061 0.05108950
v 0.38906616 0.86066151 0.05028402
v 0.38906616 0.86852139 -0.08515871
v 0.38906616 0.86852139 0.04610916
v 0.38906616 0.87290257 -0.08252918
v 0.38544261 0.87638134 -0.08252918
v 0.38906616 0.87638134 -0.08027060
v 0.38564795 0.87638134 0.04322957
v 0.38906616 0.87303627 0.04322957
v 0.38906616 0.87638134 0.04080561
v 0.38906616 0.88424122 -0.07468713
v 0.38825276 0.88424122 0.03536965
v 0.38906616 0.88340449 0.03536965
v 0.38906616 0.88424122 0.03463122
v 0.38906616 0.88426548 -0.07466926
v 0.38143110 0.89210117 -0.07466926
v 0.38906616 0.89210117 -0.06807511
v 0.38906386 0.89210117 0.02750973
v 0.38906616 0.89209878 0.02750973
v 0.38906616 0.89210117 0.02750721
v 0.38285255 0.89996111 -0.06680934
v 0.38906616 0.89347750 -0.06680934
v 0.38906616 0.89996111 -0.05987985
v 0.38833684 0.89996111 0.01964981
v 0.38906616 0.89917719 0.01964981
v 0.38906616 0.89996111 0.01862354
v 0.38177496 0.89996111 0.02750973
v 0.38234115 0.90782100 -0.05894941
v 0.38906616 0.90076381 -0.05894941
v 0.38755500 0.90782100 -0.05108950
v 0.38906616 0.90621138 -0.05108950
v 0.38906616 0.90782100 -0.04803379
v 0.38639632 0.90782100 0.01178988
v 0.38906616 0.90491921 0.01178988
v 0.38906616 0.90782100 0.00663013
v 0.38414517 0.91568094 -0.04322957
v 0.38906616 0.91029066 -0.04322957
v 0.38666666 0.91568094 -0.03536965
v 0.38906616 0.91302884 -0.03536965
v 0.38807610 0.91568094 -0.02750973
v 0.38906616 0.91457456 -0.02750973
v 0.38845006 0.91568094 -0.01964981
v 0.38906616 0.91498375 -0.01964981
v 0.38780001 0.91568094 -0.01178988
v 0.38906616 0.91425604 -0.01178988
v 0.38611868 0.91568094 -0.00392996
v 0.38906616 0.91239607 -0.00392996
v 0.38337389 0.91568094 0.00392996
v 0.38906616 0.90931660 0.00392996
v 0.38136765 0.92354083 -0.01964981
v 0.39692608 0.83708173 0.06885035
v 0.39002141 0.84494162 0.06680934
v 0.39692608 0.84291548 0.06680934
v 0.39692608 0.84494162 0.06599727
v 0.39692608 0.85129553 0.05894941
v 0.39692608 0.85280156 0.05645349
v 0.39692608 0.85713005 -0.09038910
v 0.39692608 0.86066151 -0.08632740
v 0.39692608 0.85624713 0.05108950
v 0.39692608 0.86066151 0.04662019
v 0.39692608 0.86544162 -0.08252918
v 0.39345172 0.86852139 -0.08252918
v 0.39692608 0.86852139 -0.08017927
v 0.39374653 0.86852139 0.04322957
v 0.39692608 0.86546278 0.04322957
v 0.39692608 0.86852139 0.04093429
v 0.39692608 0.87638134 -0.07470128
v 0.39613548 0.87638134 0.03536965
v 0.39692608 0.87558436 0.03536965
v 0.39692608 0.87638134 0.03465761
v 0.39692608 0.87642497 -0.07466926
v 0.38909024 0.88424122 -0.07466926
v 0.39692608 0.88424122 -0.06786895
v 0.39666244 0.88424122 0.02750973
v 0.39692608 0.88397175 0.02750973
v 0.39692608 0.88424122 0.02722129
v 0.39039969 0.89210117 -0.06680934
v 0.39692608 0.88536131 -0.06680934
v 0.39692608 0.89210117 -0.05920631
v 0.39573118 0.89210117 0.01964981
v 0.39692608 0.89086598 0.01964981
v 0.39692608 0.89210117 0.01798562
v 0.38982016 0.89996111 -0.05894941
v 0.39692608 0.89231330 -0.05894941
v 0.39476681 0.89996111 -0.05108950
v 0.39692608 0.89759952 -0.05108950
v 0.39692608 0.89996111 -0.04636180
v 0.39365298 0.89996111 0.01178988
v 0.39692608 0.89649528 0.01178988
v 0.39692608 0.89996111 0.00511550
v 0.39126512 0.90782100 -0.04322957
v 0.39692608 0.90148616 -0.04322957
v 0.39362478 0.90782100 -0.03536965
v 0.39692608 0.90407801 -0.03536965
v 0.39491481 0.90782100 -0.02750973
v 0.39692608 0.90553725 -0.02750973
v 0.39526260 0.90782100 -0.01964981
v 0.39692608 0.90592641 -0.01964981
v 0.39464340 0.90782100 -0.01178988
v 0.39692608 0.90523309 -0.01178988
v 0.39309865 0.90782100 -0.00392996
v 0.39692608 0.90352416 -0.00392996
v 0.39040795 0.90782100 0.00392996
v 0.39692608 0.90057802 0.00392996
v 0.40478599 0.84494162 0.06128931
v 0.40478599 0.84936142 0.05894941
v 0.40478599 0.85280156 0.05671399
v 0.40478599 0.85728103 0.05108950
v 0.40478599 0.86066151 0.04577802
v 0.40478599 0.86288369 -0.08252918
v 0.40478599 0.86852139 -0.07502882
v 0.40478599 0.86224973 0.04322957
v 0.40478599 0.86852139 0.03564490
v 0.40478599 0.86890566 -0.07466926
v 0.39696684 0.87638134 -0.07466926
v 0.40478599 0.87638134 -0.06745266
v 0.40456185 0.87638134 0.02750973
v 0.40478599 0.87618297 0.02750973
v 0.40478599 0.87638134 0.02725823
v 0.40478599 0.86878920 0.03536965
v 0.39798400 0.88424122 -0.06680934
v 0.40478599 0.87706578 -0.06680934
v 0.40439335 0.88424122 -0.05894941
v 0.40478599 0.88380516 -0.05894941
v 0.40478599 0.88424122 -0.05833908
v 0.40354493 0.88424122 0.01964981
v 0.40478599 0.88294852 0.01964981
v 0.40478599 0.88424122 0.01787012
v 0.39712155 0.89210117 -0.05894941
v 0.40478599 0.88894486 -0.05108950
v 0.40192318 0.89210117 -0.05108950
v 0.40478599 0.89210117 -0.04432294
v 0.40112948 0.89210117 0.01178988
v 0.40478599 0.88828731 0.01178988
v 0.40478599 0.89210117 0.00404522
v 0.39829919 0.89996111 -0.04322957
v 0.40478599 0.89260751 -0.04322957
v 0.40058020 0.89996111 -0.03536965
v 0.40478599 0.89519197 -0.03536965
v 0.40181848 0.89996111 -0.02750973
v 0.40478599 0.89657527 -0.02750973
v 0.40213475 0.89996111 -0.01964981
v 0.40478599 0.89694911 -0.01964981
v 0.40156230 0.89996111 -0.01178988
v 0.40478599 0.89633781 -0.01178988
v 0.40012673 0.89996111 -0.00392996
v 0.40478599 0.89483362 -0.00392996
v 0.39749047 0.89996111 0.00392996
v 0.40478599 0.89215696 0.00392996
v 0.41264591 0.86066151 0.04696620
v 0.40619940 0.86852139 0.03536965
v 0.41264591 0.86757720 0.03536965
v 0.41264591 0.86852139 0.03320702
v 0.41264591 0.86347908 0.04322957
v 0.40543184 0.87638134 -0.06680934
v 0.41264591 0.87105536 -0.06680934
v 0.41188687 0.87638134 -0.05894941
v 0.41264591 0.87580526 -0.05894941
v 0.41264591 0.87638134 -0.05777737
v 0.41146564 0.87638134 0.01964981
v 0.41264591 0.87556005 0.01964981
v 0.41264591 0.87638134 0.01793249
v 0.41264591 0.87105018 0.02750973
v 0.40902621 0.88424122 -0.05108950
v 0.41264591 0.88035816 -0.05108950
v 0.41221932 0.88424122 -0.04322957
v 0.41264591 0.88378549 -0.04322957
v 0.41264591 0.88424122 -0.04176963
v 0.41229403 0.88424122 0.00392996
v 0.41264591 0.88387674 0.00392996
v 0.41264591 0.88424122 0.00270892
v 0.40868202 0.88424122 0.01178988
v 0.41264591 0.88015515 0.01178988
v 0.40522963 0.89210117 -0.04322957
v 0.41264591 0.88629615 -0.03536965
v 0.40754673 0.89210117 -0.03536965
v 0.40878358 0.89210117 -0.02750973
v 0.41264591 0.88772219 -0.02750973
v 0.40909937 0.89210117 -0.01964981
v 0.41264591 0.88811505 -0.01964981
v 0.40858907 0.89210117 -0.01178988
v 0.41264591 0.88758343 -0.01178988
v 0.40727615 0.89210117 -0.00392996
v 0.41264591 0.88622063 -0.00392996
v 0.40483648 0.89210117 0.00392996
v 0.42050582 0.86837411 0.03536965
v 0.42050582 0.86852139 0.03512379
v 0.41879740 0.87638134 -0.05108950
v 0.42050582 0.87564349 -0.05108950
v 0.42050582 0.87638134 -0.04733943
v 0.41886082 0.87638134 0.01178988
v 0.42050582 0.87571257 0.01178988
v 0.42050582 0.87638134 0.00865376
v 0.42050582 0.87162513 0.02750973
v 0.42050582 0.87730938 -0.04322957
v 0.41443998 0.88424122 -0.03536965
v 0.42050582 0.87883407 -0.03536965
v 0.41573587 0.88424122 -0.02750973
v 0.42050582 0.87988901 -0.02750973
v 0.41614255 0.88424122 -0.01964981
v 0.42050582 0.88029295 -0.01964981
v 0.41568503 0.88424122 -0.01178988
v 0.42050582 0.87993747 -0.01178988
v 0.41445246 0.88424122 -0.00392996
v 0.42050582 0.87899095 -0.00392996
v 0.42050582 0.87750256 0.00392996
f 1 3 2
f 5 2 3
f 4 2 5
f 5 6 4
f 3 1 7
f 3 7 8
f 8 9 10
f 8 10 3
f 3 10 5
f 6 12 11
f 6 5 12
f 5 10 12
f 16 11 12
f 15 11 16
f 19 15 16
f 18 15 19
f 19 21 18
f 9 22 10
f 22 23 24
f 22 24 10
f 10 24 12
f 26 27 25
f 13 14 26
f 12 24 16
f 24 28 16
f 26 29 27
f 29 26 14
f 29 14 30
f 30 14 17
f 16 28 19
f 28 31 19
f 17 20 30
f 21 34 33
f 21 19 34
f 19 31 34
f 34 36 33
f 23 37 24
f 25 27 38
f 37 39 28
f 24 37 28
f 41 42 40
f 29 41 40
f 29 40 38
f 29 38 27
f 29 30 41
f 39 43 44
f 39 44 28
f 28 44 31
f 41 45 42
f 45 41 30
f 45 30 46
f 46 30 32
f 31 44 34
f 44 47 34
f 32 35 46
f 46 35 48
f 36 50 49
f 36 34 50
f 34 47 50
f 51 48 35
f 50 52 49
f 40 42 53
f 43 54 44
f 56 57 55
f 45 56 55
f 45 55 53
f 45 53 42
f 45 46 56
f 54 58 59
f 54 59 44
f 44 59 47
f 56 60 57
f 60 56 46
f 60 46 61
f 61 46 48
f 47 59 50
f 59 62 50
f 48 51 61
f 61 51 63
f 62 52 50
f 64 52 62
f 55 57 65
f 58 66 59
f 68 69 67
f 60 68 67
f 60 67 65
f 60 65 57
f 60 61 68
f 66 70 71
f 66 71 59
f 59 71 62
f 68 72 69
f 72 68 61
f 72 61 73
f 73 61 63
f 64 75 74
f 64 62 75
f 62 71 75
f 76 73 63
f 75 77 74
f 67 69 78
f 70 79 80
f 71 70 80
f 69 81 78
f 69 72 81
f 82 72 73
f 83 82 73
f 71 80 75
f 80 84 75
f 73 76 83
f 83 76 85
f 84 77 75
f 86 77 84
f 79 87 88
f 80 79 88
f 89 82 83
f 90 89 83
f 80 88 84
f 88 91 84
f 83 85 90
f 90 85 92
f 91 86 84
f 93 86 91
f 87 94 95
f 88 87 95
f 96 89 90
f 97 96 90
f 88 95 91
f 95 98 91
f 90 92 97
f 97 92 99
f 98 93 91
f 100 93 98
f 94 101 102
f 95 94 102
f 103 96 97
f 104 103 97
f 95 102 98
f 102 105 98
f 97 99 104
f 104 99 106
f 100 108 107
f 100 98 108
f 98 105 108
f 108 110 107
f 101 116 117
f 102 101 117
f 118 103 104
f 119 118 104
f 102 117 105
f 117 120 105
f 104 106 119
f 119 106 121
f 105 120 108
f 120 122 108
f 121 109 123
f 122 110 108
f 128 110 122
f 112 130 111
f 111 130 129
f 113 131 112
f 112 131 130
f 114 132 113
f 113 132 131
f 115 133 114
f 114 133 132
f 134 135 136
f 116 134 136
f 116 136 117
f 117 136 139
f 137 140 138
f 140 118 119
f 141 140 119
f 117 139 120
f 139 142 120
f 119 121 141
f 141 121 143
f 120 142 122
f 142 144 122
f 121 123 143
f 143 123 145
f 124 125 147
f 146 124 147
f 125 126 148
f 147 125 148
f 126 127 149
f 148 126 149
f 127 128 150
f 149 127 150
f 128 151 150
f 128 122 151
f 122 144 151
f 153 145 123
f 129 130 154
f 152 129 154
f 130 131 155
f 154 130 155
f 131 132 156
f 155 131 156
f 132 133 157
f 156 132 157
f 147 158 146
f 159 158 147
f 148 159 147
f 160 159 148
f 149 160 148
f 161 160 149
f 150 161 149
f 162 161 150
f 151 162 150
f 154 163 152
f 164 163 154
f 155 164 154
f 165 164 155
f 156 165 155
f 166 165 156
f 157 166 156
f 167 166 157
f 135 168 169
f 136 135 169
f 138 170 171
f 171 170 172
f 136 169 139
f 169 173 139
f 138 140 170
f 170 140 141
f 170 141 172
f 172 141 174
f 139 173 142
f 173 175 142
f 141 143 174
f 174 143 176
f 142 175 144
f 175 177 144
f 143 145 176
f 176 145 178
f 144 177 151
f 177 179 151
f 145 153 178
f 178 153 180
f 182 183 181
f 182 181 159
f 159 181 158
f 159 160 184
f 182 159 184
f 160 161 185
f 184 160 185
f 186 185 161
f 186 161 187
f 187 161 162
f 179 162 151
f 187 162 179
f 163 164 190
f 188 163 190
f 164 165 191
f 190 164 191
f 165 166 192
f 191 165 192
f 193 192 166
f 193 166 194
f 194 166 167
f 182 195 183
f 184 195 182
f 196 195 184
f 185 196 184
f 197 196 185
f 186 197 185
f 190 198 188
f 199 198 190
f 191 199 190
f 200 199 191
f 192 200 191
f 201 200 192
f 193 201 192
f 202 203 204
f 207 202 204
f 208 207 204
f 209 210 205
f 168 207 208
f 168 208 169
f 169 208 211
f 209 171 172
f 209 172 210
f 210 172 212
f 169 211 173
f 211 213 173
f 172 174 212
f 212 174 214
f 173 213 175
f 213 215 175
f 174 176 214
f 214 176 216
f 175 215 177
f 215 217 177
f 176 178 216
f 216 178 218
f 177 217 179
f 217 219 179
f 178 180 218
f 218 180 220
f 181 183 221
f 187 222 186
f 187 223 222
f 187 179 223
f 179 219 223
f 220 189 224
f 194 225 193
f 183 226 221
f 183 195 226
f 195 227 226
f 196 228 195
f 195 228 227
f 197 229 196
f 196 229 228
f 222 197 186
f 222 230 197
f 230 229 197
f 223 230 222
f 199 232 198
f 198 232 231
f 200 233 199
f 199 233 232
f 201 234 200
f 200 234 233
f 225 201 193
f 225 235 201
f 235 234 201
f 238 237 236
f 240 237 238
f 241 240 238
f 243 240 241
f 244 243 241
f 245 243 244
f 246 245 244
f 248 245 246
f 249 248 246
f 251 248 249
f 252 251 249
f 203 251 252
f 203 252 204
f 204 252 254
f 253 206 255
f 204 254 208
f 254 256 208
f 206 210 255
f 255 210 257
f 208 256 211
f 256 258 211
f 210 212 257
f 257 212 259
f 211 258 213
f 258 260 213
f 212 214 259
f 259 214 261
f 213 260 215
f 260 262 215
f 214 216 261
f 261 216 263
f 215 262 217
f 262 264 217
f 216 218 263
f 263 218 265
f 217 264 219
f 264 266 219
f 218 220 265
f 265 220 267
f 219 266 223
f 266 268 223
f 220 224 267
f 267 224 269
f 226 227 271
f 270 226 271
f 227 228 272
f 271 227 272
f 228 229 273
f 272 228 273
f 229 230 274
f 273 229 274
f 230 275 274
f 230 223 275
f 223 268 275
f 277 269 224
f 231 232 278
f 276 231 278
f 232 233 279
f 278 232 279
f 233 234 280
f 279 233 280
f 234 235 281
f 280 234 281
f 271 282 270
f 283 282 271
f 272 283 271
f 284 283 272
f 273 284 272
f 285 284 273
f 274 285 273
f 286 285 274
f 275 286 274
f 278 287 276
f 288 287 278
f 279 288 278
f 289 288 279
f 280 289 279
f 290 289 280
f 281 290 280
f 291 290 281
f 294 295 296
f 294 293 295
f 294 236 293
f 298 299 300
f 297 298 300
f 299 301 302
f 300 299 302
f 301 303 304
f 302 301 304
f 296 304 303
f 296 303 294
f 294 303 305
f 236 305 238
f 294 305 236
f 299 298 307
f 307 298 306
f 301 299 308
f 308 299 307
f 303 301 309
f 309 301 308
f 305 303 310
f 310 303 309
f 238 310 241
f 305 310 238
f 306 316 317
f 306 239 316
f 307 306 317
f 318 307 317
f 308 307 318
f 319 308 318
f 309 308 319
f 320 309 319
f 310 309 320
f 321 310 320
f 321 241 310
f 321 322 241
f 322 244 241
f 311 323 324
f 311 242 323
f 312 311 324
f 325 312 324
f 313 312 325
f 326 313 325
f 314 313 326
f 327 314 326
f 315 314 327
f 328 315 327
f 244 322 246
f 322 329 246
f 323 247 330
f 246 329 249
f 329 331 249
f 247 250 330
f 330 250 332
f 249 331 252
f 331 333 252
f 250 253 332
f 332 253 334
f 252 333 254
f 333 335 254
f 253 255 334
f 334 255 336
f 254 335 256
f 335 337 256
f 255 257 336
f 336 257 338
f 256 337 258
f 337 339 258
f 257 259 338
f 338 259 340
f 258 339 260
f 339 341 260
f 259 261 340
f 340 261 342
f 260 341 262
f 341 343 262
f 261 263 342
f 342 263 344
f 262 343 264
f 343 345 264
f 263 265 344
f 344 265 346
f 264 345 266
f 345 347 266
f 265 267 346
f 346 267 348
f 266 347 268
f 347 349 268
f 267 269 348
f 348 269 350
f 268 349 275
f 349 351 275
f 269 277 350
f 350 277 352
f 282 283 354
f 353 282 354
f 283 284 355
f 354 283 355
f 284 285 356
f 355 284 356
f 285 286 357
f 356 285 357
f 286 358 357
f 286 275 358
f 275 351 358
f 360 352 277
f 287 288 361
f 359 287 361
f 288 289 362
f 361 288 362
f 289 290 363
f 362 289 363
f 290 291 364
f 363 290 364
f 354 365 353
f 366 365 354
f 355 366 354
f 367 366 355
f 356 367 355
f 368 367 356
f 357 368 356
f 369 368 357
f 358 369 357
f 361 370 359
f 371 370 361
f 362 371 361
f 372 371 362
f 363 372 362
f 373 372 363
f 364 373 363
f 374 373 364
f 378 379 380
f 377 378 380
f 379 381 382
f 380 379 382
f 381 383 384
f 382 381 384
f 383 385 386
f 384 383 386
f 385 376 386
f 385 292 376
f 379 378 388
f 388 378 387
f 381 379 389
f 389 379 388
f 383 381 390
f 390 381 389
f 385 383 391
f 391 383 390
f 292 391 293
f 385 391 292
f 388 387 393
f 393 387 392
f 389 388 394
f 394 388 393
f 390 389 395
f 395 389 394
f 295 395 296
f 295 391 395
f 391 390 395
f 293 391 295
f 300 392 297
f 393 392 300
f 302 393 300
f 394 393 302
f 304 394 302
f 395 394 304
f 296 395 304
f 317 316 396
f 317 397 318
f 396 397 317
f 318 398 319
f 397 398 318
f 319 399 320
f 398 399 319
f 320 400 321
f 399 400 320
f 321 400 322
f 324 323 401
f 324 402 325
f 401 402 324
f 325 403 326
f 402 403 325
f 326 404 327
f 403 404 326
f 327 405 328
f 404 405 327
f 396 406 407
f 396 316 406
f 397 396 407
f 408 397 407
f 398 397 408
f 409 398 408
f 399 398 409
f 410 399 409
f 400 399 410
f 411 400 410
f 411 322 400
f 411 412 322
f 412 329 322
f 401 413 414
f 401 323 413
f 323 330 413
f 402 401 414
f 415 402 414
f 403 402 415
f 416 403 415
f 404 403 416
f 417 404 416
f 405 404 417
f 418 405 417
f 329 412 331
f 412 419 331
f 330 332 413
f 413 332 420
f 331 419 333
f 419 421 333
f 332 334 420
f 420 334 422
f 333 421 335
f 421 423 335
f 334 336 422
f 422 336 424
f 335 423 337
f 423 425 337
f 336 338 424
f 424 338 426
f 337 425 339
f 425 427 339
f 338 340 426
f 426 340 428
f 339 427 341
f 427 429 341
f 340 342 428
f 428 342 430
f 341 429 343
f 429 431 343
f 342 344 430
f 430 344 432
f 343 431 345
f 431 433 345
f 344 346 432
f 432 346 434
f 345 433 347
f 433 435 347
f 346 348 434
f 434 348 436
f 347 435 349
f 435 437 349
f 348 350 436
f 436 350 438
f 349 437 351
f 437 439 351
f 350 352 438
f 438 352 440
f 351 439 358
f 439 441 358
f 352 360 440
f 440 360 442
f 444 445 443
f 444 443 366
f 366 443 365
f 366 367 446
f 444 366 446
f 367 368 447
f 446 367 447
f 368 369 448
f 447 368 448
f 369 449 448
f 369 358 449
f 358 441 449
f 370 371 452
f 450 370 452
f 371 372 453
f 452 371 453
f 372 373 454
f 453 372 454
f 455 454 373
f 455 373 456
f 456 373 374
f 444 457 445
f 446 457 444
f 458 457 446
f 447 458 446
f 459 458 447
f 448 459 447
f 460 459 448
f 449 460 448
f 452 461 450
f 462 461 452
f 453 462 452
f 463 462 453
f 454 463 453
f 464 463 454
f 455 464 454
f 468 469 470
f 467 468 470
f 469 471 472
f 470 469 472
f 471 473 474
f 472 471 474
f 473 475 476
f 474 473 476
f 475 466 476
f 475 375 466
f 469 468 478
f 478 468 477
f 471 469 479
f 479 469 478
f 473 471 480
f 480 471 479
f 475 473 481
f 481 473 480
f 375 481 376
f 475 481 375
f 380 477 377
f 478 477 380
f 382 478 380
f 479 478 382
f 384 479 382
f 480 479 384
f 386 480 384
f 481 480 386
f 376 481 386
f 407 406 482
f 407 483 408
f 482 483 407
f 408 484 409
f 483 484 408
f 409 485 410
f 484 485 409
f 410 486 411
f 485 486 410
f 411 486 412
f 414 413 487
f 414 488 415
f 487 488 414
f 415 489 416
f 488 489 415
f 416 490 417
f 489 490 416
f 417 491 418
f 490 491 417
f 482 492 493
f 482 406 492
f 483 482 493
f 494 483 493
f 484 483 494
f 495 484 494
f 485 484 495
f 496 485 495
f 486 485 496
f 497 486 496
f 497 412 486
f 497 498 412
f 498 419 412
f 487 499 500
f 487 413 499
f 413 420 499
f 488 487 500
f 501 488 500
f 489 488 501
f 502 489 501
f 490 489 502
f 503 490 502
f 491 490 503
f 504 491 503
f 419 498 421
f 498 506 421
f 420 422 499
f 499 422 507
f 421 506 423
f 506 508 423
f 422 424 507
f 507 424 509
f 423 508 425
f 508 510 425
f 424 426 509
f 509 426 511
f 425 510 427
f 510 512 427
f 426 428 511
f 511 428 513
f 427 512 429
f 512 514 429
f 428 430 513
f 513 430 515
f 429 514 431
f 514 516 431
f 430 432 515
f 515 432 517
f 431 516 433
f 516 518 433
f 432 434 517
f 517 434 519
f 433 518 435
f 518 520 435
f 434 436 519
f 519 436 521
f 435 520 437
f 520 522 437
f 436 438 521
f 521 438 523
f 437 522 439
f 522 524 439
f 438 440 523
f 523 440 525
f 439 524 441
f 524 526 441
f 440 442 525
f 525 442 527
f 443 445 528
f 441 526 449
f 526 529 449
f 527 451 530
f 456 531 455
f 445 532 528
f 445 457 532
f 457 533 532
f 458 534 457
f 457 534 533
f 459 535 458
f 458 535 534
f 460 536 459
f 459 536 535
f 529 460 449
f 536 460 529
f 462 538 461
f 461 538 537
f 463 539 462
f 462 539 538
f 464 540 463
f 463 540 539
f 531 464 455
f 531 541 464
f 541 540 464
f 545 546 547
f 544 545 547
f 546 548 549
f 547 546 549
f 548 550 551
f 549 548 551
f 550 552 553
f 551 550 553
f 552 543 553
f 552 465 543
f 546 545 555
f 555 545 554
f 548 546 556
f 556 546 555
f 550 548 557
f 557 548 556
f 552 550 558
f 558 550 557
f 465 558 466
f 552 558 465
f 470 554 467
f 555 554 470
f 472 555 470
f 556 555 472
f 474 556 472
f 557 556 474
f 476 557 474
f 558 557 476
f 466 558 476
f 493 559 560
f 492 559 493
f 494 493 561
f 493 560 561
f 495 494 562
f 494 561 562
f 496 495 563
f 495 562 563
f 497 496 564
f 496 563 564
f 564 498 497
f 565 498 564
f 500 566 567
f 499 566 500
f 501 500 568
f 500 567 568
f 502 501 569
f 501 568 569
f 503 502 570
f 502 569 570
f 571 570 572
f 571 504 570
f 504 503 570
f 559 505 573
f 498 565 506
f 565 574 506
f 499 507 566
f 566 507 575
f 571 572 576
f 506 574 508
f 574 577 508
f 507 509 575
f 575 509 578
f 508 577 510
f 577 579 510
f 509 511 578
f 578 511 580
f 510 579 512
f 579 581 512
f 511 513 580
f 580 513 582
f 512 581 514
f 581 583 514
f 513 515 582
f 582 515 584
f 514 583 516
f 583 585 516
f 515 517 584
f 584 517 586
f 516 585 518
f 585 587 518
f 517 519 586
f 586 519 588
f 518 587 520
f 587 589 520
f 519 521 588
f 588 521 590
f 520 589 522
f 589 591 522
f 521 523 590
f 590 523 592
f 522 591 524
f 591 593 524
f 523 525 592
f 592 525 594
f 524 593 526
f 593 595 526
f 525 527 594
f 594 527 596
f 526 595 529
f 595 597 529
f 527 530 596
f 596 530 598
f 532 533 600
f 599 532 600
f 533 534 601
f 600 533 601
f 534 535 602
f 601 534 602
f 535 536 603
f 602 535 603
f 536 604 603
f 536 529 604
f 529 597 604
f 606 598 530
f 537 538 607
f 605 537 607
f 538 539 608
f 607 538 608
f 539 540 609
f 608 539 609
f 540 541 610
f 609 540 610
f 600 611 599
f 612 611 600
f 601 612 600
f 613 612 601
f 602 613 601
f 614 613 602
f 603 614 602
f 615 614 603
f 604 615 603
f 607 616 605
f 617 616 607
f 608 617 607
f 618 617 608
f 609 618 608
f 619 618 609
f 610 619 609
f 620 619 610
f 624 625 626
f 623 624 626
f 625 627 628
f 626 625 628
f 627 629 630
f 628 627 630
f 629 631 632
f 630 629 632
f 631 622 632
f 631 542 622
f 625 624 634
f 634 624 633
f 627 625 635
f 635 625 634
f 629 627 636
f 636 627 635
f 631 629 637
f 637 629 636
f 542 637 543
f 631 637 542
f 547 633 544
f 634 633 547
f 549 634 547
f 635 634 549
f 551 635 549
f 636 635 551
f 553 636 551
f 637 636 553
f 543 637 553
f 560 559 638
f 560 639 561
f 638 639 560
f 561 640 562
f 639 640 561
f 562 641 563
f 640 641 562
f 563 642 564
f 641 642 563
f 564 642 565
f 567 566 643
f 567 644 568
f 643 644 567
f 568 645 569
f 644 645 568
f 569 646 570
f 645 646 569
f 570 646 572
f 638 647 648
f 638 559 647
f 559 573 647
f 639 638 648
f 649 639 648
f 640 639 649
f 650 640 649
f 641 640 650
f 651 641 650
f 642 641 651
f 652 642 651
f 652 565 642
f 652 653 565
f 653 574 565
f 643 654 655
f 643 566 654
f 566 575 654
f 644 643 655
f 656 644 655
f 645 644 656
f 657 645 656
f 646 645 657
f 658 646 657
f 572 646 658
f 572 658 576
f 576 658 659
f 574 653 577
f 653 660 577
f 575 578 654
f 654 578 661
f 577 660 579
f 660 662 579
f 578 580 661
f 661 580 663
f 579 662 581
f 662 664 581
f 580 582 663
f 663 582 665
f 581 664 583
f 664 666 583
f 582 584 665
f 665 584 667
f 583 666 585
f 666 668 585
f 584 586 667
f 667 586 669
f 585 668 587
f 668 670 587
f 586 588 669
f 669 588 671
f 587 670 589
f 670 672 589
f 588 590 671
f 671 590 673
f 589 672 591
f 672 674 591
f 590 592 673
f 673 592 675
f 591 674 593
f 674 676 593
f 592 594 675
f 675 594 677
f 593 676 595
f 676 678 595
f 594 596 677
f 677 596 679
f 595 678 597
f 678 680 597
f 596 598 679
f 679 598 681
f 597 680 604
f 680 682 604
f 598 606 681
f 681 606 683
f 611 612 685
f 684 611 685
f 612 613 686
f 685 612 686
f 613 614 687
f 686 613 687
f 614 615 688
f 687 614 688
f 615 689 688
f 615 604 689
f 604 682 689
f 691 683 606
f 616 617 692
f 690 616 692
f 617 618 693
f 692 617 693
f 618 619 694
f 693 618 694
f 619 620 695
f 694 619 695
f 685 696 684
f 697 696 685
f 686 697 685
f 698 697 686
f 687 698 686
f 699 698 687
f 688 699 687
f 700 699 688
f 689 700 688
f 692 701 690
f 702 701 692
f 693 702 692
f 703 702 693
f 694 703 693
f 704 703 694
f 695 704 694
f 705 704 695
f 709 710 711
f 708 709 711
f 710 712 713
f 711 710 713
f 712 714 715
f 713 712 715
f 714 716 717
f 715 714 717
f 716 707 717
f 716 621 707
f 710 709 719
f 719 709 718
f 712 710 720
f 720 710 719
f 714 712 721
f 721 712 720
f 716 714 722
f 722 714 721
f 621 722 622
f 716 722 621
f 626 718 623
f 719 718 626
f 628 719 626
f 720 719 628
f 630 720 628
f 721 720 630
f 632 721 630
f 722 721 632
f 622 722 632
f 648 647 723
f 648 724 649
f 723 724 648
f 649 725 650
f 724 725 649
f 650 726 651
f 725 726 650
f 651 727 652
f 726 727 651
f 652 727 653
f 655 654 728
f 655 729 656
f 728 729 655
f 656 730 657
f 729 730 656
f 657 731 658
f 730 731 657
f 658 732 659
f 731 732 658
f 723 733 734
f 723 647 733
f 724 723 734
f 735 724 734
f 725 724 735
f 736 725 735
f 726 725 736
f 737 726 736
f 727 726 737
f 738 727 737
f 738 653 727
f 738 739 653
f 739 660 653
f 728 740 741
f 728 654 740
f 654 661 740
f 729 728 741
f 742 729 741
f 730 729 742
f 743 730 742
f 731 730 743
f 744 731 743
f 732 731 744
f 745 732 744
f 660 739 662
f 739 746 662
f 661 663 740
f 740 663 747
f 662 746 664
f 746 748 664
f 663 665 747
f 747 665 749
f 664 748 666
f 748 750 666
f 665 667 749
f 749 667 751
f 666 750 668
f 750 752 668
f 667 669 751
f 751 669 753
f 668 752 670
f 752 754 670
f 669 671 753
f 753 671 755
f 670 754 672
f 754 756 672
f 671 673 755
f 755 673 757
f 672 756 674
f 756 758 674
f 673 675 757
f 757 675 759
f 674 758 676
f 758 760 676
f 675 677 759
f 759 677 761
f 676 760 678
f 760 762 678
f 677 679 761
f 761 679 763
f 678 762 680
f 762 764 680
f 679 681 763
f 763 681 765
f 680 764 682
f 764 766 682
f 681 683 765
f 765 683 767
f 682 766 689
f 766 768 689
f 683 691 767
f 767 691 769
f 771 772 770
f 771 770 697
f 697 770 696
f 697 698 773
f 771 697 773
f 698 699 774
f 773 698 774
f 699 700 775
f 774 699 775
f 700 776 775
f 700 689 776
f 689 768 776
f 778 769 691
f 701 702 779
f 777 701 779
f 702 703 780
f 779 702 780
f 703 704 781
f 780 703 781
f 704 705 782
f 781 704 782
f 771 783 772
f 773 783 771
f 784 783 773
f 774 784 773
f 785 784 774
f 775 785 774
f 786 785 775
f 776 786 775
f 779 787 777
f 788 787 779
f 780 788 779
f 789 788 780
f 781 789 780
f 790 789 781
f 782 790 781
f 791 790 782
f 795 796 797
f 794 795 797
f 796 798 799
f 797 796 799
f 798 800 801
f 799 798 801
f 800 802 803
f 801 800 803
f 802 793 803
f 802 706 793
f 796 795 805
f 805 795 804
f 798 796 806
f 806 796 805
f 800 798 807
f 807 798 806
f 802 800 808
f 808 800 807
f 706 808 707
f 802 808 706
f 711 804 708
f 805 804 711
f 713 805 711
f 806 805 713
f 715 806 713
f 807 806 715
f 717 807 715
f 808 807 717
f 707 808 717
f 734 733 809
f 734 810 735
f 809 810 734
f 735 811 736
f 810 811 735
f 736 812 737
f 811 812 736
f 737 813 738
f 812 813 737
f 738 813 739
f 741 740 814
f 741 815 742
f 814 815 741
f 742 816 743
f 815 816 742
f 743 817 744
f 816 817 743
f 744 818 745
f 817 818 744
f 809 819 820
f 809 733 819
f 810 809 820
f 821 810 820
f 811 810 821
f 822 811 821
f 812 811 822
f 823 812 822
f 813 812 823
f 824 813 823
f 824 739 813
f 824 825 739
f 825 746 739
f 814 826 827
f 814 740 826
f 740 747 826
f 815 814 827
f 828 815 827
f 816 815 828
f 829 816 828
f 817 816 829
f 830 817 829
f 818 817 830
f 831 818 830
f 746 825 748
f 825 833 748
f 747 749 826
f 826 749 834
f 748 833 750
f 833 835 750
f 749 751 834
f 834 751 836
f 750 835 752
f 835 837 752
f 751 753 836
f 836 753 838
f 752 837 754
f 837 839 754
f 753 755 838
f 838 755 840
f 754 839 756
f 839 841 756
f 755 757 840
f 840 757 842
f 756 841 758
f 841 843 758
f 757 759 842
f 842 759 844
f 758 843 760
f 843 845 760
f 759 761 844
f 844 761 846
f 760 845 762
f 845 847 762
f 761 763 846
f 846 763 848
f 762 847 764
f 847 849 764
f 763 765 848
f 848 765 850
f 764 849 766
f 849 851 766
f 765 767 850
f 850 767 852
f 766 851 768
f 851 853 768
f 767 769 852
f 852 769 854
f 770 772 855
f 768 853 776
f 853 856 776
f 769 778 854
f 854 778 857
f 772 858 855
f 772 783 858
f 783 859 858
f 784 860 783
f 783 860 859
f 785 861 784
f 784 861 860
f 786 862 785
f 785 862 861
f 856 786 776
f 862 786 856
f 787 788 864
f 863 787 864
f 788 789 865
f 864 788 865
f 789 790 866
f 865 789 866
f 867 866 790
f 867 790 868
f 868 790 791
f 864 869 863
f 870 869 864
f 865 870 864
f 871 870 865
f 866 871 865
f 872 871 866
f 867 872 866
f 876 877 878
f 875 876 878
f 877 879 880
f 878 877 880
f 879 881 882
f 880 879 882
f 881 883 884
f 882 881 884
f 883 874 884
f 883 792 874
f 877 876 886
f 886 876 885
f 879 877 887
f 887 877 886
f 881 879 888
f 888 879 887
f 883 881 889
f 889 881 888
f 792 889 793
f 883 889 792
f 797 885 794
f 886 885 797
f 799 886 797
f 887 886 799
f 801 887 799
f 888 887 801
f 803 888 801
f 889 888 803
f 793 889 803
f 820 890 891
f 819 890 820
f 821 820 892
f 820 891 892
f 822 821 893
f 821 892 893
f 823 822 894
f 822 893 894
f 824 823 895
f 823 894 895
f 895 825 824
f 896 825 895
f 827 897 898
f 826 897 827
f 828 827 899
f 827 898 899
f 829 828 900
f 828 899 900
f 830 829 901
f 829 900 901
f 902 901 903
f 902 831 901
f 831 830 901
f 890 832 904
f 825 896 833
f 896 905 833
f 826 834 897
f 897 834 906
f 902 903 907
f 833 905 835
f 905 908 835
f 834 836 906
f 906 836 909
f 835 908 837
f 908 910 837
f 836 838 909
f 909 838 911
f 837 910 839
f 910 912 839
f 838 840 911
f 911 840 913
f 839 912 841
f 912 914 841
f 840 842 913
f 913 842 915
f 841 914 843
f 914 916 843
f 842 844 915
f 915 844 917
f 843 916 845
f 916 918 845
f 844 846 917
f 917 846 919
f 845 918 847
f 918 920 847
f 846 848 919
f 919 848 921
f 847 920 849
f 920 922 849
f 848 850 921
f 921 850 923
f 849 922 851
f 922 924 851
f 850 852 923
f 923 852 925
f 851 924 853
f 924 926 853
f 852 854 925
f 925 854 927
f 853 926 856
f 926 928 856
f 854 857 927
f 927 857 929
f 858 859 931
f 930 858 931
f 859 860 932
f 931 859 932
f 860 861 933
f 932 860 933
f 861 862 934
f 933 861 934
f 862 935 934
f 862 856 935
f 856 928 935
f 868 937 867
f 931 938 930
f 939 938 931
f 932 939 931
f 940 939 932
f 933 940 932
f 941 940 933
f 934 941 933
f 942 941 934
f 935 942 934
f 870 944 869
f 869 944 943
f 871 945 870
f 870 945 944
f 872 946 871
f 871 946 945
f 937 872 867
f 937 947 872
f 947 946 872
f 951 952 953
f 950 951 953
f 952 954 955
f 953 952 955
f 954 956 957
f 955 954 957
f 956 958 959
f 957 956 959
f 958 949 959
f 958 873 949
f 952 951 961
f 961 951 960
f 954 952 962
f 962 952 961
f 956 954 963
f 963 954 962
f 958 956 964
f 964 956 963
f 873 964 874
f 958 964 873
f 878 960 875
f 961 960 878
f 880 961 878
f 962 961 880
f 882 962 880
f 963 962 882
f 884 963 882
f 964 963 884
f 874 964 884
f 891 890 965
f 891 966 892
f 965 966 891
f 892 967 893
f 966 967 892
f 893 968 894
f 967 968 893
f 894 969 895
f 968 969 894
f 895 969 896
f 898 897 970
f 898 971 899
f 970 971 898
f 899 972 900
f 971 972 899
f 900 973 901
f 972 973 900
f 901 973 903
f 965 974 975
f 965 890 974
f 890 904 974
f 966 965 975
f 976 966 975
f 967 966 976
f 977 967 976
f 968 967 977
f 978 968 977
f 969 968 978
f 979 969 978
f 979 896 969
f 979 980 896
f 980 905 896
f 970 981 982
f 970 897 981
f 897 906 981
f 971 970 982
f 983 971 982
f 972 971 983
f 984 972 983
f 973 972 984
f 985 973 984
f 903 973 985
f 903 985 907
f 907 985 986
f 905 980 908
f 980 987 908
f 906 909 981
f 981 909 988
f 908 987 910
f 987 989 910
f 909 911 988
f 988 911 990
f 910 989 912
f 989 991 912
f 911 913 990
f 990 913 992
f 912 991 914
f 991 993 914
f 913 915 992
f 992 915 994
f 914 993 916
f 993 995 916
f 915 917 994
f 994 917 996
f 916 995 918
f 995 997 918
f 917 919 996
f 996 919 998
f 918 997 920
f 997 999 920
f 919 921 998
f 998 921 1000
f 920 999 922
f 999 1001 922
f 921 923 1000
f 1000 923 1002
f 922 1001 924
f 1001 1003 924
f 923 925 1002
f 1002 925 1004
f 924 1003 926
f 1003 1005 926
f 925 927 1004
f 1004 927 1006
f 926 1005 928
f 1005 1007 928
f 927 929 1006
f 1006 929 1008
f 928 1007 935
f 1007 1009 935
f 929 936 1008
f 1008 936 1010
f 938 939 1012
f 1011 938 1012
f 939 940 1013
f 1012 939 1013
f 940 941 1014
f 1013 940 1014
f 941 942 1015
f 1014 941 1015
f 942 1016 1015
f 942 935 1016
f 935 1009 1016
f 1018 1010 936
f 943 944 1019
f 1017 943 1019
f 944 945 1020
f 1019 944 1020
f 945 946 1021
f 1020 945 1021
f 946 947 1022
f 1021 946 1022
f 1012 1023 1011
f 1024 1023 1012
f 1013 1024 1012
f 1025 1024 1013
f 1014 1025 1013
f 1026 1025 1014
f 1015 1026 1014
f 1027 1026 1015
f 1016 1027 1015
f 1019 1028 1017
f 1029 1028 1019
f 1020 1029 1019
f 1030 1029 1020
f 1021 1030 1020
f 1031 1030 1021
f 1022 1031 1021
f 1032 1031 1022
f 1036 1037 1038
f 1035 1036 1038
f 1037 1039 1040
f 1038 1037 1040
f 1039 1041 1042
f 1040 1039 1042
f 1041 1043 1044
f 1042 1041 1044
f 1043 1034 1044
f 1043 948 1034
f 1037 1036 1046
f 1046 1036 1045
f 1039 1037 1047
f 1047 1037 1046
f 1041 1039 1048
f 1048 1039 1047
f 1043 1041 1049
f 1049 1041 1048
f 948 1049 949
f 1043 1049 948
f 953 1045 950
f 1046 1045 953
f 955 1046 953
f 1047 1046 955
f 957 1047 955
f 1048 1047 957
f 959 1048 957
f 1049 1048 959
f 949 1049 959
f 975 974 1050
f 975 1051 976
f 1050 1051 975
f 976 1052 977
f 1051 1052 976
f 977 1053 978
f 1052 1053 977
f 978 1054 979
f 1053 1054 978
f 979 1054 980
f 982 981 1055
f 982 1056 983
f 1055 1056 982
f 983 1057 984
f 1056 1057 983
f 984 1058 985
f 1057 1058 984
f 985 1059 986
f 1058 1059 985
f 1050 1060 1061
f 1050 974 1060
f 1051 1050 1061
f 1062 1051 1061
f 1052 1051 1062
f 1063 1052 1062
f 1053 1052 1063
f 1064 1053 1063
f 1054 1053 1064
f 1065 1054 1064
f 1065 980 1054
f 1065 1066 980
f 1066 987 980
f 1055 1067 1068
f 1055 981 1067
f 981 988 1067
f 1056 1055 1068
f 1069 1056 1068
f 1057 1056 1069
f 1070 1057 1069
f 1058 1057 1070
f 1071 1058 1070
f 1059 1058 1071
f 1072 1059 1071
f 987 1066 989
f 1066 1073 989
f 988 990 1067
f 1067 990 1074
f 989 1073 991
f 1073 1075 991
f 990 992 1074
f 1074 992 1076
f 991 1075 993
f 1075 1077 993
f 992 994 1076
f 1076 994 1078
f 993 1077 995
f 1077 1079 995
f 994 996 1078
f 1078 996 1080
f 995 1079 997
f 1079 1081 997
f 996 998 1080
f 1080 998 1082
f 997 1081 999
f 1081 1083 999
f 998 1000 1082
f 1082 1000 1084
f 999 1083 1001
f 1083 1085 1001
f 1000 1002 1084
f 1084 1002 1086
f 1001 1085 1003
f 1085 1087 1003
f 1002 1004 1086
f 1086 1004 1088
f 1003 1087 1005
f 1087 1089 1005
f 1004 1006 1088
f 1088 1006 1090
f 1005 1089 1007
f 1089 1091 1007
f 1006 1008 1090
f 1090 1008 1092
f 1007 1091 1009
f 1091 1093 1009
f 1008 1010 1092
f 1092 1010 1094
f 1009 1093 1016
f 1093 1095 1016
f 1010 1018 1094
f 1094 1018 1096
f 1023 1024 1098
f 1097 1023 1098
f 1024 1025 1099
f 1098 1024 1099
f 1025 1026 1100
f 1099 1025 1100
f 1026 1027 1101
f 1100 1026 1101
f 1027 1102 1101
f 1027 1016 1102
f 1016 1095 1102
f 1104 1096 1018
f 1028 1029 1105
f 1103 1028 1105
f 1029 1030 1106
f 1105 1029 1106
f 1030 1031 1107
f 1106 1030 1107
f 1031 1032 1108
f 1107 1031 1108
f 1098 1109 1097
f 1110 1109 1098
f 1099 1110 1098
f 1111 1110 1099
f 1100 1111 1099
f 1112 1111 1100
f 1101 1112 1100
f 1113 1112 1101
f 1102 1113 1101
f 1105 1114 1103
f 1115 1114 1105
f 1106 1115 1105
f 1116 1115 1106
f 1107 1116 1106
f 1117 1116 1107
f 1108 1117 1107
f 1118 1117 1108
f 1122 1123 1124
f 1121 1122 1124
f 1123 1125 1126
f 1124 1123 1126
f 1125 1127 1128
f 1126 1125 1128
f 1127 1129 1130
f 1128 1127 1130
f 1129 1120 1130
f 1129 1033 1120
f 1123 1122 1132
f 1132 1122 1131
f 1125 1123 1133
f 1133 1123 1132
f 1127 1125 1134
f 1134 1125 1133
f 1129 1127 1135
f 1135 1127 1134
f 1033 1135 1034
f 1129 1135 1033
f 1038 1131 1035
f 1132 1131 1038
f 1040 1132 1038
f 1133 1132 1040
f 1042 1133 1040
f 1134 1133 1042
f 1044 1134 1042
f 1135 1134 1044
f 1034 1135 1044
f 1061 1060 1136
f 1061 1137 1062
f 1136 1137 1061
f 1062 1138 1063
f 1137 1138 1062
f 1063 1139 1064
f 1138 1139 1063
f 1064 1140 1065
f 1139 1140 1064
f 1065 1140 1066
f 1068 1067 1141
f 1142 1068 1141
f 1142 1143 1068
f 1143 1069 1068
f 1070 1069 1144
f 1069 1143 1144
f 1071 1070 1145
f 1070 1144 1145
f 1146 1145 1147
f 1146 1072 1145
f 1072 1071 1145
f 1136 1148 1149
f 1136 1060 1148
f 1137 1136 1149
f 1150 1137 1149
f 1138 1137 1150
f 1151 1138 1150
f 1139 1138 1151
f 1152 1139 1151
f 1140 1139 1152
f 1153 1140 1152
f 1153 1066 1140
f 1153 1154 1066
f 1154 1073 1066
f 1141 1155 1156
f 1141 1067 1155
f 1067 1074 1155
f 1142 1141 1156
f 1146 1147 1157
f 1073 1154 1075
f 1154 1158 1075
f 1074 1076 1155
f 1155 1076 1159
f 1075 1158 1077
f 1158 1160 1077
f 1076 1078 1159
f 1159 1078 1161
f 1077 1160 1079
f 1160 1162 1079
f 1078 1080 1161
f 1161 1080 1163
f 1079 1162 1081
f 1162 1164 1081
f 1080 1082 1163
f 1163 1082 1165
f 1081 1164 1083
f 1164 1166 1083
f 1082 1084 1165
f 1165 1084 1167
f 1083 1166 1085
f 1166 1168 1085
f 1084 1086 1167
f 1167 1086 1169
f 1085 1168 1087
f 1168 1170 1087
f 1086 1088 1169
f 1169 1088 1171
f 1087 1170 1089
f 1170 1172 1089
f 1088 1090 1171
f 1171 1090 1173
f 1089 1172 1091
f 1172 1174 1091
f 1090 1092 1173
f 1173 1092 1175
f 1091 1174 1093
f 1174 1176 1093
f 1092 1094 1175
f 1175 1094 1177
f 1093 1176 1095
f 1176 1178 1095
f 1094 1096 1177
f 1177 1096 1179
f 1095 1178 1102
f 1178 1180 1102
f 1096 1104 1179
f 1179 1104 1181
f 1110 1183 1109
f 1109 1183 1182
f 1111 1184 1110
f 1110 1184 1183
f 1112 1185 1111
f 1111 1185 1184
f 1113 1186 1112
f 1112 1186 1185
f 1180 1113 1102
f 1114 1115 1189
f 1187 1114 1189
f 1115 1116 1190
f 1189 1115 1190
f 1116 1117 1191
f 1190 1116 1191
f 1192 1191 1117
f 1192 1117 1193
f 1193 1117 1118
f 1189 1194 1187
f 1195 1194 1189
f 1190 1195 1189
f 1196 1195 1190
f 1191 1196 1190
f 1197 1196 1191
f 1192 1197 1191
f 1201 1202 1203
f 1200 1201 1203
f 1202 1204 1205
f 1203 1202 1205
f 1204 1206 1207
f 1205 1204 1207
f 1206 1208 1209
f 1207 1206 1209
f 1208 1199 1209
f 1208 1119 1199
f 1202 1201 1211
f 1211 1201 1210
f 1204 1202 1212
f 1212 1202 1211
f 1206 1204 1213
f 1213 1204 1212
f 1208 1206 1214
f 1214 1206 1213
f 1119 1214 1120
f 1208 1214 1119
f 1124 1210 1121
f 1211 1210 1124
f 1126 1211 1124
f 1212 1211 1126
f 1128 1212 1126
f 1213 1212 1128
f 1130 1213 1128
f 1214 1213 1130
f 1120 1214 1130
f 1143 1142 1215
f 1143 1216 1144
f 1215 1216 1143
f 1144 1217 1145
f 1216 1217 1144
f 1145 1217 1147
f 1149 1218 1219
f 1148 1218 1149
f 1150 1149 1220
f 1149 1219 1220
f 1151 1150 1221
f 1150 1220 1221
f 1152 1151 1222
f 1151 1221 1222
f 1153 1152 1223
f 1152 1222 1223
f 1223 1154 1153
f 1224 1154 1223
f 1156 1225 1226
f 1155 1225 1156
f 1215 1142 1156
f 1215 1156 1227
f 1227 1156 1226
f 1216 1215 1227
f 1228 1216 1227
f 1217 1216 1228
f 1229 1217 1228
f 1230 1229 1231
f 1157 1229 1230
f 1157 1217 1229
f 1157 1147 1217
f 1154 1224 1158
f 1224 1232 1158
f 1155 1159 1225
f 1225 1159 1233
f 1230 1231 1234
f 1158 1232 1160
f 1232 1235 1160
f 1159 1161 1233
f 1233 1161 1236
f 1160 1235 1162
f 1235 1237 1162
f 1161 1163 1236
f 1236 1163 1238
f 1162 1237 1164
f 1237 1239 1164
f 1163 1165 1238
f 1238 1165 1240
f 1164 1239 1166
f 1239 1241 1166
f 1165 1167 1240
f 1240 1167 1242
f 1166 1241 1168
f 1241 1243 1168
f 1167 1169 1242
f 1242 1169 1244
f 1168 1243 1170
f 1243 1245 1170
f 1169 1171 1244
f 1244 1171 1246
f 1170 1245 1172
f 1245 1247 1172
f 1171 1173 1246
f 1246 1173 1248
f 1172 1247 1174
f 1247 1249 1174
f 1173 1175 1248
f 1248 1175 1250
f 1174 1249 1176
f 1249 1251 1176
f 1175 1177 1250
f 1250 1177 1252
f 1176 1251 1178
f 1251 1253 1178
f 1177 1179 1252
f 1252 1179 1254
f 1178 1253 1180
f 1253 1255 1180
f 1179 1181 1254
f 1254 1181 1256
f 1182 1183 1258
f 1257 1182 1258
f 1183 1184 1259
f 1258 1183 1259
f 1184 1185 1260
f 1259 1184 1260
f 1185 1186 1261
f 1260 1185 1261
f 1180 1255 1262
f 1256 1188 1263
f 1193 1264 1192
f 1258 1265 1257
f 1266 1265 1258
f 1259 1266 1258
f 1267 1266 1259
f 1260 1267 1259
f 1268 1267 1260
f 1261 1268 1260
f 1269 1268 1261
f 1195 1271 1194
f 1194 1271 1270
f 1196 1272 1195
f 1195 1272 1271
f 1197 1273 1196
f 1196 1273 1272
f 1264 1197 1192
f 1264 1274 1197
f 1274 1273 1197
f 1278 1279 1280
f 1277 1278 1280
f 1279 1281 1282
f 1280 1279 1282
f 1281 1283 1284
f 1282 1281 1284
f 1283 1285 1286
f 1284 1283 1286
f 1285 1276 1286
f 1285 1198 1276
f 1279 1278 1288
f 1288 1278 1287
f 1281 1279 1289
f 1289 1279 1288
f 1283 1281 1290
f 1290 1281 1289
f 1285 1283 1291
f 1291 1283 1290
f 1198 1291 1199
f 1285 1291 1198
f 1203 1287 1200
f 1288 1287 1203
f 1205 1288 1203
f 1289 1288 1205
f 1207 1289 1205
f 1290 1289 1207
f 1209 1290 1207
f 1291 1290 1209
f 1199 1291 1209
f 1219 1218 1292
f 1219 1293 1220
f 1292 1293 1219
f 1220 1294 1221
f 1293 1294 1220
f 1221 1295 1222
f 1294 1295 1221
f 1222 1296 1223
f 1295 1296 1222
f 1223 1296 1224
f 1226 1225 1297
f 1226 1298 1227
f 1297 1298 1226
f 1227 1299 1228
f 1298 1299 1227
f 1228 1300 1229
f 1299 1300 1228
f 1229 1300 1231
f 1292 1301 1302
f 1292 1218 1301
f 1293 1292 1302
f 1303 1293 1302
f 1294 1293 1303
f 1304 1294 1303
f 1295 1294 1304
f 1305 1295 1304
f 1296 1295 1305
f 1306 1296 1305
f 1306 1224 1296
f 1306 1307 1224
f 1307 1232 1224
f 1297 1308 1309
f 1297 1225 1308
f 1225 1233 1308
f 1298 1297 1309
f 1310 1298 1309
f 1299 1298 1310
f 1311 1299 1310
f 1300 1299 1311
f 1312 1300 1311
f 1231 1300 1312
f 1231 1312 1234
f 1234 1312 1313
f 1232 1307 1235
f 1307 1314 1235
f 1233 1236 1308
f 1308 1236 1315
f 1235 1314 1237
f 1314 1316 1237
f 1236 1238 1315
f 1315 1238 1317
f 1237 1316 1239
f 1316 1318 1239
f 1238 1240 1317
f 1317 1240 1319
f 1239 1318 1241
f 1318 1320 1241
f 1240 1242 1319
f 1319 1242 1321
f 1241 1320 1243
f 1320 1322 1243
f 1242 1244 1321
f 1321 1244 1323
f 1243 1322 1245
f 1322 1324 1245
f 1244 1246 1323
f 1323 1246 1325
f 1245 1324 1247
f 1324 1326 1247
f 1246 1248 1325
f 1325 1248 1327
f 1247 1326 1249
f 1326 1328 1249
f 1248 1250 1327
f 1327 1250 1329
f 1249 1328 1251
f 1328 1330 1251
f 1250 1252 1329
f 1329 1252 1331
f 1251 1330 1253
f 1330 1332 1253
f 1252 1254 1331
f 1331 1254 1333
f 1253 1332 1255
f 1332 1334 1255
f 1254 1256 1333
f 1333 1256 1335
f 1255 1334 1262
f 1334 1336 1262
f 1256 1263 1335
f 1335 1263 1337
f 1265 1266 1339
f 1338 1265 1339
f 1266 1267 1340
f 1339 1266 1340
f 1267 1268 1341
f 1340 1267 1341
f 1268 1269 1342
f 1341 1268 1342
f 1262 1336 1343
f 1345 1337 1263
f 1270 1271 1346
f 1344 1270 1346
f 1271 1272 1347
f 1346 1271 1347
f 1272 1273 1348
f 1347 1272 1348
f 1273 1274 1349
f 1348 1273 1349
f 1339 1350 1338
f 1351 1350 1339
f 1340 1351 1339
f 1352 1351 1340
f 1341 1352 1340
f 1353 1352 1341
f 1342 1353 1341
f 1354 1353 1342
f 1346 1355 1344
f 1356 1355 1346
f 1347 1356 1346
f 1357 1356 1347
f 1348 1357 1347
f 1358 1357 1348
f 1349 1358 1348
f 1359 1358 1349
f 1363 1364 1365
f 1362 1363 1365
f 1364 1366 1367
f 1365 1364 1367
f 1366 1368 1369
f 1367 1366 1369
f 1368 1370 1371
f 1369 1368 1371
f 1370 1361 1371
f 1370 1275 1361
f 1364 1363 1373
f 1373 1363 1372
f 1366 1364 1374
f 1374 1364 1373
f 1368 1366 1375
f 1375 1366 1374
f 1370 1368 1376
f 1376 1368 1375
f 1275 1376 1276
f 1370 1376 1275
f 1280 1372 1277
f 1373 1372 1280
f 1282 1373 1280
f 1374 1373 1282
f 1284 1374 1282
f 1375 1374 1284
f 1286 1375 1284
f 1376 1375 1286
f 1276 1376 1286
f 1302 1301 1377
f 1302 1378 1303
f 1377 1378 1302
f 1303 1379 1304
f 1378 1379 1303
f 1304 1380 1305
f 1379 1380 1304
f 1305 1381 1306
f 1380 1381 1305
f 1306 1381 1307
f 1309 1308 1382
f 1309 1383 1310
f 1382 1383 1309
f 1310 1384 1311
f 1383 1384 1310
f 1311 1385 1312
f 1384 1385 1311
f 1312 1386 1313
f 1385 1386 1312
f 1377 1387 1388
f 1377 1301 1387
f 1378 1377 1388
f 1389 1378 1388
f 1379 1378 1389
f 1390 1379 1389
f 1380 1379 1390
f 1391 1380 1390
f 1381 1380 1391
f 1392 1381 1391
f 1392 1307 1381
f 1392 1393 1307
f 1393 1314 1307
f 1382 1394 1395
f 1382 1308 1394
f 1308 1315 1394
f 1383 1382 1395
f 1396 1383 1395
f 1384 1383 1396
f 1397 1384 1396
f 1385 1384 1397
f 1398 1385 1397
f 1386 1385 1398
f 1399 1386 1398
f 1314 1393 1316
f 1393 1400 1316
f 1315 1317 1394
f 1394 1317 1401
f 1316 1400 1318
f 1400 1402 1318
f 1317 1319 1401
f 1401 1319 1403
f 1318 1402 1320
f 1402 1404 1320
f 1319 1321 1403
f 1403 1321 1405
f 1320 1404 1322
f 1404 1406 1322
f 1321 1323 1405
f 1405 1323 1407
f 1322 1406 1324
f 1406 1408 1324
f 1323 1325 1407
f 1407 1325 1409
f 1324 1408 1326
f 1408 1410 1326
f 1325 1327 1409
f 1409 1327 1411
f 1326 1410 1328
f 1410 1412 1328
f 1327 1329 1411
f 1411 1329 1413
f 1328 1412 1330
f 1412 1414 1330
f 1329 1331 1413
f 1413 1331 1415
f 1330 1414 1332
f 1414 1416 1332
f 1331 1333 1415
f 1415 1333 1417
f 1332 1416 1334
f 1416 1418 1334
f 1333 1335 1417
f 1417 1335 1419
f 1334 1418 1336
f 1418 1420 1336
f 1335 1337 1419
f 1419 1337 1421
f 1336 1420 1343
f 1420 1422 1343
f 1337 1345 1421
f 1421 1345 1423
f 1350 1351 1425
f 1424 1350 1425
f 1351 1352 1426
f 1425 1351 1426
f 1352 1353 1427
f 1426 1352 1427
f 1353 1354 1428
f 1427 1353 1428
f 1343 1422 1429
f 1431 1423 1345
f 1355 1356 1432
f 1430 1355 1432
f 1356 1357 1433
f 1432 1356 1433
f 1357 1358 1434
f 1433 1357 1434
f 1358 1359 1435
f 1434 1358 1435
f 1425 1436 1424
f 1437 1436 1425
f 1426 1437 1425
f 1438 1437 1426
f 1427 1438 1426
f 1439 1438 1427
f 1428 1439 1427
f 1440 1439 1428
f 1432 1441 1430
f 1442 1441 1432
f 1433 1442 1432
f 1443 1442 1433
f 1434 1443 1433
f 1444 1443 1434
f 1435 1444 1434
f 1445 1444 1435
f 1449 1450 1451
f 1448 1449 1451
f 1450 1452 1453
f 1451 1450 1453
f 1452 1454 1455
f 1453 1452 1455
f 1454 1456 1457
f 1455 1454 1457
f 1456 1447 1457
f 1456 1360 1447
f 1450 1449 1459
f 1459 1449 1458
f 1452 1450 1460
f 1460 1450 1459
f 1454 1452 1461
f 1461 1452 1460
f 1456 1454 1462
f 1462 1454 1461
f 1360 1462 1361
f 1456 1462 1360
f 1365 1458 1362
f 1459 1458 1365
f 1367 1459 1365
f 1460 1459 1367
f 1369 1460 1367
f 1461 1460 1369
f 1371 1461 1369
f 1462 1461 1371
f 1361 1462 1371
f 1388 1387 1463
f 1388 1464 1389
f 1463 1464 1388
f 1389 1465 1390
f 1464 1465 1389
f 1390 1466 1391
f 1465 1466 1390
f 1391 1467 1392
f 1466 1467 1391
f 1392 1467 1393
f 1395 1394 1468
f 1395 1469 1396
f 1468 1469 1395
f 1396 1470 1397
f 1469 1470 1396
f 1397 1471 1398
f 1470 1471 1397
f 1398 1472 1399
f 1471 1472 1398
f 1463 1473 1474
f 1463 1387 1473
f 1464 1463 1474
f 1475 1464 1474
f 1465 1464 1475
f 1476 1465 1475
f 1466 1465 1476
f 1477 1466 1476
f 1467 1466 1477
f 1478 1467 1477
f 1478 1393 1467
f 1478 1479 1393
f 1479 1400 1393
f 1468 1480 1481
f 1468 1394 1480
f 1394 1401 1480
f 1469 1468 1481
f 1482 1469 1481
f 1470 1469 1482
f 1483 1470 1482
f 1471 1470 1483
f 1484 1471 1483
f 1472 1471 1484
f 1485 1472 1484
f 1400 1479 1402
f 1479 1486 1402
f 1401 1403 1480
f 1480 1403 1487
f 1402 1486 1404
f 1486 1488 1404
f 1403 1405 1487
f 1487 1405 1489
f 1404 1488 1406
f 1488 1490 1406
f 1405 1407 1489
f 1489 1407 1491
f 1406 1490 1408
f 1490 1492 1408
f 1407 1409 1491
f 1491 1409 1493
f 1408 1492 1410
f 1492 1494 1410
f 1409 1411 1493
f 1493 1411 1495
f 1410 1494 1412
f 1494 1496 1412
f 1411 1413 1495
f 1495 1413 1497
f 1412 1496 1414
f 1496 1498 1414
f 1413 1415 1497
f 1497 1415 1499
f 1414 1498 1416
f 1498 1500 1416
f 1415 1417 1499
f 1499 1417 1501
f 1416 1500 1418
f 1500 1502 1418
f 1417 1419 1501
f 1501 1419 1503
f 1418 1502 1420
f 1502 1504 1420
f 1419 1421 1503
f 1503 1421 1505
f 1420 1504 1422
f 1504 1506 1422
f 1421 1423 1505
f 1505 1423 1507
f 1422 1506 1429
f 1506 1508 1429
f 1423 1431 1507
f 1507 1431 1509
f 1436 1437 1511
f 1510 1436 1511
f 1437 1438 1512
f 1511 1437 1512
f 1438 1439 1513
f 1512 1438 1513
f 1439 1440 1514
f 1513 1439 1514
f 1517 1509 1431
f 1441 1442 1518
f 1516 1441 1518
f 1442 1443 1519
f 1518 1442 1519
f 1443 1444 1520
f 1519 1443 1520
f 1521 1520 1444
f 1521 1444 1522
f 1522 1444 1445
f 1511 1523 1510
f 1524 1523 1511
f 1512 1524 1511
f 1525 1524 1512
f 1513 1525 1512
f 1526 1525 1513
f 1514 1526 1513
f 1527 1526 1514
f 1518 1528 1516
f 1529 1528 1518
f 1519 1529 1518
f 1530 1529 1519
f 1520 1530 1519
f 1531 1530 1520
f 1521 1531 1520
f 1535 1536 1537
f 1534 1535 1537
f 1536 1538 1539
f 1537 1536 1539
f 1538 1540 1541
f 1539 1538 1541
f 1540 1542 1543
f 1541 1540 1543
f 1542 1533 1543
f 1542 1446 1533
f 1536 1535 1545
f 1545 1535 1544
f 1538 1536 1546
f 1546 1536 1545
f 1540 1538 1547
f 1547 1538 1546
f 1542 1540 1548
f 1548 1540 1547
f 1446 1548 1447
f 1542 1548 1446
f 1451 1544 1448
f 1545 1544 1451
f 1453 1545 1451
f 1546 1545 1453
f 1455 1546 1453
f 1547 1546 1455
f 1457 1547 1455
f 1548 1547 1457
f 1447 1548 1457
f 1474 1549 1550
f 1473 1549 1474
f 1475 1474 1551
f 1474 1550 1551
f 1476 1475 1552
f 1475 1551 1552
f 1477 1476 1553
f 1476 1552 1553
f 1478 1477 1554
f 1477 1553 1554
f 1554 1479 1478
f 1555 1479 1554
f 1481 1556 1557
f 1480 1556 1481
f 1482 1481 1558
f 1481 1557 1558
f 1483 1482 1559
f 1482 1558 1559
f 1484 1483 1560
f 1483 1559 1560
f 1561 1560 1562
f 1561 1485 1560
f 1485 1484 1560
f 1479 1555 1486
f 1555 1563 1486
f 1480 1487 1556
f 1556 1487 1564
f 1561 1562 1565
f 1486 1563 1488
f 1563 1566 1488
f 1487 1489 1564
f 1564 1489 1567
f 1488 1566 1490
f 1566 1568 1490
f 1489 1491 1567
f 1567 1491 1569
f 1490 1568 1492
f 1568 1570 1492
f 1491 1493 1569
f 1569 1493 1571
f 1492 1570 1494
f 1570 1572 1494
f 1493 1495 1571
f 1571 1495 1573
f 1494 1572 1496
f 1572 1574 1496
f 1495 1497 1573
f 1573 1497 1575
f 1496 1574 1498
f 1574 1576 1498
f 1497 1499 1575
f 1575 1499 1577
f 1498 1576 1500
f 1576 1578 1500
f 1499 1501 1577
f 1577 1501 1579
f 1500 1578 1502
f 1578 1580 1502
f 1501 1503 1579
f 1579 1503 1581
f 1502 1580 1504
f 1580 1582 1504
f 1503 1505 1581
f 1581 1505 1583
f 1504 1582 1506
f 1582 1584 1506
f 1505 1507 1583
f 1583 1507 1585
f 1506 1584 1508
f 1584 1586 1508
f 1507 1509 1585
f 1585 1509 1587
f 1586 1588 1515
f 1509 1517 1587
f 1587 1517 1589
f 1522 1590 1521
f 1524 1592 1523
f 1523 1592 1591
f 1525 1593 1524
f 1524 1593 1592
f 1526 1594 1525
f 1525 1594 1593
f 1527 1595 1526
f 1526 1595 1594
f 1529 1597 1528
f 1528 1597 1596
f 1530 1598 1529
f 1529 1598 1597
f 1531 1599 1530
f 1530 1599 1598
f 1590 1531 1521
f 1590 1600 1531
f 1600 1599 1531
f 1604 1605 1606
f 1603 1604 1606
f 1605 1607 1608
f 1606 1605 1608
f 1607 1609 1610
f 1608 1607 1610
f 1609 1611 1612
f 1610 1609 1612
f 1611 1602 1612
f 1611 1532 1602
f 1605 1604 1614
f 1614 1604 1613
f 1607 1605 1615
f 1615 1605 1614
f 1609 1607 1616
f 1616 1607 1615
f 1611 1609 1617
f 1617 1609 1616
f 1532 1617 1533
f 1611 1617 1532
f 1537 1613 1534
f 1614 1613 1537
f 1539 1614 1537
f 1615 1614 1539
f 1541 1615 1539
f 1616 1615 1541
f 1543 1616 1541
f 1617 1616 1543
f 1533 1617 1543
f 1550 1549 1618
f 1550 1619 1551
f 1618 1619 1550
f 1551 1620 1552
f 1619 1620 1551
f 1552 1621 1553
f 1620 1621 1552
f 1553 1622 1554
f 1621 1622 1553
f 1554 1622 1555
f 1557 1556 1623
f 1557 1624 1558
f 1623 1624 1557
f 1558 1625 1559
f 1624 1625 1558
f 1559 1626 1560
f 1625 1626 1559
f 1560 1626 1562
f 1618 1627 1628
f 1618 1549 1627
f 1619 1618 1628
f 1629 1619 1628
f 1620 1619 1629
f 1630 1620 1629
f 1621 1620 1630
f 1631 1621 1630
f 1622 1621 1631
f 1632 1622 1631
f 1632 1555 1622
f 1632 1633 1555
f 1633 1563 1555
f 1623 1634 1635
f 1623 1556 1634
f 1556 1564 1634
f 1624 1623 1635
f 1636 1624 1635
f 1625 1624 1636
f 1637 1625 1636
f 1626 1625 1637
f 1638 1626 1637
f 1562 1626 1638
f 1562 1638 1565
f 1565 1638 1639
f 1563 1633 1566
f 1633 1640 1566
f 1564 1567 1634
f 1634 1567 1641
f 1566 1640 1568
f 1640 1642 1568
f 1567 1569 1641
f 1641 1569 1643
f 1568 1642 1570
f 1642 1644 1570
f 1569 1571 1643
f 1643 1571 1645
f 1570 1644 1572
f 1644 1646 1572
f 1571 1573 1645
f 1645 1573 1647
f 1572 1646 1574
f 1646 1648 1574
f 1573 1575 1647
f 1647 1575 1649
f 1574 1648 1576
f 1648 1650 1576
f 1575 1577 1649
f 1649 1577 1651
f 1576 1650 1578
f 1650 1652 1578
f 1577 1579 1651
f 1651 1579 1653
f 1578 1652 1580
f 1652 1654 1580
f 1579 1581 1653
f 1653 1581 1655
f 1580 1654 1582
f 1654 1656 1582
f 1581 1583 1655
f 1655 1583 1657
f 1582 1656 1584
f 1656 1658 1584
f 1583 1585 1657
f 1657 1585 1659
f 1584 1658 1586
f 1658 1660 1586
f 1585 1587 1659
f 1659 1587 1661
f 1586 1660 1588
f 1660 1662 1588
f 1587 1589 1661
f 1661 1589 1663
f 1591 1592 1665
f 1664 1591 1665
f 1592 1593 1666
f 1665 1592 1666
f 1593 1594 1667
f 1666 1593 1667
f 1594 1595 1668
f 1667 1594 1668
f 1588 1662 1669
f 1671 1663 1589
f 1596 1597 1672
f 1670 1596 1672
f 1597 1598 1673
f 1672 1597 1673
f 1598 1599 1674
f 1673 1598 1674
f 1599 1600 1675
f 1674 1599 1675
f 1665 1676 1664
f 1677 1676 1665
f 1666 1677 1665
f 1678 1677 1666
f 1667 1678 1666
f 1679 1678 1667
f 1668 1679 1667
f 1680 1679 1668
f 1672 1681 1670
f 1682 1681 1672
f 1673 1682 1672
f 1683 1682 1673
f 1674 1683 1673
f 1684 1683 1674
f 1675 1684 1674
f 1685 1684 1675
f 1690 1691 1692
f 1689 1690 1692
f 1691 1693 1694
f 1692 1691 1694
f 1693 1695 1696
f 1694 1693 1696
f 1695 1697 1698
f 1696 1695 1698
f 1697 1688 1698
f 1697 1601 1688
f 1691 1690 1700
f 1700 1690 1699
f 1693 1691 1701
f 1701 1691 1700
f 1695 1693 1702
f 1702 1693 1701
f 1697 1695 1703
f 1703 1695 1702
f 1601 1703 1602
f 1697 1703 1601
f 1606 1699 1603
f 1700 1699 1606
f 1608 1700 1606
f 1701 1700 1608
f 1610 1701 1608
f 1702 1701 1610
f 1612 1702 1610
f 1703 1702 1612
f 1602 1703 1612
f 1628 1627 1704
f 1628 1705 1629
f 1704 1705 1628
f 1629 1706 1630
f 1705 1706 1629
f 1630 1707 1631
f 1706 1707 1630
f 1631 1708 1632
f 1707 1708 1631
f 1632 1708 1633
f 1635 1634 1709
f 1635 1710 1636
f 1709 1710 1635
f 1636 1711 1637
f 1710 1711 1636
f 1637 1712 1638
f 1711 1712 1637
f 1638 1713 1639
f 1712 1713 1638
f 1704 1714 1715
f 1704 1627 1714
f 1705 1704 1715
f 1716 1705 1715
f 1706 1705 1716
f 1717 1706 1716
f 1707 1706 1717
f 1718 1707 1717
f 1708 1707 1718
f 1719 1708 1718
f 1719 1633 1708
f 1719 1720 1633
f 1720 1640 1633
f 1709 1721 1722
f 1709 1634 1721
f 1634 1641 1721
f 1710 1709 1722
f 1723 1710 1722
f 1711 1710 1723
f 1724 1711 1723
f 1712 1711 1724
f 1725 1712 1724
f 1713 1712 1725
f 1726 1713 1725
f 1640 1720 1642
f 1720 1727 1642
f 1641 1643 1721
f 1721 1643 1728
f 1642 1727 1644
f 1727 1729 1644
f 1643 1645 1728
f 1728 1645 1730
f 1644 1729 1646
f 1729 1731 1646
f 1645 1647 1730
f 1730 1647 1732
f 1646 1731 1648
f 1731 1733 1648
f 1647 1649 1732
f 1732 1649 1734
f 1648 1733 1650
f 1733 1735 1650
f 1649 1651 1734
f 1734 1651 1736
f 1650 1735 1652
f 1735 1737 1652
f 1651 1653 1736
f 1736 1653 1738
f 1652 1737 1654
f 1737 1739 1654
f 1653 1655 1738
f 1738 1655 1740
f 1654 1739 1656
f 1739 1741 1656
f 1655 1657 1740
f 1740 1657 1742
f 1656 1741 1658
f 1741 1743 1658
f 1657 1659 1742
f 1742 1659 1744
f 1658 1743 1660
f 1743 1745 1660
f 1659 1661 1744
f 1744 1661 1746
f 1660 1745 1662
f 1745 1747 1662
f 1661 1663 1746
f 1746 1663 1748
f 1662 1747 1669
f 1747 1749 1669
f 1663 1671 1748
f 1748 1671 1750
f 1676 1677 1752
f 1751 1676 1752
f 1677 1678 1753
f 1752 1677 1753
f 1678 1679 1754
f 1753 1678 1754
f 1679 1680 1755
f 1754 1679 1755
f 1669 1749 1756
f 1758 1750 1671
f 1681 1682 1759
f 1757 1681 1759
f 1682 1683 1760
f 1759 1682 1760
f 1683 1684 1761
f 1760 1683 1761
f 1684 1685 1762
f 1761 1684 1762
f 1752 1763 1751
f 1764 1763 1752
f 1753 1764 1752
f 1765 1764 1753
f 1754 1765 1753
f 1766 1765 1754
f 1755 1766 1754
f 1767 1766 1755
f 1759 1768 1757
f 1769 1768 1759
f 1760 1769 1759
f 1770 1769 1760
f 1761 1770 1760
f 1771 1770 1761
f 1762 1771 1761
f 1772 1771 1762
f 1774 1775 1686
f 1777 1778 1779
f 1776 1777 1779
f 1778 1780 1781
f 1779 1778 1781
f 1780 1782 1783
f 1781 1780 1783
f 1782 1784 1785
f 1783 1782 1785
f 1784 1775 1785
f 1784 1687 1775
f 1687 1686 1775
f 1778 1777 1787
f 1787 1777 1786
f 1780 1778 1788
f 1788 1778 1787
f 1782 1780 1789
f 1789 1780 1788
f 1784 1782 1790
f 1790 1782 1789
f 1687 1790 1688
f 1784 1790 1687
f 1692 1786 1689
f 1787 1786 1692
f 1694 1787 1692
f 1788 1787 1694
f 1696 1788 1694
f 1789 1788 1696
f 1698 1789 1696
f 1790 1789 1698
f 1688 1790 1698
f 1715 1714 1791
f 1715 1792 1716
f 1791 1792 1715
f 1716 1793 1717
f 1792 1793 1716
f 1717 1794 1718
f 1793 1794 1717
f 1718 1795 1719
f 1794 1795 1718
f 1719 1795 1720
f 1722 1721 1796
f 1722 1797 1723
f 1796 1797 1722
f 1723 1798 1724
f 1797 1798 1723
f 1724 1799 1725
f 1798 1799 1724
f 1725 1800 1726
f 1799 1800 1725
f 1791 1801 1802
f 1791 1714 1801
f 1792 1791 1802
f 1803 1792 1802
f 1793 1792 1803
f 1804 1793 1803
f 1794 1793 1804
f 1805 1794 1804
f 1795 1794 1805
f 1806 1795 1805
f 1806 1720 1795
f 1806 1807 1720
f 1807 1727 1720
f 1796 1808 1809
f 1796 1721 1808
f 1721 1728 1808
f 1797 1796 1809
f 1810 1797 1809
f 1798 1797 1810
f 1811 1798 1810
f 1799 1798 1811
f 1812 1799 1811
f 1800 1799 1812
f 1813 1800 1812
f 1727 1807 1729
f 1807 1815 1729
f 1728 1730 1808
f 1808 1730 1816
f 1729 1815 1731
f 1815 1817 1731
f 1730 1732 1816
f 1816 1732 1818
f 1731 1817 1733
f 1817 1819 1733
f 1732 1734 1818
f 1818 1734 1820
f 1733 1819 1735
f 1819 1821 1735
f 1734 1736 1820
f 1820 1736 1822
f 1735 1821 1737
f 1821 1823 1737
f 1736 1738 1822
f 1822 1738 1824
f 1737 1823 1739
f 1823 1825 1739
f 1738 1740 1824
f 1824 1740 1826
f 1739 1825 1741
f 1825 1827 1741
f 1740 1742 1826
f 1826 1742 1828
f 1741 1827 1743
f 1827 1829 1743
f 1742 1744 1828
f 1828 1744 1830
f 1743 1829 1745
f 1829 1831 1745
f 1744 1746 1830
f 1830 1746 1832
f 1745 1831 1747
f 1831 1833 1747
f 1746 1748 1832
f 1832 1748 1834
f 1747 1833 1749
f 1833 1835 1749
f 1748 1750 1834
f 1834 1750 1836
f 1749 1835 1756
f 1835 1837 1756
f 1750 1758 1836
f 1836 1758 1838
f 1763 1764 1840
f 1839 1763 1840
f 1764 1765 1841
f 1840 1764 1841
f 1765 1766 1842
f 1841 1765 1842
f 1766 1767 1843
f 1842 1766 1843
f 1756 1837 1844
f 1846 1838 1758
f 1768 1769 1847
f 1845 1768 1847
f 1769 1770 1848
f 1847 1769 1848
f 1770 1771 1849
f 1848 1770 1849
f 1771 1772 1850
f 1849 1771 1850
f 1840 1851 1839
f 1852 1851 1840
f 1841 1852 1840
f 1853 1852 1841
f 1842 1853 1841
f 1854 1853 1842
f 1843 1854 1842
f 1855 1854 1843
f 1847 1856 1845
f 1857 1856 1847
f 1848 1857 1847
f 1858 1857 1848
f 1849 1858 1848
f 1859 1858 1849
f 1850 1859 1849
f 1860 1859 1850
f 1862 1863 1773
f 1865 1866 1867
f 1864 1865 1867
f 1866 1868 1869
f 1867 1866 1869
f 1868 1870 1871
f 1869 1868 1871
f 1870 1872 1873
f 1871 1870 1873
f 1872 1863 1873
f 1872 1774 1863
f 1774 1773 1863
f 1866 1865 1875
f 1875 1865 1874
f 1868 1866 1876
f 1876 1866 1875
f 1870 1868 1877
f 1877 1868 1876
f 1872 1870 1878
f 1878 1870 1877
f 1774 1878 1775
f 1872 1878 1774
f 1779 1874 1776
f 1875 1874 1779
f 1781 1875 1779
f 1876 1875 1781
f 1783 1876 1781
f 1877 1876 1783
f 1785 1877 1783
f 1878 1877 1785
f 1775 1878 1785
f 1802 1879 1880
f 1801 1879 1802
f 1803 1802 1881
f 1802 1880 1881
f 1804 1803 1882
f 1803 1881 1882
f 1805 1804 1883
f 1804 1882 1883
f 1806 1805 1884
f 1805 1883 1884
f 1884 1807 1806
f 1885 1807 1884
f 1809 1886 1887
f 1808 1886 1809
f 1810 1809 1888
f 1809 1887 1888
f 1811 1810 1889
f 1810 1888 1889
f 1812 1811 1890
f 1811 1889 1890
f 1891 1890 1892
f 1891 1813 1890
f 1813 1812 1890
f 1879 1814 1893
f 1807 1885 1815
f 1885 1894 1815
f 1808 1816 1886
f 1886 1816 1895
f 1891 1892 1896
f 1815 1894 1817
f 1894 1897 1817
f 1816 1818 1895
f 1895 1818 1898
f 1817 1897 1819
f 1897 1899 1819
f 1818 1820 1898
f 1898 1820 1900
f 1819 1899 1821
f 1899 1901 1821
f 1820 1822 1900
f 1900 1822 1902
f 1821 1901 1823
f 1901 1903 1823
f 1822 1824 1902
f 1902 1824 1904
f 1823 1903 1825
f 1903 1905 1825
f 1824 1826 1904
f 1904 1826 1906
f 1825 1905 1827
f 1905 1907 1827
f 1826 1828 1906
f 1906 1828 1908
f 1827 1907 1829
f 1907 1909 1829
f 1828 1830 1908
f 1908 1830 1910
f 1829 1909 1831
f 1909 1911 1831
f 1830 1832 1910
f 1910 1832 1912
f 1831 1911 1833
f 1911 1913 1833
f 1832 1834 1912
f 1912 1834 1914
f 1833 1913 1835
f 1913 1915 1835
f 1834 1836 1914
f 1914 1836 1916
f 1835 1915 1837
f 1915 1917 1837
f 1836 1838 1916
f 1916 1838 1918
f 1837 1917 1844
f 1917 1919 1844
f 1838 1846 1918
f 1918 1846 1920
f 1922 1923 1921
f 1922 1921 1852
f 1852 1921 1851
f 1852 1853 1924
f 1922 1852 1924
f 1853 1854 1925
f 1924 1853 1925
f 1926 1925 1854
f 1926 1854 1927
f 1927 1854 1855
f 1856 1857 1929
f 1928 1856 1929
f 1857 1858 1930
f 1929 1857 1930
f 1858 1859 1931
f 1930 1858 1931
f 1932 1931 1859
f 1932 1859 1933
f 1933 1859 1860
f 1922 1934 1923
f 1924 1934 1922
f 1935 1934 1924
f 1925 1935 1924
f 1936 1935 1925
f 1926 1936 1925
f 1929 1937 1928
f 1938 1937 1929
f 1930 1938 1929
f 1939 1938 1930
f 1931 1939 1930
f 1940 1939 1931
f 1932 1940 1931
f 1942 1943 1861
f 1945 1946 1947
f 1944 1945 1947
f 1946 1948 1949
f 1947 1946 1949
f 1948 1950 1951
f 1949 1948 1951
f 1950 1952 1953
f 1951 1950 1953
f 1952 1943 1953
f 1952 1862 1943
f 1862 1861 1943
f 1946 1945 1955
f 1955 1945 1954
f 1948 1946 1956
f 1956 1946 1955
f 1950 1948 1957
f 1957 1948 1956
f 1952 1950 1958
f 1958 1950 1957
f 1862 1958 1863
f 1952 1958 1862
f 1867 1954 1864
f 1955 1954 1867
f 1869 1955 1867
f 1956 1955 1869
f 1871 1956 1869
f 1957 1956 1871
f 1873 1957 1871
f 1958 1957 1873
f 1863 1958 1873
f 1880 1879 1959
f 1880 1960 1881
f 1959 1960 1880
f 1881 1961 1882
f 1960 1961 1881
f 1882 1962 1883
f 1961 1962 1882
f 1883 1963 1884
f 1962 1963 1883
f 1884 1963 1885
f 1887 1886 1964
f 1887 1965 1888
f 1964 1965 1887
f 1888 1966 1889
f 1965 1966 1888
f 1889 1967 1890
f 1966 1967 1889
f 1890 1967 1892
f 1959 1968 1969
f 1959 1879 1968
f 1879 1893 1968
f 1960 1959 1969
f 1970 1960 1969
f 1961 1960 1970
f 1971 1961 1970
f 1962 1961 1971
f 1972 1962 1971
f 1963 1962 1972
f 1973 1963 1972
f 1973 1885 1963
f 1973 1974 1885
f 1974 1894 1885
f 1964 1975 1976
f 1964 1886 1975
f 1886 1895 1975
f 1965 1964 1976
f 1977 1965 1976
f 1966 1965 1977
f 1978 1966 1977
f 1967 1966 1978
f 1979 1967 1978
f 1892 1967 1979
f 1892 1979 1896
f 1896 1979 1980
f 1894 1974 1897
f 1974 1981 1897
f 1895 1898 1975
f 1975 1898 1982
f 1897 1981 1899
f 1981 1983 1899
f 1898 1900 1982
f 1982 1900 1984
f 1899 1983 1901
f 1983 1985 1901
f 1900 1902 1984
f 1984 1902 1986
f 1901 1985 1903
f 1985 1987 1903
f 1902 1904 1986
f 1986 1904 1988
f 1903 1987 1905
f 1987 1989 1905
f 1904 1906 1988
f 1988 1906 1990
f 1905 1989 1907
f 1989 1991 1907
f 1906 1908 1990
f 1990 1908 1992
f 1907 1991 1909
f 1991 1993 1909
f 1908 1910 1992
f 1992 1910 1994
f 1909 1993 1911
f 1993 1995 1911
f 1910 1912 1994
f 1994 1912 1996
f 1911 1995 1913
f 1995 1997 1913
f 1912 1914 1996
f 1996 1914 1998
f 1913 1997 1915
f 1997 1999 1915
f 1914 1916 1998
f 1998 1916 2000
f 1915 1999 1917
f 1999 2001 1917
f 1916 1918 2000
f 2000 1918 2002
f 1917 2001 1919
f 2001 2003 1919
f 1918 1920 2002
f 2002 1920 2004
f 1921 1923 2005
f 1927 2006 1926
f 1919 2003 2007
f 1933 2009 1932
f 1923 2010 2005
f 1923 1934 2010
f 1934 2011 2010
f 1935 2012 1934
f 1934 2012 2011
f 1936 2013 1935
f 1935 2013 2012
f 2006 1936 1926
f 2006 2014 1936
f 2014 2013 1936
f 1938 2016 1937
f 1937 2016 2015
f 1939 2017 1938
f 1938 2017 2016
f 1940 2018 1939
f 1939 2018 2017
f 2009 1940 1932
f 2009 2019 1940
f 2019 2018 1940
f 2023 2024 2025
f 2022 2023 2025
f 2024 2026 2027
f 2025 2024 2027
f 2026 2028 2029
f 2027 2026 2029
f 2028 2030 2031
f 2029 2028 2031
f 2030 2021 2031
f 2030 1941 2021
f 2024 2023 2033
f 2033 2023 2032
f 2026 2024 2034
f 2034 2024 2033
f 2028 2026 2035
f 2035 2026 2034
f 2030 2028 2036
f 2036 2028 2035
f 1941 2036 1942
f 2030 2036 1941
f 2033 2032 2038
f 2038 2032 2037
f 2034 2033 2039
f 2039 2033 2038
f 2035 2034 2040
f 2040 2034 2039
f 2036 2035 2041
f 2041 2035 2040
f 1942 2041 1943
f 2036 2041 1942
f 1947 2037 1944
f 2038 2037 1947
f 1949 2038 1947
f 2039 2038 1949
f 1951 2039 1949
f 2040 2039 1951
f 1953 2040 1951
f 2041 2040 1953
f 1943 2041 1953
f 1969 1968 2042
f 1969 2043 1970
f 2042 2043 1969
f 1970 2044 1971
f 2043 2044 1970
f 1971 2045 1972
f 2044 2045 1971
f 1972 2046 1973
f 2045 2046 1972
f 1973 2046 1974
f 1976 1975 2047
f 1976 2048 1977
f 2047 2048 1976
f 1977 2049 1978
f 2048 2049 1977
f 1978 2050 1979
f 2049 2050 1978
f 1979 2051 1980
f 2050 2051 1979
f 2042 2052 2053
f 2042 1968 2052
f 2043 2042 2053
f 2054 2043 2053
f 2044 2043 2054
f 2055 2044 2054
f 2045 2044 2055
f 2056 2045 2055
f 2046 2045 2056
f 2057 2046 2056
f 2057 1974 2046
f 2057 2058 1974
f 2058 1981 1974
f 2047 2059 2060
f 2047 1975 2059
f 1975 1982 2059
f 2048 2047 2060
f 2061 2048 2060
f 2049 2048 2061
f 2062 2049 2061
f 2050 2049 2062
f 2063 2050 2062
f 2051 2050 2063
f 2064 2051 2063
f 1981 2058 1983
f 2058 2065 1983
f 1982 1984 2059
f 2059 1984 2066
f 1983 2065 1985
f 2065 2067 1985
f 1984 1986 2066
f 2066 1986 2068
f 1985 2067 1987
f 2067 2069 1987
f 1986 1988 2068
f 2068 1988 2070
f 1987 2069 1989
f 2069 2071 1989
f 1988 1990 2070
f 2070 1990 2072
f 1989 2071 1991
f 2071 2073 1991
f 1990 1992 2072
f 2072 1992 2074
f 1991 2073 1993
f 2073 2075 1993
f 1992 1994 2074
f 2074 1994 2076
f 1993 2075 1995
f 2075 2077 1995
f 1994 1996 2076
f 2076 1996 2078
f 1995 2077 1997
f 2077 2079 1997
f 1996 1998 2078
f 2078 1998 2080
f 1997 2079 1999
f 2079 2081 1999
f 1998 2000 2080
f 2080 2000 2082
f 1999 2081 2001
f 2081 2083 2001
f 2000 2002 2082
f 2082 2002 2084
f 2001 2083 2003
f 2083 2085 2003
f 2002 2004 2084
f 2084 2004 2086
f 2003 2085 2007
f 2085 2087 2007
f 2004 2008 2086
f 2086 2008 2088
f 2010 2011 2090
f 2089 2010 2090
f 2011 2012 2091
f 2090 2011 2091
f 2012 2013 2092
f 2091 2012 2092
f 2013 2014 2093
f 2092 2013 2093
f 2007 2087 2094
f 2096 2088 2008
f 2015 2016 2097
f 2095 2015 2097
f 2016 2017 2098
f 2097 2016 2098
f 2017 2018 2099
f 2098 2017 2099
f 2018 2019 2100
f 2099 2018 2100
f 2090 2101 2089
f 2102 2101 2090
f 2091 2102 2090
f 2103 2102 2091
f 2092 2103 2091
f 2104 2103 2092
f 2093 2104 2092
f 2105 2104 2093
f 2097 2106 2095
f 2107 2106 2097
f 2098 2107 2097
f 2108 2107 2098
f 2099 2108 2098
f 2109 2108 2099
f 2100 2109 2099
f 2110 2109 2100
f 2114 2115 2116
f 2113 2114 2116
f 2115 2117 2118
f 2116 2115 2118
f 2117 2119 2120
f 2118 2117 2120
f 2119 2121 2122
f 2120 2119 2122
f 2121 2112 2122
f 2121 2020 2112
f 2115 2114 2124
f 2124 2114 2123
f 2117 2115 2125
f 2125 2115 2124
f 2119 2117 2126
f 2126 2117 2125
f 2121 2119 2127
f 2127 2119 2126
f 2020 2127 2021
f 2121 2127 2020
f 2025 2123 2022
f 2124 2123 2025
f 2027 2124 2025
f 2125 2124 2027
f 2029 2125 2027
f 2126 2125 2029
f 2031 2126 2029
f 2127 2126 2031
f 2021 2127 2031
f 2053 2052 2128
f 2053 2129 2054
f 2128 2129 2053
f 2054 2130 2055
f 2129 2130 2054
f 2055 2131 2056
f 2130 2131 2055
f 2056 2132 2057
f 2131 2132 2056
f 2057 2132 2058
f 2060 2059 2133
f 2060 2134 2061
f 2133 2134 2060
f 2061 2135 2062
f 2134 2135 2061
f 2062 2136 2063
f 2135 2136 2062
f 2063 2137 2064
f 2136 2137 2063
f 2128 2138 2139
f 2128 2052 2138
f 2129 2128 2139
f 2140 2129 2139
f 2130 2129 2140
f 2141 2130 2140
f 2131 2130 2141
f 2142 2131 2141
f 2132 2131 2142
f 2143 2132 2142
f 2143 2058 2132
f 2143 2144 2058
f 2144 2065 2058
f 2133 2145 2146
f 2133 2059 2145
f 2059 2066 2145
f 2134 2133 2146
f 2147 2134 2146
f 2135 2134 2147
f 2148 2135 2147
f 2136 2135 2148
f 2149 2136 2148
f 2137 2136 2149
f 2150 2137 2149
f 2065 2144 2067
f 2144 2151 2067
f 2066 2068 2145
f 2145 2068 2152
f 2067 2151 2069
f 2151 2153 2069
f 2068 2070 2152
f 2152 2070 2154
f 2069 2153 2071
f 2153 2155 2071
f 2070 2072 2154
f 2154 2072 2156
f 2071 2155 2073
f 2155 2157 2073
f 2072 2074 2156
f 2156 2074 2158
f 2073 2157 2075
f 2157 2159 2075
f 2074 2076 2158
f 2158 2076 2160
f 2075 2159 2077
f 2159 2161 2077
f 2076 2078 2160
f 2160 2078 2162
f 2077 2161 2079
f 2161 2163 2079
f 2078 2080 2162
f 2162 2080 2164
f 2079 2163 2081
f 2163 2165 2081
f 2080 2082 2164
f 2164 2082 2166
f 2081 2165 2083
f 2165 2167 2083
f 2082 2084 2166
f 2166 2084 2168
f 2083 2167 2085
f 2167 2169 2085
f 2084 2086 2168
f 2168 2086 2170
f 2085 2169 2087
f 2169 2171 2087
f 2086 2088 2170
f 2170 2088 2172
f 2087 2171 2094
f 2171 2173 2094
f 2088 2096 2172
f 2172 2096 2174
f 2101 2102 2176
f 2175 2101 2176
f 2102 2103 2177
f 2176 2102 2177
f 2103 2104 2178
f 2177 2103 2178
f 2104 2105 2179
f 2178 2104 2179
f 2094 2173 2180
f 2182 2174 2096
f 2106 2107 2183
f 2181 2106 2183
f 2107 2108 2184
f 2183 2107 2184
f 2108 2109 2185
f 2184 2108 2185
f 2109 2110 2186
f 2185 2109 2186
f 2176 2187 2175
f 2188 2187 2176
f 2177 2188 2176
f 2189 2188 2177
f 2178 2189 2177
f 2190 2189 2178
f 2179 2190 2178
f 2191 2190 2179
f 2183 2192 2181
f 2193 2192 2183
f 2184 2193 2183
f 2194 2193 2184
f 2185 2194 2184
f 2195 2194 2185
f 2186 2195 2185
f 2196 2195 2186
f 2201 2202 2203
f 2200 2201 2203
f 2202 2204 2205
f 2203 2202 2205
f 2204 2206 2207
f 2205 2204 2207
f 2206 2208 2209
f 2207 2206 2209
f 2208 2199 2209
f 2208 2111 2199
f 2202 2201 2211
f 2211 2201 2210
f 2204 2202 2212
f 2212 2202 2211
f 2206 2204 2213
f 2213 2204 2212
f 2208 2206 2214
f 2214 2206 2213
f 2111 2214 2112
f 2208 2214 2111
f 2116 2210 2113
f 2211 2210 2116
f 2118 2211 2116
f 2212 2211 2118
f 2120 2212 2118
f 2213 2212 2120
f 2122 2213 2120
f 2214 2213 2122
f 2112 2214 2122
f 2139 2138 2215
f 2216 2139 2215
f 2216 2217 2139
f 2217 2140 2139
f 2141 2140 2218
f 2140 2217 2218
f 2142 2141 2219
f 2141 2218 2219
f 2220 2219 2221
f 2220 2143 2219
f 2143 2142 2219
f 2143 2220 2144
f 2146 2145 2222
f 2146 2223 2147
f 2222 2223 2146
f 2147 2224 2148
f 2223 2224 2147
f 2148 2225 2149
f 2224 2225 2148
f 2149 2226 2150
f 2225 2226 2149
f 2215 2227 2228
f 2215 2138 2227
f 2216 2215 2228
f 2220 2221 2229
f 2229 2144 2220
f 2229 2230 2144
f 2230 2151 2144
f 2222 2231 2232
f 2222 2145 2231
f 2145 2152 2231
f 2223 2222 2232
f 2233 2223 2232
f 2224 2223 2233
f 2234 2224 2233
f 2225 2224 2234
f 2235 2225 2234
f 2226 2225 2235
f 2236 2226 2235
f 2151 2230 2153
f 2230 2237 2153
f 2152 2154 2231
f 2231 2154 2238
f 2153 2237 2155
f 2237 2239 2155
f 2154 2156 2238
f 2238 2156 2240
f 2155 2239 2157
f 2239 2241 2157
f 2156 2158 2240
f 2240 2158 2242
f 2157 2241 2159
f 2241 2243 2159
f 2158 2160 2242
f 2242 2160 2244
f 2159 2243 2161
f 2243 2245 2161
f 2160 2162 2244
f 2244 2162 2246
f 2161 2245 2163
f 2245 2247 2163
f 2162 2164 2246
f 2246 2164 2248
f 2163 2247 2165
f 2247 2249 2165
f 2164 2166 2248
f 2248 2166 2250
f 2165 2249 2167
f 2249 2251 2167
f 2166 2168 2250
f 2250 2168 2252
f 2167 2251 2169
f 2251 2253 2169
f 2168 2170 2252
f 2252 2170 2254
f 2169 2253 2171
f 2253 2255 2171
f 2170 2172 2254
f 2254 2172 2256
f 2171 2255 2173
f 2255 2257 2173
f 2172 2174 2256
f 2256 2174 2258
f 2173 2257 2180
f 2257 2259 2180
f 2174 2182 2258
f 2258 2182 2260
f 2187 2188 2262
f 2261 2187 2262
f 2188 2189 2263
f 2262 2188 2263
f 2189 2190 2264
f 2263 2189 2264
f 2190 2191 2265
f 2264 2190 2265
f 2180 2259 2266
f 2268 2260 2182
f 2192 2193 2269
f 2267 2192 2269
f 2193 2194 2270
f 2269 2193 2270
f 2194 2195 2271
f 2270 2194 2271
f 2195 2196 2272
f 2271 2195 2272
f 2262 2273 2261
f 2274 2273 2262
f 2263 2274 2262
f 2275 2274 2263
f 2264 2275 2263
f 2276 2275 2264
f 2265 2276 2264
f 2277 2276 2265
f 2269 2278 2267
f 2279 2278 2269
f 2270 2279 2269
f 2280 2279 2270
f 2271 2280 2270
f 2281 2280 2271
f 2272 2281 2271
f 2282 2281 2272
f 2284 2285 2197
f 2287 2288 2289
f 2286 2287 2289
f 2288 2290 2291
f 2289 2288 2291
f 2290 2292 2293
f 2291 2290 2293
f 2292 2294 2295
f 2293 2292 2295
f 2294 2285 2295
f 2294 2198 2285
f 2198 2197 2285
f 2288 2287 2297
f 2297 2287 2296
f 2290 2288 2298
f 2298 2288 2297
f 2292 2290 2299
f 2299 2290 2298
f 2294 2292 2300
f 2300 2292 2299
f 2198 2300 2199
f 2294 2300 2198
f 2203 2296 2200
f 2297 2296 2203
f 2205 2297 2203
f 2298 2297 2205
f 2207 2298 2205
f 2299 2298 2207
f 2209 2299 2207
f 2300 2299 2209
f 2199 2300 2209
f 2217 2216 2301
f 2217 2302 2218
f 2301 2302 2217
f 2218 2303 2219
f 2302 2303 2218
f 2219 2303 2221
f 2228 2304 2305
f 2227 2304 2228
f 2301 2216 2228
f 2301 2228 2306
f 2306 2228 2305
f 2302 2301 2306
f 2307 2302 2306
f 2303 2302 2307
f 2308 2303 2307
f 2221 2303 2308
f 2221 2308 2229
f 2229 2308 2309
f 2309 2230 2229
f 2310 2230 2309
f 2232 2311 2312
f 2231 2311 2232
f 2233 2232 2313
f 2232 2312 2313
f 2234 2233 2314
f 2233 2313 2314
f 2235 2234 2315
f 2234 2314 2315
f 2316 2315 2317
f 2316 2236 2315
f 2236 2235 2315
f 2230 2310 2237
f 2310 2318 2237
f 2231 2238 2311
f 2311 2238 2319
f 2316 2317 2320
f 2237 2318 2239
f 2318 2321 2239
f 2238 2240 2319
f 2319 2240 2322
f 2239 2321 2241
f 2321 2323 2241
f 2240 2242 2322
f 2322 2242 2324
f 2241 2323 2243
f 2323 2325 2243
f 2242 2244 2324
f 2324 2244 2326
f 2243 2325 2245
f 2325 2327 2245
f 2244 2246 2326
f 2326 2246 2328
f 2245 2327 2247
f 2327 2329 2247
f 2246 2248 2328
f 2328 2248 2330
f 2247 2329 2249
f 2329 2331 2249
f 2248 2250 2330
f 2330 2250 2332
f 2249 2331 2251
f 2331 2333 2251
f 2250 2252 2332
f 2332 2252 2334
f 2251 2333 2253
f 2333 2335 2253
f 2252 2254 2334
f 2334 2254 2336
f 2253 2335 2255
f 2335 2337 2255
f 2254 2256 2336
f 2336 2256 2338
f 2255 2337 2257
f 2337 2339 2257
f 2256 2258 2338
f 2338 2258 2340
f 2257 2339 2259
f 2339 2341 2259
f 2258 2260 2340
f 2340 2260 2342
f 2259 2341 2266
f 2341 2343 2266
f 2260 2268 2342
f 2342 2268 2344
f 2274 2346 2273
f 2273 2346 2345
f 2275 2347 2274
f 2274 2347 2346
f 2276 2348 2275
f 2275 2348 2347
f 2277 2349 2276
f 2276 2349 2348
f 2279 2351 2278
f 2278 2351 2350
f 2280 2352 2279
f 2279 2352 2351
f 2353 2354 2352
f 2353 2352 2281
f 2281 2352 2280
f 2355 2353 2281
f 2355 2281 2356
f 2356 2281 2282
f 2353 2357 2354
f 2355 2357 2353
f 2359 2360 2283
f 2362 2363 2364
f 2361 2362 2364
f 2363 2365 2366
f 2364 2363 2366
f 2365 2367 2368
f 2366 2365 2368
f 2367 2369 2370
f 2368 2367 2370
f 2369 2360 2370
f 2369 2284 2360
f 2284 2283 2360
f 2363 2362 2372
f 2372 2362 2371
f 2365 2363 2373
f 2373 2363 2372
f 2367 2365 2374
f 2374 2365 2373
f 2369 2367 2375
f 2375 2367 2374
f 2284 2375 2285
f 2369 2375 2284
f 2289 2371 2286
f 2372 2371 2289
f 2291 2372 2289
f 2373 2372 2291
f 2293 2373 2291
f 2374 2373 2293
f 2295 2374 2293
f 2375 2374 2295
f 2285 2375 2295
f 2305 2304 2376
f 2305 2377 2306
f 2376 2377 2305
f 2306 2378 2307
f 2377 2378 2306
f 2307 2379 2308
f 2378 2379 2307
f 2308 2380 2309
f 2379 2380 2308
f 2309 2380 2310
f 2312 2311 2381
f 2312 2382 2313
f 2381 2382 2312
f 2313 2383 2314
f 2382 2383 2313
f 2314 2384 2315
f 2383 2384 2314
f 2315 2384 2317
f 2376 2385 2386
f 2376 2304 2385
f 2377 2376 2386
f 2387 2377 2386
f 2378 2377 2387
f 2388 2378 2387
f 2379 2378 2388
f 2389 2379 2388
f 2380 2379 2389
f 2390 2380 2389
f 2390 2310 2380
f 2390 2391 2310
f 2391 2318 2310
f 2381 2392 2393
f 2381 2311 2392
f 2311 2319 2392
f 2382 2381 2393
f 2394 2382 2393
f 2383 2382 2394
f 2395 2383 2394
f 2384 2383 2395
f 2396 2384 2395
f 2317 2384 2396
f 2317 2396 2320
f 2320 2396 2397
f 2318 2391 2321
f 2391 2398 2321
f 2319 2322 2392
f 2392 2322 2399
f 2321 2398 2323
f 2398 2400 2323
f 2322 2324 2399
f 2399 2324 2401
f 2323 2400 2325
f 2400 2402 2325
f 2324 2326 2401
f 2401 2326 2403
f 2325 2402 2327
f 2402 2404 2327
f 2326 2328 2403
f 2403 2328 2405
f 2327 2404 2329
f 2404 2406 2329
f 2328 2330 2405
f 2405 2330 2407
f 2329 2406 2331
f 2406 2408 2331
f 2330 2332 2407
f 2407 2332 2409
f 2331 2408 2333
f 2408 2410 2333
f 2332 2334 2409
f 2409 2334 2411
f 2333 2410 2335
f 2410 2412 2335
f 2334 2336 2411
f 2411 2336 2413
f 2335 2412 2337
f 2412 2414 2337
f 2336 2338 2413
f 2413 2338 2415
f 2337 2414 2339
f 2414 2416 2339
f 2338 2340 2415
f 2415 2340 2417
f 2339 2416 2341
f 2416 2418 2341
f 2340 2342 2417
f 2417 2342 2419
f 2341 2418 2343
f 2418 2420 2343
f 2342 2344 2419
f 2419 2344 2421
f 2345 2346 2423
f 2422 2345 2423
f 2346 2347 2424
f 2423 2346 2424
f 2347 2348 2425
f 2424 2347 2425
f 2348 2349 2426
f 2425 2348 2426
f 2343 2420 2427
f 2429 2421 2344
f 2350 2351 2430
f 2428 2350 2430
f 2351 2352 2431
f 2430 2351 2431
f 2352 2354 2431
f 2356 2432 2355
f 2423 2433 2422
f 2434 2433 2423
f 2424 2434 2423
f 2435 2434 2424
f 2425 2435 2424
f 2436 2435 2425
f 2426 2436 2425
f 2437 2436 2426
f 2430 2438 2428
f 2439 2438 2430
f 2431 2439 2430
f 2440 2439 2431
f 2354 2440 2431
f 2354 2357 2440
f 2357 2441 2440
f 2432 2357 2355
f 2432 2442 2357
f 2442 2441 2357
f 2445 2446 2447
f 2445 2444 2446
f 2445 2358 2444
f 2449 2450 2451
f 2448 2449 2451
f 2450 2452 2453
f 2451 2450 2453
f 2452 2454 2455
f 2453 2452 2455
f 2447 2455 2454
f 2447 2454 2445
f 2445 2454 2456
f 2358 2456 2359
f 2445 2456 2358
f 2450 2449 2458
f 2458 2449 2457
f 2452 2450 2459
f 2459 2450 2458
f 2454 2452 2460
f 2460 2452 2459
f 2456 2454 2461
f 2461 2454 2460
f 2359 2461 2360
f 2456 2461 2359
f 2364 2457 2361
f 2458 2457 2364
f 2366 2458 2364
f 2459 2458 2366
f 2368 2459 2366
f 2460 2459 2368
f 2370 2460 2368
f 2461 2460 2370
f 2360 2461 2370
f 2386 2385 2462
f 2386 2463 2387
f 2462 2463 2386
f 2387 2464 2388
f 2463 2464 2387
f 2388 2465 2389
f 2464 2465 2388
f 2389 2466 2390
f 2465 2466 2389
f 2390 2466 2391
f 2393 2392 2467
f 2393 2468 2394
f 2467 2468 2393
f 2394 2469 2395
f 2468 2469 2394
f 2395 2470 2396
f 2469 2470 2395
f 2396 2471 2397
f 2470 2471 2396
f 2462 2472 2473
f 2462 2385 2472
f 2463 2462 2473
f 2474 2463 2473
f 2464 2463 2474
f 2475 2464 2474
f 2465 2464 2475
f 2476 2465 2475
f 2466 2465 2476
f 2477 2466 2476
f 2477 2391 2466
f 2477 2478 2391
f 2478 2398 2391
f 2467 2479 2480
f 2467 2392 2479
f 2392 2399 2479
f 2468 2467 2480
f 2481 2468 2480
f 2469 2468 2481
f 2482 2469 2481
f 2470 2469 2482
f 2483 2470 2482
f 2471 2470 2483
f 2484 2471 2483
f 2398 2478 2400
f 2478 2485 2400
f 2399 2401 2479
f 2479 2401 2486
f 2400 2485 2402
f 2485 2487 2402
f 2401 2403 2486
f 2486 2403 2488
f 2402 2487 2404
f 2487 2489 2404
f 2403 2405 2488
f 2488 2405 2490
f 2404 2489 2406
f 2489 2491 2406
f 2405 2407 2490
f 2490 2407 2492
f 2406 2491 2408
f 2491 2493 2408
f 2407 2409 2492
f 2492 2409 2494
f 2408 2493 2410
f 2493 2495 2410
f 2409 2411 2494
f 2494 2411 2496
f 2410 2495 2412
f 2495 2497 2412
f 2411 2413 2496
f 2496 2413 2498
f 2412 2497 2414
f 2497 2499 2414
f 2413 2415 2498
f 2498 2415 2500
f 2414 2499 2416
f 2499 2501 2416
f 2415 2417 2500
f 2500 2417 2502
f 2416 2501 2418
f 2501 2503 2418
f 2417 2419 2502
f 2502 2419 2504
f 2418 2503 2420
f 2503 2505 2420
f 2419 2421 2504
f 2504 2421 2506
f 2420 2505 2427
f 2505 2507 2427
f 2421 2429 2506
f 2506 2429 2508
f 2433 2434 2510
f 2509 2433 2510
f 2434 2435 2511
f 2510 2434 2511
f 2435 2436 2512
f 2511 2435 2512
f 2436 2437 2513
f 2512 2436 2513
f 2427 2507 2514
f 2516 2508 2429
f 2438 2439 2517
f 2515 2438 2517
f 2439 2440 2518
f 2517 2439 2518
f 2440 2441 2519
f 2518 2440 2519
f 2441 2442 2520
f 2519 2441 2520
f 2510 2521 2509
f 2522 2521 2510
f 2511 2522 2510
f 2523 2522 2511
f 2512 2523 2511
f 2524 2523 2512
f 2513 2524 2512
f 2525 2524 2513
f 2517 2526 2515
f 2527 2526 2517
f 2518 2527 2517
f 2528 2527 2518
f 2519 2528 2518
f 2529 2528 2519
f 2520 2529 2519
f 2530 2529 2520
f 2533 2534 2535
f 2536 2537 2538
f 2536 2532 2537
f 2536 2443 2532
f 2540 2535 2534
f 2540 2534 2541
f 2541 2534 2539
f 2541 2542 2543
f 2540 2541 2543
f 2542 2544 2545
f 2543 2542 2545
f 2538 2545 2544
f 2538 2544 2536
f 2536 2544 2546
f 2443 2546 2444
f 2536 2546 2443
f 2541 2539 2548
f 2548 2539 2547
f 2542 2541 2549
f 2549 2541 2548
f 2544 2542 2550
f 2550 2542 2549
f 2446 2550 2447
f 2446 2546 2550
f 2546 2544 2550
f 2444 2546 2446
f 2451 2547 2448
f 2548 2547 2451
f 2453 2548 2451
f 2549 2548 2453
f 2455 2549 2453
f 2550 2549 2455
f 2447 2550 2455
f 2473 2472 2551
f 2473 2552 2474
f 2551 2552 2473
f 2474 2553 2475
f 2552 2553 2474
f 2475 2554 2476
f 2553 2554 2475
f 2476 2555 2477
f 2554 2555 2476
f 2477 2555 2478
f 2480 2479 2556
f 2480 2557 2481
f 2556 2557 2480
f 2481 2558 2482
f 2557 2558 2481
f 2482 2559 2483
f 2558 2559 2482
f 2483 2560 2484
f 2559 2560 2483
f 2551 2561 2562
f 2551 2472 2561
f 2552 2551 2562
f 2563 2552 2562
f 2553 2552 2563
f 2564 2553 2563
f 2554 2553 2564
f 2565 2554 2564
f 2555 2554 2565
f 2566 2555 2565
f 2566 2478 2555
f 2566 2567 2478
f 2567 2485 2478
f 2556 2568 2569
f 2556 2479 2568
f 2479 2486 2568
f 2557 2556 2569
f 2570 2557 2569
f 2558 2557 2570
f 2571 2558 2570
f 2559 2558 2571
f 2572 2559 2571
f 2560 2559 2572
f 2573 2560 2572
f 2485 2567 2487
f 2567 2575 2487
f 2486 2488 2568
f 2568 2488 2576
f 2487 2575 2489
f 2575 2577 2489
f 2488 2490 2576
f 2576 2490 2578
f 2489 2577 2491
f 2577 2579 2491
f 2490 2492 2578
f 2578 2492 2580
f 2491 2579 2493
f 2579 2581 2493
f 2492 2494 2580
f 2580 2494 2582
f 2493 2581 2495
f 2581 2583 2495
f 2494 2496 2582
f 2582 2496 2584
f 2495 2583 2497
f 2583 2585 2497
f 2496 2498 2584
f 2584 2498 2586
f 2497 2585 2499
f 2585 2587 2499
f 2498 2500 2586
f 2586 2500 2588
f 2499 2587 2501
f 2587 2589 2501
f 2500 2502 2588
f 2588 2502 2590
f 2501 2589 2503
f 2589 2591 2503
f 2502 2504 2590
f 2590 2504 2592
f 2503 2591 2505
f 2591 2593 2505
f 2504 2506 2592
f 2592 2506 2594
f 2505 2593 2507
f 2593 2595 2507
f 2506 2508 2594
f 2594 2508 2596
f 2507 2595 2514
f 2595 2597 2514
f 2508 2516 2596
f 2596 2516 2598
f 2521 2522 2600
f 2599 2521 2600
f 2522 2523 2601
f 2600 2522 2601
f 2523 2524 2602
f 2601 2523 2602
f 2524 2525 2603
f 2602 2524 2603
f 2514 2597 2604
f 2606 2598 2516
f 2526 2527 2607
f 2605 2526 2607
f 2527 2528 2608
f 2607 2527 2608
f 2528 2529 2609
f 2608 2528 2609
f 2529 2530 2610
f 2609 2529 2610
f 2600 2611 2599
f 2612 2611 2600
f 2601 2612 2600
f 2613 2612 2601
f 2602 2613 2601
f 2614 2613 2602
f 2603 2614 2602
f 2615 2614 2603
f 2607 2616 2605
f 2617 2616 2607
f 2608 2617 2607
f 2618 2617 2608
f 2609 2618 2608
f 2619 2618 2609
f 2610 2619 2609
f 2620 2619 2610
f 2625 2626 2627
f 2624 2625 2627
f 2626 2628 2629
f 2627 2626 2629
f 2628 2630 2631
f 2629 2628 2631
f 2630 2632 2633
f 2631 2630 2633
f 2632 2623 2633
f 2632 2531 2623
f 2626 2625 2635
f 2635 2625 2634
f 2628 2626 2636
f 2636 2626 2635
f 2630 2628 2637
f 2637 2628 2636
f 2632 2630 2638
f 2638 2630 2637
f 2531 2638 2532
f 2632 2638 2531
f 2535 2634 2533
f 2535 2639 2634
f 2639 2635 2634
f 2636 2635 2640
f 2640 2635 2639
f 2637 2636 2641
f 2641 2636 2640
f 2537 2641 2538
f 2537 2638 2641
f 2638 2637 2641
f 2532 2638 2537
f 2535 2540 2639
f 2543 2639 2540
f 2640 2639 2543
f 2545 2640 2543
f 2641 2640 2545
f 2538 2641 2545
f 2562 2642 2643
f 2561 2642 2562
f 2563 2562 2644
f 2562 2643 2644
f 2564 2563 2645
f 2563 2644 2645
f 2565 2564 2646
f 2564 2645 2646
f 2566 2565 2647
f 2565 2646 2647
f 2647 2567 2566
f 2648 2567 2647
f 2569 2649 2650
f 2568 2649 2569
f 2570 2569 2651
f 2569 2650 2651
f 2571 2570 2652
f 2570 2651 2652
f 2572 2571 2653
f 2571 2652 2653
f 2654 2653 2655
f 2654 2573 2653
f 2573 2572 2653
f 2642 2574 2656
f 2567 2648 2575
f 2648 2657 2575
f 2568 2576 2649
f 2649 2576 2658
f 2654 2655 2659
f 2575 2657 2577
f 2657 2660 2577
f 2576 2578 2658
f 2658 2578 2661
f 2577 2660 2579
f 2660 2662 2579
f 2578 2580 2661
f 2661 2580 2663
f 2579 2662 2581
f 2662 2664 2581
f 2580 2582 2663
f 2663 2582 2665
f 2581 2664 2583
f 2664 2666 2583
f 2582 2584 2665
f 2665 2584 2667
f 2583 2666 2585
f 2666 2668 2585
f 2584 2586 2667
f 2667 2586 2669
f 2585 2668 2587
f 2668 2670 2587
f 2586 2588 2669
f 2669 2588 2671
f 2587 2670 2589
f 2670 2672 2589
f 2588 2590 2671
f 2671 2590 2673
f 2589 2672 2591
f 2672 2674 2591
f 2590 2592 2673
f 2673 2592 2675
f 2591 2674 2593
f 2674 2676 2593
f 2592 2594 2675
f 2675 2594 2677
f 2593 2676 2595
f 2676 2678 2595
f 2594 2596 2677
f 2677 2596 2679
f 2595 2678 2597
f 2678 2680 2597
f 2596 2598 2679
f 2679 2598 2681
f 2597 2680 2604
f 2680 2682 2604
f 2598 2606 2681
f 2681 2606 2683
f 2685 2686 2684
f 2685 2684 2612
f 2612 2684 2611
f 2612 2613 2687
f 2685 2612 2687
f 2613 2614 2688
f 2687 2613 2688
f 2614 2615 2689
f 2688 2614 2689
f 2616 2617 2693
f 2691 2616 2693
f 2617 2618 2694
f 2693 2617 2694
f 2618 2619 2695
f 2694 2618 2695
f 2696 2695 2619
f 2696 2619 2697
f 2697 2619 2620
f 2685 2698 2686
f 2687 2698 2685
f 2699 2698 2687
f 2688 2699 2687
f 2700 2699 2688
f 2689 2700 2688
f 2701 2700 2689
f 2693 2702 2691
f 2703 2702 2693
f 2694 2703 2693
f 2704 2703 2694
f 2695 2704 2694
f 2705 2704 2695
f 2696 2705 2695
f 2707 2708 2621
f 2710 2711 2712
f 2709 2710 2712
f 2711 2713 2714
f 2712 2711 2714
f 2713 2715 2716
f 2714 2713 2716
f 2715 2717 2718
f 2716 2715 2718
f 2717 2708 2718
f 2717 2622 2708
f 2622 2621 2708
f 2711 2710 2720
f 2720 2710 2719
f 2713 2711 2721
f 2721 2711 2720
f 2715 2713 2722
f 2722 2713 2721
f 2717 2715 2723
f 2723 2715 2722
f 2622 2723 2623
f 2717 2723 2622
f 2627 2719 2624
f 2720 2719 2627
f 2629 2720 2627
f 2721 2720 2629
f 2631 2721 2629
f 2722 2721 2631
f 2633 2722 2631
f 2723 2722 2633
f 2623 2723 2633
f 2643 2642 2724
f 2643 2725 2644
f 2724 2725 2643
f 2644 2726 2645
f 2725 2726 2644
f 2645 2727 2646
f 2726 2727 2645
f 2646 2728 2647
f 2727 2728 2646
f 2647 2728 2648
f 2650 2649 2729
f 2650 2730 2651
f 2729 2730 2650
f 2651 2731 2652
f 2730 2731 2651
f 2652 2732 2653
f 2731 2732 2652
f 2653 2732 2655
f 2724 2733 2734
f 2724 2642 2733
f 2642 2656 2733
f 2725 2724 2734
f 2735 2725 2734
f 2726 2725 2735
f 2736 2726 2735
f 2727 2726 2736
f 2737 2727 2736
f 2728 2727 2737
f 2738 2728 2737
f 2738 2648 2728
f 2738 2739 2648
f 2739 2657 2648
f 2729 2740 2741
f 2729 2649 2740
f 2649 2658 2740
f 2730 2729 2741
f 2742 2730 2741
f 2731 2730 2742
f 2743 2731 2742
f 2732 2731 2743
f 2744 2732 2743
f 2655 2732 2744
f 2655 2744 2659
f 2659 2744 2745
f 2657 2739 2660
f 2739 2746 2660
f 2658 2661 2740
f 2740 2661 2747
f 2660 2746 2662
f 2746 2748 2662
f 2661 2663 2747
f 2747 2663 2749
f 2662 2748 2664
f 2748 2750 2664
f 2663 2665 2749
f 2749 2665 2751
f 2664 2750 2666
f 2750 2752 2666
f 2665 2667 2751
f 2751 2667 2753
f 2666 2752 2668
f 2752 2754 2668
f 2667 2669 2753
f 2753 2669 2755
f 2668 2754 2670
f 2754 2756 2670
f 2669 2671 2755
f 2755 2671 2757
f 2670 2756 2672
f 2756 2758 2672
f 2671 2673 2757
f 2757 2673 2759
f 2672 2758 2674
f 2758 2760 2674
f 2673 2675 2759
f 2759 2675 2761
f 2674 2760 2676
f 2760 2762 2676
f 2675 2677 2761
f 2761 2677 2763
f 2676 2762 2678
f 2762 2764 2678
f 2677 2679 2763
f 2763 2679 2765
f 2678 2764 2680
f 2764 2766 2680
f 2679 2681 2765
f 2765 2681 2767
f 2680 2766 2682
f 2766 2768 2682
f 2681 2683 2767
f 2767 2683 2769
f 2684 2686 2770
f 2768 2771 2690
f 2769 2692 2772
f 2697 2773 2696
f 2686 2774 2770
f 2686 2698 2774
f 2698 2775 2774
f 2699 2776 2698
f 2698 2776 2775
f 2700 2777 2699
f 2699 2777 2776
f 2701 2778 2700
f 2700 2778 2777
f 2703 2780 2702
f 2702 2780 2779
f 2704 2781 2703
f 2703 2781 2780
f 2705 2782 2704
f 2704 2782 2781
f 2773 2705 2696
f 2773 2783 2705
f 2783 2782 2705
f 2787 2788 2789
f 2790 2791 2792
f 2790 2786 2791
f 2790 2706 2786
f 2794 2789 2788
f 2794 2788 2795
f 2795 2788 2793
f 2795 2796 2797
f 2794 2795 2797
f 2796 2798 2799
f 2797 2796 2799
f 2792 2799 2798
f 2792 2798 2790
f 2790 2798 2800
f 2706 2800 2707
f 2790 2800 2706
f 2795 2793 2802
f 2802 2793 2801
f 2796 2795 2803
f 2803 2795 2802
f 2798 2796 2804
f 2804 2796 2803
f 2800 2798 2805
f 2805 2798 2804
f 2707 2805 2708
f 2800 2805 2707
f 2712 2801 2709
f 2802 2801 2712
f 2714 2802 2712
f 2803 2802 2714
f 2716 2803 2714
f 2804 2803 2716
f 2718 2804 2716
f 2805 2804 2718
f 2708 2805 2718
f 2734 2733 2806
f 2734 2807 2735
f 2806 2807 2734
f 2735 2808 2736
f 2807 2808 2735
f 2736 2809 2737
f 2808 2809 2736
f 2737 2810 2738
f 2809 2810 2737
f 2738 2810 2739
f 2741 2740 2811
f 2741 2812 2742
f 2811 2812 2741
f 2742 2813 2743
f 2812 2813 2742
f 2743 2814 2744
f 2813 2814 2743
f 2744 2815 2745
f 2814 2815 2744
f 2806 2816 2817
f 2806 2733 2816
f 2807 2806 2817
f 2818 2807 2817
f 2808 2807 2818
f 2819 2808 2818
f 2809 2808 2819
f 2820 2809 2819
f 2810 2809 2820
f 2821 2810 2820
f 2821 2739 2810
f 2821 2822 2739
f 2822 2746 2739
f 2811 2823 2824
f 2811 2740 2823
f 2740 2747 2823
f 2812 2811 2824
f 2825 2812 2824
f 2813 2812 2825
f 2826 2813 2825
f 2814 2813 2826
f 2827 2814 2826
f 2815 2814 2827
f 2828 2815 2827
f 2746 2822 2748
f 2822 2829 2748
f 2747 2749 2823
f 2823 2749 2830
f 2748 2829 2750
f 2829 2831 2750
f 2749 2751 2830
f 2830 2751 2832
f 2750 2831 2752
f 2831 2833 2752
f 2751 2753 2832
f 2832 2753 2834
f 2752 2833 2754
f 2833 2835 2754
f 2753 2755 2834
f 2834 2755 2836
f 2754 2835 2756
f 2835 2837 2756
f 2755 2757 2836
f 2836 2757 2838
f 2756 2837 2758
f 2837 2839 2758
f 2757 2759 2838
f 2838 2759 2840
f 2758 2839 2760
f 2839 2841 2760
f 2759 2761 2840
f 2840 2761 2842
f 2760 2841 2762
f 2841 2843 2762
f 2761 2763 2842
f 2842 2763 2844
f 2762 2843 2764
f 2843 2845 2764
f 2763 2765 2844
f 2844 2765 2846
f 2764 2845 2766
f 2845 2847 2766
f 2765 2767 2846
f 2846 2767 2848
f 2766 2847 2768
f 2847 2849 2768
f 2767 2769 2848
f 2848 2769 2850
f 2768 2849 2771
f 2849 2851 2771
f 2769 2772 2850
f 2850 2772 2852
f 2774 2775 2854
f 2853 2774 2854
f 2775 2776 2855
f 2854 2775 2855
f 2776 2777 2856
f 2855 2776 2856
f 2777 2778 2857
f 2856 2777 2857
f 2771 2851 2858
f 2860 2852 2772
f 2779 2780 2861
f 2859 2779 2861
f 2780 2781 2862
f 2861 2780 2862
f 2781 2782 2863
f 2862 2781 2863
f 2782 2783 2864
f 2863 2782 2864
f 2854 2865 2853
f 2866 2865 2854
f 2855 2866 2854
f 2867 2866 2855
f 2856 2867 2855
f 2868 2867 2856
f 2857 2868 2856
f 2869 2868 2857
f 2861 2870 2859
f 2871 2870 2861
f 2862 2871 2861
f 2872 2871 2862
f 2863 2872 2862
f 2873 2872 2863
f 2864 2873 2863
f 2874 2873 2864
f 2785 2784 2876
f 2878 2879 2880
f 2877 2878 2880
f 2879 2881 2882
f 2880 2879 2882
f 2881 2883 2884
f 2882 2881 2884
f 2883 2885 2886
f 2884 2883 2886
f 2885 2876 2886
f 2885 2786 2876
f 2786 2785 2876
f 2789 2878 2787
f 2789 2887 2878
f 2887 2879 2878
f 2881 2879 2888
f 2888 2879 2887
f 2883 2881 2889
f 2889 2881 2888
f 2791 2889 2792
f 2791 2885 2889
f 2885 2883 2889
f 2786 2885 2791
f 2789 2794 2887
f 2797 2887 2794
f 2888 2887 2797
f 2799 2888 2797
f 2889 2888 2799
f 2792 2889 2799
f 2817 2816 2890
f 2817 2891 2818
f 2890 2891 2817
f 2818 2892 2819
f 2891 2892 2818
f 2819 2893 2820
f 2892 2893 2819
f 2820 2894 2821
f 2893 2894 2820
f 2821 2894 2822
f 2824 2823 2895
f 2824 2896 2825
f 2895 2896 2824
f 2825 2897 2826
f 2896 2897 2825
f 2826 2898 2827
f 2897 2898 2826
f 2827 2899 2828
f 2898 2899 2827
f 2890 2900 2901
f 2890 2816 2900
f 2891 2890 2901
f 2902 2891 2901
f 2892 2891 2902
f 2903 2892 2902
f 2893 2892 2903
f 2904 2893 2903
f 2894 2893 2904
f 2905 2894 2904
f 2905 2822 2894
f 2905 2906 2822
f 2906 2829 2822
f 2895 2907 2908
f 2895 2823 2907
f 2823 2830 2907
f 2896 2895 2908
f 2909 2896 2908
f 2897 2896 2909
f 2910 2897 2909
f 2898 2897 2910
f 2911 2898 2910
f 2899 2898 2911
f 2912 2899 2911
f 2829 2906 2831
f 2906 2913 2831
f 2830 2832 2907
f 2907 2832 2914
f 2831 2913 2833
f 2913 2915 2833
f 2832 2834 2914
f 2914 2834 2916
f 2833 2915 2835
f 2915 2917 2835
f 2834 2836 2916
f 2916 2836 2918
f 2835 2917 2837
f 2917 2919 2837
f 2836 2838 2918
f 2918 2838 2920
f 2837 2919 2839
f 2919 2921 2839
f 2838 2840 2920
f 2920 2840 2922
f 2839 2921 2841
f 2921 2923 2841
f 2840 2842 2922
f 2922 2842 2924
f 2841 2923 2843
f 2923 2925 2843
f 2842 2844 2924
f 2924 2844 2926
f 2843 2925 2845
f 2925 2927 2845
f 2844 2846 2926
f 2926 2846 2928
f 2845 2927 2847
f 2927 2929 2847
f 2846 2848 2928
f 2928 2848 2930
f 2847 2929 2849
f 2929 2931 2849
f 2848 2850 2930
f 2930 2850 2932
f 2849 2931 2851
f 2931 2933 2851
f 2850 2852 2932
f 2932 2852 2934
f 2851 2933 2858
f 2933 2935 2858
f 2852 2860 2934
f 2934 2860 2936
f 2865 2866 2938
f 2937 2865 2938
f 2866 2867 2939
f 2938 2866 2939
f 2867 2868 2940
f 2939 2867 2940
f 2868 2869 2941
f 2940 2868 2941
f 2858 2935 2942
f 2944 2936 2860
f 2870 2871 2945
f 2943 2870 2945
f 2871 2872 2946
f 2945 2871 2946
f 2872 2873 2947
f 2946 2872 2947
f 2873 2874 2948
f 2947 2873 2948
f 2938 2949 2937
f 2950 2949 2938
f 2939 2950 2938
f 2951 2950 2939
f 2940 2951 2939
f 2952 2951 2940
f 2941 2952 2940
f 2953 2952 2941
f 2945 2954 2943
f 2955 2954 2945
f 2946 2955 2945
f 2956 2955 2946
f 2947 2956 2946
f 2957 2956 2947
f 2948 2957 2947
f 2958 2957 2948
f 2959 2960 2961
f 2963 2961 2960
f 2963 2960 2964
f 2964 2960 2962
f 2964 2965 2966
f 2963 2964 2966
f 2965 2967 2968
f 2966 2965 2968
f 2967 2969 2970
f 2968 2967 2970
f 2969 2876 2875
f 2969 2875 2970
f 2880 2962 2877
f 2964 2962 2880
f 2882 2964 2880
f 2965 2964 2882
f 2884 2965 2882
f 2967 2965 2884
f 2886 2967 2884
f 2969 2967 2886
f 2876 2969 2886
f 2901 2900 2971
f 2972 2901 2971
f 2972 2973 2901
f 2973 2902 2901
f 2903 2902 2974
f 2902 2973 2974
f 2904 2903 2975
f 2903 2974 2975
f 2976 2975 2977
f 2976 2905 2975
f 2905 2904 2975
f 2905 2976 2906
f 2908 2907 2978
f 2908 2979 2909
f 2978 2979 2908
f 2909 2980 2910
f 2979 2980 2909
f 2910 2981 2911
f 2980 2981 2910
f 2911 2982 2912
f 2981 2982 2911
f 2971 2983 2984
f 2971 2900 2983
f 2972 2971 2984
f 2976 2977 2985
f 2985 2906 2976
f 2985 2986 2906
f 2986 2913 2906
f 2978 2987 2988
f 2978 2907 2987
f 2907 2914 2987
f 2979 2978 2988
f 2989 2979 2988
f 2980 2979 2989
f 2990 2980 2989
f 2981 2980 2990
f 2991 2981 2990
f 2982 2981 2991
f 2992 2982 2991
f 2913 2986 2915
f 2986 2993 2915
f 2914 2916 2987
f 2987 2916 2994
f 2915 2993 2917
f 2993 2995 2917
f 2916 2918 2994
f 2994 2918 2996
f 2917 2995 2919
f 2995 2997 2919
f 2918 2920 2996
f 2996 2920 2998
f 2919 2997 2921
f 2997 2999 2921
f 2920 2922 2998
f 2998 2922 3000
f 2921 2999 2923
f 2999 3001 2923
f 2922 2924 3000
f 3000 2924 3002
f 2923 3001 2925
f 3001 3003 2925
f 2924 2926 3002
f 3002 2926 3004
f 2925 3003 2927
f 3003 3005 2927
f 2926 2928 3004
f 3004 2928 3006
f 2927 3005 2929
f 3005 3007 2929
f 2928 2930 3006
f 3006 2930 3008
f 2929 3007 2931
f 3007 3009 2931
f 2930 2932 3008
f 3008 2932 3010
f 2931 3009 2933
f 3009 3011 2933
f 2932 2934 3010
f 3010 2934 3012
f 2933 3011 2935
f 3011 3013 2935
f 2934 2936 3012
f 3012 2936 3014
f 2935 3013 2942
f 3013 3015 2942
f 2936 2944 3014
f 3014 2944 3016
f 2949 2950 3018
f 3017 2949 3018
f 2950 2951 3019
f 3018 2950 3019
f 2951 2952 3020
f 3019 2951 3020
f 2952 2953 3021
f 3020 2952 3021
f 2942 3015 3022
f 3024 3016 2944
f 2954 2955 3025
f 3023 2954 3025
f 2955 2956 3026
f 3025 2955 3026
f 2956 2957 3027
f 3026 2956 3027
f 2957 2958 3028
f 3027 2957 3028
f 3018 3029 3017
f 3030 3029 3018
f 3019 3030 3018
f 3031 3030 3019
f 3020 3031 3019
f 3032 3031 3020
f 3021 3032 3020
f 3033 3032 3021
f 3025 3034 3023
f 3035 3034 3025
f 3026 3035 3025
f 3036 3035 3026
f 3027 3036 3026
f 3037 3036 3027
f 3028 3037 3027
f 3038 3037 3028
f 3039 2959 2961
f 2973 2972 3040
f 2973 3041 2974
f 3040 3041 2973
f 2974 3042 2975
f 3041 3042 2974
f 2975 3042 2977
f 2984 3043 3044
f 2983 3043 2984
f 3040 2972 2984
f 3040 2984 3045
f 3045 2984 3044
f 3041 3040 3045
f 3046 3041 3045
f 3042 3041 3046
f 3047 3042 3046
f 2977 3042 3047
f 2977 3047 2985
f 2985 3047 3048
f 3048 2986 2985
f 3049 2986 3048
f 2988 3050 3051
f 2987 3050 2988
f 2989 2988 3052
f 2988 3051 3052
f 2990 2989 3053
f 2989 3052 3053
f 2991 2990 3054
f 2990 3053 3054
f 3055 3054 3056
f 3055 2992 3054
f 2992 2991 3054
f 2986 3049 2993
f 3049 3057 2993
f 2987 2994 3050
f 3050 2994 3058
f 3055 3056 3059
f 2993 3057 2995
f 3057 3060 2995
f 2994 2996 3058
f 3058 2996 3061
f 2995 3060 2997
f 3060 3062 2997
f 2996 2998 3061
f 3061 2998 3063
f 2997 3062 2999
f 3062 3064 2999
f 2998 3000 3063
f 3063 3000 3065
f 2999 3064 3001
f 3064 3066 3001
f 3000 3002 3065
f 3065 3002 3067
f 3001 3066 3003
f 3066 3068 3003
f 3002 3004 3067
f 3067 3004 3069
f 3003 3068 3005
f 3068 3070 3005
f 3004 3006 3069
f 3069 3006 3071
f 3005 3070 3007
f 3070 3072 3007
f 3006 3008 3071
f 3071 3008 3073
f 3007 3072 3009
f 3072 3074 3009
f 3008 3010 3073
f 3073 3010 3075
f 3009 3074 3011
f 3074 3076 3011
f 3010 3012 3075
f 3075 3012 3077
f 3011 3076 3013
f 3076 3078 3013
f 3012 3014 3077
f 3077 3014 3079
f 3013 3078 3015
f 3078 3080 3015
f 3014 3016 3079
f 3079 3016 3081
f 3015 3080 3022
f 3080 3082 3022
f 3016 3024 3081
f 3081 3024 3083
f 3085 3086 3084
f 3085 3084 3030
f 3030 3084 3029
f 3030 3031 3087
f 3085 3030 3087
f 3088 3087 3031
f 3088 3031 3089
f 3089 3031 3032
f 3033 3090 3032
f 3032 3090 3089
f 3092 3093 3091
f 3092 3091 3035
f 3035 3091 3034
f 3035 3036 3094
f 3092 3035 3094
f 3036 3037 3095
f 3094 3036 3095
f 3096 3095 3037
f 3096 3037 3097
f 3097 3037 3038
f 3085 3098 3086
f 3087 3098 3085
f 3099 3098 3087
f 3088 3099 3087
f 3092 3100 3093
f 3094 3100 3092
f 3101 3100 3094
f 3095 3101 3094
f 3102 3101 3095
f 3096 3102 3095
f 3044 3043 3103
f 3044 3104 3045
f 3103 3104 3044
f 3045 3105 3046
f 3104 3105 3045
f 3046 3106 3047
f 3105 3106 3046
f 3047 3107 3048
f 3106 3107 3047
f 3048 3107 3049
f 3051 3050 3108
f 3051 3109 3052
f 3108 3109 3051
f 3052 3110 3053
f 3109 3110 3052
f 3053 3111 3054
f 3110 3111 3053
f 3054 3111 3056
f 3103 3112 3113
f 3103 3043 3112
f 3104 3103 3113
f 3114 3104 3113
f 3105 3104 3114
f 3115 3105 3114
f 3106 3105 3115
f 3116 3106 3115
f 3107 3106 3116
f 3117 3107 3116
f 3117 3049 3107
f 3117 3118 3049
f 3118 3057 3049
f 3108 3119 3120
f 3108 3050 3119
f 3050 3058 3119
f 3109 3108 3120
f 3121 3109 3120
f 3110 3109 3121
f 3122 3110 3121
f 3111 3110 3122
f 3123 3111 3122
f 3056 3111 3123
f 3056 3123 3059
f 3059 3123 3124
f 3057 3118 3060
f 3118 3125 3060
f 3058 3061 3119
f 3119 3061 3126
f 3060 3125 3062
f 3125 3127 3062
f 3061 3063 3126
f 3126 3063 3128
f 3062 3127 3064
f 3127 3129 3064
f 3063 3065 3128
f 3128 3065 3130
f 3064 3129 3066
f 3129 3131 3066
f 3065 3067 3130
f 3130 3067 3132
f 3066 3131 3068
f 3131 3133 3068
f 3067 3069 3132
f 3132 3069 3134
f 3068 3133 3070
f 3133 3135 3070
f 3069 3071 3134
f 3134 3071 3136
f 3070 3135 3072
f 3135 3137 3072
f 3071 3073 3136
f 3136 3073 3138
f 3072 3137 3074
f 3137 3139 3074
f 3073 3075 3138
f 3138 3075 3140
f 3074 3139 3076
f 3139 3141 3076
f 3075 3077 3140
f 3140 3077 3142
f 3076 3141 3078
f 3141 3143 3078
f 3077 3079 3142
f 3142 3079 3144
f 3078 3143 3080
f 3143 3145 3080
f 3079 3081 3144
f 3144 3081 3146
f 3080 3145 3082
f 3145 3147 3082
f 3081 3083 3146
f 3146 3083 3148
f 3084 3086 3149
f 3089 3150 3088
f 3089 3090 3151
f 3150 3089 3151
f 3082 3147 3152
f 3154 3148 3083
f 3091 3093 3153
f 3097 3155 3096
f 3086 3156 3149
f 3086 3098 3156
f 3098 3157 3156
f 3099 3158 3098
f 3098 3158 3157
f 3150 3099 3088
f 3150 3159 3099
f 3159 3158 3099
f 3151 3159 3150
f 3160 3159 3151
f 3093 3161 3153
f 3093 3100 3161
f 3100 3162 3161
f 3101 3163 3100
f 3100 3163 3162
f 3102 3164 3101
f 3101 3164 3163
f 3155 3102 3096
f 3155 3165 3102
f 3165 3164 3102
f 3113 3112 3166
f 3113 3167 3114
f 3166 3167 3113
f 3114 3168 3115
f 3167 3168 3114
f 3115 3169 3116
f 3168 3169 3115
f 3116 3170 3117
f 3169 3170 3116
f 3117 3170 3118
f 3120 3119 3171
f 3120 3172 3121
f 3171 3172 3120
f 3121 3173 3122
f 3172 3173 3121
f 3122 3174 3123
f 3173 3174 3122
f 3123 3175 3124
f 3174 3175 3123
f 3166 3176 3177
f 3166 3112 3176
f 3167 3166 3177
f 3178 3167 3177
f 3168 3167 3178
f 3179 3168 3178
f 3169 3168 3179
f 3180 3169 3179
f 3170 3169 3180
f 3181 3170 3180
f 3181 3118 3170
f 3181 3182 3118
f 3182 3125 3118
f 3171 3183 3184
f 3171 3119 3183
f 3119 3126 3183
f 3172 3171 3184
f 3185 3172 3184
f 3173 3172 3185
f 3186 3173 3185
f 3174 3173 3186
f 3187 3174 3186
f 3175 3174 3187
f 3188 3175 3187
f 3125 3182 3127
f 3182 3189 3127
f 3126 3128 3183
f 3183 3128 3190
f 3127 3189 3129
f 3189 3191 3129
f 3128 3130 3190
f 3190 3130 3192
f 3129 3191 3131
f 3191 3193 3131
f 3130 3132 3192
f 3192 3132 3194
f 3131 3193 3133
f 3193 3195 3133
f 3132 3134 3194
f 3194 3134 3196
f 3133 3195 3135
f 3195 3197 3135
f 3134 3136 3196
f 3196 3136 3198
f 3135 3197 3137
f 3197 3199 3137
f 3136 3138 3198
f 3198 3138 3200
f 3137 3199 3139
f 3199 3201 3139
f 3138 3140 3200
f 3200 3140 3202
f 3139 3201 3141
f 3201 3203 3141
f 3140 3142 3202
f 3202 3142 3204
f 3141 3203 3143
f 3203 3205 3143
f 3142 3144 3204
f 3204 3144 3206
f 3143 3205 3145
f 3205 3207 3145
f 3144 3146 3206
f 3206 3146 3208
f 3145 3207 3147
f 3207 3209 3147
f 3146 3148 3208
f 3208 3148 3210
f 3147 3209 3152
f 3209 3211 3152
f 3148 3154 3210
f 3210 3154 3212
f 3156 3157 3214
f 3213 3156 3214
f 3157 3158 3215
f 3214 3157 3215
f 3158 3159 3216
f 3215 3158 3216
f 3159 3160 3217
f 3216 3159 3217
f 3152 3211 3218
f 3220 3212 3154
f 3161 3162 3221
f 3219 3161 3221
f 3162 3163 3222
f 3221 3162 3222
f 3163 3164 3223
f 3222 3163 3223
f 3164 3165 3224
f 3223 3164 3224
f 3214 3225 3213
f 3226 3225 3214
f 3215 3226 3214
f 3227 3226 3215
f 3216 3227 3215
f 3228 3227 3216
f 3217 3228 3216
f 3229 3228 3217
f 3221 3230 3219
f 3231 3230 3221
f 3222 3231 3221
f 3232 3231 3222
f 3223 3232 3222
f 3233 3232 3223
f 3224 3233 3223
f 3234 3233 3224
f 3177 3176 3235
f 3177 3236 3178
f 3235 3236 3177
f 3178 3237 3179
f 3236 3237 3178
f 3179 3238 3180
f 3237 3238 3179
f 3180 3239 3181
f 3238 3239 3180
f 3181 3239 3182
f 3184 3183 3240
f 3184 3241 3185
f 3240 3241 3184
f 3185 3242 3186
f 3241 3242 3185
f 3186 3243 3187
f 3242 3243 3186
f 3187 3244 3188
f 3243 3244 3187
f 3235 3245 3246
f 3235 3176 3245
f 3236 3235 3246
f 3247 3236 3246
f 3237 3236 3247
f 3248 3237 3247
f 3238 3237 3248
f 3249 3238 3248
f 3239 3238 3249
f 3250 3239 3249
f 3250 3182 3239
f 3250 3251 3182
f 3251 3189 3182
f 3240 3252 3253
f 3240 3183 3252
f 3183 3190 3252
f 3241 3240 3253
f 3254 3241 3253
f 3242 3241 3254
f 3255 3242 3254
f 3243 3242 3255
f 3256 3243 3255
f 3244 3243 3256
f 3257 3244 3256
f 3189 3251 3191
f 3251 3258 3191
f 3190 3192 3252
f 3252 3192 3259
f 3191 3258 3193
f 3258 3260 3193
f 3192 3194 3259
f 3259 3194 3261
f 3193 3260 3195
f 3260 3262 3195
f 3194 3196 3261
f 3261 3196 3263
f 3195 3262 3197
f 3262 3264 3197
f 3196 3198 3263
f 3263 3198 3265
f 3197 3264 3199
f 3264 3266 3199
f 3198 3200 3265
f 3265 3200 3267
f 3199 3266 3201
f 3266 3268 3201
f 3200 3202 3267
f 3267 3202 3269
f 3201 3268 3203
f 3268 3270 3203
f 3202 3204 3269
f 3269 3204 3271
f 3203 3270 3205
f 3270 3272 3205
f 3204 3206 3271
f 3271 3206 3273
f 3205 3272 3207
f 3272 3274 3207
f 3206 3208 3273
f 3273 3208 3275
f 3207 3274 3209
f 3274 3276 3209
f 3208 3210 3275
f 3275 3210 3277
f 3209 3276 3211
f 3276 3278 3211
f 3210 3212 3277
f 3277 3212 3279
f 3211 3278 3218
f 3278 3280 3218
f 3212 3220 3279
f 3279 3220 3281
f 3225 3226 3283
f 3282 3225 3283
f 3226 3227 3284
f 3283 3226 3284
f 3227 3228 3285
f 3284 3227 3285
f 3228 3229 3286
f 3285 3228 3286
f 3218 3280 3287
f 3289 3281 3220
f 3230 3231 3290
f 3288 3230 3290
f 3231 3232 3291
f 3290 3231 3291
f 3232 3233 3292
f 3291 3232 3292
f 3233 3234 3293
f 3292 3233 3293
f 3283 3294 3282
f 3295 3294 3283
f 3284 3295 3283
f 3296 3295 3284
f 3285 3296 3284
f 3297 3296 3285
f 3286 3297 3285
f 3298 3297 3286
f 3290 3299 3288
f 3300 3299 3290
f 3291 3300 3290
f 3301 3300 3291
f 3292 3301 3291
f 3302 3301 3292
f 3293 3302 3292
f 3303 3302 3293
f 3246 3245 3304
f 3305 3246 3304
f 3305 3306 3246
f 3306 3247 3246
f 3248 3247 3307
f 3247 3306 3307
f 3249 3248 3308
f 3248 3307 3308
f 3309 3308 3310
f 3309 3250 3308
f 3250 3249 3308
f 3250 3309 3251
f 3253 3252 3311
f 3312 3253 3311
f 3312 3313 3253
f 3313 3254 3253
f 3255 3254 3314
f 3254 3313 3314
f 3256 3255 3315
f 3255 3314 3315
f 3316 3315 3317
f 3316 3257 3315
f 3257 3256 3315
f 3304 3318 3319
f 3304 3245 3318
f 3305 3304 3319
f 3309 3310 3320
f 3320 3251 3309
f 3320 3321 3251
f 3321 3258 3251
f 3311 3322 3323
f 3311 3252 3322
f 3252 3259 3322
f 3312 3311 3323
f 3316 3317 3324
f 3258 3321 3260
f 3321 3325 3260
f 3259 3261 3322
f 3322 3261 3326
f 3260 3325 3262
f 3325 3327 3262
f 3261 3263 3326
f 3326 3263 3328
f 3262 3327 3264
f 3327 3329 3264
f 3263 3265 3328
f 3328 3265 3330
f 3264 3329 3266
f 3329 3331 3266
f 3265 3267 3330
f 3330 3267 3332
f 3266 3331 3268
f 3331 3333 3268
f 3267 3269 3332
f 3332 3269 3334
f 3268 3333 3270
f 3333 3335 3270
f 3269 3271 3334
f 3334 3271 3336
f 3270 3335 3272
f 3335 3337 3272
f 3271 3273 3336
f 3336 3273 3338
f 3272 3337 3274
f 3337 3339 3274
f 3273 3275 3338
f 3338 3275 3340
f 3274 3339 3276
f 3339 3341 3276
f 3275 3277 3340
f 3340 3277 3342
f 3276 3341 3278
f 3341 3343 3278
f 3277 3279 3342
f 3342 3279 3344
f 3278 3343 3280
f 3343 3345 3280
f 3279 3281 3344
f 3344 3281 3346
f 3280 3345 3287
f 3345 3347 3287
f 3281 3289 3346
f 3346 3289 3348
f 3294 3295 3350
f 3349 3294 3350
f 3295 3296 3351
f 3350 3295 3351
f 3296 3297 3352
f 3351 3296 3352
f 3297 3298 3353
f 3352 3297 3353
f 3356 3348 3289
f 3299 3300 3357
f 3355 3299 3357
f 3300 3301 3358
f 3357 3300 3358
f 3301 3302 3359
f 3358 3301 3359
f 3302 3303 3360
f 3359 3302 3360
f 3350 3361 3349
f 3362 3361 3350
f 3351 3362 3350
f 3363 3362 3351
f 3352 3363 3351
f 3364 3363 3352
f 3353 3364 3352
f 3365 3364 3353
f 3357 3366 3355
f 3367 3366 3357
f 3358 3367 3357
f 3368 3367 3358
f 3359 3368 3358
f 3369 3368 3359
f 3360 3369 3359
f 3370 3369 3360
f 3306 3305 3371
f 3306 3372 3307
f 3371 3372 3306
f 3307 3373 3308
f 3372 3373 3307
f 3308 3373 3310
f 3313 3312 3374
f 3313 3375 3314
f 3374 3375 3313
f 3314 3376 3315
f 3375 3376 3314
f 3315 3376 3317
f 3319 3377 3378
f 3318 3377 3319
f 3371 3305 3319
f 3371 3319 3379
f 3379 3319 3378
f 3372 3371 3379
f 3380 3372 3379
f 3373 3372 3380
f 3381 3373 3380
f 3310 3373 3381
f 3310 3381 3320
f 3320 3381 3382
f 3382 3321 3320
f 3383 3321 3382
f 3323 3384 3385
f 3322 3384 3323
f 3374 3312 3323
f 3374 3323 3386
f 3386 3323 3385
f 3375 3374 3386
f 3387 3375 3386
f 3376 3375 3387
f 3388 3376 3387
f 3389 3388 3390
f 3324 3388 3389
f 3324 3376 3388
f 3324 3317 3376
f 3321 3383 3325
f 3383 3391 3325
f 3322 3326 3384
f 3384 3326 3392
f 3389 3390 3393
f 3325 3391 3327
f 3391 3394 3327
f 3326 3328 3392
f 3392 3328 3395
f 3327 3394 3329
f 3394 3396 3329
f 3328 3330 3395
f 3395 3330 3397
f 3329 3396 3331
f 3396 3398 3331
f 3330 3332 3397
f 3397 3332 3399
f 3331 3398 3333
f 3398 3400 3333
f 3332 3334 3399
f 3399 3334 3401
f 3333 3400 3335
f 3400 3402 3335
f 3334 3336 3401
f 3401 3336 3403
f 3335 3402 3337
f 3402 3404 3337
f 3336 3338 3403
f 3403 3338 3405
f 3337 3404 3339
f 3404 3406 3339
f 3338 3340 3405
f 3405 3340 3407
f 3339 3406 3341
f 3406 3408 3341
f 3340 3342 3407
f 3407 3342 3409
f 3341 3408 3343
f 3408 3410 3343
f 3342 3344 3409
f 3409 3344 3411
f 3343 3410 3345
f 3410 3412 3345
f 3344 3346 3411
f 3411 3346 3413
f 3345 3412 3347
f 3412 3414 3347
f 3346 3348 3413
f 3413 3348 3415
f 3414 3416 3354
f 3348 3356 3415
f 3415 3356 3417
f 3362 3419 3361
f 3361 3419 3418
f 3363 3420 3362
f 3362 3420 3419
f 3364 3421 3363
f 3363 3421 3420
f 3365 3422 3364
f 3364 3422 3421
f 3356 3423 3417
f 3424 3425 3423
f 3424 3423 3367
f 3367 3423 3366
f 3426 3424 3367
f 3426 3367 3427
f 3427 3367 3368
f 3428 3429 3427
f 3428 3427 3369
f 3369 3427 3368
f 3430 3428 3369
f 3430 3369 3431
f 3431 3369 3370
f 3424 3432 3425
f 3426 3432 3424
f 3428 3433 3429
f 3430 3433 3428
f 3378 3377 3434
f 3378 3435 3379
f 3434 3435 3378
f 3379 3436 3380
f 3435 3436 3379
f 3380 3437 3381
f 3436 3437 3380
f 3381 3438 3382
f 3437 3438 3381
f 3382 3438 3383
f 3385 3384 3439
f 3385 3440 3386
f 3439 3440 3385
f 3386 3441 3387
f 3440 3441 3386
f 3387 3442 3388
f 3441 3442 3387
f 3388 3442 3390
f 3434 3443 3444
f 3434 3377 3443
f 3435 3434 3444
f 3445 3435 3444
f 3436 3435 3445
f 3446 3436 3445
f 3437 3436 3446
f 3447 3437 3446
f 3438 3437 3447
f 3448 3438 3447
f 3448 3383 3438
f 3448 3449 3383
f 3449 3391 3383
f 3439 3450 3451
f 3439 3384 3450
f 3384 3392 3450
f 3440 3439 3451
f 3452 3440 3451
f 3441 3440 3452
f 3453 3441 3452
f 3442 3441 3453
f 3454 3442 3453
f 3390 3442 3454
f 3390 3454 3393
f 3393 3454 3455
f 3391 3449 3394
f 3449 3456 3394
f 3392 3395 3450
f 3450 3395 3457
f 3394 3456 3396
f 3456 3458 3396
f 3395 3397 3457
f 3457 3397 3459
f 3396 3458 3398
f 3458 3460 3398
f 3397 3399 3459
f 3459 3399 3461
f 3398 3460 3400
f 3460 3462 3400
f 3399 3401 3461
f 3461 3401 3463
f 3400 3462 3402
f 3462 3464 3402
f 3401 3403 3463
f 3463 3403 3465
f 3402 3464 3404
f 3464 3466 3404
f 3403 3405 3465
f 3465 3405 3467
f 3404 3466 3406
f 3466 3468 3406
f 3405 3407 3467
f 3467 3407 3469
f 3406 3468 3408
f 3468 3470 3408
f 3407 3409 3469
f 3469 3409 3471
f 3408 3470 3410
f 3470 3472 3410
f 3409 3411 3471
f 3471 3411 3473
f 3410 3472 3412
f 3472 3474 3412
f 3411 3413 3473
f 3473 3413 3475
f 3412 3474 3414
f 3474 3476 3414
f 3413 3415 3475
f 3475 3415 3477
f 3414 3476 3416
f 3476 3478 3416
f 3415 3417 3477
f 3477 3417 3479
f 3418 3419 3481
f 3480 3418 3481
f 3419 3420 3482
f 3481 3419 3482
f 3420 3421 3483
f 3482 3420 3483
f 3421 3422 3484
f 3483 3421 3484
f 3416 3478 3485
f 3486 3417 3423
f 3486 3487 3417
f 3487 3479 3417
f 3423 3425 3486
f 3427 3488 3426
f 3427 3429 3488
f 3431 3489 3430
f 3481 3490 3480
f 3491 3490 3481
f 3482 3491 3481
f 3492 3491 3482
f 3483 3492 3482
f 3493 3492 3483
f 3484 3493 3483
f 3494 3493 3484
f 3486 3495 3487
f 3425 3495 3486
f 3425 3432 3495
f 3432 3496 3495
f 3488 3432 3426
f 3488 3497 3432
f 3497 3496 3432
f 3429 3497 3488
f 3429 3433 3497
f 3433 3498 3497
f 3489 3433 3430
f 3489 3499 3433
f 3499 3498 3433
f 3444 3443 3500
f 3444 3501 3445
f 3500 3501 3444
f 3445 3502 3446
f 3501 3502 3445
f 3446 3503 3447
f 3502 3503 3446
f 3447 3504 3448
f 3503 3504 3447
f 3448 3504 3449
f 3451 3450 3505
f 3451 3506 3452
f 3505 3506 3451
f 3452 3507 3453
f 3506 3507 3452
f 3453 3508 3454
f 3507 3508 3453
f 3454 3509 3455
f 3508 3509 3454
f 3500 3510 3511
f 3500 3443 3510
f 3501 3500 3511
f 3512 3501 3511
f 3502 3501 3512
f 3513 3502 3512
f 3503 3502 3513
f 3514 3503 3513
f 3504 3503 3514
f 3515 3504 3514
f 3515 3449 3504
f 3515 3516 3449
f 3516 3456 3449
f 3505 3517 3518
f 3505 3450 3517
f 3450 3457 3517
f 3506 3505 3518
f 3519 3506 3518
f 3507 3506 3519
f 3520 3507 3519
f 3508 3507 3520
f 3521 3508 3520
f 3509 3508 3521
f 3522 3509 3521
f 3456 3516 3458
f 3516 3523 3458
f 3457 3459 3517
f 3517 3459 3524
f 3458 3523 3460
f 3523 3525 3460
f 3459 3461 3524
f 3524 3461 3526
f 3460 3525 3462
f 3525 3527 3462
f 3461 3463 3526
f 3526 3463 3528
f 3462 3527 3464
f 3527 3529 3464
f 3463 3465 3528
f 3528 3465 3530
f 3464 3529 3466
f 3529 3531 3466
f 3465 3467 3530
f 3530 3467 3532
f 3466 3531 3468
f 3531 3533 3468
f 3467 3469 3532
f 3532 3469 3534
f 3468 3533 3470
f 3533 3535 3470
f 3469 3471 3534
f 3534 3471 3536
f 3470 3535 3472
f 3535 3537 3472
f 3471 3473 3536
f 3536 3473 3538
f 3472 3537 3474
f 3537 3539 3474
f 3473 3475 3538
f 3538 3475 3540
f 3474 3539 3476
f 3539 3541 3476
f 3475 3477 3540
f 3540 3477 3542
f 3476 3541 3478
f 3541 3543 3478
f 3477 3479 3542
f 3542 3479 3544
f 3478 3543 3485
f 3543 3545 3485
f 3479 3487 3544
f 3544 3487 3546
f 3490 3491 3548
f 3547 3490 3548
f 3491 3492 3549
f 3548 3491 3549
f 3492 3493 3550
f 3549 3492 3550
f 3493 3494 3551
f 3550 3493 3551
f 3485 3545 3552
f 3553 3487 3495
f 3553 3554 3487
f 3554 3546 3487
f 3495 3496 3555
f 3553 3495 3555
f 3496 3497 3556
f 3555 3496 3556
f 3497 3498 3557
f 3556 3497 3557
f 3498 3499 3558
f 3557 3498 3558
f 3548 3559 3547
f 3560 3559 3548
f 3549 3560 3548
f 3561 3560 3549
f 3550 3561 3549
f 3562 3561 3550
f 3551 3562 3550
f 3563 3562 3551
f 3553 3564 3554
f 3555 3564 3553
f 3565 3564 3555
f 3556 3565 3555
f 3566 3565 3556
f 3557 3566 3556
f 3567 3566 3557
f 3558 3567 3557
f 3568 3567 3558
f 3511 3510 3569
f 3511 3570 3512
f 3569 3570 3511
f 3512 3571 3513
f 3570 3571 3512
f 3513 3572 3514
f 3571 3572 3513
f 3514 3573 3515
f 3572 3573 3514
f 3515 3573 3516
f 3518 3517 3574
f 3518 3575 3519
f 3574 3575 3518
f 3519 3576 3520
f 3575 3576 3519
f 3520 3577 3521
f 3576 3577 3520
f 3521 3578 3522
f 3577 3578 3521
f 3569 3579 3580
f 3569 3510 3579
f 3570 3569 3580
f 3581 3570 3580
f 3571 3570 3581
f 3582 3571 3581
f 3572 3571 3582
f 3583 3572 3582
f 3573 3572 3583
f 3584 3573 3583
f 3584 3516 3573
f 3584 3585 3516
f 3585 3523 3516
f 3574 3586 3587
f 3574 3517 3586
f 3517 3524 3586
f 3575 3574 3587
f 3588 3575 3587
f 3576 3575 3588
f 3589 3576 3588
f 3577 3576 3589
f 3590 3577 3589
f 3578 3577 3590
f 3591 3578 3590
f 3523 3585 3525
f 3585 3593 3525
f 3524 3526 3586
f 3586 3526 3594
f 3525 3593 3527
f 3593 3595 3527
f 3526 3528 3594
f 3594 3528 3596
f 3527 3595 3529
f 3595 3597 3529
f 3528 3530 3596
f 3596 3530 3598
f 3529 3597 3531
f 3597 3599 3531
f 3530 3532 3598
f 3598 3532 3600
f 3531 3599 3533
f 3599 3601 3533
f 3532 3534 3600
f 3600 3534 3602
f 3533 3601 3535
f 3601 3603 3535
f 3534 3536 3602
f 3602 3536 3604
f 3535 3603 3537
f 3603 3605 3537
f 3536 3538 3604
f 3604 3538 3606
f 3537 3605 3539
f 3605 3607 3539
f 3538 3540 3606
f 3606 3540 3608
f 3539 3607 3541
f 3607 3609 3541
f 3540 3542 3608
f 3608 3542 3610
f 3541 3609 3543
f 3609 3611 3543
f 3542 3544 3610
f 3610 3544 3612
f 3543 3611 3545
f 3611 3613 3545
f 3544 3546 3612
f 3612 3546 3614
f 3545 3613 3552
f 3613 3615 3552
f 3546 3554 3614
f 3614 3554 3616
f 3559 3560 3618
f 3617 3559 3618
f 3560 3561 3619
f 3618 3560 3619
f 3561 3562 3620
f 3619 3561 3620
f 3562 3563 3621
f 3620 3562 3621
f 3552 3615 3622
f 3623 3554 3564
f 3623 3624 3554
f 3624 3616 3554
f 3564 3565 3625
f 3623 3564 3625
f 3565 3566 3626
f 3625 3565 3626
f 3566 3567 3627
f 3626 3566 3627
f 3567 3568 3628
f 3627 3567 3628
f 3618 3629 3617
f 3630 3629 3618
f 3619 3630 3618
f 3631 3630 3619
f 3620 3631 3619
f 3632 3631 3620
f 3621 3632 3620
f 3633 3632 3621
f 3623 3634 3624
f 3625 3634 3623
f 3635 3634 3625
f 3626 3635 3625
f 3636 3635 3626
f 3627 3636 3626
f 3637 3636 3627
f 3628 3637 3627
f 3638 3637 3628
f 3580 3639 3640
f 3579 3639 3580
f 3581 3580 3641
f 3580 3640 3641
f 3582 3581 3642
f 3581 3641 3642
f 3583 3582 3643
f 3582 3642 3643
f 3584 3583 3644
f 3583 3643 3644
f 3644 3585 3584
f 3645 3585 3644
f 3587 3586 3646
f 3647 3587 3646
f 3647 3648 3587
f 3648 3588 3587
f 3589 3588 3649
f 3588 3648 3649
f 3590 3589 3650
f 3589 3649 3650
f 3651 3650 3652
f 3651 3591 3650
f 3591 3590 3650
f 3639 3592 3653
f 3585 3645 3593
f 3645 3654 3593
f 3646 3655 3656
f 3646 3586 3655
f 3586 3594 3655
f 3647 3646 3656
f 3651 3652 3657
f 3593 3654 3595
f 3654 3658 3595
f 3594 3596 3655
f 3655 3596 3659
f 3595 3658 3597
f 3658 3660 3597
f 3596 3598 3659
f 3659 3598 3661
f 3597 3660 3599
f 3660 3662 3599
f 3598 3600 3661
f 3661 3600 3663
f 3599 3662 3601
f 3662 3664 3601
f 3600 3602 3663
f 3663 3602 3665
f 3601 3664 3603
f 3664 3666 3603
f 3602 3604 3665
f 3665 3604 3667
f 3603 3666 3605
f 3666 3668 3605
f 3604 3606 3667
f 3667 3606 3669
f 3605 3668 3607
f 3668 3670 3607
f 3606 3608 3669
f 3669 3608 3671
f 3607 3670 3609
f 3670 3672 3609
f 3608 3610 3671
f 3671 3610 3673
f 3609 3672 3611
f 3672 3674 3611
f 3610 3612 3673
f 3673 3612 3675
f 3611 3674 3613
f 3674 3676 3613
f 3612 3614 3675
f 3675 3614 3677
f 3613 3676 3615
f 3676 3678 3615
f 3614 3616 3677
f 3677 3616 3679
f 3615 3678 3622
f 3678 3680 3622
f 3616 3624 3679
f 3679 3624 3681
f 3629 3630 3683
f 3682 3629 3683
f 3630 3631 3684
f 3683 3630 3684
f 3631 3632 3685
f 3684 3631 3685
f 3632 3633 3686
f 3685 3632 3686
f 3688 3624 3634
f 3688 3689 3624
f 3689 3681 3624
f 3634 3635 3690
f 3688 3634 3690
f 3635 3636 3691
f 3690 3635 3691
f 3636 3637 3692
f 3691 3636 3692
f 3637 3638 3693
f 3692 3637 3693
f 3683 3694 3682
f 3695 3694 3683
f 3684 3695 3683
f 3696 3695 3684
f 3685 3696 3684
f 3697 3696 3685
f 3686 3697 3685
f 3698 3697 3686
f 3688 3699 3689
f 3690 3699 3688
f 3700 3699 3690
f 3691 3700 3690
f 3701 3700 3691
f 3692 3701 3691
f 3702 3701 3692
f 3693 3702 3692
f 3703 3702 3693
f 3640 3639 3704
f 3640 3705 3641
f 3704 3705 3640
f 3641 3706 3642
f 3705 3706 3641
f 3642 3707 3643
f 3706 3707 3642
f 3643 3708 3644
f 3707 3708 3643
f 3644 3708 3645
f 3648 3647 3709
f 3648 3710 3649
f 3709 3710 3648
f 3649 3711 3650
f 3710 3711 3649
f 3650 3711 3652
f 3704 3712 3713
f 3704 3639 3712
f 3639 3653 3712
f 3705 3704 3713
f 3714 3705 3713
f 3706 3705 3714
f 3715 3706 3714
f 3707 3706 3715
f 3716 3707 3715
f 3708 3707 3716
f 3717 3708 3716
f 3717 3645 3708
f 3717 3718 3645
f 3718 3654 3645
f 3656 3719 3720
f 3655 3719 3656
f 3709 3647 3656
f 3709 3656 3721
f 3721 3656 3720
f 3710 3709 3721
f 3722 3710 3721
f 3711 3710 3722
f 3723 3711 3722
f 3724 3723 3725
f 3657 3723 3724
f 3657 3711 3723
f 3657 3652 3711
f 3654 3718 3658
f 3718 3726 3658
f 3655 3659 3719
f 3719 3659 3727
f 3724 3725 3728
f 3658 3726 3660
f 3726 3729 3660
f 3659 3661 3727
f 3727 3661 3730
f 3660 3729 3662
f 3729 3731 3662
f 3661 3663 3730
f 3730 3663 3732
f 3662 3731 3664
f 3731 3733 3664
f 3663 3665 3732
f 3732 3665 3734
f 3664 3733 3666
f 3733 3735 3666
f 3665 3667 3734
f 3734 3667 3736
f 3666 3735 3668
f 3735 3737 3668
f 3667 3669 3736
f 3736 3669 3738
f 3668 3737 3670
f 3737 3739 3670
f 3669 3671 3738
f 3738 3671 3740
f 3670 3739 3672
f 3739 3741 3672
f 3671 3673 3740
f 3740 3673 3742
f 3672 3741 3674
f 3741 3743 3674
f 3673 3675 3742
f 3742 3675 3744
f 3674 3743 3676
f 3743 3745 3676
f 3675 3677 3744
f 3744 3677 3746
f 3676 3745 3678
f 3745 3747 3678
f 3677 3679 3746
f 3746 3679 3748
f 3678 3747 3680
f 3747 3749 3680
f 3679 3681 3748
f 3748 3681 3750
f 3749 3751 3687
f 3681 3689 3750
f 3750 3689 3752
f 3695 3754 3694
f 3694 3754 3753
f 3696 3755 3695
f 3695 3755 3754
f 3697 3756 3696
f 3696 3756 3755
f 3698 3757 3697
f 3697 3757 3756
f 3689 3758 3752
f 3699 3758 3689
f 3700 3759 3699
f 3699 3759 3758
f 3701 3760 3700
f 3700 3760 3759
f 3702 3761 3701
f 3701 3761 3760
f 3703 3762 3702
f 3702 3762 3761
f 3713 3712 3763
f 3713 3764 3714
f 3763 3764 3713
f 3714 3765 3715
f 3764 3765 3714
f 3715 3766 3716
f 3765 3766 3715
f 3716 3767 3717
f 3766 3767 3716
f 3717 3767 3718
f 3720 3719 3768
f 3720 3769 3721
f 3768 3769 3720
f 3721 3770 3722
f 3769 3770 3721
f 3722 3771 3723
f 3770 3771 3722
f 3723 3771 3725
f 3763 3772 3773
f 3763 3712 3772
f 3764 3763 3773
f 3774 3764 3773
f 3765 3764 3774
f 3775 3765 3774
f 3766 3765 3775
f 3776 3766 3775
f 3767 3766 3776
f 3777 3767 3776
f 3777 3718 3767
f 3777 3778 3718
f 3778 3726 3718
f 3768 3779 3780
f 3768 3719 3779
f 3719 3727 3779
f 3769 3768 3780
f 3781 3769 3780
f 3770 3769 3781
f 3782 3770 3781
f 3771 3770 3782
f 3783 3771 3782
f 3725 3771 3783
f 3725 3783 3728
f 3728 3783 3784
f 3726 3778 3729
f 3778 3785 3729
f 3727 3730 3779
f 3779 3730 3786
f 3729 3785 3731
f 3785 3787 3731
f 3730 3732 3786
f 3786 3732 3788
f 3731 3787 3733
f 3787 3789 3733
f 3732 3734 3788
f 3788 3734 3790
f 3733 3789 3735
f 3789 3791 3735
f 3734 3736 3790
f 3790 3736 3792
f 3735 3791 3737
f 3791 3793 3737
f 3736 3738 3792
f 3792 3738 3794
f 3737 3793 3739
f 3793 3795 3739
f 3738 3740 3794
f 3794 3740 3796
f 3739 3795 3741
f 3795 3797 3741
f 3740 3742 3796
f 3796 3742 3798
f 3741 3797 3743
f 3797 3799 3743
f 3742 3744 3798
f 3798 3744 3800
f 3743 3799 3745
f 3799 3801 3745
f 3744 3746 3800
f 3800 3746 3802
f 3745 3801 3747
f 3801 3803 3747
f 3746 3748 3802
f 3802 3748 3804
f 3747 3803 3749
f 3803 3805 3749
f 3748 3750 3804
f 3804 3750 3806
f 3749 3805 3751
f 3805 3807 3751
f 3750 3752 3806
f 3806 3752 3808
f 3753 3754 3810
f 3809 3753 3810
f 3754 3755 3811
f 3810 3754 3811
f 3755 3756 3812
f 3811 3755 3812
f 3756 3757 3813
f 3812 3756 3813
f 3751 3807 3814
f 3815 3752 3758
f 3815 3816 3752
f 3816 3808 3752
f 3758 3759 3817
f 3815 3758 3817
f 3759 3760 3818
f 3817 3759 3818
f 3760 3761 3819
f 3818 3760 3819
f 3761 3762 3820
f 3819 3761 3820
f 3810 3821 3809
f 3822 3821 3810
f 3811 3822 3810
f 3823 3822 3811
f 3812 3823 3811
f 3824 3823 3812
f 3813 3824 3812
f 3825 3824 3813
f 3815 3826 3816
f 3817 3826 3815
f 3827 3826 3817
f 3818 3827 3817
f 3828 3827 3818
f 3819 3828 3818
f 3829 3828 3819
f 3820 3829 3819
f 3830 3829 3820
f 3773 3772 3831
f 3773 3832 3774
f 3831 3832 3773
f 3774 3833 3775
f 3832 3833 3774
f 3775 3834 3776
f 3833 3834 3775
f 3776 3835 3777
f 3834 3835 3776
f 3777 3835 3778
f 3780 3779 3836
f 3780 3837 3781
f 3836 3837 3780
f 3781 3838 3782
f 3837 3838 3781
f 3782 3839 3783
f 3838 3839 3782
f 3783 3840 3784
f 3839 3840 3783
f 3831 3841 3842
f 3831 3772 3841
f 3832 3831 3842
f 3843 3832 3842
f 3833 3832 3843
f 3844 3833 3843
f 3834 3833 3844
f 3845 3834 3844
f 3835 3834 3845
f 3846 3835 3845
f 3846 3778 3835
f 3846 3847 3778
f 3847 3785 3778
f 3836 3848 3849
f 3836 3779 3848
f 3779 3786 3848
f 3837 3836 3849
f 3850 3837 3849
f 3838 3837 3850
f 3851 3838 3850
f 3839 3838 3851
f 3852 3839 3851
f 3840 3839 3852
f 3853 3840 3852
f 3785 3847 3787
f 3847 3854 3787
f 3786 3788 3848
f 3848 3788 3855
f 3787 3854 3789
f 3854 3856 3789
f 3788 3790 3855
f 3855 3790 3857
f 3789 3856 3791
f 3856 3858 3791
f 3790 3792 3857
f 3857 3792 3859
f 3791 3858 3793
f 3858 3860 3793
f 3792 3794 3859
f 3859 3794 3861
f 3793 3860 3795
f 3860 3862 3795
f 3794 3796 3861
f 3861 3796 3863
f 3795 3862 3797
f 3862 3864 3797
f 3796 3798 3863
f 3863 3798 3865
f 3797 3864 3799
f 3864 3866 3799
f 3798 3800 3865
f 3865 3800 3867
f 3799 3866 3801
f 3866 3868 3801
f 3800 3802 3867
f 3867 3802 3869
f 3801 3868 3803
f 3868 3870 3803
f 3802 3804 3869
f 3869 3804 3871
f 3803 3870 3805
f 3870 3872 3805
f 3804 3806 3871
f 3871 3806 3873
f 3805 3872 3807
f 3872 3874 3807
f 3806 3808 3873
f 3873 3808 3875
f 3807 3874 3814
f 3874 3876 3814
f 3808 3816 3875
f 3875 3816 3877
f 3821 3822 3879
f 3878 3821 3879
f 3822 3823 3880
f 3879 3822 3880
f 3823 3824 3881
f 3880 3823 3881
f 3824 3825 3882
f 3881 3824 3882
f 3814 3876 3883
f 3884 3816 3826
f 3884 3885 3816
f 3885 3877 3816
f 3826 3827 3886
f 3884 3826 3886
f 3827 3828 3887
f 3886 3827 3887
f 3828 3829 3888
f 3887 3828 3888
f 3829 3830 3889
f 3888 3829 3889
f 3879 3890 3878
f 3891 3890 3879
f 3880 3891 3879
f 3892 3891 3880
f 3881 3892 3880
f 3893 3892 3881
f 3882 3893 3881
f 3894 3893 3882
f 3884 3895 3885
f 3886 3895 3884
f 3896 3895 3886
f 3887 3896 3886
f 3897 3896 3887
f 3888 3897 3887
f 3898 3897 3888
f 3889 3898 3888
f 3899 3898 3889
f 3842 3841 3900
f 3842 3901 3843
f 3900 3901 3842
f 3843 3902 3844
f 3901 3902 3843
f 3844 3903 3845
f 3902 3903 3844
f 3845 3904 3846
f 3903 3904 3845
f 3846 3904 3847
f 3849 3848 3905
f 3849 3906 3850
f 3905 3906 3849
f 3850 3907 3851
f 3906 3907 3850
f 3851 3908 3852
f 3907 3908 3851
f 3852 3909 3853
f 3908 3909 3852
f 3900 3910 3911
f 3900 3841 3910
f 3901 3900 3911
f 3912 3901 3911
f 3902 3901 3912
f 3913 3902 3912
f 3903 3902 3913
f 3914 3903 3913
f 3904 3903 3914
f 3915 3904 3914
f 3915 3847 3904
f 3915 3916 3847
f 3916 3854 3847
f 3905 3917 3918
f 3905 3848 3917
f 3848 3855 3917
f 3906 3905 3918
f 3919 3906 3918
f 3907 3906 3919
f 3920 3907 3919
f 3908 3907 3920
f 3921 3908 3920
f 3909 3908 3921
f 3922 3909 3921
f 3854 3916 3856
f 3916 3924 3856
f 3855 3857 3917
f 3917 3857 3925
f 3856 3924 3858
f 3924 3926 3858
f 3857 3859 3925
f 3925 3859 3927
f 3858 3926 3860
f 3926 3928 3860
f 3859 3861 3927
f 3927 3861 3929
f 3860 3928 3862
f 3928 3930 3862
f 3861 3863 3929
f 3929 3863 3931
f 3862 3930 3864
f 3930 3932 3864
f 3863 3865 3931
f 3931 3865 3933
f 3864 3932 3866
f 3932 3934 3866
f 3865 3867 3933
f 3933 3867 3935
f 3866 3934 3868
f 3934 3936 3868
f 3867 3869 3935
f 3935 3869 3937
f 3868 3936 3870
f 3936 3938 3870
f 3869 3871 3937
f 3937 3871 3939
f 3870 3938 3872
f 3938 3940 3872
f 3871 3873 3939
f 3939 3873 3941
f 3872 3940 3874
f 3940 3942 3874
f 3873 3875 3941
f 3941 3875 3943
f 3874 3942 3876
f 3942 3944 3876
f 3875 3877 3943
f 3943 3877 3945
f 3876 3944 3883
f 3944 3946 3883
f 3877 3885 3945
f 3945 3885 3947
f 3890 3891 3949
f 3948 3890 3949
f 3891 3892 3950
f 3949 3891 3950
f 3892 3893 3951
f 3950 3892 3951
f 3893 3894 3952
f 3951 3893 3952
f 3883 3946 3953
f 3954 3885 3895
f 3954 3955 3885
f 3955 3947 3885
f 3895 3896 3956
f 3954 3895 3956
f 3896 3897 3957
f 3956 3896 3957
f 3897 3898 3958
f 3957 3897 3958
f 3898 3899 3959
f 3958 3898 3959
f 3949 3960 3948
f 3961 3960 3949
f 3950 3961 3949
f 3962 3961 3950
f 3951 3962 3950
f 3963 3962 3951
f 3952 3963 3951
f 3964 3963 3952
f 3954 3965 3955
f 3956 3965 3954
f 3966 3965 3956
f 3957 3966 3956
f 3967 3966 3957
f 3958 3967 3957
f 3968 3967 3958
f 3959 3968 3958
f 3969 3968 3959
f 3911 3970 3971
f 3910 3970 3911
f 3912 3911 3972
f 3911 3971 3972
f 3913 3912 3973
f 3912 3972 3973
f 3914 3913 3974
f 3913 3973 3974
f 3915 3914 3975
f 3914 3974 3975
f 3975 3916 3915
f 3976 3916 3975
f 3918 3917 3977
f 3978 3918 3977
f 3978 3979 3918
f 3979 3919 3918
f 3920 3919 3980
f 3919 3979 3980
f 3921 3920 3981
f 3920 3980 3981
f 3982 3981 3983
f 3982 3922 3981
f 3922 3921 3981
f 3910 3923 3970
f 3970 3923 3984
f 3916 3976 3924
f 3976 3985 3924
f 3977 3986 3987
f 3977 3917 3986
f 3917 3925 3986
f 3978 3977 3987
f 3982 3983 3988
f 3924 3985 3926
f 3985 3989 3926
f 3925 3927 3986
f 3986 3927 3990
f 3926 3989 3928
f 3989 3991 3928
f 3927 3929 3990
f 3990 3929 3992
f 3928 3991 3930
f 3991 3993 3930
f 3929 3931 3992
f 3992 3931 3994
f 3930 3993 3932
f 3993 3995 3932
f 3931 3933 3994
f 3994 3933 3996
f 3932 3995 3934
f 3995 3997 3934
f 3933 3935 3996
f 3996 3935 3998
f 3934 3997 3936
f 3997 3999 3936
f 3935 3937 3998
f 3998 3937 4000
f 3936 3999 3938
f 3999 4001 3938
f 3937 3939 4000
f 4000 3939 4002
f 3938 4001 3940
f 4001 4003 3940
f 3939 3941 4002
f 4002 3941 4004
f 3940 4003 3942
f 4003 4005 3942
f 3941 3943 4004
f 4004 3943 4006
f 3942 4005 3944
f 4005 4007 3944
f 3943 3945 4006
f 4006 3945 4008
f 3944 4007 3946
f 4007 4009 3946
f 3945 3947 4008
f 4008 3947 4010
f 3946 4009 3953
f 4009 4011 3953
f 3947 3955 4010
f 4010 3955 4012
f 4014 4015 4013
f 4014 4013 3961
f 3961 4013 3960
f 3961 3962 4016
f 4014 3961 4016
f 3962 3963 4017
f 4016 3962 4017
f 3963 3964 4018
f 4017 3963 4018
f 4020 3955 3965
f 4020 4021 3955
f 4021 4012 3955
f 3965 3966 4022
f 4020 3965 4022
f 3966 3967 4023
f 4022 3966 4023
f 3967 3968 4024
f 4023 3967 4024
f 4025 4024 3968
f 4025 3968 4026
f 4026 3968 3969
f 4014 4027 4015
f 4016 4027 4014
f 4028 4027 4016
f 4017 4028 4016
f 4029 4028 4017
f 4018 4029 4017
f 4030 4029 4018
f 4020 4031 4021
f 4022 4031 4020
f 4032 4031 4022
f 4023 4032 4022
f 4033 4032 4023
f 4024 4033 4023
f 4034 4033 4024
f 4025 4034 4024
f 3971 3970 4035
f 3971 4036 3972
f 4035 4036 3971
f 3972 4037 3973
f 4036 4037 3972
f 3973 4038 3974
f 4037 4038 3973
f 3974 4039 3975
f 4038 4039 3974
f 3975 4039 3976
f 3979 3978 4040
f 3979 4041 3980
f 4040 4041 3979
f 3980 4042 3981
f 4041 4042 3980
f 3981 4042 3983
f 4035 4043 4044
f 4035 3970 4043
f 3970 3984 4043
f 4036 4035 4044
f 4045 4036 4044
f 4037 4036 4045
f 4046 4037 4045
f 4038 4037 4046
f 4047 4038 4046
f 4039 4038 4047
f 4048 4039 4047
f 4048 3976 4039
f 4048 4049 3976
f 4049 3985 3976
f 3987 4050 4051
f 3986 4050 3987
f 4040 3978 3987
f 4040 3987 4052
f 4052 3987 4051
f 4041 4040 4052
f 4053 4041 4052
f 4042 4041 4053
f 4054 4042 4053
f 4055 4054 4056
f 3988 4054 4055
f 3988 4042 4054
f 3988 3983 4042
f 3985 4049 3989
f 4049 4057 3989
f 3986 3990 4050
f 4050 3990 4058
f 4055 4056 4059
f 3989 4057 3991
f 4057 4060 3991
f 3990 3992 4058
f 4058 3992 4061
f 3991 4060 3993
f 4060 4062 3993
f 3992 3994 4061
f 4061 3994 4063
f 3993 4062 3995
f 4062 4064 3995
f 3994 3996 4063
f 4063 3996 4065
f 3995 4064 3997
f 4064 4066 3997
f 3996 3998 4065
f 4065 3998 4067
f 3997 4066 3999
f 4066 4068 3999
f 3998 4000 4067
f 4067 4000 4069
f 3999 4068 4001
f 4068 4070 4001
f 4000 4002 4069
f 4069 4002 4071
f 4001 4070 4003
f 4070 4072 4003
f 4002 4004 4071
f 4071 4004 4073
f 4003 4072 4005
f 4072 4074 4005
f 4004 4006 4073
f 4073 4006 4075
f 4005 4074 4007
f 4074 4076 4007
f 4006 4008 4075
f 4075 4008 4077
f 4007 4076 4009
f 4076 4078 4009
f 4008 4010 4077
f 4077 4010 4079
f 4009 4078 4011
f 4078 4080 4011
f 4010 4012 4079
f 4079 4012 4081
f 4013 4015 4082
f 4080 4083 4019
f 4012 4021 4081
f 4081 4021 4084
f 4026 4085 4025
f 4015 4086 4082
f 4015 4027 4086
f 4027 4087 4086
f 4028 4088 4027
f 4027 4088 4087
f 4029 4089 4028
f 4028 4089 4088
f 4030 4090 4029
f 4029 4090 4089
f 4021 4091 4084
f 4031 4091 4021
f 4032 4092 4031
f 4031 4092 4091
f 4033 4093 4032
f 4032 4093 4092
f 4034 4094 4033
f 4033 4094 4093
f 4085 4034 4025
f 4085 4095 4034
f 4095 4094 4034
f 4044 4043 4096
f 4044 4097 4045
f 4096 4097 4044
f 4045 4098 4046
f 4097 4098 4045
f 4046 4099 4047
f 4098 4099 4046
f 4047 4100 4048
f 4099 4100 4047
f 4048 4100 4049
f 4051 4050 4101
f 4051 4102 4052
f 4101 4102 4051
f 4052 4103 4053
f 4102 4103 4052
f 4053 4104 4054
f 4103 4104 4053
f 4054 4104 4056
f 4096 4105 4106
f 4096 4043 4105
f 4097 4096 4106
f 4107 4097 4106
f 4098 4097 4107
f 4108 4098 4107
f 4099 4098 4108
f 4109 4099 4108
f 4100 4099 4109
f 4110 4100 4109
f 4110 4049 4100
f 4110 4111 4049
f 4111 4057 4049
f 4101 4112 4113
f 4101 4050 4112
f 4050 4058 4112
f 4102 4101 4113
f 4114 4102 4113
f 4103 4102 4114
f 4115 4103 4114
f 4104 4103 4115
f 4116 4104 4115
f 4056 4104 4116
f 4056 4116 4059
f 4059 4116 4117
f 4057 4111 4060
f 4111 4118 4060
f 4058 4061 4112
f 4112 4061 4119
f 4060 4118 4062
f 4118 4120 4062
f 4061 4063 4119
f 4119 4063 4121
f 4062 4120 4064
f 4120 4122 4064
f 4063 4065 4121
f 4121 4065 4123
f 4064 4122 4066
f 4122 4124 4066
f 4065 4067 4123
f 4123 4067 4125
f 4066 4124 4068
f 4124 4126 4068
f 4067 4069 4125
f 4125 4069 4127
f 4068 4126 4070
f 4126 4128 4070
f 4069 4071 4127
f 4127 4071 4129
f 4070 4128 4072
f 4128 4130 4072
f 4071 4073 4129
f 4129 4073 4131
f 4072 4130 4074
f 4130 4132 4074
f 4073 4075 4131
f 4131 4075 4133
f 4074 4132 4076
f 4132 4134 4076
f 4075 4077 4133
f 4133 4077 4135
f 4076 4134 4078
f 4134 4136 4078
f 4077 4079 4135
f 4135 4079 4137
f 4078 4136 4080
f 4136 4138 4080
f 4079 4081 4137
f 4137 4081 4139
f 4080 4138 4083
f 4138 4140 4083
f 4081 4084 4139
f 4139 4084 4141
f 4086 4087 4143
f 4142 4086 4143
f 4087 4088 4144
f 4143 4087 4144
f 4088 4089 4145
f 4144 4088 4145
f 4089 4090 4146
f 4145 4089 4146
f 4083 4140 4147
f 4148 4084 4091
f 4148 4149 4084
f 4149 4141 4084
f 4091 4092 4150
f 4148 4091 4150
f 4092 4093 4151
f 4150 4092 4151
f 4093 4094 4152
f 4151 4093 4152
f 4094 4095 4153
f 4152 4094 4153
f 4143 4154 4142
f 4155 4154 4143
f 4144 4155 4143
f 4156 4155 4144
f 4145 4156 4144
f 4157 4156 4145
f 4146 4157 4145
f 4158 4157 4146
f 4148 4159 4149
f 4150 4159 4148
f 4160 4159 4150
f 4151 4160 4150
f 4161 4160 4151
f 4152 4161 4151
f 4162 4161 4152
f 4153 4162 4152
f 4163 4162 4153
f 4106 4105 4164
f 4106 4165 4107
f 4164 4165 4106
f 4107 4166 4108
f 4165 4166 4107
f 4108 4167 4109
f 4166 4167 4108
f 4109 4168 4110
f 4167 4168 4109
f 4110 4168 4111
f 4113 4112 4169
f 4113 4170 4114
f 4169 4170 4113
f 4114 4171 4115
f 4170 4171 4114
f 4115 4172 4116
f 4171 4172 4115
f 4116 4173 4117
f 4172 4173 4116
f 4164 4174 4175
f 4164 4105 4174
f 4165 4164 4175
f 4176 4165 4175
f 4166 4165 4176
f 4177 4166 4176
f 4167 4166 4177
f 4178 4167 4177
f 4168 4167 4178
f 4179 4168 4178
f 4179 4111 4168
f 4179 4180 4111
f 4180 4118 4111
f 4169 4181 4182
f 4169 4112 4181
f 4112 4119 4181
f 4170 4169 4182
f 4183 4170 4182
f 4171 4170 4183
f 4184 4171 4183
f 4172 4171 4184
f 4185 4172 4184
f 4173 4172 4185
f 4186 4173 4185
f 4118 4180 4120
f 4180 4187 4120
f 4119 4121 4181
f 4181 4121 4188
f 4120 4187 4122
f 4187 4189 4122
f 4121 4123 4188
f 4188 4123 4190
f 4122 4189 4124
f 4189 4191 4124
f 4123 4125 4190
f 4190 4125 4192
f 4124 4191 4126
f 4191 4193 4126
f 4125 4127 4192
f 4192 4127 4194
f 4126 4193 4128
f 4193 4195 4128
f 4127 4129 4194
f 4194 4129 4196
f 4128 4195 4130
f 4195 4197 4130
f 4129 4131 4196
f 4196 4131 4198
f 4130 4197 4132
f 4197 4199 4132
f 4131 4133 4198
f 4198 4133 4200
f 4132 4199 4134
f 4199 4201 4134
f 4133 4135 4200
f 4200 4135 4202
f 4134 4201 4136
f 4201 4203 4136
f 4135 4137 4202
f 4202 4137 4204
f 4136 4203 4138
f 4203 4205 4138
f 4137 4139 4204
f 4204 4139 4206
f 4138 4205 4140
f 4205 4207 4140
f 4139 4141 4206
f 4206 4141 4208
f 4140 4207 4147
f 4207 4209 4147
f 4141 4149 4208
f 4208 4149 4210
f 4154 4155 4212
f 4211 4154 4212
f 4155 4156 4213
f 4212 4155 4213
f 4156 4157 4214
f 4213 4156 4214
f 4157 4158 4215
f 4214 4157 4215
f 4147 4209 4216
f 4217 4149 4159
f 4217 4218 4149
f 4218 4210 4149
f 4159 4160 4219
f 4217 4159 4219
f 4160 4161 4220
f 4219 4160 4220
f 4161 4162 4221
f 4220 4161 4221
f 4162 4163 4222
f 4221 4162 4222
f 4212 4223 4211
f 4224 4223 4212
f 4213 4224 4212
f 4225 4224 4213
f 4214 4225 4213
f 4226 4225 4214
f 4215 4226 4214
f 4227 4226 4215
f 4217 4228 4218
f 4219 4228 4217
f 4229 4228 4219
f 4220 4229 4219
f 4230 4229 4220
f 4221 4230 4220
f 4231 4230 4221
f 4222 4231 4221
f 4232 4231 4222
f 4175 4174 4233
f 4175 4234 4176
f 4233 4234 4175
f 4176 4235 4177
f 4234 4235 4176
f 4177 4236 4178
f 4235 4236 4177
f 4178 4237 4179
f 4236 4237 4178
f 4179 4237 4180
f 4182 4181 4238
f 4182 4239 4183
f 4238 4239 4182
f 4183 4240 4184
f 4239 4240 4183
f 4184 4241 4185
f 4240 4241 4184
f 4185 4242 4186
f 4241 4242 4185
f 4233 4243 4244
f 4233 4174 4243
f 4234 4233 4244
f 4245 4234 4244
f 4235 4234 4245
f 4246 4235 4245
f 4236 4235 4246
f 4247 4236 4246
f 4237 4236 4247
f 4248 4237 4247
f 4248 4180 4237
f 4248 4249 4180
f 4249 4187 4180
f 4238 4250 4251
f 4238 4181 4250
f 4181 4188 4250
f 4239 4238 4251
f 4252 4239 4251
f 4240 4239 4252
f 4253 4240 4252
f 4241 4240 4253
f 4254 4241 4253
f 4242 4241 4254
f 4255 4242 4254
f 4187 4249 4189
f 4249 4256 4189
f 4188 4190 4250
f 4250 4190 4257
f 4189 4256 4191
f 4256 4258 4191
f 4190 4192 4257
f 4257 4192 4259
f 4191 4258 4193
f 4258 4260 4193
f 4192 4194 4259
f 4259 4194 4261
f 4193 4260 4195
f 4260 4262 4195
f 4194 4196 4261
f 4261 4196 4263
f 4195 4262 4197
f 4262 4264 4197
f 4196 4198 4263
f 4263 4198 4265
f 4197 4264 4199
f 4264 4266 4199
f 4198 4200 4265
f 4265 4200 4267
f 4199 4266 4201
f 4266 4268 4201
f 4200 4202 4267
f 4267 4202 4269
f 4201 4268 4203
f 4268 4270 4203
f 4202 4204 4269
f 4269 4204 4271
f 4203 4270 4205
f 4270 4272 4205
f 4204 4206 4271
f 4271 4206 4273
f 4205 4272 4207
f 4272 4274 4207
f 4206 4208 4273
f 4273 4208 4275
f 4207 4274 4209
f 4274 4276 4209
f 4208 4210 4275
f 4275 4210 4277
f 4209 4276 4216
f 4276 4278 4216
f 4210 4218 4277
f 4277 4218 4279
f 4223 4224 4281
f 4280 4223 4281
f 4224 4225 4282
f 4281 4224 4282
f 4225 4226 4283
f 4282 4225 4283
f 4226 4227 4284
f 4283 4226 4284
f 4216 4278 4285
f 4286 4218 4228
f 4286 4287 4218
f 4287 4279 4218
f 4228 4229 4288
f 4286 4228 4288
f 4229 4230 4289
f 4288 4229 4289
f 4230 4231 4290
f 4289 4230 4290
f 4231 4232 4291
f 4290 4231 4291
f 4281 4292 4280
f 4293 4292 4281
f 4282 4293 4281
f 4294 4293 4282
f 4283 4294 4282
f 4295 4294 4283
f 4284 4295 4283
f 4296 4295 4284
f 4286 4297 4287
f 4288 4297 4286
f 4298 4297 4288
f 4289 4298 4288
f 4299 4298 4289
f 4290 4299 4289
f 4300 4299 4290
f 4291 4300 4290
f 4301 4300 4291
f 4244 4243 4302
f 4303 4244 4302
f 4303 4304 4244
f 4304 4245 4244
f 4246 4245 4305
f 4245 4304 4305
f 4247 4246 4306
f 4246 4305 4306
f 4248 4247 4307
f 4247 4306 4307
f 4307 4249 4248
f 4308 4249 4307
f 4251 4250 4309
f 4310 4251 4309
f 4310 4311 4251
f 4311 4252 4251
f 4253 4252 4312
f 4252 4311 4312
f 4254 4253 4313
f 4253 4312 4313
f 4314 4313 4315
f 4314 4255 4313
f 4255 4254 4313
f 4302 4316 4317
f 4302 4243 4316
f 4303 4302 4317
f 4249 4308 4256
f 4308 4318 4256
f 4309 4319 4320
f 4309 4250 4319
f 4250 4257 4319
f 4310 4309 4320
f 4314 4315 4321
f 4256 4318 4258
f 4318 4322 4258
f 4257 4259 4319
f 4319 4259 4323
f 4258 4322 4260
f 4322 4324 4260
f 4259 4261 4323
f 4323 4261 4325
f 4260 4324 4262
f 4324 4326 4262
f 4261 4263 4325
f 4325 4263 4327
f 4262 4326 4264
f 4326 4328 4264
f 4263 4265 4327
f 4327 4265 4329
f 4264 4328 4266
f 4328 4330 4266
f 4265 4267 4329
f 4329 4267 4331
f 4266 4330 4268
f 4330 4332 4268
f 4267 4269 4331
f 4331 4269 4333
f 4268 4332 4270
f 4332 4334 4270
f 4269 4271 4333
f 4333 4271 4335
f 4270 4334 4272
f 4334 4336 4272
f 4271 4273 4335
f 4335 4273 4337
f 4272 4336 4274
f 4336 4338 4274
f 4273 4275 4337
f 4337 4275 4339
f 4274 4338 4276
f 4338 4340 4276
f 4275 4277 4339
f 4339 4277 4341
f 4276 4340 4278
f 4340 4342 4278
f 4277 4279 4341
f 4341 4279 4343
f 4278 4342 4285
f 4342 4344 4285
f 4279 4287 4343
f 4343 4287 4345
f 4347 4348 4346
f 4347 4346 4293
f 4293 4346 4292
f 4293 4294 4349
f 4347 4293 4349
f 4294 4295 4350
f 4349 4294 4350
f 4295 4296 4351
f 4350 4295 4351
f 4353 4287 4297
f 4353 4354 4287
f 4354 4345 4287
f 4297 4298 4355
f 4353 4297 4355
f 4298 4299 4356
f 4355 4298 4356
f 4357 4356 4299
f 4357 4299 4358
f 4358 4299 4300
f 4301 4359 4300
f 4300 4359 4358
f 4347 4360 4348
f 4349 4360 4347
f 4361 4360 4349
f 4350 4361 4349
f 4362 4361 4350
f 4351 4362 4350
f 4363 4362 4351
f 4353 4364 4354
f 4355 4364 4353
f 4365 4364 4355
f 4356 4365 4355
f 4366 4365 4356
f 4357 4366 4356
f 4304 4303 4367
f 4304 4368 4305
f 4367 4368 4304
f 4305 4369 4306
f 4368 4369 4305
f 4306 4370 4307
f 4369 4370 4306
f 4307 4370 4308
f 4311 4310 4371
f 4311 4372 4312
f 4371 4372 4311
f 4312 4373 4313
f 4372 4373 4312
f 4313 4373 4315
f 4317 4374 4375
f 4316 4374 4317
f 4367 4303 4317
f 4367 4317 4376
f 4376 4317 4375
f 4368 4367 4376
f 4377 4368 4376
f 4369 4368 4377
f 4378 4369 4377
f 4370 4369 4378
f 4379 4370 4378
f 4379 4308 4370
f 4379 4380 4308
f 4380 4318 4308
f 4320 4381 4382
f 4319 4381 4320
f 4371 4310 4320
f 4371 4320 4383
f 4383 4320 4382
f 4372 4371 4383
f 4384 4372 4383
f 4373 4372 4384
f 4385 4373 4384
f 4315 4373 4385
f 4315 4385 4321
f 4321 4385 4386
f 4318 4380 4322
f 4380 4387 4322
f 4319 4323 4381
f 4381 4323 4388
f 4322 4387 4324
f 4387 4389 4324
f 4323 4325 4388
f 4388 4325 4390
f 4324 4389 4326
f 4389 4391 4326
f 4325 4327 4390
f 4390 4327 4392
f 4326 4391 4328
f 4391 4393 4328
f 4327 4329 4392
f 4392 4329 4394
f 4328 4393 4330
f 4393 4395 4330
f 4329 4331 4394
f 4394 4331 4396
f 4330 4395 4332
f 4395 4397 4332
f 4331 4333 4396
f 4396 4333 4398
f 4332 4397 4334
f 4397 4399 4334
f 4333 4335 4398
f 4398 4335 4400
f 4334 4399 4336
f 4399 4401 4336
f 4335 4337 4400
f 4400 4337 4402
f 4336 4401 4338
f 4401 4403 4338
f 4337 4339 4402
f 4402 4339 4404
f 4338 4403 4340
f 4403 4405 4340
f 4339 4341 4404
f 4404 4341 4406
f 4340 4405 4342
f 4405 4407 4342
f 4341 4343 4406
f 4406 4343 4408
f 4342 4407 4344
f 4407 4409 4344
f 4343 4345 4408
f 4408 4345 4410
f 4346 4348 4411
f 4409 4412 4352
f 4345 4354 4410
f 4410 4354 4413
f 4358 4414 4357
f 4358 4359 4415
f 4414 4358 4415
f 4348 4416 4411
f 4348 4360 4416
f 4360 4417 4416
f 4361 4418 4360
f 4360 4418 4417
f 4362 4419 4361
f 4361 4419 4418
f 4363 4420 4362
f 4362 4420 4419
f 4354 4421 4413
f 4364 4421 4354
f 4365 4422 4364
f 4364 4422 4421
f 4366 4423 4365
f 4365 4423 4422
f 4414 4366 4357
f 4414 4424 4366
f 4424 4423 4366
f 4415 4424 4414
f 4425 4424 4415
f 4375 4374 4426
f 4375 4427 4376
f 4426 4427 4375
f 4376 4428 4377
f 4427 4428 4376
f 4377 4429 4378
f 4428 4429 4377
f 4378 4430 4379
f 4429 4430 4378
f 4379 4430 4380
f 4382 4381 4431
f 4382 4432 4383
f 4431 4432 4382
f 4383 4433 4384
f 4432 4433 4383
f 4384 4434 4385
f 4433 4434 4384
f 4385 4435 4386
f 4434 4435 4385
f 4426 4436 4437
f 4426 4374 4436
f 4427 4426 4437
f 4438 4427 4437
f 4428 4427 4438
f 4439 4428 4438
f 4429 4428 4439
f 4440 4429 4439
f 4430 4429 4440
f 4441 4430 4440
f 4441 4380 4430
f 4441 4442 4380
f 4442 4387 4380
f 4431 4443 4444
f 4431 4381 4443
f 4381 4388 4443
f 4432 4431 4444
f 4445 4432 4444
f 4433 4432 4445
f 4446 4433 4445
f 4434 4433 4446
f 4447 4434 4446
f 4435 4434 4447
f 4448 4435 4447
f 4387 4442 4389
f 4442 4449 4389
f 4388 4390 4443
f 4443 4390 4450
f 4389 4449 4391
f 4449 4451 4391
f 4390 4392 4450
f 4450 4392 4452
f 4391 4451 4393
f 4451 4453 4393
f 4392 4394 4452
f 4452 4394 4454
f 4393 4453 4395
f 4453 4455 4395
f 4394 4396 4454
f 4454 4396 4456
f 4395 4455 4397
f 4455 4457 4397
f 4396 4398 4456
f 4456 4398 4458
f 4397 4457 4399
f 4457 4459 4399
f 4398 4400 4458
f 4458 4400 4460
f 4399 4459 4401
f 4459 4461 4401
f 4400 4402 4460
f 4460 4402 4462
f 4401 4461 4403
f 4461 4463 4403
f 4402 4404 4462
f 4462 4404 4464
f 4403 4463 4405
f 4463 4465 4405
f 4404 4406 4464
f 4464 4406 4466
f 4405 4465 4407
f 4465 4467 4407
f 4406 4408 4466
f 4466 4408 4468
f 4407 4467 4409
f 4467 4469 4409
f 4408 4410 4468
f 4468 4410 4470
f 4409 4469 4412
f 4469 4471 4412
f 4410 4413 4470
f 4470 4413 4472
f 4416 4417 4474
f 4473 4416 4474
f 4417 4418 4475
f 4474 4417 4475
f 4418 4419 4476
f 4475 4418 4476
f 4419 4420 4477
f 4476 4419 4477
f 4412 4471 4478
f 4479 4413 4421
f 4479 4480 4413
f 4480 4472 4413
f 4421 4422 4481
f 4479 4421 4481
f 4422 4423 4482
f 4481 4422 4482
f 4423 4424 4483
f 4482 4423 4483
f 4424 4425 4484
f 4483 4424 4484
f 4474 4485 4473
f 4486 4485 4474
f 4475 4486 4474
f 4487 4486 4475
f 4476 4487 4475
f 4488 4487 4476
f 4477 4488 4476
f 4489 4488 4477
f 4479 4490 4480
f 4481 4490 4479
f 4491 4490 4481
f 4482 4491 4481
f 4492 4491 4482
f 4483 4492 4482
f 4493 4492 4483
f 4484 4493 4483
f 4494 4493 4484
f 4437 4436 4495
f 4437 4496 4438
f 4495 4496 4437
f 4438 4497 4439
f 4496 4497 4438
f 4439 4498 4440
f 4497 4498 4439
f 4440 4499 4441
f 4498 4499 4440
f 4441 4499 4442
f 4444 4443 4500
f 4444 4501 4445
f 4500 4501 4444
f 4445 4502 4446
f 4501 4502 4445
f 4446 4503 4447
f 4502 4503 4446
f 4447 4504 4448
f 4503 4504 4447
f 4495 4505 4506
f 4495 4436 4505
f 4496 4495 4506
f 4507 4496 4506
f 4497 4496 4507
f 4508 4497 4507
f 4498 4497 4508
f 4509 4498 4508
f 4499 4498 4509
f 4510 4499 4509
f 4510 4442 4499
f 4510 4511 4442
f 4511 4449 4442
f 4500 4512 4513
f 4500 4443 4512
f 4443 4450 4512
f 4501 4500 4513
f 4514 4501 4513
f 4502 4501 4514
f 4515 4502 4514
f 4503 4502 4515
f 4516 4503 4515
f 4504 4503 4516
f 4517 4504 4516
f 4449 4511 4451
f 4511 4518 4451
f 4450 4452 4512
f 4512 4452 4519
f 4451 4518 4453
f 4518 4520 4453
f 4452 4454 4519
f 4519 4454 4521
f 4453 4520 4455
f 4520 4522 4455
f 4454 4456 4521
f 4521 4456 4523
f 4455 4522 4457
f 4522 4524 4457
f 4456 4458 4523
f 4523 4458 4525
f 4457 4524 4459
f 4524 4526 4459
f 4458 4460 4525
f 4525 4460 4527
f 4459 4526 4461
f 4526 4528 4461
f 4460 4462 4527
f 4527 4462 4529
f 4461 4528 4463
f 4528 4530 4463
f 4462 4464 4529
f 4529 4464 4531
f 4463 4530 4465
f 4530 4532 4465
f 4464 4466 4531
f 4531 4466 4533
f 4465 4532 4467
f 4532 4534 4467
f 4466 4468 4533
f 4533 4468 4535
f 4467 4534 4469
f 4534 4536 4469
f 4468 4470 4535
f 4535 4470 4537
f 4469 4536 4471
f 4536 4538 4471
f 4470 4472 4537
f 4537 4472 4539
f 4471 4538 4478
f 4538 4540 4478
f 4472 4480 4539
f 4539 4480 4541
f 4485 4486 4543
f 4542 4485 4543
f 4486 4487 4544
f 4543 4486 4544
f 4487 4488 4545
f 4544 4487 4545
f 4488 4489 4546
f 4545 4488 4546
f 4478 4540 4547
f 4548 4480 4490
f 4548 4549 4480
f 4549 4541 4480
f 4490 4491 4550
f 4548 4490 4550
f 4491 4492 4551
f 4550 4491 4551
f 4492 4493 4552
f 4551 4492 4552
f 4493 4494 4553
f 4552 4493 4553
f 4543 4554 4542
f 4555 4554 4543
f 4544 4555 4543
f 4556 4555 4544
f 4545 4556 4544
f 4557 4556 4545
f 4546 4557 4545
f 4558 4557 4546
f 4548 4559 4549
f 4550 4559 4548
f 4560 4559 4550
f 4551 4560 4550
f 4561 4560 4551
f 4552 4561 4551
f 4562 4561 4552
f 4553 4562 4552
f 4563 4562 4553
f 4506 4505 4564
f 4506 4565 4507
f 4564 4565 4506
f 4507 4566 4508
f 4565 4566 4507
f 4508 4567 4509
f 4566 4567 4508
f 4509 4568 4510
f 4567 4568 4509
f 4510 4568 4511
f 4513 4512 4569
f 4513 4570 4514
f 4569 4570 4513
f 4514 4571 4515
f 4570 4571 4514
f 4515 4572 4516
f 4571 4572 4515
f 4516 4573 4517
f 4572 4573 4516
f 4564 4574 4575
f 4564 4505 4574
f 4565 4564 4575
f 4576 4565 4575
f 4566 4565 4576
f 4577 4566 4576
f 4567 4566 4577
f 4578 4567 4577
f 4568 4567 4578
f 4579 4568 4578
f 4579 4511 4568
f 4579 4580 4511
f 4580 4518 4511
f 4569 4581 4582
f 4569 4512 4581
f 4512 4519 4581
f 4570 4569 4582
f 4583 4570 4582
f 4571 4570 4583
f 4584 4571 4583
f 4572 4571 4584
f 4585 4572 4584
f 4573 4572 4585
f 4586 4573 4585
f 4518 4580 4520
f 4580 4588 4520
f 4519 4521 4581
f 4581 4521 4589
f 4520 4588 4522
f 4588 4590 4522
f 4521 4523 4589
f 4589 4523 4591
f 4522 4590 4524
f 4590 4592 4524
f 4523 4525 4591
f 4591 4525 4593
f 4524 4592 4526
f 4592 4594 4526
f 4525 4527 4593
f 4593 4527 4595
f 4526 4594 4528
f 4594 4596 4528
f 4527 4529 4595
f 4595 4529 4597
f 4528 4596 4530
f 4596 4598 4530
f 4529 4531 4597
f 4597 4531 4599
f 4530 4598 4532
f 4598 4600 4532
f 4531 4533 4599
f 4599 4533 4601
f 4532 4600 4534
f 4600 4602 4534
f 4533 4535 4601
f 4601 4535 4603
f 4534 4602 4536
f 4602 4604 4536
f 4535 4537 4603
f 4603 4537 4605
f 4536 4604 4538
f 4604 4606 4538
f 4537 4539 4605
f 4605 4539 4607
f 4538 4606 4540
f 4606 4608 4540
f 4539 4541 4607
f 4607 4541 4609
f 4540 4608 4547
f 4608 4610 4547
f 4541 4549 4609
f 4609 4549 4611
f 4554 4555 4613
f 4612 4554 4613
f 4555 4556 4614
f 4613 4555 4614
f 4556 4557 4615
f 4614 4556 4615
f 4557 4558 4616
f 4615 4557 4616
f 4618 4549 4559
f 4618 4619 4549
f 4619 4611 4549
f 4559 4560 4620
f 4618 4559 4620
f 4560 4561 4621
f 4620 4560 4621
f 4561 4562 4622
f 4621 4561 4622
f 4623 4622 4562
f 4623 4562 4624
f 4624 4562 4563
f 4613 4625 4612
f 4626 4625 4613
f 4614 4626 4613
f 4627 4626 4614
f 4615 4627 4614
f 4628 4627 4615
f 4616 4628 4615
f 4629 4628 4616
f 4618 4630 4619
f 4620 4630 4618
f 4631 4630 4620
f 4621 4631 4620
f 4632 4631 4621
f 4622 4632 4621
f 4633 4632 4622
f 4623 4633 4622
f 4575 4634 4635
f 4574 4634 4575
f 4576 4575 4636
f 4575 4635 4636
f 4577 4576 4637
f 4576 4636 4637
f 4578 4577 4638
f 4577 4637 4638
f 4579 4578 4639
f 4578 4638 4639
f 4639 4580 4579
f 4640 4580 4639
f 4582 4641 4642
f 4581 4641 4582
f 4583 4582 4643
f 4582 4642 4643
f 4584 4583 4644
f 4583 4643 4644
f 4585 4584 4645
f 4584 4644 4645
f 4646 4645 4647
f 4646 4586 4645
f 4586 4585 4645
f 4574 4587 4634
f 4634 4587 4648
f 4580 4640 4588
f 4640 4649 4588
f 4581 4589 4641
f 4641 4589 4650
f 4646 4647 4651
f 4588 4649 4590
f 4649 4652 4590
f 4589 4591 4650
f 4650 4591 4653
f 4590 4652 4592
f 4652 4654 4592
f 4591 4593 4653
f 4653 4593 4655
f 4592 4654 4594
f 4654 4656 4594
f 4593 4595 4655
f 4655 4595 4657
f 4594 4656 4596
f 4656 4658 4596
f 4595 4597 4657
f 4657 4597 4659
f 4596 4658 4598
f 4658 4660 4598
f 4597 4599 4659
f 4659 4599 4661
f 4598 4660 4600
f 4660 4662 4600
f 4599 4601 4661
f 4661 4601 4663
f 4600 4662 4602
f 4662 4664 4602
f 4601 4603 4663
f 4663 4603 4665
f 4602 4664 4604
f 4664 4666 4604
f 4603 4605 4665
f 4665 4605 4667
f 4604 4666 4606
f 4666 4668 4606
f 4605 4607 4667
f 4667 4607 4669
f 4606 4668 4608
f 4668 4670 4608
f 4607 4609 4669
f 4669 4609 4671
f 4608 4670 4610
f 4670 4672 4610
f 4609 4611 4671
f 4671 4611 4673
f 4672 4674 4617
f 4611 4619 4673
f 4673 4619 4675
f 4624 4676 4623
f 4626 4678 4625
f 4625 4678 4677
f 4627 4679 4626
f 4626 4679 4678
f 4628 4680 4627
f 4627 4680 4679
f 4629 4681 4628
f 4628 4681 4680
f 4619 4682 4675
f 4630 4682 4619
f 4631 4683 4630
f 4630 4683 4682
f 4632 4684 4631
f 4631 4684 4683
f 4633 4685 4632
f 4632 4685 4684
f 4676 4633 4623
f 4676 4686 4633
f 4686 4685 4633
f 4635 4634 4687
f 4635 4688 4636
f 4687 4688 4635
f 4636 4689 4637
f 4688 4689 4636
f 4637 4690 4638
f 4689 4690 4637
f 4638 4691 4639
f 4690 4691 4638
f 4639 4691 4640
f 4642 4641 4692
f 4642 4693 4643
f 4692 4693 4642
f 4643 4694 4644
f 4693 4694 4643
f 4644 4695 4645
f 4694 4695 4644
f 4645 4695 4647
f 4687 4696 4697
f 4687 4634 4696
f 4634 4648 4696
f 4688 4687 4697
f 4698 4688 4697
f 4689 4688 4698
f 4699 4689 4698
f 4690 4689 4699
f 4700 4690 4699
f 4691 4690 4700
f 4701 4691 4700
f 4701 4640 4691
f 4701 4702 4640
f 4702 4649 4640
f 4692 4703 4704
f 4692 4641 4703
f 4641 4650 4703
f 4693 4692 4704
f 4705 4693 4704
f 4694 4693 4705
f 4706 4694 4705
f 4695 4694 4706
f 4707 4695 4706
f 4647 4695 4707
f 4647 4707 4651
f 4651 4707 4708
f 4649 4702 4652
f 4702 4709 4652
f 4650 4653 4703
f 4703 4653 4710
f 4652 4709 4654
f 4709 4711 4654
f 4653 4655 4710
f 4710 4655 4712
f 4654 4711 4656
f 4711 4713 4656
f 4655 4657 4712
f 4712 4657 4714
f 4656 4713 4658
f 4713 4715 4658
f 4657 4659 4714
f 4714 4659 4716
f 4658 4715 4660
f 4715 4717 4660
f 4659 4661 4716
f 4716 4661 4718
f 4660 4717 4662
f 4717 4719 4662
f 4661 4663 4718
f 4718 4663 4720
f 4662 4719 4664
f 4719 4721 4664
f 4663 4665 4720
f 4720 4665 4722
f 4664 4721 4666
f 4721 4723 4666
f 4665 4667 4722
f 4722 4667 4724
f 4666 4723 4668
f 4723 4725 4668
f 4667 4669 4724
f 4724 4669 4726
f 4668 4725 4670
f 4725 4727 4670
f 4669 4671 4726
f 4726 4671 4728
f 4670 4727 4672
f 4727 4729 4672
f 4671 4673 4728
f 4728 4673 4730
f 4672 4729 4674
f 4729 4731 4674
f 4673 4675 4730
f 4730 4675 4732
f 4677 4678 4734
f 4733 4677 4734
f 4678 4679 4735
f 4734 4678 4735
f 4679 4680 4736
f 4735 4679 4736
f 4680 4681 4737
f 4736 4680 4737
f 4674 4731 4738
f 4739 4675 4682
f 4739 4740 4675
f 4740 4732 4675
f 4682 4683 4741
f 4739 4682 4741
f 4683 4684 4742
f 4741 4683 4742
f 4684 4685 4743
f 4742 4684 4743
f 4685 4686 4744
f 4743 4685 4744
f 4734 4745 4733
f 4746 4745 4734
f 4735 4746 4734
f 4747 4746 4735
f 4736 4747 4735
f 4748 4747 4736
f 4737 4748 4736
f 4749 4748 4737
f 4739 4750 4740
f 4741 4750 4739
f 4751 4750 4741
f 4742 4751 4741
f 4752 4751 4742
f 4743 4752 4742
f 4753 4752 4743
f 4744 4753 4743
f 4754 4753 4744
f 4697 4696 4755
f 4697 4756 4698
f 4755 4756 4697
f 4698 4757 4699
f 4756 4757 4698
f 4699 4758 4700
f 4757 4758 4699
f 4700 4759 4701
f 4758 4759 4700
f 4701 4759 4702
f 4704 4703 4760
f 4704 4761 4705
f 4760 4761 4704
f 4705 4762 4706
f 4761 4762 4705
f 4706 4763 4707
f 4762 4763 4706
f 4707 4764 4708
f 4763 4764 4707
f 4755 4765 4766
f 4755 4696 4765
f 4756 4755 4766
f 4767 4756 4766
f 4757 4756 4767
f 4768 4757 4767
f 4758 4757 4768
f 4769 4758 4768
f 4759 4758 4769
f 4770 4759 4769
f 4770 4702 4759
f 4770 4771 4702
f 4771 4709 4702
f 4760 4772 4773
f 4760 4703 4772
f 4703 4710 4772
f 4761 4760 4773
f 4774 4761 4773
f 4762 4761 4774
f 4775 4762 4774
f 4763 4762 4775
f 4776 4763 4775
f 4764 4763 4776
f 4777 4764 4776
f 4709 4771 4711
f 4771 4778 4711
f 4710 4712 4772
f 4772 4712 4779
f 4711 4778 4713
f 4778 4780 4713
f 4712 4714 4779
f 4779 4714 4781
f 4713 4780 4715
f 4780 4782 4715
f 4714 4716 4781
f 4781 4716 4783
f 4715 4782 4717
f 4782 4784 4717
f 4716 4718 4783
f 4783 4718 4785
f 4717 4784 4719
f 4784 4786 4719
f 4718 4720 4785
f 4785 4720 4787
f 4719 4786 4721
f 4786 4788 4721
f 4720 4722 4787
f 4787 4722 4789
f 4721 4788 4723
f 4788 4790 4723
f 4722 4724 4789
f 4789 4724 4791
f 4723 4790 4725
f 4790 4792 4725
f 4724 4726 4791
f 4791 4726 4793
f 4725 4792 4727
f 4792 4794 4727
f 4726 4728 4793
f 4793 4728 4795
f 4727 4794 4729
f 4794 4796 4729
f 4728 4730 4795
f 4795 4730 4797
f 4729 4796 4731
f 4796 4798 4731
f 4730 4732 4797
f 4797 4732 4799
f 4731 4798 4738
f 4798 4800 4738
f 4732 4740 4799
f 4799 4740 4801
f 4745 4746 4803
f 4802 4745 4803
f 4746 4747 4804
f 4803 4746 4804
f 4747 4748 4805
f 4804 4747 4805
f 4748 4749 4806
f 4805 4748 4806
f 4738 4800 4807
f 4808 4740 4750
f 4808 4809 4740
f 4809 4801 4740
f 4750 4751 4810
f 4808 4750 4810
f 4751 4752 4811
f 4810 4751 4811
f 4752 4753 4812
f 4811 4752 4812
f 4753 4754 4813
f 4812 4753 4813
f 4803 4814 4802
f 4815 4814 4803
f 4804 4815 4803
f 4816 4815 4804
f 4805 4816 4804
f 4817 4816 4805
f 4806 4817 4805
f 4818 4817 4806
f 4808 4819 4809
f 4810 4819 4808
f 4820 4819 4810
f 4811 4820 4810
f 4821 4820 4811
f 4812 4821 4811
f 4822 4821 4812
f 4813 4822 4812
f 4823 4822 4813
f 4766 4765 4824
f 4766 4825 4767
f 4824 4825 4766
f 4767 4826 4768
f 4825 4826 4767
f 4768 4827 4769
f 4826 4827 4768
f 4769 4828 4770
f 4827 4828 4769
f 4770 4828 4771
f 4773 4772 4829
f 4773 4830 4774
f 4829 4830 4773
f 4774 4831 4775
f 4830 4831 4774
f 4775 4832 4776
f 4831 4832 4775
f 4776 4833 4777
f 4832 4833 4776
f 4824 4834 4835
f 4824 4765 4834
f 4825 4824 4835
f 4836 4825 4835
f 4826 4825 4836
f 4837 4826 4836
f 4827 4826 4837
f 4838 4827 4837
f 4828 4827 4838
f 4839 4828 4838
f 4839 4771 4828
f 4839 4840 4771
f 4840 4778 4771
f 4829 4841 4842
f 4829 4772 4841
f 4772 4779 4841
f 4830 4829 4842
f 4843 4830 4842
f 4831 4830 4843
f 4844 4831 4843
f 4832 4831 4844
f 4845 4832 4844
f 4833 4832 4845
f 4846 4833 4845
f 4778 4840 4780
f 4840 4847 4780
f 4779 4781 4841
f 4841 4781 4848
f 4780 4847 4782
f 4847 4849 4782
f 4781 4783 4848
f 4848 4783 4850
f 4782 4849 4784
f 4849 4851 4784
f 4783 4785 4850
f 4850 4785 4852
f 4784 4851 4786
f 4851 4853 4786
f 4785 4787 4852
f 4852 4787 4854
f 4786 4853 4788
f 4853 4855 4788
f 4787 4789 4854
f 4854 4789 4856
f 4788 4855 4790
f 4855 4857 4790
f 4789 4791 4856
f 4856 4791 4858
f 4790 4857 4792
f 4857 4859 4792
f 4791 4793 4858
f 4858 4793 4860
f 4792 4859 4794
f 4859 4861 4794
f 4793 4795 4860
f 4860 4795 4862
f 4794 4861 4796
f 4861 4863 4796
f 4795 4797 4862
f 4862 4797 4864
f 4796 4863 4798
f 4863 4865 4798
f 4797 4799 4864
f 4864 4799 4866
f 4798 4865 4800
f 4865 4867 4800
f 4799 4801 4866
f 4866 4801 4868
f 4800 4867 4807
f 4867 4869 4807
f 4801 4809 4868
f 4868 4809 4870
f 4814 4815 4872
f 4871 4814 4872
f 4815 4816 4873
f 4872 4815 4873
f 4816 4817 4874
f 4873 4816 4874
f 4817 4818 4875
f 4874 4817 4875
f 4807 4869 4876
f 4877 4809 4819
f 4877 4878 4809
f 4878 4870 4809
f 4819 4820 4879
f 4877 4819 4879
f 4820 4821 4880
f 4879 4820 4880
f 4821 4822 4881
f 4880 4821 4881
f 4822 4823 4882
f 4881 4822 4882
f 4872 4883 4871
f 4884 4883 4872
f 4873 4884 4872
f 4885 4884 4873
f 4874 4885 4873
f 4886 4885 4874
f 4875 4886 4874
f 4887 4886 4875
f 4877 4888 4878
f 4879 4888 4877
f 4889 4888 4879
f 4880 4889 4879
f 4890 4889 4880
f 4881 4890 4880
f 4891 4890 4881
f 4882 4891 4881
f 4892 4891 4882
f 4835 4834 4893
f 4835 4894 4836
f 4893 4894 4835
f 4895 4836 4894
f 4895 4896 4836
f 4896 4837 4836
f 4838 4837 4897
f 4837 4896 4897
f 4898 4897 4899
f 4898 4839 4897
f 4839 4838 4897
f 4839 4898 4840
f 4842 4841 4900
f 4842 4901 4843
f 4900 4901 4842
f 4843 4902 4844
f 4901 4902 4843
f 4844 4903 4845
f 4902 4903 4844
f 4845 4904 4846
f 4903 4904 4845
f 4893 4905 4906
f 4893 4834 4905
f 4894 4893 4906
f 4907 4894 4906
f 4895 4894 4907
f 4898 4899 4908
f 4908 4840 4898
f 4908 4909 4840
f 4909 4847 4840
f 4900 4910 4911
f 4900 4841 4910
f 4841 4848 4910
f 4901 4900 4911
f 4912 4901 4911
f 4902 4901 4912
f 4913 4902 4912
f 4903 4902 4913
f 4914 4903 4913
f 4904 4903 4914
f 4915 4904 4914
f 4847 4909 4849
f 4909 4917 4849
f 4848 4850 4910
f 4910 4850 4918
f 4849 4917 4851
f 4917 4919 4851
f 4850 4852 4918
f 4918 4852 4920
f 4851 4919 4853
f 4919 4921 4853
f 4852 4854 4920
f 4920 4854 4922
f 4853 4921 4855
f 4921 4923 4855
f 4854 4856 4922
f 4922 4856 4924
f 4855 4923 4857
f 4923 4925 4857
f 4856 4858 4924
f 4924 4858 4926
f 4857 4925 4859
f 4925 4927 4859
f 4858 4860 4926
f 4926 4860 4928
f 4859 4927 4861
f 4927 4929 4861
f 4860 4862 4928
f 4928 4862 4930
f 4861 4929 4863
f 4929 4931 4863
f 4862 4864 4930
f 4930 4864 4932
f 4863 4931 4865
f 4931 4933 4865
f 4864 4866 4932
f 4932 4866 4934
f 4865 4933 4867
f 4933 4935 4867
f 4866 4868 4934
f 4934 4868 4936
f 4867 4935 4869
f 4935 4937 4869
f 4868 4870 4936
f 4936 4870 4938
f 4869 4937 4876
f 4937 4939 4876
f 4870 4878 4938
f 4938 4878 4940
f 4884 4942 4883
f 4883 4942 4941
f 4885 4943 4884
f 4884 4943 4942
f 4944 4945 4943
f 4944 4943 4886
f 4886 4943 4885
f 4946 4944 4886
f 4946 4886 4947
f 4947 4886 4887
f 4878 4948 4940
f 4888 4948 4878
f 4949 4950 4948
f 4949 4948 4889
f 4889 4948 4888
f 4889 4890 4951
f 4949 4889 4951
f 4890 4891 4952
f 4951 4890 4952
f 4953 4952 4891
f 4953 4891 4954
f 4954 4891 4892
f 4944 4955 4945
f 4946 4955 4944
f 4949 4956 4950
f 4951 4956 4949
f 4957 4956 4951
f 4952 4957 4951
f 4958 4957 4952
f 4953 4958 4952
f 4896 4895 4959
f 4896 4960 4897
f 4959 4960 4896
f 4897 4960 4899
f 4906 4961 4962
f 4905 4961 4906
f 4907 4906 4963
f 4906 4962 4963
f 4959 4895 4907
f 4959 4907 4964
f 4964 4907 4963
f 4960 4959 4964
f 4965 4960 4964
f 4899 4960 4965
f 4899 4965 4908
f 4908 4965 4966
f 4966 4909 4908
f 4967 4909 4966
f 4911 4968 4969
f 4910 4968 4911
f 4912 4911 4970
f 4911 4969 4970
f 4913 4912 4971
f 4912 4970 4971
f 4914 4913 4972
f 4913 4971 4972
f 4973 4972 4974
f 4973 4915 4972
f 4915 4914 4972
f 4905 4916 4961
f 4961 4916 4975
f 4909 4967 4917
f 4967 4976 4917
f 4910 4918 4968
f 4968 4918 4977
f 4973 4974 4978
f 4917 4976 4919
f 4976 4979 4919
f 4918 4920 4977
f 4977 4920 4980
f 4919 4979 4921
f 4979 4981 4921
f 4920 4922 4980
f 4980 4922 4982
f 4921 4981 4923
f 4981 4983 4923
f 4922 4924 4982
f 4982 4924 4984
f 4923 4983 4925
f 4983 4985 4925
f 4924 4926 4984
f 4984 4926 4986
f 4925 4985 4927
f 4985 4987 4927
f 4926 4928 4986
f 4986 4928 4988
f 4927 4987 4929
f 4987 4989 4929
f 4928 4930 4988
f 4988 4930 4990
f 4929 4989 4931
f 4989 4991 4931
f 4930 4932 4990
f 4990 4932 4992
f 4931 4991 4933
f 4991 4993 4933
f 4932 4934 4992
f 4992 4934 4994
f 4933 4993 4935
f 4993 4995 4935
f 4934 4936 4994
f 4994 4936 4996
f 4935 4995 4937
f 4995 4997 4937
f 4936 4938 4996
f 4996 4938 4998
f 4937 4997 4939
f 4997 4999 4939
f 4938 4940 4998
f 4998 4940 5000
f 4941 4942 5002
f 5001 4941 5002
f 4942 4943 5003
f 5002 4942 5003
f 4943 4945 5003
f 4947 5004 4946
f 4939 4999 5005
f 5006 4940 4948
f 5006 5007 4940
f 5007 5000 4940
f 4948 4950 5006
f 4954 5008 4953
f 5002 5009 5001
f 5010 5009 5002
f 5003 5010 5002
f 5011 5010 5003
f 4945 5011 5003
f 4945 4955 5011
f 4955 5012 5011
f 5004 4955 4946
f 5004 5013 4955
f 5013 5012 4955
f 5006 5014 5007
f 4950 5014 5006
f 4950 4956 5014
f 4956 5015 5014
f 4957 5016 4956
f 4956 5016 5015
f 4958 5017 4957
f 4957 5017 5016
f 5008 4958 4953
f 5008 5018 4958
f 5018 5017 4958
f 4962 4961 5019
f 4962 5020 4963
f 5019 5020 4962
f 4963 5021 4964
f 5020 5021 4963
f 4964 5022 4965
f 5021 5022 4964
f 4965 5023 4966
f 5022 5023 4965
f 4966 5023 4967
f 4969 4968 5024
f 4969 5025 4970
f 5024 5025 4969
f 4970 5026 4971
f 5025 5026 4970
f 4971 5027 4972
f 5026 5027 4971
f 4972 5027 4974
f 5019 5028 5029
f 5019 4961 5028
f 4961 4975 5028
f 5020 5019 5029
f 5030 5020 5029
f 5021 5020 5030
f 5031 5021 5030
f 5022 5021 5031
f 5032 5022 5031
f 5023 5022 5032
f 5033 5023 5032
f 5033 4967 5023
f 5033 5034 4967
f 5034 4976 4967
f 5024 5035 5036
f 5024 4968 5035
f 4968 4977 5035
f 5025 5024 5036
f 5037 5025 5036
f 5026 5025 5037
f 5038 5026 5037
f 5027 5026 5038
f 5039 5027 5038
f 4974 5027 5039
f 4974 5039 4978
f 4978 5039 5040
f 4976 5034 4979
f 5034 5041 4979
f 4977 4980 5035
f 5035 4980 5042
f 4979 5041 4981
f 5041 5043 4981
f 4980 4982 5042
f 5042 4982 5044
f 4981 5043 4983
f 5043 5045 4983
f 4982 4984 5044
f 5044 4984 5046
f 4983 5045 4985
f 5045 5047 4985
f 4984 4986 5046
f 5046 4986 5048
f 4985 5047 4987
f 5047 5049 4987
f 4986 4988 5048
f 5048 4988 5050
f 4987 5049 4989
f 5049 5051 4989
f 4988 4990 5050
f 5050 4990 5052
f 4989 5051 4991
f 5051 5053 4991
f 4990 4992 5052
f 5052 4992 5054
f 4991 5053 4993
f 5053 5055 4993
f 4992 4994 5054
f 5054 4994 5056
f 4993 5055 4995
f 5055 5057 4995
f 4994 4996 5056
f 5056 4996 5058
f 4995 5057 4997
f 5057 5059 4997
f 4996 4998 5058
f 5058 4998 5060
f 4997 5059 4999
f 5059 5061 4999
f 4998 5000 5060
f 5060 5000 5062
f 4999 5061 5005
f 5061 5063 5005
f 5000 5007 5062
f 5062 5007 5064
f 5009 5010 5066
f 5065 5009 5066
f 5010 5011 5067
f 5066 5010 5067
f 5011 5012 5068
f 5067 5011 5068
f 5012 5013 5069
f 5068 5012 5069
f 5005 5063 5070
f 5071 5007 5014
f 5071 5072 5007
f 5072 5064 5007
f 5014 5015 5073
f 5071 5014 5073
f 5015 5016 5074
f 5073 5015 5074
f 5016 5017 5075
f 5074 5016 5075
f 5017 5018 5076
f 5075 5017 5076
f 5066 5077 5065
f 5078 5077 5066
f 5067 5078 5066
f 5079 5078 5067
f 5068 5079 5067
f 5080 5079 5068
f 5069 5080 5068
f 5081 5080 5069
f 5071 5082 5072
f 5073 5082 5071
f 5083 5082 5073
f 5074 5083 5073
f 5084 5083 5074
f 5075 5084 5074
f 5085 5084 5075
f 5076 5085 5075
f 5086 5085 5076
f 5029 5028 5087
f 5029 5088 5030
f 5087 5088 5029
f 5030 5089 5031
f 5088 5089 5030
f 5031 5090 5032
f 5089 5090 5031
f 5032 5091 5033
f 5090 5091 5032
f 5033 5091 5034
f 5036 5035 5092
f 5036 5093 5037
f 5092 5093 5036
f 5037 5094 5038
f 5093 5094 5037
f 5038 5095 5039
f 5094 5095 5038
f 5039 5096 5040
f 5095 5096 5039
f 5087 5097 5098
f 5087 5028 5097
f 5088 5087 5098
f 5099 5088 5098
f 5089 5088 5099
f 5100 5089 5099
f 5090 5089 5100
f 5101 5090 5100
f 5091 5090 5101
f 5102 5091 5101
f 5102 5034 5091
f 5102 5103 5034
f 5103 5041 5034
f 5092 5104 5105
f 5092 5035 5104
f 5035 5042 5104
f 5093 5092 5105
f 5106 5093 5105
f 5094 5093 5106
f 5107 5094 5106
f 5095 5094 5107
f 5108 5095 5107
f 5096 5095 5108
f 5109 5096 5108
f 5041 5103 5043
f 5103 5110 5043
f 5042 5044 5104
f 5104 5044 5111
f 5043 5110 5045
f 5110 5112 5045
f 5044 5046 5111
f 5111 5046 5113
f 5045 5112 5047
f 5112 5114 5047
f 5046 5048 5113
f 5113 5048 5115
f 5047 5114 5049
f 5114 5116 5049
f 5048 5050 5115
f 5115 5050 5117
f 5049 5116 5051
f 5116 5118 5051
f 5050 5052 5117
f 5117 5052 5119
f 5051 5118 5053
f 5118 5120 5053
f 5052 5054 5119
f 5119 5054 5121
f 5053 5120 5055
f 5120 5122 5055
f 5054 5056 5121
f 5121 5056 5123
f 5055 5122 5057
f 5122 5124 5057
f 5056 5058 5123
f 5123 5058 5125
f 5057 5124 5059
f 5124 5126 5059
f 5058 5060 5125
f 5125 5060 5127
f 5059 5126 5061
f 5126 5128 5061
f 5060 5062 5127
f 5127 5062 5129
f 5061 5128 5063
f 5128 5130 5063
f 5062 5064 5129
f 5129 5064 5131
f 5063 5130 5070
f 5130 5132 5070
f 5064 5072 5131
f 5131 5072 5133
f 5077 5078 5135
f 5134 5077 5135
f 5078 5079 5136
f 5135 5078 5136
f 5079 5080 5137
f 5136 5079 5137
f 5080 5081 5138
f 5137 5080 5138
f 5070 5132 5139
f 5140 5072 5082
f 5140 5141 5072
f 5141 5133 5072
f 5082 5083 5142
f 5140 5082 5142
f 5083 5084 5143
f 5142 5083 5143
f 5084 5085 5144
f 5143 5084 5144
f 5085 5086 5145
f 5144 5085 5145
f 5135 5146 5134
f 5147 5146 5135
f 5136 5147 5135
f 5148 5147 5136
f 5137 5148 5136
f 5149 5148 5137
f 5138 5149 5137
f 5150 5149 5138
f 5140 5151 5141
f 5142 5151 5140
f 5152 5151 5142
f 5143 5152 5142
f 5153 5152 5143
f 5144 5153 5143
f 5154 5153 5144
f 5145 5154 5144
f 5155 5154 5145
f 5098 5097 5156
f 5098 5157 5099
f 5156 5157 5098
f 5099 5158 5100
f 5157 5158 5099
f 5100 5159 5101
f 5158 5159 5100
f 5101 5160 5102
f 5159 5160 5101
f 5102 5160 5103
f 5105 5104 5161
f 5105 5162 5106
f 5161 5162 5105
f 5106 5163 5107
f 5162 5163 5106
f 5107 5164 5108
f 5163 5164 5107
f 5108 5165 5109
f 5164 5165 5108
f 5156 5166 5167
f 5156 5097 5166
f 5157 5156 5167
f 5168 5157 5167
f 5158 5157 5168
f 5169 5158 5168
f 5159 5158 5169
f 5170 5159 5169
f 5160 5159 5170
f 5171 5160 5170
f 5171 5103 5160
f 5171 5172 5103
f 5172 5110 5103
f 5161 5173 5174
f 5161 5104 5173
f 5104 5111 5173
f 5162 5161 5174
f 5175 5162 5174
f 5163 5162 5175
f 5176 5163 5175
f 5164 5163 5176
f 5177 5164 5176
f 5165 5164 5177
f 5178 5165 5177
f 5110 5172 5112
f 5172 5179 5112
f 5111 5113 5173
f 5173 5113 5180
f 5112 5179 5114
f 5179 5181 5114
f 5113 5115 5180
f 5180 5115 5182
f 5114 5181 5116
f 5181 5183 5116
f 5115 5117 5182
f 5182 5117 5184
f 5116 5183 5118
f 5183 5185 5118
f 5117 5119 5184
f 5184 5119 5186
f 5118 5185 5120
f 5185 5187 5120
f 5119 5121 5186
f 5186 5121 5188
f 5120 5187 5122
f 5187 5189 5122
f 5121 5123 5188
f 5188 5123 5190
f 5122 5189 5124
f 5189 5191 5124
f 5123 5125 5190
f 5190 5125 5192
f 5124 5191 5126
f 5191 5193 5126
f 5125 5127 5192
f 5192 5127 5194
f 5126 5193 5128
f 5193 5195 5128
f 5127 5129 5194
f 5194 5129 5196
f 5128 5195 5130
f 5195 5197 5130
f 5129 5131 5196
f 5196 5131 5198
f 5130 5197 5132
f 5197 5199 5132
f 5131 5133 5198
f 5198 5133 5200
f 5132 5199 5139
f 5199 5201 5139
f 5133 5141 5200
f 5200 5141 5202
f 5146 5147 5204
f 5203 5146 5204
f 5147 5148 5205
f 5204 5147 5205
f 5148 5149 5206
f 5205 5148 5206
f 5149 5150 5207
f 5206 5149 5207
f 5139 5201 5208
f 5209 5141 5151
f 5209 5210 5141
f 5210 5202 5141
f 5151 5152 5211
f 5209 5151 5211
f 5152 5153 5212
f 5211 5152 5212
f 5153 5154 5213
f 5212 5153 5213
f 5154 5155 5214
f 5213 5154 5214
f 5204 5215 5203
f 5216 5215 5204
f 5205 5216 5204
f 5217 5216 5205
f 5206 5217 5205
f 5218 5217 5206
f 5207 5218 5206
f 5219 5218 5207
f 5209 5220 5210
f 5211 5220 5209
f 5221 5220 5211
f 5212 5221 5211
f 5222 5221 5212
f 5213 5222 5212
f 5223 5222 5213
f 5214 5223 5213
f 5224 5223 5214
f 5167 5166 5225
f 5167 5226 5168
f 5225 5226 5167
f 5227 5168 5226
f 5227 5228 5168
f 5228 5169 5168
f 5170 5169 5229
f 5169 5228 5229
f 5171 5170 5230
f 5170 5229 5230
f 5230 5172 5171
f 5231 5172 5230
f 5174 5232 5233
f 5173 5232 5174
f 5175 5174 5234
f 5174 5233 5234
f 5176 5175 5235
f 5175 5234 5235
f 5177 5176 5236
f 5176 5235 5236
f 5237 5236 5238
f 5237 5178 5236
f 5178 5177 5236
f 5225 5239 5240
f 5225 5166 5239
f 5226 5225 5240
f 5241 5226 5240
f 5227 5226 5241
f 5172 5231 5179
f 5231 5242 5179
f 5173 5180 5232
f 5232 5180 5243
f 5237 5238 5244
f 5179 5242 5181
f 5242 5246 5181
f 5180 5182 5243
f 5243 5182 5247
f 5181 5246 5183
f 5246 5248 5183
f 5182 5184 5247
f 5247 5184 5249
f 5183 5248 5185
f 5248 5250 5185
f 5184 5186 5249
f 5249 5186 5251
f 5185 5250 5187
f 5250 5252 5187
f 5186 5188 5251
f 5251 5188 5253
f 5187 5252 5189
f 5252 5254 5189
f 5188 5190 5253
f 5253 5190 5255
f 5189 5254 5191
f 5254 5256 5191
f 5190 5192 5255
f 5255 5192 5257
f 5191 5256 5193
f 5256 5258 5193
f 5192 5194 5257
f 5257 5194 5259
f 5193 5258 5195
f 5258 5260 5195
f 5194 5196 5259
f 5259 5196 5261
f 5195 5260 5197
f 5260 5262 5197
f 5196 5198 5261
f 5261 5198 5263
f 5197 5262 5199
f 5262 5264 5199
f 5198 5200 5263
f 5263 5200 5265
f 5199 5264 5201
f 5264 5266 5201
f 5200 5202 5265
f 5265 5202 5267
f 5201 5266 5208
f 5266 5268 5208
f 5202 5210 5267
f 5267 5210 5269
f 5271 5272 5270
f 5271 5270 5216
f 5216 5270 5215
f 5216 5217 5273
f 5271 5216 5273
f 5217 5218 5274
f 5273 5217 5274
f 5275 5274 5218
f 5275 5218 5276
f 5276 5218 5219
f 5210 5277 5269
f 5220 5277 5210
f 5221 5278 5220
f 5220 5278 5277
f 5279 5280 5278
f 5279 5278 5222
f 5222 5278 5221
f 5222 5223 5281
f 5279 5222 5281
f 5282 5281 5223
f 5282 5223 5283
f 5283 5223 5224
f 5271 5284 5272
f 5273 5284 5271
f 5285 5284 5273
f 5274 5285 5273
f 5286 5285 5274
f 5275 5286 5274
f 5279 5287 5280
f 5281 5287 5279
f 5288 5287 5281
f 5282 5288 5281
f 5228 5227 5289
f 5228 5290 5229
f 5289 5290 5228
f 5229 5291 5230
f 5290 5291 5229
f 5230 5291 5231
f 5233 5232 5292
f 5233 5293 5234
f 5292 5293 5233
f 5234 5294 5235
f 5293 5294 5234
f 5235 5295 5236
f 5294 5295 5235
f 5236 5295 5238
f 5240 5296 5297
f 5239 5296 5240
f 5241 5240 5298
f 5240 5297 5298
f 5289 5227 5241
f 5289 5241 5299
f 5299 5241 5298
f 5290 5289 5299
f 5300 5290 5299
f 5291 5290 5300
f 5301 5291 5300
f 5301 5231 5291
f 5301 5302 5231
f 5302 5242 5231
f 5292 5303 5304
f 5292 5232 5303
f 5232 5243 5303
f 5293 5292 5304
f 5305 5293 5304
f 5294 5293 5305
f 5306 5294 5305
f 5295 5294 5306
f 5307 5295 5306
f 5238 5295 5307
f 5238 5307 5244
f 5244 5307 5308
f 5296 5245 5309
f 5242 5302 5246
f 5302 5310 5246
f 5243 5247 5303
f 5303 5247 5311
f 5246 5310 5248
f 5310 5312 5248
f 5247 5249 5311
f 5311 5249 5313
f 5248 5312 5250
f 5312 5314 5250
f 5249 5251 5313
f 5313 5251 5315
f 5250 5314 5252
f 5314 5316 5252
f 5251 5253 5315
f 5315 5253 5317
f 5252 5316 5254
f 5316 5318 5254
f 5253 5255 5317
f 5317 5255 5319
f 5254 5318 5256
f 5318 5320 5256
f 5255 5257 5319
f 5319 5257 5321
f 5256 5320 5258
f 5320 5322 5258
f 5257 5259 5321
f 5321 5259 5323
f 5258 5322 5260
f 5322 5324 5260
f 5259 5261 5323
f 5323 5261 5325
f 5260 5324 5262
f 5324 5326 5262
f 5261 5263 5325
f 5325 5263 5327
f 5262 5326 5264
f 5326 5328 5264
f 5263 5265 5327
f 5327 5265 5329
f 5264 5328 5266
f 5328 5330 5266
f 5265 5267 5329
f 5329 5267 5331
f 5266 5330 5268
f 5330 5332 5268
f 5267 5269 5331
f 5331 5269 5333
f 5270 5272 5334
f 5276 5335 5275
f 5268 5332 5336
f 5337 5269 5277
f 5337 5338 5269
f 5338 5333 5269
f 5277 5278 5339
f 5337 5277 5339
f 5278 5280 5339
f 5283 5340 5282
f 5272 5341 5334
f 5272 5284 5341
f 5284 5342 5341
f 5285 5343 5284
f 5284 5343 5342
f 5286 5344 5285
f 5285 5344 5343
f 5335 5286 5275
f 5335 5345 5286
f 5345 5344 5286
f 5337 5346 5338
f 5339 5346 5337
f 5347 5346 5339
f 5280 5347 5339
f 5280 5287 5347
f 5287 5348 5347
f 5288 5349 5287
f 5287 5349 5348
f 5340 5288 5282
f 5340 5350 5288
f 5350 5349 5288
f 5297 5296 5351
f 5297 5352 5298
f 5351 5352 5297
f 5298 5353 5299
f 5352 5353 5298
f 5299 5354 5300
f 5353 5354 5299
f 5300 5355 5301
f 5354 5355 5300
f 5301 5355 5302
f 5304 5303 5356
f 5304 5357 5305
f 5356 5357 5304
f 5305 5358 5306
f 5357 5358 5305
f 5306 5359 5307
f 5358 5359 5306
f 5307 5360 5308
f 5359 5360 5307
f 5351 5361 5362
f 5351 5296 5361
f 5296 5309 5361
f 5352 5351 5362
f 5363 5352 5362
f 5353 5352 5363
f 5364 5353 5363
f 5354 5353 5364
f 5365 5354 5364
f 5355 5354 5365
f 5366 5355 5365
f 5366 5302 5355
f 5366 5367 5302
f 5367 5310 5302
f 5356 5368 5369
f 5356 5303 5368
f 5303 5311 5368
f 5357 5356 5369
f 5370 5357 5369
f 5358 5357 5370
f 5371 5358 5370
f 5359 5358 5371
f 5372 5359 5371
f 5360 5359 5372
f 5373 5360 5372
f 5310 5367 5312
f 5367 5374 5312
f 5311 5313 5368
f 5368 5313 5375
f 5312 5374 5314
f 5374 5376 5314
f 5313 5315 5375
f 5375 5315 5377
f 5314 5376 5316
f 5376 5378 5316
f 5315 5317 5377
f 5377 5317 5379
f 5316 5378 5318
f 5378 5380 5318
f 5317 5319 5379
f 5379 5319 5381
f 5318 5380 5320
f 5380 5382 5320
f 5319 5321 5381
f 5381 5321 5383
f 5320 5382 5322
f 5382 5384 5322
f 5321 5323 5383
f 5383 5323 5385
f 5322 5384 5324
f 5384 5386 5324
f 5323 5325 5385
f 5385 5325 5387
f 5324 5386 5326
f 5386 5388 5326
f 5325 5327 5387
f 5387 5327 5389
f 5326 5388 5328
f 5388 5390 5328
f 5327 5329 5389
f 5389 5329 5391
f 5328 5390 5330
f 5390 5392 5330
f 5329 5331 5391
f 5391 5331 5393
f 5330 5392 5332
f 5392 5394 5332
f 5331 5333 5393
f 5393 5333 5395
f 5332 5394 5336
f 5394 5396 5336
f 5333 5338 5395
f 5395 5338 5397
f 5341 5342 5399
f 5398 5341 5399
f 5342 5343 5400
f 5399 5342 5400
f 5343 5344 5401
f 5400 5343 5401
f 5344 5345 5402
f 5401 5344 5402
f 5336 5396 5403
f 5404 5338 5346
f 5404 5405 5338
f 5405 5397 5338
f 5346 5347 5406
f 5404 5346 5406
f 5347 5348 5407
f 5406 5347 5407
f 5348 5349 5408
f 5407 5348 5408
f 5349 5350 5409
f 5408 5349 5409
f 5399 5410 5398
f 5411 5410 5399
f 5400 5411 5399
f 5412 5411 5400
f 5401 5412 5400
f 5413 5412 5401
f 5402 5413 5401
f 5414 5413 5402
f 5404 5415 5405
f 5406 5415 5404
f 5416 5415 5406
f 5407 5416 5406
f 5417 5416 5407
f 5408 5417 5407
f 5418 5417 5408
f 5409 5418 5408
f 5419 5418 5409
f 5362 5361 5420
f 5362 5421 5363
f 5420 5421 5362
f 5363 5422 5364
f 5421 5422 5363
f 5364 5423 5365
f 5422 5423 5364
f 5365 5424 5366
f 5423 5424 5365
f 5366 5424 5367
f 5369 5368 5425
f 5369 5426 5370
f 5425 5426 5369
f 5370 5427 5371
f 5426 5427 5370
f 5371 5428 5372
f 5427 5428 5371
f 5372 5429 5373
f 5428 5429 5372
f 5420 5430 5431
f 5420 5361 5430
f 5421 5420 5431
f 5432 5421 5431
f 5422 5421 5432
f 5433 5422 5432
f 5423 5422 5433
f 5434 5423 5433
f 5424 5423 5434
f 5435 5424 5434
f 5435 5367 5424
f 5435 5436 5367
f 5436 5374 5367
f 5425 5437 5438
f 5425 5368 5437
f 5368 5375 5437
f 5426 5425 5438
f 5439 5426 5438
f 5427 5426 5439
f 5440 5427 5439
f 5428 5427 5440
f 5441 5428 5440
f 5429 5428 5441
f 5442 5429 5441
f 5374 5436 5376
f 5436 5443 5376
f 5375 5377 5437
f 5437 5377 5444
f 5376 5443 5378
f 5443 5445 5378
f 5377 5379 5444
f 5444 5379 5446
f 5378 5445 5380
f 5445 5447 5380
f 5379 5381 5446
f 5446 5381 5448
f 5380 5447 5382
f 5447 5449 5382
f 5381 5383 5448
f 5448 5383 5450
f 5382 5449 5384
f 5449 5451 5384
f 5383 5385 5450
f 5450 5385 5452
f 5384 5451 5386
f 5451 5453 5386
f 5385 5387 5452
f 5452 5387 5454
f 5386 5453 5388
f 5453 5455 5388
f 5387 5389 5454
f 5454 5389 5456
f 5388 5455 5390
f 5455 5457 5390
f 5389 5391 5456
f 5456 5391 5458
f 5390 5457 5392
f 5457 5459 5392
f 5391 5393 5458
f 5458 5393 5460
f 5392 5459 5394
f 5459 5461 5394
f 5393 5395 5460
f 5460 5395 5462
f 5394 5461 5396
f 5461 5463 5396
f 5395 5397 5462
f 5462 5397 5464
f 5396 5463 5403
f 5463 5465 5403
f 5397 5405 5464
f 5464 5405 5466
f 5410 5411 5468
f 5467 5410 5468
f 5411 5412 5469
f 5468 5411 5469
f 5412 5413 5470
f 5469 5412 5470
f 5413 5414 5471
f 5470 5413 5471
f 5403 5465 5472
f 5473 5405 5415
f 5473 5474 5405
f 5474 5466 5405
f 5415 5416 5475
f 5473 5415 5475
f 5416 5417 5476
f 5475 5416 5476
f 5417 5418 5477
f 5476 5417 5477
f 5418 5419 5478
f 5477 5418 5478
f 5468 5479 5467
f 5480 5479 5468
f 5469 5480 5468
f 5481 5480 5469
f 5470 5481 5469
f 5482 5481 5470
f 5471 5482 5470
f 5483 5482 5471
f 5473 5484 5474
f 5475 5484 5473
f 5485 5484 5475
f 5476 5485 5475
f 5486 5485 5476
f 5477 5486 5476
f 5487 5486 5477
f 5478 5487 5477
f 5488 5487 5478
f 5431 5430 5489
f 5431 5490 5432
f 5489 5490 5431
f 5432 5491 5433
f 5490 5491 5432
f 5492 5433 5491
f 5492 5493 5433
f 5493 5434 5433
f 5494 5493 5495
f 5494 5435 5493
f 5435 5434 5493
f 5435 5494 5436
f 5438 5437 5496
f 5438 5497 5439
f 5496 5497 5438
f 5439 5498 5440
f 5497 5498 5439
f 5499 5440 5498
f 5499 5500 5440
f 5500 5441 5440
f 5501 5500 5502
f 5501 5442 5500
f 5442 5441 5500
f 5489 5503 5504
f 5489 5430 5503
f 5490 5489 5504
f 5505 5490 5504
f 5491 5490 5505
f 5506 5491 5505
f 5492 5491 5506
f 5494 5495 5507
f 5507 5436 5494
f 5507 5508 5436
f 5508 5443 5436
f 5496 5509 5510
f 5496 5437 5509
f 5437 5444 5509
f 5497 5496 5510
f 5511 5497 5510
f 5498 5497 5511
f 5512 5498 5511
f 5499 5498 5512
f 5501 5502 5513
f 5443 5508 5445
f 5508 5515 5445
f 5444 5446 5509
f 5509 5446 5516
f 5445 5515 5447
f 5515 5517 5447
f 5446 5448 5516
f 5516 5448 5518
f 5447 5517 5449
f 5517 5519 5449
f 5448 5450 5518
f 5518 5450 5520
f 5449 5519 5451
f 5519 5521 5451
f 5450 5452 5520
f 5520 5452 5522
f 5451 5521 5453
f 5521 5523 5453
f 5452 5454 5522
f 5522 5454 5524
f 5453 5523 5455
f 5523 5525 5455
f 5454 5456 5524
f 5524 5456 5526
f 5455 5525 5457
f 5525 5527 5457
f 5456 5458 5526
f 5526 5458 5528
f 5457 5527 5459
f 5527 5529 5459
f 5458 5460 5528
f 5528 5460 5530
f 5459 5529 5461
f 5529 5531 5461
f 5460 5462 5530
f 5530 5462 5532
f 5461 5531 5463
f 5531 5533 5463
f 5462 5464 5532
f 5532 5464 5534
f 5463 5533 5465
f 5533 5535 5465
f 5464 5466 5534
f 5534 5466 5536
f 5465 5535 5472
f 5535 5537 5472
f 5466 5474 5536
f 5536 5474 5538
f 5479 5480 5540
f 5539 5479 5540
f 5480 5481 5541
f 5540 5480 5541
f 5481 5482 5542
f 5541 5481 5542
f 5482 5483 5543
f 5542 5482 5543
f 5545 5474 5484
f 5545 5546 5474
f 5546 5538 5474
f 5484 5485 5547
f 5545 5484 5547
f 5485 5486 5548
f 5547 5485 5548
f 5486 5487 5549
f 5548 5486 5549
f 5550 5549 5487
f 5550 5487 5551
f 5551 5487 5488
f 5540 5552 5539
f 5553 5552 5540
f 5541 5553 5540
f 5554 5553 5541
f 5542 5554 5541
f 5555 5554 5542
f 5543 5555 5542
f 5556 5555 5543
f 5545 5557 5546
f 5547 5557 5545
f 5558 5557 5547
f 5548 5558 5547
f 5559 5558 5548
f 5549 5559 5548
f 5560 5559 5549
f 5550 5560 5549
f 5493 5492 5561
f 5493 5561 5495
f 5500 5499 5562
f 5500 5562 5502
f 5504 5563 5564
f 5503 5563 5504
f 5505 5504 5565
f 5504 5564 5565
f 5506 5505 5566
f 5505 5565 5566
f 5561 5492 5506
f 5561 5506 5567
f 5567 5506 5566
f 5495 5561 5567
f 5495 5567 5507
f 5507 5567 5568
f 5568 5508 5507
f 5569 5508 5568
f 5510 5570 5571
f 5509 5570 5510
f 5511 5510 5572
f 5510 5571 5572
f 5512 5511 5573
f 5511 5572 5573
f 5562 5499 5512
f 5562 5512 5574
f 5574 5512 5573
f 5575 5574 5576
f 5513 5574 5575
f 5513 5562 5574
f 5513 5502 5562
f 5563 5514 5577
f 5508 5569 5515
f 5569 5578 5515
f 5509 5516 5570
f 5570 5516 5579
f 5575 5576 5580
f 5515 5578 5517
f 5578 5581 5517
f 5516 5518 5579
f 5579 5518 5582
f 5517 5581 5519
f 5581 5583 5519
f 5518 5520 5582
f 5582 5520 5584
f 5519 5583 5521
f 5583 5585 5521
f 5520 5522 5584
f 5584 5522 5586
f 5521 5585 5523
f 5585 5587 5523
f 5522 5524 5586
f 5586 5524 5588
f 5523 5587 5525
f 5587 5589 5525
f 5524 5526 5588
f 5588 5526 5590
f 5525 5589 5527
f 5589 5591 5527
f 5526 5528 5590
f 5590 5528 5592
f 5527 5591 5529
f 5591 5593 5529
f 5528 5530 5592
f 5592 5530 5594
f 5529 5593 5531
f 5593 5595 5531
f 5530 5532 5594
f 5594 5532 5596
f 5531 5595 5533
f 5595 5597 5533
f 5532 5534 5596
f 5596 5534 5598
f 5533 5597 5535
f 5597 5599 5535
f 5534 5536 5598
f 5598 5536 5600
f 5535 5599 5537
f 5599 5601 5537
f 5536 5538 5600
f 5600 5538 5602
f 5601 5603 5544
f 5538 5546 5602
f 5602 5546 5604
f 5551 5605 5550
f 5607 5608 5606
f 5607 5606 5553
f 5553 5606 5552
f 5553 5554 5609
f 5607 5553 5609
f 5610 5609 5554
f 5610 5554 5611
f 5611 5554 5555
f 5556 5612 5555
f 5555 5612 5611
f 5546 5613 5604
f 5557 5613 5546
f 5558 5614 5557
f 5557 5614 5613
f 5559 5615 5558
f 5558 5615 5614
f 5560 5616 5559
f 5559 5616 5615
f 5605 5560 5550
f 5605 5617 5560
f 5617 5616 5560
f 5607 5618 5608
f 5609 5618 5607
f 5619 5618 5609
f 5610 5619 5609
f 5564 5563 5620
f 5564 5621 5565
f 5620 5621 5564
f 5565 5622 5566
f 5621 5622 5565
f 5566 5623 5567
f 5622 5623 5566
f 5567 5624 5568
f 5623 5624 5567
f 5568 5624 5569
f 5571 5570 5625
f 5571 5626 5572
f 5625 5626 5571
f 5572 5627 5573
f 5626 5627 5572
f 5573 5628 5574
f 5627 5628 5573
f 5574 5628 5576
f 5620 5629 5630
f 5620 5563 5629
f 5563 5577 5629
f 5621 5620 5630
f 5631 5621 5630
f 5622 5621 5631
f 5632 5622 5631
f 5623 5622 5632
f 5633 5623 5632
f 5624 5623 5633
f 5634 5624 5633
f 5634 5569 5624
f 5634 5635 5569
f 5635 5578 5569
f 5625 5636 5637
f 5625 5570 5636
f 5570 5579 5636
f 5626 5625 5637
f 5638 5626 5637
f 5627 5626 5638
f 5639 5627 5638
f 5628 5627 5639
f 5640 5628 5639
f 5576 5628 5640
f 5576 5640 5580
f 5580 5640 5641
f 5578 5635 5581
f 5635 5642 5581
f 5579 5582 5636
f 5636 5582 5643
f 5581 5642 5583
f 5642 5644 5583
f 5582 5584 5643
f 5643 5584 5645
f 5583 5644 5585
f 5644 5646 5585
f 5584 5586 5645
f 5645 5586 5647
f 5585 5646 5587
f 5646 5648 5587
f 5586 5588 5647
f 5647 5588 5649
f 5587 5648 5589
f 5648 5650 5589
f 5588 5590 5649
f 5649 5590 5651
f 5589 5650 5591
f 5650 5652 5591
f 5590 5592 5651
f 5651 5592 5653
f 5591 5652 5593
f 5652 5654 5593
f 5592 5594 5653
f 5653 5594 5655
f 5593 5654 5595
f 5654 5656 5595
f 5594 5596 5655
f 5655 5596 5657
f 5595 5656 5597
f 5656 5658 5597
f 5596 5598 5657
f 5657 5598 5659
f 5597 5658 5599
f 5658 5660 5599
f 5598 5600 5659
f 5659 5600 5661
f 5599 5660 5601
f 5660 5662 5601
f 5600 5602 5661
f 5661 5602 5663
f 5601 5662 5603
f 5662 5664 5603
f 5602 5604 5663
f 5663 5604 5665
f 5606 5608 5666
f 5611 5667 5610
f 5611 5612 5668
f 5667 5611 5668
f 5603 5664 5669
f 5670 5604 5613
f 5670 5671 5604
f 5671 5665 5604
f 5613 5614 5672
f 5670 5613 5672
f 5614 5615 5673
f 5672 5614 5673
f 5615 5616 5674
f 5673 5615 5674
f 5616 5617 5675
f 5674 5616 5675
f 5608 5676 5666
f 5608 5618 5676
f 5618 5677 5676
f 5619 5678 5618
f 5618 5678 5677
f 5667 5619 5610
f 5667 5679 5619
f 5679 5678 5619
f 5668 5679 5667
f 5680 5679 5668
f 5670 5681 5671
f 5672 5681 5670
f 5682 5681 5672
f 5673 5682 5672
f 5683 5682 5673
f 5674 5683 5673
f 5684 5683 5674
f 5675 5684 5674
f 5685 5684 5675
f 5630 5629 5686
f 5630 5687 5631
f 5686 5687 5630
f 5631 5688 5632
f 5687 5688 5631
f 5632 5689 5633
f 5688 5689 5632
f 5633 5690 5634
f 5689 5690 5633
f 5634 5690 5635
f 5637 5636 5691
f 5637 5692 5638
f 5691 5692 5637
f 5638 5693 5639
f 5692 5693 5638
f 5639 5694 5640
f 5693 5694 5639
f 5640 5695 5641
f 5694 5695 5640
f 5686 5696 5697
f 5686 5629 5696
f 5687 5686 5697
f 5698 5687 5697
f 5688 5687 5698
f 5699 5688 5698
f 5689 5688 5699
f 5700 5689 5699
f 5690 5689 5700
f 5701 5690 5700
f 5701 5635 5690
f 5701 5702 5635
f 5702 5642 5635
f 5691 5703 5704
f 5691 5636 5703
f 5636 5643 5703
f 5692 5691 5704
f 5705 5692 5704
f 5693 5692 5705
f 5706 5693 5705
f 5694 5693 5706
f 5707 5694 5706
f 5695 5694 5707
f 5708 5695 5707
f 5642 5702 5644
f 5702 5709 5644
f 5643 5645 5703
f 5703 5645 5710
f 5644 5709 5646
f 5709 5711 5646
f 5645 5647 5710
f 5710 5647 5712
f 5646 5711 5648
f 5711 5713 5648
f 5647 5649 5712
f 5712 5649 5714
f 5648 5713 5650
f 5713 5715 5650
f 5649 5651 5714
f 5714 5651 5716
f 5650 5715 5652
f 5715 5717 5652
f 5651 5653 5716
f 5716 5653 5718
f 5652 5717 5654
f 5717 5719 5654
f 5653 5655 5718
f 5718 5655 5720
f 5654 5719 5656
f 5719 5721 5656
f 5655 5657 5720
f 5720 5657 5722
f 5656 5721 5658
f 5721 5723 5658
f 5657 5659 5722
f 5722 5659 5724
f 5658 5723 5660
f 5723 5725 5660
f 5659 5661 5724
f 5724 5661 5726
f 5660 5725 5662
f 5725 5727 5662
f 5661 5663 5726
f 5726 5663 5728
f 5662 5727 5664
f 5727 5729 5664
f 5663 5665 5728
f 5728 5665 5730
f 5664 5729 5669
f 5729 5731 5669
f 5665 5671 5730
f 5730 5671 5732
f 5676 5677 5734
f 5733 5676 5734
f 5677 5678 5735
f 5734 5677 5735
f 5678 5679 5736
f 5735 5678 5736
f 5679 5680 5737
f 5736 5679 5737
f 5669 5731 5738
f 5739 5671 5681
f 5739 5740 5671
f 5740 5732 5671
f 5681 5682 5741
f 5739 5681 5741
f 5682 5683 5742
f 5741 5682 5742
f 5683 5684 5743
f 5742 5683 5743
f 5684 5685 5744
f 5743 5684 5744
f 5734 5745 5733
f 5746 5745 5734
f 5735 5746 5734
f 5747 5746 5735
f 5736 5747 5735
f 5748 5747 5736
f 5737 5748 5736
f 5749 5748 5737
f 5739 5750 5740
f 5741 5750 5739
f 5751 5750 5741
f 5742 5751 5741
f 5752 5751 5742
f 5743 5752 5742
f 5753 5752 5743
f 5744 5753 5743
f 5754 5753 5744
f 5697 5696 5755
f 5697 5756 5698
f 5755 5756 5697
f 5698 5757 5699
f 5756 5757 5698
f 5699 5758 5700
f 5757 5758 5699
f 5700 5759 5701
f 5758 5759 5700
f 5701 5759 5702
f 5704 5703 5760
f 5704 5761 5705
f 5760 5761 5704
f 5705 5762 5706
f 5761 5762 5705
f 5706 5763 5707
f 5762 5763 5706
f 5707 5764 5708
f 5763 5764 5707
f 5755 5765 5766
f 5755 5696 5765
f 5756 5755 5766
f 5767 5756 5766
f 5757 5756 5767
f 5768 5757 5767
f 5758 5757 5768
f 5769 5758 5768
f 5759 5758 5769
f 5770 5759 5769
f 5770 5702 5759
f 5770 5771 5702
f 5771 5709 5702
f 5760 5772 5773
f 5760 5703 5772
f 5703 5710 5772
f 5761 5760 5773
f 5774 5761 5773
f 5762 5761 5774
f 5775 5762 5774
f 5763 5762 5775
f 5776 5763 5775
f 5764 5763 5776
f 5777 5764 5776
f 5709 5771 5711
f 5771 5779 5711
f 5710 5712 5772
f 5772 5712 5780
f 5711 5779 5713
f 5779 5781 5713
f 5712 5714 5780
f 5780 5714 5782
f 5713 5781 5715
f 5781 5783 5715
f 5714 5716 5782
f 5782 5716 5784
f 5715 5783 5717
f 5783 5785 5717
f 5716 5718 5784
f 5784 5718 5786
f 5717 5785 5719
f 5785 5787 5719
f 5718 5720 5786
f 5786 5720 5788
f 5719 5787 5721
f 5787 5789 5721
f 5720 5722 5788
f 5788 5722 5790
f 5721 5789 5723
f 5789 5791 5723
f 5722 5724 5790
f 5790 5724 5792
f 5723 5791 5725
f 5791 5793 5725
f 5724 5726 5792
f 5792 5726 5794
f 5725 5793 5727
f 5793 5795 5727
f 5726 5728 5794
f 5794 5728 5796
f 5727 5795 5729
f 5795 5797 5729
f 5728 5730 5796
f 5796 5730 5798
f 5729 5797 5731
f 5797 5799 5731
f 5730 5732 5798
f 5798 5732 5800
f 5731 5799 5738
f 5799 5801 5738
f 5732 5740 5800
f 5800 5740 5802
f 5745 5746 5804
f 5803 5745 5804
f 5746 5747 5805
f 5804 5746 5805
f 5747 5748 5806
f 5805 5747 5806
f 5748 5749 5807
f 5806 5748 5807
f 5738 5801 5808
f 5809 5740 5750
f 5809 5810 5740
f 5810 5802 5740
f 5750 5751 5811
f 5809 5750 5811
f 5751 5752 5812
f 5811 5751 5812
f 5752 5753 5813
f 5812 5752 5813
f 5753 5754 5814
f 5813 5753 5814
f 5804 5815 5803
f 5816 5815 5804
f 5805 5816 5804
f 5817 5816 5805
f 5806 5817 5805
f 5818 5817 5806
f 5807 5818 5806
f 5819 5818 5807
f 5809 5820 5810
f 5811 5820 5809
f 5821 5820 5811
f 5812 5821 5811
f 5822 5821 5812
f 5813 5822 5812
f 5823 5822 5813
f 5814 5823 5813
f 5824 5823 5814
f 5766 5825 5826
f 5765 5825 5766
f 5767 5766 5827
f 5766 5826 5827
f 5768 5767 5828
f 5767 5827 5828
f 5769 5768 5829
f 5768 5828 5829
f 5770 5769 5830
f 5769 5829 5830
f 5830 5771 5770
f 5831 5771 5830
f 5773 5832 5833
f 5772 5832 5773
f 5774 5773 5834
f 5773 5833 5834
f 5775 5774 5835
f 5774 5834 5835
f 5776 5775 5836
f 5775 5835 5836
f 5837 5836 5838
f 5837 5777 5836
f 5777 5776 5836
f 5825 5778 5839
f 5771 5831 5779
f 5831 5840 5779
f 5772 5780 5832
f 5832 5780 5841
f 5837 5838 5842
f 5779 5840 5781
f 5840 5843 5781
f 5780 5782 5841
f 5841 5782 5844
f 5781 5843 5783
f 5843 5845 5783
f 5782 5784 5844
f 5844 5784 5846
f 5783 5845 5785
f 5845 5847 5785
f 5784 5786 5846
f 5846 5786 5848
f 5785 5847 5787
f 5847 5849 5787
f 5786 5788 5848
f 5848 5788 5850
f 5787 5849 5789
f 5849 5851 5789
f 5788 5790 5850
f 5850 5790 5852
f 5789 5851 5791
f 5851 5853 5791
f 5790 5792 5852
f 5852 5792 5854
f 5791 5853 5793
f 5853 5855 5793
f 5792 5794 5854
f 5854 5794 5856
f 5793 5855 5795
f 5855 5857 5795
f 5794 5796 5856
f 5856 5796 5858
f 5795 5857 5797
f 5857 5859 5797
f 5796 5798 5858
f 5858 5798 5860
f 5797 5859 5799
f 5859 5861 5799
f 5798 5800 5860
f 5860 5800 5862
f 5799 5861 5801
f 5861 5863 5801
f 5800 5802 5862
f 5862 5802 5864
f 5801 5863 5808
f 5863 5865 5808
f 5802 5810 5864
f 5864 5810 5866
f 5815 5816 5868
f 5867 5815 5868
f 5816 5817 5869
f 5868 5816 5869
f 5817 5818 5870
f 5869 5817 5870
f 5818 5819 5871
f 5870 5818 5871
f 5808 5865 5872
f 5873 5810 5820
f 5873 5874 5810
f 5874 5866 5810
f 5820 5821 5875
f 5873 5820 5875
f 5821 5822 5876
f 5875 5821 5876
f 5822 5823 5877
f 5876 5822 5877
f 5878 5877 5823
f 5878 5823 5879
f 5879 5823 5824
f 5868 5880 5867
f 5881 5880 5868
f 5869 5881 5868
f 5882 5881 5869
f 5870 5882 5869
f 5883 5882 5870
f 5871 5883 5870
f 5884 5883 5871
f 5873 5885 5874
f 5875 5885 5873
f 5886 5885 5875
f 5876 5886 5875
f 5887 5886 5876
f 5877 5887 5876
f 5888 5887 5877
f 5878 5888 5877
f 5826 5825 5889
f 5826 5890 5827
f 5889 5890 5826
f 5827 5891 5828
f 5890 5891 5827
f 5828 5892 5829
f 5891 5892 5828
f 5829 5893 5830
f 5892 5893 5829
f 5830 5893 5831
f 5833 5832 5894
f 5833 5895 5834
f 5894 5895 5833
f 5834 5896 5835
f 5895 5896 5834
f 5835 5897 5836
f 5896 5897 5835
f 5836 5897 5838
f 5889 5898 5899
f 5889 5825 5898
f 5825 5839 5898
f 5890 5889 5899
f 5900 5890 5899
f 5891 5890 5900
f 5901 5891 5900
f 5892 5891 5901
f 5902 5892 5901
f 5893 5892 5902
f 5903 5893 5902
f 5903 5831 5893
f 5903 5904 5831
f 5904 5840 5831
f 5894 5905 5906
f 5894 5832 5905
f 5832 5841 5905
f 5895 5894 5906
f 5907 5895 5906
f 5896 5895 5907
f 5908 5896 5907
f 5897 5896 5908
f 5909 5897 5908
f 5838 5897 5909
f 5838 5909 5842
f 5842 5909 5910
f 5840 5904 5843
f 5904 5911 5843
f 5841 5844 5905
f 5905 5844 5912
f 5843 5911 5845
f 5911 5913 5845
f 5844 5846 5912
f 5912 5846 5914
f 5845 5913 5847
f 5913 5915 5847
f 5846 5848 5914
f 5914 5848 5916
f 5847 5915 5849
f 5915 5917 5849
f 5848 5850 5916
f 5916 5850 5918
f 5849 5917 5851
f 5917 5919 5851
f 5850 5852 5918
f 5918 5852 5920
f 5851 5919 5853
f 5919 5921 5853
f 5852 5854 5920
f 5920 5854 5922
f 5853 5921 5855
f 5921 5923 5855
f 5854 5856 5922
f 5922 5856 5924
f 5855 5923 5857
f 5923 5925 5857
f 5856 5858 5924
f 5924 5858 5926
f 5857 5925 5859
f 5925 5927 5859
f 5858 5860 5926
f 5926 5860 5928
f 5859 5927 5861
f 5927 5929 5861
f 5860 5862 5928
f 5928 5862 5930
f 5861 5929 5863
f 5929 5931 5863
f 5862 5864 5930
f 5930 5864 5932
f 5863 5931 5865
f 5931 5933 5865
f 5864 5866 5932
f 5932 5866 5934
f 5865 5933 5872
f 5933 5935 5872
f 5866 5874 5934
f 5934 5874 5936
f 5879 5937 5878
f 5939 5940 5938
f 5939 5938 5881
f 5881 5938 5880
f 5881 5882 5941
f 5939 5881 5941
f 5882 5883 5942
f 5941 5882 5942
f 5943 5942 5883
f 5943 5883 5944
f 5944 5883 5884
f 5874 5945 5936
f 5885 5945 5874
f 5886 5946 5885
f 5885 5946 5945
f 5887 5947 5886
f 5886 5947 5946
f 5888 5948 5887
f 5887 5948 5947
f 5937 5888 5878
f 5937 5949 5888
f 5949 5948 5888
f 5939 5950 5940
f 5941 5950 5939
f 5951 5950 5941
f 5942 5951 5941
f 5952 5951 5942
f 5943 5952 5942
f 5899 5898 5953
f 5899 5954 5900
f 5953 5954 5899
f 5900 5955 5901
f 5954 5955 5900
f 5901 5956 5902
f 5955 5956 5901
f 5902 5957 5903
f 5956 5957 5902
f 5903 5957 5904
f 5906 5905 5958
f 5906 5959 5907
f 5958 5959 5906
f 5907 5960 5908
f 5959 5960 5907
f 5908 5961 5909
f 5960 5961 5908
f 5909 5962 5910
f 5961 5962 5909
f 5953 5963 5964
f 5953 5898 5963
f 5954 5953 5964
f 5965 5954 5964
f 5955 5954 5965
f 5966 5955 5965
f 5956 5955 5966
f 5967 5956 5966
f 5957 5956 5967
f 5968 5957 5967
f 5968 5904 5957
f 5968 5969 5904
f 5969 5911 5904
f 5958 5970 5971
f 5958 5905 5970
f 5905 5912 5970
f 5959 5958 5971
f 5972 5959 5971
f 5960 5959 5972
f 5973 5960 5972
f 5961 5960 5973
f 5974 5961 5973
f 5962 5961 5974
f 5975 5962 5974
f 5911 5969 5913
f 5969 5976 5913
f 5912 5914 5970
f 5970 5914 5977
f 5913 5976 5915
f 5976 5978 5915
f 5914 5916 5977
f 5977 5916 5979
f 5915 5978 5917
f 5978 5980 5917
f 5916 5918 5979
f 5979 5918 5981
f 5917 5980 5919
f 5980 5982 5919
f 5918 5920 5981
f 5981 5920 5983
f 5919 5982 5921
f 5982 5984 5921
f 5920 5922 5983
f 5983 5922 5985
f 5921 5984 5923
f 5984 5986 5923
f 5922 5924 5985
f 5985 5924 5987
f 5923 5986 5925
f 5986 5988 5925
f 5924 5926 5987
f 5987 5926 5989
f 5925 5988 5927
f 5988 5990 5927
f 5926 5928 5989
f 5989 5928 5991
f 5927 5990 5929
f 5990 5992 5929
f 5928 5930 5991
f 5991 5930 5993
f 5929 5992 5931
f 5992 5994 5931
f 5930 5932 5993
f 5993 5932 5995
f 5931 5994 5933
f 5994 5996 5933
f 5932 5934 5995
f 5995 5934 5997
f 5933 5996 5935
f 5996 5998 5935
f 5934 5936 5997
f 5997 5936 5999
f 5938 5940 6000
f 5944 6001 5943
f 5935 5998 6002
f 6003 5936 5945
f 6003 6004 5936
f 6004 5999 5936
f 5945 5946 6005
f 6003 5945 6005
f 5946 5947 6006
f 6005 5946 6006
f 5947 5948 6007
f 6006 5947 6007
f 5948 5949 6008
f 6007 5948 6008
f 5940 6009 6000
f 5940 5950 6009
f 5950 6010 6009
f 5951 6011 5950
f 5950 6011 6010
f 5952 6012 5951
f 5951 6012 6011
f 6001 5952 5943
f 6001 6013 5952
f 6013 6012 5952
f 6003 6014 6004
f 6005 6014 6003
f 6015 6014 6005
f 6006 6015 6005
f 6016 6015 6006
f 6007 6016 6006
f 6017 6016 6007
f 6008 6017 6007
f 6018 6017 6008
f 5964 5963 6019
f 5964 6020 5965
f 6019 6020 5964
f 5965 6021 5966
f 6020 6021 5965
f 5966 6022 5967
f 6021 6022 5966
f 5967 6023 5968
f 6022 6023 5967
f 5968 6023 5969
f 5971 5970 6024
f 5971 6025 5972
f 6024 6025 5971
f 5972 6026 5973
f 6025 6026 5972
f 5973 6027 5974
f 6026 6027 5973
f 5974 6028 5975
f 6027 6028 5974
f 6019 6029 6030
f 6019 5963 6029
f 6020 6019 6030
f 6031 6020 6030
f 6021 6020 6031
f 6032 6021 6031
f 6022 6021 6032
f 6033 6022 6032
f 6023 6022 6033
f 6034 6023 6033
f 6034 5969 6023
f 6034 6035 5969
f 6035 5976 5969
f 6024 6036 6037
f 6024 5970 6036
f 5970 5977 6036
f 6025 6024 6037
f 6038 6025 6037
f 6026 6025 6038
f 6039 6026 6038
f 6027 6026 6039
f 6040 6027 6039
f 6028 6027 6040
f 6041 6028 6040
f 5976 6035 5978
f 6035 6042 5978
f 5977 5979 6036
f 6036 5979 6043
f 5978 6042 5980
f 6042 6044 5980
f 5979 5981 6043
f 6043 5981 6045
f 5980 6044 5982
f 6044 6046 5982
f 5981 5983 6045
f 6045 5983 6047
f 5982 6046 5984
f 6046 6048 5984
f 5983 5985 6047
f 6047 5985 6049
f 5984 6048 5986
f 6048 6050 5986
f 5985 5987 6049
f 6049 5987 6051
f 5986 6050 5988
f 6050 6052 5988
f 5987 5989 6051
f 6051 5989 6053
f 5988 6052 5990
f 6052 6054 5990
f 5989 5991 6053
f 6053 5991 6055
f 5990 6054 5992
f 6054 6056 5992
f 5991 5993 6055
f 6055 5993 6057
f 5992 6056 5994
f 6056 6058 5994
f 5993 5995 6057
f 6057 5995 6059
f 5994 6058 5996
f 6058 6060 5996
f 5995 5997 6059
f 6059 5997 6061
f 5996 6060 5998
f 6060 6062 5998
f 5997 5999 6061
f 6061 5999 6063
f 5998 6062 6002
f 6062 6064 6002
f 5999 6004 6063
f 6063 6004 6065
f 6009 6010 6067
f 6066 6009 6067
f 6010 6011 6068
f 6067 6010 6068
f 6011 6012 6069
f 6068 6011 6069
f 6012 6013 6070
f 6069 6012 6070
f 6002 6064 6071
f 6072 6004 6014
f 6072 6073 6004
f 6073 6065 6004
f 6014 6015 6074
f 6072 6014 6074
f 6015 6016 6075
f 6074 6015 6075
f 6016 6017 6076
f 6075 6016 6076
f 6017 6018 6077
f 6076 6017 6077
f 6067 6078 6066
f 6079 6078 6067
f 6068 6079 6067
f 6080 6079 6068
f 6069 6080 6068
f 6081 6080 6069
f 6070 6081 6069
f 6082 6081 6070
f 6072 6083 6073
f 6074 6083 6072
f 6084 6083 6074
f 6075 6084 6074
f 6085 6084 6075
f 6076 6085 6075
f 6086 6085 6076
f 6077 6086 6076
f 6087 6086 6077
f 6030 6029 6088
f 6030 6089 6031
f 6088 6089 6030
f 6090 6031 6089
f 6090 6091 6031
f 6091 6032 6031
f 6033 6032 6092
f 6032 6091 6092
f 6093 6092 6094
f 6093 6034 6092
f 6034 6033 6092
f 6034 6093 6035
f 6037 6036 6095
f 6096 6037 6095
f 6096 6097 6037
f 6097 6038 6037
f 6039 6038 6098
f 6038 6097 6098
f 6040 6039 6099
f 6039 6098 6099
f 6100 6099 6101
f 6100 6041 6099
f 6041 6040 6099
f 6088 6102 6103
f 6088 6029 6102
f 6089 6088 6103
f 6104 6089 6103
f 6090 6089 6104
f 6093 6094 6105
f 6105 6035 6093
f 6105 6106 6035
f 6106 6042 6035
f 6095 6107 6108
f 6095 6036 6107
f 6036 6043 6107
f 6096 6095 6108
f 6100 6101 6109
f 6042 6106 6044
f 6106 6110 6044
f 6043 6045 6107
f 6107 6045 6111
f 6044 6110 6046
f 6110 6112 6046
f 6045 6047 6111
f 6111 6047 6113
f 6046 6112 6048
f 6112 6114 6048
f 6047 6049 6113
f 6113 6049 6115
f 6048 6114 6050
f 6114 6116 6050
f 6049 6051 6115
f 6115 6051 6117
f 6050 6116 6052
f 6116 6118 6052
f 6051 6053 6117
f 6117 6053 6119
f 6052 6118 6054
f 6118 6120 6054
f 6053 6055 6119
f 6119 6055 6121
f 6054 6120 6056
f 6120 6122 6056
f 6055 6057 6121
f 6121 6057 6123
f 6056 6122 6058
f 6122 6124 6058
f 6057 6059 6123
f 6123 6059 6125
f 6058 6124 6060
f 6124 6126 6060
f 6059 6061 6125
f 6125 6061 6127
f 6060 6126 6062
f 6126 6128 6062
f 6061 6063 6127
f 6127 6063 6129
f 6062 6128 6064
f 6128 6130 6064
f 6063 6065 6129
f 6129 6065 6131
f 6064 6130 6071
f 6130 6132 6071
f 6065 6073 6131
f 6131 6073 6133
f 6078 6079 6135
f 6134 6078 6135
f 6079 6080 6136
f 6135 6079 6136
f 6080 6081 6137
f 6136 6080 6137
f 6081 6082 6138
f 6137 6081 6138
f 6071 6132 6139
f 6140 6073 6083
f 6140 6141 6073
f 6141 6133 6073
f 6083 6084 6142
f 6140 6083 6142
f 6084 6085 6143
f 6142 6084 6143
f 6085 6086 6144
f 6143 6085 6144
f 6086 6087 6145
f 6144 6086 6145
f 6135 6146 6134
f 6147 6146 6135
f 6136 6147 6135
f 6148 6147 6136
f 6137 6148 6136
f 6149 6148 6137
f 6138 6149 6137
f 6150 6149 6138
f 6140 6151 6141
f 6142 6151 6140
f 6152 6151 6142
f 6143 6152 6142
f 6153 6152 6143
f 6144 6153 6143
f 6154 6153 6144
f 6145 6154 6144
f 6155 6154 6145
f 6091 6090 6156
f 6091 6157 6092
f 6156 6157 6091
f 6092 6157 6094
f 6097 6096 6158
f 6097 6159 6098
f 6158 6159 6097
f 6098 6160 6099
f 6159 6160 6098
f 6099 6160 6101
f 6103 6161 6162
f 6102 6161 6103
f 6104 6103 6163
f 6103 6162 6163
f 6156 6090 6104
f 6156 6104 6164
f 6164 6104 6163
f 6157 6156 6164
f 6165 6157 6164
f 6094 6157 6165
f 6094 6165 6105
f 6105 6165 6166
f 6166 6106 6105
f 6167 6106 6166
f 6108 6168 6169
f 6107 6168 6108
f 6158 6096 6108
f 6158 6108 6170
f 6170 6108 6169
f 6159 6158 6170
f 6171 6159 6170
f 6160 6159 6171
f 6172 6160 6171
f 6101 6160 6172
f 6101 6172 6109
f 6109 6172 6173
f 6106 6167 6110
f 6167 6174 6110
f 6107 6111 6168
f 6168 6111 6175
f 6110 6174 6112
f 6174 6176 6112
f 6111 6113 6175
f 6175 6113 6177
f 6112 6176 6114
f 6176 6178 6114
f 6113 6115 6177
f 6177 6115 6179
f 6114 6178 6116
f 6178 6180 6116
f 6115 6117 6179
f 6179 6117 6181
f 6116 6180 6118
f 6180 6182 6118
f 6117 6119 6181
f 6181 6119 6183
f 6118 6182 6120
f 6182 6184 6120
f 6119 6121 6183
f 6183 6121 6185
f 6120 6184 6122
f 6184 6186 6122
f 6121 6123 6185
f 6185 6123 6187
f 6122 6186 6124
f 6186 6188 6124
f 6123 6125 6187
f 6187 6125 6189
f 6124 6188 6126
f 6188 6190 6126
f 6125 6127 6189
f 6189 6127 6191
f 6126 6190 6128
f 6190 6192 6128
f 6127 6129 6191
f 6191 6129 6193
f 6128 6192 6130
f 6192 6194 6130
f 6129 6131 6193
f 6193 6131 6195
f 6130 6194 6132
f 6194 6196 6132
f 6131 6133 6195
f 6195 6133 6197
f 6132 6196 6139
f 6196 6198 6139
f 6133 6141 6197
f 6197 6141 6199
f 6146 6147 6201
f 6200 6146 6201
f 6147 6148 6202
f 6201 6147 6202
f 6148 6149 6203
f 6202 6148 6203
f 6149 6150 6204
f 6203 6149 6204
f 6206 6141 6151
f 6206 6207 6141
f 6207 6199 6141
f 6151 6152 6208
f 6206 6151 6208
f 6152 6153 6209
f 6208 6152 6209
f 6153 6154 6210
f 6209 6153 6210
f 6211 6210 6154
f 6211 6154 6212
f 6212 6154 6155
f 6201 6213 6200
f 6214 6213 6201
f 6202 6214 6201
f 6215 6214 6202
f 6203 6215 6202
f 6216 6215 6203
f 6204 6216 6203
f 6217 6216 6204
f 6206 6218 6207
f 6208 6218 6206
f 6219 6218 6208
f 6209 6219 6208
f 6220 6219 6209
f 6210 6220 6209
f 6221 6220 6210
f 6211 6221 6210
f 6162 6161 6222
f 6162 6223 6163
f 6222 6223 6162
f 6163 6224 6164
f 6223 6224 6163
f 6164 6225 6165
f 6224 6225 6164
f 6165 6226 6166
f 6225 6226 6165
f 6166 6226 6167
f 6169 6168 6227
f 6169 6228 6170
f 6227 6228 6169
f 6170 6229 6171
f 6228 6229 6170
f 6171 6230 6172
f 6229 6230 6171
f 6172 6231 6173
f 6230 6231 6172
f 6222 6232 6233
f 6222 6161 6232
f 6223 6222 6233
f 6234 6223 6233
f 6224 6223 6234
f 6235 6224 6234
f 6225 6224 6235
f 6236 6225 6235
f 6226 6225 6236
f 6237 6226 6236
f 6237 6167 6226
f 6237 6238 6167
f 6238 6174 6167
f 6227 6239 6240
f 6227 6168 6239
f 6168 6175 6239
f 6228 6227 6240
f 6241 6228 6240
f 6229 6228 6241
f 6242 6229 6241
f 6230 6229 6242
f 6243 6230 6242
f 6231 6230 6243
f 6244 6231 6243
f 6174 6238 6176
f 6238 6245 6176
f 6175 6177 6239
f 6239 6177 6246
f 6176 6245 6178
f 6245 6247 6178
f 6177 6179 6246
f 6246 6179 6248
f 6178 6247 6180
f 6247 6249 6180
f 6179 6181 6248
f 6248 6181 6250
f 6180 6249 6182
f 6249 6251 6182
f 6181 6183 6250
f 6250 6183 6252
f 6182 6251 6184
f 6251 6253 6184
f 6183 6185 6252
f 6252 6185 6254
f 6184 6253 6186
f 6253 6255 6186
f 6185 6187 6254
f 6254 6187 6256
f 6186 6255 6188
f 6255 6257 6188
f 6187 6189 6256
f 6256 6189 6258
f 6188 6257 6190
f 6257 6259 6190
f 6189 6191 6258
f 6258 6191 6260
f 6190 6259 6192
f 6259 6261 6192
f 6191 6193 6260
f 6260 6193 6262
f 6192 6261 6194
f 6261 6263 6194
f 6193 6195 6262
f 6262 6195 6264
f 6194 6263 6196
f 6263 6265 6196
f 6195 6197 6264
f 6264 6197 6266
f 6196 6265 6198
f 6265 6267 6198
f 6197 6199 6266
f 6266 6199 6268
f 6267 6269 6205
f 6199 6207 6268
f 6268 6207 6270
f 6212 6271 6211
f 6214 6273 6213
f 6213 6273 6272
f 6215 6274 6214
f 6214 6274 6273
f 6216 6275 6215
f 6215 6275 6274
f 6217 6276 6216
f 6216 6276 6275
f 6207 6277 6270
f 6218 6277 6207
f 6219 6278 6218
f 6218 6278 6277
f 6220 6279 6219
f 6219 6279 6278
f 6221 6280 6220
f 6220 6280 6279
f 6271 6221 6211
f 6271 6281 6221
f 6281 6280 6221
f 6233 6232 6282
f 6233 6283 6234
f 6282 6283 6233
f 6234 6284 6235
f 6283 6284 6234
f 6235 6285 6236
f 6284 6285 6235
f 6236 6286 6237
f 6285 6286 6236
f 6237 6286 6238
f 6240 6239 6287
f 6240 6288 6241
f 6287 6288 6240
f 6241 6289 6242
f 6288 6289 6241
f 6242 6290 6243
f 6289 6290 6242
f 6243 6291 6244
f 6290 6291 6243
f 6282 6292 6293
f 6282 6232 6292
f 6283 6282 6293
f 6294 6283 6293
f 6284 6283 6294
f 6295 6284 6294
f 6285 6284 6295
f 6296 6285 6295
f 6286 6285 6296
f 6297 6286 6296
f 6297 6238 6286
f 6297 6298 6238
f 6298 6245 6238
f 6287 6299 6300
f 6287 6239 6299
f 6239 6246 6299
f 6288 6287 6300
f 6301 6288 6300
f 6289 6288 6301
f 6302 6289 6301
f 6290 6289 6302
f 6303 6290 6302
f 6291 6290 6303
f 6304 6291 6303
f 6245 6298 6247
f 6298 6305 6247
f 6246 6248 6299
f 6299 6248 6306
f 6247 6305 6249
f 6305 6307 6249
f 6248 6250 6306
f 6306 6250 6308
f 6249 6307 6251
f 6307 6309 6251
f 6250 6252 6308
f 6308 6252 6310
f 6251 6309 6253
f 6309 6311 6253
f 6252 6254 6310
f 6310 6254 6312
f 6253 6311 6255
f 6311 6313 6255
f 6254 6256 6312
f 6312 6256 6314
f 6255 6313 6257
f 6313 6315 6257
f 6256 6258 6314
f 6314 6258 6316
f 6257 6315 6259
f 6315 6317 6259
f 6258 6260 6316
f 6316 6260 6318
f 6259 6317 6261
f 6317 6319 6261
f 6260 6262 6318
f 6318 6262 6320
f 6261 6319 6263
f 6319 6321 6263
f 6262 6264 6320
f 6320 6264 6322
f 6263 6321 6265
f 6321 6323 6265
f 6264 6266 6322
f 6322 6266 6324
f 6265 6323 6267
f 6323 6325 6267
f 6266 6268 6324
f 6324 6268 6326
f 6267 6325 6269
f 6325 6327 6269
f 6268 6270 6326
f 6326 6270 6328
f 6272 6273 6330
f 6329 6272 6330
f 6273 6274 6331
f 6330 6273 6331
f 6274 6275 6332
f 6331 6274 6332
f 6275 6276 6333
f 6332 6275 6333
f 6269 6327 6334
f 6335 6270 6277
f 6335 6336 6270
f 6336 6328 6270
f 6277 6278 6337
f 6335 6277 6337
f 6278 6279 6338
f 6337 6278 6338
f 6279 6280 6339
f 6338 6279 6339
f 6280 6281 6340
f 6339 6280 6340
f 6330 6341 6329
f 6342 6341 6330
f 6331 6342 6330
f 6343 6342 6331
f 6332 6343 6331
f 6344 6343 6332
f 6333 6344 6332
f 6345 6344 6333
f 6335 6346 6336
f 6337 6346 6335
f 6347 6346 6337
f 6338 6347 6337
f 6348 6347 6338
f 6339 6348 6338
f 6349 6348 6339
f 6340 6349 6339
f 6350 6349 6340
f 6293 6292 6351
f 6293 6352 6294
f 6351 6352 6293
f 6294 6353 6295
f 6352 6353 6294
f 6295 6354 6296
f 6353 6354 6295
f 6296 6355 6297
f 6354 6355 6296
f 6297 6355 6298
f 6300 6299 6356
f 6357 6300 6356
f 6357 6358 6300
f 6358 6301 6300
f 6302 6301 6359
f 6301 6358 6359
f 6303 6302 6360
f 6302 6359 6360
f 6361 6360 6362
f 6361 6304 6360
f 6304 6303 6360
f 6351 6363 6364
f 6351 6292 6363
f 6352 6351 6364
f 6365 6352 6364
f 6353 6352 6365
f 6366 6353 6365
f 6354 6353 6366
f 6367 6354 6366
f 6355 6354 6367
f 6368 6355 6367
f 6368 6298 6355
f 6368 6369 6298
f 6369 6305 6298
f 6356 6370 6371
f 6356 6299 6370
f 6299 6306 6370
f 6357 6356 6371
f 6361 6362 6372
f 6305 6369 6307
f 6369 6373 6307
f 6306 6308 6370
f 6370 6308 6374
f 6307 6373 6309
f 6373 6375 6309
f 6308 6310 6374
f 6374 6310 6376
f 6309 6375 6311
f 6375 6377 6311
f 6310 6312 6376
f 6376 6312 6378
f 6311 6377 6313
f 6377 6379 6313
f 6312 6314 6378
f 6378 6314 6380
f 6313 6379 6315
f 6379 6381 6315
f 6314 6316 6380
f 6380 6316 6382
f 6315 6381 6317
f 6381 6383 6317
f 6316 6318 6382
f 6382 6318 6384
f 6317 6383 6319
f 6383 6385 6319
f 6318 6320 6384
f 6384 6320 6386
f 6319 6385 6321
f 6385 6387 6321
f 6320 6322 6386
f 6386 6322 6388
f 6321 6387 6323
f 6387 6389 6323
f 6322 6324 6388
f 6388 6324 6390
f 6323 6389 6325
f 6389 6391 6325
f 6324 6326 6390
f 6390 6326 6392
f 6325 6391 6327
f 6391 6393 6327
f 6326 6328 6392
f 6392 6328 6394
f 6327 6393 6334
f 6393 6395 6334
f 6328 6336 6394
f 6394 6336 6396
f 6341 6342 6398
f 6397 6341 6398
f 6342 6343 6399
f 6398 6342 6399
f 6343 6344 6400
f 6399 6343 6400
f 6344 6345 6401
f 6400 6344 6401
f 6334 6395 6402
f 6403 6336 6346
f 6403 6404 6336
f 6404 6396 6336
f 6346 6347 6405
f 6403 6346 6405
f 6347 6348 6406
f 6405 6347 6406
f 6348 6349 6407
f 6406 6348 6407
f 6349 6350 6408
f 6407 6349 6408
f 6398 6409 6397
f 6410 6409 6398
f 6399 6410 6398
f 6411 6410 6399
f 6400 6411 6399
f 6412 6411 6400
f 6401 6412 6400
f 6413 6412 6401
f 6403 6414 6404
f 6405 6414 6403
f 6415 6414 6405
f 6406 6415 6405
f 6416 6415 6406
f 6407 6416 6406
f 6417 6416 6407
f 6408 6417 6407
f 6418 6417 6408
f 6358 6357 6419
f 6358 6420 6359
f 6419 6420 6358
f 6359 6421 6360
f 6420 6421 6359
f 6360 6421 6362
f 6364 6363 6422
f 6423 6364 6422
f 6423 6424 6364
f 6424 6365 6364
f 6366 6365 6425
f 6365 6424 6425
f 6367 6366 6426
f 6366 6425 6426
f 6368 6367 6427
f 6367 6426 6427
f 6427 6369 6368
f 6428 6369 6427
f 6371 6429 6430
f 6370 6429 6371
f 6419 6357 6371
f 6419 6371 6431
f 6431 6371 6430
f 6420 6419 6431
f 6432 6420 6431
f 6421 6420 6432
f 6433 6421 6432
f 6362 6421 6433
f 6362 6433 6372
f 6372 6433 6434
f 6422 6435 6436
f 6422 6363 6435
f 6423 6422 6436
f 6369 6428 6373
f 6428 6437 6373
f 6370 6374 6429
f 6429 6374 6438
f 6373 6437 6375
f 6437 6439 6375
f 6374 6376 6438
f 6438 6376 6440
f 6375 6439 6377
f 6439 6441 6377
f 6376 6378 6440
f 6440 6378 6442
f 6377 6441 6379
f 6441 6443 6379
f 6378 6380 6442
f 6442 6380 6444
f 6379 6443 6381
f 6443 6445 6381
f 6380 6382 6444
f 6444 6382 6446
f 6381 6445 6383
f 6445 6447 6383
f 6382 6384 6446
f 6446 6384 6448
f 6383 6447 6385
f 6447 6449 6385
f 6384 6386 6448
f 6448 6386 6450
f 6385 6449 6387
f 6449 6451 6387
f 6386 6388 6450
f 6450 6388 6452
f 6387 6451 6389
f 6451 6453 6389
f 6388 6390 6452
f 6452 6390 6454
f 6389 6453 6391
f 6453 6455 6391
f 6390 6392 6454
f 6454 6392 6456
f 6391 6455 6393
f 6455 6457 6393
f 6392 6394 6456
f 6456 6394 6458
f 6393 6457 6395
f 6457 6459 6395
f 6394 6396 6458
f 6458 6396 6460
f 6395 6459 6402
f 6459 6461 6402
f 6396 6404 6460
f 6460 6404 6462
f 6409 6410 6464
f 6463 6409 6464
f 6410 6411 6465
f 6464 6410 6465
f 6411 6412 6466
f 6465 6411 6466
f 6412 6413 6467
f 6466 6412 6467
f 6402 6461 6468
f 6469 6404 6414
f 6469 6470 6404
f 6470 6462 6404
f 6414 6415 6471
f 6469 6414 6471
f 6415 6416 6472
f 6471 6415 6472
f 6416 6417 6473
f 6472 6416 6473
f 6474 6473 6417
f 6474 6417 6475
f 6475 6417 6418
f 6464 6476 6463
f 6477 6476 6464
f 6465 6477 6464
f 6478 6477 6465
f 6466 6478 6465
f 6479 6478 6466
f 6467 6479 6466
f 6480 6479 6467
f 6469 6481 6470
f 6471 6481 6469
f 6482 6481 6471
f 6472 6482 6471
f 6483 6482 6472
f 6473 6483 6472
f 6484 6483 6473
f 6474 6484 6473
f 6424 6423 6485
f 6424 6486 6425
f 6485 6486 6424
f 6425 6487 6426
f 6486 6487 6425
f 6426 6488 6427
f 6487 6488 6426
f 6427 6488 6428
f 6430 6429 6489
f 6430 6490 6431
f 6489 6490 6430
f 6431 6491 6432
f 6490 6491 6431
f 6432 6492 6433
f 6491 6492 6432
f 6433 6493 6434
f 6492 6493 6433
f 6436 6494 6495
f 6435 6494 6436
f 6485 6423 6436
f 6485 6436 6496
f 6496 6436 6495
f 6486 6485 6496
f 6497 6486 6496
f 6487 6486 6497
f 6498 6487 6497
f 6488 6487 6498
f 6499 6488 6498
f 6499 6428 6488
f 6499 6500 6428
f 6500 6437 6428
f 6489 6501 6502
f 6489 6429 6501
f 6429 6438 6501
f 6490 6489 6502
f 6503 6490 6502
f 6491 6490 6503
f 6504 6491 6503
f 6492 6491 6504
f 6505 6492 6504
f 6493 6492 6505
f 6506 6493 6505
f 6437 6500 6439
f 6500 6507 6439
f 6438 6440 6501
f 6501 6440 6508
f 6439 6507 6441
f 6507 6509 6441
f 6440 6442 6508
f 6508 6442 6510
f 6441 6509 6443
f 6509 6511 6443
f 6442 6444 6510
f 6510 6444 6512
f 6443 6511 6445
f 6511 6513 6445
f 6444 6446 6512
f 6512 6446 6514
f 6445 6513 6447
f 6513 6515 6447
f 6446 6448 6514
f 6514 6448 6516
f 6447 6515 6449
f 6515 6517 6449
f 6448 6450 6516
f 6516 6450 6518
f 6449 6517 6451
f 6517 6519 6451
f 6450 6452 6518
f 6518 6452 6520
f 6451 6519 6453
f 6519 6521 6453
f 6452 6454 6520
f 6520 6454 6522
f 6453 6521 6455
f 6521 6523 6455
f 6454 6456 6522
f 6522 6456 6524
f 6455 6523 6457
f 6523 6525 6457
f 6456 6458 6524
f 6524 6458 6526
f 6457 6525 6459
f 6525 6527 6459
f 6458 6460 6526
f 6526 6460 6528
f 6459 6527 6461
f 6527 6529 6461
f 6460 6462 6528
f 6528 6462 6530
f 6461 6529 6468
f 6529 6531 6468
f 6462 6470 6530
f 6530 6470 6532
f 6475 6533 6474
f 6535 6536 6534
f 6535 6534 6477
f 6477 6534 6476
f 6477 6478 6537
f 6535 6477 6537
f 6478 6479 6538
f 6537 6478 6538
f 6539 6538 6479
f 6539 6479 6540
f 6540 6479 6480
f 6540 6480 6531
f 6470 6541 6532
f 6481 6541 6470
f 6482 6542 6481
f 6481 6542 6541
f 6483 6543 6482
f 6482 6543 6542
f 6484 6544 6483
f 6483 6544 6543
f 6533 6484 6474
f 6533 6545 6484
f 6545 6544 6484
f 6535 6546 6536
f 6537 6546 6535
f 6547 6546 6537
f 6538 6547 6537
f 6548 6547 6538
f 6539 6548 6538
f 6495 6494 6549
f 6495 6550 6496
f 6549 6550 6495
f 6496 6551 6497
f 6550 6551 6496
f 6497 6552 6498
f 6551 6552 6497
f 6498 6553 6499
f 6552 6553 6498
f 6499 6553 6500
f 6502 6501 6554
f 6502 6555 6503
f 6554 6555 6502
f 6503 6556 6504
f 6555 6556 6503
f 6504 6557 6505
f 6556 6557 6504
f 6505 6558 6506
f 6557 6558 6505
f 6549 6559 6560
f 6549 6494 6559
f 6550 6549 6560
f 6561 6550 6560
f 6551 6550 6561
f 6562 6551 6561
f 6552 6551 6562
f 6563 6552 6562
f 6553 6552 6563
f 6564 6553 6563
f 6564 6500 6553
f 6564 6565 6500
f 6565 6507 6500
f 6554 6566 6567
f 6554 6501 6566
f 6501 6508 6566
f 6555 6554 6567
f 6568 6555 6567
f 6556 6555 6568
f 6569 6556 6568
f 6557 6556 6569
f 6570 6557 6569
f 6558 6557 6570
f 6571 6558 6570
f 6507 6565 6509
f 6565 6572 6509
f 6508 6510 6566
f 6566 6510 6573
f 6509 6572 6511
f 6572 6574 6511
f 6510 6512 6573
f 6573 6512 6575
f 6511 6574 6513
f 6574 6576 6513
f 6512 6514 6575
f 6575 6514 6577
f 6513 6576 6515
f 6576 6578 6515
f 6514 6516 6577
f 6577 6516 6579
f 6515 6578 6517
f 6578 6580 6517
f 6516 6518 6579
f 6579 6518 6581
f 6517 6580 6519
f 6580 6582 6519
f 6518 6520 6581
f 6581 6520 6583
f 6519 6582 6521
f 6582 6584 6521
f 6520 6522 6583
f 6583 6522 6585
f 6521 6584 6523
f 6584 6586 6523
f 6522 6524 6585
f 6585 6524 6587
f 6523 6586 6525
f 6586 6588 6525
f 6524 6526 6587
f 6587 6526 6589
f 6525 6588 6527
f 6588 6590 6527
f 6526 6528 6589
f 6589 6528 6591
f 6527 6590 6529
f 6590 6592 6529
f 6528 6530 6591
f 6591 6530 6593
f 6529 6592 6531
f 6592 6594 6531
f 6530 6532 6593
f 6593 6532 6595
f 6534 6536 6596
f 6540 6597 6539
f 6540 6598 6597
f 6540 6531 6598
f 6531 6594 6598
f 6599 6532 6541
f 6599 6600 6532
f 6600 6595 6532
f 6541 6542 6601
f 6599 6541 6601
f 6542 6543 6602
f 6601 6542 6602
f 6543 6544 6603
f 6602 6543 6603
f 6544 6545 6604
f 6603 6544 6604
f 6536 6605 6596
f 6536 6546 6605
f 6546 6606 6605
f 6547 6607 6546
f 6546 6607 6606
f 6548 6608 6547
f 6547 6608 6607
f 6597 6548 6539
f 6597 6609 6548
f 6609 6608 6548
f 6598 6609 6597
f 6599 6610 6600
f 6601 6610 6599
f 6611 6610 6601
f 6602 6611 6601
f 6612 6611 6602
f 6603 6612 6602
f 6613 6612 6603
f 6604 6613 6603
f 6614 6613 6604
f 6560 6559 6615
f 6560 6616 6561
f 6615 6616 6560
f 6561 6617 6562
f 6616 6617 6561
f 6562 6618 6563
f 6617 6618 6562
f 6563 6619 6564
f 6618 6619 6563
f 6564 6619 6565
f 6567 6566 6620
f 6567 6621 6568
f 6620 6621 6567
f 6568 6622 6569
f 6621 6622 6568
f 6569 6623 6570
f 6622 6623 6569
f 6570 6624 6571
f 6623 6624 6570
f 6615 6625 6626
f 6615 6559 6625
f 6616 6615 6626
f 6627 6616 6626
f 6617 6616 6627
f 6628 6617 6627
f 6618 6617 6628
f 6629 6618 6628
f 6619 6618 6629
f 6630 6619 6629
f 6630 6565 6619
f 6630 6631 6565
f 6631 6572 6565
f 6620 6632 6633
f 6620 6566 6632
f 6566 6573 6632
f 6621 6620 6633
f 6634 6621 6633
f 6622 6621 6634
f 6635 6622 6634
f 6623 6622 6635
f 6636 6623 6635
f 6624 6623 6636
f 6637 6624 6636
f 6572 6631 6574
f 6631 6638 6574
f 6573 6575 6632
f 6632 6575 6639
f 6574 6638 6576
f 6638 6640 6576
f 6575 6577 6639
f 6639 6577 6641
f 6576 6640 6578
f 6640 6642 6578
f 6577 6579 6641
f 6641 6579 6643
f 6578 6642 6580
f 6642 6644 6580
f 6579 6581 6643
f 6643 6581 6645
f 6580 6644 6582
f 6644 6646 6582
f 6581 6583 6645
f 6645 6583 6647
f 6582 6646 6584
f 6646 6648 6584
f 6583 6585 6647
f 6647 6585 6649
f 6584 6648 6586
f 6648 6650 6586
f 6585 6587 6649
f 6649 6587 6651
f 6586 6650 6588
f 6650 6652 6588
f 6587 6589 6651
f 6651 6589 6653
f 6588 6652 6590
f 6652 6654 6590
f 6589 6591 6653
f 6653 6591 6655
f 6590 6654 6592
f 6654 6656 6592
f 6591 6593 6655
f 6655 6593 6657
f 6592 6656 6594
f 6656 6658 6594
f 6593 6595 6657
f 6657 6595 6659
f 6594 6658 6598
f 6658 6660 6598
f 6595 6600 6659
f 6659 6600 6661
f 6605 6606 6663
f 6662 6605 6663
f 6606 6607 6664
f 6663 6606 6664
f 6607 6608 6665
f 6664 6607 6665
f 6608 6609 6666
f 6665 6608 6666
f 6609 6667 6666
f 6609 6598 6667
f 6598 6660 6667
f 6668 6600 6610
f 6668 6669 6600
f 6669 6661 6600
f 6610 6611 6670
f 6668 6610 6670
f 6611 6612 6671
f 6670 6611 6671
f 6612 6613 6672
f 6671 6612 6672
f 6613 6614 6673
f 6672 6613 6673
f 6663 6674 6662
f 6675 6674 6663
f 6664 6675 6663
f 6676 6675 6664
f 6665 6676 6664
f 6677 6676 6665
f 6666 6677 6665
f 6678 6677 6666
f 6667 6678 6666
f 6668 6679 6669
f 6670 6679 6668
f 6680 6679 6670
f 6671 6680 6670
f 6681 6680 6671
f 6672 6681 6671
f 6682 6681 6672
f 6673 6682 6672
f 6683 6682 6673
f 6626 6625 6684
f 6685 6626 6684
f 6685 6686 6626
f 6686 6627 6626
f 6628 6627 6687
f 6627 6686 6687
f 6629 6628 6688
f 6628 6687 6688
f 6689 6688 6690
f 6689 6630 6688
f 6630 6629 6688
f 6630 6689 6631
f 6633 6691 6692
f 6632 6691 6633
f 6634 6633 6693
f 6633 6692 6693
f 6635 6634 6694
f 6634 6693 6694
f 6636 6635 6695
f 6635 6694 6695
f 6696 6695 6697
f 6696 6637 6695
f 6637 6636 6695
f 6684 6698 6699
f 6684 6625 6698
f 6685 6684 6699
f 6689 6690 6700
f 6700 6631 6689
f 6700 6701 6631
f 6701 6638 6631
f 6632 6639 6691
f 6691 6639 6702
f 6696 6697 6703
f 6638 6701 6640
f 6701 6704 6640
f 6639 6641 6702
f 6702 6641 6705
f 6640 6704 6642
f 6704 6706 6642
f 6641 6643 6705
f 6705 6643 6707
f 6642 6706 6644
f 6706 6708 6644
f 6643 6645 6707
f 6707 6645 6709
f 6644 6708 6646
f 6708 6710 6646
f 6645 6647 6709
f 6709 6647 6711
f 6646 6710 6648
f 6710 6712 6648
f 6647 6649 6711
f 6711 6649 6713
f 6648 6712 6650
f 6712 6714 6650
f 6649 6651 6713
f 6713 6651 6715
f 6650 6714 6652
f 6714 6716 6652
f 6651 6653 6715
f 6715 6653 6717
f 6652 6716 6654
f 6716 6718 6654
f 6653 6655 6717
f 6717 6655 6719
f 6654 6718 6656
f 6718 6720 6656
f 6655 6657 6719
f 6719 6657 6721
f 6656 6720 6658
f 6720 6722 6658
f 6657 6659 6721
f 6721 6659 6723
f 6658 6722 6660
f 6722 6724 6660
f 6659 6661 6723
f 6723 6661 6725
f 6660 6724 6667
f 6724 6726 6667
f 6661 6669 6725
f 6725 6669 6727
f 6674 6675 6729
f 6728 6674 6729
f 6675 6676 6730
f 6729 6675 6730
f 6676 6677 6731
f 6730 6676 6731
f 6677 6678 6732
f 6731 6677 6732
f 6678 6733 6732
f 6678 6667 6733
f 6667 6726 6733
f 6734 6669 6679
f 6734 6735 6669
f 6735 6727 6669
f 6679 6680 6736
f 6734 6679 6736
f 6680 6681 6737
f 6736 6680 6737
f 6681 6682 6738
f 6737 6681 6738
f 6682 6683 6739
f 6738 6682 6739
f 6729 6740 6728
f 6741 6740 6729
f 6730 6741 6729
f 6742 6741 6730
f 6731 6742 6730
f 6743 6742 6731
f 6732 6743 6731
f 6744 6743 6732
f 6733 6744 6732
f 6734 6745 6735
f 6736 6745 6734
f 6746 6745 6736
f 6737 6746 6736
f 6747 6746 6737
f 6738 6747 6737
f 6748 6747 6738
f 6739 6748 6738
f 6749 6748 6739
f 6686 6685 6750
f 6686 6751 6687
f 6750 6751 6686
f 6687 6752 6688
f 6751 6752 6687
f 6688 6752 6690
f 6692 6691 6753
f 6692 6754 6693
f 6753 6754 6692
f 6693 6755 6694
f 6754 6755 6693
f 6694 6756 6695
f 6755 6756 6694
f 6695 6756 6697
f 6699 6757 6758
f 6698 6757 6699
f 6750 6685 6699
f 6750 6699 6759
f 6759 6699 6758
f 6751 6750 6759
f 6760 6751 6759
f 6752 6751 6760
f 6761 6752 6760
f 6690 6752 6761
f 6690 6761 6700
f 6700 6761 6762
f 6762 6701 6700
f 6763 6701 6762
f 6753 6764 6765
f 6753 6691 6764
f 6691 6702 6764
f 6754 6753 6765
f 6766 6754 6765
f 6755 6754 6766
f 6767 6755 6766
f 6756 6755 6767
f 6768 6756 6767
f 6697 6756 6768
f 6697 6768 6703
f 6703 6768 6769
f 6701 6763 6704
f 6763 6770 6704
f 6702 6705 6764
f 6764 6705 6771
f 6704 6770 6706
f 6770 6772 6706
f 6705 6707 6771
f 6771 6707 6773
f 6706 6772 6708
f 6772 6774 6708
f 6707 6709 6773
f 6773 6709 6775
f 6708 6774 6710
f 6774 6776 6710
f 6709 6711 6775
f 6775 6711 6777
f 6710 6776 6712
f 6776 6778 6712
f 6711 6713 6777
f 6777 6713 6779
f 6712 6778 6714
f 6778 6780 6714
f 6713 6715 6779
f 6779 6715 6781
f 6714 6780 6716
f 6780 6782 6716
f 6715 6717 6781
f 6781 6717 6783
f 6716 6782 6718
f 6782 6784 6718
f 6717 6719 6783
f 6783 6719 6785
f 6718 6784 6720
f 6784 6786 6720
f 6719 6721 6785
f 6785 6721 6787
f 6720 6786 6722
f 6786 6788 6722
f 6721 6723 6787
f 6787 6723 6789
f 6722 6788 6724
f 6788 6790 6724
f 6723 6725 6789
f 6789 6725 6791
f 6724 6790 6726
f 6790 6792 6726
f 6725 6727 6791
f 6791 6727 6793
f 6726 6792 6733
f 6792 6794 6733
f 6727 6735 6793
f 6793 6735 6795
f 6740 6741 6797
f 6796 6740 6797
f 6741 6742 6798
f 6797 6741 6798
f 6742 6743 6799
f 6798 6742 6799
f 6743 6744 6800
f 6799 6743 6800
f 6744 6801 6800
f 6744 6733 6801
f 6733 6794 6801
f 6802 6735 6745
f 6802 6803 6735
f 6803 6795 6735
f 6745 6746 6804
f 6802 6745 6804
f 6746 6747 6805
f 6804 6746 6805
f 6747 6748 6806
f 6805 6747 6806
f 6807 6806 6748
f 6807 6748 6808
f 6808 6748 6749
f 6797 6809 6796
f 6810 6809 6797
f 6798 6810 6797
f 6811 6810 6798
f 6799 6811 6798
f 6812 6811 6799
f 6800 6812 6799
f 6813 6812 6800
f 6801 6813 6800
f 6802 6814 6803
f 6804 6814 6802
f 6815 6814 6804
f 6805 6815 6804
f 6816 6815 6805
f 6806 6816 6805
f 6817 6816 6806
f 6807 6817 6806
f 6758 6757 6818
f 6758 6819 6759
f 6818 6819 6758
f 6759 6820 6760
f 6819 6820 6759
f 6760 6821 6761
f 6820 6821 6760
f 6761 6822 6762
f 6821 6822 6761
f 6762 6822 6763
f 6765 6764 6823
f 6765 6824 6766
f 6823 6824 6765
f 6766 6825 6767
f 6824 6825 6766
f 6767 6826 6768
f 6825 6826 6767
f 6768 6827 6769
f 6826 6827 6768
f 6818 6828 6829
f 6818 6757 6828
f 6819 6818 6829
f 6830 6819 6829
f 6820 6819 6830
f 6831 6820 6830
f 6821 6820 6831
f 6832 6821 6831
f 6822 6821 6832
f 6833 6822 6832
f 6833 6763 6822
f 6833 6834 6763
f 6834 6770 6763
f 6823 6835 6836
f 6823 6764 6835
f 6764 6771 6835
f 6824 6823 6836
f 6837 6824 6836
f 6825 6824 6837
f 6838 6825 6837
f 6826 6825 6838
f 6839 6826 6838
f 6827 6826 6839
f 6840 6827 6839
f 6770 6834 6772
f 6834 6841 6772
f 6771 6773 6835
f 6835 6773 6842
f 6772 6841 6774
f 6841 6843 6774
f 6773 6775 6842
f 6842 6775 6844
f 6774 6843 6776
f 6843 6845 6776
f 6775 6777 6844
f 6844 6777 6846
f 6776 6845 6778
f 6845 6847 6778
f 6777 6779 6846
f 6846 6779 6848
f 6778 6847 6780
f 6847 6849 6780
f 6779 6781 6848
f 6848 6781 6850
f 6780 6849 6782
f 6849 6851 6782
f 6781 6783 6850
f 6850 6783 6852
f 6782 6851 6784
f 6851 6853 6784
f 6783 6785 6852
f 6852 6785 6854
f 6784 6853 6786
f 6853 6855 6786
f 6785 6787 6854
f 6854 6787 6856
f 6786 6855 6788
f 6855 6857 6788
f 6787 6789 6856
f 6856 6789 6858
f 6788 6857 6790
f 6857 6859 6790
f 6789 6791 6858
f 6858 6791 6860
f 6790 6859 6792
f 6859 6861 6792
f 6791 6793 6860
f 6860 6793 6862
f 6792 6861 6794
f 6861 6863 6794
f 6793 6795 6862
f 6862 6795 6864
f 6794 6863 6801
f 6863 6865 6801
f 6795 6803 6864
f 6864 6803 6866
f 6808 6867 6807
f 6810 6869 6809
f 6809 6869 6868
f 6811 6870 6810
f 6810 6870 6869
f 6812 6871 6811
f 6811 6871 6870
f 6813 6872 6812
f 6812 6872 6871
f 6865 6813 6801
f 6872 6813 6865
f 6803 6873 6866
f 6814 6873 6803
f 6815 6874 6814
f 6814 6874 6873
f 6816 6875 6815
f 6815 6875 6874
f 6817 6876 6816
f 6816 6876 6875
f 6867 6817 6807
f 6867 6877 6817
f 6877 6876 6817
f 6829 6828 6878
f 6829 6879 6830
f 6878 6879 6829
f 6830 6880 6831
f 6879 6880 6830
f 6831 6881 6832
f 6880 6881 6831
f 6832 6882 6833
f 6881 6882 6832
f 6833 6882 6834
f 6836 6835 6883
f 6836 6884 6837
f 6883 6884 6836
f 6837 6885 6838
f 6884 6885 6837
f 6838 6886 6839
f 6885 6886 6838
f 6839 6887 6840
f 6886 6887 6839
f 6878 6888 6889
f 6878 6828 6888
f 6879 6878 6889
f 6890 6879 6889
f 6880 6879 6890
f 6891 6880 6890
f 6881 6880 6891
f 6892 6881 6891
f 6882 6881 6892
f 6893 6882 6892
f 6893 6834 6882
f 6893 6894 6834
f 6894 6841 6834
f 6883 6895 6896
f 6883 6835 6895
f 6835 6842 6895
f 6884 6883 6896
f 6897 6884 6896
f 6885 6884 6897
f 6898 6885 6897
f 6886 6885 6898
f 6899 6886 6898
f 6887 6886 6899
f 6900 6887 6899
f 6841 6894 6843
f 6894 6901 6843
f 6842 6844 6895
f 6895 6844 6902
f 6843 6901 6845
f 6901 6903 6845
f 6844 6846 6902
f 6902 6846 6904
f 6845 6903 6847
f 6903 6905 6847
f 6846 6848 6904
f 6904 6848 6906
f 6847 6905 6849
f 6905 6907 6849
f 6848 6850 6906
f 6906 6850 6908
f 6849 6907 6851
f 6907 6909 6851
f 6850 6852 6908
f 6908 6852 6910
f 6851 6909 6853
f 6909 6911 6853
f 6852 6854 6910
f 6910 6854 6912
f 6853 6911 6855
f 6911 6913 6855
f 6854 6856 6912
f 6912 6856 6914
f 6855 6913 6857
f 6913 6915 6857
f 6856 6858 6914
f 6914 6858 6916
f 6857 6915 6859
f 6915 6917 6859
f 6858 6860 6916
f 6916 6860 6918
f 6859 6917 6861
f 6917 6919 6861
f 6860 6862 6918
f 6918 6862 6920
f 6861 6919 6863
f 6919 6921 6863
f 6862 6864 6920
f 6920 6864 6922
f 6863 6921 6865
f 6921 6923 6865
f 6864 6866 6922
f 6922 6866 6924
f 6868 6869 6926
f 6925 6868 6926
f 6869 6870 6927
f 6926 6869 6927
f 6870 6871 6928
f 6927 6870 6928
f 6871 6872 6929
f 6928 6871 6929
f 6872 6930 6929
f 6872 6865 6930
f 6865 6923 6930
f 6931 6866 6873
f 6931 6932 6866
f 6932 6924 6866
f 6873 6874 6933
f 6931 6873 6933
f 6874 6875 6934
f 6933 6874 6934
f 6875 6876 6935
f 6934 6875 6935
f 6876 6877 6936
f 6935 6876 6936
f 6926 6937 6925
f 6938 6937 6926
f 6927 6938 6926
f 6939 6938 6927
f 6928 6939 6927
f 6940 6939 6928
f 6929 6940 6928
f 6941 6940 6929
f 6930 6941 6929
f 6931 6942 6932
f 6933 6942 6931
f 6943 6942 6933
f 6934 6943 6933
f 6944 6943 6934
f 6935 6944 6934
f 6945 6944 6935
f 6936 6945 6935
f 6946 6945 6936
f 6889 6888 6947
f 6889 6948 6890
f 6947 6948 6889
f 6890 6949 6891
f 6948 6949 6890
f 6891 6950 6892
f 6949 6950 6891
f 6892 6951 6893
f 6950 6951 6892
f 6893 6951 6894
f 6896 6895 6952
f 6953 6896 6952
f 6953 6954 6896
f 6954 6897 6896
f 6898 6897 6955
f 6897 6954 6955
f 6899 6898 6956
f 6898 6955 6956
f 6957 6956 6958
f 6957 6900 6956
f 6900 6899 6956
f 6947 6959 6960
f 6947 6888 6959
f 6948 6947 6960
f 6961 6948 6960
f 6949 6948 6961
f 6962 6949 6961
f 6950 6949 6962
f 6963 6950 6962
f 6951 6950 6963
f 6964 6951 6963
f 6964 6894 6951
f 6964 6965 6894
f 6965 6901 6894
f 6952 6966 6967
f 6952 6895 6966
f 6895 6902 6966
f 6953 6952 6967
f 6957 6958 6968
f 6901 6965 6903
f 6965 6970 6903
f 6902 6904 6966
f 6966 6904 6971
f 6903 6970 6905
f 6970 6972 6905
f 6904 6906 6971
f 6971 6906 6973
f 6905 6972 6907
f 6972 6974 6907
f 6906 6908 6973
f 6973 6908 6975
f 6907 6974 6909
f 6974 6976 6909
f 6908 6910 6975
f 6975 6910 6977
f 6909 6976 6911
f 6976 6978 6911
f 6910 6912 6977
f 6977 6912 6979
f 6911 6978 6913
f 6978 6980 6913
f 6912 6914 6979
f 6979 6914 6981
f 6913 6980 6915
f 6980 6982 6915
f 6914 6916 6981
f 6981 6916 6983
f 6915 6982 6917
f 6982 6984 6917
f 6916 6918 6983
f 6983 6918 6985
f 6917 6984 6919
f 6984 6986 6919
f 6918 6920 6985
f 6985 6920 6987
f 6919 6986 6921
f 6986 6988 6921
f 6920 6922 6987
f 6987 6922 6989
f 6921 6988 6923
f 6988 6990 6923
f 6922 6924 6989
f 6989 6924 6991
f 6923 6990 6930
f 6990 6992 6930
f 6924 6932 6991
f 6991 6932 6993
f 6937 6938 6995
f 6994 6937 6995
f 6938 6939 6996
f 6995 6938 6996
f 6939 6940 6997
f 6996 6939 6997
f 6940 6941 6998
f 6997 6940 6998
f 6941 6999 6998
f 6941 6930 6999
f 6930 6992 6999
f 7000 6932 6942
f 7000 7001 6932
f 7001 6993 6932
f 6942 6943 7002
f 7000 6942 7002
f 6943 6944 7003
f 7002 6943 7003
f 6944 6945 7004
f 7003 6944 7004
f 6945 6946 7005
f 7004 6945 7005
f 6995 7006 6994
f 7007 7006 6995
f 6996 7007 6995
f 7008 7007 6996
f 6997 7008 6996
f 7009 7008 6997
f 6998 7009 6997
f 7010 7009 6998
f 6999 7010 6998
f 7000 7011 7001
f 7002 7011 7000
f 7012 7011 7002
f 7003 7012 7002
f 7013 7012 7003
f 7004 7013 7003
f 7014 7013 7004
f 7005 7014 7004
f 7015 7014 7005
f 6954 6953 7016
f 6954 7017 6955
f 7016 7017 6954
f 6955 7018 6956
f 7017 7018 6955
f 6956 7018 6958
f 6960 7019 7020
f 6959 7019 6960
f 6961 6960 7021
f 6960 7020 7021
f 6962 6961 7022
f 6961 7021 7022
f 6963 6962 7023
f 6962 7022 7023
f 6964 6963 7024
f 6963 7023 7024
f 7024 6965 6964
f 7025 6965 7024
f 6967 7026 7027
f 6966 7026 6967
f 7016 6953 6967
f 7016 6967 7028
f 7028 6967 7027
f 7017 7016 7028
f 7029 7017 7028
f 7018 7017 7029
f 7030 7018 7029
f 7031 7030 7032
f 6968 7030 7031
f 6968 7018 7030
f 6968 6958 7018
f 7019 6969 7033
f 6965 7025 6970
f 7025 7034 6970
f 6966 6971 7026
f 7026 6971 7035
f 7031 7032 7036
f 6970 7034 6972
f 7034 7037 6972
f 6971 6973 7035
f 7035 6973 7038
f 6972 7037 6974
f 7037 7039 6974
f 6973 6975 7038
f 7038 6975 7040
f 6974 7039 6976
f 7039 7041 6976
f 6975 6977 7040
f 7040 6977 7042
f 6976 7041 6978
f 7041 7043 6978
f 6977 6979 7042
f 7042 6979 7044
f 6978 7043 6980
f 7043 7045 6980
f 6979 6981 7044
f 7044 6981 7046
f 6980 7045 6982
f 7045 7047 6982
f 6981 6983 7046
f 7046 6983 7048
f 6982 7047 6984
f 7047 7049 6984
f 6983 6985 7048
f 7048 6985 7050
f 6984 7049 6986
f 7049 7051 6986
f 6985 6987 7050
f 7050 6987 7052
f 6986 7051 6988
f 7051 7053 6988
f 6987 6989 7052
f 7052 6989 7054
f 6988 7053 6990
f 7053 7055 6990
f 6989 6991 7054
f 7054 6991 7056
f 6990 7055 6992
f 7055 7057 6992
f 6991 6993 7056
f 7056 6993 7058
f 6992 7057 6999
f 7057 7059 6999
f 6993 7001 7058
f 7058 7001 7060
f 7006 7007 7062
f 7061 7006 7062
f 7007 7008 7063
f 7062 7007 7063
f 7008 7009 7064
f 7063 7008 7064
f 7009 7010 7065
f 7064 7009 7065
f 7010 7066 7065
f 7010 6999 7066
f 6999 7059 7066
f 7067 7001 7011
f 7067 7068 7001
f 7068 7060 7001
f 7011 7012 7069
f 7067 7011 7069
f 7012 7013 7070
f 7069 7012 7070
f 7013 7014 7071
f 7070 7013 7071
f 7014 7015 7072
f 7071 7014 7072
f 7062 7073 7061
f 7074 7073 7062
f 7063 7074 7062
f 7075 7074 7063
f 7064 7075 7063
f 7076 7075 7064
f 7065 7076 7064
f 7077 7076 7065
f 7066 7077 7065
f 7067 7078 7068
f 7069 7078 7067
f 7079 7078 7069
f 7070 7079 7069
f 7080 7079 7070
f 7071 7080 7070
f 7081 7080 7071
f 7072 7081 7071
f 7082 7081 7072
f 7020 7019 7083
f 7020 7084 7021
f 7083 7084 7020
f 7021 7085 7022
f 7084 7085 7021
f 7022 7086 7023
f 7085 7086 7022
f 7023 7087 7024
f 7086 7087 7023
f 7024 7087 7025
f 7027 7026 7088
f 7027 7089 7028
f 7088 7089 7027
f 7028 7090 7029
f 7089 7090 7028
f 7029 7091 7030
f 7090 7091 7029
f 7030 7091 7032
f 7083 7092 7093
f 7083 7019 7092
f 7019 7033 7092
f 7084 7083 7093
f 7094 7084 7093
f 7085 7084 7094
f 7095 7085 7094
f 7086 7085 7095
f 7096 7086 7095
f 7087 7086 7096
f 7097 7087 7096
f 7097 7025 7087
f 7097 7098 7025
f 7098 7034 7025
f 7088 7099 7100
f 7088 7026 7099
f 7026 7035 7099
f 7089 7088 7100
f 7101 7089 7100
f 7090 7089 7101
f 7102 7090 7101
f 7091 7090 7102
f 7103 7091 7102
f 7032 7091 7103
f 7032 7103 7036
f 7036 7103 7104
f 7034 7098 7037
f 7098 7105 7037
f 7035 7038 7099
f 7099 7038 7106
f 7037 7105 7039
f 7105 7107 7039
f 7038 7040 7106
f 7106 7040 7108
f 7039 7107 7041
f 7107 7109 7041
f 7040 7042 7108
f 7108 7042 7110
f 7041 7109 7043
f 7109 7111 7043
f 7042 7044 7110
f 7110 7044 7112
f 7043 7111 7045
f 7111 7113 7045
f 7044 7046 7112
f 7112 7046 7114
f 7045 7113 7047
f 7113 7115 7047
f 7046 7048 7114
f 7114 7048 7116
f 7047 7115 7049
f 7115 7117 7049
f 7048 7050 7116
f 7116 7050 7118
f 7049 7117 7051
f 7117 7119 7051
f 7050 7052 7118
f 7118 7052 7120
f 7051 7119 7053
f 7119 7121 7053
f 7052 7054 7120
f 7120 7054 7122
f 7053 7121 7055
f 7121 7123 7055
f 7054 7056 7122
f 7122 7056 7124
f 7055 7123 7057
f 7123 7125 7057
f 7056 7058 7124
f 7124 7058 7126
f 7057 7125 7059
f 7125 7127 7059
f 7058 7060 7126
f 7126 7060 7128
f 7059 7127 7066
f 7127 7129 7066
f 7060 7068 7128
f 7128 7068 7130
f 7132 7133 7131
f 7132 7131 7074
f 7074 7131 7073
f 7074 7075 7134
f 7132 7074 7134
f 7075 7076 7135
f 7134 7075 7135
f 7076 7077 7136
f 7135 7076 7136
f 7077 7137 7136
f 7077 7066 7137
f 7066 7129 7137
f 7068 7138 7130
f 7078 7138 7068
f 7079 7139 7078
f 7078 7139 7138
f 7080 7140 7079
f 7079 7140 7139
f 7141 7142 7140
f 7141 7140 7081
f 7081 7140 7080
f 7143 7141 7081
f 7143 7081 7144
f 7144 7081 7082
f 7132 7145 7133
f 7134 7145 7132
f 7146 7145 7134
f 7135 7146 7134
f 7147 7146 7135
f 7136 7147 7135
f 7148 7147 7136
f 7137 7148 7136
f 7141 7149 7142
f 7143 7149 7141
f 7093 7092 7150
f 7093 7151 7094
f 7150 7151 7093
f 7094 7152 7095
f 7151 7152 7094
f 7095 7153 7096
f 7152 7153 7095
f 7096 7154 7097
f 7153 7154 7096
f 7097 7154 7098
f 7100 7099 7155
f 7100 7156 7101
f 7155 7156 7100
f 7101 7157 7102
f 7156 7157 7101
f 7102 7158 7103
f 7157 7158 7102
f 7103 7159 7104
f 7158 7159 7103
f 7150 7160 7161
f 7150 7092 7160
f 7151 7150 7161
f 7162 7151 7161
f 7152 7151 7162
f 7163 7152 7162
f 7153 7152 7163
f 7164 7153 7163
f 7154 7153 7164
f 7165 7154 7164
f 7165 7098 7154
f 7165 7166 7098
f 7166 7105 7098
f 7155 7167 7168
f 7155 7099 7167
f 7099 7106 7167
f 7156 7155 7168
f 7169 7156 7168
f 7157 7156 7169
f 7170 7157 7169
f 7158 7157 7170
f 7171 7158 7170
f 7159 7158 7171
f 7172 7159 7171
f 7105 7166 7107
f 7166 7173 7107
f 7106 7108 7167
f 7167 7108 7174
f 7107 7173 7109
f 7173 7175 7109
f 7108 7110 7174
f 7174 7110 7176
f 7109 7175 7111
f 7175 7177 7111
f 7110 7112 7176
f 7176 7112 7178
f 7111 7177 7113
f 7177 7179 7113
f 7112 7114 7178
f 7178 7114 7180
f 7113 7179 7115
f 7179 7181 7115
f 7114 7116 7180
f 7180 7116 7182
f 7115 7181 7117
f 7181 7183 7117
f 7116 7118 7182
f 7182 7118 7184
f 7117 7183 7119
f 7183 7185 7119
f 7118 7120 7184
f 7184 7120 7186
f 7119 7185 7121
f 7185 7187 7121
f 7120 7122 7186
f 7186 7122 7188
f 7121 7187 7123
f 7187 7189 7123
f 7122 7124 7188
f 7188 7124 7190
f 7123 7189 7125
f 7189 7191 7125
f 7124 7126 7190
f 7190 7126 7192
f 7125 7191 7127
f 7191 7193 7127
f 7126 7128 7192
f 7192 7128 7194
f 7127 7193 7129
f 7193 7195 7129
f 7128 7130 7194
f 7194 7130 7196
f 7131 7133 7197
f 7129 7195 7137
f 7195 7198 7137
f 7199 7130 7138
f 7199 7200 7130
f 7200 7196 7130
f 7138 7139 7201
f 7199 7138 7201
f 7139 7140 7202
f 7201 7139 7202
f 7140 7142 7202
f 7144 7203 7143
f 7133 7204 7197
f 7133 7145 7204
f 7145 7205 7204
f 7146 7206 7145
f 7145 7206 7205
f 7147 7207 7146
f 7146 7207 7206
f 7148 7208 7147
f 7147 7208 7207
f 7198 7148 7137
f 7208 7148 7198
f 7199 7209 7200
f 7201 7209 7199
f 7210 7209 7201
f 7202 7210 7201
f 7211 7210 7202
f 7142 7211 7202
f 7142 7149 7211
f 7149 7212 7211
f 7203 7149 7143
f 7203 7213 7149
f 7213 7212 7149
f 7161 7160 7214
f 7161 7215 7162
f 7214 7215 7161
f 7162 7216 7163
f 7215 7216 7162
f 7163 7217 7164
f 7216 7217 7163
f 7164 7218 7165
f 7217 7218 7164
f 7165 7218 7166
f 7168 7167 7219
f 7168 7220 7169
f 7219 7220 7168
f 7221 7169 7220
f 7221 7222 7169
f 7222 7170 7169
f 7223 7222 7224
f 7223 7171 7222
f 7171 7170 7222
f 7171 7225 7172
f 7223 7225 7171
f 7214 7226 7227
f 7214 7160 7226
f 7215 7214 7227
f 7228 7215 7227
f 7216 7215 7228
f 7229 7216 7228
f 7217 7216 7229
f 7230 7217 7229
f 7218 7217 7230
f 7231 7218 7230
f 7231 7166 7218
f 7231 7232 7166
f 7232 7173 7166
f 7219 7233 7234
f 7219 7167 7233
f 7167 7174 7233
f 7220 7219 7234
f 7235 7220 7234
f 7221 7220 7235
f 7223 7224 7236
f 7225 7223 7236
f 7237 7225 7236
f 7173 7232 7175
f 7232 7238 7175
f 7174 7176 7233
f 7233 7176 7239
f 7175 7238 7177
f 7238 7240 7177
f 7176 7178 7239
f 7239 7178 7241
f 7177 7240 7179
f 7240 7242 7179
f 7178 7180 7241
f 7241 7180 7243
f 7179 7242 7181
f 7242 7244 7181
f 7180 7182 7243
f 7243 7182 7245
f 7181 7244 7183
f 7244 7246 7183
f 7182 7184 7245
f 7245 7184 7247
f 7183 7246 7185
f 7246 7248 7185
f 7184 7186 7247
f 7247 7186 7249
f 7185 7248 7187
f 7248 7250 7187
f 7186 7188 7249
f 7249 7188 7251
f 7187 7250 7189
f 7250 7252 7189
f 7188 7190 7251
f 7251 7190 7253
f 7189 7252 7191
f 7252 7254 7191
f 7190 7192 7253
f 7253 7192 7255
f 7191 7254 7193
f 7254 7256 7193
f 7192 7194 7255
f 7255 7194 7257
f 7193 7256 7195
f 7256 7258 7195
f 7194 7196 7257
f 7257 7196 7259
f 7195 7258 7198
f 7258 7260 7198
f 7196 7200 7259
f 7259 7200 7261
f 7204 7205 7263
f 7262 7204 7263
f 7205 7206 7264
f 7263 7205 7264
f 7206 7207 7265
f 7264 7206 7265
f 7207 7208 7266
f 7265 7207 7266
f 7208 7267 7266
f 7208 7198 7267
f 7198 7260 7267
f 7268 7200 7209
f 7268 7269 7200
f 7269 7261 7200
f 7209 7210 7270
f 7268 7209 7270
f 7210 7211 7271
f 7270 7210 7271
f 7211 7212 7272
f 7271 7211 7272
f 7212 7213 7273
f 7272 7212 7273
f 7263 7274 7262
f 7275 7274 7263
f 7264 7275 7263
f 7276 7275 7264
f 7265 7276 7264
f 7277 7276 7265
f 7266 7277 7265
f 7278 7277 7266
f 7267 7278 7266
f 7268 7279 7269
f 7270 7279 7268
f 7280 7279 7270
f 7271 7280 7270
f 7281 7280 7271
f 7272 7281 7271
f 7282 7281 7272
f 7273 7282 7272
f 7283 7282 7273
f 7222 7221 7284
f 7222 7284 7224
f 7227 7226 7285
f 7286 7227 7285
f 7286 7287 7227
f 7287 7228 7227
f 7229 7228 7288
f 7228 7287 7288
f 7230 7229 7289
f 7229 7288 7289
f 7231 7230 7290
f 7230 7289 7290
f 7290 7232 7231
f 7291 7232 7290
f 7234 7292 7293
f 7233 7292 7234
f 7235 7234 7294
f 7234 7293 7294
f 7284 7221 7235
f 7284 7235 7295
f 7295 7235 7294
f 7224 7284 7295
f 7224 7295 7236
f 7236 7295 7296
f 7297 7296 7298
f 7297 7237 7296
f 7237 7236 7296
f 7285 7299 7300
f 7285 7226 7299
f 7286 7285 7300
f 7232 7291 7238
f 7291 7301 7238
f 7233 7239 7292
f 7292 7239 7302
f 7297 7298 7303
f 7238 7301 7240
f 7301 7304 7240
f 7239 7241 7302
f 7302 7241 7305
f 7240 7304 7242
f 7304 7306 7242
f 7241 7243 7305
f 7305 7243 7307
f 7242 7306 7244
f 7306 7308 7244
f 7243 7245 7307
f 7307 7245 7309
f 7244 7308 7246
f 7308 7310 7246
f 7245 7247 7309
f 7309 7247 7311
f 7246 7310 7248
f 7310 7312 7248
f 7247 7249 7311
f 7311 7249 7313
f 7248 7312 7250
f 7312 7314 7250
f 7249 7251 7313
f 7313 7251 7315
f 7250 7314 7252
f 7314 7316 7252
f 7251 7253 7315
f 7315 7253 7317
f 7252 7316 7254
f 7316 7318 7254
f 7253 7255 7317
f 7317 7255 7319
f 7254 7318 7256
f 7318 7320 7256
f 7255 7257 7319
f 7319 7257 7321
f 7256 7320 7258
f 7320 7322 7258
f 7257 7259 7321
f 7321 7259 7323
f 7258 7322 7260
f 7322 7324 7260
f 7259 7261 7323
f 7323 7261 7325
f 7260 7324 7267
f 7324 7326 7267
f 7261 7269 7325
f 7325 7269 7327
f 7274 7275 7329
f 7328 7274 7329
f 7275 7276 7330
f 7329 7275 7330
f 7276 7277 7331
f 7330 7276 7331
f 7277 7278 7332
f 7331 7277 7332
f 7278 7333 7332
f 7278 7267 7333
f 7267 7326 7333
f 7334 7269 7279
f 7334 7335 7269
f 7335 7327 7269
f 7279 7280 7336
f 7334 7279 7336
f 7280 7281 7337
f 7336 7280 7337
f 7281 7282 7338
f 7337 7281 7338
f 7282 7283 7339
f 7338 7282 7339
f 7329 7340 7328
f 7341 7340 7329
f 7330 7341 7329
f 7342 7341 7330
f 7331 7342 7330
f 7343 7342 7331
f 7332 7343 7331
f 7344 7343 7332
f 7333 7344 7332
f 7334 7345 7335
f 7336 7345 7334
f 7346 7345 7336
f 7337 7346 7336
f 7347 7346 7337
f 7338 7347 7337
f 7348 7347 7338
f 7339 7348 7338
f 7349 7348 7339
f 7287 7286 7350
f 7287 7351 7288
f 7350 7351 7287
f 7288 7352 7289
f 7351 7352 7288
f 7289 7353 7290
f 7352 7353 7289
f 7290 7353 7291
f 7293 7292 7354
f 7293 7355 7294
f 7354 7355 7293
f 7294 7356 7295
f 7355 7356 7294
f 7295 7357 7296
f 7356 7357 7295
f 7296 7357 7298
f 7300 7358 7359
f 7299 7358 7300
f 7350 7286 7300
f 7350 7300 7360
f 7360 7300 7359
f 7351 7350 7360
f 7361 7351 7360
f 7352 7351 7361
f 7362 7352 7361
f 7353 7352 7362
f 7363 7353 7362
f 7363 7291 7353
f 7363 7364 7291
f 7364 7301 7291
f 7354 7365 7366
f 7354 7292 7365
f 7292 7302 7365
f 7355 7354 7366
f 7367 7355 7366
f 7356 7355 7367
f 7368 7356 7367
f 7357 7356 7368
f 7369 7357 7368
f 7298 7357 7369
f 7298 7369 7303
f 7303 7369 7370
f 7301 7364 7304
f 7364 7371 7304
f 7302 7305 7365
f 7365 7305 7372
f 7304 7371 7306
f 7371 7373 7306
f 7305 7307 7372
f 7372 7307 7374
f 7306 7373 7308
f 7373 7375 7308
f 7307 7309 7374
f 7374 7309 7376
f 7308 7375 7310
f 7375 7377 7310
f 7309 7311 7376
f 7376 7311 7378
f 7310 7377 7312
f 7377 7379 7312
f 7311 7313 7378
f 7378 7313 7380
f 7312 7379 7314
f 7379 7381 7314
f 7313 7315 7380
f 7380 7315 7382
f 7314 7381 7316
f 7381 7383 7316
f 7315 7317 7382
f 7382 7317 7384
f 7316 7383 7318
f 7383 7385 7318
f 7317 7319 7384
f 7384 7319 7386
f 7318 7385 7320
f 7385 7387 7320
f 7319 7321 7386
f 7386 7321 7388
f 7320 7387 7322
f 7387 7389 7322
f 7321 7323 7388
f 7388 7323 7390
f 7322 7389 7324
f 7389 7391 7324
f 7323 7325 7390
f 7390 7325 7392
f 7324 7391 7326
f 7391 7393 7326
f 7325 7327 7392
f 7392 7327 7394
f 7326 7393 7333
f 7393 7395 7333
f 7327 7335 7394
f 7394 7335 7396
f 7340 7341 7398
f 7397 7340 7398
f 7341 7342 7399
f 7398 7341 7399
f 7342 7343 7400
f 7399 7342 7400
f 7343 7344 7401
f 7400 7343 7401
f 7344 7402 7401
f 7344 7333 7402
f 7333 7395 7402
f 7403 7335 7345
f 7403 7404 7335
f 7404 7396 7335
f 7345 7346 7405
f 7403 7345 7405
f 7346 7347 7406
f 7405 7346 7406
f 7347 7348 7407
f 7406 7347 7407
f 7408 7407 7348
f 7408 7348 7409
f 7409 7348 7349
f 7398 7410 7397
f 7411 7410 7398
f 7399 7411 7398
f 7412 7411 7399
f 7400 7412 7399
f 7413 7412 7400
f 7401 7413 7400
f 7414 7413 7401
f 7402 7414 7401
f 7403 7415 7404
f 7405 7415 7403
f 7416 7415 7405
f 7406 7416 7405
f 7417 7416 7406
f 7407 7417 7406
f 7418 7417 7407
f 7408 7418 7407
f 7359 7358 7419
f 7359 7420 7360
f 7419 7420 7359
f 7360 7421 7361
f 7420 7421 7360
f 7361 7422 7362
f 7421 7422 7361
f 7362 7423 7363
f 7422 7423 7362
f 7363 7423 7364
f 7366 7365 7424
f 7366 7425 7367
f 7424 7425 7366
f 7367 7426 7368
f 7425 7426 7367
f 7368 7427 7369
f 7426 7427 7368
f 7369 7428 7370
f 7427 7428 7369
f 7419 7429 7430
f 7419 7358 7429
f 7420 7419 7430
f 7431 7420 7430
f 7421 7420 7431
f 7432 7421 7431
f 7422 7421 7432
f 7433 7422 7432
f 7423 7422 7433
f 7434 7423 7433
f 7434 7364 7423
f 7434 7435 7364
f 7435 7371 7364
f 7424 7436 7437
f 7424 7365 7436
f 7365 7372 7436
f 7425 7424 7437
f 7438 7425 7437
f 7426 7425 7438
f 7439 7426 7438
f 7427 7426 7439
f 7440 7427 7439
f 7428 7427 7440
f 7441 7428 7440
f 7371 7435 7373
f 7435 7442 7373
f 7372 7374 7436
f 7436 7374 7443
f 7373 7442 7375
f 7442 7444 7375
f 7374 7376 7443
f 7443 7376 7445
f 7375 7444 7377
f 7444 7446 7377
f 7376 7378 7445
f 7445 7378 7447
f 7377 7446 7379
f 7446 7448 7379
f 7378 7380 7447
f 7447 7380 7449
f 7379 7448 7381
f 7448 7450 7381
f 7380 7382 7449
f 7449 7382 7451
f 7381 7450 7383
f 7450 7452 7383
f 7382 7384 7451
f 7451 7384 7453
f 7383 7452 7385
f 7452 7454 7385
f 7384 7386 7453
f 7453 7386 7455
f 7385 7454 7387
f 7454 7456 7387
f 7386 7388 7455
f 7455 7388 7457
f 7387 7456 7389
f 7456 7458 7389
f 7388 7390 7457
f 7457 7390 7459
f 7389 7458 7391
f 7458 7460 7391
f 7390 7392 7459
f 7459 7392 7461
f 7391 7460 7393
f 7460 7462 7393
f 7392 7394 7461
f 7461 7394 7463
f 7393 7462 7395
f 7462 7464 7395
f 7394 7396 7463
f 7463 7396 7465
f 7395 7464 7402
f 7464 7466 7402
f 7396 7404 7465
f 7465 7404 7467
f 7409 7468 7408
f 7411 7470 7410
f 7410 7470 7469
f 7412 7471 7411
f 7411 7471 7470
f 7413 7472 7412
f 7412 7472 7471
f 7414 7473 7413
f 7413 7473 7472
f 7466 7414 7402
f 7473 7414 7466
f 7404 7474 7467
f 7415 7474 7404
f 7416 7475 7415
f 7415 7475 7474
f 7417 7476 7416
f 7416 7476 7475
f 7418 7477 7417
f 7417 7477 7476
f 7468 7418 7408
f 7468 7478 7418
f 7478 7477 7418
f 7430 7429 7479
f 7430 7480 7431
f 7479 7480 7430
f 7431 7481 7432
f 7480 7481 7431
f 7432 7482 7433
f 7481 7482 7432
f 7433 7483 7434
f 7482 7483 7433
f 7434 7483 7435
f 7437 7436 7484
f 7437 7485 7438
f 7484 7485 7437
f 7438 7486 7439
f 7485 7486 7438
f 7439 7487 7440
f 7486 7487 7439
f 7440 7488 7441
f 7487 7488 7440
f 7479 7489 7490
f 7479 7429 7489
f 7480 7479 7490
f 7491 7480 7490
f 7481 7480 7491
f 7492 7481 7491
f 7482 7481 7492
f 7493 7482 7492
f 7483 7482 7493
f 7494 7483 7493
f 7494 7435 7483
f 7494 7495 7435
f 7495 7442 7435
f 7484 7496 7497
f 7484 7436 7496
f 7436 7443 7496
f 7485 7484 7497
f 7498 7485 7497
f 7486 7485 7498
f 7499 7486 7498
f 7487 7486 7499
f 7500 7487 7499
f 7488 7487 7500
f 7501 7488 7500
f 7442 7495 7444
f 7495 7502 7444
f 7443 7445 7496
f 7496 7445 7503
f 7444 7502 7446
f 7502 7504 7446
f 7445 7447 7503
f 7503 7447 7505
f 7446 7504 7448
f 7504 7506 7448
f 7447 7449 7505
f 7505 7449 7507
f 7448 7506 7450
f 7506 7508 7450
f 7449 7451 7507
f 7507 7451 7509
f 7450 7508 7452
f 7508 7510 7452
f 7451 7453 7509
f 7509 7453 7511
f 7452 7510 7454
f 7510 7512 7454
f 7453 7455 7511
f 7511 7455 7513
f 7454 7512 7456
f 7512 7514 7456
f 7455 7457 7513
f 7513 7457 7515
f 7456 7514 7458
f 7514 7516 7458
f 7457 7459 7515
f 7515 7459 7517
f 7458 7516 7460
f 7516 7518 7460
f 7459 7461 7517
f 7517 7461 7519
f 7460 7518 7462
f 7518 7520 7462
f 7461 7463 7519
f 7519 7463 7521
f 7462 7520 7464
f 7520 7522 7464
f 7463 7465 7521
f 7521 7465 7523
f 7464 7522 7466
f 7522 7524 7466
f 7465 7467 7523
f 7523 7467 7525
f 7469 7470 7527
f 7526 7469 7527
f 7470 7471 7528
f 7527 7470 7528
f 7471 7472 7529
f 7528 7471 7529
f 7472 7473 7530
f 7529 7472 7530
f 7473 7531 7530
f 7473 7466 7531
f 7466 7524 7531
f 7532 7467 7474
f 7532 7533 7467
f 7533 7525 7467
f 7474 7475 7534
f 7532 7474 7534
f 7475 7476 7535
f 7534 7475 7535
f 7476 7477 7536
f 7535 7476 7536
f 7477 7478 7537
f 7536 7477 7537
f 7527 7538 7526
f 7539 7538 7527
f 7528 7539 7527
f 7540 7539 7528
f 7529 7540 7528
f 7541 7540 7529
f 7530 7541 7529
f 7542 7541 7530
f 7531 7542 7530
f 7532 7543 7533
f 7534 7543 7532
f 7544 7543 7534
f 7535 7544 7534
f 7545 7544 7535
f 7536 7545 7535
f 7546 7545 7536
f 7537 7546 7536
f 7547 7546 7537
f 7490 7489 7548
f 7549 7490 7548
f 7549 7550 7490
f 7550 7491 7490
f 7492 7491 7551
f 7491 7550 7551
f 7493 7492 7552
f 7492 7551 7552
f 7553 7552 7554
f 7553 7494 7552
f 7494 7493 7552
f 7494 7553 7495
f 7497 7555 7556
f 7496 7555 7497
f 7498 7497 7557
f 7497 7556 7557
f 7499 7498 7558
f 7498 7557 7558
f 7500 7499 7559
f 7499 7558 7559
f 7560 7559 7561
f 7560 7501 7559
f 7501 7500 7559
f 7548 7562 7563
f 7548 7489 7562
f 7549 7548 7563
f 7553 7554 7564
f 7564 7495 7553
f 7564 7565 7495
f 7565 7502 7495
f 7496 7503 7555
f 7555 7503 7566
f 7560 7561 7567
f 7502 7565 7504
f 7565 7568 7504
f 7503 7505 7566
f 7566 7505 7569
f 7504 7568 7506
f 7568 7570 7506
f 7505 7507 7569
f 7569 7507 7571
f 7506 7570 7508
f 7570 7572 7508
f 7507 7509 7571
f 7571 7509 7573
f 7508 7572 7510
f 7572 7574 7510
f 7509 7511 7573
f 7573 7511 7575
f 7510 7574 7512
f 7574 7576 7512
f 7511 7513 7575
f 7575 7513 7577
f 7512 7576 7514
f 7576 7578 7514
f 7513 7515 7577
f 7577 7515 7579
f 7514 7578 7516
f 7578 7580 7516
f 7515 7517 7579
f 7579 7517 7581
f 7516 7580 7518
f 7580 7582 7518
f 7517 7519 7581
f 7581 7519 7583
f 7518 7582 7520
f 7582 7584 7520
f 7519 7521 7583
f 7583 7521 7585
f 7520 7584 7522
f 7584 7586 7522
f 7521 7523 7585
f 7585 7523 7587
f 7522 7586 7524
f 7586 7588 7524
f 7523 7525 7587
f 7587 7525 7589
f 7524 7588 7531
f 7588 7590 7531
f 7525 7533 7589
f 7589 7533 7591
f 7538 7539 7593
f 7592 7538 7593
f 7539 7540 7594
f 7593 7539 7594
f 7540 7541 7595
f 7594 7540 7595
f 7541 7542 7596
f 7595 7541 7596
f 7542 7597 7596
f 7542 7531 7597
f 7531 7590 7597
f 7598 7533 7543
f 7598 7599 7533
f 7599 7591 7533
f 7543 7544 7600
f 7598 7543 7600
f 7544 7545 7601
f 7600 7544 7601
f 7545 7546 7602
f 7601 7545 7602
f 7546 7547 7603
f 7602 7546 7603
f 7593 7604 7592
f 7605 7604 7593
f 7594 7605 7593
f 7606 7605 7594
f 7595 7606 7594
f 7607 7606 7595
f 7596 7607 7595
f 7608 7607 7596
f 7597 7608 7596
f 7598 7609 7599
f 7600 7609 7598
f 7610 7609 7600
f 7601 7610 7600
f 7611 7610 7601
f 7602 7611 7601
f 7612 7611 7602
f 7603 7612 7602
f 7613 7612 7603
f 7550 7549 7614
f 7550 7615 7551
f 7614 7615 7550
f 7551 7616 7552
f 7615 7616 7551
f 7552 7616 7554
f 7556 7555 7617
f 7556 7618 7557
f 7617 7618 7556
f 7557 7619 7558
f 7618 7619 7557
f 7558 7620 7559
f 7619 7620 7558
f 7559 7620 7561
f 7563 7621 7622
f 7562 7621 7563
f 7614 7549 7563
f 7614 7563 7623
f 7623 7563 7622
f 7615 7614 7623
f 7624 7615 7623
f 7616 7615 7624
f 7625 7616 7624
f 7554 7616 7625
f 7554 7625 7564
f 7564 7625 7626
f 7626 7565 7564
f 7627 7565 7626
f 7617 7628 7629
f 7617 7555 7628
f 7555 7566 7628
f 7618 7617 7629
f 7630 7618 7629
f 7619 7618 7630
f 7631 7619 7630
f 7620 7619 7631
f 7632 7620 7631
f 7561 7620 7632
f 7561 7632 7567
f 7567 7632 7633
f 7565 7627 7568
f 7627 7634 7568
f 7566 7569 7628
f 7628 7569 7635
f 7568 7634 7570
f 7634 7636 7570
f 7569 7571 7635
f 7635 7571 7637
f 7570 7636 7572
f 7636 7638 7572
f 7571 7573 7637
f 7637 7573 7639
f 7572 7638 7574
f 7638 7640 7574
f 7573 7575 7639
f 7639 7575 7641
f 7574 7640 7576
f 7640 7642 7576
f 7575 7577 7641
f 7641 7577 7643
f 7576 7642 7578
f 7642 7644 7578
f 7577 7579 7643
f 7643 7579 7645
f 7578 7644 7580
f 7644 7646 7580
f 7579 7581 7645
f 7645 7581 7647
f 7580 7646 7582
f 7646 7648 7582
f 7581 7583 7647
f 7647 7583 7649
f 7582 7648 7584
f 7648 7650 7584
f 7583 7585 7649
f 7649 7585 7651
f 7584 7650 7586
f 7650 7652 7586
f 7585 7587 7651
f 7651 7587 7653
f 7586 7652 7588
f 7652 7654 7588
f 7587 7589 7653
f 7653 7589 7655
f 7588 7654 7590
f 7654 7656 7590
f 7589 7591 7655
f 7655 7591 7657
f 7590 7656 7597
f 7656 7658 7597
f 7591 7599 7657
f 7657 7599 7659
f 7604 7605 7661
f 7660 7604 7661
f 7605 7606 7662
f 7661 7605 7662
f 7606 7607 7663
f 7662 7606 7663
f 7607 7608 7664
f 7663 7607 7664
f 7608 7665 7664
f 7608 7597 7665
f 7597 7658 7665
f 7666 7599 7609
f 7666 7667 7599
f 7667 7659 7599
f 7609 7610 7668
f 7666 7609 7668
f 7610 7611 7669
f 7668 7610 7669
f 7611 7612 7670
f 7669 7611 7670
f 7671 7670 7612
f 7671 7612 7672
f 7672 7612 7613
f 7661 7673 7660
f 7674 7673 7661
f 7662 7674 7661
f 7675 7674 7662
f 7663 7675 7662
f 7676 7675 7663
f 7664 7676 7663
f 7677 7676 7664
f 7665 7677 7664
f 7666 7678 7667
f 7668 7678 7666
f 7679 7678 7668
f 7669 7679 7668
f 7680 7679 7669
f 7670 7680 7669
f 7681 7680 7670
f 7671 7681 7670
f 7622 7621 7682
f 7622 7683 7623
f 7682 7683 7622
f 7623 7684 7624
f 7683 7684 7623
f 7624 7685 7625
f 7684 7685 7624
f 7625 7686 7626
f 7685 7686 7625
f 7626 7686 7627
f 7629 7628 7687
f 7629 7688 7630
f 7687 7688 7629
f 7630 7689 7631
f 7688 7689 7630
f 7631 7690 7632
f 7689 7690 7631
f 7632 7691 7633
f 7690 7691 7632
f 7682 7692 7693
f 7682 7621 7692
f 7683 7682 7693
f 7694 7683 7693
f 7684 7683 7694
f 7695 7684 7694
f 7685 7684 7695
f 7696 7685 7695
f 7686 7685 7696
f 7697 7686 7696
f 7697 7627 7686
f 7697 7698 7627
f 7698 7634 7627
f 7687 7699 7700
f 7687 7628 7699
f 7628 7635 7699
f 7688 7687 7700
f 7701 7688 7700
f 7689 7688 7701
f 7702 7689 7701
f 7690 7689 7702
f 7703 7690 7702
f 7691 7690 7703
f 7704 7691 7703
f 7634 7698 7636
f 7698 7705 7636
f 7635 7637 7699
f 7699 7637 7706
f 7636 7705 7638
f 7705 7707 7638
f 7637 7639 7706
f 7706 7639 7708
f 7638 7707 7640
f 7707 7709 7640
f 7639 7641 7708
f 7708 7641 7710
f 7640 7709 7642
f 7709 7711 7642
f 7641 7643 7710
f 7710 7643 7712
f 7642 7711 7644
f 7711 7713 7644
f 7643 7645 7712
f 7712 7645 7714
f 7644 7713 7646
f 7713 7715 7646
f 7645 7647 7714
f 7714 7647 7716
f 7646 7715 7648
f 7715 7717 7648
f 7647 7649 7716
f 7716 7649 7718
f 7648 7717 7650
f 7717 7719 7650
f 7649 7651 7718
f 7718 7651 7720
f 7650 7719 7652
f 7719 7721 7652
f 7651 7653 7720
f 7720 7653 7722
f 7652 7721 7654
f 7721 7723 7654
f 7653 7655 7722
f 7722 7655 7724
f 7654 7723 7656
f 7723 7725 7656
f 7655 7657 7724
f 7724 7657 7726
f 7656 7725 7658
f 7725 7727 7658
f 7657 7659 7726
f 7726 7659 7728
f 7658 7727 7665
f 7727 7729 7665
f 7659 7667 7728
f 7728 7667 7730
f 7672 7731 7671
f 7674 7733 7673
f 7673 7733 7732
f 7675 7734 7674
f 7674 7734 7733
f 7676 7735 7675
f 7675 7735 7734
f 7677 7736 7676
f 7676 7736 7735
f 7729 7677 7665
f 7736 7677 7729
f 7667 7737 7730
f 7678 7737 7667
f 7679 7738 7678
f 7678 7738 7737
f 7680 7739 7679
f 7679 7739 7738
f 7681 7740 7680
f 7680 7740 7739
f 7731 7681 7671
f 7731 7741 7681
f 7741 7740 7681
f 7693 7692 7742
f 7693 7743 7694
f 7742 7743 7693
f 7694 7744 7695
f 7743 7744 7694
f 7695 7745 7696
f 7744 7745 7695
f 7696 7746 7697
f 7745 7746 7696
f 7697 7746 7698
f 7700 7699 7747
f 7700 7748 7701
f 7747 7748 7700
f 7701 7749 7702
f 7748 7749 7701
f 7702 7750 7703
f 7749 7750 7702
f 7703 7751 7704
f 7750 7751 7703
f 7742 7752 7753
f 7742 7692 7752
f 7743 7742 7753
f 7754 7743 7753
f 7744 7743 7754
f 7755 7744 7754
f 7745 7744 7755
f 7756 7745 7755
f 7746 7745 7756
f 7757 7746 7756
f 7757 7698 7746
f 7757 7758 7698
f 7758 7705 7698
f 7747 7759 7760
f 7747 7699 7759
f 7699 7706 7759
f 7748 7747 7760
f 7761 7748 7760
f 7749 7748 7761
f 7762 7749 7761
f 7750 7749 7762
f 7763 7750 7762
f 7751 7750 7763
f 7764 7751 7763
f 7705 7758 7707
f 7758 7765 7707
f 7706 7708 7759
f 7759 7708 7766
f 7707 7765 7709
f 7765 7767 7709
f 7708 7710 7766
f 7766 7710 7768
f 7709 7767 7711
f 7767 7769 7711
f 7710 7712 7768
f 7768 7712 7770
f 7711 7769 7713
f 7769 7771 7713
f 7712 7714 7770
f 7770 7714 7772
f 7713 7771 7715
f 7771 7773 7715
f 7714 7716 7772
f 7772 7716 7774
f 7715 7773 7717
f 7773 7775 7717
f 7716 7718 7774
f 7774 7718 7776
f 7717 7775 7719
f 7775 7777 7719
f 7718 7720 7776
f 7776 7720 7778
f 7719 7777 7721
f 7777 7779 7721
f 7720 7722 7778
f 7778 7722 7780
f 7721 7779 7723
f 7779 7781 7723
f 7722 7724 7780
f 7780 7724 7782
f 7723 7781 7725
f 7781 7783 7725
f 7724 7726 7782
f 7782 7726 7784
f 7725 7783 7727
f 7783 7785 7727
f 7726 7728 7784
f 7784 7728 7786
f 7727 7785 7729
f 7785 7787 7729
f 7728 7730 7786
f 7786 7730 7788
f 7732 7733 7790
f 7789 7732 7790
f 7733 7734 7791
f 7790 7733 7791
f 7734 7735 7792
f 7791 7734 7792
f 7735 7736 7793
f 7792 7735 7793
f 7736 7794 7793
f 7736 7729 7794
f 7729 7787 7794
f 7795 7730 7737
f 7795 7796 7730
f 7796 7788 7730
f 7737 7738 7797
f 7795 7737 7797
f 7738 7739 7798
f 7797 7738 7798
f 7739 7740 7799
f 7798 7739 7799
f 7740 7741 7800
f 7799 7740 7800
f 7790 7801 7789
f 7802 7801 7790
f 7791 7802 7790
f 7803 7802 7791
f 7792 7803 7791
f 7804 7803 7792
f 7793 7804 7792
f 7805 7804 7793
f 7794 7805 7793
f 7795 7806 7796
f 7797 7806 7795
f 7807 7806 7797
f 7798 7807 7797
f 7808 7807 7798
f 7799 7808 7798
f 7809 7808 7799
f 7800 7809 7799
f 7810 7809 7800
f 7753 7752 7811
f 7812 7753 7811
f 7812 7813 7753
f 7813 7754 7753
f 7755 7754 7814
f 7754 7813 7814
f 7756 7755 7815
f 7755 7814 7815
f 7816 7815 7817
f 7816 7757 7815
f 7757 7756 7815
f 7757 7816 7758
f 7760 7759 7818
f 7819 7760 7818
f 7819 7820 7760
f 7820 7761 7760
f 7762 7761 7821
f 7761 7820 7821
f 7763 7762 7822
f 7762 7821 7822
f 7823 7822 7824
f 7823 7764 7822
f 7764 7763 7822
f 7811 7825 7826
f 7811 7752 7825
f 7812 7811 7826
f 7816 7817 7827
f 7827 7758 7816
f 7827 7828 7758
f 7828 7765 7758
f 7818 7829 7830
f 7818 7759 7829
f 7759 7766 7829
f 7819 7818 7830
f 7823 7824 7831
f 7765 7828 7767
f 7828 7832 7767
f 7766 7768 7829
f 7829 7768 7833
f 7767 7832 7769
f 7832 7834 7769
f 7768 7770 7833
f 7833 7770 7835
f 7769 7834 7771
f 7834 7836 7771
f 7770 7772 7835
f 7835 7772 7837
f 7771 7836 7773
f 7836 7838 7773
f 7772 7774 7837
f 7837 7774 7839
f 7773 7838 7775
f 7838 7840 7775
f 7774 7776 7839
f 7839 7776 7841
f 7775 7840 7777
f 7840 7842 7777
f 7776 7778 7841
f 7841 7778 7843
f 7777 7842 7779
f 7842 7844 7779
f 7778 7780 7843
f 7843 7780 7845
f 7779 7844 7781
f 7844 7846 7781
f 7780 7782 7845
f 7845 7782 7847
f 7781 7846 7783
f 7846 7848 7783
f 7782 7784 7847
f 7847 7784 7849
f 7783 7848 7785
f 7848 7850 7785
f 7784 7786 7849
f 7849 7786 7851
f 7785 7850 7787
f 7850 7852 7787
f 7786 7788 7851
f 7851 7788 7853
f 7787 7852 7794
f 7852 7854 7794
f 7788 7796 7853
f 7853 7796 7855
f 7801 7802 7857
f 7856 7801 7857
f 7802 7803 7858
f 7857 7802 7858
f 7803 7804 7859
f 7858 7803 7859
f 7804 7805 7860
f 7859 7804 7860
f 7805 7861 7860
f 7805 7794 7861
f 7794 7854 7861
f 7862 7796 7806
f 7862 7863 7796
f 7863 7855 7796
f 7806 7807 7864
f 7862 7806 7864
f 7807 7808 7865
f 7864 7807 7865
f 7808 7809 7866
f 7865 7808 7866
f 7809 7810 7867
f 7866 7809 7867
f 7857 7868 7856
f 7869 7868 7857
f 7858 7869 7857
f 7870 7869 7858
f 7859 7870 7858
f 7871 7870 7859
f 7860 7871 7859
f 7872 7871 7860
f 7861 7872 7860
f 7862 7873 7863
f 7864 7873 7862
f 7874 7873 7864
f 7865 7874 7864
f 7875 7874 7865
f 7866 7875 7865
f 7876 7875 7866
f 7867 7876 7866
f 7877 7876 7867
f 7813 7812 7878
f 7813 7879 7814
f 7878 7879 7813
f 7814 7880 7815
f 7879 7880 7814
f 7815 7880 7817
f 7820 7819 7881
f 7820 7882 7821
f 7881 7882 7820
f 7821 7883 7822
f 7882 7883 7821
f 7822 7883 7824
f 7826 7884 7885
f 7825 7884 7826
f 7878 7812 7826
f 7878 7826 7886
f 7886 7826 7885
f 7879 7878 7886
f 7887 7879 7886
f 7880 7879 7887
f 7888 7880 7887
f 7817 7880 7888
f 7817 7888 7827
f 7827 7888 7889
f 7889 7828 7827
f 7890 7828 7889
f 7830 7891 7892
f 7829 7891 7830
f 7881 7819 7830
f 7881 7830 7893
f 7893 7830 7892
f 7882 7881 7893
f 7894 7882 7893
f 7883 7882 7894
f 7895 7883 7894
f 7824 7883 7895
f 7824 7895 7831
f 7831 7895 7896
f 7828 7890 7832
f 7890 7897 7832
f 7829 7833 7891
f 7891 7833 7898
f 7832 7897 7834
f 7897 7899 7834
f 7833 7835 7898
f 7898 7835 7900
f 7834 7899 7836
f 7899 7901 7836
f 7835 7837 7900
f 7900 7837 7902
f 7836 7901 7838
f 7901 7903 7838
f 7837 7839 7902
f 7902 7839 7904
f 7838 7903 7840
f 7903 7905 7840
f 7839 7841 7904
f 7904 7841 7906
f 7840 7905 7842
f 7905 7907 7842
f 7841 7843 7906
f 7906 7843 7908
f 7842 7907 7844
f 7907 7909 7844
f 7843 7845 7908
f 7908 7845 7910
f 7844 7909 7846
f 7909 7911 7846
f 7845 7847 7910
f 7910 7847 7912
f 7846 7911 7848
f 7911 7913 7848
f 7847 7849 7912
f 7912 7849 7914
f 7848 7913 7850
f 7913 7915 7850
f 7849 7851 7914
f 7914 7851 7916
f 7850 7915 7852
f 7915 7917 7852
f 7851 7853 7916
f 7916 7853 7918
f 7852 7917 7854
f 7917 7919 7854
f 7853 7855 7918
f 7918 7855 7920
f 7854 7919 7861
f 7919 7921 7861
f 7855 7863 7920
f 7920 7863 7922
f 7868 7869 7924
f 7923 7868 7924
f 7869 7870 7925
f 7924 7869 7925
f 7870 7871 7926
f 7925 7870 7926
f 7871 7872 7927
f 7926 7871 7927
f 7872 7928 7927
f 7872 7861 7928
f 7861 7921 7928
f 7929 7863 7873
f 7929 7930 7863
f 7930 7922 7863
f 7873 7874 7931
f 7929 7873 7931
f 7874 7875 7932
f 7931 7874 7932
f 7875 7876 7933
f 7932 7875 7933
f 7876 7877 7934
f 7933 7876 7934
f 7924 7935 7923
f 7936 7935 7924
f 7925 7936 7924
f 7937 7936 7925
f 7926 7937 7925
f 7938 7937 7926
f 7927 7938 7926
f 7939 7938 7927
f 7928 7939 7927
f 7929 7940 7930
f 7931 7940 7929
f 7941 7940 7931
f 7932 7941 7931
f 7942 7941 7932
f 7933 7942 7932
f 7943 7942 7933
f 7934 7943 7933
f 7944 7943 7934
f 7885 7884 7945
f 7885 7946 7886
f 7945 7946 7885
f 7886 7947 7887
f 7946 7947 7886
f 7887 7948 7888
f 7947 7948 7887
f 7888 7949 7889
f 7948 7949 7888
f 7889 7949 7890
f 7892 7891 7950
f 7892 7951 7893
f 7950 7951 7892
f 7893 7952 7894
f 7951 7952 7893
f 7894 7953 7895
f 7952 7953 7894
f 7895 7954 7896
f 7953 7954 7895
f 7945 7955 7956
f 7945 7884 7955
f 7946 7945 7956
f 7957 7946 7956
f 7947 7946 7957
f 7958 7947 7957
f 7948 7947 7958
f 7959 7948 7958
f 7949 7948 7959
f 7960 7949 7959
f 7960 7890 7949
f 7960 7961 7890
f 7961 7897 7890
f 7950 7962 7963
f 7950 7891 7962
f 7891 7898 7962
f 7951 7950 7963
f 7964 7951 7963
f 7952 7951 7964
f 7965 7952 7964
f 7953 7952 7965
f 7966 7953 7965
f 7954 7953 7966
f 7967 7954 7966
f 7897 7961 7899
f 7961 7968 7899
f 7898 7900 7962
f 7962 7900 7969
f 7899 7968 7901
f 7968 7970 7901
f 7900 7902 7969
f 7969 7902 7971
f 7901 7970 7903
f 7970 7972 7903
f 7902 7904 7971
f 7971 7904 7973
f 7903 7972 7905
f 7972 7974 7905
f 7904 7906 7973
f 7973 7906 7975
f 7905 7974 7907
f 7974 7976 7907
f 7906 7908 7975
f 7975 7908 7977
f 7907 7976 7909
f 7976 7978 7909
f 7908 7910 7977
f 7977 7910 7979
f 7909 7978 7911
f 7978 7980 7911
f 7910 7912 7979
f 7979 7912 7981
f 7911 7980 7913
f 7980 7982 7913
f 7912 7914 7981
f 7981 7914 7983
f 7913 7982 7915
f 7982 7984 7915
f 7914 7916 7983
f 7983 7916 7985
f 7915 7984 7917
f 7984 7986 7917
f 7916 7918 7985
f 7985 7918 7987
f 7917 7986 7919
f 7986 7988 7919
f 7918 7920 7987
f 7987 7920 7989
f 7919 7988 7921
f 7988 7990 7921
f 7920 7922 7989
f 7989 7922 7991
f 7921 7990 7928
f 7990 7992 7928
f 7922 7930 7991
f 7991 7930 7993
f 7935 7936 7995
f 7994 7935 7995
f 7936 7937 7996
f 7995 7936 7996
f 7937 7938 7997
f 7996 7937 7997
f 7938 7939 7998
f 7997 7938 7998
f 7939 7999 7998
f 7939 7928 7999
f 7928 7992 7999
f 7930 8000 7993
f 7940 8000 7930
f 8001 8002 8000
f 8001 8000 7941
f 7941 8000 7940
f 7941 7942 8003
f 8001 7941 8003
f 7942 7943 8004
f 8003 7942 8004
f 8005 8004 7943
f 8005 7943 8006
f 8006 7943 7944
f 7995 8007 7994
f 8008 8007 7995
f 7996 8008 7995
f 8009 8008 7996
f 7997 8009 7996
f 8010 8009 7997
f 7998 8010 7997
f 8011 8010 7998
f 7999 8011 7998
f 8001 8012 8002
f 8003 8012 8001
f 8013 8012 8003
f 8004 8013 8003
f 8014 8013 8004
f 8005 8014 8004
f 7956 7955 8015
f 7956 8016 7957
f 8015 8016 7956
f 7957 8017 7958
f 8016 8017 7957
f 7958 8018 7959
f 8017 8018 7958
f 7959 8019 7960
f 8018 8019 7959
f 7960 8019 7961
f 7963 7962 8020
f 7963 8021 7964
f 8020 8021 7963
f 7964 8022 7965
f 8021 8022 7964
f 7965 8023 7966
f 8022 8023 7965
f 7966 8024 7967
f 8023 8024 7966
f 8015 8025 8026
f 8015 7955 8025
f 8016 8015 8026
f 8027 8016 8026
f 8017 8016 8027
f 8028 8017 8027
f 8018 8017 8028
f 8029 8018 8028
f 8019 8018 8029
f 8030 8019 8029
f 8030 7961 8019
f 8030 8031 7961
f 8031 7968 7961
f 8020 8032 8033
f 8020 7962 8032
f 7962 7969 8032
f 8021 8020 8033
f 8034 8021 8033
f 8022 8021 8034
f 8035 8022 8034
f 8023 8022 8035
f 8036 8023 8035
f 8024 8023 8036
f 8037 8024 8036
f 7968 8031 7970
f 8031 8038 7970
f 7969 7971 8032
f 8032 7971 8039
f 7970 8038 7972
f 8038 8040 7972
f 7971 7973 8039
f 8039 7973 8041
f 7972 8040 7974
f 8040 8042 7974
f 7973 7975 8041
f 8041 7975 8043
f 7974 8042 7976
f 8042 8044 7976
f 7975 7977 8043
f 8043 7977 8045
f 7976 8044 7978
f 8044 8046 7978
f 7977 7979 8045
f 8045 7979 8047
f 7978 8046 7980
f 8046 8048 7980
f 7979 7981 8047
f 8047 7981 8049
f 7980 8048 7982
f 8048 8050 7982
f 7981 7983 8049
f 8049 7983 8051
f 7982 8050 7984
f 8050 8052 7984
f 7983 7985 8051
f 8051 7985 8053
f 7984 8052 7986
f 8052 8054 7986
f 7985 7987 8053
f 8053 7987 8055
f 7986 8054 7988
f 8054 8056 7988
f 7987 7989 8055
f 8055 7989 8057
f 7988 8056 7990
f 8056 8058 7990
f 7989 7991 8057
f 8057 7991 8059
f 7990 8058 7992
f 8058 8060 7992
f 7991 7993 8059
f 8059 7993 8061
f 7992 8060 7999
f 8060 8062 7999
f 8063 7993 8000
f 8063 8064 7993
f 8064 8061 7993
f 8000 8002 8063
f 8006 8065 8005
f 8008 8067 8007
f 8007 8067 8066
f 8009 8068 8008
f 8008 8068 8067
f 8010 8069 8009
f 8009 8069 8068
f 8011 8070 8010
f 8010 8070 8069
f 8062 8011 7999
f 8070 8011 8062
f 8063 8071 8064
f 8002 8071 8063
f 8002 8012 8071
f 8012 8072 8071
f 8013 8073 8012
f 8012 8073 8072
f 8014 8074 8013
f 8013 8074 8073
f 8065 8014 8005
f 8065 8075 8014
f 8075 8074 8014
f 8026 8025 8076
f 8026 8077 8027
f 8076 8077 8026
f 8078 8027 8077
f 8078 8079 8027
f 8079 8028 8027
f 8029 8028 8080
f 8028 8079 8080
f 8081 8080 8082
f 8081 8030 8080
f 8030 8029 8080
f 8030 8081 8031
f 8033 8032 8083
f 8033 8084 8034
f 8083 8084 8033
f 8085 8034 8084
f 8085 8086 8034
f 8086 8035 8034
f 8087 8086 8088
f 8087 8036 8086
f 8036 8035 8086
f 8036 8089 8037
f 8087 8089 8036
f 8076 8090 8091
f 8076 8025 8090
f 8077 8076 8091
f 8092 8077 8091
f 8078 8077 8092
f 8081 8082 8093
f 8093 8031 8081
f 8093 8094 8031
f 8094 8038 8031
f 8083 8095 8096
f 8083 8032 8095
f 8032 8039 8095
f 8084 8083 8096
f 8097 8084 8096
f 8085 8084 8097
f 8087 8088 8098
f 8089 8087 8098
f 8099 8089 8098
f 8038 8094 8040
f 8094 8101 8040
f 8039 8041 8095
f 8095 8041 8102
f 8040 8101 8042
f 8101 8103 8042
f 8041 8043 8102
f 8102 8043 8104
f 8042 8103 8044
f 8103 8105 8044
f 8043 8045 8104
f 8104 8045 8106
f 8044 8105 8046
f 8105 8107 8046
f 8045 8047 8106
f 8106 8047 8108
f 8046 8107 8048
f 8107 8109 8048
f 8047 8049 8108
f 8108 8049 8110
f 8048 8109 8050
f 8109 8111 8050
f 8049 8051 8110
f 8110 8051 8112
f 8050 8111 8052
f 8111 8113 8052
f 8051 8053 8112
f 8112 8053 8114
f 8052 8113 8054
f 8113 8115 8054
f 8053 8055 8114
f 8114 8055 8116
f 8054 8115 8056
f 8115 8117 8056
f 8055 8057 8116
f 8116 8057 8118
f 8056 8117 8058
f 8117 8119 8058
f 8057 8059 8118
f 8118 8059 8120
f 8058 8119 8060
f 8119 8121 8060
f 8059 8061 8120
f 8120 8061 8122
f 8060 8121 8062
f 8121 8123 8062
f 8061 8064 8122
f 8122 8064 8124
f 8066 8067 8126
f 8125 8066 8126
f 8067 8068 8127
f 8126 8067 8127
f 8068 8069 8128
f 8127 8068 8128
f 8069 8070 8129
f 8128 8069 8129
f 8070 8130 8129
f 8070 8062 8130
f 8062 8123 8130
f 8131 8064 8071
f 8131 8132 8064
f 8132 8124 8064
f 8071 8072 8133
f 8131 8071 8133
f 8072 8073 8134
f 8133 8072 8134
f 8073 8074 8135
f 8134 8073 8135
f 8074 8075 8136
f 8135 8074 8136
f 8126 8137 8125
f 8138 8137 8126
f 8127 8138 8126
f 8139 8138 8127
f 8128 8139 8127
f 8140 8139 8128
f 8129 8140 8128
f 8141 8140 8129
f 8130 8141 8129
f 8131 8142 8132
f 8133 8142 8131
f 8143 8142 8133
f 8134 8143 8133
f 8144 8143 8134
f 8135 8144 8134
f 8145 8144 8135
f 8136 8145 8135
f 8146 8145 8136
f 8079 8078 8147
f 8079 8148 8080
f 8147 8148 8079
f 8080 8148 8082
f 8086 8085 8149
f 8086 8149 8088
f 8091 8150 8151
f 8090 8150 8091
f 8092 8091 8152
f 8091 8151 8152
f 8147 8078 8092
f 8147 8092 8153
f 8153 8092 8152
f 8148 8147 8153
f 8154 8148 8153
f 8082 8148 8154
f 8082 8154 8093
f 8093 8154 8155
f 8155 8094 8093
f 8156 8094 8155
f 8096 8157 8158
f 8095 8157 8096
f 8097 8096 8159
f 8096 8158 8159
f 8149 8085 8097
f 8149 8097 8160
f 8160 8097 8159
f 8088 8149 8160
f 8088 8160 8098
f 8098 8160 8161
f 8099 8098 8162
f 8098 8161 8162
f 8150 8100 8163
f 8094 8156 8101
f 8156 8164 8101
f 8095 8102 8157
f 8157 8102 8165
f 8101 8164 8103
f 8164 8166 8103
f 8102 8104 8165
f 8165 8104 8167
f 8103 8166 8105
f 8166 8168 8105
f 8104 8106 8167
f 8167 8106 8169
f 8105 8168 8107
f 8168 8170 8107
f 8106 8108 8169
f 8169 8108 8171
f 8107 8170 8109
f 8170 8172 8109
f 8108 8110 8171
f 8171 8110 8173
f 8109 8172 8111
f 8172 8174 8111
f 8110 8112 8173
f 8173 8112 8175
f 8111 8174 8113
f 8174 8176 8113
f 8112 8114 8175
f 8175 8114 8177
f 8113 8176 8115
f 8176 8178 8115
f 8114 8116 8177
f 8177 8116 8179
f 8115 8178 8117
f 8178 8180 8117
f 8116 8118 8179
f 8179 8118 8181
f 8117 8180 8119
f 8180 8182 8119
f 8118 8120 8181
f 8181 8120 8183
f 8119 8182 8121
f 8182 8184 8121
f 8120 8122 8183
f 8183 8122 8185
f 8121 8184 8123
f 8184 8186 8123
f 8122 8124 8185
f 8185 8124 8187
f 8123 8186 8130
f 8186 8188 8130
f 8124 8132 8187
f 8187 8132 8189
f 8137 8138 8191
f 8190 8137 8191
f 8138 8139 8192
f 8191 8138 8192
f 8139 8140 8193
f 8192 8139 8193
f 8140 8141 8194
f 8193 8140 8194
f 8141 8195 8194
f 8141 8130 8195
f 8130 8188 8195
f 8196 8132 8142
f 8196 8197 8132
f 8197 8189 8132
f 8142 8143 8198
f 8196 8142 8198
f 8143 8144 8199
f 8198 8143 8199
f 8144 8145 8200
f 8199 8144 8200
f 8145 8146 8201
f 8200 8145 8201
f 8191 8202 8190
f 8203 8202 8191
f 8192 8203 8191
f 8204 8203 8192
f 8193 8204 8192
f 8205 8204 8193
f 8194 8205 8193
f 8206 8205 8194
f 8195 8206 8194
f 8196 8207 8197
f 8198 8207 8196
f 8208 8207 8198
f 8199 8208 8198
f 8209 8208 8199
f 8200 8209 8199
f 8210 8209 8200
f 8201 8210 8200
f 8211 8210 8201
f 8151 8150 8212
f 8151 8213 8152
f 8212 8213 8151
f 8152 8214 8153
f 8213 8214 8152
f 8153 8215 8154
f 8214 8215 8153
f 8154 8216 8155
f 8215 8216 8154
f 8155 8216 8156
f 8158 8157 8217
f 8158 8218 8159
f 8217 8218 8158
f 8159 8219 8160
f 8218 8219 8159
f 8160 8220 8161
f 8219 8220 8160
f 8161 8221 8162
f 8220 8221 8161
f 8212 8222 8223
f 8212 8150 8222
f 8150 8163 8222
f 8213 8212 8223
f 8224 8213 8223
f 8214 8213 8224
f 8225 8214 8224
f 8215 8214 8225
f 8226 8215 8225
f 8216 8215 8226
f 8227 8216 8226
f 8227 8156 8216
f 8227 8228 8156
f 8228 8164 8156
f 8217 8229 8230
f 8217 8157 8229
f 8157 8165 8229
f 8218 8217 8230
f 8231 8218 8230
f 8219 8218 8231
f 8232 8219 8231
f 8220 8219 8232
f 8233 8220 8232
f 8221 8220 8233
f 8234 8221 8233
f 8164 8228 8166
f 8228 8235 8166
f 8165 8167 8229
f 8229 8167 8236
f 8166 8235 8168
f 8235 8237 8168
f 8167 8169 8236
f 8236 8169 8238
f 8168 8237 8170
f 8237 8239 8170
f 8169 8171 8238
f 8238 8171 8240
f 8170 8239 8172
f 8239 8241 8172
f 8171 8173 8240
f 8240 8173 8242
f 8172 8241 8174
f 8241 8243 8174
f 8173 8175 8242
f 8242 8175 8244
f 8174 8243 8176
f 8243 8245 8176
f 8175 8177 8244
f 8244 8177 8246
f 8176 8245 8178
f 8245 8247 8178
f 8177 8179 8246
f 8246 8179 8248
f 8178 8247 8180
f 8247 8249 8180
f 8179 8181 8248
f 8248 8181 8250
f 8180 8249 8182
f 8249 8251 8182
f 8181 8183 8250
f 8250 8183 8252
f 8182 8251 8184
f 8251 8253 8184
f 8183 8185 8252
f 8252 8185 8254
f 8184 8253 8186
f 8253 8255 8186
f 8185 8187 8254
f 8254 8187 8256
f 8186 8255 8188
f 8255 8257 8188
f 8187 8189 8256
f 8256 8189 8258
f 8188 8257 8195
f 8257 8259 8195
f 8189 8197 8258
f 8258 8197 8260
f 8202 8203 8262
f 8261 8202 8262
f 8203 8204 8263
f 8262 8203 8263
f 8204 8205 8264
f 8263 8204 8264
f 8205 8206 8265
f 8264 8205 8265
f 8206 8266 8265
f 8206 8195 8266
f 8195 8259 8266
f 8267 8197 8207
f 8267 8268 8197
f 8268 8260 8197
f 8207 8208 8269
f 8267 8207 8269
f 8208 8209 8270
f 8269 8208 8270
f 8209 8210 8271
f 8270 8209 8271
f 8272 8271 8210
f 8272 8210 8273
f 8273 8210 8211
f 8262 8274 8261
f 8275 8274 8262
f 8263 8275 8262
f 8276 8275 8263
f 8264 8276 8263
f 8277 8276 8264
f 8265 8277 8264
f 8278 8277 8265
f 8266 8278 8265
f 8267 8279 8268
f 8269 8279 8267
f 8280 8279 8269
f 8270 8280 8269
f 8281 8280 8270
f 8271 8281 8270
f 8282 8281 8271
f 8272 8282 8271
f 8223 8222 8283
f 8223 8284 8224
f 8283 8284 8223
f 8224 8285 8225
f 8284 8285 8224
f 8225 8286 8226
f 8285 8286 8225
f 8226 8287 8227
f 8286 8287 8226
f 8227 8287 8228
f 8230 8229 8288
f 8230 8289 8231
f 8288 8289 8230
f 8231 8290 8232
f 8289 8290 8231
f 8232 8291 8233
f 8290 8291 8232
f 8233 8292 8234
f 8291 8292 8233
f 8283 8293 8294
f 8283 8222 8293
f 8284 8283 8294
f 8295 8284 8294
f 8285 8284 8295
f 8296 8285 8295
f 8286 8285 8296
f 8297 8286 8296
f 8287 8286 8297
f 8298 8287 8297
f 8298 8228 8287
f 8298 8299 8228
f 8299 8235 8228
f 8288 8300 8301
f 8288 8229 8300
f 8229 8236 8300
f 8289 8288 8301
f 8302 8289 8301
f 8290 8289 8302
f 8303 8290 8302
f 8291 8290 8303
f 8304 8291 8303
f 8292 8291 8304
f 8305 8292 8304
f 8235 8299 8237
f 8299 8306 8237
f 8236 8238 8300
f 8300 8238 8307
f 8237 8306 8239
f 8306 8308 8239
f 8238 8240 8307
f 8307 8240 8309
f 8239 8308 8241
f 8308 8310 8241
f 8240 8242 8309
f 8309 8242 8311
f 8241 8310 8243
f 8310 8312 8243
f 8242 8244 8311
f 8311 8244 8313
f 8243 8312 8245
f 8312 8314 8245
f 8244 8246 8313
f 8313 8246 8315
f 8245 8314 8247
f 8314 8316 8247
f 8246 8248 8315
f 8315 8248 8317
f 8247 8316 8249
f 8316 8318 8249
f 8248 8250 8317
f 8317 8250 8319
f 8249 8318 8251
f 8318 8320 8251
f 8250 8252 8319
f 8319 8252 8321
f 8251 8320 8253
f 8320 8322 8253
f 8252 8254 8321
f 8321 8254 8323
f 8253 8322 8255
f 8322 8324 8255
f 8254 8256 8323
f 8323 8256 8325
f 8255 8324 8257
f 8324 8326 8257
f 8256 8258 8325
f 8325 8258 8327
f 8257 8326 8259
f 8326 8328 8259
f 8258 8260 8327
f 8327 8260 8329
f 8259 8328 8266
f 8328 8330 8266
f 8260 8268 8329
f 8329 8268 8331
f 8273 8332 8272
f 8275 8334 8274
f 8274 8334 8333
f 8276 8335 8275
f 8275 8335 8334
f 8277 8336 8276
f 8276 8336 8335
f 8278 8337 8277
f 8277 8337 8336
f 8330 8278 8266
f 8337 8278 8330
f 8268 8338 8331
f 8279 8338 8268
f 8280 8339 8279
f 8279 8339 8338
f 8281 8340 8280
f 8280 8340 8339
f 8282 8341 8281
f 8281 8341 8340
f 8332 8282 8272
f 8332 8342 8282
f 8342 8341 8282
f 8294 8293 8343
f 8294 8344 8295
f 8343 8344 8294
f 8295 8345 8296
f 8344 8345 8295
f 8296 8346 8297
f 8345 8346 8296
f 8297 8347 8298
f 8346 8347 8297
f 8298 8347 8299
f 8301 8300 8348
f 8349 8301 8348
f 8349 8350 8301
f 8350 8302 8301
f 8303 8302 8351
f 8302 8350 8351
f 8304 8303 8352
f 8303 8351 8352
f 8353 8352 8354
f 8353 8305 8352
f 8305 8304 8352
f 8343 8355 8356
f 8343 8293 8355
f 8344 8343 8356
f 8357 8344 8356
f 8345 8344 8357
f 8358 8345 8357
f 8346 8345 8358
f 8359 8346 8358
f 8347 8346 8359
f 8360 8347 8359
f 8360 8299 8347
f 8360 8361 8299
f 8361 8306 8299
f 8348 8362 8363
f 8348 8300 8362
f 8300 8307 8362
f 8349 8348 8363
f 8353 8354 8364
f 8306 8361 8308
f 8361 8366 8308
f 8307 8309 8362
f 8362 8309 8367
f 8308 8366 8310
f 8366 8368 8310
f 8309 8311 8367
f 8367 8311 8369
f 8310 8368 8312
f 8368 8370 8312
f 8311 8313 8369
f 8369 8313 8371
f 8312 8370 8314
f 8370 8372 8314
f 8313 8315 8371
f 8371 8315 8373
f 8314 8372 8316
f 8372 8374 8316
f 8315 8317 8373
f 8373 8317 8375
f 8316 8374 8318
f 8374 8376 8318
f 8317 8319 8375
f 8375 8319 8377
f 8318 8376 8320
f 8376 8378 8320
f 8319 8321 8377
f 8377 8321 8379
f 8320 8378 8322
f 8378 8380 8322
f 8321 8323 8379
f 8379 8323 8381
f 8322 8380 8324
f 8380 8382 8324
f 8323 8325 8381
f 8381 8325 8383
f 8324 8382 8326
f 8382 8384 8326
f 8325 8327 8383
f 8383 8327 8385
f 8326 8384 8328
f 8384 8386 8328
f 8327 8329 8385
f 8385 8329 8387
f 8328 8386 8330
f 8386 8388 8330
f 8329 8331 8387
f 8387 8331 8389
f 8333 8334 8391
f 8390 8333 8391
f 8334 8335 8392
f 8391 8334 8392
f 8335 8336 8393
f 8392 8335 8393
f 8336 8337 8394
f 8393 8336 8394
f 8337 8395 8394
f 8337 8330 8395
f 8330 8388 8395
f 8396 8331 8338
f 8396 8397 8331
f 8397 8389 8331
f 8338 8339 8398
f 8396 8338 8398
f 8339 8340 8399
f 8398 8339 8399
f 8340 8341 8400
f 8399 8340 8400
f 8341 8342 8401
f 8400 8341 8401
f 8391 8402 8390
f 8403 8402 8391
f 8392 8403 8391
f 8404 8403 8392
f 8393 8404 8392
f 8405 8404 8393
f 8394 8405 8393
f 8406 8405 8394
f 8395 8406 8394
f 8396 8407 8397
f 8398 8407 8396
f 8408 8407 8398
f 8399 8408 8398
f 8409 8408 8399
f 8400 8409 8399
f 8410 8409 8400
f 8401 8410 8400
f 8411 8410 8401
f 8350 8349 8412
f 8350 8413 8351
f 8412 8413 8350
f 8351 8414 8352
f 8413 8414 8351
f 8352 8414 8354
f 8356 8415 8416
f 8355 8415 8356
f 8357 8356 8417
f 8356 8416 8417
f 8358 8357 8418
f 8357 8417 8418
f 8359 8358 8419
f 8358 8418 8419
f 8360 8359 8420
f 8359 8419 8420
f 8420 8361 8360
f 8421 8361 8420
f 8363 8422 8423
f 8362 8422 8363
f 8412 8349 8363
f 8412 8363 8424
f 8424 8363 8423
f 8413 8412 8424
f 8425 8413 8424
f 8414 8413 8425
f 8426 8414 8425
f 8354 8414 8426
f 8354 8426 8364
f 8364 8426 8427
f 8415 8365 8428
f 8361 8421 8366
f 8421 8429 8366
f 8362 8367 8422
f 8422 8367 8430
f 8366 8429 8368
f 8429 8431 8368
f 8367 8369 8430
f 8430 8369 8432
f 8368 8431 8370
f 8431 8433 8370
f 8369 8371 8432
f 8432 8371 8434
f 8370 8433 8372
f 8433 8435 8372
f 8371 8373 8434
f 8434 8373 8436
f 8372 8435 8374
f 8435 8437 8374
f 8373 8375 8436
f 8436 8375 8438
f 8374 8437 8376
f 8437 8439 8376
f 8375 8377 8438
f 8438 8377 8440
f 8376 8439 8378
f 8439 8441 8378
f 8377 8379 8440
f 8440 8379 8442
f 8378 8441 8380
f 8441 8443 8380
f 8379 8381 8442
f 8442 8381 8444
f 8380 8443 8382
f 8443 8445 8382
f 8381 8383 8444
f 8444 8383 8446
f 8382 8445 8384
f 8445 8447 8384
f 8383 8385 8446
f 8446 8385 8448
f 8384 8447 8386
f 8447 8449 8386
f 8385 8387 8448
f 8448 8387 8450
f 8386 8449 8388
f 8449 8451 8388
f 8387 8389 8450
f 8450 8389 8452
f 8388 8451 8395
f 8451 8453 8395
f 8389 8397 8452
f 8452 8397 8454
f 8402 8403 8456
f 8455 8402 8456
f 8403 8404 8457
f 8456 8403 8457
f 8404 8405 8458
f 8457 8404 8458
f 8405 8406 8459
f 8458 8405 8459
f 8406 8460 8459
f 8406 8395 8460
f 8395 8453 8460
f 8461 8397 8407
f 8461 8462 8397
f 8462 8454 8397
f 8407 8408 8463
f 8461 8407 8463
f 8408 8409 8464
f 8463 8408 8464
f 8409 8410 8465
f 8464 8409 8465
f 8410 8411 8466
f 8465 8410 8466
f 8456 8467 8455
f 8468 8467 8456
f 8457 8468 8456
f 8469 8468 8457
f 8458 8469 8457
f 8470 8469 8458
f 8459 8470 8458
f 8471 8470 8459
f 8460 8471 8459
f 8461 8472 8462
f 8463 8472 8461
f 8473 8472 8463
f 8464 8473 8463
f 8474 8473 8464
f 8465 8474 8464
f 8475 8474 8465
f 8466 8475 8465
f 8476 8475 8466
f 8416 8415 8477
f 8416 8478 8417
f 8477 8478 8416
f 8417 8479 8418
f 8478 8479 8417
f 8418 8480 8419
f 8479 8480 8418
f 8419 8481 8420
f 8480 8481 8419
f 8420 8481 8421
f 8423 8422 8482
f 8423 8483 8424
f 8482 8483 8423
f 8424 8484 8425
f 8483 8484 8424
f 8425 8485 8426
f 8484 8485 8425
f 8426 8486 8427
f 8485 8486 8426
f 8477 8487 8488
f 8477 8415 8487
f 8415 8428 8487
f 8478 8477 8488
f 8489 8478 8488
f 8479 8478 8489
f 8490 8479 8489
f 8480 8479 8490
f 8491 8480 8490
f 8481 8480 8491
f 8492 8481 8491
f 8492 8421 8481
f 8492 8493 8421
f 8493 8429 8421
f 8482 8494 8495
f 8482 8422 8494
f 8422 8430 8494
f 8483 8482 8495
f 8496 8483 8495
f 8484 8483 8496
f 8497 8484 8496
f 8485 8484 8497
f 8498 8485 8497
f 8486 8485 8498
f 8499 8486 8498
f 8429 8493 8431
f 8493 8500 8431
f 8430 8432 8494
f 8494 8432 8501
f 8431 8500 8433
f 8500 8502 8433
f 8432 8434 8501
f 8501 8434 8503
f 8433 8502 8435
f 8502 8504 8435
f 8434 8436 8503
f 8503 8436 8505
f 8435 8504 8437
f 8504 8506 8437
f 8436 8438 8505
f 8505 8438 8507
f 8437 8506 8439
f 8506 8508 8439
f 8438 8440 8507
f 8507 8440 8509
f 8439 8508 8441
f 8508 8510 8441
f 8440 8442 8509
f 8509 8442 8511
f 8441 8510 8443
f 8510 8512 8443
f 8442 8444 8511
f 8511 8444 8513
f 8443 8512 8445
f 8512 8514 8445
f 8444 8446 8513
f 8513 8446 8515
f 8445 8514 8447
f 8514 8516 8447
f 8446 8448 8515
f 8515 8448 8517
f 8447 8516 8449
f 8516 8518 8449
f 8448 8450 8517
f 8517 8450 8519
f 8449 8518 8451
f 8518 8520 8451
f 8450 8452 8519
f 8519 8452 8521
f 8451 8520 8453
f 8520 8522 8453
f 8452 8454 8521
f 8521 8454 8523
f 8453 8522 8460
f 8522 8524 8460
f 8454 8462 8523
f 8523 8462 8525
f 8467 8468 8527
f 8526 8467 8527
f 8468 8469 8528
f 8527 8468 8528
f 8469 8470 8529
f 8528 8469 8529
f 8470 8471 8530
f 8529 8470 8530
f 8471 8531 8530
f 8471 8460 8531
f 8460 8524 8531
f 8532 8462 8472
f 8532 8533 8462
f 8533 8525 8462
f 8472 8473 8534
f 8532 8472 8534
f 8473 8474 8535
f 8534 8473 8535
f 8474 8475 8536
f 8535 8474 8536
f 8475 8476 8537
f 8536 8475 8537
f 8527 8538 8526
f 8539 8538 8527
f 8528 8539 8527
f 8540 8539 8528
f 8529 8540 8528
f 8541 8540 8529
f 8530 8541 8529
f 8542 8541 8530
f 8531 8542 8530
f 8532 8543 8533
f 8534 8543 8532
f 8544 8543 8534
f 8535 8544 8534
f 8545 8544 8535
f 8536 8545 8535
f 8546 8545 8536
f 8537 8546 8536
f 8547 8546 8537
f 8488 8487 8548
f 8488 8549 8489
f 8548 8549 8488
f 8489 8550 8490
f 8549 8550 8489
f 8490 8551 8491
f 8550 8551 8490
f 8491 8552 8492
f 8551 8552 8491
f 8492 8552 8493
f 8495 8494 8553
f 8495 8554 8496
f 8553 8554 8495
f 8496 8555 8497
f 8554 8555 8496
f 8497 8556 8498
f 8555 8556 8497
f 8498 8557 8499
f 8556 8557 8498
f 8548 8558 8559
f 8548 8487 8558
f 8549 8548 8559
f 8560 8549 8559
f 8550 8549 8560
f 8561 8550 8560
f 8551 8550 8561
f 8562 8551 8561
f 8552 8551 8562
f 8563 8552 8562
f 8563 8493 8552
f 8563 8564 8493
f 8564 8500 8493
f 8553 8565 8566
f 8553 8494 8565
f 8494 8501 8565
f 8554 8553 8566
f 8567 8554 8566
f 8555 8554 8567
f 8568 8555 8567
f 8556 8555 8568
f 8569 8556 8568
f 8557 8556 8569
f 8570 8557 8569
f 8500 8564 8502
f 8564 8571 8502
f 8501 8503 8565
f 8565 8503 8572
f 8502 8571 8504
f 8571 8573 8504
f 8503 8505 8572
f 8572 8505 8574
f 8504 8573 8506
f 8573 8575 8506
f 8505 8507 8574
f 8574 8507 8576
f 8506 8575 8508
f 8575 8577 8508
f 8507 8509 8576
f 8576 8509 8578
f 8508 8577 8510
f 8577 8579 8510
f 8509 8511 8578
f 8578 8511 8580
f 8510 8579 8512
f 8579 8581 8512
f 8511 8513 8580
f 8580 8513 8582
f 8512 8581 8514
f 8581 8583 8514
f 8513 8515 8582
f 8582 8515 8584
f 8514 8583 8516
f 8583 8585 8516
f 8515 8517 8584
f 8584 8517 8586
f 8516 8585 8518
f 8585 8587 8518
f 8517 8519 8586
f 8586 8519 8588
f 8518 8587 8520
f 8587 8589 8520
f 8519 8521 8588
f 8588 8521 8590
f 8520 8589 8522
f 8589 8591 8522
f 8521 8523 8590
f 8590 8523 8592
f 8522 8591 8524
f 8591 8593 8524
f 8523 8525 8592
f 8592 8525 8594
f 8524 8593 8531
f 8593 8595 8531
f 8525 8533 8594
f 8594 8533 8596
f 8598 8599 8597
f 8598 8597 8539
f 8539 8597 8538
f 8539 8540 8600
f 8598 8539 8600
f 8540 8541 8601
f 8600 8540 8601
f 8602 8601 8541
f 8602 8541 8603
f 8603 8541 8542
f 8595 8542 8531
f 8603 8542 8595
f 8533 8604 8596
f 8543 8604 8533
f 8605 8606 8604
f 8605 8604 8544
f 8544 8604 8543
f 8544 8545 8607
f 8605 8544 8607
f 8545 8546 8608
f 8607 8545 8608
f 8546 8547 8609
f 8608 8546 8609
f 8598 8610 8599
f 8600 8610 8598
f 8611 8610 8600
f 8601 8611 8600
f 8612 8611 8601
f 8602 8612 8601
f 8605 8613 8606
f 8607 8613 8605
f 8614 8613 8607
f 8608 8614 8607
f 8615 8614 8608
f 8609 8615 8608
f 8616 8615 8609
f 8559 8558 8617
f 8559 8618 8560
f 8617 8618 8559
f 8560 8619 8561
f 8618 8619 8560
f 8561 8620 8562
f 8619 8620 8561
f 8562 8621 8563
f 8620 8621 8562
f 8563 8621 8564
f 8566 8565 8622
f 8623 8566 8622
f 8623 8624 8566
f 8624 8567 8566
f 8568 8567 8625
f 8567 8624 8625
f 8626 8625 8627
f 8626 8569 8625
f 8569 8568 8625
f 8569 8628 8570
f 8626 8628 8569
f 8617 8629 8630
f 8617 8558 8629
f 8618 8617 8630
f 8631 8618 8630
f 8619 8618 8631
f 8632 8619 8631
f 8620 8619 8632
f 8633 8620 8632
f 8621 8620 8633
f 8634 8621 8633
f 8634 8564 8621
f 8634 8635 8564
f 8635 8571 8564
f 8622 8636 8637
f 8622 8565 8636
f 8565 8572 8636
f 8623 8622 8637
f 8626 8627 8638
f 8628 8626 8638
f 8639 8628 8638
f 8571 8635 8573
f 8635 8641 8573
f 8572 8574 8636
f 8636 8574 8642
f 8573 8641 8575
f 8641 8643 8575
f 8574 8576 8642
f 8642 8576 8644
f 8575 8643 8577
f 8643 8645 8577
f 8576 8578 8644
f 8644 8578 8646
f 8577 8645 8579
f 8645 8647 8579
f 8578 8580 8646
f 8646 8580 8648
f 8579 8647 8581
f 8647 8649 8581
f 8580 8582 8648
f 8648 8582 8650
f 8581 8649 8583
f 8649 8651 8583
f 8582 8584 8650
f 8650 8584 8652
f 8583 8651 8585
f 8651 8653 8585
f 8584 8586 8652
f 8652 8586 8654
f 8585 8653 8587
f 8653 8655 8587
f 8586 8588 8654
f 8654 8588 8656
f 8587 8655 8589
f 8655 8657 8589
f 8588 8590 8656
f 8656 8590 8658
f 8589 8657 8591
f 8657 8659 8591
f 8590 8592 8658
f 8658 8592 8660
f 8591 8659 8593
f 8659 8661 8593
f 8592 8594 8660
f 8660 8594 8662
f 8593 8661 8595
f 8661 8663 8595
f 8594 8596 8662
f 8662 8596 8664
f 8597 8599 8665
f 8603 8666 8602
f 8603 8667 8666
f 8603 8595 8667
f 8595 8663 8667
f 8668 8596 8604
f 8668 8669 8596
f 8669 8664 8596
f 8604 8606 8668
f 8599 8670 8665
f 8599 8610 8670
f 8610 8671 8670
f 8611 8672 8610
f 8610 8672 8671
f 8612 8673 8611
f 8611 8673 8672
f 8666 8612 8602
f 8666 8674 8612
f 8674 8673 8612
f 8667 8674 8666
f 8668 8675 8669
f 8606 8675 8668
f 8606 8613 8675
f 8613 8676 8675
f 8614 8677 8613
f 8613 8677 8676
f 8615 8678 8614
f 8614 8678 8677
f 8616 8679 8615
f 8615 8679 8678
f 8624 8623 8680
f 8624 8681 8625
f 8680 8681 8624
f 8625 8681 8627
f 8630 8682 8683
f 8629 8682 8630
f 8631 8630 8684
f 8630 8683 8684
f 8632 8631 8685
f 8631 8684 8685
f 8633 8632 8686
f 8632 8685 8686
f 8634 8633 8687
f 8633 8686 8687
f 8687 8635 8634
f 8688 8635 8687
f 8637 8689 8690
f 8636 8689 8637
f 8680 8623 8637
f 8680 8637 8691
f 8691 8637 8690
f 8681 8680 8691
f 8692 8681 8691
f 8627 8681 8692
f 8627 8692 8638
f 8638 8692 8693
f 8639 8638 8694
f 8638 8693 8694
f 8682 8640 8695
f 8635 8688 8641
f 8688 8696 8641
f 8636 8642 8689
f 8689 8642 8697
f 8641 8696 8643
f 8696 8698 8643
f 8642 8644 8697
f 8697 8644 8699
f 8643 8698 8645
f 8698 8700 8645
f 8644 8646 8699
f 8699 8646 8701
f 8645 8700 8647
f 8700 8702 8647
f 8646 8648 8701
f 8701 8648 8703
f 8647 8702 8649
f 8702 8704 8649
f 8648 8650 8703
f 8703 8650 8705
f 8649 8704 8651
f 8704 8706 8651
f 8650 8652 8705
f 8705 8652 8707
f 8651 8706 8653
f 8706 8708 8653
f 8652 8654 8707
f 8707 8654 8709
f 8653 8708 8655
f 8708 8710 8655
f 8654 8656 8709
f 8709 8656 8711
f 8655 8710 8657
f 8710 8712 8657
f 8656 8658 8711
f 8711 8658 8713
f 8657 8712 8659
f 8712 8714 8659
f 8658 8660 8713
f 8713 8660 8715
f 8659 8714 8661
f 8714 8716 8661
f 8660 8662 8715
f 8715 8662 8717
f 8661 8716 8663
f 8716 8718 8663
f 8662 8664 8717
f 8717 8664 8719
f 8663 8718 8667
f 8718 8720 8667
f 8664 8669 8719
f 8719 8669 8721
f 8670 8671 8723
f 8722 8670 8723
f 8671 8672 8724
f 8723 8671 8724
f 8672 8673 8725
f 8724 8672 8725
f 8673 8674 8726
f 8725 8673 8726
f 8674 8727 8726
f 8674 8667 8727
f 8667 8720 8727
f 8728 8669 8675
f 8728 8729 8669
f 8729 8721 8669
f 8675 8676 8730
f 8728 8675 8730
f 8676 8677 8731
f 8730 8676 8731
f 8677 8678 8732
f 8731 8677 8732
f 8678 8679 8733
f 8732 8678 8733
f 8723 8734 8722
f 8735 8734 8723
f 8724 8735 8723
f 8736 8735 8724
f 8725 8736 8724
f 8737 8736 8725
f 8726 8737 8725
f 8738 8737 8726
f 8727 8738 8726
f 8728 8739 8729
f 8730 8739 8728
f 8740 8739 8730
f 8731 8740 8730
f 8741 8740 8731
f 8732 8741 8731
f 8742 8741 8732
f 8733 8742 8732
f 8743 8742 8733
f 8683 8682 8744
f 8683 8745 8684
f 8744 8745 8683
f 8684 8746 8685
f 8745 8746 8684
f 8685 8747 8686
f 8746 8747 8685
f 8686 8748 8687
f 8747 8748 8686
f 8687 8748 8688
f 8690 8689 8749
f 8690 8750 8691
f 8749 8750 8690
f 8691 8751 8692
f 8750 8751 8691
f 8692 8752 8693
f 8751 8752 8692
f 8693 8753 8694
f 8752 8753 8693
f 8744 8754 8755
f 8744 8682 8754
f 8682 8695 8754
f 8745 8744 8755
f 8756 8745 8755
f 8746 8745 8756
f 8757 8746 8756
f 8747 8746 8757
f 8758 8747 8757
f 8748 8747 8758
f 8759 8748 8758
f 8759 8688 8748
f 8759 8760 8688
f 8760 8696 8688
f 8749 8761 8762
f 8749 8689 8761
f 8689 8697 8761
f 8750 8749 8762
f 8763 8750 8762
f 8751 8750 8763
f 8764 8751 8763
f 8752 8751 8764
f 8765 8752 8764
f 8753 8752 8765
f 8766 8753 8765
f 8696 8760 8698
f 8760 8767 8698
f 8697 8699 8761
f 8761 8699 8768
f 8698 8767 8700
f 8767 8769 8700
f 8699 8701 8768
f 8768 8701 8770
f 8700 8769 8702
f 8769 8771 8702
f 8701 8703 8770
f 8770 8703 8772
f 8702 8771 8704
f 8771 8773 8704
f 8703 8705 8772
f 8772 8705 8774
f 8704 8773 8706
f 8773 8775 8706
f 8705 8707 8774
f 8774 8707 8776
f 8706 8775 8708
f 8775 8777 8708
f 8707 8709 8776
f 8776 8709 8778
f 8779 8780 8710
f 8779 8710 8777
f 8777 8710 8708
f 8779 8781 8780
f 8782 8783 8784
f 8782 8784 8778
f 8782 8778 8711
f 8711 8778 8709
f 8780 8785 8712
f 8710 8780 8712
f 8786 8780 8781
f 8786 8787 8780
f 8787 8785 8780
f 8787 8788 8789
f 8786 8788 8787
f 8789 8790 8791
f 8788 8790 8789
f 8791 8792 8793
f 8790 8792 8791
f 8793 8794 8795
f 8792 8794 8793
f 8795 8796 8797
f 8794 8796 8795
f 8797 8798 8799
f 8796 8798 8797
f 8783 8799 8798
f 8783 8782 8799
f 8782 8800 8799
f 8711 8713 8800
f 8782 8711 8800
f 8785 8801 8714
f 8712 8785 8714
f 8787 8802 8785
f 8802 8801 8785
f 8789 8803 8787
f 8803 8802 8787
f 8791 8804 8789
f 8804 8803 8789
f 8793 8805 8791
f 8805 8804 8791
f 8795 8806 8793
f 8806 8805 8793
f 8797 8807 8795
f 8807 8806 8795
f 8799 8808 8797
f 8808 8807 8797
f 8800 8809 8799
f 8809 8808 8799
f 8713 8715 8809
f 8800 8713 8809
f 8801 8810 8716
f 8714 8801 8716
f 8802 8811 8801
f 8811 8810 8801
f 8803 8812 8802
f 8812 8811 8802
f 8804 8813 8803
f 8813 8812 8803
f 8805 8814 8804
f 8814 8813 8804
f 8806 8815 8805
f 8815 8814 8805
f 8807 8816 8806
f 8816 8815 8806
f 8808 8817 8807
f 8817 8816 8807
f 8809 8818 8808
f 8818 8817 8808
f 8715 8717 8818
f 8809 8715 8818
f 8810 8819 8718
f 8716 8810 8718
f 8811 8820 8810
f 8820 8819 8810
f 8812 8821 8811
f 8821 8820 8811
f 8813 8822 8812
f 8822 8821 8812
f 8814 8823 8813
f 8823 8822 8813
f 8815 8824 8814
f 8824 8823 8814
f 8816 8825 8815
f 8825 8824 8815
f 8817 8826 8816
f 8826 8825 8816
f 8818 8827 8817
f 8827 8826 8817
f 8717 8719 8827
f 8818 8717 8827
f 8819 8828 8720
f 8718 8819 8720
f 8829 8820 8830
f 8829 8828 8820
f 8828 8819 8820
f 8821 8830 8820
f 8831 8830 8821
f 8822 8831 8821
f 8832 8831 8822
f 8823 8832 8822
f 8833 8832 8823
f 8824 8833 8823
f 8834 8833 8824
f 8825 8834 8824
f 8835 8834 8825
f 8826 8835 8825
f 8836 8835 8826
f 8836 8837 8838
f 8836 8826 8837
f 8826 8827 8837
f 8719 8721 8837
f 8827 8719 8837
f 8828 8839 8840
f 8828 8840 8720
f 8720 8840 8727
f 8829 8839 8828
f 8837 8841 8838
f 8841 8837 8721
f 8841 8721 8842
f 8842 8721 8729
f 8734 8735 8844
f 8843 8734 8844
f 8735 8736 8845
f 8844 8735 8845
f 8736 8737 8846
f 8845 8736 8846
f 8737 8738 8847
f 8846 8737 8847
f 8738 8848 8847
f 8738 8727 8848
f 8727 8840 8848
f 8849 8729 8739
f 8849 8850 8729
f 8850 8842 8729
f 8739 8740 8851
f 8849 8739 8851
f 8740 8741 8852
f 8851 8740 8852
f 8741 8742 8853
f 8852 8741 8853
f 8742 8743 8854
f 8853 8742 8854
f 8844 8855 8843
f 8856 8855 8844
f 8845 8856 8844
f 8857 8856 8845
f 8846 8857 8845
f 8858 8857 8846
f 8847 8858 8846
f 8859 8858 8847
f 8848 8859 8847
f 8849 8860 8850
f 8851 8860 8849
f 8861 8860 8851
f 8852 8861 8851
f 8862 8861 8852
f 8853 8862 8852
f 8863 8862 8853
f 8854 8863 8853
f 8864 8863 8854
f 8755 8754 8865
f 8755 8866 8756
f 8865 8866 8755
f 8756 8867 8757
f 8866 8867 8756
f 8757 8868 8758
f 8867 8868 8757
f 8758 8869 8759
f 8868 8869 8758
f 8759 8869 8760
f 8762 8761 8870
f 8762 8871 8763
f 8870 8871 8762
f 8763 8872 8764
f 8871 8872 8763
f 8764 8873 8765
f 8872 8873 8764
f 8765 8874 8766
f 8873 8874 8765
f 8865 8875 8876
f 8865 8754 8875
f 8866 8865 8876
f 8877 8866 8876
f 8867 8866 8877
f 8878 8867 8877
f 8868 8867 8878
f 8879 8868 8878
f 8869 8868 8879
f 8880 8869 8879
f 8880 8760 8869
f 8880 8881 8760
f 8881 8767 8760
f 8870 8882 8883
f 8870 8761 8882
f 8761 8768 8882
f 8871 8870 8883
f 8884 8871 8883
f 8872 8871 8884
f 8885 8872 8884
f 8873 8872 8885
f 8886 8873 8885
f 8874 8873 8886
f 8887 8874 8886
f 8767 8881 8769
f 8881 8888 8769
f 8768 8770 8882
f 8882 8770 8889
f 8769 8888 8771
f 8888 8890 8771
f 8770 8772 8889
f 8889 8772 8891
f 8771 8890 8773
f 8890 8892 8773
f 8772 8774 8891
f 8891 8774 8893
f 8894 8895 8775
f 8894 8775 8892
f 8892 8775 8773
f 8894 8896 8895
f 8897 8898 8899
f 8897 8899 8893
f 8897 8893 8776
f 8776 8893 8774
f 8895 8900 8777
f 8775 8895 8777
f 8901 8895 8896
f 8901 8902 8895
f 8902 8900 8895
f 8902 8903 8904
f 8901 8903 8902
f 8904 8905 8906
f 8903 8905 8904
f 8906 8907 8908
f 8905 8907 8906
f 8908 8909 8910
f 8907 8909 8908
f 8910 8911 8912
f 8909 8911 8910
f 8912 8913 8914
f 8911 8913 8912
f 8898 8914 8913
f 8898 8897 8914
f 8897 8915 8914
f 8776 8778 8915
f 8897 8776 8915
f 8777 8900 8779
f 8781 8779 8900
f 8781 8900 8916
f 8916 8900 8902
f 8904 8917 8902
f 8917 8916 8902
f 8906 8918 8904
f 8918 8917 8904
f 8908 8919 8906
f 8919 8918 8906
f 8910 8920 8908
f 8920 8919 8908
f 8912 8921 8910
f 8921 8920 8910
f 8914 8922 8912
f 8922 8921 8912
f 8784 8783 8922
f 8784 8922 8915
f 8915 8922 8914
f 8778 8784 8915
f 8781 8916 8786
f 8788 8786 8916
f 8917 8788 8916
f 8790 8788 8917
f 8918 8790 8917
f 8792 8790 8918
f 8919 8792 8918
f 8794 8792 8919
f 8920 8794 8919
f 8796 8794 8920
f 8921 8796 8920
f 8798 8796 8921
f 8922 8798 8921
f 8783 8798 8922
f 8830 8923 8829
f 8830 8831 8924
f 8923 8830 8924
f 8831 8832 8925
f 8924 8831 8925
f 8832 8833 8926
f 8925 8832 8926
f 8833 8834 8927
f 8926 8833 8927
f 8834 8835 8928
f 8927 8834 8928
f 8835 8836 8929
f 8928 8835 8929
f 8836 8838 8929
f 8839 8930 8840
f 8839 8829 8923
f 8839 8923 8930
f 8930 8923 8931
f 8924 8932 8923
f 8932 8931 8923
f 8925 8933 8924
f 8933 8932 8924
f 8926 8934 8925
f 8934 8933 8925
f 8927 8935 8926
f 8935 8934 8926
f 8928 8936 8927
f 8936 8935 8927
f 8929 8937 8928
f 8937 8936 8928
f 8838 8841 8938
f 8838 8938 8929
f 8929 8938 8937
f 8841 8842 8938
f 8930 8939 8848
f 8840 8930 8848
f 8940 8931 8941
f 8940 8939 8931
f 8939 8930 8931
f 8932 8941 8931
f 8942 8941 8932
f 8933 8942 8932
f 8943 8942 8933
f 8934 8943 8933
f 8944 8943 8934
f 8935 8944 8934
f 8945 8944 8935
f 8936 8945 8935
f 8946 8945 8936
f 8937 8946 8936
f 8947 8946 8937
f 8947 8948 8949
f 8947 8937 8948
f 8937 8938 8948
f 8842 8850 8948
f 8938 8842 8948
f 8855 8856 8951
f 8950 8855 8951
f 8856 8857 8952
f 8951 8856 8952
f 8857 8858 8953
f 8952 8857 8953
f 8858 8859 8954
f 8953 8858 8954
f 8859 8955 8954
f 8848 8955 8859
f 8848 8956 8955
f 8848 8939 8956
f 8940 8956 8939
f 8948 8957 8949
f 8958 8959 8957
f 8860 8958 8957
f 8860 8957 8948
f 8860 8948 8850
f 8860 8861 8960
f 8958 8860 8960
f 8861 8862 8961
f 8960 8861 8961
f 8862 8863 8962
f 8961 8862 8962
f 8863 8864 8963
f 8962 8863 8963
f 8951 8964 8950
f 8965 8964 8951
f 8952 8965 8951
f 8966 8965 8952
f 8953 8966 8952
f 8967 8966 8953
f 8954 8967 8953
f 8968 8967 8954
f 8955 8968 8954
f 8958 8969 8959
f 8960 8969 8958
f 8970 8969 8960
f 8961 8970 8960
f 8971 8970 8961
f 8962 8971 8961
f 8972 8971 8962
f 8963 8972 8962
f 8973 8972 8963
f 8876 8875 8974
f 8876 8975 8877
f 8974 8975 8876
f 8877 8976 8878
f 8975 8976 8877
f 8878 8977 8879
f 8976 8977 8878
f 8879 8978 8880
f 8977 8978 8879
f 8880 8978 8881
f 8883 8882 8979
f 8980 8883 8979
f 8980 8981 8883
f 8981 8884 8883
f 8885 8884 8982
f 8884 8981 8982
f 8886 8885 8983
f 8885 8982 8983
f 8984 8983 8985
f 8984 8887 8983
f 8887 8886 8983
f 8974 8986 8987
f 8974 8875 8986
f 8975 8974 8987
f 8988 8975 8987
f 8976 8975 8988
f 8989 8976 8988
f 8977 8976 8989
f 8990 8977 8989
f 8978 8977 8990
f 8991 8978 8990
f 8991 8881 8978
f 8991 8992 8881
f 8992 8888 8881
f 8979 8993 8994
f 8979 8882 8993
f 8882 8889 8993
f 8980 8979 8994
f 8984 8985 8995
f 8888 8992 8890
f 8992 8997 8890
f 8889 8891 8993
f 8993 8891 8998
f 8890 8997 8892
f 8997 8999 8892
f 9000 9001 9002
f 9000 9002 8998
f 9000 8998 8893
f 8893 8998 8891
f 8892 8999 9003
f 8894 8892 9003
f 8896 9004 9005
f 8896 8894 9004
f 8894 9003 9004
f 9005 9006 9007
f 9004 9006 9005
f 9007 9008 9009
f 9006 9008 9007
f 9009 9010 9011
f 9008 9010 9009
f 9011 9012 9013
f 9010 9012 9011
f 9013 9014 9015
f 9012 9014 9013
f 9015 9016 9017
f 9014 9016 9015
f 9001 9017 9016
f 9000 9017 9001
f 9000 8898 9017
f 9000 8899 8898
f 8893 8899 9000
f 8896 9005 8901
f 8903 8901 9005
f 9007 8903 9005
f 8905 8903 9007
f 9009 8905 9007
f 8907 8905 9009
f 9011 8907 9009
f 8909 8907 9011
f 9013 8909 9011
f 8911 8909 9013
f 9015 8911 9013
f 8913 8911 9015
f 9017 8913 9015
f 8898 8913 9017
f 8941 9018 8940
f 8941 8942 9019
f 9018 8941 9019
f 8942 8943 9020
f 9019 8942 9020
f 8943 8944 9021
f 9020 8943 9021
f 8944 8945 9022
f 9021 8944 9022
f 8945 8946 9023
f 9022 8945 9023
f 8946 8947 9024
f 9023 8946 9024
f 8947 8949 9024
f 8956 9025 8955
f 8956 9026 9025
f 8940 9026 8956
f 8940 9027 9026
f 8940 9018 9027
f 9019 9027 9018
f 9028 9027 9019
f 9020 9028 9019
f 9029 9028 9020
f 9021 9029 9020
f 9030 9029 9021
f 9022 9030 9021
f 9031 9030 9022
f 9031 9032 9033
f 9031 9022 9032
f 9022 9023 9032
f 9024 9034 9023
f 9034 9032 9023
f 8949 8957 9035
f 8949 9035 9024
f 9024 9035 9034
f 8957 8959 9035
f 8965 9037 8964
f 8964 9037 9036
f 9038 9039 9037
f 9038 9037 8966
f 8966 9037 8965
f 8966 8967 9040
f 9038 8966 9040
f 9041 9040 8967
f 9041 8967 9042
f 9042 8967 8968
f 9025 8968 8955
f 9025 9043 8968
f 9043 9042 8968
f 9026 9043 9025
f 9032 9044 9033
f 9034 9044 9032
f 9045 9044 9034
f 9035 9045 9034
f 9046 9045 9035
f 8959 9046 9035
f 8959 8969 9046
f 8969 9047 9046
f 8970 9048 8969
f 8969 9048 9047
f 8971 9049 8970
f 8970 9049 9048
f 8972 9050 8971
f 8971 9050 9049
f 8973 9051 8972
f 8972 9051 9050
f 9038 9052 9039
f 9040 9052 9038
f 9053 9052 9040
f 9041 9053 9040
f 8981 8980 9054
f 8981 9055 8982
f 9054 9055 8981
f 8982 9056 8983
f 9055 9056 8982
f 8983 9056 8985
f 8987 9057 9058
f 8986 9057 8987
f 8988 8987 9059
f 8987 9058 9059
f 8989 8988 9060
f 8988 9059 9060
f 8990 8989 9061
f 8989 9060 9061
f 8991 8990 9062
f 8990 9061 9062
f 9062 8992 8991
f 9063 8992 9062
f 8994 9064 9065
f 8993 9064 8994
f 9054 8980 8994
f 9054 8994 9066
f 9066 8994 9065
f 9055 9054 9066
f 9067 9055 9066
f 9056 9055 9067
f 9068 9056 9067
f 8985 9056 9068
f 8985 9068 8995
f 8995 9068 9069
f 8986 8996 9057
f 9057 8996 9070
f 8992 9063 8997
f 9063 9071 8997
f 8993 8998 9064
f 9064 8998 9072
f 9073 9074 8999
f 9073 8999 9071
f 9071 8999 8997
f 9074 9075 9076
f 9073 9075 9074
f 9076 9077 9078
f 9075 9077 9076
f 9078 9079 9080
f 9077 9079 9078
f 9080 9081 9082
f 9079 9081 9080
f 9082 9083 9084
f 9081 9083 9082
f 9084 9085 9086
f 9083 9085 9084
f 9086 9087 9088
f 9085 9087 9086
f 9088 9002 9001
f 9088 9087 9002
f 9087 9089 9002
f 9072 8998 9002
f 9089 9072 9002
f 8999 9074 9003
f 9004 9003 9074
f 9076 9004 9074
f 9006 9004 9076
f 9078 9006 9076
f 9008 9006 9078
f 9080 9008 9078
f 9010 9008 9080
f 9082 9010 9080
f 9012 9010 9082
f 9084 9012 9082
f 9014 9012 9084
f 9086 9014 9084
f 9016 9014 9086
f 9088 9016 9086
f 9001 9016 9088
f 9027 9090 9026
f 9027 9028 9091
f 9090 9027 9091
f 9028 9029 9092
f 9091 9028 9092
f 9029 9030 9093
f 9092 9029 9093
f 9030 9031 9094
f 9093 9030 9094
f 9031 9033 9094
f 9036 9037 9096
f 9095 9036 9096
f 9037 9039 9096
f 9042 9097 9041
f 9098 9097 9042
f 9098 9042 9099
f 9099 9042 9043
f 9090 9043 9026
f 9090 9100 9043
f 9100 9099 9043
f 9091 9100 9090
f 9101 9100 9091
f 9092 9101 9091
f 9102 9101 9092
f 9093 9102 9092
f 9103 9102 9093
f 9094 9103 9093
f 9104 9103 9094
f 9033 9104 9094
f 9033 9044 9104
f 9044 9105 9104
f 9045 9106 9044
f 9044 9106 9105
f 9107 9108 9106
f 9107 9106 9046
f 9046 9106 9045
f 9046 9047 9109
f 9107 9046 9109
f 9047 9048 9110
f 9109 9047 9110
f 9048 9049 9111
f 9110 9048 9111
f 9049 9050 9112
f 9111 9049 9112
f 9050 9051 9113
f 9112 9050 9113
f 9096 9114 9095
f 9115 9114 9096
f 9039 9115 9096
f 9039 9052 9115
f 9052 9116 9115
f 9053 9117 9052
f 9052 9117 9116
f 9097 9053 9041
f 9097 9118 9053
f 9118 9117 9053
f 9098 9118 9097
f 9107 9119 9108
f 9109 9119 9107
f 9120 9119 9109
f 9110 9120 9109
f 9121 9120 9110
f 9111 9121 9110
f 9122 9121 9111
f 9112 9122 9111
f 9123 9122 9112
f 9113 9123 9112
f 9124 9123 9113
f 9058 9057 9125
f 9126 9058 9125
f 9126 9127 9058
f 9127 9059 9058
f 9060 9059 9128
f 9059 9127 9128
f 9061 9060 9129
f 9060 9128 9129
f 9130 9129 9131
f 9130 9062 9129
f 9062 9061 9129
f 9062 9130 9063
f 9065 9064 9132
f 9133 9065 9132
f 9133 9134 9065
f 9134 9066 9065
f 9067 9066 9135
f 9066 9134 9135
f 9068 9067 9136
f 9067 9135 9136
f 9069 9068 9137
f 9068 9136 9137
f 9125 9057 9070
f 9126 9125 9138
f 9130 9131 9139
f 9130 9071 9063
f 9130 9140 9071
f 9130 9139 9140
f 9141 9071 9140
f 9140 9142 9141
f 9143 9144 9145
f 9132 9145 9146
f 9132 9072 9145
f 9132 9064 9072
f 9072 9143 9145
f 9133 9132 9146
f 9071 9141 9073
f 9141 9142 9147
f 9141 9147 9073
f 9073 9147 9075
f 9077 9075 9148
f 9075 9147 9148
f 9079 9077 9149
f 9077 9148 9149
f 9081 9079 9150
f 9079 9149 9150
f 9083 9081 9151
f 9081 9150 9151
f 9085 9083 9152
f 9083 9151 9152
f 9087 9085 9153
f 9085 9152 9153
f 9144 9143 9089
f 9144 9089 9153
f 9153 9089 9087
f 9072 9089 9143
f 9099 9154 9098
f 9099 9100 9155
f 9154 9099 9155
f 9100 9101 9156
f 9155 9100 9156
f 9101 9102 9157
f 9156 9101 9157
f 9102 9103 9158
f 9157 9102 9158
f 9103 9104 9159
f 9158 9103 9159
f 9104 9105 9160
f 9159 9104 9160
f 9105 9106 9161
f 9160 9105 9161
f 9106 9108 9161
f 9163 9164 9162
f 9163 9162 9115
f 9115 9162 9114
f 9115 9116 9165
f 9163 9115 9165
f 9116 9117 9166
f 9165 9116 9166
f 9167 9166 9117
f 9167 9117 9168
f 9168 9117 9118
f 9154 9118 9098
f 9154 9169 9118
f 9169 9168 9118
f 9155 9169 9154
f 9170 9169 9155
f 9156 9170 9155
f 9171 9170 9156
f 9157 9171 9156
f 9172 9171 9157
f 9158 9172 9157
f 9173 9172 9158
f 9159 9173 9158
f 9174 9173 9159
f 9160 9174 9159
f 9175 9174 9160
f 9161 9175 9160
f 9176 9175 9161
f 9108 9176 9161
f 9108 9119 9176
f 9119 9177 9176
f 9120 9178 9119
f 9119 9178 9177
f 9179 9180 9178
f 9179 9178 9121
f 9121 9178 9120
f 9121 9122 9181
f 9179 9121 9181
f 9122 9123 9182
f 9181 9122 9182
f 9123 9124 9183
f 9182 9123 9183
f 9163 9184 9164
f 9165 9184 9163
f 9185 9184 9165
f 9166 9185 9165
f 9186 9185 9166
f 9167 9186 9166
f 9179 9187 9180
f 9181 9187 9179
f 9188 9187 9181
f 9182 9188 9181
f 9189 9188 9182
f 9183 9189 9182
f 9190 9189 9183
f 9127 9126 9191
f 9127 9192 9128
f 9191 9192 9127
f 9128 9193 9129
f 9192 9193 9128
f 9129 9193 9131
f 9134 9133 9194
f 9134 9195 9135
f 9194 9195 9134
f 9196 9135 9195
f 9196 9197 9135
f 9197 9136 9135
f 9198 9197 9199
f 9198 9137 9197
f 9137 9136 9197
f 9191 9126 9138
f 9191 9138 9202
f 9202 9138 9201
f 9192 9191 9202
f 9203 9192 9202
f 9193 9192 9203
f 9204 9193 9203
f 9131 9193 9204
f 9131 9204 9139
f 9139 9204 9205
f 9140 9139 9206
f 9139 9205 9206
f 9142 9207 9208
f 9142 9140 9207
f 9140 9206 9207
f 9208 9209 9210
f 9207 9209 9208
f 9210 9211 9212
f 9209 9211 9210
f 9212 9213 9214
f 9211 9213 9212
f 9214 9215 9216
f 9213 9215 9214
f 9216 9217 9218
f 9215 9217 9216
f 9218 9219 9220
f 9217 9219 9218
f 9220 9145 9144
f 9220 9219 9145
f 9219 9221 9145
f 9146 9145 9222
f 9145 9221 9222
f 9194 9133 9146
f 9194 9146 9223
f 9223 9146 9222
f 9195 9194 9223
f 9224 9195 9223
f 9196 9195 9224
f 9198 9199 9225
f 9142 9208 9147
f 9148 9147 9208
f 9210 9148 9208
f 9149 9148 9210
f 9212 9149 9210
f 9150 9149 9212
f 9214 9150 9212
f 9151 9150 9214
f 9216 9151 9214
f 9152 9151 9216
f 9218 9152 9216
f 9153 9152 9218
f 9220 9153 9218
f 9144 9153 9220
f 9162 9164 9226
f 9168 9227 9167
f 9228 9227 9168
f 9228 9168 9229
f 9229 9168 9169
f 9170 9230 9169
f 9169 9230 9229
f 9231 9232 9230
f 9231 9230 9171
f 9171 9230 9170
f 9171 9172 9233
f 9231 9171 9233
f 9172 9173 9234
f 9233 9172 9234
f 9173 9174 9235
f 9234 9173 9235
f 9174 9175 9236
f 9235 9174 9236
f 9175 9176 9237
f 9236 9175 9237
f 9176 9177 9238
f 9237 9176 9238
f 9177 9178 9239
f 9238 9177 9239
f 9178 9180 9239
f 9164 9240 9226
f 9164 9184 9240
f 9184 9241 9240
f 9185 9242 9184
f 9184 9242 9241
f 9186 9243 9185
f 9185 9243 9242
f 9227 9186 9167
f 9227 9244 9186
f 9244 9243 9186
f 9228 9244 9227
f 9231 9245 9232
f 9233 9245 9231
f 9246 9245 9233
f 9234 9246 9233
f 9247 9246 9234
f 9235 9247 9234
f 9248 9247 9235
f 9236 9248 9235
f 9249 9248 9236
f 9237 9249 9236
f 9250 9249 9237
f 9238 9250 9237
f 9251 9250 9238
f 9239 9251 9238
f 9252 9251 9239
f 9180 9252 9239
f 9180 9187 9252
f 9187 9253 9252
f 9188 9254 9187
f 9187 9254 9253
f 9189 9255 9188
f 9188 9255 9254
f 9190 9256 9189
f 9189 9256 9255
f 9197 9196 9257
f 9197 9257 9199
f 9200 9258 9259
f 9202 9201 9260
f 9201 9259 9260
f 9203 9202 9261
f 9202 9260 9261
f 9204 9203 9262
f 9203 9261 9262
f 9205 9204 9263
f 9204 9262 9263
f 9206 9205 9264
f 9205 9263 9264
f 9207 9206 9265
f 9206 9264 9265
f 9209 9207 9266
f 9207 9265 9266
f 9211 9209 9267
f 9209 9266 9267
f 9213 9211 9268
f 9211 9267 9268
f 9215 9213 9269
f 9213 9268 9269
f 9217 9215 9270
f 9215 9269 9270
f 9219 9217 9271
f 9217 9270 9271
f 9221 9219 9272
f 9219 9271 9272
f 9222 9221 9273
f 9221 9272 9273
f 9223 9222 9274
f 9222 9273 9274
f 9224 9223 9275
f 9223 9274 9275
f 9257 9196 9224
f 9257 9224 9276
f 9276 9224 9275
f 9199 9257 9276
f 9199 9276 9225
f 9225 9276 9277
f 9225 9277 9278
f 9229 9279 9228
f 9229 9230 9280
f 9279 9229 9280
f 9230 9232 9280
f 9240 9241 9282
f 9281 9240 9282
f 9241 9242 9283
f 9282 9241 9283
f 9242 9243 9284
f 9283 9242 9284
f 9285 9284 9243
f 9285 9243 9286
f 9286 9243 9244
f 9279 9244 9228
f 9279 9287 9244
f 9287 9286 9244
f 9280 9287 9279
f 9288 9287 9280
f 9232 9288 9280
f 9232 9245 9288
f 9245 9289 9288
f 9246 9290 9245
f 9245 9290 9289
f 9247 9291 9246
f 9246 9291 9290
f 9248 9292 9247
f 9247 9292 9291
f 9249 9293 9248
f 9248 9293 9292
f 9250 9294 9249
f 9249 9294 9293
f 9251 9295 9250
f 9250 9295 9294
f 9252 9296 9251
f 9251 9296 9295
f 9253 9297 9252
f 9252 9297 9296
f 9254 9298 9253
f 9253 9298 9297
f 9299 9300 9298
f 9299 9298 9255
f 9255 9298 9254
f 9255 9256 9301
f 9299 9255 9301
f 9282 9302 9281
f 9303 9302 9282
f 9283 9303 9282
f 9304 9303 9283
f 9284 9304 9283
f 9305 9304 9284
f 9285 9305 9284
f 9299 9306 9300
f 9301 9306 9299
f 9307 9306 9301
f 9259 9258 9309
f 9258 9308 9309
f 9260 9259 9310
f 9259 9309 9310
f 9261 9260 9311
f 9260 9310 9311
f 9262 9261 9312
f 9261 9311 9312
f 9263 9262 9313
f 9262 9312 9313
f 9264 9263 9314
f 9263 9313 9314
f 9265 9264 9315
f 9264 9314 9315
f 9266 9265 9316
f 9265 9315 9316
f 9267 9266 9317
f 9266 9316 9317
f 9268 9267 9318
f 9267 9317 9318
f 9269 9268 9319
f 9268 9318 9319
f 9270 9269 9320
f 9269 9319 9320
f 9271 9270 9321
f 9270 9320 9321
f 9272 9271 9322
f 9271 9321 9322
f 9273 9272 9323
f 9272 9322 9323
f 9274 9273 9324
f 9273 9323 9324
f 9275 9274 9325
f 9274 9324 9325
f 9276 9275 9326
f 9275 9325 9326
f 9277 9276 9327
f 9276 9326 9327
f 9277 9327 9328
f 9286 9329 9285
f 9286 9287 9330
f 9329 9286 9330
f 9287 9288 9331
f 9330 9287 9331
f 9288 9289 9332
f 9331 9288 9332
f 9289 9290 9333
f 9332 9289 9333
f 9290 9291 9334
f 9333 9290 9334
f 9291 9292 9335
f 9334 9291 9335
f 9292 9293 9336
f 9335 9292 9336
f 9293 9294 9337
f 9336 9293 9337
f 9294 9295 9338
f 9337 9294 9338
f 9295 9296 9339
f 9338 9295 9339
f 9296 9297 9340
f 9339 9296 9340
f 9297 9298 9341
f 9340 9297 9341
f 9298 9300 9341
f 9303 9343 9302
f 9302 9343 9342
f 9304 9344 9303
f 9303 9344 9343
f 9305 9345 9304
f 9304 9345 9344
f 9329 9305 9285
f 9329 9346 9305
f 9346 9345 9305
f 9330 9346 9329
f 9347 9346 9330
f 9331 9347 9330
f 9348 9347 9331
f 9332 9348 9331
f 9349 9348 9332
f 9333 9349 9332
f 9350 9349 9333
f 9334 9350 9333
f 9351 9350 9334
f 9335 9351 9334
f 9352 9351 9335
f 9336 9352 9335
f 9353 9352 9336
f 9337 9353 9336
f 9354 9353 9337
f 9338 9354 9337
f 9355 9354 9338
f 9339 9355 9338
f 9356 9355 9339
f 9340 9356 9339
f 9357 9356 9340
f 9341 9357 9340
f 9358 9357 9341
f 9300 9358 9341
f 9300 9306 9358
f 9306 9359 9358
f 9307 9360 9306
f 9306 9360 9359
f 9309 9308 9363
f 9308 9362 9363
f 9310 9309 9364
f 9309 9363 9364
f 9311 9310 9365
f 9310 9364 9365
f 9312 9311 9366
f 9311 9365 9366
f 9313 9312 9367
f 9312 9366 9367
f 9368 9367 9369
f 9368 9314 9367
f 9314 9313 9367
f 9314 9370 9315
f 9368 9370 9314
f 9315 9371 9316
f 9370 9371 9315
f 9316 9372 9317
f 9371 9372 9316
f 9317 9373 9318
f 9372 9373 9317
f 9318 9374 9319
f 9373 9374 9318
f 9319 9375 9320
f 9374 9375 9319
f 9320 9376 9321
f 9375 9376 9320
f 9321 9377 9322
f 9376 9377 9321
f 9378 9322 9377
f 9378 9379 9322
f 9379 9323 9322
f 9324 9323 9380
f 9323 9379 9380
f 9325 9324 9381
f 9324 9380 9381
f 9326 9325 9382
f 9325 9381 9382
f 9327 9326 9383
f 9326 9382 9383
f 9328 9327 9384
f 9327 9383 9384
f 9328 9384 9385
f 9368 9369 9386
f 9370 9368 9386
f 9387 9370 9386
f 9371 9370 9387
f 9388 9371 9387
f 9372 9371 9388
f 9389 9372 9388
f 9373 9372 9389
f 9390 9373 9389
f 9374 9373 9390
f 9391 9374 9390
f 9375 9374 9391
f 9392 9375 9391
f 9376 9375 9392
f 9393 9376 9392
f 9377 9376 9393
f 9394 9377 9393
f 9378 9377 9394
f 9342 9343 9396
f 9395 9342 9396
f 9343 9344 9397
f 9396 9343 9397
f 9344 9345 9398
f 9397 9344 9398
f 9345 9346 9399
f 9398 9345 9399
f 9400 9399 9346
f 9400 9346 9401
f 9401 9346 9347
f 9348 9402 9347
f 9347 9402 9401
f 9349 9403 9348
f 9348 9403 9402
f 9350 9404 9349
f 9349 9404 9403
f 9351 9405 9350
f 9350 9405 9404
f 9352 9406 9351
f 9351 9406 9405
f 9353 9407 9352
f 9352 9407 9406
f 9354 9408 9353
f 9353 9408 9407
f 9355 9409 9354
f 9354 9409 9408
f 9410 9411 9409
f 9410 9409 9356
f 9356 9409 9355
f 9356 9357 9412
f 9410 9356 9412
f 9357 9358 9413
f 9412 9357 9413
f 9358 9359 9414
f 9413 9358 9414
f 9359 9360 9415
f 9414 9359 9415
f 9396 9416 9395
f 9417 9416 9396
f 9397 9417 9396
f 9418 9417 9397
f 9398 9418 9397
f 9419 9418 9398
f 9399 9419 9398
f 9420 9419 9399
f 9400 9420 9399
f 9410 9421 9411
f 9412 9421 9410
f 9422 9421 9412
f 9413 9422 9412
f 9423 9422 9413
f 9414 9423 9413
f 9424 9423 9414
f 9415 9424 9414
f 9425 9424 9415
f 9427 9361 9426
f 9427 9428 9361
f 9428 9362 9361
f 9363 9362 9429
f 9362 9428 9429
f 9430 9429 9431
f 9430 9364 9429
f 9364 9363 9429
f 9364 9432 9365
f 9430 9432 9364
f 9365 9433 9366
f 9432 9433 9365
f 9366 9434 9367
f 9433 9434 9366
f 9367 9434 9369
f 9379 9378 9435
f 9379 9436 9380
f 9435 9436 9379
f 9380 9437 9381
f 9436 9437 9380
f 9381 9438 9382
f 9437 9438 9381
f 9439 9382 9438
f 9439 9440 9382
f 9440 9383 9382
f 9384 9383 9441
f 9383 9440 9441
f 9442 9441 9443
f 9442 9385 9441
f 9385 9384 9441
f 9427 9426 9444
f 9430 9431 9445
f 9432 9430 9445
f 9446 9432 9445
f 9433 9432 9446
f 9447 9433 9446
f 9434 9433 9447
f 9448 9434 9447
f 9369 9434 9448
f 9369 9448 9386
f 9386 9448 9449
f 9387 9386 9450
f 9386 9449 9450
f 9451 9450 9452
f 9451 9388 9450
f 9388 9387 9450
f 9388 9453 9389
f 9451 9453 9388
f 9389 9454 9390
f 9453 9454 9389
f 9390 9455 9391
f 9454 9455 9390
f 9391 9456 9392
f 9455 9456 9391
f 9457 9392 9456
f 9457 9458 9392
f 9458 9393 9392
f 9394 9393 9459
f 9393 9458 9459
f 9435 9378 9394
f 9435 9394 9460
f 9460 9394 9459
f 9436 9435 9460
f 9461 9436 9460
f 9437 9436 9461
f 9462 9437 9461
f 9438 9437 9462
f 9463 9438 9462
f 9439 9438 9463
f 9442 9443 9464
f 9451 9452 9465
f 9453 9451 9465
f 9466 9453 9465
f 9454 9453 9466
f 9467 9454 9466
f 9455 9454 9467
f 9468 9455 9467
f 9456 9455 9468
f 9469 9456 9468
f 9457 9456 9469
f 9401 9470 9400
f 9401 9402 9471
f 9470 9401 9471
f 9402 9403 9472
f 9471 9402 9472
f 9403 9404 9473
f 9472 9403 9473
f 9404 9405 9474
f 9473 9404 9474
f 9405 9406 9475
f 9474 9405 9475
f 9406 9407 9476
f 9475 9406 9476
f 9407 9408 9477
f 9476 9407 9477
f 9408 9409 9478
f 9477 9408 9478
f 9409 9411 9478
f 9417 9480 9416
f 9416 9480 9479
f 9481 9482 9480
f 9481 9480 9418
f 9418 9480 9417
f 9418 9419 9483
f 9481 9418 9483
f 9484 9483 9419
f 9484 9419 9485
f 9485 9419 9420
f 9470 9420 9400
f 9470 9486 9420
f 9486 9485 9420
f 9471 9486 9470
f 9487 9486 9471
f 9472 9487 9471
f 9488 9487 9472
f 9473 9488 9472
f 9489 9488 9473
f 9474 9489 9473
f 9490 9489 9474
f 9475 9490 9474
f 9491 9490 9475
f 9476 9491 9475
f 9492 9491 9476
f 9477 9492 9476
f 9493 9492 9477
f 9478 9493 9477
f 9494 9493 9478
f 9411 9494 9478
f 9411 9421 9494
f 9421 9495 9494
f 9422 9496 9421
f 9421 9496 9495
f 9423 9497 9422
f 9422 9497 9496
f 9424 9498 9423
f 9423 9498 9497
f 9425 9499 9424
f 9424 9499 9498
f 9481 9500 9482
f 9483 9500 9481
f 9501 9500 9483
f 9484 9501 9483
f 9428 9427 9502
f 9428 9503 9429
f 9502 9503 9428
f 9429 9503 9431
f 9440 9439 9504
f 9440 9505 9441
f 9504 9505 9440
f 9441 9505 9443
f 9444 9506 9507
f 9427 9444 9507
f 9427 9507 9508
f 9427 9508 9502
f 9508 9509 9510
f 9508 9510 9502
f 9502 9510 9503
f 9431 9511 9445
f 9431 9503 9511
f 9503 9510 9511
f 9445 9512 9446
f 9511 9512 9445
f 9446 9513 9447
f 9512 9513 9446
f 9447 9514 9448
f 9513 9514 9447
f 9448 9515 9449
f 9514 9515 9448
f 9449 9516 9450
f 9515 9516 9449
f 9450 9516 9452
f 9458 9457 9517
f 9458 9518 9459
f 9517 9518 9458
f 9459 9519 9460
f 9518 9519 9459
f 9460 9520 9461
f 9519 9520 9460
f 9461 9521 9462
f 9520 9521 9461
f 9462 9522 9463
f 9521 9522 9462
f 9463 9504 9439
f 9463 9522 9504
f 9522 9523 9504
f 9505 9504 9524
f 9524 9504 9523
f 9443 9525 9464
f 9443 9505 9525
f 9505 9524 9525
f 9507 9506 9526
f 9510 9509 9527
f 9511 9510 9527
f 9528 9511 9527
f 9512 9511 9528
f 9529 9512 9528
f 9513 9512 9529
f 9530 9513 9529
f 9514 9513 9530
f 9531 9514 9530
f 9515 9514 9531
f 9532 9515 9531
f 9516 9515 9532
f 9533 9516 9532
f 9452 9516 9533
f 9452 9533 9465
f 9465 9533 9534
f 9466 9465 9535
f 9465 9534 9535
f 9467 9466 9536
f 9466 9535 9536
f 9468 9467 9537
f 9467 9536 9537
f 9469 9468 9538
f 9468 9537 9538
f 9517 9457 9469
f 9517 9469 9539
f 9539 9469 9538
f 9518 9517 9539
f 9540 9518 9539
f 9519 9518 9540
f 9541 9519 9540
f 9520 9519 9541
f 9542 9520 9541
f 9521 9520 9542
f 9543 9521 9542
f 9522 9521 9543
f 9544 9522 9543
f 9523 9522 9544
f 9545 9523 9544
f 9524 9523 9545
f 9546 9524 9545
f 9525 9524 9546
f 9547 9525 9546
f 9479 9480 9549
f 9548 9479 9549
f 9480 9482 9549
f 9485 9550 9484
f 9485 9486 9551
f 9550 9485 9551
f 9486 9487 9552
f 9551 9486 9552
f 9487 9488 9553
f 9552 9487 9553
f 9488 9489 9554
f 9553 9488 9554
f 9489 9490 9555
f 9554 9489 9555
f 9490 9491 9556
f 9555 9490 9556
f 9491 9492 9557
f 9556 9491 9557
f 9492 9493 9558
f 9557 9492 9558
f 9493 9494 9559
f 9558 9493 9559
f 9494 9495 9560
f 9559 9494 9560
f 9495 9496 9561
f 9560 9495 9561
f 9496 9497 9562
f 9561 9496 9562
f 9497 9498 9563
f 9562 9497 9563
f 9498 9499 9564
f 9563 9498 9564
f 9549 9565 9548
f 9566 9565 9549
f 9482 9566 9549
f 9482 9500 9566
f 9500 9567 9566
f 9501 9568 9500
f 9500 9568 9567
f 9550 9501 9484
f 9550 9569 9501
f 9569 9568 9501
f 9551 9569 9550
f 9570 9569 9551
f 9552 9570 9551
f 9571 9570 9552
f 9553 9571 9552
f 9572 9571 9553
f 9554 9572 9553
f 9573 9572 9554
f 9555 9573 9554
f 9574 9573 9555
f 9556 9574 9555
f 9575 9574 9556
f 9557 9575 9556
f 9576 9575 9557
f 9558 9576 9557
f 9577 9576 9558
f 9559 9577 9558
f 9578 9577 9559
f 9560 9578 9559
f 9579 9578 9560
f 9561 9579 9560
f 9580 9579 9561
f 9562 9580 9561
f 9581 9580 9562
f 9563 9581 9562
f 9582 9581 9563
f 9564 9582 9563
f 9583 9582 9564
f 9508 9507 9584
f 9508 9584 9509
f 9526 9584 9507
f 9526 9585 9584
f 9585 9586 9584
f 9509 9587 9527
f 9509 9584 9587
f 9584 9586 9587
f 9527 9588 9528
f 9587 9588 9527
f 9528 9589 9529
f 9588 9589 9528
f 9529 9590 9530
f 9589 9590 9529
f 9530 9591 9531
f 9590 9591 9530
f 9531 9592 9532
f 9591 9592 9531
f 9532 9593 9533
f 9592 9593 9532
f 9533 9594 9534
f 9593 9594 9533
f 9534 9595 9535
f 9594 9595 9534
f 9535 9596 9536
f 9595 9596 9535
f 9536 9597 9537
f 9596 9597 9536
f 9537 9598 9538
f 9597 9598 9537
f 9538 9599 9539
f 9598 9599 9538
f 9539 9600 9540
f 9599 9600 9539
f 9540 9601 9541
f 9600 9601 9540
f 9541 9602 9542
f 9601 9602 9541
f 9542 9603 9543
f 9602 9603 9542
f 9543 9604 9544
f 9603 9604 9543
f 9544 9605 9545
f 9604 9605 9544
f 9545 9606 9546
f 9605 9606 9545
f 9546 9607 9547
f 9606 9607 9546
f 9609 9610 9586
f 9609 9586 9608
f 9608 9586 9585
f 9587 9586 9610
f 9611 9587 9610
f 9588 9587 9611
f 9612 9588 9611
f 9589 9588 9612
f 9613 9589 9612
f 9590 9589 9613
f 9614 9590 9613
f 9614 9615 9616
f 9614 9616 9590
f 9590 9616 9591
f 9592 9591 9617
f 9617 9591 9616
f 9593 9592 9618
f 9618 9592 9617
f 9594 9593 9619
f 9619 9593 9618
f 9595 9594 9620
f 9620 9594 9619
f 9596 9595 9621
f 9621 9595 9620
f 9597 9596 9622
f 9622 9596 9621
f 9598 9597 9623
f 9623 9597 9622
f 9599 9598 9624
f 9624 9598 9623
f 9600 9599 9625
f 9625 9599 9624
f 9626 9627 9601
f 9626 9601 9625
f 9625 9601 9600
f 9602 9601 9627
f 9628 9602 9627
f 9603 9602 9628
f 9629 9603 9628
f 9604 9603 9629
f 9630 9604 9629
f 9605 9604 9630
f 9631 9605 9630
f 9606 9605 9631
f 9632 9606 9631
f 9632 9633 9634
f 9632 9634 9606
f 9606 9634 9607
f 9635 9609 9608
f 9616 9615 9636
f 9617 9616 9636
f 9637 9617 9636
f 9618 9617 9637
f 9638 9618 9637
f 9619 9618 9638
f 9639 9619 9638
f 9620 9619 9639
f 9640 9620 9639
f 9621 9620 9640
f 9641 9621 9640
f 9622 9621 9641
f 9642 9622 9641
f 9623 9622 9642
f 9643 9623 9642
f 9624 9623 9643
f 9644 9624 9643
f 9625 9624 9644
f 9645 9625 9644
f 9626 9625 9645
f 9646 9634 9633
f 9648 9649 9647
f 9648 9647 9566
f 9566 9647 9565
f 9566 9567 9650
f 9648 9566 9650
f 9567 9568 9651
f 9650 9567 9651
f 9652 9651 9568
f 9652 9568 9653
f 9653 9568 9569
f 9570 9654 9569
f 9569 9654 9653
f 9571 9655 9570
f 9570 9655 9654
f 9572 9656 9571
f 9571 9656 9655
f 9573 9657 9572
f 9572 9657 9656
f 9574 9658 9573
f 9573 9658 9657
f 9575 9659 9574
f 9574 9659 9658
f 9576 9660 9575
f 9575 9660 9659
f 9577 9661 9576
f 9576 9661 9660
f 9578 9662 9577
f 9577 9662 9661
f 9579 9663 9578
f 9578 9663 9662
f 9580 9664 9579
f 9579 9664 9663
f 9581 9665 9580
f 9580 9665 9664
f 9582 9666 9581
f 9581 9666 9665
f 9583 9667 9582
f 9582 9667 9666
f 9648 9668 9649
f 9650 9668 9648
f 9669 9668 9650
f 9651 9669 9650
f 9670 9669 9651
f 9652 9670 9651
f 9610 9609 9671
f 9610 9672 9611
f 9671 9672 9610
f 9611 9673 9612
f 9672 9673 9611
f 9612 9674 9613
f 9673 9674 9612
f 9613 9675 9614
f 9674 9675 9613
f 9614 9675 9615
f 9627 9626 9676
f 9627 9677 9628
f 9676 9677 9627
f 9628 9678 9629
f 9677 9678 9628
f 9629 9679 9630
f 9678 9679 9629
f 9630 9680 9631
f 9679 9680 9630
f 9631 9681 9632
f 9680 9681 9631
f 9632 9681 9633
f 9671 9635 9682
f 9609 9635 9671
f 9672 9671 9683
f 9683 9671 9682
f 9673 9672 9684
f 9684 9672 9683
f 9674 9673 9685
f 9685 9673 9684
f 9675 9674 9686
f 9686 9674 9685
f 9615 9687 9636
f 9615 9675 9687
f 9675 9686 9687
f 9636 9688 9637
f 9687 9688 9636
f 9637 9689 9638
f 9688 9689 9637
f 9638 9690 9639
f 9689 9690 9638
f 9639 9691 9640
f 9690 9691 9639
f 9640 9692 9641
f 9691 9692 9640
f 9641 9693 9642
f 9692 9693 9641
f 9642 9694 9643
f 9693 9694 9642
f 9643 9695 9644
f 9694 9695 9643
f 9644 9696 9645
f 9695 9696 9644
f 9645 9676 9626
f 9645 9696 9676
f 9696 9697 9676
f 9677 9676 9698
f 9698 9676 9697
f 9678 9677 9699
f 9699 9677 9698
f 9679 9678 9700
f 9700 9678 9699
f 9680 9679 9701
f 9701 9679 9700
f 9681 9680 9702
f 9702 9680 9701
f 9681 9702 9633
f 9682 9703 9704
f 9682 9635 9703
f 9683 9682 9704
f 9705 9683 9704
f 9684 9683 9705
f 9706 9684 9705
f 9685 9684 9706
f 9707 9685 9706
f 9686 9685 9707
f 9708 9686 9707
f 9687 9686 9708
f 9709 9687 9708
f 9688 9687 9709
f 9710 9688 9709
f 9689 9688 9710
f 9711 9689 9710
f 9690 9689 9711
f 9712 9690 9711
f 9691 9690 9712
f 9713 9691 9712
f 9692 9691 9713
f 9714 9692 9713
f 9693 9692 9714
f 9715 9693 9714
f 9694 9693 9715
f 9716 9694 9715
f 9695 9694 9716
f 9717 9695 9716
f 9696 9695 9717
f 9718 9696 9717
f 9697 9696 9718
f 9719 9697 9718
f 9698 9697 9719
f 9720 9698 9719
f 9699 9698 9720
f 9721 9699 9720
f 9700 9699 9721
f 9722 9700 9721
f 9701 9700 9722
f 9723 9701 9722
f 9702 9701 9723
f 9724 9702 9723
f 9647 9649 9726
f 9653 9728 9652
f 9653 9654 9729
f 9728 9653 9729
f 9654 9655 9730
f 9729 9654 9730
f 9655 9656 9731
f 9730 9655 9731
f 9656 9657 9732
f 9731 9656 9732
f 9657 9658 9733
f 9732 9657 9733
f 9658 9659 9734
f 9733 9658 9734
f 9659 9660 9735
f 9734 9659 9735
f 9660 9661 9736
f 9735 9660 9736
f 9661 9662 9737
f 9736 9661 9737
f 9662 9663 9738
f 9737 9662 9738
f 9663 9664 9739
f 9738 9663 9739
f 9664 9665 9740
f 9739 9664 9740
f 9665 9666 9741
f 9740 9665 9741
f 9666 9667 9742
f 9741 9666 9742
f 9726 9743 9727
f 9649 9743 9726
f 9649 9668 9743
f 9668 9744 9743
f 9669 9745 9668
f 9668 9745 9744
f 9670 9746 9669
f 9669 9746 9745
f 9728 9670 9652
f 9728 9747 9670
f 9747 9746 9670
f 9729 9747 9728
f 9748 9747 9729
f 9730 9748 9729
f 9749 9748 9730
f 9731 9749 9730
f 9750 9749 9731
f 9732 9750 9731
f 9751 9750 9732
f 9733 9751 9732
f 9752 9751 9733
f 9734 9752 9733
f 9753 9752 9734
f 9735 9753 9734
f 9754 9753 9735
f 9736 9754 9735
f 9755 9754 9736
f 9737 9755 9736
f 9756 9755 9737
f 9738 9756 9737
f 9757 9756 9738
f 9739 9757 9738
f 9758 9757 9739
f 9740 9758 9739
f 9759 9758 9740
f 9741 9759 9740
f 9760 9759 9741
f 9742 9760 9741
f 9761 9760 9742
f 9704 9703 9762
f 9704 9763 9705
f 9762 9763 9704
f 9705 9764 9706
f 9763 9764 9705
f 9706 9765 9707
f 9764 9765 9706
f 9707 9766 9708
f 9765 9766 9707
f 9708 9767 9709
f 9766 9767 9708
f 9709 9768 9710
f 9767 9768 9709
f 9710 9769 9711
f 9768 9769 9710
f 9711 9770 9712
f 9769 9770 9711
f 9712 9771 9713
f 9770 9771 9712
f 9713 9772 9714
f 9771 9772 9713
f 9714 9773 9715
f 9772 9773 9714
f 9715 9774 9716
f 9773 9774 9715
f 9716 9775 9717
f 9774 9775 9716
f 9717 9776 9718
f 9775 9776 9717
f 9718 9777 9719
f 9776 9777 9718
f 9719 9778 9720
f 9777 9778 9719
f 9720 9779 9721
f 9778 9779 9720
f 9721 9780 9722
f 9779 9780 9721
f 9722 9781 9723
f 9780 9781 9722
f 9723 9782 9724
f 9781 9782 9723
f 9762 9725 9783
f 9703 9725 9762
f 9763 9762 9784
f 9784 9762 9783
f 9764 9763 9785
f 9785 9763 9784
f 9765 9764 9786
f 9786 9764 9785
f 9766 9765 9787
f 9787 9765 9786
f 9767 9766 9788
f 9788 9766 9787
f 9768 9767 9789
f 9789 9767 9788
f 9769 9768 9790
f 9790 9768 9789
f 9770 9769 9791
f 9791 9769 9790
f 9771 9770 9792
f 9792 9770 9791
f 9772 9771 9793
f 9793 9771 9792
f 9773 9772 9794
f 9794 9772 9793
f 9774 9773 9795
f 9795 9773 9794
f 9775 9774 9796
f 9796 9774 9795
f 9776 9775 9797
f 9797 9775 9796
f 9777 9776 9798
f 9798 9776 9797
f 9778 9777 9799
f 9799 9777 9798
f 9779 9778 9800
f 9800 9778 9799
f 9780 9779 9801
f 9801 9779 9800
f 9781 9780 9802
f 9802 9780 9801
f 9782 9781 9803
f 9803 9781 9802
f 9783 9804 9805
f 9783 9725 9804
f 9784 9783 9805
f 9806 9784 9805
f 9785 9784 9806
f 9807 9785 9806
f 9786 9785 9807
f 9808 9786 9807
f 9787 9786 9808
f 9809 9787 9808
f 9809 9810 9811
f 9809 9811 9787
f 9787 9811 9788
f 9789 9788 9812
f 9812 9788 9811
f 9790 9789 9813
f 9813 9789 9812
f 9791 9790 9814
f 9814 9790 9813
f 9792 9791 9815
f 9815 9791 9814
f 9793 9792 9816
f 9816 9792 9815
f 9794 9793 9817
f 9817 9793 9816
f 9795 9794 9818
f 9818 9794 9817
f 9796 9795 9819
f 9819 9795 9818
f 9797 9796 9820
f 9820 9796 9819
f 9798 9797 9821
f 9821 9797 9820
f 9822 9823 9799
f 9822 9799 9821
f 9821 9799 9798
f 9800 9799 9823
f 9824 9800 9823
f 9801 9800 9824
f 9825 9801 9824
f 9802 9801 9825
f 9826 9802 9825
f 9826 9828 9802
f 9802 9828 9803
f 9811 9810 9830
f 9812 9811 9830
f 9831 9812 9830
f 9813 9812 9831
f 9832 9813 9831
f 9814 9813 9832
f 9833 9814 9832
f 9815 9814 9833
f 9834 9815 9833
f 9816 9815 9834
f 9835 9816 9834
f 9817 9816 9835
f 9836 9817 9835
f 9818 9817 9836
f 9837 9818 9836
f 9819 9818 9837
f 9838 9819 9837
f 9820 9819 9838
f 9839 9820 9838
f 9821 9820 9839
f 9840 9821 9839
f 9822 9821 9840
f 9844 9845 9843
f 9743 9844 9843
f 9743 9843 9842
f 9743 9842 9727
f 9743 9744 9846
f 9844 9743 9846
f 9744 9745 9847
f 9846 9744 9847
f 9745 9746 9848
f 9847 9745 9848
f 9849 9848 9746
f 9849 9746 9850
f 9850 9746 9747
f 9748 9851 9747
f 9747 9851 9850
f 9749 9852 9748
f 9748 9852 9851
f 9750 9853 9749
f 9749 9853 9852
f 9751 9854 9750
f 9750 9854 9853
f 9752 9855 9751
f 9751 9855 9854
f 9753 9856 9752
f 9752 9856 9855
f 9754 9857 9753
f 9753 9857 9856
f 9755 9858 9754
f 9754 9858 9857
f 9756 9859 9755
f 9755 9859 9858
f 9757 9860 9756
f 9756 9860 9859
f 9861 9862 9860
f 9861 9860 9758
f 9758 9860 9757
f 9758 9759 9863
f 9861 9758 9863
f 9759 9760 9864
f 9863 9759 9864
f 9865 9864 9760
f 9865 9760 9866
f 9866 9760 9761
f 9844 9867 9845
f 9846 9867 9844
f 9868 9867 9846
f 9847 9868 9846
f 9869 9868 9847
f 9848 9869 9847
f 9870 9869 9848
f 9849 9870 9848
f 9861 9871 9862
f 9863 9871 9861
f 9872 9871 9863
f 9864 9872 9863
f 9873 9872 9864
f 9865 9873 9864
f 9805 9804 9874
f 9805 9875 9806
f 9874 9875 9805
f 9806 9876 9807
f 9875 9876 9806
f 9807 9877 9808
f 9876 9877 9807
f 9808 9878 9809
f 9877 9878 9808
f 9809 9878 9810
f 9823 9822 9879
f 9823 9880 9824
f 9879 9880 9823
f 9824 9881 9825
f 9880 9881 9824
f 9825 9882 9826
f 9881 9882 9825
f 9826 9882 9827
f 9874 9829 9883
f 9804 9829 9874
f 9875 9874 9884
f 9884 9874 9883
f 9876 9875 9885
f 9885 9875 9884
f 9877 9876 9886
f 9886 9876 9885
f 9878 9877 9887
f 9887 9877 9886
f 9810 9888 9830
f 9810 9878 9888
f 9878 9887 9888
f 9830 9889 9831
f 9888 9889 9830
f 9831 9890 9832
f 9889 9890 9831
f 9832 9891 9833
f 9890 9891 9832
f 9833 9892 9834
f 9891 9892 9833
f 9834 9893 9835
f 9892 9893 9834
f 9835 9894 9836
f 9893 9894 9835
f 9836 9895 9837
f 9894 9895 9836
f 9837 9896 9838
f 9895 9896 9837
f 9838 9897 9839
f 9896 9897 9838
f 9839 9898 9840
f 9897 9898 9839
f 9840 9879 9822
f 9840 9898 9879
f 9898 9899 9879
f 9880 9879 9900
f 9900 9879 9899
f 9881 9880 9901
f 9901 9880 9900
f 9882 9881 9902
f 9902 9881 9901
f 9827 9903 9841
f 9827 9882 9903
f 9882 9902 9903
f 9883 9904 9905
f 9883 9829 9904
f 9884 9883 9905
f 9906 9884 9905
f 9885 9884 9906
f 9907 9885 9906
f 9907 9908 9909
f 9907 9909 9885
f 9885 9909 9886
f 9887 9886 9910
f 9910 9886 9909
f 9888 9887 9911
f 9911 9887 9910
f 9889 9888 9912
f 9912 9888 9911
f 9890 9889 9913
f 9913 9889 9912
f 9891 9890 9914
f 9914 9890 9913
f 9892 9891 9915
f 9915 9891 9914
f 9893 9892 9916
f 9916 9892 9915
f 9894 9893 9917
f 9917 9893 9916
f 9895 9894 9918
f 9918 9894 9917
f 9896 9895 9919
f 9919 9895 9918
f 9897 9896 9920
f 9920 9896 9919
f 9898 9897 9921
f 9921 9897 9920
f 9899 9898 9922
f 9922 9898 9921
f 9923 9924 9900
f 9923 9900 9922
f 9922 9900 9899
f 9901 9900 9924
f 9925 9901 9924
f 9902 9901 9925
f 9926 9902 9925
f 9926 9928 9902
f 9902 9928 9903
f 9909 9908 9930
f 9910 9909 9930
f 9931 9910 9930
f 9931 9932 9933
f 9931 9933 9910
f 9910 9933 9911
f 9912 9911 9934
f 9934 9911 9933
f 9913 9912 9935
f 9935 9912 9934
f 9914 9913 9936
f 9936 9913 9935
f 9915 9914 9937
f 9937 9914 9936
f 9916 9915 9938
f 9938 9915 9937
f 9917 9916 9939
f 9939 9916 9938
f 9918 9917 9940
f 9940 9917 9939
f 9919 9918 9941
f 9941 9918 9940
f 9920 9919 9942
f 9942 9919 9941
f 9921 9920 9943
f 9943 9920 9942
f 9922 9921 9944
f 9944 9921 9943
f 9945 9923 9922
f 9944 9945 9922
f 9933 9932 9948
f 9934 9933 9948
f 9949 9934 9948
f 9935 9934 9949
f 9950 9935 9949
f 9936 9935 9950
f 9951 9936 9950
f 9937 9936 9951
f 9952 9937 9951
f 9938 9937 9952
f 9953 9938 9952
f 9939 9938 9953
f 9954 9939 9953
f 9940 9939 9954
f 9955 9940 9954
f 9941 9940 9955
f 9956 9941 9955
f 9942 9941 9956
f 9957 9942 9956
f 9943 9942 9957
f 9958 9943 9957
f 9944 9943 9958
f 9959 9944 9958
f 9945 9944 9959
f 9843 9845 9960
f 9850 9961 9849
f 9850 9851 9962
f 9961 9850 9962
f 9851 9852 9963
f 9962 9851 9963
f 9852 9853 9964
f 9963 9852 9964
f 9853 9854 9965
f 9964 9853 9965
f 9854 9855 9966
f 9965 9854 9966
f 9855 9856 9967
f 9966 9855 9967
f 9856 9857 9968
f 9967 9856 9968
f 9857 9858 9969
f 9968 9857 9969
f 9858 9859 9970
f 9969 9858 9970
f 9859 9860 9971
f 9970 9859 9971
f 9860 9862 9971
f 9866 9972 9865
f 9973 9972 9866
f 9845 9974 9960
f 9845 9867 9974
f 9867 9975 9974
f 9868 9976 9867
f 9867 9976 9975
f 9869 9977 9868
f 9868 9977 9976
f 9870 9978 9869
f 9869 9978 9977
f 9961 9870 9849
f 9961 9979 9870
f 9979 9978 9870
f 9962 9979 9961
f 9980 9979 9962
f 9963 9980 9962
f 9981 9980 9963
f 9964 9981 9963
f 9982 9981 9964
f 9965 9982 9964
f 9983 9982 9965
f 9966 9983 9965
f 9984 9983 9966
f 9967 9984 9966
f 9985 9984 9967
f 9968 9985 9967
f 9986 9985 9968
f 9969 9986 9968
f 9987 9986 9969
f 9970 9987 9969
f 9988 9987 9970
f 9971 9988 9970
f 9989 9988 9971
f 9862 9989 9971
f 9862 9871 9989
f 9871 9990 9989
f 9872 9991 9871
f 9871 9991 9990
f 9873 9992 9872
f 9872 9992 9991
f 9972 9873 9865
f 9972 9993 9873
f 9993 9992 9873
f 9973 9993 9972
f 9994 9995 9996
f 9994 9997 9998
f 9996 9997 9994
f 9998 9999 10000
f 9997 9999 9998
f 9999 10001 10000
f 10002 10003 10004
f 9995 10002 10004
f 9995 9994 10002
f 9994 10005 10002
f 9998 10006 9994
f 10006 10005 9994
f 10000 10007 9998
f 10007 10006 9998
f 10008 10000 10001
f 10008 10009 10000
f 10009 10007 10000
f 10008 10010 10009
f 10011 10012 10013
f 10003 10011 10013
f 10003 10002 10011
f 10002 10014 10011
f 10005 10015 10002
f 10015 10014 10002
f 10006 10016 10005
f 10016 10015 10005
f 10007 10017 10006
f 10017 10016 10006
f 10009 10018 10007
f 10018 10017 10007
f 10019 10009 10010
f 10019 10020 10009
f 10020 10018 10009
f 10019 10021 10020
f 10022 10012 10011
f 10023 10012 10022
f 10014 10024 10011
f 10024 10022 10011
f 10015 10025 10014
f 10025 10024 10014
f 10016 10026 10015
f 10026 10025 10015
f 10017 10027 10016
f 10027 10026 10016
f 10018 10028 10017
f 10028 10027 10017
f 10020 10029 10018
f 10029 10028 10018
f 10030 10020 10021
f 10029 10020 10030
f 10031 10023 10022
f 10032 10023 10031
f 10024 10033 10022
f 10033 10031 10022
f 10025 10034 10024
f 10034 10033 10024
f 10026 10035 10025
f 10035 10034 10025
f 10027 10036 10026
f 10036 10035 10026
f 10028 10037 10027
f 10037 10036 10027
f 10029 10038 10028
f 10038 10037 10028
f 10039 10029 10030
f 10038 10029 10039
f 10040 10032 10031
f 10041 10032 10040
f 10033 10042 10031
f 10042 10040 10031
f 10034 10043 10033
f 10043 10042 10033
f 10035 10044 10034
f 10044 10043 10034
f 10036 10045 10035
f 10045 10044 10035
f 10037 10046 10036
f 10046 10045 10036
f 10038 10047 10037
f 10047 10046 10037
f 10048 10038 10039
f 10048 10049 10038
f 10049 10047 10038
f 10048 10050 10049
f 10051 10041 10040
f 10052 10041 10051
f 10042 10053 10040
f 10053 10051 10040
f 10043 10054 10042
f 10054 10053 10042
f 10044 10055 10043
f 10055 10054 10043
f 10045 10056 10044
f 10056 10055 10044
f 10046 10057 10045
f 10057 10056 10045
f 10047 10058 10046
f 10058 10057 10046
f 10059 10049 10060
f 10059 10058 10049
f 10058 10047 10049
f 10050 10060 10049
f 10061 10052 10051
f 10062 10052 10061
f 10053 10063 10051
f 10063 10061 10051
f 10054 10064 10053
f 10064 10063 10053
f 10055 10065 10054
f 10065 10064 10054
f 10056 10066 10055
f 10066 10065 10055
f 10057 10067 10056
f 10067 10066 10056
f 10058 10068 10057
f 10068 10067 10057
f 10069 10058 10059
f 10068 10058 10069
f 10061 10070 10062
f 10063 10070 10061
f 10071 10070 10063
f 10071 10072 10073
f 10071 10063 10072
f 10063 10064 10072
f 10065 10074 10064
f 10074 10072 10064
f 10066 10075 10065
f 10075 10074 10065
f 10076 10067 10077
f 10076 10075 10067
f 10075 10066 10067
f 10068 10077 10067
f 10078 10077 10068
f 10069 10078 10068
f 10072 10079 10073
f 10074 10079 10072
f 10080 10079 10074
f 10075 10080 10074
f 10081 10080 10075
f 10076 10081 10075
f 9905 9904 10082
f 9905 10083 9906
f 10082 10083 9905
f 9906 10084 9907
f 10083 10084 9906
f 9907 10084 9908
f 9924 9923 10085
f 9924 10086 9925
f 10085 10086 9924
f 9925 10087 9926
f 10086 10087 9925
f 9926 10087 9927
f 10082 9929 10088
f 9904 9929 10082
f 10083 10082 10089
f 10089 10082 10088
f 10084 10083 10090
f 10090 10083 10089
f 9908 10091 9930
f 9908 10084 10091
f 10084 10090 10091
f 9930 10092 9931
f 10091 10092 9930
f 9931 10092 9932
f 10085 9945 10093
f 9923 9945 10085
f 10086 10085 10094
f 10094 10085 10093
f 10087 10086 10095
f 10095 10086 10094
f 9927 10096 9946
f 9927 10087 10096
f 10087 10095 10096
f 10088 9947 10097
f 9929 9947 10088
f 10098 10099 10089
f 10098 10089 10097
f 10097 10089 10088
f 10099 10100 10101
f 10099 10101 10089
f 10089 10101 10090
f 10091 10090 10102
f 10102 10090 10101
f 10092 10091 10103
f 10103 10091 10102
f 9932 10104 9948
f 9932 10092 10104
f 10092 10103 10104
f 9948 10105 9949
f 10104 10105 9948
f 9949 10106 9950
f 10105 10106 9949
f 9950 10107 9951
f 10106 10107 9950
f 9951 10108 9952
f 10107 10108 9951
f 9952 10109 9953
f 10108 10109 9952
f 9953 10110 9954
f 10109 10110 9953
f 9954 10111 9955
f 10110 10111 9954
f 9955 10112 9956
f 10111 10112 9955
f 9956 10113 9957
f 10112 10113 9956
f 9957 10114 9958
f 10113 10114 9957
f 9958 10115 9959
f 10114 10115 9958
f 9959 10093 9945
f 9959 10115 10093
f 10115 10116 10093
f 10094 10093 10117
f 10117 10093 10116
f 10118 10119 10095
f 10118 10095 10117
f 10117 10095 10094
f 10119 10120 10121
f 10119 10121 10095
f 10095 10121 10096
f 10097 10122 10123
f 10097 9947 10122
f 10098 10097 10123
f 10101 10100 10124
f 10124 10125 10126
f 10124 10126 10101
f 10101 10126 10102
f 10103 10102 10127
f 10127 10102 10126
f 10104 10103 10128
f 10128 10103 10127
f 10105 10104 10129
f 10129 10104 10128
f 10106 10105 10130
f 10130 10105 10129
f 10107 10106 10131
f 10131 10106 10130
f 10108 10107 10132
f 10132 10107 10131
f 10109 10108 10133
f 10133 10108 10132
f 10110 10109 10134
f 10134 10109 10133
f 10111 10110 10135
f 10135 10110 10134
f 10112 10111 10136
f 10136 10111 10135
f 10113 10112 10137
f 10137 10112 10136
f 10114 10113 10138
f 10138 10113 10137
f 10115 10114 10139
f 10139 10114 10138
f 10140 10141 10116
f 10140 10116 10139
f 10139 10116 10115
f 10117 10116 10141
f 10142 10117 10141
f 10118 10117 10142
f 10121 10120 10143
f 10126 10125 10145
f 10127 10126 10145
f 10146 10127 10145
f 10128 10127 10146
f 10147 10128 10146
f 10129 10128 10147
f 10148 10129 10147
f 10130 10129 10148
f 10149 10130 10148
f 10131 10130 10149
f 10150 10131 10149
f 10132 10131 10150
f 10151 10132 10150
f 10133 10132 10151
f 10152 10133 10151
f 10134 10133 10152
f 10153 10134 10152
f 10135 10134 10153
f 10154 10135 10153
f 10136 10135 10154
f 10155 10136 10154
f 10137 10136 10155
f 10156 10137 10155
f 10138 10137 10156
f 10157 10138 10156
f 10139 10138 10157
f 10158 10139 10157
f 10140 10139 10158
f 9974 9975 10162
f 10160 9974 10162
f 9975 9976 10163
f 10162 9975 10163
f 9976 9977 10164
f 10163 9976 10164
f 9977 9978 10165
f 10164 9977 10165
f 9978 9979 10166
f 10165 9978 10166
f 9979 9980 10167
f 10166 9979 10167
f 9980 9981 10168
f 10167 9980 10168
f 9981 9982 10169
f 10168 9981 10169
f 9982 9983 10170
f 10169 9982 10170
f 9983 9984 10171
f 10170 9983 10171
f 9984 9985 10172
f 10171 9984 10172
f 9985 9986 10173
f 10172 9985 10173
f 9986 9987 10174
f 10173 9986 10174
f 9987 9988 10175
f 10174 9987 10175
f 9988 9989 10176
f 10175 9988 10176
f 9989 9990 10177
f 10176 9989 10177
f 9990 9991 10178
f 10177 9990 10178
f 9991 9992 10179
f 10178 9991 10179
f 9992 9993 10180
f 10179 9992 10180
f 9993 9973 10159
f 9993 10159 10180
f 10180 10159 10181
f 10181 10159 10182
f 10162 10183 10160
f 10184 10183 10162
f 10163 10184 10162
f 10185 10184 10163
f 10164 10185 10163
f 10186 10185 10164
f 10165 10186 10164
f 10187 10186 10165
f 10166 10187 10165
f 10188 10187 10166
f 10188 10189 10190
f 10188 10166 10189
f 10166 10167 10189
f 10168 10191 10167
f 10191 10189 10167
f 10169 10192 10168
f 10192 10191 10168
f 10170 10193 10169
f 10193 10192 10169
f 10171 10194 10170
f 10194 10193 10170
f 10172 10195 10171
f 10195 10194 10171
f 10173 10196 10172
f 10196 10195 10172
f 10174 10197 10173
f 10197 10196 10173
f 10175 10198 10174
f 10198 10197 10174
f 10199 10176 10200
f 10199 10198 10176
f 10198 10175 10176
f 10177 10200 10176
f 10201 10200 10177
f 10178 10201 10177
f 10202 10201 10178
f 10179 10202 10178
f 10203 10202 10179
f 10180 10203 10179
f 10204 10203 10180
f 10181 10204 10180
f 10205 10204 10181
f 10182 10205 10181
f 10189 10206 10190
f 10191 10206 10189
f 10207 10206 10191
f 10192 10207 10191
f 10208 10207 10192
f 10193 10208 10192
f 10209 10208 10193
f 10194 10209 10193
f 10210 10209 10194
f 10195 10210 10194
f 10211 10210 10195
f 10196 10211 10195
f 10212 10211 10196
f 10197 10212 10196
f 10213 10212 10197
f 10198 10213 10197
f 10214 10213 10198
f 10199 10214 10198
f 10215 10216 10217
f 10217 10218 10215
f 10219 10220 10221
f 10219 10222 10223
f 10221 10222 10219
f 10223 10224 10225
f 10222 10224 10223
f 10216 10225 10224
f 10216 10215 10225
f 10215 10226 10225
f 10227 10215 10218
f 10227 10228 10215
f 10228 10226 10215
f 10228 10229 10230
f 10227 10229 10228
f 10229 10231 10230
f 10232 10233 10234
f 10220 10232 10234
f 10220 10219 10232
f 10219 10235 10232
f 10223 10236 10219
f 10236 10235 10219
f 10225 10237 10223
f 10237 10236 10223
f 10226 10238 10225
f 10238 10237 10225
f 10228 10239 10226
f 10239 10238 10226
f 10230 10240 10228
f 10240 10239 10228
f 10241 10230 10231
f 10241 10242 10230
f 10242 10240 10230
f 10241 10243 10242
f 10244 10233 10232
f 10245 10233 10244
f 10235 10246 10232
f 10246 10244 10232
f 10236 10247 10235
f 10247 10246 10235
f 9996 9995 10247
f 9996 10247 10237
f 10237 10247 10236
f 9997 9996 10237
f 10238 9997 10237
f 9999 9997 10238
f 10239 9999 10238
f 10001 9999 10239
f 10001 10239 10248
f 10248 10239 10240
f 10242 10249 10240
f 10249 10248 10240
f 10250 10242 10243
f 10250 10251 10242
f 10251 10249 10242
f 10250 10252 10251
f 10253 10254 10255
f 10245 10253 10255
f 10245 10244 10253
f 10244 10256 10253
f 10246 10257 10244
f 10257 10256 10244
f 10004 10003 10257
f 10004 10257 10247
f 10247 10257 10246
f 9995 10004 10247
f 10001 10248 10008
f 10010 10008 10248
f 10010 10248 10258
f 10258 10248 10249
f 10251 10259 10249
f 10259 10258 10249
f 10260 10251 10252
f 10260 10261 10251
f 10261 10259 10251
f 10260 10262 10261
f 10263 10254 10253
f 10264 10254 10263
f 10256 10265 10253
f 10265 10263 10253
f 10013 10012 10265
f 10013 10265 10257
f 10257 10265 10256
f 10003 10013 10257
f 10010 10258 10019
f 10021 10019 10258
f 10021 10258 10266
f 10266 10258 10259
f 10261 10267 10259
f 10267 10266 10259
f 10268 10261 10262
f 10267 10261 10268
f 10269 10264 10263
f 10270 10264 10269
f 10265 10271 10263
f 10271 10269 10263
f 10012 10023 10271
f 10265 10012 10271
f 10266 10272 10030
f 10021 10266 10030
f 10267 10273 10266
f 10273 10272 10266
f 10274 10267 10268
f 10273 10267 10274
f 10275 10270 10269
f 10276 10270 10275
f 10271 10277 10269
f 10277 10275 10269
f 10023 10032 10277
f 10271 10023 10277
f 10272 10278 10039
f 10030 10272 10039
f 10273 10279 10272
f 10279 10278 10272
f 10280 10273 10274
f 10279 10273 10280
f 10281 10276 10275
f 10282 10276 10281
f 10277 10283 10275
f 10283 10281 10275
f 10032 10041 10283
f 10277 10032 10283
f 10039 10278 10048
f 10050 10048 10278
f 10050 10278 10284
f 10284 10278 10279
f 10285 10279 10280
f 10285 10286 10279
f 10286 10284 10279
f 10285 10287 10286
f 10288 10282 10281
f 10289 10282 10288
f 10283 10290 10281
f 10290 10288 10281
f 10041 10052 10290
f 10283 10041 10290
f 10060 10291 10059
f 10060 10050 10284
f 10060 10284 10291
f 10291 10284 10292
f 10293 10286 10294
f 10293 10292 10286
f 10292 10284 10286
f 10287 10294 10286
f 10295 10289 10288
f 10296 10289 10295
f 10290 10297 10288
f 10297 10295 10288
f 10052 10062 10297
f 10290 10052 10297
f 10291 10298 10069
f 10059 10291 10069
f 10292 10299 10291
f 10299 10298 10291
f 10300 10292 10293
f 10299 10292 10300
f 10301 10296 10295
f 10302 10296 10301
f 10297 10303 10295
f 10303 10301 10295
f 10062 10070 10304
f 10062 10304 10297
f 10297 10304 10303
f 10070 10071 10305
f 10304 10070 10305
f 10071 10073 10305
f 10077 10306 10076
f 10077 10078 10307
f 10306 10077 10307
f 10078 10069 10298
f 10078 10298 10307
f 10307 10298 10308
f 10299 10309 10298
f 10309 10308 10298
f 10310 10299 10300
f 10309 10299 10310
f 10301 10311 10302
f 10311 10312 10313
f 10311 10301 10312
f 10301 10303 10312
f 10304 10314 10303
f 10314 10312 10303
f 10305 10315 10304
f 10315 10314 10304
f 10073 10079 10316
f 10073 10316 10305
f 10305 10316 10315
f 10079 10080 10317
f 10316 10079 10317
f 10080 10081 10318
f 10317 10080 10318
f 10081 10076 10306
f 10081 10306 10318
f 10318 10306 10319
f 10307 10320 10306
f 10320 10319 10306
f 10308 10321 10307
f 10321 10320 10307
f 10322 10309 10323
f 10322 10321 10309
f 10321 10308 10309
f 10310 10323 10309
f 10312 10324 10313
f 10314 10324 10312
f 10325 10324 10314
f 10315 10325 10314
f 10326 10325 10315
f 10316 10326 10315
f 10327 10326 10316
f 10317 10327 10316
f 10328 10327 10317
f 10318 10328 10317
f 10329 10328 10318
f 10319 10329 10318
f 10330 10329 10319
f 10320 10330 10319
f 10331 10330 10320
f 10321 10331 10320
f 10332 10331 10321
f 10322 10332 10321
f 10099 10098 10333
f 10099 10333 10100
f 10119 10118 10334
f 10119 10334 10120
f 10123 10122 10335
f 10123 10333 10098
f 10123 10335 10333
f 10335 10336 10333
f 10100 10337 10124
f 10100 10333 10337
f 10333 10336 10337
f 10124 10337 10125
f 10141 10140 10338
f 10141 10339 10142
f 10338 10339 10141
f 10142 10334 10118
f 10142 10339 10334
f 10339 10340 10334
f 10120 10341 10143
f 10120 10334 10341
f 10334 10340 10341
f 10335 10144 10342
f 10122 10144 10335
f 10336 10335 10343
f 10343 10335 10342
f 10337 10336 10344
f 10344 10336 10343
f 10125 10345 10145
f 10125 10337 10345
f 10337 10344 10345
f 10145 10346 10146
f 10345 10346 10145
f 10146 10347 10147
f 10346 10347 10146
f 10147 10348 10148
f 10347 10348 10147
f 10148 10349 10149
f 10348 10349 10148
f 10149 10350 10150
f 10349 10350 10149
f 10150 10351 10151
f 10350 10351 10150
f 10151 10352 10152
f 10351 10352 10151
f 10152 10353 10153
f 10352 10353 10152
f 10153 10354 10154
f 10353 10354 10153
f 10154 10355 10155
f 10354 10355 10154
f 10155 10356 10156
f 10355 10356 10155
f 10156 10357 10157
f 10356 10357 10156
f 10157 10358 10158
f 10357 10358 10157
f 10158 10338 10140
f 10158 10358 10338
f 10358 10359 10338
f 10339 10338 10360
f 10360 10338 10359
f 10340 10339 10361
f 10361 10339 10360
f 10341 10340 10362
f 10362 10340 10361
f 10342 10363 10364
f 10342 10144 10363
f 10343 10342 10364
f 10365 10343 10364
f 10344 10343 10365
f 10366 10344 10365
f 10345 10344 10366
f 10367 10345 10366
f 10346 10345 10367
f 10368 10346 10367
f 10368 10369 10370
f 10368 10370 10346
f 10346 10370 10347
f 10348 10347 10371
f 10371 10347 10370
f 10349 10348 10372
f 10372 10348 10371
f 10350 10349 10373
f 10373 10349 10372
f 10351 10350 10374
f 10374 10350 10373
f 10352 10351 10375
f 10375 10351 10374
f 10353 10352 10376
f 10376 10352 10375
f 10354 10353 10377
f 10377 10353 10376
f 10355 10354 10378
f 10378 10354 10377
f 10356 10355 10379
f 10379 10355 10378
f 10357 10356 10380
f 10380 10356 10379
f 10358 10357 10381
f 10381 10357 10380
f 10359 10358 10382
f 10382 10358 10381
f 10383 10384 10360
f 10383 10360 10382
f 10382 10360 10359
f 10361 10360 10384
f 10385 10361 10384
f 10362 10361 10385
f 10386 10362 10385
f 10370 10369 10388
f 10371 10370 10388
f 10389 10371 10388
f 10372 10371 10389
f 10390 10372 10389
f 10373 10372 10390
f 10391 10373 10390
f 10374 10373 10391
f 10392 10374 10391
f 10375 10374 10392
f 10393 10375 10392
f 10376 10375 10393
f 10394 10376 10393
f 10377 10376 10394
f 10395 10377 10394
f 10378 10377 10395
f 10396 10378 10395
f 10379 10378 10396
f 10397 10379 10396
f 10380 10379 10397
f 10398 10380 10397
f 10381 10380 10398
f 10399 10381 10398
f 10382 10381 10399
f 10400 10382 10399
f 10383 10382 10400
f 10406 10161 10408
f 10409 10410 10182
f 10409 10182 10407
f 10409 10411 10410
f 10412 10413 10414
f 10183 10415 10412
f 10183 10412 10408
f 10414 10408 10412
f 10183 10184 10416
f 10415 10183 10416
f 10184 10185 10417
f 10416 10184 10417
f 10185 10186 10418
f 10417 10185 10418
f 10186 10187 10419
f 10418 10186 10419
f 10187 10188 10420
f 10419 10187 10420
f 10188 10190 10420
f 10200 10421 10199
f 10200 10201 10422
f 10421 10200 10422
f 10201 10202 10423
f 10422 10201 10423
f 10202 10203 10424
f 10423 10202 10424
f 10203 10204 10425
f 10424 10203 10425
f 10204 10205 10426
f 10425 10204 10426
f 10205 10182 10410
f 10205 10410 10426
f 10426 10410 10427
f 10428 10410 10411
f 10427 10410 10428
f 10412 10429 10413
f 10429 10430 10431
f 10429 10412 10430
f 10412 10415 10430
f 10416 10432 10415
f 10432 10430 10415
f 10417 10433 10416
f 10433 10432 10416
f 10418 10434 10417
f 10434 10433 10417
f 10419 10435 10418
f 10435 10434 10418
f 10420 10436 10419
f 10436 10435 10419
f 10190 10206 10437
f 10190 10437 10420
f 10420 10437 10436
f 10206 10207 10438
f 10437 10206 10438
f 10207 10208 10439
f 10438 10207 10439
f 10208 10209 10440
f 10439 10208 10440
f 10209 10210 10441
f 10440 10209 10441
f 10210 10211 10442
f 10441 10210 10442
f 10211 10212 10443
f 10442 10211 10443
f 10212 10213 10444
f 10443 10212 10444
f 10213 10214 10445
f 10444 10213 10445
f 10214 10199 10421
f 10214 10421 10445
f 10445 10421 10446
f 10422 10447 10421
f 10447 10446 10421
f 10423 10448 10422
f 10448 10447 10422
f 10424 10449 10423
f 10449 10448 10423
f 10425 10450 10424
f 10450 10449 10424
f 10426 10451 10425
f 10451 10450 10425
f 10452 10427 10453
f 10452 10451 10427
f 10451 10426 10427
f 10428 10453 10427
f 10430 10454 10431
f 10432 10454 10430
f 10455 10454 10432
f 10433 10455 10432
f 10456 10455 10433
f 10434 10456 10433
f 10457 10456 10434
f 10457 10458 10459
f 10457 10434 10458
f 10434 10435 10458
f 10436 10460 10435
f 10460 10458 10435
f 10437 10461 10436
f 10461 10460 10436
f 10438 10462 10437
f 10462 10461 10437
f 10439 10463 10438
f 10463 10462 10438
f 10440 10464 10439
f 10464 10463 10439
f 10441 10465 10440
f 10465 10464 10440
f 10442 10466 10441
f 10466 10465 10441
f 10443 10467 10442
f 10467 10466 10442
f 10444 10468 10443
f 10468 10467 10443
f 10445 10469 10444
f 10469 10468 10444
f 10446 10470 10445
f 10470 10469 10445
f 10447 10471 10446
f 10471 10470 10446
f 10448 10472 10447
f 10472 10471 10447
f 10473 10449 10474
f 10473 10472 10449
f 10472 10448 10449
f 10450 10474 10449
f 10475 10474 10450
f 10451 10475 10450
f 10476 10475 10451
f 10452 10476 10451
f 10458 10477 10459
f 10460 10477 10458
f 10478 10477 10460
f 10461 10478 10460
f 10479 10478 10461
f 10462 10479 10461
f 10480 10479 10462
f 10463 10480 10462
f 10481 10480 10463
f 10464 10481 10463
f 10482 10481 10464
f 10465 10482 10464
f 10483 10482 10465
f 10466 10483 10465
f 10484 10483 10466
f 10467 10484 10466
f 10485 10484 10467
f 10468 10485 10467
f 10486 10485 10468
f 10469 10486 10468
f 10487 10486 10469
f 10470 10487 10469
f 10488 10487 10470
f 10471 10488 10470
f 10489 10488 10471
f 10472 10489 10471
f 10490 10489 10472
f 10473 10490 10472
f 10491 10492 10493
f 10491 10494 10495
f 10493 10494 10491
f 10495 10496 10497
f 10494 10496 10495
f 10497 10498 10499
f 10496 10498 10497
f 10499 10500 10501
f 10498 10500 10499
f 10501 10502 10503
f 10500 10502 10501
f 10502 10504 10503
f 10505 10506 10507
f 10492 10505 10507
f 10492 10491 10505
f 10491 10508 10505
f 10495 10509 10491
f 10509 10508 10491
f 10497 10510 10495
f 10510 10509 10495
f 10217 10216 10510
f 10217 10510 10499
f 10499 10510 10497
f 10218 10217 10499
f 10218 10499 10511
f 10511 10499 10501
f 10503 10512 10501
f 10512 10511 10501
f 10513 10503 10504
f 10513 10514 10503
f 10514 10512 10503
f 10514 10515 10516
f 10513 10515 10514
f 10515 10517 10516
f 10518 10519 10520
f 10506 10518 10520
f 10506 10505 10518
f 10505 10521 10518
f 10221 10220 10521
f 10221 10521 10508
f 10508 10521 10505
f 10222 10221 10508
f 10509 10222 10508
f 10224 10222 10509
f 10510 10224 10509
f 10216 10224 10510
f 10218 10511 10227
f 10229 10227 10511
f 10512 10229 10511
f 10231 10229 10512
f 10231 10512 10522
f 10522 10512 10514
f 10516 10523 10514
f 10523 10522 10514
f 10524 10516 10517
f 10524 10525 10516
f 10525 10523 10516
f 10524 10526 10525
f 10527 10519 10518
f 10528 10519 10527
f 10234 10233 10527
f 10234 10527 10521
f 10521 10527 10518
f 10220 10234 10521
f 10231 10522 10241
f 10243 10241 10522
f 10243 10522 10529
f 10529 10522 10523
f 10525 10530 10523
f 10530 10529 10523
f 10531 10525 10526
f 10530 10525 10531
f 10532 10533 10534
f 10528 10532 10534
f 10528 10527 10532
f 10527 10535 10532
f 10233 10245 10535
f 10527 10233 10535
f 10243 10529 10250
f 10252 10250 10529
f 10252 10529 10536
f 10536 10529 10530
f 10537 10530 10531
f 10537 10538 10530
f 10538 10536 10530
f 10537 10539 10538
f 10540 10533 10532
f 10541 10533 10540
f 10255 10254 10540
f 10255 10540 10535
f 10535 10540 10532
f 10245 10255 10535
f 10252 10536 10260
f 10262 10260 10536
f 10262 10536 10542
f 10542 10536 10538
f 10543 10538 10539
f 10542 10538 10543
f 10544 10541 10540
f 10545 10541 10544
f 10254 10264 10544
f 10540 10254 10544
f 10542 10546 10268
f 10262 10542 10268
f 10547 10542 10543
f 10546 10542 10547
f 10548 10549 10550
f 10545 10548 10550
f 10545 10544 10548
f 10544 10551 10548
f 10264 10270 10551
f 10544 10264 10551
f 10546 10552 10274
f 10268 10546 10274
f 10553 10546 10547
f 10553 10554 10546
f 10554 10552 10546
f 10553 10555 10554
f 10556 10549 10548
f 10557 10549 10556
f 10551 10558 10548
f 10558 10556 10548
f 10270 10276 10558
f 10551 10270 10558
f 10552 10559 10280
f 10274 10552 10280
f 10554 10560 10552
f 10560 10559 10552
f 10561 10554 10555
f 10560 10554 10561
f 10562 10557 10556
f 10563 10557 10562
f 10558 10564 10556
f 10564 10562 10556
f 10276 10282 10564
f 10558 10276 10564
f 10280 10559 10285
f 10287 10285 10559
f 10287 10559 10565
f 10565 10559 10560
f 10566 10560 10561
f 10565 10560 10566
f 10567 10563 10562
f 10568 10563 10567
f 10564 10569 10562
f 10569 10567 10562
f 10282 10289 10569
f 10564 10282 10569
f 10294 10570 10293
f 10294 10287 10565
f 10294 10565 10570
f 10570 10565 10571
f 10572 10565 10566
f 10571 10565 10572
f 10573 10568 10567
f 10574 10568 10573
f 10569 10575 10567
f 10575 10573 10567
f 10289 10296 10575
f 10569 10289 10575
f 10570 10576 10300
f 10293 10570 10300
f 10571 10577 10570
f 10577 10576 10570
f 10578 10571 10572
f 10577 10571 10578
f 10573 10579 10574
f 10579 10580 10581
f 10579 10573 10580
f 10573 10575 10580
f 10296 10302 10580
f 10575 10296 10580
f 10576 10582 10310
f 10300 10576 10310
f 10583 10577 10584
f 10583 10582 10577
f 10582 10576 10577
f 10578 10584 10577
f 10585 10581 10580
f 10586 10581 10585
f 10302 10311 10587
f 10302 10587 10580
f 10580 10587 10585
f 10311 10313 10587
f 10323 10588 10322
f 10323 10310 10582
f 10323 10582 10588
f 10588 10582 10589
f 10590 10582 10583
f 10589 10582 10590
f 10585 10591 10586
f 10591 10592 10593
f 10591 10585 10592
f 10585 10587 10592
f 10313 10324 10594
f 10313 10594 10587
f 10587 10594 10592
f 10324 10325 10595
f 10594 10324 10595
f 10596 10595 10325
f 10596 10325 10597
f 10597 10325 10326
f 10327 10598 10326
f 10326 10598 10597
f 10328 10599 10327
f 10327 10599 10598
f 10329 10600 10328
f 10328 10600 10599
f 10330 10601 10329
f 10329 10601 10600
f 10602 10603 10601
f 10602 10601 10331
f 10331 10601 10330
f 10331 10332 10604
f 10602 10331 10604
f 10332 10322 10588
f 10332 10588 10604
f 10604 10588 10605
f 10606 10589 10607
f 10606 10605 10589
f 10605 10588 10589
f 10590 10607 10589
f 10592 10608 10593
f 10594 10608 10592
f 10609 10608 10594
f 10595 10609 10594
f 10610 10609 10595
f 10596 10610 10595
f 10602 10611 10603
f 10604 10611 10602
f 10612 10611 10604
f 10605 10612 10604
f 10613 10612 10605
f 10606 10613 10605
f 10364 10363 10614
f 10364 10615 10365
f 10614 10615 10364
f 10365 10616 10366
f 10615 10616 10365
f 10366 10617 10367
f 10616 10617 10366
f 10367 10618 10368
f 10617 10618 10367
f 10368 10618 10369
f 10384 10383 10619
f 10384 10620 10385
f 10619 10620 10384
f 10385 10621 10386
f 10620 10621 10385
f 10614 10387 10622
f 10363 10387 10614
f 10615 10614 10623
f 10623 10614 10622
f 10616 10615 10624
f 10624 10615 10623
f 10617 10616 10625
f 10625 10616 10624
f 10618 10617 10626
f 10626 10617 10625
f 10369 10627 10388
f 10369 10618 10627
f 10618 10626 10627
f 10388 10628 10389
f 10627 10628 10388
f 10389 10629 10390
f 10628 10629 10389
f 10390 10630 10391
f 10629 10630 10390
f 10391 10631 10392
f 10630 10631 10391
f 10392 10632 10393
f 10631 10632 10392
f 10393 10633 10394
f 10632 10633 10393
f 10394 10634 10395
f 10633 10634 10394
f 10395 10635 10396
f 10634 10635 10395
f 10396 10636 10397
f 10635 10636 10396
f 10397 10637 10398
f 10636 10637 10397
f 10398 10638 10399
f 10637 10638 10398
f 10399 10639 10400
f 10638 10639 10399
f 10400 10619 10383
f 10400 10639 10619
f 10639 10640 10619
f 10620 10619 10641
f 10641 10619 10640
f 10621 10620 10642
f 10642 10620 10641
f 10622 10643 10644
f 10622 10387 10643
f 10387 10401 10643
f 10623 10622 10644
f 10645 10623 10644
f 10624 10623 10645
f 10646 10624 10645
f 10625 10624 10646
f 10647 10625 10646
f 10626 10625 10647
f 10648 10626 10647
f 10627 10626 10648
f 10649 10627 10648
f 10628 10627 10649
f 10650 10628 10649
f 10650 10651 10652
f 10650 10652 10628
f 10628 10652 10629
f 10630 10629 10653
f 10653 10629 10652
f 10631 10630 10654
f 10654 10630 10653
f 10632 10631 10655
f 10655 10631 10654
f 10633 10632 10656
f 10656 10632 10655
f 10634 10633 10657
f 10657 10633 10656
f 10658 10659 10635
f 10658 10635 10657
f 10657 10635 10634
f 10636 10635 10659
f 10660 10636 10659
f 10637 10636 10660
f 10661 10637 10660
f 10638 10637 10661
f 10662 10638 10661
f 10639 10638 10662
f 10663 10639 10662
f 10640 10639 10663
f 10664 10640 10663
f 10641 10640 10664
f 10665 10641 10664
f 10642 10641 10665
f 10666 10642 10665
f 10401 10402 10643
f 10643 10402 10668
f 10652 10651 10669
f 10653 10652 10669
f 10670 10653 10669
f 10654 10653 10670
f 10671 10654 10670
f 10655 10654 10671
f 10672 10655 10671
f 10656 10655 10672
f 10673 10656 10672
f 10657 10656 10673
f 10674 10657 10673
f 10658 10657 10674
f 10667 10675 10403
f 10402 10404 10668
f 10668 10404 10676
f 10403 10675 10405
f 10675 10677 10405
f 10678 10679 10680
f 10678 10680 10676
f 10678 10676 10406
f 10406 10676 10404
f 10681 10682 10407
f 10681 10407 10677
f 10677 10407 10405
f 10681 10683 10682
f 10684 10679 10678
f 10685 10679 10684
f 10406 10408 10684
f 10678 10406 10684
f 10407 10682 10409
f 10682 10411 10409
f 10682 10683 10411
f 10683 10686 10411
f 10414 10685 10684
f 10414 10413 10685
f 10413 10687 10685
f 10408 10414 10684
f 10411 10686 10428
f 10686 10688 10428
f 10689 10413 10429
f 10689 10690 10413
f 10690 10687 10413
f 10429 10431 10689
f 10453 10691 10452
f 10453 10692 10691
f 10453 10428 10692
f 10428 10688 10692
f 10693 10690 10689
f 10694 10690 10693
f 10431 10454 10695
f 10431 10695 10689
f 10689 10695 10693
f 10454 10455 10696
f 10695 10454 10696
f 10455 10456 10697
f 10696 10455 10697
f 10456 10457 10698
f 10697 10456 10698
f 10457 10459 10698
f 10474 10699 10473
f 10474 10475 10700
f 10699 10474 10700
f 10475 10476 10701
f 10700 10475 10701
f 10476 10452 10691
f 10476 10691 10701
f 10701 10691 10702
f 10703 10691 10692
f 10702 10691 10703
f 10704 10694 10693
f 10705 10694 10704
f 10695 10706 10693
f 10706 10704 10693
f 10696 10707 10695
f 10707 10706 10695
f 10697 10708 10696
f 10708 10707 10696
f 10698 10709 10697
f 10709 10708 10697
f 10459 10477 10710
f 10459 10710 10698
f 10698 10710 10709
f 10477 10478 10711
f 10710 10477 10711
f 10478 10479 10712
f 10711 10478 10712
f 10479 10480 10713
f 10712 10479 10713
f 10480 10481 10714
f 10713 10480 10714
f 10481 10482 10715
f 10714 10481 10715
f 10482 10483 10716
f 10715 10482 10716
f 10483 10484 10717
f 10716 10483 10717
f 10484 10485 10718
f 10717 10484 10718
f 10485 10486 10719
f 10718 10485 10719
f 10486 10487 10720
f 10719 10486 10720
f 10487 10488 10721
f 10720 10487 10721
f 10488 10489 10722
f 10721 10488 10722
f 10489 10490 10723
f 10722 10489 10723
f 10490 10473 10699
f 10490 10699 10723
f 10723 10699 10724
f 10700 10725 10699
f 10725 10724 10699
f 10701 10726 10700
f 10726 10725 10700
f 10702 10727 10701
f 10727 10726 10701
f 10728 10702 10703
f 10727 10702 10728
f 10704 10729 10705
f 10706 10729 10704
f 10730 10729 10706
f 10707 10730 10706
f 10731 10730 10707
f 10708 10731 10707
f 10732 10731 10708
f 10732 10733 10734
f 10732 10708 10733
f 10708 10709 10733
f 10710 10735 10709
f 10735 10733 10709
f 10711 10736 10710
f 10736 10735 10710
f 10712 10737 10711
f 10737 10736 10711
f 10713 10738 10712
f 10738 10737 10712
f 10714 10739 10713
f 10739 10738 10713
f 10715 10740 10714
f 10740 10739 10714
f 10716 10741 10715
f 10741 10740 10715
f 10717 10742 10716
f 10742 10741 10716
f 10718 10743 10717
f 10743 10742 10717
f 10719 10744 10718
f 10744 10743 10718
f 10720 10745 10719
f 10745 10744 10719
f 10721 10746 10720
f 10746 10745 10720
f 10722 10747 10721
f 10747 10746 10721
f 10723 10748 10722
f 10748 10747 10722
f 10724 10749 10723
f 10749 10748 10723
f 10725 10750 10724
f 10750 10749 10724
f 10751 10726 10752
f 10751 10750 10726
f 10750 10725 10726
f 10727 10752 10726
f 10753 10752 10727
f 10728 10753 10727
f 10733 10754 10734
f 10735 10754 10733
f 10755 10754 10735
f 10736 10755 10735
f 10756 10755 10736
f 10737 10756 10736
f 10757 10756 10737
f 10738 10757 10737
f 10758 10757 10738
f 10739 10758 10738
f 10759 10758 10739
f 10740 10759 10739
f 10760 10759 10740
f 10741 10760 10740
f 10761 10760 10741
f 10742 10761 10741
f 10762 10761 10742
f 10743 10762 10742
f 10763 10762 10743
f 10744 10763 10743
f 10764 10763 10744
f 10745 10764 10744
f 10765 10764 10745
f 10746 10765 10745
f 10766 10765 10746
f 10747 10766 10746
f 10767 10766 10747
f 10748 10767 10747
f 10768 10767 10748
f 10749 10768 10748
f 10769 10768 10749
f 10750 10769 10749
f 10770 10769 10750
f 10751 10770 10750
f 10771 10772 10773
f 10771 10774 10775
f 10773 10774 10771
f 10775 10776 10777
f 10774 10776 10775
f 10777 10778 10779
f 10776 10778 10777
f 10778 10780 10779
f 10781 10782 10783
f 10781 10784 10785
f 10783 10784 10781
f 10772 10785 10784
f 10772 10771 10785
f 10771 10786 10785
f 10775 10787 10771
f 10787 10786 10771
f 10777 10788 10775
f 10788 10787 10775
f 10779 10789 10777
f 10789 10788 10777
f 10790 10779 10780
f 10790 10791 10779
f 10791 10789 10779
f 10791 10792 10793
f 10790 10792 10791
f 10792 10794 10793
f 10795 10796 10797
f 10782 10795 10797
f 10782 10781 10795
f 10781 10798 10795
f 10493 10492 10798
f 10493 10798 10785
f 10785 10798 10781
f 10494 10493 10785
f 10786 10494 10785
f 10496 10494 10786
f 10787 10496 10786
f 10498 10496 10787
f 10788 10498 10787
f 10500 10498 10788
f 10789 10500 10788
f 10502 10500 10789
f 10791 10502 10789
f 10504 10502 10791
f 10504 10791 10799
f 10799 10791 10793
f 10800 10793 10794
f 10800 10801 10793
f 10801 10799 10793
f 10801 10802 10803
f 10800 10802 10801
f 10802 10804 10803
f 10805 10806 10807
f 10796 10805 10807
f 10796 10795 10805
f 10795 10808 10805
f 10507 10506 10808
f 10507 10808 10798
f 10798 10808 10795
f 10492 10507 10798
f 10504 10799 10513
f 10515 10513 10799
f 10801 10515 10799
f 10517 10515 10801
f 10517 10801 10809
f 10809 10801 10803
f 10810 10803 10804
f 10810 10811 10803
f 10811 10809 10803
f 10810 10812 10811
f 10813 10806 10805
f 10814 10806 10813
f 10520 10519 10813
f 10520 10813 10808
f 10808 10813 10805
f 10506 10520 10808
f 10517 10809 10524
f 10526 10524 10809
f 10526 10809 10815
f 10815 10809 10811
f 10816 10811 10812
f 10815 10811 10816
f 10817 10818 10819
f 10814 10817 10819
f 10814 10813 10817
f 10813 10820 10817
f 10519 10528 10820
f 10813 10519 10820
f 10815 10821 10531
f 10526 10815 10531
f 10822 10815 10816
f 10822 10823 10815
f 10823 10821 10815
f 10822 10824 10823
f 10825 10818 10817
f 10826 10818 10825
f 10534 10533 10825
f 10534 10825 10820
f 10820 10825 10817
f 10528 10534 10820
f 10531 10821 10537
f 10539 10537 10821
f 10539 10821 10827
f 10827 10821 10823
f 10828 10823 10824
f 10827 10823 10828
f 10829 10826 10825
f 10830 10826 10829
f 10533 10541 10829
f 10825 10533 10829
f 10827 10831 10543
f 10539 10827 10543
f 10832 10827 10828
f 10831 10827 10832
f 10833 10830 10829
f 10834 10830 10833
f 10541 10545 10833
f 10829 10541 10833
f 10831 10835 10547
f 10543 10831 10547
f 10836 10831 10832
f 10835 10831 10836
f 10550 10834 10833
f 10550 10549 10834
f 10549 10837 10834
f 10545 10550 10833
f 10547 10835 10553
f 10555 10838 10839
f 10553 10838 10555
f 10553 10836 10838
f 10553 10835 10836
f 10838 10840 10839
f 10841 10842 10843
f 10841 10843 10837
f 10841 10837 10557
f 10557 10837 10549
f 10839 10844 10561
f 10555 10839 10561
f 10845 10839 10840
f 10844 10839 10845
f 10846 10842 10841
f 10847 10842 10846
f 10557 10563 10846
f 10841 10557 10846
f 10844 10848 10566
f 10561 10844 10566
f 10849 10844 10845
f 10848 10844 10849
f 10850 10847 10846
f 10851 10847 10850
f 10563 10568 10850
f 10846 10563 10850
f 10848 10852 10572
f 10566 10848 10572
f 10853 10848 10849
f 10852 10848 10853
f 10850 10854 10851
f 10854 10850 10568
f 10854 10568 10855
f 10855 10568 10574
f 10852 10856 10857
f 10852 10857 10572
f 10572 10857 10578
f 10853 10856 10852
f 10858 10574 10579
f 10858 10859 10574
f 10859 10855 10574
f 10579 10581 10858
f 10584 10860 10583
f 10584 10861 10860
f 10584 10578 10861
f 10578 10857 10861
f 10862 10859 10858
f 10863 10859 10862
f 10581 10586 10862
f 10858 10581 10862
f 10860 10864 10590
f 10583 10860 10590
f 10865 10860 10861
f 10864 10860 10865
f 10862 10866 10863
f 10867 10868 10866
f 10591 10867 10866
f 10591 10866 10862
f 10591 10862 10586
f 10591 10593 10867
f 10597 10869 10596
f 10597 10598 10870
f 10869 10597 10870
f 10598 10599 10871
f 10870 10598 10871
f 10599 10600 10872
f 10871 10599 10872
f 10600 10601 10873
f 10872 10600 10873
f 10601 10603 10873
f 10607 10874 10606
f 10607 10875 10874
f 10590 10875 10607
f 10590 10876 10875
f 10590 10864 10876
f 10865 10876 10864
f 10867 10877 10868
f 10593 10877 10867
f 10593 10608 10877
f 10608 10878 10877
f 10609 10879 10608
f 10608 10879 10878
f 10610 10880 10609
f 10609 10880 10879
f 10869 10610 10596
f 10869 10881 10610
f 10881 10880 10610
f 10870 10881 10869
f 10882 10881 10870
f 10871 10882 10870
f 10883 10882 10871
f 10872 10883 10871
f 10884 10883 10872
f 10873 10884 10872
f 10885 10884 10873
f 10603 10885 10873
f 10603 10611 10885
f 10611 10886 10885
f 10612 10887 10611
f 10611 10887 10886
f 10613 10888 10612
f 10612 10888 10887
f 10874 10613 10606
f 10874 10889 10613
f 10889 10888 10613
f 10875 10889 10874
f 10644 10643 10890
f 10644 10891 10645
f 10890 10891 10644
f 10645 10892 10646
f 10891 10892 10645
f 10646 10893 10647
f 10892 10893 10646
f 10647 10894 10648
f 10893 10894 10647
f 10648 10895 10649
f 10894 10895 10648
f 10649 10896 10650
f 10895 10896 10649
f 10650 10896 10651
f 10659 10658 10897
f 10659 10898 10660
f 10897 10898 10659
f 10660 10899 10661
f 10898 10899 10660
f 10661 10900 10662
f 10899 10900 10661
f 10662 10901 10663
f 10900 10901 10662
f 10663 10902 10664
f 10901 10902 10663
f 10664 10903 10665
f 10902 10903 10664
f 10665 10904 10666
f 10903 10904 10665
f 10890 10668 10905
f 10643 10668 10890
f 10891 10890 10906
f 10906 10890 10905
f 10892 10891 10907
f 10907 10891 10906
f 10893 10892 10908
f 10908 10892 10907
f 10894 10893 10909
f 10909 10893 10908
f 10895 10894 10910
f 10910 10894 10909
f 10896 10895 10911
f 10911 10895 10910
f 10651 10912 10669
f 10651 10896 10912
f 10896 10911 10912
f 10669 10913 10670
f 10912 10913 10669
f 10670 10914 10671
f 10913 10914 10670
f 10671 10915 10672
f 10914 10915 10671
f 10672 10916 10673
f 10915 10916 10672
f 10673 10917 10674
f 10916 10917 10673
f 10674 10897 10658
f 10674 10917 10897
f 10917 10918 10897
f 10898 10897 10919
f 10919 10897 10918
f 10899 10898 10920
f 10920 10898 10919
f 10900 10899 10921
f 10921 10899 10920
f 10901 10900 10922
f 10922 10900 10921
f 10902 10901 10923
f 10923 10901 10922
f 10903 10902 10924
f 10924 10902 10923
f 10904 10903 10925
f 10925 10903 10924
f 10905 10676 10926
f 10668 10676 10905
f 10906 10905 10927
f 10927 10905 10926
f 10907 10906 10928
f 10928 10906 10927
f 10908 10907 10929
f 10929 10907 10928
f 10909 10908 10930
f 10930 10908 10929
f 10910 10909 10931
f 10931 10909 10930
f 10911 10910 10932
f 10932 10910 10931
f 10912 10911 10933
f 10933 10911 10932
f 10913 10912 10934
f 10934 10912 10933
f 10914 10913 10935
f 10935 10913 10934
f 10915 10914 10936
f 10936 10914 10935
f 10916 10915 10937
f 10937 10915 10936
f 10917 10916 10938
f 10938 10916 10937
f 10918 10917 10939
f 10939 10917 10938
f 10919 10918 10940
f 10940 10918 10939
f 10920 10919 10941
f 10941 10919 10940
f 10921 10920 10942
f 10942 10920 10941
f 10922 10921 10943
f 10943 10921 10942
f 10923 10922 10944
f 10944 10922 10943
f 10924 10923 10945
f 10945 10923 10944
f 10925 10924 10946
f 10946 10924 10945
f 10680 10679 10947
f 10680 10947 10948
f 10676 10680 10948
f 10676 10948 10949
f 10676 10949 10926
f 10927 10926 10949
f 10950 10927 10949
f 10928 10927 10950
f 10951 10928 10950
f 10929 10928 10951
f 10952 10929 10951
f 10930 10929 10952
f 10953 10930 10952
f 10931 10930 10953
f 10954 10931 10953
f 10932 10931 10954
f 10955 10932 10954
f 10933 10932 10955
f 10956 10933 10955
f 10934 10933 10956
f 10957 10934 10956
f 10935 10934 10957
f 10958 10935 10957
f 10936 10935 10958
f 10959 10936 10958
f 10937 10936 10959
f 10960 10937 10959
f 10938 10937 10960
f 10961 10938 10960
f 10939 10938 10961
f 10962 10939 10961
f 10940 10939 10962
f 10963 10940 10962
f 10941 10940 10963
f 10964 10941 10963
f 10942 10941 10964
f 10965 10942 10964
f 10943 10942 10965
f 10966 10943 10965
f 10944 10943 10966
f 10967 10944 10966
f 10945 10944 10967
f 10968 10945 10967
f 10946 10945 10968
f 10969 10946 10968
f 10681 10970 10683
f 10947 10972 10973
f 10947 10679 10972
f 10679 10685 10972
f 10948 10947 10973
f 10974 10683 10970
f 10974 10975 10683
f 10975 10686 10683
f 10685 10687 10972
f 10972 10687 10976
f 10686 10975 10688
f 10975 10977 10688
f 10687 10690 10976
f 10976 10690 10978
f 10688 10977 10692
f 10977 10979 10692
f 10690 10694 10978
f 10978 10694 10980
f 10692 10979 10703
f 10979 10981 10703
f 10705 10980 10694
f 10983 10984 10728
f 10983 10728 10981
f 10981 10728 10703
f 10983 10985 10984
f 10705 10729 10987
f 10705 10987 10982
f 10982 10987 10986
f 10729 10730 10988
f 10987 10729 10988
f 10730 10731 10989
f 10988 10730 10989
f 10731 10732 10990
f 10989 10731 10990
f 10732 10734 10990
f 10752 10991 10751
f 10752 10753 10992
f 10991 10752 10992
f 10753 10728 10984
f 10753 10984 10992
f 10992 10984 10993
f 10994 10984 10985
f 10993 10984 10994
f 10987 10996 10986
f 10996 10995 10986
f 10988 10997 10987
f 10997 10996 10987
f 10989 10998 10988
f 10998 10997 10988
f 10990 10999 10989
f 10999 10998 10989
f 10734 10754 11000
f 10734 11000 10990
f 10990 11000 10999
f 10754 10755 11001
f 11000 10754 11001
f 10755 10756 11002
f 11001 10755 11002
f 10756 10757 11003
f 11002 10756 11003
f 10757 10758 11004
f 11003 10757 11004
f 10758 10759 11005
f 11004 10758 11005
f 10759 10760 11006
f 11005 10759 11006
f 10760 10761 11007
f 11006 10760 11007
f 10761 10762 11008
f 11007 10761 11008
f 10762 10763 11009
f 11008 10762 11009
f 10763 10764 11010
f 11009 10763 11010
f 10764 10765 11011
f 11010 10764 11011
f 10765 10766 11012
f 11011 10765 11012
f 10766 10767 11013
f 11012 10766 11013
f 10767 10768 11014
f 11013 10767 11014
f 10768 10769 11015
f 11014 10768 11015
f 10769 10770 11016
f 11015 10769 11016
f 10770 10751 10991
f 10770 10991 11016
f 11016 10991 11017
f 10992 11018 10991
f 11018 11017 10991
f 10993 11019 10992
f 11019 11018 10992
f 11020 10993 10994
f 11019 10993 11020
f 10996 11021 10995
f 11022 11021 10996
f 10997 11022 10996
f 11023 11022 10997
f 10998 11023 10997
f 11024 11023 10998
f 10999 11024 10998
f 11025 11024 10999
f 11025 11026 11027
f 11025 10999 11026
f 10999 11000 11026
f 11001 11028 11000
f 11028 11026 11000
f 11002 11029 11001
f 11029 11028 11001
f 11003 11030 11002
f 11030 11029 11002
f 11004 11031 11003
f 11031 11030 11003
f 11005 11032 11004
f 11032 11031 11004
f 11006 11033 11005
f 11033 11032 11005
f 11007 11034 11006
f 11034 11033 11006
f 11008 11035 11007
f 11035 11034 11007
f 11009 11036 11008
f 11036 11035 11008
f 11010 11037 11009
f 11037 11036 11009
f 11011 11038 11010
f 11038 11037 11010
f 11012 11039 11011
f 11039 11038 11011
f 11013 11040 11012
f 11040 11039 11012
f 11014 11041 11013
f 11041 11040 11013
f 11015 11042 11014
f 11042 11041 11014
f 11016 11043 11015
f 11043 11042 11015
f 11044 11017 11045
f 11044 11043 11017
f 11043 11016 11017
f 11018 11045 11017
f 11046 11045 11018
f 11019 11046 11018
f 11047 11046 11019
f 11020 11047 11019
f 11026 11048 11027
f 11028 11048 11026
f 11049 11048 11028
f 11029 11049 11028
f 11050 11049 11029
f 11030 11050 11029
f 11051 11050 11030
f 11031 11051 11030
f 11052 11051 11031
f 11032 11052 11031
f 11053 11052 11032
f 11033 11053 11032
f 11054 11053 11033
f 11034 11054 11033
f 11055 11054 11034
f 11035 11055 11034
f 11056 11055 11035
f 11036 11056 11035
f 11057 11056 11036
f 11037 11057 11036
f 11058 11057 11037
f 11038 11058 11037
f 11059 11058 11038
f 11039 11059 11038
f 11060 11059 11039
f 11040 11060 11039
f 11061 11060 11040
f 11041 11061 11040
f 11062 11061 11041
f 11042 11062 11041
f 11063 11062 11042
f 11043 11063 11042
f 11064 11063 11043
f 11044 11064 11043
f 11065 11066 11067
f 11065 11068 11069
f 11067 11068 11065
f 11069 11070 11071
f 11068 11070 11069
f 11071 11072 11073
f 11070 11072 11071
f 11073 11074 11075
f 11072 11074 11073
f 11075 11076 11077
f 11074 11076 11075
f 11077 11078 11079
f 11076 11078 11077
f 11078 11080 11079
f 11081 11082 11083
f 11081 11084 11085
f 11083 11084 11081
f 11066 11085 11084
f 11066 11065 11085
f 11065 11086 11085
f 10773 10772 11086
f 10773 11086 11069
f 11069 11086 11065
f 10774 10773 11069
f 11071 10774 11069
f 10776 10774 11071
f 11073 10776 11071
f 10778 10776 11073
f 11075 10778 11073
f 10780 10778 11075
f 10780 11075 11087
f 11087 11075 11077
f 11079 11088 11077
f 11088 11087 11077
f 11089 11079 11080
f 11089 11090 11079
f 11090 11088 11079
f 11089 11091 11090
f 11092 11093 11094
f 11082 11092 11094
f 11082 11081 11092
f 11081 11095 11092
f 10783 10782 11095
f 10783 11095 11085
f 11085 11095 11081
f 10784 10783 11085
f 11086 10784 11085
f 10772 10784 11086
f 10780 11087 10790
f 10792 10790 11087
f 11088 10792 11087
f 10794 10792 11088
f 10794 11088 11096
f 11096 11088 11090
f 11097 11090 11091
f 11097 11098 11090
f 11098 11096 11090
f 11097 11099 11098
f 11100 11093 11092
f 11101 11093 11100
f 10797 10796 11100
f 10797 11100 11095
f 11095 11100 11092
f 10782 10797 11095
f 10794 11096 10800
f 10802 10800 11096
f 11098 10802 11096
f 10804 11102 11103
f 10802 11102 10804
f 10802 11099 11102
f 10802 11098 11099
f 11102 11104 11103
f 11105 11106 11107
f 11101 11105 11107
f 11100 11105 11101
f 11100 10806 11105
f 11100 10807 10806
f 10796 10807 11100
f 10804 11103 10810
f 10812 11108 11109
f 10810 11108 10812
f 10810 11104 11108
f 10810 11103 11104
f 11108 11110 11109
f 11111 11106 11105
f 11112 11106 11111
f 10806 10814 11111
f 11105 10806 11111
f 11109 11113 10816
f 10812 11109 10816
f 11114 11109 11110
f 11113 11109 11114
f 11115 11116 11117
f 11112 11115 11117
f 11111 11115 11112
f 11111 10818 11115
f 11111 10819 10818
f 10814 10819 11111
f 10816 11113 10822
f 10824 11118 11119
f 10822 11118 10824
f 10822 11114 11118
f 10822 11113 11114
f 11118 11120 11119
f 11121 11116 11115
f 11122 11116 11121
f 10818 10826 11121
f 11115 10818 11121
f 11119 11123 10828
f 10824 11119 10828
f 11124 11119 11120
f 11123 11119 11124
f 11125 11122 11121
f 11126 11122 11125
f 10826 10830 11125
f 11121 10826 11125
f 11123 11127 10832
f 10828 11123 10832
f 11128 11123 11124
f 11127 11123 11128
f 11129 11126 11125
f 11130 11126 11129
f 10830 10834 11129
f 11125 10830 11129
f 11127 11131 10836
f 10832 11127 10836
f 11132 11127 11128
f 11131 11127 11132
f 11133 11130 11129
f 11134 11130 11133
f 10834 10837 11133
f 11129 10834 11133
f 10836 11131 10838
f 11131 10840 10838
f 11131 11132 10840
f 11132 11135 10840
f 10843 11134 11133
f 10843 10842 11134
f 10842 11136 11134
f 10837 10843 11133
f 10840 11135 10845
f 11135 11137 10845
f 10842 10847 11136
f 11136 10847 11138
f 10845 11137 10849
f 11137 11139 10849
f 10847 10851 11138
f 11138 10851 11140
f 10849 11139 10853
f 11139 11141 10853
f 11142 10851 10854
f 11142 11143 10851
f 11143 11140 10851
f 10854 10855 11142
f 10856 11144 10857
f 10856 11145 11144
f 10856 10853 11145
f 10853 11141 11145
f 11146 11143 11142
f 11147 11143 11146
f 10855 10859 11146
f 11142 10855 11146
f 11144 11148 10861
f 10857 11144 10861
f 11149 11144 11145
f 11148 11144 11149
f 11150 11147 11146
f 11151 11147 11150
f 10859 10863 11150
f 11146 10859 11150
f 11148 11152 10865
f 10861 11148 10865
f 11153 11148 11149
f 11152 11148 11153
f 11150 11154 11151
f 11155 11156 11154
f 10866 11155 11154
f 10866 11154 11150
f 10866 11150 10863
f 10866 10868 11155
f 10876 11157 10875
f 10876 11158 11157
f 10865 11158 10876
f 10865 11159 11158
f 10865 11152 11159
f 11153 11159 11152
f 11155 11160 11156
f 11161 11162 11160
f 10877 11161 11160
f 10877 11160 11155
f 10877 11155 10868
f 10877 10878 11163
f 11161 10877 11163
f 10878 10879 11164
f 11163 10878 11164
f 11165 11164 10879
f 11165 10879 11166
f 11166 10879 10880
f 10881 11167 10880
f 10880 11167 11166
f 10882 11168 10881
f 10881 11168 11167
f 10883 11169 10882
f 10882 11169 11168
f 10884 11170 10883
f 10883 11170 11169
f 10885 11171 10884
f 10884 11171 11170
f 10886 11172 10885
f 10885 11172 11171
f 11173 11174 11172
f 11173 11172 10887
f 10887 11172 10886
f 10887 10888 11175
f 11173 10887 11175
f 10888 10889 11176
f 11175 10888 11176
f 10889 11177 11176
f 10875 11177 10889
f 10875 11178 11177
f 10875 11157 11178
f 11158 11178 11157
f 11161 11179 11162
f 11163 11179 11161
f 11180 11179 11163
f 11164 11180 11163
f 11181 11180 11164
f 11165 11181 11164
f 11173 11182 11174
f 11175 11182 11173
f 11183 11182 11175
f 11176 11183 11175
f 11184 11183 11176
f 11177 11184 11176
f 10949 10948 11185
f 10949 11186 10950
f 11185 11186 10949
f 10950 11187 10951
f 11186 11187 10950
f 10951 11188 10952
f 11187 11188 10951
f 10952 11189 10953
f 11188 11189 10952
f 10953 11190 10954
f 11189 11190 10953
f 10954 11191 10955
f 11190 11191 10954
f 10955 11192 10956
f 11191 11192 10955
f 10956 11193 10957
f 11192 11193 10956
f 10957 11194 10958
f 11193 11194 10957
f 10958 11195 10959
f 11194 11195 10958
f 10959 11196 10960
f 11195 11196 10959
f 10960 11197 10961
f 11196 11197 10960
f 10961 11198 10962
f 11197 11198 10961
f 10962 11199 10963
f 11198 11199 10962
f 10963 11200 10964
f 11199 11200 10963
f 10964 11201 10965
f 11200 11201 10964
f 10965 11202 10966
f 11201 11202 10965
f 10966 11203 10967
f 11202 11203 10966
f 10967 11204 10968
f 11203 11204 10967
f 10968 11205 10969
f 11204 11205 10968
f 10969 11205 10971
f 10973 10972 11206
f 10973 11185 10948
f 10973 11206 11185
f 11206 11207 11185
f 11186 11185 11208
f 11208 11185 11207
f 11187 11186 11209
f 11209 11186 11208
f 11188 11187 11210
f 11210 11187 11209
f 11189 11188 11211
f 11211 11188 11210
f 11190 11189 11212
f 11212 11189 11211
f 11191 11190 11213
f 11213 11190 11212
f 11192 11191 11214
f 11214 11191 11213
f 11193 11192 11215
f 11215 11192 11214
f 11194 11193 11216
f 11216 11193 11215
f 11195 11194 11217
f 11217 11194 11216
f 11196 11195 11218
f 11218 11195 11217
f 11197 11196 11219
f 11219 11196 11218
f 11198 11197 11220
f 11220 11197 11219
f 11199 11198 11221
f 11221 11198 11220
f 11200 11199 11222
f 11222 11199 11221
f 11201 11200 11223
f 11223 11200 11222
f 11202 11201 11224
f 11224 11201 11223
f 11203 11202 11225
f 11225 11202 11224
f 11204 11203 11226
f 11226 11203 11225
f 11205 11204 11227
f 11227 11204 11226
f 10971 11228 10974
f 10971 11205 11228
f 11205 11227 11228
f 10974 11228 10975
f 11206 10976 11229
f 10972 10976 11206
f 11207 11206 11230
f 11230 11206 11229
f 11208 11207 11231
f 11231 11207 11230
f 11209 11208 11232
f 11232 11208 11231
f 11210 11209 11233
f 11233 11209 11232
f 11211 11210 11234
f 11234 11210 11233
f 11212 11211 11235
f 11235 11211 11234
f 11213 11212 11236
f 11236 11212 11235
f 11214 11213 11237
f 11237 11213 11236
f 11215 11214 11238
f 11238 11214 11237
f 11216 11215 11239
f 11239 11215 11238
f 11217 11216 11240
f 11240 11216 11239
f 11218 11217 11241
f 11241 11217 11240
f 11219 11218 11242
f 11242 11218 11241
f 11220 11219 11243
f 11243 11219 11242
f 11221 11220 11244
f 11244 11220 11243
f 11222 11221 11245
f 11245 11221 11244
f 11223 11222 11246
f 11246 11222 11245
f 11224 11223 11247
f 11247 11223 11246
f 11225 11224 11248
f 11248 11224 11247
f 11226 11225 11249
f 11249 11225 11248
f 11227 11226 11250
f 11250 11226 11249
f 11228 11227 11251
f 11251 11227 11250
f 10975 11251 10977
f 11228 11251 10975
f 11229 11252 11253
f 11229 10976 11252
f 10976 10978 11252
f 11230 11229 11253
f 11254 11230 11253
f 11231 11230 11254
f 11255 11231 11254
f 11232 11231 11255
f 11256 11232 11255
f 11233 11232 11256
f 11257 11233 11256
f 11234 11233 11257
f 11258 11234 11257
f 11235 11234 11258
f 11259 11235 11258
f 11236 11235 11259
f 11260 11236 11259
f 11237 11236 11260
f 11261 11237 11260
f 11238 11237 11261
f 11262 11238 11261
f 11239 11238 11262
f 11263 11239 11262
f 11240 11239 11263
f 11264 11240 11263
f 11241 11240 11264
f 11265 11241 11264
f 11242 11241 11265
f 11266 11242 11265
f 11243 11242 11266
f 11267 11243 11266
f 11244 11243 11267
f 11268 11244 11267
f 11245 11244 11268
f 11269 11245 11268
f 11246 11245 11269
f 11270 11246 11269
f 11247 11246 11270
f 11271 11247 11270
f 11248 11247 11271
f 11272 11248 11271
f 11249 11248 11272
f 11273 11249 11272
f 11250 11249 11273
f 11274 11250 11273
f 11251 11250 11274
f 11275 11251 11274
f 11275 10977 11251
f 11275 11276 10977
f 11276 10979 10977
f 10978 10980 11252
f 10979 11276 10981
f 11276 11278 10981
f 10981 11278 11280
f 10983 10981 11280
f 11280 10985 10983
f 11281 10985 11280
f 10985 11281 10994
f 11281 11282 10994
f 10994 11282 11020
f 11282 11283 11020
f 11021 11022 11285
f 11284 11021 11285
f 11022 11023 11286
f 11285 11022 11286
f 11023 11024 11287
f 11286 11023 11287
f 11024 11025 11288
f 11287 11024 11288
f 11025 11027 11288
f 11045 11289 11044
f 11045 11046 11290
f 11289 11045 11290
f 11046 11047 11291
f 11290 11046 11291
f 11047 11292 11291
f 11047 11020 11292
f 11020 11283 11292
f 11285 11294 11284
f 11294 11293 11284
f 11286 11295 11285
f 11295 11294 11285
f 11287 11296 11286
f 11296 11295 11286
f 11288 11297 11287
f 11297 11296 11287
f 11027 11048 11298
f 11027 11298 11288
f 11288 11298 11297
f 11048 11049 11299
f 11298 11048 11299
f 11049 11050 11300
f 11299 11049 11300
f 11050 11051 11301
f 11300 11050 11301
f 11051 11052 11302
f 11301 11051 11302
f 11052 11053 11303
f 11302 11052 11303
f 11053 11054 11304
f 11303 11053 11304
f 11054 11055 11305
f 11304 11054 11305
f 11055 11056 11306
f 11305 11055 11306
f 11056 11057 11307
f 11306 11056 11307
f 11057 11058 11308
f 11307 11057 11308
f 11058 11059 11309
f 11308 11058 11309
f 11059 11060 11310
f 11309 11059 11310
f 11060 11061 11311
f 11310 11060 11311
f 11061 11062 11312
f 11311 11061 11312
f 11062 11063 11313
f 11312 11062 11313
f 11063 11064 11314
f 11313 11063 11314
f 11064 11044 11289
f 11064 11289 11314
f 11314 11289 11315
f 11290 11316 11289
f 11316 11315 11289
f 11291 11317 11290
f 11317 11316 11290
f 11318 11291 11292
f 11317 11291 11318
f 11294 11319 11293
f 11320 11319 11294
f 11295 11320 11294
f 11321 11320 11295
f 11296 11321 11295
f 11322 11321 11296
f 11297 11322 11296
f 11323 11322 11297
f 11298 11323 11297
f 11324 11323 11298
f 11299 11324 11298
f 11325 11324 11299
f 11300 11325 11299
f 11326 11325 11300
f 11301 11326 11300
f 11327 11326 11301
f 11302 11327 11301
f 11328 11327 11302
f 11303 11328 11302
f 11329 11328 11303
f 11304 11329 11303
f 11330 11329 11304
f 11305 11330 11304
f 11331 11330 11305
f 11306 11331 11305
f 11332 11331 11306
f 11307 11332 11306
f 11333 11332 11307
f 11308 11333 11307
f 11334 11333 11308
f 11309 11334 11308
f 11335 11334 11309
f 11310 11335 11309
f 11336 11335 11310
f 11311 11336 11310
f 11337 11336 11311
f 11312 11337 11311
f 11338 11337 11312
f 11313 11338 11312
f 11339 11338 11313
f 11314 11339 11313
f 11340 11339 11314
f 11315 11340 11314
f 11341 11340 11315
f 11316 11341 11315
f 11342 11341 11316
f 11317 11342 11316
f 11343 11342 11317
f 11318 11343 11317
f 11344 11345 11346
f 11344 11347 11348
f 11346 11347 11344
f 11348 11349 11350
f 11347 11349 11348
f 11350 11351 11352
f 11349 11351 11350
f 11351 11353 11352
f 11354 11355 11356
f 11354 11357 11358
f 11356 11357 11354
f 11345 11358 11357
f 11345 11344 11358
f 11344 11359 11358
f 11348 11360 11344
f 11360 11359 11344
f 11350 11361 11348
f 11361 11360 11348
f 11352 11362 11350
f 11362 11361 11350
f 11363 11352 11353
f 11363 11364 11352
f 11364 11362 11352
f 11364 11365 11366
f 11363 11365 11364
f 11366 11367 11368
f 11365 11367 11366
f 11367 11369 11368
f 11370 11371 11372
f 11355 11370 11372
f 11355 11354 11370
f 11354 11373 11370
f 11067 11066 11373
f 11067 11373 11358
f 11358 11373 11354
f 11068 11067 11358
f 11359 11068 11358
f 11070 11068 11359
f 11360 11070 11359
f 11072 11070 11360
f 11361 11072 11360
f 11074 11072 11361
f 11362 11074 11361
f 11076 11074 11362
f 11364 11076 11362
f 11078 11076 11364
f 11366 11078 11364
f 11080 11078 11366
f 11080 11366 11374
f 11374 11366 11368
f 11375 11368 11369
f 11375 11376 11368
f 11376 11374 11368
f 11375 11377 11376
f 11378 11379 11380
f 11371 11378 11380
f 11370 11378 11371
f 11370 11082 11378
f 11370 11083 11082
f 11084 11083 11370
f 11373 11084 11370
f 11066 11084 11373
f 11080 11374 11089
f 11091 11089 11374
f 11091 11374 11381
f 11381 11374 11376
f 11382 11376 11377
f 11382 11383 11376
f 11383 11381 11376
f 11382 11384 11383
f 11385 11386 11387
f 11379 11385 11387
f 11378 11385 11379
f 11378 11093 11385
f 11378 11094 11093
f 11082 11094 11378
f 11091 11381 11097
f 11099 11097 11381
f 11099 11381 11388
f 11388 11381 11383
f 11389 11383 11384
f 11389 11390 11383
f 11390 11388 11383
f 11389 11391 11390
f 11392 11386 11385
f 11393 11386 11392
f 11093 11101 11392
f 11385 11093 11392
f 11099 11388 11102
f 11104 11102 11388
f 11104 11388 11394
f 11394 11388 11390
f 11395 11390 11391
f 11394 11390 11395
f 11396 11397 11398
f 11393 11396 11398
f 11392 11396 11393
f 11392 11106 11396
f 11392 11107 11106
f 11101 11107 11392
f 11104 11394 11108
f 11110 11399 11400
f 11108 11399 11110
f 11108 11395 11399
f 11108 11394 11395
f 11399 11401 11400
f 11402 11397 11396
f 11403 11397 11402
f 11106 11112 11402
f 11396 11106 11402
f 11400 11404 11114
f 11110 11400 11114
f 11405 11400 11401
f 11404 11400 11405
f 11117 11403 11402
f 11117 11116 11403
f 11116 11406 11403
f 11112 11117 11402
f 11114 11404 11118
f 11404 11120 11118
f 11404 11405 11120
f 11405 11407 11120
f 11408 11409 11410
f 11408 11410 11406
f 11408 11406 11122
f 11122 11406 11116
f 11411 11412 11124
f 11411 11124 11407
f 11407 11124 11120
f 11411 11413 11412
f 11414 11409 11408
f 11415 11409 11414
f 11122 11126 11414
f 11408 11122 11414
f 11412 11416 11128
f 11124 11412 11128
f 11417 11412 11413
f 11416 11412 11417
f 11418 11415 11414
f 11419 11415 11418
f 11126 11130 11418
f 11414 11126 11418
f 11416 11420 11132
f 11128 11416 11132
f 11421 11416 11417
f 11420 11416 11421
f 11422 11419 11418
f 11423 11419 11422
f 11130 11134 11422
f 11418 11130 11422
f 11420 11424 11135
f 11132 11420 11135
f 11425 11420 11421
f 11424 11420 11425
f 11426 11423 11422
f 11427 11423 11426
f 11134 11136 11426
f 11422 11134 11426
f 11424 11428 11137
f 11135 11424 11137
f 11429 11424 11425
f 11428 11424 11429
f 11430 11427 11426
f 11431 11427 11430
f 11136 11138 11430
f 11426 11136 11430
f 11428 11432 11139
f 11137 11428 11139
f 11433 11428 11429
f 11432 11428 11433
f 11434 11431 11430
f 11435 11431 11434
f 11138 11140 11434
f 11430 11138 11434
f 11432 11436 11141
f 11139 11432 11141
f 11437 11432 11433
f 11436 11432 11437
f 11438 11435 11434
f 11439 11435 11438
f 11140 11143 11438
f 11434 11140 11438
f 11436 11440 11145
f 11141 11436 11145
f 11441 11436 11437
f 11440 11436 11441
f 11438 11442 11439
f 11442 11438 11143
f 11442 11143 11443
f 11443 11143 11147
f 11440 11444 11445
f 11440 11445 11145
f 11145 11445 11149
f 11441 11444 11440
f 11147 11151 11443
f 11443 11151 11446
f 11149 11445 11153
f 11445 11447 11153
f 11151 11448 11446
f 11154 11448 11151
f 11448 11154 11156
f 11449 11448 11156
f 11159 11450 11158
f 11159 11451 11450
f 11159 11153 11451
f 11153 11447 11451
f 11452 11156 11160
f 11452 11453 11156
f 11453 11449 11156
f 11160 11162 11452
f 11166 11454 11165
f 11166 11167 11455
f 11454 11166 11455
f 11167 11168 11456
f 11455 11167 11456
f 11168 11169 11457
f 11456 11168 11457
f 11169 11170 11458
f 11457 11169 11458
f 11170 11171 11459
f 11458 11170 11459
f 11171 11172 11460
f 11459 11171 11460
f 11172 11174 11460
f 11178 11461 11177
f 11178 11462 11461
f 11158 11462 11178
f 11158 11463 11462
f 11158 11450 11463
f 11451 11463 11450
f 11452 11464 11453
f 11162 11464 11452
f 11162 11179 11464
f 11179 11465 11464
f 11180 11466 11179
f 11179 11466 11465
f 11181 11467 11180
f 11180 11467 11466
f 11454 11181 11165
f 11454 11468 11181
f 11468 11467 11181
f 11455 11468 11454
f 11469 11468 11455
f 11456 11469 11455
f 11470 11469 11456
f 11457 11470 11456
f 11471 11470 11457
f 11458 11471 11457
f 11472 11471 11458
f 11459 11472 11458
f 11473 11472 11459
f 11460 11473 11459
f 11474 11473 11460
f 11174 11474 11460
f 11174 11182 11474
f 11182 11475 11474
f 11183 11476 11182
f 11182 11476 11475
f 11184 11477 11183
f 11183 11477 11476
f 11461 11184 11177
f 11461 11478 11184
f 11478 11477 11184
f 11462 11478 11461
f 11253 11252 11479
f 11253 11480 11254
f 11479 11480 11253
f 11254 11481 11255
f 11480 11481 11254
f 11255 11482 11256
f 11481 11482 11255
f 11256 11483 11257
f 11482 11483 11256
f 11257 11484 11258
f 11483 11484 11257
f 11258 11485 11259
f 11484 11485 11258
f 11259 11486 11260
f 11485 11486 11259
f 11260 11487 11261
f 11486 11487 11260
f 11261 11488 11262
f 11487 11488 11261
f 11262 11489 11263
f 11488 11489 11262
f 11263 11490 11264
f 11489 11490 11263
f 11264 11491 11265
f 11490 11491 11264
f 11265 11492 11266
f 11491 11492 11265
f 11266 11493 11267
f 11492 11493 11266
f 11267 11494 11268
f 11493 11494 11267
f 11268 11495 11269
f 11494 11495 11268
f 11269 11496 11270
f 11495 11496 11269
f 11270 11497 11271
f 11496 11497 11270
f 11271 11498 11272
f 11497 11498 11271
f 11272 11499 11273
f 11498 11499 11272
f 11273 11500 11274
f 11499 11500 11273
f 11274 11501 11275
f 11500 11501 11274
f 11275 11501 11276
f 11479 11277 11502
f 11252 11277 11479
f 11480 11479 11503
f 11503 11479 11502
f 11481 11480 11504
f 11504 11480 11503
f 11482 11481 11505
f 11505 11481 11504
f 11483 11482 11506
f 11506 11482 11505
f 11484 11483 11507
f 11507 11483 11506
f 11485 11484 11508
f 11508 11484 11507
f 11486 11485 11509
f 11509 11485 11508
f 11487 11486 11510
f 11510 11486 11509
f 11488 11487 11511
f 11511 11487 11510
f 11489 11488 11512
f 11512 11488 11511
f 11490 11489 11513
f 11513 11489 11512
f 11491 11490 11514
f 11514 11490 11513
f 11492 11491 11515
f 11515 11491 11514
f 11493 11492 11516
f 11516 11492 11515
f 11494 11493 11517
f 11517 11493 11516
f 11495 11494 11518
f 11518 11494 11517
f 11496 11495 11519
f 11519 11495 11518
f 11497 11496 11520
f 11520 11496 11519
f 11498 11497 11521
f 11521 11497 11520
f 11499 11498 11522
f 11522 11498 11521
f 11500 11499 11523
f 11523 11499 11522
f 11501 11500 11524
f 11524 11500 11523
f 11276 11524 11278
f 11501 11524 11276
f 11279 11525 11526
f 11277 11279 11526
f 11277 11526 11527
f 11277 11527 11502
f 11503 11502 11527
f 11528 11503 11527
f 11504 11503 11528
f 11529 11504 11528
f 11505 11504 11529
f 11530 11505 11529
f 11506 11505 11530
f 11531 11506 11530
f 11507 11506 11531
f 11532 11507 11531
f 11508 11507 11532
f 11533 11508 11532
f 11509 11508 11533
f 11534 11509 11533
f 11510 11509 11534
f 11535 11510 11534
f 11511 11510 11535
f 11536 11511 11535
f 11512 11511 11536
f 11537 11512 11536
f 11513 11512 11537
f 11538 11513 11537
f 11514 11513 11538
f 11539 11514 11538
f 11515 11514 11539
f 11540 11515 11539
f 11516 11515 11540
f 11541 11516 11540
f 11517 11516 11541
f 11542 11517 11541
f 11518 11517 11542
f 11543 11518 11542
f 11519 11518 11543
f 11544 11519 11543
f 11520 11519 11544
f 11545 11520 11544
f 11521 11520 11545
f 11546 11521 11545
f 11522 11521 11546
f 11547 11522 11546
f 11523 11522 11547
f 11548 11523 11547
f 11524 11523 11548
f 11549 11524 11548
f 11550 11549 11551
f 11280 11549 11550
f 11280 11524 11549
f 11280 11278 11524
f 11280 11550 11281
f 11526 11525 11552
f 11550 11551 11553
f 11553 11281 11550
f 11553 11554 11281
f 11554 11282 11281
f 11282 11554 11283
f 11554 11555 11283
f 11283 11555 11292
f 11555 11556 11292
f 11292 11556 11318
f 11320 11559 11319
f 11319 11559 11558
f 11321 11560 11320
f 11320 11560 11559
f 11322 11561 11321
f 11321 11561 11560
f 11562 11563 11561
f 11562 11561 11323
f 11323 11561 11322
f 11323 11324 11564
f 11562 11323 11564
f 11324 11325 11565
f 11564 11324 11565
f 11325 11326 11566
f 11565 11325 11566
f 11326 11327 11567
f 11566 11326 11567
f 11327 11328 11568
f 11567 11327 11568
f 11328 11329 11569
f 11568 11328 11569
f 11329 11330 11570
f 11569 11329 11570
f 11330 11331 11571
f 11570 11330 11571
f 11331 11332 11572
f 11571 11331 11572
f 11332 11333 11573
f 11572 11332 11573
f 11333 11334 11574
f 11573 11333 11574
f 11334 11335 11575
f 11574 11334 11575
f 11335 11336 11576
f 11575 11335 11576
f 11336 11337 11577
f 11576 11336 11577
f 11337 11338 11578
f 11577 11337 11578
f 11338 11339 11579
f 11578 11338 11579
f 11580 11579 11339
f 11580 11339 11581
f 11581 11339 11340
f 11341 11582 11340
f 11340 11582 11581
f 11342 11583 11341
f 11341 11583 11582
f 11343 11584 11342
f 11342 11584 11583
f 11557 11343 11318
f 11584 11343 11557
f 11562 11585 11563
f 11564 11585 11562
f 11586 11585 11564
f 11565 11586 11564
f 11587 11586 11565
f 11566 11587 11565
f 11588 11587 11566
f 11567 11588 11566
f 11589 11588 11567
f 11568 11589 11567
f 11590 11589 11568
f 11569 11590 11568
f 11591 11590 11569
f 11570 11591 11569
f 11592 11591 11570
f 11592 11593 11594
f 11592 11570 11593
f 11570 11571 11593
f 11595 11572 11596
f 11595 11593 11572
f 11593 11571 11572
f 11573 11596 11572
f 11597 11596 11573
f 11574 11597 11573
f 11598 11597 11574
f 11575 11598 11574
f 11599 11598 11575
f 11576 11599 11575
f 11600 11599 11576
f 11577 11600 11576
f 11601 11600 11577
f 11578 11601 11577
f 11602 11601 11578
f 11579 11602 11578
f 11603 11602 11579
f 11580 11603 11579
f 11604 11605 11606
f 11604 11607 11608
f 11606 11607 11604
f 11608 11609 11610
f 11607 11609 11608
f 11594 11610 11609
f 11594 11593 11610
f 11593 11611 11610
f 11612 11593 11595
f 11612 11613 11593
f 11613 11611 11593
f 11613 11614 11615
f 11612 11614 11613
f 11615 11616 11617
f 11614 11616 11615
f 11616 11618 11617
f 11619 11620 11621
f 11619 11622 11623
f 11621 11622 11619
f 11605 11623 11622
f 11605 11604 11623
f 11604 11624 11623
f 11346 11345 11624
f 11346 11624 11608
f 11608 11624 11604
f 11347 11346 11608
f 11610 11347 11608
f 11349 11347 11610
f 11611 11349 11610
f 11351 11349 11611
f 11613 11351 11611
f 11353 11351 11613
f 11353 11613 11625
f 11625 11613 11615
f 11617 11626 11615
f 11626 11625 11615
f 11627 11617 11618
f 11627 11628 11617
f 11628 11626 11617
f 11628 11629 11630
f 11627 11629 11628
f 11629 11631 11630
f 11632 11633 11634
f 11620 11632 11634
f 11620 11619 11632
f 11619 11635 11632
f 11356 11355 11635
f 11356 11635 11623
f 11623 11635 11619
f 11357 11356 11623
f 11624 11357 11623
f 11345 11357 11624
f 11353 11625 11363
f 11365 11363 11625
f 11626 11365 11625
f 11367 11365 11626
f 11628 11367 11626
f 11369 11367 11628
f 11369 11628 11636
f 11636 11628 11630
f 11637 11630 11631
f 11637 11638 11630
f 11638 11636 11630
f 11637 11639 11638
f 11640 11641 11642
f 11633 11640 11642
f 11633 11632 11640
f 11632 11643 11640
f 11372 11371 11643
f 11372 11643 11635
f 11635 11643 11632
f 11355 11372 11635
f 11369 11636 11375
f 11377 11375 11636
f 11377 11636 11644
f 11644 11636 11638
f 11645 11638 11639
f 11645 11646 11638
f 11646 11644 11638
f 11645 11647 11646
f 11648 11641 11640
f 11649 11641 11648
f 11380 11379 11648
f 11380 11648 11643
f 11643 11648 11640
f 11371 11380 11643
f 11377 11644 11382
f 11384 11382 11644
f 11384 11644 11650
f 11650 11644 11646
f 11651 11646 11647
f 11650 11646 11651
f 11652 11653 11654
f 11649 11652 11654
f 11648 11652 11649
f 11648 11386 11652
f 11648 11387 11386
f 11379 11387 11648
f 11384 11650 11389
f 11391 11655 11656
f 11389 11655 11391
f 11389 11651 11655
f 11389 11650 11651
f 11655 11657 11656
f 11658 11653 11652
f 11659 11653 11658
f 11386 11393 11658
f 11652 11386 11658
f 11656 11660 11395
f 11391 11656 11395
f 11661 11656 11657
f 11660 11656 11661
f 11662 11663 11664
f 11659 11662 11664
f 11658 11662 11659
f 11658 11397 11662
f 11658 11398 11397
f 11393 11398 11658
f 11395 11660 11399
f 11401 11665 11666
f 11399 11665 11401
f 11399 11661 11665
f 11399 11660 11661
f 11665 11667 11666
f 11668 11663 11662
f 11669 11663 11668
f 11397 11403 11668
f 11662 11397 11668
f 11666 11670 11405
f 11401 11666 11405
f 11671 11666 11667
f 11670 11666 11671
f 11672 11669 11668
f 11673 11669 11672
f 11403 11406 11672
f 11668 11403 11672
f 11670 11674 11407
f 11405 11670 11407
f 11675 11670 11671
f 11674 11670 11675
f 11410 11673 11672
f 11410 11409 11673
f 11409 11676 11673
f 11406 11410 11672
f 11407 11674 11411
f 11674 11413 11411
f 11674 11675 11413
f 11675 11677 11413
f 11409 11415 11676
f 11676 11415 11678
f 11413 11677 11417
f 11677 11679 11417
f 11415 11419 11678
f 11678 11419 11680
f 11417 11679 11421
f 11679 11681 11421
f 11419 11423 11680
f 11680 11423 11682
f 11421 11681 11425
f 11681 11683 11425
f 11423 11427 11682
f 11682 11427 11684
f 11425 11683 11429
f 11683 11685 11429
f 11427 11431 11684
f 11684 11431 11686
f 11429 11685 11433
f 11685 11687 11433
f 11431 11435 11686
f 11686 11435 11688
f 11433 11687 11437
f 11687 11689 11437
f 11435 11439 11688
f 11688 11439 11690
f 11437 11689 11441
f 11689 11691 11441
f 11692 11439 11442
f 11692 11693 11439
f 11693 11690 11439
f 11442 11443 11692
f 11444 11694 11445
f 11444 11695 11694
f 11444 11441 11695
f 11441 11691 11695
f 11692 11696 11693
f 11696 11692 11443
f 11696 11443 11697
f 11697 11443 11446
f 11694 11698 11699
f 11694 11699 11445
f 11445 11699 11447
f 11695 11698 11694
f 11700 11446 11448
f 11700 11701 11446
f 11701 11697 11446
f 11448 11449 11700
f 11447 11699 11451
f 11699 11702 11451
f 11700 11703 11701
f 11703 11700 11449
f 11703 11449 11704
f 11704 11449 11453
f 11463 11705 11706
f 11462 11463 11706
f 11702 11463 11451
f 11705 11463 11702
f 11453 11707 11704
f 11464 11707 11453
f 11708 11709 11707
f 11708 11707 11465
f 11465 11707 11464
f 11465 11466 11710
f 11708 11465 11710
f 11466 11467 11711
f 11710 11466 11711
f 11712 11711 11467
f 11712 11467 11713
f 11713 11467 11468
f 11469 11714 11468
f 11468 11714 11713
f 11470 11715 11469
f 11469 11715 11714
f 11471 11716 11470
f 11470 11716 11715
f 11472 11717 11471
f 11471 11717 11716
f 11473 11718 11472
f 11472 11718 11717
f 11474 11719 11473
f 11473 11719 11718
f 11720 11721 11719
f 11720 11719 11475
f 11475 11719 11474
f 11475 11476 11722
f 11720 11475 11722
f 11476 11477 11723
f 11722 11476 11723
f 11724 11723 11477
f 11724 11477 11725
f 11725 11477 11478
f 11706 11478 11462
f 11725 11478 11706
f 11708 11726 11709
f 11710 11726 11708
f 11727 11726 11710
f 11711 11727 11710
f 11728 11727 11711
f 11712 11728 11711
f 11720 11729 11721
f 11722 11729 11720
f 11730 11729 11722
f 11723 11730 11722
f 11731 11730 11723
f 11724 11731 11723
f 11527 11526 11732
f 11527 11733 11528
f 11732 11733 11527
f 11528 11734 11529
f 11733 11734 11528
f 11529 11735 11530
f 11734 11735 11529
f 11530 11736 11531
f 11735 11736 11530
f 11531 11737 11532
f 11736 11737 11531
f 11532 11738 11533
f 11737 11738 11532
f 11533 11739 11534
f 11738 11739 11533
f 11534 11740 11535
f 11739 11740 11534
f 11535 11741 11536
f 11740 11741 11535
f 11536 11742 11537
f 11741 11742 11536
f 11537 11743 11538
f 11742 11743 11537
f 11538 11744 11539
f 11743 11744 11538
f 11539 11745 11540
f 11744 11745 11539
f 11540 11746 11541
f 11745 11746 11540
f 11541 11747 11542
f 11746 11747 11541
f 11542 11748 11543
f 11747 11748 11542
f 11543 11749 11544
f 11748 11749 11543
f 11544 11750 11545
f 11749 11750 11544
f 11545 11751 11546
f 11750 11751 11545
f 11546 11752 11547
f 11751 11752 11546
f 11547 11753 11548
f 11752 11753 11547
f 11548 11754 11549
f 11753 11754 11548
f 11549 11754 11551
f 11552 11732 11526
f 11552 11755 11732
f 11755 11756 11732
f 11733 11732 11757
f 11757 11732 11756
f 11734 11733 11758
f 11758 11733 11757
f 11735 11734 11759
f 11759 11734 11758
f 11736 11735 11760
f 11760 11735 11759
f 11737 11736 11761
f 11761 11736 11760
f 11738 11737 11762
f 11762 11737 11761
f 11739 11738 11763
f 11763 11738 11762
f 11740 11739 11764
f 11764 11739 11763
f 11741 11740 11765
f 11765 11740 11764
f 11742 11741 11766
f 11766 11741 11765
f 11743 11742 11767
f 11767 11742 11766
f 11744 11743 11768
f 11768 11743 11767
f 11745 11744 11769
f 11769 11744 11768
f 11746 11745 11770
f 11770 11745 11769
f 11747 11746 11771
f 11771 11746 11770
f 11748 11747 11772
f 11772 11747 11771
f 11749 11748 11773
f 11773 11748 11772
f 11750 11749 11774
f 11774 11749 11773
f 11751 11750 11775
f 11775 11750 11774
f 11752 11751 11776
f 11776 11751 11775
f 11753 11752 11777
f 11777 11752 11776
f 11754 11753 11778
f 11778 11753 11777
f 11551 11779 11553
f 11551 11754 11779
f 11754 11778 11779
f 11553 11779 11554
f 11756 11755 11780
f 11781 11756 11780
f 11757 11756 11781
f 11782 11757 11781
f 11758 11757 11782
f 11783 11758 11782
f 11759 11758 11783
f 11784 11759 11783
f 11760 11759 11784
f 11785 11760 11784
f 11761 11760 11785
f 11786 11761 11785
f 11762 11761 11786
f 11787 11762 11786
f 11763 11762 11787
f 11788 11763 11787
f 11764 11763 11788
f 11789 11764 11788
f 11765 11764 11789
f 11790 11765 11789
f 11766 11765 11790
f 11791 11766 11790
f 11767 11766 11791
f 11792 11767 11791
f 11768 11767 11792
f 11793 11768 11792
f 11769 11768 11793
f 11794 11769 11793
f 11770 11769 11794
f 11795 11770 11794
f 11771 11770 11795
f 11796 11771 11795
f 11772 11771 11796
f 11797 11772 11796
f 11773 11772 11797
f 11798 11773 11797
f 11774 11773 11798
f 11799 11774 11798
f 11775 11774 11799
f 11800 11775 11799
f 11776 11775 11800
f 11801 11776 11800
f 11777 11776 11801
f 11802 11777 11801
f 11778 11777 11802
f 11803 11778 11802
f 11779 11778 11803
f 11804 11779 11803
f 11804 11554 11779
f 11804 11805 11554
f 11805 11555 11554
f 11555 11805 11556
f 11558 11559 11807
f 11806 11558 11807
f 11559 11560 11808
f 11807 11559 11808
f 11560 11561 11809
f 11808 11560 11809
f 11561 11563 11809
f 11581 11810 11580
f 11581 11582 11811
f 11810 11581 11811
f 11582 11583 11812
f 11811 11582 11812
f 11583 11584 11813
f 11812 11583 11813
f 11584 11814 11813
f 11584 11557 11814
f 11807 11815 11806
f 11816 11815 11807
f 11808 11816 11807
f 11817 11816 11808
f 11809 11817 11808
f 11818 11817 11809
f 11563 11818 11809
f 11563 11585 11818
f 11585 11819 11818
f 11586 11820 11585
f 11585 11820 11819
f 11821 11822 11820
f 11821 11820 11587
f 11587 11820 11586
f 11587 11588 11823
f 11821 11587 11823
f 11588 11589 11824
f 11823 11588 11824
f 11589 11590 11825
f 11824 11589 11825
f 11590 11591 11826
f 11825 11590 11826
f 11591 11592 11827
f 11826 11591 11827
f 11592 11594 11827
f 11596 11828 11595
f 11596 11597 11829
f 11828 11596 11829
f 11597 11598 11830
f 11829 11597 11830
f 11598 11599 11831
f 11830 11598 11831
f 11599 11600 11832
f 11831 11599 11832
f 11600 11601 11833
f 11832 11600 11833
f 11834 11833 11601
f 11834 11601 11835
f 11835 11601 11602
f 11603 11836 11602
f 11602 11836 11835
f 11810 11603 11580
f 11810 11837 11603
f 11837 11836 11603
f 11811 11837 11810
f 11838 11837 11811
f 11812 11838 11811
f 11839 11838 11812
f 11813 11839 11812
f 11840 11839 11813
f 11814 11840 11813
f 11841 11822 11821
f 11842 11822 11841
f 11823 11843 11821
f 11843 11841 11821
f 11824 11844 11823
f 11844 11843 11823
f 11606 11605 11844
f 11606 11844 11825
f 11825 11844 11824
f 11607 11606 11825
f 11826 11607 11825
f 11609 11607 11826
f 11827 11609 11826
f 11594 11609 11827
f 11595 11828 11612
f 11614 11612 11828
f 11829 11614 11828
f 11616 11614 11829
f 11830 11616 11829
f 11618 11616 11830
f 11618 11830 11845
f 11845 11830 11831
f 11832 11846 11831
f 11846 11845 11831
f 11833 11847 11832
f 11847 11846 11832
f 11848 11833 11834
f 11847 11833 11848
f 11849 11842 11841
f 11850 11842 11849
f 11621 11620 11849
f 11621 11849 11843
f 11843 11849 11841
f 11622 11621 11843
f 11844 11622 11843
f 11605 11622 11844
f 11618 11845 11627
f 11629 11627 11845
f 11846 11629 11845
f 11631 11629 11846
f 11631 11846 11851
f 11851 11846 11847
f 11852 11847 11848
f 11851 11847 11852
f 11853 11854 11855
f 11850 11853 11855
f 11849 11853 11850
f 11849 11633 11853
f 11849 11634 11633
f 11620 11634 11849
f 11631 11851 11637
f 11639 11856 11857
f 11637 11856 11639
f 11637 11852 11856
f 11637 11851 11852
f 11856 11858 11857
f 11859 11860 11861
f 11854 11859 11861
f 11853 11859 11854
f 11853 11641 11859
f 11853 11642 11641
f 11633 11642 11853
f 11639 11857 11645
f 11647 11862 11863
f 11645 11862 11647
f 11645 11858 11862
f 11645 11857 11858
f 11862 11864 11863
f 11865 11860 11859
f 11866 11860 11865
f 11641 11649 11865
f 11859 11641 11865
f 11863 11867 11651
f 11647 11863 11651
f 11868 11863 11864
f 11867 11863 11868
f 11869 11870 11871
f 11866 11869 11871
f 11865 11869 11866
f 11865 11653 11869
f 11865 11654 11653
f 11649 11654 11865
f 11651 11867 11655
f 11657 11872 11873
f 11655 11872 11657
f 11655 11868 11872
f 11655 11867 11868
f 11872 11874 11873
f 11875 11870 11869
f 11876 11870 11875
f 11653 11659 11875
f 11869 11653 11875
f 11873 11877 11661
f 11657 11873 11661
f 11878 11873 11874
f 11877 11873 11878
f 11664 11876 11875
f 11664 11663 11876
f 11663 11879 11876
f 11659 11664 11875
f 11661 11877 11665
f 11877 11667 11665
f 11877 11878 11667
f 11878 11880 11667
f 11663 11669 11879
f 11879 11669 11881
f 11667 11880 11671
f 11880 11882 11671
f 11669 11673 11881
f 11881 11673 11883
f 11671 11882 11675
f 11882 11884 11675
f 11673 11676 11883
f 11883 11676 11885
f 11886 11887 11677
f 11886 11677 11884
f 11884 11677 11675
f 11886 11888 11887
f 11889 11890 11891
f 11889 11891 11885
f 11889 11885 11678
f 11678 11885 11676
f 11887 11892 11679
f 11677 11887 11679
f 11893 11887 11888
f 11892 11887 11893
f 11894 11890 11889
f 11895 11890 11894
f 11678 11680 11894
f 11889 11678 11894
f 11892 11896 11681
f 11679 11892 11681
f 11897 11892 11893
f 11896 11892 11897
f 11898 11895 11894
f 11899 11895 11898
f 11680 11682 11898
f 11894 11680 11898
f 11896 11900 11683
f 11681 11896 11683
f 11901 11896 11897
f 11900 11896 11901
f 11898 11902 11899
f 11902 11898 11682
f 11902 11682 11903
f 11903 11682 11684
f 11900 11904 11685
f 11683 11900 11685
f 11905 11900 11901
f 11904 11900 11905
f 11684 11686 11903
f 11903 11686 11906
f 11904 11907 11908
f 11904 11908 11685
f 11685 11908 11687
f 11905 11907 11904
f 11686 11688 11906
f 11906 11688 11909
f 11687 11908 11689
f 11908 11910 11689
f 11688 11690 11909
f 11909 11690 11911
f 11689 11910 11691
f 11910 11912 11691
f 11690 11693 11911
f 11911 11693 11913
f 11691 11912 11695
f 11912 11914 11695
f 11693 11915 11913
f 11696 11915 11693
f 11915 11696 11697
f 11916 11915 11697
f 11698 11917 11918
f 11699 11698 11918
f 11914 11698 11695
f 11917 11698 11914
f 11697 11701 11916
f 11916 11701 11919
f 11699 11918 11702
f 11918 11920 11702
f 11701 11921 11919
f 11703 11921 11701
f 11921 11703 11704
f 11922 11921 11704
f 11705 11923 11924
f 11706 11705 11924
f 11920 11705 11702
f 11923 11705 11920
f 11704 11925 11922
f 11707 11925 11704
f 11925 11707 11709
f 11926 11925 11709
f 11713 11927 11712
f 11713 11714 11928
f 11927 11713 11928
f 11714 11715 11929
f 11928 11714 11929
f 11715 11716 11930
f 11929 11715 11930
f 11716 11717 11931
f 11930 11716 11931
f 11717 11718 11932
f 11931 11717 11932
f 11718 11719 11933
f 11932 11718 11933
f 11719 11721 11933
f 11725 11934 11935
f 11724 11725 11935
f 11924 11725 11706
f 11934 11725 11924
f 11709 11936 11926
f 11726 11936 11709
f 11727 11937 11726
f 11726 11937 11936
f 11728 11938 11727
f 11727 11938 11937
f 11927 11728 11712
f 11927 11939 11728
f 11939 11938 11728
f 11928 11939 11927
f 11940 11939 11928
f 11929 11940 11928
f 11941 11940 11929
f 11930 11941 11929
f 11942 11941 11930
f 11931 11942 11930
f 11943 11942 11931
f 11932 11943 11931
f 11944 11943 11932
f 11933 11944 11932
f 11945 11944 11933
f 11721 11945 11933
f 11721 11729 11945
f 11729 11946 11945
f 11730 11947 11729
f 11729 11947 11946
f 11731 11948 11730
f 11730 11948 11947
f 11935 11731 11724
f 11948 11731 11935
f 11780 11950 11781
f 11949 11950 11780
f 11781 11951 11782
f 11950 11951 11781
f 11952 11782 11951
f 11952 11953 11782
f 11953 11783 11782
f 11784 11783 11954
f 11783 11953 11954
f 11785 11784 11955
f 11784 11954 11955
f 11786 11785 11956
f 11785 11955 11956
f 11957 11956 11958
f 11957 11787 11956
f 11787 11786 11956
f 11787 11959 11788
f 11957 11959 11787
f 11960 11788 11959
f 11960 11961 11788
f 11961 11789 11788
f 11790 11789 11962
f 11789 11961 11962
f 11791 11790 11963
f 11790 11962 11963
f 11792 11791 11964
f 11791 11963 11964
f 11793 11792 11965
f 11792 11964 11965
f 11966 11965 11967
f 11966 11794 11965
f 11794 11793 11965
f 11794 11968 11795
f 11966 11968 11794
f 11795 11969 11796
f 11968 11969 11795
f 11796 11970 11797
f 11969 11970 11796
f 11797 11971 11798
f 11970 11971 11797
f 11798 11972 11799
f 11971 11972 11798
f 11799 11973 11800
f 11972 11973 11799
f 11800 11974 11801
f 11973 11974 11800
f 11801 11975 11802
f 11974 11975 11801
f 11802 11976 11803
f 11975 11976 11802
f 11803 11977 11804
f 11976 11977 11803
f 11804 11977 11805
f 11950 11949 11978
f 11979 11950 11978
f 11951 11950 11979
f 11980 11951 11979
f 11952 11951 11980
f 11957 11958 11981
f 11959 11957 11981
f 11982 11959 11981
f 11960 11959 11982
f 11966 11967 11983
f 11968 11966 11983
f 11984 11968 11983
f 11969 11968 11984
f 11985 11969 11984
f 11970 11969 11985
f 11986 11970 11985
f 11971 11970 11986
f 11987 11971 11986
f 11972 11971 11987
f 11988 11972 11987
f 11973 11972 11988
f 11989 11973 11988
f 11974 11973 11989
f 11990 11974 11989
f 11975 11974 11990
f 11991 11975 11990
f 11976 11975 11991
f 11992 11976 11991
f 11977 11976 11992
f 11993 11977 11992
f 11993 11805 11977
f 11993 11994 11805
f 11815 11816 11998
f 11996 11815 11998
f 11816 11817 11999
f 11998 11816 11999
f 11817 11818 12000
f 11999 11817 12000
f 11818 11819 12001
f 12000 11818 12001
f 11819 11820 12002
f 12001 11819 12002
f 11820 11822 12002
f 11835 12003 11834
f 11835 11836 12004
f 12003 11835 12004
f 11836 11837 12005
f 12004 11836 12005
f 11837 11838 12006
f 12005 11837 12006
f 11838 11839 12007
f 12006 11838 12007
f 11839 11840 12008
f 12007 11839 12008
f 11840 12009 12008
f 11840 11814 12009
f 11814 11995 12009
f 11996 12010 11997
f 11998 12010 11996
f 12011 12010 11998
f 11999 12011 11998
f 12012 12011 11999
f 12000 12012 11999
f 12013 12012 12000
f 12013 12014 12015
f 12013 12000 12014
f 12000 12001 12014
f 12002 12016 12001
f 12016 12014 12001
f 11822 11842 12016
f 12002 11822 12016
f 12003 12017 11848
f 11834 12003 11848
f 12004 12018 12003
f 12018 12017 12003
f 12019 12005 12020
f 12019 12018 12005
f 12018 12004 12005
f 12006 12020 12005
f 12021 12020 12006
f 12007 12021 12006
f 12022 12021 12007
f 12008 12022 12007
f 12023 12022 12008
f 12009 12023 12008
f 12024 12015 12014
f 12025 12015 12024
f 12016 12026 12014
f 12026 12024 12014
f 11842 11850 12026
f 12016 11842 12026
f 12017 12027 11852
f 11848 12017 11852
f 12018 12028 12017
f 12028 12027 12017
f 12029 12018 12019
f 12028 12018 12029
f 12030 12025 12024
f 12031 12025 12030
f 11855 11854 12030
f 11855 12030 12026
f 12026 12030 12024
f 11850 11855 12026
f 11852 12027 11856
f 11858 11856 12027
f 11858 12027 12032
f 12032 12027 12028
f 12033 12028 12029
f 12032 12028 12033
f 12034 12035 12036
f 12031 12034 12036
f 12030 12034 12031
f 12030 11860 12034
f 12030 11861 11860
f 11854 11861 12030
f 11858 12032 11862
f 11864 12037 12038
f 11862 12037 11864
f 11862 12033 12037
f 11862 12032 12033
f 12037 12039 12038
f 12040 12035 12034
f 12041 12035 12040
f 11860 11866 12040
f 12034 11860 12040
f 12038 12042 11868
f 11864 12038 11868
f 12043 12038 12039
f 12042 12038 12043
f 11871 12041 12040
f 11871 11870 12041
f 11870 12044 12041
f 11866 11871 12040
f 11868 12042 11872
f 12042 11874 11872
f 12042 12043 11874
f 12043 12045 11874
f 11870 11876 12044
f 12044 11876 12046
f 11874 12045 11878
f 12045 12047 11878
f 12048 12049 12050
f 12048 12050 12046
f 12048 12046 11879
f 11879 12046 11876
f 12051 12052 11880
f 12051 11880 12047
f 12047 11880 11878
f 12051 12053 12052
f 12054 12049 12048
f 12055 12049 12054
f 11879 11881 12054
f 12048 11879 12054
f 12052 12056 11882
f 11880 12052 11882
f 12057 12052 12053
f 12056 12052 12057
f 12058 12055 12054
f 12059 12055 12058
f 11881 11883 12058
f 12054 11881 12058
f 12056 12060 11884
f 11882 12056 11884
f 12061 12056 12057
f 12060 12056 12061
f 12062 12059 12058
f 12063 12059 12062
f 11883 11885 12062
f 12058 11883 12062
f 11884 12060 11886
f 12060 11888 11886
f 12060 12061 11888
f 12061 12064 11888
f 11891 12063 12062
f 11891 11890 12063
f 11890 12065 12063
f 11885 11891 12062
f 11888 12064 11893
f 12064 12066 11893
f 11890 11895 12065
f 12065 11895 12067
f 11893 12066 11897
f 12066 12068 11897
f 11895 11899 12067
f 12067 11899 12069
f 11897 12068 11901
f 12068 12070 11901
f 12071 11899 11902
f 12071 12072 11899
f 12072 12069 11899
f 11902 11903 12071
f 11901 12070 11905
f 12070 12073 11905
f 12074 12072 12071
f 12075 12072 12074
f 11903 11906 12074
f 12071 11903 12074
f 11907 12076 11908
f 11907 12077 12076
f 11907 11905 12077
f 11905 12073 12077
f 12074 12078 12075
f 12078 12074 11906
f 12078 11906 12079
f 12079 11906 11909
f 12076 12080 12081
f 12076 12081 11908
f 11908 12081 11910
f 12077 12080 12076
f 11909 11911 12079
f 12079 11911 12082
f 11910 12081 11912
f 12081 12083 11912
f 11911 11913 12082
f 12082 11913 12084
f 11912 12083 11914
f 12083 12085 11914
f 11913 12086 12084
f 11915 12086 11913
f 12086 11915 11916
f 12087 12086 11916
f 11917 12088 11918
f 11917 12089 12088
f 11917 11914 12089
f 11914 12085 12089
f 11916 11919 12087
f 12087 11919 12090
f 12088 12091 12092
f 12088 12092 11918
f 11918 12092 11920
f 12089 12091 12088
f 11919 12093 12090
f 11921 12093 11919
f 12093 11921 11922
f 12094 12093 11922
f 11923 12095 11924
f 11923 12096 12095
f 11923 11920 12096
f 11920 12092 12096
f 11922 12097 12094
f 11925 12097 11922
f 12097 11925 11926
f 12098 12097 11926
f 11934 12099 11935
f 11934 12100 12099
f 11924 12100 11934
f 11924 12101 12100
f 11924 12095 12101
f 12096 12101 12095
f 11926 12102 12098
f 11936 12102 11926
f 12103 12104 12102
f 12103 12102 11937
f 11937 12102 11936
f 11937 11938 12105
f 12103 11937 12105
f 11938 11939 12106
f 12105 11938 12106
f 11939 11940 12107
f 12106 11939 12107
f 11940 11941 12108
f 12107 11940 12108
f 11941 11942 12109
f 12108 11941 12109
f 11942 11943 12110
f 12109 11942 12110
f 11943 11944 12111
f 12110 11943 12111
f 11944 11945 12112
f 12111 11944 12112
f 11945 11946 12113
f 12112 11945 12113
f 11946 11947 12114
f 12113 11946 12114
f 12115 12114 11947
f 12115 11947 12116
f 12116 11947 11948
f 12099 11948 11935
f 12099 12117 11948
f 12117 12116 11948
f 12100 12117 12099
f 12103 12118 12104
f 12105 12118 12103
f 12119 12118 12105
f 12106 12119 12105
f 12120 12119 12106
f 12107 12120 12106
f 12121 12120 12107
f 12108 12121 12107
f 12122 12121 12108
f 12109 12122 12108
f 12123 12122 12109
f 12110 12123 12109
f 12124 12123 12110
f 12111 12124 12110
f 12125 12124 12111
f 12112 12125 12111
f 12126 12125 12112
f 12113 12126 12112
f 12127 12126 12113
f 12114 12127 12113
f 12128 12127 12114
f 12115 12128 12114
f 11953 11952 12129
f 11953 12130 11954
f 12129 12130 11953
f 11954 12131 11955
f 12130 12131 11954
f 11955 12132 11956
f 12131 12132 11955
f 11956 12132 11958
f 11978 12134 11979
f 12133 12134 11978
f 12135 11979 12134
f 12135 12136 11979
f 12136 11980 11979
f 12129 11952 11980
f 12129 11980 12137
f 12137 11980 12136
f 12130 12129 12137
f 12138 12130 12137
f 12131 12130 12138
f 12139 12131 12138
f 12132 12131 12139
f 12140 12132 12139
f 11958 12132 12140
f 11958 12140 11981
f 11981 12140 12141
f 12141 11982 11981
f 11987 11986 12142
f 11988 11987 12143
f 11987 12142 12143
f 11989 11988 12144
f 11988 12143 12144
f 11990 11989 12145
f 11989 12144 12145
f 12146 12145 12147
f 12146 11991 12145
f 11991 11990 12145
f 11991 12148 11992
f 12146 12148 11991
f 11992 12149 11993
f 12148 12149 11992
f 11993 12149 11994
f 12134 12133 12150
f 12151 12134 12150
f 12135 12134 12151
f 12146 12147 12152
f 12148 12146 12152
f 12153 12148 12152
f 12149 12148 12153
f 12154 12149 12153
f 12154 11994 12149
f 12154 12155 11994
f 11995 12156 12009
f 12160 12161 12159
f 12010 12160 12159
f 12010 12159 12157
f 12010 12157 11997
f 12010 12011 12162
f 12160 12010 12162
f 12011 12012 12163
f 12162 12011 12163
f 12012 12013 12164
f 12163 12012 12164
f 12013 12015 12164
f 12020 12165 12019
f 12020 12021 12166
f 12165 12020 12166
f 12021 12022 12167
f 12166 12021 12167
f 12022 12023 12168
f 12167 12022 12168
f 12023 12169 12168
f 12009 12169 12023
f 12009 12170 12169
f 12009 12158 12170
f 12160 12171 12161
f 12162 12171 12160
f 12172 12171 12162
f 12163 12172 12162
f 12015 12025 12173
f 12165 12175 12029
f 12019 12165 12029
f 12176 12166 12177
f 12176 12175 12166
f 12175 12165 12166
f 12167 12177 12166
f 12178 12177 12167
f 12168 12178 12167
f 12179 12178 12168
f 12169 12179 12168
f 12180 12174 12173
f 12181 12174 12180
f 12025 12031 12180
f 12173 12025 12180
f 12175 12182 12033
f 12029 12175 12033
f 12183 12175 12176
f 12182 12175 12183
f 12036 12181 12180
f 12036 12035 12181
f 12035 12184 12181
f 12031 12036 12180
f 12033 12182 12037
f 12182 12039 12037
f 12182 12183 12039
f 12183 12185 12039
f 12186 12187 12188
f 12186 12188 12184
f 12186 12184 12041
f 12041 12184 12035
f 12189 12190 12043
f 12189 12043 12185
f 12185 12043 12039
f 12189 12191 12190
f 12192 12187 12186
f 12193 12187 12192
f 12041 12044 12192
f 12186 12041 12192
f 12190 12194 12045
f 12043 12190 12045
f 12195 12190 12191
f 12194 12190 12195
f 12196 12193 12192
f 12197 12193 12196
f 12044 12046 12196
f 12192 12044 12196
f 12194 12198 12047
f 12045 12194 12047
f 12199 12194 12195
f 12198 12194 12199
f 12050 12197 12196
f 12050 12049 12197
f 12049 12200 12197
f 12046 12050 12196
f 12047 12198 12051
f 12198 12053 12051
f 12198 12199 12053
f 12199 12201 12053
f 12049 12055 12200
f 12200 12055 12202
f 12053 12201 12057
f 12201 12203 12057
f 12055 12059 12202
f 12202 12059 12204
f 12057 12203 12061
f 12203 12205 12061
f 12059 12063 12204
f 12204 12063 12206
f 12061 12205 12064
f 12205 12207 12064
f 12063 12065 12206
f 12206 12065 12208
f 12064 12207 12066
f 12207 12209 12066
f 12065 12067 12208
f 12208 12067 12210
f 12066 12209 12068
f 12209 12211 12068
f 12067 12069 12210
f 12210 12069 12212
f 12068 12211 12070
f 12211 12213 12070
f 12069 12072 12212
f 12212 12072 12214
f 12070 12213 12073
f 12213 12215 12073
f 12072 12075 12214
f 12214 12075 12216
f 12073 12215 12077
f 12215 12217 12077
f 12075 12218 12216
f 12078 12218 12075
f 12218 12078 12079
f 12219 12218 12079
f 12080 12220 12221
f 12081 12080 12221
f 12217 12080 12077
f 12220 12080 12217
f 12079 12082 12219
f 12219 12082 12222
f 12081 12221 12083
f 12221 12223 12083
f 12082 12084 12222
f 12222 12084 12224
f 12083 12223 12085
f 12223 12225 12085
f 12084 12226 12224
f 12086 12226 12084
f 12226 12086 12087
f 12227 12226 12087
f 12085 12225 12089
f 12225 12228 12089
f 12087 12090 12227
f 12227 12090 12229
f 12091 12230 12231
f 12092 12091 12231
f 12228 12091 12089
f 12230 12091 12228
f 12090 12232 12229
f 12093 12232 12090
f 12232 12093 12094
f 12233 12232 12094
f 12234 12235 12236
f 12234 12231 12235
f 12234 12096 12231
f 12096 12092 12231
f 12094 12237 12233
f 12097 12237 12094
f 12237 12097 12098
f 12238 12237 12098
f 12101 12234 12236
f 12101 12236 12100
f 12100 12236 12239
f 12096 12234 12101
f 12098 12240 12238
f 12102 12240 12098
f 12240 12102 12104
f 12241 12240 12104
f 12116 12242 12243
f 12115 12116 12243
f 12117 12244 12116
f 12116 12244 12242
f 12239 12117 12100
f 12244 12117 12239
f 12104 12245 12241
f 12118 12245 12104
f 12119 12246 12118
f 12118 12246 12245
f 12120 12247 12119
f 12119 12247 12246
f 12121 12248 12120
f 12120 12248 12247
f 12122 12249 12121
f 12121 12249 12248
f 12123 12250 12122
f 12122 12250 12249
f 12124 12251 12123
f 12123 12251 12250
f 12125 12252 12124
f 12124 12252 12251
f 12126 12253 12125
f 12125 12253 12252
f 12127 12254 12126
f 12126 12254 12253
f 12128 12255 12127
f 12127 12255 12254
f 12243 12128 12115
f 12255 12128 12243
f 12136 12135 12256
f 12136 12257 12137
f 12256 12257 12136
f 12137 12258 12138
f 12257 12258 12137
f 12259 12138 12258
f 12259 12260 12138
f 12144 12263 12145
f 12261 12263 12144
f 12145 12263 12147
f 12151 12150 12265
f 12150 12264 12265
f 12256 12135 12151
f 12256 12151 12266
f 12266 12151 12265
f 12257 12256 12266
f 12267 12257 12266
f 12258 12257 12267
f 12268 12258 12267
f 12259 12258 12268
f 12261 12262 12269
f 12263 12261 12269
f 12270 12263 12269
f 12147 12263 12270
f 12147 12270 12152
f 12152 12270 12271
f 12153 12152 12272
f 12152 12271 12272
f 12154 12153 12273
f 12153 12272 12273
f 12273 12155 12154
f 12274 12155 12273
f 12159 12161 12275
f 12170 12276 12169
f 12161 12277 12275
f 12161 12171 12277
f 12171 12278 12277
f 12279 12280 12278
f 12279 12278 12172
f 12172 12278 12171
f 12279 12172 12281
f 12177 12282 12176
f 12177 12178 12283
f 12282 12177 12283
f 12284 12283 12178
f 12284 12178 12285
f 12285 12178 12179
f 12276 12179 12169
f 12276 12286 12179
f 12286 12285 12179
f 12174 12181 12287
f 12282 12289 12183
f 12176 12282 12183
f 12290 12283 12291
f 12290 12289 12283
f 12289 12282 12283
f 12284 12291 12283
f 12292 12288 12287
f 12293 12288 12292
f 12181 12184 12292
f 12287 12181 12292
f 12289 12294 12185
f 12183 12289 12185
f 12295 12289 12290
f 12294 12289 12295
f 12188 12293 12292
f 12188 12187 12293
f 12187 12296 12293
f 12184 12188 12292
f 12185 12294 12189
f 12294 12191 12189
f 12294 12295 12191
f 12295 12297 12191
f 12187 12193 12296
f 12296 12193 12298
f 12191 12297 12195
f 12297 12299 12195
f 12193 12197 12298
f 12298 12197 12300
f 12195 12299 12199
f 12299 12301 12199
f 12197 12200 12300
f 12300 12200 12302
f 12199 12301 12201
f 12301 12303 12201
f 12200 12202 12302
f 12302 12202 12304
f 12201 12303 12203
f 12303 12305 12203
f 12202 12204 12304
f 12304 12204 12306
f 12203 12305 12205
f 12305 12307 12205
f 12204 12206 12306
f 12306 12206 12308
f 12205 12307 12207
f 12307 12309 12207
f 12206 12208 12308
f 12308 12208 12310
f 12207 12309 12209
f 12309 12311 12209
f 12208 12210 12310
f 12310 12210 12312
f 12209 12311 12211
f 12311 12313 12211
f 12210 12212 12312
f 12312 12212 12314
f 12211 12313 12213
f 12313 12315 12213
f 12212 12214 12314
f 12314 12214 12316
f 12213 12315 12215
f 12315 12317 12215
f 12214 12216 12316
f 12316 12216 12318
f 12215 12317 12217
f 12317 12319 12217
f 12216 12320 12318
f 12218 12320 12216
f 12320 12218 12219
f 12321 12320 12219
f 12220 12322 12323
f 12221 12220 12323
f 12319 12220 12217
f 12322 12220 12319
f 12219 12222 12321
f 12321 12222 12324
f 12221 12323 12223
f 12323 12325 12223
f 12222 12224 12324
f 12324 12224 12326
f 12223 12325 12225
f 12325 12327 12225
f 12224 12328 12326
f 12226 12328 12224
f 12328 12226 12227
f 12329 12328 12227
f 12330 12331 12332
f 12330 12327 12331
f 12330 12228 12327
f 12228 12225 12327
f 12227 12229 12329
f 12329 12229 12333
f 12230 12330 12332
f 12230 12332 12231
f 12231 12332 12334
f 12228 12330 12230
f 12229 12335 12333
f 12232 12335 12229
f 12335 12232 12233
f 12336 12335 12233
f 12235 12337 12338
f 12236 12235 12338
f 12334 12235 12231
f 12337 12235 12334
f 12233 12339 12336
f 12237 12339 12233
f 12339 12237 12238
f 12340 12339 12238
f 12341 12342 12343
f 12341 12338 12342
f 12341 12239 12338
f 12239 12236 12338
f 12238 12344 12340
f 12240 12344 12238
f 12344 12240 12241
f 12345 12344 12241
f 12242 12346 12347
f 12243 12242 12347
f 12343 12244 12341
f 12343 12346 12244
f 12346 12242 12244
f 12239 12341 12244
f 12241 12348 12345
f 12245 12348 12241
f 12246 12349 12245
f 12245 12349 12348
f 12247 12350 12246
f 12246 12350 12349
f 12248 12351 12247
f 12247 12351 12350
f 12249 12352 12248
f 12248 12352 12351
f 12250 12353 12249
f 12249 12353 12352
f 12251 12354 12250
f 12250 12354 12353
f 12252 12355 12251
f 12251 12355 12354
f 12253 12356 12252
f 12252 12356 12355
f 12254 12357 12253
f 12253 12357 12356
f 12255 12358 12254
f 12254 12358 12357
f 12347 12255 12243
f 12358 12255 12347
f 12264 12360 12265
f 12359 12360 12264
f 12361 12265 12360
f 12361 12362 12265
f 12362 12266 12265
f 12267 12266 12363
f 12266 12362 12363
f 12363 12268 12267
f 12269 12364 12270
f 12365 12364 12366
f 12365 12271 12364
f 12271 12270 12364
f 12271 12367 12272
f 12365 12367 12271
f 12272 12368 12273
f 12367 12368 12272
f 12273 12368 12274
f 12360 12359 12369
f 12370 12360 12369
f 12361 12360 12370
f 12365 12366 12371
f 12367 12365 12371
f 12372 12367 12371
f 12368 12367 12372
f 12373 12368 12372
f 12375 12374 12278
f 12278 12374 12277
f 12278 12280 12375
f 12285 12376 12284
f 12285 12286 12377
f 12376 12285 12377
f 12291 12378 12290
f 12291 12379 12378
f 12284 12379 12291
f 12284 12380 12379
f 12284 12376 12380
f 12377 12380 12376
f 12381 12380 12377
f 12288 12293 12382
f 12378 12384 12385
f 12378 12385 12290
f 12290 12385 12295
f 12379 12384 12378
f 12382 12386 12383
f 12386 12382 12293
f 12386 12293 12387
f 12387 12293 12296
f 12295 12385 12297
f 12385 12388 12297
f 12296 12298 12387
f 12387 12298 12389
f 12297 12388 12299
f 12388 12390 12299
f 12298 12300 12389
f 12389 12300 12391
f 12392 12393 12301
f 12392 12301 12390
f 12390 12301 12299
f 12392 12394 12393
f 12300 12302 12391
f 12391 12302 12395
f 12393 12396 12303
f 12301 12393 12303
f 12397 12393 12394
f 12396 12393 12397
f 12302 12304 12395
f 12395 12304 12398
f 12396 12399 12305
f 12303 12396 12305
f 12400 12396 12397
f 12399 12396 12400
f 12304 12306 12398
f 12398 12306 12401
f 12399 12402 12307
f 12305 12399 12307
f 12403 12399 12400
f 12402 12399 12403
f 12306 12308 12401
f 12401 12308 12404
f 12402 12405 12406
f 12402 12406 12307
f 12307 12406 12309
f 12403 12405 12402
f 12308 12310 12404
f 12404 12310 12407
f 12309 12406 12311
f 12406 12408 12311
f 12310 12312 12407
f 12407 12312 12409
f 12311 12408 12313
f 12408 12410 12313
f 12312 12314 12409
f 12409 12314 12411
f 12313 12410 12315
f 12410 12412 12315
f 12314 12316 12411
f 12411 12316 12413
f 12315 12412 12317
f 12412 12414 12317
f 12316 12318 12413
f 12413 12318 12415
f 12317 12414 12319
f 12414 12416 12319
f 12318 12417 12415
f 12320 12417 12318
f 12417 12320 12321
f 12418 12417 12321
f 12322 12419 12420
f 12323 12322 12420
f 12416 12322 12319
f 12419 12322 12416
f 12321 12324 12418
f 12418 12324 12421
f 12323 12420 12325
f 12420 12422 12325
f 12423 12326 12424
f 12423 12421 12326
f 12421 12324 12326
f 12423 12424 12425
f 12325 12422 12327
f 12422 12426 12327
f 12326 12328 12424
f 12424 12328 12329
f 12424 12329 12425
f 12425 12329 12427
f 12331 12428 12429
f 12332 12331 12429
f 12426 12331 12327
f 12428 12331 12426
f 12430 12333 12431
f 12430 12427 12333
f 12427 12329 12333
f 12430 12431 12432
f 12332 12429 12334
f 12429 12433 12334
f 12333 12335 12431
f 12431 12335 12336
f 12431 12336 12432
f 12432 12336 12434
f 12337 12435 12436
f 12338 12337 12436
f 12433 12337 12334
f 12435 12337 12433
f 12336 12437 12434
f 12339 12437 12336
f 12437 12339 12340
f 12438 12437 12340
f 12342 12439 12440
f 12343 12342 12440
f 12436 12342 12338
f 12439 12342 12436
f 12340 12441 12438
f 12344 12441 12340
f 12345 12442 12443
f 12345 12443 12344
f 12344 12443 12441
f 12443 12442 12444
f 12346 12445 12446
f 12347 12346 12446
f 12440 12346 12343
f 12445 12346 12440
f 12345 12348 12442
f 12442 12447 12444
f 12442 12348 12447
f 12348 12349 12447
f 12350 12448 12349
f 12349 12448 12447
f 12351 12449 12350
f 12350 12449 12448
f 12352 12450 12351
f 12351 12450 12449
f 12353 12451 12352
f 12352 12451 12450
f 12354 12452 12353
f 12353 12452 12451
f 12355 12453 12354
f 12354 12453 12452
f 12356 12454 12355
f 12355 12454 12453
f 12357 12455 12356
f 12356 12455 12454
f 12358 12456 12357
f 12357 12456 12455
f 12446 12358 12347
f 12456 12358 12446
f 12362 12361 12457
f 12370 12369 12460
f 12369 12459 12460
f 12457 12361 12370
f 12457 12370 12461
f 12461 12370 12460
f 12366 12458 12462
f 12371 12366 12462
f 12372 12371 12463
f 12371 12462 12463
f 12373 12372 12464
f 12372 12463 12464
f 12380 12465 12379
f 12380 12381 12466
f 12465 12380 12466
f 12384 12468 12385
f 12384 12469 12468
f 12379 12469 12384
f 12379 12470 12469
f 12379 12465 12470
f 12466 12470 12465
f 12471 12470 12466
f 12386 12467 12383
f 12386 12387 12472
f 12468 12474 12388
f 12385 12468 12388
f 12475 12468 12469
f 12474 12468 12475
f 12476 12473 12472
f 12477 12473 12476
f 12387 12389 12476
f 12472 12387 12476
f 12474 12478 12390
f 12388 12474 12390
f 12479 12474 12475
f 12478 12474 12479
f 12480 12477 12476
f 12481 12477 12480
f 12389 12391 12480
f 12476 12389 12480
f 12390 12478 12392
f 12478 12394 12392
f 12478 12479 12394
f 12479 12482 12394
f 12483 12481 12480
f 12484 12481 12483
f 12391 12395 12483
f 12480 12391 12483
f 12394 12482 12397
f 12482 12485 12397
f 12486 12484 12483
f 12487 12484 12486
f 12395 12398 12486
f 12483 12395 12486
f 12397 12485 12400
f 12485 12488 12400
f 12489 12487 12486
f 12490 12487 12489
f 12398 12401 12489
f 12486 12398 12489
f 12400 12488 12403
f 12488 12491 12403
f 12489 12492 12490
f 12492 12489 12401
f 12492 12401 12493
f 12493 12401 12404
f 12405 12494 12406
f 12405 12495 12494
f 12405 12403 12495
f 12403 12491 12495
f 12404 12407 12493
f 12493 12407 12496
f 12494 12497 12498
f 12494 12498 12406
f 12406 12498 12408
f 12495 12497 12494
f 12407 12409 12496
f 12496 12409 12499
f 12408 12498 12410
f 12498 12500 12410
f 12409 12411 12499
f 12499 12411 12501
f 12410 12500 12412
f 12500 12502 12412
f 12411 12413 12501
f 12501 12413 12503
f 12412 12502 12414
f 12502 12504 12414
f 12505 12415 12506
f 12505 12503 12415
f 12503 12413 12415
f 12505 12506 12507
f 12508 12509 12510
f 12508 12504 12509
f 12508 12416 12504
f 12416 12414 12504
f 12415 12417 12506
f 12506 12417 12418
f 12506 12418 12507
f 12507 12418 12511
f 12419 12508 12510
f 12419 12510 12420
f 12420 12510 12512
f 12416 12508 12419
f 12418 12421 12511
f 12511 12421 12513
f 12420 12512 12422
f 12512 12514 12422
f 12421 12515 12513
f 12423 12515 12421
f 12515 12423 12425
f 12516 12515 12425
f 12517 12518 12519
f 12517 12514 12518
f 12517 12426 12514
f 12426 12422 12514
f 12425 12427 12516
f 12516 12427 12520
f 12428 12517 12519
f 12428 12519 12429
f 12429 12519 12521
f 12426 12517 12428
f 12427 12522 12520
f 12430 12522 12427
f 12522 12430 12432
f 12523 12522 12432
f 12524 12525 12526
f 12524 12521 12525
f 12524 12433 12521
f 12433 12429 12521
f 12527 12434 12528
f 12527 12523 12434
f 12523 12432 12434
f 12527 12528 12529
f 12435 12524 12526
f 12435 12526 12436
f 12436 12526 12530
f 12433 12524 12435
f 12434 12437 12528
f 12438 12531 12532
f 12437 12438 12532
f 12437 12532 12529
f 12437 12529 12528
f 12532 12531 12533
f 12439 12534 12535
f 12440 12439 12535
f 12530 12439 12436
f 12534 12439 12530
f 12438 12441 12531
f 12531 12536 12533
f 12531 12441 12536
f 12441 12443 12536
f 12536 12443 12444
f 12537 12536 12444
f 12538 12539 12540
f 12538 12446 12445
f 12538 12445 12539
f 12539 12445 12541
f 12535 12445 12440
f 12541 12445 12535
f 12444 12542 12537
f 12447 12542 12444
f 12448 12543 12447
f 12447 12543 12542
f 12449 12544 12448
f 12448 12544 12543
f 12450 12545 12449
f 12449 12545 12544
f 12451 12546 12450
f 12450 12546 12545
f 12452 12547 12451
f 12451 12547 12546
f 12453 12548 12452
f 12452 12548 12547
f 12454 12549 12453
f 12453 12549 12548
f 12455 12550 12454
f 12454 12550 12549
f 12540 12456 12538
f 12540 12550 12456
f 12550 12455 12456
f 12446 12538 12456
f 12460 12459 12554
f 12459 12553 12554
f 12554 12461 12460
f 12458 12551 12462
f 12551 12552 12555
f 12551 12555 12462
f 12462 12555 12463
f 12464 12463 12556
f 12463 12555 12556
f 12470 12557 12469
f 12470 12471 12558
f 12557 12470 12558
f 12557 12561 12562
f 12557 12562 12469
f 12469 12562 12475
f 12558 12561 12557
f 12563 12561 12558
f 12473 12477 12560
f 12475 12562 12479
f 12562 12565 12479
f 12477 12481 12564
f 12564 12481 12566
f 12479 12565 12482
f 12565 12567 12482
f 12481 12484 12566
f 12566 12484 12568
f 12482 12567 12485
f 12567 12569 12485
f 12484 12487 12568
f 12568 12487 12570
f 12485 12569 12488
f 12569 12571 12488
f 12487 12490 12570
f 12570 12490 12572
f 12488 12571 12491
f 12571 12573 12491
f 12490 12574 12572
f 12492 12574 12490
f 12574 12492 12493
f 12575 12574 12493
f 12576 12577 12578
f 12576 12573 12577
f 12576 12495 12573
f 12495 12491 12573
f 12493 12496 12575
f 12575 12496 12579
f 12497 12576 12578
f 12497 12578 12498
f 12498 12578 12580
f 12495 12576 12497
f 12496 12499 12579
f 12579 12499 12581
f 12498 12580 12500
f 12580 12582 12500
f 12499 12501 12581
f 12581 12501 12583
f 12500 12582 12502
f 12582 12584 12502
f 12501 12503 12583
f 12583 12503 12585
f 12502 12584 12504
f 12584 12586 12504
f 12503 12587 12585
f 12505 12587 12503
f 12587 12505 12507
f 12588 12587 12507
f 12509 12589 12590
f 12510 12509 12590
f 12586 12509 12504
f 12589 12509 12586
f 12507 12511 12588
f 12588 12511 12591
f 12510 12590 12512
f 12590 12592 12512
f 12593 12513 12594
f 12593 12591 12513
f 12591 12511 12513
f 12593 12594 12595
f 12512 12592 12514
f 12592 12596 12514
f 12513 12515 12594
f 12594 12515 12516
f 12594 12516 12595
f 12595 12516 12597
f 12518 12598 12599
f 12519 12518 12599
f 12596 12518 12514
f 12598 12518 12596
f 12600 12520 12601
f 12600 12597 12520
f 12597 12516 12520
f 12600 12601 12602
f 12519 12599 12521
f 12599 12603 12521
f 12520 12522 12601
f 12601 12522 12523
f 12601 12523 12602
f 12602 12523 12604
f 12525 12605 12606
f 12526 12525 12606
f 12603 12525 12521
f 12605 12525 12603
f 12523 12607 12604
f 12527 12607 12523
f 12607 12527 12529
f 12608 12607 12529
f 12609 12610 12611
f 12609 12606 12610
f 12609 12530 12606
f 12530 12526 12606
f 12529 12612 12608
f 12532 12612 12529
f 12612 12532 12533
f 12613 12612 12533
f 12614 12615 12616
f 12611 12615 12614
f 12609 12611 12614
f 12609 12614 12535
f 12609 12535 12534
f 12530 12609 12534
f 12533 12617 12613
f 12536 12617 12533
f 12537 12618 12619
f 12537 12619 12536
f 12536 12619 12617
f 12619 12618 12620
f 12621 12622 12623
f 12621 12540 12539
f 12621 12539 12622
f 12622 12539 12624
f 12616 12541 12614
f 12616 12624 12541
f 12624 12539 12541
f 12535 12614 12541
f 12537 12542 12618
f 12618 12625 12620
f 12618 12542 12625
f 12542 12543 12625
f 12544 12626 12543
f 12543 12626 12625
f 12545 12627 12544
f 12544 12627 12626
f 12546 12628 12545
f 12545 12628 12627
f 12547 12629 12546
f 12546 12629 12628
f 12548 12630 12547
f 12547 12630 12629
f 12549 12631 12548
f 12548 12631 12630
f 12623 12550 12621
f 12623 12631 12550
f 12631 12549 12550
f 12540 12621 12550
f 12555 12552 12632
f 12561 12634 12562
f 12635 12634 12561
f 12635 12561 12636
f 12636 12561 12563
f 12633 12563 12559
f 12636 12563 12633
f 12634 12638 12639
f 12634 12639 12562
f 12562 12639 12565
f 12635 12638 12634
f 12564 12566 12637
f 12637 12566 12640
f 12565 12639 12567
f 12639 12641 12567
f 12566 12568 12640
f 12640 12568 12642
f 12567 12641 12569
f 12641 12643 12569
f 12568 12570 12642
f 12642 12570 12644
f 12569 12643 12571
f 12643 12645 12571
f 12570 12572 12644
f 12644 12572 12646
f 12571 12645 12573
f 12645 12647 12573
f 12572 12648 12646
f 12574 12648 12572
f 12648 12574 12575
f 12649 12648 12575
f 12577 12650 12651
f 12578 12577 12651
f 12647 12577 12573
f 12650 12577 12647
f 12575 12579 12649
f 12649 12579 12652
f 12578 12651 12580
f 12651 12653 12580
f 12579 12581 12652
f 12652 12581 12654
f 12580 12653 12582
f 12653 12655 12582
f 12581 12583 12654
f 12654 12583 12656
f 12582 12655 12584
f 12655 12657 12584
f 12658 12585 12659
f 12658 12656 12585
f 12656 12583 12585
f 12658 12659 12660
f 12661 12662 12663
f 12661 12657 12662
f 12661 12586 12657
f 12586 12584 12657
f 12585 12587 12659
f 12659 12587 12588
f 12659 12588 12660
f 12660 12588 12664
f 12589 12661 12663
f 12589 12663 12590
f 12590 12663 12665
f 12586 12661 12589
f 12588 12591 12664
f 12664 12591 12666
f 12590 12665 12592
f 12665 12667 12592
f 12591 12668 12666
f 12593 12668 12591
f 12668 12593 12595
f 12669 12668 12595
f 12670 12671 12672
f 12670 12667 12671
f 12670 12596 12667
f 12596 12592 12667
f 12595 12597 12669
f 12669 12597 12673
f 12598 12670 12672
f 12598 12672 12599
f 12599 12672 12674
f 12596 12670 12598
f 12597 12675 12673
f 12600 12675 12597
f 12675 12600 12602
f 12676 12675 12602
f 12677 12678 12679
f 12677 12674 12678
f 12677 12603 12674
f 12603 12599 12674
f 12680 12604 12681
f 12680 12676 12604
f 12676 12602 12604
f 12680 12681 12682
f 12683 12684 12685
f 12679 12684 12683
f 12677 12679 12683
f 12677 12683 12606
f 12677 12606 12605
f 12603 12677 12605
f 12604 12607 12681
f 12608 12686 12687
f 12607 12608 12687
f 12607 12687 12682
f 12607 12682 12681
f 12687 12686 12688
f 12689 12690 12691
f 12685 12690 12689
f 12683 12685 12689
f 12683 12689 12611
f 12683 12611 12610
f 12606 12683 12610
f 12608 12612 12686
f 12613 12692 12693
f 12612 12613 12693
f 12612 12693 12688
f 12612 12688 12686
f 12693 12692 12694
f 12695 12696 12697
f 12691 12696 12695
f 12689 12691 12695
f 12689 12695 12616
f 12689 12616 12615
f 12611 12689 12615
f 12613 12617 12692
f 12692 12698 12694
f 12692 12617 12698
f 12617 12619 12698
f 12620 12699 12700
f 12620 12700 12619
f 12619 12700 12698
f 12699 12701 12702
f 12700 12699 12702
f 12701 12703 12704
f 12702 12701 12704
f 12703 12705 12706
f 12704 12703 12706
f 12705 12707 12708
f 12706 12705 12708
f 12707 12709 12710
f 12708 12707 12710
f 12709 12711 12712
f 12710 12709 12712
f 12711 12623 12622
f 12711 12622 12712
f 12712 12622 12713
f 12697 12624 12695
f 12697 12713 12624
f 12713 12622 12624
f 12616 12695 12624
f 12620 12625 12699
f 12626 12699 12625
f 12701 12699 12626
f 12627 12701 12626
f 12703 12701 12627
f 12628 12703 12627
f 12705 12703 12628
f 12629 12705 12628
f 12707 12705 12629
f 12630 12707 12629
f 12709 12707 12630
f 12631 12709 12630
f 12711 12709 12631
f 12623 12711 12631
f 12636 12714 12635
f 12636 12715 12714
f 12636 12633 12715
f 12638 12716 12639
f 12638 12717 12716
f 12635 12717 12638
f 12635 12718 12717
f 12635 12714 12718
f 12715 12718 12714
f 12719 12637 12640
f 12716 12720 12721
f 12716 12721 12639
f 12639 12721 12641
f 12717 12720 12716
f 12640 12642 12719
f 12719 12642 12722
f 12641 12721 12643
f 12721 12723 12643
f 12642 12644 12722
f 12722 12644 12724
f 12643 12723 12645
f 12723 12725 12645
f 12726 12646 12727
f 12726 12724 12646
f 12724 12644 12646
f 12726 12727 12728
f 12729 12730 12731
f 12729 12725 12730
f 12729 12647 12725
f 12647 12645 12725
f 12646 12648 12727
f 12727 12648 12649
f 12727 12649 12728
f 12728 12649 12732
f 12650 12729 12731
f 12650 12731 12651
f 12651 12731 12733
f 12647 12729 12650
f 12649 12652 12732
f 12732 12652 12734
f 12651 12733 12653
f 12733 12735 12653
f 12652 12654 12734
f 12734 12654 12736
f 12653 12735 12655
f 12735 12737 12655
f 12738 12656 12739
f 12738 12736 12656
f 12736 12654 12656
f 12738 12739 12740
f 12741 12742 12743
f 12741 12737 12742
f 12741 12657 12737
f 12657 12655 12737
f 12656 12658 12739
f 12739 12658 12660
f 12739 12660 12740
f 12740 12660 12744
f 12662 12741 12743
f 12662 12743 12663
f 12663 12743 12745
f 12657 12741 12662
f 12660 12664 12744
f 12744 12664 12746
f 12663 12745 12665
f 12745 12747 12665
f 12748 12666 12749
f 12748 12746 12666
f 12746 12664 12666
f 12748 12749 12750
f 12751 12752 12753
f 12751 12747 12752
f 12751 12667 12747
f 12667 12665 12747
f 12666 12668 12749
f 12749 12668 12669
f 12749 12669 12750
f 12750 12669 12754
f 12671 12751 12753
f 12671 12753 12672
f 12672 12753 12755
f 12667 12751 12671
f 12756 12673 12757
f 12756 12754 12673
f 12754 12669 12673
f 12756 12757 12758
f 12759 12760 12761
f 12759 12755 12760
f 12759 12674 12755
f 12674 12672 12755
f 12673 12675 12757
f 12676 12762 12763
f 12675 12676 12763
f 12675 12763 12758
f 12675 12758 12757
f 12763 12762 12764
f 12765 12766 12767
f 12761 12766 12765
f 12759 12761 12765
f 12759 12765 12679
f 12759 12679 12678
f 12674 12759 12678
f 12676 12680 12762
f 12682 12768 12769
f 12680 12682 12769
f 12680 12769 12764
f 12680 12764 12762
f 12769 12768 12770
f 12684 12765 12767
f 12684 12767 12685
f 12685 12767 12771
f 12679 12765 12684
f 12682 12687 12768
f 12688 12772 12773
f 12687 12688 12773
f 12687 12773 12770
f 12687 12770 12768
f 12773 12772 12774
f 12775 12776 12777
f 12775 12691 12690
f 12775 12690 12776
f 12776 12690 12778
f 12771 12690 12685
f 12778 12690 12771
f 12688 12693 12772
f 12694 12779 12780
f 12693 12694 12780
f 12693 12780 12774
f 12693 12774 12772
f 12779 12781 12782
f 12780 12779 12782
f 12782 12781 12783
f 12784 12785 12786
f 12784 12787 12788
f 12785 12784 12788
f 12777 12788 12787
f 12775 12777 12787
f 12775 12787 12697
f 12775 12697 12696
f 12691 12775 12696
f 12694 12698 12779
f 12700 12779 12698
f 12781 12779 12700
f 12781 12789 12783
f 12781 12700 12789
f 12700 12702 12789
f 12704 12790 12702
f 12702 12790 12789
f 12706 12791 12704
f 12704 12791 12790
f 12708 12792 12706
f 12706 12792 12791
f 12710 12793 12708
f 12708 12793 12792
f 12786 12712 12784
f 12786 12793 12712
f 12793 12710 12712
f 12713 12784 12712
f 12787 12784 12713
f 12697 12787 12713
f 12718 12794 12717
f 12718 12795 12794
f 12718 12715 12795
f 12720 12796 12721
f 12720 12797 12796
f 12717 12797 12720
f 12717 12798 12797
f 12717 12794 12798
f 12795 12798 12794
f 12799 12719 12722
f 12796 12800 12801
f 12796 12801 12721
f 12721 12801 12723
f 12797 12800 12796
f 12722 12724 12799
f 12799 12724 12802
f 12723 12801 12725
f 12801 12803 12725
f 12724 12804 12802
f 12726 12804 12724
f 12804 12726 12728
f 12805 12804 12728
f 12730 12806 12807
f 12731 12730 12807
f 12803 12730 12725
f 12806 12730 12803
f 12728 12732 12805
f 12805 12732 12808
f 12731 12807 12733
f 12807 12809 12733
f 12732 12734 12808
f 12808 12734 12810
f 12733 12809 12735
f 12809 12811 12735
f 12812 12736 12813
f 12812 12810 12736
f 12810 12734 12736
f 12812 12813 12814
f 12815 12816 12817
f 12815 12811 12816
f 12815 12737 12811
f 12737 12735 12811
f 12736 12738 12813
f 12813 12738 12740
f 12813 12740 12814
f 12814 12740 12818
f 12742 12815 12817
f 12742 12817 12743
f 12743 12817 12819
f 12737 12815 12742
f 12740 12744 12818
f 12818 12744 12820
f 12743 12819 12745
f 12819 12821 12745
f 12822 12746 12823
f 12822 12820 12746
f 12820 12744 12746
f 12822 12823 12824
f 12825 12826 12827
f 12825 12821 12826
f 12825 12747 12821
f 12747 12745 12821
f 12746 12748 12823
f 12823 12748 12750
f 12823 12750 12824
f 12824 12750 12828
f 12752 12825 12827
f 12752 12827 12753
f 12753 12827 12829
f 12747 12825 12752
f 12830 12754 12831
f 12830 12828 12754
f 12828 12750 12754
f 12830 12831 12832
f 12833 12834 12835
f 12833 12829 12834
f 12833 12755 12829
f 12755 12753 12829
f 12754 12756 12831
f 12758 12836 12837
f 12756 12758 12837
f 12756 12837 12832
f 12756 12832 12831
f 12837 12836 12838
f 12760 12833 12835
f 12760 12835 12761
f 12761 12835 12839
f 12755 12833 12760
f 12758 12763 12836
f 12836 12763 12764
f 12836 12764 12838
f 12838 12764 12840
f 12766 12841 12842
f 12767 12766 12842
f 12839 12766 12761
f 12841 12766 12839
f 12764 12843 12840
f 12769 12843 12764
f 12843 12769 12770
f 12844 12843 12770
f 12845 12846 12847
f 12845 12842 12846
f 12845 12771 12842
f 12771 12767 12842
f 12770 12848 12844
f 12773 12848 12770
f 12774 12849 12850
f 12774 12850 12773
f 12773 12850 12848
f 12850 12849 12851
f 12852 12853 12854
f 12852 12777 12776
f 12852 12776 12853
f 12853 12776 12855
f 12847 12778 12845
f 12847 12855 12778
f 12855 12776 12778
f 12771 12845 12778
f 12774 12780 12849
f 12849 12856 12851
f 12849 12780 12856
f 12780 12782 12856
f 12783 12857 12858
f 12783 12858 12782
f 12782 12858 12856
f 12857 12859 12860
f 12858 12857 12860
f 12859 12861 12862
f 12860 12859 12862
f 12861 12863 12864
f 12862 12861 12864
f 12863 12865 12866
f 12864 12863 12866
f 12865 12786 12785
f 12865 12785 12866
f 12866 12785 12867
f 12854 12788 12852
f 12854 12867 12788
f 12867 12785 12788
f 12777 12852 12788
f 12783 12789 12857
f 12790 12857 12789
f 12859 12857 12790
f 12791 12859 12790
f 12861 12859 12791
f 12792 12861 12791
f 12863 12861 12792
f 12793 12863 12792
f 12865 12863 12793
f 12786 12865 12793
f 12797 12798 12869
f 12868 12798 12795
f 12800 12871 12872
f 12801 12800 12872
f 12869 12800 12797
f 12871 12800 12869
f 12873 12802 12874
f 12873 12870 12802
f 12870 12799 12802
f 12873 12874 12875
f 12801 12872 12803
f 12872 12876 12803
f 12802 12804 12874
f 12874 12804 12805
f 12874 12805 12875
f 12875 12805 12877
f 12806 12878 12879
f 12807 12806 12879
f 12876 12806 12803
f 12878 12806 12876
f 12805 12808 12877
f 12877 12808 12880
f 12807 12879 12809
f 12879 12881 12809
f 12882 12810 12883
f 12882 12880 12810
f 12880 12808 12810
f 12882 12883 12884
f 12809 12881 12811
f 12881 12885 12811
f 12810 12812 12883
f 12883 12812 12814
f 12883 12814 12884
f 12884 12814 12886
f 12816 12887 12888
f 12817 12816 12888
f 12885 12816 12811
f 12887 12816 12885
f 12814 12818 12886
f 12886 12818 12889
f 12817 12888 12819
f 12888 12890 12819
f 12891 12820 12892
f 12891 12889 12820
f 12889 12818 12820
f 12891 12892 12893
f 12894 12895 12896
f 12894 12890 12895
f 12894 12821 12890
f 12821 12819 12890
f 12820 12822 12892
f 12892 12822 12824
f 12892 12824 12893
f 12893 12824 12897
f 12826 12894 12896
f 12826 12896 12827
f 12827 12896 12898
f 12821 12894 12826
f 12899 12828 12900
f 12899 12897 12828
f 12897 12824 12828
f 12899 12900 12901
f 12902 12903 12904
f 12902 12898 12903
f 12902 12829 12898
f 12829 12827 12898
f 12828 12830 12900
f 12900 12830 12832
f 12900 12832 12901
f 12901 12832 12905
f 12834 12902 12904
f 12834 12904 12835
f 12835 12904 12906
f 12829 12902 12834
f 12832 12907 12905
f 12837 12907 12832
f 12907 12837 12838
f 12908 12907 12838
f 12909 12910 12911
f 12909 12906 12910
f 12909 12839 12906
f 12839 12835 12906
f 12912 12840 12913
f 12912 12908 12840
f 12908 12838 12840
f 12912 12913 12914
f 12915 12916 12917
f 12911 12916 12915
f 12909 12911 12915
f 12909 12915 12842
f 12909 12842 12841
f 12839 12909 12841
f 12840 12843 12913
f 12844 12918 12919
f 12843 12844 12919
f 12843 12919 12914
f 12843 12914 12913
f 12918 12920 12921
f 12919 12918 12921
f 12921 12920 12922
f 12923 12924 12925
f 12923 12926 12927
f 12924 12923 12927
f 12917 12927 12926
f 12915 12917 12926
f 12915 12926 12847
f 12915 12847 12846
f 12842 12915 12846
f 12844 12848 12918
f 12850 12918 12848
f 12920 12918 12850
f 12851 12928 12929
f 12850 12851 12929
f 12850 12929 12922
f 12850 12922 12920
f 12928 12930 12931
f 12929 12928 12931
f 12930 12932 12933
f 12931 12930 12933
f 12932 12934 12935
f 12933 12932 12935
f 12934 12936 12937
f 12935 12934 12937
f 12936 12938 12939
f 12937 12936 12939
f 12938 12940 12941
f 12939 12938 12941
f 12925 12941 12940
f 12923 12925 12940
f 12923 12940 12854
f 12923 12854 12853
f 12855 12923 12853
f 12926 12923 12855
f 12847 12926 12855
f 12851 12856 12928
f 12858 12928 12856
f 12930 12928 12858
f 12860 12930 12858
f 12932 12930 12860
f 12862 12932 12860
f 12934 12932 12862
f 12864 12934 12862
f 12936 12934 12864
f 12866 12936 12864
f 12938 12936 12866
f 12867 12938 12866
f 12940 12938 12867
f 12854 12940 12867
f 12871 12942 12872
f 12871 12943 12942
f 12871 12869 12943
f 12873 12875 12944
f 12942 12945 12946
f 12942 12946 12872
f 12872 12946 12876
f 12943 12945 12942
f 12947 12944 12875
f 12947 12875 12948
f 12948 12875 12877
f 12878 12949 12950
f 12879 12878 12950
f 12946 12878 12876
f 12949 12878 12946
f 12877 12880 12948
f 12948 12880 12951
f 12879 12950 12881
f 12950 12952 12881
f 12880 12953 12951
f 12882 12953 12880
f 12953 12882 12884
f 12954 12953 12884
f 12955 12956 12957
f 12955 12952 12956
f 12955 12885 12952
f 12885 12881 12952
f 12884 12886 12954
f 12954 12886 12958
f 12887 12955 12957
f 12887 12957 12888
f 12888 12957 12959
f 12885 12955 12887
f 12960 12889 12961
f 12960 12958 12889
f 12958 12886 12889
f 12960 12961 12962
f 12963 12964 12965
f 12963 12959 12964
f 12963 12890 12959
f 12890 12888 12959
f 12889 12891 12961
f 12961 12891 12893
f 12961 12893 12962
f 12962 12893 12966
f 12895 12963 12965
f 12895 12965 12896
f 12896 12965 12967
f 12890 12963 12895
f 12968 12897 12969
f 12968 12966 12897
f 12966 12893 12897
f 12968 12969 12970
f 12971 12972 12973
f 12971 12967 12972
f 12971 12898 12967
f 12898 12896 12967
f 12897 12899 12969
f 12969 12899 12901
f 12969 12901 12970
f 12970 12901 12974
f 12903 12971 12973
f 12903 12973 12904
f 12904 12973 12975
f 12898 12971 12903
f 12976 12905 12977
f 12976 12974 12905
f 12974 12901 12905
f 12976 12977 12978
f 12979 12980 12981
f 12979 12975 12980
f 12979 12906 12975
f 12906 12904 12975
f 12905 12907 12977
f 12908 12982 12983
f 12907 12908 12983
f 12907 12983 12978
f 12907 12978 12977
f 12983 12982 12984
f 12985 12986 12987
f 12981 12986 12985
f 12979 12981 12985
f 12979 12985 12911
f 12979 12911 12910
f 12906 12979 12910
f 12908 12912 12982
f 12914 12988 12989
f 12912 12914 12989
f 12912 12989 12984
f 12912 12984 12982
f 12988 12990 12991
f 12989 12988 12991
f 12991 12990 12992
f 12993 12994 12995
f 12993 12996 12997
f 12994 12993 12997
f 12987 12997 12996
f 12985 12987 12996
f 12985 12996 12917
f 12985 12917 12916
f 12911 12985 12916
f 12914 12919 12988
f 12921 12988 12919
f 12990 12988 12921
f 12922 12998 12999
f 12921 12922 12999
f 12921 12999 12992
f 12921 12992 12990
f 12998 13000 13001
f 12999 12998 13001
f 13000 13002 13003
f 13001 13000 13003
f 13003 13002 13004
f 13005 13006 13007
f 13005 13008 13009
f 13006 13005 13009
f 13008 13010 13011
f 13009 13008 13011
f 12995 13011 13010
f 12993 12995 13010
f 12993 13010 12925
f 12993 12925 12924
f 12927 12993 12924
f 12996 12993 12927
f 12917 12996 12927
f 12922 12929 12998
f 12931 12998 12929
f 13000 12998 12931
f 12933 13000 12931
f 13002 13000 12933
f 13002 13012 13004
f 13002 12933 13012
f 12933 12935 13012
f 13007 12937 13005
f 13007 13012 12937
f 13012 12935 12937
f 12939 13005 12937
f 13008 13005 12939
f 12941 13008 12939
f 13010 13008 12941
f 12925 13010 12941
f 12945 13014 13015
f 12946 12945 13015
f 13013 12945 12943
f 13014 12945 13013
f 13016 12947 12948
f 12949 13018 13019
f 12950 12949 13019
f 13015 12949 12946
f 13018 12949 13015
f 13020 12951 13021
f 13020 13017 12951
f 13017 12948 12951
f 13020 13021 13022
f 13023 13024 13025
f 13023 13019 13024
f 13023 12952 13019
f 12952 12950 13019
f 12951 12953 13021
f 13021 12953 12954
f 13021 12954 13022
f 13022 12954 13026
f 12956 13023 13025
f 12956 13025 12957
f 12957 13025 13027
f 12952 13023 12956
f 13028 12958 13029
f 13028 13026 12958
f 13026 12954 12958
f 13028 13029 13030
f 13031 13032 13033
f 13031 13027 13032
f 13031 12959 13027
f 12959 12957 13027
f 12958 12960 13029
f 13029 12960 12962
f 13029 12962 13030
f 13030 12962 13034
f 12964 13031 13033
f 12964 13033 12965
f 12965 13033 13035
f 12959 13031 12964
f 13036 12966 13037
f 13036 13034 12966
f 13034 12962 12966
f 13036 13037 13038
f 13039 13040 13041
f 13039 13035 13040
f 13039 12967 13035
f 12967 12965 13035
f 12966 12968 13037
f 13037 12968 12970
f 13037 12970 13038
f 13038 12970 13042
f 13043 13044 13045
f 13041 13044 13043
f 13039 13041 13043
f 13039 13043 12973
f 13039 12973 12972
f 12967 13039 12972
f 13046 12974 13047
f 13046 13042 12974
f 13042 12970 12974
f 13046 13047 13048
f 13049 13043 13045
f 13050 13049 13045
f 12973 13049 12975
f 13043 13049 12973
f 12974 12976 13047
f 12978 13051 13052
f 12976 12978 13052
f 12976 13052 13048
f 12976 13048 13047
f 13052 13051 13053
f 13054 13055 13056
f 13054 13057 13058
f 13055 13054 13058
f 13050 13058 13057
f 13049 13050 13057
f 13049 13057 12981
f 13049 12981 12980
f 12975 13049 12980
f 12978 12983 13051
f 12984 13059 13060
f 12983 12984 13060
f 12983 13060 13053
f 12983 13053 13051
f 13059 13061 13062
f 13060 13059 13062
f 13062 13061 13063
f 13064 13065 13066
f 13056 13065 13064
f 13056 13064 13054
f 13054 13064 13067
f 12986 13067 12987
f 12986 13057 13067
f 13057 13054 13067
f 12981 13057 12986
f 12984 12989 13059
f 12991 13059 12989
f 13061 13059 12991
f 12992 13068 13069
f 12991 12992 13069
f 12991 13069 13063
f 12991 13063 13061
f 13068 13070 13071
f 13069 13068 13071
f 13070 13072 13073
f 13071 13070 13073
f 13073 13072 13074
f 13075 13076 13077
f 13075 13078 13079
f 13076 13075 13079
f 13078 13080 13081
f 13079 13078 13081
f 13066 13081 13080
f 13064 13066 13080
f 13064 13080 12995
f 13064 12995 12994
f 12997 13064 12994
f 13067 13064 12997
f 12987 13067 12997
f 12992 12999 13068
f 13001 13068 12999
f 13070 13068 13001
f 13003 13070 13001
f 13072 13070 13003
f 13004 13082 13083
f 13003 13004 13083
f 13003 13083 13074
f 13003 13074 13072
f 13077 13083 13082
f 13075 13077 13082
f 13075 13082 13007
f 13075 13007 13006
f 13009 13075 13006
f 13078 13075 13009
f 13011 13078 13009
f 13080 13078 13011
f 12995 13080 13011
f 13004 13012 13082
f 13007 13082 13012
f 13015 13084 13085
f 13018 13086 13019
f 13018 13087 13086
f 13018 13015 13087
f 13015 13085 13087
f 13020 13088 13017
f 13088 13020 13022
f 13089 13088 13022
f 13024 13090 13091
f 13025 13024 13091
f 13086 13024 13019
f 13086 13092 13024
f 13092 13090 13024
f 13087 13092 13086
f 13093 13026 13094
f 13093 13089 13026
f 13089 13022 13026
f 13093 13094 13095
f 13096 13097 13098
f 13096 13091 13097
f 13096 13027 13091
f 13027 13025 13091
f 13026 13028 13094
f 13094 13028 13030
f 13094 13030 13095
f 13095 13030 13099
f 13032 13096 13098
f 13032 13098 13033
f 13033 13098 13100
f 13027 13096 13032
f 13101 13034 13102
f 13101 13099 13034
f 13099 13030 13034
f 13101 13102 13103
f 13104 13105 13106
f 13104 13100 13105
f 13104 13035 13100
f 13035 13033 13100
f 13034 13036 13102
f 13102 13036 13038
f 13102 13038 13103
f 13103 13038 13107
f 13108 13109 13110
f 13106 13109 13108
f 13104 13106 13108
f 13104 13108 13041
f 13104 13041 13040
f 13035 13104 13040
f 13111 13042 13112
f 13111 13107 13042
f 13107 13038 13042
f 13111 13112 13113
f 13114 13115 13116
f 13110 13115 13114
f 13108 13110 13114
f 13108 13114 13045
f 13108 13045 13044
f 13041 13108 13044
f 13042 13046 13112
f 13048 13117 13118
f 13046 13048 13118
f 13046 13118 13113
f 13046 13113 13112
f 13118 13117 13119
f 13120 13121 13122
f 13116 13121 13120
f 13116 13120 13114
f 13114 13120 13123
f 13045 13123 13050
f 13114 13123 13045
f 13048 13052 13117
f 13053 13124 13125
f 13052 13053 13125
f 13052 13125 13119
f 13052 13119 13117
f 13124 13126 13127
f 13125 13124 13127
f 13127 13126 13128
f 13129 13130 13131
f 13122 13130 13129
f 13120 13122 13129
f 13120 13129 13056
f 13120 13056 13055
f 13058 13120 13055
f 13123 13120 13058
f 13050 13123 13058
f 13053 13060 13124
f 13062 13124 13060
f 13126 13124 13062
f 13063 13132 13133
f 13062 13063 13133
f 13062 13133 13128
f 13062 13128 13126
f 13132 13134 13135
f 13133 13132 13135
f 13134 13136 13137
f 13135 13134 13137
f 13136 13138 13139
f 13137 13136 13139
f 13138 13140 13141
f 13139 13138 13141
f 13140 13142 13143
f 13141 13140 13143
f 13142 13144 13145
f 13143 13142 13145
f 13131 13145 13144
f 13129 13131 13144
f 13129 13144 13066
f 13129 13066 13065
f 13056 13129 13065
f 13063 13069 13132
f 13071 13132 13069
f 13134 13132 13071
f 13073 13134 13071
f 13136 13134 13073
f 13074 13136 13073
f 13074 13146 13136
f 13146 13138 13136
f 13076 13146 13077
f 13076 13140 13146
f 13140 13138 13146
f 13079 13140 13076
f 13142 13140 13079
f 13081 13142 13079
f 13144 13142 13081
f 13066 13144 13081
f 13074 13083 13146
f 13077 13146 13083
f 13148 13149 13150
f 13148 13147 13149
f 13148 13087 13147
f 13087 13085 13147
f 13090 13151 13152
f 13091 13090 13152
f 13150 13092 13148
f 13150 13151 13092
f 13151 13090 13092
f 13087 13148 13092
f 13093 13153 13089
f 13153 13093 13095
f 13154 13153 13095
f 13097 13155 13156
f 13098 13097 13156
f 13152 13097 13091
f 13155 13097 13152
f 13157 13099 13158
f 13157 13154 13099
f 13154 13095 13099
f 13157 13158 13159
f 13160 13161 13162
f 13160 13156 13161
f 13160 13100 13156
f 13100 13098 13156
f 13099 13101 13158
f 13158 13101 13103
f 13158 13103 13159
f 13159 13103 13163
f 13164 13165 13166
f 13162 13165 13164
f 13160 13162 13164
f 13160 13164 13106
f 13160 13106 13105
f 13100 13160 13105
f 13167 13107 13168
f 13167 13163 13107
f 13163 13103 13107
f 13167 13168 13169
f 13170 13171 13172
f 13166 13171 13170
f 13164 13166 13170
f 13164 13170 13110
f 13164 13110 13109
f 13106 13164 13109
f 13107 13111 13168
f 13113 13173 13174
f 13111 13113 13174
f 13111 13174 13169
f 13111 13169 13168
f 13174 13173 13175
f 13176 13177 13178
f 13172 13177 13176
f 13170 13172 13176
f 13170 13176 13116
f 13170 13116 13115
f 13110 13170 13115
f 13113 13118 13173
f 13119 13179 13180
f 13118 13119 13180
f 13118 13180 13175
f 13118 13175 13173
f 13179 13181 13182
f 13180 13179 13182
f 13182 13181 13183
f 13184 13185 13186
f 13178 13185 13184
f 13176 13178 13184
f 13176 13184 13122
f 13176 13122 13121
f 13116 13176 13121
f 13119 13125 13179
f 13127 13179 13125
f 13181 13179 13127
f 13128 13187 13188
f 13127 13128 13188
f 13127 13188 13183
f 13127 13183 13181
f 13187 13189 13190
f 13188 13187 13190
f 13189 13191 13192
f 13190 13189 13192
f 13191 13193 13194
f 13192 13191 13194
f 13193 13195 13196
f 13194 13193 13196
f 13195 13197 13198
f 13196 13195 13198
f 13197 13199 13200
f 13198 13197 13200
f 13186 13200 13199
f 13184 13186 13199
f 13184 13199 13131
f 13184 13131 13130
f 13122 13184 13130
f 13128 13133 13187
f 13135 13187 13133
f 13189 13187 13135
f 13137 13189 13135
f 13191 13189 13137
f 13139 13191 13137
f 13193 13191 13139
f 13141 13193 13139
f 13195 13193 13141
f 13143 13195 13141
f 13197 13195 13143
f 13145 13197 13143
f 13199 13197 13145
f 13131 13199 13145
f 13151 13202 13203
f 13152 13151 13203
f 13201 13151 13150
f 13202 13151 13201
f 13155 13204 13205
f 13156 13155 13205
f 13203 13155 13152
f 13204 13155 13203
f 13157 13206 13154
f 13206 13157 13159
f 13161 13208 13209
f 13162 13161 13209
f 13205 13161 13156
f 13208 13161 13205
f 13210 13163 13211
f 13210 13207 13163
f 13207 13159 13163
f 13210 13211 13212
f 13213 13214 13215
f 13213 13166 13165
f 13213 13165 13214
f 13214 13165 13216
f 13209 13165 13162
f 13216 13165 13209
f 13163 13167 13211
f 13169 13217 13218
f 13167 13169 13218
f 13167 13218 13212
f 13167 13212 13211
f 13217 13219 13220
f 13218 13217 13220
f 13220 13219 13221
f 13222 13223 13224
f 13215 13223 13222
f 13213 13215 13222
f 13213 13222 13172
f 13213 13172 13171
f 13166 13213 13171
f 13169 13174 13217
f 13175 13217 13174
f 13175 13225 13217
f 13225 13219 13217
f 13226 13221 13219
f 13226 13219 13227
f 13227 13219 13225
f 13226 13227 13228
f 13229 13230 13231
f 13224 13230 13229
f 13222 13224 13229
f 13222 13229 13178
f 13222 13178 13177
f 13172 13222 13177
f 13175 13180 13225
f 13182 13225 13180
f 13227 13225 13182
f 13183 13232 13233
f 13182 13183 13233
f 13182 13233 13228
f 13182 13228 13227
f 13232 13234 13235
f 13233 13232 13235
f 13234 13236 13237
f 13235 13234 13237
f 13236 13238 13239
f 13237 13236 13239
f 13238 13240 13241
f 13239 13238 13241
f 13240 13242 13243
f 13241 13240 13243
f 13242 13244 13245
f 13243 13242 13245
f 13231 13245 13244
f 13229 13231 13244
f 13229 13244 13186
f 13229 13186 13185
f 13178 13229 13185
f 13183 13188 13232
f 13190 13232 13188
f 13234 13232 13190
f 13192 13234 13190
f 13236 13234 13192
f 13194 13236 13192
f 13238 13236 13194
f 13196 13238 13194
f 13240 13238 13196
f 13198 13240 13196
f 13242 13240 13198
f 13200 13242 13198
f 13244 13242 13200
f 13186 13244 13200
f 13205 13204 13246
f 13247 13248 13249
f 13247 13209 13208
f 13247 13208 13248
f 13248 13208 13250
f 13246 13208 13205
f 13250 13208 13246
f 13212 13251 13252
f 13210 13212 13252
f 13251 13253 13254
f 13252 13251 13254
f 13254 13253 13255
f 13256 13257 13258
f 13256 13215 13214
f 13256 13214 13257
f 13257 13214 13259
f 13249 13216 13247
f 13249 13259 13216
f 13259 13214 13216
f 13209 13247 13216
f 13212 13218 13251
f 13220 13251 13218
f 13253 13251 13220
f 13221 13260 13261
f 13220 13221 13261
f 13220 13261 13255
f 13220 13255 13253
f 13260 13262 13263
f 13261 13260 13263
f 13263 13262 13264
f 13265 13266 13267
f 13265 13268 13269
f 13266 13265 13269
f 13258 13269 13268
f 13256 13258 13268
f 13256 13268 13224
f 13256 13224 13223
f 13215 13256 13223
f 13221 13226 13260
f 13228 13260 13226
f 13228 13270 13260
f 13270 13262 13260
f 13271 13264 13262
f 13271 13262 13272
f 13272 13262 13270
f 13272 13273 13274
f 13271 13272 13274
f 13273 13275 13276
f 13274 13273 13276
f 13275 13277 13278
f 13276 13275 13278
f 13277 13279 13280
f 13278 13277 13280
f 13267 13280 13279
f 13267 13279 13265
f 13265 13279 13281
f 13230 13281 13231
f 13230 13268 13281
f 13268 13265 13281
f 13224 13268 13230
f 13228 13233 13270
f 13235 13270 13233
f 13272 13270 13235
f 13237 13272 13235
f 13273 13272 13237
f 13239 13273 13237
f 13275 13273 13239
f 13241 13275 13239
f 13277 13275 13241
f 13243 13277 13241
f 13279 13277 13243
f 13245 13279 13243
f 13281 13279 13245
f 13231 13281 13245
f 13248 13282 13283
f 13249 13248 13283
f 13282 13248 13250
f 13255 13284 13285
f 13255 13285 13254
f 13285 13284 13286
f 13287 13288 13289
f 13287 13258 13257
f 13287 13257 13288
f 13259 13290 13257
f 13283 13259 13249
f 13290 13259 13283
f 13255 13261 13284
f 13284 13291 13286
f 13284 13261 13291
f 13261 13263 13291
f 13264 13292 13293
f 13264 13293 13263
f 13263 13293 13291
f 13292 13294 13295
f 13293 13292 13295
f 13294 13296 13297
f 13295 13294 13297
f 13296 13298 13299
f 13297 13296 13299
f 13298 13300 13301
f 13299 13298 13301
f 13300 13267 13266
f 13300 13266 13301
f 13301 13266 13302
f 13289 13269 13287
f 13289 13302 13269
f 13302 13266 13269
f 13258 13287 13269
f 13264 13271 13292
f 13274 13292 13271
f 13294 13292 13274
f 13276 13294 13274
f 13296 13294 13276
f 13278 13296 13276
f 13298 13296 13278
f 13280 13298 13278
f 13300 13298 13280
f 13267 13300 13280

