# https://github.com/mikedh/trimesh
v -0.32675058 0.65630352 -0.05894941
v -0.32618678 0.65630352 -0.06421129
v -0.32733110 0.65630352 -0.05108950
v -0.32778603 0.65630352 -0.04322957
v -0.32825729 0.65630352 -0.03536965
v -0.32859033 0.65630352 -0.02750973
v -0.32882252 0.65630352 -0.01964981
v -0.32881984 0.65630352 -0.01178988
v -0.32859665 0.65630352 -0.00392996
v -0.32810000 0.65630352 0.00392996
v -0.32743642 0.65630352 0.01178988
v -0.32664749 0.65630352 0.01964981
v -0.32618678 0.65630352 0.02348538
v -0.32618678 0.65721893 -0.05894941
v -0.32618678 0.65801984 -0.05108950
v -0.32618678 0.65863919 -0.04322957
v -0.32618678 0.65931427 -0.03536965
v -0.32618678 0.65976083 -0.02750973
v -0.32618678 0.66013032 -0.01964981
v -0.32618678 0.66025710 -0.01178988
v -0.32618678 0.65996432 -0.00392996
v -0.32618678 0.65922409 0.00392996
v -0.32618678 0.65822148 0.01178988
v -0.32618678 0.65707648 0.01964981
v -0.31942844 0.65630352 -0.09824903
v -0.31832686 0.65630352 -0.10174531
v -0.32179663 0.65630352 -0.09038910
v -0.32328498 0.65630352 -0.08252918
v -0.32469463 0.65630352 -0.07466926
v -0.32588351 0.65630352 -0.06680934
v -0.32568437 0.65630352 0.02750973
v -0.32447630 0.65630352 0.03536965
v -0.32313693 0.65630352 0.04322957
v -0.32170320 0.65630352 0.05108950
v -0.31989178 0.65630352 0.05894941
v -0.31832686 0.65630352 0.06525549
v -0.31832686 0.65815419 -0.09824903
v -0.31832686 0.66149324 -0.09038910
v -0.31832686 0.66276729 -0.08252918
v -0.31832686 0.66345280 -0.07466926
v -0.31832686 0.66411376 -0.06680934
v -0.31861624 0.66416341 -0.05894941
v -0.31832686 0.66416341 -0.06514101
v -0.31854892 0.66416341 -0.05108950
v -0.31976041 0.66416341 -0.04322957
v -0.32087889 0.66416341 -0.03536965
v -0.32081756 0.66416341 -0.02750973
v -0.32098624 0.66416341 -0.01964981
v -0.32162261 0.66416341 -0.01178988
v -0.32149309 0.66416341 -0.00392996
v -0.31975040 0.66416341 0.00392996
v -0.31832686 0.66416341 0.00909163
v -0.31832686 0.66379064 0.01178988
v -0.31864735 0.66416341 0.01964981
v -0.31832686 0.66416341 0.01712570
v -0.31894121 0.66416341 0.02750973
v -0.31832686 0.66416341 0.03096415
v -0.31832686 0.66356099 0.03536965
v -0.31832686 0.66240567 0.04322957
v -0.31832686 0.66133243 0.05108950
v -0.31832686 0.65903854 0.05894941
v -0.31832686 0.66435373 -0.05894941
v -0.31832686 0.66428417 -0.05108950
v -0.31832686 0.66550285 -0.04322957
v -0.31832686 0.66781539 -0.03536965
v -0.31832686 0.66616845 -0.02750973
v -0.31832686 0.66620398 -0.01964981
v -0.31832686 0.66855043 -0.01178988
v -0.31832686 0.66802740 -0.00392996
v -0.31832686 0.66529125 0.00392996
v -0.31832686 0.66449744 0.01964981
v -0.31832686 0.66494673 0.02750973
v -0.31299800 0.65630352 -0.12182879
v -0.31046692 0.65630352 -0.12960027
v -0.31512621 0.65630352 -0.11396887
v -0.31687602 0.65630352 -0.10610895
v -0.31792387 0.65630352 0.06680934
v -0.31583285 0.65630352 0.07466926
v -0.31356436 0.65630352 0.08252918
v -0.31098995 0.65630352 0.09038910
v -0.31046692 0.65630352 0.09197162
v -0.31046692 0.66013104 -0.12182879
v -0.31046692 0.66266656 -0.11396887
v -0.31046692 0.66382784 -0.10610895
v -0.31051531 0.66416341 -0.09824903
v -0.31046692 0.66416341 -0.09884348
v -0.31420878 0.66416341 -0.09038910
v -0.31658939 0.66416341 -0.08252918
v -0.31736138 0.66416341 -0.07466926
v -0.31825566 0.66416341 -0.06680934
v -0.31743550 0.66416341 0.01178988
v -0.31728414 0.66416341 0.03536965
v -0.31499723 0.66416341 0.04322957
v -0.31513113 0.66416341 0.05108950
v -0.31348425 0.66416341 0.05894941
v -0.31155866 0.66416341 0.06680934
v -0.31046692 0.66416341 0.07296909
v -0.31046692 0.66390020 0.07466926
v -0.31046692 0.66152167 0.08252918
v -0.31046692 0.65729249 0.09038910
v -0.31046692 0.66418815 -0.09824903
v -0.31046692 0.66633493 -0.09038910
v -0.31046692 0.67107636 -0.08252918
v -0.31151909 0.67202336 -0.07466926
v -0.31046692 0.67202336 -0.07979639
v -0.31293106 0.67202336 -0.06680934
v -0.31046692 0.67123973 -0.05894941
v -0.31046692 0.67202336 -0.06020056
v -0.31046692 0.66792321 -0.05108950
v -0.31632912 0.67202336 -0.03536965
v -0.31257692 0.67202336 -0.02750973
v -0.31272084 0.67202336 -0.01964981
v -0.31669816 0.67202336 -0.01178988
v -0.31609893 0.67202336 -0.00392996
v -0.31280819 0.67202336 0.00392996
v -0.31108609 0.67202336 0.01178988
v -0.31385168 0.67202336 0.01964981
v -0.31462505 0.67202336 0.02750973
v -0.31046692 0.67202336 0.03336125
v -0.31046692 0.66970754 0.03536965
v -0.31046692 0.66639584 0.04322957
v -0.31046692 0.66934872 0.05108950
v -0.31046692 0.66825664 0.05894941
v -0.31046692 0.66529512 0.06680934
v -0.31187561 0.67988324 -0.07466926
v -0.31046692 0.67988324 -0.07987027
v -0.31408074 0.67988324 -0.06680934
v -0.31520668 0.67988324 -0.01178988
v -0.31449559 0.67988324 -0.00392996
v -0.31292897 0.67988324 0.00392996
v -0.31070542 0.67988324 0.01178988
v -0.31046692 0.68398255 -0.07466926
v -0.31165344 0.68774319 -0.06680934
v -0.31046692 0.68774319 -0.07042951
v -0.31442884 0.68774319 -0.05894941
v -0.31544095 0.68774319 -0.05108950
v -0.31347618 0.68774319 -0.02750973
v -0.31123292 0.68774319 -0.01964981
v -0.31435820 0.68774319 -0.01178988
v -0.31541955 0.68774319 -0.00392996
v -0.31424108 0.68774319 0.00392996
v -0.31046692 0.68774319 0.00990634
v -0.31046692 0.69438374 -0.06680934
v -0.31331766 0.69560313 -0.05894941
v -0.31046692 0.69560313 -0.06632127
v -0.31471404 0.69560313 -0.05108950
v -0.31175613 0.69560313 -0.03536965
v -0.31502804 0.69560313 -0.02750973
v -0.31514934 0.69560313 -0.01964981
v -0.31601369 0.69560313 -0.01178988
v -0.31631443 0.69560313 -0.00392996
v -0.31557032 0.69560313 0.00392996
v -0.31046692 0.69011760 0.01178988
v -0.31313083 0.69560313 0.01178988
v -0.31186098 0.69560313 0.01964981
v -0.31186041 0.70346302 -0.05894941
v -0.31046692 0.70346302 -0.06512243
v -0.31266990 0.70346302 -0.05108950
v -0.31408656 0.70346302 -0.02750973
v -0.31582811 0.70346302 -0.01964981
v -0.31602475 0.70346302 -0.01178988
v -0.31517896 0.70346302 -0.00392996
v -0.31431803 0.70346302 0.00392996
v -0.31195655 0.70346302 0.01178988
v -0.31046692 0.70346302 0.01420029
v -0.31046692 0.70783037 -0.05894941
v -0.31120026 0.71132296 -0.05108950
v -0.31046692 0.71132296 -0.05421219
v -0.31190056 0.71132296 -0.04322957
v -0.31244913 0.71132296 -0.03536965
v -0.31243137 0.71132296 -0.02750973
v -0.31176844 0.71132296 -0.01964981
v -0.31323642 0.71132296 -0.01178988
v -0.31329745 0.71132296 -0.00392996
v -0.31309748 0.71132296 0.00392996
v -0.31163508 0.71132296 0.01178988
v -0.31046692 0.71132296 0.01420533
v -0.31046692 0.71304518 -0.05108950
v -0.31140313 0.71918291 -0.04322957
v -0.31046692 0.71918291 -0.04535358
v -0.31161648 0.71918291 -0.03536965
v -0.31046692 0.71918291 -0.03274966
v -0.31046692 0.71480519 -0.02750973
v -0.31046692 0.71386915 -0.01964981
v -0.31217590 0.71918291 -0.01178988
v -0.31253713 0.71918291 -0.00392996
v -0.31139484 0.71918291 0.00392996
v -0.31185642 0.71918291 0.01178988
v -0.31046692 0.71770138 0.01964981
v -0.31101599 0.71918291 0.01964981
v -0.31046692 0.71918291 0.02264717
v -0.31046692 0.72345847 -0.04322957
v -0.31046692 0.72299302 -0.03536965
v -0.31167939 0.72704279 -0.01178988
v -0.31046692 0.72704279 -0.00483300
v -0.31046692 0.72648406 -0.00392996
v -0.31046692 0.73340958 -0.01178988
v -0.30524385 0.65630352 -0.14540856
v -0.30260700 0.65630352 -0.15177807
v -0.30796158 0.65630352 -0.13754864
v -0.31043765 0.65630352 -0.12968871
v -0.30840185 0.65630352 0.09824903
v -0.30574811 0.65630352 0.10610895
v -0.30267045 0.65630352 0.11396887
v -0.30260700 0.65630352 0.11412431
v -0.30260700 0.66034007 -0.14540856
v -0.30260700 0.66354507 -0.13754864
v -0.30398065 0.66416341 -0.12968871
v -0.30260700 0.66416341 -0.13485327
v -0.30629349 0.66416341 -0.12182879
v -0.30878222 0.66416341 -0.11396887
v -0.31000435 0.66416341 -0.10610895
v -0.31017640 0.66416341 0.07466926
v -0.30797657 0.66416341 0.08252918
v -0.30479795 0.66416341 0.09038910
v -0.30260700 0.66416341 0.09707525
v -0.30260700 0.66384405 0.09824903
v -0.30260700 0.66102660 0.10610895
v -0.30260700 0.65641934 0.11396887
v -0.30260700 0.66572809 -0.12968871
v -0.30260700 0.67011952 -0.12182879
v -0.30379367 0.67202336 -0.11396887
v -0.30260700 0.67202336 -0.11884540
v -0.30380327 0.67202336 -0.10610895
v -0.30260700 0.66934860 -0.09824903
v -0.30316746 0.67202336 -0.09038910
v -0.30260700 0.67202336 -0.09186542
v -0.30986840 0.67202336 -0.08252918
v -0.30986276 0.67202336 -0.05894941
v -0.30644870 0.67202336 -0.05108950
v -0.30801058 0.67202336 0.03536965
v -0.30402786 0.67202336 0.04322957
v -0.30880815 0.67202336 0.05108950
v -0.30875903 0.67202336 0.05894941
v -0.30633920 0.67202336 0.06680934
v -0.30404547 0.67202336 0.07466926
v -0.30260700 0.67202336 0.07881690
v -0.30260700 0.67001951 0.08252918
v -0.30260700 0.66675192 0.09038910
v -0.30260700 0.67830592 -0.11396887
v -0.30481046 0.67988324 -0.10610895
v -0.30260700 0.67988324 -0.11291562
v -0.30260700 0.67491275 -0.09824903
v -0.30562523 0.67988324 -0.09824903
v -0.30624500 0.67988324 -0.09038910
v -0.30974427 0.67988324 -0.08252918
v -0.30924973 0.67988324 0.05108950
v -0.30879271 0.67988324 0.05894941
v -0.30650190 0.67988324 0.06680934
v -0.30260700 0.67988324 0.07384376
v -0.30260700 0.67767602 0.07466926
v -0.30260700 0.68572015 -0.10610895
v -0.30785832 0.68774319 -0.09824903
v -0.30260700 0.68774319 -0.10518739
v -0.30893305 0.68774319 -0.09038910
v -0.30925381 0.68774319 -0.08252918
v -0.30885521 0.68774319 -0.07466926
v -0.30859920 0.68774319 0.01178988
v -0.30900237 0.68774319 0.05108950
v -0.30658692 0.68774319 0.05894941
v -0.30622154 0.68774319 0.06680934
v -0.30260700 0.68353546 0.07466926
v -0.30320355 0.68774319 0.07466926
v -0.30260700 0.68774319 0.07569685
v -0.30709496 0.69560313 -0.09824903
v -0.30260700 0.69560313 -0.10503986
v -0.30834052 0.69560313 -0.09038910
v -0.30707252 0.69560313 -0.08252918
v -0.30632180 0.69560313 -0.07466926
v -0.31021440 0.69560313 -0.06680934
v -0.30419287 0.69560313 0.05108950
v -0.30315402 0.69560313 0.05894941
v -0.30483770 0.69560313 0.06680934
v -0.30260700 0.69560313 0.07351239
v -0.30260700 0.69234526 0.07466926
v -0.30388764 0.70346302 -0.10610895
v -0.30260700 0.70346302 -0.11104497
v -0.30260700 0.69843578 -0.10610895
v -0.30600631 0.70346302 -0.09824903
v -0.30655628 0.70346302 -0.09038910
v -0.30260700 0.70224237 -0.08252918
v -0.30260700 0.70344466 -0.07466926
v -0.30995721 0.70346302 -0.06680934
v -0.30452737 0.70346302 0.01964981
v -0.30907637 0.70346302 0.04322957
v -0.30556300 0.70346302 0.05108950
v -0.30368310 0.70346302 0.05894941
v -0.30401173 0.70346302 0.06680934
v -0.30260700 0.70346302 0.06974218
v -0.30260700 0.70810193 -0.10610895
v -0.30350974 0.71132296 -0.09824903
v -0.30260700 0.71132296 -0.10213767
v -0.30546835 0.71132296 -0.09038910
v -0.30260700 0.70556724 -0.08252918
v -0.30507553 0.71132296 -0.08252918
v -0.30260700 0.70347816 -0.07466926
v -0.30732775 0.71132296 -0.07466926
v -0.30907992 0.71132296 -0.06680934
v -0.30909100 0.71132296 -0.05894941
v -0.30624980 0.71132296 0.01964981
v -0.30260700 0.70704925 0.05894941
v -0.30286235 0.71132296 0.06680934
v -0.30260700 0.71132296 0.06548756
v -0.30260700 0.71132296 0.06780442
v -0.30260700 0.71458048 -0.09824903
v -0.30520925 0.71918291 -0.09038910
v -0.30260700 0.71918291 -0.09573554
v -0.30699354 0.71918291 -0.08252918
v -0.30945507 0.71918291 -0.07466926
v -0.30936414 0.71918291 -0.06680934
v -0.30541307 0.71918291 -0.05894941
v -0.30529177 0.71918291 -0.05108950
v -0.30559963 0.71918291 -0.02750973
v -0.30583787 0.71918291 -0.01964981
v -0.30963430 0.71918291 0.02750973
v -0.30260700 0.71258670 0.06680934
v -0.30305034 0.72704279 -0.09038910
v -0.30260700 0.72704279 -0.09136158
v -0.30795476 0.72704279 -0.06680934
v -0.30349630 0.72704279 -0.05894941
v -0.30260700 0.72704279 -0.05645175
v -0.30260700 0.72318816 -0.05108950
v -0.30944085 0.72704279 -0.04322957
v -0.30260700 0.72704279 -0.04956071
v -0.30857289 0.72704279 -0.03536965
v -0.30260700 0.72704279 -0.02970312
v -0.30260700 0.72300982 -0.02750973
v -0.31022945 0.72704279 -0.00392996
v -0.30260700 0.72914428 -0.09038910
v -0.30653888 0.73490274 -0.06680934
v -0.30661553 0.73490274 -0.05894941
v -0.30260700 0.72964197 -0.05108950
v -0.30584231 0.73490274 -0.05108950
v -0.30873048 0.73490274 -0.04322957
v -0.30842668 0.73490274 -0.03536965
v -0.30576465 0.73490274 -0.02750973
v -0.30869594 0.73490274 -0.01964981
v -0.31017640 0.73490274 -0.01178988
v -0.30779567 0.73490274 -0.00392996
v -0.30292782 0.73490274 0.00392996
v -0.30474854 0.74276263 -0.06680934
v -0.30260700 0.74276263 -0.07396802
v -0.30530477 0.74276263 -0.05894941
v -0.30626285 0.74276263 -0.05108950
v -0.30798244 0.74276263 -0.04322957
v -0.30852622 0.74276263 -0.03536965
v -0.30830479 0.74276263 -0.02750973
v -0.30812618 0.74276263 -0.01964981
v -0.30855736 0.74276263 -0.01178988
v -0.30797550 0.74276263 -0.00392996
v -0.30692777 0.74276263 0.00392996
v -0.30790335 0.74276263 0.01178988
v -0.30260700 0.74777478 -0.06680934
v -0.30564561 0.75062257 -0.04322957
v -0.30690390 0.75062257 -0.03536965
v -0.30502772 0.75062257 -0.01178988
v -0.30260700 0.75062257 -0.01702154
v -0.30684453 0.75062257 -0.00392996
v -0.30649978 0.75062257 0.00392996
v -0.30565763 0.75062257 0.01178988
v -0.30288374 0.75062257 0.02750973
v -0.30338159 0.75062257 0.03536965
v -0.30260700 0.75062257 0.04007918
v -0.30369210 0.75848252 -0.04322957
v -0.30478102 0.75848252 -0.03536965
v -0.30260700 0.75722992 -0.01178988
v -0.30491036 0.75848252 -0.00392996
v -0.30260700 0.75848252 -0.01069388
v -0.30431286 0.75848252 0.00392996
v -0.30260700 0.75167257 0.01964981
v -0.30260700 0.75128877 0.02750973
v -0.30260700 0.75373101 0.03536965
v -0.30260700 0.76285177 -0.04322957
v -0.30260700 0.76552999 -0.03536965
v -0.30260700 0.76616681 -0.00392996
v -0.30260700 0.76373327 0.00392996
v -0.29500157 0.65630352 -0.16898833
v -0.29474708 0.65630352 -0.16949090
v -0.29879627 0.65630352 -0.16112840
v -0.30197388 0.65630352 -0.15326849
v -0.29950279 0.65630352 0.12182879
v -0.29576376 0.65630352 0.12968871
v -0.29474708 0.65630352 0.13165058
v -0.29474708 0.65673500 -0.16898833
v -0.29474708 0.66183048 -0.16112840
v -0.29560077 0.66416341 -0.15326849
v -0.29474708 0.66416341 -0.15523754
v -0.29858002 0.66416341 -0.14540856
v -0.30180910 0.66416341 -0.13754864
v -0.30222905 0.66416341 0.09824903
v -0.29885066 0.66416341 0.10610895
v -0.29493698 0.66416341 0.11396887
v -0.29474708 0.66416341 0.11450449
v -0.29474708 0.66235858 0.12182879
v -0.29474708 0.65794444 0.12968871
v -0.29474708 0.66586214 -0.15326849
v -0.29474708 0.66915095 -0.14540856
v -0.29474708 0.67118549 -0.13754864
v -0.29882738 0.67202336 -0.12968871
v -0.29474708 0.67202336 -0.13666366
v -0.30190864 0.67202336 -0.12182879
v -0.30114365 0.67202336 -0.09824903
v -0.30106652 0.67202336 0.08252918
v -0.29974529 0.67202336 0.09038910
v -0.29679793 0.67202336 0.09824903
v -0.29474708 0.67202336 0.10202739
v -0.29474708 0.66825831 0.10610895
v -0.29474708 0.66428167 0.11396887
v -0.29975128 0.67988324 -0.12968871
v -0.29474708 0.67988324 -0.13584343
v -0.30186760 0.67988324 -0.12182879
v -0.30220181 0.67988324 -0.11396887
v -0.30158061 0.67988324 0.07466926
v -0.29474708 0.67988324 0.08191489
v -0.29474708 0.67943817 0.08252918
v -0.29707780 0.67988324 0.09038910
v -0.29474708 0.67988324 0.08343720
v -0.29676771 0.67988324 0.09824903
v -0.29474708 0.67988324 0.10227469
v -0.29988003 0.68774319 -0.12968871
v -0.29474708 0.68774319 -0.13672356
v -0.29963231 0.68774319 -0.12182879
v -0.29482061 0.68774319 -0.11396887
v -0.30076724 0.68774319 -0.10610895
v -0.29474708 0.68094194 0.08252918
v -0.29727226 0.68774319 0.08252918
v -0.29869828 0.68774319 0.09038910
v -0.29807073 0.68774319 0.09824903
v -0.29474708 0.68717158 0.10610895
v -0.29490030 0.68774319 0.10610895
v -0.29474708 0.68774319 0.10642893
v -0.29853913 0.69560313 -0.12968871
v -0.29474708 0.69560313 -0.13418902
v -0.29983997 0.69560313 -0.12182879
v -0.29724234 0.69560313 -0.11396887
v -0.30105010 0.69560313 -0.10610895
v -0.30164114 0.69560313 0.07466926
v -0.29715928 0.69560313 0.08252918
v -0.29925591 0.69560313 0.09038910
v -0.29765025 0.69560313 0.09824903
v -0.29474708 0.69560313 0.10416903
v -0.29474708 0.68877620 0.10610895
v -0.29705957 0.70346302 -0.12968871
v -0.29474708 0.70346302 -0.13427909
v -0.29984123 0.70346302 -0.12182879
v -0.30185160 0.70346302 -0.11396887
v -0.30166414 0.70346302 -0.08252918
v -0.30259788 0.70346302 -0.07466926
v -0.29582965 0.70346302 0.07466926
v -0.29474708 0.70012629 0.08252918
v -0.29690346 0.70346302 0.09038910
v -0.29474708 0.70346302 0.08533897
v -0.29527825 0.70346302 0.09824903
v -0.29474708 0.70346302 0.09927541
v -0.29525891 0.71132296 -0.12968871
v -0.29474708 0.71132296 -0.13137509
v -0.29777747 0.71132296 -0.12182879
v -0.30035204 0.71132296 -0.11396887
v -0.30128923 0.71132296 -0.10610895
v -0.29974529 0.71132296 0.05894941
v -0.30032000 0.71132296 0.07466926
v -0.29725644 0.71132296 0.08252918
v -0.29585725 0.71132296 0.09038910
v -0.29474708 0.71132296 0.09320537
v -0.29474708 0.70513296 0.09824903
v -0.29474708 0.71638775 -0.12968871
v -0.29718664 0.71918291 -0.12182879
v -0.29474708 0.71918291 -0.12891977
v -0.29660106 0.71918291 -0.11396887
v -0.29474708 0.71661055 -0.10610895
v -0.29972693 0.71918291 -0.09824903
v -0.29474708 0.71918291 -0.10216010
v -0.29561329 0.71918291 0.05894941
v -0.30116060 0.71918291 0.06680934
v -0.30004817 0.71918291 0.07466926
v -0.29697436 0.71918291 0.08252918
v -0.29540581 0.71918291 0.09038910
v -0.29474708 0.71918291 0.09274902
v -0.29565120 0.72704279 -0.12182879
v -0.29474708 0.72704279 -0.12349922
v -0.29726490 0.72704279 -0.11396887
v -0.29596296 0.72704279 -0.09824903
v -0.30052960 0.72704279 -0.05108950
v -0.30067885 0.72704279 -0.02750973
v -0.30116668 0.72704279 0.06680934
v -0.29859194 0.72704279 0.07466926
v -0.29474708 0.72704279 0.08230539
v -0.29474708 0.72666264 0.08252918
v -0.29474708 0.72206604 0.09038910
v -0.29474708 0.73205060 -0.12182879
v -0.29786947 0.73490274 -0.11396887
v -0.29474708 0.73490274 -0.12080865
v -0.29850927 0.73490274 -0.10610895
v -0.29841432 0.73490274 -0.09824903
v -0.30115154 0.73490274 -0.09038910
v -0.29800403 0.73490274 -0.08252918
v -0.30141810 0.73490274 -0.07466926
v -0.29665449 0.73490274 0.07466926
v -0.29474708 0.73490274 0.07961062
v -0.29596385 0.74276263 -0.11396887
v -0.29474708 0.74276263 -0.11665849
v -0.29811671 0.74276263 -0.10610895
v -0.29957983 0.74276263 -0.09824903
v -0.30089849 0.74276263 -0.09038910
v -0.30021381 0.74276263 -0.08252918
v -0.30231947 0.74276263 -0.07466926
v -0.30100283 0.74276263 0.05108950
v -0.29474708 0.73968351 0.07466926
v -0.29474708 0.74688953 -0.11396887
v -0.29496667 0.75062257 -0.10610895
v -0.29474708 0.75062257 -0.10734773
v -0.29651418 0.75062257 -0.09824903
v -0.29965743 0.75062257 -0.09038910
v -0.30090067 0.75062257 -0.08252918
v -0.30206004 0.75062257 -0.07466926
v -0.30066368 0.75062257 -0.06680934
v -0.29971051 0.75062257 -0.01964981
v -0.30198240 0.75062257 0.04322957
v -0.29702300 0.75062257 0.05108950
v -0.29474708 0.75062257 0.05764766
v -0.29474708 0.75097060 -0.10610895
v -0.29474708 0.75257194 -0.09824903
v -0.29536912 0.75848252 -0.09038910
v -0.29474708 0.75848252 -0.09109821
v -0.29933769 0.75848252 -0.08252918
v -0.30073556 0.75848252 -0.07466926
v -0.29949403 0.75848252 -0.06680934
v -0.29474708 0.75514930 -0.01964981
v -0.30184224 0.75848252 -0.01178988
v -0.29474708 0.75848252 -0.01756747
v -0.29833770 0.75848252 0.02750973
v -0.30139557 0.75848252 0.03536965
v -0.29992867 0.75848252 0.04322957
v -0.29635394 0.75848252 0.05108950
v -0.29474708 0.75848252 0.05793922
v -0.29474708 0.76003385 -0.09038910
v -0.29655063 0.76634240 -0.08252918
v -0.29474708 0.76634240 -0.08628225
v -0.29806042 0.76634240 -0.07466926
v -0.29940647 0.76634240 -0.06680934
v -0.29953691 0.76634240 -0.05894941
v -0.30052197 0.76634240 -0.05108950
v -0.30174863 0.76634240 -0.04322957
v -0.30233636 0.76634240 -0.03536965
v -0.29884735 0.76634240 -0.02750973
v -0.30083516 0.76634240 -0.01178988
v -0.30254841 0.76634240 -0.00392996
v -0.30140865 0.76634240 0.00392996
v -0.29909334 0.76634240 0.02750973
v -0.29843938 0.76634240 0.03536965
v -0.29680052 0.76634240 0.04322957
v -0.29474708 0.76634240 0.04989988
v -0.29474708 0.76473469 0.05108950
v -0.29474708 0.77290851 -0.08252918
v -0.29537511 0.77420235 -0.07466926
v -0.29474708 0.77420235 -0.07975819
v -0.29652095 0.77420235 -0.06680934
v -0.29721475 0.77420235 -0.05894941
v -0.29715911 0.77420235 -0.05108950
v -0.29815462 0.77420235 -0.04322957
v -0.29899824 0.77420235 -0.03536965
v -0.29887781 0.77420235 -0.02750973
v -0.29881507 0.77420235 -0.01964981
v -0.29972357 0.77420235 -0.01178988
v -0.29810953 0.77420235 -0.00392996
v -0.29780814 0.77420235 0.00392996
v -0.29737014 0.77420235 0.01178988
v -0.29782546 0.77420235 0.01964981
v -0.29705209 0.77420235 0.02750973
v -0.29474708 0.77420235 0.03444149
v -0.29474708 0.77359968 0.03536965
v -0.29474708 0.77089947 0.04322957
v -0.29474708 0.77644414 -0.07466926
v -0.29474708 0.78059298 -0.06680934
v -0.29474708 0.77815449 -0.05894941
v -0.29474708 0.77696836 -0.05108950
v -0.29516768 0.78206223 -0.04322957
v -0.29474708 0.78206223 -0.04393747
v -0.29689592 0.78206223 -0.03536965
v -0.29702839 0.78206223 -0.02750973
v -0.29782912 0.78206223 -0.01964981
v -0.29739365 0.78206223 -0.01178988
v -0.29474708 0.78206223 -0.00736616
v -0.29474708 0.77865350 -0.00392996
v -0.29474708 0.77854568 0.00392996
v -0.29512361 0.78206223 0.01178988
v -0.29474708 0.78206223 0.01057760
v -0.29505411 0.78206223 0.01964981
v -0.29474708 0.78206223 0.02192469
v -0.29474708 0.78017092 0.02750973
v -0.29474708 0.78390193 -0.04322957
v -0.29474708 0.78901786 -0.03536965
v -0.29474708 0.78679842 -0.02750973
v -0.29474708 0.78887987 -0.01964981
v -0.29497626 0.78992218 -0.01178988
v -0.29474708 0.78992218 -0.01429474
v -0.29474708 0.78992218 -0.01106129
v -0.29474708 0.78308982 0.01178988
v -0.29474708 0.78275138 0.01964981
v -0.29474708 0.79037219 -0.01178988
v -0.29097050 0.65630352 -0.17684825
v -0.28688717 0.65630352 -0.18378577
v -0.29162535 0.65630352 0.13754864
v -0.28707469 0.65630352 0.14540856
v -0.28688717 0.65630352 0.14572506
v -0.28688717 0.66157216 -0.17684825
v -0.28712073 0.66416341 -0.16898833
v -0.28688717 0.66416341 -0.16948690
v -0.29141906 0.66416341 -0.16112840
v -0.29135340 0.66416341 0.12182879
v -0.28825769 0.66416341 0.12968871
v -0.28688717 0.66416341 0.13254887
v -0.28688717 0.66231900 0.13754864
v -0.28688717 0.65661079 0.14540856
v -0.28688717 0.66435426 -0.16898833
v -0.28688717 0.67087418 -0.16112840
v -0.29251117 0.67202336 -0.15326849
v -0.28688717 0.67202336 -0.16057006
v -0.29324281 0.67202336 -0.14540856
v -0.29395542 0.67202336 -0.13754864
v -0.28948990 0.67202336 0.10610895
v -0.28688717 0.67202336 0.10790686
v -0.28688717 0.66715646 0.11396887
v -0.28688717 0.66700846 0.12182879
v -0.28688717 0.66541958 0.12968871
v -0.28753209 0.67988324 -0.16112840
v -0.28688717 0.67988324 -0.16206250
v -0.28688717 0.67521167 -0.16112840
v -0.29254848 0.67988324 -0.15326849
v -0.29166558 0.67988324 -0.14540856
v -0.29226974 0.67988324 -0.13754864
v -0.29443473 0.67988324 0.08252918
v -0.29070780 0.67988324 0.10610895
v -0.28688717 0.67988324 0.11016880
v -0.28729266 0.68774319 -0.16112840
v -0.28688717 0.68774319 -0.16178654
v -0.29096943 0.68774319 -0.15326849
v -0.29007113 0.68774319 -0.14540856
v -0.29343197 0.68774319 -0.13754864
v -0.28688717 0.68262374 0.11396887
v -0.29059914 0.68774319 0.11396887
v -0.28688717 0.68626213 0.12182879
v -0.28735220 0.68774319 0.12182879
v -0.28688717 0.68774319 0.12266185
v -0.28688717 0.68921703 -0.16112840
v -0.28900212 0.69560313 -0.15326849
v -0.28688717 0.69560313 -0.15760358
v -0.28749096 0.69560313 -0.14540856
v -0.28823447 0.69560313 -0.13754864
v -0.29300687 0.69560313 0.10610895
v -0.28756857 0.69560313 0.11396887
v -0.28688717 0.69560313 0.11790771
v -0.28688717 0.69124812 0.12182879
v -0.28802603 0.70346302 -0.15326849
v -0.28688717 0.70346302 -0.15479439
v -0.29030207 0.70346302 -0.14540856
v -0.29254326 0.70346302 -0.13754864
v -0.29287806 0.70346302 0.08252918
v -0.28966144 0.70346302 0.10610895
v -0.28688717 0.70346302 0.11111219
v -0.28688717 0.69832069 0.11396887
v -0.28688717 0.70807493 -0.15326849
v -0.29050630 0.71132296 -0.14540856
v -0.28688717 0.71132296 -0.15200439
v -0.29299799 0.71132296 -0.13754864
v -0.29219133 0.71132296 0.09824903
v -0.29019442 0.71132296 0.10610895
v -0.28688717 0.70972604 0.11396887
v -0.28719682 0.71132296 0.11396887
v -0.28688717 0.71132296 0.11441214
v -0.28903115 0.71918291 -0.14540856
v -0.28688717 0.71918291 -0.15027958
v -0.29165354 0.71918291 -0.13754864
v -0.29443723 0.71918291 -0.12968871
v -0.29275697 0.71918291 0.09824903
v -0.29065263 0.71918291 0.10610895
v -0.28737098 0.71918291 0.11396887
v -0.28688717 0.71918291 0.11472781
v -0.28744629 0.72704279 -0.14540856
v -0.28688717 0.72704279 -0.14671475
v -0.28848317 0.72704279 -0.13754864
v -0.28912446 0.72704279 -0.12968871
v -0.29456425 0.72704279 0.08252918
v -0.29287660 0.72704279 0.09038910
v -0.29170948 0.72704279 0.09824903
v -0.28848684 0.72704279 0.10610895
v -0.28688717 0.72704279 0.10854191
v -0.28688717 0.72028792 0.11396887
v -0.28688717 0.72990167 -0.14540856
v -0.28702831 0.73490274 -0.13754864
v -0.28688717 0.73490274 -0.13843939
v -0.28688717 0.73490274 -0.13617799
v -0.28688717 0.73241735 -0.12968871
v -0.29391834 0.73490274 -0.12182879
v -0.28688717 0.73490274 -0.12871684
v -0.29326364 0.73490274 0.08252918
v -0.29058582 0.73490274 0.09038910
v -0.28864470 0.73490274 0.09824903
v -0.28688717 0.73490274 0.10126330
v -0.28688717 0.72980738 0.10610895
v -0.28688717 0.73546171 -0.13754864
v -0.29121026 0.74276263 -0.12182879
v -0.28688717 0.74276263 -0.12611802
v -0.29286847 0.74276263 0.07466926
v -0.29156196 0.74276263 0.08252918
v -0.29075763 0.74276263 0.09038910
v -0.28884637 0.74276263 0.09824903
v -0.28688717 0.74276263 0.10257848
v -0.29035407 0.75062257 -0.12182879
v -0.28688717 0.75062257 -0.12614015
v -0.29363224 0.75062257 -0.11396887
v -0.29418093 0.75062257 0.05894941
v -0.29341024 0.75062257 0.07466926
v -0.29100564 0.75062257 0.08252918
v -0.28905919 0.75062257 0.09038910
v -0.28688717 0.75062257 0.09817359
v -0.28688717 0.75054532 0.09824903
v -0.28819329 0.75848252 -0.12182879
v -0.28688717 0.75848252 -0.12323848
v -0.29127431 0.75848252 -0.11396887
v -0.28802845 0.75848252 -0.10610895
v -0.28688717 0.75577515 -0.09824903
v -0.28688717 0.75848252 -0.09439846
v -0.29317135 0.75848252 -0.01964981
v -0.29434556 0.75848252 0.05894941
v -0.29423276 0.75848252 0.06680934
v -0.29269466 0.75848252 0.07466926
v -0.28914723 0.75848252 0.08252918
v -0.28688717 0.75848252 0.08650844
v -0.28688717 0.75466311 0.09038910
v -0.28730872 0.76634240 -0.12182879
v -0.28688717 0.76634240 -0.12250677
v -0.28964555 0.76634240 -0.11396887
v -0.28869125 0.76634240 -0.10610895
v -0.28699991 0.76634240 -0.09824903
v -0.29095367 0.76634240 -0.09038910
v -0.29398677 0.76634240 0.05108950
v -0.28977323 0.76634240 0.07466926
v -0.28688717 0.76634240 0.08159682
v -0.28688717 0.76511967 0.08252918
v -0.28688717 0.76759475 -0.12182879
v -0.28723484 0.77420235 -0.11396887
v -0.28688717 0.77420235 -0.11505330
v -0.28897622 0.77420235 -0.10610895
v -0.29060832 0.77420235 -0.09824903
v -0.29237643 0.77420235 -0.09038910
v -0.29436991 0.77420235 -0.08252918
v -0.29426777 0.77420235 0.03536965
v -0.29305190 0.77420235 0.04322957
v -0.29214585 0.77420235 0.05108950
v -0.28843251 0.77420235 0.05894941
v -0.28783336 0.77420235 0.06680934
v -0.28738776 0.77420235 0.07466926
v -0.28688717 0.77420235 0.07591321
v -0.28688717 0.77492887 -0.11396887
v -0.28688717 0.78016841 -0.10610895
v -0.28894418 0.78206223 -0.09824903
v -0.28688717 0.78206223 -0.10421011
v -0.29003245 0.78206223 -0.09038910
v -0.28885430 0.78206223 -0.08252918
v -0.29267001 0.78206223 -0.07466926
v -0.29429919 0.78206223 -0.06680934
v -0.29013541 0.78206223 -0.00392996
v -0.29109988 0.78206223 0.00392996
v -0.29379284 0.78206223 0.02750973
v -0.28688717 0.78206223 0.03532492
v -0.28688717 0.78201246 0.03536965
v -0.28866270 0.78206223 0.04322957
v -0.28688717 0.78206223 0.03552484
v -0.29047352 0.78206223 0.05108950
v -0.28797796 0.78206223 0.05894941
v -0.28688717 0.78206223 0.06155868
v -0.28688717 0.77652651 0.06680934
v -0.28688717 0.77543187 0.07466926
v -0.28688717 0.78780848 -0.09824903
v -0.28688717 0.78675598 -0.09038910
v -0.28688717 0.78346610 -0.08252918
v -0.28688717 0.78941041 -0.07466926
v -0.29109111 0.78992218 -0.06680934
v -0.28688717 0.78992218 -0.07412656
v -0.29313561 0.78992218 -0.04322957
v -0.28688717 0.78992218 -0.04979356
v -0.29440066 0.78992218 -0.03536965
v -0.29107115 0.78992218 -0.00392996
v -0.29123816 0.78992218 0.00392996
v -0.29245678 0.78992218 0.01178988
v -0.29156491 0.78992218 0.01964981
v -0.29062438 0.78992218 0.02750973
v -0.28688717 0.78992218 0.03342998
v -0.28688717 0.78721744 0.04322957
v -0.28742638 0.78992218 0.05108950
v -0.28688717 0.78992218 0.04796512
v -0.28688717 0.78992218 0.05226963
v -0.28688717 0.78400218 0.05894941
v -0.28780687 0.79778212 -0.06680934
v -0.28688717 0.79778212 -0.06987014
v -0.28845751 0.79778212 -0.05894941
v -0.28906059 0.79778212 -0.05108950
v -0.29069933 0.79778212 -0.04322957
v -0.28937218 0.79778212 -0.03536965
v -0.28958192 0.79778212 -0.01178988
v -0.28778270 0.79778212 -0.00392996
v -0.28882563 0.79778212 0.00392996
v -0.28917637 0.79778212 0.01178988
v -0.28818741 0.79778212 0.01964981
v -0.28720775 0.79778212 0.02750973
v -0.28688717 0.79778212 0.02868711
v -0.28688717 0.79113841 0.05108950
v -0.28688717 0.80000830 -0.06680934
v -0.28688717 0.80231053 -0.05894941
v -0.28688717 0.80479133 -0.05108950
v -0.28699437 0.80564201 -0.04322957
v -0.28688717 0.80564201 -0.04550074
v -0.28688717 0.80564201 -0.04055903
v -0.28688717 0.80491269 -0.03536965
v -0.28688717 0.80379963 -0.01178988
v -0.28688717 0.79976773 -0.00392996
v -0.28688717 0.80232698 0.00392996
v -0.28688717 0.80260569 0.01178988
v -0.28688717 0.79990166 0.01964981
v -0.28688717 0.79823399 0.02750973
v -0.28688717 0.80586225 -0.04322957
v -0.28143704 0.65630352 -0.19256809
v -0.27902722 0.65630352 -0.19617550
v -0.28629866 0.65630352 -0.18470818
v -0.28232762 0.65630352 0.15326849
v -0.27902722 0.65630352 0.15834956
v -0.27902722 0.65971595 -0.19256809
v -0.27902722 0.66414374 -0.18470818
v -0.28324071 0.66416341 -0.17684825
v -0.27902722 0.66416341 -0.18465163
v -0.28434974 0.66416341 0.13754864
v -0.27951044 0.66416341 0.14540856
v -0.27902722 0.66416341 0.14627136
v -0.27902722 0.66077733 0.15326849
v -0.27902722 0.66930002 -0.17684825
v -0.28113854 0.67202336 -0.16898833
v -0.27902722 0.67202336 -0.17386234
v -0.28638235 0.67202336 -0.16112840
v -0.28259951 0.67202336 0.11396887
v -0.28311729 0.67202336 0.12182879
v -0.28240567 0.67202336 0.12968871
v -0.27902722 0.67202336 0.13596828
v -0.27902722 0.67034262 0.13754864
v -0.27902722 0.66462696 0.14540856
v -0.28224984 0.67988324 -0.16898833
v -0.27902722 0.67988324 -0.17329919
v -0.28454852 0.67988324 0.11396887
v -0.28460860 0.67988324 0.12182879
v -0.28179577 0.67988324 0.12968871
v -0.27902722 0.67988324 0.13470528
v -0.28221434 0.68774319 -0.16898833
v -0.27902722 0.68774319 -0.17346591
v -0.28217769 0.68774319 0.12968871
v -0.27902722 0.68774319 0.13436526
v -0.27921444 0.69560313 -0.16898833
v -0.27902722 0.69560313 -0.16950050
v -0.28373149 0.69560313 -0.16112840
v -0.28617439 0.69560313 0.12182879
v -0.28189135 0.69560313 0.12968871
v -0.27902722 0.69560313 0.13393830
v -0.27902722 0.69609123 -0.16898833
v -0.27902722 0.70122725 -0.16112840
v -0.27902722 0.70346302 -0.15960053
v -0.28470474 0.70346302 0.11396887
v -0.27902722 0.70346302 0.12086657
v -0.27902722 0.70295715 0.12182879
v -0.27902722 0.70061964 0.12968871
v -0.28419819 0.71132296 -0.15326849
v -0.27902722 0.71132296 -0.15588968
v -0.27911252 0.71918291 -0.16112840
v -0.27902722 0.71918291 -0.16136119
v -0.28478342 0.71918291 -0.15326849
v -0.28119802 0.71918291 0.12182879
v -0.27902722 0.71918291 0.12631585
v -0.27910167 0.72704279 -0.16112840
v -0.27902722 0.72704279 -0.16132486
v -0.28300536 0.72704279 -0.15326849
v -0.28090826 0.72704279 0.11396887
v -0.27952051 0.72704279 0.12182879
v -0.27902722 0.72704279 0.12289164
v -0.27902722 0.72714597 -0.16112840
v -0.27902722 0.73247743 -0.15326849
v -0.28575757 0.73490274 -0.14540856
v -0.27902722 0.73490274 -0.15185028
v -0.28582984 0.73490274 -0.12968871
v -0.27902722 0.72875041 0.11396887
v -0.27902722 0.72879332 0.12182879
v -0.27907857 0.74276263 -0.15326849
v -0.27902722 0.74276263 -0.15335549
v -0.27902722 0.74249160 -0.15326849
v -0.28417704 0.74276263 -0.14540856
v -0.28490975 0.74276263 -0.13754864
v -0.28281659 0.74276263 -0.12968871
v -0.28441253 0.74276263 0.10610895
v -0.27940130 0.74276263 0.11396887
v -0.27902722 0.74276263 0.11538720
v -0.27908450 0.75062257 -0.15326849
v -0.27902722 0.75062257 -0.15336977
v -0.28244132 0.75062257 -0.14540856
v -0.28225222 0.75062257 -0.13754864
v -0.28125739 0.75062257 -0.12968871
v -0.28686112 0.75062257 0.09824903
v -0.28343466 0.75062257 0.10610895
v -0.27902722 0.75062257 0.11385098
v -0.27902722 0.74933702 0.11396887
v -0.27902722 0.75077623 -0.15326849
v -0.27937666 0.75848252 -0.14540856
v -0.27902722 0.75848252 -0.14624551
v -0.27902722 0.75848252 -0.14377670
v -0.27902722 0.75578469 -0.13754864
v -0.27902722 0.75279969 -0.12968871
v -0.28193891 0.75848252 0.09038910
v -0.28115299 0.75848252 0.09824903
v -0.27902722 0.75848252 0.10417155
v -0.27902722 0.75964129 -0.14540856
v -0.28035298 0.76634240 -0.12968871
v -0.28635550 0.76634240 0.08252918
v -0.28202376 0.76634240 0.09038910
v -0.28021494 0.76634240 0.09824903
v -0.27902722 0.76634240 0.10051108
v -0.28039548 0.77420235 -0.12968871
v -0.27902722 0.77420235 -0.13406813
v -0.28437084 0.77420235 -0.12182879
v -0.28369731 0.77420235 0.08252918
v -0.28046265 0.77420235 0.09038910
v -0.27902722 0.77420235 0.09769817
v -0.27902722 0.77357197 0.09824903
v -0.27902722 0.77570176 -0.12968871
v -0.27902722 0.78051633 -0.12182879
v -0.28294167 0.78206223 -0.11396887
v -0.27902722 0.78206223 -0.11986291
v -0.28613877 0.78206223 -0.10610895
v -0.28681922 0.78206223 0.03536965
v -0.27917007 0.78206223 0.06680934
v -0.28271702 0.78206223 0.07466926
v -0.28118867 0.78206223 0.08252918
v -0.27902722 0.78206223 0.08760223
v -0.27902722 0.77849543 0.09038910
v -0.27973321 0.78992218 -0.11396887
v -0.27902722 0.78992218 -0.11514133
v -0.28323731 0.78992218 -0.10610895
v -0.28613776 0.78992218 -0.09824903
v -0.28373820 0.78992218 -0.09038910
v -0.28435957 0.78992218 0.03536965
v -0.28570503 0.78992218 0.04322957
v -0.28038093 0.78992218 0.05894941
v -0.27902722 0.78992218 0.06002989
v -0.27902722 0.78213507 0.06680934
v -0.27902722 0.78889126 0.07466926
v -0.27903628 0.78992218 0.08252918
v -0.27902722 0.78992218 0.08234041
v -0.27902722 0.78992218 0.08255221
v -0.27902722 0.79166996 -0.11396887
v -0.27962750 0.79778212 -0.10610895
v -0.27902722 0.79778212 -0.10768787
v -0.28282893 0.79778212 -0.09824903
v -0.28286526 0.79778212 -0.09038910
v -0.28506100 0.79778212 -0.07466926
v -0.28342932 0.79778212 0.03536965
v -0.28397694 0.79778212 0.04322957
v -0.28400090 0.79778212 0.05108950
v -0.28036690 0.79778212 0.05894941
v -0.27902722 0.79778212 0.06321435
v -0.27902722 0.78994727 0.08252918
v -0.27902722 0.79910940 -0.10610895
v -0.27902722 0.80495769 -0.09824903
v -0.28061461 0.80564201 -0.09038910
v -0.27902722 0.80564201 -0.09677691
v -0.28158888 0.80564201 -0.08252918
v -0.28309205 0.80564201 -0.07466926
v -0.28445378 0.80564201 -0.06680934
v -0.28542525 0.80564201 -0.05894941
v -0.28660890 0.80564201 -0.05108950
v -0.28667194 0.80564201 -0.03536965
v -0.28468335 0.80564201 -0.02750973
v -0.28546110 0.80564201 -0.01964981
v -0.28618550 0.80564201 -0.01178988
v -0.28450596 0.80564201 -0.00392996
v -0.28544977 0.80564201 0.00392996
v -0.28526801 0.80564201 0.01178988
v -0.28106755 0.80564201 0.01964981
v -0.27902722 0.80564201 0.02337240
v -0.27902722 0.80377382 0.02750973
v -0.27902722 0.80222982 0.03536965
v -0.27959374 0.80564201 0.04322957
v -0.27902722 0.80564201 0.04145397
v -0.28023735 0.80564201 0.05108950
v -0.27902722 0.80564201 0.05676376
v -0.27902722 0.80342591 0.05894941
v -0.27902722 0.80837625 -0.09038910
v -0.27902722 0.81085020 -0.08252918
v -0.27902722 0.81334805 -0.07466926
v -0.27902722 0.81237167 -0.06680934
v -0.27902722 0.81083941 -0.05894941
v -0.28021038 0.81350195 -0.05108950
v -0.27902722 0.81350195 -0.05296206
v -0.28287098 0.81350195 -0.04322957
v -0.28305423 0.81350195 -0.03536965
v -0.28318393 0.81350195 -0.02750973
v -0.28340071 0.81350195 -0.01964981
v -0.28417969 0.81350195 -0.01178988
v -0.28337014 0.81350195 -0.00392996
v -0.28238189 0.81350195 0.00392996
v -0.28160784 0.81350195 0.01178988
v -0.28009626 0.81350195 0.01964981
v -0.27902722 0.81350195 0.02327658
v -0.27902722 0.80767751 0.04322957
v -0.27902722 0.80818868 0.05108950
v -0.27902722 0.81560206 -0.05108950
v -0.27902722 0.82097459 -0.04322957
v -0.27902722 0.82098585 -0.03536965
v -0.27916336 0.82136184 -0.02750973
v -0.27902722 0.82136184 -0.03074774
v -0.27902722 0.82136184 -0.02450739
v -0.27902722 0.82096142 -0.01964981
v -0.27922842 0.82136184 -0.01178988
v -0.27902722 0.82136184 -0.01561178
v -0.27935916 0.82136184 -0.00392996
v -0.27902722 0.82136184 0.00090897
v -0.27902722 0.82089734 0.00392996
v -0.27902722 0.81930238 0.01178988
v -0.27902722 0.81637853 0.01964981
v -0.27902722 0.82157320 -0.02750973
v -0.27902722 0.82168895 -0.01178988
v -0.27902722 0.82192183 -0.00392996
v -0.27616972 0.65630352 -0.20042801
v -0.27116731 0.65630352 -0.20721622
v -0.27715179 0.65630352 0.16112840
v -0.27174726 0.65630352 0.16898833
v -0.27116731 0.65630352 0.16980363
v -0.27116731 0.66290879 -0.20042801
v -0.27403504 0.66416341 -0.19256809
v -0.27116731 0.66416341 -0.19772701
v -0.27899742 0.66416341 -0.18470818
v -0.27483150 0.66416341 0.15326849
v -0.27116731 0.66416341 0.15940005
v -0.27116731 0.66340530 0.16112840
v -0.27116731 0.65720886 0.16898833
v -0.27116731 0.66703117 -0.19256809
v -0.27119651 0.67202336 -0.18470818
v -0.27116731 0.67202336 -0.18477120
v -0.27728251 0.67202336 -0.17684825
v -0.27805242 0.67202336 0.13754864
v -0.27380171 0.67202336 0.14540856
v -0.27116731 0.67202336 0.15076920
v -0.27116731 0.66930217 0.15326849
v -0.27116731 0.67207372 -0.18470818
v -0.27262703 0.67988324 -0.17684825
v -0.27116731 0.67988324 -0.17793544
v -0.27722555 0.67988324 0.13754864
v -0.27355206 0.67988324 0.14540856
v -0.27116731 0.67988324 0.15026273
v -0.27481011 0.68774319 -0.17684825
v -0.27116731 0.68774319 -0.18069030
v -0.27677363 0.68774319 0.13754864
v -0.27274916 0.68774319 0.14540856
v -0.27116731 0.68774319 0.14750163
v -0.27165905 0.69560313 -0.18470818
v -0.27116731 0.69560313 -0.18568929
v -0.27116731 0.69410974 -0.18470818
v -0.27646008 0.69560313 -0.17684825
v -0.27677754 0.69560313 0.13754864
v -0.27293760 0.69560313 0.14540856
v -0.27116731 0.69560313 0.14805536
v -0.27116731 0.69917220 -0.18470818
v -0.27533367 0.70346302 -0.17684825
v -0.27116731 0.70346302 -0.18379183
v -0.27613643 0.70346302 -0.16898833
v -0.27727255 0.70346302 -0.16112840
v -0.27704605 0.70346302 0.12182879
v -0.27654055 0.70346302 0.12968871
v -0.27622855 0.70346302 0.13754864
v -0.27312499 0.70346302 0.14540856
v -0.27116731 0.70346302 0.14879654
v -0.27422214 0.71132296 -0.17684825
v -0.27116731 0.71132296 -0.18140684
v -0.27564782 0.71132296 -0.16898833
v -0.27415767 0.71132296 -0.16112840
v -0.27539754 0.71132296 0.12968871
v -0.27521038 0.71132296 0.13754864
v -0.27152416 0.71132296 0.14540856
v -0.27116731 0.71132296 0.14587654
v -0.27245367 0.71918291 -0.17684825
v -0.27116731 0.71918291 -0.17863765
v -0.27629822 0.71918291 -0.16898833
v -0.27766547 0.71918291 0.12968871
v -0.27357540 0.71918291 0.13754864
v -0.27116731 0.71918291 0.14281429
v -0.27116731 0.71316695 0.14540856
v -0.27123982 0.72704279 -0.17684825
v -0.27116731 0.72704279 -0.17694467
v -0.27614465 0.72704279 -0.16898833
v -0.27572775 0.72704279 0.12968871
v -0.27183875 0.72704279 0.13754864
v -0.27116731 0.72704279 0.13898711
v -0.27116731 0.72742057 -0.17684825
v -0.27283823 0.73490274 -0.16898833
v -0.27116731 0.73490274 -0.17325464
v -0.27116731 0.73425543 -0.16112840
v -0.27743411 0.73490274 0.12182879
v -0.27389932 0.73490274 0.12968871
v -0.27116731 0.73490274 0.13478586
v -0.27116731 0.72962481 0.13754864
v -0.27116731 0.74130124 -0.16898833
v -0.27116731 0.74276263 -0.16792284
v -0.27387828 0.74276263 -0.16112840
v -0.27760220 0.74276263 0.12182879
v -0.27305314 0.74276263 0.12968871
v -0.27116731 0.74276263 0.13300978
v -0.27373087 0.75062257 -0.16112840
v -0.27116731 0.75062257 -0.16411209
v -0.27888343 0.75062257 0.11396887
v -0.27632564 0.75062257 0.12182879
v -0.27249226 0.75062257 0.12968871
v -0.27116731 0.75062257 0.13150330
v -0.27116731 0.75519347 -0.16112840
v -0.27302369 0.75848252 -0.15326849
v -0.27116731 0.75848252 -0.15615742
v -0.27737138 0.75848252 -0.13754864
v -0.27566031 0.75848252 -0.12968871
v -0.27628064 0.75848252 0.10610895
v -0.27287245 0.75848252 0.12182879
v -0.27116731 0.75848252 0.12716208
v -0.27116731 0.75569731 0.12968871
v -0.27116731 0.76040751 -0.15326849
v -0.27666911 0.76634240 -0.14540856
v -0.27461490 0.76634240 0.10610895
v -0.27172494 0.76634240 0.11396887
v -0.27131832 0.76634240 0.12182879
v -0.27116731 0.76634240 0.12222337
v -0.27510148 0.77420235 -0.14540856
v -0.27116731 0.77420235 -0.15192704
v -0.27892673 0.77420235 0.09824903
v -0.27568614 0.77420235 0.10610895
v -0.27227855 0.77420235 0.11396887
v -0.27116731 0.77420235 0.11644524
v -0.27116731 0.76678449 0.12182879
v -0.27220187 0.78206223 -0.14540856
v -0.27116731 0.78206223 -0.14721037
v -0.27116731 0.78008431 -0.12968871
v -0.27773526 0.78206223 0.09038910
v -0.27642745 0.78206223 0.09824903
v -0.27415183 0.78206223 0.10610895
v -0.27116731 0.78206223 0.11219051
v -0.27116731 0.77854681 0.11396887
v -0.27116731 0.78450829 -0.14540856
v -0.27173963 0.78992218 -0.12182879
v -0.27280331 0.78992218 0.06680934
v -0.27849269 0.78992218 0.07466926
v -0.27575558 0.78992218 0.09038910
v -0.27318746 0.78992218 0.09824903
v -0.27116731 0.78992218 0.10332135
v -0.27116731 0.78796464 0.10610895
v -0.27118003 0.79778212 -0.12968871
v -0.27116731 0.79778212 -0.12972860
v -0.27456820 0.79778212 -0.12182879
v -0.27666277 0.79778212 -0.11396887
v -0.27788055 0.79778212 0.06680934
v -0.27615610 0.79778212 0.08252918
v -0.27235273 0.79778212 0.09038910
v -0.27116731 0.79778212 0.09250964
v -0.27116731 0.79295433 0.09824903
v -0.27116731 0.79781139 -0.12968871
v -0.27116731 0.80501223 -0.12182879
v -0.27389154 0.80564201 -0.11396887
v -0.27116731 0.80564201 -0.12105037
v -0.27574378 0.80564201 -0.10610895
v -0.27854672 0.80564201 -0.09824903
v -0.27599424 0.80564201 0.02750973
v -0.27570355 0.80564201 0.03536965
v -0.27851927 0.80564201 0.05894941
v -0.27711216 0.80564201 0.06680934
v -0.27486467 0.80564201 0.07466926
v -0.27116731 0.80564201 0.08005113
v -0.27116731 0.80370140 0.08252918
v -0.27116731 0.79936498 0.09038910
v -0.27116731 0.80932099 -0.11396887
v -0.27116731 0.80964863 -0.10610895
v -0.27116731 0.81132096 -0.09824903
v -0.27521378 0.81350195 -0.09038910
v -0.27116731 0.81350195 -0.09505858
v -0.27766240 0.81350195 -0.08252918
v -0.27893940 0.81350195 -0.07466926
v -0.27736095 0.81350195 -0.06680934
v -0.27138475 0.81350195 -0.05894941
v -0.27750102 0.81350195 0.02750973
v -0.27656430 0.81350195 0.03536965
v -0.27760783 0.81350195 0.04322957
v -0.27580002 0.81350195 0.05108950
v -0.27276537 0.81350195 0.05894941
v -0.27196434 0.81350195 0.06680934
v -0.27116731 0.81350195 0.06945590
v -0.27116731 0.81121242 0.07466926
v -0.27116731 0.82058233 -0.09038910
v -0.27321535 0.82136184 -0.08252918
v -0.27116731 0.82136184 -0.08923739
v -0.27485004 0.82136184 -0.07466926
v -0.27343819 0.82136184 -0.06680934
v -0.27171186 0.82136184 -0.05894941
v -0.27638099 0.82136184 -0.05108950
v -0.27880511 0.82136184 -0.04322957
v -0.27873898 0.82136184 -0.03536965
v -0.27878186 0.82136184 -0.01964981
v -0.27864802 0.82136184 0.00392996
v -0.27771464 0.82136184 0.01178988
v -0.27632234 0.82136184 0.01964981
v -0.27512062 0.82136184 0.02750973
v -0.27394897 0.82136184 0.03536965
v -0.27255747 0.82136184 0.04322957
v -0.27116731 0.82136184 0.04900038
v -0.27116731 0.82050228 0.05108950
v -0.27116731 0.81661898 0.05894941
v -0.27116731 0.81500483 0.06680934
v -0.27116731 0.82500774 -0.08252918
v -0.27116731 0.82689595 -0.07466926
v -0.27116731 0.82501829 -0.06680934
v -0.27149191 0.82922179 -0.05894941
v -0.27116731 0.82922179 -0.05991218
v -0.27357012 0.82922179 -0.05108950
v -0.27186617 0.82922179 -0.04322957
v -0.27116731 0.82922179 -0.04193262
v -0.27116731 0.82664156 -0.03536965
v -0.27129373 0.82922179 -0.02750973
v -0.27116731 0.82922179 -0.02775553
v -0.27339825 0.82922179 -0.01964981
v -0.27426153 0.82922179 -0.01178988
v -0.27383378 0.82922179 -0.00392996
v -0.27116731 0.82922179 0.00062461
v -0.27116731 0.82699883 0.00392996
v -0.27116731 0.82653648 0.01178988
v -0.27116731 0.82503599 0.01964981
v -0.27116731 0.82555711 0.02750973
v -0.27116731 0.82617337 0.03536965
v -0.27116731 0.82391238 0.04322957
v -0.27116731 0.82980263 -0.05894941
v -0.27116731 0.83321351 -0.05108950
v -0.27116731 0.83030683 -0.04322957
v -0.27116731 0.82934004 -0.02750973
v -0.27116731 0.83164585 -0.01964981
v -0.27116731 0.83407378 -0.01178988
v -0.27116731 0.83358616 -0.00392996
v -0.26391581 0.65630352 -0.21614785
v -0.26330739 0.65630352 -0.21684623
v -0.27034247 0.65630352 -0.20828794
v -0.26596019 0.65630352 0.17684825
v -0.26330739 0.65630352 0.18008596
v -0.26330739 0.65726072 -0.21614785
v -0.26357204 0.66416341 -0.20828794
v -0.26330739 0.66416341 -0.20861380
v -0.26957545 0.66416341 -0.20042801
v -0.27021965 0.66416341 0.16112840
v -0.26450312 0.66416341 0.16898833
v -0.26330739 0.66416341 0.17073874
v -0.26330739 0.66005933 0.17684825
v -0.26330739 0.66433424 -0.20828794
v -0.26330739 0.66962290 -0.20042801
v -0.26737288 0.67202336 -0.19256809
v -0.26330739 0.67202336 -0.19785756
v -0.26995936 0.67202336 0.15326849
v -0.26440591 0.67202336 0.16112840
v -0.26330739 0.67202336 0.16268334
v -0.26330739 0.66537833 0.16898833
v -0.26748917 0.67988324 -0.19256809
v -0.26330739 0.67988324 -0.19903721
v -0.26698136 0.67988324 -0.18470818
v -0.26931441 0.67988324 0.15326849
v -0.26330739 0.67988324 0.16073094
v -0.26330739 0.67831540 0.16112840
v -0.26817781 0.68774319 -0.19256809
v -0.26330739 0.68774319 -0.19996567
v -0.26889339 0.68774319 -0.18470818
v -0.26330739 0.68774319 0.15266497
v -0.26746073 0.69560313 -0.19256809
v -0.26330739 0.69560313 -0.19741777
v -0.26330739 0.69141459 0.15326849
v -0.26445532 0.69560313 0.15326849
v -0.26330739 0.69560313 0.15410370
v -0.26371893 0.70346302 -0.19256809
v -0.26330739 0.70346302 -0.19302359
v -0.27042055 0.70346302 -0.18470818
v -0.26682928 0.70346302 0.15326849
v -0.26330739 0.70346302 0.15731922
v -0.26330739 0.70460969 -0.19256809
v -0.26772973 0.71132296 -0.18470818
v -0.26330739 0.71132296 -0.18933332
v -0.26330739 0.71132296 0.15045713
v -0.26585123 0.71918291 -0.18470818
v -0.26330739 0.71918291 -0.18761732
v -0.26974365 0.71918291 0.14540856
v -0.26330739 0.71918291 0.15168309
v -0.26424658 0.72704279 -0.18470818
v -0.26330739 0.72704279 -0.18563741
v -0.26745346 0.72704279 0.14540856
v -0.26330739 0.72704279 0.15237235
v -0.26330739 0.73251486 -0.18470818
v -0.26971811 0.73490274 -0.17684825
v -0.26330739 0.73490274 -0.18430243
v -0.26875079 0.73490274 0.13754864
v -0.26330739 0.73490274 0.14300007
v -0.26330739 0.73262435 0.14540856
v -0.26741683 0.74276263 -0.17684825
v -0.26330739 0.74276263 -0.18383524
v -0.27068034 0.74276263 -0.16898833
v -0.26805207 0.74276263 0.13754864
v -0.26330739 0.74276263 0.14453197
v -0.26330739 0.75038153 -0.17684825
v -0.26330739 0.75028342 -0.16898833
v -0.26330739 0.75062257 -0.16859248
v -0.26347458 0.75062257 0.13754864
v -0.26330739 0.75062257 0.13776943
v -0.26438752 0.75848252 -0.16898833
v -0.26330739 0.75848252 -0.17139561
v -0.26330739 0.75243115 -0.16898833
v -0.26744273 0.75848252 -0.16112840
v -0.27029762 0.75848252 0.12968871
v -0.26330739 0.75848252 0.13513462
v -0.26330739 0.75090319 0.13754864
v -0.26526085 0.76634240 -0.16898833
v -0.26330739 0.76634240 -0.17179392
v -0.26461172 0.76634240 -0.15326849
v -0.26824552 0.76634240 0.12968871
v -0.26330739 0.76634240 0.13736166
v -0.26365340 0.77420235 -0.16898833
v -0.26330739 0.77420235 -0.16943657
v -0.26695287 0.77420235 -0.16112840
v -0.27006027 0.77420235 -0.15326849
v -0.26713678 0.77420235 0.12182879
v -0.26344734 0.77420235 0.12968871
v -0.26330739 0.77420235 0.13035314
v -0.26330739 0.77493954 -0.16898833
v -0.26330739 0.77950865 -0.16112840
v -0.26589537 0.78206223 -0.15326849
v -0.26330739 0.78206223 -0.15716355
v -0.26917642 0.78206223 0.11396887
v -0.26330739 0.78206223 0.11730828
v -0.26330739 0.77726853 0.12182879
v -0.26330739 0.77439952 0.12968871
v -0.26330739 0.78754789 -0.15326849
v -0.26875457 0.78992218 -0.14540856
v -0.26330739 0.78992218 -0.15228534
v -0.26906005 0.78992218 0.10610895
v -0.26399773 0.78992218 0.11396887
v -0.26330739 0.78992218 0.11478765
v -0.26451740 0.79778212 -0.14540856
v -0.26330739 0.79778212 -0.14751254
v -0.26876861 0.79778212 -0.13754864
v -0.26617336 0.79778212 0.09824903
v -0.26330739 0.79778212 0.10193805
v -0.26330739 0.79457688 0.10610895
v -0.26330739 0.79144567 0.11396887
v -0.26330739 0.79944509 -0.14540856
v -0.26385272 0.80564201 -0.13754864
v -0.26330739 0.80564201 -0.13837935
v -0.26676109 0.80564201 -0.12968871
v -0.27020365 0.80564201 -0.12182879
v -0.26655638 0.80564201 0.08252918
v -0.26521882 0.80564201 0.09038910
v -0.26438132 0.80564201 0.09824903
v -0.26330739 0.80564201 0.10041153
v -0.26330739 0.80647999 -0.13754864
v -0.26330739 0.81065452 -0.12968871
v -0.26361629 0.81350195 -0.12182879
v -0.26330739 0.81350195 -0.12283695
v -0.26546541 0.81350195 -0.11396887
v -0.26330739 0.81242317 -0.10610895
v -0.26423460 0.81350195 -0.09824903
v -0.26330739 0.81350195 -0.10012406
v -0.26911244 0.81350195 0.07466926
v -0.26330739 0.81350195 0.08011530
v -0.26330739 0.80868101 0.08252918
v -0.26330739 0.80929744 0.09038910
v -0.26330739 0.80913353 0.09824903
v -0.26330739 0.81466311 -0.12182879
v -0.26330739 0.81874025 -0.11396887
v -0.26461381 0.82136184 -0.09824903
v -0.27074024 0.82136184 -0.09038910
v -0.27055493 0.82136184 0.05108950
v -0.26895162 0.82136184 0.05894941
v -0.26794502 0.82136184 0.06680934
v -0.26330739 0.82136184 0.07414791
v -0.26330739 0.82079506 0.07466926
v -0.26395130 0.82922179 -0.09824903
v -0.26330739 0.82922179 -0.10051636
v -0.26554757 0.82922179 -0.09038910
v -0.26812029 0.82922179 -0.08252918
v -0.26745564 0.82922179 -0.07466926
v -0.26330739 0.82922179 -0.06525891
v -0.26449257 0.82922179 0.00392996
v -0.26525295 0.82922179 0.01178988
v -0.26330739 0.82922179 0.01431543
v -0.26330739 0.82646537 0.01964981
v -0.26633576 0.82922179 0.02750973
v -0.26961645 0.82922179 0.03536965
v -0.26836851 0.82922179 0.04322957
v -0.26379299 0.82922179 0.05108950
v -0.26367894 0.82922179 0.05894941
v -0.26330739 0.82922179 0.06420764
v -0.26330739 0.82894653 0.06680934
v -0.26330739 0.83018523 -0.09824903
v -0.26330739 0.83114946 -0.09038910
v -0.26330739 0.83415532 -0.08252918
v -0.26330739 0.83282518 -0.07466926
v -0.26678431 0.83708173 -0.05894941
v -0.26330739 0.83708173 -0.06291938
v -0.26877910 0.83708173 -0.05108950
v -0.26721168 0.83708173 -0.04322957
v -0.26330739 0.83708173 -0.03721152
v -0.26874653 0.83708173 -0.01178988
v -0.26897675 0.83708173 -0.00392996
v -0.26516432 0.83708173 0.00392996
v -0.26491570 0.83708173 0.01178988
v -0.26348633 0.83708173 0.01964981
v -0.26492062 0.83708173 0.02750973
v -0.26521260 0.83708173 0.03536965
v -0.26365376 0.83708173 0.04322957
v -0.26330739 0.83708173 0.04396572
v -0.26330739 0.82997316 0.05108950
v -0.26330739 0.82977599 0.05894941
v -0.26330739 0.84362429 -0.05894941
v -0.26330739 0.84395808 -0.05108950
v -0.26330739 0.84255904 -0.04322957
v -0.26330739 0.84482950 -0.01178988
v -0.26331297 0.84494162 -0.00392996
v -0.26330739 0.84494162 -0.00455895
v -0.26330739 0.84494162 -0.00383845
v -0.26330739 0.84305018 0.00392996
v -0.26330739 0.84180021 0.01178988
v -0.26330739 0.83771366 0.01964981
v -0.26330739 0.84017694 0.02750973
v -0.26330739 0.83988047 0.03536965
v -0.26330739 0.83757657 0.04322957
v -0.26330739 0.84494942 -0.00392996
v -0.25692338 0.65630352 -0.22400779
v -0.25544748 0.65630352 -0.22559701
v -0.25939140 0.65630352 0.18470818
v -0.25544748 0.65630352 0.18911427
v -0.25544748 0.65848434 -0.22400779
v -0.25612238 0.66416341 -0.21614785
v -0.25544748 0.66416341 -0.21692502
v -0.25838894 0.66416341 0.17684825
v -0.25544748 0.66416341 0.18046854
v -0.25544748 0.66143316 0.18470818
v -0.25544748 0.66454840 -0.21614785
v -0.25544748 0.66855347 -0.20828794
v -0.26023832 0.67202336 -0.20042801
v -0.25544748 0.67202336 -0.20402366
v -0.25812820 0.67202336 0.16898833
v -0.25544748 0.67202336 0.17161749
v -0.25544748 0.66628861 0.17684825
v -0.26134300 0.67988324 -0.20042801
v -0.25544748 0.67988324 -0.20367172
v -0.26299664 0.67988324 0.16112840
v -0.25739399 0.67988324 0.16898833
v -0.25544748 0.67988324 0.17098352
v -0.26281482 0.68774319 -0.20042801
v -0.25544748 0.68774319 -0.20670897
v -0.26192132 0.68774319 0.15326849
v -0.25544748 0.68774319 0.15995643
v -0.25544748 0.68378335 0.16898833
v -0.25930175 0.69560313 -0.20042801
v -0.25544748 0.69560313 -0.20433740
v -0.25544748 0.69558018 0.16112840
v -0.25544944 0.69560313 0.16112840
v -0.25544748 0.69560313 0.16113320
v -0.25544748 0.70344394 -0.20042801
v -0.25544748 0.70346302 -0.20042051
v -0.26058245 0.70346302 0.16112840
v -0.25544748 0.70229918 0.16898833
v -0.25584576 0.70346302 0.16898833
v -0.25544748 0.70346302 0.16947825
v -0.26078126 0.71132296 -0.19256809
v -0.25544748 0.71132296 -0.19921285
v -0.25544748 0.71132296 0.15296757
v -0.25635901 0.71132296 0.16112840
v -0.25544748 0.71132296 0.16535784
v -0.25544748 0.70623493 0.16898833
v -0.25934798 0.71918291 -0.19256809
v -0.25544748 0.71918291 -0.19991255
v -0.25544748 0.71205503 0.15326849
v -0.26022860 0.71918291 0.15326849
v -0.25596115 0.71918291 0.16112840
v -0.25544748 0.71918291 0.16217086
v -0.25544748 0.72516274 -0.19256809
v -0.25544748 0.72704279 -0.19077875
v -0.26282051 0.72704279 0.15326849
v -0.25685254 0.72704279 0.16112840
v -0.25544748 0.72704279 0.16282317
v -0.26153609 0.73490274 -0.18470818
v -0.25544748 0.73490274 -0.18673240
v -0.26123285 0.73490274 0.14540856
v -0.25992426 0.73490274 0.15326849
v -0.25553718 0.73490274 0.16112840
v -0.25544748 0.73490274 0.16124126
v -0.25567415 0.74276263 -0.19256809
v -0.25544748 0.74276263 -0.19293299
v -0.26258281 0.74276263 -0.18470818
v -0.26256502 0.74276263 0.14540856
v -0.25592542 0.74276263 0.15326849
v -0.25544748 0.74276263 0.15382844
v -0.25544748 0.73508072 0.16112840
v -0.25544748 0.74514115 -0.19256809
v -0.26077548 0.75062257 -0.18470818
v -0.25544748 0.75062257 -0.19189419
v -0.26315531 0.75062257 -0.17684825
v -0.26290509 0.75062257 -0.16898833
v -0.25832424 0.75062257 0.14540856
v -0.25544748 0.75062257 0.15026309
v -0.25544748 0.74430871 0.15326849
v -0.25690040 0.75848252 -0.18470818
v -0.25544748 0.75848252 -0.18703414
v -0.26087084 0.75848252 -0.17684825
v -0.25746301 0.75848252 0.13754864
v -0.25548327 0.75848252 0.14540856
v -0.25544748 0.75848252 0.14564782
v -0.25544748 0.76047206 -0.18470818
v -0.25544748 0.76602328 -0.17684825
v -0.25544748 0.76634240 -0.17662980
v -0.26316318 0.76634240 0.13754864
v -0.25678334 0.76634240 0.14540856
v -0.25544748 0.76634240 0.14703977
v -0.25544748 0.77420235 -0.17523299
v -0.26204029 0.77420235 0.13754864
v -0.25615969 0.77420235 0.14540856
v -0.25544748 0.77420235 0.14600366
v -0.25973848 0.78206223 -0.16898833
v -0.25544748 0.78206223 -0.17498815
v -0.26096955 0.78206223 -0.16112840
v -0.25636059 0.78206223 0.12182879
v -0.25867379 0.78206223 0.12968871
v -0.25903490 0.78206223 0.13754864
v -0.25544748 0.78206223 0.14455187
v -0.25544748 0.77856922 0.14540856
v -0.25556386 0.78992218 -0.16898833
v -0.25544748 0.78992218 -0.16918291
v -0.25751609 0.78992218 -0.16112840
v -0.26221612 0.78992218 -0.15326849
v -0.25919142 0.78992218 0.12182879
v -0.25813842 0.78992218 0.12968871
v -0.25544748 0.78992218 0.13584355
v -0.25544748 0.78861958 0.13754864
v -0.25544748 0.79018325 -0.16898833
v -0.25565344 0.79778212 -0.16112840
v -0.25544748 0.79778212 -0.16154020
v -0.25900030 0.79778212 -0.15326849
v -0.26083994 0.79778212 0.10610895
v -0.26159692 0.79778212 0.11396887
v -0.25942859 0.79778212 0.12182879
v -0.25544748 0.79778212 0.12858965
v -0.25544748 0.79626030 0.12968871
v -0.25544748 0.79804224 -0.16112840
v -0.25544748 0.80112094 -0.15326849
v -0.25718930 0.80564201 -0.14540856
v -0.25544748 0.80564201 -0.14743404
v -0.26059973 0.80564201 0.10610895
v -0.25843129 0.80564201 0.11396887
v -0.25544748 0.80564201 0.12068799
v -0.25544748 0.80477637 0.12182879
v -0.25582287 0.81350195 -0.14540856
v -0.25544748 0.81350195 -0.14600019
v -0.25915664 0.81350195 -0.13754864
v -0.26164076 0.81350195 -0.12968871
v -0.26056951 0.81350195 0.08252918
v -0.26166809 0.81350195 0.09038910
v -0.26196983 0.81350195 0.09824903
v -0.25727254 0.81350195 0.10610895
v -0.25544748 0.81350195 0.10957225
v -0.25544748 0.81032598 0.11396887
v -0.25544748 0.81430787 -0.14540856
v -0.25544748 0.81952941 -0.13754864
v -0.25676289 0.82136184 -0.12968871
v -0.25544748 0.82136184 -0.13343813
v -0.26186797 0.82136184 -0.12182879
v -0.26273945 0.82136184 -0.11396887
v -0.25544748 0.81962752 0.08252918
v -0.25898442 0.82136184 0.09038910
v -0.25666556 0.82136184 0.09824903
v -0.25544748 0.82136184 0.09986848
v -0.25544748 0.81565052 0.10610895
v -0.25544748 0.82246715 -0.12968871
v -0.25544748 0.82850629 -0.12182879
v -0.25926721 0.82922179 -0.11396887
v -0.25544748 0.82922179 -0.12073842
v -0.26178071 0.82922179 -0.10610895
v -0.26310968 0.82922179 0.06680934
v -0.25544748 0.82922179 0.07401887
v -0.25544748 0.82377863 0.07466926
v -0.25544748 0.82609934 0.09038910
v -0.25544748 0.82284915 0.09824903
v -0.25544748 0.83427382 -0.11396887
v -0.25615621 0.83708173 -0.10610895
v -0.25544748 0.83708173 -0.10797600
v -0.25614506 0.83708173 -0.09824903
v -0.26021379 0.83708173 -0.07466926
v -0.25909835 0.83708173 -0.06680934
v -0.26206231 0.83708173 -0.03536965
v -0.25633484 0.83708173 0.05108950
v -0.25729516 0.83708173 0.05894941
v -0.25770670 0.83708173 0.06680934
v -0.25544748 0.83708173 0.07239533
v -0.25544748 0.83776951 -0.10610895
v -0.25544748 0.83787245 -0.09824903
v -0.25852752 0.84494162 -0.07466926
v -0.25544748 0.84494162 -0.08245752
v -0.26013452 0.84494162 -0.06680934
v -0.26260704 0.84494162 -0.05894941
v -0.26202014 0.84494162 -0.05108950
v -0.25987083 0.84494162 -0.04322957
v -0.26162893 0.84494162 -0.03536965
v -0.26075816 0.84494162 -0.01964981
v -0.26325029 0.84494162 -0.01178988
v -0.26283684 0.84494162 0.00392996
v -0.26224035 0.84494162 0.01178988
v -0.26105350 0.84494162 0.01964981
v -0.26054090 0.84494162 0.02750973
v -0.25931171 0.84494162 0.03536965
v -0.25649402 0.84494162 0.04322957
v -0.25544748 0.84494162 0.04447795
v -0.25544748 0.83780742 0.05108950
v -0.25544748 0.83899659 0.05894941
v -0.25544748 0.83993995 0.06680934
v -0.25544748 0.84892607 -0.07466926
v -0.25544748 0.85128510 -0.06680934
v -0.25583637 0.85280156 -0.05894941
v -0.25544748 0.85280156 -0.06085083
v -0.25544748 0.85280156 -0.05748090
v -0.25544748 0.85066086 -0.05108950
v -0.25544748 0.84799755 -0.04322957
v -0.25620821 0.85280156 -0.03536965
v -0.25544748 0.85280156 -0.03690593
v -0.25712156 0.85280156 -0.02750973
v -0.25791425 0.85280156 -0.01964981
v -0.25784659 0.85280156 -0.01178988
v -0.25722566 0.85280156 -0.00392996
v -0.25719532 0.85280156 0.00392996
v -0.25544748 0.85280156 0.00952483
v -0.25544748 0.85201418 0.01178988
v -0.25544748 0.84934711 0.01964981
v -0.25544748 0.85012692 0.02750973
v -0.25544748 0.84884584 0.03536965
v -0.25544748 0.84590769 0.04322957
v -0.25544748 0.85317922 -0.05894941
v -0.25544748 0.85385382 -0.03536965
v -0.25544748 0.85486537 -0.02750973
v -0.25544748 0.85564828 -0.01964981
v -0.25544748 0.85518593 -0.01178988
v -0.25544748 0.85468739 -0.00392996
v -0.25544748 0.85498983 0.00392996
v -0.24958611 0.65630352 -0.23186770
v -0.24758755 0.65630352 -0.23394878
v -0.25222662 0.65630352 0.19256809
v -0.24758755 0.65630352 0.19743533
v -0.24758755 0.65910417 -0.23186770
v -0.24914901 0.66416341 -0.22400779
v -0.24758755 0.66416341 -0.22565740
v -0.25078741 0.66416341 0.18470818
v -0.24758755 0.66416341 0.18788867
v -0.24758755 0.66162759 0.19256809
v -0.24758755 0.66529620 -0.22400779
v -0.24783072 0.67202336 -0.21614785
v -0.24758755 0.67202336 -0.21649495
v -0.25219280 0.67202336 -0.20828794
v -0.24758755 0.67176127 0.17684825
v -0.24758755 0.67202336 0.17666727
v -0.24758755 0.66554350 0.18470818
v -0.24820460 0.67988324 -0.21614785
v -0.24758755 0.67988324 -0.21700329
v -0.25159416 0.67988324 -0.20828794
v -0.24758755 0.67549598 0.17684825
v -0.24791515 0.67988324 0.17684825
v -0.24758755 0.67988324 0.17714329
v -0.24868572 0.68774319 -0.21614785
v -0.24758755 0.68774319 -0.21736446
v -0.25407803 0.68774319 -0.20828794
v -0.25494435 0.68774319 0.16112840
v -0.25370231 0.68774319 0.16898833
v -0.24956261 0.68774319 0.17684825
v -0.24758755 0.68774319 0.17960910
v -0.24838960 0.69560313 -0.21614785
v -0.24758755 0.69560313 -0.21708135
v -0.25291550 0.69560313 -0.20828794
v -0.25311095 0.69560313 0.16898833
v -0.24864793 0.69560313 0.17684825
v -0.24758755 0.69560313 0.17836216
v -0.24758755 0.70101571 -0.21614785
v -0.25036845 0.70346302 -0.20828794
v -0.24758755 0.70346302 -0.21520261
v -0.25543717 0.70346302 -0.20042801
v -0.24785188 0.70346302 0.17684825
v -0.24758755 0.70346302 0.17709987
v -0.24829647 0.71132296 -0.20828794
v -0.24758755 0.71132296 -0.20989941
v -0.25411004 0.71132296 -0.20042801
v -0.25458017 0.71132296 0.16898833
v -0.24758755 0.71132296 0.17572808
v -0.24758755 0.70484203 0.17684825
v -0.24924167 0.71918291 -0.20828794
v -0.24758755 0.71918291 -0.21051461
v -0.25518888 0.71918291 -0.20042801
v -0.25152442 0.71918291 0.16898833
v -0.24758755 0.71918291 0.17302419
v -0.24875240 0.72704279 -0.20828794
v -0.24758755 0.72704279 -0.20979795
v -0.25227237 0.72704279 -0.20042801
v -0.25371504 0.72704279 -0.19256809
v -0.24979000 0.72704279 0.16898833
v -0.24758755 0.72704279 0.17093940
v -0.24758755 0.73108572 -0.20828794
v -0.25010777 0.73490274 -0.20042801
v -0.24758755 0.73490274 -0.20588304
v -0.25061545 0.73490274 -0.19256809
v -0.24915765 0.73490274 0.16898833
v -0.24758755 0.73490274 0.17066020
v -0.25078425 0.74276263 -0.20042801
v -0.24758755 0.74276263 -0.20411703
v -0.24815178 0.74276263 0.16112840
v -0.24758755 0.74276263 0.16335687
v -0.24758755 0.74017054 0.16898833
v -0.24838966 0.75062257 -0.20042801
v -0.24758755 0.75062257 -0.20130388
v -0.25489691 0.75062257 -0.19256809
v -0.25202939 0.75062257 0.15326849
v -0.24758755 0.75062257 0.15779607
v -0.24758755 0.74437529 0.16112840
v -0.24758755 0.75366384 -0.20042801
v -0.25233546 0.75848252 -0.19256809
v -0.24758755 0.75848252 -0.19889863
v -0.25430763 0.75848252 0.15326849
v -0.24844123 0.75848252 0.16112840
v -0.24758755 0.75848252 0.16214940
v -0.24989074 0.76634240 -0.19256809
v -0.24758755 0.76634240 -0.19601299
v -0.25090310 0.76634240 -0.18470818
v -0.25460494 0.76634240 -0.17684825
v -0.24941514 0.76634240 0.15326849
v -0.24758755 0.76634240 0.15589981
v -0.24758755 0.76032060 0.16112840
v -0.24758755 0.77154052 -0.19256809
v -0.24763042 0.77420235 -0.18470818
v -0.24758755 0.77420235 -0.18494049
v -0.24980415 0.77420235 -0.17684825
v -0.24758755 0.76874924 0.15326849
v -0.24758755 0.77420235 0.15019952
v -0.24804653 0.78206223 -0.18470818
v -0.24758755 0.78206223 -0.18540204
v -0.25387660 0.78206223 -0.17684825
v -0.25485441 0.78206223 0.14540856
v -0.24758755 0.78206223 0.15242884
v -0.24758755 0.78290874 -0.18470818
v -0.24998386 0.78992218 -0.17684825
v -0.24758755 0.78992218 -0.17968346
v -0.25315478 0.78992218 0.13754864
v -0.24847104 0.78992218 0.14540856
v -0.24758755 0.78992218 0.14668044
v -0.24758755 0.79405785 -0.17684825
v -0.25141239 0.79778212 -0.16898833
v -0.24758755 0.79778212 -0.17401375
v -0.25402123 0.79778212 0.12968871
v -0.24758755 0.79778212 0.13258654
v -0.24758755 0.79201418 0.13754864
v -0.24758755 0.79060388 0.14540856
v -0.24758755 0.80327696 -0.16898833
v -0.24758755 0.80425894 -0.16112840
v -0.24758755 0.80531019 -0.15326849
v -0.24758755 0.80564201 -0.15293393
v -0.25487989 0.80564201 0.12182879
v -0.24881890 0.80564201 0.12968871
v -0.24758755 0.80564201 0.13103496
v -0.24851565 0.81350195 -0.15326849
v -0.24758755 0.81350195 -0.15427747
v -0.25185961 0.81350195 0.11396887
v -0.24842533 0.81350195 0.12182879
v -0.24758755 0.81350195 0.12346960
v -0.24758755 0.80773759 0.12968871
v -0.24758755 0.81638163 -0.15326849
v -0.25183684 0.82136184 -0.14540856
v -0.24758755 0.82136184 -0.15156759
v -0.25394544 0.82136184 -0.13754864
v -0.24759024 0.82136184 0.10610895
v -0.24758755 0.82136184 0.10611207
v -0.24758755 0.81661874 0.11396887
v -0.24758755 0.81457436 0.12182879
v -0.24758755 0.82649982 -0.14540856
v -0.24758755 0.82763904 -0.13754864
v -0.24758755 0.82505208 -0.12968871
v -0.25305325 0.82922179 -0.12182879
v -0.24758755 0.82922179 -0.12422092
v -0.25460541 0.82922179 0.07466926
v -0.25339457 0.82922179 0.09038910
v -0.25000510 0.82922179 0.09824903
v -0.24758755 0.82922179 0.10176966
v -0.24758755 0.82136631 0.10610895
v -0.24868074 0.83708173 -0.12182879
v -0.24758755 0.83708173 -0.12428939
v -0.25236604 0.83708173 -0.11396887
v -0.25453585 0.83708173 0.07466926
v -0.25056890 0.83708173 0.08252918
v -0.24843673 0.83708173 0.09038910
v -0.24758755 0.83708173 0.09296238
v -0.24758755 0.83357006 0.09824903
v -0.24758755 0.83939123 -0.12182879
v -0.24758755 0.84046656 -0.11396887
v -0.24994926 0.84494162 -0.09824903
v -0.24758755 0.84494162 -0.10053465
v -0.25149184 0.84494162 -0.09038910
v -0.25541744 0.84494162 -0.08252918
v -0.24758755 0.84487289 0.05108950
v -0.24758755 0.84494162 0.05102857
v -0.24915890 0.84494162 0.05894941
v -0.24758755 0.84494162 0.05129014
v -0.25115484 0.84494162 0.06680934
v -0.24867834 0.84494162 0.07466926
v -0.24758755 0.84494162 0.07689425
v -0.24758755 0.84130973 0.08252918
v -0.24758755 0.83811051 0.09038910
v -0.24758755 0.84879905 -0.09824903
v -0.24868056 0.85280156 -0.09038910
v -0.24758755 0.85280156 -0.09329208
v -0.25035381 0.85280156 -0.08252918
v -0.25216162 0.85280156 -0.07466926
v -0.25403699 0.85280156 -0.06680934
v -0.25349346 0.85280156 -0.05108950
v -0.25263450 0.85280156 -0.04322957
v -0.25338396 0.85280156 0.01178988
v -0.24758755 0.85280156 0.01565580
v -0.25135693 0.85280156 0.02750973
v -0.25008988 0.85280156 0.03536965
v -0.24758755 0.85280156 0.04312463
v -0.24758755 0.85275310 0.04322957
v -0.24758755 0.84711111 0.05894941
v -0.24758755 0.84873676 0.06680934
v -0.24758755 0.84612739 0.07466926
v -0.24758755 0.85418004 -0.09038910
v -0.24758755 0.85631585 -0.08252918
v -0.24758755 0.85777181 -0.07466926
v -0.24758755 0.85773164 -0.06680934
v -0.24758755 0.85773116 -0.05894941
v -0.24758755 0.85941285 -0.05108950
v -0.24949791 0.86066151 -0.04322957
v -0.24758755 0.86066151 -0.04855387
v -0.25023597 0.86066151 -0.03536965
v -0.24758755 0.86066151 -0.02830968
v -0.24758755 0.86042643 -0.02750973
v -0.24771972 0.86066151 -0.01964981
v -0.24758755 0.86066151 -0.02146097
v -0.25025868 0.86066151 0.00392996
v -0.24809325 0.86066151 0.01178988
v -0.24758755 0.86066151 0.01266887
v -0.24758755 0.85692269 0.02750973
v -0.24758755 0.85541105 0.03536965
v -0.24758755 0.86297053 -0.04322957
v -0.24758755 0.86328143 -0.03536965
v -0.24758755 0.86077601 -0.01964981
v -0.24758755 0.86343718 0.00392996
v -0.24758755 0.86133045 0.01178988
v -0.24185055 0.65630352 -0.23972763
v -0.23972763 0.65630352 -0.24178933
v -0.24469122 0.65630352 0.20042801
v -0.23972763 0.65630352 0.20534946
v -0.23972763 0.65901566 -0.23972763
v -0.24160752 0.66416341 -0.23186770
v -0.23972763 0.66416341 -0.23364025
v -0.24290639 0.66416341 0.19256809
v -0.23972763 0.66416341 0.19579177
v -0.23972763 0.66175640 0.20042801
v -0.23972763 0.66551912 -0.23186770
v -0.24170268 0.67202336 -0.22400779
v -0.23972763 0.67202336 -0.22604989
v -0.24726385 0.67202336 0.17684825
v -0.23972763 0.67202336 0.18325879
v -0.23972763 0.67055154 0.18470818
v -0.23972763 0.66596299 0.19256809
v -0.23972763 0.67675757 -0.22400779
v -0.23972763 0.67988324 -0.22288269
v -0.23972763 0.67636466 0.18470818
v -0.24064235 0.67988324 0.18470818
v -0.23972763 0.67988324 0.18593664
v -0.23972763 0.68774319 -0.22286589
v -0.24350826 0.68774319 0.18470818
v -0.23972763 0.68774319 0.18808465
v -0.24052356 0.69560313 -0.22400779
v -0.23972763 0.69560313 -0.22489505
v -0.23972763 0.69270772 -0.22400779
v -0.24257705 0.69560313 0.18470818
v -0.23972763 0.69560313 0.18720721
v -0.23972763 0.69786412 -0.22400779
v -0.24714559 0.70346302 -0.21614785
v -0.23972763 0.70346302 -0.22232309
v -0.23972763 0.70281923 0.18470818
v -0.23972763 0.70346302 0.18448497
v -0.24395004 0.71132296 -0.21614785
v -0.23972763 0.71132296 -0.21901150
v -0.24639307 0.71132296 0.17684825
v -0.23972763 0.71132296 0.18254974
v -0.24319638 0.71918291 -0.21614785
v -0.23972763 0.71918291 -0.21947108
v -0.24298644 0.71918291 0.17684825
v -0.23972763 0.71918291 0.18054686
v -0.24283731 0.72704279 -0.21614785
v -0.23972763 0.72704279 -0.22037214
v -0.23972763 0.72244167 0.17684825
v -0.23972763 0.72704279 0.17358176
v -0.24012047 0.73490274 -0.21614785
v -0.23972763 0.73490274 -0.21667376
v -0.24637455 0.73490274 -0.20828794
v -0.23972763 0.73490274 0.17655826
v -0.23972763 0.73564619 -0.21614785
v -0.24318385 0.74276263 -0.20828794
v -0.23972763 0.74276263 -0.21150957
v -0.24687934 0.74276263 0.16898833
v -0.23972763 0.73878676 0.17684825
v -0.24006553 0.74276263 0.17684825
v -0.23972763 0.74276263 0.17718767
v -0.23972763 0.75006461 -0.20828794
v -0.23972763 0.75062257 -0.20808873
v -0.24438061 0.75062257 0.16898833
v -0.23972763 0.75062257 0.17441133
v -0.23972763 0.74379218 0.17684825
v -0.24601038 0.75848252 -0.20042801
v -0.23972763 0.75848252 -0.20515566
v -0.24209133 0.75848252 0.16898833
v -0.23972763 0.75848252 0.17150812
v -0.24343157 0.76634240 -0.20042801
v -0.23972763 0.76634240 -0.20352906
v -0.24505991 0.76634240 0.16112840
v -0.23976775 0.76634240 0.16898833
v -0.23972763 0.76634240 0.16903523
v -0.23973913 0.77420235 -0.20042801
v -0.23972763 0.77420235 -0.20044157
v -0.24621049 0.77420235 -0.19256809
v -0.24374519 0.77420235 0.15326849
v -0.23972763 0.77420235 0.16034260
v -0.23972763 0.77373809 0.16112840
v -0.23972763 0.76642036 0.16898833
v -0.23972763 0.77422631 -0.20042801
v -0.24220502 0.78206223 -0.19256809
v -0.23972763 0.78206223 -0.19565606
v -0.24659619 0.78206223 0.15326849
v -0.23972763 0.78206223 0.15878251
v -0.23972763 0.78443658 -0.19256809
v -0.23972763 0.78872657 -0.18470818
v -0.23972763 0.78992218 -0.18363993
v -0.24348225 0.78992218 0.15326849
v -0.23972763 0.78992218 0.15669808
v -0.24526301 0.79778212 -0.17684825
v -0.23972763 0.79778212 -0.18086882
v -0.23972763 0.79613554 0.13754864
v -0.23972763 0.79778212 0.13665861
v -0.23974514 0.79778212 0.14540856
v -0.23972763 0.79778212 0.14548148
v -0.23972763 0.79505688 0.15326849
v -0.24107580 0.80564201 -0.17684825
v -0.23972763 0.80564201 -0.17857811
v -0.24611016 0.80564201 -0.16898833
v -0.24531829 0.80564201 -0.16112840
v -0.24714109 0.80564201 -0.15326849
v -0.24257956 0.80564201 0.13754864
v -0.23972763 0.80564201 0.14364459
v -0.23972763 0.80767620 -0.17684825
v -0.23972763 0.81284362 -0.16898833
v -0.24029113 0.81350195 -0.16112840
v -0.23972763 0.81350195 -0.16419186
v -0.24423362 0.81350195 0.12968871
v -0.23972763 0.81350195 0.13677603
v -0.23972763 0.81249917 0.13754864
v -0.23972763 0.81467587 -0.16112840
v -0.24608341 0.82136184 -0.15326849
v -0.23972763 0.82136184 -0.15884806
v -0.24128580 0.82136184 0.11396887
v -0.24234498 0.82136184 0.12182879
v -0.23972763 0.82136184 0.12747416
v -0.23972763 0.81982327 0.12968871
v -0.24105558 0.82922179 -0.15326849
v -0.23972763 0.82922179 -0.15505470
v -0.24505979 0.82922179 -0.14540856
v -0.24589865 0.82922179 -0.13754864
v -0.24325474 0.82922179 -0.12968871
v -0.24493535 0.82922179 0.10610895
v -0.24085289 0.82922179 0.11396887
v -0.23972763 0.82922179 0.11802092
v -0.23972763 0.82663494 0.12182879
v -0.23972763 0.83087748 -0.15326849
v -0.23972763 0.83519316 -0.14540856
v -0.24154066 0.83708173 -0.13754864
v -0.23972763 0.83708173 -0.14152430
v -0.24528220 0.83708173 -0.12968871
v -0.24574994 0.83708173 0.09824903
v -0.24161747 0.83708173 0.10610895
v -0.23972763 0.83708173 0.11007273
v -0.23972763 0.83247054 0.11396887
v -0.23972763 0.83949190 -0.13754864
v -0.24070305 0.84494162 -0.12968871
v -0.23972763 0.84494162 -0.13118638
v -0.24492612 0.84494162 -0.12182879
v -0.24179479 0.84494162 -0.11396887
v -0.23972763 0.84494162 -0.10870513
v -0.23972763 0.84353435 -0.10610895
v -0.24754947 0.84494162 0.05108950
v -0.24237563 0.84494162 0.08252918
v -0.23972763 0.84494162 0.08789546
v -0.23972763 0.84442937 0.09038910
v -0.23972763 0.84272993 0.09824903
v -0.23972763 0.83894104 0.10610895
v -0.23972763 0.84584808 -0.12968871
v -0.23972763 0.85060424 -0.12182879
v -0.23972763 0.85090256 -0.11396887
v -0.24515255 0.85280156 -0.09824903
v -0.23972763 0.85280156 -0.10582123
v -0.24493721 0.85280156 0.01964981
v -0.24755895 0.85280156 0.04322957
v -0.24615729 0.85280156 0.05108950
v -0.23972763 0.85243058 0.05894941
v -0.23972763 0.85280156 0.05855760
v -0.24070682 0.85280156 0.06680934
v -0.23972763 0.85280156 0.06146980
v -0.24034001 0.85280156 0.07466926
v -0.23972763 0.85280156 0.07539377
v -0.23972763 0.84663558 0.08252918
v -0.23972763 0.85764527 -0.09824903
v -0.24189745 0.86066151 -0.09038910
v -0.23972763 0.86066151 -0.09377523
v -0.24462682 0.86066151 -0.08252918
v -0.24441275 0.86066151 -0.07466926
v -0.23972763 0.85735399 -0.05894941
v -0.24497786 0.86066151 -0.05108950
v -0.23972763 0.86066151 -0.05457672
v -0.24705811 0.86066151 -0.02750973
v -0.24342792 0.86066151 0.01964981
v -0.24431062 0.86066151 0.02750973
v -0.24395436 0.86066151 0.03536965
v -0.24353142 0.86066151 0.04322957
v -0.24194105 0.86066151 0.05108950
v -0.23972763 0.86066151 0.05416074
v -0.23972763 0.85350066 0.06680934
v -0.23972763 0.85335207 0.07466926
v -0.23972763 0.86290842 -0.09038910
v -0.23972763 0.86637878 -0.08252918
v -0.23972763 0.86552536 -0.07466926
v -0.23972763 0.86568916 -0.05108950
v -0.24129570 0.86852139 -0.04322957
v -0.23972763 0.86852139 -0.04736456
v -0.24158107 0.86852139 -0.03536965
v -0.23975371 0.86852139 -0.02750973
v -0.24203579 0.86852139 -0.01964981
v -0.24127153 0.86852139 -0.01178988
v -0.23999514 0.86852139 -0.00392996
v -0.24220340 0.86852139 0.00392996
v -0.24209403 0.86852139 0.01178988
v -0.23972763 0.86852139 0.01757317
v -0.23972763 0.86702418 0.01964981
v -0.23972763 0.86402583 0.02750973
v -0.23972763 0.86584246 0.03536965
v -0.23972763 0.86592019 0.04322957
v -0.23972763 0.86320585 0.05108950
v -0.23972763 0.86966747 -0.04322957
v -0.23972763 0.87009227 -0.03536965
v -0.23972763 0.86855114 -0.02750973
v -0.23972763 0.87124723 -0.01964981
v -0.23972763 0.87086344 -0.01178988
v -0.23972763 0.86891264 -0.00392996
v -0.23972763 0.87069768 0.00392996
v -0.23972763 0.87063366 0.01178988
v -0.23336212 0.65630352 -0.24758755
v -0.23186770 0.65630352 -0.24890351
v -0.23651300 0.65630352 0.20828794
v -0.23186770 0.65630352 0.21243690
v -0.23186770 0.65792030 -0.24758755
v -0.23186770 0.66397202 -0.23972763
v -0.23186770 0.66416341 -0.23943283
v -0.23784031 0.66416341 0.20042801
v -0.23186770 0.66416341 0.20625208
v -0.23186770 0.66132259 0.20828794
v -0.23270909 0.67202336 -0.23186770
v -0.23186770 0.67202336 -0.23257692
v -0.23890464 0.67202336 0.18470818
v -0.23651834 0.67202336 0.19256809
v -0.23358059 0.67202336 0.20042801
v -0.23186770 0.67202336 0.20216225
v -0.23186770 0.67353320 -0.23186770
v -0.23546413 0.67988324 -0.22400779
v -0.23186770 0.67988324 -0.22620381
v -0.23601823 0.67988324 0.19256809
v -0.23186770 0.67988324 0.19889803
v -0.23186770 0.67740315 0.20042801
v -0.23211272 0.68774319 -0.23186770
v -0.23186770 0.68774319 -0.23238042
v -0.23186770 0.68704629 -0.23186770
v -0.23715897 0.68774319 -0.22400779
v -0.23471820 0.68774319 0.19256809
v -0.23186770 0.68774319 0.19567291
v -0.23451895 0.69560313 -0.23186770
v -0.23186770 0.69560313 -0.23543301
v -0.23326480 0.69560313 0.19256809
v -0.23186770 0.69560313 0.19406198
v -0.23186770 0.70137513 -0.23186770
v -0.23554760 0.70346302 -0.22400779
v -0.23186770 0.70346302 -0.22873212
v -0.23881944 0.70346302 0.18470818
v -0.23186770 0.70346302 0.18770973
v -0.23186770 0.69792598 0.19256809
v -0.23186770 0.70554757 -0.22400779
v -0.23186770 0.71132296 -0.21919692
v -0.23186770 0.71108127 0.18470818
v -0.23186770 0.71132296 0.18465360
v -0.23186770 0.71918291 -0.22533190
v -0.23639265 0.71918291 0.18470818
v -0.23186770 0.71918291 0.18946411
v -0.23680858 0.72704279 -0.22400779
v -0.23186770 0.72704279 -0.22900976
v -0.23330785 0.72704279 0.17684825
v -0.23347564 0.72704279 0.18470818
v -0.23186770 0.72704279 0.18759868
v -0.23407178 0.73490274 -0.22400779
v -0.23186770 0.73490274 -0.22617893
v -0.23909882 0.73490274 0.17684825
v -0.23291969 0.73490274 0.18470818
v -0.23186770 0.73490274 0.18607961
v -0.23186770 0.74154818 -0.22400779
v -0.23493013 0.74276263 -0.21614785
v -0.23186770 0.74276263 -0.22290884
v -0.23186770 0.74012089 0.18470818
v -0.23186770 0.74276263 0.18414892
v -0.23186770 0.74797052 -0.21614785
v -0.23824406 0.75062257 -0.20828794
v -0.23186770 0.75062257 -0.21152906
v -0.23510398 0.75062257 0.17684825
v -0.23186770 0.75062257 0.17881994
v -0.23186770 0.75805229 -0.20828794
v -0.23186770 0.75848252 -0.20822389
v -0.23186770 0.75793010 0.17684825
v -0.23186770 0.75848252 0.17675075
v -0.23430264 0.76634240 -0.20828794
v -0.23186770 0.76634240 -0.21161218
v -0.23186770 0.75866985 -0.20828794
v -0.23186770 0.76291460 0.17684825
v -0.23196839 0.76634240 0.17684825
v -0.23186770 0.76634240 0.17694035
v -0.23372385 0.77420235 -0.20828794
v -0.23186770 0.77420235 -0.21042652
v -0.23903249 0.77420235 0.16112840
v -0.23356253 0.77420235 0.16898833
v -0.23186770 0.77420235 0.17108211
v -0.23186770 0.76656079 0.17684825
v -0.23186770 0.77823365 -0.20828794
v -0.23592797 0.78206223 -0.20042801
v -0.23186770 0.78206223 -0.20571107
v -0.23432800 0.78206223 0.16112840
v -0.23186770 0.78206223 0.16257264
v -0.23186770 0.77578580 0.16898833
v -0.23186770 0.78774470 -0.20042801
v -0.23430809 0.78992218 0.16112840
v -0.23186770 0.78992218 0.16306520
v -0.23768085 0.79778212 0.15326849
v -0.23186770 0.79778212 0.15883002
v -0.23186770 0.79371756 0.16112840
v -0.23430270 0.80564201 -0.18470818
v -0.23186770 0.80564201 -0.18792430
v -0.23870316 0.80564201 0.14540856
v -0.23186770 0.80564201 0.15114675
v -0.23186770 0.80321360 0.15326849
v -0.23186770 0.80982900 -0.18470818
v -0.23535146 0.81350195 -0.17684825
v -0.23186770 0.81350195 -0.18172406
v -0.23876108 0.81350195 -0.16898833
v -0.23914757 0.81350195 0.13754864
v -0.23186770 0.81350195 0.14523046
v -0.23186770 0.81333250 0.14540856
v -0.23186770 0.81832480 -0.17684825
v -0.23280768 0.82136184 -0.16898833
v -0.23186770 0.82136184 -0.17160831
v -0.23694812 0.82136184 -0.16112840
v -0.23840201 0.82136184 0.12968871
v -0.23186770 0.82136184 0.13754636
v -0.23186770 0.82135981 0.13754864
v -0.23186770 0.82394028 -0.16898833
v -0.23424993 0.82922179 -0.16112840
v -0.23186770 0.82922179 -0.16510424
v -0.23859906 0.82922179 0.12182879
v -0.23263276 0.82922179 0.12968871
v -0.23186770 0.82922179 0.13065034
v -0.23186770 0.83177495 -0.16112840
v -0.23241790 0.83708173 -0.15326849
v -0.23186770 0.83708173 -0.15392907
v -0.23759288 0.83708173 -0.14540856
v -0.23776786 0.83708173 0.11396887
v -0.23263983 0.83708173 0.12182879
v -0.23186770 0.83708173 0.12264650
v -0.23186770 0.83000183 0.12968871
v -0.23186770 0.83761984 -0.15326849
v -0.23186770 0.84393638 -0.14540856
v -0.23515740 0.84494162 -0.13754864
v -0.23186770 0.84494162 -0.14390729
v -0.23892204 0.84494162 -0.10610895
v -0.23622805 0.84494162 0.09038910
v -0.23186770 0.84494162 0.08603242
v -0.23369183 0.84494162 0.09824903
v -0.23186770 0.84494162 0.09990230
v -0.23186770 0.84249657 0.10610895
v -0.23186770 0.84265929 0.11396887
v -0.23186770 0.83793658 0.12182879
v -0.23186770 0.84803653 -0.13754864
v -0.23186770 0.85204464 -0.12968871
v -0.23748866 0.85280156 -0.12182879
v -0.23186770 0.85280156 -0.12870359
v -0.23930420 0.85280156 -0.11396887
v -0.23950221 0.85280156 -0.10610895
v -0.23896503 0.85280156 0.05894941
v -0.23186770 0.85280156 0.07936163
v -0.23186770 0.84645456 0.09038910
v -0.23186770 0.84635538 0.09824903
v -0.23186770 0.85805869 -0.12182879
v -0.23295526 0.86066151 -0.11396887
v -0.23186770 0.86066151 -0.11621276
v -0.23186770 0.86066151 -0.10806020
v -0.23186770 0.86020875 -0.10610895
v -0.23186770 0.85699683 -0.09824903
v -0.23688143 0.86066151 -0.05894941
v -0.23543631 0.86066151 0.05894941
v -0.23314738 0.86066151 0.06680934
v -0.23186770 0.86066151 0.07361805
v -0.23186770 0.86038274 0.07466926
v -0.23186770 0.86167914 -0.11396887
v -0.23329431 0.86852139 -0.09038910
v -0.23186770 0.86852139 -0.09191345
v -0.23751073 0.86852139 -0.08252918
v -0.23741220 0.86852139 -0.07466926
v -0.23577470 0.86852139 -0.06680934
v -0.23779677 0.86852139 -0.05108950
v -0.23826331 0.86852139 0.01964981
v -0.23186770 0.86852139 0.02527406
v -0.23186770 0.86608809 0.02750973
v -0.23600923 0.86852139 0.03536965
v -0.23704281 0.86852139 0.04322957
v -0.23426810 0.86852139 0.05108950
v -0.23186770 0.86852139 0.05568352
v -0.23186770 0.86588889 0.05894941
v -0.23186770 0.86222130 0.06680934
v -0.23186770 0.86975300 -0.09038910
v -0.23186770 0.87316102 -0.08252918
v -0.23186770 0.87392104 -0.07466926
v -0.23186770 0.87546623 -0.06680934
v -0.23186770 0.87450063 -0.05108950
v -0.23186770 0.87468332 -0.04322957
v -0.23186770 0.87398964 -0.03536965
v -0.23186770 0.87447679 -0.02750973
v -0.23415458 0.87638134 -0.01964981
v -0.23186770 0.87638134 -0.02344340
v -0.23523709 0.87638134 -0.01178988
v -0.23421077 0.87638134 -0.00392996
v -0.23186770 0.87638134 0.00261046
v -0.23186770 0.87605858 0.00392996
v -0.23232014 0.87638134 0.01178988
v -0.23186770 0.87638134 0.00805505
v -0.23186770 0.87638134 0.01681435
v -0.23186770 0.87593782 0.01964981
v -0.23186770 0.87220752 0.03536965
v -0.23186770 0.87308520 0.04322957
v -0.23186770 0.87055022 0.05108950
v -0.23186770 0.87811351 -0.01964981
v -0.23186770 0.87908280 -0.01178988
v -0.23186770 0.87829530 -0.00392996
v -0.23186770 0.87674987 0.01178988
v -0.22400779 0.65630352 -0.25533319
v -0.22746430 0.65630352 0.21614785
v -0.22400779 0.65630352 0.21905982
v -0.22400779 0.66273576 -0.24758755
v -0.23104736 0.66416341 -0.23972763
v -0.22400779 0.66416341 -0.24387017
v -0.22724921 0.66416341 0.20828794
v -0.22400779 0.66416341 0.21060264
v -0.22400779 0.65964049 0.21614785
v -0.22400779 0.66820723 -0.23972763
v -0.22400779 0.67202336 -0.23790705
v -0.22400779 0.66648799 0.20828794
v -0.22400779 0.67202336 0.20597526
v -0.22513132 0.67988324 -0.23972763
v -0.22400779 0.67988324 -0.24056374
v -0.22400779 0.67714339 -0.23972763
v -0.22954743 0.67988324 -0.23186770
v -0.23017168 0.67988324 0.20042801
v -0.22400779 0.67988324 0.20387740
v -0.22722600 0.68774319 -0.23972763
v -0.22400779 0.68774319 -0.24188115
v -0.22691178 0.68774319 0.20042801
v -0.22400779 0.68774319 0.20259808
v -0.22658718 0.69560313 -0.23972763
v -0.22400779 0.69560313 -0.24124154
v -0.22656013 0.69560313 0.20042801
v -0.22400779 0.69560313 0.20258848
v -0.22414601 0.70346302 -0.23972763
v -0.22400779 0.70346302 -0.23984258
v -0.23083718 0.70346302 -0.23186770
v -0.22816892 0.70346302 0.19256809
v -0.22507741 0.70346302 0.20042801
v -0.22400779 0.70346302 0.20145117
v -0.22400779 0.70425761 -0.23972763
v -0.22749069 0.71132296 -0.23186770
v -0.22400779 0.71132296 -0.23808454
v -0.22682543 0.71132296 -0.22400779
v -0.23166490 0.71132296 0.18470818
v -0.22400779 0.70838547 0.20042801
v -0.22905822 0.71918291 -0.23186770
v -0.22400779 0.71918291 -0.23731373
v -0.22899303 0.71918291 0.19256809
v -0.22400779 0.71918291 0.19758020
v -0.22773518 0.72704279 -0.23186770
v -0.22400779 0.72704279 -0.23416334
v -0.22842917 0.72704279 0.19256809
v -0.22400779 0.72704279 0.19627582
v -0.22400779 0.73126507 -0.23186770
v -0.22400779 0.73490274 -0.23011836
v -0.22607908 0.73490274 0.19256809
v -0.22400779 0.73490274 0.19439492
v -0.23139085 0.74276263 -0.22400779
v -0.22400779 0.74276263 -0.22957866
v -0.23082165 0.74276263 0.18470818
v -0.22400779 0.74276263 0.18912086
v -0.22400779 0.73801953 0.19256809
v -0.22845507 0.75062257 -0.22400779
v -0.22400779 0.75062257 -0.22829364
v -0.23061213 0.75062257 -0.21614785
v -0.22400779 0.74870723 0.18470818
v -0.22400779 0.75062257 0.17991817
v -0.22583088 0.75848252 -0.22400779
v -0.22400779 0.75848252 -0.22572468
v -0.23031536 0.75848252 -0.21614785
v -0.23180720 0.75848252 -0.20828794
v -0.23102067 0.75848252 0.17684825
v -0.22400779 0.75848252 0.17849313
v -0.22400779 0.76154703 -0.22400779
v -0.22863239 0.76634240 -0.21614785
v -0.22400779 0.76634240 -0.22092047
v -0.22400779 0.76634240 0.18314341
v -0.22450893 0.77420235 -0.21614785
v -0.22400779 0.77420235 -0.21646868
v -0.22772990 0.77420235 0.17684825
v -0.22400779 0.77420235 0.18061198
v -0.22400779 0.77534217 -0.21614785
v -0.22935019 0.78206223 -0.20828794
v -0.22400779 0.78206223 -0.21341531
v -0.22400779 0.77970344 0.17684825
v -0.22404160 0.78992218 -0.20828794
v -0.22400779 0.78992218 -0.20832200
v -0.23028807 0.78992218 -0.20042801
v -0.22400779 0.78992218 0.16817638
v -0.22400779 0.78997052 -0.20828794
v -0.22594602 0.79778212 -0.20042801
v -0.22400779 0.79778212 -0.20263880
v -0.22840650 0.79778212 -0.19256809
v -0.22912915 0.79778212 0.16112840
v -0.22400779 0.79778212 0.16537918
v -0.22400779 0.80161756 -0.20042801
v -0.22805162 0.80564201 -0.19256809
v -0.22400779 0.80564201 -0.19766386
v -0.22400779 0.80298036 0.16112840
v -0.22400779 0.81048346 -0.19256809
v -0.22848128 0.81350195 -0.18470818
v -0.22400779 0.81350195 -0.18901916
v -0.23167576 0.81350195 0.14540856
v -0.22400779 0.81350195 0.15017673
v -0.22400779 0.81723690 -0.18470818
v -0.22965327 0.82136184 -0.17684825
v -0.22400779 0.82136184 -0.18189904
v -0.23186639 0.82136184 0.13754864
v -0.22629076 0.82136184 0.14540856
v -0.22400779 0.82136184 0.14785555
v -0.22465649 0.82922179 -0.17684825
v -0.22400779 0.82922179 -0.17750938
v -0.22975209 0.82922179 -0.16898833
v -0.22443499 0.82922179 0.13754864
v -0.22400779 0.82922179 0.13824148
v -0.22400779 0.82488620 0.14540856
v -0.22400779 0.82998097 -0.17684825
v -0.22400779 0.83515161 -0.16898833
v -0.22400779 0.83521771 -0.16112840
v -0.22400779 0.83708173 -0.15840587
v -0.22400779 0.83498579 0.12968871
v -0.22400779 0.83708173 0.12828082
v -0.22400779 0.82948899 0.13754864
v -0.22527151 0.84494162 -0.15326849
v -0.22400779 0.84494162 -0.15467398
v -0.23121791 0.84494162 -0.14540856
v -0.23104431 0.84494162 0.08252918
v -0.22674267 0.84494162 0.10610895
v -0.22906415 0.84494162 0.11396887
v -0.22548793 0.84494162 0.12182879
v -0.22400779 0.84494162 0.12333144
v -0.22400779 0.84668219 -0.15326849
v -0.22474562 0.85280156 -0.14540856
v -0.22400779 0.85280156 -0.14671583
v -0.22470394 0.85280156 -0.13754864
v -0.22573325 0.85280156 -0.12968871
v -0.22866255 0.85280156 0.08252918
v -0.22892395 0.85280156 0.09038910
v -0.22789463 0.85280156 0.09824903
v -0.22400779 0.85280156 0.10315140
v -0.22400779 0.84829593 0.10610895
v -0.22400779 0.84969527 0.11396887
v -0.22400779 0.84653288 0.12182879
v -0.22400779 0.85361230 -0.14540856
v -0.22400779 0.85323679 -0.13754864
v -0.22400779 0.85310066 -0.12968871
v -0.22861129 0.86066151 -0.12182879
v -0.23132327 0.86066151 -0.10610895
v -0.22472402 0.86066151 -0.09824903
v -0.23170298 0.86066151 0.07466926
v -0.22760475 0.86066151 0.08252918
v -0.22502151 0.86066151 0.09038910
v -0.22400779 0.86066151 0.09309095
v -0.22400779 0.85796380 0.09824903
v -0.22400779 0.86535472 -0.12182879
v -0.22456373 0.86852139 -0.11396887
v -0.22400779 0.86852139 -0.11535644
v -0.22640632 0.86852139 -0.10610895
v -0.22742167 0.86852139 -0.09824903
v -0.23024429 0.86852139 0.02750973
v -0.23016153 0.86852139 0.05894941
v -0.22656247 0.86852139 0.06680934
v -0.22400779 0.86852139 0.07332313
v -0.22400779 0.86810642 0.07466926
v -0.22400779 0.86408913 0.08252918
v -0.22400779 0.86153746 0.09038910
v -0.22400779 0.86904633 -0.11396887
v -0.22400779 0.87138242 -0.10610895
v -0.22400779 0.87424618 -0.09824903
v -0.22484234 0.87638134 -0.09038910
v -0.22400779 0.87638134 -0.09313557
v -0.22560553 0.87638134 -0.08252918
v -0.22400779 0.87638134 -0.07579849
v -0.22400779 0.87625182 -0.07466926
v -0.22974573 0.87638134 -0.04322957
v -0.22400779 0.87557822 -0.03536965
v -0.22546959 0.87638134 -0.02750973
v -0.22400779 0.87638134 -0.03101369
v -0.22400779 0.87638134 0.00218326
v -0.23167568 0.87638134 0.01964981
v -0.22861020 0.87638134 0.02750973
v -0.22582626 0.87638134 0.03536965
v -0.22585271 0.87638134 0.04322957
v -0.22400779 0.87638134 0.04956970
v -0.22400779 0.87616640 0.05108950
v -0.22400779 0.87345594 0.05894941
v -0.22400779 0.87091297 0.06680934
v -0.22400779 0.87705028 -0.09038910
v -0.22400779 0.87727171 -0.08252918
v -0.22400779 0.87998110 -0.02750973
v -0.22481494 0.88424122 -0.01964981
v -0.22400779 0.88424122 -0.02423058
v -0.22597210 0.88424122 -0.01178988
v -0.22400779 0.88424122 -0.00692534
v -0.22400779 0.88239884 -0.00392996
v -0.22400779 0.88182878 0.01178988
v -0.22400995 0.88424122 0.01964981
v -0.22400779 0.88424122 0.01964285
v -0.22400779 0.88424122 0.01965904
v -0.22400779 0.88210750 0.02750973
v -0.22400779 0.87781620 0.03536965
v -0.22400779 0.87760246 0.04322957
v -0.22400779 0.88497066 -0.01964981
v -0.22400779 0.88607275 -0.01178988
v -0.22400779 0.88424295 0.01964981
v -0.22387075 0.65630352 -0.25544748
v -0.21614785 0.65630352 -0.26157939
v -0.21776132 0.65630352 0.22400779
v -0.21614785 0.65630352 0.22526036
v -0.21614785 0.66207278 -0.25544748
v -0.22061189 0.66416341 -0.24758755
v -0.21614785 0.66416341 -0.25145441
v -0.21614785 0.66389060 0.21614785
v -0.21614785 0.66416341 0.21573001
v -0.21614785 0.65778202 0.22400779
v -0.21614785 0.66896528 -0.24758755
v -0.22196886 0.67202336 -0.23972763
v -0.21614785 0.67202336 -0.24587376
v -0.21793684 0.67202336 0.20828794
v -0.21614785 0.67202336 0.20926072
v -0.21614785 0.67988324 -0.24573098
v -0.21732002 0.67988324 0.20828794
v -0.21614785 0.67988324 0.20909604
v -0.21652798 0.68774319 0.20828794
v -0.21614785 0.68774319 0.20856966
v -0.21614785 0.69560313 -0.24342744
v -0.21614785 0.69029826 0.20828794
v -0.21614785 0.69560313 0.20773517
v -0.21614785 0.70346302 -0.24508245
v -0.21614785 0.70346302 0.20697911
v -0.22243510 0.71132296 -0.23972763
v -0.21614785 0.71132296 -0.24375521
v -0.22331163 0.71132296 0.20042801
v -0.21614785 0.71132296 0.20610204
v -0.22028069 0.71918291 -0.23972763
v -0.21614785 0.71918291 -0.24217635
v -0.22083519 0.71918291 0.20042801
v -0.21614785 0.71918291 0.20391218
v -0.21614785 0.72533458 -0.23972763
v -0.21614785 0.72704279 -0.23856086
v -0.21761326 0.72704279 0.20042801
v -0.21614785 0.72704279 0.20140499
v -0.21624368 0.73490274 0.20042801
v -0.21614785 0.73490274 0.20049649
v -0.21865487 0.74276263 0.19256809
v -0.21614785 0.74276263 0.19485486
v -0.21614785 0.73508298 0.20042801
v -0.21931008 0.75062257 -0.23186770
v -0.21614785 0.75062257 -0.23411009
v -0.22182141 0.75062257 0.18470818
v -0.21763371 0.75062257 0.19256809
v -0.21614785 0.75062257 0.19414677
v -0.21628404 0.75848252 -0.23186770
v -0.21614785 0.75848252 -0.23196851
v -0.21653464 0.75848252 0.18470818
v -0.21614785 0.75848252 0.18509951
v -0.21614785 0.75238752 0.19256809
v -0.21614785 0.75866538 -0.23186770
v -0.21704076 0.76634240 -0.22400779
v -0.21614785 0.76634240 -0.22456121
v -0.22115937 0.76634240 0.18470818
v -0.21614785 0.76634240 0.18729608
v -0.21614785 0.76678711 -0.22400779
v -0.21614785 0.77420235 -0.21872617
v -0.21986523 0.77420235 0.18470818
v -0.21614785 0.77420235 0.18724272
v -0.22114511 0.78206223 -0.21614785
v -0.21614785 0.78206223 -0.21952337
v -0.22274771 0.78206223 0.17684825
v -0.21614785 0.78206223 0.18442860
v -0.21614785 0.78144759 0.18470818
v -0.21614785 0.78976172 -0.21614785
v -0.21614785 0.78992218 -0.21605779
v -0.22292425 0.78992218 0.16898833
v -0.21753189 0.78992218 0.17684825
v -0.21614785 0.78992218 0.17816415
v -0.21614785 0.79772228 -0.20828794
v -0.21614785 0.79778212 -0.20824021
v -0.21644373 0.79778212 0.16898833
v -0.21614785 0.79778212 0.16915695
v -0.21614785 0.79112053 0.17684825
v -0.22131895 0.80564201 -0.20042801
v -0.21614785 0.80564201 -0.20371802
v -0.22156025 0.80564201 0.16112840
v -0.21614785 0.80564201 0.16743496
v -0.21614785 0.79861850 0.16898833
v -0.21614785 0.81216443 -0.20042801
v -0.22110654 0.81350195 -0.19256809
v -0.21614785 0.81350195 -0.19911391
v -0.21937837 0.81350195 0.15326849
v -0.21719445 0.81350195 0.16112840
v -0.21614785 0.81350195 0.16261438
v -0.21614785 0.81691319 -0.19256809
v -0.21614785 0.82136184 -0.18336402
v -0.21830252 0.82136184 0.15326849
v -0.21614785 0.82136184 0.15570755
v -0.21614785 0.81502461 0.16112840
v -0.21614785 0.82922179 -0.18226610
v -0.22015151 0.82922179 0.14540856
v -0.21614785 0.82922179 0.14940868
v -0.21614785 0.82453746 0.15326849
v -0.21739174 0.83708173 -0.17684825
v -0.21614785 0.83708173 -0.17803361
v -0.22227781 0.83708173 -0.16898833
v -0.22174932 0.83708173 -0.16112840
v -0.21614785 0.83494556 0.12968871
v -0.21614785 0.83708173 0.12908977
v -0.21614785 0.83103144 0.13754864
v -0.21614785 0.83257967 0.14540856
v -0.21614785 0.83830696 -0.17684825
v -0.21614785 0.84372395 -0.16898833
v -0.21614785 0.84271520 -0.16112840
v -0.21614785 0.84494162 -0.15861467
v -0.21614785 0.84494162 0.12872709
v -0.21806835 0.85280156 -0.15326849
v -0.21614785 0.85280156 -0.15440568
v -0.21922666 0.85280156 0.10610895
v -0.21793240 0.85280156 0.11396887
v -0.21614785 0.85280156 0.11681644
v -0.21614785 0.85147369 0.12182879
v -0.21614785 0.85475898 -0.15326849
v -0.21753116 0.86066151 -0.14540856
v -0.21614785 0.86066151 -0.14757264
v -0.21750718 0.86066151 -0.13754864
v -0.21825670 0.86066151 -0.12968871
v -0.22187664 0.86066151 0.09824903
v -0.21614785 0.86066151 0.10287280
v -0.21614785 0.85502762 0.10610895
v -0.21614785 0.85351813 0.11396887
v -0.21614785 0.86207247 -0.14540856
v -0.21614785 0.86334556 -0.13754864
v -0.21629825 0.86852139 -0.12968871
v -0.21614785 0.86852139 -0.13006273
v -0.22131307 0.86852139 -0.12182879
v -0.22341177 0.86852139 0.07466926
v -0.21614785 0.86852139 0.08209419
v -0.21614785 0.86823678 0.08252918
v -0.21614785 0.86728311 0.09038910
v -0.21614785 0.86569315 0.09824903
v -0.21614785 0.86867470 -0.12968871
v -0.21614785 0.87263089 -0.12182879
v -0.21614785 0.87582737 -0.11396887
v -0.21932404 0.87638134 -0.10610895
v -0.21614785 0.87638134 -0.11254095
v -0.22223847 0.87638134 -0.09824903
v -0.21631427 0.87638134 0.06680934
v -0.21614785 0.87638134 0.06736811
v -0.21614785 0.87477648 0.07466926
v -0.21614785 0.87900907 -0.10610895
v -0.21614785 0.87998915 -0.09824903
v -0.21614785 0.88180268 -0.09038910
v -0.21614785 0.88225698 -0.08252918
v -0.22270980 0.88424122 -0.05894941
v -0.21614785 0.88424122 -0.06569906
v -0.22172162 0.88424122 -0.03536965
v -0.22353014 0.88424122 -0.02750973
v -0.22250718 0.88424122 -0.00392996
v -0.21614785 0.88424122 0.00266239
v -0.21614785 0.87938696 0.00392996
v -0.22066435 0.88424122 0.01178988
v -0.21614785 0.88424122 0.00579420
v -0.22034281 0.88424122 0.02750973
v -0.21765824 0.88424122 0.03536965
v -0.21668252 0.88424122 0.04322957
v -0.21614785 0.88424122 0.04396824
v -0.21614785 0.87756509 0.05108950
v -0.21614785 0.87649059 0.06680934
v -0.21614785 0.88879293 -0.05894941
v -0.21614785 0.88700235 -0.04322957
v -0.21614785 0.89012516 -0.03536965
v -0.21614785 0.89196754 -0.02750973
v -0.21614785 0.89151603 -0.01964981
v -0.21722989 0.89210117 -0.01178988
v -0.21614785 0.89210117 -0.01636676
v -0.21664102 0.89210117 -0.00392996
v -0.21614785 0.89210117 -0.00275666
v -0.21614785 0.88849372 0.01178988
v -0.21614785 0.88846743 0.01964981
v -0.21614785 0.88612837 0.02750973
v -0.21614785 0.88544321 0.03536965
v -0.21614785 0.88469541 0.04322957
v -0.21614785 0.89293420 -0.01178988
v -0.21614785 0.89253473 -0.00392996
v -0.21394643 0.65630352 -0.26330739
v -0.20828794 0.65630352 -0.26758143
v -0.20828794 0.65630352 0.23087753
v -0.20828794 0.66067779 -0.26330739
v -0.21169703 0.66416341 -0.25544748
v -0.20828794 0.66416341 -0.25799984
v -0.21424711 0.66416341 0.21614785
v -0.20828794 0.66416341 0.21908610
v -0.20828794 0.66272026 0.22400779
v -0.20828794 0.66820925 -0.25544748
v -0.21477942 0.67202336 -0.24758755
v -0.20828794 0.67202336 -0.25389165
v -0.20828794 0.66520202 0.21614785
v -0.20828794 0.67202336 0.21019463
v -0.21227217 0.67988324 -0.24758755
v -0.20828794 0.67988324 -0.25020429
v -0.20828794 0.67988324 0.21196017
v -0.20828794 0.68249673 -0.24758755
v -0.20828794 0.68774319 -0.24274676
v -0.20828794 0.68774319 0.21401581
v -0.21503291 0.69560313 0.20828794
v -0.20828794 0.69560313 0.21241003
v -0.21108657 0.70346302 -0.24758755
v -0.20828794 0.70346302 -0.24921276
v -0.21178296 0.70346302 0.20828794
v -0.20828794 0.70346302 0.20945297
v -0.21019697 0.71132296 -0.24758755
v -0.20828794 0.71132296 -0.24876150
v -0.20828794 0.71114475 0.20828794
v -0.20828794 0.71132296 0.20826419
v -0.20989265 0.71918291 -0.24758755
v -0.20828794 0.71918291 -0.24882640
v -0.20828794 0.71272331 0.20828794
v -0.20852295 0.71918291 0.20828794
v -0.20828794 0.71918291 0.20840786
v -0.20828794 0.72698838 -0.24758755
v -0.21544895 0.72704279 -0.23972763
v -0.20828794 0.72704279 -0.24757664
v -0.20828794 0.72035164 0.20828794
v -0.20828794 0.72704279 0.20746508
v -0.21065253 0.73490274 -0.23972763
v -0.20828794 0.73490274 -0.24376486
v -0.20828794 0.73490274 0.20600693
v -0.21020237 0.74276263 -0.23972763
v -0.20828794 0.74276263 -0.24161214
v -0.21513203 0.74276263 -0.23186770
v -0.21236494 0.74276263 0.20042801
v -0.20828794 0.74276263 0.20359053
v -0.20883177 0.75062257 -0.23972763
v -0.20828794 0.75062257 -0.24010697
v -0.21096316 0.75062257 0.20042801
v -0.20828794 0.75062257 0.20228769
v -0.20828794 0.75224119 -0.23972763
v -0.20828794 0.75848252 -0.23814289
v -0.21138346 0.75848252 0.19256809
v -0.20828794 0.75848252 0.19857061
v -0.20828794 0.75649601 0.20042801
v -0.20957476 0.76634240 -0.23186770
v -0.20828794 0.76634240 -0.23307303
v -0.20828794 0.76341110 0.19256809
v -0.20828794 0.76634240 0.19039346
v -0.20828794 0.76728761 -0.23186770
v -0.20828794 0.76982981 -0.22400779
v -0.20828794 0.77420235 -0.22077343
v -0.20828794 0.77420235 0.19013298
v -0.20828794 0.78206223 -0.22350821
v -0.21578602 0.78206223 0.18470818
v -0.20828794 0.78206223 0.18958800
v -0.21604136 0.78992218 -0.21614785
v -0.20828794 0.78992218 -0.22318402
v -0.20885786 0.78992218 0.18470818
v -0.20828794 0.78992218 0.18512398
v -0.20828794 0.79567069 -0.21614785
v -0.20831162 0.79778212 0.17684825
v -0.20828794 0.79778212 0.17687535
v -0.20828794 0.79050517 0.18470818
v -0.21459377 0.80564201 0.16898833
v -0.20828794 0.80564201 0.17374870
v -0.20828794 0.79783070 0.17684825
v -0.21492587 0.81350195 -0.20042801
v -0.20828794 0.81350195 -0.20598012
v -0.21003117 0.81350195 0.16898833
v -0.20828794 0.81350195 0.17028780
v -0.20828794 0.81846607 -0.20042801
v -0.20828794 0.82109827 -0.19256809
v -0.20828794 0.82110053 -0.18470818
v -0.21089037 0.82136184 0.16112840
v -0.20828794 0.82136184 0.16346566
v -0.20828794 0.81507969 0.16898833
v -0.20828794 0.82922179 -0.18691283
v -0.21200664 0.82922179 0.15326849
v -0.20828794 0.82922179 0.15625097
v -0.20828794 0.82400912 0.16112840
v -0.20832811 0.83708173 -0.18470818
v -0.20828794 0.83708173 -0.18475650
v -0.21190205 0.83708173 0.14540856
v -0.20828794 0.83708173 0.14923802
v -0.20828794 0.83251548 0.15326849
v -0.20828794 0.83711922 -0.18470818
v -0.20858578 0.84494162 -0.17684825
v -0.20828794 0.84494162 -0.17711678
v -0.21465746 0.84494162 -0.16898833
v -0.21340032 0.84494162 -0.16112840
v -0.21432932 0.84494162 0.12968871
v -0.20974669 0.84494162 0.13754864
v -0.20828794 0.84494162 0.14014554
v -0.20828794 0.84132183 0.14540856
v -0.20828794 0.84517980 -0.17684825
v -0.20828794 0.84952128 -0.16898833
v -0.20828794 0.85042506 -0.16112840
v -0.20828794 0.85280156 -0.15985544
v -0.21203861 0.85280156 0.12182879
v -0.20828794 0.85280156 0.12446336
v -0.20828794 0.84932101 0.12968871
v -0.20828794 0.84629726 0.13754864
v -0.21127199 0.86066151 -0.15326849
v -0.20828794 0.86066151 -0.15584530
v -0.21141939 0.86066151 0.10610895
v -0.20828794 0.86066151 0.11096647
v -0.20828794 0.85856289 0.11396887
v -0.20828794 0.85506397 0.12182879
v -0.20828794 0.86289340 -0.15326849
v -0.20828794 0.86805797 -0.14540856
v -0.21254058 0.86852139 -0.13754864
v -0.20828794 0.86852139 -0.14437510
v -0.21500376 0.86852139 0.08252918
v -0.21293816 0.86852139 0.09038910
v -0.21220453 0.86852139 0.09824903
v -0.20828794 0.86852139 0.10262514
v -0.20828794 0.86467397 0.10610895
v -0.20828794 0.87152332 -0.13754864
v -0.20828794 0.87403750 -0.12968871
v -0.20828794 0.87339389 -0.12182879
v -0.21397816 0.87638134 -0.11396887
v -0.20828794 0.87638134 -0.11639272
v -0.20828794 0.87638134 0.05527095
v -0.21420938 0.87638134 0.07466926
v -0.20828794 0.87638134 0.08062825
v -0.20828794 0.87307250 0.08252918
v -0.20828794 0.87092304 0.09038910
v -0.20828794 0.87091839 0.09824903
v -0.20828794 0.87871927 -0.11396887
v -0.20828794 0.88391584 -0.10610895
v -0.20828794 0.88052702 -0.09824903
v -0.20828794 0.88349068 -0.09038910
v -0.21512844 0.88424122 -0.08252918
v -0.21314456 0.88424122 -0.07466926
v -0.21500604 0.88424122 -0.06680934
v -0.21533945 0.88424122 0.00392996
v -0.20828794 0.88364720 0.05108950
v -0.20828794 0.88424122 0.05097879
v -0.20828794 0.88290149 0.06680934
v -0.20828794 0.88088733 0.07466926
v -0.20828794 0.89177436 -0.08252918
v -0.20860450 0.89210117 -0.07466926
v -0.20828794 0.89210117 -0.07844205
v -0.20828794 0.89210117 -0.07028668
v -0.20828794 0.89174259 -0.06680934
v -0.21167748 0.89210117 -0.05894941
v -0.20828794 0.89210117 -0.06620068
v -0.20828794 0.89105129 -0.04322957
v -0.21371970 0.89210117 -0.03536965
v -0.20828794 0.89210117 -0.04170229
v -0.21591190 0.89210117 -0.02750973
v -0.21416129 0.89210117 -0.01964981
v -0.21298198 0.89210117 0.00392996
v -0.21273211 0.89210117 0.01178988
v -0.21022408 0.89210117 0.01964981
v -0.20828794 0.89210117 0.02544053
v -0.20828794 0.89147222 0.02750973
v -0.20884581 0.89210117 0.03536965
v -0.20828794 0.89210117 0.03173868
v -0.20828794 0.89210117 0.03775584
v -0.20828794 0.89111829 0.04322957
v -0.20828794 0.89234847 -0.07466926
v -0.20828794 0.89462203 -0.05894941
v -0.20828794 0.89570349 -0.03536965
v -0.20828794 0.89636356 -0.02750973
v -0.20828794 0.89428097 -0.01964981
v -0.20828794 0.89701325 -0.01178988
v -0.20828794 0.89757872 -0.00392996
v -0.20828794 0.89574522 0.00392996
v -0.20828794 0.89513904 0.01178988
v -0.20828794 0.89349657 0.01964981
v -0.20828794 0.89246154 0.03536965
v -0.20316710 0.65630352 -0.27116731
v -0.20042801 0.65630352 -0.27306032
v -0.20690404 0.65630352 0.23186770
v -0.20042801 0.65630352 0.23620400
v -0.20042801 0.65862107 -0.27116731
v -0.20042801 0.66415358 -0.26330739
v -0.20042801 0.66416341 -0.26329365
v -0.20470417 0.66416341 0.22400779
v -0.20042801 0.66416341 0.22747120
v -0.20042801 0.66152596 0.23186770
v -0.20564510 0.67202336 -0.25544748
v -0.20042801 0.67202336 -0.25844011
v -0.20042801 0.67084455 0.21614785
v -0.20042801 0.67202336 0.21513695
v -0.20042801 0.66665441 0.22400779
v -0.20196484 0.67988324 -0.25544748
v -0.20042801 0.67988324 -0.25655642
v -0.20042801 0.67486012 0.21614785
v -0.20216806 0.67988324 0.21614785
v -0.20042801 0.67988324 0.21816465
v -0.20129129 0.68774319 -0.25544748
v -0.20042801 0.68774319 -0.25672093
v -0.20334382 0.68774319 -0.24758755
v -0.20550436 0.68774319 0.21614785
v -0.20042801 0.68774319 0.22063191
v -0.20243827 0.69560313 -0.25544748
v -0.20042801 0.69560313 -0.25820732
v -0.20380628 0.69560313 0.21614785
v -0.20042801 0.69560313 0.21919979
v -0.20047994 0.70346302 -0.25544748
v -0.20042801 0.70346302 -0.25549233
v -0.20042801 0.69923961 0.21614785
v -0.20042801 0.70346302 0.21151689
v -0.20042801 0.70352393 -0.25544748
v -0.20042801 0.71132296 -0.24829786
v -0.20640667 0.71132296 0.20828794
v -0.20042801 0.71132296 0.20840427
v -0.20042801 0.71918291 -0.25203261
v -0.20042801 0.71918291 0.21292970
v -0.20827469 0.72704279 -0.24758755
v -0.20042801 0.72704279 -0.25280181
v -0.20711817 0.72704279 0.20828794
v -0.20042801 0.72704279 0.21274644
v -0.20421952 0.73490274 -0.24758755
v -0.20042801 0.73490274 -0.24993835
v -0.20422497 0.73490274 0.20828794
v -0.20042801 0.73490274 0.21029034
v -0.20042801 0.73807234 -0.24758755
v -0.20042801 0.74276263 -0.24339020
v -0.20042801 0.74034983 0.20828794
v -0.20042801 0.74276263 0.20727174
v -0.20042801 0.75062257 -0.24155781
v -0.20042801 0.75062257 0.20460229
v -0.20550267 0.75848252 -0.23972763
v -0.20042801 0.75848252 -0.24277134
v -0.20730574 0.75848252 0.20042801
v -0.20042801 0.75848252 0.20509377
v -0.20183411 0.76634240 -0.23972763
v -0.20042801 0.76634240 -0.24075365
v -0.20643689 0.76634240 0.19256809
v -0.20211613 0.76634240 0.20042801
v -0.20042801 0.76634240 0.20198943
v -0.20042801 0.76842159 -0.23972763
v -0.20092250 0.77420235 -0.23186770
v -0.20042801 0.77420235 -0.23287430
v -0.20344433 0.77420235 -0.22400779
v -0.20497137 0.77420235 0.19256809
v -0.20042801 0.77420235 0.19726251
v -0.20042801 0.76949811 0.20042801
v -0.20078938 0.78206223 -0.23186770
v -0.20042801 0.78206223 -0.23227715
v -0.20756204 0.78206223 -0.22400779
v -0.20451976 0.78206223 0.19256809
v -0.20042801 0.78206223 0.19576214
v -0.20042801 0.78459668 -0.23186770
v -0.20755671 0.78992218 -0.22400779
v -0.20042801 0.78992218 -0.23110770
v -0.20042801 0.78867346 0.19256809
v -0.20042801 0.78992218 0.19182475
v -0.20080808 0.79778212 -0.22400779
v -0.20042801 0.79778212 -0.22441639
v -0.20604105 0.79778212 -0.21614785
v -0.20805359 0.79778212 -0.20828794
v -0.20245597 0.79778212 0.18470818
v -0.20042801 0.79778212 0.18658680
v -0.20042801 0.79832309 -0.22400779
v -0.20238586 0.80564201 -0.21614785
v -0.20042801 0.80564201 -0.21882200
v -0.20446502 0.80564201 -0.20828794
v -0.20525561 0.80564201 0.17684825
v -0.20042801 0.80564201 0.18180232
v -0.20042801 0.80093104 0.18470818
v -0.20042801 0.81100768 -0.21614785
v -0.20634466 0.81350195 -0.20828794
v -0.20042801 0.81350195 -0.21474734
v -0.20042801 0.81126630 0.17684825
v -0.20042801 0.81350195 0.17414029
v -0.20042801 0.81973237 -0.20828794
v -0.20474422 0.82136184 -0.20042801
v -0.20042801 0.82136184 -0.20578991
v -0.20794991 0.82136184 -0.19256809
v -0.20803380 0.82136184 -0.18470818
v -0.20042801 0.81789690 0.16898833
v -0.20042801 0.82136184 0.16651782
v -0.20124686 0.82922179 -0.20042801
v -0.20042801 0.82922179 -0.20127115
v -0.20673139 0.82922179 -0.19256809
v -0.20150933 0.82922179 0.16112840
v -0.20042801 0.82922179 0.16195054
v -0.20042801 0.83048850 -0.20042801
v -0.20258333 0.83708173 -0.19256809
v -0.20042801 0.83708173 -0.19506827
v -0.20042801 0.83593780 0.15326849
v -0.20042801 0.83708173 0.15250331
v -0.20042801 0.82997471 0.16112840
v -0.20042801 0.83868319 -0.19256809
v -0.20042801 0.84154969 -0.18470818
v -0.20042801 0.84494162 -0.18136120
v -0.20429124 0.84494162 0.14540856
v -0.20042801 0.84494162 0.14846145
v -0.20042801 0.85067779 -0.17684825
v -0.20042801 0.85246277 -0.16898833
v -0.20647892 0.85280156 -0.16112840
v -0.20042801 0.85280156 -0.16825140
v -0.20213737 0.85280156 0.12968871
v -0.20042801 0.85280156 0.13076271
v -0.20042801 0.84924340 0.13754864
v -0.20042801 0.84739232 0.14540856
v -0.20153002 0.86066151 -0.16112840
v -0.20042801 0.86066151 -0.16192859
v -0.20704789 0.86066151 0.11396887
v -0.20485359 0.86066151 0.12182879
v -0.20042801 0.86066151 0.12675516
v -0.20042801 0.85457009 0.12968871
v -0.20042801 0.86174184 -0.16112840
v -0.20113082 0.86852139 -0.15326849
v -0.20042801 0.86852139 -0.15409818
v -0.20752780 0.86852139 -0.14540856
v -0.20415936 0.86852139 0.10610895
v -0.20042801 0.86852139 0.11212599
v -0.20042801 0.86793625 0.11396887
v -0.20042801 0.86560774 0.12182879
v -0.20042801 0.86907166 -0.15326849
v -0.20042801 0.87302309 -0.14540856
v -0.20042801 0.87456769 -0.13754864
v -0.20178817 0.87638134 -0.12968871
v -0.20042801 0.87638134 -0.13139075
v -0.20042801 0.87444609 -0.12182879
v -0.20042801 0.87638134 -0.11910836
v -0.20723924 0.87638134 0.05894941
v -0.20603015 0.87638134 0.08252918
v -0.20273121 0.87638134 0.09038910
v -0.20073265 0.87638134 0.09824903
v -0.20042801 0.87638134 0.09859168
v -0.20042801 0.87058902 0.10610895
v -0.20042801 0.87734115 -0.12968871
v -0.20305701 0.88424122 -0.11396887
v -0.20042801 0.88424122 -0.11781716
v -0.20781726 0.88424122 -0.10610895
v -0.20278805 0.88424122 -0.09824903
v -0.20818563 0.88424122 0.05108950
v -0.20464024 0.88424122 0.05894941
v -0.20663328 0.88424122 0.06680934
v -0.20252456 0.88424122 0.07466926
v -0.20042801 0.88424122 0.07736655
v -0.20042801 0.88113141 0.08252918
v -0.20042801 0.87899923 0.09038910
v -0.20042801 0.87662202 0.09824903
v -0.20042801 0.88651347 -0.11396887
v -0.20042801 0.89025563 -0.10610895
v -0.20042801 0.88728660 -0.09824903
v -0.20042801 0.89147824 -0.09038910
v -0.20768413 0.89210117 -0.08252918
v -0.20042801 0.89210117 -0.08996292
v -0.20800753 0.89210117 -0.06680934
v -0.20042801 0.89210117 -0.04151009
v -0.20771375 0.89210117 0.02750973
v -0.20686068 0.89210117 0.04322957
v -0.20232847 0.89210117 0.05108950
v -0.20042801 0.89210117 0.05573677
v -0.20042801 0.89062202 0.05894941
v -0.20042801 0.88884658 0.06680934
v -0.20042801 0.88536108 0.07466926
v -0.20042801 0.89566952 -0.08252918
v -0.20042801 0.89681143 -0.07466926
v -0.20042801 0.89821750 -0.06680934
v -0.20094132 0.89996111 -0.05894941
v -0.20042801 0.89996111 -0.06041278
v -0.20042801 0.89996111 -0.05776034
v -0.20042801 0.89584762 -0.05108950
v -0.20158273 0.89996111 -0.03536965
v -0.20042801 0.89996111 -0.03647543
v -0.20197557 0.89996111 -0.02750973
v -0.20042801 0.89996111 -0.02495240
v -0.20042801 0.89541513 -0.01964981
v -0.20202768 0.89996111 -0.01178988
v -0.20042801 0.89996111 -0.01407191
v -0.20319319 0.89996111 -0.00392996
v -0.20042801 0.89996111 -0.00202687
v -0.20042801 0.89461088 0.00392996
v -0.20042801 0.89970165 0.01964981
v -0.20042801 0.89808524 0.02750973
v -0.20042801 0.89664626 0.03536965
v -0.20042801 0.89562285 0.04322957
v -0.20042801 0.89350438 0.05108950
v -0.20042801 0.90028828 -0.05894941
v -0.20042801 0.90075576 -0.03536965
v -0.20042801 0.90094441 -0.02750973
v -0.20042801 0.90087688 -0.01178988
v -0.20042801 0.90139467 -0.00392996
v -0.19256809 0.65630352 -0.27767223
v -0.19438814 0.65630352 0.23972763
v -0.19256809 0.65630352 0.24079347
v -0.19256809 0.66298854 -0.27116731
v -0.20040403 0.66416341 -0.26330739
v -0.19256809 0.66416341 -0.26919994
v -0.19456828 0.66416341 0.23186770
v -0.19256809 0.66416341 0.23308191
v -0.19256809 0.65792298 0.23972763
v -0.19256809 0.67146373 -0.26330739
v -0.19256809 0.67202336 -0.26301926
v -0.19975507 0.67202336 0.21614785
v -0.19577450 0.67202336 0.22400779
v -0.19256809 0.67202336 0.22654316
v -0.19256809 0.66512227 0.23186770
v -0.19256809 0.67988324 -0.26140237
v -0.19555718 0.67988324 0.22400779
v -0.19256809 0.67988324 0.22598560
v -0.19361182 0.68774319 -0.26330739
v -0.19256809 0.68774319 -0.26395071
v -0.19256809 0.68524665 -0.26330739
v -0.19603829 0.68774319 0.22400779
v -0.19256809 0.68774319 0.22609738
v -0.19465187 0.69560313 -0.26330739
v -0.19256809 0.69560313 -0.26456878
v -0.19517100 0.69560313 0.22400779
v -0.19256809 0.69560313 0.22581577
v -0.19256809 0.70079935 -0.26330739
v -0.19256809 0.70346302 -0.26255193
v -0.19622515 0.70346302 0.21614785
v -0.19256809 0.70346302 0.22142118
v -0.19256809 0.70040905 0.22400779
v -0.19430795 0.71132296 -0.25544748
v -0.19256809 0.71132296 -0.25750479
v -0.19256809 0.71087861 0.21614785
v -0.19256809 0.71132296 0.21579897
v -0.19458620 0.71918291 -0.25544748
v -0.19256809 0.71918291 -0.25679880
v -0.19609946 0.71918291 0.21614785
v -0.19256809 0.71918291 0.21895753
v -0.19508284 0.72704279 -0.25544748
v -0.19256809 0.72704279 -0.25673440
v -0.19256809 0.72560841 0.21614785
v -0.19256809 0.72704279 0.21524176
v -0.19256809 0.73323590 -0.25544748
v -0.19256809 0.73490274 -0.25501624
v -0.19256809 0.73490274 0.21267892
v -0.19257775 0.74276263 -0.24758755
v -0.19256809 0.74276263 -0.24759679
v -0.19904292 0.74276263 0.20828794
v -0.19256809 0.74276263 0.21400070
v -0.19256809 0.74278301 -0.24758755
v -0.19256809 0.75062257 -0.24405745
v -0.19349578 0.75062257 0.20828794
v -0.19256809 0.75062257 0.20911667
v -0.19280142 0.75848252 -0.24758755
v -0.19256809 0.75848252 -0.24773267
v -0.19332637 0.75848252 0.20828794
v -0.19256809 0.75848252 0.20868395
v -0.19256809 0.75912291 -0.24758755
v -0.19256809 0.76634240 -0.24579149
v -0.19256809 0.75942600 0.20828794
v -0.19256809 0.76634240 0.20419319
v -0.19593719 0.77420235 -0.23972763
v -0.19256809 0.77420235 -0.24189164
v -0.19305131 0.77420235 0.20042801
v -0.19256809 0.77420235 0.20057757
v -0.19256809 0.78156787 -0.23972763
v -0.19256809 0.78206223 -0.23960152
v -0.19345111 0.78206223 0.20042801
v -0.19256809 0.78206223 0.20099890
v -0.19938496 0.78992218 -0.23186770
v -0.19256809 0.78992218 -0.23621976
v -0.19964540 0.78992218 0.19256809
v -0.19256809 0.78992218 0.19852205
v -0.19256809 0.78404844 0.20042801
v -0.19256809 0.79541117 -0.23186770
v -0.19256809 0.79778212 -0.22971353
v -0.19256809 0.79604113 0.19256809
v -0.19256809 0.79778212 0.19070445
v -0.19413280 0.80564201 -0.22400779
v -0.19256809 0.80564201 -0.22502272
v -0.19622791 0.80564201 0.18470818
v -0.19256809 0.80564201 0.18690066
v -0.19256809 0.80745131 -0.22400779
v -0.19745015 0.81350195 -0.21614785
v -0.19256809 0.81350195 -0.21867101
v -0.19585137 0.81350195 0.17684825
v -0.19256809 0.81350195 0.17978385
v -0.19256809 0.80970198 0.18470818
v -0.19256809 0.81512761 -0.21614785
v -0.19256809 0.82098854 -0.20828794
v -0.19256809 0.82136184 -0.20798175
v -0.19256809 0.82065511 0.16898833
v -0.19256809 0.82136184 0.16875626
v -0.19256809 0.81522310 0.17684825
v -0.19256809 0.82922179 -0.20673564
v -0.19256809 0.82393944 0.16898833
v -0.19307558 0.82922179 0.16898833
v -0.19256809 0.82922179 0.16941085
v -0.19429597 0.83708173 -0.20042801
v -0.19256809 0.83708173 -0.20161037
v -0.19256809 0.83614349 0.15326849
v -0.19256809 0.83708173 0.15275384
v -0.19256809 0.83489305 0.16112840
v -0.19256809 0.82977754 0.16898833
v -0.19256809 0.83821219 -0.20042801
v -0.19256809 0.84110713 -0.19256809
v -0.19256809 0.84325320 -0.18470818
v -0.19256809 0.84494162 -0.18377665
v -0.19272527 0.84494162 0.15326849
v -0.19256809 0.84494162 0.15337463
v -0.19833075 0.85280156 -0.17684825
v -0.19256809 0.85280156 -0.18310922
v -0.19966908 0.85280156 -0.16898833
v -0.19256809 0.85255474 0.14540856
v -0.19256809 0.84506840 0.15326849
v -0.19256809 0.85878682 -0.17684825
v -0.19294313 0.86066151 -0.16898833
v -0.19256809 0.86066151 0.12988336
v -0.19256809 0.86127555 -0.16898833
v -0.19421940 0.86852139 -0.16112840
v -0.19256809 0.86852139 -0.16303366
v -0.19940409 0.86852139 0.11396887
v -0.19658686 0.86852139 0.12182879
v -0.19256809 0.86852139 0.12603328
v -0.19256809 0.86981583 -0.16112840
v -0.19256809 0.87498629 -0.15326849
v -0.19407949 0.87638134 -0.14540856
v -0.19256809 0.87638134 -0.14841534
v -0.19444667 0.87638134 -0.13754864
v -0.19256809 0.87619865 0.10610895
v -0.19256809 0.87638134 0.10598038
v -0.19256809 0.87213832 0.11396887
v -0.19256809 0.87079519 0.12182879
v -0.19256809 0.87722927 -0.14540856
v -0.19256809 0.87753338 -0.13754864
v -0.19537117 0.88424122 -0.12968871
v -0.19256809 0.88424122 -0.13264327
v -0.19851527 0.88424122 -0.12182879
v -0.19371609 0.88424122 0.08252918
v -0.19349866 0.88424122 0.09038910
v -0.19256809 0.88424122 0.09241621
v -0.19256809 0.88245243 0.09824903
v -0.19256809 0.88660294 -0.12968871
v -0.19256809 0.89030027 -0.12182879
v -0.19406690 0.89210117 -0.11396887
v -0.19256809 0.89210117 -0.11692084
v -0.19749248 0.89210117 -0.10610895
v -0.19637620 0.89210117 -0.09824903
v -0.20017904 0.89210117 -0.09038910
v -0.19877702 0.89210117 -0.04322957
v -0.19911817 0.89210117 0.05894941
v -0.19564629 0.89210117 0.06680934
v -0.19256809 0.89210117 0.07043167
v -0.19256809 0.88905138 0.07466926
v -0.19256809 0.88462585 0.08252918
v -0.19256809 0.88475972 0.09038910
v -0.19256809 0.89307755 -0.11396887
v -0.19256809 0.89497113 -0.10610895
v -0.19256809 0.89523429 -0.09824903
v -0.19256809 0.89970082 -0.09038910
v -0.19413778 0.89996111 -0.08252918
v -0.19256809 0.89996111 -0.08907896
v -0.19348216 0.89996111 -0.07466926
v -0.19737716 0.89996111 -0.06680934
v -0.19836541 0.89996111 -0.05108950
v -0.19648540 0.89996111 -0.04322957
v -0.19293527 0.89996111 -0.01964981
v -0.19256809 0.89711916 0.00392996
v -0.19256809 0.89996111 0.00308851
v -0.19256809 0.89996111 0.02837852
v -0.19256809 0.89468920 0.03536965
v -0.19256809 0.89633083 0.04322957
v -0.19256809 0.89865851 0.05108950
v -0.19256809 0.89695871 0.05894941
v -0.19256809 0.89414400 0.06680934
v -0.19256809 0.90096682 -0.08252918
v -0.19256809 0.90035594 -0.07466926
v -0.19256809 0.90251219 -0.06680934
v -0.19256809 0.90516669 -0.05894941
v -0.19256809 0.90556049 -0.05108950
v -0.19256809 0.90573001 -0.04322957
v -0.19256809 0.90724581 -0.03536965
v -0.19256809 0.90504372 -0.02750973
v -0.19256809 0.90011042 -0.01964981
v -0.19256809 0.90620059 -0.01178988
v -0.19262110 0.90782100 -0.00392996
v -0.19256809 0.90782100 -0.00422158
v -0.19256809 0.90782100 -0.00375930
v -0.19256809 0.90504277 0.01964981
v -0.19256809 0.90054274 0.02750973
v -0.19256809 0.90786272 -0.00392996
v -0.19037020 0.65630352 -0.27902722
v -0.18470818 0.65630352 -0.28219706
v -0.18470818 0.65630352 0.24507196
v -0.18470818 0.66065753 -0.27902722
v -0.18971315 0.66416341 -0.27116731
v -0.18470818 0.66416341 -0.27443910
v -0.18470818 0.66273910 0.23972763
v -0.18470818 0.66416341 0.23745693
v -0.18470818 0.66839105 -0.27116731
v -0.19221801 0.67202336 -0.26330739
v -0.18470818 0.67202336 -0.26932666
v -0.18470818 0.66880792 0.23186770
v -0.18470818 0.67202336 0.22977091
v -0.19066007 0.67988324 -0.26330739
v -0.18470818 0.67988324 -0.26889357
v -0.18470818 0.67988324 0.22799267
v -0.18470818 0.68774319 -0.26911831
v -0.18470818 0.68774319 0.22944818
v -0.18470818 0.69560313 -0.26798201
v -0.18470818 0.69560313 0.22965026
v -0.18897881 0.70346302 -0.26330739
v -0.18470818 0.70346302 -0.26422998
v -0.19064227 0.70346302 0.22400779
v -0.18470818 0.70346302 0.22771503
v -0.18475422 0.71132296 -0.26330739
v -0.18470818 0.71132296 -0.26333025
v -0.19240978 0.71132296 0.21614785
v -0.18781419 0.71132296 0.22400779
v -0.18470818 0.71132296 0.22637753
v -0.18477096 0.71918291 -0.26330739
v -0.18470818 0.71918291 -0.26335141
v -0.18701874 0.71918291 0.22400779
v -0.18470818 0.71918291 0.22558874
v -0.18470818 0.71934408 -0.26330739
v -0.18470818 0.72704279 -0.26130804
v -0.19173294 0.72704279 0.21614785
v -0.18470818 0.72704279 0.22250430
v -0.18470818 0.72411573 0.22400779
v -0.19199529 0.73490274 -0.25544748
v -0.18470818 0.73490274 -0.25983220
v -0.18885767 0.73490274 0.21614785
v -0.18470818 0.73490274 0.21941124
v -0.18764640 0.74276263 -0.25544748
v -0.18470818 0.74276263 -0.25761688
v -0.19058615 0.74276263 0.21614785
v -0.18470818 0.74276263 0.22038162
v -0.18470818 0.74913192 -0.25544748
v -0.19088189 0.75062257 -0.24758755
v -0.18470818 0.75062257 -0.25483748
v -0.18674895 0.75062257 0.21614785
v -0.18470818 0.75062257 0.21768816
v -0.18470818 0.75848252 -0.25212568
v -0.18470818 0.75682634 0.21614785
v -0.18470818 0.75848252 0.21565349
v -0.18739413 0.76634240 -0.24758755
v -0.18470818 0.76634240 -0.24848698
v -0.18836649 0.76634240 0.20828794
v -0.18470818 0.76634240 0.21194625
v -0.18470818 0.77093142 -0.24758755
v -0.18470818 0.77420235 -0.24698387
v -0.18470818 0.77150553 0.20828794
v -0.18470818 0.77420235 0.20609029
v -0.19236715 0.78206223 -0.23972763
v -0.18470818 0.78206223 -0.24477775
v -0.18470818 0.78206223 0.20719175
v -0.18470818 0.78975856 -0.23972763
v -0.18470818 0.78992218 -0.23955156
v -0.18922016 0.78992218 0.20042801
v -0.18470818 0.78992218 0.20314138
v -0.18470818 0.79778212 -0.22812472
v -0.18470818 0.79510641 0.19256809
v -0.18470818 0.79778212 0.18823840
v -0.18470818 0.79228824 0.20042801
v -0.18470818 0.80564201 -0.22834341
v -0.18470818 0.80564201 0.18962638
v -0.18739077 0.81350195 -0.22400779
v -0.18470818 0.81350195 -0.22588640
v -0.18972100 0.81350195 0.18470818
v -0.18470818 0.81350195 0.18842933
v -0.18470818 0.81593925 -0.22400779
v -0.18470818 0.81999809 -0.21614785
v -0.19136517 0.82136184 -0.20828794
v -0.18470818 0.82136184 -0.21305378
v -0.19235905 0.82136184 0.16898833
v -0.18772413 0.82136184 0.17684825
v -0.18470818 0.82136184 0.18167447
v -0.18470818 0.81883931 0.18470818
v -0.18957804 0.82922179 -0.20828794
v -0.18470818 0.82922179 -0.21153237
v -0.18470818 0.82671738 0.17684825
v -0.18470818 0.82922179 0.17556460
v -0.18470818 0.83458436 -0.20828794
v -0.18470818 0.83708173 -0.20688665
v -0.19207264 0.83708173 0.15326849
v -0.19036721 0.83708173 0.16112840
v -0.18547112 0.83708173 0.16898833
v -0.18470818 0.83708173 0.16958763
v -0.18470818 0.84381628 -0.20042801
v -0.18825087 0.84494162 -0.19256809
v -0.18470818 0.84494162 -0.19874284
v -0.19177906 0.84494162 -0.18470818
v -0.18470818 0.84279078 0.16112840
v -0.18470818 0.84494162 0.15903498
v -0.18470818 0.83768219 0.16898833
v -0.18470818 0.84998709 -0.19256809
v -0.19107877 0.85280156 -0.18470818
v -0.18470818 0.85280156 -0.19028068
v -0.19233987 0.85280156 0.14540856
v -0.18516368 0.85280156 0.15326849
v -0.18470818 0.85280156 0.15361150
v -0.18470818 0.85836083 -0.18470818
v -0.19054309 0.86066151 -0.17684825
v -0.18470818 0.86066151 -0.18208487
v -0.18809789 0.86066151 0.13754864
v -0.18470818 0.86066151 0.14538325
v -0.18470818 0.86064696 0.14540856
v -0.18470818 0.85317731 0.15326849
v -0.18470818 0.86505979 -0.17684825
v -0.18748617 0.86852139 -0.16898833
v -0.18470818 0.86852139 -0.17204410
v -0.18924937 0.86852139 0.12968871
v -0.18470818 0.86852139 0.13435602
v -0.18470818 0.86590999 0.13754864
v -0.18470818 0.87055200 -0.16898833
v -0.18470818 0.87286204 -0.16112840
v -0.18864718 0.87638134 -0.15326849
v -0.18470818 0.87638134 -0.15579523
v -0.19240241 0.87638134 0.10610895
v -0.18470818 0.87638134 0.11296827
v -0.18470818 0.87569880 0.11396887
v -0.18470818 0.87518585 0.12182879
v -0.18470818 0.87141156 0.12968871
v -0.18470818 0.87839365 -0.15326849
v -0.18524349 0.88424122 -0.14540856
v -0.18470818 0.88424122 -0.14630206
v -0.18847539 0.88424122 -0.13754864
v -0.19050872 0.88424122 0.09824903
v -0.18470818 0.88424122 0.10527590
v -0.18470818 0.88335311 0.10610895
v -0.18470818 0.88469076 -0.14540856
v -0.18470818 0.88773859 -0.13754864
v -0.18470818 0.89198458 -0.12968871
v -0.18926448 0.89210117 -0.12182879
v -0.18470818 0.89210117 -0.12930834
v -0.18470818 0.89001375 0.07466926
v -0.18470818 0.89210117 0.07365906
v -0.18470818 0.88644201 0.08252918
v -0.18470818 0.89011186 0.09038910
v -0.18470818 0.88856542 0.09824903
v -0.18470818 0.89427614 -0.12182879
v -0.18470818 0.89598459 -0.11396887
v -0.18470818 0.89957589 -0.10610895
v -0.18778439 0.89996111 -0.09824903
v -0.18470818 0.89996111 -0.10526702
v -0.19232655 0.89996111 -0.09038910
v -0.18470818 0.89996111 -0.07120596
v -0.19188219 0.89996111 0.00392996
v -0.18745337 0.89996111 0.03536965
v -0.18767723 0.89996111 0.04322957
v -0.19042291 0.89996111 0.05108950
v -0.18868317 0.89996111 0.05894941
v -0.18488213 0.89996111 0.06680934
v -0.18470818 0.89996111 0.06699859
v -0.18470818 0.90264505 -0.09824903
v -0.18470818 0.90630889 -0.09038910
v -0.18470818 0.90593064 -0.08252918
v -0.18470818 0.90441036 -0.06680934
v -0.18713507 0.90782100 -0.05894941
v -0.18470818 0.90782100 -0.06275854
v -0.18661624 0.90782100 -0.05108950
v -0.18938531 0.90782100 -0.04322957
v -0.19175489 0.90782100 -0.03536965
v -0.18882278 0.90782100 -0.02750973
v -0.18470818 0.90782100 -0.02086035
v -0.18470818 0.90666163 -0.01964981
v -0.19087818 0.90782100 -0.01178988
v -0.18470818 0.90782100 -0.01890454
v -0.19053654 0.90782100 0.00392996
v -0.18940018 0.90782100 0.01178988
v -0.18885317 0.90782100 0.01964981
v -0.18496813 0.90782100 0.02750973
v -0.18470818 0.90782100 0.02912031
v -0.18470818 0.90563822 0.03536965
v -0.18470818 0.90398496 0.04322957
v -0.18470818 0.90396827 0.05108950
v -0.18470818 0.90262830 0.05894941
v -0.18470818 0.90008509 0.06680934
v -0.18470818 0.90912598 -0.05894941
v -0.18470818 0.90854287 -0.05108950
v -0.18470818 0.91033649 -0.04322957
v -0.18470818 0.91254169 -0.03536965
v -0.18470818 0.91074795 -0.02750973
v -0.18470818 0.91252911 -0.01178988
v -0.18470818 0.91397524 -0.00392996
v -0.18470818 0.91313970 0.00392996
v -0.18470818 0.91161776 0.01178988
v -0.18470818 0.91042358 0.01964981
v -0.18470818 0.90799826 0.02750973
v -0.17684825 0.65630352 -0.28626886
v -0.17976718 0.65630352 0.24758755
v -0.17684825 0.65630352 0.24914584
v -0.17695062 0.66416341 -0.27902722
v -0.17684825 0.66416341 -0.27908137
v -0.17999265 0.66416341 0.23972763
v -0.17684825 0.66416341 0.24114139
v -0.17684825 0.65860176 0.24758755
v -0.17684825 0.66421127 -0.27902722
v -0.18111499 0.67202336 -0.27116731
v -0.17684825 0.67202336 -0.27315316
v -0.17872244 0.67202336 0.23186770
v -0.17684825 0.67202336 0.23267953
v -0.17684825 0.66515249 0.23972763
v -0.18111816 0.67988324 -0.27116731
v -0.17684825 0.67988324 -0.27337486
v -0.17684825 0.67343485 0.23186770
v -0.17684825 0.67988324 0.22814152
v -0.17930153 0.68774319 -0.27116731
v -0.17684825 0.68774319 -0.27222067
v -0.17684825 0.68774319 0.23097757
v -0.17684825 0.69049853 -0.27116731
v -0.17684825 0.69560313 -0.26874503
v -0.17684825 0.69141024 0.23186770
v -0.17900692 0.69560313 0.23186770
v -0.17684825 0.69560313 0.23277187
v -0.17684825 0.70346302 -0.26362503
v -0.17696236 0.70346302 0.23186770
v -0.17684825 0.70346302 0.23192731
v -0.17684825 0.71132296 -0.26783383
v -0.17684825 0.70403343 0.23186770
v -0.17684825 0.71132296 0.23114488
v -0.17684825 0.71918291 -0.26660129
v -0.17684825 0.71918291 0.22992720
v -0.17684825 0.72304088 -0.26330739
v -0.18004920 0.72704279 0.22400779
v -0.17684825 0.72704279 0.22477762
v -0.17684825 0.72810709 0.22400779
v -0.17684825 0.73490274 0.21841770
v -0.17684825 0.74276263 -0.26280510
v -0.17684825 0.74276263 0.22136685
v -0.18376885 0.75062257 -0.25544748
v -0.17684825 0.75062257 -0.25958318
v -0.17684825 0.75062257 0.22256979
v -0.17800745 0.75848252 -0.25544748
v -0.17684825 0.75848252 -0.25607818
v -0.18409435 0.75848252 0.21614785
v -0.17684825 0.75848252 0.22079141
v -0.17684825 0.76075619 -0.25544748
v -0.17684825 0.76634240 -0.25392455
v -0.17911330 0.76634240 0.21614785
v -0.17684825 0.76634240 0.21722677
v -0.18394534 0.77420235 -0.24758755
v -0.17684825 0.77420235 -0.25243571
v -0.18281832 0.77420235 0.20828794
v -0.17684825 0.77420235 0.21253464
v -0.17684825 0.76829779 0.21614785
v -0.17825890 0.78206223 -0.24758755
v -0.17684825 0.78206223 -0.24831758
v -0.18285605 0.78206223 0.20828794
v -0.17684825 0.78206223 0.21141122
v -0.17684825 0.78290635 -0.24758755
v -0.17685059 0.78992218 0.20828794
v -0.17684825 0.78992218 0.20828913
v -0.17853655 0.79778212 -0.23186770
v -0.17684825 0.79778212 -0.23307699
v -0.18041223 0.79778212 0.19256809
v -0.17684825 0.79778212 0.19965456
v -0.17684825 0.79752427 0.20042801
v -0.17684825 0.78992385 0.20828794
v -0.17907695 0.80564201 -0.23186770
v -0.17684825 0.80564201 -0.23346204
v -0.17867362 0.80564201 0.19256809
v -0.17684825 0.80564201 0.19363394
v -0.17684825 0.80933213 -0.23186770
v -0.17684825 0.81350195 -0.23035721
v -0.17684825 0.81104606 0.19256809
v -0.17684825 0.81350195 0.19224559
v -0.17919336 0.82136184 -0.22400779
v -0.17684825 0.82136184 -0.22563827
v -0.18390624 0.82136184 -0.21614785
v -0.18202941 0.82136184 0.18470818
v -0.17684825 0.82136184 0.18811199
v -0.17684825 0.82376099 -0.22400779
v -0.18010497 0.82922179 -0.21614785
v -0.17684825 0.82922179 -0.21932699
v -0.18233332 0.82922179 0.17684825
v -0.17684825 0.82922179 0.18078804
v -0.17684825 0.82553411 0.18470818
v -0.17684825 0.83222002 -0.21614785
v -0.18039875 0.83708173 -0.20828794
v -0.17684825 0.83708173 -0.20978405
v -0.17684825 0.83432025 0.17684825
v -0.17684825 0.83708173 0.17434502
v -0.17684825 0.83873439 -0.20828794
v -0.18306839 0.84494162 -0.20042801
v -0.17684825 0.84494162 -0.20424488
v -0.17684825 0.84109086 0.16898833
v -0.17684825 0.84888238 -0.20042801
v -0.17968418 0.85280156 -0.19256809
v -0.17684825 0.85280156 -0.19440888
v -0.17684825 0.85280156 0.15742104
v -0.17684825 0.85428643 -0.19256809
v -0.18131167 0.86066151 -0.18470818
v -0.17684825 0.86066151 -0.18748629
v -0.18468226 0.86066151 0.14540856
v -0.17684825 0.86066151 0.15122938
v -0.17684825 0.85877913 0.15326849
v -0.17684825 0.86382228 -0.18470818
v -0.17684825 0.86816889 -0.17684825
v -0.17684825 0.86852139 -0.17574847
v -0.17684825 0.86845231 0.13754864
v -0.17684825 0.86852139 0.13748723
v -0.17684825 0.86436599 0.14540856
v -0.17684825 0.87270397 -0.16898833
v -0.17898911 0.87638134 -0.16112840
v -0.17684825 0.87638134 -0.16359027
v -0.18163021 0.87638134 0.12182879
v -0.17734003 0.87638134 0.12968871
v -0.17684825 0.87638134 0.13007526
v -0.17684825 0.87818694 -0.16112840
v -0.17875296 0.88424122 -0.15326849
v -0.17684825 0.88424122 -0.15530968
v -0.18291949 0.88424122 0.10610895
v -0.17684825 0.88424122 0.10903831
v -0.17684825 0.87926292 0.12182879
v -0.17684825 0.87672359 0.12968871
v -0.17684825 0.88547248 -0.15326849
v -0.17684825 0.88916951 -0.14540856
v -0.17684825 0.89114821 -0.13754864
v -0.18445019 0.89210117 -0.12968871
v -0.17684825 0.89210117 -0.13596366
v -0.18197298 0.89210117 0.09038910
v -0.17818952 0.89210117 0.09824903
v -0.17684825 0.89210117 0.09951828
v -0.17684825 0.88671976 0.10610895
v -0.17684825 0.89587390 -0.12968871
v -0.17684825 0.89762348 -0.12182879
v -0.18394540 0.89996111 -0.10610895
v -0.18231875 0.89996111 -0.07466926
v -0.17684825 0.89996111 0.07163700
v -0.17684825 0.89586931 0.09038910
v -0.17684825 0.89282066 0.09824903
v -0.17684825 0.90335339 -0.10610895
v -0.17684825 0.90717071 -0.09824903
v -0.18135130 0.90782100 -0.09038910
v -0.17684825 0.90782100 -0.09632806
v -0.18266685 0.90782100 -0.08252918
v -0.17947423 0.90782100 -0.07466926
v -0.18304117 0.90782100 -0.06680934
v -0.18337296 0.90782100 -0.01964981
v -0.18329549 0.90782100 0.03536965
v -0.18229356 0.90782100 0.04322957
v -0.17928174 0.90782100 0.05108950
v -0.17684825 0.90782100 0.05548539
v -0.17684825 0.90659577 0.05894941
v -0.17684825 0.90404779 0.06680934
v -0.17684825 0.90962219 -0.09038910
v -0.17684825 0.91177183 -0.08252918
v -0.17684825 0.91127259 -0.07466926
v -0.17684825 0.91401869 -0.06680934
v -0.17684825 0.91470420 -0.05894941
v -0.17684825 0.90998906 -0.05108950
v -0.17684825 0.91460109 -0.04322957
v -0.17978907 0.91568094 -0.03536965
v -0.17684825 0.91568094 -0.04134159
v -0.17833757 0.91568094 -0.02750973
v -0.17684825 0.91568094 -0.02548922
v -0.17684825 0.91126835 -0.01964981
v -0.17865834 0.91568094 -0.01178988
v -0.17684825 0.91568094 -0.01363013
v -0.18181179 0.91568094 -0.00392996
v -0.17684825 0.91308105 0.01964981
v -0.17684825 0.90957886 0.02750973
v -0.17684825 0.91095388 0.03536965
v -0.17684825 0.91177642 0.04322957
v -0.17684825 0.90941226 0.05108950
v -0.17684825 0.91741663 -0.03536965
v -0.17684825 0.91658044 -0.02750973
v -0.17684825 0.91657668 -0.01178988
v -0.17684825 0.91841757 -0.00392996
v -0.17575356 0.65630352 -0.28688717
v -0.16898833 0.65630352 -0.29056010
v -0.16898833 0.65630352 0.25323769
v -0.16898833 0.66147119 -0.28688717
v -0.16898833 0.66416341 -0.28338709
v -0.16898833 0.66299862 0.24758755
v -0.16898833 0.66416341 0.24580234
v -0.16898833 0.66912264 -0.27902722
v -0.16898833 0.67202336 -0.27757156
v -0.16898833 0.67167866 0.23972763
v -0.16898833 0.67202336 0.23953286
v -0.16898833 0.67988324 -0.27875996
v -0.17336720 0.67988324 0.23186770
v -0.16898833 0.68774319 -0.27760640
v -0.17518580 0.68774319 0.23186770
v -0.16898833 0.68774319 0.23640597
v -0.17405836 0.69560313 -0.27116731
v -0.16898833 0.69560313 -0.27517679
v -0.16898833 0.69560313 0.23271395
v -0.17141193 0.70346302 -0.27116731
v -0.16898833 0.70346302 -0.27334344
v -0.16898833 0.70346302 0.23390308
v -0.17318472 0.71132296 -0.27116731
v -0.16898833 0.71132296 -0.27370119
v -0.17538777 0.71132296 0.23186770
v -0.16898833 0.71132296 0.23525365
v -0.17004877 0.71918291 -0.27116731
v -0.16898833 0.71918291 -0.27173838
v -0.17151555 0.71918291 0.23186770
v -0.16898833 0.71918291 0.23288438
v -0.16898833 0.71997839 -0.27116731
v -0.16898833 0.72704279 -0.25923514
v -0.16898833 0.72115928 0.23186770
v -0.16898833 0.72704279 0.22653009
v -0.16898833 0.73490274 -0.26008594
v -0.16898833 0.73327714 0.22400779
v -0.16898833 0.73490274 0.22300658
v -0.17509441 0.74276263 -0.26330739
v -0.16898833 0.74276263 -0.26529425
v -0.16898833 0.73573089 0.22400779
v -0.17359945 0.74276263 0.22400779
v -0.16898833 0.74276263 0.22786735
v -0.17139880 0.75062257 -0.26330739
v -0.16898833 0.75062257 -0.26470095
v -0.17460035 0.75062257 0.22400779
v -0.16898833 0.75062257 0.22749987
v -0.16898833 0.75647134 -0.26330739
v -0.16898833 0.75848252 -0.26275647
v -0.16898833 0.75801510 0.22400779
v -0.16898833 0.75848252 0.22370915
v -0.17170618 0.76634240 -0.25544748
v -0.16898833 0.76634240 -0.25640166
v -0.16898833 0.76946604 -0.25544748
v -0.16898833 0.77420235 -0.25452566
v -0.16898833 0.78206223 -0.25233486
v -0.16898833 0.78206223 0.21461824
v -0.16898833 0.78695095 -0.24758755
v -0.16898833 0.78992218 -0.23902896
v -0.16898833 0.78992218 0.21183184
v -0.16898833 0.79778212 -0.23892324
v -0.17629632 0.79778212 0.20042801
v -0.16898833 0.79778212 0.20564462
v -0.16898833 0.79530287 0.20828794
v -0.16898833 0.80564201 -0.23850791
v -0.16898833 0.80221879 0.20042801
v -0.16898833 0.80564201 0.19732055
v -0.17545769 0.81350195 0.19256809
v -0.16898833 0.81350195 0.19460623
v -0.16898833 0.81630188 0.19256809
v -0.16898833 0.82136184 0.18901353
v -0.16959710 0.82922179 -0.22400779
v -0.16898833 0.82922179 -0.22433166
v -0.17036612 0.82922179 0.18470818
v -0.16898833 0.82922179 0.18532091
v -0.16898833 0.82964933 -0.22400779
v -0.16898833 0.83427167 -0.21614785
v -0.17377281 0.83708173 0.17684825
v -0.16898833 0.83708173 0.17995295
v -0.16898833 0.83032840 0.18470818
v -0.16898833 0.84494162 -0.20564312
v -0.17234674 0.84494162 0.16898833
v -0.16898833 0.84494162 0.17279524
v -0.16898833 0.84091693 0.17684825
v -0.16898833 0.85055363 -0.20042801
v -0.16898833 0.85280156 -0.19134580
v -0.17160831 0.85280156 0.16112840
v -0.16898833 0.85280156 0.16418405
v -0.16898833 0.84841919 0.16898833
v -0.16898833 0.86066151 -0.18967748
v -0.17361839 0.86066151 0.15326849
v -0.16898833 0.86066151 0.15616426
v -0.16898833 0.85567683 0.16112840
v -0.16930747 0.86852139 -0.18470818
v -0.16898833 0.86852139 -0.18491919
v -0.16898833 0.86852139 -0.18089916
v -0.16898833 0.86833036 -0.17684825
v -0.16898833 0.86852139 -0.17583157
v -0.16898833 0.86852139 0.13715118
v -0.16898833 0.86268497 0.15326849
v -0.16898833 0.86870623 -0.18470818
v -0.17142645 0.87638134 -0.16898833
v -0.16898833 0.87638134 -0.17057234
v -0.16898833 0.87638134 0.13643542
v -0.16898833 0.87826139 -0.16898833
v -0.16898833 0.87992519 -0.16112840
v -0.16898833 0.88424122 -0.15430434
v -0.17274900 0.88424122 0.11396887
v -0.17252694 0.88424122 0.12182879
v -0.16898833 0.88424122 0.12784354
v -0.16898833 0.88329220 0.12968871
v -0.16898833 0.88510823 -0.15326849
v -0.16898833 0.89037400 -0.14540856
v -0.16898833 0.88832217 -0.13754864
v -0.16898833 0.89210117 -0.13366280
v -0.16898833 0.88866234 0.10610895
v -0.16898833 0.89210117 0.10278022
v -0.16898833 0.88782954 0.11396887
v -0.16898833 0.88695091 0.12182879
v -0.16898833 0.89759916 -0.12968871
v -0.17345943 0.89996111 -0.12182879
v -0.16898833 0.89996111 -0.12750822
v -0.17259027 0.89996111 -0.11396887
v -0.17459920 0.89996111 0.07466926
v -0.17298485 0.89996111 0.08252918
v -0.16990773 0.89996111 0.09038910
v -0.16898833 0.89996111 0.09151324
v -0.16898833 0.89577472 0.09824903
v -0.16898833 0.90303099 -0.12182879
v -0.16898833 0.90410727 -0.11396887
v -0.16898833 0.90756506 -0.10610895
v -0.16898833 0.90667325 -0.09824903
v -0.16898833 0.90782100 -0.09546202
v -0.16898833 0.90493637 0.05894941
v -0.16898833 0.90782100 0.05459501
v -0.16971770 0.90782100 0.06680934
v -0.16898833 0.90782100 0.06854237
v -0.16898833 0.90644044 0.07466926
v -0.16898833 0.90344667 0.08252918
v -0.16898833 0.90047115 0.09038910
v -0.16898833 0.91011149 -0.09038910
v -0.16898833 0.91497475 -0.08252918
v -0.16898833 0.91374236 -0.07466926
v -0.17134777 0.91568094 -0.06680934
v -0.16898833 0.91568094 -0.06869289
v -0.17557114 0.91568094 -0.05894941
v -0.17343040 0.91568094 -0.05108950
v -0.17581239 0.91568094 -0.04322957
v -0.17158128 0.91568094 -0.01964981
v -0.16898833 0.91568094 0.00401283
v -0.17309932 0.91568094 0.01964981
v -0.17075014 0.91568094 0.02750973
v -0.16924372 0.91568094 0.03536965
v -0.16937451 0.91568094 0.04322957
v -0.16898833 0.91568094 0.04375308
v -0.16898833 0.91056877 0.05108950
v -0.16898833 0.90817648 0.06680934
v -0.16898833 0.91635412 -0.06680934
v -0.16898833 0.91990066 -0.05894941
v -0.16898833 0.91948688 -0.05108950
v -0.16898833 0.91958964 -0.04322957
v -0.16898833 0.92217636 -0.03536965
v -0.16898833 0.92229664 -0.02750973
v -0.16898833 0.91829294 -0.01964981
v -0.16898833 0.92208332 -0.01178988
v -0.16898833 0.92258716 -0.00392996
v -0.16898833 0.91573346 0.00392996
v -0.16898833 0.91878694 0.01964981
v -0.16898833 0.91727138 0.02750973
v -0.16898833 0.91584969 0.03536965
v -0.16898833 0.91588664 0.04322957
v -0.16112840 0.65630352 -0.29431760
v -0.16441756 0.65630352 0.25544748
v -0.16112840 0.65630352 0.25705266
v -0.16112840 0.66413033 -0.28688717
v -0.16112840 0.66416341 -0.28682876
v -0.16461365 0.66416341 0.24758755
v -0.16112840 0.66416341 0.24899940
v -0.16112840 0.65872240 0.25544748
v -0.16472076 0.67202336 -0.27902722
v -0.16112840 0.67202336 -0.28032228
v -0.16749839 0.67202336 0.23972763
v -0.16112840 0.67202336 0.24046881
v -0.16112840 0.66503245 0.24758755
v -0.16822040 0.67988324 -0.27902722
v -0.16112840 0.67988324 -0.28113481
v -0.16547687 0.68774319 -0.27902722
v -0.16112840 0.68774319 -0.28050834
v -0.16112840 0.68774319 0.24055253
v -0.16330734 0.69560313 -0.27902722
v -0.16112840 0.69560313 -0.28017849
v -0.16112840 0.68913740 0.23972763
v -0.16112840 0.69560313 0.23339470
v -0.16112840 0.70313871 -0.27902722
v -0.16112840 0.70346302 -0.27897787
v -0.16112840 0.70346302 0.23758958
v -0.16112840 0.71132296 -0.27744448
v -0.16112840 0.71020806 0.23972763
v -0.16155086 0.71132296 0.23972763
v -0.16112840 0.71132296 0.23995754
v -0.16112840 0.71918291 -0.27600020
v -0.16112840 0.71322751 0.23972763
v -0.16112840 0.71918291 0.23892948
v -0.16358289 0.72704279 -0.27116731
v -0.16112840 0.72704279 -0.27337006
v -0.16637109 0.72704279 -0.26330739
v -0.16543442 0.72704279 0.23186770
v -0.16112840 0.72704279 0.23553297
v -0.16112840 0.73371488 -0.27116731
v -0.16564472 0.73490274 -0.26330739
v -0.16112840 0.73490274 -0.27042949
v -0.16867913 0.73490274 0.22400779
v -0.16385244 0.73490274 0.23186770
v -0.16112840 0.73490274 0.23373806
v -0.16112840 0.74276263 -0.26958397
v -0.16264735 0.74276263 0.23186770
v -0.16112840 0.74276263 0.23252901
v -0.16112840 0.75062257 -0.26886240
v -0.16112840 0.74500781 0.23186770
v -0.16112840 0.75062257 0.23018612
v -0.16784357 0.75848252 -0.26330739
v -0.16112840 0.75848252 -0.26667780
v -0.16851190 0.75848252 0.22400779
v -0.16112840 0.75848252 0.22801127
v -0.16112840 0.76183951 -0.26330739
v -0.16112840 0.76634240 0.22061932
v -0.16112840 0.76477599 0.22400779
v -0.16112840 0.77420235 0.21853524
v -0.16171494 0.78206223 -0.25544748
v -0.16112840 0.78206223 -0.25562090
v -0.16599031 0.78206223 0.21614785
v -0.16112840 0.78206223 0.21926408
v -0.16112840 0.78336340 -0.25544748
v -0.16673473 0.78992218 -0.24758755
v -0.16112840 0.78992218 -0.25426966
v -0.16835365 0.78992218 -0.23972763
v -0.16112840 0.78838545 0.21614785
v -0.16112840 0.78992218 0.21552685
v -0.16354997 0.79778212 -0.24758755
v -0.16112840 0.79778212 -0.25011185
v -0.16843669 0.79778212 -0.23972763
v -0.16612445 0.79778212 0.20828794
v -0.16112840 0.79778212 0.21152672
v -0.16112840 0.80396295 -0.24758755
v -0.16847861 0.80564201 -0.23972763
v -0.16112840 0.80564201 -0.24693607
v -0.16465971 0.80564201 0.20042801
v -0.16112840 0.80564201 0.20395188
v -0.16112840 0.80197126 0.20828794
v -0.16116001 0.81350195 -0.23972763
v -0.16112840 0.81350195 -0.23976414
v -0.16142327 0.81350195 0.20042801
v -0.16112840 0.81350195 0.20067544
v -0.16112840 0.81354177 -0.23972763
v -0.16112840 0.81351298 -0.23186770
v -0.16112840 0.82136184 -0.22878376
v -0.16112840 0.81377214 0.20042801
v -0.16112840 0.82922179 -0.22963096
v -0.16112840 0.82922179 0.18748187
v -0.16138986 0.83708173 -0.22400779
v -0.16112840 0.83708173 -0.22422457
v -0.16535047 0.83708173 -0.21614785
v -0.16235094 0.83708173 0.18470818
v -0.16112840 0.83708173 0.18542477
v -0.16112840 0.83733451 -0.22400779
v -0.16112840 0.84411508 -0.21614785
v -0.16639088 0.84494162 -0.20828794
v -0.16112840 0.84494162 -0.21543378
v -0.16367248 0.84494162 0.17684825
v -0.16112840 0.84494162 0.17839886
v -0.16112840 0.83803517 0.18470818
v -0.16142043 0.85280156 -0.20828794
v -0.16112840 0.85280156 -0.20854640
v -0.16542608 0.85280156 -0.20042801
v -0.16547178 0.85280156 -0.19256809
v -0.16332893 0.85280156 0.16898833
v -0.16112840 0.85280156 0.17054950
v -0.16112840 0.84655231 0.17684825
v -0.16112840 0.85302460 -0.20828794
v -0.16112840 0.85588825 -0.20042801
v -0.16319376 0.86066151 -0.19256809
v -0.16112840 0.86066151 -0.19464131
v -0.16311564 0.86066151 0.16112840
v -0.16112840 0.86066151 0.16261366
v -0.16112840 0.85433704 0.16898833
v -0.16112840 0.86479509 -0.19256809
v -0.16112840 0.86852139 -0.19130035
v -0.16112840 0.86759299 0.15326849
v -0.16112840 0.86202425 0.16112840
v -0.16112840 0.87442285 -0.18470818
v -0.16389652 0.87638134 -0.17684825
v -0.16112840 0.87638134 -0.18113525
v -0.16739891 0.87638134 0.13754864
v -0.16112840 0.87638134 0.14255044
v -0.16112840 0.87960070 -0.17684825
v -0.16281712 0.88424122 -0.16898833
v -0.16112840 0.88424122 -0.17070924
v -0.16112840 0.88424122 -0.16413470
v -0.16751190 0.88424122 0.12968871
v -0.16112840 0.88424122 0.13594729
v -0.16112840 0.88275409 0.13754864
v -0.16112840 0.88520682 -0.16898833
v -0.16320468 0.89210117 -0.15326849
v -0.16112840 0.89210117 -0.15538181
v -0.16701633 0.89210117 -0.14540856
v -0.16240814 0.89210117 -0.13754864
v -0.16229667 0.89210117 0.10610895
v -0.16260004 0.89210117 0.11396887
v -0.16112840 0.89210117 0.11691778
v -0.16112840 0.89087367 0.12182879
v -0.16112840 0.88753688 0.12968871
v -0.16112840 0.89363354 -0.15326849
v -0.16112840 0.89638770 -0.14540856
v -0.16112840 0.89329642 -0.13754864
v -0.16572388 0.89996111 -0.12968871
v -0.16112840 0.89996111 -0.13254341
v -0.16357665 0.89996111 0.09824903
v -0.16112840 0.89996111 0.10108652
v -0.16112840 0.89306974 0.10610895
v -0.16112840 0.89297825 0.11396887
v -0.16112840 0.90224463 -0.12968871
v -0.16112840 0.90768945 -0.12182879
v -0.16460796 0.90782100 -0.11396887
v -0.16112840 0.90782100 -0.12137635
v -0.16871092 0.90782100 -0.10610895
v -0.16786413 0.90782100 -0.09824903
v -0.16526836 0.90782100 0.05894941
v -0.16708140 0.90782100 0.07466926
v -0.16112840 0.90782100 0.08102787
v -0.16112840 0.90678310 0.08252918
v -0.16112840 0.90392977 0.09038910
v -0.16112840 0.90152079 0.09824903
v -0.16112840 0.90998113 -0.11396887
v -0.16112840 0.91307682 -0.10610895
v -0.16112840 0.91514266 -0.09824903
v -0.16347861 0.91568094 -0.09038910
v -0.16112840 0.91568094 -0.09676204
v -0.16747256 0.91568094 -0.08252918
v -0.16203420 0.91568094 -0.07466926
v -0.16328251 0.91568094 0.05108950
v -0.16112840 0.91568094 0.05454788
v -0.16112840 0.91259432 0.05894941
v -0.16112840 0.91440111 0.06680934
v -0.16112840 0.91165644 0.07466926
v -0.16112840 0.91749662 -0.09038910
v -0.16112840 0.91922146 -0.08252918
v -0.16112840 0.91614497 -0.07466926
v -0.16112840 0.92088807 -0.06680934
v -0.16358630 0.92354083 -0.05894941
v -0.16112840 0.92354083 -0.06350651
v -0.16176669 0.92354083 -0.05108950
v -0.16112840 0.92354083 -0.05030178
v -0.16112840 0.91800404 -0.04322957
v -0.16296440 0.92354083 -0.03536965
v -0.16511324 0.92354083 -0.02750973
v -0.16159633 0.92354083 -0.01964981
v -0.16675080 0.92354083 -0.01178988
v -0.16577232 0.92354083 -0.00392996
v -0.16112840 0.92354083 0.00078640
v -0.16112840 0.92199010 0.00392996
v -0.16188332 0.92354083 0.01178988
v -0.16112840 0.92354083 0.00851595
v -0.16349737 0.92354083 0.01964981
v -0.16126974 0.92354083 0.02750973
v -0.16112840 0.92354083 0.02789507
v -0.16112840 0.92191947 0.03536965
v -0.16112840 0.92061174 0.04322957
v -0.16112840 0.91703039 0.05108950
v -0.16112840 0.92519855 -0.05894941
v -0.16112840 0.92391264 -0.05108950
v -0.16112840 0.92410827 -0.03536965
v -0.16112840 0.92490512 -0.02750973
v -0.16112840 0.92371523 -0.01964981
v -0.16112840 0.92581981 -0.01178988
v -0.16112840 0.92480844 -0.00392996
v -0.16112840 0.92416477 0.01178988
v -0.16112840 0.92488229 0.01964981
v -0.16112840 0.92362022 0.02750973
v -0.16027251 0.65630352 -0.29474708
v -0.15326849 0.65630352 -0.29803619
v -0.15326849 0.65630352 0.26055422
v -0.15326849 0.66118455 -0.29474708
v -0.16095451 0.66416341 -0.28688717
v -0.15326849 0.66416341 -0.28997377
v -0.15326849 0.66269678 0.25544748
v -0.15326849 0.66416341 0.25296703
v -0.15326849 0.66632032 -0.28688717
v -0.15326849 0.67202336 -0.28207958
v -0.15326849 0.66741735 0.24758755
v -0.15326849 0.67202336 0.24090908
v -0.15326849 0.67988324 -0.28193417
v -0.15326849 0.67988324 0.24091208
v -0.15326849 0.68774319 -0.28192499
v -0.15326849 0.68774319 0.24481350
v -0.15326849 0.69560313 -0.28255159
v -0.15725686 0.69560313 0.23972763
v -0.15326849 0.69560313 0.24365123
v -0.16100283 0.70346302 -0.27902722
v -0.15326849 0.70346302 -0.28197652
v -0.15853438 0.70346302 0.23972763
v -0.15326849 0.70346302 0.24261333
v -0.15326849 0.70969856 -0.27902722
v -0.15326849 0.71132296 -0.27800193
v -0.15326849 0.71132296 0.24098945
v -0.15326849 0.71918291 -0.27385476
v -0.15808295 0.71918291 0.23972763
v -0.15326849 0.71918291 0.24083941
v -0.15326849 0.72704279 -0.27365443
v -0.15361138 0.72704279 0.23972763
v -0.15326849 0.72704279 0.23989433
v -0.16024265 0.73490274 -0.27116731
v -0.15326849 0.73490274 -0.27394262
v -0.15326849 0.72768503 0.23972763
v -0.15326849 0.73490274 0.23764344
v -0.15795222 0.74276263 -0.27116731
v -0.15326849 0.74276263 -0.27335602
v -0.15326849 0.74276263 0.23319981
v -0.15326849 0.75007182 -0.27116731
v -0.15326849 0.75062257 -0.27101099
v -0.15326849 0.74692971 0.23186770
v -0.15326849 0.75062257 0.23069452
v -0.15326849 0.75848252 -0.26959446
v -0.15326849 0.75848252 0.23150010
v -0.15619136 0.76634240 -0.26330739
v -0.15326849 0.76634240 -0.26633337
v -0.15916042 0.76634240 -0.25544748
v -0.16010754 0.76634240 0.22400779
v -0.15326849 0.76634240 0.23033544
v -0.15326849 0.77202845 -0.26330739
v -0.15664753 0.77420235 -0.25544748
v -0.15326849 0.77420235 -0.26110718
v -0.15754841 0.77420235 0.22400779
v -0.15326849 0.77420235 0.22733472
v -0.15326849 0.78206223 -0.25939068
v -0.15326849 0.78108746 0.22400779
v -0.15326849 0.78206223 0.22339396
v -0.15761922 0.78992218 -0.25544748
v -0.15326849 0.78992218 -0.25672674
v -0.15877670 0.78992218 0.21614785
v -0.15326849 0.78992218 0.21797311
v -0.15326849 0.79312968 -0.25544748
v -0.15326849 0.79778212 -0.25338686
v -0.15326849 0.79639184 0.21614785
v -0.15326849 0.79778212 0.21586230
v -0.15884320 0.80564201 -0.24758755
v -0.15326849 0.80564201 -0.24906129
v -0.15785682 0.80564201 0.20828794
v -0.15326849 0.80564201 0.21165517
v -0.15326849 0.80986524 -0.24758755
v -0.15326849 0.81350195 -0.24637108
v -0.15326849 0.81124938 0.20828794
v -0.15326849 0.81350195 0.20684394
v -0.15489346 0.82136184 -0.23972763
v -0.15326849 0.82136184 -0.24108185
v -0.15864496 0.82136184 -0.23186770
v -0.15773694 0.82136184 0.19256809
v -0.15393698 0.82136184 0.20042801
v -0.15326849 0.82136184 0.20095620
v -0.15326849 0.82278669 -0.23972763
v -0.15326849 0.82839280 -0.23186770
v -0.15326849 0.82922179 -0.23126210
v -0.15591343 0.82922179 0.19256809
v -0.15326849 0.82922179 0.19506042
v -0.15326849 0.82212502 0.20042801
v -0.15326849 0.83708173 -0.22798650
v -0.15326849 0.83304143 0.19256809
v -0.15326849 0.83708173 0.18986936
v -0.15326849 0.84376413 -0.22400779
v -0.16040263 0.84494162 -0.21614785
v -0.15326849 0.84494162 -0.22280851
v -0.15326849 0.84394586 0.18470818
v -0.15326849 0.84494162 0.18392766
v -0.15326849 0.84938300 -0.21614785
v -0.15326849 0.85280156 -0.21231414
v -0.15326849 0.85207897 0.17684825
v -0.15326849 0.85280156 0.17616907
v -0.15326849 0.85753566 -0.20828794
v -0.15697716 0.86066151 -0.20042801
v -0.15326849 0.86066151 -0.20477775
v -0.15326849 0.86034030 0.16898833
v -0.15326849 0.86066151 0.16867626
v -0.15326849 0.86394215 -0.20042801
v -0.15795882 0.86852139 -0.19256809
v -0.15326849 0.86852139 -0.19474584
v -0.15992002 0.86852139 0.15326849
v -0.15326849 0.86852139 0.16073766
v -0.15326849 0.86821920 0.16112840
v -0.15326849 0.87032664 -0.19256809
v -0.15564993 0.87638134 -0.18470818
v -0.15326849 0.87638134 -0.18574019
v -0.15429547 0.87638134 0.14540856
v -0.15326849 0.87638134 0.14622626
v -0.15326849 0.87337065 0.15326849
v -0.15326849 0.87746155 -0.18470818
v -0.15537259 0.88424122 -0.17684825
v -0.15326849 0.88424122 -0.17832702
v -0.15803276 0.88424122 0.13754864
v -0.15326849 0.88424122 0.13931394
v -0.15326849 0.87689042 0.14540856
v -0.15326849 0.88540918 -0.17684825
v -0.15326849 0.89050317 -0.16898833
v -0.15622495 0.89210117 -0.16112840
v -0.15326849 0.89210117 -0.16543879
v -0.15326849 0.88929737 0.12182879
v -0.15326849 0.89210117 0.11916796
v -0.15326849 0.88794982 0.12968871
v -0.15326849 0.88577569 0.13754864
v -0.15326849 0.89401841 -0.16112840
v -0.15326849 0.89842224 -0.15326849
v -0.15604715 0.89996111 -0.14540856
v -0.15326849 0.89996111 -0.14942235
v -0.15809423 0.89996111 -0.13754864
v -0.15790665 0.89996111 0.10610895
v -0.15326849 0.89996111 0.11176667
v -0.15326849 0.89788961 0.11396887
v -0.15326849 0.90170181 -0.14540856
v -0.15326849 0.90502936 -0.13754864
v -0.15379439 0.90782100 -0.12968871
v -0.15326849 0.90782100 -0.13049310
v -0.16089873 0.90782100 -0.12182879
v -0.15326849 0.90662891 0.09824903
v -0.15326849 0.90355402 0.10610895
v -0.15326849 0.90809804 -0.12968871
v -0.15326849 0.91185385 -0.12182879
v -0.15326849 0.91552573 -0.11396887
v -0.15656106 0.91568094 -0.10610895
v -0.15326849 0.91568094 -0.11323914
v -0.16030507 0.91568094 -0.09824903
v -0.15326849 0.91568094 0.05607558
v -0.15865234 0.91568094 0.06680934
v -0.15422842 0.91568094 0.07466926
v -0.15326849 0.91568094 0.07544462
v -0.15326849 0.91721404 -0.10610895
v -0.15326849 0.91929126 -0.09824903
v -0.15326849 0.92339778 -0.09038910
v -0.15405668 0.92354083 -0.08252918
v -0.15326849 0.92354083 -0.08847635
v -0.15326849 0.92354083 -0.08010552
v -0.15326849 0.92210811 -0.07466926
v -0.15853569 0.92354083 -0.06680934
v -0.15326849 0.92354083 -0.07256774
v -0.15452933 0.92354083 -0.04322957
v -0.15870833 0.92354083 0.00392996
v -0.15623604 0.92354083 0.03536965
v -0.15516289 0.92354083 0.04322957
v -0.15326849 0.92354083 0.04492243
v -0.15326849 0.91723764 0.05108950
v -0.15326849 0.91822785 0.06680934
v -0.15326849 0.91621965 0.07466926
v -0.15326849 0.92392296 -0.08252918
v -0.15326849 0.92636937 -0.06680934
v -0.15326849 0.93009400 -0.05894941
v -0.15326849 0.92866498 -0.05108950
v -0.15326849 0.92443061 -0.04322957
v -0.15326849 0.92979282 -0.03536965
v -0.15326849 0.92849123 -0.02750973
v -0.15326849 0.92518526 -0.01964981
v -0.15326849 0.92892379 -0.01178988
v -0.15326849 0.92746973 -0.00392996
v -0.15326849 0.92746484 0.00392996
v -0.15326849 0.92959553 0.01178988
v -0.15326849 0.92892462 0.01964981
v -0.15326849 0.92554063 0.02750973
v -0.15326849 0.92448354 0.03536965
v -0.15326849 0.92444062 0.04322957
v -0.14540856 0.65630352 -0.30117607
v -0.14653946 0.65630352 0.26330739
v -0.14540856 0.65630352 0.26378137
v -0.14771265 0.66416341 -0.29474708
v -0.14540856 0.66416341 -0.29590544
v -0.14823195 0.66416341 0.25544748
v -0.14540856 0.66416341 0.25646150
v -0.14540856 0.65704626 0.26330739
v -0.14540856 0.66552311 -0.29474708
v -0.14748040 0.67202336 -0.28688717
v -0.14540856 0.67202336 -0.28874108
v -0.14918201 0.67202336 0.24758755
v -0.14540856 0.67202336 0.25148058
v -0.14540856 0.66544086 0.25544748
v -0.14540856 0.67790234 -0.28688717
v -0.14540856 0.67988324 -0.28628895
v -0.14846686 0.67988324 0.24758755
v -0.14540856 0.67988324 0.25065303
v -0.14540856 0.68774319 -0.28683439
v -0.14921708 0.68774319 0.24758755
v -0.14540856 0.68774319 0.24978976
v -0.14540856 0.69560313 -0.28626975
v -0.14663260 0.69560313 0.24758755
v -0.14540856 0.69560313 0.24822080
v -0.14540856 0.70346302 -0.28453359
v -0.14540856 0.69776756 0.24758755
v -0.14540856 0.70346302 0.24552758
v -0.14956634 0.71132296 -0.27902722
v -0.14540856 0.71132296 -0.28045991
v -0.14540856 0.71132296 0.24023950
v -0.14540856 0.71670687 -0.27902722
v -0.14540856 0.71918291 -0.27783710
v -0.14690113 0.71918291 0.23972763
v -0.14540856 0.71594518 0.23972763
v -0.14540856 0.71918291 0.23936842
v -0.14540856 0.72704279 -0.27774304
v -0.14988397 0.72704279 0.23972763
v -0.14540856 0.72704279 0.23944062
v -0.14540856 0.73490274 -0.27773532
v -0.14540856 0.72831470 0.23972763
v -0.14838475 0.73490274 0.23972763
v -0.14540856 0.73490274 0.24092899
v -0.14540856 0.74276263 -0.27794617
v -0.14540856 0.74106175 0.23972763
v -0.14540856 0.74276263 0.23930222
v -0.15223376 0.75062257 -0.27116731
v -0.14540856 0.75062257 -0.27271596
v -0.14818099 0.75062257 0.23186770
v -0.14540856 0.75062257 0.23276265
v -0.14540856 0.75306827 -0.27116731
v -0.14540856 0.75848252 -0.26844725
v -0.15132666 0.75848252 0.23186770
v -0.14540856 0.75848252 0.23328075
v -0.14540856 0.76634240 -0.26886442
v -0.14954655 0.76634240 0.23186770
v -0.14540856 0.76634240 0.23352230
v -0.15221344 0.77420235 -0.26330739
v -0.14540856 0.77420235 -0.26851031
v -0.14540856 0.77333820 0.23186770
v -0.14540856 0.77420235 0.23163587
v -0.14910717 0.78206223 -0.26330739
v -0.14540856 0.78206223 -0.26597854
v -0.15190041 0.78206223 0.22400779
v -0.14540856 0.78206223 0.22684875
v -0.14540856 0.78838009 -0.26330739
v -0.14540856 0.78992218 -0.26261479
v -0.14540856 0.78826529 0.22400779
v -0.14540856 0.78992218 0.22318840
v -0.14853653 0.79778212 -0.25544748
v -0.14540856 0.79778212 -0.25678268
v -0.15175624 0.79778212 0.21614785
v -0.14540856 0.79778212 0.21757986
v -0.14540856 0.79997122 -0.25544748
v -0.14540856 0.80564201 -0.25199053
v -0.14540856 0.80044544 0.21614785
v -0.14540856 0.80564201 0.21389444
v -0.14896271 0.81350195 -0.24758755
v -0.14540856 0.81350195 -0.24865699
v -0.14944921 0.81350195 0.20828794
v -0.14540856 0.81350195 0.20972809
v -0.14540856 0.81627154 -0.24758755
v -0.14540856 0.82136184 -0.24515897
v -0.14540856 0.81602436 0.20828794
v -0.14540856 0.82136184 0.20476454
v -0.14540856 0.82622635 -0.23972763
v -0.14540856 0.82922179 -0.23033598
v -0.14540856 0.82682842 0.20042801
v -0.14540856 0.82922179 0.19838089
v -0.14540856 0.83708173 -0.22935799
v -0.14540856 0.83672744 0.19256809
v -0.14540856 0.83708173 0.19230388
v -0.15138704 0.84494162 -0.22400779
v -0.14540856 0.84494162 -0.22729503
v -0.14540856 0.84439003 0.18470818
v -0.14540856 0.84494162 0.18336360
v -0.14540856 0.84776485 -0.22400779
v -0.14540856 0.84746635 -0.21614785
v -0.14540856 0.85280156 -0.20940271
v -0.14540856 0.84951752 0.17684825
v -0.14540856 0.85280156 0.17445163
v -0.14566192 0.86066151 -0.20828794
v -0.14540856 0.86066151 -0.20836860
v -0.14540856 0.86057824 0.16898833
v -0.14540856 0.86066151 0.16894659
v -0.14540856 0.86076307 -0.20828794
v -0.14540856 0.86777359 -0.20042801
v -0.14540856 0.86852139 -0.19864881
v -0.15270078 0.86852139 0.16112840
v -0.14540856 0.86852139 0.16458835
v -0.14540856 0.87267309 -0.19256809
v -0.14540856 0.87638134 -0.18999319
v -0.14540856 0.87487447 0.15326849
v -0.14540856 0.87216079 0.16112840
v -0.14540856 0.88298696 -0.18470818
v -0.14540856 0.88424122 -0.18346225
v -0.14540856 0.88424122 0.14056388
v -0.14540856 0.88795245 -0.17684825
v -0.14540856 0.89162290 -0.16898833
v -0.14540856 0.89210117 -0.16773354
v -0.14540856 0.88946694 0.12182879
v -0.14540856 0.89210117 0.11949610
v -0.14540856 0.89130157 0.12968871
v -0.14540856 0.88871932 0.13754864
v -0.14540856 0.89496207 -0.16112840
v -0.14540856 0.89974439 -0.15326849
v -0.14540856 0.89996111 -0.15313433
v -0.14913097 0.89996111 0.11396887
v -0.14540856 0.89996111 0.11560799
v -0.14540856 0.90662491 -0.14540856
v -0.14540856 0.90740591 -0.13754864
v -0.14540856 0.90782100 -0.12506050
v -0.14771013 0.90782100 0.09824903
v -0.14540856 0.90782100 0.09508160
v -0.14540856 0.90782100 0.10051588
v -0.14540856 0.90650141 0.10610895
v -0.14540856 0.90151268 0.11396887
v -0.14540856 0.91079295 -0.12182879
v -0.15285298 0.91568094 -0.11396887
v -0.14540856 0.91568094 -0.11877956
v -0.14562042 0.91568094 0.08252918
v -0.14540856 0.91568094 0.08282901
v -0.14540856 0.90849394 0.09824903
v -0.14540856 0.91872013 -0.11396887
v -0.14540856 0.91626906 -0.10610895
v -0.15300427 0.92354083 -0.09038910
v -0.14540856 0.92354083 -0.09536986
v -0.14540856 0.92218959 -0.07466926
v -0.14540856 0.92354083 -0.07233309
v -0.14936958 0.92354083 0.02750973
v -0.14540856 0.92100823 0.02750973
v -0.14540856 0.92354083 0.03509009
v -0.14628834 0.92354083 0.05108950
v -0.14540856 0.92354083 0.05230441
v -0.14540856 0.91704232 0.05894941
v -0.14540856 0.92165780 0.06680934
v -0.14540856 0.92011380 0.07466926
v -0.14540856 0.91582727 0.08252918
v -0.14540856 0.92731488 -0.09038910
v -0.14540856 0.92806613 -0.08252918
v -0.14540856 0.92788756 -0.06680934
v -0.15019359 0.93140078 -0.05894941
v -0.14540856 0.93140078 -0.06357895
v -0.14676543 0.93140078 -0.05108950
v -0.14540856 0.93140078 -0.04848233
v -0.14540856 0.92945069 -0.04322957
v -0.15094431 0.93140078 -0.03536965
v -0.15033486 0.93140078 -0.02750973
v -0.14887924 0.93140078 -0.01964981
v -0.14994082 0.93140078 -0.01178988
v -0.14946787 0.93140078 -0.00392996
v -0.14991912 0.93140078 0.00392996
v -0.14959739 0.93140078 0.01178988
v -0.14619190 0.93140078 0.01964981
v -0.14540856 0.93140078 0.02006645
v -0.14540856 0.92364639 0.03536965
v -0.14540856 0.92810428 0.04322957
v -0.14540856 0.92416632 0.05108950
v -0.14540856 0.93340534 -0.05894941
v -0.14540856 0.93190366 -0.05108950
v -0.14540856 0.93394417 -0.03536965
v -0.14540856 0.93384033 -0.02750973
v -0.14540856 0.93371201 -0.01964981
v -0.14540856 0.93390787 -0.01178988
v -0.14540856 0.93367845 -0.00392996
v -0.14540856 0.93373960 0.00392996
v -0.14540856 0.93321681 0.01178988
v -0.14540856 0.93167901 0.01964981
v -0.14187324 0.65630352 -0.30260700
v -0.13754864 0.65630352 -0.30443004
v -0.13754864 0.65630352 0.26704019
v -0.13754864 0.65925288 -0.30260700
v -0.13754864 0.66416341 -0.29824072
v -0.13754864 0.66100669 0.26330739
v -0.13754864 0.66416341 0.25886855
v -0.13754864 0.66886073 -0.29474708
v -0.13754864 0.67202336 -0.29270679
v -0.13754864 0.66993099 0.25544748
v -0.13754864 0.67202336 0.25475928
v -0.14433277 0.67988324 -0.28688717
v -0.13754864 0.67988324 -0.29012284
v -0.13754864 0.67988324 0.25534120
v -0.14529450 0.68774319 -0.28688717
v -0.13754864 0.68774319 -0.28970900
v -0.13754864 0.68774319 0.25355133
v -0.14338775 0.69560313 -0.28688717
v -0.13754864 0.69560313 -0.28857502
v -0.13754864 0.69560313 0.25106776
v -0.13774286 0.70346302 -0.28688717
v -0.13754864 0.70346302 -0.28694448
v -0.14238739 0.70346302 0.24758755
v -0.13754864 0.70346302 0.25034565
v -0.13754864 0.70466006 -0.28688717
v -0.13754864 0.71132296 -0.28653637
v -0.13754864 0.70909810 0.24758755
v -0.13754864 0.71132296 0.24528123
v -0.14498226 0.71918291 -0.27902722
v -0.13754864 0.71918291 -0.28649834
v -0.14008084 0.71918291 0.23972763
v -0.13754864 0.71918291 0.23999316
v -0.14465789 0.72704279 -0.27902722
v -0.13754864 0.72704279 -0.28529289
v -0.13754864 0.72371733 0.23972763
v -0.13754864 0.72704279 0.23957579
v -0.14365238 0.73490274 -0.27902722
v -0.13754864 0.73490274 -0.28278136
v -0.13754864 0.73490274 0.24418253
v -0.14262216 0.74276263 -0.27902722
v -0.13754864 0.74276263 -0.28090671
v -0.14477766 0.74276263 0.23972763
v -0.13754864 0.74276263 0.24341364
v -0.13754864 0.74989384 -0.27902722
v -0.13754864 0.75062257 -0.27866271
v -0.13754864 0.74988472 0.23972763
v -0.13754864 0.75062257 0.23910314
v -0.13896954 0.75848252 -0.27116731
v -0.13754864 0.75848252 -0.27214831
v -0.13754864 0.75848252 0.23777008
v -0.13754864 0.76184696 -0.27116731
v -0.13754864 0.76634240 -0.27013847
v -0.13754864 0.76634240 0.23813792
v -0.13754864 0.77420235 -0.27032736
v -0.14504379 0.77420235 0.23186770
v -0.13754864 0.77420235 0.23617162
v -0.13754864 0.78206223 -0.27028820
v -0.13846360 0.78206223 0.23186770
v -0.13754864 0.78206223 0.23235320
v -0.14389932 0.78992218 -0.26330739
v -0.13754864 0.78992218 -0.26638103
v -0.14427844 0.78992218 0.22400779
v -0.13754864 0.78992218 0.22782992
v -0.13754864 0.78301847 0.23186770
v -0.13754864 0.79313433 -0.26330739
v -0.13754864 0.79691774 -0.25544748
v -0.13754864 0.79778212 -0.25419620
v -0.13754864 0.79424876 0.22400779
v -0.13754864 0.79778212 0.21768156
v -0.13754864 0.80564201 -0.25356022
v -0.13754864 0.79971397 0.21614785
v -0.13754864 0.80564201 0.21411164
v -0.13754864 0.81350195 -0.25363234
v -0.13754864 0.81350195 0.21389996
v -0.14146997 0.82136184 -0.24758755
v -0.13754864 0.82136184 -0.24947661
v -0.13754864 0.82122540 0.20828794
v -0.13754864 0.82136184 0.20815997
v -0.13754864 0.82454741 -0.24758755
v -0.14213805 0.82922179 -0.23972763
v -0.13754864 0.82922179 -0.24420370
v -0.14435926 0.82922179 -0.23186770
v -0.13885380 0.82922179 0.20042801
v -0.13754864 0.82922179 0.20080401
v -0.13754864 0.83515775 -0.23972763
v -0.14326608 0.83708173 -0.23186770
v -0.13754864 0.83708173 -0.23853303
v -0.14476655 0.83708173 0.19256809
v -0.13754864 0.83708173 0.19538915
v -0.13754864 0.82976329 0.20042801
v -0.14009595 0.84494162 -0.23186770
v -0.13754864 0.84494162 -0.23354496
v -0.14390106 0.84494162 0.18470818
v -0.13754864 0.84494162 0.18956882
v -0.13754864 0.84231508 0.19256809
v -0.13754864 0.84696656 -0.23186770
v -0.13859284 0.85280156 -0.22400779
v -0.13754864 0.85280156 -0.22498631
v -0.14053077 0.85280156 -0.21614785
v -0.13970642 0.85280156 0.17684825
v -0.13754864 0.85280156 0.17876238
v -0.13754864 0.84893143 0.18470818
v -0.13754864 0.85362095 -0.22400779
v -0.13754864 0.85842711 -0.21614785
v -0.13754864 0.86066151 -0.21439965
v -0.14530434 0.86066151 0.16898833
v -0.13754864 0.86066151 0.17531323
v -0.13754864 0.85643315 0.17684825
v -0.13754864 0.86653292 -0.20828794
v -0.14430229 0.86852139 -0.20042801
v -0.13754864 0.86852139 -0.20624614
v -0.13765873 0.86852139 0.16898833
v -0.13754864 0.86852139 0.16906221
v -0.13754864 0.87380242 -0.20042801
v -0.14220402 0.87638134 -0.19256809
v -0.13754864 0.87638134 -0.19726820
v -0.14291348 0.87638134 0.15326849
v -0.13754864 0.87638134 0.16024750
v -0.13754864 0.87594080 0.16112840
v -0.13754864 0.86859190 0.16898833
v -0.13754864 0.88062119 -0.19256809
v -0.14265244 0.88424122 -0.18470818
v -0.13754864 0.88424122 -0.18759927
v -0.13754864 0.88408643 0.14540856
v -0.13754864 0.88424122 0.14535783
v -0.13754864 0.88020456 0.15326849
v -0.13754864 0.88565838 -0.18470818
v -0.13952249 0.89210117 -0.16898833
v -0.13754864 0.89210117 -0.16920145
v -0.14343008 0.89210117 0.12182879
v -0.14462474 0.89210117 0.12968871
v -0.13978593 0.89210117 0.13754864
v -0.13754864 0.89210117 0.13864434
v -0.13754864 0.89242667 -0.16898833
v -0.13988943 0.89996111 -0.16112840
v -0.13754864 0.89996111 -0.16375752
v -0.14530176 0.89996111 -0.15326849
v -0.13949119 0.89996111 0.12182879
v -0.13754864 0.89996111 0.12531501
v -0.13754864 0.89793384 0.12968871
v -0.13754864 0.89298975 0.13754864
v -0.13754864 0.90184605 -0.16112840
v -0.13754864 0.90710968 -0.15326849
v -0.14340694 0.90782100 -0.14540856
v -0.13754864 0.90782100 -0.15175398
v -0.13754864 0.90723240 0.10610895
v -0.13754864 0.90782100 0.10501144
v -0.13754864 0.90642357 0.11396887
v -0.13754864 0.90198433 0.12182879
v -0.13754864 0.91078937 -0.14540856
v -0.13754864 0.90801913 -0.13754864
v -0.14218159 0.91568094 -0.12182879
v -0.13754864 0.91568094 -0.12525108
v -0.14006117 0.91568094 0.09038910
v -0.13754864 0.91276032 0.09824903
v -0.13754864 0.91568094 0.09425298
v -0.13754864 0.91932160 -0.12182879
v -0.13790286 0.92354083 -0.11396887
v -0.13754864 0.92354083 -0.11448980
v -0.13877100 0.92354083 -0.10610895
v -0.14175594 0.92354083 -0.09824903
v -0.14438710 0.92354083 -0.07466926
v -0.14207269 0.92354083 0.02750973
v -0.14278695 0.92354083 0.05894941
v -0.14177267 0.92354083 0.06680934
v -0.13754864 0.92354083 0.07252798
v -0.13754864 0.92274064 0.07466926
v -0.13754864 0.91881788 0.08252918
v -0.13754864 0.91714674 0.09038910
v -0.13754864 0.92374820 -0.11396887
v -0.13754864 0.92458773 -0.10610895
v -0.13754864 0.92675757 -0.09824903
v -0.13754864 0.93109065 -0.09038910
v -0.14014506 0.93140078 -0.08252918
v -0.13754864 0.93140078 -0.08910792
v -0.13914056 0.93140078 -0.07466926
v -0.14170960 0.93140078 -0.06680934
v -0.14437708 0.93140078 -0.04322957
v -0.13854642 0.93140078 0.02750973
v -0.13828862 0.93140078 0.03536965
v -0.13924664 0.93140078 0.04322957
v -0.13754864 0.93140078 0.04727803
v -0.13754864 0.93063658 0.05108950
v -0.13754864 0.92810452 0.05894941
v -0.13754864 0.92558473 0.06680934
v -0.13754864 0.93284690 -0.08252918
v -0.13754864 0.93276751 -0.07466926
v -0.13754864 0.93322939 -0.06680934
v -0.13754864 0.93699598 -0.05108950
v -0.13754864 0.93789297 -0.04322957
v -0.13754864 0.93647468 -0.03536965
v -0.13754864 0.93786621 -0.01178988
v -0.13754864 0.93810260 -0.00392996
v -0.13754864 0.93631202 0.00392996
v -0.13754864 0.93621755 0.01178988
v -0.13754864 0.93587178 0.01964981
v -0.13754864 0.93229479 0.02750973
v -0.13754864 0.93194503 0.03536965
v -0.13754864 0.93223488 0.04322957
v -0.12968871 0.65630352 -0.30745992
v -0.12968871 0.65630352 0.26986256
v -0.12968871 0.66252369 -0.30260700
v -0.12968871 0.66416341 -0.30006909
v -0.12968871 0.66320866 0.26330739
v -0.12968871 0.66416341 0.26161945
v -0.12968871 0.67015874 -0.29474708
v -0.12968871 0.67202336 -0.29381135
v -0.13503881 0.67202336 0.25544748
v -0.12968871 0.67202336 0.25687960
v -0.12968871 0.67988324 -0.29318741
v -0.13637665 0.67988324 0.25544748
v -0.12968871 0.67988324 0.25612798
v -0.12968871 0.68774319 -0.29288974
v -0.12968871 0.68143290 0.25544748
v -0.12968871 0.68774319 0.25159380
v -0.12968871 0.69560313 -0.29169834
v -0.12968871 0.69560313 0.25082093
v -0.12968871 0.70346302 -0.28976494
v -0.12968871 0.70346302 0.25350493
v -0.13676080 0.71132296 -0.28688717
v -0.12968871 0.71132296 -0.28955081
v -0.13618231 0.71132296 0.24758755
v -0.12968871 0.71132296 0.25264165
v -0.13630781 0.71918291 -0.28688717
v -0.12968871 0.71918291 -0.28870204
v -0.13269351 0.71918291 0.24758755
v -0.12968871 0.71918291 0.25007927
v -0.13199520 0.72704279 -0.28688717
v -0.12968871 0.72704279 -0.28749660
v -0.13743548 0.72704279 0.23972763
v -0.13107388 0.72704279 0.24758755
v -0.12968871 0.72704279 0.24873386
v -0.12968871 0.73028868 -0.28688717
v -0.12968871 0.73490274 -0.28598839
v -0.12968871 0.73440659 0.24758755
v -0.12968871 0.73490274 0.24751523
v -0.12968871 0.74276263 -0.28441900
v -0.12968871 0.74276263 0.24596749
v -0.13707022 0.75062257 -0.27902722
v -0.12968871 0.75062257 -0.28239980
v -0.13640472 0.75062257 0.23972763
v -0.12968871 0.75062257 0.24234432
v -0.12968871 0.75848252 -0.27401578
v -0.13278843 0.75848252 0.23972763
v -0.12968871 0.75848252 0.24081254
v -0.13350348 0.76634240 -0.27116731
v -0.12968871 0.76634240 -0.27200785
v -0.13288589 0.76634240 0.23972763
v -0.12968871 0.76634240 0.24073170
v -0.13607706 0.77420235 -0.27116731
v -0.12968871 0.77420235 -0.27468291
v -0.12968871 0.77060288 0.23972763
v -0.12968871 0.77420235 0.23884492
v -0.13564038 0.78206223 -0.27116731
v -0.12968871 0.78206223 -0.27413014
v -0.12968871 0.78206223 0.23403454
v -0.12968871 0.78898239 -0.27116731
v -0.12968871 0.78992218 -0.27058515
v -0.12968871 0.78585684 0.23186770
v -0.12968871 0.78992218 0.22993547
v -0.12968871 0.79678524 -0.26330739
v -0.13373448 0.79778212 -0.25544748
v -0.12968871 0.79778212 -0.25937882
v -0.13361016 0.79778212 0.22400779
v -0.12968871 0.79778212 0.22692551
v -0.13379365 0.80564201 -0.25544748
v -0.12968871 0.80564201 -0.25819579
v -0.13500157 0.80564201 0.21614785
v -0.12968871 0.80564201 0.22186038
v -0.12968871 0.80273831 0.22400779
v -0.12979719 0.81350195 -0.25544748
v -0.12968871 0.81350195 -0.25547728
v -0.13301007 0.81350195 0.21614785
v -0.12968871 0.81350195 0.21800311
v -0.12968871 0.81354725 -0.25544748
v -0.12968871 0.82136184 -0.25056627
v -0.12968871 0.82074922 0.20828794
v -0.12968871 0.82136184 0.20662855
v -0.12968871 0.81580812 0.21614785
v -0.12968871 0.82553756 -0.24758755
v -0.12968871 0.82922179 0.20200789
v -0.13059895 0.83708173 0.20042801
v -0.12968871 0.83708173 0.20103236
v -0.12968871 0.84494162 -0.23528633
v -0.13543236 0.84494162 0.19256809
v -0.12968871 0.84494162 0.19626983
v -0.12968871 0.83812404 0.20042801
v -0.12968871 0.84762156 -0.23186770
v -0.12968871 0.85280156 -0.22511968
v -0.13499251 0.85280156 0.18470818
v -0.12968871 0.85280156 0.18970746
v -0.12968871 0.84959888 0.19256809
v -0.12968871 0.85431081 -0.22400779
v -0.13516910 0.86066151 -0.21614785
v -0.12968871 0.86066151 -0.21967395
v -0.13653030 0.86066151 0.17684825
v -0.12968871 0.86066151 0.18275362
v -0.12968871 0.85840893 0.18470818
v -0.12968871 0.86417013 -0.21614785
v -0.13389081 0.86852139 -0.20828794
v -0.12968871 0.86852139 -0.21082351
v -0.12968871 0.86634415 0.17684825
v -0.12968871 0.86852139 0.17382030
v -0.12968871 0.87038589 -0.20828794
v -0.13257226 0.87638134 -0.20042801
v -0.12968871 0.87638134 -0.20183627
v -0.13593374 0.87638134 0.16112840
v -0.12968871 0.87638134 0.16357456
v -0.12968871 0.87210286 0.16898833
v -0.12968871 0.87803018 -0.20042801
v -0.13311034 0.88424122 -0.19256809
v -0.12968871 0.88424122 -0.19500194
v -0.13740921 0.88424122 0.14540856
v -0.12999623 0.88424122 0.15326849
v -0.12968871 0.88424122 0.15348664
v -0.12968871 0.87830567 0.16112840
v -0.12968871 0.88624942 -0.19256809
v -0.12968871 0.88954312 -0.18470818
v -0.12968871 0.88717985 -0.17684825
v -0.12968871 0.89210117 -0.17532888
v -0.12968871 0.88811880 0.14540856
v -0.12968871 0.89210117 0.14023322
v -0.12968871 0.88438350 0.15326849
v -0.13074256 0.89996111 -0.16898833
v -0.12968871 0.89996111 -0.16984873
v -0.13008353 0.89996111 0.12968871
v -0.12968871 0.89996111 0.12985626
v -0.12968871 0.89397645 0.13754864
v -0.12968871 0.90053570 -0.16898833
v -0.12968871 0.90414172 -0.16112840
v -0.13543266 0.90782100 -0.15326849
v -0.12968871 0.90782100 -0.15633433
v -0.13626061 0.90782100 0.10610895
v -0.13448219 0.90782100 0.11396887
v -0.12968871 0.90782100 0.11854659
v -0.12968871 0.90598822 0.12182879
v -0.12968871 0.90007859 0.12968871
v -0.12968871 0.90994585 -0.15326849
v -0.12968871 0.91423720 -0.14540856
v -0.13054095 0.91568094 -0.13754864
v -0.12968871 0.91568094 -0.13966341
v -0.13356146 0.91568094 -0.12968871
v -0.13274665 0.91568094 0.09824903
v -0.12968871 0.91568094 0.10031223
v -0.12968871 0.91127211 0.10610895
v -0.12968871 0.90974534 0.11396887
v -0.12968871 0.91630721 -0.13754864
v -0.12968871 0.91991651 -0.12968871
v -0.13085549 0.92354083 -0.12182879
v -0.12968871 0.92354083 -0.12306956
v -0.13461825 0.92354083 0.07466926
v -0.12968871 0.92354083 0.07766122
v -0.12968871 0.91987365 0.08252918
v -0.12968871 0.91814590 0.09038910
v -0.12968871 0.91681921 0.09824903
v -0.12968871 0.92404348 -0.12182879
v -0.12968871 0.92645496 -0.11396887
v -0.12968871 0.92762983 -0.10610895
v -0.12968871 0.93005586 -0.09824903
v -0.13663428 0.93140078 -0.09038910
v -0.12968871 0.93140078 -0.09563923
v -0.12968871 0.92959291 -0.06680934
v -0.12968871 0.93140078 -0.06397484
v -0.13454150 0.93140078 0.05108950
v -0.12968871 0.93140078 0.05527875
v -0.12968871 0.93021417 0.05894941
v -0.12968871 0.92733866 0.06680934
v -0.12968871 0.92495632 0.07466926
v -0.12968871 0.93356115 -0.09038910
v -0.12968871 0.93599313 -0.08252918
v -0.12968871 0.93413055 -0.07466926
v -0.12968871 0.93552804 -0.05894941
v -0.13073142 0.93926072 -0.05108950
v -0.12968871 0.93926072 -0.05222646
v -0.13409720 0.93926072 -0.04322957
v -0.13223550 0.93926072 -0.03536965
v -0.12968871 0.93198055 -0.02750973
v -0.12968871 0.93318921 -0.01964981
v -0.13404480 0.93926072 -0.01178988
v -0.13411514 0.93926072 -0.00392996
v -0.12968871 0.93926072 -0.00157844
v -0.12968871 0.93880856 0.01964981
v -0.12968871 0.93611836 0.02750973
v -0.12968871 0.93382174 0.03536965
v -0.12968871 0.93401927 0.04322957
v -0.12968871 0.93267530 0.05108950
v -0.12968871 0.93962485 -0.05108950
v -0.12968871 0.94083983 -0.04322957
v -0.12968871 0.94037426 -0.03536965
v -0.12968871 0.94104278 -0.01178988
v -0.12968871 0.94089961 -0.00392996
v -0.12182879 0.65630352 -0.31021160
v -0.12625054 0.65630352 0.27116731
v -0.12182879 0.65630352 0.27277094
v -0.12182879 0.66400450 -0.30260700
v -0.12182879 0.66416341 -0.30206412
v -0.12182879 0.66399646 0.26330739
v -0.12182879 0.66416341 0.26299930
v -0.12182879 0.65861821 0.27116731
v -0.12182879 0.66892558 -0.29474708
v -0.12182879 0.67202336 -0.29318362
v -0.12182879 0.67202336 0.25792626
v -0.12186645 0.67988324 -0.29474708
v -0.12182879 0.67988324 -0.29475433
v -0.12182879 0.67984271 -0.29474708
v -0.12422727 0.67988324 0.25544748
v -0.12182879 0.67903066 0.25544748
v -0.12182879 0.67988324 0.25490287
v -0.12463612 0.68774319 -0.29474708
v -0.12182879 0.68774319 -0.29570571
v -0.12182879 0.68774319 0.25069800
v -0.12182879 0.69115698 -0.29474708
v -0.12182879 0.69560313 -0.29281569
v -0.12182879 0.69560313 0.25467116
v -0.12182879 0.70346302 -0.28778571
v -0.12182879 0.69877833 0.25544748
v -0.12401727 0.70346302 0.25544748
v -0.12182879 0.70346302 0.25619620
v -0.12182879 0.71132296 -0.29030159
v -0.12182879 0.70774299 0.25544748
v -0.12182879 0.71132296 0.25477922
v -0.12182879 0.71918291 -0.28920677
v -0.12182879 0.71918291 0.25343657
v -0.12182879 0.72704279 -0.28704709
v -0.12182879 0.72704279 0.25104570
v -0.12182879 0.72781253 -0.28688717
v -0.12182879 0.73490274 -0.28480643
v -0.12182879 0.74276263 -0.28527156
v -0.12182879 0.75062257 0.24661082
v -0.12182879 0.75848252 -0.27900493
v -0.12182879 0.75848252 0.24582861
v -0.12182879 0.76634240 -0.27486628
v -0.12182879 0.76634240 0.24229263
v -0.12182879 0.77420235 -0.27855235
v -0.12182879 0.77058673 0.23972763
v -0.12182879 0.77420235 0.23689133
v -0.12182879 0.78206223 -0.27738968
v -0.12439236 0.78992218 -0.27116731
v -0.12182879 0.78992218 -0.27142864
v -0.12182879 0.79037195 -0.27116731
v -0.12822877 0.79778212 -0.26330739
v -0.12182879 0.79778212 -0.26723364
v -0.12182879 0.79778212 0.22953717
v -0.12366863 0.80564201 -0.26330739
v -0.12182879 0.80564201 -0.26431933
v -0.12672673 0.80564201 0.22400779
v -0.12182879 0.80564201 0.22668852
v -0.12182879 0.80737972 -0.26330739
v -0.12182879 0.81350195 -0.25730926
v -0.12182879 0.80966747 0.22400779
v -0.12182879 0.81350195 0.22044457
v -0.12182879 0.81575668 -0.25544748
v -0.12182879 0.82136184 -0.25153759
v -0.12570016 0.82136184 0.20828794
v -0.12182879 0.82136184 0.20953619
v -0.12182879 0.81732327 0.21614785
v -0.12182879 0.82827890 -0.24758755
v -0.12182879 0.82922179 -0.24469015
v -0.12182879 0.82428968 0.20828794
v -0.12182879 0.82922179 0.20695728
v -0.12182879 0.83708173 -0.24168229
v -0.12182879 0.83708173 0.20620878
v -0.12182879 0.84111768 -0.23972763
v -0.12182879 0.84494162 -0.23712467
v -0.12182879 0.84462202 0.20042801
v -0.12182879 0.84494162 0.19997707
v -0.12182879 0.84733874 -0.23186770
v -0.12182879 0.85280156 -0.22407746
v -0.12182879 0.84879518 0.19256809
v -0.12182879 0.85280156 0.18655466
v -0.12182879 0.85802138 -0.22400779
v -0.12182879 0.86066151 -0.22398242
v -0.12212161 0.86066151 0.18470818
v -0.12182879 0.86066151 0.18477030
v -0.12289410 0.86852139 -0.21614785
v -0.12182879 0.86852139 -0.21698169
v -0.12463558 0.86852139 0.17684825
v -0.12182879 0.86852139 0.17820217
v -0.12182879 0.86075872 0.18470818
v -0.12182879 0.86903328 -0.21614785
v -0.12182879 0.87313980 0.16898833
v -0.12182879 0.87638134 0.16411042
v -0.12182879 0.86965525 0.17684825
v -0.12182879 0.88424122 -0.19758278
v -0.12182879 0.87985134 0.16112840
v -0.12182879 0.88424122 0.15811053
v -0.12182879 0.88967639 -0.19256809
v -0.12587635 0.89210117 -0.18470818
v -0.12182879 0.89210117 -0.18873750
v -0.12874790 0.89210117 -0.17684825
v -0.12269717 0.89210117 0.14540856
v -0.12182879 0.89210117 0.14607179
v -0.12182879 0.88802153 0.15326849
v -0.12182879 0.89450365 -0.18470818
v -0.12182879 0.89950436 -0.17684825
v -0.12182879 0.89996111 -0.17578660
v -0.12182879 0.89988267 -0.16112840
v -0.12182879 0.89996111 -0.16096434
v -0.12182879 0.89877409 0.13754864
v -0.12182879 0.89996111 0.13573250
v -0.12182879 0.89250654 0.14540856
v -0.12182879 0.90251493 -0.16898833
v -0.12182879 0.90782100 -0.15643513
v -0.12182879 0.90754169 0.12182879
v -0.12182879 0.90782100 0.12148663
v -0.12182879 0.90320766 0.12968871
v -0.12182879 0.91201156 -0.15326849
v -0.12494321 0.91568094 -0.14540856
v -0.12182879 0.91568094 -0.14777520
v -0.12265214 0.91568094 0.10610895
v -0.12182879 0.91568094 0.10693853
v -0.12182879 0.91245008 0.11396887
v -0.12182879 0.91671294 -0.14540856
v -0.12182879 0.91915578 -0.13754864
v -0.12182879 0.92323709 -0.12968871
v -0.12182879 0.92354083 -0.12903580
v -0.12325018 0.92354083 0.06680934
v -0.12182879 0.92246878 0.06680934
v -0.12182879 0.92354083 0.06402989
v -0.12182879 0.92354083 0.06976616
v -0.12549232 0.92354083 0.08252918
v -0.12182879 0.92354083 0.08707680
v -0.12182879 0.92107302 0.09038910
v -0.12182879 0.91730195 0.09824903
v -0.12182879 0.91603965 0.10610895
v -0.12182879 0.92620075 -0.12182879
v -0.12182879 0.92624617 -0.11396887
v -0.12182879 0.92591935 -0.09824903
v -0.12182879 0.93140078 -0.09546527
v -0.12716167 0.93140078 -0.06680934
v -0.12182879 0.92682868 0.05894941
v -0.12182879 0.93140078 0.05203217
v -0.12182879 0.92517233 0.07466926
v -0.12182879 0.92552072 0.08252918
v -0.12182879 0.93560106 -0.09038910
v -0.12182879 0.93887609 -0.08252918
v -0.12190333 0.93926072 -0.07466926
v -0.12182879 0.93926072 -0.07534125
v -0.12182879 0.93926072 -0.07264821
v -0.12182879 0.93896449 -0.06680934
v -0.12600654 0.93926072 -0.05894941
v -0.12182879 0.93926072 -0.06646783
v -0.12346336 0.93926072 -0.02750973
v -0.12312976 0.93926072 -0.01964981
v -0.12182879 0.93926072 0.00359895
v -0.12852381 0.93926072 0.01964981
v -0.12182879 0.93926072 0.01290646
v -0.12411501 0.93926072 0.02750973
v -0.12182879 0.93926072 0.03094401
v -0.12182879 0.93741268 0.03536965
v -0.12182879 0.93319315 0.04322957
v -0.12182879 0.93175948 0.05108950
v -0.12182879 0.93930125 -0.07466926
v -0.12182879 0.94186085 -0.05894941
v -0.12182879 0.94160020 -0.05108950
v -0.12182879 0.94125986 -0.04322957
v -0.12182879 0.94281274 -0.03536965
v -0.12182879 0.94057423 -0.02750973
v -0.12182879 0.94024259 -0.01964981
v -0.12182879 0.94430315 -0.01178988
v -0.12182879 0.94404197 -0.00392996
v -0.12182879 0.94150835 0.01964981
v -0.12182879 0.94021654 0.02750973
v -0.12112815 0.65630352 -0.31046692
v -0.11396887 0.65630352 -0.31309530
v -0.11396887 0.65630352 0.27540177
v -0.11396887 0.66016835 -0.31046692
v -0.12043529 0.66416341 -0.30260700
v -0.11396887 0.66416341 -0.30427796
v -0.12029047 0.66416341 0.26330739
v -0.11396887 0.66416341 0.26509163
v -0.11396887 0.66140842 0.27116731
v -0.11396887 0.66501975 -0.30260700
v -0.11547607 0.67202336 -0.29474708
v -0.11396887 0.67202336 -0.29515553
v -0.11396887 0.66748738 0.26330739
v -0.11396887 0.67202336 0.26214176
v -0.11396887 0.67988324 -0.29727700
v -0.12136021 0.67988324 0.25544748
v -0.11396887 0.67988324 0.26186952
v -0.11396887 0.68774319 -0.29645133
v -0.11838240 0.68774319 0.25544748
v -0.11396887 0.68774319 0.26003897
v -0.11396887 0.69298893 -0.29474708
v -0.11396887 0.69560313 -0.29333782
v -0.12108395 0.69560313 0.25544748
v -0.11396887 0.69560313 0.26046449
v -0.11396887 0.70346302 -0.29134819
v -0.11396887 0.70346302 0.25878221
v -0.11396887 0.71132296 -0.29412073
v -0.11874736 0.71132296 0.25544748
v -0.11396887 0.71132296 0.25643897
v -0.11396887 0.71918291 -0.29314172
v -0.11595556 0.71918291 0.25544748
v -0.11396887 0.71918291 0.25611597
v -0.11987592 0.72704279 -0.28688717
v -0.11396887 0.72704279 -0.28608397
v -0.11396887 0.72340775 0.25544748
v -0.11396887 0.72704279 0.25456631
v -0.11396887 0.73490274 0.24353501
v -0.11396887 0.74276263 0.24579792
v -0.11990003 0.75062257 0.24758755
v -0.11396887 0.75062257 0.25037646
v -0.11833958 0.75848252 0.24758755
v -0.11396887 0.75848252 0.24970521
v -0.11820376 0.76634240 -0.27902722
v -0.11396887 0.76634240 -0.28214028
v -0.11396887 0.76288593 0.24758755
v -0.11396887 0.76634240 0.24353741
v -0.12098908 0.77420235 -0.27902722
v -0.11396887 0.77420235 -0.28249618
v -0.11396887 0.76932847 0.23972763
v -0.11396887 0.77420235 0.23554114
v -0.11837532 0.78206223 -0.27902722
v -0.11396887 0.78206223 -0.28085956
v -0.11396887 0.78206223 0.23323518
v -0.11396887 0.78992218 0.23432213
v -0.11733922 0.79778212 0.23186770
v -0.11396887 0.79778212 0.23374225
v -0.11396887 0.80564201 -0.26758829
v -0.11396887 0.80170596 0.23186770
v -0.11396887 0.80564201 0.22993559
v -0.11507022 0.81350195 -0.26330739
v -0.11396887 0.81350195 -0.26389205
v -0.11396887 0.81131965 0.22400779
v -0.11396887 0.81450796 -0.26330739
v -0.11767498 0.82136184 -0.25544748
v -0.11396887 0.82136184 -0.25845587
v -0.11396887 0.82759011 -0.25544748
v -0.12142360 0.82922179 -0.24758755
v -0.11396887 0.82922179 -0.25478363
v -0.11998387 0.82922179 0.20828794
v -0.11396887 0.82922179 0.21199015
v -0.11649796 0.83708173 -0.24758755
v -0.11396887 0.83708173 -0.24937665
v -0.11674388 0.83708173 0.20828794
v -0.11396887 0.83708173 0.20943090
v -0.11396887 0.83944261 -0.24758755
v -0.12006410 0.84494162 -0.23972763
v -0.11396887 0.84494162 -0.24361837
v -0.12100000 0.84494162 0.20042801
v -0.11396887 0.84494162 0.20302840
v -0.11396887 0.83875191 0.20828794
v -0.11396887 0.84982580 -0.23972763
v -0.11396887 0.85280156 -0.23673080
v -0.11396887 0.84831309 0.19256809
v -0.11396887 0.85280156 0.18744875
v -0.11396887 0.84719443 0.20042801
v -0.11396887 0.85982591 -0.23186770
v -0.12180277 0.86066151 -0.22400779
v -0.11396887 0.86066151 -0.23138905
v -0.11396887 0.86066151 0.18787403
v -0.11399969 0.86852139 -0.22400779
v -0.11396887 0.86852139 -0.22402859
v -0.11396887 0.86520970 0.18470818
v -0.11396887 0.86852139 0.17969762
v -0.11396887 0.86853892 -0.22400779
v -0.11396887 0.87329692 -0.21614785
v -0.11396887 0.87114275 0.16898833
v -0.11396887 0.87638134 0.16345151
v -0.11396887 0.87002569 0.17684825
v -0.11396887 0.88424122 -0.19935516
v -0.11434852 0.88424122 0.16112840
v -0.11396887 0.88424122 0.16128840
v -0.11396887 0.88951504 -0.19256809
v -0.11396887 0.89210117 -0.18970811
v -0.11396887 0.89157611 0.15326849
v -0.11396887 0.89210117 0.15224965
v -0.11396887 0.88438600 0.16112840
v -0.11396887 0.89667565 -0.18470818
v -0.12083035 0.89996111 -0.17684825
v -0.11396887 0.89996111 -0.18083866
v -0.12170184 0.89996111 -0.16112840
v -0.11525305 0.89996111 0.13754864
v -0.11396887 0.89996111 0.13785483
v -0.11396887 0.89591444 0.14540856
v -0.11396887 0.90263969 -0.17684825
v -0.11396887 0.90541530 -0.16898833
v -0.11469213 0.90782100 -0.16112840
v -0.11396887 0.90782100 -0.16226488
v -0.12132514 0.90782100 0.12182879
v -0.11396887 0.90782100 0.12954947
v -0.11396887 0.90775347 0.12968871
v -0.11396887 0.90018499 0.13754864
v -0.11396887 0.90849590 -0.16112840
v -0.11574094 0.91568094 -0.15326849
v -0.11396887 0.91568094 -0.15434895
v -0.11470946 0.91568094 0.11396887
v -0.11396887 0.91568094 0.11448878
v -0.11396887 0.91091347 0.12182879
v -0.11396887 0.91637945 -0.15326849
v -0.11396887 0.91981560 -0.14540856
v -0.11396887 0.92222661 -0.13754864
v -0.12106812 0.92354083 -0.12968871
v -0.11396887 0.92354083 -0.13483882
v -0.11995623 0.92354083 0.06680934
v -0.11837041 0.92354083 0.09038910
v -0.11396887 0.92354083 0.09423799
v -0.11396887 0.92078072 0.09824903
v -0.11396887 0.91962111 0.10610895
v -0.11396887 0.91597849 0.11396887
v -0.11396887 0.92586237 -0.12968871
v -0.11396887 0.92779607 -0.12182879
v -0.11396887 0.92378765 -0.11396887
v -0.11396887 0.92525315 -0.10610895
v -0.11896569 0.93140078 -0.09824903
v -0.11396887 0.93140078 -0.10317095
v -0.11827896 0.93140078 0.05894941
v -0.11396887 0.93140078 0.06504080
v -0.11396887 0.92968023 0.06680934
v -0.11396887 0.93004829 0.07466926
v -0.11396887 0.92918199 0.08252918
v -0.11396887 0.92542034 0.09038910
v -0.11396887 0.93625003 -0.09824903
v -0.11411351 0.93926072 -0.09038910
v -0.11396887 0.93926072 -0.09059935
v -0.12001403 0.93926072 -0.08252918
v -0.12167252 0.93926072 -0.06680934
v -0.12129911 0.93926072 0.00392996
v -0.11968313 0.93926072 0.01178988
v -0.11860397 0.93926072 0.03536965
v -0.11396887 0.93926072 0.04124456
v -0.11396887 0.93820685 0.04322957
v -0.11396887 0.93607324 0.05108950
v -0.11396887 0.93457252 0.05894941
v -0.11396887 0.93931776 -0.09038910
v -0.11396887 0.94053978 -0.08252918
v -0.11396887 0.94237369 -0.07466926
v -0.11396887 0.94427127 -0.06680934
v -0.11396887 0.94550198 -0.05894941
v -0.11396887 0.94372338 -0.05108950
v -0.11396887 0.94198400 -0.04322957
v -0.11396887 0.94561666 -0.03536965
v -0.11396887 0.94662219 -0.02750973
v -0.11396887 0.94676715 -0.01964981
v -0.11396887 0.94691998 -0.01178988
v -0.11396887 0.94663584 -0.00392996
v -0.11396887 0.94311619 0.00392996
v -0.11396887 0.94059181 0.01178988
v -0.11396887 0.94309604 0.01964981
v -0.11396887 0.94277519 0.02750973
v -0.11396887 0.94107026 0.03536965
v -0.10610895 0.65630352 -0.31555939
v -0.10610895 0.65630352 0.27790502
v -0.10610895 0.66249502 -0.31046692
v -0.10610895 0.66416341 -0.30674499
v -0.10610895 0.66374063 0.27116731
v -0.10610895 0.66416341 0.27046728
v -0.10610895 0.66637665 -0.30260700
v -0.10610895 0.67202336 -0.29820499
v -0.11219602 0.67202336 0.26330739
v -0.10610895 0.67202336 0.26691785
v -0.10610895 0.67988324 -0.29996225
v -0.11178891 0.67988324 0.26330739
v -0.10610895 0.67988324 0.26575306
v -0.10610895 0.68774319 -0.29823515
v -0.10802266 0.68774319 0.26330739
v -0.10610895 0.68774319 0.26403204
v -0.11127164 0.69560313 -0.29474708
v -0.10610895 0.69560313 -0.29645512
v -0.10610895 0.69196182 0.26330739
v -0.10610895 0.69560313 0.26265329
v -0.11060704 0.70346302 -0.29474708
v -0.10610895 0.70346302 -0.29718173
v -0.10610895 0.70346302 0.25993440
v -0.11280175 0.71132296 -0.29474708
v -0.10610895 0.71132296 -0.29728103
v -0.10610895 0.71132296 0.25919706
v -0.11063786 0.71918291 -0.29474708
v -0.10610895 0.71918291 -0.29632467
v -0.10610895 0.71918291 0.25907257
v -0.10610895 0.72429264 -0.29474708
v -0.10610895 0.72704279 -0.29307199
v -0.11230516 0.72704279 0.25544748
v -0.10610895 0.72704279 0.25751990
v -0.10610895 0.73490274 -0.29127058
v -0.11231968 0.73490274 0.24758755
v -0.10690878 0.73490274 0.25544748
v -0.10610895 0.73490274 0.25599954
v -0.11291700 0.74276263 0.24758755
v -0.10610895 0.74276263 0.25467128
v -0.10610895 0.73852587 0.25544748
v -0.10610895 0.75062257 0.25239518
v -0.10610895 0.75848252 0.25030440
v -0.10967425 0.76634240 0.24758755
v -0.10610895 0.76634240 0.24904269
v -0.11098584 0.77420235 0.23972763
v -0.10610895 0.77420235 0.24585164
v -0.10610895 0.77057499 0.24758755
v -0.10979359 0.78206223 0.23972763
v -0.10610895 0.78206223 0.24300611
v -0.10764169 0.78992218 0.23972763
v -0.10610895 0.78992218 0.24062364
v -0.10610895 0.79187745 0.23972763
v -0.10610895 0.79778212 0.23614463
v -0.10610895 0.80291677 0.23186770
v -0.10610895 0.80564201 0.22974250
v -0.10610895 0.81350195 -0.26495376
v -0.11265735 0.81350195 0.21614785
v -0.10923686 0.81350195 0.22400779
v -0.10610895 0.81350195 0.22574945
v -0.10610895 0.81597412 -0.26330739
v -0.10610895 0.82136184 -0.26009956
v -0.10850815 0.82136184 0.21614785
v -0.10610895 0.82136184 0.21982644
v -0.10610895 0.81681472 0.22400779
v -0.10991274 0.82922179 -0.25544748
v -0.10610895 0.82922179 -0.25612238
v -0.10782645 0.82922179 0.21614785
v -0.10610895 0.82922179 0.21731025
v -0.10610895 0.83015549 -0.25544748
v -0.10610895 0.83708173 -0.24973255
v -0.10610895 0.83105350 0.21614785
v -0.10610895 0.83708173 0.21237369
v -0.10610895 0.84007514 -0.24758755
v -0.10610895 0.84494162 -0.24323033
v -0.10610895 0.84260738 0.20828794
v -0.10610895 0.84494162 0.20649830
v -0.10610895 0.84897763 -0.23972763
v -0.10610895 0.85280156 -0.23758796
v -0.11118565 0.85280156 0.19256809
v -0.10610895 0.85280156 0.19994493
v -0.10610895 0.85228407 0.20042801
v -0.11260188 0.86066151 -0.23186770
v -0.10610895 0.86066151 -0.23387861
v -0.10739685 0.86066151 0.19256809
v -0.10610895 0.86066151 0.19348127
v -0.10610895 0.86306888 -0.23186770
v -0.10610895 0.86852139 -0.22505336
v -0.10894224 0.86852139 0.16898833
v -0.10610895 0.86747980 0.16898833
v -0.10610895 0.86852139 0.16804518
v -0.10610895 0.86781657 0.18470818
v -0.10610895 0.86172891 0.19256809
v -0.10610895 0.86931992 -0.22400779
v -0.10610895 0.87539452 -0.21614785
v -0.10610895 0.88334692 -0.20828794
v -0.11108389 0.88424122 -0.20042801
v -0.10610895 0.88424122 -0.20530461
v -0.10610895 0.88424122 0.16708691
v -0.10610895 0.88552767 -0.20042801
v -0.10610895 0.88466209 -0.19256809
v -0.10610895 0.89210117 -0.18656473
v -0.10610895 0.89210117 0.13686635
v -0.11211519 0.89210117 0.15326849
v -0.10610895 0.89210117 0.15604624
v -0.10610895 0.88892788 0.16112840
v -0.10610895 0.89682388 -0.18470818
v -0.10610895 0.89996111 -0.18327269
v -0.10610895 0.89996111 0.13095653
v -0.10610895 0.89539742 0.14540856
v -0.10610895 0.89377052 0.15326849
v -0.10610895 0.90415961 -0.17684825
v -0.10610895 0.90289009 -0.16898833
v -0.10610895 0.90782100 -0.16220330
v -0.11310044 0.90782100 0.12968871
v -0.10610895 0.90782100 0.13016173
v -0.10610895 0.90940171 -0.16112840
v -0.10610895 0.91568094 -0.15648700
v -0.10610895 0.91492593 0.12182879
v -0.10610895 0.91568094 0.12044573
v -0.10610895 0.90839630 0.12968871
v -0.10610895 0.91756999 -0.15326849
v -0.10610895 0.92045760 -0.13754864
v -0.10610895 0.92354083 -0.13594645
v -0.10610895 0.92032725 0.09824903
v -0.10610895 0.92354083 0.09611650
v -0.10610895 0.92027074 0.10610895
v -0.10610895 0.91882366 0.11396887
v -0.10610895 0.92856032 -0.12968871
v -0.10610895 0.93107229 -0.12182879
v -0.10610895 0.92983913 -0.11396887
v -0.11024220 0.93140078 -0.10610895
v -0.10610895 0.93140078 -0.11177859
v -0.11303873 0.93140078 0.06680934
v -0.11169890 0.93140078 0.07466926
v -0.10640062 0.93140078 0.08252918
v -0.10610895 0.93140078 0.08275586
v -0.10610895 0.92780375 0.09038910
v -0.10610895 0.93477774 -0.10610895
v -0.10851708 0.93926072 -0.09824903
v -0.10610895 0.93926072 -0.10011830
v -0.11186747 0.93926072 0.04322957
v -0.10610895 0.93926072 0.05072238
v -0.10610895 0.93915874 0.05108950
v -0.10610895 0.93811232 0.05894941
v -0.10610895 0.93651497 0.06680934
v -0.10610895 0.93410397 0.07466926
v -0.10610895 0.93149120 0.08252918
v -0.10610895 0.94017625 -0.09824903
v -0.10610895 0.94134033 -0.09038910
v -0.10610895 0.94139493 -0.08252918
v -0.10610895 0.94098282 -0.07466926
v -0.10610895 0.94446051 -0.06680934
v -0.10610895 0.94652873 -0.05894941
v -0.10610895 0.94344789 -0.05108950
v -0.10610895 0.94197935 -0.04322957
v -0.10921239 0.94712061 -0.03536965
v -0.10610895 0.94712061 -0.03712841
v -0.11224256 0.94712061 -0.02750973
v -0.11047883 0.94712061 -0.01964981
v -0.11255492 0.94712061 -0.01178988
v -0.11075335 0.94712061 -0.00392996
v -0.10610895 0.94712061 -0.00200900
v -0.10610895 0.94339585 0.00392996
v -0.10610895 0.94486493 0.01178988
v -0.10610895 0.94650167 0.01964981
v -0.10610895 0.94529539 0.02750973
v -0.10610895 0.94303089 0.03536965
v -0.10610895 0.94109136 0.04322957
v -0.10610895 0.94810480 -0.03536965
v -0.10610895 0.94895595 -0.02750973
v -0.10610895 0.94761020 -0.01964981
v -0.10610895 0.94816405 -0.01178988
v -0.10610895 0.94791937 -0.00392996
v -0.09824903 0.65630352 -0.31794396
v -0.10250784 0.65630352 0.27902722
v -0.09824903 0.65630352 0.28022236
v -0.09824903 0.66392761 -0.31046692
v -0.09824903 0.66416341 -0.30991283
v -0.10367737 0.66416341 0.27116731
v -0.09824903 0.66416341 0.27253190
v -0.09824903 0.65823621 0.27902722
v -0.09824903 0.67040390 -0.30260700
v -0.09824903 0.67202336 -0.30178416
v -0.09824903 0.66566092 0.27116731
v -0.09824903 0.67202336 0.26748383
v -0.09824903 0.67988324 -0.30217350
v -0.09824903 0.67988324 0.26610640
v -0.09824903 0.68774319 -0.30125535
v -0.09824903 0.68774319 0.26585081
v -0.09824903 0.69560313 -0.30047855
v -0.09824903 0.69441915 0.26330739
v -0.09824903 0.69560313 0.26251644
v -0.09824903 0.70346302 -0.30014884
v -0.09824903 0.70346302 0.25564957
v -0.09824903 0.71132296 -0.29939058
v -0.09824903 0.71918291 -0.29626572
v -0.09824903 0.72592205 -0.29474708
v -0.09824903 0.72704279 -0.29442501
v -0.09965188 0.72704279 0.25544748
v -0.09824903 0.72704279 0.25480008
v -0.09824903 0.72938859 0.25544748
v -0.09824903 0.73490274 0.25660074
v -0.10431097 0.74276263 0.25544748
v -0.09824903 0.74276263 0.25745335
v -0.09824903 0.74902028 0.25544748
v -0.09824903 0.75062257 0.25467905
v -0.09824903 0.75848252 0.24823603
v -0.10110613 0.76634240 0.24758755
v -0.09824903 0.76131123 0.24758755
v -0.09824903 0.76634240 0.24638367
v -0.09824903 0.77226299 0.24758755
v -0.09965728 0.77420235 0.24758755
v -0.09824903 0.77420235 0.24784936
v -0.09824903 0.77557856 0.24758755
v -0.09824903 0.78206223 0.24643368
v -0.09824903 0.78992218 0.24284528
v -0.09824903 0.79454607 0.23972763
v -0.09824903 0.79778212 0.23518696
v -0.09824903 0.80119646 0.23186770
v -0.09824903 0.80564201 0.22921790
v -0.09974105 0.81350195 -0.26330739
v -0.09824903 0.81350195 -0.26264697
v -0.09824903 0.81350195 0.22911321
v -0.09824903 0.82136184 -0.25639117
v -0.10236374 0.82136184 0.22400779
v -0.09824903 0.82136184 0.22611080
v -0.09824903 0.82537121 -0.25544748
v -0.10221131 0.82922179 -0.25544748
v -0.09824903 0.82922179 -0.25439775
v -0.09824903 0.82484901 0.22400779
v -0.09824903 0.82922179 0.22093870
v -0.09824903 0.83708173 -0.25021121
v -0.09824903 0.83580720 0.21614785
v -0.09824903 0.83708173 0.21505263
v -0.09824903 0.84023154 -0.24758755
v -0.09824903 0.84323657 0.20828794
v -0.09824903 0.84494162 0.20624249
v -0.10437550 0.85280156 0.20042801
v -0.09824903 0.85280156 0.20179717
v -0.09824903 0.86066151 -0.23364697
v -0.09824903 0.85498911 0.20042801
v -0.09824903 0.86066151 0.19669786
v -0.09824903 0.86271542 -0.23186770
v -0.10432417 0.86852139 0.18470818
v -0.09824903 0.86852139 0.18841890
v -0.09824903 0.86536980 0.19256809
v -0.09824903 0.87105978 0.18470818
v -0.10415416 0.88424122 -0.20828794
v -0.10305150 0.88424122 0.16898833
v -0.09824903 0.88424122 0.17165576
v -0.09824903 0.88647223 -0.20828794
v -0.09824903 0.89125723 -0.20042801
v -0.09994320 0.89210117 -0.19256809
v -0.09824903 0.89210117 -0.19747329
v -0.10573889 0.89210117 0.13754864
v -0.09824903 0.89114243 0.16112840
v -0.09824903 0.89210117 0.15923575
v -0.09824903 0.88658524 0.16898833
v -0.09824903 0.89425242 -0.19256809
v -0.10346413 0.89996111 -0.18470818
v -0.09824903 0.89996111 -0.18751526
v -0.09989343 0.89996111 0.13754864
v -0.09954430 0.89996111 0.14540856
v -0.09824903 0.89996111 0.14685830
v -0.09824903 0.89587003 0.15326849
v -0.09824903 0.90212035 -0.18470818
v -0.09824903 0.90651852 -0.17684825
v -0.09836380 0.90782100 -0.16898833
v -0.09824903 0.90782100 -0.16933469
v -0.09824903 0.90292305 0.13754864
v -0.09824903 0.90782100 0.13483948
v -0.09824903 0.90082484 0.14540856
v -0.09824903 0.90793025 -0.16898833
v -0.09826024 0.91568094 -0.16112840
v -0.09824903 0.91568094 -0.16113512
v -0.09940045 0.91568094 -0.14540856
v -0.09824903 0.91528130 -0.14540856
v -0.09824903 0.91568094 -0.14781094
v -0.09824903 0.91568094 -0.14437996
v -0.10308142 0.91568094 0.12182879
v -0.09824903 0.91568094 0.12415417
v -0.09824903 0.91252106 0.12968871
v -0.09824903 0.91568500 -0.16112840
v -0.09824903 0.91662359 -0.15326849
v -0.09824903 0.92354083 -0.13966192
v -0.10236026 0.92354083 -0.13754864
v -0.10096718 0.92354083 0.09824903
v -0.09824903 0.92354083 0.10001900
v -0.09824903 0.91974968 0.10610895
v -0.09824903 0.92024654 0.11396887
v -0.09824903 0.91675591 0.12182879
v -0.09824903 0.92562073 -0.13754864
v -0.09824903 0.93121368 -0.12968871
v -0.10532903 0.93140078 -0.12182879
v -0.09824903 0.93140078 -0.12925155
v -0.10397498 0.93140078 -0.11396887
v -0.10496137 0.93140078 0.08252918
v -0.09824903 0.93069714 0.08252918
v -0.09824903 0.93140078 0.08171820
v -0.09824903 0.92869544 0.09038910
v -0.09824903 0.92458391 0.09824903
v -0.09824903 0.93434691 -0.12182879
v -0.09824903 0.93405980 -0.11396887
v -0.09824903 0.93281972 -0.10610895
v -0.09824903 0.93926072 -0.09897276
v -0.10564523 0.93926072 0.05108950
v -0.09824903 0.93926072 0.05408889
v -0.09824903 0.93562239 0.05894941
v -0.09824903 0.93756652 0.06680934
v -0.09824903 0.93623662 0.07466926
v -0.09824903 0.93976009 -0.09824903
v -0.09824903 0.94333005 -0.09038910
v -0.09824903 0.94437510 -0.08252918
v -0.09824903 0.94204557 -0.07466926
v -0.09824903 0.94648105 -0.06680934
v -0.10478261 0.94712061 -0.05894941
v -0.09824903 0.94712061 -0.06582823
v -0.09856313 0.94712061 -0.05108950
v -0.09824903 0.94712061 -0.05082660
v -0.09824903 0.93956470 -0.04322957
v -0.09824903 0.94712061 -0.03813920
v -0.09824903 0.94058859 0.00392996
v -0.09824903 0.94712061 -0.00268434
v -0.09824903 0.94555467 0.01178988
v -0.10361189 0.94712061 0.01964981
v -0.09824903 0.94712061 0.01465832
v -0.09824903 0.94712061 0.02513350
v -0.09824903 0.94615132 0.02750973
v -0.09824903 0.94102335 0.03536965
v -0.09824903 0.94409603 0.04322957
v -0.09824903 0.94114339 0.05108950
v -0.09824903 0.94997358 -0.05894941
v -0.09824903 0.94728827 -0.05108950
v -0.09824903 0.94921726 -0.03536965
v -0.09824903 0.94925457 -0.02750973
v -0.09824903 0.94742179 -0.01178988
v -0.09824903 0.94807172 -0.00392996
v -0.09824903 0.94864184 0.01964981
v -0.09699063 0.65630352 -0.31832686
v -0.09038910 0.65630352 -0.32022089
v -0.09038910 0.65630352 0.28223735
v -0.09038910 0.65904206 -0.31832686
v -0.09663263 0.66416341 -0.31046692
v -0.09038910 0.66416341 -0.31197712
v -0.09038910 0.66074234 0.27902722
v -0.09038910 0.66416341 0.27408913
v -0.09038910 0.66519123 -0.31046692
v -0.09636878 0.67202336 -0.30260700
v -0.09038910 0.67202336 -0.30494654
v -0.09038910 0.66616559 0.27116731
v -0.09038910 0.67202336 0.26538870
v -0.09322707 0.67988324 -0.30260700
v -0.09038910 0.67988324 -0.30288956
v -0.09038910 0.67988324 0.26369107
v -0.09038910 0.68046266 -0.30260700
v -0.09038910 0.68774319 -0.29818341
v -0.09038910 0.68774319 0.26686615
v -0.09038910 0.69560313 -0.29930580
v -0.09621514 0.69560313 0.26330739
v -0.09038910 0.69560313 0.26494557
v -0.09038910 0.70346302 -0.30207804
v -0.09038910 0.69806474 0.26330739
v -0.09038910 0.70346302 0.25759211
v -0.09038910 0.71132296 -0.30121002
v -0.09038910 0.71132296 0.26134720
v -0.09038910 0.71918291 -0.29582006
v -0.09038910 0.71918291 0.26020113
v -0.09038910 0.72366238 -0.29474708
v -0.09038910 0.72704279 -0.29391211
v -0.09038910 0.72538424 0.25544748
v -0.09038910 0.72704279 0.25446823
v -0.09038910 0.73069054 0.25544748
v -0.09038910 0.73490274 0.25638980
v -0.09038910 0.74276263 0.25848824
v -0.09657686 0.75062257 0.25544748
v -0.09038910 0.75062257 0.25743285
v -0.09038910 0.75526625 0.25544748
v -0.09038910 0.75848252 0.25291616
v -0.09038910 0.76634240 0.24750768
v -0.09038910 0.76667076 0.24758755
v -0.09038910 0.77420235 0.24868566
v -0.09110384 0.78206223 0.24758755
v -0.09038910 0.78206223 0.24770604
v -0.09038910 0.78245634 0.24758755
v -0.09038910 0.78992218 0.24527009
v -0.09072792 0.79778212 0.23972763
v -0.09038910 0.79778212 0.23984252
v -0.09363233 0.80564201 0.23186770
v -0.09038910 0.80564201 0.23383556
v -0.09038910 0.79795504 0.23972763
v -0.09038910 0.81207055 0.23186770
v -0.09038910 0.81350195 0.23143750
v -0.09038910 0.82136184 0.22787970
v -0.09038910 0.82905591 0.22400779
v -0.09038910 0.82922179 0.22392119
v -0.09536032 0.83708173 0.21614785
v -0.09038910 0.83708173 0.21795560
v -0.09038910 0.84095746 0.20828794
v -0.09038910 0.84494162 0.20052360
v -0.09038910 0.83882040 0.21614785
v -0.09038910 0.85280156 0.20077942
v -0.09038910 0.85399222 0.20042801
v -0.09038910 0.86066151 0.19864318
v -0.09038910 0.86770672 0.19256809
v -0.09038910 0.86852139 0.19172664
v -0.09038910 0.87638134 0.18349074
v -0.09038910 0.87528634 0.18470818
v -0.09038910 0.88236320 0.17684825
v -0.09038910 0.88424122 0.17436084
v -0.09566993 0.89210117 -0.20042801
v -0.09184581 0.89210117 0.16112840
v -0.09038910 0.89210117 0.16157036
v -0.09038910 0.88781393 0.16898833
v -0.09038910 0.89390701 -0.20042801
v -0.09038910 0.89994681 -0.19256809
v -0.09038910 0.89996111 -0.19254404
v -0.09038910 0.89852679 0.15326849
v -0.09038910 0.89996111 0.15158883
v -0.09038910 0.89236307 0.16112840
v -0.09038910 0.90474248 -0.18470818
v -0.09368882 0.90782100 -0.17684825
v -0.09038910 0.90782100 -0.17874348
v -0.09332471 0.90782100 0.13754864
v -0.09038910 0.90782100 0.13954048
v -0.09038910 0.90400535 0.14540856
v -0.09038910 0.90885997 -0.17684825
v -0.09038910 0.91468823 -0.16898833
v -0.09038910 0.91568094 -0.16758996
v -0.09779778 0.91568094 -0.14540856
v -0.09038910 0.91419494 0.12968871
v -0.09038910 0.91568094 0.12666245
v -0.09038910 0.90907276 0.13754864
v -0.09038910 0.91950738 -0.16112840
v -0.09038910 0.92216319 -0.15326849
v -0.09349123 0.92354083 -0.14540856
v -0.09038910 0.92354083 -0.15080573
v -0.09038910 0.92087668 0.10610895
v -0.09038910 0.92354083 0.10377134
v -0.09038910 0.92098206 0.11396887
v -0.09038910 0.91808873 0.12182879
v -0.09038910 0.92630255 -0.14540856
v -0.09038910 0.93024188 -0.13754864
v -0.09743912 0.93140078 -0.12968871
v -0.09038910 0.93140078 -0.13430817
v -0.09038910 0.92749697 0.08252918
v -0.09038910 0.93140078 0.07955149
v -0.09038910 0.92934692 0.09038910
v -0.09038910 0.92795140 0.09824903
v -0.09038910 0.93299842 -0.12968871
v -0.09038910 0.93670493 -0.12182879
v -0.09038910 0.93816066 -0.11396887
v -0.09038910 0.93548810 -0.10610895
v -0.09038910 0.93926072 -0.10117629
v -0.09038910 0.93926072 0.05574853
v -0.09038910 0.93720448 0.06680934
v -0.09038910 0.93701649 0.07466926
v -0.09038910 0.94072306 -0.09824903
v -0.09038910 0.94527471 -0.09038910
v -0.09104993 0.94712061 -0.08252918
v -0.09038910 0.94712061 -0.08334227
v -0.09163526 0.94712061 -0.07466926
v -0.09344584 0.94712061 -0.06680934
v -0.09380905 0.94712061 -0.04322957
v -0.09340806 0.94712061 0.00392996
v -0.09649849 0.94712061 0.01178988
v -0.09346754 0.94712061 0.02750973
v -0.09038910 0.94712061 0.02890958
v -0.09038910 0.94336975 0.03536965
v -0.09068803 0.94712061 0.04322957
v -0.09038910 0.94712061 0.04379410
v -0.09038910 0.94512796 0.05108950
v -0.09038910 0.94732833 -0.08252918
v -0.09038910 0.94765663 -0.07466926
v -0.09038910 0.94742405 -0.06680934
v -0.09038910 0.95162290 -0.05894941
v -0.09038910 0.95246482 -0.05108950
v -0.09038910 0.95042646 -0.04322957
v -0.09038910 0.95179403 -0.03536965
v -0.09038910 0.95197493 -0.02750973
v -0.09038910 0.94942331 -0.01964981
v -0.09038910 0.95040369 -0.01178988
v -0.09038910 0.95169485 -0.00392996
v -0.09038910 0.95028406 0.00392996
v -0.09038910 0.95051974 0.01178988
v -0.09038910 0.95040858 0.01964981
v -0.09038910 0.94761920 0.02750973
v -0.09038910 0.94721931 0.04322957
v -0.08252918 0.65630352 -0.32222515
v -0.08252918 0.65630352 0.28402352
v -0.08252918 0.66129738 -0.31832686
v -0.08252918 0.66416341 -0.31403115
v -0.08252918 0.66263413 0.27902722
v -0.08252918 0.66416341 0.27665579
v -0.08252918 0.66707587 -0.31046692
v -0.08252918 0.67202336 -0.30760142
v -0.08252918 0.66951233 0.27116731
v -0.08252918 0.67202336 0.26914585
v -0.08252918 0.67988324 -0.30572611
v -0.08252918 0.67988324 0.26686376
v -0.08252918 0.68630940 -0.30260700
v -0.08252918 0.68774319 -0.30140907
v -0.08252918 0.68774319 0.26951692
v -0.08303620 0.69560313 -0.30260700
v -0.08252918 0.69560313 -0.30280998
v -0.08252918 0.69388795 -0.30260700
v -0.08252918 0.69560313 0.26930729
v -0.08798655 0.70346302 -0.30260700
v -0.08252918 0.70346302 -0.30383757
v -0.08687999 0.70346302 0.26330739
v -0.08252918 0.70346302 0.26727477
v -0.08252918 0.70937288 -0.30260700
v -0.08252918 0.71132296 -0.30209213
v -0.08820069 0.71132296 0.26330739
v -0.08252918 0.71132296 0.26623413
v -0.08717562 0.71918291 0.26330739
v -0.08252918 0.71918291 0.26545456
v -0.08945201 0.72704279 0.25544748
v -0.08272041 0.72704279 0.26330739
v -0.08252918 0.72704279 0.26342589
v -0.08252918 0.72729957 0.26330739
v -0.08252918 0.73490274 0.25853983
v -0.08252918 0.74276263 0.25912258
v -0.08252918 0.75062257 0.25790635
v -0.08459173 0.75848252 0.25544748
v -0.08252918 0.75848252 0.25598562
v -0.08252918 0.76634240 0.25486544
v -0.08252918 0.76262116 0.25544748
v -0.08252918 0.77420235 0.25179803
v -0.08252918 0.78206223 0.24869177
v -0.08252918 0.78837830 0.24758755
v -0.08252918 0.78992218 0.24734624
v -0.08252918 0.79778212 0.24285559
v -0.08252918 0.80167031 0.23972763
v -0.08252918 0.80564201 0.23412783
v -0.08936968 0.81350195 0.23186770
v -0.08252918 0.81350195 0.23436123
v -0.08309460 0.82136184 0.23186770
v -0.08252918 0.82136184 0.23213360
v -0.09019800 0.82922179 0.22400779
v -0.08252918 0.82922179 0.22721851
v -0.08252918 0.82183260 0.23186770
v -0.08252918 0.83421987 0.22400779
v -0.08252918 0.83708173 0.22217868
v -0.08663826 0.84494162 0.20828794
v -0.08252918 0.84494162 0.21515878
v -0.08252918 0.84433407 0.21614785
v -0.08252918 0.85063750 0.20828794
v -0.08252918 0.85280156 0.20559341
v -0.08252918 0.85847896 0.20042801
v -0.08252918 0.86066151 0.19942562
v -0.08762328 0.86852139 0.19256809
v -0.08252918 0.86852139 0.19386145
v -0.08676899 0.87638134 0.18470818
v -0.08252918 0.87638134 0.18604818
v -0.08252918 0.87003952 0.19256809
v -0.08341381 0.88424122 0.17684825
v -0.08252918 0.88424122 0.17709939
v -0.08252918 0.87756842 0.18470818
v -0.08252918 0.89073080 0.16898833
v -0.08252918 0.89210117 0.16729739
v -0.08252918 0.88445187 0.17684825
v -0.08252918 0.89988708 -0.19256809
v -0.08252918 0.89996111 -0.19231203
v -0.08707632 0.89996111 0.15326849
v -0.08252918 0.89996111 0.15568992
v -0.08252918 0.89618081 0.16112840
v -0.08252918 0.90381837 -0.18470818
v -0.08252918 0.90782100 -0.18147969
v -0.08252918 0.90674871 0.14540856
v -0.08252918 0.90782100 0.14328347
v -0.08252918 0.90149325 0.15326849
v -0.08252918 0.91149360 -0.17684825
v -0.08678734 0.91568094 -0.16898833
v -0.08252918 0.91568094 -0.17070463
v -0.08252918 0.91472566 0.12968871
v -0.08252918 0.91568094 0.12848963
v -0.08252918 0.91081107 0.13754864
v -0.08252918 0.91670442 -0.16898833
v -0.08252918 0.92141587 -0.16112840
v -0.08761764 0.92354083 -0.15326849
v -0.08252918 0.92354083 -0.15719239
v -0.08849267 0.92354083 0.10610895
v -0.08495837 0.92354083 0.11396887
v -0.08252918 0.92354083 0.11625371
v -0.08252918 0.92063248 0.12182879
v -0.08252918 0.92553020 -0.15326849
v -0.08252918 0.92862040 -0.14540856
v -0.08252918 0.93040544 -0.13754864
v -0.08252918 0.93140078 -0.13553293
v -0.08771082 0.93140078 0.09038910
v -0.08392094 0.93140078 0.09824903
v -0.08252918 0.93140078 0.09929892
v -0.08252918 0.92785954 0.10610895
v -0.08252918 0.92455834 0.11396887
v -0.08252918 0.93399471 -0.12968871
v -0.08252918 0.93829942 -0.12182879
v -0.08795393 0.93926072 -0.11396887
v -0.08252918 0.93926072 -0.11937233
v -0.08802667 0.93926072 -0.10610895
v -0.08779208 0.93926072 0.06680934
v -0.08622678 0.93926072 0.07466926
v -0.08252918 0.93926072 0.07809179
v -0.08252918 0.93711424 0.08252918
v -0.08252918 0.93446326 0.09038910
v -0.08252918 0.93191600 0.09824903
v -0.08252918 0.94130737 -0.11396887
v -0.08252918 0.94341087 -0.10610895
v -0.08252918 0.94570518 -0.09824903
v -0.08252918 0.94684261 -0.09038910
v -0.08252918 0.94712061 -0.08894368
v -0.08935019 0.94712061 -0.06680934
v -0.08252918 0.94407243 -0.06680934
v -0.08252918 0.94712061 -0.06315462
v -0.08471562 0.94712061 0.03536965
v -0.08476899 0.94712061 0.05108950
v -0.08252918 0.94712061 0.05252905
v -0.08252918 0.94431746 0.05894941
v -0.08252918 0.94182199 0.06680934
v -0.08252918 0.94053066 0.07466926
v -0.08252918 0.94833744 -0.08252918
v -0.08252918 0.94853365 -0.07466926
v -0.08252918 0.95018202 -0.05894941
v -0.08252918 0.95388579 -0.05108950
v -0.08252918 0.95390129 -0.04322957
v -0.08252918 0.95387834 -0.03536965
v -0.08252918 0.95384312 -0.02750973
v -0.08252918 0.95324105 -0.01964981
v -0.08252918 0.95269549 -0.01178988
v -0.08252918 0.95369017 -0.00392996
v -0.08252918 0.95434636 0.00392996
v -0.08252918 0.95337343 0.01178988
v -0.08252918 0.95218265 0.01964981
v -0.08252918 0.95069617 0.02750973
v -0.08252918 0.94800824 0.03536965
v -0.08252918 0.94791144 0.04322957
v -0.08252918 0.94761342 0.05108950
v -0.07466926 0.65630352 -0.32396898
v -0.07466926 0.65630352 0.28564584
v -0.07466926 0.66296995 -0.31832686
v -0.07466926 0.66416341 -0.31632408
v -0.07466926 0.66361749 0.27902722
v -0.07466926 0.66416341 0.27788991
v -0.07466926 0.66866606 -0.31046692
v -0.07466926 0.67202336 -0.30832216
v -0.07466926 0.66998398 0.27116731
v -0.07466926 0.67202336 0.26988882
v -0.07466926 0.67988324 -0.30761528
v -0.07466926 0.67988324 0.27007318
v -0.08163035 0.68774319 -0.30260700
v -0.07466926 0.68774319 -0.30738837
v -0.07466926 0.68774319 0.27062881
v -0.07466926 0.69560313 -0.30676022
v -0.07466926 0.69560313 0.26970533
v -0.07466926 0.70346302 -0.30404487
v -0.07466926 0.70346302 0.26851079
v -0.07466926 0.70630890 -0.30260700
v -0.07466926 0.71132296 -0.29917729
v -0.07466926 0.71132296 0.26697278
v -0.07466926 0.71918291 0.26614943
v -0.07466926 0.72704279 0.26591307
v -0.07564719 0.73490274 0.26330739
v -0.07466926 0.73490274 0.26378942
v -0.07466926 0.73648077 0.26330739
v -0.07466926 0.74276263 0.26069584
v -0.07731294 0.75062257 0.25544748
v -0.07466926 0.74881864 0.25544748
v -0.07466926 0.75062257 0.25302866
v -0.08048115 0.75848252 0.25544748
v -0.07466926 0.75848252 0.25280294
v -0.07998565 0.76634240 0.25544748
v -0.07466926 0.76634240 0.25639999
v -0.07466926 0.77026266 0.25544748
v -0.07466926 0.77420235 0.25421900
v -0.07466926 0.78206223 0.25053719
v -0.07991908 0.78992218 0.24758755
v -0.07466926 0.78992218 0.24813576
v -0.07466926 0.79085058 0.24758755
v -0.07466926 0.79778212 0.24101931
v -0.07466926 0.79964983 0.23972763
v -0.07466926 0.80564201 0.23388678
v -0.07466926 0.81350195 0.23685966
v -0.07466926 0.82136184 0.23404293
v -0.07466926 0.82490337 0.23186770
v -0.07466926 0.82922179 0.22852710
v -0.07466926 0.83447075 0.22400779
v -0.07466926 0.83708173 0.22190140
v -0.08000334 0.84494162 0.21614785
v -0.07466926 0.84494162 0.21717064
v -0.07944133 0.85280156 0.20828794
v -0.07466926 0.85280156 0.21077439
v -0.07466926 0.84646070 0.21614785
v -0.07746022 0.86066151 0.20042801
v -0.07466926 0.86066151 0.20124236
v -0.07466926 0.85520381 0.20828794
v -0.07466926 0.86149573 0.20042801
v -0.07466926 0.86852139 0.19352384
v -0.07466926 0.87237340 0.18470818
v -0.07466926 0.87638134 0.18200141
v -0.07466926 0.86931753 0.19256809
v -0.07466926 0.88424122 0.17798641
v -0.07889731 0.89210117 0.16898833
v -0.07466926 0.89210117 0.17047586
v -0.07466926 0.88545579 0.17684825
v -0.07820458 0.89996111 0.15326849
v -0.07466926 0.89339143 0.16898833
v -0.07466926 0.90782100 -0.18197879
v -0.07761139 0.90782100 0.14540856
v -0.07466926 0.90782100 0.14624029
v -0.07466926 0.91297406 -0.17684825
v -0.07466926 0.91110504 0.13754864
v -0.07466926 0.90850824 0.14540856
v -0.07466926 0.92354083 -0.15653959
v -0.07466926 0.92354083 0.11855822
v -0.07466926 0.92637485 -0.15326849
v -0.07523414 0.93140078 -0.12968871
v -0.07466926 0.92804444 0.10610895
v -0.07466926 0.93140078 0.09828717
v -0.07466926 0.92602634 0.11396887
v -0.07466926 0.93926072 -0.12211759
v -0.07579411 0.93926072 -0.12182879
v -0.07678697 0.93926072 0.08252918
v -0.07466926 0.93926072 0.08407248
v -0.07466926 0.93636733 0.09038910
v -0.07466926 0.93141913 0.09824903
v -0.07466926 0.93943006 -0.12182879
v -0.07466926 0.94126648 -0.11396887
v -0.07466926 0.94430906 -0.10610895
v -0.07466926 0.94637966 -0.09824903
v -0.07844487 0.94712061 0.03536965
v -0.07466926 0.94534177 0.03536965
v -0.07466926 0.94712061 0.03399354
v -0.07575777 0.94712061 0.04322957
v -0.07466926 0.94690245 0.04322957
v -0.07466926 0.94712061 0.04386342
v -0.07466926 0.94541925 0.05894941
v -0.07466926 0.94712061 0.05508218
v -0.07466926 0.94152021 0.06680934
v -0.07466926 0.94156641 0.07466926
v -0.07466926 0.93986565 0.08252918
v -0.07466926 0.95111042 -0.07466926
v -0.07466926 0.95192081 -0.06680934
v -0.07466926 0.95224309 -0.05894941
v -0.07466926 0.95465803 -0.05108950
v -0.07897659 0.95498055 -0.04322957
v -0.07466926 0.95498055 -0.04980783
v -0.07663550 0.95498055 -0.03536965
v -0.07466926 0.95498055 -0.03368873
v -0.07466926 0.95184577 -0.02750973
v -0.07466926 0.95421672 -0.01178988
v -0.07638046 0.95498055 -0.00392996
v -0.07466926 0.95498055 -0.00720821
v -0.07466926 0.95498055 -0.00015723
v -0.07466926 0.95441216 0.00392996
v -0.07466926 0.95049793 0.01178988
v -0.07466926 0.95183456 0.01964981
v -0.07466926 0.95107853 0.02750973
v -0.07466926 0.94853282 0.05108950
v -0.07466926 0.95620495 -0.04322957
v -0.07466926 0.95537370 -0.03536965
v -0.07466926 0.95534384 -0.00392996
v -0.06680934 0.65630352 -0.32549146
v -0.06828991 0.65630352 0.28688717
v -0.06680934 0.65630352 0.28715917
v -0.06680934 0.66398966 -0.31832686
v -0.06680934 0.66416341 -0.31793869
v -0.06987303 0.66416341 0.27902722
v -0.06680934 0.66416341 0.27960470
v -0.06680934 0.65683407 0.28688717
v -0.06680934 0.66759062 -0.31046692
v -0.06680934 0.67202336 -0.30485094
v -0.06680934 0.67106211 0.27116731
v -0.06680934 0.67202336 0.27044088
v -0.06680934 0.66452312 0.27902722
v -0.06680934 0.67988324 0.26834133
v -0.06680934 0.68774319 0.26801500
v -0.06680934 0.69560313 -0.30780035
v -0.06680934 0.69560313 0.26855361
v -0.06680934 0.70346302 -0.30423582
v -0.06680934 0.70346302 0.26863337
v -0.06680934 0.70592922 -0.30260700
v -0.06680934 0.71132296 -0.29822412
v -0.06680934 0.72704279 0.26586592
v -0.06680934 0.73490274 0.26554450
v -0.06680934 0.74141461 0.26330739
v -0.06680934 0.74276263 0.26248598
v -0.06680934 0.74906582 0.25544748
v -0.06680934 0.75062257 0.25339854
v -0.06680934 0.76634240 0.25680032
v -0.06680934 0.77245158 0.25544748
v -0.06680934 0.77420235 0.25490803
v -0.06680934 0.78206223 0.25237286
v -0.06680934 0.78992218 0.24877320
v -0.06680934 0.79152566 0.24758755
v -0.06680934 0.79778212 0.24092552
v -0.06850915 0.80564201 0.23972763
v -0.06680934 0.80564201 0.24042323
v -0.06680934 0.80817270 0.23972763
v -0.06680934 0.81350195 0.23818985
v -0.06680934 0.82136184 0.23340680
v -0.06695632 0.82922179 0.22400779
v -0.06680934 0.82913435 0.22400779
v -0.06680934 0.82922179 0.22381254
v -0.06680934 0.82354802 0.23186770
v -0.06701173 0.83708173 0.21614785
v -0.06680934 0.83672154 0.21614785
v -0.06680934 0.83708173 0.21600011
v -0.06680934 0.84494162 0.21713947
v -0.06680934 0.84682995 0.21614785
v -0.06680934 0.85280156 0.21143462
v -0.07081372 0.86066151 0.20042801
v -0.06680934 0.85974604 0.20042801
v -0.06680934 0.86066151 0.19941902
v -0.06680934 0.85508412 0.20828794
v -0.06962986 0.86852139 0.19256809
v -0.06680934 0.86785567 0.19256809
v -0.06680934 0.86852139 0.18683098
v -0.06680934 0.86937928 0.18470818
v -0.06680934 0.87638134 0.18244612
v -0.06950189 0.88424122 0.17684825
v -0.06680934 0.88303113 0.17684825
v -0.06680934 0.88424122 0.17582174
v -0.06680934 0.89210117 0.16948797
v -0.06928583 0.89996111 -0.19256809
v -0.06680934 0.89272577 0.16898833
v -0.06680934 0.90155274 -0.19256809
v -0.06947634 0.90782100 -0.18470818
v -0.06680934 0.90782100 -0.18641068
v -0.06680934 0.90782100 0.14730230
v -0.06680934 0.90932810 -0.18470818
v -0.06680934 0.91474390 -0.17684825
v -0.06680934 0.91387475 0.13754864
v -0.06680934 0.90984273 0.14540856
v -0.06680934 0.92354083 -0.15758660
v -0.06680934 0.92354083 0.09625706
v -0.06717262 0.92354083 0.12182879
v -0.06680934 0.92354083 0.12194849
v -0.06680934 0.92828047 -0.15326849
v -0.06680934 0.93140078 0.09135013
v -0.06680934 0.92496556 0.10610895
v -0.06680934 0.92730689 0.11396887
v -0.06680934 0.92363679 0.12182879
v -0.06680934 0.93926072 -0.12222002
v -0.06680934 0.93795329 0.05894941
v -0.06680934 0.93926072 0.05823857
v -0.06680934 0.93687677 0.06680934
v -0.06680934 0.93277735 0.09038910
v -0.06680934 0.93926072 0.08474495
v -0.06680934 0.93939084 -0.12182879
v -0.06680934 0.94667906 -0.09824903
v -0.06680934 0.94712061 0.05383620
v -0.06680934 0.94109702 0.07466926
v -0.06680934 0.94039863 0.08252918
v -0.06680934 0.95311761 -0.07466926
v -0.06680934 0.95406103 -0.06680934
v -0.06680934 0.95238328 -0.05894941
v -0.06680934 0.95323431 -0.05108950
v -0.06680934 0.95498055 -0.04834723
v -0.07093461 0.95498055 -0.03536965
v -0.06680934 0.95403177 -0.03536965
v -0.06680934 0.95498055 -0.03700667
v -0.07271291 0.95498055 -0.01178988
v -0.06680934 0.95498055 -0.01572644
v -0.06680934 0.95227307 0.00392996
v -0.06680934 0.95498055 0.00064848
v -0.06680934 0.94847357 0.01178988
v -0.06680934 0.95248258 0.01964981
v -0.06680934 0.95219380 0.02750973
v -0.06680934 0.94998580 0.03536965
v -0.06680934 0.95124197 0.04322957
v -0.06680934 0.94946676 0.05108950
v -0.06680934 0.95646387 -0.04322957
v -0.06680934 0.95636743 -0.01178988
v -0.06680934 0.95639122 -0.00392996
v -0.06253373 0.65630352 -0.32618678
v -0.05894941 0.65630352 -0.32671419
v -0.05894941 0.65630352 0.28834915
v -0.05894941 0.65725482 -0.32618678
v -0.06486685 0.66416341 -0.31832686
v -0.05894941 0.66416341 -0.31914732
v -0.05894941 0.65890628 0.28688717
v -0.05894941 0.66416341 0.28072369
v -0.05894941 0.66465169 -0.31832686
v -0.05894941 0.66994429 -0.31046692
v -0.05894941 0.67202336 -0.30829200
v -0.06512614 0.67202336 0.27116731
v -0.05894941 0.67202336 0.27355900
v -0.05894941 0.66536587 0.27902722
v -0.05942969 0.67988324 0.27116731
v -0.05894941 0.67988324 0.27132359
v -0.05894941 0.68174344 0.27116731
v -0.05894941 0.68774319 0.27032837
v -0.05894941 0.69560313 -0.30870205
v -0.05894941 0.69560313 0.27045780
v -0.05894941 0.70346302 0.27032861
v -0.05894941 0.72704279 0.26702723
v -0.05894941 0.73490274 0.26599041
v -0.05981557 0.74276263 0.26330739
v -0.05894941 0.74276263 0.26336759
v -0.05894941 0.75062257 0.26215580
v -0.05894941 0.74323565 0.26330739
v -0.05894941 0.75848252 0.26103300
v -0.05894941 0.76634240 0.25894028
v -0.06133920 0.77420235 0.25544748
v -0.05894941 0.77420235 0.25561872
v -0.05894941 0.77495325 0.25544748
v -0.05894941 0.78206223 0.25369790
v -0.05894941 0.78992218 0.25160301
v -0.05894941 0.79749882 0.24758755
v -0.05894941 0.79778212 0.24738151
v -0.05894941 0.80564201 0.24291496
v -0.05894941 0.81063157 0.23972763
v -0.05894941 0.81350195 0.23643367
v -0.06226442 0.82136184 0.23186770
v -0.05894941 0.81903219 0.23186770
v -0.05894941 0.82136184 0.23009221
v -0.06647155 0.82922179 0.22400779
v -0.05894941 0.82922179 0.22697085
v -0.06644247 0.83708173 0.21614785
v -0.05894941 0.83708173 0.22180125
v -0.05894941 0.83391511 0.22400779
v -0.05894941 0.84494162 0.21991496
v -0.05894941 0.85068977 0.21614785
v -0.05894941 0.85280156 0.21450190
v -0.06566422 0.86066151 0.20042801
v -0.05894941 0.86066151 0.20590392
v -0.05894941 0.85890508 0.20828794
v -0.06612387 0.86852139 0.19256809
v -0.05894941 0.86852139 0.19836973
v -0.05894941 0.86628431 0.20042801
v -0.06545913 0.87638134 0.18470818
v -0.05894941 0.87638134 0.19180603
v -0.05894941 0.87535983 0.19256809
v -0.06565583 0.88424122 0.17684825
v -0.05894941 0.88424122 0.18327822
v -0.05894941 0.88339430 0.18470818
v -0.05894941 0.88797152 0.17684825
v -0.05894941 0.89210117 0.17305826
v -0.05894941 0.89996111 0.16401878
v -0.05894941 0.89649022 0.16898833
v -0.05894941 0.90417135 -0.19256809
v -0.05894941 0.90782100 -0.19000171
v -0.05894941 0.90570885 0.15326849
v -0.05894941 0.90782100 0.15092511
v -0.05894941 0.90147966 0.16112840
v -0.05894941 0.91257757 -0.18470818
v -0.06470212 0.91568094 -0.17684825
v -0.05894941 0.91568094 -0.18054332
v -0.06187518 0.91568094 0.13754864
v -0.05894941 0.91568094 0.13936190
v -0.05894941 0.91180998 0.14540856
v -0.05894941 0.91788816 -0.17684825
v -0.06486744 0.92354083 0.09824903
v -0.05894941 0.92070913 0.12968871
v -0.05894941 0.92354083 0.12514722
v -0.05894941 0.91669184 0.13754864
v -0.05930196 0.93140078 0.09824903
v -0.05915978 0.93140078 0.10610895
v -0.05894941 0.93140078 0.10677002
v -0.05894941 0.93014663 0.11396887
v -0.05894941 0.92546767 0.12182879
v -0.06577090 0.93926072 0.05894941
v -0.06441392 0.93926072 0.06680934
v -0.05894941 0.93711549 0.09038910
v -0.05894941 0.93926072 0.08706145
v -0.05894941 0.93175995 0.09824903
v -0.05894941 0.93153703 0.10610895
v -0.05914041 0.94712061 0.05894941
v -0.05894941 0.94712061 0.05923258
v -0.05894941 0.94346744 0.06680934
v -0.05894941 0.94280386 0.07466926
v -0.05894941 0.94093066 0.08252918
v -0.05894941 0.95210022 -0.08252918
v -0.05894941 0.95367002 -0.07466926
v -0.05894941 0.95301723 -0.06680934
v -0.05894941 0.95305741 -0.05894941
v -0.05894941 0.95107627 -0.05108950
v -0.05894941 0.95498055 -0.04707750
v -0.06531534 0.95498055 -0.03536965
v -0.05955693 0.95498055 -0.02750973
v -0.06348012 0.95498055 -0.01964981
v -0.06429224 0.95498055 0.00392996
v -0.06020781 0.95498055 0.01178988
v -0.05894941 0.95498055 0.01448346
v -0.05894941 0.95291555 0.01964981
v -0.05894941 0.95096147 0.02750973
v -0.05894941 0.95021552 0.03536965
v -0.05894941 0.95220482 0.04322957
v -0.05894941 0.95111620 0.05108950
v -0.05894941 0.94723505 0.05894941
v -0.05894941 0.95628422 -0.04322957
v -0.05894941 0.95662230 -0.03536965
v -0.05894941 0.95529068 -0.02750973
v -0.05894941 0.95675349 -0.01964981
v -0.05894941 0.95772183 -0.01178988
v -0.05894941 0.95746714 -0.00392996
v -0.05894941 0.95696783 0.00392996
v -0.05894941 0.95558226 0.01178988
v -0.05108950 0.65630352 -0.32759905
v -0.05108950 0.65630352 0.28924924
v -0.05108950 0.65874207 -0.32618678
v -0.05108950 0.66416341 -0.31993544
v -0.05108950 0.65997511 0.28688717
v -0.05108950 0.66416341 0.28044304
v -0.05108950 0.66515958 -0.31832686
v -0.05442027 0.67202336 -0.31046692
v -0.05108950 0.67202336 -0.31170061
v -0.05108950 0.66520107 0.27902722
v -0.05108950 0.67202336 0.27506357
v -0.05108950 0.67988324 0.27575007
v -0.05797796 0.68774319 0.27116731
v -0.05108950 0.68774319 0.27419585
v -0.05330681 0.69560313 0.27116731
v -0.05108950 0.69560313 0.27134830
v -0.05108950 0.69785583 0.27116731
v -0.05108950 0.70346302 0.27063602
v -0.05108950 0.71132296 0.27047807
v -0.05108950 0.71918291 0.26951045
v -0.05108950 0.72704279 0.26842037
v -0.05108950 0.73490274 0.26561597
v -0.05861486 0.74276263 0.26330739
v -0.05108950 0.73976648 0.26330739
v -0.05108950 0.74276263 0.26167020
v -0.05108950 0.75062257 0.26126987
v -0.05108950 0.75848252 0.25954834
v -0.05108950 0.76634240 0.25857604
v -0.05108950 0.77420235 0.25717750
v -0.05108950 0.77882022 0.25544748
v -0.05108950 0.78206223 0.25384024
v -0.05108950 0.78992218 0.25198045
v -0.05833722 0.79778212 0.24758755
v -0.05108950 0.79778212 0.24925041
v -0.05108950 0.80178213 0.24758755
v -0.05108950 0.80564201 0.24585895
v -0.05444749 0.81350195 0.23972763
v -0.05108950 0.81350195 0.24108526
v -0.05654122 0.82136184 0.23186770
v -0.05108950 0.82136184 0.23491712
v -0.05108950 0.81557256 0.23972763
v -0.05142855 0.82922179 0.23186770
v -0.05108950 0.82922179 0.23199064
v -0.05705052 0.83708173 0.22400779
v -0.05108950 0.83708173 0.22772463
v -0.05108950 0.82946223 0.23186770
v -0.05108950 0.84280038 0.22400779
v -0.05108950 0.84494162 0.22250766
v -0.05108950 0.85224628 0.21614785
v -0.05108950 0.85280156 0.21568432
v -0.05352863 0.86066151 0.20828794
v -0.05108950 0.86066151 0.20900501
v -0.05413711 0.86852139 0.20042801
v -0.05108950 0.86852139 0.20141447
v -0.05108950 0.86145037 0.20828794
v -0.05603421 0.87638134 0.19256809
v -0.05108950 0.87638134 0.19363658
v -0.05108950 0.86948389 0.20042801
v -0.05608410 0.88424122 0.18470818
v -0.05108950 0.88424122 0.18595608
v -0.05108950 0.87748456 0.19256809
v -0.05125668 0.89210117 0.17684825
v -0.05108950 0.89210117 0.17693581
v -0.05108950 0.88544828 0.18470818
v -0.05108950 0.89787388 0.16898833
v -0.05108950 0.89996111 0.16515706
v -0.05108950 0.89216965 0.17684825
v -0.05108950 0.90746123 -0.19256809
v -0.05108950 0.90755272 0.15326849
v -0.05108950 0.90782100 0.15292716
v -0.05108950 0.90202141 0.16112840
v -0.05108950 0.91329461 0.14540856
v -0.05108950 0.91568094 0.14170036
v -0.05108950 0.92252284 0.12968871
v -0.05108950 0.92354083 0.12750115
v -0.05108950 0.91810131 0.13754864
v -0.05108950 0.93091983 0.11396887
v -0.05108950 0.93140078 0.11277422
v -0.05108950 0.92625147 0.12182879
v -0.05221081 0.93926072 0.09038910
v -0.05108950 0.93926072 0.09106637
v -0.05108950 0.93707842 0.09824903
v -0.05108950 0.93404913 0.10610895
v -0.05145889 0.94712061 0.06680934
v -0.05108950 0.94712061 0.06718389
v -0.05108950 0.94458944 0.07466926
v -0.05108950 0.94145042 0.08252918
v -0.05108950 0.93946385 0.09038910
v -0.05108950 0.95275891 -0.07466926
v -0.05108950 0.94824249 -0.06680934
v -0.05108950 0.95279872 -0.05894941
v -0.05383817 0.95498055 -0.05108950
v -0.05108950 0.95498055 -0.05432007
v -0.05108950 0.95498055 0.01370497
v -0.05108950 0.95394421 0.02750973
v -0.05108950 0.95456737 0.03536965
v -0.05108950 0.95383650 0.04322957
v -0.05108950 0.95229036 0.05108950
v -0.05108950 0.95005983 0.05894941
v -0.05108950 0.94724798 0.06680934
v -0.05108950 0.95576525 -0.05108950
v -0.05108950 0.95760453 -0.04322957
v -0.05108950 0.95827907 -0.03536965
v -0.05108950 0.95808560 -0.02750973
v -0.05108950 0.95785499 -0.01964981
v -0.05108950 0.95755249 -0.01178988
v -0.05108950 0.95753777 -0.00392996
v -0.05108950 0.95755625 0.00392996
v -0.05108950 0.95558584 0.01178988
v -0.04322957 0.65630352 -0.32832253
v -0.04322957 0.65630352 0.28991619
v -0.04322957 0.65977830 -0.32618678
v -0.04322957 0.66416341 -0.32024506
v -0.04322957 0.66075999 0.28688717
v -0.04322957 0.66416341 0.28098515
v -0.04322957 0.66516185 -0.31832686
v -0.04322957 0.67202336 -0.31069511
v -0.04322957 0.66551232 0.27902722
v -0.04322957 0.67202336 0.27520376
v -0.04322957 0.67988324 0.27464190
v -0.04322957 0.68774319 0.27243632
v -0.04870949 0.69560313 0.27116731
v -0.04322957 0.69352180 0.27116731
v -0.04322957 0.69560313 0.27059942
v -0.04322957 0.70346302 0.27005589
v -0.04322957 0.71132296 0.27029458
v -0.04322957 0.71918291 0.26754498
v -0.04322957 0.72550428 0.26330739
v -0.04322957 0.72704279 0.26194566
v -0.04322957 0.73490274 0.26448670
v -0.04585904 0.74276263 0.26330739
v -0.04322957 0.74276263 0.26407138
v -0.04322957 0.74555254 0.26330739
v -0.04322957 0.75062257 0.26129973
v -0.04322957 0.75848252 0.25614381
v -0.04322957 0.76634240 0.25829360
v -0.04322957 0.77420235 0.25779623
v -0.04322957 0.77757823 0.25544748
v -0.04322957 0.78206223 0.24869801
v -0.04322957 0.78992218 0.24793224
v -0.04647442 0.79778212 0.24758755
v -0.04322957 0.79133970 0.24758755
v -0.04322957 0.79778212 0.24580270
v -0.04322957 0.80564201 0.24530810
v -0.04322957 0.81350195 0.24226445
v -0.04322957 0.81796306 0.23972763
v -0.04322957 0.82136184 0.23752566
v -0.04322957 0.82922179 0.23227307
v -0.04322957 0.82983702 0.23186770
v -0.04322957 0.83708173 0.22670688
v -0.04322957 0.84323114 0.22400779
v -0.04322957 0.84494162 0.22309941
v -0.04322957 0.85046381 0.21614785
v -0.04322957 0.85280156 0.21164738
v -0.04920649 0.86066151 0.20828794
v -0.04322957 0.85633516 0.20828794
v -0.04322957 0.86066151 0.20551389
v -0.04322957 0.86852139 0.20105478
v -0.04322957 0.86924762 0.20042801
v -0.04322957 0.87638134 0.19365780
v -0.04322957 0.88085699 0.18470818
v -0.04322957 0.88424122 0.18250549
v -0.04322957 0.87735397 0.19256809
v -0.04322957 0.89210117 0.17693089
v -0.04322957 0.89832509 0.16898833
v -0.04322957 0.89217699 0.17684825
v -0.04322957 0.90782100 0.14978372
v -0.04342320 0.91568094 0.13754864
v -0.04322957 0.91561294 0.13754864
v -0.04322957 0.91568094 0.13721451
v -0.04322957 0.91143471 0.14540856
v -0.04322957 0.91781467 0.12968871
v -0.04322957 0.92354083 0.12382352
v -0.04603648 0.93140078 0.11396887
v -0.04322957 0.93140078 0.11451697
v -0.04322957 0.92544240 0.12182879
v -0.04322957 0.93618429 0.09824903
v -0.04322957 0.93926072 0.09249908
v -0.04322957 0.93294024 0.10610895
v -0.04322957 0.93166798 0.11396887
v -0.04354428 0.94712061 0.05894941
v -0.04322957 0.94712061 0.05874661
v -0.05063621 0.94712061 0.06680934
v -0.04322957 0.94364858 0.06680934
v -0.04322957 0.94483912 0.07466926
v -0.04322957 0.94237810 0.08252918
v -0.04322957 0.94010550 0.09038910
v -0.04322957 0.95313728 -0.06680934
v -0.04699378 0.95498055 -0.05894941
v -0.04322957 0.95498055 -0.06289485
v -0.04765174 0.95498055 0.01964981
v -0.04871626 0.95498055 0.02750973
v -0.04322957 0.95498055 0.03171913
v -0.04322957 0.95279479 0.03536965
v -0.04322957 0.95297837 0.04322957
v -0.04322957 0.95212615 0.05108950
v -0.04322957 0.95597440 -0.05894941
v -0.04322957 0.95784992 -0.05108950
v -0.04322957 0.95814151 -0.04322957
v -0.04322957 0.95801485 -0.03536965
v -0.04322957 0.95826632 -0.02750973
v -0.04322957 0.95852757 -0.01964981
v -0.04322957 0.95862192 -0.01178988
v -0.04322957 0.95811725 -0.00392996
v -0.04322957 0.95646375 0.00392996
v -0.04322957 0.95598561 0.01178988
v -0.04322957 0.95694983 0.01964981
v -0.04322957 0.95628947 0.02750973
v -0.03536965 0.65630352 -0.32889852
v -0.03536965 0.65630352 0.29042026
v -0.03536965 0.66039979 -0.32618678
v -0.03536965 0.66416341 -0.32042038
v -0.03536965 0.66139323 0.28688717
v -0.03536965 0.66416341 0.28205913
v -0.03536965 0.66515732 -0.31832686
v -0.04117027 0.67202336 -0.31046692
v -0.03536965 0.67122793 -0.31046692
v -0.03536965 0.67202336 -0.30987230
v -0.03536965 0.66607624 0.27902722
v -0.03536965 0.67202336 0.27405673
v -0.03831730 0.67988324 0.27116731
v -0.03536965 0.67635989 0.27116731
v -0.03536965 0.67988324 0.26779518
v -0.04060628 0.68774319 0.27116731
v -0.03536965 0.68774319 0.26709524
v -0.04189664 0.69560313 0.27116731
v -0.03536965 0.69191623 0.27116731
v -0.03536965 0.69560313 0.27336425
v -0.04131448 0.70346302 0.27116731
v -0.03536965 0.70346302 0.27348143
v -0.03603348 0.71132296 0.27116731
v -0.03536965 0.71132296 0.27123496
v -0.03536965 0.71148932 0.27116731
v -0.03536965 0.71918291 0.26534986
v -0.03536965 0.72129261 0.26330739
v -0.03536965 0.72704279 0.25825486
v -0.03536965 0.73490274 0.26396665
v -0.03536965 0.74276263 0.26509452
v -0.03536965 0.74831975 0.26330739
v -0.03536965 0.75062257 0.26227069
v -0.03536965 0.75848252 0.26194435
v -0.03536965 0.76634240 0.26147327
v -0.03536965 0.77420235 0.25861838
v -0.03536965 0.77876335 0.25544748
v -0.03536965 0.78206223 0.25160879
v -0.03536965 0.78992218 0.24831291
v -0.03536965 0.79141068 0.24758755
v -0.03536965 0.79778212 0.24409427
v -0.03536965 0.80564201 0.24409223
v -0.03536965 0.81350195 0.24217018
v -0.03536965 0.81813520 0.23972763
v -0.03536965 0.82136184 0.23795058
v -0.03819263 0.82922179 0.23186770
v -0.03536965 0.82894844 0.23186770
v -0.03536965 0.84494162 0.22079502
v -0.03536965 0.84971547 0.21614785
v -0.03536965 0.85280156 0.20897563
v -0.03536965 0.85326004 0.20828794
v -0.03536965 0.86066151 0.20312254
v -0.04153846 0.86852139 0.20042801
v -0.03536965 0.86430573 0.20042801
v -0.03536965 0.86852139 0.19752815
v -0.03536965 0.87565094 0.18470818
v -0.03536965 0.87638134 0.17959867
v -0.03841672 0.87638134 0.19256809
v -0.03536965 0.87529451 0.19256809
v -0.04286204 0.89210117 0.17684825
v -0.03536965 0.89210117 0.17515516
v -0.03536965 0.89665884 0.16112840
v -0.03536965 0.89996111 0.15330578
v -0.03536965 0.89714938 0.16898833
v -0.03536965 0.90782100 0.15074953
v -0.03536965 0.91568094 0.12886538
v -0.04227239 0.91568094 0.13754864
v -0.03536965 0.91568094 0.13118787
v -0.03536965 0.91568094 0.13891719
v -0.03536965 0.91310012 0.14540856
v -0.03536965 0.92354083 0.12283167
v -0.03536965 0.91622567 0.13754864
v -0.03536965 0.92866933 0.09824903
v -0.03536965 0.93140078 0.09652763
v -0.04150158 0.93140078 0.11396887
v -0.03536965 0.93011546 0.11396887
v -0.03536965 0.92471850 0.12182879
v -0.03536965 0.93926072 -0.12728789
v -0.03536965 0.93926072 0.09204706
v -0.03536965 0.94308430 -0.12182879
v -0.03536965 0.93963069 -0.10610895
v -0.03536965 0.94698459 -0.09824903
v -0.03536965 0.94712061 -0.09762555
v -0.03536965 0.94475037 0.05894941
v -0.03536965 0.94712061 0.05790012
v -0.03536965 0.94209629 0.06680934
v -0.03536965 0.94589984 0.07466926
v -0.03536965 0.94397044 0.08252918
v -0.03536965 0.94051439 0.09038910
v -0.03536965 0.94815814 -0.09038910
v -0.03536965 0.94922674 -0.08252918
v -0.03536965 0.95401114 -0.06680934
v -0.03536965 0.95498055 -0.06510473
v -0.03536965 0.95498055 -0.03206700
v -0.03536965 0.94915313 0.03536965
v -0.03536965 0.95498055 0.03049905
v -0.03536965 0.95211160 0.04322957
v -0.03536965 0.95281458 0.05108950
v -0.03536965 0.95665455 -0.05894941
v -0.03536965 0.95753777 -0.05108950
v -0.03536965 0.95701498 -0.02750973
v -0.03536965 0.95872724 -0.01964981
v -0.03536965 0.95825785 -0.01178988
v -0.03536965 0.95685524 -0.00392996
v -0.03536965 0.95514774 0.00392996
v -0.03536965 0.95650715 0.01178988
v -0.03536965 0.95817029 0.01964981
v -0.03536965 0.95644742 0.02750973
v -0.02750973 0.65630352 -0.32933620
v -0.02750973 0.65630352 0.29079434
v -0.02750973 0.66082627 -0.32618678
v -0.02750973 0.66416341 -0.32076532
v -0.02750973 0.66173947 0.28688717
v -0.02750973 0.66416341 0.28275260
v -0.02750973 0.66538376 -0.31832686
v -0.03227274 0.67202336 -0.31046692
v -0.02750973 0.67202336 -0.31140810
v -0.02750973 0.66751230 0.27902722
v -0.02750973 0.67202336 0.27631986
v -0.03011365 0.67988324 0.27116731
v -0.02750973 0.67988324 0.27270138
v -0.02991354 0.68774319 0.27116731
v -0.02750973 0.68774319 0.27256671
v -0.02750973 0.69560313 0.27538642
v -0.02750973 0.70346302 0.27421623
v -0.02750973 0.71132296 0.27158636
v -0.02750973 0.71361393 0.27116731
v -0.02750973 0.71918291 0.26982191
v -0.02750973 0.72704279 0.26710424
v -0.02750973 0.73490274 0.26740131
v -0.02750973 0.74276263 0.26503503
v -0.02750973 0.74748909 0.26330739
v -0.02750973 0.75062257 0.26161921
v -0.02750973 0.75848252 0.26293728
v -0.02750973 0.76634240 0.26071036
v -0.02750973 0.77420235 0.25701225
v -0.02919179 0.78206223 0.25544748
v -0.02750973 0.78206223 0.25599423
v -0.02750973 0.78431749 0.25544748
v -0.02750973 0.78992218 0.25402829
v -0.03113650 0.79778212 0.24758755
v -0.02750973 0.79778212 0.24975185
v -0.02750973 0.80139601 0.24758755
v -0.02750973 0.80564201 0.24246977
v -0.02750973 0.81350195 0.23997313
v -0.02750973 0.81429482 0.23972763
v -0.02750973 0.82136184 0.23808382
v -0.03429223 0.82922179 0.23186770
v -0.02750973 0.82922179 0.23333232
v -0.02750973 0.83089668 0.23186770
v -0.02750973 0.84494162 0.22277954
v -0.03069371 0.85280156 0.21614785
v -0.02750973 0.85280156 0.21777163
v -0.02839579 0.86066151 0.20828794
v -0.02750973 0.86066151 0.20883819
v -0.02750973 0.85442650 0.21614785
v -0.02750973 0.86602777 0.20042801
v -0.02750973 0.86852139 0.19737236
v -0.02750973 0.86122227 0.20828794
v -0.03451639 0.87638134 0.18470818
v -0.03044610 0.87638134 0.19256809
v -0.02750973 0.87638134 0.19292669
v -0.03449228 0.88424122 0.17684825
v -0.02824588 0.88424122 0.18470818
v -0.02750973 0.88424122 0.18541554
v -0.02750973 0.87685239 0.19256809
v -0.03111629 0.89210117 0.17684825
v -0.02750973 0.89210117 0.17826165
v -0.02750973 0.88492233 0.18470818
v -0.02768585 0.89996111 0.16112840
v -0.02750973 0.89996111 0.16141996
v -0.02750973 0.89839178 0.16898833
v -0.02750973 0.89342141 0.17684825
v -0.02996254 0.90782100 0.15326849
v -0.02750973 0.90782100 0.15435627
v -0.02750973 0.90004694 0.16112840
v -0.03525691 0.91568094 0.12968871
v -0.02750973 0.91535145 0.14540856
v -0.02750973 0.91568094 0.14491372
v -0.02750973 0.90887344 0.15326849
v -0.02830602 0.92354083 0.12968871
v -0.02750973 0.92047012 0.13754864
v -0.02750973 0.92354083 0.13086598
v -0.03124126 0.93140078 0.09824903
v -0.02750973 0.93131346 0.11396887
v -0.02750973 0.92846912 0.12182879
v -0.02750973 0.92410403 0.12968871
v -0.02973286 0.93926072 -0.12968871
v -0.02750973 0.93926072 -0.13071474
v -0.02750973 0.93356842 0.09824903
v -0.02750973 0.93926072 0.09298961
v -0.02750973 0.93999338 -0.12968871
v -0.02750973 0.94451195 -0.12182879
v -0.02750973 0.94658917 -0.11396887
v -0.02768363 0.94712061 -0.10610895
v -0.02750973 0.94712061 -0.10732663
v -0.03520624 0.94712061 -0.09824903
v -0.03030716 0.94712061 0.05894941
v -0.02750973 0.94712061 0.06025812
v -0.02750973 0.94372714 0.06680934
v -0.02750973 0.94668049 0.07466926
v -0.02750973 0.94505739 0.08252918
v -0.02750973 0.94089216 0.09038910
v -0.02750973 0.94723862 -0.10610895
v -0.02750973 0.95036048 -0.09824903
v -0.02750973 0.95171744 -0.09038910
v -0.02750973 0.95298618 -0.08252918
v -0.02750973 0.95345753 -0.07466926
v -0.02750973 0.95323241 -0.06680934
v -0.02750973 0.95498055 -0.06404650
v -0.02750973 0.95498055 -0.03362211
v -0.03133918 0.95498055 -0.00392996
v -0.02750973 0.95098066 -0.00392996
v -0.02750973 0.95498055 -0.01098076
v -0.02750973 0.95498055 0.00391593
v -0.02750973 0.95281994 0.03536965
v -0.02750973 0.95498055 0.03111299
v -0.02750973 0.95380473 0.04322957
v -0.02750973 0.95378649 0.05108950
v -0.02750973 0.94777316 0.05894941
v -0.02750973 0.95649964 -0.05894941
v -0.02750973 0.95745045 -0.05108950
v -0.02750973 0.95764351 -0.02750973
v -0.02750973 0.95853245 -0.01964981
v -0.02750973 0.95524126 -0.01178988
v -0.02750973 0.95498472 0.00392996
v -0.02750973 0.95771873 0.01178988
v -0.02750973 0.95812613 0.01964981
v -0.02750973 0.95614135 0.02750973
v -0.01964981 0.65630352 -0.32965636
v -0.01964981 0.65630352 0.29097772
v -0.01964981 0.66134465 -0.32618678
v -0.01964981 0.66416341 -0.32181895
v -0.01964981 0.66189599 0.28688717
v -0.01964981 0.66416341 0.28339988
v -0.01964981 0.66637945 -0.31832686
v -0.01964981 0.67202336 -0.31381539
v -0.01964981 0.66958845 0.27902722
v -0.01964981 0.67202336 0.27800062
v -0.01964981 0.67988324 0.27577165
v -0.01964981 0.68774319 0.27262366
v -0.01964981 0.69560313 0.27426937
v -0.01964981 0.70346302 0.27377287
v -0.01964981 0.71132296 0.27185082
v -0.01964981 0.71499628 0.27116731
v -0.01964981 0.71918291 0.27018338
v -0.01964981 0.72704279 0.26886472
v -0.01964981 0.73490274 0.26867595
v -0.01964981 0.74276263 0.26777440
v -0.02452916 0.75062257 0.26330739
v -0.01964981 0.75062257 0.26497531
v -0.01964981 0.75729501 0.26330739
v -0.01964981 0.75848252 0.26301607
v -0.01964981 0.76634240 0.25803179
v -0.02415856 0.77420235 0.25544748
v -0.01964981 0.77025640 0.25544748
v -0.01964981 0.77420235 0.25258562
v -0.02459644 0.78206223 0.25544748
v -0.01964981 0.78206223 0.25447157
v -0.01964981 0.78992218 0.25365004
v -0.01964981 0.79778212 0.24840993
v -0.02191006 0.80564201 0.23972763
v -0.01964981 0.80467081 0.23972763
v -0.01964981 0.80564201 0.23858514
v -0.01964981 0.79898012 0.24758755
v -0.02584548 0.81350195 0.23972763
v -0.01964981 0.81350195 0.23866802
v -0.01964981 0.82136184 0.23762256
v -0.01964981 0.82922179 0.23436555
v -0.01964981 0.83708173 0.22933485
v -0.01964981 0.83338720 0.23186770
v -0.02189549 0.84494162 0.22400779
v -0.01964981 0.84494162 0.22445238
v -0.01964981 0.84561795 0.22400779
v -0.01964981 0.85280156 0.21882704
v -0.01964981 0.85594034 0.21614785
v -0.01964981 0.86066151 0.21192418
v -0.02470762 0.86852139 0.20042801
v -0.01964981 0.86852139 0.20451161
v -0.01964981 0.86483502 0.20828794
v -0.01964981 0.87248528 0.20042801
v -0.01964981 0.87638134 0.19669475
v -0.01964981 0.88039106 0.19256809
v -0.01964981 0.88424122 0.18736780
v -0.01964981 0.88642162 0.18470818
v -0.01964981 0.89210117 0.17883998
v -0.01964981 0.89992607 0.16898833
v -0.01964981 0.89996111 0.16891721
v -0.01964981 0.89384872 0.17684825
v -0.01964981 0.90413082 0.16112840
v -0.01964981 0.90782100 0.15576501
v -0.01964981 0.91506594 0.14540856
v -0.01964981 0.91568094 0.14454924
v -0.01964981 0.90940326 0.15326849
v -0.01964981 0.92053956 0.13754864
v -0.01964981 0.92354083 0.13258761
v -0.02709962 0.93140078 0.11396887
v -0.01964981 0.93140078 0.11723153
v -0.01964981 0.92925483 0.12182879
v -0.01964981 0.92513764 0.12968871
v -0.01964981 0.93852788 0.09824903
v -0.01964981 0.93926072 0.09623440
v -0.01964981 0.93613780 0.10610895
v -0.01964981 0.93293810 0.11396887
v -0.01964981 0.94114041 -0.12968871
v -0.01964981 0.94404137 -0.12182879
v -0.01964981 0.94695848 -0.11396887
v -0.01964981 0.94712061 -0.11316550
v -0.01964981 0.94707793 0.06680934
v -0.01964981 0.94712061 0.06665031
v -0.02304936 0.94712061 0.07466926
v -0.01964981 0.94712061 0.06752054
v -0.01964981 0.94712061 0.07578044
v -0.01964981 0.94515371 0.08252918
v -0.01964981 0.94124824 0.09038910
v -0.01964981 0.94867325 -0.10610895
v -0.01964981 0.95086432 -0.09824903
v -0.01964981 0.95252216 -0.09038910
v -0.01964981 0.95437127 -0.08252918
v -0.02316564 0.95498055 -0.07466926
v -0.01964981 0.95498055 -0.07910792
v -0.02350823 0.95498055 -0.06680934
v -0.02559788 0.95498055 -0.03536965
v -0.02205818 0.95498055 -0.00392996
v -0.02254355 0.95498055 0.03536965
v -0.02109482 0.95498055 0.04322957
v -0.01964981 0.95498055 0.04477155
v -0.01964981 0.95399314 0.05108950
v -0.01964981 0.94926190 0.05894941
v -0.01964981 0.94745702 0.07466926
v -0.01964981 0.95579922 -0.07466926
v -0.01964981 0.95583785 -0.06680934
v -0.01964981 0.95656776 -0.05894941
v -0.01964981 0.95833373 -0.05108950
v -0.01964981 0.95847470 -0.04322957
v -0.01964981 0.95744443 -0.03536965
v -0.01964981 0.95775592 -0.02750973
v -0.01964981 0.95870972 -0.01964981
v -0.01964981 0.95759940 -0.01178988
v -0.01964981 0.95590895 -0.00392996
v -0.01964981 0.95750165 0.00392996
v -0.01964981 0.95841432 0.01178988
v -0.01964981 0.95800513 0.01964981
v -0.01964981 0.95696390 0.02750973
v -0.01964981 0.95580727 0.03536965
v -0.01964981 0.95525098 0.04322957
v -0.01178988 0.65630352 -0.32962134
v -0.01178988 0.65630352 0.29089555
v -0.01178988 0.66166991 -0.32618678
v -0.01178988 0.66416341 -0.32255328
v -0.01178988 0.66179979 0.28688717
v -0.01178988 0.66416341 0.28362620
v -0.01178988 0.66677243 -0.31832686
v -0.01178988 0.67202336 -0.31264305
v -0.01178988 0.67033851 0.27902722
v -0.01178988 0.67202336 0.27827957
v -0.01178988 0.67988324 0.27478400
v -0.01685297 0.68774319 0.27116731
v -0.01178988 0.68774319 0.26802579
v -0.01224047 0.69560313 0.27116731
v -0.01178988 0.69560313 0.27088630
v -0.01240832 0.70346302 0.27116731
v -0.01178988 0.70346302 0.27078593
v -0.01648778 0.71132296 0.27116731
v -0.01178988 0.71132296 0.26937827
v -0.01178988 0.71918291 0.26764309
v -0.01178988 0.72704279 0.26889196
v -0.01178988 0.73490274 0.26905099
v -0.01178988 0.74276263 0.26739687
v -0.01178988 0.75062257 0.26472944
v -0.01620965 0.75848252 0.26330739
v -0.01178988 0.75848252 0.26366648
v -0.01178988 0.75938869 0.26330739
v -0.01178988 0.76634240 0.25951943
v -0.01178988 0.77017856 0.25544748
v -0.01178988 0.77420235 0.25023136
v -0.01178988 0.78206223 0.25121742
v -0.01178988 0.78992218 0.25162378
v -0.01538721 0.79778212 0.24758755
v -0.01178988 0.79676819 0.24758755
v -0.01178988 0.79778212 0.24670929
v -0.01178988 0.80564201 0.24342972
v -0.01178988 0.81350195 0.24134696
v -0.01178988 0.81707305 0.23972763
v -0.01178988 0.82136184 0.23755024
v -0.01178988 0.82922179 0.23283304
v -0.01178988 0.83082640 0.23186770
v -0.01178988 0.83708173 0.22694878
v -0.01792307 0.84494162 0.22400779
v -0.01178988 0.84158373 0.22400779
v -0.01178988 0.84494162 0.22188509
v -0.01178988 0.85280156 0.21644889
v -0.01178988 0.85321701 0.21614785
v -0.01178988 0.86066151 0.21064618
v -0.01178988 0.86351842 0.20828794
v -0.01178988 0.86852139 0.20355827
v -0.01178988 0.87219065 0.20042801
v -0.01178988 0.87638134 0.19743952
v -0.01178988 0.88135988 0.19256809
v -0.01178988 0.88424122 0.18756653
v -0.01314824 0.89210117 0.17684825
v -0.01178988 0.89146119 0.17684825
v -0.01178988 0.89210117 0.17624955
v -0.01178988 0.88600701 0.18470818
v -0.01178988 0.89798832 0.16898833
v -0.01178988 0.89996111 0.16585316
v -0.01178988 0.90228969 0.16112840
v -0.01178988 0.90782100 0.15357192
v -0.01240466 0.91568094 0.13754864
v -0.01178988 0.91488540 0.13754864
v -0.01178988 0.91568094 0.13647704
v -0.01178988 0.91205311 0.14540856
v -0.01178988 0.90800750 0.15326849
v -0.01400648 0.92354083 0.12968871
v -0.01178988 0.92190051 0.12968871
v -0.01178988 0.92354083 0.12877291
v -0.01178988 0.92866933 0.12182879
v -0.01178988 0.93140078 0.11627974
v -0.01357922 0.93926072 0.09038910
v -0.01178988 0.93834406 0.09038910
v -0.01178988 0.93926072 0.08897066
v -0.01178988 0.93829054 0.09824903
v -0.01178988 0.93631577 0.10610895
v -0.01178988 0.93249601 0.11396887
v -0.01481717 0.94712061 -0.10610895
v -0.01178988 0.94712061 -0.10399357
v -0.01933726 0.94712061 0.06680934
v -0.01178988 0.94683963 0.07466926
v -0.01178988 0.94712061 0.07265559
v -0.01534877 0.94712061 0.07466926
v -0.01178988 0.94255716 0.08252918
v -0.01178988 0.95000130 -0.09824903
v -0.01178988 0.95157975 -0.09038910
v -0.01178988 0.95336145 -0.08252918
v -0.01276392 0.95498055 -0.07466926
v -0.01178988 0.95484072 -0.07466926
v -0.01716588 0.95498055 -0.06680934
v -0.01178988 0.95173562 -0.06680934
v -0.01571427 0.95498055 -0.05894941
v -0.01178988 0.95091832 -0.05894941
v -0.01178988 0.95498055 -0.05642561
v -0.01241815 0.95498055 -0.03536965
v -0.01178988 0.95448571 -0.03536965
v -0.01178988 0.95498055 -0.03576027
v -0.01410237 0.95498055 -0.02750973
v -0.01178988 0.95189625 -0.02750973
v -0.01178988 0.95498055 -0.02494070
v -0.01312378 0.95498055 0.02750973
v -0.01178988 0.95422041 0.02750973
v -0.01178988 0.95498055 0.02586233
v -0.01443380 0.95498055 0.03536965
v -0.01178988 0.95444673 0.03536965
v -0.01550217 0.95498055 0.04322957
v -0.01178988 0.95474404 0.04322957
v -0.01178988 0.95302314 0.05108950
v -0.01178988 0.94953978 0.05894941
v -0.01178988 0.94801283 0.06680934
v -0.01178988 0.95779634 -0.05108950
v -0.01178988 0.95837671 -0.04322957
v -0.01178988 0.95751184 -0.01964981
v -0.01178988 0.95867318 -0.01178988
v -0.01178988 0.95794100 -0.00392996
v -0.01178988 0.95831513 0.00392996
v -0.01178988 0.95853102 0.01178988
v -0.01178988 0.95665073 0.01964981
v -0.00392996 0.65630352 -0.32906887
v -0.00392996 0.65630352 0.29047543
v -0.00392996 0.66080278 -0.32618678
v -0.00392996 0.66416341 -0.32080087
v -0.00392996 0.66130698 0.28688717
v -0.00392996 0.66416341 0.28244689
v -0.00392996 0.66529077 -0.31832686
v -0.00811166 0.67202336 -0.31046692
v -0.00392996 0.66954744 -0.31046692
v -0.00392996 0.67202336 -0.30783954
v -0.00392996 0.66841096 0.27902722
v -0.00392996 0.67202336 0.27755421
v -0.00392996 0.67988324 0.27691835
v -0.00392996 0.70346302 0.27013576
v -0.00392996 0.71132296 0.26675895
v -0.00392996 0.72704279 0.26647037
v -0.00392996 0.73490274 0.26746920
v -0.00392996 0.75848252 0.26097026
v -0.01053437 0.75848252 0.26330739
v -0.00392996 0.76634240 0.26090658
v -0.00392996 0.77420235 0.25663036
v -0.00392996 0.77726519 0.25544748
v -0.00392996 0.78206223 0.25360265
v -0.00392996 0.78992218 0.25166407
v -0.00777807 0.79778212 0.24758755
v -0.00392996 0.79778212 0.24817175
v -0.00392996 0.79891223 0.24758755
v -0.00392996 0.80564201 0.24359162
v -0.00392996 0.81350195 0.24047649
v -0.00392996 0.81524771 0.23972763
v -0.00392996 0.82136184 0.23641148
v -0.00811706 0.82922179 0.23186770
v -0.00392996 0.82747507 0.23186770
v -0.00392996 0.82922179 0.22873458
v -0.00663937 0.83708173 0.22400779
v -0.00392996 0.83381045 0.22400779
v -0.00392996 0.83708173 0.22128795
v -0.00392996 0.84494162 0.21717905
v -0.01122380 0.85280156 0.21614785
v -0.00392996 0.84620464 0.21614785
v -0.00392996 0.85280156 0.20950298
v -0.00610404 0.86066151 0.20042801
v -0.00392996 0.85770947 0.20042801
v -0.00392996 0.86066151 0.19722101
v -0.00904444 0.86066151 0.20828794
v -0.00392996 0.85391271 0.20828794
v -0.00845917 0.86852139 0.20042801
v -0.00392996 0.86852139 0.19669978
v -0.00392996 0.87638134 0.19553199
v -0.00392996 0.88025385 0.19256809
v -0.00392996 0.88424122 0.18748114
v -0.00392996 0.89131510 0.17684825
v -0.00392996 0.89210117 0.17557265
v -0.00392996 0.88613701 0.18470818
v -0.00392996 0.89605665 0.16898833
v -0.00392996 0.89996111 0.16254817
v -0.00392996 0.90072721 0.16112840
v -0.00392996 0.90782100 0.15370408
v -0.00835764 0.91568094 0.13754864
v -0.00392996 0.91568094 0.13900535
v -0.00392996 0.91294312 0.14540856
v -0.00392996 0.90814090 0.15326849
v -0.00392996 0.92354083 0.11352440
v -0.00392996 0.92309564 0.12968871
v -0.00392996 0.92354083 0.12906735
v -0.00392996 0.91632020 0.13754864
v -0.00411928 0.93140078 0.09038910
v -0.00392996 0.92833555 0.10610895
v -0.00392996 0.93140078 0.10424543
v -0.00392996 0.92687106 0.12182879
v -0.00392996 0.93854892 -0.11396887
v -0.00392996 0.93926072 -0.11295304
v -0.00492175 0.93926072 0.08252918
v -0.00392996 0.93926072 0.08203889
v -0.00392996 0.93451989 0.09824903
v -0.00392996 0.94538146 -0.10610895
v -0.00392996 0.94712061 -0.10423074
v -0.00392996 0.94457310 -0.08252918
v -0.00392996 0.94712061 -0.08068275
v -0.00881717 0.94712061 0.05894941
v -0.00392996 0.94143605 0.05894941
v -0.00392996 0.94712061 0.05128378
v -0.00841485 0.94712061 0.06680934
v -0.00392996 0.94582510 0.06680934
v -0.00392996 0.94558454 0.07466926
v -0.00392996 0.94958019 -0.09824903
v -0.00392996 0.95320779 -0.07466926
v -0.00392996 0.95283157 -0.06680934
v -0.00392996 0.95473313 -0.05894941
v -0.00392996 0.95498055 -0.05876244
v -0.01094388 0.95498055 -0.03536965
v -0.00842331 0.95498055 -0.02750973
v -0.00392996 0.94840044 0.02750973
v -0.00392996 0.95498055 0.02192961
v -0.00392996 0.95009446 0.03536965
v -0.00392996 0.95333028 0.04322957
v -0.00392996 0.94730759 0.05108950
v -0.00392996 0.95835990 -0.05108950
v -0.00392996 0.95852923 -0.04322957
v -0.00392996 0.95691168 -0.03536965
v -0.00392996 0.95680809 -0.02750973
v -0.00392996 0.95843619 -0.01964981
v -0.00392996 0.95812976 -0.01178988
v -0.00392996 0.95526373 -0.00392996
v -0.00392996 0.95656741 0.00392996
v -0.00392996 0.95825458 0.01178988
v -0.00392996 0.95619535 0.01964981
v 0.00392996 0.65630352 -0.32833436
v 0.00392996 0.65630352 0.28983343
v 0.00392996 0.65963078 -0.32618678
v 0.00392996 0.66416341 -0.31984735
v 0.00392996 0.66060036 0.28688717
v 0.00392996 0.66416341 0.28038332
v 0.00392996 0.66502488 -0.31832686
v 0.00319969 0.67202336 -0.31046692
v 0.00392996 0.67202336 -0.31069240
v 0.00392996 0.66498172 0.27902722
v 0.00392996 0.67202336 0.27397460
v 0.00392996 0.67988324 0.27485502
v 0.00392996 0.75062257 0.25896126
v 0.00392996 0.75848252 0.26116514
v 0.00392996 0.76634240 0.26035729
v 0.00392996 0.77420235 0.25753394
v 0.00392996 0.77825701 0.25544748
v 0.00392996 0.78206223 0.25267377
v 0.00392996 0.78992218 0.24912965
v 0.00107208 0.79778212 0.24758755
v 0.00392996 0.79623866 0.24758755
v 0.00392996 0.79778212 0.24705613
v 0.00392996 0.80564201 0.23988977
v -0.00075762 0.81350195 0.23972763
v 0.00392996 0.80636328 0.23972763
v 0.00392996 0.81350195 0.23851438
v 0.00392996 0.82136184 0.23646258
v 0.00392996 0.82746416 0.23186770
v 0.00392996 0.82922179 0.23010181
v 0.00011022 0.83708173 0.22400779
v 0.00392996 0.83708173 0.22515674
v 0.00392996 0.83937120 0.22400779
v 0.00392996 0.84494162 0.22120555
v 0.00392996 0.85118222 0.21614785
v 0.00392996 0.85280156 0.21385102
v 0.00262245 0.86066151 0.20042801
v 0.00392996 0.86066151 0.20140330
v 0.00392996 0.85672086 0.20828794
v 0.00392996 0.86852139 0.19969618
v 0.00392996 0.87638134 0.19554088
v 0.00392996 0.87967288 0.19256809
v 0.00392996 0.88424122 0.18728121
v 0.00201008 0.89210117 0.17684825
v 0.00392996 0.89210117 0.17708080
v 0.00392996 0.88632786 0.18470818
v 0.00392996 0.89848846 0.16898833
v 0.00392996 0.89996111 0.16713177
v 0.00392996 0.89227474 0.17684825
v 0.00392996 0.90366089 0.16112840
v 0.00392996 0.90782100 0.15446229
v 0.00392996 0.91220683 0.14540856
v 0.00392996 0.91568094 0.14243807
v 0.00392996 0.90854263 0.15326849
v -0.00171720 0.92354083 0.12968871
v 0.00392996 0.92354083 0.13091923
v 0.00392996 0.91916585 0.13754864
v -0.00057520 0.93140078 0.10610895
v 0.00392996 0.93140078 0.10810535
v 0.00392996 0.92649335 0.11396887
v 0.00392996 0.92772233 0.12182879
v 0.00392996 0.92420435 0.12968871
v -0.00306692 0.93926072 -0.11396887
v 0.00392996 0.93777663 0.09824903
v 0.00392996 0.93926072 0.09040074
v 0.00392996 0.93275768 0.10610895
v 0.00392996 0.94375110 -0.11396887
v -0.00186352 0.94712061 -0.10610895
v 0.00392996 0.94712061 -0.10979287
v 0.00154018 0.94712061 -0.08252918
v 0.00392996 0.94701207 0.05894941
v 0.00392996 0.94712061 0.05880322
v 0.00392996 0.94666082 0.06680934
v 0.00392996 0.94590557 0.07466926
v 0.00392996 0.94302070 0.08252918
v 0.00392996 0.93926287 0.09038910
v 0.00392996 0.94894338 -0.10610895
v 0.00392996 0.95098102 -0.09824903
v 0.00392996 0.94821960 -0.08252918
v 0.00392996 0.95361197 -0.07466926
v 0.00158863 0.95498055 -0.06680934
v 0.00392996 0.95498055 -0.06962548
v -0.00355961 0.95498055 -0.05894941
v 0.00392996 0.95281494 0.02750973
v 0.00392996 0.95498055 0.02576398
v 0.00392996 0.95223123 0.03536965
v 0.00392996 0.95437646 0.04322957
v 0.00392996 0.95151019 0.05108950
v 0.00392996 0.95554423 -0.06680934
v 0.00392996 0.95703334 -0.05894941
v 0.00392996 0.95782173 -0.05108950
v 0.00392996 0.95773435 -0.04322957
v 0.00392996 0.95787370 -0.03536965
v 0.00392996 0.95842791 -0.02750973
v 0.00392996 0.95879334 -0.01964981
v 0.00392996 0.95825231 -0.01178988
v 0.00392996 0.95584875 -0.00392996
v 0.00392996 0.95593810 0.00392996
v 0.00392996 0.95817471 0.01178988
v 0.00392996 0.95752406 0.01964981
v 0.01178988 0.65630352 -0.32778776
v 0.01178988 0.65630352 0.28908697
v 0.01178988 0.65888351 -0.32618678
v 0.01178988 0.66416341 -0.31968173
v 0.01178988 0.65984452 0.28688717
v 0.01178988 0.66416341 0.28098285
v 0.01178988 0.66504580 -0.31832686
v 0.01178988 0.67202336 -0.31241176
v 0.01178988 0.66560441 0.27902722
v 0.01178988 0.67202336 0.27473351
v 0.01178988 0.75848252 0.26219863
v 0.01178988 0.76634240 0.25958011
v 0.01178988 0.77420235 0.25702831
v 0.01178988 0.77783716 0.25544748
v 0.01178988 0.78206223 0.25307676
v 0.01178988 0.78992218 0.25058371
v 0.00625162 0.79778212 0.24758755
v 0.01178988 0.79778212 0.24830991
v 0.01178988 0.79943097 0.24758755
v 0.01178988 0.80564201 0.24438126
v 0.00806309 0.81350195 0.23972763
v 0.01178988 0.81350195 0.24070004
v 0.01178988 0.81559575 0.23972763
v 0.01178988 0.82136184 0.23672463
v 0.01178988 0.82769877 0.23186770
v 0.01178988 0.82922179 0.23060925
v 0.01178988 0.83708173 0.22539061
v 0.01178988 0.83952820 0.22400779
v 0.01178988 0.84494162 0.22076204
v 0.01178988 0.85200918 0.21614785
v 0.01178988 0.85280156 0.21563047
v 0.01040550 0.86066151 0.20828794
v 0.01178988 0.86066151 0.20900083
v 0.01178988 0.86852139 0.20231707
v 0.01178988 0.86150116 0.20828794
v 0.01178988 0.87052178 0.20042801
v 0.01178988 0.87638134 0.19466440
v 0.01178988 0.87857729 0.19256809
v 0.01178988 0.88424122 0.18643761
v 0.00445203 0.89210117 0.17684825
v 0.01178988 0.88857585 0.17684825
v 0.01178988 0.89210117 0.17309159
v 0.01178988 0.88569099 0.18470818
v 0.01178988 0.89698350 0.16898833
v 0.01178988 0.89996111 0.16704361
v 0.00671660 0.90782100 0.15326849
v 0.01178988 0.90664756 0.15326849
v 0.01178988 0.90426391 0.16112840
v 0.01178988 0.91568094 0.13765322
v 0.01005877 0.92354083 0.12968871
v 0.01178988 0.92333961 0.12968871
v 0.01178988 0.92354083 0.12927027
v 0.01178988 0.91579223 0.13754864
v 0.01169765 0.93140078 0.11396887
v 0.01178988 0.93140078 0.11403723
v 0.01178988 0.92708212 0.12182879
v 0.01178988 0.93839395 0.09824903
v 0.01178988 0.93926072 0.09557200
v 0.01178988 0.93546015 0.10610895
v 0.01178988 0.93143606 0.11396887
v 0.01178988 0.94180661 -0.12182879
v 0.01178988 0.94528556 -0.11396887
v 0.01178988 0.94712061 -0.10914205
v 0.00412785 0.94712061 0.05894941
v 0.01003035 0.94712061 0.06680934
v 0.01178988 0.94712061 0.06729914
v 0.01178988 0.94535017 0.07466926
v 0.01178988 0.94314462 0.08252918
v 0.01178988 0.94085991 0.09038910
v 0.01178988 0.94817269 -0.10610895
v 0.01178988 0.95019871 -0.09824903
v 0.01178988 0.95129430 -0.09038910
v 0.01178988 0.95238137 -0.08252918
v 0.01178988 0.95396101 -0.07466926
v 0.01178988 0.95498055 -0.06776352
v 0.01178988 0.95429331 0.02750973
v 0.01178988 0.95498055 0.02480320
v 0.01178988 0.95407027 0.03536965
v 0.01178988 0.95374238 0.04322957
v 0.01178988 0.95199496 0.05108950
v 0.01178988 0.94948584 0.05894941
v 0.01178988 0.94724774 0.06680934
v 0.01178988 0.95513612 -0.06680934
v 0.01178988 0.95629382 -0.05894941
v 0.01178988 0.95716882 -0.05108950
v 0.01178988 0.95771527 -0.04322957
v 0.01178988 0.95756078 -0.03536965
v 0.01178988 0.95784503 -0.02750973
v 0.01178988 0.95810336 -0.01964981
v 0.01178988 0.95815647 -0.01178988
v 0.01178988 0.95806414 -0.00392996
v 0.01178988 0.95766562 0.00392996
v 0.01178988 0.95717913 0.01178988
v 0.01178988 0.95598447 0.01964981
v 0.01964981 0.65630352 -0.32711577
v 0.01964981 0.65630352 0.28822514
v 0.01964981 0.65788949 -0.32618678
v 0.01964981 0.66416341 -0.31920224
v 0.01964981 0.65866405 0.28688717
v 0.01964981 0.66416341 0.28093681
v 0.01964981 0.66471845 -0.31832686
v 0.01964981 0.67202336 -0.31144294
v 0.01964981 0.66602445 0.27902722
v 0.01964981 0.67202336 0.27534482
v 0.01964981 0.73490274 0.26443896
v 0.01964981 0.74276263 0.25657603
v 0.01964981 0.75062257 0.25994641
v 0.01964981 0.75848252 0.26068613
v 0.01964981 0.76634240 0.25841725
v 0.01645443 0.77420235 0.25544748
v 0.01964981 0.77224588 0.25544748
v 0.01964981 0.77420235 0.25351343
v 0.01964981 0.78206223 0.24880822
v 0.01964981 0.78992218 0.24914607
v 0.01920557 0.79778212 0.24758755
v 0.01964981 0.79755926 0.24758755
v 0.01964981 0.79778212 0.24754426
v 0.01964981 0.80564201 0.24403478
v 0.01964981 0.81350195 0.23995429
v 0.01964981 0.81392747 0.23972763
v 0.01964981 0.82136184 0.23470843
v 0.01964981 0.82440805 0.23186770
v 0.01964981 0.82922179 0.22612388
v 0.01897614 0.83708173 0.22400779
v 0.01964981 0.83639884 0.22400779
v 0.01964981 0.83708173 0.22388449
v 0.01964981 0.84494162 0.22042094
v 0.01964981 0.85026723 0.21614785
v 0.01964981 0.85280156 0.21306415
v 0.01562821 0.86066151 0.20828794
v 0.01964981 0.85918117 0.20828794
v 0.01964981 0.86066151 0.20747659
v 0.01964981 0.86852139 0.20097156
v 0.01964981 0.86905771 0.20042801
v 0.01964981 0.87638134 0.19293113
v 0.01633606 0.88424122 0.18470818
v 0.01964981 0.88293660 0.18470818
v 0.01964981 0.88424122 0.18190090
v 0.01964981 0.87676090 0.19256809
v 0.01964981 0.88723248 0.17684825
v 0.01964981 0.89210117 0.17048700
v 0.01964981 0.89312273 0.16898833
v 0.01964981 0.89996111 0.16338782
v 0.01964981 0.90782100 0.14060837
v 0.01964981 0.90668535 0.15326849
v 0.01964981 0.90204108 0.16112840
v 0.01216060 0.91568094 0.13754864
v 0.01964981 0.91093761 0.13754864
v 0.01964981 0.91568094 0.13577279
v 0.01964981 0.92168164 0.12968871
v 0.01964981 0.92354083 0.12563439
v 0.01964981 0.93117625 0.09824903
v 0.01964981 0.93140078 0.09809911
v 0.01964981 0.93140078 0.09952007
v 0.01208564 0.93140078 0.11396887
v 0.01964981 0.93039203 0.11396887
v 0.01964981 0.93140078 0.10881404
v 0.01964981 0.92514098 0.12182879
v 0.01958336 0.93926072 0.09038910
v 0.01964981 0.93923539 0.09038910
v 0.01964981 0.93926072 0.09035204
v 0.01964981 0.93197000 0.10610895
v 0.01964981 0.94265926 -0.11396887
v 0.01656009 0.94712061 -0.10610895
v 0.01964981 0.94609571 -0.10610895
v 0.01964981 0.94712061 -0.10406991
v 0.01314189 0.94712061 0.06680934
v 0.01964981 0.94628263 0.06680934
v 0.01964981 0.94712061 0.06423929
v 0.01964981 0.94510525 0.07466926
v 0.01964981 0.94225061 0.08252918
v 0.01964981 0.94902146 -0.09824903
v 0.01964981 0.94940364 -0.09038910
v 0.01964981 0.95125675 -0.08252918
v 0.01964981 0.95400923 -0.07466926
v 0.01323867 0.95498055 -0.06680934
v 0.01964981 0.95416009 -0.06680934
v 0.01743908 0.95498055 -0.05894941
v 0.01964981 0.95394397 -0.05894941
v 0.01964981 0.95498055 -0.05762170
v 0.01758792 0.95498055 -0.03536965
v 0.01964981 0.95235616 -0.03536965
v 0.01929145 0.95498055 -0.02750973
v 0.01964981 0.95465302 -0.02750973
v 0.01964981 0.95498055 -0.02697513
v 0.01661346 0.95498055 0.01964981
v 0.01964981 0.95428890 0.01964981
v 0.01964981 0.95498055 0.01585129
v 0.01964981 0.95377868 0.02750973
v 0.01964981 0.95347381 0.03536965
v 0.01964981 0.95178479 0.04322957
v 0.01964981 0.95019919 0.05108950
v 0.01964981 0.94844711 0.05894941
v 0.01964981 0.95720756 -0.05108950
v 0.01964981 0.95708811 -0.04322957
v 0.01964981 0.95710289 -0.01964981
v 0.01964981 0.95683038 -0.01178988
v 0.01964981 0.95660901 -0.00392996
v 0.01964981 0.95642155 0.00392996
v 0.01964981 0.95567846 0.01178988
v 0.02615916 0.65630352 -0.32618678
v 0.02750973 0.65630352 -0.32597390
v 0.02750973 0.65630352 0.28722358
v 0.02750973 0.66416341 -0.31847245
v 0.02549090 0.66416341 0.27902722
v 0.02750973 0.66378707 0.27902722
v 0.02750973 0.66416341 0.27788487
v 0.02750973 0.65691495 0.28688717
v 0.02750973 0.66425228 -0.31832686
v 0.02252388 0.67202336 -0.31046692
v 0.02750973 0.66969472 -0.31046692
v 0.02750973 0.67202336 -0.30841303
v 0.02564897 0.67202336 0.27116731
v 0.02750973 0.66920829 0.27116731
v 0.02750973 0.67202336 0.26976001
v 0.02750973 0.67644060 0.27116731
v 0.02750973 0.67988324 0.27210483
v 0.02750973 0.68774319 0.27236819
v 0.02750973 0.69560313 0.27132165
v 0.02750973 0.69642371 0.27116731
v 0.02750973 0.70346302 0.26974863
v 0.02750973 0.71132296 0.26154810
v 0.02750973 0.71918291 0.25895202
v 0.02750973 0.72704279 0.26637024
v 0.02750973 0.73490274 0.26418075
v 0.02750973 0.73599410 0.26330739
v 0.02750973 0.74276263 0.25716922
v 0.02750973 0.75062257 0.25976446
v 0.02750973 0.75848252 0.25949579
v 0.02750973 0.76634240 0.25762606
v 0.02750973 0.77076447 0.25544748
v 0.02750973 0.77420235 0.25232923
v 0.02175895 0.78206223 0.24758755
v 0.02750973 0.78206223 0.24385189
v 0.02240119 0.78992218 0.24758755
v 0.02750973 0.78992218 0.24374022
v 0.02750973 0.79778212 0.24468613
v 0.02750973 0.80564201 0.24014740
v 0.02005278 0.81350195 0.23972763
v 0.02750973 0.80624193 0.23972763
v 0.02750973 0.81350195 0.23232237
v 0.02536809 0.82136184 0.23186770
v 0.02750973 0.82136184 0.23029250
v 0.02525271 0.82922179 0.22400779
v 0.02750973 0.82815546 0.22400779
v 0.02750973 0.82922179 0.22319619
v 0.02750973 0.83708173 0.22217137
v 0.02750973 0.84494162 0.21850190
v 0.02750973 0.84695256 0.21614785
v 0.02750973 0.86066151 0.20100057
v 0.02175523 0.86852139 0.20042801
v 0.02750973 0.86286366 0.20042801
v 0.02750973 0.86852139 0.19880520
v 0.02062918 0.87638134 0.19256809
v 0.02750973 0.87397081 0.19256809
v 0.02750973 0.87638134 0.18478289
v 0.02383186 0.88424122 0.17684825
v 0.02750973 0.87909275 0.17684825
v 0.02750973 0.88424122 0.17345019
v 0.02750973 0.87641263 0.18470818
v 0.02188464 0.89210117 0.16898833
v 0.02750973 0.88852262 0.16898833
v 0.02750973 0.89210117 0.16620888
v 0.02682359 0.89996111 0.16112840
v 0.02750973 0.89954323 0.16112840
v 0.02750973 0.89996111 0.16093028
v 0.02750973 0.90782100 0.14982209
v 0.02750973 0.90653497 0.15326849
v 0.02750973 0.91506594 0.13754864
v 0.02750973 0.91568094 0.13654384
v 0.02750973 0.90958619 0.14540856
v 0.02750973 0.91934693 0.12968871
v 0.02750973 0.92354083 0.12205355
v 0.02750973 0.92436576 0.09824903
v 0.02750973 0.93140078 0.09344032
v 0.02074419 0.93140078 0.10610895
v 0.02750973 0.92711836 0.10610895
v 0.02750973 0.92837918 0.11396887
v 0.02750973 0.92365813 0.12182879
v 0.02673868 0.93926072 0.05894941
v 0.02750973 0.93795729 0.05894941
v 0.02515832 0.93926072 0.06680934
v 0.02750973 0.93542886 0.06680934
v 0.02750973 0.93588829 0.09038910
v 0.02750973 0.93926072 0.08627912
v 0.02600373 0.94712061 -0.09824903
v 0.02750973 0.94633412 -0.09824903
v 0.02227262 0.94712061 0.05894941
v 0.02750973 0.94712061 0.05227011
v 0.02750973 0.94218224 0.07466926
v 0.02750973 0.94087023 0.08252918
v 0.02750973 0.95212519 -0.07466926
v 0.02750973 0.95013535 -0.06680934
v 0.02750973 0.95498055 -0.05188471
v 0.02750973 0.94894969 -0.03536965
v 0.02750973 0.95288676 -0.02750973
v 0.02750973 0.95498055 -0.02485963
v 0.02679805 0.95498055 0.00392996
v 0.02750973 0.95474583 0.00392996
v 0.02750973 0.95498055 0.00314500
v 0.02545480 0.95498055 0.01178988
v 0.02750973 0.95466346 0.01178988
v 0.02750973 0.95488399 0.01964981
v 0.02750973 0.95415926 0.02750973
v 0.02750973 0.95174658 0.03536965
v 0.02750973 0.94725794 0.04322957
v 0.02750973 0.94763023 0.05108950
v 0.02750973 0.95543462 -0.05108950
v 0.02750973 0.95573467 -0.04322957
v 0.02750973 0.95699722 -0.01964981
v 0.02750973 0.95699108 -0.01178988
v 0.02750973 0.95627916 -0.00392996
v 0.03536965 0.65630352 -0.32436180
v 0.02951572 0.65630352 0.28688717
v 0.03536965 0.65630352 0.28581268
v 0.03536965 0.66357011 -0.31832686
v 0.02865941 0.66416341 -0.31832686
v 0.03536965 0.66416341 -0.31720001
v 0.03536965 0.66307324 0.27902722
v 0.03536965 0.66416341 0.27552375
v 0.03536965 0.66795915 -0.31046692
v 0.03536965 0.67202336 -0.30612528
v 0.03536965 0.66657722 0.27116731
v 0.03536965 0.67202336 0.26789194
v 0.03101237 0.67988324 0.27116731
v 0.03536965 0.67988324 0.26973519
v 0.03024336 0.68774319 0.27116731
v 0.03536965 0.68774319 0.26760638
v 0.02783978 0.69560313 0.27116731
v 0.03536965 0.69560313 0.26635358
v 0.03061251 0.71132296 0.26330739
v 0.03536965 0.71132296 0.26519033
v 0.03536965 0.71718937 0.26330739
v 0.03536965 0.71918291 0.26255459
v 0.03536965 0.72704279 0.26450431
v 0.03536965 0.73490274 0.26370642
v 0.03536965 0.73656499 0.26330739
v 0.03536965 0.74276263 0.26178893
v 0.03536965 0.75062257 0.26015389
v 0.03536965 0.75848252 0.25681314
v 0.03536965 0.76634240 0.25548825
v 0.03536965 0.76657546 0.25544748
v 0.03536965 0.77420235 0.25394315
v 0.03536965 0.78206223 0.25007209
v 0.03536965 0.78829515 0.24758755
v 0.03536965 0.78992218 0.24695849
v 0.03536965 0.79778212 0.24433053
v 0.02861791 0.80564201 0.23972763
v 0.03536965 0.80309188 0.23972763
v 0.03536965 0.80564201 0.23226853
v 0.02807029 0.81350195 0.23186770
v 0.03536965 0.80589926 0.23186770
v 0.03536965 0.82922179 0.22743654
v 0.03536965 0.83577347 0.22400779
v 0.03536965 0.83708173 0.22333604
v 0.03536965 0.84494162 0.21787956
v 0.03536965 0.85280156 0.20786709
v 0.03536965 0.85254896 0.20828794
v 0.03536965 0.84702837 0.21614785
v 0.03536965 0.86066151 0.20299254
v 0.03536965 0.86390209 0.20042801
v 0.03536965 0.86852139 0.19474739
v 0.03536965 0.87023222 0.19256809
v 0.03536965 0.87638134 0.18606402
v 0.03536965 0.88424122 0.17846110
v 0.03536965 0.87772769 0.18470818
v 0.03536965 0.89210117 0.17083590
v 0.03536965 0.88588446 0.17684825
v 0.02931352 0.89996111 0.16112840
v 0.03536965 0.89996111 0.16189657
v 0.03536965 0.89366329 0.16898833
v 0.03536965 0.90507770 0.15326849
v 0.03536965 0.90782100 0.14677580
v 0.03536965 0.90054804 0.16112840
v 0.03536965 0.91373932 0.13754864
v 0.03536965 0.91568094 0.13394153
v 0.03536965 0.90842354 0.14540856
v 0.02955446 0.92354083 0.12182879
v 0.03536965 0.92315638 0.12182879
v 0.03536965 0.92354083 0.12126655
v 0.03536965 0.91772342 0.12968871
v 0.03536965 0.93140078 0.10434858
v 0.03536965 0.93103474 0.10610895
v 0.03536965 0.92775816 0.11396887
v 0.03403204 0.93926072 0.08252918
v 0.03536965 0.93887919 0.08252918
v 0.03536965 0.93926072 0.08128200
v 0.03536965 0.93653125 0.09038910
v 0.03536965 0.93276548 0.09824903
v 0.03536965 0.94108850 0.06680934
v 0.03536965 0.94123274 0.07466926
v 0.03536965 0.95152026 -0.07466926
v 0.03536965 0.95198196 -0.06680934
v 0.03536965 0.95113432 -0.05894941
v 0.03536965 0.95498055 -0.05166583
v 0.03536965 0.94783288 0.00392996
v 0.03536965 0.95498055 -0.00217918
v 0.03536965 0.94881529 0.01178988
v 0.03536965 0.95364714 0.01964981
v 0.03536965 0.95277917 0.02750973
v 0.03536965 0.95518166 -0.05108950
v 0.03536965 0.95686722 -0.04322957
v 0.03536965 0.95641494 -0.03536965
v 0.03536965 0.95631540 -0.02750973
v 0.03536965 0.95542550 -0.01964981
v 0.03536965 0.95616007 -0.01178988
v 0.03536965 0.95578516 -0.00392996
v 0.04322957 0.65630352 -0.32254633
v 0.04322957 0.65630352 0.28416371
v 0.04322957 0.66217530 -0.31832686
v 0.04322957 0.66416341 -0.31537655
v 0.04322957 0.66247946 0.27902722
v 0.04322957 0.66416341 0.27596846
v 0.04322957 0.66777414 -0.31046692
v 0.04322957 0.67202336 -0.30691123
v 0.04322957 0.67018068 0.27116731
v 0.04322957 0.67202336 0.27042386
v 0.04322957 0.67988324 0.27011287
v 0.04322957 0.68774319 0.26573771
v 0.04322957 0.69560313 0.26414931
v 0.04322957 0.70346302 0.26618302
v 0.04322957 0.71132296 0.26571709
v 0.03878942 0.71918291 0.26330739
v 0.04322957 0.71918291 0.26405001
v 0.04322957 0.72704279 0.26302099
v 0.04172526 0.72704279 0.26330739
v 0.04322957 0.72499293 0.26330739
v 0.03668543 0.73490274 0.26330739
v 0.04322957 0.73490274 0.26131579
v 0.04322957 0.74276263 0.25948477
v 0.04322957 0.75062257 0.25744173
v 0.03843334 0.75848252 0.25544748
v 0.04322957 0.75453609 0.25544748
v 0.04322957 0.75848252 0.25183654
v 0.04275824 0.76634240 0.24758755
v 0.04322957 0.76524287 0.24758755
v 0.04322957 0.76634240 0.24699496
v 0.03542926 0.76634240 0.25544748
v 0.04322957 0.77420235 0.24931686
v 0.04322957 0.78206223 0.24962761
v 0.04320103 0.78992218 0.24758755
v 0.04322957 0.78992218 0.24758947
v 0.04322957 0.78992683 0.24758755
v 0.04322957 0.79778212 0.24392936
v 0.04322957 0.80411685 0.23972763
v 0.04322957 0.80564201 0.23797528
v 0.04322957 0.81350195 0.23212448
v 0.04322957 0.81429517 0.23186770
v 0.04322957 0.82136184 0.22994122
v 0.04322957 0.82922179 0.22544074
v 0.04322957 0.83121771 0.22400779
v 0.04322957 0.83708173 0.21809533
v 0.03927394 0.84494162 0.21614785
v 0.04322957 0.84052044 0.21614785
v 0.04322957 0.84494162 0.21397024
v 0.03797423 0.85280156 0.20828794
v 0.04322957 0.85280156 0.20875028
v 0.04322957 0.85342234 0.20828794
v 0.04322957 0.86066151 0.20241722
v 0.04164178 0.86852139 0.18470818
v 0.04322957 0.86699706 0.18470818
v 0.03701993 0.86852139 0.19256809
v 0.04322957 0.86412394 0.19256809
v 0.04322957 0.86230564 0.20042801
v 0.03869275 0.87638134 0.18470818
v 0.04322957 0.87638134 0.18324259
v 0.04322957 0.88424122 0.17784789
v 0.03941343 0.89210117 0.16898833
v 0.04322957 0.89025694 0.16898833
v 0.04322957 0.89210117 0.16675422
v 0.04322957 0.88510704 0.17684825
v 0.03691487 0.89996111 0.16112840
v 0.04322957 0.89659011 0.16112840
v 0.04322957 0.89996111 0.15484416
v 0.03835406 0.90782100 0.14540856
v 0.04322957 0.90615082 0.14540856
v 0.04322957 0.90782100 0.14386526
v 0.04322957 0.90067255 0.15326849
v 0.04290611 0.91568094 0.12968871
v 0.04322957 0.91556460 0.12968871
v 0.04322957 0.91568094 0.12941827
v 0.04322957 0.91197872 0.13754864
v 0.04322957 0.91985625 0.12182879
v 0.04322957 0.92354083 0.11862227
v 0.04322957 0.92984235 0.10610895
v 0.04322957 0.93140078 0.10083430
v 0.04322957 0.92630625 0.11396887
v 0.04322957 0.93756306 0.08252918
v 0.04322957 0.93926072 0.07816122
v 0.04322957 0.93456209 0.09038910
v 0.04322957 0.93214953 0.09824903
v 0.04322957 0.94378805 -0.10610895
v 0.04322957 0.94579262 -0.09824903
v 0.04322957 0.94712061 -0.09047689
v 0.04322957 0.94048327 0.07466926
v 0.04322957 0.94713575 -0.09038910
v 0.04322957 0.94869089 -0.08252918
v 0.04322957 0.95066881 -0.07466926
v 0.04322957 0.95213646 -0.06680934
v 0.04322957 0.95344698 -0.05894941
v 0.03640695 0.95498055 -0.05108950
v 0.04322957 0.95368093 -0.05108950
v 0.04155987 0.95498055 -0.04322957
v 0.04322957 0.95432943 -0.04322957
v 0.04322957 0.95498055 -0.03648647
v 0.03996248 0.95498055 -0.02750973
v 0.04322957 0.95335388 -0.02750973
v 0.04322957 0.95498055 -0.03467949
v 0.03617908 0.95498055 -0.01964981
v 0.04322957 0.95015359 -0.01178988
v 0.03857702 0.95498055 -0.01178988
v 0.04018160 0.95498055 -0.00392996
v 0.04322957 0.95417327 -0.00392996
v 0.04322957 0.94892359 0.02750973
v 0.04322957 0.95508510 -0.03536965
v 0.05108950 0.65630352 -0.32046494
v 0.05108950 0.65630352 0.28220797
v 0.05108950 0.65972328 -0.31832686
v 0.05108950 0.66416341 -0.31295404
v 0.05108950 0.66065824 0.27902722
v 0.05108950 0.66416341 0.27418855
v 0.05108950 0.66570061 -0.31046692
v 0.05108950 0.67202336 -0.30267242
v 0.05108950 0.66844767 0.27116731
v 0.05108950 0.67202336 0.26982394
v 0.05108950 0.67988324 0.26881734
v 0.05108950 0.68774319 0.26656035
v 0.05108950 0.69560313 0.26463312
v 0.05108950 0.70346302 0.26391283
v 0.05061396 0.71132296 0.26330739
v 0.05108950 0.70959508 0.26330739
v 0.05108950 0.71132296 0.26312426
v 0.04514142 0.71918291 0.26330739
v 0.05108950 0.71918291 0.26026961
v 0.05108950 0.72704279 0.25987634
v 0.05108950 0.73490274 0.26032117
v 0.05108950 0.74276263 0.25813708
v 0.05108950 0.75062257 0.25695059
v 0.05108950 0.75640142 0.25544748
v 0.05108950 0.75848252 0.25480354
v 0.05108950 0.76634240 0.24997073
v 0.05108950 0.77420235 0.24781650
v 0.04766133 0.78206223 0.24758755
v 0.05108950 0.77511406 0.24758755
v 0.05108950 0.78206223 0.24565698
v 0.04323425 0.78992218 0.24758755
v 0.05108950 0.78992218 0.24347576
v 0.05108950 0.79778212 0.24055780
v 0.05108950 0.79944748 0.23972763
v 0.05108950 0.80564201 0.23568457
v 0.05108950 0.81350195 0.23207423
v 0.05108950 0.81398493 0.23186770
v 0.05108950 0.82136184 0.22869776
v 0.05000602 0.82922179 0.22400779
v 0.05108950 0.82887208 0.22400779
v 0.05108950 0.82922179 0.22373182
v 0.04881641 0.83708173 0.21614785
v 0.05108950 0.83643526 0.21614785
v 0.05108950 0.83708173 0.21496472
v 0.05070943 0.84494162 0.20828794
v 0.05108950 0.84439844 0.20828794
v 0.05108950 0.84494162 0.20799722
v 0.04423353 0.85280156 0.20828794
v 0.05108950 0.85280156 0.20511019
v 0.05030681 0.86066151 0.20042801
v 0.05108950 0.86033428 0.20042801
v 0.05108950 0.86066151 0.20020218
v 0.05108950 0.86852139 0.18943988
v 0.05108950 0.86674750 0.19256809
v 0.05108950 0.87355727 0.18470818
v 0.05108950 0.87638134 0.18280363
v 0.04577551 0.88424122 0.17684825
v 0.05108950 0.88229305 0.17684825
v 0.05108950 0.88424122 0.17310826
v 0.04971926 0.89210117 0.16112840
v 0.05108950 0.89118427 0.16112840
v 0.05108950 0.89210117 0.15724438
v 0.05108950 0.88627505 0.16898833
v 0.04437577 0.89996111 0.15326849
v 0.05108950 0.89338911 0.15326849
v 0.05108950 0.89996111 0.14782892
v 0.05108950 0.90261042 0.14540856
v 0.05108950 0.90782100 0.14029798
v 0.05108950 0.90862590 0.12968871
v 0.05108950 0.90942401 0.13754864
v 0.05078019 0.92354083 0.11396887
v 0.05108950 0.92329389 0.11396887
v 0.05108950 0.92354083 0.11370958
v 0.05108950 0.93140078 -0.12671971
v 0.04488321 0.93140078 0.09824903
v 0.05108950 0.92703342 0.09824903
v 0.05108950 0.93140078 0.09132614
v 0.05108950 0.92692202 0.10610895
v 0.05108950 0.93603164 -0.12182879
v 0.04876519 0.93926072 -0.11396887
v 0.04930585 0.93926072 -0.10610895
v 0.05108950 0.93699819 -0.10610895
v 0.05087901 0.93926072 -0.09824903
v 0.05108950 0.93886912 -0.09824903
v 0.05108950 0.93926072 -0.09730162
v 0.04962391 0.93926072 0.06680934
v 0.04823149 0.93926072 0.07466926
v 0.05108950 0.93852752 0.07466926
v 0.05108950 0.93675411 0.08252918
v 0.05108950 0.93184215 0.09038910
v 0.04326771 0.94712061 -0.09038910
v 0.05108950 0.94161141 -0.09038910
v 0.05059729 0.94712061 -0.08252918
v 0.05108950 0.94700515 -0.08252918
v 0.05108950 0.94712061 -0.08128074
v 0.05082205 0.94712061 -0.06680934
v 0.05108950 0.94658726 -0.06680934
v 0.05108950 0.94712061 -0.06876443
v 0.05108950 0.94712061 -0.06632829
v 0.05108950 0.94774020 -0.07466926
v 0.05108950 0.95079958 -0.05894941
v 0.05108950 0.95088053 -0.05108950
v 0.05108950 0.95165157 -0.04322957
v 0.04370031 0.95498055 -0.03536965
v 0.05108950 0.95350021 -0.03536965
v 0.05108950 0.95301580 -0.02750973
v 0.05108950 0.95065254 -0.01964981
v 0.05108950 0.95214272 -0.01178988
v 0.05108950 0.95386517 -0.00392996
v 0.05108950 0.95286578 0.00392996
v 0.05108950 0.95188987 0.01178988
v 0.05830742 0.65630352 -0.31832686
v 0.05894941 0.65630352 -0.31812721
v 0.05894941 0.65630352 0.27991667
v 0.05894941 0.66416341 -0.31100026
v 0.05894941 0.65775275 0.27902722
v 0.05894941 0.66416341 0.27202508
v 0.05894941 0.66450298 -0.31046692
v 0.05212428 0.67202336 -0.30260700
v 0.05894941 0.67154384 -0.30260700
v 0.05894941 0.67202336 -0.30226094
v 0.05894941 0.66494465 0.27116731
v 0.05894941 0.67202336 0.26651272
v 0.05894941 0.67988324 0.26528654
v 0.05864491 0.68774319 0.26330739
v 0.05894941 0.68726838 0.26330739
v 0.05894941 0.68774319 0.26312414
v 0.05379506 0.69560313 0.26330739
v 0.05894941 0.69560313 0.25970292
v 0.05247580 0.70346302 0.26330739
v 0.05894941 0.70346302 0.25946006
v 0.05894941 0.71132296 0.26062149
v 0.05894941 0.71918291 0.25757664
v 0.05894941 0.72704279 0.25629649
v 0.05894941 0.73490274 0.25722355
v 0.05591727 0.74276263 0.25544748
v 0.05894941 0.73851031 0.25544748
v 0.05894941 0.74276263 0.25028831
v 0.05530981 0.75062257 0.25544748
v 0.05894941 0.75062257 0.25375211
v 0.05894941 0.75848252 0.25392756
v 0.05894941 0.76634240 0.25163683
v 0.05894941 0.77420235 0.24862808
v 0.05894941 0.77729267 0.24758755
v 0.05894941 0.78206223 0.24610302
v 0.05894941 0.78992218 0.24178123
v 0.05376748 0.79778212 0.23972763
v 0.05894941 0.79441214 0.23972763
v 0.05894941 0.79778212 0.23613563
v 0.05894941 0.80564201 0.23232597
v 0.05242135 0.81350195 0.23186770
v 0.05894941 0.80772346 0.23186770
v 0.05894941 0.81350195 0.23076636
v 0.05894941 0.82136184 0.22573037
v 0.05894941 0.82392013 0.22400779
v 0.05894941 0.82922179 0.21942982
v 0.05894941 0.83425128 0.21614785
v 0.05894941 0.83708173 0.21446256
v 0.05394426 0.84494162 0.20828794
v 0.05894941 0.84494162 0.20871334
v 0.05894941 0.84551620 0.20828794
v 0.05894941 0.85280156 0.20193653
v 0.05894941 0.85492975 0.20042801
v 0.05894941 0.86066151 0.19625676
v 0.05894941 0.86533237 0.19256809
v 0.05894941 0.86852139 0.19029944
v 0.05894941 0.87416542 0.18470818
v 0.05894941 0.87638134 0.18247898
v 0.05894941 0.88154453 0.17684825
v 0.05894941 0.88424122 0.17312936
v 0.05642927 0.89210117 0.16112840
v 0.05894941 0.89210117 0.16158955
v 0.05894941 0.88702875 0.16898833
v 0.05894941 0.89706087 0.15326849
v 0.05894941 0.89996111 0.15028539
v 0.05894941 0.89243072 0.16112840
v 0.05894941 0.90356630 0.14540856
v 0.05894941 0.90782100 0.13863547
v 0.05894941 0.91459912 0.12182879
v 0.05894941 0.91568094 0.12106147
v 0.05894941 0.91096878 0.12968871
v 0.05894941 0.90838808 0.13754864
v 0.05879074 0.92354083 0.09038910
v 0.05894941 0.92338121 0.09038910
v 0.05585659 0.92354083 0.09824903
v 0.05894941 0.92142677 0.09824903
v 0.05894941 0.92209578 0.11396887
v 0.05894941 0.92354083 0.10962130
v 0.05894941 0.92773944 -0.12968871
v 0.05894941 0.93140078 -0.12641820
v 0.05860929 0.93140078 -0.10610895
v 0.05894941 0.93119943 -0.10610895
v 0.05894941 0.93140078 -0.10564397
v 0.05207870 0.93140078 0.09038910
v 0.05894941 0.93140078 0.08664744
v 0.05894941 0.92457861 0.10610895
v 0.05894941 0.93420613 -0.12182879
v 0.05894941 0.93336576 -0.11396887
v 0.05894941 0.93549061 -0.09824903
v 0.05841763 0.93926072 -0.09038910
v 0.05894941 0.93905240 -0.09038910
v 0.05894941 0.93926072 -0.09024578
v 0.05894941 0.93614137 0.07466926
v 0.05894941 0.93443710 0.08252918
v 0.05894941 0.94472700 -0.08252918
v 0.05270823 0.94712061 -0.07466926
v 0.05894941 0.94464952 -0.07466926
v 0.05894941 0.93975073 -0.06680934
v 0.05765942 0.94712061 -0.05894941
v 0.05894941 0.94581145 -0.05894941
v 0.05867765 0.94712061 -0.05108950
v 0.05894941 0.94688004 -0.05108950
v 0.05894941 0.94712061 -0.05050620
v 0.05809597 0.94712061 0.01178988
v 0.05894941 0.94555598 0.01178988
v 0.05894941 0.94712061 0.00950756
v 0.05894941 0.94884175 -0.04322957
v 0.05894941 0.95210314 -0.03536965
v 0.05894941 0.95175517 -0.02750973
v 0.05894941 0.95181143 -0.01964981
v 0.05894941 0.95226109 -0.01178988
v 0.05894941 0.95203918 -0.00392996
v 0.05894941 0.94914281 0.00392996
v 0.06680934 0.65630352 -0.31575370
v 0.06194726 0.65630352 0.27902722
v 0.06680934 0.65630352 0.27757904
v 0.06680934 0.66317999 -0.31046692
v 0.06121711 0.66416341 -0.31046692
v 0.06680934 0.66416341 -0.30888656
v 0.06272443 0.66416341 0.27116731
v 0.06680934 0.66356999 0.27116731
v 0.06680934 0.66416341 0.26977143
v 0.06680934 0.66986239 -0.30260700
v 0.06680934 0.67202336 -0.30143833
v 0.06297497 0.67202336 0.26330739
v 0.06680934 0.66775912 0.26330739
v 0.06680934 0.67202336 0.25933871
v 0.06330166 0.67988324 0.26330739
v 0.06680934 0.67988324 0.26126301
v 0.06680934 0.70346302 0.25757220
v 0.06680934 0.71132296 0.25595179
v 0.06680934 0.71918291 0.25726950
v 0.06680934 0.72704279 0.25670761
v 0.06290288 0.73490274 0.25544748
v 0.06680934 0.73065001 0.25544748
v 0.06680934 0.73490274 0.25157928
v 0.06680934 0.74811071 0.24758755
v 0.06680934 0.75062257 0.24912196
v 0.06680934 0.75848252 0.24989013
v 0.06611337 0.76634240 0.24758755
v 0.06680934 0.76506633 0.24758755
v 0.06680934 0.76634240 0.24682225
v 0.06112752 0.77420235 0.24758755
v 0.06680934 0.77420235 0.24338953
v 0.06680934 0.78206223 0.24333544
v 0.06680934 0.78992218 0.24057783
v 0.06680934 0.79153049 0.23972763
v 0.06680934 0.79778212 0.23476720
v 0.06680934 0.80564201 0.23191987
v 0.06680934 0.80577213 0.23186770
v 0.06680934 0.81350195 0.22829719
v 0.06210113 0.82136184 0.22400779
v 0.06680934 0.81852663 0.22400779
v 0.06680934 0.82136184 0.21933807
v 0.06409166 0.82922179 0.21614785
v 0.06680934 0.82580417 0.21614785
v 0.06680934 0.82922179 0.21386757
v 0.06589665 0.83708173 0.20828794
v 0.06680934 0.83572048 0.20828794
v 0.06680934 0.83708173 0.20730388
v 0.06004560 0.84494162 0.20828794
v 0.06680934 0.84494162 0.20566297
v 0.06279326 0.85280156 0.20042801
v 0.06680934 0.85120094 0.20042801
v 0.06224373 0.86066151 0.19256809
v 0.06680934 0.86852139 0.18651389
v 0.06680934 0.87088627 0.18470818
v 0.06680934 0.87638134 0.17947502
v 0.06380107 0.88424122 0.16898833
v 0.06680934 0.88155305 0.16898833
v 0.06680934 0.88424122 0.16482198
v 0.06680934 0.87866616 0.17684825
v 0.06546525 0.89210117 0.15326849
v 0.06680934 0.89090151 0.15326849
v 0.06680934 0.89210117 0.15171079
v 0.05961169 0.89210117 0.16112840
v 0.06680934 0.88666558 0.16112840
v 0.06624985 0.89996111 0.14540856
v 0.06680934 0.89932674 0.14540856
v 0.06680934 0.89996111 0.14512911
v 0.06148707 0.90782100 0.13754864
v 0.06680934 0.90656054 0.13754864
v 0.06680934 0.90782100 0.13536538
v 0.06680934 0.91555130 0.12182879
v 0.06680934 0.91568094 0.12163894
v 0.06680934 0.91099995 0.12968871
v 0.06680934 0.92354083 0.10047475
v 0.06680934 0.92302406 0.10610895
v 0.06431809 0.92354083 0.10610895
v 0.06680934 0.92034692 0.11396887
v 0.06680934 0.92683119 -0.12968871
v 0.06680934 0.93140078 -0.12434828
v 0.05931785 0.93140078 -0.10610895
v 0.06680934 0.92787653 0.09038910
v 0.06680934 0.93140078 0.08563604
v 0.06680934 0.92377543 0.09824903
v 0.06680934 0.93271309 -0.12182879
v 0.06680934 0.93390846 -0.11396887
v 0.06680934 0.93491828 -0.10610895
v 0.06680934 0.93899959 -0.09824903
v 0.05934951 0.93926072 -0.09038910
v 0.06680934 0.93926072 -0.09734017
v 0.06452042 0.93926072 0.01178988
v 0.06680934 0.93798423 0.01178988
v 0.06680934 0.93926072 0.00776961
v 0.06680934 0.93840343 0.05894941
v 0.06680934 0.93646437 0.06680934
v 0.06680934 0.93515027 0.07466926
v 0.06680934 0.93287849 0.08252918
v 0.06680934 0.94097275 -0.09038910
v 0.06680934 0.94310635 -0.08252918
v 0.06680934 0.94469488 -0.07466926
v 0.06680934 0.94567758 -0.06680934
v 0.06325669 0.94712061 -0.05894941
v 0.06680934 0.94712061 -0.06095194
v 0.06000818 0.94712061 -0.05108950
v 0.06166698 0.94712061 0.00392996
v 0.06680934 0.94126117 0.00392996
v 0.06680934 0.94712061 -0.00117102
v 0.06680934 0.94759601 -0.05894941
v 0.06680934 0.94785136 -0.05108950
v 0.06680934 0.94907254 -0.04322957
v 0.06680934 0.94986027 -0.03536965
v 0.06680934 0.94860476 -0.02750973
v 0.06680934 0.94884348 -0.01964981
v 0.06680934 0.94928664 -0.01178988
v 0.06680934 0.94870460 -0.00392996
v 0.07466926 0.65630352 -0.31338495
v 0.07466926 0.65630352 0.27517283
v 0.07466926 0.66073143 -0.31046692
v 0.07466926 0.66416341 -0.30562434
v 0.07466926 0.66179860 0.27116731
v 0.07466926 0.66416341 0.26687756
v 0.07466926 0.66652262 -0.30260700
v 0.07466926 0.67202336 -0.29892093
v 0.07466926 0.66613549 0.26330739
v 0.07466926 0.67202336 0.25807580
v 0.07466926 0.67988324 0.25940645
v 0.07466926 0.68774319 0.26113060
v 0.07170416 0.70346302 0.25544748
v 0.07466926 0.70202303 0.25544748
v 0.07466926 0.70346302 0.25393513
v 0.06774937 0.71132296 0.25544748
v 0.07466926 0.71132296 0.25141412
v 0.07270740 0.71918291 0.25544748
v 0.07466926 0.71918291 0.25483462
v 0.07273462 0.72704279 0.25544748
v 0.07466926 0.72704279 0.25504076
v 0.07466926 0.73490274 0.25231710
v 0.07466926 0.74276263 0.25008899
v 0.07466926 0.75062257 0.24918434
v 0.07416722 0.75848252 0.23972763
v 0.07466926 0.75848252 0.23883976
v 0.07035828 0.75848252 0.24758755
v 0.07466926 0.75347531 0.24758755
v 0.07292832 0.76634240 0.23972763
v 0.07466926 0.76634240 0.23798141
v 0.07237363 0.77420235 0.23972763
v 0.07466926 0.77420235 0.23833376
v 0.07394127 0.78206223 0.23972763
v 0.07466926 0.78206223 0.23933797
v 0.06992471 0.78992218 0.23972763
v 0.07466926 0.78992218 0.23832466
v 0.07466926 0.79778212 0.23395850
v 0.06715523 0.80564201 0.23186770
v 0.07466926 0.80288130 0.23186770
v 0.07466926 0.80564201 0.23072319
v 0.07355364 0.81350195 0.22400779
v 0.07466926 0.81283581 0.22400779
v 0.07466926 0.81350195 0.22211896
v 0.06946345 0.82136184 0.21614785
v 0.07466926 0.81671566 0.21614785
v 0.07466926 0.82136184 0.21252026
v 0.07466926 0.84494162 0.20177342
v 0.07466926 0.85280156 0.19546063
v 0.07466926 0.84732533 0.20042801
v 0.07466926 0.85522455 0.19256809
v 0.07466926 0.86066151 0.18845907
v 0.07172563 0.86852139 0.18470818
v 0.07466926 0.86670130 0.18470818
v 0.07466926 0.86852139 0.18332210
v 0.07177012 0.87638134 0.16898833
v 0.07466926 0.87413508 0.16898833
v 0.07466926 0.87638134 0.16341504
v 0.07024962 0.87638134 0.17684825
v 0.07466926 0.87363929 0.17684825
v 0.07188466 0.88424122 0.16112840
v 0.07466926 0.88424122 0.16008475
v 0.07466926 0.89101601 0.15326849
v 0.07466926 0.89210117 0.15175469
v 0.07466926 0.89729148 0.14540856
v 0.07466926 0.89996111 0.14281537
v 0.07214827 0.90782100 0.12968871
v 0.07466926 0.90565133 0.12968871
v 0.07466926 0.90782100 0.12462671
v 0.07466926 0.90382278 0.13754864
v 0.07466926 0.90934718 0.12182879
v 0.07466926 0.91568094 0.11594321
v 0.07025393 0.92354083 -0.12968871
v 0.07466926 0.91819042 -0.12968871
v 0.07466926 0.92354083 -0.12681195
v 0.06723163 0.92354083 0.09824903
v 0.07466926 0.91782063 0.09824903
v 0.07466926 0.92354083 0.09339271
v 0.07466926 0.91794968 0.10610895
v 0.07466926 0.91680628 0.11396887
v 0.07057787 0.93140078 -0.12182879
v 0.07466926 0.92949361 -0.12182879
v 0.07466926 0.93140078 -0.11850725
v 0.07097773 0.93140078 0.08252918
v 0.07466926 0.93009806 0.08252918
v 0.07466926 0.93140078 0.07575598
v 0.07466926 0.92600858 0.09038910
v 0.07466926 0.93327123 -0.11396887
v 0.07466926 0.93540657 -0.10610895
v 0.07466926 0.93786877 -0.09824903
v 0.07361265 0.93926072 -0.09038910
v 0.07466926 0.93895644 -0.09038910
v 0.07466926 0.93304652 0.06680934
v 0.07466926 0.93162841 0.07466926
v 0.07466926 0.94401342 -0.06680934
v 0.06978092 0.94712061 -0.05894941
v 0.07466926 0.94641483 -0.05894941
v 0.06928115 0.94712061 -0.05108950
v 0.07466926 0.94507927 -0.05108950
v 0.07112405 0.94712061 -0.04322957
v 0.07466926 0.94457132 -0.04322957
v 0.07228008 0.94712061 -0.03536965
v 0.07466926 0.94522870 -0.03536965
v 0.06957367 0.94712061 -0.02750973
v 0.07466926 0.94214278 -0.02750973
v 0.07224770 0.94712061 -0.01964981
v 0.07466926 0.94609123 -0.01964981
v 0.07466926 0.94712061 -0.01283216
v 0.07466926 0.94640428 0.00392996
v 0.07466926 0.94712061 -0.00289494
v 0.07466926 0.94723386 -0.01178988
v 0.07466926 0.94722974 -0.00392996
v 0.08252918 0.65630352 -0.31064388
v 0.08252918 0.65630352 0.27247241
v 0.08252918 0.65662205 -0.31046692
v 0.08064120 0.66416341 -0.30260700
v 0.08252918 0.66369087 -0.30260700
v 0.08252918 0.66416341 -0.29676166
v 0.08252918 0.65848726 0.27116731
v 0.08252918 0.66416341 0.26534194
v 0.08252918 0.66498715 -0.29474708
v 0.08252918 0.67202336 -0.29289508
v 0.08252918 0.66642189 0.26330739
v 0.08252918 0.67202336 0.25955254
v 0.08252918 0.67988324 0.25692913
v 0.08231798 0.68774319 0.25544748
v 0.08252918 0.68668008 0.25544748
v 0.08252918 0.68774319 0.25513986
v 0.08252918 0.68921810 0.25544748
v 0.08252918 0.69560313 0.25616479
v 0.08252918 0.70020348 0.25544748
v 0.08252918 0.70346302 0.25491869
v 0.08252918 0.71132296 0.25436160
v 0.08252918 0.71918291 0.25380942
v 0.08252918 0.72704279 0.25215122
v 0.08252918 0.73490274 0.25057209
v 0.08252918 0.74276263 0.24976900
v 0.08222359 0.75062257 0.24758755
v 0.08252918 0.75041926 0.24758755
v 0.08252918 0.75062257 0.24750720
v 0.08252918 0.75848252 0.24247146
v 0.08252918 0.76634240 0.24150683
v 0.08252918 0.77420235 0.24018325
v 0.08252918 0.77631772 0.23972763
v 0.08252918 0.78206223 0.23840740
v 0.08252918 0.78992218 0.23415111
v 0.08222432 0.79778212 0.23186770
v 0.08252918 0.79744524 0.23186770
v 0.08252918 0.79778212 0.23177403
v 0.08252918 0.80564201 0.22714691
v 0.08252918 0.80867082 0.22400779
v 0.08252918 0.81350195 0.21764019
v 0.08252918 0.82922179 0.21225339
v 0.08252918 0.83425850 0.20828794
v 0.08252918 0.83708173 0.20555347
v 0.08095267 0.84494162 0.20042801
v 0.08252918 0.84434390 0.20042801
v 0.08252918 0.84494162 0.20012483
v 0.08252918 0.85280156 0.19421321
v 0.08252918 0.85445136 0.19256809
v 0.08252918 0.86066151 0.18598774
v 0.08252918 0.86199415 0.18470818
v 0.08252918 0.86852139 0.17880088
v 0.08252918 0.87638134 0.17015119
v 0.08252918 0.87047142 0.17684825
v 0.07919133 0.88424122 0.16112840
v 0.08252918 0.88424122 0.16186742
v 0.08252918 0.87739211 0.16898833
v 0.08252918 0.89019746 0.15326849
v 0.08252918 0.89210117 0.15064855
v 0.08252918 0.88490182 0.16112840
v 0.08252918 0.89565480 0.14540856
v 0.08252918 0.89996111 0.13941036
v 0.07716338 0.90782100 0.12182879
v 0.08252918 0.90316153 0.12182879
v 0.08252918 0.90782100 0.11988252
v 0.08252918 0.90130675 0.12968871
v 0.08252918 0.90107536 0.13754864
v 0.07966375 0.91568094 0.11396887
v 0.08252918 0.91482520 0.11396887
v 0.08252918 0.91568094 0.11166628
v 0.08252918 0.91913587 0.09824903
v 0.08252918 0.92354083 0.09170957
v 0.08252918 0.91725469 0.10610895
v 0.08252918 0.92711699 -0.12182879
v 0.07813376 0.93140078 -0.11396887
v 0.08252918 0.92813802 -0.11396887
v 0.07963292 0.93140078 -0.10610895
v 0.08252918 0.93140078 -0.10131805
v 0.07612429 0.93140078 0.06680934
v 0.08252918 0.92514867 0.07466926
v 0.07500351 0.93140078 0.07466926
v 0.08252918 0.92679691 0.08252918
v 0.08252918 0.92421293 0.09038910
v 0.08252918 0.93341148 -0.09824903
v 0.08252918 0.93659258 -0.09038910
v 0.08092472 0.93926072 -0.04322957
v 0.08252918 0.93792272 -0.04322957
v 0.08252918 0.93926072 -0.04952893
v 0.08252918 0.93926072 -0.03951303
v 0.08252918 0.94049406 -0.06680934
v 0.08252918 0.94300008 -0.05894941
v 0.08252918 0.93950319 -0.05108950
v 0.08252918 0.94032508 -0.03536965
v 0.08252918 0.93972403 -0.02750973
v 0.08252918 0.94327676 -0.01964981
v 0.07495002 0.94712061 -0.01178988
v 0.08252918 0.94329810 -0.01178988
v 0.07488322 0.94712061 -0.00392996
v 0.08252918 0.94135040 -0.00392996
v 0.08302522 0.65630352 -0.31046692
v 0.09038910 0.65630352 -0.30782294
v 0.08606397 0.65630352 0.27116731
v 0.09038910 0.65630352 0.26946512
v 0.09038910 0.66241771 -0.30260700
v 0.09038910 0.66416341 -0.29689479
v 0.08688922 0.66416341 0.26330739
v 0.09038910 0.66305226 0.26330739
v 0.09038910 0.66416341 0.26104629
v 0.09038910 0.66534030 -0.29474708
v 0.09038910 0.67202336 -0.29121351
v 0.08855953 0.67202336 0.25544748
v 0.09038910 0.66972268 0.25544748
v 0.09038910 0.67202336 0.25408682
v 0.08443528 0.67988324 0.25544748
v 0.09038910 0.67988324 0.24985825
v 0.09038910 0.68774319 0.24987815
v 0.08454309 0.69560313 0.25544748
v 0.09038910 0.69560313 0.25329718
v 0.09038910 0.70346302 0.25335884
v 0.09038910 0.71132296 0.25187850
v 0.09038910 0.71918291 0.24764560
v 0.08833382 0.72704279 0.24758755
v 0.09038910 0.71938795 0.24758755
v 0.09038910 0.72704279 0.24277776
v 0.08851755 0.73490274 0.24758755
v 0.09038910 0.73490274 0.24562496
v 0.08733322 0.74276263 0.24758755
v 0.09038910 0.74276263 0.24572164
v 0.09038910 0.75062257 0.24283965
v 0.09038910 0.75848252 0.24177608
v 0.09038910 0.76634240 0.24077848
v 0.08526377 0.77420235 0.23972763
v 0.09038910 0.77069920 0.23972763
v 0.09038910 0.77420235 0.23883641
v 0.09038910 0.78206223 0.23404185
v 0.09004490 0.78992218 0.22400779
v 0.09038910 0.78954417 0.22400779
v 0.09038910 0.78992218 0.22371455
v 0.08485648 0.78992218 0.23186770
v 0.09038910 0.78426868 0.23186770
v 0.09038910 0.79279947 0.22400779
v 0.09038910 0.79778212 0.22452721
v 0.08943660 0.80564201 0.22400779
v 0.09038910 0.80209690 0.22400779
v 0.09038910 0.80564201 0.22360206
v 0.09038910 0.81350195 0.21891712
v 0.09038910 0.81890154 0.21614785
v 0.09038910 0.82136184 0.21485834
v 0.09038910 0.82922179 0.20935810
v 0.09038910 0.83042568 0.20828794
v 0.09038910 0.83708173 0.20224141
v 0.09038910 0.84049225 0.20042801
v 0.09038910 0.84494162 0.19840534
v 0.08761434 0.85280156 0.19256809
v 0.09038910 0.85187697 0.19256809
v 0.09038910 0.85280156 0.19125831
v 0.08437687 0.86066151 0.18470818
v 0.09038910 0.85699826 0.18470818
v 0.09038910 0.86066151 0.17794672
v 0.08604550 0.86852139 0.17684825
v 0.09038910 0.86230469 0.17684825
v 0.09038910 0.86852139 0.17478253
v 0.08714924 0.87638134 0.16898833
v 0.09038910 0.87562478 0.16898833
v 0.09038910 0.87638134 0.16804110
v 0.08738071 0.88424122 0.15326849
v 0.08391273 0.88424122 0.16112840
v 0.09038910 0.88116449 0.16112840
v 0.08773283 0.89210117 0.14540856
v 0.09038910 0.89210117 0.14380458
v 0.08713652 0.89996111 0.13754864
v 0.09038910 0.89903617 0.13754864
v 0.09038910 0.89996111 0.13569316
v 0.09038910 0.90466255 0.12182879
v 0.09038910 0.90782100 0.11961436
v 0.09038910 0.90273571 0.12968871
v 0.08736847 0.91568094 0.09824903
v 0.09038910 0.91101205 0.09824903
v 0.09038910 0.91568094 0.09615128
v 0.08560067 0.91568094 0.10610895
v 0.09038910 0.91244757 0.10610895
v 0.09038910 0.91136861 0.11396887
v 0.08476509 0.92354083 0.09038910
v 0.09038910 0.92138600 0.09038910
v 0.09038910 0.92354083 0.08564180
v 0.08503734 0.93140078 -0.09824903
v 0.09038910 0.93140078 -0.09367611
v 0.09038910 0.92566055 0.07466926
v 0.09038910 0.92459637 0.08252918
v 0.09038910 0.93387413 -0.09038910
v 0.09038910 0.93529862 -0.08252918
v 0.09038910 0.93569511 -0.07466926
v 0.09038910 0.93796384 -0.06680934
v 0.08675526 0.93926072 -0.06680934
v 0.09038910 0.93926072 -0.06101568
v 0.08770033 0.93926072 -0.05108950
v 0.09038910 0.93913043 -0.05108950
v 0.09038910 0.93926072 -0.05290054
v 0.09038910 0.93922782 -0.04322957
v 0.09038910 0.93926072 -0.04307534
v 0.08857200 0.93926072 -0.01178988
v 0.09038910 0.93751103 -0.01178988
v 0.09038910 0.93926072 -0.01427873
v 0.08444931 0.93926072 -0.00392996
v 0.09038910 0.93184036 -0.00392996
v 0.09038910 0.93960673 -0.05894941
v 0.09038910 0.94049239 -0.03536965
v 0.09038910 0.94126129 -0.02750973
v 0.09038910 0.94146341 -0.01964981
v 0.09824903 0.65630352 -0.30495882
v 0.09824903 0.65630352 0.26647541
v 0.09824903 0.65975100 -0.30260700
v 0.09824903 0.66416341 -0.29687974
v 0.09824903 0.66015500 0.26330739
v 0.09824903 0.66416341 0.25663635
v 0.09824903 0.66582656 -0.29474708
v 0.09824903 0.67202336 -0.29059735
v 0.09824903 0.66531849 0.25544748
v 0.09824903 0.67202336 0.25203681
v 0.09824903 0.67988324 0.25323460
v 0.09824903 0.68774319 0.25338656
v 0.09824903 0.69560313 0.25212544
v 0.09824903 0.70346302 0.25003177
v 0.09752415 0.71132296 0.24758755
v 0.09824903 0.71025747 0.24758755
v 0.09824903 0.71132296 0.24701786
v 0.09046035 0.71918291 0.24758755
v 0.09824903 0.71918291 0.24125858
v 0.09311098 0.72704279 0.23972763
v 0.09824903 0.72210723 0.23972763
v 0.09824903 0.72704279 0.23718937
v 0.09824903 0.73414832 0.23972763
v 0.09824903 0.73490274 0.24001342
v 0.09824903 0.74276263 0.24240585
v 0.09824903 0.75062257 0.24066958
v 0.09753735 0.75848252 0.23186770
v 0.09824903 0.75848252 0.23076887
v 0.09344608 0.75848252 0.23972763
v 0.09824903 0.75253248 0.23972763
v 0.09617887 0.76634240 0.23186770
v 0.09824903 0.76634240 0.22857171
v 0.09155522 0.76634240 0.23972763
v 0.09824903 0.77420235 0.23340872
v 0.09824903 0.78206223 0.23216693
v 0.09824903 0.78992218 0.22605096
v 0.09824903 0.78255099 0.23186770
v 0.09824903 0.79778212 0.22092263
v 0.09167334 0.79778212 0.22400779
v 0.09824903 0.79327792 0.22400779
v 0.09824903 0.80564201 0.21855000
v 0.09808028 0.81350195 0.21614785
v 0.09824903 0.81328690 0.21614785
v 0.09824903 0.81350195 0.21607842
v 0.09824903 0.82136184 0.21053500
v 0.09225047 0.82922179 0.20828794
v 0.09824903 0.82444006 0.20828794
v 0.09824903 0.82922179 0.20451078
v 0.09602943 0.83708173 0.20042801
v 0.09824903 0.83584172 0.20042801
v 0.09824903 0.83708173 0.19986708
v 0.09824903 0.84494162 0.19421872
v 0.09796239 0.85280156 0.17684825
v 0.09824903 0.85198611 0.17684825
v 0.09824903 0.85280156 0.17665204
v 0.09534281 0.85280156 0.18470818
v 0.09824903 0.84855688 0.18470818
v 0.09824903 0.84675431 0.19256809
v 0.09350868 0.86066151 0.17684825
v 0.09824903 0.86066151 0.17600812
v 0.09824903 0.86852139 0.17181467
v 0.09824903 0.87142223 0.16898833
v 0.09824903 0.87638134 0.16248773
v 0.09824903 0.88424122 0.14480974
v 0.09824903 0.87734163 0.16112840
v 0.09824903 0.89210117 0.14035963
v 0.09569374 0.89996111 0.12968871
v 0.09824903 0.89874327 0.12968871
v 0.09824903 0.89456421 0.13754864
v 0.09774615 0.90782100 0.11396887
v 0.09824903 0.90682989 0.11396887
v 0.09824903 0.90782100 0.11345939
v 0.09824903 0.91195005 0.09824903
v 0.09824903 0.91568094 0.09401935
v 0.09824903 0.91072989 0.10610895
v 0.09154190 0.92354083 -0.09824903
v 0.09550724 0.92354083 0.07466926
v 0.09824903 0.92146724 0.07466926
v 0.09824903 0.92354083 0.06962584
v 0.09321100 0.92354083 0.08252918
v 0.09824903 0.92143708 0.08252918
v 0.09824903 0.91817135 0.09038910
v 0.09824903 0.93118155 -0.09038910
v 0.09763509 0.93140078 -0.09038910
v 0.09824903 0.93140078 -0.08928920
v 0.09824903 0.92429882 0.06680934
v 0.09824903 0.93267316 -0.08252918
v 0.09824903 0.93324393 -0.07466926
v 0.09824903 0.93349373 -0.06680934
v 0.09101192 0.93926072 -0.05894941
v 0.09824903 0.93452853 -0.05894941
v 0.09824903 0.93316752 -0.05108950
v 0.09824903 0.93412852 -0.04322957
v 0.09489390 0.93926072 -0.03536965
v 0.09824903 0.93824369 -0.03536965
v 0.09570213 0.93926072 -0.02750973
v 0.09824903 0.93822485 -0.02750973
v 0.09473847 0.93926072 -0.01964981
v 0.09824903 0.93687713 -0.01964981
v 0.09824903 0.93749493 -0.01178988
v 0.09824903 0.93793482 -0.00392996
v 0.10406289 0.65630352 -0.30260700
v 0.10610895 0.65630352 -0.30178019
v 0.10610895 0.65630352 0.26333967
v 0.10579497 0.66416341 -0.29474708
v 0.10610895 0.66411173 -0.29474708
v 0.10610895 0.66416341 -0.29467604
v 0.10316580 0.66416341 0.25544748
v 0.10610895 0.66379380 0.25544748
v 0.10610895 0.66416341 0.25491723
v 0.10610895 0.65635222 0.26330739
v 0.10610895 0.67202336 -0.28842032
v 0.10610895 0.67202336 0.24923566
v 0.10610895 0.67988324 0.24947961
v 0.10610895 0.68774319 0.24969921
v 0.10610895 0.69560313 0.24828316
v 0.10610895 0.70346302 0.24772307
v 0.10610895 0.70429623 0.24758755
v 0.10610895 0.71132296 0.24637730
v 0.10610895 0.71918291 0.24403802
v 0.10610895 0.72704279 0.24199052
v 0.10610895 0.73490274 0.24079394
v 0.10610895 0.74276263 0.23976888
v 0.10156913 0.75062257 0.23972763
v 0.10610895 0.74301511 0.23972763
v 0.10610895 0.75062257 0.23838054
v 0.10186608 0.77420235 0.23186770
v 0.10610895 0.77420235 0.23014918
v 0.09904274 0.78206223 0.23186770
v 0.10610895 0.78206223 0.22894686
v 0.10610895 0.78992218 0.22521418
v 0.10604335 0.79778212 0.21614785
v 0.10610895 0.79774719 0.21614785
v 0.10610895 0.79778212 0.21606582
v 0.10610895 0.79154402 0.22400779
v 0.10155749 0.80564201 0.21614785
v 0.10610895 0.80564201 0.21168743
v 0.10610895 0.81350195 0.21189192
v 0.10524508 0.82136184 0.20828794
v 0.10610895 0.82086796 0.20828794
v 0.10610895 0.82136184 0.20799734
v 0.10610895 0.82922179 0.20227438
v 0.10610895 0.83224827 0.20042801
v 0.10610895 0.83708173 0.19745404
v 0.10148362 0.84494162 0.19256809
v 0.10610895 0.84259129 0.19256809
v 0.10610895 0.84494162 0.18472508
v 0.10610895 0.85280156 0.17867579
v 0.10610895 0.84494895 0.18470818
v 0.10610895 0.85730588 0.17684825
v 0.10610895 0.86066151 0.17562145
v 0.10294368 0.86852139 0.16898833
v 0.10610895 0.86660463 0.16898833
v 0.10610895 0.86852139 0.16402911
v 0.09979437 0.87638134 0.16112840
v 0.10610895 0.87019229 0.16112840
v 0.10610895 0.87638134 0.15647297
v 0.10086045 0.88424122 0.14540856
v 0.10610895 0.88424122 0.14724305
v 0.10610895 0.87951010 0.15326849
v 0.10298122 0.89210117 0.13754864
v 0.10610895 0.89048600 0.13754864
v 0.10610895 0.89210117 0.13472794
v 0.10610895 0.88539070 0.14540856
v 0.10610895 0.89924020 0.12182879
v 0.10610895 0.89996111 0.12072469
v 0.10610895 0.89504528 0.12968871
v 0.10610895 0.90505815 0.11396887
v 0.10610895 0.90782100 0.10737712
v 0.10291298 0.91568094 0.07466926
v 0.10610895 0.91224951 0.07466926
v 0.10610895 0.91568094 0.06718089
v 0.10491694 0.91568094 0.09038910
v 0.10610895 0.91521245 0.09038910
v 0.10610895 0.91568094 0.08804478
v 0.10610895 0.91017169 0.09824903
v 0.10610895 0.90825766 0.10610895
v 0.09962993 0.92354083 0.06680934
v 0.10610895 0.91595560 0.06680934
v 0.10610895 0.92354083 0.06155520
v 0.10610895 0.91672915 0.08252918
v 0.10610895 0.92721653 -0.09038910
v 0.10063257 0.93140078 -0.08252918
v 0.10610895 0.92686957 -0.08252918
v 0.10274267 0.93140078 -0.07466926
v 0.10610895 0.92928457 -0.07466926
v 0.10610895 0.93140078 -0.06815864
v 0.10012922 0.93140078 -0.05108950
v 0.10610895 0.92586970 -0.05108950
v 0.10133862 0.93140078 -0.04322957
v 0.10610895 0.92690772 -0.04322957
v 0.10610895 0.93167830 -0.06680934
v 0.10610895 0.93167222 -0.05894941
v 0.10610895 0.93551522 -0.03536965
v 0.10610895 0.93615085 -0.02750973
v 0.10610895 0.93493831 -0.01964981
v 0.10610895 0.93629378 -0.01178988
v 0.10610895 0.93677604 -0.00392996
v 0.10610895 0.93436515 0.00392996
v 0.10610895 0.93274021 0.01178988
v 0.11396887 0.65630352 -0.29855615
v 0.10618954 0.65630352 0.26330739
v 0.11396887 0.65630352 0.26016480
v 0.11396887 0.66153473 -0.29474708
v 0.11396887 0.66416341 -0.29147404
v 0.11396887 0.66190618 0.25544748
v 0.11396887 0.66416341 0.25230128
v 0.11396887 0.66869748 -0.28688717
v 0.10950065 0.67202336 -0.28688717
v 0.11396887 0.67202336 -0.28359991
v 0.10880240 0.67202336 0.24758755
v 0.11396887 0.66824824 0.24758755
v 0.11396887 0.67202336 0.24387647
v 0.10794896 0.67988324 0.24758755
v 0.11396887 0.67988324 0.24097432
v 0.10819039 0.68774319 0.24758755
v 0.11396887 0.68774319 0.23979239
v 0.10700185 0.69560313 0.24758755
v 0.11396887 0.69560313 0.24011980
v 0.10645483 0.70346302 0.24758755
v 0.11396887 0.70346302 0.24388582
v 0.11396887 0.71132296 0.24281925
v 0.11396887 0.71918291 0.24164751
v 0.11396887 0.72704279 0.24002638
v 0.10888156 0.73490274 0.23972763
v 0.11396887 0.72809857 0.23972763
v 0.11396887 0.73490274 0.23745538
v 0.10618619 0.74276263 0.23972763
v 0.11396887 0.74276263 0.23511572
v 0.11396887 0.75062257 0.23421252
v 0.11396887 0.75848252 0.23222378
v 0.11396887 0.75955397 0.23186770
v 0.11396887 0.76634240 0.22962940
v 0.11396887 0.77420235 0.22524428
v 0.11113533 0.78206223 0.22400779
v 0.11396887 0.77626312 0.22400779
v 0.11396887 0.78206223 0.21672666
v 0.10804778 0.78992218 0.22400779
v 0.11396887 0.78992218 0.21840812
v 0.11396887 0.79293728 0.21614785
v 0.11396887 0.79778212 0.21281624
v 0.11396887 0.80564201 0.21105851
v 0.11396887 0.81350195 0.20932692
v 0.11396887 0.82088143 0.19256809
v 0.11396887 0.82136184 0.19200741
v 0.11244884 0.82136184 0.20042801
v 0.11396887 0.81996262 0.20042801
v 0.11396887 0.81519204 0.20828794
v 0.11396887 0.82922179 0.19274463
v 0.10822049 0.82922179 0.20042801
v 0.11396887 0.83708173 0.19305395
v 0.10619926 0.84494162 0.18470818
v 0.11396887 0.84456903 0.18470818
v 0.11396887 0.84494162 0.18402563
v 0.11396887 0.83765656 0.19256809
v 0.11396887 0.85280156 0.17770146
v 0.11396887 0.85396695 0.17684825
v 0.11396887 0.86066151 0.17082426
v 0.10905953 0.86852139 0.16112840
v 0.11396887 0.86652261 0.16112840
v 0.11396887 0.86852139 0.15855812
v 0.11396887 0.86196923 0.16898833
v 0.11149022 0.87638134 0.15326849
v 0.11396887 0.87437391 0.15326849
v 0.11396887 0.87638134 0.15074785
v 0.10847870 0.88424122 0.14540856
v 0.11396887 0.88013631 0.14540856
v 0.11396887 0.88424122 0.13985795
v 0.11277710 0.89210117 0.12968871
v 0.11396887 0.89159280 0.12968871
v 0.11396887 0.89210117 0.12890436
v 0.11396887 0.88560140 0.13754864
v 0.11396887 0.89681911 0.12182879
v 0.11396887 0.89996111 0.11631620
v 0.10880696 0.90782100 0.09824903
v 0.11396887 0.90124172 0.10610895
v 0.10671090 0.90782100 0.10610895
v 0.11396887 0.90118968 0.11396887
v 0.10876139 0.91568094 0.08252918
v 0.11396887 0.91364086 0.08252918
v 0.11084270 0.92354083 -0.08252918
v 0.11396887 0.92103654 -0.08252918
v 0.11396887 0.92354083 -0.08835246
v 0.11196119 0.92354083 -0.07466926
v 0.11396887 0.92021114 -0.07466926
v 0.11396887 0.92354083 -0.07276893
v 0.11264877 0.92354083 0.00392996
v 0.11396887 0.92192090 0.00392996
v 0.11396887 0.92354083 0.00124035
v 0.10944176 0.92354083 0.05894941
v 0.11396887 0.92157674 0.05894941
v 0.11396887 0.92408460 -0.09038910
v 0.10684114 0.93140078 -0.06680934
v 0.11396887 0.92818922 -0.06680934
v 0.10745004 0.93140078 -0.05894941
v 0.11396887 0.93018514 -0.05894941
v 0.11396887 0.93020755 -0.04322957
v 0.11396887 0.93140078 -0.04074192
v 0.11221126 0.93140078 -0.01964981
v 0.11396887 0.92925185 -0.01964981
v 0.11396887 0.93140078 -0.02311497
v 0.11381380 0.93140078 -0.01178988
v 0.11396887 0.93121296 -0.01178988
v 0.11287317 0.93140078 -0.00392996
v 0.11396887 0.92917436 -0.00392996
v 0.10917779 0.93140078 0.00392996
v 0.11396887 0.93295646 -0.03536965
v 0.11396887 0.93269080 -0.02750973
v 0.12182879 0.65630352 -0.29492614
v 0.12182879 0.65630352 0.25687262
v 0.12182879 0.65661699 -0.29474708
v 0.12182879 0.66416341 -0.28752670
v 0.12182879 0.65841120 0.25544748
v 0.12182879 0.66416341 0.24914667
v 0.12182879 0.66454220 -0.28688717
v 0.11780600 0.67202336 -0.27902722
v 0.12182879 0.66846961 -0.27902722
v 0.12182879 0.67202336 -0.27568388
v 0.12182879 0.66552037 0.24758755
v 0.12182879 0.67202336 0.24250203
v 0.12182879 0.67988324 -0.27527958
v 0.12182879 0.67988324 0.24162592
v 0.12182879 0.68774319 -0.27789831
v 0.12182879 0.68774319 0.23986207
v 0.11593194 0.69560313 0.23972763
v 0.12182879 0.68880361 0.23972763
v 0.12182879 0.69560313 0.23868649
v 0.11984415 0.70346302 0.23972763
v 0.12182879 0.70346302 0.23659354
v 0.12111963 0.71132296 0.23186770
v 0.12182879 0.70931458 0.23186770
v 0.12182879 0.71132296 0.23096725
v 0.11706434 0.71132296 0.23972763
v 0.12182879 0.71918291 0.23550239
v 0.11677266 0.71918291 0.23972763
v 0.11451276 0.72704279 0.23972763
v 0.12182879 0.72704279 0.23548560
v 0.12182879 0.73490274 0.23379838
v 0.12128442 0.74276263 0.23186770
v 0.12182879 0.74195141 0.23186770
v 0.12182879 0.74276263 0.23141351
v 0.11830001 0.75062257 0.23186770
v 0.12182879 0.75062257 0.22850622
v 0.11477122 0.75848252 0.23186770
v 0.12182879 0.75848252 0.22858825
v 0.12182879 0.76634240 0.22582956
v 0.11617012 0.77420235 0.22400779
v 0.12182879 0.76958060 0.22400779
v 0.12182879 0.77420235 0.21923541
v 0.11525287 0.78206223 0.21614785
v 0.12182879 0.77885646 0.21614785
v 0.12182879 0.78206223 0.21488485
v 0.11872073 0.78992218 0.21614785
v 0.12182879 0.78992218 0.21528998
v 0.12182879 0.79778212 0.21342923
v 0.12182879 0.80564201 0.21000634
v 0.11662874 0.81350195 0.20828794
v 0.12182879 0.80928546 0.20828794
v 0.12182879 0.81350195 0.20531121
v 0.12182879 0.82101285 0.19256809
v 0.12182879 0.82136184 0.19226514
v 0.12182879 0.81711167 0.20042801
v 0.12182879 0.82922179 0.19102059
v 0.11493050 0.83708173 0.19256809
v 0.12182879 0.83708173 0.18880460
v 0.12182879 0.84059995 0.18470818
v 0.12182879 0.84494162 0.17795955
v 0.11514158 0.85280156 0.17684825
v 0.12182879 0.84599394 0.17684825
v 0.12182879 0.85280156 0.17236504
v 0.11687748 0.86066151 0.16898833
v 0.12182879 0.85744166 0.16898833
v 0.12182879 0.86066151 0.16591001
v 0.12182879 0.86473870 0.16112840
v 0.12182879 0.86852139 0.15655801
v 0.11685218 0.87638134 0.14540856
v 0.12182879 0.87169194 0.14540856
v 0.12182879 0.87101865 0.15326849
v 0.11536621 0.88424122 0.13754864
v 0.12182879 0.88424122 0.13190879
v 0.12182879 0.88707262 0.12968871
v 0.12182879 0.89210117 0.12308509
v 0.12182879 0.89564770 0.11396887
v 0.11607837 0.89996111 0.11396887
v 0.12182879 0.89280784 0.12182879
v 0.11704515 0.91568094 -0.07466926
v 0.12182879 0.91203111 -0.07466926
v 0.12182879 0.91568094 -0.07130460
v 0.11540435 0.92354083 -0.09038910
v 0.12182879 0.92092246 -0.09038910
v 0.12182879 0.91682303 -0.08252918
v 0.12143482 0.92354083 -0.06680934
v 0.12182879 0.92310607 -0.06680934
v 0.12182879 0.92354083 -0.06631629
v 0.12002968 0.92354083 -0.04322957
v 0.12182879 0.92144793 -0.04322957
v 0.12182879 0.92354083 -0.03881754
v 0.11928958 0.92354083 -0.01964981
v 0.12182879 0.92177075 -0.01964981
v 0.12182879 0.92354083 -0.02233462
v 0.12182879 0.92354083 -0.01437366
v 0.12182879 0.92642093 -0.05894941
v 0.11599693 0.93140078 -0.03536965
v 0.12182879 0.92489791 -0.03536965
v 0.11596552 0.93140078 -0.02750973
v 0.12182879 0.92665553 -0.02750973
v 0.12182879 0.92434007 -0.01178988
v 0.12182879 0.92632896 -0.00392996
v 0.12220754 0.65630352 -0.29474708
v 0.12968871 0.65630352 -0.29129261
v 0.12491203 0.65630352 0.25544748
v 0.12968871 0.65630352 0.25325066
v 0.12336154 0.66416341 -0.28688717
v 0.12968871 0.66212875 -0.28688717
v 0.12968871 0.66416341 -0.28360543
v 0.12561519 0.66416341 0.24758755
v 0.12968871 0.66295367 0.24758755
v 0.12968871 0.66416341 0.24553514
v 0.12968871 0.66718262 -0.27902722
v 0.12968871 0.67202336 -0.27517548
v 0.12789704 0.67202336 0.23972763
v 0.12968871 0.67043340 0.23972763
v 0.12968871 0.67202336 0.23893642
v 0.12968871 0.67988324 -0.27616119
v 0.12955439 0.67988324 0.23972763
v 0.12968871 0.67988324 0.23969549
v 0.12968871 0.68774319 -0.27721530
v 0.12341718 0.68774319 0.23972763
v 0.12968871 0.68774319 0.23922294
v 0.12968871 0.69560313 -0.27591047
v 0.12968871 0.69560313 0.23796941
v 0.12968871 0.70346302 0.23514104
v 0.12968871 0.71132296 0.23208226
v 0.12968871 0.71918291 0.23274429
v 0.12962694 0.72704279 0.23186770
v 0.12968871 0.72680151 0.23186770
v 0.12968871 0.72704279 0.23183772
v 0.12645365 0.73490274 0.23186770
v 0.12968871 0.73490274 0.23002829
v 0.12659961 0.74276263 0.22400779
v 0.12968871 0.74276263 0.21783064
v 0.12475192 0.75062257 0.22400779
v 0.12968871 0.75062257 0.21760313
v 0.12769879 0.75848252 0.22400779
v 0.12968871 0.75848252 0.22178602
v 0.12860548 0.76634240 0.21614785
v 0.12968871 0.76486123 0.21614785
v 0.12968871 0.76634240 0.21457350
v 0.12397187 0.76634240 0.22400779
v 0.12483168 0.77420235 0.21614785
v 0.12968871 0.77420235 0.21248691
v 0.12968871 0.78206223 0.21453561
v 0.12968871 0.78992218 0.21303560
v 0.12968871 0.79778212 0.20945956
v 0.12520035 0.80564201 0.20828794
v 0.12968871 0.80036283 0.20828794
v 0.12968871 0.80564201 0.20559281
v 0.12812336 0.81350195 0.20042801
v 0.12968871 0.81227446 0.20042801
v 0.12968871 0.81350195 0.19902073
v 0.12383527 0.82136184 0.19256809
v 0.12968871 0.82136184 0.19333722
v 0.12968871 0.82289028 0.19256809
v 0.12968871 0.82922179 0.18794551
v 0.12773740 0.83708173 0.18470818
v 0.12968871 0.83437061 0.18470818
v 0.12968871 0.83708173 0.18334405
v 0.12553509 0.84494162 0.17684825
v 0.12968871 0.84394729 0.17684825
v 0.12968871 0.84494162 0.17548808
v 0.12736106 0.85280156 0.16898833
v 0.12968871 0.85062563 0.16898833
v 0.12968871 0.85280156 0.16529883
v 0.12864926 0.86066151 0.16112840
v 0.12968871 0.85864347 0.16112840
v 0.12968871 0.86066151 0.16046157
v 0.12823777 0.86852139 0.15326849
v 0.12968871 0.86785948 0.15326849
v 0.12968871 0.86852139 0.15221584
v 0.12968871 0.87353277 0.13754864
v 0.12968871 0.87638134 0.13515994
v 0.12968871 0.87180614 0.14540856
v 0.12801337 0.88424122 0.12968871
v 0.12968871 0.88341659 0.12968871
v 0.12968871 0.88424122 0.12885542
v 0.12807226 0.89210117 0.11396887
v 0.12968871 0.89147478 0.11396887
v 0.12315429 0.89210117 0.12182879
v 0.12968871 0.88878644 0.12182879
v 0.12703808 0.91568094 -0.09038910
v 0.12713198 0.92354083 -0.05894941
v 0.12968871 0.92195988 -0.05894941
v 0.13754864 0.65630352 -0.28731933
v 0.13754864 0.65630352 0.24939097
v 0.13754864 0.65702504 -0.28688717
v 0.13754864 0.66416341 -0.27988231
v 0.13754864 0.65890819 0.24758755
v 0.13754864 0.66416341 0.24078315
v 0.13754864 0.66486168 -0.27902722
v 0.13754864 0.67202336 -0.27324611
v 0.13754864 0.66493028 0.23972763
v 0.13754864 0.67202336 0.23456667
v 0.13754864 0.67988324 -0.27372333
v 0.13754864 0.67988324 0.23557986
v 0.13754864 0.68774319 -0.27211088
v 0.13754864 0.68774319 0.23437010
v 0.13754864 0.69560313 0.23310013
v 0.13754864 0.70346302 0.23279059
v 0.13206123 0.71132296 0.23186770
v 0.13754864 0.70865697 0.23186770
v 0.13754864 0.71132296 0.23142107
v 0.13216293 0.71918291 0.23186770
v 0.13754864 0.71918291 0.22976528
v 0.13754864 0.72704279 0.22582081
v 0.13754864 0.73490274 0.22510158
v 0.13754864 0.73748678 0.22400779
v 0.13754864 0.74276263 0.22103357
v 0.13754864 0.75062257 0.21955107
v 0.13754864 0.75848252 0.21922666
v 0.13754864 0.76634240 0.21365541
v 0.13754864 0.77420235 0.21103944
v 0.13754864 0.78206223 0.21128757
v 0.13754864 0.78992218 0.20843090
v 0.13573657 0.79778212 0.20042801
v 0.13754864 0.79503238 0.20042801
v 0.13754864 0.79778212 0.19523948
v 0.13115777 0.79778212 0.20828794
v 0.13754864 0.79012269 0.20828794
v 0.13378778 0.80564201 0.20042801
v 0.13754864 0.80564201 0.19340307
v 0.13754864 0.81350195 0.19415432
v 0.13303676 0.82136184 0.19256809
v 0.13754864 0.81834245 0.19256809
v 0.13754864 0.82136184 0.19096842
v 0.13266952 0.82922179 0.18470818
v 0.13754864 0.82922179 0.17758872
v 0.13754864 0.83708173 0.17721021
v 0.13269927 0.84494162 0.16112840
v 0.13754864 0.84494162 0.15567961
v 0.13612336 0.84494162 0.16898833
v 0.13754864 0.84411025 0.16898833
v 0.13754864 0.83760750 0.17684825
v 0.13130793 0.85280156 0.16112840
v 0.13754864 0.85280156 0.15388253
v 0.13675816 0.86066151 0.15326849
v 0.13754864 0.85625553 0.15326849
v 0.13754864 0.86066151 0.15260442
v 0.13718463 0.86852139 0.14540856
v 0.13754864 0.86833841 0.14540856
v 0.13754864 0.86852139 0.14509253
v 0.13754864 0.87301505 0.13754864
v 0.13754864 0.87638134 0.13247859
v 0.13703316 0.88424122 0.12182879
v 0.13754864 0.88387221 0.12182879
v 0.13754864 0.88424122 0.12050905
v 0.13754864 0.87826717 0.12968871
v 0.13754864 0.88936490 0.10610895
v 0.13754864 0.88634640 0.11396887
v 0.13836226 0.65630352 -0.28688717
v 0.14540856 0.65630352 -0.28317511
v 0.14098364 0.65630352 0.24758755
v 0.14540856 0.65630352 0.24530762
v 0.13927555 0.66416341 -0.27902722
v 0.14540856 0.66174966 -0.27902722
v 0.14540856 0.66416341 -0.27621672
v 0.14008401 0.66416341 0.23972763
v 0.14540856 0.66280758 0.23972763
v 0.14540856 0.66416341 0.23749748
v 0.14285722 0.67202336 -0.27116731
v 0.14540856 0.67031455 -0.27116731
v 0.14540856 0.67202336 -0.27024353
v 0.14386478 0.67202336 0.23186770
v 0.14540856 0.67059016 0.23186770
v 0.14540856 0.67202336 0.23122546
v 0.14232676 0.67988324 -0.27116731
v 0.14540856 0.67988324 -0.26936719
v 0.14460394 0.67988324 0.23186770
v 0.14540856 0.67988324 0.23137622
v 0.13928971 0.68774319 -0.27116731
v 0.14540856 0.68774319 -0.26770407
v 0.14058402 0.68774319 0.23186770
v 0.14540856 0.68774319 0.22460636
v 0.14540856 0.69560313 -0.26390755
v 0.14276607 0.69560313 0.22400779
v 0.14540856 0.68872881 0.22400779
v 0.14540856 0.69560313 0.22053860
v 0.13879271 0.69560313 0.23186770
v 0.14540856 0.70346302 0.22739361
v 0.13905272 0.70346302 0.23186770
v 0.14540856 0.71132296 0.22757734
v 0.14540856 0.71918291 0.22538185
v 0.14025025 0.72704279 0.22400779
v 0.14540856 0.72169125 0.22400779
v 0.14540856 0.72704279 0.21939576
v 0.13914159 0.73490274 0.22400779
v 0.14540856 0.73490274 0.21882837
v 0.14540856 0.74276263 0.21900238
v 0.14540856 0.75062257 0.21669823
v 0.14408678 0.75848252 0.21614785
v 0.14540856 0.75391388 0.21614785
v 0.14540856 0.75848252 0.21542971
v 0.14540856 0.76634240 0.21272005
v 0.14540856 0.77420235 0.20924260
v 0.14373010 0.78206223 0.20828794
v 0.14540856 0.77832872 0.20828794
v 0.14540856 0.78206223 0.20745680
v 0.13780397 0.78992218 0.20828794
v 0.14540856 0.78992218 0.20316117
v 0.14540856 0.79216987 0.20042801
v 0.14540856 0.79778212 0.19373132
v 0.14049251 0.81350195 0.19256809
v 0.14540856 0.81350195 0.19010036
v 0.14492272 0.82136184 0.18470818
v 0.14540856 0.82103014 0.18470818
v 0.13799492 0.83708173 0.17684825
v 0.14540856 0.83708173 0.17140198
v 0.14540856 0.84464371 0.16112840
v 0.14540856 0.84494162 0.16065347
v 0.14540856 0.84016913 0.16898833
v 0.14540856 0.85280156 0.15445726
v 0.14540856 0.85444403 0.15326849
v 0.14540856 0.86066151 0.14800595
v 0.14540856 0.86285853 0.14540856
v 0.14540856 0.86852139 0.13767780
v 0.14307754 0.87638134 0.11396887
v 0.14540856 0.87420464 0.11396887
v 0.14540856 0.87638134 0.10868547
v 0.14513355 0.87638134 0.12182879
v 0.14540856 0.87610775 0.12182879
v 0.14042607 0.87638134 0.12968871
v 0.14540856 0.87327468 0.12968871
v 0.14540856 0.86860907 0.13754864
v 0.14261173 0.88424122 0.10610895
v 0.14540856 0.87935770 0.10610895
v 0.13926607 0.88424122 0.11396887
v 0.15272374 0.65630352 -0.27902722
v 0.15326849 0.65630352 -0.27870575
v 0.15326849 0.65630352 0.24099340
v 0.15326849 0.66416341 -0.27199718
v 0.15326849 0.65815598 0.23972763
v 0.15326849 0.66416341 0.23270220
v 0.15326849 0.66505176 -0.27116731
v 0.15326849 0.67202336 -0.26440921
v 0.15326849 0.66484922 0.23186770
v 0.15326849 0.67202336 0.22699699
v 0.15326849 0.67739636 -0.26330739
v 0.15280506 0.67988324 -0.26330739
v 0.15326849 0.67988324 -0.26277184
v 0.15326849 0.67988324 0.22731841
v 0.15326849 0.68774319 -0.26384127
v 0.15326849 0.68305576 -0.26330739
v 0.14759445 0.68774319 0.22400779
v 0.15326849 0.68628263 0.22400779
v 0.15326849 0.68774319 0.22289157
v 0.15326849 0.69560313 -0.26389831
v 0.15326849 0.69560313 0.21773817
v 0.15326849 0.69987237 -0.26330739
v 0.15029918 0.70346302 0.22400779
v 0.15326849 0.70346302 0.22175089
v 0.15235028 0.71132296 0.22400779
v 0.15326849 0.71132296 0.22354472
v 0.14875709 0.71918291 0.22400779
v 0.15326849 0.71918291 0.22203332
v 0.15326849 0.72704279 0.21793762
v 0.15011437 0.73490274 0.21614785
v 0.15326849 0.73129153 0.21614785
v 0.15326849 0.73490274 0.21420315
v 0.14870359 0.74276263 0.21614785
v 0.15326849 0.74276263 0.20910048
v 0.15065646 0.75062257 0.20828794
v 0.15326849 0.74428999 0.20828794
v 0.15326849 0.75062257 0.20600177
v 0.14602813 0.75062257 0.21614785
v 0.15326849 0.75848252 0.20915589
v 0.15269136 0.76634240 0.20828794
v 0.15326849 0.76378208 0.20828794
v 0.15326849 0.76634240 0.20788388
v 0.14720827 0.77420235 0.20828794
v 0.15326849 0.77420235 0.20499782
v 0.15326849 0.78206223 0.20346291
v 0.15326849 0.78992218 0.20086457
v 0.15326849 0.79066765 0.20042801
v 0.15326849 0.79778212 0.19619726
v 0.15326849 0.80332494 0.19256809
v 0.15326849 0.80564201 0.19099890
v 0.15326849 0.81350195 0.18557121
v 0.15326849 0.82067287 0.17684825
v 0.15326849 0.82136184 0.17609915
v 0.15326849 0.81453949 0.18470818
v 0.15326849 0.82922179 0.17085700
v 0.14893399 0.83708173 0.16898833
v 0.15326849 0.83234125 0.16898833
v 0.15326849 0.83708173 0.16491133
v 0.15326849 0.84054863 0.16112840
v 0.15326849 0.84494162 0.15686888
v 0.15326849 0.85067552 0.13754864
v 0.15326849 0.85280156 0.13497883
v 0.14746650 0.85280156 0.15326849
v 0.15326849 0.84885925 0.15326849
v 0.15326849 0.85280156 0.14568837
v 0.15091072 0.86066151 0.13754864
v 0.15326849 0.86066151 0.13462767
v 0.15326849 0.85295147 0.14540856
v 0.14744274 0.86066151 0.14540856
v 0.14553054 0.86852139 0.13754864
v 0.15326849 0.86852139 0.13037005
v 0.15326849 0.87290496 0.12182879
v 0.15326849 0.86904120 0.12968871
v 0.16112840 0.65630352 -0.27398545
v 0.15540701 0.65630352 0.23972763
v 0.16112840 0.65630352 0.23637635
v 0.16112840 0.66012549 -0.27116731
v 0.15461521 0.66416341 -0.27116731
v 0.16112840 0.66416341 -0.26435158
v 0.15466666 0.66416341 0.23186770
v 0.16112840 0.66156244 0.23186770
v 0.16112840 0.66416341 0.22776900
v 0.15416066 0.67202336 -0.26330739
v 0.16112840 0.66470599 -0.26330739
v 0.15789525 0.67202336 -0.25544748
v 0.16112840 0.66740245 -0.25544748
v 0.16112840 0.67202336 -0.25308436
v 0.15787078 0.67202336 0.22400779
v 0.16112840 0.66795760 0.22400779
v 0.16112840 0.67202336 0.22157913
v 0.16112840 0.67803329 -0.25544748
v 0.16112840 0.67988324 -0.25631452
v 0.15842776 0.67988324 0.22400779
v 0.16112840 0.67988324 0.22208622
v 0.15419748 0.68774319 -0.26330739
v 0.16112840 0.68774319 -0.25958756
v 0.16112840 0.68774319 0.21988066
v 0.15427184 0.69560313 -0.26330739
v 0.16112840 0.69560313 -0.25874659
v 0.16112840 0.69560313 0.21733375
v 0.16112840 0.70346302 0.21865469
v 0.16112840 0.71132296 0.21830641
v 0.16023035 0.71918291 0.21614785
v 0.16112840 0.71714640 0.21614785
v 0.16112840 0.71918291 0.21345116
v 0.15695450 0.72704279 0.21614785
v 0.16112840 0.72704279 0.21375029
v 0.16112840 0.73490274 0.21206690
v 0.16112840 0.74276263 0.20985006
v 0.16112840 0.74737442 0.20828794
v 0.16112840 0.75062257 0.20713790
v 0.15493028 0.75848252 0.20828794
v 0.16112840 0.75848252 0.20519535
v 0.16112840 0.76634240 0.20213202
v 0.16112840 0.77420235 0.20127690
v 0.15929618 0.78206223 0.20042801
v 0.16112840 0.77789450 0.20042801
v 0.16112840 0.78206223 0.19863634
v 0.16000235 0.78992218 0.19256809
v 0.16112840 0.78785682 0.19256809
v 0.16112840 0.78992218 0.18535869
v 0.15394467 0.78992218 0.20042801
v 0.15838902 0.79778212 0.19256809
v 0.16112840 0.79778212 0.18968815
v 0.16112840 0.80564201 0.18596411
v 0.15434656 0.81350195 0.18470818
v 0.16112840 0.80706960 0.18470818
v 0.16112840 0.81350195 0.17790066
v 0.16112840 0.81459922 0.17684825
v 0.16112840 0.82136184 0.17045906
v 0.15660909 0.82922179 0.16898833
v 0.16112840 0.82364613 0.16898833
v 0.16112840 0.82922179 0.16547753
v 0.15750656 0.83708173 0.16112840
v 0.16112840 0.83379400 0.16112840
v 0.16112840 0.83708173 0.15825865
v 0.15780638 0.84494162 0.15326849
v 0.16112840 0.84222710 0.15326849
v 0.16112840 0.84494162 0.15011604
v 0.16112840 0.85090578 0.13754864
v 0.16112840 0.85280156 0.13569652
v 0.15343747 0.85280156 0.14540856
v 0.16112840 0.84802812 0.14540856
v 0.16112840 0.86066151 0.13055404
v 0.15401998 0.86852139 0.12968871
v 0.16112840 0.86182749 0.12968871
v 0.16516055 0.65630352 -0.27116731
v 0.16898833 0.65630352 -0.26851955
v 0.16788889 0.65630352 0.23186770
v 0.16898833 0.65630352 0.23110361
v 0.16276765 0.66416341 -0.26330739
v 0.16898833 0.66221917 -0.26330739
v 0.16898833 0.66416341 -0.25920114
v 0.16681743 0.66416341 0.22400779
v 0.16898833 0.66335481 0.22400779
v 0.16898833 0.66416341 0.22261631
v 0.16898833 0.66690511 -0.25544748
v 0.16898833 0.67202336 -0.25239259
v 0.16785437 0.67202336 0.21614785
v 0.16898833 0.67056531 0.21614785
v 0.16898833 0.67202336 0.21525268
v 0.16371188 0.67988324 -0.25544748
v 0.16898833 0.67988324 -0.25400358
v 0.16840005 0.67988324 0.21614785
v 0.16898833 0.67988324 0.21565986
v 0.16781826 0.68774319 -0.25544748
v 0.16898833 0.68774319 -0.25469944
v 0.16782197 0.68774319 0.21614785
v 0.16898833 0.68774319 0.21559510
v 0.16570564 0.69560313 -0.25544748
v 0.16898833 0.69560313 -0.25330055
v 0.16490953 0.69560313 0.21614785
v 0.16898833 0.69560313 0.21479322
v 0.16595222 0.70346302 0.21614785
v 0.16898833 0.70346302 0.21383999
v 0.16401231 0.71132296 0.21614785
v 0.16898833 0.71132296 0.21061079
v 0.16335197 0.71918291 0.20828794
v 0.16898833 0.71367282 0.20828794
v 0.16898833 0.71918291 0.20321873
v 0.16788279 0.72704279 0.20828794
v 0.16898833 0.72704279 0.20730124
v 0.16898833 0.73268133 0.20828794
v 0.16898833 0.73490274 0.20855467
v 0.16511725 0.74276263 0.20828794
v 0.16898833 0.73610616 0.20828794
v 0.16898833 0.74276263 0.20672065
v 0.16898833 0.75062257 0.20382752
v 0.16789070 0.75848252 0.20042801
v 0.16898833 0.75718313 0.20042801
v 0.16898833 0.75848252 0.19970782
v 0.16391876 0.76634240 0.20042801
v 0.16898833 0.76634240 0.19795908
v 0.16265552 0.77420235 0.20042801
v 0.16898833 0.77420235 0.19619438
v 0.16628888 0.78206223 0.19256809
v 0.16898833 0.77923089 0.19256809
v 0.16898833 0.78206223 0.18810491
v 0.16188626 0.78992218 0.18470818
v 0.16898833 0.78653538 0.18470818
v 0.16898833 0.78992218 0.18357205
v 0.16727604 0.79778212 0.18470818
v 0.16898833 0.79778212 0.18367580
v 0.16277088 0.80564201 0.18470818
v 0.16898833 0.80564201 0.17944156
v 0.16254950 0.81350195 0.17684825
v 0.16898833 0.80856037 0.17684825
v 0.16898833 0.81350195 0.16942357
v 0.16507071 0.82136184 0.16112840
v 0.16898833 0.81422323 0.16112840
v 0.16898833 0.82136184 0.15681742
v 0.16231538 0.82136184 0.16898833
v 0.16898833 0.81375521 0.16898833
v 0.16551723 0.82922179 0.16112840
v 0.16898833 0.82922179 0.15840389
v 0.16768490 0.83708173 0.15326849
v 0.16898833 0.83595842 0.15326849
v 0.16898833 0.83708173 0.15187222
v 0.16570240 0.84494162 0.14540856
v 0.16898833 0.84194869 0.14540856
v 0.16898833 0.84494162 0.13923718
v 0.16898833 0.84618342 0.13754864
v 0.16898833 0.85280156 0.13315549
v 0.16278575 0.86066151 0.12968871
v 0.16898833 0.85640579 0.12968871
v 0.17578816 0.65630352 -0.26330739
v 0.17684825 0.65630352 -0.26244557
v 0.17684825 0.65630352 0.22561333
v 0.17538507 0.66416341 -0.25544748
v 0.17684825 0.66375864 -0.25544748
v 0.17684825 0.66416341 -0.25478718
v 0.17684825 0.65841675 0.22400779
v 0.17684825 0.66416341 0.21674536
v 0.17658164 0.67202336 -0.24758755
v 0.17684825 0.67171139 -0.24758755
v 0.17684825 0.67202336 -0.24742000
v 0.17684825 0.66461378 0.21614785
v 0.17684825 0.67202336 0.20972750
v 0.17684825 0.67988324 -0.24797559
v 0.17684825 0.67433023 -0.24758755
v 0.17684825 0.67988324 0.21049938
v 0.17684825 0.68774319 -0.24835908
v 0.17684825 0.68774319 0.21084347
v 0.17684825 0.69560313 -0.24766053
v 0.17584273 0.69560313 0.20828794
v 0.17684825 0.69352049 0.20828794
v 0.17684825 0.69560313 0.20631252
v 0.17684825 0.69594657 -0.24758755
v 0.17684825 0.70346302 -0.24555643
v 0.17660779 0.70346302 0.20042801
v 0.17684825 0.70295572 0.20042801
v 0.17684825 0.70346302 0.20022473
v 0.17273083 0.70346302 0.20828794
v 0.17684825 0.71132296 0.20495644
v 0.17174762 0.71132296 0.20828794
v 0.17684825 0.71918291 0.20503667
v 0.17684825 0.72704279 0.20389299
v 0.17568742 0.73490274 0.20042801
v 0.17684825 0.73276490 0.20042801
v 0.16935845 0.73490274 0.20828794
v 0.17545691 0.74276263 0.20042801
v 0.17438890 0.75062257 0.20042801
v 0.17684825 0.75062257 0.19869979
v 0.17684825 0.75848252 0.19498965
v 0.17684825 0.76634240 0.19299914
v 0.17287871 0.77420235 0.19256809
v 0.17684825 0.76723486 0.19256809
v 0.17684825 0.77420235 0.18552995
v 0.17472556 0.78206223 0.18470818
v 0.17684825 0.77757436 0.18470818
v 0.17684825 0.78206223 0.18409844
v 0.17684825 0.78992218 0.18259051
v 0.17618166 0.79778212 0.17684825
v 0.17684825 0.79692149 0.17684825
v 0.17684825 0.79778212 0.17163704
v 0.17153846 0.80564201 0.17684825
v 0.17684825 0.80564201 0.16936707
v 0.17299624 0.81350195 0.16112840
v 0.17684825 0.81300324 0.16112840
v 0.17684825 0.81350195 0.16065922
v 0.16938567 0.81350195 0.16898833
v 0.17684825 0.80606264 0.16898833
v 0.17684825 0.82136184 0.15551351
v 0.17534058 0.82922179 0.15326849
v 0.17684825 0.82670140 0.15326849
v 0.17684825 0.82922179 0.15096217
v 0.17680950 0.83708173 0.12968871
v 0.17684825 0.83708173 0.12966737
v 0.17188099 0.83708173 0.13754864
v 0.17267446 0.83708173 0.14540856
v 0.17684825 0.83232951 0.14540856
v 0.17569821 0.84494162 0.12968871
v 0.17684825 0.84494162 0.12887701
v 0.16960526 0.84494162 0.13754864
v 0.17238183 0.85280156 0.12968871
v 0.18470818 0.65630352 -0.25613859
v 0.17897874 0.65630352 0.22400779
v 0.18470818 0.65630352 0.21968517
v 0.18470818 0.65737009 -0.25544748
v 0.18470818 0.66416341 -0.24864206
v 0.17769629 0.66416341 0.21614785
v 0.18470818 0.66057396 0.21614785
v 0.18470818 0.66416341 0.21126407
v 0.18470818 0.66520375 -0.24758755
v 0.18470818 0.67202336 -0.24299705
v 0.17917278 0.67202336 0.20828794
v 0.18470818 0.66702849 0.20828794
v 0.18470818 0.67202336 0.20509724
v 0.17754781 0.67988324 -0.24758755
v 0.18470818 0.67988324 -0.24280025
v 0.18039298 0.67988324 0.20828794
v 0.18470818 0.67988324 0.20548546
v 0.17792477 0.68774319 -0.24758755
v 0.18470818 0.68774319 -0.23998183
v 0.18082654 0.68774319 0.20828794
v 0.18470818 0.68774319 0.20537405
v 0.17693028 0.69560313 -0.24758755
v 0.18470818 0.68814451 -0.23972763
v 0.18128289 0.69560313 -0.23972763
v 0.18470818 0.69560313 -0.23223548
v 0.18470818 0.69560313 0.20302060
v 0.18250021 0.70346302 -0.23972763
v 0.18470818 0.70346302 -0.23663905
v 0.18470818 0.70346302 0.20055671
v 0.18470818 0.71132296 -0.24063456
v 0.18470818 0.70865828 -0.23972763
v 0.18470818 0.71132296 0.20099638
v 0.18470818 0.71918291 0.20092826
v 0.18234573 0.72704279 0.20042801
v 0.18470818 0.72142887 0.20042801
v 0.18470818 0.72704279 0.19870195
v 0.18470818 0.73490274 0.18830147
v 0.18285520 0.75062257 0.19256809
v 0.18470818 0.75062257 0.19040990
v 0.18021500 0.75848252 0.19256809
v 0.18470818 0.75848252 0.18887608
v 0.17743915 0.76634240 0.19256809
v 0.18470818 0.76634240 0.18605298
v 0.17758045 0.77420235 0.18470818
v 0.18470818 0.76809090 0.18470818
v 0.18470818 0.77420235 0.18053894
v 0.18470818 0.78206223 0.17854626
v 0.18311103 0.78992218 0.17684825
v 0.18470818 0.78661132 0.17684825
v 0.18470818 0.78992218 0.17327185
v 0.17726934 0.79778212 0.16898833
v 0.18470818 0.79778212 0.16336107
v 0.17711318 0.80564201 0.16898833
v 0.18470818 0.80564201 0.16270517
v 0.18470818 0.80831832 0.16112840
v 0.18470818 0.81350195 0.15737619
v 0.18120505 0.82136184 0.15326849
v 0.18470818 0.81841117 0.15326849
v 0.18470818 0.82136184 0.15059277
v 0.18078804 0.82922179 0.14540856
v 0.18470818 0.82591581 0.14540856
v 0.18470818 0.82922179 0.13855991
v 0.18470818 0.83653039 0.12968871
v 0.18470818 0.82967502 0.13754864
v 0.18554014 0.65630352 -0.25544748
v 0.19256809 0.65630352 -0.24949700
v 0.18895715 0.65630352 0.21614785
v 0.19256809 0.65630352 0.21312207
v 0.18607901 0.66416341 -0.24758755
v 0.19256809 0.65918970 -0.24758755
v 0.19256809 0.66416341 -0.24273159
v 0.18883494 0.66416341 0.20828794
v 0.19256809 0.66216356 0.20828794
v 0.19256809 0.66416341 0.20569606
v 0.18965948 0.67202336 -0.23972763
v 0.19256809 0.66822171 -0.23972763
v 0.19256809 0.67202336 -0.23770370
v 0.19096999 0.67202336 0.20042801
v 0.19256809 0.66996795 0.20042801
v 0.19256809 0.67202336 0.19878745
v 0.18816176 0.67988324 -0.23972763
v 0.19256809 0.67988324 -0.23538876
v 0.19073948 0.67988324 0.20042801
v 0.19256809 0.67988324 0.19851556
v 0.18489863 0.68774319 -0.23972763
v 0.19256809 0.68525505 -0.23186770
v 0.18988207 0.68774319 -0.23186770
v 0.19256809 0.68774319 -0.23039594
v 0.19031911 0.68774319 0.20042801
v 0.19256809 0.68774319 0.19836769
v 0.18499912 0.69560313 -0.23186770
v 0.19256809 0.69560313 -0.22597858
v 0.18868622 0.69560313 0.20042801
v 0.19256809 0.69560313 0.19739455
v 0.19084814 0.70346302 -0.23186770
v 0.19256809 0.70346302 -0.23068433
v 0.18494755 0.70346302 0.20042801
v 0.19256809 0.70346302 0.19475447
v 0.18581228 0.71132296 -0.23972763
v 0.19256809 0.71132296 -0.23367450
v 0.19256809 0.70594662 -0.23186770
v 0.19256809 0.70843571 0.18470818
v 0.19256809 0.71132296 0.18153162
v 0.19117928 0.71132296 0.19256809
v 0.19256809 0.70745647 0.19256809
v 0.18540870 0.71132296 0.20042801
v 0.19256809 0.71918291 0.19148017
v 0.19207314 0.71918291 0.19256809
v 0.18528385 0.71918291 0.20042801
v 0.19094875 0.72704279 0.19256809
v 0.19256809 0.72704279 0.19102047
v 0.19256809 0.73490274 0.18609963
v 0.19256809 0.74243993 0.18470818
v 0.19256809 0.74276263 0.18465433
v 0.19080724 0.75062257 0.18470818
v 0.19256809 0.75062257 0.18293497
v 0.18870974 0.75848252 0.18470818
v 0.19256809 0.75848252 0.17813993
v 0.19255719 0.76634240 0.17684825
v 0.19256809 0.76622677 0.17684825
v 0.19256809 0.76634240 0.17681563
v 0.18603007 0.76634240 0.18470818
v 0.19037633 0.77420235 0.17684825
v 0.19256809 0.77420235 0.17522940
v 0.18697551 0.78206223 0.17684825
v 0.19256809 0.78206223 0.17140138
v 0.19054386 0.78992218 0.16112840
v 0.19256809 0.78788066 0.16112840
v 0.19256809 0.78992218 0.15895486
v 0.18704747 0.78992218 0.16898833
v 0.19256809 0.78478891 0.16898833
v 0.18929644 0.79778212 0.16112840
v 0.19256809 0.79778212 0.15937391
v 0.18686540 0.80564201 0.16112840
v 0.19256809 0.80564201 0.15565598
v 0.19188435 0.81350195 0.14540856
v 0.19256809 0.81210434 0.14540856
v 0.19256809 0.81350195 0.14091720
v 0.18841590 0.81350195 0.15326849
v 0.19256809 0.80821168 0.15326849
v 0.18898305 0.82136184 0.14540856
v 0.19256809 0.82136184 0.13980217
v 0.18551520 0.82922179 0.13754864
v 0.19256809 0.82344198 0.13754864
v 0.19256809 0.82922179 0.13052092
v 0.19256809 0.82979161 0.12968871
v 0.19471441 0.65630352 -0.24758755
v 0.20042801 0.65630352 -0.24237904
v 0.19795920 0.65630352 0.20828794
v 0.20042801 0.65630352 0.20609592
v 0.19614053 0.66416341 -0.23972763
v 0.20042801 0.66034645 -0.23972763
v 0.20042801 0.66416341 -0.23631127
v 0.19900429 0.66416341 0.20042801
v 0.20042801 0.66326177 0.20042801
v 0.20042801 0.66416341 0.19905406
v 0.19844480 0.67202336 -0.23186770
v 0.20042801 0.66912568 -0.23186770
v 0.20042801 0.67202336 -0.22941124
v 0.19742538 0.67202336 0.19256809
v 0.20042801 0.66854292 0.19256809
v 0.20042801 0.67202336 0.18548714
v 0.19660419 0.67988324 -0.23186770
v 0.20042801 0.67988324 -0.22892874
v 0.19691207 0.67988324 0.19256809
v 0.20042801 0.67988324 0.18515983
v 0.20042801 0.68774319 -0.22736242
v 0.19831863 0.68774319 0.19256809
v 0.20042801 0.68774319 0.19014533
v 0.20042801 0.69524390 -0.22400779
v 0.19958308 0.69560313 -0.22400779
v 0.20042801 0.69560313 -0.22387268
v 0.19713573 0.69560313 0.19256809
v 0.20042801 0.69560313 0.18933877
v 0.20042801 0.70346302 -0.22491549
v 0.19437729 0.70346302 0.19256809
v 0.20042801 0.70346302 0.18523012
v 0.19422160 0.71132296 -0.23186770
v 0.20042801 0.71132296 -0.22449057
v 0.20042801 0.70410073 0.18470818
v 0.20042801 0.71132296 0.17964029
v 0.19734599 0.71918291 0.18470818
v 0.20042801 0.71918291 0.18243688
v 0.19808824 0.72704279 0.18470818
v 0.20042801 0.72704279 0.18203798
v 0.19452779 0.73490274 0.18470818
v 0.20042801 0.73490274 0.17986996
v 0.20042801 0.74276263 0.17827892
v 0.19827738 0.75062257 0.17684825
v 0.20042801 0.74597865 0.17684825
v 0.20042801 0.75062257 0.17411977
v 0.19548427 0.75848252 0.16898833
v 0.20042801 0.75537264 0.16898833
v 0.20042801 0.75848252 0.16628587
v 0.19330077 0.75848252 0.17684825
v 0.19570974 0.76634240 0.16898833
v 0.20042801 0.76634240 0.16519690
v 0.19775267 0.77420235 0.16898833
v 0.20042801 0.77420235 0.16536240
v 0.19888088 0.78206223 0.16112840
v 0.20042801 0.78014696 0.16112840
v 0.20042801 0.78206223 0.15978888
v 0.19446616 0.78206223 0.16898833
v 0.20042801 0.78992218 0.15350032
v 0.19865997 0.79778212 0.15326849
v 0.20042801 0.79089004 0.15326849
v 0.20042801 0.79778212 0.15068117
v 0.19808380 0.80564201 0.13754864
v 0.20042801 0.80427116 0.13754864
v 0.20042801 0.80564201 0.13659936
v 0.19702072 0.80564201 0.14540856
v 0.20042801 0.80186856 0.14540856
v 0.19443856 0.80564201 0.15326849
v 0.19348557 0.81350195 0.13754864
v 0.20042801 0.81350195 0.13324016
v 0.19403319 0.82136184 0.13754864
v 0.20042801 0.82136184 0.13041107
v 0.19606845 0.82922179 0.11396887
v 0.20042801 0.82599020 0.11396887
v 0.19362734 0.82922179 0.12182879
v 0.20042801 0.82491034 0.12182879
v 0.19313562 0.82922179 0.12968871
v 0.20042801 0.82210547 0.12968871
v 0.20316668 0.65630352 -0.23972763
v 0.20828794 0.65630352 -0.23463431
v 0.20649578 0.65630352 0.20042801
v 0.20828794 0.65630352 0.19871393
v 0.20514977 0.66416341 -0.23186770
v 0.20828794 0.66066164 -0.23186770
v 0.20828794 0.66416341 -0.22835428
v 0.20706138 0.66416341 0.19256809
v 0.20828794 0.66340494 0.19256809
v 0.20828794 0.66416341 0.19119605
v 0.20507097 0.67202336 -0.22400779
v 0.20828794 0.66793770 -0.22400779
v 0.20828794 0.67202336 -0.22062892
v 0.20092826 0.67202336 0.18470818
v 0.20828794 0.66734403 0.18470818
v 0.20828794 0.67202336 0.17912698
v 0.20508634 0.67988324 -0.22400779
v 0.20828794 0.67988324 -0.21989259
v 0.20071082 0.67988324 0.18470818
v 0.20828794 0.67988324 0.17860815
v 0.20449325 0.68774319 -0.22400779
v 0.20828794 0.68774319 -0.21968031
v 0.20451581 0.68774319 0.18470818
v 0.20828794 0.68774319 0.17967363
v 0.20828794 0.69560313 -0.21909533
v 0.20455155 0.69560313 0.18470818
v 0.20828794 0.69560313 0.17901927
v 0.20154220 0.70346302 -0.22400779
v 0.20828794 0.70346302 -0.21697102
v 0.20828794 0.70346302 0.16856544
v 0.20716788 0.70346302 0.17684825
v 0.20828794 0.70045286 0.17684825
v 0.20105214 0.70346302 0.18470818
v 0.20828794 0.70494217 -0.21614785
v 0.20563731 0.71132296 -0.21614785
v 0.20828794 0.70984489 -0.20828794
v 0.20828794 0.71132296 0.16748832
v 0.20479441 0.71132296 0.17684825
v 0.20828794 0.71918291 0.17534921
v 0.20724164 0.71918291 0.17684825
v 0.20496029 0.72704279 0.17684825
v 0.20828794 0.72704279 0.17226370
v 0.20302300 0.73490274 0.17684825
v 0.20828794 0.73490274 0.17028289
v 0.20751785 0.74276263 0.16898833
v 0.20828794 0.73922569 0.16898833
v 0.20828794 0.74276263 0.16397226
v 0.20169535 0.74276263 0.17684825
v 0.20822641 0.75062257 0.15326849
v 0.20828794 0.75021154 0.15326849
v 0.20828794 0.75062257 0.15319340
v 0.20738184 0.75062257 0.16112840
v 0.20828794 0.74555159 0.16112840
v 0.20444001 0.75062257 0.16898833
v 0.20828794 0.75081015 0.15326849
v 0.20828794 0.75848252 0.16059014
v 0.20796184 0.75848252 0.16112840
v 0.20687309 0.76634240 0.16112840
v 0.20828794 0.76634240 0.15961257
v 0.20392957 0.77420235 0.16112840
v 0.20828794 0.77420235 0.15476908
v 0.20670506 0.78206223 0.15326849
v 0.20828794 0.77755171 0.15326849
v 0.20828794 0.78206223 0.15126944
v 0.20736313 0.78992218 0.13754864
v 0.20828794 0.78902733 0.13754864
v 0.20828794 0.78992218 0.13681681
v 0.20611644 0.78992218 0.14540856
v 0.20828794 0.78691137 0.14540856
v 0.20073168 0.78992218 0.15326849
v 0.20605166 0.79778212 0.13754864
v 0.20828794 0.79778212 0.13601805
v 0.20330772 0.79778212 0.14540856
v 0.20828794 0.80564201 0.13236357
v 0.20538521 0.81350195 0.12968871
v 0.20828794 0.80969465 0.12968871
v 0.20828794 0.81350195 0.12588817
v 0.20507146 0.82136184 0.12182879
v 0.20828794 0.81718785 0.12182879
v 0.20828794 0.82136184 0.11566904
v 0.20103535 0.82136184 0.12968871
v 0.20711367 0.82922179 0.09038910
v 0.20828794 0.82410884 0.09038910
v 0.20828794 0.82922179 0.09766040
v 0.20751353 0.82922179 0.10610895
v 0.20828794 0.82822996 0.10610895
v 0.20828794 0.82922179 0.09940542
v 0.20828794 0.82228905 0.11396887
v 0.20828794 0.82956815 0.09824903
v 0.20611116 0.83708173 0.09824903
v 0.21097971 0.65630352 -0.23186770
v 0.21614785 0.65630352 -0.22633173
v 0.21447048 0.65630352 0.19256809
v 0.21614785 0.65630352 0.19079669
v 0.21246028 0.66416341 -0.22400779
v 0.21614785 0.66006434 -0.22400779
v 0.21614785 0.66416341 -0.22022426
v 0.21423133 0.66416341 0.18470818
v 0.21614785 0.66299468 0.18470818
v 0.21614785 0.66416341 0.18263154
v 0.21314965 0.67202336 -0.21614785
v 0.21614785 0.66823649 -0.21614785
v 0.21614785 0.67202336 -0.21343222
v 0.21100093 0.67202336 0.17684825
v 0.21614785 0.66762769 0.17684825
v 0.21614785 0.67202336 0.17224798
v 0.21179226 0.67988324 -0.21614785
v 0.21614785 0.67988324 -0.21076113
v 0.21045224 0.67988324 0.17684825
v 0.21614785 0.67988324 0.17166474
v 0.21104495 0.68774319 -0.21614785
v 0.21614785 0.68774319 -0.20977090
v 0.21056342 0.68774319 0.17684825
v 0.21614785 0.68774319 0.17095943
v 0.21081853 0.69560313 -0.21614785
v 0.21614785 0.69560313 -0.20879082
v 0.21606402 0.69560313 0.16898833
v 0.21614785 0.69532776 0.16898833
v 0.21614785 0.69560313 0.16892572
v 0.20960397 0.69560313 0.17684825
v 0.20886062 0.70346302 -0.21614785
v 0.21614785 0.69621623 -0.20828794
v 0.21037261 0.70346302 -0.20828794
v 0.21614785 0.70346302 -0.20162290
v 0.21614785 0.70346302 0.16504817
v 0.21272185 0.71132296 -0.20042801
v 0.21614785 0.70697743 -0.20042801
v 0.21614785 0.71132296 -0.19905946
v 0.21614785 0.71132296 0.16391888
v 0.21211344 0.71918291 0.16898833
v 0.21614785 0.71918291 0.16484512
v 0.21065505 0.72704279 0.16898833
v 0.21614785 0.72704279 0.16268310
v 0.21391243 0.73490274 0.16112840
v 0.21614785 0.73024690 0.16112840
v 0.21614785 0.73490274 0.15811785
v 0.20927247 0.73490274 0.16898833
v 0.21102625 0.74276263 0.15326849
v 0.21614785 0.73955911 0.15326849
v 0.21614785 0.74276263 0.15141059
v 0.20876192 0.74276263 0.16112840
v 0.21614785 0.75062257 0.15022783
v 0.21189325 0.75848252 0.15326849
v 0.21614785 0.75848252 0.15012863
v 0.21212231 0.76634240 0.15326849
v 0.21614785 0.76634240 0.14667697
v 0.21413335 0.77420235 0.14540856
v 0.21614785 0.76860327 0.14540856
v 0.21614785 0.77420235 0.14170468
v 0.20916836 0.77420235 0.15326849
v 0.21212123 0.78206223 0.14540856
v 0.21614785 0.78206223 0.13885747
v 0.21614785 0.78340816 0.13754864
v 0.21614785 0.78992218 0.13321306
v 0.21614186 0.79778212 0.12968871
v 0.21614785 0.79776877 0.12968871
v 0.21614785 0.79778212 0.12967384
v 0.21396208 0.80564201 0.11396887
v 0.21614785 0.80089867 0.11396887
v 0.21614785 0.80564201 0.11058245
v 0.21471202 0.80564201 0.12182879
v 0.21614785 0.80265522 0.12182879
v 0.21093197 0.80564201 0.12968871
v 0.21264210 0.81350195 0.11396887
v 0.21614785 0.81350195 0.10800616
v 0.21049531 0.81350195 0.12182879
v 0.21302901 0.82136184 0.09038910
v 0.21614785 0.82095999 0.09038910
v 0.21614785 0.82136184 0.08914972
v 0.21333160 0.82136184 0.09824903
v 0.21614785 0.81994367 0.09824903
v 0.21277307 0.82136184 0.10610895
v 0.21614785 0.81569254 0.10610895
v 0.20907027 0.82136184 0.11396887
v 0.20839144 0.82922179 0.09824903
v 0.21835054 0.65630352 -0.22400779
v 0.22400779 0.65630352 -0.21769056
v 0.22156763 0.65630352 0.18470818
v 0.22400779 0.65630352 0.18170601
v 0.21950574 0.66416341 -0.21614785
v 0.22400779 0.65854251 -0.21614785
v 0.22400779 0.66416341 -0.21055065
v 0.22078915 0.66416341 0.17684825
v 0.22400779 0.66167575 0.17684825
v 0.22400779 0.66416341 0.17254290
v 0.22022329 0.67202336 -0.20828794
v 0.22400779 0.66611975 -0.20828794
v 0.22340415 0.67202336 -0.20042801
v 0.22400779 0.67129654 -0.20042801
v 0.22400779 0.67202336 -0.19901784
v 0.22397612 0.67202336 0.16112840
v 0.22400779 0.67197299 0.16112840
v 0.22400779 0.67202336 0.16105849
v 0.21876779 0.67202336 0.16898833
v 0.22400779 0.66606170 0.16898833
v 0.21759772 0.67988324 -0.20828794
v 0.21652097 0.67988324 -0.20042801
v 0.22400779 0.67800140 -0.19256809
v 0.22229742 0.67988324 -0.19256809
v 0.22400779 0.67988324 -0.19192183
v 0.22379178 0.67988324 0.15326849
v 0.22400779 0.67941099 0.15326849
v 0.22400779 0.67988324 0.15297177
v 0.22276108 0.67988324 0.16112840
v 0.21849243 0.67988324 0.16898833
v 0.21717232 0.68774319 -0.20828794
v 0.22208142 0.68774319 -0.20042801
v 0.22400779 0.68774319 -0.19784874
v 0.22400779 0.68132365 0.15326849
v 0.22345418 0.68774319 0.16112840
v 0.21808681 0.68774319 0.16898833
v 0.21653681 0.69560313 -0.20828794
v 0.22286627 0.69560313 -0.20042801
v 0.22400779 0.69560313 -0.19737980
v 0.22400779 0.69555020 0.16112840
v 0.22400779 0.69560313 0.16113356
v 0.21748248 0.70346302 -0.20042801
v 0.22400779 0.69912881 -0.19256809
v 0.22135295 0.70346302 -0.19256809
v 0.22187322 0.70346302 -0.18470818
v 0.22400779 0.70064259 -0.18470818
v 0.22210228 0.70346302 0.16112840
v 0.22400779 0.69562829 0.16112840
v 0.22400779 0.70346302 0.15708211
v 0.22209293 0.71132296 -0.19256809
v 0.22060469 0.71132296 0.16112840
v 0.22400779 0.71132296 0.15587090
v 0.21977055 0.71918291 0.16112840
v 0.22400779 0.71918291 0.15638122
v 0.21751617 0.72704279 0.16112840
v 0.22400779 0.72704279 0.15398245
v 0.22105491 0.73490274 0.15326849
v 0.22400779 0.72902179 0.15326849
v 0.22400779 0.73490274 0.14968093
v 0.22400779 0.73521620 0.13754864
v 0.22400779 0.74276263 0.14746384
v 0.22388041 0.75062257 0.14540856
v 0.22400779 0.75025016 0.14540856
v 0.22400779 0.75062257 0.14528503
v 0.22102277 0.75848252 0.14540856
v 0.22400779 0.75848252 0.14007610
v 0.22111644 0.76634240 0.13754864
v 0.22400779 0.76103908 0.13754864
v 0.22400779 0.76634240 0.13287090
v 0.21692671 0.76634240 0.14540856
v 0.21840967 0.77420235 0.13754864
v 0.22400779 0.77420235 0.13031885
v 0.22250466 0.78206223 0.12968871
v 0.22400779 0.77594757 0.12968871
v 0.22400779 0.78206223 0.12704672
v 0.21691999 0.78206223 0.13754864
v 0.22069116 0.78992218 0.11396887
v 0.22400779 0.78859824 0.11396887
v 0.22400779 0.78992218 0.11203687
v 0.22069955 0.78992218 0.12182879
v 0.22400779 0.78583378 0.12182879
v 0.21896461 0.78992218 0.12968871
v 0.21797720 0.79778212 0.11396887
v 0.22400779 0.79778212 0.10841142
v 0.21856380 0.79778212 0.12182879
v 0.22088113 0.80564201 0.10610895
v 0.22400779 0.80176711 0.10610895
v 0.22400779 0.80564201 0.10367443
v 0.22339612 0.81350195 0.09824903
v 0.22400779 0.81245148 0.09824903
v 0.22400779 0.81350195 0.09658160
v 0.21762963 0.81350195 0.10610895
v 0.22400779 0.81637132 0.09038910
v 0.22538570 0.65630352 -0.21614785
v 0.23186770 0.65630352 -0.20837080
v 0.22776397 0.65630352 0.17684825
v 0.23186770 0.65630352 0.17098618
v 0.22574957 0.66416341 -0.20828794
v 0.23186770 0.65641254 -0.20828794
v 0.23116393 0.66416341 -0.20042801
v 0.23186770 0.66353631 -0.20042801
v 0.23186770 0.66416341 -0.19893965
v 0.22642119 0.66416341 0.16898833
v 0.23186770 0.65867311 0.16898833
v 0.23186770 0.66416341 0.16138554
v 0.22777967 0.67202336 -0.19256809
v 0.23186770 0.66773683 -0.19256809
v 0.23186770 0.67202336 -0.18920517
v 0.22816682 0.67202336 0.15326849
v 0.23186770 0.66794884 0.15326849
v 0.23186770 0.67202336 0.14851086
v 0.23186770 0.66427892 0.16112840
v 0.23186770 0.67988324 0.14654313
v 0.22769512 0.68774319 -0.19256809
v 0.22515830 0.68774319 0.15326849
v 0.23186770 0.68774319 0.14725097
v 0.22577031 0.69560313 -0.19256809
v 0.22935835 0.69560313 -0.18470818
v 0.22808263 0.69560313 0.15326849
v 0.23186770 0.69560313 0.14735843
v 0.22401173 0.69560313 0.16112840
v 0.22632980 0.70346302 0.14540856
v 0.22528075 0.70346302 0.15326849
v 0.22701941 0.71132296 0.14540856
v 0.23186770 0.71132296 0.14113559
v 0.22508419 0.71132296 0.15326849
v 0.23057866 0.71918291 0.14540856
v 0.22629358 0.71918291 0.15326849
v 0.22815374 0.72704279 0.14540856
v 0.22455660 0.72704279 0.15326849
v 0.22953297 0.73490274 0.12968871
v 0.22580917 0.73490274 0.14540856
v 0.23186770 0.73734838 0.12968871
v 0.22927284 0.74276263 0.13754864
v 0.23186770 0.74276263 0.13289836
v 0.22571094 0.74276263 0.14540856
v 0.23186770 0.75062257 0.11282951
v 0.22892095 0.75062257 0.13754864
v 0.23186770 0.75062257 0.13175228
v 0.23007219 0.75848252 0.12968871
v 0.23186770 0.75393814 0.12968871
v 0.23186770 0.75848252 0.12631272
v 0.22517893 0.75848252 0.13754864
v 0.22615650 0.76634240 0.12968871
v 0.23186770 0.76634240 0.12185494
v 0.23080570 0.77420235 0.12182879
v 0.23186770 0.76644808 0.12182879
v 0.23186770 0.77420235 0.11821845
v 0.22451498 0.77420235 0.12968871
v 0.22744566 0.78206223 0.12182879
v 0.23186770 0.78206223 0.11407405
v 0.23139229 0.78992218 0.10610895
v 0.23186770 0.78930128 0.10610895
v 0.23186770 0.78992218 0.10544608
v 0.23186770 0.78214067 0.11396887
v 0.23153417 0.79778212 0.09824903
v 0.23186770 0.79691976 0.09824903
v 0.23186770 0.79778212 0.09758028
v 0.22628208 0.79778212 0.10610895
v 0.23051630 0.80564201 0.09038910
v 0.23186770 0.80346322 0.09038910
v 0.22766669 0.80564201 0.09824903
v 0.22609797 0.81350195 0.09038910
v 0.23193222 0.65630352 -0.20828794
v 0.23776625 0.65630352 -0.20042801
v 0.23972763 0.65630352 -0.19757049
v 0.23836987 0.65630352 0.16112840
v 0.23972763 0.65630352 0.15906556
v 0.23324969 0.65630352 0.16898833
v 0.23535511 0.66416341 -0.19256809
v 0.23972763 0.66067147 -0.19256809
v 0.23972763 0.66416341 -0.18606995
v 0.23688486 0.66416341 0.15326849
v 0.23972763 0.66189283 0.15326849
v 0.23972763 0.66416341 0.14874138
v 0.23203285 0.66416341 0.16112840
v 0.23574394 0.67202336 -0.18470818
v 0.23972763 0.66524392 -0.18470818
v 0.23972763 0.67202336 -0.17828067
v 0.23925976 0.67202336 0.13754864
v 0.23972763 0.67123097 0.13754864
v 0.23972763 0.67202336 0.13612899
v 0.23416047 0.67202336 0.14540856
v 0.23972763 0.66570890 0.14540856
v 0.23948188 0.67988324 0.13754864
v 0.23972763 0.67988324 0.13683300
v 0.23323962 0.67988324 0.14540856
v 0.23972763 0.68732345 -0.16112840
v 0.23972763 0.68774319 -0.16111617
v 0.23840885 0.68774319 0.13754864
v 0.23385799 0.68774319 0.14540856
v 0.23791461 0.69560313 0.13754864
v 0.23324285 0.69560313 0.14540856
v 0.23680894 0.70346302 0.13754864
v 0.23646401 0.71132296 0.12182879
v 0.23972763 0.70752782 0.12182879
v 0.23972763 0.71132296 0.11686129
v 0.23758778 0.74276263 0.12182879
v 0.23383124 0.74276263 0.12968871
v 0.23972763 0.75062257 0.10654335
v 0.23401642 0.75062257 0.12182879
v 0.23291329 0.75062257 0.12968871
v 0.23400898 0.75848252 0.11396887
v 0.23972763 0.75848252 0.10671077
v 0.23379335 0.75848252 0.12182879
v 0.23688929 0.76634240 0.10610895
v 0.23972763 0.75984806 0.10610895
v 0.23972763 0.76634240 0.10323668
v 0.23277044 0.76634240 0.11396887
v 0.23188210 0.76634240 0.12182879
v 0.23639025 0.77420235 0.10610895
v 0.23972763 0.77420235 0.10095675
v 0.23312424 0.77420235 0.11396887
v 0.23718984 0.78206223 0.08252918
v 0.23972763 0.77962786 0.08252918
v 0.23721755 0.78206223 0.09038910
v 0.23972763 0.77877623 0.09038910
v 0.23800035 0.78206223 0.09824903
v 0.23972763 0.77776605 0.09824903
v 0.23508562 0.78206223 0.10610895
v 0.23192072 0.78206223 0.11396887
v 0.23890224 0.78992218 0.08252918
v 0.23708515 0.78992218 0.09038910
v 0.23481314 0.78992218 0.09824903
v 0.23970136 0.79778212 0.07466926
v 0.23777284 0.79778212 0.08252918
v 0.23547973 0.79778212 0.09038910
v 0.24303730 0.65630352 -0.19256809
v 0.24758755 0.65630352 -0.18505064
v 0.24347217 0.65630352 0.15326849
v 0.24758755 0.65630352 0.14641708
v 0.24056080 0.66416341 -0.18470818
v 0.24758755 0.65663713 -0.18470818
v 0.24520341 0.66416341 -0.17684825
v 0.24758755 0.66228884 -0.17684825
v 0.24758755 0.66416341 -0.16918388
v 0.24585427 0.66416341 0.13754864
v 0.24758755 0.66283900 0.13754864
v 0.24758755 0.66416341 0.13309073
v 0.24152099 0.66416341 0.14540856
v 0.24758755 0.65738708 0.14540856
v 0.24048561 0.67202336 -0.17684825
v 0.24758755 0.66422135 -0.16898833
v 0.24153550 0.67202336 -0.16898833
v 0.24685644 0.67202336 -0.16112840
v 0.24758755 0.67100042 -0.16112840
v 0.24758755 0.67202336 -0.16060297
v 0.24596269 0.67202336 0.12182879
v 0.24758755 0.66931468 0.12182879
v 0.24758755 0.67202336 0.11864769
v 0.24170412 0.67202336 0.12968871
v 0.24758755 0.66514438 0.12968871
v 0.24022990 0.67988324 -0.16112840
v 0.24758755 0.67988324 -0.15808235
v 0.24710830 0.67988324 0.12182879
v 0.24758755 0.67988324 0.12123512
v 0.24228652 0.67988324 0.12968871
v 0.24758755 0.68774319 -0.15668406
v 0.24758755 0.68774319 0.10488828
v 0.24758755 0.69560313 -0.15885639
v 0.24758755 0.69560313 0.10224291
v 0.24387179 0.70346302 0.12182879
v 0.24758755 0.70346302 0.11656422
v 0.24346666 0.71132296 0.11396887
v 0.24758755 0.70679992 0.11396887
v 0.24758755 0.71132296 0.10968031
v 0.24604762 0.71918291 0.09824903
v 0.24758755 0.71792632 0.09824903
v 0.24343055 0.71918291 0.10610895
v 0.24758755 0.71374726 0.10610895
v 0.24746414 0.75062257 0.09824903
v 0.24026817 0.75062257 0.10610895
v 0.24495898 0.75848252 0.09824903
v 0.24015783 0.75848252 0.10610895
v 0.24259019 0.76634240 0.09824903
v 0.24526697 0.77420235 0.08252918
v 0.24261896 0.77420235 0.09038910
v 0.24104089 0.77420235 0.09824903
v 0.24779360 0.65630352 -0.18470818
v 0.25235727 0.65630352 -0.17684825
v 0.25544748 0.65630352 -0.17072645
v 0.25276709 0.65630352 0.13754864
v 0.25544748 0.65630352 0.13239920
v 0.24821708 0.65630352 0.14540856
v 0.24766071 0.66416341 -0.16898833
v 0.25544748 0.65770024 -0.16898833
v 0.25269526 0.66416341 -0.16112840
v 0.25544748 0.66243625 -0.16112840
v 0.25544748 0.66416341 -0.15596068
v 0.25290921 0.66416341 0.12182879
v 0.25544748 0.66263294 0.12182879
v 0.25544748 0.66416341 0.11631164
v 0.24895634 0.66416341 0.12968871
v 0.25544748 0.65843230 0.12968871
v 0.25278854 0.67202336 -0.15326849
v 0.25544748 0.66579968 -0.15326849
v 0.25544748 0.67202336 -0.14611167
v 0.25460687 0.67202336 0.10610895
v 0.25544748 0.67008561 0.10610895
v 0.25544748 0.67202336 0.10429592
v 0.24987538 0.67202336 0.11396887
v 0.25544748 0.66492653 0.11396887
v 0.25227273 0.67988324 -0.15326849
v 0.25512472 0.67988324 -0.14540856
v 0.25357425 0.67988324 -0.13754864
v 0.25544748 0.67699707 -0.13754864
v 0.25375125 0.67988324 -0.12968871
v 0.25544748 0.67838144 -0.12968871
v 0.25471744 0.67988324 0.08252918
v 0.25544748 0.67855072 0.08252918
v 0.25544748 0.67988324 0.08132206
v 0.25509882 0.67988324 0.10610895
v 0.25544748 0.67988324 0.10533850
v 0.25153849 0.67988324 0.11396887
v 0.25091246 0.68774319 -0.15326849
v 0.25544748 0.68774319 0.09912310
v 0.25284755 0.69560313 0.09824903
v 0.25544748 0.69076133 0.09824903
v 0.25544748 0.69560313 0.09685721
v 0.25544748 0.70019186 0.09824903
v 0.25170603 0.70346302 0.10610895
v 0.25544748 0.70346302 0.09952152
v 0.24898237 0.70346302 0.11396887
v 0.25491881 0.71132296 0.09824903
v 0.25544748 0.70848328 0.09824903
v 0.25544748 0.71132296 0.09733070
v 0.24955912 0.71132296 0.10610895
v 0.25632563 0.65630352 -0.16898833
v 0.25992611 0.65630352 -0.16112840
v 0.26298717 0.65630352 -0.15326849
v 0.26330739 0.65630352 -0.15249018
v 0.26068890 0.65630352 0.12182879
v 0.26330739 0.65630352 0.11557777
v 0.25689352 0.65630352 0.12968871
v 0.25641868 0.66416341 -0.15326849
v 0.26330739 0.66042465 -0.14540856
v 0.25924382 0.66416341 -0.14540856
v 0.26294929 0.66416341 -0.13754864
v 0.26330739 0.66383374 -0.13754864
v 0.26330739 0.66416341 -0.13646498
v 0.26320750 0.66416341 0.09824903
v 0.26330739 0.66408873 0.09824903
v 0.26330739 0.66416341 0.09791081
v 0.25994399 0.66416341 0.10610895
v 0.26330739 0.66173345 0.10610895
v 0.25641328 0.66416341 0.11396887
v 0.26330739 0.65747654 0.11396887
v 0.25568578 0.67202336 -0.14540856
v 0.25822583 0.67202336 -0.13754864
v 0.26330739 0.66755056 -0.12968871
v 0.26102266 0.67202336 -0.12968871
v 0.26330739 0.67202336 -0.12395617
v 0.26069608 0.67202336 0.08252918
v 0.26330739 0.66939896 0.08252918
v 0.26330739 0.67202336 0.07910642
v 0.25914043 0.67202336 0.09038910
v 0.26330739 0.66618657 0.09038910
v 0.25794974 0.67202336 0.09824903
v 0.26288667 0.67988324 -0.12182879
v 0.26330739 0.67794180 -0.12182879
v 0.26314706 0.67988324 -0.11396887
v 0.26330739 0.67949879 -0.11396887
v 0.26330739 0.67988324 -0.11289493
v 0.26330739 0.67988324 0.07514215
v 0.25716981 0.67988324 0.09038910
v 0.25793669 0.67988324 0.09824903
v 0.25852111 0.68774319 -0.11396887
v 0.26330739 0.68185878 -0.10610895
v 0.25914368 0.68774319 -0.10610895
v 0.25864092 0.68774319 0.08252918
v 0.25867343 0.68774319 0.09038910
v 0.25606343 0.68774319 0.09824903
v 0.25907844 0.69560313 0.08252918
v 0.25960481 0.69560313 0.09038910
v 0.25787550 0.70346302 0.09038910
v 0.25611982 0.70346302 0.09824903
v 0.25729156 0.71132296 0.08252918
v 0.25816780 0.71132296 0.09038910
v 0.25710553 0.71918291 0.09038910
v 0.26628724 0.65630352 -0.14540856
v 0.26917332 0.65630352 -0.13754864
v 0.27116731 0.65630352 -0.13186628
v 0.26970077 0.65630352 0.09824903
v 0.27116731 0.65630352 0.09378716
v 0.26708168 0.65630352 0.10610895
v 0.26396978 0.65630352 0.11396887
v 0.26566276 0.66416341 -0.12968871
v 0.27116731 0.65763295 -0.12968871
v 0.26843104 0.66416341 -0.12182879
v 0.27116731 0.66141742 -0.12182879
v 0.27040562 0.66416341 -0.11396887
v 0.27116731 0.66351759 -0.11396887
v 0.27116731 0.66416341 -0.10820993
v 0.27111503 0.66416341 0.07466926
v 0.27116731 0.66411775 0.07466926
v 0.27116731 0.66416341 0.07436259
v 0.26884830 0.66416341 0.08252918
v 0.27116731 0.66204649 0.08252918
v 0.26568493 0.66416341 0.09038910
v 0.27116731 0.65836191 0.09038910
v 0.26404271 0.67202336 -0.12182879
v 0.26528773 0.67202336 -0.11396887
v 0.27116731 0.66440976 -0.10610895
v 0.26490563 0.67202336 -0.10610895
v 0.26437587 0.67202336 -0.09824903
v 0.27116731 0.66491759 -0.09824903
v 0.27116731 0.66869092 -0.07466926
v 0.27116731 0.67202336 -0.06983273
v 0.27089339 0.67202336 0.05108950
v 0.27116731 0.67150247 0.05108950
v 0.27116731 0.67202336 0.05003792
v 0.26953214 0.67202336 0.05894941
v 0.27116731 0.66843265 0.05894941
v 0.26808637 0.67202336 0.06680934
v 0.27116731 0.66587257 0.06680934
v 0.26591736 0.67202336 0.07466926
v 0.26413614 0.67988324 -0.10610895
v 0.26581100 0.67988324 -0.09824903
v 0.27052724 0.67988324 0.04322957
v 0.27116731 0.67864329 0.04322957
v 0.27116731 0.67988324 0.04253924
v 0.26859620 0.67988324 0.05108950
v 0.26976675 0.67988324 0.05894941
v 0.26375246 0.67988324 0.07466926
v 0.27038786 0.68774319 0.04322957
v 0.27116731 0.68774319 0.04152725
v 0.26965460 0.68774319 0.05108950
v 0.27026039 0.68774319 0.05894941
v 0.27116731 0.69005883 0.04322957
v 0.27116731 0.69560313 0.04882468
v 0.27055243 0.69560313 0.05108950
v 0.26723602 0.69560313 0.05894941
v 0.27194735 0.65630352 -0.12968871
v 0.27466300 0.65630352 -0.12182879
v 0.27692375 0.65630352 -0.11396887
v 0.27902722 0.65630352 -0.10640614
v 0.27701321 0.65630352 0.07466926
v 0.27902722 0.65630352 0.06716098
v 0.27484360 0.65630352 0.08252918
v 0.27229193 0.65630352 0.09038910
v 0.27151489 0.66416341 -0.10610895
v 0.27902722 0.65646011 -0.10610895
v 0.27228773 0.66416341 -0.09824903
v 0.27902722 0.65966678 -0.09824903
v 0.27605590 0.66416341 -0.09038910
v 0.27902722 0.66176826 -0.09038910
v 0.27713493 0.66416341 -0.08252918
v 0.27902722 0.66275853 -0.08252918
v 0.27542314 0.66416341 -0.07466926
v 0.27902722 0.66290987 -0.07466926
v 0.27902722 0.66416341 -0.06731281
v 0.27869070 0.66416341 0.04322957
v 0.27902722 0.66388553 0.04322957
v 0.27902722 0.66416341 0.03894845
v 0.27739412 0.66416341 0.05108950
v 0.27902722 0.66264880 0.05108950
v 0.27476421 0.66416341 0.05894941
v 0.27902722 0.66004395 0.05894941
v 0.27259332 0.66416341 0.06680934
v 0.27902722 0.65649384 0.06680934
v 0.27203646 0.67202336 -0.06680934
v 0.27902722 0.66428465 -0.06680934
v 0.27721217 0.67202336 -0.05894941
v 0.27902722 0.66829401 -0.05894941
v 0.27718723 0.67202336 -0.05108950
v 0.27902722 0.66871309 -0.05108950
v 0.27415293 0.67202336 -0.04322957
v 0.27902722 0.66733098 -0.04322957
v 0.27806729 0.67202336 -0.03536965
v 0.27902722 0.67064589 -0.03536965
v 0.27679986 0.67202336 -0.02750973
v 0.27902722 0.66991168 -0.02750973
v 0.27406093 0.67202336 -0.01964981
v 0.27902722 0.66835147 -0.01964981
v 0.27854067 0.67202336 -0.01178988
v 0.27902722 0.67126238 -0.01178988
v 0.27900672 0.67202336 -0.00392996
v 0.27902722 0.67197043 -0.00392996
v 0.27769154 0.67202336 0.00392996
v 0.27902722 0.66911137 0.00392996
v 0.27733642 0.67202336 0.01178988
v 0.27902722 0.66830170 0.01178988
v 0.27687672 0.67202336 0.01964981
v 0.27902722 0.66752946 0.01964981
v 0.27530774 0.67202336 0.02750973
v 0.27902722 0.66570073 0.02750973
v 0.27465987 0.67202336 0.03536965
v 0.27902722 0.66448015 0.03536965
v 0.27317283 0.67202336 0.04322957
v 0.27736124 0.67988324 -0.01178988
v 0.27902722 0.67988324 -0.00554995
v 0.27902722 0.67248195 -0.00392996
v 0.27487612 0.67988324 0.03536965
v 0.27902722 0.68126804 -0.00392996
v 0.27680439 0.68774319 -0.00392996
v 0.27323532 0.68774319 0.03536965
v 0.27241641 0.69560313 0.04322957
v 0.27910987 0.65630352 -0.10610895
v 0.28123748 0.65630352 -0.09824903
v 0.28307113 0.65630352 -0.09038910
v 0.28451729 0.65630352 -0.08252918
v 0.28586724 0.65630352 -0.07466926
v 0.28688717 0.65630352 -0.06847653
v 0.28676543 0.65630352 0.02750973
v 0.28688717 0.65630352 0.02649545
v 0.28559262 0.65630352 0.03536965
v 0.28428245 0.65630352 0.04322957
v 0.28281578 0.65630352 0.05108950
v 0.28106129 0.65630352 0.05894941
v 0.27912164 0.65630352 0.06680934
v 0.27918196 0.66416341 -0.06680934
v 0.28688717 0.65676284 -0.06680934
v 0.28170991 0.66416341 -0.05894941
v 0.28688717 0.65828764 -0.05894941
v 0.28234327 0.66416341 -0.05108950
v 0.28688717 0.65927279 -0.05108950
v 0.28268170 0.66416341 -0.04322957
v 0.28688717 0.66012180 -0.04322957
v 0.28402916 0.66416341 -0.03536965
v 0.28688717 0.66109544 -0.03536965
v 0.28465426 0.66416341 -0.02750973
v 0.28688717 0.66179526 -0.02750973
v 0.28452268 0.66416341 -0.01964981
v 0.28688717 0.66190892 -0.01964981
v 0.28450182 0.66416341 -0.01178988
v 0.28688717 0.66167939 -0.01178988
v 0.28371313 0.66416341 -0.00392996
v 0.28688717 0.66099322 -0.00392996
v 0.28259069 0.66416341 0.00392996
v 0.28688717 0.66006255 0.00392996
v 0.28198624 0.66416341 0.01178988
v 0.28688717 0.65902025 0.01178988
v 0.28141677 0.66416341 0.01964981
v 0.28688717 0.65775603 0.01964981
v 0.28034553 0.66416341 0.02750973
v 0.27929085 0.66416341 0.03536965
v 0.27934495 0.67988324 -0.00392996
v 0.28713855 0.65630352 -0.06680934
v 0.28798082 0.65630352 -0.05894941
v 0.28863531 0.65630352 -0.05108950
v 0.28921542 0.65630352 -0.04322957
v 0.28975007 0.65630352 -0.03536965
v 0.29012248 0.65630352 -0.02750973
v 0.29029506 0.65630352 -0.01964981
v 0.29015845 0.65630352 -0.01178988
v 0.28977394 0.65630352 -0.00392996
v 0.28915268 0.65630352 0.00392996
v 0.28844258 0.65630352 0.01178988
v 0.28767285 0.65630352 0.01964981
f 1 14 2
f 3 14 1
f 15 14 3
f 4 15 3
f 16 15 4
f 5 16 4
f 17 16 5
f 6 17 5
f 18 17 6
f 7 18 6
f 19 18 7
f 8 19 7
f 20 19 8
f 9 20 8
f 21 20 9
f 10 21 9
f 22 21 10
f 11 22 10
f 23 22 11
f 12 23 11
f 24 23 12
f 13 24 12
f 25 37 26
f 27 37 25
f 38 37 27
f 28 38 27
f 39 38 28
f 29 39 28
f 40 39 29
f 30 40 29
f 41 40 30
f 42 43 41
f 14 42 41
f 14 41 30
f 14 30 2
f 14 15 44
f 42 14 44
f 15 16 45
f 44 15 45
f 16 17 46
f 45 16 46
f 17 18 47
f 46 17 47
f 18 19 48
f 47 18 48
f 19 20 49
f 48 19 49
f 20 21 50
f 49 20 50
f 21 22 51
f 50 21 51
f 52 51 22
f 52 22 53
f 53 22 23
f 54 55 53
f 54 53 24
f 24 53 23
f 24 13 31
f 24 31 54
f 54 31 56
f 57 32 58
f 57 56 32
f 56 31 32
f 33 58 32
f 59 58 33
f 34 59 33
f 60 59 34
f 35 60 34
f 61 60 35
f 36 61 35
f 42 62 43
f 44 62 42
f 63 62 44
f 45 63 44
f 64 63 45
f 46 64 45
f 65 64 46
f 47 65 46
f 66 65 47
f 48 66 47
f 67 66 48
f 49 67 48
f 68 67 49
f 50 68 49
f 69 68 50
f 51 69 50
f 70 69 51
f 52 70 51
f 54 71 55
f 56 71 54
f 72 71 56
f 57 72 56
f 73 82 74
f 75 82 73
f 83 82 75
f 76 83 75
f 84 83 76
f 85 86 84
f 37 85 84
f 37 84 76
f 37 76 26
f 37 38 87
f 85 37 87
f 38 39 88
f 87 38 88
f 39 40 89
f 88 39 89
f 40 41 90
f 89 40 90
f 41 43 90
f 53 91 52
f 53 55 91
f 58 92 57
f 58 59 93
f 92 58 93
f 59 60 94
f 93 59 94
f 60 61 95
f 94 60 95
f 61 36 77
f 61 77 95
f 95 77 96
f 97 78 98
f 97 96 78
f 96 77 78
f 79 98 78
f 99 98 79
f 80 99 79
f 100 99 80
f 81 100 80
f 85 101 86
f 87 101 85
f 102 101 87
f 88 102 87
f 103 102 88
f 103 104 105
f 103 88 104
f 88 89 104
f 90 106 89
f 106 104 89
f 43 106 90
f 43 107 106
f 43 62 107
f 107 108 106
f 63 109 62
f 62 109 107
f 64 109 63
f 64 65 110
f 65 66 111
f 66 67 112
f 111 66 112
f 67 68 113
f 112 67 113
f 68 69 114
f 113 68 114
f 69 70 115
f 114 69 115
f 70 52 91
f 70 91 115
f 115 91 116
f 55 71 117
f 55 117 91
f 91 117 116
f 71 72 118
f 117 71 118
f 57 119 72
f 57 92 120
f 93 120 92
f 121 120 93
f 94 121 93
f 122 121 94
f 95 122 94
f 123 122 95
f 96 123 95
f 124 123 96
f 97 124 96
f 125 105 104
f 126 105 125
f 106 127 104
f 127 125 104
f 114 129 113
f 129 128 113
f 115 130 114
f 130 129 114
f 116 131 115
f 131 130 115
f 125 132 126
f 132 133 134
f 132 125 133
f 125 127 133
f 135 133 127
f 128 139 138
f 129 140 128
f 140 139 128
f 130 141 129
f 141 140 129
f 141 130 131
f 133 143 134
f 143 144 145
f 143 133 144
f 133 135 144
f 136 146 135
f 146 144 135
f 149 148 137
f 139 150 138
f 140 151 139
f 151 150 139
f 141 152 140
f 152 151 140
f 153 141 142
f 153 154 141
f 154 152 141
f 156 145 144
f 157 145 156
f 146 158 144
f 158 156 144
f 147 148 159
f 149 160 148
f 160 159 148
f 150 161 149
f 161 160 149
f 151 162 150
f 162 161 150
f 152 163 151
f 163 162 151
f 154 164 152
f 164 163 152
f 164 154 155
f 156 166 157
f 166 167 168
f 166 156 167
f 156 158 167
f 169 167 158
f 159 171 170
f 160 172 159
f 172 171 159
f 161 173 160
f 173 172 160
f 162 174 161
f 174 173 161
f 163 175 162
f 175 174 162
f 164 176 163
f 176 175 163
f 177 164 165
f 176 164 177
f 167 178 168
f 178 179 180
f 178 167 179
f 167 169 179
f 170 181 169
f 181 179 169
f 182 171 183
f 182 181 171
f 181 170 171
f 172 183 171
f 184 183 172
f 172 173 185
f 174 186 173
f 186 185 173
f 175 187 174
f 187 186 174
f 176 188 175
f 188 187 175
f 189 176 177
f 189 190 176
f 190 188 176
f 189 191 190
f 179 192 180
f 181 192 179
f 193 192 181
f 182 193 181
f 195 186 196
f 195 194 186
f 194 185 186
f 187 196 186
f 195 197 194
f 198 206 199
f 200 206 198
f 207 206 200
f 207 208 209
f 207 200 208
f 200 201 208
f 74 82 210
f 74 210 201
f 201 210 208
f 82 83 211
f 210 82 211
f 83 84 212
f 211 83 212
f 84 86 212
f 98 213 97
f 98 99 214
f 213 98 214
f 99 100 215
f 214 99 215
f 100 216 215
f 81 216 100
f 81 217 216
f 81 202 217
f 203 217 202
f 218 217 203
f 204 218 203
f 219 218 204
f 205 219 204
f 208 220 209
f 210 220 208
f 221 220 210
f 221 222 223
f 221 210 222
f 210 211 222
f 212 224 211
f 224 222 211
f 86 224 212
f 86 101 225
f 226 227 225
f 226 225 102
f 102 225 101
f 102 103 228
f 226 102 228
f 103 105 228
f 107 229 108
f 107 109 230
f 229 107 230
f 120 121 232
f 231 120 232
f 121 122 233
f 232 121 233
f 122 123 234
f 233 122 234
f 123 124 235
f 234 123 235
f 124 97 213
f 124 213 235
f 235 213 236
f 237 214 238
f 237 236 214
f 236 213 214
f 215 238 214
f 239 238 215
f 216 239 215
f 222 240 223
f 240 241 242
f 240 222 241
f 222 224 241
f 244 241 224
f 227 244 243
f 227 226 244
f 226 245 244
f 246 245 226
f 105 126 246
f 228 105 246
f 234 248 233
f 248 247 233
f 235 249 234
f 249 248 234
f 250 236 251
f 250 249 236
f 249 235 236
f 237 251 236
f 241 252 242
f 252 253 254
f 252 241 253
f 241 244 253
f 245 255 244
f 255 253 244
f 256 255 245
f 126 132 257
f 126 257 246
f 246 257 256
f 132 134 257
f 248 260 247
f 260 259 247
f 249 261 248
f 261 260 248
f 262 249 250
f 262 263 249
f 263 261 249
f 262 264 263
f 265 254 253
f 266 254 265
f 255 267 253
f 267 265 253
f 256 268 255
f 268 267 255
f 257 269 256
f 269 268 256
f 134 143 270
f 134 270 257
f 257 270 269
f 143 145 270
f 142 258 153
f 261 273 260
f 273 272 260
f 274 263 275
f 274 273 263
f 273 261 263
f 264 275 263
f 276 277 278
f 266 276 278
f 266 265 276
f 265 279 276
f 267 280 265
f 280 279 265
f 280 267 268
f 269 281 268
f 282 281 269
f 269 270 283
f 145 157 283
f 270 145 283
f 285 271 286
f 272 287 271
f 287 286 271
f 273 288 272
f 288 287 272
f 289 273 274
f 288 273 289
f 276 290 277
f 290 291 292
f 290 276 291
f 276 279 291
f 280 293 279
f 293 291 279
f 295 293 280
f 295 296 297
f 294 296 295
f 283 298 297
f 157 166 299
f 157 299 283
f 283 299 298
f 166 168 299
f 284 300 177
f 165 284 177
f 301 302 303
f 301 287 302
f 287 288 302
f 304 288 289
f 302 288 304
f 291 305 292
f 305 306 307
f 305 291 306
f 291 293 306
f 295 308 293
f 308 306 293
f 297 309 295
f 309 308 295
f 298 310 297
f 310 309 297
f 299 311 298
f 168 178 312
f 168 312 299
f 299 312 311
f 178 180 312
f 183 313 182
f 183 184 314
f 313 183 314
f 177 300 189
f 191 189 300
f 191 300 315
f 302 316 303
f 304 316 302
f 317 307 306
f 318 307 317
f 317 306 308
f 320 311 312
f 323 324 322
f 192 323 322
f 192 322 312
f 192 312 180
f 192 193 325
f 323 192 325
f 193 326 325
f 182 326 193
f 182 327 326
f 182 313 327
f 196 328 195
f 317 329 318
f 331 330 319
f 332 320 321
f 332 333 320
f 333 331 320
f 323 334 333
f 325 335 323
f 335 334 323
f 336 335 325
f 197 195 328
f 197 328 338
f 338 328 339
f 340 339 328
f 331 343 330
f 343 341 330
f 333 344 331
f 344 343 331
f 334 345 333
f 345 344 333
f 335 346 334
f 346 345 334
f 336 347 335
f 347 346 335
f 337 348 336
f 348 347 336
f 338 349 337
f 349 348 337
f 339 350 338
f 350 349 338
f 351 350 339
f 341 353 342
f 343 353 341
f 344 345 354
f 346 355 345
f 355 354 345
f 348 349 356
f 350 358 349
f 358 356 349
f 351 359 350
f 359 358 350
f 352 360 351
f 360 359 351
f 355 365 354
f 365 364 354
f 356 366 357
f 366 367 368
f 366 356 367
f 356 358 367
f 359 369 358
f 369 367 358
f 369 359 360
f 371 370 361
f 362 371 361
f 372 371 362
f 363 372 362
f 365 373 364
f 374 373 365
f 367 375 368
f 369 375 367
f 376 375 369
f 377 384 378
f 379 384 377
f 385 384 379
f 385 386 387
f 385 379 386
f 379 380 386
f 199 206 388
f 199 388 380
f 380 388 386
f 206 207 389
f 388 206 389
f 207 209 389
f 217 390 216
f 217 218 391
f 390 217 391
f 218 219 392
f 391 218 392
f 219 393 392
f 205 393 219
f 205 394 393
f 205 381 394
f 382 394 381
f 395 394 382
f 383 395 382
f 386 396 387
f 388 396 386
f 397 396 388
f 389 397 388
f 398 397 389
f 399 400 398
f 220 399 398
f 220 398 389
f 220 389 209
f 220 221 401
f 399 220 401
f 221 223 401
f 225 227 402
f 238 403 237
f 238 239 404
f 403 238 404
f 239 216 390
f 239 390 404
f 404 390 405
f 406 391 407
f 406 405 391
f 405 390 391
f 392 407 391
f 408 407 392
f 393 408 392
f 409 400 399
f 410 400 409
f 401 411 399
f 411 409 399
f 223 240 412
f 223 412 401
f 401 412 411
f 240 242 412
f 227 243 402
f 251 413 250
f 251 414 413
f 237 414 251
f 237 415 414
f 237 403 415
f 403 404 416
f 405 418 404
f 418 416 404
f 419 405 406
f 418 405 419
f 420 410 409
f 421 410 420
f 422 420 409
f 242 252 424
f 242 424 412
f 412 424 423
f 250 413 262
f 264 425 426
f 262 425 264
f 262 414 425
f 262 413 414
f 417 426 425
f 417 416 426
f 416 427 426
f 418 428 416
f 428 427 416
f 429 418 419
f 429 430 418
f 430 428 418
f 429 431 430
f 432 421 420
f 433 421 432
f 422 434 420
f 434 432 420
f 423 435 422
f 435 434 422
f 424 436 423
f 436 435 423
f 275 437 274
f 275 264 426
f 275 426 437
f 437 426 438
f 427 439 426
f 439 438 426
f 428 440 427
f 440 439 427
f 441 430 442
f 441 440 430
f 440 428 430
f 431 442 430
f 443 433 432
f 444 433 443
f 434 445 432
f 445 443 432
f 446 445 434
f 278 277 446
f 278 446 436
f 436 446 435
f 281 282 448
f 447 281 448
f 437 449 289
f 274 437 289
f 450 451 452
f 450 438 451
f 438 439 451
f 440 453 439
f 453 451 439
f 454 440 441
f 453 440 454
f 455 444 443
f 456 444 455
f 445 457 443
f 457 455 443
f 446 458 445
f 458 457 445
f 277 290 459
f 277 459 446
f 446 459 458
f 290 292 459
f 296 294 447
f 448 296 447
f 301 303 460
f 289 449 304
f 451 463 462
f 464 453 465
f 464 463 453
f 463 451 453
f 454 465 453
f 455 466 456
f 466 467 468
f 466 455 467
f 455 457 467
f 458 469 457
f 469 458 459
f 305 471 470
f 305 459 292
f 305 307 471
f 303 316 474
f 303 474 460
f 460 474 473
f 316 304 461
f 316 461 474
f 474 461 475
f 462 476 461
f 476 475 461
f 463 477 462
f 477 476 462
f 478 463 464
f 477 463 478
f 479 468 467
f 480 468 479
f 481 479 467
f 482 472 471
f 307 318 482
f 471 307 482
f 322 324 483
f 327 484 326
f 475 486 474
f 486 485 474
f 487 476 488
f 487 486 476
f 486 475 476
f 477 488 476
f 489 488 477
f 478 489 477
f 479 490 480
f 490 491 492
f 490 479 491
f 479 481 491
f 493 491 481
f 482 494 493
f 318 329 495
f 318 495 482
f 482 495 494
f 321 483 332
f 486 498 485
f 499 486 487
f 498 486 499
f 500 492 491
f 501 492 500
f 493 502 491
f 502 500 491
f 494 503 493
f 503 502 493
f 495 504 494
f 504 503 494
f 505 504 495
f 497 506 496
f 506 505 496
f 499 508 498
f 500 509 501
f 509 510 511
f 509 500 510
f 500 502 510
f 503 512 502
f 512 510 502
f 504 513 503
f 513 512 503
f 505 514 504
f 514 513 504
f 506 515 505
f 515 514 505
f 342 353 516
f 342 516 506
f 506 516 515
f 518 507 519
f 519 507 520
f 510 521 511
f 512 521 510
f 522 521 512
f 522 523 524
f 522 512 523
f 512 513 523
f 514 525 513
f 525 523 513
f 515 526 514
f 526 525 514
f 516 527 515
f 527 526 515
f 529 530 528
f 366 529 528
f 366 528 517
f 366 517 357
f 366 368 529
f 371 372 532
f 372 363 518
f 372 518 532
f 532 518 533
f 519 534 518
f 534 533 518
f 535 519 520
f 534 519 535
f 523 536 524
f 536 537 538
f 536 523 537
f 523 525 537
f 526 539 525
f 539 537 525
f 527 540 526
f 540 539 526
f 541 540 527
f 373 374 544
f 543 373 544
f 368 375 547
f 368 547 529
f 375 376 548
f 547 375 548
f 550 549 531
f 533 551 532
f 551 550 532
f 552 534 553
f 552 551 534
f 551 533 534
f 535 553 534
f 537 554 538
f 554 555 556
f 554 537 555
f 537 539 555
f 540 557 539
f 557 555 539
f 541 558 540
f 558 557 540
f 542 559 541
f 559 558 541
f 543 560 542
f 560 559 542
f 544 561 543
f 561 560 543
f 562 561 544
f 563 562 545
f 546 564 563
f 547 565 546
f 565 564 546
f 548 566 547
f 566 565 547
f 567 566 548
f 570 550 571
f 570 569 550
f 569 549 550
f 551 571 550
f 572 571 551
f 552 572 551
f 555 573 556
f 557 573 555
f 574 573 557
f 558 574 557
f 575 574 558
f 559 575 558
f 576 575 559
f 559 560 577
f 561 579 560
f 579 577 560
f 562 580 561
f 580 579 561
f 563 581 562
f 581 580 562
f 564 582 563
f 582 581 563
f 583 565 584
f 583 582 565
f 582 564 565
f 566 584 565
f 585 584 566
f 585 586 587
f 585 566 586
f 566 567 586
f 568 588 567
f 588 586 567
f 589 569 590
f 589 588 569
f 588 568 569
f 570 590 569
f 577 591 578
f 579 591 577
f 592 591 579
f 580 592 579
f 593 592 580
f 581 593 580
f 594 593 581
f 594 595 596
f 594 581 595
f 581 582 595
f 597 582 583
f 595 582 597
f 586 598 587
f 588 598 586
f 599 598 588
f 589 599 588
f 595 600 596
f 597 600 595
f 601 606 602
f 607 608 606
f 384 607 606
f 384 606 601
f 384 601 378
f 384 385 609
f 607 384 609
f 385 387 609
f 394 610 393
f 394 395 611
f 610 394 611
f 395 612 611
f 383 612 395
f 383 613 612
f 383 603 613
f 604 613 603
f 614 613 604
f 605 614 604
f 607 615 608
f 609 615 607
f 616 615 609
f 617 618 616
f 396 617 616
f 396 616 609
f 396 609 387
f 396 397 619
f 617 396 619
f 397 398 620
f 619 397 620
f 398 400 620
f 407 621 406
f 622 621 407
f 622 407 623
f 623 407 408
f 610 408 393
f 610 624 408
f 624 623 408
f 611 624 610
f 625 624 611
f 612 625 611
f 626 627 628
f 618 626 628
f 618 617 626
f 617 629 626
f 619 630 617
f 630 629 617
f 620 631 619
f 631 630 619
f 400 410 631
f 620 400 631
f 415 632 414
f 621 633 419
f 406 621 419
f 634 621 622
f 633 621 634
f 635 627 626
f 636 627 635
f 629 637 626
f 637 635 626
f 630 638 629
f 638 637 629
f 631 639 630
f 410 421 639
f 631 410 639
f 414 632 425
f 417 425 632
f 419 633 429
f 431 640 641
f 429 640 431
f 429 634 640
f 429 633 634
f 641 642 643
f 640 642 641
f 642 644 643
f 635 645 636
f 645 646 647
f 645 635 646
f 635 637 646
f 638 648 637
f 648 646 637
f 649 648 638
f 442 650 441
f 442 431 641
f 442 641 650
f 650 641 651
f 652 643 653
f 652 651 643
f 651 641 643
f 644 653 643
f 654 647 646
f 655 647 654
f 656 654 646
f 649 657 648
f 657 656 648
f 433 444 657
f 450 452 658
f 650 659 454
f 441 650 454
f 660 651 661
f 660 659 651
f 659 650 651
f 652 661 651
f 654 662 655
f 662 663 664
f 662 654 663
f 654 656 663
f 657 665 656
f 665 663 656
f 444 456 665
f 657 444 665
f 465 666 464
f 465 454 659
f 465 659 666
f 666 659 667
f 668 659 660
f 668 669 659
f 669 667 659
f 668 670 669
f 671 664 663
f 672 664 671
f 665 673 663
f 673 671 663
f 456 466 674
f 456 674 665
f 665 674 673
f 466 468 674
f 666 675 478
f 464 666 478
f 667 676 666
f 676 675 666
f 669 677 667
f 677 676 667
f 678 669 670
f 677 669 678
f 679 672 671
f 680 672 679
f 673 681 671
f 681 679 671
f 674 682 673
f 682 681 673
f 468 480 682
f 674 468 682
f 488 683 487
f 488 489 684
f 683 488 684
f 489 478 675
f 489 675 684
f 684 675 685
f 676 686 675
f 686 685 675
f 687 677 688
f 687 686 677
f 686 676 677
f 678 688 677
f 679 689 680
f 689 690 691
f 689 679 690
f 679 681 690
f 692 682 693
f 692 690 682
f 690 681 682
f 694 695 693
f 490 694 693
f 490 693 682
f 490 682 480
f 490 492 694
f 683 696 499
f 487 683 499
f 684 697 683
f 697 696 683
f 685 698 684
f 698 697 684
f 699 686 700
f 699 698 686
f 698 685 686
f 687 700 686
f 690 701 691
f 692 701 690
f 702 695 694
f 703 695 702
f 492 501 702
f 694 492 702
f 508 499 696
f 508 696 704
f 704 696 705
f 697 706 696
f 706 705 696
f 698 707 697
f 707 706 697
f 708 698 699
f 707 698 708
f 709 703 702
f 710 703 709
f 501 509 711
f 501 711 702
f 702 711 709
f 509 511 711
f 705 714 704
f 714 713 704
f 706 715 705
f 715 714 705
f 716 707 717
f 716 715 707
f 715 706 707
f 708 717 707
f 718 710 709
f 719 710 718
f 711 720 709
f 720 718 709
f 511 521 721
f 511 721 711
f 722 522 524
f 723 722 524
f 528 530 724
f 712 725 535
f 520 712 535
f 714 728 713
f 728 727 713
f 729 715 730
f 729 728 715
f 728 714 715
f 716 730 715
f 731 719 718
f 732 719 731
f 720 733 718
f 733 731 718
f 734 733 720
f 536 736 735
f 536 538 736
f 553 737 552
f 727 738 726
f 739 728 740
f 739 738 728
f 738 727 728
f 729 740 728
f 731 741 732
f 741 742 743
f 741 731 742
f 731 733 742
f 734 744 733
f 744 742 733
f 745 744 734
f 538 554 747
f 538 747 736
f 554 556 747
f 571 748 570
f 571 572 749
f 748 571 749
f 572 552 737
f 572 737 749
f 749 737 750
f 751 750 737
f 754 738 739
f 753 738 754
f 742 755 743
f 744 755 742
f 756 755 744
f 756 757 758
f 756 744 757
f 744 745 757
f 746 759 745
f 759 757 745
f 747 760 746
f 760 759 746
f 556 573 761
f 556 761 747
f 747 761 760
f 573 574 762
f 761 573 762
f 584 763 583
f 584 585 764
f 763 584 764
f 585 587 764
f 590 765 589
f 590 766 765
f 570 766 590
f 570 767 766
f 570 748 767
f 767 768 769
f 767 748 768
f 748 749 768
f 750 770 749
f 770 768 749
f 751 771 750
f 771 770 750
f 772 752 773
f 772 771 752
f 753 773 752
f 774 773 753
f 754 774 753
f 757 775 758
f 759 775 757
f 776 775 759
f 760 776 759
f 761 777 760
f 778 777 761
f 778 779 780
f 778 761 779
f 761 762 779
f 781 578 591
f 781 782 578
f 591 592 783
f 781 591 783
f 583 763 597
f 587 598 786
f 587 786 764
f 598 599 787
f 786 598 787
f 599 589 765
f 599 765 787
f 787 765 788
f 789 765 766
f 788 765 789
f 768 790 769
f 790 791 792
f 790 768 791
f 768 770 791
f 793 771 794
f 793 791 771
f 791 770 771
f 772 794 771
f 795 780 779
f 796 780 795
f 797 795 779
f 781 799 798
f 783 800 781
f 800 799 781
f 600 597 784
f 600 784 801
f 801 784 802
f 785 803 784
f 803 802 784
f 786 804 785
f 804 803 785
f 787 805 786
f 805 804 786
f 788 806 787
f 806 805 787
f 807 788 789
f 806 788 807
f 791 808 792
f 793 808 791
f 795 809 796
f 797 809 795
f 810 809 797
f 798 810 797
f 811 810 798
f 811 812 813
f 811 798 812
f 798 799 812
f 814 800 815
f 814 812 800
f 812 799 800
f 802 816 801
f 817 816 802
f 803 817 802
f 818 817 803
f 804 818 803
f 819 818 804
f 805 819 804
f 820 819 805
f 806 820 805
f 821 820 806
f 807 821 806
f 812 822 813
f 814 822 812
f 823 828 824
f 825 828 823
f 829 828 825
f 830 831 829
f 606 830 829
f 606 829 825
f 606 825 602
f 606 608 830
f 613 832 612
f 613 614 833
f 832 613 833
f 614 834 833
f 605 834 614
f 605 835 834
f 605 826 835
f 827 835 826
f 830 836 831
f 837 838 836
f 615 837 836
f 615 836 830
f 615 830 608
f 615 616 839
f 837 615 839
f 616 618 839
f 623 840 622
f 623 624 841
f 840 623 841
f 624 625 842
f 841 624 842
f 625 843 842
f 612 843 625
f 612 844 843
f 612 832 844
f 833 844 832
f 845 844 833
f 834 845 833
f 846 838 837
f 847 838 846
f 628 627 846
f 628 846 839
f 839 846 837
f 618 628 839
f 850 849 841
f 851 842 843
f 850 842 851
f 852 847 846
f 853 847 852
f 627 636 852
f 846 627 852
f 634 848 640
f 642 640 848
f 644 642 849
f 644 849 854
f 854 849 850
f 855 850 851
f 854 850 855
f 856 853 852
f 857 853 856
f 636 645 858
f 636 858 852
f 852 858 856
f 645 647 858
f 653 859 652
f 653 644 854
f 653 854 859
f 859 854 860
f 861 854 855
f 860 854 861
f 856 862 857
f 858 862 856
f 863 862 858
f 863 858 647
f 863 647 864
f 864 647 655
f 661 865 660
f 661 866 865
f 652 866 661
f 652 867 866
f 652 859 867
f 860 867 859
f 868 867 860
f 869 655 662
f 869 870 655
f 870 864 655
f 662 664 869
f 660 865 668
f 865 670 668
f 865 866 670
f 869 873 871
f 664 672 873
f 876 872 871
f 877 872 876
f 873 878 871
f 878 876 871
f 672 680 878
f 873 672 878
f 688 879 687
f 688 678 874
f 688 874 879
f 879 874 880
f 881 874 875
f 880 874 881
f 876 882 877
f 878 882 876
f 883 882 878
f 689 883 878
f 689 878 680
f 689 691 884
f 693 886 692
f 693 695 886
f 879 700 687
f 879 887 700
f 881 888 880
f 889 890 891
f 885 889 891
f 885 884 889
f 884 892 889
f 691 701 893
f 691 893 884
f 884 893 892
f 701 692 886
f 701 886 893
f 893 886 894
f 695 703 894
f 886 695 894
f 898 890 889
f 899 890 898
f 892 900 889
f 900 898 889
f 893 901 892
f 901 900 892
f 894 902 893
f 902 901 893
f 703 710 902
f 894 703 902
f 717 903 716
f 717 708 895
f 717 895 903
f 903 895 904
f 905 896 906
f 905 904 896
f 904 895 896
f 897 906 896
f 898 907 899
f 907 908 909
f 907 898 908
f 898 900 908
f 910 901 911
f 910 908 901
f 908 900 901
f 902 911 901
f 912 911 902
f 730 913 729
f 730 716 903
f 730 903 913
f 908 916 909
f 910 916 908
f 740 918 739
f 740 729 913
f 740 913 918
f 918 913 919
f 914 920 913
f 920 919 913
f 921 914 915
f 920 914 921
f 732 741 924
f 732 924 917
f 741 743 924
f 918 925 754
f 739 918 754
f 919 926 918
f 926 925 918
f 927 920 928
f 927 926 920
f 926 919 920
f 921 928 920
f 922 929 923
f 924 929 922
f 930 929 924
f 931 932 930
f 755 931 930
f 755 930 924
f 755 924 743
f 755 756 933
f 931 755 933
f 756 758 933
f 767 934 766
f 767 769 934
f 773 935 772
f 773 774 936
f 774 754 925
f 774 925 936
f 936 925 937
f 938 926 939
f 938 937 926
f 937 925 926
f 927 939 926
f 940 932 931
f 941 932 940
f 933 942 931
f 942 940 931
f 758 775 943
f 758 943 933
f 933 943 942
f 775 776 944
f 934 945 789
f 766 934 789
f 769 790 946
f 769 946 934
f 934 946 945
f 790 792 946
f 794 947 793
f 794 948 947
f 772 948 794
f 772 949 948
f 772 935 949
f 950 949 936
f 950 951 952
f 950 936 951
f 936 937 951
f 953 937 938
f 951 937 953
f 940 954 941
f 954 955 956
f 954 940 955
f 940 942 955
f 943 957 942
f 957 955 942
f 958 957 943
f 780 796 959
f 789 945 807
f 946 961 945
f 961 960 945
f 792 808 962
f 792 962 946
f 946 962 961
f 808 793 947
f 808 947 962
f 962 947 963
f 963 947 964
f 951 965 952
f 953 965 951
f 955 966 956
f 957 966 955
f 967 966 957
f 967 968 969
f 967 957 968
f 957 958 968
f 970 968 958
f 796 809 972
f 796 972 959
f 959 972 971
f 809 810 973
f 972 809 973
f 810 811 974
f 973 810 974
f 811 813 974
f 815 975 814
f 816 817 979
f 978 816 979
f 817 818 980
f 979 817 980
f 818 819 981
f 980 818 981
f 819 820 982
f 981 819 982
f 983 982 820
f 983 820 984
f 984 820 821
f 960 821 807
f 960 985 821
f 985 984 821
f 985 986 987
f 985 960 986
f 960 961 986
f 962 988 961
f 988 986 961
f 989 963 990
f 989 988 963
f 988 962 963
f 964 990 963
f 968 991 969
f 970 991 968
f 992 991 970
f 971 992 970
f 993 992 971
f 972 993 971
f 994 993 972
f 973 994 972
f 995 994 973
f 995 996 997
f 995 973 996
f 973 974 996
f 813 822 998
f 813 998 974
f 974 998 996
f 822 814 975
f 822 975 998
f 998 975 999
f 976 1000 975
f 1000 999 975
f 977 1001 976
f 1001 1000 976
f 978 1002 977
f 1002 1001 977
f 979 1003 978
f 1003 1002 978
f 980 1004 979
f 1004 1003 979
f 981 1005 980
f 1005 1004 980
f 982 1006 981
f 1006 1005 981
f 1007 982 983
f 1006 982 1007
f 986 1008 987
f 988 1008 986
f 1009 1008 988
f 989 1009 988
f 996 1010 997
f 998 1010 996
f 1011 1010 998
f 999 1011 998
f 1012 1011 999
f 1012 1013 1014
f 1012 999 1013
f 999 1000 1013
f 1015 1001 1016
f 1015 1013 1001
f 1013 1000 1001
f 1016 1017 1018
f 1016 1001 1017
f 1001 1002 1017
f 1003 1019 1002
f 1019 1017 1002
f 1020 1004 1021
f 1020 1019 1004
f 1019 1003 1004
f 1005 1021 1004
f 1022 1021 1005
f 1006 1022 1005
f 1023 1022 1006
f 1007 1023 1006
f 1013 1024 1014
f 1015 1024 1013
f 1017 1025 1018
f 1019 1025 1017
f 1026 1025 1019
f 1020 1026 1019
f 1027 1032 1028
f 1033 1034 1032
f 828 1033 1032
f 828 1032 1027
f 828 1027 824
f 828 829 1035
f 1033 828 1035
f 829 831 1035
f 835 1036 834
f 835 1037 1036
f 827 1037 835
f 827 1038 1037
f 827 1029 1038
f 1030 1038 1029
f 1039 1038 1030
f 1031 1039 1030
f 1033 1040 1034
f 1040 1041 1042
f 1040 1033 1041
f 1033 1035 1041
f 831 836 1043
f 831 1043 1035
f 1035 1043 1041
f 836 838 1043
f 844 1044 843
f 844 845 1045
f 1044 844 1045
f 845 1046 1045
f 834 1046 845
f 834 1047 1046
f 834 1036 1047
f 1037 1047 1036
f 1041 1048 1042
f 1048 1049 1050
f 1048 1041 1049
f 1041 1043 1049
f 838 847 1049
f 1043 838 1049
f 1044 1051 851
f 843 1044 851
f 1045 1052 1044
f 1052 1051 1044
f 1053 1045 1046
f 1052 1045 1053
f 1054 1050 1049
f 1055 1050 1054
f 847 853 1054
f 1049 847 1054
f 1051 1056 855
f 851 1051 855
f 1052 1057 1051
f 1057 1056 1051
f 1058 1052 1053
f 1057 1052 1058
f 1059 1060 1061
f 1055 1059 1061
f 1055 1054 1059
f 1054 1062 1059
f 853 857 1062
f 1054 853 1062
f 1056 1063 861
f 855 1056 861
f 1057 1064 1056
f 1064 1063 1056
f 1065 1057 1058
f 1064 1057 1065
f 1059 1066 1060
f 1066 1067 1068
f 1066 1059 1067
f 1059 1062 1067
f 857 862 1069
f 857 1069 1062
f 1062 1069 1067
f 862 863 1070
f 1069 862 1070
f 863 864 1070
f 867 868 1072
f 1072 1063 1073
f 1064 1074 1063
f 1074 1073 1063
f 1075 1064 1065
f 1074 1064 1075
f 1076 1068 1067
f 1077 1068 1076
f 1069 1078 1067
f 1078 1076 1067
f 1070 1079 1069
f 1079 1078 1069
f 864 870 1079
f 1070 864 1079
f 1072 1080 1071
f 1073 1081 1072
f 1081 1080 1072
f 1074 1082 1073
f 1082 1081 1073
f 1083 1074 1075
f 1082 1074 1083
f 1084 1077 1076
f 1085 1077 1084
f 1078 1086 1076
f 1086 1084 1076
f 1079 1086 1078
f 1081 1088 1080
f 1089 1082 1090
f 1089 1088 1082
f 1088 1081 1082
f 1083 1090 1082
f 1091 1085 1084
f 1092 1085 1091
f 1086 1093 1084
f 1093 1091 1084
f 872 877 1093
f 1086 872 1093
f 1087 1094 881
f 875 1087 881
f 1088 1095 1087
f 1095 1094 1087
f 1096 1088 1089
f 1095 1088 1096
f 1091 1097 1092
f 1097 1098 1099
f 1097 1091 1098
f 1091 1093 1098
f 877 1098 1093
f 877 882 1100
f 883 1100 882
f 888 881 1094
f 888 1094 1101
f 1101 1094 1102
f 1103 1095 1104
f 1103 1102 1095
f 1102 1094 1095
f 1096 1104 1095
f 1098 1105 1099
f 1098 1106 1105
f 1098 1107 1106
f 1102 1109 1101
f 1109 1108 1101
f 1110 1102 1103
f 1109 1102 1110
f 1111 1106 1107
f 1112 1106 1111
f 890 899 1111
f 1107 890 1111
f 906 1113 905
f 906 897 1108
f 906 1108 1113
f 1113 1108 1114
f 1109 1115 1108
f 1115 1114 1108
f 1116 1109 1110
f 1115 1109 1116
f 1111 1117 1112
f 1118 1119 1117
f 907 1118 1117
f 907 1117 1111
f 907 1111 899
f 907 909 1118
f 911 1120 910
f 911 912 1121
f 1120 911 1121
f 1113 1114 1123
f 1124 1115 1125
f 1124 1123 1115
f 1123 1114 1115
f 1116 1125 1115
f 1118 1126 1119
f 916 1126 1118
f 916 1118 909
f 916 910 1120
f 916 1120 1127
f 1122 1128 921
f 915 1122 921
f 1129 1128 1122
f 1123 1130 1129
f 1131 1123 1124
f 1130 1123 1131
f 928 1134 927
f 928 921 1128
f 928 1128 1134
f 1134 1128 1135
f 1129 1136 1128
f 1136 1135 1128
f 1137 1130 1138
f 1137 1136 1130
f 1136 1129 1130
f 1131 1138 1130
f 1139 1133 1132
f 1140 1133 1139
f 923 929 1141
f 930 1141 929
f 939 1142 938
f 939 927 1134
f 939 1134 1142
f 1142 1134 1143
f 1135 1144 1134
f 1144 1143 1134
f 1145 1136 1146
f 1145 1144 1136
f 1144 1135 1136
f 1137 1146 1136
f 1139 1147 1140
f 932 941 1148
f 949 1149 948
f 949 950 1150
f 1149 949 1150
f 950 952 1150
f 1142 1151 953
f 938 1142 953
f 1143 1152 1142
f 1152 1151 1142
f 1153 1144 1154
f 1153 1152 1144
f 1152 1143 1144
f 1145 1154 1144
f 941 954 1158
f 941 1158 1148
f 954 956 1158
f 952 965 1160
f 952 1160 1150
f 965 953 1151
f 965 1151 1160
f 1160 1151 1161
f 1162 1152 1163
f 1162 1161 1152
f 1161 1151 1152
f 1153 1163 1152
f 1155 1164 1156
f 1157 1164 1155
f 1165 1164 1157
f 1165 1166 1167
f 1165 1157 1166
f 1157 1158 1166
f 956 966 1168
f 956 1168 1158
f 1158 1168 1166
f 966 967 1169
f 1168 966 1169
f 967 969 1169
f 984 1170 983
f 984 985 1171
f 1170 984 1171
f 985 987 1171
f 990 1172 989
f 990 964 1159
f 990 1159 1172
f 1172 1159 1173
f 1174 1173 1159
f 1175 1160 1176
f 1175 1174 1160
f 1161 1176 1160
f 1177 1176 1161
f 1162 1177 1161
f 1166 1178 1167
f 1168 1178 1166
f 1179 1178 1168
f 1169 1179 1168
f 1180 1179 1169
f 1181 1182 1180
f 991 1181 1180
f 991 1180 1169
f 991 1169 969
f 991 992 1183
f 1181 991 1183
f 992 993 1184
f 1183 992 1184
f 993 994 1185
f 1184 993 1185
f 994 995 1186
f 1185 994 1186
f 995 997 1186
f 1170 1187 1007
f 983 1170 1007
f 1171 1188 1170
f 1188 1187 1170
f 987 1008 1189
f 987 1189 1171
f 1171 1189 1188
f 1008 1009 1190
f 1189 1008 1190
f 1009 989 1172
f 1009 1172 1190
f 1190 1172 1191
f 1173 1192 1172
f 1192 1191 1172
f 1193 1174 1194
f 1193 1192 1174
f 1192 1173 1174
f 1175 1194 1174
f 1181 1195 1182
f 1195 1196 1197
f 1195 1181 1196
f 1181 1183 1196
f 1184 1198 1183
f 1198 1196 1183
f 1185 1199 1184
f 1199 1198 1184
f 1200 1199 1185
f 997 1010 1201
f 1010 1011 1202
f 1201 1010 1202
f 1011 1012 1203
f 1202 1011 1203
f 1012 1014 1203
f 1016 1204 1015
f 1016 1018 1204
f 1021 1205 1020
f 1021 1022 1206
f 1205 1021 1206
f 1022 1023 1207
f 1206 1022 1207
f 1023 1007 1187
f 1023 1187 1207
f 1207 1187 1208
f 1188 1209 1187
f 1209 1208 1187
f 1189 1210 1188
f 1210 1209 1188
f 1211 1190 1212
f 1211 1210 1190
f 1210 1189 1190
f 1191 1212 1190
f 1213 1212 1191
f 1192 1213 1191
f 1214 1213 1192
f 1193 1214 1192
f 1196 1215 1197
f 1198 1215 1196
f 1216 1215 1198
f 1199 1216 1198
f 1217 1216 1199
f 1217 1218 1219
f 1217 1199 1218
f 1202 1221 1201
f 1221 1220 1201
f 1221 1202 1203
f 1224 1225 1223
f 1024 1224 1223
f 1024 1223 1203
f 1024 1203 1014
f 1024 1015 1204
f 1024 1204 1224
f 1224 1204 1226
f 1018 1025 1227
f 1018 1227 1204
f 1204 1227 1226
f 1025 1026 1228
f 1227 1025 1228
f 1020 1229 1026
f 1020 1205 1230
f 1206 1230 1205
f 1231 1230 1206
f 1207 1231 1206
f 1232 1231 1207
f 1208 1232 1207
f 1233 1232 1208
f 1209 1233 1208
f 1234 1233 1209
f 1210 1234 1209
f 1235 1234 1210
f 1211 1235 1210
f 1218 1236 1219
f 1220 1236 1218
f 1237 1236 1220
f 1221 1237 1220
f 1238 1237 1221
f 1222 1238 1221
f 1224 1239 1225
f 1226 1239 1224
f 1240 1239 1226
f 1227 1240 1226
f 1241 1240 1227
f 1228 1241 1227
f 1242 1241 1228
f 1243 1248 1244
f 1248 1249 1250
f 1248 1243 1249
f 1243 1245 1249
f 1028 1032 1251
f 1028 1251 1245
f 1245 1251 1249
f 1032 1034 1251
f 1038 1252 1037
f 1038 1039 1253
f 1252 1038 1253
f 1039 1254 1253
f 1031 1254 1039
f 1031 1255 1254
f 1031 1246 1255
f 1247 1255 1246
f 1249 1256 1250
f 1251 1256 1249
f 1257 1256 1251
f 1258 1259 1257
f 1040 1258 1257
f 1040 1257 1251
f 1040 1251 1034
f 1040 1042 1258
f 1047 1260 1046
f 1047 1037 1252
f 1047 1252 1260
f 1260 1252 1261
f 1262 1253 1263
f 1262 1261 1253
f 1261 1252 1253
f 1254 1263 1253
f 1264 1259 1258
f 1265 1259 1264
f 1042 1048 1266
f 1042 1266 1258
f 1048 1050 1266
f 1260 1267 1053
f 1046 1260 1053
f 1268 1261 1269
f 1268 1267 1261
f 1267 1260 1261
f 1262 1269 1261
f 1270 1265 1264
f 1271 1265 1270
f 1050 1055 1272
f 1266 1050 1272
f 1053 1273 1058
f 1274 1271 1270
f 1275 1271 1274
f 1061 1060 1274
f 1061 1274 1272
f 1055 1061 1272
f 1276 1277 1065
f 1276 1065 1273
f 1273 1065 1058
f 1276 1278 1277
f 1279 1275 1274
f 1280 1275 1279
f 1060 1066 1281
f 1060 1281 1274
f 1274 1281 1279
f 1066 1068 1281
f 1277 1282 1075
f 1065 1277 1075
f 1283 1277 1278
f 1282 1277 1283
f 1279 1284 1280
f 1284 1285 1286
f 1284 1279 1285
f 1279 1281 1285
f 1068 1077 1285
f 1281 1068 1285
f 1288 1286 1285
f 1289 1286 1288
f 1077 1085 1288
f 1285 1077 1288
f 1090 1290 1089
f 1090 1291 1290
f 1090 1083 1291
f 1083 1287 1291
f 1292 1289 1288
f 1293 1289 1292
f 1085 1092 1292
f 1288 1085 1292
f 1290 1294 1096
f 1089 1290 1096
f 1295 1290 1291
f 1294 1290 1295
f 1292 1296 1293
f 1297 1298 1296
f 1097 1297 1296
f 1097 1296 1292
f 1097 1292 1092
f 1097 1099 1297
f 1104 1299 1103
f 1104 1300 1299
f 1096 1300 1104
f 1096 1301 1300
f 1096 1294 1301
f 1295 1301 1294
f 1302 1298 1297
f 1303 1298 1302
f 1099 1105 1304
f 1099 1304 1297
f 1297 1304 1302
f 1304 1105 1106
f 1299 1305 1110
f 1103 1299 1110
f 1306 1299 1300
f 1305 1299 1306
f 1302 1307 1303
f 1304 1307 1302
f 1308 1307 1304
f 1308 1304 1106
f 1308 1106 1309
f 1309 1106 1112
f 1305 1310 1116
f 1110 1305 1116
f 1311 1305 1306
f 1310 1305 1311
f 1312 1313 1314
f 1117 1315 1312
f 1117 1312 1309
f 1117 1309 1112
f 1314 1309 1312
f 1117 1119 1315
f 1125 1316 1124
f 1125 1317 1316
f 1116 1317 1125
f 1116 1318 1317
f 1116 1310 1318
f 1311 1318 1310
f 1319 1313 1312
f 1320 1313 1319
f 1119 1126 1321
f 1119 1321 1315
f 1316 1322 1131
f 1124 1316 1131
f 1322 1316 1323
f 1324 1320 1319
f 1325 1320 1324
f 1326 1324 1319
f 1138 1328 1137
f 1138 1131 1322
f 1138 1322 1328
f 1328 1322 1329
f 1330 1322 1323
f 1329 1322 1330
f 1324 1331 1325
f 1326 1331 1324
f 1332 1331 1326
f 1332 1333 1334
f 1332 1326 1333
f 1326 1327 1333
f 1133 1140 1333
f 1327 1133 1333
f 1146 1335 1145
f 1146 1336 1335
f 1137 1336 1146
f 1137 1337 1336
f 1137 1328 1337
f 1329 1337 1328
f 1338 1337 1329
f 1330 1338 1329
f 1333 1339 1334
f 1340 1341 1339
f 1147 1340 1339
f 1147 1339 1333
f 1147 1333 1140
f 1154 1342 1153
f 1154 1145 1335
f 1154 1335 1342
f 1342 1335 1343
f 1344 1335 1336
f 1343 1335 1344
f 1345 1341 1340
f 1346 1341 1345
f 1347 1345 1340
f 1163 1348 1162
f 1163 1349 1348
f 1153 1349 1163
f 1153 1350 1349
f 1153 1342 1350
f 1343 1350 1342
f 1344 1351 1343
f 1345 1352 1346
f 1352 1353 1354
f 1352 1345 1353
f 1345 1347 1353
f 1156 1164 1355
f 1156 1355 1347
f 1347 1355 1353
f 1164 1165 1356
f 1355 1164 1356
f 1165 1167 1356
f 1176 1177 1358
f 1177 1162 1348
f 1177 1348 1358
f 1358 1348 1359
f 1360 1348 1349
f 1359 1348 1360
f 1353 1361 1354
f 1355 1361 1353
f 1362 1361 1355
f 1362 1363 1364
f 1362 1355 1363
f 1355 1356 1363
f 1167 1178 1365
f 1167 1365 1356
f 1356 1365 1363
f 1366 1178 1179
f 1367 1368 1366
f 1367 1366 1180
f 1180 1366 1179
f 1180 1182 1367
f 1194 1369 1193
f 1194 1370 1369
f 1175 1370 1194
f 1175 1371 1370
f 1175 1357 1371
f 1372 1371 1358
f 1359 1372 1358
f 1373 1372 1359
f 1360 1373 1359
f 1363 1374 1364
f 1365 1374 1363
f 1375 1374 1365
f 1182 1195 1377
f 1195 1197 1377
f 1212 1378 1211
f 1212 1213 1379
f 1378 1212 1379
f 1213 1214 1380
f 1379 1213 1380
f 1214 1381 1380
f 1193 1381 1214
f 1193 1382 1381
f 1193 1369 1382
f 1370 1382 1369
f 1377 1385 1376
f 1197 1215 1386
f 1197 1386 1377
f 1377 1386 1385
f 1386 1215 1387
f 1230 1231 1390
f 1389 1230 1390
f 1391 1390 1231
f 1391 1231 1392
f 1233 1234 1394
f 1234 1235 1395
f 1394 1234 1395
f 1235 1211 1378
f 1235 1378 1395
f 1395 1378 1396
f 1379 1397 1378
f 1397 1396 1378
f 1398 1380 1399
f 1398 1397 1380
f 1397 1379 1380
f 1381 1399 1380
f 1383 1400 1384
f 1385 1400 1383
f 1401 1400 1385
f 1386 1401 1385
f 1402 1401 1386
f 1387 1402 1386
f 1403 1402 1387
f 1404 1219 1236
f 1404 1405 1219
f 1405 1388 1219
f 1236 1237 1406
f 1404 1236 1406
f 1237 1238 1407
f 1406 1237 1407
f 1238 1408 1407
f 1238 1222 1408
f 1241 1242 1410
f 1409 1241 1410
f 1390 1412 1389
f 1412 1411 1389
f 1413 1412 1390
f 1393 1414 1413
f 1415 1414 1393
f 1395 1416 1394
f 1416 1415 1394
f 1417 1396 1418
f 1417 1416 1396
f 1416 1395 1396
f 1397 1418 1396
f 1419 1418 1397
f 1398 1419 1397
f 1404 1420 1405
f 1406 1420 1404
f 1421 1420 1406
f 1407 1421 1406
f 1422 1421 1407
f 1408 1422 1407
f 1423 1424 1425
f 1423 1409 1424
f 1409 1410 1424
f 1426 1411 1427
f 1426 1424 1411
f 1412 1427 1411
f 1428 1427 1412
f 1413 1428 1412
f 1429 1428 1413
f 1414 1429 1413
f 1430 1429 1414
f 1415 1430 1414
f 1431 1430 1415
f 1416 1431 1415
f 1432 1431 1416
f 1417 1432 1416
f 1424 1433 1425
f 1426 1433 1424
f 1434 1438 1435
f 1439 1440 1438
f 1248 1439 1438
f 1248 1438 1434
f 1248 1434 1244
f 1248 1250 1439
f 1255 1441 1254
f 1255 1442 1441
f 1247 1442 1255
f 1247 1443 1442
f 1247 1436 1443
f 1437 1443 1436
f 1439 1444 1440
f 1250 1444 1439
f 1250 1256 1444
f 1256 1445 1444
f 1446 1447 1445
f 1446 1445 1257
f 1257 1445 1256
f 1257 1259 1446
f 1263 1448 1262
f 1263 1449 1448
f 1254 1449 1263
f 1254 1450 1449
f 1254 1441 1450
f 1442 1450 1441
f 1451 1447 1446
f 1452 1447 1451
f 1259 1265 1451
f 1446 1259 1451
f 1269 1453 1268
f 1269 1262 1448
f 1269 1448 1453
f 1453 1448 1454
f 1455 1448 1449
f 1454 1448 1455
f 1456 1452 1451
f 1457 1452 1456
f 1265 1271 1456
f 1451 1265 1456
f 1455 1460 1454
f 1461 1457 1456
f 1462 1457 1461
f 1271 1275 1461
f 1456 1271 1461
f 1273 1458 1276
f 1278 1463 1464
f 1276 1463 1278
f 1276 1459 1463
f 1276 1458 1459
f 1463 1465 1464
f 1461 1466 1462
f 1466 1461 1275
f 1466 1275 1467
f 1467 1275 1280
f 1464 1468 1283
f 1278 1464 1283
f 1469 1464 1465
f 1469 1470 1464
f 1470 1468 1464
f 1472 1280 1284
f 1472 1473 1280
f 1473 1467 1280
f 1284 1286 1472
f 1476 1470 1477
f 1476 1475 1470
f 1471 1477 1470
f 1478 1473 1472
f 1479 1473 1478
f 1286 1289 1478
f 1472 1286 1478
f 1480 1481 1291
f 1480 1291 1474
f 1474 1291 1287
f 1475 1482 1481
f 1483 1475 1476
f 1482 1475 1483
f 1478 1484 1479
f 1484 1478 1289
f 1484 1289 1485
f 1485 1289 1293
f 1481 1486 1295
f 1291 1481 1295
f 1482 1487 1481
f 1487 1486 1481
f 1488 1482 1483
f 1487 1482 1488
f 1489 1293 1296
f 1489 1490 1293
f 1490 1485 1293
f 1296 1298 1489
f 1301 1491 1300
f 1301 1295 1486
f 1301 1486 1491
f 1491 1486 1492
f 1487 1493 1486
f 1493 1492 1486
f 1494 1487 1488
f 1493 1487 1494
f 1489 1497 1495
f 1298 1303 1497
f 1489 1298 1497
f 1491 1498 1306
f 1300 1491 1306
f 1492 1499 1491
f 1499 1498 1491
f 1500 1493 1501
f 1500 1499 1493
f 1499 1492 1493
f 1494 1501 1493
f 1495 1502 1496
f 1502 1503 1504
f 1502 1495 1503
f 1495 1497 1503
f 1303 1307 1505
f 1303 1505 1497
f 1497 1505 1503
f 1307 1308 1506
f 1505 1307 1506
f 1308 1309 1506
f 1498 1507 1311
f 1306 1498 1311
f 1508 1499 1509
f 1508 1507 1499
f 1507 1498 1499
f 1500 1509 1499
f 1510 1504 1503
f 1511 1504 1510
f 1505 1512 1503
f 1512 1510 1503
f 1314 1313 1512
f 1314 1512 1506
f 1506 1512 1505
f 1309 1314 1506
f 1318 1513 1317
f 1318 1311 1507
f 1318 1507 1513
f 1515 1507 1508
f 1510 1516 1511
f 1512 1516 1510
f 1517 1516 1512
f 1517 1512 1313
f 1517 1313 1518
f 1518 1313 1320
f 1520 1514 1521
f 1320 1325 1518
f 1518 1325 1522
f 1323 1519 1330
f 1520 1524 1519
f 1524 1523 1519
f 1525 1520 1521
f 1524 1520 1525
f 1526 1325 1331
f 1526 1527 1325
f 1527 1522 1325
f 1331 1332 1528
f 1526 1331 1528
f 1332 1334 1528
f 1337 1529 1336
f 1337 1338 1530
f 1338 1330 1523
f 1338 1523 1530
f 1530 1523 1531
f 1532 1524 1533
f 1532 1531 1524
f 1531 1523 1524
f 1525 1533 1524
f 1534 1527 1526
f 1535 1527 1534
f 1528 1536 1526
f 1536 1534 1526
f 1334 1339 1537
f 1334 1537 1528
f 1528 1537 1536
f 1339 1341 1537
f 1336 1529 1344
f 1530 1539 1529
f 1540 1531 1541
f 1540 1539 1531
f 1539 1530 1531
f 1532 1541 1531
f 1534 1542 1535
f 1542 1543 1544
f 1542 1534 1543
f 1534 1536 1543
f 1537 1545 1536
f 1545 1543 1536
f 1341 1346 1545
f 1537 1341 1545
f 1350 1546 1349
f 1546 1350 1547
f 1351 1344 1538
f 1351 1538 1547
f 1549 1539 1550
f 1549 1548 1539
f 1540 1550 1539
f 1543 1551 1544
f 1545 1551 1543
f 1552 1551 1545
f 1553 1554 1552
f 1352 1553 1552
f 1352 1552 1545
f 1352 1545 1346
f 1352 1354 1553
f 1546 1555 1360
f 1349 1546 1360
f 1547 1556 1546
f 1556 1555 1546
f 1557 1548 1558
f 1557 1556 1548
f 1556 1547 1548
f 1549 1558 1548
f 1559 1554 1553
f 1560 1554 1559
f 1354 1361 1561
f 1354 1561 1553
f 1553 1561 1559
f 1361 1362 1562
f 1561 1361 1562
f 1362 1364 1562
f 1371 1563 1370
f 1371 1372 1564
f 1563 1371 1564
f 1372 1373 1565
f 1564 1372 1565
f 1373 1360 1555
f 1373 1555 1565
f 1565 1555 1566
f 1567 1556 1568
f 1567 1566 1556
f 1566 1555 1556
f 1557 1568 1556
f 1559 1569 1560
f 1561 1569 1559
f 1570 1569 1561
f 1570 1571 1572
f 1570 1561 1571
f 1561 1562 1571
f 1364 1374 1573
f 1364 1573 1562
f 1562 1573 1571
f 1374 1375 1574
f 1573 1374 1574
f 1370 1563 1575
f 1563 1564 1576
f 1565 1577 1564
f 1577 1576 1564
f 1578 1566 1579
f 1578 1577 1566
f 1577 1565 1566
f 1567 1579 1566
f 1571 1580 1572
f 1573 1580 1571
f 1581 1580 1573
f 1581 1582 1583
f 1581 1573 1582
f 1573 1574 1582
f 1584 1582 1574
f 1399 1585 1398
f 1399 1586 1585
f 1381 1586 1399
f 1577 1588 1576
f 1589 1588 1577
f 1578 1589 1577
f 1582 1590 1583
f 1590 1591 1592
f 1590 1582 1591
f 1582 1584 1591
f 1384 1400 1593
f 1384 1593 1584
f 1584 1593 1591
f 1402 1403 1594
f 1388 1405 1595
f 1418 1597 1417
f 1418 1419 1598
f 1597 1418 1598
f 1419 1398 1585
f 1419 1585 1598
f 1598 1585 1599
f 1600 1585 1586
f 1599 1585 1600
f 1591 1601 1592
f 1593 1601 1591
f 1602 1601 1593
f 1405 1420 1606
f 1405 1606 1595
f 1420 1421 1607
f 1606 1420 1607
f 1421 1422 1608
f 1607 1421 1608
f 1422 1408 1596
f 1422 1596 1608
f 1423 1425 1611
f 1427 1612 1426
f 1427 1428 1613
f 1612 1427 1613
f 1428 1429 1614
f 1613 1428 1614
f 1429 1430 1615
f 1614 1429 1615
f 1430 1431 1616
f 1615 1430 1616
f 1431 1432 1617
f 1616 1431 1617
f 1432 1618 1617
f 1417 1618 1432
f 1417 1619 1618
f 1417 1597 1619
f 1598 1619 1597
f 1620 1619 1598
f 1599 1620 1598
f 1621 1620 1599
f 1600 1621 1599
f 1603 1622 1604
f 1605 1622 1603
f 1623 1622 1605
f 1623 1624 1625
f 1623 1605 1624
f 1605 1606 1624
f 1626 1607 1627
f 1626 1624 1607
f 1624 1606 1607
f 1608 1627 1607
f 1628 1627 1608
f 1628 1629 1630
f 1608 1609 1629
f 1631 1629 1609
f 1611 1633 1610
f 1425 1433 1634
f 1425 1634 1611
f 1611 1634 1633
f 1433 1426 1612
f 1433 1612 1634
f 1634 1612 1635
f 1636 1613 1637
f 1636 1635 1613
f 1635 1612 1613
f 1614 1637 1613
f 1638 1637 1614
f 1615 1638 1614
f 1639 1638 1615
f 1616 1639 1615
f 1640 1639 1616
f 1617 1640 1616
f 1641 1640 1617
f 1618 1641 1617
f 1624 1642 1625
f 1626 1642 1624
f 1629 1643 1630
f 1631 1643 1629
f 1644 1643 1631
f 1632 1644 1631
f 1645 1644 1632
f 1633 1645 1632
f 1646 1645 1633
f 1634 1646 1633
f 1647 1646 1634
f 1635 1647 1634
f 1648 1647 1635
f 1636 1648 1635
f 1649 1653 1650
f 1654 1655 1653
f 1438 1654 1653
f 1438 1653 1649
f 1438 1649 1435
f 1438 1440 1654
f 1443 1656 1442
f 1443 1657 1656
f 1437 1657 1443
f 1437 1658 1657
f 1437 1651 1658
f 1652 1658 1651
f 1654 1659 1655
f 1660 1661 1659
f 1444 1660 1659
f 1444 1659 1654
f 1444 1654 1440
f 1444 1445 1662
f 1660 1444 1662
f 1445 1447 1662
f 1450 1663 1664
f 1449 1450 1664
f 1656 1450 1442
f 1656 1665 1450
f 1665 1663 1450
f 1657 1665 1656
f 1666 1661 1660
f 1667 1661 1666
f 1662 1668 1660
f 1668 1666 1660
f 1447 1452 1668
f 1662 1447 1668
f 1669 1670 1455
f 1669 1455 1664
f 1664 1455 1449
f 1669 1671 1670
f 1672 1667 1666
f 1673 1667 1672
f 1668 1674 1666
f 1674 1672 1666
f 1452 1457 1674
f 1668 1452 1674
f 1460 1455 1670
f 1460 1670 1676
f 1676 1670 1677
f 1678 1670 1671
f 1677 1670 1678
f 1679 1673 1672
f 1680 1673 1679
f 1674 1681 1672
f 1681 1679 1672
f 1457 1462 1681
f 1674 1457 1681
f 1459 1675 1463
f 1465 1463 1675
f 1465 1675 1682
f 1682 1675 1676
f 1677 1683 1676
f 1683 1682 1676
f 1684 1677 1678
f 1683 1677 1684
f 1679 1685 1680
f 1685 1686 1687
f 1685 1679 1686
f 1679 1681 1686
f 1462 1466 1688
f 1462 1688 1681
f 1681 1688 1686
f 1466 1467 1688
f 1465 1682 1469
f 1689 1682 1683
f 1690 1683 1684
f 1689 1683 1690
f 1691 1687 1686
f 1692 1687 1691
f 1688 1693 1686
f 1693 1691 1686
f 1467 1473 1693
f 1688 1467 1693
f 1477 1694 1476
f 1477 1695 1694
f 1471 1695 1477
f 1471 1696 1695
f 1471 1689 1696
f 1690 1696 1689
f 1697 1692 1691
f 1698 1692 1697
f 1693 1699 1691
f 1699 1697 1691
f 1473 1479 1699
f 1693 1473 1699
f 1694 1700 1483
f 1476 1694 1483
f 1701 1694 1695
f 1700 1694 1701
f 1702 1698 1697
f 1703 1698 1702
f 1699 1704 1697
f 1704 1702 1697
f 1479 1484 1705
f 1479 1705 1699
f 1699 1705 1704
f 1484 1485 1705
f 1700 1706 1488
f 1483 1700 1488
f 1707 1700 1701
f 1706 1700 1707
f 1702 1708 1703
f 1708 1709 1710
f 1708 1702 1709
f 1702 1704 1709
f 1705 1711 1704
f 1711 1709 1704
f 1485 1490 1711
f 1705 1485 1711
f 1706 1712 1494
f 1488 1706 1494
f 1713 1706 1707
f 1712 1706 1713
f 1714 1710 1709
f 1715 1710 1714
f 1501 1716 1500
f 1494 1717 1501
f 1494 1712 1718
f 1713 1718 1712
f 1719 1715 1714
f 1720 1715 1719
f 1496 1502 1721
f 1496 1721 1714
f 1714 1721 1719
f 1502 1504 1721
f 1509 1722 1508
f 1509 1723 1722
f 1500 1723 1509
f 1500 1724 1723
f 1500 1716 1724
f 1719 1725 1720
f 1725 1726 1727
f 1725 1719 1726
f 1719 1721 1726
f 1504 1511 1726
f 1721 1504 1726
f 1508 1722 1515
f 1731 1727 1726
f 1732 1727 1731
f 1511 1516 1733
f 1511 1733 1726
f 1726 1733 1731
f 1733 1516 1734
f 1728 1735 1521
f 1736 1729 1737
f 1736 1735 1729
f 1735 1728 1729
f 1730 1737 1729
f 1731 1738 1732
f 1738 1739 1740
f 1738 1731 1739
f 1731 1733 1739
f 1734 1741 1733
f 1741 1739 1733
f 1735 1742 1743
f 1735 1743 1521
f 1736 1742 1735
f 1522 1527 1746
f 1533 1747 1532
f 1533 1748 1747
f 1533 1525 1748
f 1744 1749 1745
f 1749 1750 1751
f 1749 1744 1750
f 1744 1746 1750
f 1527 1535 1750
f 1746 1527 1750
f 1541 1752 1540
f 1541 1532 1747
f 1541 1747 1752
f 1752 1747 1753
f 1754 1747 1748
f 1753 1747 1754
f 1750 1755 1751
f 1756 1757 1755
f 1542 1756 1755
f 1542 1755 1750
f 1542 1750 1535
f 1542 1544 1756
f 1550 1758 1549
f 1550 1759 1758
f 1540 1759 1550
f 1540 1760 1759
f 1540 1752 1760
f 1753 1760 1752
f 1761 1760 1753
f 1754 1761 1753
f 1756 1762 1757
f 1544 1762 1756
f 1544 1551 1762
f 1551 1763 1762
f 1552 1764 1551
f 1551 1764 1763
f 1764 1552 1554
f 1765 1764 1554
f 1558 1766 1557
f 1558 1549 1758
f 1558 1758 1766
f 1766 1758 1767
f 1768 1758 1759
f 1767 1758 1768
f 1568 1771 1567
f 1568 1557 1766
f 1568 1766 1771
f 1771 1766 1772
f 1773 1767 1774
f 1773 1772 1767
f 1772 1766 1767
f 1768 1774 1767
f 1769 1775 1770
f 1776 1777 1775
f 1569 1776 1775
f 1569 1775 1769
f 1569 1769 1560
f 1569 1570 1778
f 1776 1569 1778
f 1570 1572 1778
f 1579 1779 1578
f 1579 1780 1779
f 1567 1780 1579
f 1567 1781 1780
f 1567 1771 1781
f 1772 1781 1771
f 1782 1781 1772
f 1773 1782 1772
f 1776 1783 1777
f 1778 1783 1776
f 1784 1783 1778
f 1572 1784 1778
f 1572 1580 1784
f 1786 1787 1785
f 1786 1785 1581
f 1581 1785 1580
f 1581 1583 1786
f 1587 1788 1586
f 1588 1589 1790
f 1789 1588 1790
f 1589 1791 1790
f 1578 1791 1589
f 1578 1792 1791
f 1578 1779 1792
f 1780 1792 1779
f 1583 1590 1795
f 1583 1795 1786
f 1786 1795 1793
f 1590 1592 1795
f 1586 1788 1600
f 1799 1790 1800
f 1799 1798 1790
f 1798 1789 1790
f 1791 1800 1790
f 1793 1801 1794
f 1795 1801 1793
f 1802 1801 1795
f 1592 1802 1795
f 1592 1601 1802
f 1619 1807 1808
f 1618 1619 1808
f 1809 1810 1807
f 1809 1807 1620
f 1620 1807 1619
f 1620 1621 1811
f 1809 1620 1811
f 1621 1600 1796
f 1621 1796 1811
f 1811 1796 1812
f 1813 1797 1814
f 1813 1812 1797
f 1812 1796 1797
f 1798 1814 1797
f 1815 1814 1798
f 1799 1815 1798
f 1803 1816 1804
f 1816 1817 1818
f 1816 1803 1817
f 1803 1805 1817
f 1806 1819 1805
f 1819 1817 1805
f 1604 1622 1820
f 1604 1820 1806
f 1806 1820 1819
f 1622 1623 1821
f 1820 1622 1821
f 1623 1625 1821
f 1627 1822 1626
f 1627 1628 1823
f 1822 1627 1823
f 1628 1630 1823
f 1639 1640 1827
f 1826 1639 1827
f 1828 1827 1640
f 1828 1640 1829
f 1829 1640 1641
f 1808 1641 1618
f 1829 1641 1808
f 1809 1830 1810
f 1811 1830 1809
f 1831 1830 1811
f 1812 1831 1811
f 1832 1831 1812
f 1813 1832 1812
f 1817 1833 1818
f 1819 1833 1817
f 1834 1833 1819
f 1820 1834 1819
f 1835 1834 1820
f 1821 1835 1820
f 1836 1835 1821
f 1625 1836 1821
f 1625 1642 1836
f 1642 1837 1836
f 1822 1642 1626
f 1822 1838 1642
f 1838 1837 1642
f 1838 1839 1840
f 1838 1822 1839
f 1822 1823 1839
f 1630 1643 1841
f 1630 1841 1823
f 1823 1841 1839
f 1842 1841 1643
f 1842 1643 1843
f 1843 1643 1644
f 1844 1845 1843
f 1844 1843 1645
f 1645 1843 1644
f 1648 1824 1846
f 1846 1824 1847
f 1847 1824 1848
f 1827 1849 1826
f 1850 1849 1827
f 1828 1850 1827
f 1839 1851 1840
f 1841 1851 1839
f 1852 1851 1841
f 1842 1852 1841
f 1844 1853 1845
f 1847 1854 1846
f 1855 1854 1847
f 1848 1855 1847
f 1856 1860 1857
f 1861 1862 1860
f 1653 1861 1860
f 1653 1860 1856
f 1653 1856 1650
f 1653 1655 1861
f 1658 1863 1657
f 1658 1864 1863
f 1652 1864 1658
f 1652 1865 1864
f 1652 1858 1865
f 1859 1865 1858
f 1861 1866 1862
f 1867 1868 1866
f 1659 1867 1866
f 1659 1866 1861
f 1659 1861 1655
f 1659 1661 1867
f 1663 1869 1664
f 1870 1869 1663
f 1870 1663 1871
f 1871 1663 1665
f 1863 1665 1657
f 1863 1872 1665
f 1872 1871 1665
f 1864 1872 1863
f 1867 1873 1868
f 1873 1867 1661
f 1873 1661 1874
f 1874 1661 1667
f 1664 1869 1669
f 1671 1875 1876
f 1669 1875 1671
f 1669 1870 1875
f 1669 1869 1870
f 1875 1877 1876
f 1667 1673 1874
f 1874 1673 1878
f 1876 1879 1678
f 1671 1876 1678
f 1880 1876 1877
f 1879 1876 1880
f 1881 1882 1883
f 1881 1883 1878
f 1881 1878 1680
f 1680 1878 1673
f 1879 1884 1684
f 1678 1879 1684
f 1885 1879 1880
f 1884 1879 1885
f 1881 1886 1882
f 1887 1888 1886
f 1685 1887 1886
f 1685 1886 1881
f 1685 1881 1680
f 1685 1687 1887
f 1884 1889 1890
f 1884 1890 1684
f 1684 1890 1690
f 1885 1889 1884
f 1891 1888 1887
f 1892 1888 1891
f 1687 1692 1891
f 1887 1687 1891
f 1696 1893 1695
f 1696 1894 1893
f 1696 1690 1894
f 1690 1890 1894
f 1895 1892 1891
f 1896 1892 1895
f 1692 1698 1895
f 1891 1692 1895
f 1893 1897 1701
f 1695 1893 1701
f 1898 1893 1894
f 1897 1893 1898
f 1899 1896 1895
f 1900 1896 1899
f 1698 1703 1899
f 1895 1698 1899
f 1897 1901 1902
f 1897 1902 1701
f 1898 1901 1897
f 1903 1900 1899
f 1904 1900 1903
f 1703 1708 1905
f 1703 1905 1899
f 1899 1905 1903
f 1708 1710 1905
f 1902 1906 1713
f 1903 1907 1904
f 1907 1908 1909
f 1907 1903 1908
f 1903 1905 1908
f 1710 1715 1908
f 1905 1710 1908
f 1911 1713 1906
f 1911 1910 1713
f 1911 1912 1910
f 1910 1718 1713
f 1911 1913 1912
f 1908 1914 1909
f 1914 1908 1715
f 1914 1715 1915
f 1915 1715 1720
f 1917 1912 1918
f 1917 1916 1912
f 1916 1910 1912
f 1913 1918 1912
f 1919 1720 1725
f 1919 1920 1720
f 1920 1915 1720
f 1725 1727 1919
f 1922 1916 1917
f 1921 1916 1922
f 1923 1920 1919
f 1924 1920 1923
f 1727 1732 1923
f 1919 1727 1923
f 1737 1925 1736
f 1737 1730 1921
f 1737 1921 1925
f 1925 1921 1926
f 1927 1921 1922
f 1926 1921 1927
f 1928 1924 1923
f 1929 1924 1928
f 1732 1738 1930
f 1732 1930 1923
f 1923 1930 1928
f 1738 1740 1930
f 1742 1931 1743
f 1742 1932 1931
f 1736 1932 1742
f 1736 1933 1932
f 1736 1925 1933
f 1926 1933 1925
f 1934 1933 1926
f 1927 1934 1926
f 1928 1935 1929
f 1935 1936 1937
f 1935 1928 1936
f 1928 1930 1936
f 1930 1740 1936
f 1936 1940 1937
f 1745 1940 1936
f 1745 1749 1940
f 1749 1941 1940
f 1938 1943 1754
f 1748 1938 1754
f 1944 1938 1939
f 1943 1938 1944
f 1945 1751 1755
f 1945 1946 1751
f 1946 1942 1751
f 1755 1757 1945
f 1760 1947 1948
f 1759 1760 1948
f 1949 1947 1761
f 1761 1947 1760
f 1761 1950 1949
f 1754 1950 1761
f 1754 1951 1950
f 1754 1943 1951
f 1944 1951 1943
f 1952 1946 1945
f 1953 1946 1952
f 1757 1762 1954
f 1757 1954 1945
f 1945 1954 1952
f 1762 1763 1955
f 1954 1762 1955
f 1763 1764 1956
f 1955 1763 1956
f 1764 1765 1956
f 1948 1768 1759
f 1952 1959 1953
f 1954 1959 1952
f 1960 1959 1954
f 1960 1961 1962
f 1960 1954 1961
f 1954 1955 1961
f 1956 1961 1955
f 1774 1963 1773
f 1774 1964 1963
f 1768 1964 1774
f 1768 1965 1964
f 1768 1957 1965
f 1958 1965 1957
f 1961 1966 1962
f 1967 1968 1966
f 1775 1967 1966
f 1775 1966 1961
f 1775 1961 1770
f 1775 1777 1967
f 1781 1969 1780
f 1781 1782 1970
f 1782 1971 1970
f 1773 1971 1782
f 1773 1972 1971
f 1773 1963 1972
f 1964 1972 1963
f 1973 1968 1967
f 1974 1968 1973
f 1777 1783 1975
f 1777 1975 1967
f 1967 1975 1973
f 1783 1784 1976
f 1975 1783 1976
f 1784 1785 1977
f 1976 1784 1977
f 1792 1978 1791
f 1792 1780 1969
f 1792 1969 1978
f 1978 1969 1979
f 1980 1970 1981
f 1980 1979 1970
f 1971 1981 1970
f 1973 1982 1974
f 1975 1982 1973
f 1983 1982 1975
f 1983 1984 1985
f 1983 1975 1984
f 1975 1976 1984
f 1986 1984 1976
f 1800 1987 1799
f 1800 1791 1978
f 1800 1978 1987
f 1987 1978 1988
f 1989 1979 1990
f 1989 1988 1979
f 1988 1978 1979
f 1980 1990 1979
f 1984 1991 1985
f 1991 1992 1993
f 1991 1984 1992
f 1984 1986 1992
f 1794 1801 1994
f 1794 1994 1986
f 1986 1994 1992
f 1801 1802 1995
f 1996 1995 1802
f 1996 1802 1997
f 1807 1998 1808
f 1807 1810 1998
f 1814 1999 1813
f 2000 1999 1814
f 2000 1814 2001
f 2001 1814 1815
f 1987 1815 1799
f 1987 2002 1815
f 2002 2001 1815
f 1988 2002 1987
f 2003 2002 1988
f 1989 2003 1988
f 1992 2004 1993
f 1994 2004 1992
f 2005 2004 1994
f 2006 2005 1995
f 1996 2006 1995
f 2007 1804 1816
f 2007 2008 1804
f 1816 1818 2007
f 1829 2010 1828
f 1829 1808 1998
f 1829 1998 2010
f 2010 1998 2011
f 1810 2011 1998
f 1810 1830 2012
f 2012 2013 2011
f 2014 2015 2012
f 2014 2012 1831
f 1831 2012 1830
f 1831 1832 2016
f 2014 1831 2016
f 1832 2017 2016
f 1813 2017 1832
f 1813 2018 2017
f 1813 1999 2018
f 2000 2018 1999
f 2007 2019 2008
f 2020 2021 2019
f 1833 2020 2019
f 1833 2019 2007
f 1833 2007 1818
f 1833 1834 2022
f 2020 1833 2022
f 1834 1835 2023
f 2022 1834 2023
f 2025 2026 2024
f 2025 2024 1838
f 1838 1840 2025
f 1843 2027 1842
f 1843 1845 2027
f 2009 2028 1848
f 1825 2009 1848
f 1849 1850 2030
f 2029 1849 2030
f 1850 1828 2010
f 1850 2010 2030
f 2030 2010 2031
f 2011 2032 2010
f 2032 2031 2010
f 2033 2011 2013
f 2032 2011 2033
f 2014 2034 2015
f 2016 2034 2014
f 2035 2034 2016
f 2017 2035 2016
f 2020 2036 2021
f 2022 2036 2020
f 2037 2036 2022
f 2023 2037 2022
f 2038 2037 2023
f 2025 2039 2026
f 2040 2041 2039
f 1851 2040 2039
f 1851 2039 2025
f 1851 2025 1840
f 1851 1852 2042
f 2040 1851 2042
f 1852 1842 2027
f 1852 2027 2042
f 2042 2027 2043
f 1845 1853 2044
f 1845 2044 2027
f 2027 2044 2043
f 1854 1855 2048
f 2047 1854 2048
f 1855 2049 2048
f 1848 2049 1855
f 1848 2050 2049
f 1848 2028 2050
f 2051 2050 2029
f 2030 2051 2029
f 2052 2051 2030
f 2031 2052 2030
f 2053 2052 2031
f 2032 2053 2031
f 2054 2053 2032
f 2033 2054 2032
f 2040 2055 2041
f 2042 2055 2040
f 2056 2055 2042
f 2043 2056 2042
f 2057 2056 2043
f 2044 2057 2043
f 2058 2057 2044
f 2045 2058 2044
f 2059 2058 2045
f 2046 2059 2045
f 2060 2059 2046
f 2047 2060 2046
f 2061 2060 2047
f 2048 2061 2047
f 2062 2061 2048
f 2049 2062 2048
f 2063 2067 2064
f 1857 2067 2063
f 1857 1860 2067
f 1860 2068 2067
f 2068 1860 1862
f 2069 2068 1862
f 1865 2070 1864
f 1865 2071 2070
f 1859 2071 1865
f 1859 2072 2071
f 1859 2065 2072
f 2066 2072 2065
f 2073 1862 1866
f 2073 2074 1862
f 2074 2069 1862
f 1866 1868 2073
f 1871 2075 1870
f 1871 1872 2076
f 2075 1871 2076
f 1872 1864 2070
f 1872 2070 2076
f 2076 2070 2077
f 2078 2070 2071
f 2077 2070 2078
f 2073 2079 2074
f 2080 2081 2079
f 1873 2080 2079
f 1873 2079 2073
f 1873 2073 1868
f 1870 2075 1875
f 1877 1875 2075
f 1877 2075 2082
f 2082 2075 2076
f 2083 2077 2084
f 2083 2082 2077
f 2082 2076 2077
f 2078 2084 2077
f 2085 2086 2087
f 2081 2085 2087
f 2080 2088 2085
f 1874 1878 2088
f 2080 1874 2088
f 2082 2089 1880
f 1877 2082 1880
f 2090 2082 2083
f 2089 2082 2090
f 2091 2086 2085
f 2092 2086 2091
f 1883 1882 2091
f 1883 2091 2088
f 2088 2091 2085
f 1878 1883 2088
f 2089 2093 1885
f 1880 2089 1885
f 2094 2089 2090
f 2093 2089 2094
f 2091 2095 2092
f 2096 2097 2095
f 1886 2096 2095
f 1886 2095 2091
f 1886 2091 1882
f 1886 1888 2096
f 1889 2098 1890
f 1889 2099 2098
f 1885 2099 1889
f 1885 2100 2099
f 1885 2093 2100
f 2094 2100 2093
f 2096 2101 2097
f 2101 2096 1888
f 2101 1888 2102
f 2098 2103 2104
f 2098 2104 1890
f 1890 2104 1894
f 2099 2103 2098
f 2104 1898 1894
f 1896 1900 2108
f 1901 2110 1902
f 1901 1898 2106
f 1901 2106 2110
f 2112 2106 2107
f 2111 2106 2112
f 2113 2109 2108
f 2114 2109 2113
f 1900 1904 2113
f 2108 1900 2113
f 2110 2115 1906
f 1902 2110 1906
f 2117 2111 2112
f 2116 2111 2117
f 2113 2118 2114
f 2119 2120 2118
f 1907 2119 2118
f 1907 2118 2113
f 1907 2113 1904
f 1907 1909 2119
f 1906 2115 1911
f 2121 2115 2116
f 2121 1913 2115
f 2121 2122 1913
f 1911 2115 1913
f 2117 2121 2116
f 2119 2123 2120
f 1914 2123 2119
f 1914 2119 1909
f 1914 1915 2124
f 1918 2126 1917
f 1918 2127 2126
f 1918 1913 2127
f 1913 2122 2127
f 2128 2124 1915
f 2128 1915 2129
f 2129 1915 1920
f 2126 2130 2131
f 2126 2131 1917
f 1917 2131 1922
f 2127 2130 2126
f 2132 2133 2134
f 2132 2134 2129
f 2132 2129 1924
f 1924 2129 1920
f 2135 2136 1927
f 2135 1927 2131
f 2131 1927 1922
f 2135 2137 2136
f 2138 2133 2132
f 2139 2133 2138
f 1924 1929 2138
f 2132 1924 2138
f 1933 2140 1932
f 1933 1934 2141
f 2140 1933 2141
f 1934 2142 2141
f 1927 2142 1934
f 1927 2143 2142
f 1927 2136 2143
f 2137 2143 2136
f 2138 2144 2139
f 2145 2146 2144
f 1935 2145 2144
f 1935 2144 2138
f 1935 2138 1929
f 1935 1937 2145
f 2140 2147 1939
f 2148 2141 2149
f 2148 2147 2141
f 2142 2149 2141
f 2145 2150 2146
f 1937 2150 2145
f 1937 1940 2150
f 1939 2147 1944
f 1951 2153 1950
f 1951 2154 2153
f 1944 2154 1951
f 1944 2155 2154
f 1944 2151 2155
f 2152 2155 2151
f 1950 2153 2160
f 2154 2160 2153
f 2156 2161 2157
f 2162 2163 2161
f 1959 2162 2161
f 1959 2161 2156
f 1959 2156 1953
f 1959 1960 2164
f 2162 1959 2164
f 1960 1962 2164
f 1965 2165 1964
f 1965 2166 2165
f 1958 2166 1965
f 1958 2167 2166
f 1958 2158 2167
f 2159 2167 2158
f 2162 2168 2163
f 2168 2169 2170
f 2168 2162 2169
f 2162 2164 2169
f 1962 1966 2171
f 1962 2171 2164
f 2164 2171 2169
f 1966 1968 2171
f 1972 2172 1971
f 1972 2173 2172
f 1964 2173 1972
f 1964 2174 2173
f 1964 2165 2174
f 2166 2174 2165
f 2169 2175 2170
f 2175 2176 2177
f 2175 2169 2176
f 2169 2171 2176
f 1968 1974 2176
f 2171 1968 2176
f 1981 2178 1980
f 1981 1971 2172
f 1981 2172 2178
f 2178 2172 2179
f 2180 2172 2173
f 2179 2172 2180
f 2176 2181 2177
f 2182 2183 2181
f 1982 2182 2181
f 1982 2181 2176
f 1982 2176 1974
f 1982 1983 2184
f 2182 1982 2184
f 1983 1985 2184
f 1990 2185 1989
f 1990 1980 2178
f 1990 2178 2185
f 2185 2178 2186
f 2187 2179 2188
f 2187 2186 2179
f 2186 2178 2179
f 2180 2188 2179
f 2182 2189 2183
f 2184 2189 2182
f 2190 2189 2184
f 2191 2192 2190
f 1991 2191 2190
f 1991 2190 2184
f 1991 2184 1985
f 1991 1993 2191
f 1997 2193 1996
f 2000 2001 2194
f 2001 2002 2196
f 2194 2001 2196
f 2197 2196 2002
f 2197 2002 2198
f 2198 2002 2003
f 2185 2003 1989
f 2185 2199 2003
f 2199 2198 2003
f 2186 2199 2185
f 2200 2199 2186
f 2187 2200 2186
f 2191 2201 2192
f 1993 2201 2191
f 1993 2004 2201
f 2004 2202 2201
f 2203 2204 2202
f 2203 2202 2005
f 2005 2202 2004
f 2005 2006 2205
f 2203 2005 2205
f 2006 1996 2193
f 2006 2193 2205
f 2012 2207 2013
f 2012 2015 2207
f 2018 2000 2194
f 2209 2018 2194
f 2196 2209 2194
f 2210 2209 2196
f 2197 2210 2196
f 2203 2211 2204
f 2211 2212 2213
f 2211 2203 2212
f 2203 2205 2212
f 2214 2206 2215
f 2214 2212 2206
f 2212 2205 2206
f 2008 2215 2206
f 2008 2019 2215
f 2024 2026 2217
f 2207 2218 2033
f 2013 2207 2033
f 2015 2034 2219
f 2015 2219 2207
f 2207 2219 2218
f 2220 2219 2034
f 2220 2034 2221
f 2221 2034 2035
f 2208 2035 2017
f 2212 2222 2213
f 2214 2222 2212
f 2223 2021 2036
f 2223 2224 2021
f 2036 2037 2225
f 2223 2036 2225
f 2037 2038 2226
f 2225 2037 2226
f 2026 2039 2228
f 2026 2228 2217
f 2039 2041 2228
f 2050 2229 2049
f 2230 2229 2050
f 2230 2050 2231
f 2052 2053 2233
f 2232 2052 2233
f 2053 2054 2234
f 2233 2053 2234
f 2054 2235 2234
f 2033 2235 2054
f 2033 2236 2235
f 2033 2218 2236
f 2219 2236 2218
f 2237 2236 2219
f 2220 2237 2219
f 2223 2238 2224
f 2225 2238 2223
f 2239 2238 2225
f 2226 2239 2225
f 2240 2239 2226
f 2227 2240 2226
f 2041 2242 2228
f 2041 2055 2242
f 2055 2243 2242
f 2056 2244 2055
f 2055 2244 2243
f 2057 2245 2056
f 2056 2245 2244
f 2246 2247 2245
f 2246 2245 2058
f 2058 2245 2057
f 2058 2059 2248
f 2246 2058 2248
f 2059 2060 2249
f 2248 2059 2249
f 2250 2249 2060
f 2250 2060 2251
f 2251 2060 2061
f 2252 2253 2251
f 2252 2251 2062
f 2062 2251 2061
f 2062 2254 2252
f 2049 2254 2062
f 2049 2255 2254
f 2049 2229 2255
f 2230 2255 2229
f 2233 2256 2232
f 2257 2256 2233
f 2234 2257 2233
f 2258 2257 2234
f 2235 2258 2234
f 2246 2259 2247
f 2248 2259 2246
f 2260 2259 2248
f 2249 2260 2248
f 2261 2260 2249
f 2250 2261 2249
f 2252 2262 2253
f 2254 2262 2252
f 2064 2266 2263
f 2067 2266 2064
f 2267 2268 2266
f 2267 2266 2068
f 2068 2266 2067
f 2068 2069 2267
f 2072 2269 2071
f 2072 2270 2269
f 2066 2270 2072
f 2066 2271 2270
f 2066 2264 2271
f 2265 2271 2264
f 2267 2272 2268
f 2272 2267 2069
f 2272 2069 2273
f 2273 2069 2074
f 2269 2274 2275
f 2269 2275 2071
f 2071 2275 2078
f 2270 2274 2269
f 2276 2277 2278
f 2079 2276 2273
f 2079 2273 2074
f 2278 2273 2276
f 2084 2280 2083
f 2084 2281 2280
f 2084 2078 2281
f 2078 2275 2281
f 2282 2277 2276
f 2283 2277 2282
f 2087 2086 2282
f 2087 2282 2279
f 2279 2282 2276
f 2081 2087 2279
f 2280 2284 2090
f 2083 2280 2090
f 2285 2280 2281
f 2284 2280 2285
f 2286 2283 2282
f 2287 2283 2286
f 2086 2092 2286
f 2284 2288 2094
f 2090 2284 2094
f 2289 2284 2285
f 2288 2284 2289
f 2290 2287 2286
f 2291 2287 2290
f 2092 2095 2292
f 2092 2292 2286
f 2286 2292 2290
f 2095 2097 2292
f 2100 2293 2099
f 2100 2094 2288
f 2100 2288 2293
f 2295 2288 2289
f 2294 2288 2295
f 2290 2296 2291
f 2296 2297 2298
f 2296 2290 2297
f 2290 2292 2297
f 2097 2101 2299
f 2097 2299 2292
f 2101 2102 2299
f 2103 2300 2104
f 2103 2099 2293
f 2103 2293 2300
f 2295 2301 2294
f 2302 2298 2297
f 2303 2298 2302
f 2306 2303 2302
f 2307 2303 2306
f 2302 2105 2306
f 2304 2308 2112
f 2107 2304 2112
f 2309 2304 2305
f 2308 2304 2309
f 2306 2310 2307
f 2310 2306 2109
f 2310 2109 2311
f 2311 2109 2114
f 2308 2312 2117
f 2112 2308 2117
f 2313 2308 2309
f 2312 2308 2313
f 2314 2114 2118
f 2314 2315 2114
f 2315 2311 2114
f 2118 2120 2314
f 2121 2316 2122
f 2121 2317 2316
f 2117 2317 2121
f 2117 2318 2317
f 2117 2312 2318
f 2313 2318 2312
f 2319 2315 2314
f 2320 2315 2319
f 2120 2123 2321
f 2120 2321 2314
f 2314 2321 2319
f 2123 2125 2321
f 2317 2322 2316
f 2324 2320 2319
f 2325 2320 2324
f 2321 2326 2319
f 2326 2324 2319
f 2125 2128 2327
f 2125 2327 2321
f 2321 2327 2326
f 2128 2129 2327
f 2130 2328 2131
f 2130 2329 2328
f 2130 2127 2329
f 2127 2323 2329
f 2324 2330 2325
f 2330 2331 2332
f 2330 2324 2331
f 2324 2326 2331
f 2134 2133 2331
f 2134 2331 2327
f 2327 2331 2326
f 2129 2134 2327
f 2131 2328 2135
f 2328 2137 2135
f 2328 2329 2137
f 2329 2333 2137
f 2334 2332 2331
f 2335 2332 2334
f 2133 2139 2334
f 2331 2133 2334
f 2143 2336 2142
f 2143 2337 2336
f 2143 2137 2337
f 2137 2333 2337
f 2334 2338 2335
f 2339 2340 2338
f 2144 2339 2338
f 2144 2338 2334
f 2144 2334 2139
f 2144 2146 2339
f 2336 2149 2142
f 2336 2341 2149
f 2337 2341 2336
f 2342 2340 2339
f 2343 2340 2342
f 2146 2150 2344
f 2146 2344 2339
f 2339 2344 2342
f 2342 2346 2343
f 2346 2347 2348
f 2346 2342 2347
f 2342 2344 2347
f 2349 2347 2344
f 2155 2350 2154
f 2155 2351 2350
f 2155 2152 2351
f 2152 2345 2351
f 2347 2352 2348
f 2352 2353 2354
f 2352 2347 2353
f 2350 2160 2154
f 2350 2355 2160
f 2351 2355 2350
f 2353 2356 2354
f 2357 2358 2356
f 2161 2357 2356
f 2161 2356 2353
f 2161 2353 2157
f 2161 2163 2357
f 2167 2359 2166
f 2167 2360 2359
f 2167 2159 2360
f 2357 2361 2358
f 2362 2363 2361
f 2168 2362 2361
f 2168 2361 2357
f 2168 2357 2163
f 2168 2170 2362
f 2174 2364 2173
f 2174 2166 2359
f 2174 2359 2364
f 2364 2359 2365
f 2366 2359 2360
f 2365 2359 2366
f 2367 2363 2362
f 2368 2363 2367
f 2170 2175 2369
f 2170 2369 2362
f 2362 2369 2367
f 2175 2177 2369
f 2364 2370 2180
f 2173 2364 2180
f 2371 2365 2372
f 2371 2370 2365
f 2370 2364 2365
f 2366 2372 2365
f 2367 2373 2368
f 2369 2373 2367
f 2374 2373 2369
f 2177 2374 2369
f 2177 2181 2374
f 2375 2181 2183
f 2376 2375 2183
f 2188 2377 2378
f 2187 2188 2378
f 2370 2188 2180
f 2370 2379 2188
f 2379 2377 2188
f 2371 2379 2370
f 2380 2183 2189
f 2380 2381 2183
f 2381 2376 2183
f 2189 2190 2382
f 2380 2189 2382
f 2190 2192 2382
f 2198 2384 2197
f 2198 2199 2385
f 2384 2198 2385
f 2199 2200 2386
f 2385 2199 2386
f 2200 2387 2386
f 2200 2187 2387
f 2187 2378 2387
f 2380 2388 2381
f 2388 2389 2390
f 2388 2380 2389
f 2380 2382 2389
f 2192 2201 2391
f 2192 2391 2382
f 2382 2391 2389
f 2391 2201 2392
f 2195 2209 2394
f 2195 2394 2383
f 2383 2394 2393
f 2209 2210 2395
f 2394 2209 2395
f 2210 2396 2395
f 2197 2396 2210
f 2197 2397 2396
f 2197 2384 2397
f 2386 2398 2385
f 2399 2398 2386
f 2387 2399 2386
f 2389 2400 2390
f 2391 2400 2389
f 2401 2400 2391
f 2392 2401 2391
f 2211 2213 2403
f 2215 2404 2214
f 2215 2216 2405
f 2404 2215 2405
f 2221 2406 2220
f 2394 2408 2393
f 2409 2395 2410
f 2409 2408 2395
f 2408 2394 2395
f 2396 2410 2395
f 2412 2413 2411
f 2222 2412 2411
f 2222 2411 2403
f 2222 2403 2213
f 2222 2214 2404
f 2222 2404 2412
f 2412 2404 2414
f 2415 2414 2404
f 2231 2416 2230
f 2236 2417 2235
f 2236 2237 2418
f 2417 2236 2418
f 2237 2419 2418
f 2220 2419 2237
f 2220 2420 2419
f 2220 2406 2420
f 2407 2420 2406
f 2421 2420 2407
f 2408 2421 2407
f 2422 2421 2408
f 2409 2422 2408
f 2412 2423 2413
f 2414 2423 2412
f 2424 2423 2414
f 2415 2424 2414
f 2425 2424 2415
f 2426 2427 2425
f 2238 2426 2425
f 2238 2425 2415
f 2238 2415 2224
f 2238 2239 2428
f 2426 2238 2428
f 2429 2428 2239
f 2429 2239 2430
f 2430 2239 2240
f 2241 2430 2240
f 2242 2243 2431
f 2432 2243 2244
f 2433 2434 2432
f 2433 2432 2245
f 2245 2432 2244
f 2245 2247 2433
f 2255 2230 2416
f 2255 2416 2436
f 2436 2416 2437
f 2416 2438 2437
f 2256 2257 2439
f 2438 2256 2439
f 2440 2439 2257
f 2440 2257 2441
f 2441 2257 2258
f 2417 2258 2235
f 2417 2442 2258
f 2442 2441 2258
f 2418 2442 2417
f 2443 2442 2418
f 2419 2443 2418
f 2426 2444 2427
f 2428 2444 2426
f 2445 2444 2428
f 2429 2445 2428
f 2259 2447 2446
f 2259 2433 2247
f 2259 2260 2449
f 2447 2259 2449
f 2450 2449 2260
f 2450 2260 2451
f 2451 2260 2261
f 2451 2261 2435
f 2262 2452 2253
f 2254 2452 2262
f 2254 2453 2452
f 2254 2436 2453
f 2454 2452 2453
f 2455 2437 2456
f 2455 2453 2437
f 2453 2436 2437
f 2438 2456 2437
f 2457 2456 2438
f 2439 2457 2438
f 2458 2457 2439
f 2440 2458 2439
f 2447 2459 2448
f 2449 2459 2447
f 2460 2459 2449
f 2450 2460 2449
f 2453 2461 2454
f 2455 2461 2453
f 2462 2466 2463
f 2467 2468 2466
f 2266 2467 2466
f 2266 2466 2462
f 2266 2462 2263
f 2266 2268 2467
f 2271 2469 2470
f 2270 2271 2470
f 2464 2271 2265
f 2464 2471 2271
f 2471 2469 2271
f 2465 2471 2464
f 2467 2472 2468
f 2473 2474 2472
f 2272 2473 2472
f 2272 2472 2467
f 2272 2467 2268
f 2272 2273 2473
f 2274 2475 2275
f 2274 2476 2475
f 2274 2270 2476
f 2270 2470 2476
f 2278 2474 2473
f 2278 2277 2474
f 2277 2477 2474
f 2273 2278 2473
f 2475 2478 2281
f 2275 2475 2281
f 2479 2475 2476
f 2478 2475 2479
f 2277 2283 2477
f 2478 2480 2285
f 2281 2478 2285
f 2481 2478 2479
f 2480 2478 2481
f 2480 2483 2484
f 2480 2484 2285
f 2285 2484 2289
f 2481 2483 2480
f 2482 2291 2485
f 2289 2484 2295
f 2484 2486 2295
f 2487 2291 2296
f 2487 2488 2291
f 2488 2485 2291
f 2296 2298 2487
f 2301 2490 2489
f 2301 2295 2490
f 2295 2486 2490
f 2491 2488 2487
f 2492 2488 2491
f 2298 2303 2491
f 2487 2298 2491
f 2489 2493 2305
f 2494 2489 2490
f 2493 2489 2494
f 2491 2495 2492
f 2495 2491 2303
f 2495 2303 2496
f 2496 2303 2307
f 2493 2497 2309
f 2305 2493 2309
f 2498 2493 2494
f 2497 2493 2498
f 2497 2499 2313
f 2309 2497 2313
f 2500 2497 2498
f 2499 2497 2500
f 2318 2501 2317
f 2318 2502 2501
f 2313 2502 2318
f 2313 2503 2502
f 2313 2499 2503
f 2500 2503 2499
f 2322 2317 2501
f 2322 2501 2506
f 2506 2501 2507
f 2508 2501 2502
f 2507 2501 2508
f 2509 2505 2504
f 2510 2505 2509
f 2320 2325 2509
f 2504 2320 2509
f 2512 2507 2513
f 2512 2511 2507
f 2511 2506 2507
f 2508 2513 2507
f 2509 2514 2510
f 2515 2516 2514
f 2330 2515 2514
f 2330 2514 2509
f 2330 2509 2325
f 2330 2332 2515
f 2511 2517 2333
f 2329 2511 2333
f 2518 2511 2512
f 2517 2511 2518
f 2515 2519 2516
f 2519 2515 2332
f 2519 2332 2520
f 2520 2332 2335
f 2517 2521 2337
f 2333 2517 2337
f 2522 2517 2518
f 2521 2517 2522
f 2523 2335 2338
f 2523 2524 2335
f 2524 2520 2335
f 2338 2340 2523
f 2341 2526 2525
f 2337 2526 2341
f 2337 2527 2526
f 2337 2521 2527
f 2522 2527 2521
f 2523 2528 2524
f 2528 2523 2340
f 2528 2340 2529
f 2529 2340 2343
f 2532 2525 2526
f 2531 2525 2532
f 2343 2533 2529
f 2346 2533 2343
f 2533 2346 2348
f 2534 2533 2348
f 2530 2535 2351
f 2345 2530 2351
f 2536 2531 2537
f 2536 2535 2531
f 2532 2537 2531
f 2538 2348 2352
f 2538 2539 2348
f 2539 2534 2348
f 2352 2354 2538
f 2355 2541 2540
f 2351 2541 2355
f 2351 2542 2541
f 2351 2535 2542
f 2536 2542 2535
f 2538 2543 2539
f 2544 2545 2543
f 2356 2544 2543
f 2356 2543 2538
f 2356 2538 2354
f 2356 2358 2544
f 2548 2540 2541
f 2547 2540 2548
f 2544 2549 2545
f 2358 2549 2544
f 2358 2361 2549
f 2546 2551 2366
f 2360 2546 2366
f 2552 2547 2553
f 2552 2551 2547
f 2548 2553 2547
f 2550 2368 2554
f 2372 2555 2371
f 2372 2556 2555
f 2366 2556 2372
f 2366 2557 2556
f 2366 2551 2557
f 2552 2557 2551
f 2558 2368 2373
f 2558 2559 2368
f 2559 2554 2368
f 2373 2374 2560
f 2558 2373 2560
f 2375 2376 2561
f 2377 2562 2563
f 2378 2377 2563
f 2379 2564 2377
f 2377 2564 2562
f 2555 2379 2371
f 2555 2565 2379
f 2556 2565 2555
f 2558 2566 2559
f 2560 2566 2558
f 2567 2566 2560
f 2568 2561 2376
f 2568 2376 2569
f 2569 2376 2381
f 2378 2563 2387
f 2571 2381 2388
f 2571 2572 2381
f 2572 2569 2381
f 2388 2390 2571
f 2397 2573 2396
f 2573 2397 2574
f 2575 2574 2398
f 2575 2398 2576
f 2576 2398 2399
f 2570 2399 2387
f 2576 2399 2570
f 2571 2577 2572
f 2578 2579 2577
f 2400 2578 2577
f 2400 2577 2571
f 2400 2571 2390
f 2400 2401 2580
f 2578 2400 2580
f 2401 2402 2581
f 2580 2401 2581
f 2410 2582 2409
f 2410 2583 2582
f 2396 2583 2410
f 2396 2584 2583
f 2396 2573 2584
f 2574 2584 2573
f 2585 2584 2574
f 2575 2585 2574
f 2578 2586 2579
f 2580 2586 2578
f 2587 2586 2580
f 2587 2588 2589
f 2587 2580 2588
f 2580 2581 2588
f 2411 2413 2590
f 2420 2591 2419
f 2592 2591 2420
f 2592 2420 2593
f 2593 2420 2421
f 2422 2594 2421
f 2421 2594 2593
f 2582 2422 2409
f 2582 2595 2422
f 2595 2594 2422
f 2583 2595 2582
f 2588 2596 2589
f 2590 2596 2588
f 2597 2596 2590
f 2413 2597 2590
f 2413 2423 2597
f 2423 2598 2597
f 2599 2600 2598
f 2599 2598 2424
f 2424 2598 2423
f 2424 2425 2601
f 2599 2424 2601
f 2425 2427 2601
f 2443 2603 2602
f 2419 2603 2443
f 2419 2604 2603
f 2419 2591 2604
f 2592 2604 2591
f 2599 2605 2600
f 2601 2605 2599
f 2606 2605 2601
f 2427 2606 2601
f 2427 2444 2606
f 2444 2607 2606
f 2445 2608 2444
f 2444 2608 2607
f 2451 2613 2450
f 2451 2614 2613
f 2435 2614 2451
f 2452 2454 2616
f 2456 2618 2455
f 2456 2457 2619
f 2618 2456 2619
f 2457 2458 2620
f 2619 2457 2620
f 2458 2621 2620
f 2440 2621 2458
f 2440 2622 2621
f 2603 2623 2602
f 2609 2624 2610
f 2626 2625 2611
f 2612 2626 2611
f 2627 2626 2612
f 2448 2627 2612
f 2448 2459 2627
f 2459 2628 2627
f 2629 2630 2628
f 2629 2628 2460
f 2460 2628 2459
f 2460 2450 2613
f 2460 2613 2629
f 2629 2613 2631
f 2632 2613 2614
f 2631 2613 2632
f 2616 2633 2617
f 2454 2633 2616
f 2454 2461 2633
f 2461 2634 2633
f 2618 2461 2455
f 2618 2635 2461
f 2635 2634 2461
f 2619 2635 2618
f 2636 2635 2619
f 2620 2636 2619
f 2637 2636 2620
f 2621 2637 2620
f 2629 2638 2630
f 2631 2638 2629
f 2639 2638 2631
f 2632 2639 2631
f 2640 2643 2641
f 2644 2645 2643
f 2466 2644 2643
f 2466 2643 2640
f 2466 2640 2463
f 2466 2468 2644
f 2469 2646 2470
f 2647 2646 2469
f 2647 2469 2648
f 2648 2469 2471
f 2642 2471 2465
f 2648 2471 2642
f 2644 2649 2645
f 2650 2651 2649
f 2472 2650 2649
f 2472 2649 2644
f 2472 2644 2468
f 2472 2474 2650
f 2646 2652 2653
f 2646 2653 2470
f 2470 2653 2476
f 2647 2652 2646
f 2654 2651 2650
f 2655 2651 2654
f 2474 2477 2654
f 2650 2474 2654
f 2476 2653 2479
f 2653 2656 2479
f 2654 2657 2655
f 2657 2654 2477
f 2657 2477 2658
f 2479 2656 2481
f 2656 2659 2481
f 2483 2660 2484
f 2483 2661 2660
f 2483 2481 2661
f 2481 2659 2661
f 2660 2664 2486
f 2484 2660 2486
f 2665 2660 2661
f 2664 2660 2665
f 2666 2663 2662
f 2667 2663 2666
f 2485 2488 2666
f 2662 2485 2666
f 2664 2668 2669
f 2664 2669 2486
f 2486 2669 2490
f 2665 2668 2664
f 2670 2667 2666
f 2671 2667 2670
f 2488 2492 2670
f 2666 2488 2670
f 2672 2673 2494
f 2672 2494 2669
f 2669 2494 2490
f 2672 2674 2673
f 2670 2675 2671
f 2676 2677 2675
f 2495 2676 2675
f 2495 2675 2670
f 2495 2670 2492
f 2495 2496 2676
f 2673 2678 2679
f 2673 2679 2494
f 2494 2679 2498
f 2674 2678 2673
f 2680 2677 2676
f 2681 2677 2680
f 2498 2679 2500
f 2679 2682 2500
f 2683 2681 2680
f 2684 2681 2683
f 2685 2683 2680
f 2503 2686 2502
f 2503 2687 2686
f 2503 2500 2687
f 2500 2682 2687
f 2688 2684 2683
f 2689 2684 2688
f 2685 2688 2683
f 2686 2690 2508
f 2502 2686 2508
f 2691 2686 2687
f 2690 2686 2691
f 2688 2692 2689
f 2692 2688 2505
f 2692 2505 2693
f 2693 2505 2510
f 2513 2694 2512
f 2513 2695 2694
f 2508 2695 2513
f 2508 2696 2695
f 2508 2690 2696
f 2691 2696 2690
f 2697 2510 2514
f 2697 2698 2510
f 2698 2693 2510
f 2514 2516 2697
f 2694 2699 2700
f 2694 2700 2512
f 2512 2700 2518
f 2695 2699 2694
f 2697 2701 2698
f 2516 2701 2697
f 2516 2519 2701
f 2702 2519 2520
f 2703 2702 2520
f 2518 2700 2522
f 2700 2704 2522
f 2520 2524 2703
f 2703 2524 2705
f 2527 2706 2526
f 2527 2707 2706
f 2527 2522 2707
f 2522 2704 2707
f 2708 2524 2528
f 2708 2709 2524
f 2709 2705 2524
f 2528 2529 2708
f 2706 2710 2532
f 2526 2706 2532
f 2711 2706 2707
f 2710 2706 2711
f 2708 2712 2709
f 2529 2712 2708
f 2529 2533 2712
f 2537 2713 2536
f 2537 2714 2713
f 2532 2714 2537
f 2532 2715 2714
f 2532 2710 2715
f 2711 2715 2710
f 2542 2716 2541
f 2542 2717 2716
f 2536 2717 2542
f 2536 2718 2717
f 2536 2713 2718
f 2714 2718 2713
f 2719 2539 2543
f 2719 2720 2539
f 2543 2545 2719
f 2716 2721 2548
f 2541 2716 2548
f 2722 2716 2717
f 2721 2716 2722
f 2719 2723 2720
f 2545 2723 2719
f 2545 2549 2723
f 2549 2724 2723
f 2549 2725 2724
f 2553 2726 2552
f 2553 2727 2726
f 2548 2727 2553
f 2548 2728 2727
f 2548 2721 2728
f 2722 2728 2721
f 2557 2730 2556
f 2557 2731 2730
f 2552 2731 2557
f 2552 2732 2731
f 2552 2726 2732
f 2727 2732 2726
f 2554 2559 2733
f 2565 2736 2735
f 2556 2736 2565
f 2556 2737 2736
f 2556 2730 2737
f 2731 2737 2730
f 2733 2738 2734
f 2739 2740 2738
f 2566 2739 2738
f 2566 2738 2733
f 2566 2733 2559
f 2566 2567 2741
f 2739 2566 2741
f 2568 2569 2742
f 2745 2735 2746
f 2745 2744 2735
f 2736 2746 2735
f 2739 2747 2740
f 2741 2747 2739
f 2748 2747 2741
f 2749 2742 2569
f 2749 2569 2750
f 2750 2569 2572
f 2576 2751 2575
f 2576 2752 2751
f 2570 2752 2576
f 2570 2753 2752
f 2570 2743 2753
f 2744 2753 2743
f 2754 2753 2744
f 2745 2754 2744
f 2755 2572 2577
f 2755 2756 2572
f 2756 2750 2572
f 2577 2579 2755
f 2584 2757 2583
f 2758 2757 2584
f 2758 2584 2759
f 2759 2584 2585
f 2751 2585 2575
f 2751 2760 2585
f 2760 2759 2585
f 2752 2760 2751
f 2755 2761 2756
f 2579 2761 2755
f 2579 2586 2761
f 2586 2762 2761
f 2763 2764 2762
f 2763 2762 2587
f 2587 2589 2763
f 2593 2765 2592
f 2593 2594 2766
f 2765 2593 2766
f 2594 2595 2767
f 2766 2594 2767
f 2595 2768 2767
f 2583 2768 2595
f 2583 2769 2768
f 2583 2757 2769
f 2758 2769 2757
f 2763 2770 2764
f 2589 2770 2763
f 2589 2596 2770
f 2596 2771 2770
f 2597 2772 2596
f 2596 2772 2771
f 2773 2774 2772
f 2773 2772 2598
f 2598 2772 2597
f 2598 2600 2773
f 2604 2776 2603
f 2604 2777 2776
f 2592 2777 2604
f 2592 2778 2777
f 2592 2765 2778
f 2766 2778 2765
f 2779 2778 2766
f 2767 2779 2766
f 2780 2779 2767
f 2768 2780 2767
f 2773 2781 2774
f 2600 2781 2773
f 2600 2605 2781
f 2605 2782 2781
f 2606 2783 2605
f 2605 2783 2782
f 2607 2784 2606
f 2606 2784 2783
f 2608 2784 2607
f 2615 2788 2614
f 2621 2622 2790
f 2776 2623 2603
f 2776 2792 2623
f 2792 2791 2623
f 2777 2792 2776
f 2793 2794 2795
f 2793 2785 2794
f 2785 2786 2794
f 2796 2787 2797
f 2796 2794 2787
f 2794 2786 2787
f 2798 2799 2797
f 2624 2798 2797
f 2624 2797 2787
f 2624 2787 2610
f 2801 2802 2800
f 2801 2800 2626
f 2626 2800 2625
f 2626 2627 2803
f 2801 2626 2803
f 2627 2628 2804
f 2803 2627 2804
f 2628 2630 2804
f 2788 2805 2632
f 2614 2788 2632
f 2617 2633 2806
f 2617 2806 2788
f 2633 2634 2807
f 2806 2633 2807
f 2808 2807 2634
f 2808 2634 2809
f 2809 2634 2635
f 2810 2811 2809
f 2810 2809 2636
f 2636 2809 2635
f 2812 2810 2636
f 2812 2636 2813
f 2813 2636 2637
f 2790 2637 2621
f 2813 2637 2790
f 2794 2814 2795
f 2796 2814 2794
f 2798 2815 2799
f 2801 2816 2802
f 2803 2816 2801
f 2817 2816 2803
f 2804 2817 2803
f 2818 2817 2804
f 2630 2818 2804
f 2630 2638 2818
f 2638 2819 2818
f 2639 2820 2638
f 2638 2820 2819
f 2805 2639 2632
f 2805 2821 2639
f 2821 2820 2639
f 2806 2821 2805
f 2822 2821 2806
f 2807 2822 2806
f 2823 2822 2807
f 2808 2823 2807
f 2810 2824 2811
f 2812 2824 2810
f 2825 2829 2826
f 2641 2829 2825
f 2641 2643 2829
f 2643 2830 2829
f 2830 2643 2645
f 2831 2830 2645
f 2648 2832 2647
f 2648 2833 2832
f 2642 2833 2648
f 2642 2834 2833
f 2642 2827 2834
f 2828 2834 2827
f 2835 2645 2649
f 2835 2836 2645
f 2836 2831 2645
f 2649 2651 2835
f 2652 2837 2838
f 2653 2652 2838
f 2832 2652 2647
f 2832 2839 2652
f 2839 2837 2652
f 2833 2839 2832
f 2840 2836 2835
f 2841 2836 2840
f 2651 2655 2840
f 2835 2651 2840
f 2842 2843 2656
f 2842 2656 2838
f 2838 2656 2653
f 2842 2844 2843
f 2845 2841 2840
f 2846 2841 2845
f 2655 2657 2847
f 2655 2847 2840
f 2657 2658 2847
f 2843 2848 2659
f 2656 2843 2659
f 2849 2843 2844
f 2848 2843 2849
f 2850 2846 2845
f 2851 2846 2850
f 2848 2852 2661
f 2659 2848 2661
f 2853 2848 2849
f 2852 2848 2853
f 2854 2851 2850
f 2855 2851 2854
f 2852 2856 2857
f 2852 2857 2661
f 2661 2857 2665
f 2853 2856 2852
f 2854 2858 2855
f 2858 2854 2663
f 2858 2663 2859
f 2668 2860 2669
f 2668 2861 2860
f 2668 2665 2861
f 2665 2857 2861
f 2859 2671 2862
f 2669 2860 2672
f 2860 2674 2672
f 2860 2861 2674
f 2864 2671 2675
f 2864 2865 2671
f 2865 2862 2671
f 2675 2677 2864
f 2678 2866 2679
f 2678 2867 2866
f 2678 2674 2867
f 2674 2863 2867
f 2868 2865 2864
f 2869 2865 2868
f 2677 2681 2868
f 2864 2677 2868
f 2866 2870 2682
f 2679 2866 2682
f 2871 2866 2867
f 2870 2866 2871
f 2868 2872 2869
f 2872 2868 2681
f 2872 2681 2873
f 2873 2681 2684
f 2870 2874 2875
f 2870 2875 2682
f 2682 2875 2687
f 2871 2874 2870
f 2684 2689 2873
f 2873 2689 2876
f 2687 2875 2691
f 2875 2877 2691
f 2878 2689 2692
f 2878 2879 2689
f 2692 2693 2878
f 2696 2880 2695
f 2696 2881 2880
f 2696 2691 2881
f 2691 2877 2881
f 2882 2879 2878
f 2883 2879 2882
f 2693 2698 2882
f 2878 2693 2882
f 2699 2884 2700
f 2699 2695 2880
f 2699 2880 2884
f 2884 2880 2885
f 2886 2880 2881
f 2885 2880 2886
f 2882 2887 2883
f 2888 2889 2887
f 2701 2888 2887
f 2701 2887 2882
f 2701 2882 2698
f 2701 2702 2890
f 2888 2701 2890
f 2702 2703 2890
f 2884 2891 2704
f 2700 2884 2704
f 2892 2885 2893
f 2892 2891 2885
f 2886 2893 2885
f 2894 2889 2888
f 2895 2889 2894
f 2896 2894 2888
f 2703 2705 2896
f 2890 2703 2896
f 2891 2897 2707
f 2704 2891 2707
f 2898 2891 2892
f 2897 2891 2898
f 2894 2899 2895
f 2899 2900 2901
f 2899 2894 2900
f 2894 2896 2900
f 2705 2709 2900
f 2896 2705 2900
f 2897 2902 2903
f 2897 2903 2707
f 2707 2903 2711
f 2898 2902 2897
f 2904 2901 2900
f 2905 2901 2904
f 2709 2712 2906
f 2709 2906 2900
f 2900 2906 2904
f 2715 2908 2714
f 2715 2909 2908
f 2715 2711 2909
f 2711 2903 2909
f 2904 2910 2905
f 2910 2911 2912
f 2910 2904 2911
f 2904 2906 2911
f 2907 2913 2906
f 2913 2911 2906
f 2718 2914 2717
f 2718 2915 2914
f 2714 2915 2718
f 2714 2916 2915
f 2714 2908 2916
f 2909 2916 2908
f 2911 2917 2912
f 2917 2918 2919
f 2917 2911 2918
f 2914 2920 2921
f 2914 2921 2717
f 2717 2921 2722
f 2915 2920 2914
f 2918 2922 2919
f 2923 2924 2922
f 2723 2923 2922
f 2723 2922 2918
f 2723 2918 2720
f 2723 2724 2925
f 2923 2723 2925
f 2724 2725 2926
f 2925 2724 2926
f 2728 2927 2928
f 2727 2728 2928
f 2921 2728 2722
f 2927 2728 2921
f 2929 2924 2923
f 2930 2924 2929
f 2925 2931 2923
f 2931 2929 2923
f 2732 2932 2731
f 2732 2933 2932
f 2732 2727 2933
f 2727 2928 2933
f 2929 2934 2930
f 2934 2935 2936
f 2934 2929 2935
f 2929 2931 2935
f 2931 2729 2935
f 2737 2937 2938
f 2736 2737 2938
f 2932 2737 2731
f 2932 2939 2737
f 2939 2937 2737
f 2933 2939 2932
f 2935 2940 2936
f 2734 2940 2935
f 2734 2738 2940
f 2738 2941 2940
f 2941 2738 2740
f 2942 2941 2740
f 2746 2943 2745
f 2746 2944 2943
f 2746 2736 2944
f 2736 2938 2944
f 2740 2945 2942
f 2747 2945 2740
f 2748 2946 2747
f 2947 2946 2749
f 2749 2750 2947
f 2753 2949 2752
f 2950 2949 2753
f 2950 2753 2951
f 2951 2753 2754
f 2943 2754 2745
f 2943 2952 2754
f 2952 2951 2754
f 2944 2952 2943
f 2953 2948 2947
f 2954 2948 2953
f 2750 2756 2953
f 2947 2750 2953
f 2759 2955 2758
f 2759 2760 2956
f 2955 2759 2956
f 2760 2957 2956
f 2752 2957 2760
f 2752 2958 2957
f 2752 2949 2958
f 2950 2958 2949
f 2953 2959 2954
f 2960 2961 2959
f 2761 2960 2959
f 2761 2959 2953
f 2761 2953 2756
f 2761 2762 2962
f 2960 2761 2962
f 2762 2764 2962
f 2769 2963 2768
f 2769 2964 2963
f 2758 2964 2769
f 2758 2965 2964
f 2758 2955 2965
f 2956 2965 2955
f 2966 2965 2956
f 2957 2966 2956
f 2960 2967 2961
f 2962 2967 2960
f 2968 2967 2962
f 2764 2968 2962
f 2764 2770 2968
f 2770 2969 2968
f 2970 2971 2969
f 2970 2969 2771
f 2771 2969 2770
f 2972 2772 2774
f 2973 2972 2774
f 2778 2975 2777
f 2778 2779 2976
f 2975 2778 2976
f 2779 2780 2977
f 2976 2779 2977
f 2780 2978 2977
f 2768 2978 2780
f 2768 2979 2978
f 2768 2963 2979
f 2964 2979 2963
f 2970 2980 2971
f 2981 2774 2781
f 2981 2982 2774
f 2781 2782 2983
f 2981 2781 2983
f 2782 2783 2984
f 2983 2782 2984
f 2789 2775 2974
f 2789 2974 2985
f 2985 2974 2986
f 2791 2792 2988
f 2987 2791 2988
f 2792 2989 2988
f 2777 2989 2792
f 2777 2990 2989
f 2777 2975 2990
f 2976 2990 2975
f 2991 2990 2976
f 2977 2991 2976
f 2992 2991 2977
f 2978 2992 2977
f 2981 2993 2982
f 2983 2993 2981
f 2994 2993 2983
f 2984 2994 2983
f 2995 2994 2984
f 2997 2998 2996
f 2793 2795 2997
f 2797 2999 2796
f 2797 2799 2999
f 2809 3001 2808
f 2809 2811 3001
f 2813 3002 2812
f 2813 2790 2985
f 2813 2985 3002
f 3002 2985 3003
f 3004 2986 3005
f 3004 3003 2986
f 3003 2985 2986
f 3006 3005 2987
f 2988 3006 2987
f 3007 3006 2988
f 2989 3007 2988
f 2997 3008 2998
f 2795 3008 2997
f 2795 2814 3008
f 2814 3009 3008
f 2999 2814 2796
f 2999 3010 2814
f 3010 3009 2814
f 3011 3012 3010
f 2815 3011 3010
f 2815 3010 2999
f 2815 2999 2799
f 3013 3011 2815
f 3013 2815 3014
f 3015 2802 2816
f 3015 3016 2802
f 2816 2817 3017
f 3015 2816 3017
f 3018 3017 2817
f 3018 2817 3019
f 3019 2817 2818
f 3020 3021 3019
f 3020 3019 2819
f 2819 3019 2818
f 2819 2820 3022
f 3020 2819 3022
f 3023 3022 2820
f 3023 2820 3024
f 2823 3025 2822
f 3001 2823 2808
f 3001 3026 2823
f 3026 3025 2823
f 2811 3026 3001
f 2811 2824 3026
f 2824 3027 3026
f 3002 2824 2812
f 3002 3028 2824
f 3028 3027 2824
f 3003 3028 3002
f 3029 3028 3003
f 3004 3029 3003
f 3011 3030 3012
f 3013 3030 3011
f 3015 3031 3016
f 3017 3031 3015
f 3032 3031 3017
f 3018 3032 3017
f 3020 3033 3021
f 3022 3033 3020
f 3034 3033 3022
f 3023 3034 3022
f 2826 3038 3035
f 2829 3038 2826
f 3039 3040 3038
f 3039 3038 2830
f 2830 3038 2829
f 2830 2831 3039
f 2834 3041 2833
f 2834 3042 3041
f 2828 3042 2834
f 2828 3043 3042
f 2828 3036 3043
f 3037 3043 3036
f 3039 3044 3040
f 3044 3039 2831
f 3044 2831 3045
f 3045 2831 2836
f 2837 3046 2838
f 2837 2839 3047
f 3046 2837 3047
f 2839 3048 3047
f 2833 3048 2839
f 2833 3049 3048
f 2833 3041 3049
f 3042 3049 3041
f 2836 2841 3045
f 3045 2841 3050
f 2838 3046 2842
f 2844 2842 3046
f 2844 3046 3051
f 3051 3046 3047
f 3052 3047 3048
f 3051 3047 3052
f 3053 3054 3055
f 3053 3055 3050
f 3053 3050 2846
f 2846 3050 2841
f 3051 3056 2849
f 2844 3051 2849
f 3057 3051 3052
f 3056 3051 3057
f 3058 3054 3053
f 3059 3054 3058
f 2846 2851 3058
f 3053 2846 3058
f 3056 3060 2853
f 2849 3056 2853
f 3061 3056 3057
f 3060 3056 3061
f 3058 3062 3059
f 3062 3058 2851
f 3062 2851 3063
f 3063 2851 2855
f 2856 3064 2857
f 2856 3065 3064
f 2853 3065 2856
f 2853 3066 3065
f 2853 3060 3066
f 3061 3066 3060
f 3067 2855 2858
f 3067 3068 2855
f 3068 3063 2855
f 2858 2859 3067
f 3064 3069 3070
f 3064 3070 2857
f 2857 3070 2861
f 3065 3069 3064
f 3071 3068 3067
f 3072 3068 3071
f 2859 2862 3071
f 3067 2859 3071
f 3075 3072 3071
f 3076 3072 3075
f 2862 2865 3075
f 3071 2862 3075
f 3073 3077 3078
f 3073 3078 2863
f 2863 3078 2867
f 3074 3077 3073
f 3075 3079 3076
f 3079 3075 2865
f 3079 2865 3080
f 3080 2865 2869
f 2867 3078 2871
f 3078 3081 2871
f 3082 2869 2872
f 3082 3083 2869
f 3083 3080 2869
f 2872 2873 3082
f 2874 3084 2875
f 2874 3085 3084
f 2874 2871 3085
f 3082 3086 3083
f 3086 3082 2873
f 3086 2873 3087
f 3087 2873 2876
f 3084 3088 2877
f 2875 3084 2877
f 3089 3084 3085
f 3088 3084 3089
f 3088 3092 2881
f 2877 3088 2881
f 3093 3088 3089
f 3092 3088 3093
f 3090 3094 3091
f 3094 3090 2879
f 3094 2879 3095
f 3095 2879 2883
f 3092 3096 3097
f 3092 3097 2881
f 2881 3097 2886
f 3093 3096 3092
f 3098 2883 2887
f 3098 3099 2883
f 3099 3095 2883
f 2887 2889 3098
f 2893 3100 2892
f 2893 3101 3100
f 2893 2886 3101
f 2886 3097 3101
f 3098 3102 3099
f 3102 3098 2889
f 3102 2889 3103
f 3103 2889 2895
f 3100 3104 2898
f 2892 3100 2898
f 3105 3100 3101
f 3104 3100 3105
f 3106 2895 2899
f 3106 3107 2895
f 3107 3103 2895
f 2899 2901 3106
f 2902 3108 2903
f 2902 3109 3108
f 2898 3109 2902
f 2898 3110 3109
f 2898 3104 3110
f 3105 3110 3104
f 3106 3111 3107
f 3111 3106 2901
f 3111 2901 3112
f 3112 2901 2905
f 3108 3113 3114
f 3108 3114 2903
f 2903 3114 2909
f 3109 3113 3108
f 3115 2905 2910
f 3115 3116 2905
f 3116 3112 2905
f 2910 2912 3115
f 2916 3117 2915
f 2916 3118 3117
f 2916 2909 3118
f 2909 3114 3118
f 3115 3119 3116
f 3120 3121 3119
f 2917 3120 3119
f 2917 3119 3115
f 2917 3115 2912
f 2917 2919 3120
f 2920 3122 2921
f 2920 3123 3122
f 2915 3123 2920
f 2915 3124 3123
f 2915 3117 3124
f 3118 3124 3117
f 3120 3125 3121
f 2919 3125 3120
f 2919 2922 3125
f 2922 3126 3125
f 3126 2922 2924
f 3127 3126 2924
f 2927 3128 3129
f 2928 2927 3129
f 3122 2927 2921
f 3122 3130 2927
f 3130 3128 2927
f 3123 3130 3122
f 2924 2930 3127
f 3127 2930 3131
f 3132 3133 2933
f 3132 2933 3129
f 3129 2933 2928
f 3132 3134 3133
f 3135 2930 2934
f 3135 3136 2930
f 3136 3131 2930
f 2934 2936 3135
f 2937 3137 3138
f 2938 2937 3138
f 2939 3139 2937
f 3133 2939 2933
f 3133 3140 2939
f 3140 3139 2939
f 3134 3140 3133
f 3135 3141 3136
f 2936 3141 3135
f 2936 2940 3141
f 2940 3142 3141
f 2941 3143 2940
f 2940 3143 3142
f 3143 2941 2942
f 3144 3143 2942
f 3138 2944 2938
f 3147 2942 2945
f 3147 3148 2942
f 2952 3150 2951
f 3145 2952 2944
f 3145 3151 2952
f 3151 3150 2952
f 3146 3151 3145
f 3147 3152 3148
f 2948 2954 3153
f 3149 2948 3153
f 3156 3157 3155
f 2959 3156 3155
f 2959 3155 3153
f 2959 3153 2954
f 2959 2961 3156
f 2965 3158 2964
f 2965 2966 3159
f 3158 2965 3159
f 2966 3160 3159
f 2957 3160 2966
f 3156 3161 3157
f 2961 3161 3156
f 2961 2967 3161
f 2967 3162 3161
f 3163 3164 3162
f 3163 3162 2968
f 2968 3162 2967
f 2968 2969 3165
f 3163 2968 3165
f 2969 2971 3165
f 2979 3166 3167
f 2978 2979 3167
f 3158 2979 2964
f 3158 3168 2979
f 3168 3166 2979
f 3159 3168 3158
f 3169 3168 3159
f 3160 3169 3159
f 3163 3170 3164
f 3165 3170 3163
f 3171 3170 3165
f 3172 3173 3171
f 2980 3172 3171
f 2980 3171 3165
f 2980 3165 2971
f 2990 3175 2989
f 2990 2991 3176
f 3175 2990 3176
f 3177 3176 2991
f 3177 2991 3178
f 3178 2991 2992
f 3167 2992 2978
f 3178 2992 3167
f 3172 3179 3173
f 3174 3179 3172
f 3180 3179 3174
f 3181 3182 3180
f 2993 3181 3180
f 2993 3180 3174
f 2993 3174 2982
f 2993 2994 3183
f 3181 2993 3183
f 2994 2995 3184
f 3183 2994 3184
f 2995 2996 3185
f 3184 2995 3185
f 2996 2998 3185
f 3005 3187 3004
f 3005 3006 3188
f 3187 3005 3188
f 3189 3188 3006
f 3189 3006 3190
f 3190 3006 3007
f 3175 3007 2989
f 3175 3191 3007
f 3191 3190 3007
f 3176 3191 3175
f 3192 3191 3176
f 3177 3192 3176
f 3181 3193 3182
f 3183 3193 3181
f 3194 3193 3183
f 3184 3194 3183
f 3195 3194 3184
f 3185 3195 3184
f 3196 3195 3185
f 3197 3198 3196
f 3008 3197 3196
f 3008 3196 3185
f 3008 3185 2998
f 3008 3009 3199
f 3197 3008 3199
f 3009 3010 3200
f 3199 3009 3200
f 3010 3012 3200
f 3000 3016 3202
f 3186 3000 3202
f 3019 3203 3018
f 3019 3021 3203
f 3023 3024 3205
f 3029 3209 3028
f 3187 3029 3004
f 3187 3210 3029
f 3210 3209 3029
f 3188 3210 3187
f 3211 3210 3188
f 3189 3211 3188
f 3197 3212 3198
f 3199 3212 3197
f 3213 3212 3199
f 3200 3213 3199
f 3214 3213 3200
f 3012 3214 3200
f 3012 3030 3214
f 3030 3215 3214
f 3201 3030 3013
f 3201 3216 3030
f 3216 3215 3030
f 3202 3216 3201
f 3217 3216 3202
f 3016 3217 3202
f 3016 3031 3217
f 3031 3218 3217
f 3032 3219 3031
f 3031 3219 3218
f 3203 3032 3018
f 3203 3220 3032
f 3220 3219 3032
f 3021 3220 3203
f 3021 3033 3220
f 3033 3221 3220
f 3222 3223 3221
f 3222 3221 3034
f 3034 3221 3033
f 3034 3224 3222
f 3034 3023 3224
f 3023 3205 3224
f 3222 3227 3223
f 3224 3227 3222
f 3228 3231 3229
f 3232 3233 3231
f 3038 3232 3231
f 3038 3231 3228
f 3038 3228 3035
f 3038 3040 3232
f 3043 3234 3235
f 3042 3043 3235
f 3230 3043 3037
f 3234 3043 3230
f 3232 3236 3233
f 3237 3238 3236
f 3044 3237 3236
f 3044 3236 3232
f 3044 3232 3040
f 3044 3045 3237
f 3049 3239 3240
f 3048 3049 3240
f 3235 3049 3042
f 3239 3049 3235
f 3241 3238 3237
f 3242 3238 3241
f 3045 3050 3241
f 3237 3045 3241
f 3048 3240 3052
f 3240 3243 3052
f 3055 3242 3241
f 3055 3054 3242
f 3054 3244 3242
f 3050 3055 3241
f 3052 3243 3057
f 3243 3245 3057
f 3054 3059 3244
f 3244 3059 3246
f 3057 3245 3061
f 3245 3247 3061
f 3248 3059 3062
f 3248 3249 3059
f 3249 3246 3059
f 3062 3063 3248
f 3066 3250 3065
f 3066 3251 3250
f 3066 3061 3251
f 3061 3247 3251
f 3252 3249 3248
f 3253 3249 3252
f 3063 3068 3252
f 3248 3063 3252
f 3069 3254 3070
f 3069 3065 3250
f 3069 3250 3254
f 3254 3250 3255
f 3256 3250 3251
f 3255 3250 3256
f 3257 3253 3252
f 3258 3253 3257
f 3068 3072 3257
f 3252 3068 3257
f 3259 3254 3255
f 3260 3255 3256
f 3259 3255 3260
f 3257 3261 3258
f 3261 3257 3072
f 3261 3072 3262
f 3262 3072 3076
f 3077 3263 3078
f 3077 3264 3263
f 3074 3264 3077
f 3074 3265 3264
f 3074 3259 3265
f 3260 3265 3259
f 3266 3076 3079
f 3266 3267 3076
f 3267 3262 3076
f 3079 3080 3266
f 3263 3268 3081
f 3078 3263 3081
f 3269 3263 3264
f 3268 3263 3269
f 3270 3267 3266
f 3271 3267 3270
f 3080 3083 3270
f 3266 3080 3270
f 3268 3272 3085
f 3081 3268 3085
f 3273 3268 3269
f 3272 3268 3273
f 3270 3274 3271
f 3275 3276 3274
f 3086 3275 3274
f 3086 3274 3270
f 3086 3270 3083
f 3086 3087 3275
f 3272 3277 3089
f 3085 3272 3089
f 3278 3272 3273
f 3277 3272 3278
f 3091 3279 3276
f 3277 3280 3281
f 3277 3281 3089
f 3089 3281 3093
f 3278 3280 3277
f 3282 3091 3094
f 3282 3283 3091
f 3283 3279 3091
f 3094 3095 3282
f 3096 3284 3097
f 3096 3285 3284
f 3096 3093 3285
f 3093 3281 3285
f 3282 3286 3283
f 3286 3282 3095
f 3286 3095 3287
f 3287 3095 3099
f 3284 3288 3289
f 3284 3289 3097
f 3097 3289 3101
f 3285 3288 3284
f 3290 3099 3102
f 3290 3291 3099
f 3291 3287 3099
f 3102 3103 3290
f 3101 3289 3105
f 3289 3292 3105
f 3290 3293 3291
f 3293 3290 3103
f 3293 3103 3294
f 3294 3103 3107
f 3110 3295 3109
f 3110 3296 3295
f 3110 3105 3296
f 3105 3292 3296
f 3295 3113 3109
f 3295 3300 3113
f 3296 3300 3295
f 3297 3116 3301
f 3299 3302 3118
f 3303 3116 3119
f 3303 3304 3116
f 3304 3301 3116
f 3119 3121 3303
f 3124 3305 3123
f 3124 3306 3305
f 3124 3118 3306
f 3118 3302 3306
f 3303 3307 3304
f 3121 3307 3303
f 3121 3125 3307
f 3125 3308 3307
f 3309 3310 3308
f 3309 3308 3126
f 3126 3308 3125
f 3126 3127 3309
f 3128 3311 3129
f 3128 3130 3312
f 3311 3128 3312
f 3130 3313 3312
f 3123 3313 3130
f 3123 3314 3313
f 3123 3305 3314
f 3306 3314 3305
f 3315 3310 3309
f 3316 3310 3315
f 3127 3131 3315
f 3309 3127 3315
f 3129 3311 3132
f 3317 3311 3312
f 3317 3134 3311
f 3317 3318 3134
f 3132 3311 3134
f 3313 3317 3312
f 3315 3319 3316
f 3319 3315 3131
f 3319 3131 3320
f 3320 3131 3136
f 3137 3139 3322
f 3321 3137 3322
f 3139 3140 3323
f 3322 3139 3323
f 3140 3324 3323
f 3140 3134 3324
f 3134 3318 3324
f 3136 3325 3320
f 3141 3325 3136
f 3326 3327 3325
f 3326 3325 3142
f 3142 3325 3141
f 3326 3142 3328
f 3329 3321 3322
f 3329 3330 3146
f 3323 3329 3322
f 3331 3329 3323
f 3324 3331 3323
f 3326 3332 3327
f 3332 3333 3334
f 3332 3326 3333
f 3150 3151 3336
f 3335 3150 3336
f 3151 3337 3336
f 3151 3146 3337
f 3146 3330 3337
f 3333 3338 3334
f 3339 3340 3338
f 3152 3339 3338
f 3152 3338 3333
f 3152 3333 3148
f 3342 3335 3343
f 3342 3341 3335
f 3336 3343 3335
f 3344 3343 3336
f 3337 3344 3336
f 3339 3345 3340
f 3346 3347 3345
f 3155 3346 3345
f 3155 3157 3346
f 3154 3350 3349
f 3154 3341 3350
f 3342 3350 3341
f 3346 3351 3347
f 3157 3351 3346
f 3157 3161 3351
f 3161 3352 3351
f 3353 3354 3352
f 3353 3352 3162
f 3162 3352 3161
f 3162 3164 3353
f 3166 3355 3167
f 3356 3355 3166
f 3356 3166 3357
f 3357 3166 3168
f 3169 3358 3168
f 3168 3358 3357
f 3348 3169 3160
f 3348 3359 3169
f 3359 3358 3169
f 3349 3359 3348
f 3353 3360 3354
f 3361 3362 3360
f 3170 3361 3360
f 3170 3360 3353
f 3170 3353 3164
f 3361 3170 3363
f 3171 3173 3363
f 3178 3364 3177
f 3178 3365 3364
f 3167 3365 3178
f 3167 3366 3365
f 3167 3355 3366
f 3356 3366 3355
f 3361 3367 3362
f 3363 3367 3361
f 3368 3367 3363
f 3173 3368 3363
f 3173 3179 3368
f 3179 3369 3368
f 3370 3371 3369
f 3370 3369 3180
f 3180 3369 3179
f 3180 3182 3370
f 3189 3190 3373
f 3191 3374 3190
f 3190 3374 3372
f 3192 3375 3191
f 3364 3192 3177
f 3364 3376 3192
f 3376 3375 3192
f 3365 3376 3364
f 3370 3377 3371
f 3182 3377 3370
f 3182 3193 3377
f 3193 3378 3377
f 3194 3379 3193
f 3193 3379 3378
f 3380 3381 3379
f 3380 3379 3195
f 3195 3379 3194
f 3195 3196 3382
f 3380 3195 3382
f 3196 3198 3382
f 3204 3384 3205
f 3207 3208 3386
f 3385 3207 3386
f 3208 3209 3387
f 3386 3208 3387
f 3209 3210 3388
f 3387 3209 3388
f 3210 3211 3389
f 3388 3210 3389
f 3211 3390 3389
f 3211 3189 3390
f 3189 3373 3390
f 3380 3391 3381
f 3382 3391 3380
f 3392 3391 3382
f 3198 3392 3382
f 3198 3212 3392
f 3212 3393 3392
f 3393 3212 3213
f 3213 3214 3394
f 3395 3396 3394
f 3395 3394 3215
f 3215 3394 3214
f 3215 3216 3397
f 3395 3215 3397
f 3216 3217 3398
f 3397 3216 3398
f 3217 3218 3399
f 3398 3217 3399
f 3218 3219 3400
f 3399 3218 3400
f 3401 3400 3219
f 3401 3219 3402
f 3402 3219 3220
f 3403 3404 3402
f 3403 3402 3221
f 3221 3402 3220
f 3221 3223 3403
f 3205 3384 3224
f 3225 3226 3408
f 3407 3225 3408
f 3226 3409 3408
f 3206 3409 3226
f 3206 3410 3409
f 3386 3410 3385
f 3411 3410 3386
f 3387 3411 3386
f 3412 3411 3387
f 3388 3412 3387
f 3413 3412 3388
f 3389 3413 3388
f 3414 3413 3389
f 3390 3414 3389
f 3395 3415 3396
f 3397 3415 3395
f 3416 3415 3397
f 3398 3416 3397
f 3417 3416 3398
f 3399 3417 3398
f 3418 3417 3399
f 3400 3418 3399
f 3419 3418 3400
f 3401 3419 3400
f 3403 3420 3404
f 3223 3420 3403
f 3223 3227 3420
f 3227 3421 3420
f 3405 3227 3224
f 3405 3422 3227
f 3422 3421 3227
f 3406 3422 3405
f 3423 3422 3406
f 3407 3423 3406
f 3424 3423 3407
f 3408 3424 3407
f 3425 3424 3408
f 3409 3425 3408
f 3429 3229 3231
f 3429 3430 3229
f 3430 3426 3229
f 3231 3233 3429
f 3234 3431 3235
f 3234 3432 3431
f 3230 3432 3234
f 3230 3433 3432
f 3230 3427 3433
f 3428 3433 3427
f 3429 3434 3430
f 3435 3436 3434
f 3236 3435 3434
f 3236 3434 3429
f 3236 3429 3233
f 3236 3238 3435
f 3239 3437 3240
f 3239 3438 3437
f 3235 3438 3239
f 3235 3439 3438
f 3235 3431 3439
f 3432 3439 3431
f 3440 3436 3435
f 3441 3436 3440
f 3238 3242 3440
f 3435 3238 3440
f 3437 3442 3443
f 3437 3443 3240
f 3240 3443 3243
f 3438 3442 3437
f 3444 3441 3440
f 3445 3441 3444
f 3242 3244 3444
f 3440 3242 3444
f 3243 3443 3245
f 3443 3446 3245
f 3444 3447 3445
f 3447 3444 3244
f 3447 3244 3448
f 3448 3244 3246
f 3449 3450 3247
f 3449 3247 3446
f 3446 3247 3245
f 3449 3451 3450
f 3246 3249 3448
f 3448 3249 3452
f 3450 3453 3251
f 3247 3450 3251
f 3454 3450 3451
f 3453 3450 3454
f 3452 3253 3455
f 3453 3456 3457
f 3453 3457 3251
f 3251 3457 3256
f 3454 3456 3453
f 3253 3258 3455
f 3455 3258 3458
f 3256 3457 3260
f 3457 3459 3260
f 3258 3460 3458
f 3265 3461 3264
f 3265 3462 3461
f 3265 3260 3462
f 3260 3459 3462
f 3461 3463 3464
f 3461 3464 3264
f 3462 3463 3461
f 3467 3271 3274
f 3467 3468 3271
f 3468 3465 3271
f 3274 3276 3467
f 3466 3469 3278
f 3470 3468 3467
f 3471 3468 3470
f 3276 3279 3470
f 3467 3276 3470
f 3280 3472 3281
f 3280 3473 3472
f 3280 3278 3473
f 3278 3469 3473
f 3470 3474 3471
f 3474 3470 3279
f 3474 3279 3475
f 3475 3279 3283
f 3472 3476 3285
f 3281 3472 3285
f 3477 3472 3473
f 3476 3472 3477
f 3478 3283 3286
f 3478 3479 3283
f 3479 3475 3283
f 3286 3287 3478
f 3288 3480 3289
f 3288 3481 3480
f 3285 3481 3288
f 3285 3482 3481
f 3285 3476 3482
f 3477 3482 3476
f 3483 3479 3478
f 3484 3479 3483
f 3287 3291 3483
f 3478 3287 3483
f 3480 3485 3292
f 3289 3480 3292
f 3486 3480 3481
f 3485 3480 3486
f 3483 3487 3484
f 3291 3487 3483
f 3291 3293 3487
f 3485 3488 3296
f 3292 3485 3296
f 3489 3485 3486
f 3488 3485 3489
f 3298 3492 3299
f 3493 3492 3298
f 3493 3298 3494
f 3494 3298 3300
f 3488 3300 3296
f 3488 3495 3300
f 3495 3494 3300
f 3489 3495 3488
f 3496 3491 3490
f 3497 3491 3496
f 3297 3301 3496
f 3490 3297 3496
f 3492 3498 3302
f 3498 3492 3499
f 3496 3500 3497
f 3500 3496 3301
f 3500 3301 3501
f 3501 3301 3304
f 3498 3502 3503
f 3498 3503 3302
f 3302 3503 3306
f 3499 3502 3498
f 3504 3304 3307
f 3504 3505 3304
f 3505 3501 3304
f 3307 3308 3506
f 3504 3307 3506
f 3308 3310 3506
f 3314 3507 3313
f 3314 3508 3507
f 3314 3306 3508
f 3306 3503 3508
f 3504 3509 3505
f 3509 3510 3511
f 3509 3504 3510
f 3504 3506 3510
f 3310 3316 3510
f 3506 3310 3510
f 3317 3512 3318
f 3317 3513 3512
f 3313 3513 3317
f 3313 3514 3513
f 3313 3507 3514
f 3508 3514 3507
f 3510 3515 3511
f 3516 3517 3515
f 3319 3516 3515
f 3319 3515 3510
f 3319 3510 3316
f 3319 3320 3516
f 3512 3518 3519
f 3512 3519 3318
f 3318 3519 3324
f 3513 3518 3512
f 3516 3520 3517
f 3521 3522 3520
f 3325 3521 3520
f 3325 3520 3516
f 3325 3516 3320
f 3325 3327 3521
f 3331 3523 3329
f 3519 3331 3324
f 3523 3331 3519
f 3521 3524 3522
f 3525 3526 3524
f 3332 3525 3524
f 3332 3524 3521
f 3332 3521 3327
f 3332 3334 3525
f 3525 3528 3526
f 3529 3530 3528
f 3338 3529 3528
f 3338 3528 3525
f 3338 3525 3334
f 3338 3340 3529
f 3343 3531 3342
f 3532 3531 3343
f 3532 3343 3533
f 3533 3343 3344
f 3527 3344 3337
f 3533 3344 3527
f 3529 3534 3530
f 3340 3534 3529
f 3340 3345 3534
f 3345 3535 3534
f 3535 3345 3347
f 3536 3535 3347
f 3350 3537 3538
f 3349 3350 3538
f 3531 3350 3342
f 3531 3539 3350
f 3539 3537 3350
f 3532 3539 3531
f 3347 3540 3536
f 3351 3540 3347
f 3541 3542 3540
f 3541 3540 3352
f 3352 3540 3351
f 3352 3354 3541
f 3358 3359 3544
f 3543 3358 3544
f 3359 3545 3544
f 3359 3349 3545
f 3349 3538 3545
f 3541 3546 3542
f 3547 3548 3546
f 3360 3547 3546
f 3360 3546 3541
f 3360 3541 3354
f 3360 3362 3547
f 3366 3549 3365
f 3366 3550 3549
f 3366 3356 3550
f 3544 3551 3543
f 3552 3551 3544
f 3545 3552 3544
f 3547 3553 3548
f 3362 3553 3547
f 3362 3367 3553
f 3367 3554 3553
f 3368 3555 3367
f 3367 3555 3554
f 3556 3557 3555
f 3556 3555 3369
f 3369 3555 3368
f 3369 3371 3556
f 3375 3376 3559
f 3558 3375 3559
f 3376 3560 3559
f 3365 3560 3376
f 3365 3561 3560
f 3365 3549 3561
f 3550 3561 3549
f 3556 3562 3557
f 3371 3562 3556
f 3371 3377 3562
f 3377 3563 3562
f 3379 3381 3564
f 3559 3567 3558
f 3568 3567 3559
f 3560 3568 3559
f 3381 3569 3564
f 3381 3391 3569
f 3391 3570 3569
f 3571 3572 3570
f 3571 3570 3392
f 3392 3570 3391
f 3392 3393 3573
f 3571 3392 3573
f 3383 3394 3575
f 3383 3575 3565
f 3565 3575 3574
f 3394 3396 3575
f 3402 3576 3401
f 3402 3404 3576
f 3410 3577 3409
f 3410 3411 3578
f 3577 3410 3578
f 3411 3412 3579
f 3578 3411 3579
f 3580 3579 3412
f 3580 3412 3581
f 3581 3412 3413
f 3414 3582 3413
f 3413 3582 3581
f 3566 3414 3390
f 3582 3414 3566
f 3571 3583 3572
f 3573 3583 3571
f 3584 3583 3573
f 3575 3585 3574
f 3586 3585 3575
f 3396 3586 3575
f 3396 3415 3586
f 3415 3587 3586
f 3416 3588 3415
f 3417 3589 3416
f 3590 3591 3589
f 3590 3589 3418
f 3418 3589 3417
f 3418 3419 3592
f 3590 3418 3592
f 3419 3593 3592
f 3401 3593 3419
f 3401 3594 3593
f 3401 3576 3594
f 3595 3596 3594
f 3420 3595 3594
f 3420 3594 3576
f 3420 3576 3404
f 3420 3421 3597
f 3595 3420 3597
f 3424 3598 3423
f 3425 3599 3424
f 3424 3599 3598
f 3577 3425 3409
f 3577 3600 3425
f 3578 3600 3577
f 3601 3600 3578
f 3579 3601 3578
f 3602 3601 3579
f 3580 3602 3579
f 3590 3603 3591
f 3592 3603 3590
f 3604 3603 3592
f 3593 3604 3592
f 3595 3605 3596
f 3597 3605 3595
f 3606 3605 3597
f 3607 3610 3608
f 3610 3607 3426
f 3610 3426 3611
f 3611 3426 3430
f 3433 3612 3613
f 3432 3433 3613
f 3609 3433 3428
f 3612 3433 3609
f 3430 3614 3611
f 3434 3614 3430
f 3614 3434 3436
f 3615 3614 3436
f 3439 3616 3617
f 3438 3439 3617
f 3613 3439 3432
f 3616 3439 3613
f 3436 3441 3615
f 3615 3441 3618
f 3441 3445 3618
f 3618 3445 3620
f 3619 3621 3446
f 3443 3619 3446
f 3621 3619 3622
f 3623 3445 3447
f 3623 3624 3445
f 3624 3620 3445
f 3447 3448 3623
f 3446 3621 3449
f 3621 3451 3449
f 3621 3622 3451
f 3626 3624 3623
f 3627 3624 3626
f 3448 3452 3626
f 3623 3448 3626
f 3625 3628 3454
f 3629 3627 3626
f 3630 3627 3629
f 3452 3455 3629
f 3626 3452 3629
f 3456 3631 3457
f 3456 3632 3631
f 3456 3454 3632
f 3454 3628 3632
f 3633 3630 3629
f 3634 3630 3633
f 3455 3458 3633
f 3629 3455 3633
f 3631 3635 3459
f 3457 3631 3459
f 3636 3631 3632
f 3635 3631 3636
f 3633 3637 3634
f 3458 3637 3633
f 3458 3460 3637
f 3635 3639 3640
f 3635 3640 3459
f 3459 3640 3462
f 3636 3639 3635
f 3463 3642 3643
f 3464 3463 3643
f 3640 3463 3462
f 3642 3463 3640
f 3646 3647 3466
f 3646 3466 3643
f 3646 3648 3647
f 3649 3645 3644
f 3650 3645 3649
f 3465 3468 3649
f 3644 3465 3649
f 3647 3651 3469
f 3466 3647 3469
f 3652 3647 3648
f 3651 3647 3652
f 3649 3653 3650
f 3653 3649 3468
f 3653 3468 3654
f 3654 3468 3471
f 3651 3655 3656
f 3651 3656 3469
f 3469 3656 3473
f 3652 3655 3651
f 3657 3471 3474
f 3657 3658 3471
f 3658 3654 3471
f 3474 3475 3657
f 3477 3473 3656
f 3657 3659 3658
f 3659 3657 3475
f 3659 3475 3660
f 3660 3475 3479
f 3479 3484 3660
f 3660 3484 3661
f 3484 3663 3661
f 3487 3663 3484
f 3486 3662 3489
f 3662 3665 3489
f 3664 3491 3666
f 3494 3667 3493
f 3668 3667 3494
f 3668 3494 3669
f 3669 3494 3495
f 3665 3495 3489
f 3669 3495 3665
f 3491 3497 3666
f 3666 3497 3670
f 3667 3671 3672
f 3667 3672 3493
f 3493 3672 3499
f 3668 3671 3667
f 3502 3673 3503
f 3502 3674 3673
f 3502 3499 3674
f 3499 3672 3674
f 3673 3675 3676
f 3673 3676 3503
f 3503 3676 3508
f 3674 3675 3673
f 3677 3505 3509
f 3677 3678 3505
f 3509 3511 3677
f 3514 3679 3513
f 3514 3680 3679
f 3514 3508 3680
f 3508 3676 3680
f 3677 3681 3678
f 3511 3681 3677
f 3511 3515 3681
f 3515 3682 3681
f 3518 3683 3519
f 3518 3684 3683
f 3513 3684 3518
f 3513 3685 3684
f 3513 3679 3685
f 3680 3685 3679
f 3523 3688 3687
f 3519 3688 3523
f 3519 3689 3688
f 3519 3683 3689
f 3684 3689 3683
f 3522 3690 3686
f 3524 3690 3522
f 3693 3687 3694
f 3693 3692 3687
f 3688 3694 3687
f 3691 3530 3695
f 3533 3696 3532
f 3533 3697 3696
f 3527 3697 3533
f 3527 3698 3697
f 3527 3692 3698
f 3693 3698 3692
f 3699 3530 3534
f 3699 3700 3530
f 3700 3695 3530
f 3702 3534 3535
f 3702 3535 3536
f 3703 3702 3536
f 3538 3537 3704
f 3696 3539 3532
f 3696 3705 3539
f 3697 3705 3696
f 3699 3706 3700
f 3707 3536 3540
f 3707 3708 3536
f 3540 3542 3707
f 3538 3704 3545
f 3707 3710 3708
f 3542 3710 3707
f 3542 3546 3710
f 3711 3546 3548
f 3712 3711 3548
f 3715 3714 3551
f 3715 3551 3716
f 3716 3551 3552
f 3709 3552 3545
f 3716 3552 3709
f 3548 3717 3712
f 3553 3717 3548
f 3554 3718 3553
f 3553 3718 3717
f 3561 3721 3722
f 3560 3561 3722
f 3723 3721 3561
f 3714 3723 3713
f 3724 3723 3714
f 3715 3724 3714
f 3562 3725 3557
f 3726 3727 3725
f 3726 3725 3563
f 3563 3725 3562
f 3726 3563 3728
f 3732 3731 3567
f 3732 3567 3733
f 3733 3567 3568
f 3722 3568 3560
f 3733 3568 3722
f 3726 3734 3727
f 3728 3734 3726
f 3735 3734 3728
f 3569 3736 3735
f 3570 3737 3569
f 3569 3737 3736
f 3737 3570 3572
f 3738 3737 3572
f 3582 3742 3741
f 3566 3742 3582
f 3566 3743 3742
f 3730 3743 3729
f 3744 3743 3730
f 3731 3744 3730
f 3745 3744 3731
f 3732 3745 3731
f 3572 3746 3738
f 3583 3746 3572
f 3584 3747 3583
f 3583 3747 3746
f 3585 3748 3584
f 3584 3748 3747
f 3749 3750 3748
f 3749 3748 3586
f 3586 3748 3585
f 3586 3587 3751
f 3749 3586 3751
f 3751 3587 3752
f 3588 3589 3753
f 3752 3588 3753
f 3589 3591 3753
f 3594 3754 3593
f 3594 3596 3754
f 3598 3599 3757
f 3756 3598 3757
f 3599 3600 3758
f 3757 3599 3758
f 3600 3601 3759
f 3758 3600 3759
f 3760 3759 3601
f 3760 3601 3761
f 3742 3762 3741
f 3749 3763 3750
f 3751 3763 3749
f 3764 3763 3751
f 3752 3764 3751
f 3765 3764 3752
f 3753 3765 3752
f 3766 3765 3753
f 3591 3766 3753
f 3591 3603 3766
f 3603 3767 3766
f 3604 3768 3603
f 3603 3768 3767
f 3754 3604 3593
f 3754 3769 3604
f 3769 3768 3604
f 3596 3769 3754
f 3596 3605 3769
f 3605 3770 3769
f 3606 3771 3605
f 3605 3771 3770
f 3772 3771 3606
f 3757 3773 3756
f 3774 3773 3757
f 3758 3774 3757
f 3775 3774 3758
f 3759 3775 3758
f 3776 3775 3759
f 3760 3776 3759
f 3608 3780 3777
f 3610 3780 3608
f 3780 3610 3611
f 3781 3780 3611
f 3612 3782 3613
f 3612 3783 3782
f 3609 3783 3612
f 3609 3784 3783
f 3609 3778 3784
f 3779 3784 3778
f 3785 3611 3614
f 3785 3786 3611
f 3786 3781 3611
f 3614 3615 3785
f 3616 3787 3617
f 3616 3788 3787
f 3613 3788 3616
f 3613 3789 3788
f 3613 3782 3789
f 3783 3789 3782
f 3790 3786 3785
f 3791 3786 3790
f 3615 3618 3790
f 3785 3615 3790
f 3792 3791 3790
f 3793 3791 3792
f 3618 3620 3792
f 3790 3618 3792
f 3795 3793 3792
f 3796 3793 3795
f 3620 3624 3795
f 3792 3620 3795
f 3795 3799 3796
f 3799 3795 3624
f 3799 3624 3800
f 3800 3624 3627
f 3625 3798 3628
f 3798 3801 3628
f 3627 3630 3800
f 3800 3630 3802
f 3803 3804 3632
f 3803 3632 3801
f 3801 3632 3628
f 3803 3805 3804
f 3630 3634 3802
f 3802 3634 3806
f 3804 3807 3808
f 3804 3808 3632
f 3632 3808 3636
f 3805 3807 3804
f 3809 3634 3637
f 3809 3810 3634
f 3810 3806 3634
f 3639 3812 3640
f 3639 3813 3812
f 3639 3636 3813
f 3636 3808 3813
f 3809 3814 3810
f 3814 3815 3816
f 3814 3809 3815
f 3809 3811 3815
f 3638 3641 3815
f 3811 3638 3815
f 3642 3817 3643
f 3642 3640 3812
f 3642 3812 3817
f 3817 3812 3818
f 3819 3812 3813
f 3818 3812 3819
f 3645 3820 3816
f 3643 3817 3646
f 3648 3646 3817
f 3821 3817 3818
f 3822 3818 3819
f 3821 3818 3822
f 3645 3650 3820
f 3820 3650 3823
f 3821 3824 3825
f 3821 3825 3648
f 3648 3825 3652
f 3822 3824 3821
f 3826 3650 3653
f 3826 3827 3650
f 3827 3823 3650
f 3653 3654 3826
f 3655 3828 3656
f 3655 3829 3828
f 3655 3652 3829
f 3652 3825 3829
f 3826 3830 3827
f 3826 3654 3658
f 3656 3828 3832
f 3829 3832 3828
f 3834 3838 3835
f 3839 3840 3838
f 3663 3834 3661
f 3836 3842 3843
f 3836 3843 3662
f 3662 3843 3665
f 3837 3842 3836
f 3844 3840 3839
f 3845 3840 3844
f 3846 3844 3839
f 3664 3666 3846
f 3841 3664 3846
f 3669 3847 3668
f 3669 3848 3847
f 3669 3665 3848
f 3665 3843 3848
f 3844 3849 3845
f 3849 3850 3851
f 3849 3844 3850
f 3844 3846 3850
f 3666 3670 3850
f 3846 3666 3850
f 3671 3852 3672
f 3671 3853 3852
f 3668 3853 3671
f 3668 3854 3853
f 3668 3847 3854
f 3848 3854 3847
f 3855 3851 3850
f 3856 3851 3855
f 3852 3857 3674
f 3672 3852 3674
f 3858 3852 3853
f 3857 3852 3858
f 3855 3859 3856
f 3857 3675 3674
f 3857 3862 3675
f 3858 3862 3857
f 3865 3678 3681
f 3865 3866 3678
f 3866 3863 3678
f 3681 3682 3867
f 3865 3681 3867
f 3685 3868 3684
f 3685 3869 3868
f 3685 3680 3869
f 3680 3864 3869
f 3865 3870 3866
f 3867 3870 3865
f 3871 3870 3867
f 3871 3872 3873
f 3871 3867 3872
f 3689 3874 3688
f 3689 3875 3874
f 3684 3875 3689
f 3684 3876 3875
f 3684 3868 3876
f 3869 3876 3868
f 3877 3873 3872
f 3878 3873 3877
f 3686 3690 3879
f 3686 3879 3872
f 3872 3879 3877
f 3694 3881 3693
f 3694 3882 3881
f 3688 3882 3694
f 3688 3883 3882
f 3688 3874 3883
f 3875 3883 3874
f 3877 3884 3878
f 3879 3884 3877
f 3885 3884 3879
f 3885 3886 3887
f 3885 3879 3886
f 3691 3695 3886
f 3880 3691 3886
f 3698 3888 3697
f 3698 3889 3888
f 3693 3889 3698
f 3693 3890 3889
f 3693 3881 3890
f 3882 3890 3881
f 3886 3891 3887
f 3891 3886 3695
f 3891 3695 3892
f 3892 3695 3700
f 3888 3705 3697
f 3888 3894 3705
f 3894 3893 3705
f 3889 3894 3888
f 3700 3895 3892
f 3706 3895 3700
f 3701 3896 3895
f 3897 3895 3896
f 3703 3708 3896
f 3896 3900 3897
f 3901 3902 3900
f 3710 3901 3900
f 3710 3900 3896
f 3710 3896 3708
f 3716 3904 3715
f 3716 3905 3904
f 3709 3905 3716
f 3709 3906 3905
f 3709 3898 3906
f 3899 3906 3898
f 3901 3907 3902
f 3908 3712 3717
f 3908 3909 3712
f 3717 3718 3910
f 3908 3717 3910
f 3719 3720 3911
f 3721 3912 3722
f 3721 3723 3913
f 3912 3721 3913
f 3914 3913 3723
f 3914 3723 3915
f 3915 3723 3724
f 3904 3724 3715
f 3904 3916 3724
f 3916 3915 3724
f 3905 3916 3904
f 3908 3917 3909
f 3910 3917 3908
f 3918 3917 3910
f 3920 3921 3919
f 3725 3920 3919
f 3725 3919 3911
f 3725 3911 3720
f 3725 3727 3920
f 3733 3922 3732
f 3733 3923 3922
f 3722 3923 3733
f 3722 3924 3923
f 3722 3912 3924
f 3913 3924 3912
f 3925 3924 3913
f 3914 3925 3913
f 3920 3926 3921
f 3727 3926 3920
f 3727 3734 3926
f 3734 3927 3926
f 3928 3929 3927
f 3928 3927 3735
f 3735 3927 3734
f 3735 3736 3930
f 3928 3735 3930
f 3736 3737 3931
f 3930 3736 3931
f 3737 3738 3931
f 3739 3932 3740
f 3743 3933 3742
f 3934 3933 3743
f 3934 3743 3935
f 3935 3743 3744
f 3745 3936 3744
f 3744 3936 3935
f 3922 3745 3732
f 3922 3937 3745
f 3937 3936 3745
f 3923 3937 3922
f 3928 3938 3929
f 3930 3938 3928
f 3939 3938 3930
f 3931 3939 3930
f 3940 3939 3931
f 3941 3942 3940
f 3746 3941 3940
f 3746 3940 3931
f 3746 3931 3738
f 3746 3747 3943
f 3941 3746 3943
f 3747 3748 3944
f 3943 3747 3944
f 3748 3750 3944
f 3761 3945 3760
f 3761 3946 3945
f 3740 3946 3761
f 3740 3947 3946
f 3740 3932 3947
f 3933 3762 3742
f 3933 3949 3762
f 3949 3948 3762
f 3934 3949 3933
f 3941 3950 3942
f 3943 3950 3941
f 3951 3950 3943
f 3944 3951 3943
f 3952 3951 3944
f 3750 3952 3944
f 3750 3763 3952
f 3763 3953 3952
f 3954 3955 3953
f 3954 3953 3764
f 3764 3953 3763
f 3764 3765 3956
f 3954 3764 3956
f 3957 3956 3765
f 3957 3765 3958
f 3767 3768 3960
f 3959 3767 3960
f 3768 3769 3961
f 3960 3768 3961
f 3769 3770 3962
f 3961 3769 3962
f 3770 3771 3963
f 3962 3770 3963
f 3964 3963 3771
f 3964 3771 3965
f 3965 3771 3772
f 3755 3965 3772
f 3755 3966 3965
f 3967 3965 3966
f 3773 3774 3969
f 3968 3773 3969
f 3970 3969 3774
f 3970 3774 3971
f 3971 3774 3775
f 3776 3972 3775
f 3775 3972 3971
f 3945 3776 3760
f 3945 3973 3776
f 3973 3972 3776
f 3946 3973 3945
f 3954 3974 3955
f 3956 3974 3954
f 3975 3974 3956
f 3957 3975 3956
f 3960 3976 3959
f 3977 3976 3960
f 3961 3977 3960
f 3978 3977 3961
f 3962 3978 3961
f 3979 3978 3962
f 3963 3979 3962
f 3980 3979 3963
f 3964 3980 3963
f 3966 3981 3967
f 3968 3981 3966
f 3982 3981 3968
f 3969 3982 3968
f 3983 3982 3969
f 3970 3983 3969
f 3984 3987 3985
f 3988 3989 3987
f 3780 3988 3987
f 3780 3987 3984
f 3780 3984 3777
f 3780 3781 3988
f 3784 3990 3991
f 3783 3784 3991
f 3986 3784 3779
f 3990 3784 3986
f 3988 3992 3989
f 3992 3988 3781
f 3992 3781 3993
f 3993 3781 3786
f 3789 3994 3995
f 3788 3789 3995
f 3991 3789 3783
f 3994 3789 3991
f 3786 3791 3993
f 3993 3791 3996
f 3791 3793 3996
f 3996 3793 3998
f 3793 3796 3998
f 3998 3796 4000
f 3797 4001 3798
f 3797 4002 4001
f 3797 3794 4002
f 3794 3999 4002
f 4003 3796 3799
f 4003 4004 3796
f 4004 4000 3796
f 3799 3800 4003
f 4001 4005 3801
f 4006 4001 4002
f 4005 4001 4006
f 4003 4007 4004
f 4007 4003 3800
f 4007 3800 4008
f 3801 4005 3803
f 4005 3805 3803
f 4005 4006 3805
f 4006 4009 3805
f 3807 4011 3808
f 3807 4012 4011
f 3807 3805 4012
f 3805 4009 4012
f 4011 4014 3813
f 3808 4011 3813
f 4015 4011 4012
f 4014 4011 4015
f 4016 3810 3814
f 4016 4017 3810
f 3814 3816 4016
f 4014 4018 4019
f 4014 4019 3813
f 3813 4019 3819
f 4015 4018 4014
f 4020 4017 4016
f 4021 4017 4020
f 3816 3820 4020
f 4016 3816 4020
f 3819 4019 3822
f 4019 4022 3822
f 4020 4023 4021
f 4023 4020 3820
f 4023 3820 4024
f 4024 3820 3823
f 3824 4025 4026
f 3825 3824 4026
f 4022 3824 3822
f 4025 3824 4022
f 3823 3827 4024
f 4024 3827 4027
f 3825 4026 3829
f 4026 4028 3829
f 4029 3827 3830
f 4029 4030 3827
f 4030 4027 3827
f 3832 4033 4032
f 3832 3829 4033
f 3829 4028 4033
f 4029 4034 4030
f 4034 4035 4036
f 4034 4029 4035
f 4029 4031 4035
f 4032 4037 3833
f 3831 4032 3833
f 4038 4032 4033
f 4037 4032 4038
f 3835 4039 4036
f 4037 4040 4041
f 4037 4041 3833
f 4038 4040 4037
f 4042 3835 3838
f 4042 4043 3835
f 4043 4039 3835
f 3838 3840 4042
f 3842 4044 3843
f 3842 4045 4044
f 3842 3837 4045
f 3837 4041 4045
f 4042 4046 4043
f 4046 4042 3840
f 4046 3840 4047
f 4047 3840 3845
f 4044 4048 4049
f 4044 4049 3843
f 3843 4049 3848
f 4045 4048 4044
f 4050 3845 3849
f 4050 4051 3845
f 4051 4047 3845
f 3849 3851 4050
f 3854 4052 3853
f 3854 4053 4052
f 3854 3848 4053
f 3848 4049 4053
f 4050 4054 4051
f 4054 4050 3851
f 4054 3851 4055
f 4055 3851 3856
f 4052 4056 4057
f 4052 4057 3853
f 3853 4057 3858
f 4053 4056 4052
f 4058 3856 3859
f 4058 4059 3856
f 4059 4055 3856
f 4058 3859 4060
f 3860 3861 4060
f 3862 4063 4062
f 3862 3858 4063
f 3858 4057 4063
f 4058 4064 4059
f 4060 4064 4058
f 4065 4064 4060
f 4065 4060 3861
f 4065 3861 4066
f 4061 4067 3864
f 4068 4062 4069
f 4068 4067 4062
f 4067 4061 4062
f 4063 4069 4062
f 3863 3866 4066
f 4066 3866 4070
f 4067 4071 4072
f 4067 4072 3864
f 3864 4072 3869
f 4068 4071 4067
f 3866 4073 4070
f 3870 4073 3866
f 4074 4075 4073
f 4074 4073 3871
f 3871 4073 3870
f 3871 3873 4074
f 3876 4076 4077
f 3875 3876 4077
f 4072 3876 3869
f 4076 3876 4072
f 4074 4078 4075
f 4078 4074 3873
f 4078 3873 4079
f 4079 3873 3878
f 3883 4080 4081
f 3882 3883 4081
f 4077 3883 3875
f 4080 3883 4077
f 3878 4082 4079
f 3884 4082 3878
f 4083 4084 4082
f 4083 4082 3885
f 3885 4082 3884
f 3885 3887 4083
f 3890 4085 4086
f 3889 3890 4086
f 4081 3890 3882
f 4085 3890 4081
f 4083 4087 4084
f 4088 4089 4087
f 3891 4088 4087
f 3891 4087 4083
f 3891 4083 3887
f 3891 3892 4088
f 4091 4090 3893
f 4091 3893 4092
f 4092 3893 3894
f 4086 3894 3889
f 4092 3894 4086
f 4088 4093 4089
f 4094 4095 4093
f 3895 4094 4093
f 3895 4093 4088
f 3895 4088 3892
f 3895 3897 4094
f 4097 4090 4098
f 4097 4096 4090
f 4091 4098 4090
f 4094 4099 4095
f 4100 4101 4099
f 3900 4100 4099
f 3900 4099 4094
f 3900 4094 3897
f 3900 3902 4100
f 3906 4102 3905
f 3906 4103 4102
f 3899 4103 3906
f 3899 4104 4103
f 3899 4096 4104
f 4097 4104 4096
f 4100 4105 4101
f 3902 4105 4100
f 3902 3907 4105
f 3907 4106 4105
f 3903 4107 4106
f 4108 4106 4107
f 3916 4111 3915
f 3915 4111 4109
f 4102 3916 3905
f 4102 4112 3916
f 4112 4111 3916
f 4103 4112 4102
f 4107 4113 4108
f 3909 4113 4107
f 3909 3917 4113
f 3917 4114 4113
f 4115 4116 4114
f 4115 4114 3918
f 3918 4114 3917
f 4115 3918 4117
f 3919 3921 4117
f 4120 3924 3925
f 4120 3925 4110
f 4115 4121 4116
f 4117 4121 4115
f 4122 4121 4117
f 4123 4124 4122
f 3926 4123 4122
f 3926 4122 4117
f 3926 4117 3921
f 3926 3927 4125
f 4123 3926 4125
f 3927 3929 4125
f 3937 4126 3936
f 4118 3937 3923
f 4118 4127 3937
f 4127 4126 3937
f 4119 4127 4118
f 4123 4128 4124
f 4125 4128 4123
f 4129 4128 4125
f 3929 4129 4125
f 3929 3938 4129
f 3938 4130 4129
f 4131 4132 4130
f 4131 4130 3939
f 3939 4130 3938
f 3939 3940 4133
f 4131 3939 4133
f 3940 3942 4133
f 3948 3949 4136
f 4135 3948 4136
f 3949 4137 4136
f 3949 3934 4137
f 4131 4138 4132
f 4133 4138 4131
f 4139 4138 4133
f 3942 4139 4133
f 3942 3950 4139
f 3950 4140 4139
f 4141 4142 4140
f 4141 4140 3951
f 3951 4140 3950
f 4143 4141 3951
f 4143 3951 4144
f 4144 3951 3952
f 4145 4146 4144
f 4145 4144 3953
f 3953 4144 3952
f 3953 3955 4145
f 3958 4147 3957
f 3965 4148 3964
f 3965 3967 4148
f 3971 4149 3970
f 3971 3972 4150
f 4149 3971 4150
f 4151 4150 3972
f 4151 3972 4152
f 4136 4153 4135
f 4154 4153 4136
f 4137 4154 4136
f 4141 4155 4142
f 4143 4155 4141
f 4145 4156 4146
f 3955 4156 4145
f 3955 3974 4156
f 3974 4157 4156
f 3975 4158 3974
f 3974 4158 4157
f 4147 3975 3957
f 4147 4159 3975
f 4159 4158 3975
f 3977 4161 3976
f 3976 4161 4160
f 3978 4162 3977
f 3977 4162 4161
f 3979 4163 3978
f 3978 4163 4162
f 3980 4164 3979
f 3979 4164 4163
f 4148 3980 3964
f 4148 4165 3980
f 4165 4164 3980
f 3967 4165 4148
f 3967 3981 4165
f 3981 4166 4165
f 3982 4167 3981
f 3981 4167 4166
f 3983 4168 3982
f 3982 4168 4167
f 4149 3983 3970
f 4149 4169 3983
f 4169 4168 3983
f 4150 4169 4149
f 4170 4169 4150
f 4151 4170 4150
f 4174 3985 3987
f 4174 4175 3985
f 4175 4171 3985
f 3987 3989 4174
f 3990 4176 3991
f 3990 4177 4176
f 3986 4177 3990
f 3986 4178 4177
f 3986 4172 4178
f 4173 4178 4172
f 4174 4179 4175
f 4180 4181 4179
f 3992 4180 4179
f 3992 4179 4174
f 3992 4174 3989
f 3992 3993 4180
f 3991 4184 4183
f 3991 4176 4184
f 4177 4184 4176
f 4180 4185 4181
f 4185 4180 3993
f 4185 3993 4186
f 4186 3993 3996
f 4182 4187 3997
f 3995 4182 3997
f 4188 4182 4183
f 4187 4182 4188
f 3996 3998 4186
f 4186 3998 4189
f 4187 4190 3999
f 4191 4187 4188
f 4190 4187 4191
f 3998 4000 4189
f 4189 4000 4192
f 4190 4193 4002
f 3999 4190 4002
f 4194 4190 4191
f 4193 4190 4194
f 4000 4004 4192
f 4192 4004 4195
f 4193 4196 4197
f 4193 4197 4002
f 4002 4197 4006
f 4194 4196 4193
f 4198 4004 4007
f 4198 4199 4004
f 4199 4195 4004
f 4007 4008 4198
f 4006 4197 4009
f 4198 4201 4199
f 4201 4198 4008
f 4201 4008 4202
f 4202 4008 4010
f 4203 4204 4205
f 4203 4200 4204
f 4203 4012 4200
f 4012 4009 4200
f 4010 4013 4202
f 4202 4013 4206
f 4207 4203 4205
f 4208 4207 4205
f 4012 4207 4015
f 4203 4207 4012
f 4013 4017 4206
f 4206 4017 4209
f 4210 4211 4208
f 4211 4019 4208
f 4018 4207 4208
f 4018 4208 4019
f 4018 4015 4207
f 4211 4210 4212
f 4017 4021 4209
f 4209 4021 4213
f 4211 4214 4215
f 4211 4215 4019
f 4019 4215 4022
f 4212 4214 4211
f 4216 4021 4023
f 4216 4217 4021
f 4217 4213 4021
f 4023 4024 4216
f 4025 4218 4026
f 4025 4219 4218
f 4025 4022 4219
f 4022 4215 4219
f 4216 4220 4217
f 4220 4216 4024
f 4220 4024 4221
f 4218 4222 4028
f 4026 4218 4028
f 4223 4218 4219
f 4222 4218 4223
f 4221 4030 4224
f 4222 4225 4033
f 4028 4222 4033
f 4226 4222 4223
f 4225 4222 4226
f 4227 4030 4034
f 4227 4228 4030
f 4228 4224 4030
f 4034 4036 4227
f 4225 4229 4230
f 4225 4230 4033
f 4033 4230 4038
f 4226 4229 4225
f 4231 4228 4227
f 4232 4228 4231
f 4036 4039 4231
f 4227 4036 4231
f 4040 4233 4041
f 4040 4234 4233
f 4040 4038 4234
f 4038 4230 4234
f 4231 4235 4232
f 4235 4231 4039
f 4235 4039 4236
f 4236 4039 4043
f 4233 4237 4238
f 4233 4238 4041
f 4041 4238 4045
f 4234 4237 4233
f 4239 4043 4046
f 4239 4240 4043
f 4240 4236 4043
f 4046 4047 4239
f 4048 4241 4049
f 4048 4242 4241
f 4048 4045 4242
f 4045 4238 4242
f 4239 4243 4240
f 4243 4239 4047
f 4243 4047 4244
f 4244 4047 4051
f 4241 4245 4246
f 4241 4246 4049
f 4049 4246 4053
f 4242 4245 4241
f 4247 4051 4054
f 4247 4248 4051
f 4248 4244 4051
f 4054 4055 4247
f 4056 4249 4057
f 4056 4250 4249
f 4056 4053 4250
f 4053 4246 4250
f 4247 4251 4248
f 4251 4247 4055
f 4251 4055 4252
f 4252 4055 4059
f 4249 4253 4254
f 4249 4254 4057
f 4057 4254 4063
f 4250 4253 4249
f 4059 4255 4252
f 4064 4255 4059
f 4069 4257 4258
f 4068 4069 4258
f 4254 4069 4063
f 4257 4069 4254
f 4071 4260 4261
f 4072 4071 4261
f 4258 4071 4068
f 4260 4071 4258
f 4262 4070 4073
f 4262 4263 4070
f 4073 4075 4262
f 4076 4264 4265
f 4077 4076 4265
f 4261 4076 4072
f 4264 4076 4261
f 4262 4266 4263
f 4075 4266 4262
f 4075 4078 4266
f 4080 4269 4270
f 4081 4080 4270
f 4265 4080 4077
f 4269 4080 4265
f 4271 4079 4082
f 4271 4272 4079
f 4082 4084 4271
f 4085 4273 4274
f 4086 4085 4274
f 4270 4085 4081
f 4273 4085 4270
f 4271 4275 4272
f 4084 4275 4271
f 4084 4087 4275
f 4087 4276 4275
f 4276 4087 4089
f 4277 4276 4089
f 4092 4278 4091
f 4092 4279 4278
f 4092 4086 4279
f 4086 4274 4279
f 4089 4280 4277
f 4093 4280 4089
f 4280 4093 4095
f 4281 4280 4095
f 4278 4098 4091
f 4278 4283 4098
f 4283 4282 4098
f 4279 4283 4278
f 4095 4284 4281
f 4099 4284 4095
f 4284 4099 4101
f 4285 4284 4101
f 4101 4287 4285
f 4105 4287 4101
f 4106 4288 4105
f 4105 4288 4287
f 4288 4106 4108
f 4289 4288 4108
f 4111 4292 4109
f 4112 4293 4111
f 4111 4293 4292
f 4286 4112 4103
f 4293 4112 4286
f 4108 4294 4289
f 4113 4294 4108
f 4114 4295 4113
f 4113 4295 4294
f 4295 4114 4116
f 4120 4297 4119
f 4120 4298 4297
f 4120 4110 4298
f 4121 4299 4116
f 4121 4300 4299
f 4304 4302 4126
f 4304 4126 4305
f 4305 4126 4127
f 4297 4127 4119
f 4297 4306 4127
f 4306 4305 4127
f 4298 4306 4297
f 4308 4309 4307
f 4308 4307 4130
f 4130 4132 4308
f 4304 4312 4302
f 4308 4313 4309
f 4132 4313 4308
f 4132 4138 4313
f 4140 4142 4315
f 4317 4144 4146
f 4318 4317 4146
f 4152 4322 4151
f 4152 4323 4322
f 4134 4323 4152
f 4154 4326 4153
f 4153 4326 4325
f 4310 4154 4137
f 4310 4327 4154
f 4327 4326 4154
f 4311 4327 4310
f 4315 4328 4316
f 4142 4328 4315
f 4142 4155 4328
f 4155 4329 4328
f 4146 4330 4318
f 4156 4330 4146
f 4331 4332 4330
f 4331 4330 4157
f 4157 4330 4156
f 4157 4158 4333
f 4331 4157 4333
f 4334 4333 4158
f 4334 4158 4335
f 4335 4158 4159
f 4160 4161 4337
f 4336 4160 4337
f 4161 4162 4338
f 4337 4161 4338
f 4338 4162 4339
f 4163 4164 4340
f 4339 4163 4340
f 4164 4165 4341
f 4340 4164 4341
f 4165 4166 4342
f 4341 4165 4342
f 4166 4167 4343
f 4342 4166 4343
f 4319 4344 4167
f 4343 4167 4344
f 4168 4169 4345
f 4170 4346 4169
f 4322 4170 4151
f 4322 4347 4170
f 4347 4346 4170
f 4323 4347 4322
f 4333 4348 4331
f 4349 4348 4333
f 4334 4349 4333
f 4337 4350 4336
f 4351 4350 4337
f 4338 4351 4337
f 4352 4351 4338
f 4339 4352 4338
f 4353 4352 4339
f 4340 4353 4339
f 4354 4353 4340
f 4341 4354 4340
f 4355 4354 4341
f 4342 4355 4341
f 4356 4355 4342
f 4343 4356 4342
f 4357 4356 4343
f 4344 4357 4343
f 4358 4361 4359
f 4361 4358 4171
f 4361 4171 4362
f 4362 4171 4175
f 4178 4363 4364
f 4177 4178 4364
f 4360 4178 4173
f 4363 4178 4360
f 4175 4365 4362
f 4179 4365 4175
f 4365 4179 4181
f 4366 4365 4181
f 4184 4367 4368
f 4183 4184 4368
f 4364 4184 4177
f 4367 4184 4364
f 4369 4181 4185
f 4369 4370 4181
f 4370 4366 4181
f 4185 4186 4369
f 4183 4368 4188
f 4368 4371 4188
f 4372 4370 4369
f 4373 4370 4372
f 4186 4189 4372
f 4369 4186 4372
f 4188 4371 4191
f 4371 4374 4191
f 4375 4373 4372
f 4376 4373 4375
f 4189 4192 4375
f 4372 4189 4375
f 4191 4374 4194
f 4374 4377 4194
f 4378 4376 4375
f 4379 4376 4378
f 4192 4195 4378
f 4375 4192 4378
f 4196 4380 4197
f 4196 4381 4380
f 4196 4194 4381
f 4194 4377 4381
f 4378 4382 4379
f 4382 4378 4195
f 4382 4195 4383
f 4383 4195 4199
f 4380 4384 4385
f 4380 4385 4197
f 4197 4385 4200
f 4381 4384 4380
f 4386 4199 4201
f 4386 4387 4199
f 4387 4383 4199
f 4201 4202 4386
f 4204 4388 4205
f 4204 4389 4388
f 4204 4200 4389
f 4200 4385 4389
f 4390 4387 4386
f 4391 4387 4390
f 4202 4206 4390
f 4386 4202 4390
f 4388 4392 4393
f 4388 4393 4205
f 4205 4393 4208
f 4389 4392 4388
f 4394 4391 4390
f 4395 4391 4394
f 4206 4209 4394
f 4390 4206 4394
f 4397 4395 4394
f 4398 4395 4397
f 4209 4213 4397
f 4394 4209 4397
f 4214 4399 4215
f 4214 4400 4399
f 4214 4212 4400
f 4212 4396 4400
f 4397 4401 4398
f 4401 4397 4213
f 4401 4213 4402
f 4402 4213 4217
f 4399 4403 4404
f 4399 4404 4215
f 4215 4404 4219
f 4400 4403 4399
f 4405 4217 4220
f 4405 4406 4217
f 4406 4402 4217
f 4220 4221 4405
f 4219 4404 4223
f 4404 4407 4223
f 4405 4408 4406
f 4408 4405 4221
f 4408 4221 4409
f 4409 4221 4224
f 4223 4407 4226
f 4407 4410 4226
f 4224 4228 4409
f 4409 4228 4411
f 4229 4412 4230
f 4229 4413 4412
f 4229 4226 4413
f 4226 4410 4413
f 4228 4232 4411
f 4411 4232 4414
f 4412 4415 4234
f 4230 4412 4234
f 4416 4412 4413
f 4415 4412 4416
f 4417 4232 4235
f 4417 4418 4232
f 4418 4414 4232
f 4235 4236 4417
f 4237 4419 4238
f 4237 4420 4419
f 4234 4420 4237
f 4234 4421 4420
f 4234 4415 4421
f 4416 4421 4415
f 4417 4422 4418
f 4417 4236 4240
f 4417 4423 4422
f 4419 4425 4426
f 4419 4426 4238
f 4238 4426 4242
f 4420 4425 4419
f 4424 4244 4427
f 4245 4428 4429
f 4246 4245 4429
f 4426 4245 4242
f 4428 4245 4426
f 4244 4248 4427
f 4427 4248 4430
f 4246 4429 4250
f 4429 4431 4250
f 4432 4248 4251
f 4432 4433 4248
f 4433 4430 4248
f 4251 4252 4432
f 4253 4434 4435
f 4254 4253 4435
f 4431 4253 4250
f 4434 4253 4431
f 4432 4436 4433
f 4437 4438 4436
f 4255 4437 4436
f 4255 4436 4432
f 4255 4432 4252
f 4257 4440 4258
f 4257 4441 4440
f 4257 4254 4441
f 4254 4435 4441
f 4437 4442 4438
f 4442 4443 4444
f 4442 4437 4443
f 4437 4439 4443
f 4256 4259 4443
f 4439 4256 4443
f 4260 4445 4261
f 4260 4446 4445
f 4258 4446 4260
f 4258 4447 4446
f 4258 4440 4447
f 4441 4447 4440
f 4448 4444 4443
f 4449 4444 4448
f 4259 4263 4448
f 4443 4259 4448
f 4264 4450 4265
f 4264 4451 4450
f 4261 4451 4264
f 4261 4452 4451
f 4261 4445 4452
f 4446 4452 4445
f 4448 4453 4449
f 4454 4455 4453
f 4266 4454 4453
f 4266 4453 4448
f 4266 4448 4263
f 4267 4268 4456
f 4269 4458 4457
f 4265 4458 4269
f 4265 4459 4458
f 4265 4450 4459
f 4451 4459 4450
f 4454 4460 4455
f 4461 4460 4456
f 4461 4456 4268
f 4461 4268 4462
f 4273 4463 4274
f 4273 4464 4463
f 4270 4464 4273
f 4270 4465 4464
f 4270 4457 4465
f 4458 4465 4457
f 4272 4466 4462
f 4275 4466 4272
f 4467 4468 4466
f 4467 4466 4276
f 4276 4466 4275
f 4276 4277 4467
f 4463 4469 4279
f 4274 4463 4279
f 4470 4463 4464
f 4469 4463 4470
f 4467 4471 4468
f 4472 4473 4471
f 4280 4472 4471
f 4280 4471 4467
f 4280 4467 4277
f 4280 4281 4472
f 4475 4474 4282
f 4475 4282 4476
f 4476 4282 4283
f 4469 4283 4279
f 4469 4477 4283
f 4477 4476 4283
f 4470 4477 4469
f 4472 4478 4473
f 4479 4480 4478
f 4284 4479 4478
f 4284 4478 4472
f 4284 4472 4281
f 4284 4285 4479
f 4483 4481 4474
f 4475 4483 4474
f 4479 4484 4480
f 4285 4484 4479
f 4285 4287 4484
f 4288 4289 4485
f 4290 4487 4291
f 4292 4293 4489
f 4488 4292 4489
f 4293 4490 4489
f 4293 4286 4490
f 4286 4482 4490
f 4492 4493 4491
f 4294 4492 4491
f 4294 4491 4485
f 4294 4485 4289
f 4492 4294 4494
f 4295 4296 4494
f 4487 4495 4298
f 4291 4487 4298
f 4496 4488 4497
f 4496 4495 4488
f 4489 4497 4488
f 4498 4497 4489
f 4490 4498 4489
f 4492 4499 4493
f 4494 4499 4492
f 4500 4499 4494
f 4501 4502 4500
f 4299 4501 4500
f 4299 4500 4494
f 4299 4494 4296
f 4305 4503 4504
f 4304 4305 4504
f 4306 4505 4305
f 4305 4505 4503
f 4495 4306 4298
f 4495 4506 4306
f 4506 4505 4306
f 4496 4506 4495
f 4501 4507 4502
f 4509 4301 4307
f 4509 4510 4301
f 4307 4309 4509
f 4303 4512 4511
f 4512 4513 4511
f 4504 4312 4304
f 4512 4312 4504
f 4509 4514 4510
f 4515 4516 4514
f 4313 4515 4514
f 4313 4514 4509
f 4313 4509 4309
f 4515 4313 4517
f 4517 4314 4518
f 4317 4318 4519
f 4320 4321 4520
f 4324 4521 4323
f 4521 4324 4522
f 4523 4522 4325
f 4523 4325 4524
f 4524 4325 4326
f 4327 4525 4326
f 4326 4525 4524
f 4511 4327 4311
f 4511 4526 4327
f 4526 4525 4327
f 4513 4526 4511
f 4515 4527 4516
f 4517 4527 4515
f 4528 4527 4517
f 4518 4528 4517
f 4529 4528 4518
f 4316 4529 4518
f 4316 4328 4529
f 4328 4530 4529
f 4531 4532 4530
f 4531 4530 4329
f 4329 4530 4328
f 4318 4330 4534
f 4318 4534 4519
f 4519 4534 4533
f 4330 4332 4534
f 4335 4535 4334
f 4321 4345 4537
f 4321 4537 4520
f 4537 4345 4538
f 4539 4538 4346
f 4539 4346 4540
f 4540 4346 4347
f 4521 4347 4323
f 4521 4541 4347
f 4541 4540 4347
f 4522 4541 4521
f 4542 4541 4522
f 4523 4542 4522
f 4531 4543 4532
f 4533 4543 4531
f 4544 4543 4533
f 4534 4544 4533
f 4545 4544 4534
f 4349 4546 4348
f 4535 4349 4334
f 4535 4547 4349
f 4547 4546 4349
f 4350 4548 4547
f 4548 4350 4351
f 4353 4549 4352
f 4354 4550 4353
f 4353 4550 4549
f 4355 4551 4354
f 4354 4551 4550
f 4356 4552 4355
f 4355 4552 4551
f 4357 4553 4356
f 4356 4553 4552
f 4536 4357 4344
f 4536 4554 4357
f 4554 4553 4357
f 4537 4554 4536
f 4555 4554 4537
f 4538 4555 4537
f 4556 4555 4538
f 4539 4556 4538
f 4359 4559 4557
f 4361 4559 4359
f 4559 4361 4362
f 4560 4559 4362
f 4363 4561 4562
f 4364 4363 4562
f 4558 4363 4360
f 4561 4363 4558
f 4362 4563 4560
f 4365 4563 4362
f 4563 4365 4366
f 4564 4563 4366
f 4367 4565 4368
f 4367 4566 4565
f 4367 4364 4566
f 4364 4562 4566
f 4366 4370 4564
f 4564 4370 4567
f 4565 4568 4371
f 4368 4565 4371
f 4569 4565 4566
f 4568 4565 4569
f 4370 4373 4567
f 4567 4373 4570
f 4568 4571 4572
f 4568 4572 4371
f 4569 4571 4568
f 4373 4376 4570
f 4570 4376 4573
f 4376 4379 4573
f 4573 4379 4575
f 4574 4576 4381
f 4577 4379 4382
f 4577 4578 4379
f 4578 4575 4379
f 4382 4383 4577
f 4384 4579 4385
f 4384 4580 4579
f 4384 4381 4580
f 4381 4576 4580
f 4581 4578 4577
f 4582 4578 4581
f 4383 4387 4581
f 4577 4383 4581
f 4579 4583 4389
f 4385 4579 4389
f 4584 4579 4580
f 4583 4579 4584
f 4585 4582 4581
f 4586 4582 4585
f 4387 4391 4585
f 4581 4387 4585
f 4392 4587 4393
f 4392 4389 4583
f 4392 4583 4587
f 4587 4583 4588
f 4589 4583 4584
f 4588 4583 4589
f 4585 4590 4586
f 4590 4585 4391
f 4590 4391 4591
f 4591 4391 4395
f 4592 4587 4588
f 4592 4593 4396
f 4589 4592 4588
f 4395 4398 4591
f 4591 4398 4594
f 4396 4593 4400
f 4593 4595 4400
f 4596 4398 4401
f 4596 4597 4398
f 4597 4594 4398
f 4401 4402 4596
f 4403 4598 4404
f 4403 4599 4598
f 4403 4400 4599
f 4400 4595 4599
f 4600 4402 4406
f 4598 4601 4407
f 4404 4598 4407
f 4602 4598 4599
f 4601 4598 4602
f 4603 4406 4408
f 4603 4604 4406
f 4604 4600 4406
f 4408 4409 4603
f 4601 4605 4410
f 4407 4601 4410
f 4606 4601 4602
f 4605 4601 4606
f 4607 4604 4603
f 4608 4604 4607
f 4409 4411 4607
f 4603 4409 4607
f 4605 4609 4610
f 4605 4610 4410
f 4410 4610 4413
f 4606 4609 4605
f 4611 4608 4607
f 4612 4608 4611
f 4411 4414 4611
f 4607 4411 4611
f 4413 4610 4416
f 4610 4613 4416
f 4611 4614 4612
f 4614 4611 4414
f 4614 4414 4615
f 4615 4414 4418
f 4421 4616 4617
f 4420 4421 4617
f 4613 4421 4416
f 4616 4421 4613
f 4418 4618 4615
f 4422 4618 4418
f 4619 4620 4618
f 4619 4618 4423
f 4423 4618 4422
f 4425 4621 4426
f 4425 4622 4621
f 4425 4420 4622
f 4420 4617 4622
f 4623 4620 4619
f 4624 4620 4623
f 4424 4427 4623
f 4619 4424 4623
f 4428 4625 4429
f 4428 4626 4625
f 4426 4626 4428
f 4426 4627 4626
f 4426 4621 4627
f 4622 4627 4621
f 4628 4624 4623
f 4629 4624 4628
f 4427 4430 4628
f 4623 4427 4628
f 4625 4630 4431
f 4429 4625 4431
f 4631 4625 4626
f 4630 4625 4631
f 4628 4632 4629
f 4632 4628 4430
f 4632 4430 4633
f 4633 4430 4433
f 4434 4634 4635
f 4630 4434 4431
f 4630 4636 4434
f 4636 4634 4434
f 4631 4636 4630
f 4433 4637 4633
f 4436 4637 4433
f 4637 4436 4438
f 4447 4639 4446
f 4447 4640 4639
f 4447 4441 4640
f 4452 4642 4451
f 4452 4643 4642
f 4446 4643 4452
f 4446 4644 4643
f 4446 4639 4644
f 4640 4644 4639
f 4449 4645 4641
f 4453 4645 4449
f 4645 4453 4455
f 4646 4645 4455
f 4459 4647 4458
f 4459 4648 4647
f 4451 4648 4459
f 4451 4649 4648
f 4451 4642 4649
f 4643 4649 4642
f 4455 4650 4646
f 4460 4650 4455
f 4651 4652 4650
f 4651 4650 4461
f 4461 4650 4460
f 4461 4462 4651
f 4465 4653 4464
f 4465 4654 4653
f 4458 4654 4465
f 4458 4655 4654
f 4458 4647 4655
f 4648 4655 4647
f 4651 4656 4652
f 4657 4658 4656
f 4466 4657 4656
f 4466 4656 4651
f 4466 4651 4462
f 4466 4468 4657
f 4653 4659 4660
f 4653 4660 4464
f 4464 4660 4470
f 4654 4659 4653
f 4657 4661 4658
f 4662 4663 4661
f 4471 4662 4661
f 4471 4661 4657
f 4471 4657 4468
f 4471 4473 4662
f 4476 4664 4475
f 4665 4664 4476
f 4665 4476 4666
f 4666 4476 4477
f 4660 4477 4470
f 4666 4477 4660
f 4662 4667 4663
f 4668 4669 4667
f 4478 4668 4667
f 4478 4667 4662
f 4478 4662 4473
f 4478 4480 4668
f 4481 4483 4671
f 4483 4672 4671
f 4475 4672 4483
f 4475 4673 4672
f 4475 4664 4673
f 4665 4673 4664
f 4668 4674 4669
f 4480 4674 4668
f 4480 4484 4674
f 4484 4675 4674
f 4677 4676 4486
f 4670 4678 4679
f 4670 4679 4482
f 4482 4679 4490
f 4671 4678 4670
f 4680 4678 4671
f 4672 4680 4671
f 4681 4486 4491
f 4681 4682 4486
f 4682 4677 4486
f 4491 4493 4681
f 4497 4683 4496
f 4684 4683 4497
f 4684 4497 4685
f 4685 4497 4498
f 4679 4498 4490
f 4685 4498 4679
f 4681 4686 4682
f 4493 4686 4681
f 4493 4499 4686
f 4499 4687 4686
f 4688 4689 4687
f 4688 4687 4500
f 4500 4687 4499
f 4500 4502 4688
f 4503 4690 4504
f 4503 4505 4691
f 4690 4503 4691
f 4692 4691 4505
f 4692 4505 4693
f 4693 4505 4506
f 4683 4506 4496
f 4683 4694 4506
f 4694 4693 4506
f 4684 4694 4683
f 4688 4695 4689
f 4502 4695 4688
f 4502 4507 4695
f 4507 4696 4695
f 4697 4698 4696
f 4697 4696 4508
f 4512 4700 4513
f 4512 4701 4700
f 4504 4701 4512
f 4504 4702 4701
f 4504 4690 4702
f 4691 4702 4690
f 4703 4702 4691
f 4692 4703 4691
f 4697 4704 4698
f 4699 4704 4697
f 4705 4704 4699
f 4706 4707 4705
f 4514 4706 4705
f 4514 4705 4699
f 4514 4699 4510
f 4514 4516 4706
f 4524 4708 4523
f 4709 4708 4524
f 4709 4524 4710
f 4710 4524 4525
f 4526 4711 4525
f 4525 4711 4710
f 4700 4526 4513
f 4700 4712 4526
f 4712 4711 4526
f 4701 4712 4700
f 4706 4713 4707
f 4516 4713 4706
f 4516 4527 4713
f 4527 4714 4713
f 4528 4715 4527
f 4527 4715 4714
f 4529 4716 4528
f 4528 4716 4715
f 4717 4718 4716
f 4717 4716 4530
f 4530 4716 4529
f 4530 4532 4717
f 4540 4721 4539
f 4722 4721 4540
f 4722 4540 4723
f 4723 4540 4541
f 4542 4724 4541
f 4541 4724 4723
f 4708 4542 4523
f 4708 4725 4542
f 4725 4724 4542
f 4709 4725 4708
f 4717 4726 4718
f 4532 4726 4717
f 4532 4543 4726
f 4543 4727 4726
f 4544 4728 4543
f 4543 4728 4727
f 4728 4544 4545
f 4730 4731 4729
f 4730 4729 4546
f 4546 4547 4732
f 4730 4546 4732
f 4547 4548 4733
f 4732 4547 4733
f 4549 4550 4737
f 4736 4549 4737
f 4737 4550 4738
f 4553 4739 4552
f 4554 4740 4553
f 4553 4740 4739
f 4555 4741 4554
f 4554 4741 4740
f 4556 4742 4555
f 4555 4742 4741
f 4721 4556 4539
f 4721 4743 4556
f 4743 4742 4556
f 4722 4743 4721
f 4730 4744 4731
f 4732 4744 4730
f 4745 4744 4732
f 4733 4745 4732
f 4746 4745 4733
f 4737 4747 4736
f 4748 4747 4737
f 4738 4748 4737
f 4557 4752 4749
f 4559 4752 4557
f 4752 4559 4560
f 4753 4752 4560
f 4561 4754 4755
f 4562 4561 4755
f 4750 4561 4558
f 4750 4756 4561
f 4756 4754 4561
f 4751 4756 4750
f 4560 4757 4753
f 4563 4757 4560
f 4757 4563 4564
f 4758 4757 4564
f 4562 4755 4566
f 4755 4759 4566
f 4760 4761 4762
f 4760 4762 4758
f 4760 4758 4567
f 4763 4764 4765
f 4763 4759 4764
f 4763 4569 4759
f 4569 4566 4759
f 4766 4761 4760
f 4767 4761 4766
f 4567 4570 4766
f 4760 4567 4766
f 4571 4763 4765
f 4571 4765 4572
f 4572 4765 4768
f 4569 4763 4571
f 4766 4769 4767
f 4769 4766 4570
f 4769 4570 4770
f 4770 4570 4573
f 4768 4771 4574
f 4573 4575 4770
f 4770 4575 4772
f 4773 4774 4576
f 4773 4576 4771
f 4771 4576 4574
f 4773 4775 4774
f 4772 4578 4776
f 4774 4777 4778
f 4774 4778 4576
f 4576 4778 4580
f 4775 4777 4774
f 4578 4582 4776
f 4776 4582 4779
f 4580 4778 4584
f 4778 4780 4584
f 4582 4586 4779
f 4779 4586 4781
f 4584 4780 4589
f 4780 4782 4589
f 4586 4783 4781
f 4590 4783 4586
f 4783 4590 4591
f 4784 4783 4591
f 4782 4592 4589
f 4591 4594 4784
f 4784 4594 4785
f 4594 4597 4785
f 4599 4786 4602
f 4786 4788 4602
f 4600 4604 4787
f 4787 4604 4789
f 4602 4788 4606
f 4788 4790 4606
f 4604 4608 4789
f 4789 4608 4791
f 4609 4792 4793
f 4790 4609 4606
f 4792 4609 4790
f 4608 4612 4791
f 4791 4612 4794
f 4795 4612 4614
f 4795 4796 4612
f 4796 4794 4612
f 4614 4615 4795
f 4795 4797 4796
f 4798 4799 4797
f 4618 4798 4797
f 4618 4797 4795
f 4618 4795 4615
f 4801 4799 4798
f 4802 4799 4801
f 4620 4624 4801
f 4627 4803 4626
f 4627 4804 4803
f 4627 4622 4804
f 4622 4800 4804
f 4801 4805 4802
f 4805 4801 4624
f 4805 4624 4806
f 4806 4624 4629
f 4803 4807 4808
f 4803 4808 4626
f 4626 4808 4631
f 4804 4807 4803
f 4629 4809 4806
f 4632 4809 4629
f 4809 4632 4633
f 4810 4809 4633
f 4634 4811 4635
f 4812 4811 4634
f 4812 4634 4813
f 4813 4634 4636
f 4808 4636 4631
f 4813 4636 4808
f 4633 4814 4810
f 4637 4814 4633
f 4811 4816 4817
f 4811 4817 4635
f 4635 4817 4638
f 4812 4816 4811
f 4638 4817 4640
f 4817 4819 4640
f 4644 4822 4823
f 4643 4644 4823
f 4819 4644 4640
f 4822 4644 4819
f 4641 4824 4821
f 4645 4824 4641
f 4824 4645 4646
f 4825 4824 4646
f 4649 4826 4827
f 4648 4649 4827
f 4823 4649 4643
f 4826 4649 4823
f 4650 4828 4646
f 4828 4650 4652
f 4655 4830 4654
f 4655 4831 4830
f 4655 4648 4831
f 4832 4652 4656
f 4832 4833 4652
f 4833 4829 4652
f 4656 4658 4832
f 4659 4834 4660
f 4659 4835 4834
f 4654 4835 4659
f 4654 4836 4835
f 4654 4830 4836
f 4831 4836 4830
f 4832 4837 4833
f 4658 4837 4832
f 4658 4661 4837
f 4666 4838 4839
f 4665 4666 4839
f 4834 4666 4660
f 4834 4840 4666
f 4840 4838 4666
f 4835 4840 4834
f 4673 4842 4843
f 4672 4673 4843
f 4839 4673 4665
f 4842 4673 4839
f 4669 4844 4841
f 4674 4844 4669
f 4845 4846 4844
f 4845 4844 4675
f 4675 4844 4674
f 4845 4675 4847
f 4678 4848 4679
f 4849 4848 4678
f 4849 4678 4850
f 4850 4678 4680
f 4843 4680 4672
f 4850 4680 4843
f 4845 4851 4846
f 4847 4851 4845
f 4853 4677 4682
f 4685 4856 4857
f 4684 4685 4857
f 4848 4685 4679
f 4848 4858 4685
f 4858 4856 4685
f 4849 4858 4848
f 4682 4859 4853
f 4686 4859 4682
f 4859 4686 4687
f 4693 4861 4862
f 4692 4693 4862
f 4694 4863 4693
f 4693 4863 4861
f 4857 4694 4684
f 4863 4694 4857
f 4695 4864 4689
f 4865 4866 4864
f 4865 4864 4696
f 4696 4864 4695
f 4696 4698 4865
f 4702 4867 4701
f 4868 4867 4702
f 4868 4702 4869
f 4869 4702 4703
f 4862 4703 4692
f 4869 4703 4862
f 4865 4870 4866
f 4698 4870 4865
f 4698 4704 4870
f 4704 4871 4870
f 4705 4872 4704
f 4704 4872 4871
f 4872 4705 4707
f 4873 4872 4707
f 4874 4875 4876
f 4710 4878 4709
f 4879 4878 4710
f 4879 4710 4880
f 4880 4710 4711
f 4712 4881 4711
f 4711 4881 4880
f 4867 4712 4701
f 4867 4882 4712
f 4882 4881 4712
f 4868 4882 4867
f 4707 4883 4873
f 4713 4883 4707
f 4714 4884 4713
f 4719 4720 4887
f 4723 4888 4889
f 4722 4723 4889
f 4876 4724 4874
f 4876 4888 4724
f 4888 4723 4724
f 4724 4725 4890
f 4878 4725 4709
f 4878 4891 4725
f 4891 4890 4725
f 4879 4891 4878
f 4726 4892 4718
f 4727 4893 4726
f 4726 4893 4892
f 4894 4895 4893
f 4894 4893 4728
f 4728 4893 4727
f 4728 4896 4894
f 4898 4899 4897
f 4729 4898 4897
f 4729 4897 4887
f 4729 4887 4720
f 4729 4731 4898
f 4734 4735 4901
f 4900 4734 4901
f 4739 4740 4905
f 4903 4739 4905
f 4906 4905 4740
f 4906 4740 4907
f 4907 4740 4741
f 4742 4908 4741
f 4741 4908 4907
f 4743 4909 4742
f 4742 4909 4908
f 4889 4743 4722
f 4909 4743 4889
f 4894 4910 4895
f 4896 4910 4894
f 4898 4911 4899
f 4731 4911 4898
f 4731 4744 4911
f 4744 4912 4911
f 4745 4913 4744
f 4744 4913 4912
f 4746 4914 4745
f 4745 4914 4913
f 4915 4914 4746
f 4901 4915 4900
f 4916 4915 4901
f 4748 4918 4747
f 4747 4918 4917
f 4902 4748 4738
f 4918 4748 4902
f 4903 4919 4904
f 4905 4919 4903
f 4920 4919 4905
f 4906 4920 4905
f 4921 4924 4922
f 4925 4926 4924
f 4752 4925 4924
f 4752 4924 4921
f 4752 4921 4749
f 4752 4753 4925
f 4754 4927 4755
f 4928 4927 4754
f 4928 4754 4929
f 4929 4754 4756
f 4923 4756 4751
f 4929 4756 4923
f 4925 4930 4926
f 4931 4932 4930
f 4757 4931 4930
f 4757 4930 4925
f 4757 4925 4753
f 4757 4758 4931
f 4755 4934 4759
f 4762 4932 4931
f 4762 4761 4932
f 4761 4935 4932
f 4758 4762 4931
f 4764 4936 4765
f 4764 4937 4936
f 4764 4759 4937
f 4759 4934 4937
f 4761 4767 4935
f 4935 4767 4938
f 4936 4939 4768
f 4765 4936 4768
f 4940 4936 4937
f 4939 4936 4940
f 4767 4941 4938
f 4769 4941 4767
f 4941 4769 4770
f 4942 4941 4770
f 4939 4943 4771
f 4768 4939 4771
f 4944 4939 4940
f 4943 4939 4944
f 4770 4772 4942
f 4771 4943 4773
f 4943 4775 4773
f 4943 4944 4775
f 4944 4946 4775
f 4772 4776 4945
f 4945 4776 4947
f 4777 4948 4778
f 4777 4949 4948
f 4777 4775 4949
f 4775 4946 4949
f 4776 4779 4947
f 4947 4779 4950
f 4948 4951 4780
f 4778 4948 4780
f 4952 4948 4949
f 4951 4948 4952
f 4950 4779 4781
f 4951 4955 4956
f 4951 4956 4780
f 4780 4956 4782
f 4952 4955 4951
f 4781 4783 4953
f 4953 4783 4784
f 4953 4784 4954
f 4959 4961 4788
f 4786 4959 4788
f 4962 4959 4960
f 4961 4959 4962
f 4961 4965 4966
f 4961 4966 4788
f 4788 4966 4790
f 4962 4965 4961
f 4967 4964 4963
f 4968 4964 4967
f 4789 4791 4967
f 4963 4789 4967
f 4792 4969 4970
f 4793 4792 4970
f 4966 4792 4790
f 4969 4792 4966
f 4971 4968 4967
f 4972 4968 4971
f 4791 4794 4971
f 4967 4791 4971
f 4971 4794 4796
f 4975 4978 4979
f 4975 4979 4800
f 4800 4979 4804
f 4976 4978 4975
f 4980 4802 4805
f 4980 4981 4802
f 4981 4977 4802
f 4805 4806 4980
f 4979 4807 4804
f 4982 4807 4979
f 4980 4983 4981
f 4984 4985 4983
f 4809 4984 4983
f 4809 4983 4980
f 4809 4980 4806
f 4809 4810 4984
f 4984 4986 4985
f 4987 4988 4986
f 4814 4987 4986
f 4814 4986 4984
f 4814 4984 4810
f 4816 4989 4817
f 4816 4990 4989
f 4816 4812 4990
f 4991 4988 4987
f 4992 4988 4991
f 4815 4818 4991
f 4989 4993 4819
f 4817 4989 4819
f 4994 4989 4990
f 4993 4989 4994
f 4991 4995 4992
f 4996 4997 4995
f 4820 4996 4995
f 4820 4995 4991
f 4820 4991 4818
f 4820 4821 4996
f 4822 4998 4823
f 4822 4999 4998
f 4819 4999 4822
f 4819 5000 4999
f 4819 4993 5000
f 4994 5000 4993
f 4996 5001 4997
f 4826 5003 5004
f 4827 4826 5004
f 4998 4826 4823
f 4998 5005 4826
f 4999 5005 4998
f 5007 5008 5006
f 5010 5008 5007
f 5011 5008 5010
f 4829 4833 5010
f 5007 4829 5010
f 4835 4836 5013
f 5009 4836 4831
f 5012 4836 5009
f 5010 5014 5011
f 4833 5014 5010
f 4833 4837 5014
f 4837 5015 5014
f 4838 5016 5017
f 4839 4838 5017
f 4840 5018 4838
f 5013 4840 4835
f 5018 4840 5013
f 4842 5020 4843
f 4842 5021 5020
f 4842 4839 5021
f 4841 5022 5019
f 4844 5022 4841
f 5022 4844 4846
f 5023 5022 4846
f 4850 5024 5025
f 4849 4850 5025
f 5020 4850 4843
f 5020 5026 4850
f 5026 5024 4850
f 5021 5026 5020
f 4846 5027 5023
f 4851 5027 4846
f 5028 5029 5027
f 5028 5027 4852
f 4852 5027 4851
f 4852 4853 5028
f 4854 4855 5030
f 4856 5031 4857
f 5032 5031 4856
f 5032 4856 5033
f 5033 4856 4858
f 5025 4858 4849
f 5033 4858 5025
f 5028 5034 5029
f 4853 5034 5028
f 4853 4859 5034
f 4859 5035 5034
f 4855 4860 5036
f 5030 4855 5036
f 4861 5038 4862
f 5039 5038 4861
f 5039 4861 5040
f 5040 4861 4863
f 5031 4863 4857
f 5031 5041 4863
f 5041 5040 4863
f 5032 5041 5031
f 5043 5044 5042
f 4864 5043 5042
f 4864 5042 5036
f 4864 5036 4860
f 4864 4866 5043
f 4869 5045 4868
f 4869 5046 5045
f 4862 5046 4869
f 4862 5047 5046
f 4862 5038 5047
f 5039 5047 5038
f 5043 5048 5044
f 4866 5048 5043
f 4866 4870 5048
f 4870 5049 5048
f 4871 5050 4870
f 4870 5050 5049
f 5051 5052 5050
f 5051 5050 4872
f 4872 5050 4871
f 4872 4873 5051
f 4875 5053 4876
f 4875 4877 5053
f 4880 5054 4879
f 5055 5054 4880
f 5055 4880 5056
f 5056 4880 4881
f 4882 5057 4881
f 4881 5057 5056
f 5045 4882 4868
f 5045 5058 4882
f 5058 5057 4882
f 5046 5058 5045
f 5051 5059 5052
f 4873 5059 5051
f 4873 4883 5059
f 4883 5060 5059
f 5063 5064 5062
f 5063 5062 4885
f 4885 4886 5063
f 4888 5065 4889
f 4888 5066 5065
f 4876 5066 4888
f 4876 5067 5066
f 4876 5053 5067
f 4877 5067 5053
f 4877 4890 5067
f 4890 5068 5067
f 4891 5069 4890
f 4890 5069 5068
f 5054 4891 4879
f 5054 5070 4891
f 5070 5069 4891
f 5055 5070 5054
f 5063 5071 5064
f 5072 5073 5071
f 4892 5072 5071
f 4892 5071 5063
f 4892 5063 4886
f 4892 4893 5074
f 5072 4892 5074
f 4893 4895 5074
f 4897 4899 5075
f 4907 5078 4906
f 5079 5078 4907
f 5079 4907 5080
f 5080 4907 4908
f 4909 5081 4908
f 4908 5081 5080
f 5065 4909 4889
f 5065 5082 4909
f 5082 5081 4909
f 5066 5082 5065
f 5072 5083 5073
f 5074 5083 5072
f 5084 5083 5074
f 4895 5084 5074
f 4895 4910 5084
f 4910 5085 5084
f 5075 4910 4896
f 5075 5086 4910
f 5086 5085 4910
f 4899 5086 5075
f 4899 4911 5086
f 4911 5087 5086
f 4912 5088 4911
f 4911 5088 5087
f 4913 5089 4912
f 4912 5089 5088
f 4914 5090 4913
f 4913 5090 5089
f 4915 5091 4914
f 4914 5091 5090
f 4916 5092 4915
f 4915 5092 5091
f 4916 5093 5092
f 4918 5094 4917
f 4917 5094 5093
f 5076 4918 4902
f 5076 5095 4918
f 5095 5094 4918
f 4904 5096 5077
f 4904 4919 5096
f 4919 5097 5096
f 4920 5098 4919
f 4919 5098 5097
f 5078 4920 4906
f 5078 5099 4920
f 5099 5098 4920
f 5079 5099 5078
f 4922 5102 5100
f 4924 5102 4922
f 5102 4924 4926
f 5103 5102 4926
f 4929 5104 5105
f 4928 4929 5105
f 5101 4929 4923
f 5104 4929 5101
f 4926 5106 5103
f 4930 5106 4926
f 5106 4930 4932
f 5107 5106 4932
f 4933 5108 4934
f 4933 5109 5108
f 4933 4928 5109
f 4928 5105 5109
f 4932 4935 5107
f 5107 4935 5110
f 5108 5111 4937
f 4934 5108 4937
f 5112 5108 5109
f 5111 5108 5112
f 4935 4938 5110
f 5110 4938 5113
f 5111 5114 4940
f 4937 5111 4940
f 5115 5111 5112
f 5114 5111 5115
f 5116 4938 4941
f 5116 5117 4938
f 5117 5113 4938
f 4941 4942 5116
f 5114 5118 5119
f 5114 5119 4940
f 4940 5119 4944
f 5115 5118 5114
f 5120 5117 5116
f 5121 5117 5120
f 4942 4945 5120
f 5116 4942 5120
f 4944 5119 4946
f 5119 5122 4946
f 5123 5121 5120
f 5124 5121 5123
f 4945 4947 5123
f 5120 4945 5123
f 4946 5122 4949
f 5122 5125 4949
f 5126 5124 5123
f 5127 5124 5126
f 4947 4950 5126
f 5123 4947 5126
f 4949 5125 4952
f 5125 5128 4952
f 5126 5129 5127
f 4955 5131 4956
f 4955 5132 5131
f 4955 4952 5132
f 4952 5128 5132
f 5136 5131 5132
f 5135 5131 5136
f 5134 5137 4958
f 4957 5134 4958
f 5138 5135 5139
f 5138 5137 5135
f 5137 5134 5135
f 5136 5139 5135
f 5138 5140 4960
f 4960 5140 4962
f 5140 5141 4962
f 4965 5142 4966
f 4965 5143 5142
f 4965 4962 5143
f 4962 5141 5143
f 4969 5144 4970
f 4969 5145 5144
f 4966 5145 4969
f 4966 5146 5145
f 4966 5142 5146
f 5143 5146 5142
f 5144 5147 4973
f 4970 5144 4973
f 5148 5144 5145
f 5147 5144 5148
f 5147 5149 4974
f 4973 5147 4974
f 5150 5147 5148
f 5149 5147 5150
f 5149 5151 5152
f 5149 5152 4974
f 5150 5151 5149
f 4978 5153 5154
f 4979 4978 5154
f 5152 4978 4976
f 5153 4978 5152
f 5155 4977 4981
f 4982 5158 5157
f 4982 4979 5158
f 4979 5154 5158
f 4981 5159 5155
f 4983 5159 4981
f 5159 4983 4985
f 5160 5159 4985
f 5162 5157 5163
f 5162 5161 5157
f 5161 5156 5157
f 5158 5163 5157
f 5164 4985 4986
f 5164 5165 4985
f 5165 5160 4985
f 4986 4988 5164
f 5164 5168 5165
f 5168 5164 4988
f 5168 4988 5169
f 5169 4988 4992
f 5166 5170 5171
f 5166 5171 4990
f 4990 5171 4994
f 5167 5170 5166
f 4992 5172 5169
f 4995 5172 4992
f 5172 4995 4997
f 5173 5172 4997
f 5000 5174 5175
f 4999 5000 5175
f 5171 5000 4994
f 5174 5000 5171
f 4997 5176 5173
f 5001 5176 4997
f 5176 5001 5002
f 5177 5176 5002
f 5175 5005 4999
f 5180 5005 5175
f 5181 5002 5006
f 5181 5182 5002
f 5182 5177 5002
f 5006 5008 5181
f 5178 5183 5009
f 5183 5178 5184
f 5181 5185 5182
f 5185 5181 5008
f 5185 5008 5186
f 5186 5008 5011
f 5187 5188 5189
f 5183 5012 5009
f 5183 5191 5012
f 5191 5190 5012
f 5184 5191 5183
f 5011 5192 5186
f 5014 5192 5011
f 5015 5193 5014
f 5014 5193 5192
f 5016 5187 5189
f 5016 5189 5017
f 5195 5196 5194
f 5195 5198 5196
f 5019 5198 5195
f 5019 5022 5198
f 5024 5202 5025
f 5203 5202 5024
f 5203 5024 5204
f 5204 5024 5026
f 5197 5026 5021
f 5204 5026 5197
f 5027 5205 5023
f 5205 5027 5029
f 5206 5205 5029
f 5032 5033 5208
f 5202 5033 5025
f 5202 5209 5033
f 5209 5208 5033
f 5203 5209 5202
f 5029 5210 5206
f 5034 5210 5029
f 5040 5213 5039
f 5042 5215 5037
f 5215 5042 5044
f 5216 5215 5044
f 5047 5217 5218
f 5046 5047 5218
f 5213 5047 5039
f 5213 5219 5047
f 5219 5217 5047
f 5044 5220 5216
f 5048 5220 5044
f 5222 5221 5052
f 5055 5056 5224
f 5057 5225 5056
f 5056 5225 5223
f 5058 5226 5057
f 5057 5226 5225
f 5218 5058 5046
f 5226 5058 5218
f 5052 5227 5222
f 5059 5227 5052
f 5060 5228 5059
f 5059 5228 5227
f 5061 5229 5060
f 5060 5229 5228
f 5230 5231 5229
f 5230 5229 5062
f 5062 5064 5230
f 5067 5232 5066
f 5067 5068 5233
f 5232 5067 5233
f 5068 5069 5234
f 5233 5068 5234
f 5235 5234 5069
f 5235 5069 5236
f 5236 5069 5070
f 5224 5070 5055
f 5236 5070 5224
f 5230 5237 5231
f 5238 5239 5237
f 5071 5238 5237
f 5071 5237 5230
f 5071 5230 5064
f 5071 5073 5238
f 5080 5240 5079
f 5241 5240 5080
f 5241 5080 5242
f 5242 5080 5081
f 5082 5243 5081
f 5081 5243 5242
f 5232 5082 5066
f 5232 5244 5082
f 5244 5243 5082
f 5233 5244 5232
f 5245 5244 5233
f 5234 5245 5233
f 5246 5245 5234
f 5235 5246 5234
f 5238 5247 5239
f 5073 5247 5238
f 5073 5083 5247
f 5083 5248 5247
f 5084 5249 5083
f 5083 5249 5248
f 5085 5250 5084
f 5084 5250 5249
f 5086 5251 5085
f 5085 5251 5250
f 5087 5252 5086
f 5086 5252 5251
f 5088 5253 5087
f 5087 5253 5252
f 5089 5254 5088
f 5088 5254 5253
f 5255 5256 5254
f 5255 5254 5090
f 5090 5254 5089
f 5090 5091 5257
f 5255 5090 5257
f 5091 5092 5258
f 5257 5091 5258
f 5092 5093 5259
f 5258 5092 5259
f 5093 5094 5260
f 5259 5093 5260
f 5261 5260 5094
f 5261 5094 5262
f 5262 5094 5095
f 5095 5263 5262
f 5097 5264 5096
f 5096 5264 5263
f 5098 5265 5097
f 5097 5265 5264
f 5099 5266 5098
f 5098 5266 5265
f 5240 5099 5079
f 5240 5267 5099
f 5267 5266 5099
f 5241 5267 5240
f 5255 5268 5256
f 5257 5268 5255
f 5269 5268 5257
f 5258 5269 5257
f 5270 5269 5258
f 5259 5270 5258
f 5271 5270 5259
f 5260 5271 5259
f 5272 5271 5260
f 5261 5272 5260
f 5100 5276 5273
f 5102 5276 5100
f 5276 5102 5103
f 5277 5276 5103
f 5104 5278 5105
f 5104 5279 5278
f 5101 5279 5104
f 5101 5280 5279
f 5101 5274 5280
f 5275 5280 5274
f 5103 5281 5277
f 5106 5281 5103
f 5281 5106 5107
f 5282 5281 5107
f 5278 5283 5284
f 5278 5284 5105
f 5105 5284 5109
f 5279 5283 5278
f 5107 5110 5282
f 5282 5110 5285
f 5109 5284 5112
f 5284 5286 5112
f 5110 5113 5285
f 5285 5113 5287
f 5112 5286 5115
f 5286 5288 5115
f 5113 5117 5287
f 5287 5117 5289
f 5118 5290 5291
f 5119 5118 5291
f 5288 5118 5115
f 5290 5118 5288
f 5117 5121 5289
f 5289 5121 5292
f 5119 5291 5122
f 5121 5124 5292
f 5292 5124 5294
f 5124 5127 5294
f 5294 5127 5295
f 5127 5296 5295
f 5129 5296 5127
f 5296 5129 5130
f 5297 5296 5130
f 5133 5297 5130
f 5298 5299 5300
f 5300 5132 5298
f 5300 5301 5132
f 5301 5136 5132
f 5139 5302 5138
f 5139 5303 5302
f 5139 5136 5303
f 5136 5301 5303
f 5302 5304 5305
f 5302 5305 5138
f 5138 5305 5140
f 5303 5304 5302
f 5140 5305 5141
f 5307 5308 5309
f 5307 5306 5308
f 5307 5143 5306
f 5143 5141 5306
f 5310 5311 5309
f 5311 5145 5309
f 5146 5307 5309
f 5146 5309 5145
f 5146 5143 5307
f 5311 5310 5312
f 5311 5313 5314
f 5311 5314 5145
f 5145 5314 5148
f 5312 5313 5311
f 5148 5314 5150
f 5314 5315 5150
f 5151 5316 5317
f 5152 5151 5317
f 5315 5151 5150
f 5316 5151 5315
f 5153 5318 5319
f 5154 5153 5319
f 5317 5153 5152
f 5318 5153 5317
f 5154 5319 5158
f 5319 5322 5158
f 5155 5159 5320
f 5320 5159 5160
f 5320 5160 5321
f 5321 5160 5323
f 5163 5324 5162
f 5163 5325 5324
f 5163 5158 5325
f 5158 5322 5325
f 5326 5165 5327
f 5326 5323 5165
f 5323 5160 5165
f 5326 5327 5328
f 5324 5329 5330
f 5324 5330 5162
f 5162 5330 5167
f 5325 5329 5324
f 5165 5168 5327
f 5327 5168 5169
f 5327 5169 5328
f 5328 5169 5331
f 5170 5332 5333
f 5171 5170 5333
f 5330 5170 5167
f 5332 5170 5330
f 5169 5334 5331
f 5172 5334 5169
f 5174 5335 5336
f 5175 5174 5336
f 5333 5174 5171
f 5335 5174 5333
f 5180 5337 5179
f 5180 5338 5337
f 5180 5175 5338
f 5175 5336 5338
f 5337 5340 5341
f 5337 5341 5179
f 5179 5341 5184
f 5338 5340 5337
f 5182 5342 5339
f 5185 5342 5182
f 5344 5343 5190
f 5344 5190 5345
f 5345 5190 5191
f 5341 5191 5184
f 5345 5191 5341
f 5344 5346 5343
f 5194 5196 5347
f 5196 5350 5347
f 5196 5198 5350
f 5198 5351 5350
f 5199 5200 5352
f 5204 5355 5356
f 5203 5204 5356
f 5348 5204 5197
f 5348 5357 5204
f 5357 5355 5204
f 5349 5357 5348
f 5359 5360 5358
f 5205 5359 5358
f 5205 5358 5352
f 5205 5352 5200
f 5205 5206 5359
f 5354 5361 5207
f 5201 5354 5207
f 5363 5362 5208
f 5363 5208 5364
f 5364 5208 5209
f 5356 5209 5203
f 5364 5209 5356
f 5359 5365 5360
f 5206 5365 5359
f 5206 5210 5365
f 5210 5366 5365
f 5367 5368 5366
f 5367 5366 5211
f 5211 5212 5367
f 5361 5369 5370
f 5361 5370 5207
f 5371 5369 5362
f 5363 5371 5362
f 5367 5372 5368
f 5373 5374 5372
f 5215 5373 5372
f 5215 5372 5367
f 5215 5367 5212
f 5215 5216 5373
f 5217 5379 5218
f 5380 5379 5217
f 5380 5217 5381
f 5381 5217 5219
f 5370 5219 5214
f 5381 5219 5370
f 5373 5382 5374
f 5216 5382 5373
f 5216 5220 5382
f 5375 5221 5384
f 5384 5221 5385
f 5221 5222 5385
f 5223 5386 5224
f 5387 5386 5223
f 5387 5223 5388
f 5388 5223 5225
f 5226 5389 5225
f 5225 5389 5388
f 5379 5226 5218
f 5379 5390 5226
f 5390 5389 5226
f 5380 5390 5379
f 5385 5391 5384
f 5222 5391 5385
f 5222 5227 5391
f 5227 5392 5391
f 5393 5394 5392
f 5393 5392 5228
f 5228 5392 5227
f 5228 5229 5395
f 5393 5228 5395
f 5229 5231 5395
f 5396 5397 5398
f 5396 5235 5236
f 5396 5236 5397
f 5397 5236 5399
f 5386 5236 5224
f 5386 5400 5236
f 5400 5399 5236
f 5387 5400 5386
f 5393 5401 5394
f 5395 5401 5393
f 5402 5401 5395
f 5231 5402 5395
f 5231 5237 5402
f 5403 5237 5239
f 5404 5403 5239
f 5242 5405 5241
f 5406 5405 5242
f 5406 5242 5407
f 5244 5408 5243
f 5243 5408 5407
f 5245 5409 5244
f 5244 5409 5408
f 5398 5246 5396
f 5398 5409 5246
f 5409 5245 5246
f 5235 5396 5246
f 5239 5410 5404
f 5247 5410 5239
f 5248 5411 5247
f 5247 5411 5410
f 5249 5412 5248
f 5248 5412 5411
f 5250 5413 5249
f 5249 5413 5412
f 5251 5414 5250
f 5250 5414 5413
f 5415 5416 5414
f 5415 5414 5252
f 5252 5414 5251
f 5252 5253 5417
f 5415 5252 5417
f 5418 5417 5253
f 5418 5253 5419
f 5419 5253 5254
f 5420 5419 5256
f 5262 5421 5422
f 5261 5262 5422
f 5263 5423 5262
f 5424 5425 5423
f 5424 5423 5264
f 5264 5423 5263
f 5426 5424 5264
f 5426 5264 5427
f 5427 5264 5265
f 5265 5428 5427
f 5267 5429 5266
f 5405 5267 5241
f 5405 5430 5267
f 5430 5429 5267
f 5406 5430 5405
f 5415 5431 5416
f 5417 5431 5415
f 5432 5431 5417
f 5418 5432 5417
f 5256 5433 5420
f 5268 5433 5256
f 5269 5434 5268
f 5268 5434 5433
f 5434 5269 5270
f 5270 5271 5435
f 5272 5436 5271
f 5271 5436 5435
f 5422 5272 5261
f 5436 5272 5422
f 5424 5437 5425
f 5426 5437 5424
f 5438 5441 5439
f 5442 5443 5441
f 5276 5442 5441
f 5276 5441 5438
f 5276 5438 5273
f 5276 5277 5442
f 5280 5444 5445
f 5279 5280 5445
f 5440 5280 5275
f 5444 5280 5440
f 5442 5446 5443
f 5447 5448 5446
f 5281 5447 5446
f 5281 5446 5442
f 5281 5442 5277
f 5281 5282 5447
f 5283 5449 5450
f 5284 5283 5450
f 5445 5283 5279
f 5449 5283 5445
f 5451 5448 5447
f 5452 5448 5451
f 5282 5285 5451
f 5447 5282 5451
f 5284 5450 5286
f 5450 5453 5286
f 5451 5454 5452
f 5454 5451 5285
f 5454 5285 5455
f 5286 5453 5288
f 5453 5456 5288
f 5290 5458 5291
f 5290 5459 5458
f 5290 5288 5459
f 5288 5456 5459
f 5457 5292 5460
f 5458 5461 5462
f 5458 5462 5291
f 5291 5462 5293
f 5459 5461 5458
f 5292 5294 5460
f 5460 5294 5463
f 5294 5295 5463
f 5463 5295 5465
f 5295 5467 5465
f 5296 5467 5295
f 5467 5296 5297
f 5468 5467 5297
f 5299 5470 5471
f 5300 5299 5471
f 5471 5301 5300
f 5472 5301 5471
f 5301 5472 5303
f 5472 5473 5303
f 5304 5474 5305
f 5304 5475 5474
f 5304 5303 5475
f 5303 5473 5475
f 5474 5476 5477
f 5474 5477 5305
f 5305 5477 5306
f 5475 5476 5474
f 5309 5478 5479
f 5310 5309 5479
f 5479 5312 5310
f 5480 5312 5479
f 5313 5481 5314
f 5313 5482 5481
f 5313 5312 5482
f 5312 5480 5482
f 5481 5483 5484
f 5481 5484 5314
f 5314 5484 5315
f 5482 5483 5481
f 5316 5485 5317
f 5316 5486 5485
f 5316 5315 5486
f 5315 5484 5486
f 5318 5487 5319
f 5318 5488 5487
f 5317 5488 5318
f 5317 5489 5488
f 5317 5485 5489
f 5486 5489 5485
f 5487 5490 5491
f 5487 5491 5319
f 5319 5491 5322
f 5488 5490 5487
f 5322 5491 5325
f 5491 5492 5325
f 5329 5493 5494
f 5330 5329 5494
f 5492 5329 5325
f 5493 5329 5492
f 5332 5495 5333
f 5332 5496 5495
f 5332 5330 5496
f 5330 5494 5496
f 5495 5335 5333
f 5495 5499 5335
f 5496 5499 5495
f 5340 5501 5502
f 5341 5340 5502
f 5500 5340 5338
f 5501 5340 5500
f 5345 5503 5504
f 5344 5345 5504
f 5502 5345 5341
f 5503 5345 5502
f 5504 5346 5344
f 5506 5346 5504
f 5351 5353 5509
f 5355 5510 5356
f 5511 5510 5355
f 5511 5355 5512
f 5512 5355 5357
f 5508 5357 5349
f 5512 5357 5508
f 5353 5513 5509
f 5353 5358 5513
f 5358 5514 5513
f 5514 5358 5360
f 5515 5514 5360
f 5364 5516 5517
f 5363 5364 5517
f 5510 5364 5356
f 5510 5518 5364
f 5518 5516 5364
f 5511 5518 5510
f 5360 5519 5515
f 5365 5519 5360
f 5520 5521 5519
f 5520 5519 5366
f 5366 5519 5365
f 5366 5368 5520
f 5369 5522 5370
f 5523 5522 5369
f 5523 5369 5524
f 5524 5369 5371
f 5517 5371 5363
f 5524 5371 5517
f 5520 5525 5521
f 5368 5525 5520
f 5368 5372 5525
f 5372 5526 5525
f 5526 5372 5374
f 5527 5526 5374
f 5376 5378 5528
f 5381 5529 5530
f 5380 5381 5530
f 5522 5381 5370
f 5522 5531 5381
f 5531 5529 5381
f 5523 5531 5522
f 5374 5532 5527
f 5382 5532 5374
f 5383 5533 5382
f 5382 5533 5532
f 5377 5533 5383
f 5377 5534 5533
f 5535 5533 5534
f 5378 5384 5534
f 5528 5378 5534
f 5388 5536 5537
f 5387 5388 5537
f 5389 5538 5388
f 5388 5538 5536
f 5390 5539 5389
f 5389 5539 5538
f 5530 5390 5380
f 5539 5390 5530
f 5534 5540 5535
f 5384 5540 5534
f 5384 5391 5540
f 5391 5541 5540
f 5542 5543 5541
f 5542 5541 5392
f 5392 5541 5391
f 5392 5394 5542
f 5397 5544 5545
f 5398 5397 5545
f 5399 5546 5397
f 5400 5547 5399
f 5399 5547 5546
f 5537 5400 5387
f 5547 5400 5537
f 5542 5548 5543
f 5394 5548 5542
f 5394 5401 5548
f 5401 5549 5548
f 5402 5550 5401
f 5401 5550 5549
f 5403 5551 5402
f 5402 5551 5550
f 5551 5403 5404
f 5552 5551 5404
f 5406 5407 5553
f 5408 5554 5407
f 5409 5555 5408
f 5408 5555 5554
f 5545 5409 5398
f 5555 5409 5545
f 5404 5556 5552
f 5410 5556 5404
f 5411 5557 5410
f 5410 5557 5556
f 5558 5559 5557
f 5558 5557 5412
f 5412 5557 5411
f 5412 5413 5560
f 5558 5412 5560
f 5413 5414 5561
f 5560 5413 5561
f 5414 5416 5561
f 5419 5562 5418
f 5421 5423 5564
f 5563 5421 5564
f 5423 5425 5564
f 5427 5565 5426
f 5566 5565 5427
f 5566 5427 5567
f 5567 5427 5428
f 5569 5568 5429
f 5569 5429 5570
f 5570 5429 5430
f 5553 5430 5406
f 5558 5571 5559
f 5560 5571 5558
f 5572 5571 5560
f 5561 5572 5560
f 5573 5572 5561
f 5416 5573 5561
f 5416 5431 5573
f 5431 5574 5573
f 5432 5575 5431
f 5431 5575 5574
f 5562 5432 5418
f 5562 5576 5432
f 5576 5575 5432
f 5433 5577 5576
f 5434 5578 5433
f 5433 5578 5577
f 5579 5578 5434
f 5435 5580 5579
f 5436 5581 5435
f 5435 5581 5580
f 5582 5581 5436
f 5564 5582 5563
f 5583 5582 5564
f 5425 5583 5564
f 5425 5437 5583
f 5437 5584 5583
f 5565 5437 5426
f 5565 5585 5437
f 5585 5584 5437
f 5566 5585 5565
f 5569 5586 5568
f 5439 5589 5587
f 5441 5589 5439
f 5589 5441 5443
f 5590 5589 5443
f 5444 5591 5592
f 5445 5444 5592
f 5588 5444 5440
f 5591 5444 5588
f 5443 5593 5590
f 5446 5593 5443
f 5593 5446 5448
f 5594 5593 5448
f 5449 5595 5596
f 5450 5449 5596
f 5592 5449 5445
f 5595 5449 5592
f 5448 5452 5594
f 5594 5452 5597
f 5452 5599 5597
f 5454 5599 5452
f 5599 5454 5455
f 5600 5599 5455
f 5453 5598 5456
f 5598 5601 5456
f 5602 5603 5604
f 5602 5604 5600
f 5602 5600 5457
f 5457 5600 5455
f 5456 5601 5459
f 5601 5605 5459
f 5606 5603 5602
f 5607 5603 5606
f 5457 5460 5606
f 5602 5457 5606
f 5461 5608 5462
f 5461 5609 5608
f 5461 5459 5609
f 5459 5605 5609
f 5606 5610 5607
f 5610 5606 5460
f 5610 5460 5611
f 5611 5460 5463
f 5608 5612 5464
f 5462 5608 5464
f 5613 5608 5609
f 5612 5608 5613
f 5463 5465 5611
f 5612 5614 5466
f 5464 5612 5466
f 5615 5612 5613
f 5614 5612 5615
f 5469 5616 5470
f 5469 5466 5614
f 5469 5614 5616
f 5616 5614 5617
f 5618 5614 5615
f 5617 5614 5618
f 5619 5616 5617
f 5619 5620 5472
f 5618 5619 5617
f 5472 5620 5473
f 5620 5621 5473
f 5473 5621 5475
f 5621 5622 5475
f 5476 5623 5477
f 5476 5624 5623
f 5476 5475 5624
f 5475 5622 5624
f 5477 5626 5625
f 5477 5623 5626
f 5624 5626 5623
f 5625 5627 5480
f 5480 5627 5482
f 5627 5628 5482
f 5483 5629 5630
f 5484 5483 5630
f 5628 5483 5482
f 5629 5483 5628
f 5484 5630 5486
f 5630 5631 5486
f 5489 5632 5633
f 5631 5489 5486
f 5632 5489 5631
f 5490 5634 5491
f 5490 5635 5634
f 5490 5488 5635
f 5634 5636 5492
f 5491 5634 5492
f 5637 5634 5635
f 5636 5634 5637
f 5493 5638 5494
f 5493 5639 5638
f 5492 5639 5493
f 5492 5640 5639
f 5492 5636 5640
f 5637 5640 5636
f 5638 5641 5642
f 5638 5642 5494
f 5494 5642 5496
f 5639 5641 5638
f 5497 5643 5498
f 5644 5643 5497
f 5644 5497 5645
f 5645 5497 5499
f 5642 5499 5496
f 5645 5499 5642
f 5643 5646 5647
f 5643 5647 5498
f 5644 5646 5643
f 5501 5648 5649
f 5502 5501 5649
f 5648 5501 5647
f 5503 5650 5504
f 5503 5651 5650
f 5503 5502 5651
f 5502 5649 5651
f 5506 5652 5505
f 5506 5653 5652
f 5504 5653 5506
f 5504 5654 5653
f 5504 5650 5654
f 5651 5654 5650
f 5507 5655 5508
f 5507 5656 5655
f 5505 5656 5507
f 5505 5657 5656
f 5505 5652 5657
f 5653 5657 5652
f 5512 5658 5659
f 5511 5512 5659
f 5655 5512 5508
f 5655 5660 5512
f 5660 5658 5512
f 5656 5660 5655
f 5514 5661 5513
f 5661 5514 5515
f 5662 5661 5515
f 5516 5663 5517
f 5664 5663 5516
f 5664 5516 5665
f 5665 5516 5518
f 5659 5518 5511
f 5665 5518 5659
f 5515 5666 5662
f 5519 5666 5515
f 5666 5519 5521
f 5667 5666 5521
f 5524 5668 5669
f 5523 5524 5669
f 5663 5524 5517
f 5663 5670 5524
f 5670 5668 5524
f 5664 5670 5663
f 5521 5671 5667
f 5525 5671 5521
f 5672 5673 5671
f 5672 5671 5526
f 5526 5671 5525
f 5526 5527 5672
f 5529 5674 5675
f 5530 5529 5675
f 5531 5676 5529
f 5529 5676 5674
f 5669 5531 5523
f 5676 5531 5669
f 5672 5677 5673
f 5527 5677 5672
f 5527 5532 5677
f 5532 5678 5677
f 5679 5680 5678
f 5679 5678 5533
f 5533 5678 5532
f 5533 5535 5679
f 5536 5681 5537
f 5536 5538 5682
f 5681 5536 5682
f 5683 5682 5538
f 5683 5538 5684
f 5684 5538 5539
f 5675 5539 5530
f 5684 5539 5675
f 5679 5685 5680
f 5535 5685 5679
f 5535 5540 5685
f 5540 5686 5685
f 5541 5687 5540
f 5540 5687 5686
f 5687 5541 5543
f 5688 5687 5543
f 5546 5547 5690
f 5689 5546 5690
f 5547 5691 5690
f 5537 5691 5547
f 5537 5692 5691
f 5537 5681 5692
f 5682 5692 5681
f 5693 5692 5682
f 5683 5693 5682
f 5543 5694 5688
f 5548 5694 5543
f 5549 5695 5548
f 5548 5695 5694
f 5696 5697 5695
f 5696 5695 5550
f 5550 5695 5549
f 5696 5550 5698
f 5554 5555 5700
f 5699 5554 5700
f 5555 5701 5700
f 5545 5701 5555
f 5703 5702 5689
f 5690 5703 5689
f 5704 5703 5690
f 5691 5704 5690
f 5696 5705 5697
f 5698 5705 5696
f 5557 5708 5556
f 5708 5557 5559
f 5709 5708 5559
f 5711 5710 5712
f 5567 5713 5566
f 5570 5714 5569
f 5570 5715 5714
f 5717 5716 5699
f 5700 5717 5699
f 5718 5717 5700
f 5701 5718 5700
f 5559 5719 5709
f 5571 5719 5559
f 5572 5720 5571
f 5571 5720 5719
f 5720 5572 5573
f 5710 5721 5712
f 5710 5573 5721
f 5573 5574 5721
f 5575 5722 5574
f 5574 5722 5721
f 5576 5723 5575
f 5575 5723 5722
f 5577 5724 5576
f 5576 5724 5723
f 5578 5725 5577
f 5577 5725 5724
f 5579 5726 5578
f 5578 5726 5725
f 5580 5727 5579
f 5579 5727 5726
f 5581 5728 5580
f 5580 5728 5727
f 5582 5729 5581
f 5581 5729 5728
f 5583 5730 5582
f 5582 5730 5729
f 5584 5731 5583
f 5583 5731 5730
f 5585 5732 5584
f 5584 5732 5731
f 5713 5585 5566
f 5713 5733 5585
f 5733 5732 5585
f 5586 5734 5733
f 5714 5586 5569
f 5714 5735 5586
f 5735 5734 5586
f 5715 5735 5714
f 5587 5738 5736
f 5589 5738 5587
f 5738 5589 5590
f 5739 5738 5590
f 5591 5740 5741
f 5592 5591 5741
f 5737 5591 5588
f 5740 5591 5737
f 5590 5742 5739
f 5593 5742 5590
f 5742 5593 5594
f 5743 5742 5594
f 5595 5744 5745
f 5596 5595 5745
f 5741 5595 5592
f 5744 5595 5741
f 5594 5597 5743
f 5743 5597 5746
f 5745 5747 5598
f 5748 5597 5599
f 5748 5749 5597
f 5749 5746 5597
f 5599 5600 5748
f 5598 5747 5601
f 5747 5750 5601
f 5604 5749 5748
f 5604 5603 5749
f 5603 5751 5749
f 5600 5604 5748
f 5601 5750 5605
f 5750 5752 5605
f 5603 5607 5751
f 5751 5607 5753
f 5605 5752 5609
f 5752 5754 5609
f 5607 5755 5753
f 5610 5755 5607
f 5755 5610 5611
f 5756 5755 5611
f 5609 5754 5613
f 5754 5757 5613
f 5613 5757 5615
f 5757 5758 5615
f 5615 5758 5618
f 5758 5759 5618
f 5619 5760 5620
f 5619 5761 5760
f 5619 5618 5761
f 5618 5759 5761
f 5760 5762 5763
f 5760 5763 5620
f 5620 5763 5621
f 5761 5762 5760
f 5622 5621 5763
f 5767 5764 5766
f 5768 5767 5766
f 5622 5767 5624
f 5764 5767 5622
f 5626 5767 5768
f 5626 5768 5625
f 5626 5624 5767
f 5769 5771 5772
f 5769 5772 5625
f 5625 5772 5627
f 5770 5771 5769
f 5627 5772 5628
f 5772 5773 5628
f 5629 5774 5630
f 5629 5775 5774
f 5629 5628 5775
f 5628 5773 5775
f 5774 5776 5777
f 5774 5777 5630
f 5630 5777 5631
f 5775 5776 5774
f 5632 5778 5779
f 5633 5632 5779
f 5777 5632 5631
f 5778 5632 5777
f 5635 5780 5637
f 5780 5781 5637
f 5640 5782 5783
f 5639 5640 5783
f 5781 5640 5637
f 5782 5640 5781
f 5641 5784 5785
f 5642 5641 5785
f 5783 5641 5639
f 5784 5641 5783
f 5645 5786 5644
f 5645 5787 5786
f 5645 5642 5787
f 5642 5785 5787
f 5646 5788 5647
f 5646 5789 5788
f 5644 5789 5646
f 5644 5790 5789
f 5644 5786 5790
f 5787 5790 5786
f 5648 5791 5649
f 5648 5792 5791
f 5647 5792 5648
f 5647 5793 5792
f 5647 5788 5793
f 5789 5793 5788
f 5791 5794 5795
f 5791 5795 5649
f 5649 5795 5651
f 5792 5794 5791
f 5796 5654 5798
f 5795 5654 5651
f 5798 5654 5795
f 5656 5797 5799
f 5658 5800 5659
f 5801 5800 5658
f 5801 5658 5802
f 5802 5658 5660
f 5799 5660 5656
f 5802 5660 5799
f 5800 5665 5659
f 5800 5804 5665
f 5801 5804 5800
f 5668 5806 5669
f 5803 5807 5668
f 5806 5668 5807
f 5667 5808 5805
f 5671 5808 5667
f 5676 5809 5674
f 5806 5676 5669
f 5806 5810 5676
f 5810 5809 5676
f 5807 5810 5806
f 5683 5684 5812
f 5680 5813 5811
f 5685 5813 5680
f 5692 5815 5816
f 5691 5692 5816
f 5693 5817 5692
f 5692 5817 5815
f 5812 5693 5683
f 5817 5693 5812
f 5814 5695 5818
f 5818 5695 5819
f 5695 5697 5819
f 5702 5820 5701
f 5821 5820 5702
f 5821 5702 5822
f 5822 5702 5703
f 5704 5823 5703
f 5703 5823 5822
f 5816 5704 5691
f 5823 5704 5816
f 5819 5824 5818
f 5697 5824 5819
f 5697 5705 5824
f 5705 5825 5824
f 5706 5826 5705
f 5705 5826 5825
f 5707 5827 5706
f 5706 5827 5826
f 5828 5831 5832
f 5829 5828 5832
f 5832 5831 5833
f 5716 5834 5835
f 5715 5716 5835
f 5717 5836 5716
f 5716 5836 5834
f 5718 5837 5717
f 5717 5837 5836
f 5820 5718 5701
f 5820 5838 5718
f 5838 5837 5718
f 5821 5838 5820
f 5719 5720 5839
f 5840 5839 5720
f 5721 5841 5840
f 5722 5842 5721
f 5721 5842 5841
f 5843 5844 5842
f 5843 5842 5723
f 5723 5842 5722
f 5723 5724 5845
f 5843 5723 5845
f 5846 5845 5724
f 5846 5724 5847
f 5727 5848 5726
f 5849 5850 5848
f 5849 5848 5728
f 5728 5848 5727
f 5851 5849 5728
f 5851 5728 5852
f 5852 5728 5729
f 5731 5854 5730
f 5732 5855 5731
f 5731 5855 5854
f 5830 5733 5828
f 5830 5855 5733
f 5855 5732 5733
f 5734 5828 5733
f 5831 5828 5734
f 5831 5856 5833
f 5831 5734 5856
f 5734 5735 5856
f 5835 5735 5715
f 5856 5735 5835
f 5843 5857 5844
f 5845 5857 5843
f 5858 5857 5845
f 5846 5858 5845
f 5849 5859 5850
f 5851 5859 5849
f 5736 5863 5860
f 5738 5863 5736
f 5863 5738 5739
f 5864 5863 5739
f 5740 5865 5741
f 5740 5866 5865
f 5737 5866 5740
f 5737 5867 5866
f 5737 5861 5867
f 5862 5867 5861
f 5739 5868 5864
f 5742 5868 5739
f 5868 5742 5743
f 5744 5870 5871
f 5745 5744 5871
f 5865 5744 5741
f 5865 5872 5744
f 5872 5870 5744
f 5866 5872 5865
f 5745 5871 5747
f 5871 5873 5747
f 5747 5873 5750
f 5873 5874 5750
f 5750 5874 5752
f 5874 5876 5752
f 5751 5753 5875
f 5875 5753 5877
f 5752 5876 5754
f 5876 5878 5754
f 5753 5879 5877
f 5755 5879 5753
f 5879 5755 5756
f 5880 5879 5756
f 5754 5878 5757
f 5881 5759 5758
f 5759 5881 5761
f 5881 5882 5761
f 5762 5883 5884
f 5763 5762 5884
f 5882 5762 5761
f 5883 5762 5882
f 5765 5885 5886
f 5766 5765 5886
f 5884 5765 5763
f 5885 5765 5884
f 5771 5888 5889
f 5772 5771 5889
f 5887 5771 5770
f 5888 5771 5887
f 5772 5889 5773
f 5889 5890 5773
f 5773 5890 5775
f 5890 5891 5775
f 5776 5892 5893
f 5777 5776 5893
f 5891 5776 5775
f 5892 5776 5891
f 5778 5894 5779
f 5778 5895 5894
f 5778 5777 5895
f 5894 5896 5897
f 5894 5897 5779
f 5895 5896 5894
f 5780 5897 5781
f 5897 5898 5781
f 5899 5783 5782
f 5899 5782 5900
f 5900 5782 5902
f 5898 5782 5781
f 5902 5782 5898
f 5901 5904 5903
f 5899 5901 5903
f 5899 5903 5785
f 5899 5785 5784
f 5783 5899 5784
f 5906 5787 5785
f 5790 5907 5908
f 5789 5790 5908
f 5906 5790 5787
f 5907 5790 5906
f 5909 5910 5911
f 5909 5792 5793
f 5909 5793 5910
f 5910 5793 5912
f 5908 5793 5789
f 5912 5793 5908
f 5911 5914 5913
f 5909 5911 5913
f 5909 5913 5795
f 5909 5795 5794
f 5792 5909 5794
f 5796 5916 5917
f 5797 5796 5917
f 5915 5916 5798
f 5916 5796 5798
f 5795 5913 5798
f 5918 5919 5920
f 5918 5917 5919
f 5918 5799 5917
f 5799 5797 5917
f 5802 5918 5920
f 5802 5920 5801
f 5801 5920 5921
f 5799 5918 5802
f 5921 5804 5801
f 5923 5804 5921
f 5924 5925 5926
f 5924 5922 5925
f 5925 5928 5926
f 5805 5928 5925
f 5805 5808 5928
f 5808 5929 5928
f 5810 5931 5809
f 5809 5931 5930
f 5927 5810 5807
f 5931 5810 5927
f 5811 5936 5932
f 5813 5936 5811
f 5817 5939 5815
f 5934 5817 5812
f 5934 5940 5817
f 5940 5939 5817
f 5935 5940 5934
f 5821 5822 5946
f 5818 5947 5941
f 5824 5947 5818
f 5947 5824 5825
f 5826 5827 5948
f 5836 5837 5950
f 5838 5951 5837
f 5837 5951 5950
f 5946 5838 5821
f 5951 5838 5946
f 5840 5953 5839
f 5839 5953 5952
f 5841 5954 5840
f 5840 5954 5953
f 5842 5955 5841
f 5841 5955 5954
f 5955 5842 5844
f 5956 5955 5844
f 5957 5958 5959
f 5848 5850 5960
f 5851 5852 5963
f 5854 5965 5853
f 5855 5966 5854
f 5854 5966 5965
f 5967 5966 5855
f 5856 5969 5968
f 5949 5856 5835
f 5969 5856 5949
f 5844 5970 5956
f 5857 5970 5844
f 5959 5858 5957
f 5959 5970 5858
f 5970 5857 5858
f 5846 5957 5858
f 5960 5971 5961
f 5850 5971 5960
f 5850 5859 5971
f 5859 5972 5971
f 5963 5859 5851
f 5972 5859 5963
f 5973 5976 5974
f 5977 5978 5976
f 5863 5977 5976
f 5863 5976 5973
f 5863 5973 5860
f 5863 5864 5977
f 5867 5979 5980
f 5866 5867 5980
f 5975 5867 5862
f 5979 5867 5975
f 5977 5981 5978
f 5864 5981 5977
f 5864 5868 5981
f 5868 5982 5981
f 5982 5868 5869
f 5983 5982 5869
f 5870 5984 5871
f 5985 5984 5870
f 5985 5870 5986
f 5986 5870 5872
f 5980 5872 5866
f 5986 5872 5980
f 5984 5987 5873
f 5871 5984 5873
f 5988 5984 5985
f 5987 5984 5988
f 5987 5989 5990
f 5987 5990 5873
f 5873 5990 5874
f 5988 5989 5987
f 5874 5990 5876
f 5990 5992 5876
f 5875 5877 5991
f 5876 5992 5878
f 5992 5993 5878
f 5881 5994 5882
f 5994 5995 5882
f 5883 5996 5884
f 5883 5997 5996
f 5883 5882 5997
f 5882 5995 5997
f 5884 5999 5998
f 5884 5996 5999
f 5997 5999 5996
f 6000 6001 5887
f 5888 6002 5889
f 5888 6003 6002
f 5888 5887 6003
f 5887 6001 6003
f 6002 6004 6005
f 6002 6005 5889
f 5889 6005 5890
f 6003 6004 6002
f 5890 6005 5891
f 6005 6006 5891
f 5892 6007 6008
f 5893 5892 6008
f 6006 5892 5891
f 6007 5892 6006
f 6008 6009 5895
f 5896 6010 6011
f 5897 5896 6011
f 6009 5896 5895
f 6010 5896 6009
f 6012 6013 6014
f 6012 6011 6013
f 6012 5898 6011
f 5898 5897 6011
f 6012 6014 6016
f 6012 5900 5902
f 5898 6012 5902
f 5904 6017 5905
f 5904 6018 6017
f 5901 6018 5904
f 5901 6019 6018
f 5901 6015 6019
f 6016 6019 6015
f 6018 6020 5906
f 5907 6021 6022
f 5908 5907 6022
f 6020 5907 5906
f 6021 5907 6020
f 5910 6023 5911
f 6024 6023 5910
f 6024 5910 6025
f 6025 5910 5912
f 6022 5912 5908
f 6025 5912 6022
f 5914 6027 6026
f 5911 6027 5914
f 5911 6028 6027
f 5911 6023 6028
f 6024 6028 6023
f 6027 6031 6026
f 5919 6032 5920
f 5919 6033 6032
f 5917 6033 5919
f 5917 6034 6033
f 5917 6029 6034
f 6030 6034 6029
f 6032 6035 6036
f 6032 6036 5920
f 5920 6036 5921
f 6033 6035 6032
f 6036 5923 5921
f 6038 5923 6036
f 6039 5924 5926
f 6040 6039 5926
f 5926 6044 6040
f 5928 6044 5926
f 6045 6046 6044
f 6045 6044 5929
f 5929 6044 5928
f 6048 6047 5930
f 6048 5930 6049
f 6049 5930 5931
f 6042 5931 5927
f 6049 5931 6042
f 6045 6050 6046
f 6054 6052 6047
f 6048 6054 6047
f 6051 6055 5937
f 5933 6051 5937
f 6051 6056 6055
f 6057 6056 5938
f 6057 5938 6058
f 5940 6059 5939
f 5939 6059 6058
f 6053 5940 5935
f 6059 5940 6053
f 5942 6060 5943
f 5942 5944 6061
f 6060 5942 6061
f 5945 6062 6063
f 5946 5945 6063
f 6055 5945 5937
f 6055 6064 5945
f 6064 6062 5945
f 6056 6064 6055
f 6065 6064 6056
f 6057 6065 6056
f 6060 6066 5949
f 5943 6060 5949
f 6067 6061 6068
f 6067 6066 6061
f 6066 6060 6061
f 5950 6069 6068
f 5951 6070 5950
f 5950 6070 6069
f 6063 5951 5946
f 6070 5951 6063
f 5952 6072 6071
f 5953 6073 5952
f 5952 6073 6072
f 5954 6074 5953
f 5953 6074 6073
f 5955 6075 5954
f 5954 6075 6074
f 6075 5955 5956
f 6076 6075 5956
f 5962 6080 5963
f 5962 5964 6081
f 6080 5962 6081
f 6082 6081 5964
f 6082 5964 6083
f 5966 6084 5965
f 5965 6084 6083
f 5967 6085 5966
f 5966 6085 6084
f 5968 6086 5967
f 5967 6086 6085
f 5969 6087 5968
f 5968 6087 6086
f 6066 5969 5949
f 6066 6088 5969
f 6088 6087 5969
f 6067 6088 6066
f 5956 6089 6076
f 5970 6089 5956
f 6077 5970 5959
f 6077 6090 5970
f 6090 6089 5970
f 6078 6090 6077
f 6091 6090 6078
f 6079 6091 6078
f 6092 6091 6079
f 5961 6092 6079
f 5961 5971 6092
f 5971 6093 6092
f 5972 6094 5971
f 5971 6094 6093
f 6080 5972 5963
f 6080 6095 5972
f 6095 6094 5972
f 6081 6095 6080
f 6096 6095 6081
f 6082 6096 6081
f 5974 6099 6097
f 5976 6099 5974
f 6099 5976 5978
f 6100 6099 5978
f 5979 6101 6102
f 5980 5979 6102
f 6098 5979 5975
f 6101 5979 6098
f 5978 6103 6100
f 5981 6103 5978
f 6104 6105 6103
f 6104 6103 5982
f 5982 6103 5981
f 5982 5983 6104
f 5986 6106 6107
f 5985 5986 6107
f 6102 5986 5980
f 6106 5986 6102
f 5985 6107 5988
f 6107 6108 5988
f 5989 6109 5990
f 5989 6110 6109
f 5989 5988 6110
f 5988 6108 6110
f 6109 6111 5992
f 5990 6109 5992
f 6112 6109 6110
f 6111 6109 6112
f 6111 6113 6114
f 6111 6114 5992
f 5992 6114 5993
f 6112 6113 6111
f 6116 6117 5994
f 5994 6117 5995
f 6117 6118 5995
f 6119 6120 6121
f 6119 6118 6120
f 6119 5997 6118
f 5997 5995 6118
f 5999 6119 6121
f 5999 6121 5998
f 5998 6121 6122
f 5997 6119 5999
f 5998 6122 6000
f 6122 6123 6000
f 6000 6123 6001
f 6123 6124 6001
f 6001 6124 6003
f 6124 6125 6003
f 6004 6126 6127
f 6005 6004 6127
f 6125 6004 6003
f 6126 6004 6125
f 6005 6127 6006
f 6127 6128 6006
f 6007 6129 6008
f 6007 6130 6129
f 6007 6006 6130
f 6006 6128 6130
f 6129 6131 6132
f 6129 6132 6008
f 6008 6132 6009
f 6130 6131 6129
f 6010 6133 6011
f 6010 6134 6133
f 6010 6009 6134
f 6009 6132 6134
f 6013 6135 6014
f 6013 6136 6135
f 6011 6136 6013
f 6011 6137 6136
f 6011 6133 6137
f 6134 6137 6133
f 6135 6138 6016
f 6014 6135 6016
f 6139 6135 6136
f 6138 6135 6139
f 6019 6140 6018
f 6019 6141 6140
f 6016 6141 6019
f 6016 6142 6141
f 6016 6138 6142
f 6139 6142 6138
f 6140 6143 6144
f 6140 6144 6018
f 6018 6144 6020
f 6141 6143 6140
f 6021 6145 6146
f 6022 6021 6146
f 6144 6021 6020
f 6145 6021 6144
f 6025 6147 6024
f 6025 6148 6147
f 6025 6022 6148
f 6022 6146 6148
f 6028 6149 6027
f 6028 6150 6149
f 6024 6150 6028
f 6024 6151 6150
f 6024 6147 6151
f 6148 6151 6147
f 6031 6152 6030
f 6031 6153 6152
f 6027 6153 6031
f 6027 6154 6153
f 6027 6149 6154
f 6150 6154 6149
f 6034 6155 6033
f 6034 6156 6155
f 6030 6156 6034
f 6030 6157 6156
f 6030 6152 6157
f 6153 6157 6152
f 6035 6158 6036
f 6035 6159 6158
f 6033 6159 6035
f 6033 6160 6159
f 6033 6155 6160
f 6156 6160 6155
f 6038 6161 6162
f 6037 6038 6162
f 6158 6038 6036
f 6158 6163 6038
f 6163 6161 6038
f 6159 6163 6158
f 6164 6039 6040
f 6041 6165 6166
f 6042 6041 6166
f 6043 6167 6041
f 6041 6167 6165
f 6162 6043 6037
f 6167 6043 6162
f 6049 6168 6169
f 6048 6049 6169
f 6166 6049 6042
f 6168 6049 6166
f 6052 6170 6171
f 6053 6052 6171
f 6054 6172 6052
f 6052 6172 6170
f 6169 6054 6048
f 6172 6054 6169
f 6058 6173 6174
f 6057 6058 6174
f 6059 6175 6058
f 6058 6175 6173
f 6171 6059 6053
f 6175 6059 6171
f 6062 6176 6063
f 6177 6176 6062
f 6177 6062 6178
f 6178 6062 6064
f 6065 6179 6064
f 6064 6179 6178
f 6174 6065 6057
f 6179 6065 6174
f 6068 6180 6067
f 6181 6180 6068
f 6181 6068 6182
f 6182 6068 6069
f 6070 6183 6069
f 6069 6183 6182
f 6176 6070 6063
f 6176 6184 6070
f 6184 6183 6070
f 6177 6184 6176
f 6072 6185 6071
f 6074 6187 6073
f 6188 6189 6187
f 6188 6187 6075
f 6075 6187 6074
f 6075 6076 6188
f 6082 6083 6190
f 6084 6191 6083
f 6085 6192 6084
f 6084 6192 6191
f 6086 6193 6085
f 6085 6193 6192
f 6087 6194 6086
f 6086 6194 6193
f 6088 6195 6087
f 6087 6195 6194
f 6180 6088 6067
f 6180 6196 6088
f 6196 6195 6088
f 6181 6196 6180
f 6188 6197 6189
f 6076 6197 6188
f 6076 6089 6197
f 6089 6198 6197
f 6090 6199 6089
f 6089 6199 6198
f 6091 6200 6090
f 6090 6200 6199
f 6092 6201 6091
f 6091 6201 6200
f 6093 6202 6092
f 6092 6202 6201
f 6094 6203 6093
f 6093 6203 6202
f 6095 6204 6094
f 6094 6204 6203
f 6096 6205 6095
f 6095 6205 6204
f 6190 6096 6082
f 6205 6096 6190
f 6097 6208 6206
f 6099 6208 6097
f 6208 6099 6100
f 6209 6208 6100
f 6101 6210 6211
f 6102 6101 6211
f 6207 6101 6098
f 6210 6101 6207
f 6100 6212 6209
f 6103 6212 6100
f 6212 6103 6105
f 6213 6212 6105
f 6106 6214 6215
f 6107 6106 6215
f 6211 6106 6102
f 6214 6106 6211
f 6107 6215 6108
f 6215 6216 6108
f 6108 6216 6110
f 6216 6217 6110
f 6218 6219 6220
f 6218 6217 6219
f 6218 6112 6217
f 6112 6110 6217
f 6113 6218 6220
f 6113 6220 6114
f 6114 6220 6221
f 6112 6218 6113
f 6114 6221 6115
f 6221 6222 6115
f 6115 6222 6116
f 6222 6223 6116
f 6117 6116 6223
f 6226 6118 6117
f 6120 6227 6121
f 6120 6228 6227
f 6120 6118 6228
f 6118 6226 6228
f 6227 6229 6230
f 6227 6230 6121
f 6121 6230 6122
f 6228 6229 6227
f 6122 6230 6123
f 6124 6232 6125
f 6232 6233 6125
f 6126 6234 6235
f 6127 6126 6235
f 6233 6126 6125
f 6234 6126 6233
f 6127 6235 6128
f 6235 6236 6128
f 6237 6238 6239
f 6237 6236 6238
f 6237 6130 6236
f 6130 6128 6236
f 6131 6237 6239
f 6131 6239 6132
f 6132 6239 6240
f 6130 6237 6131
f 6132 6240 6134
f 6240 6241 6134
f 6137 6242 6243
f 6136 6137 6243
f 6241 6137 6134
f 6242 6137 6241
f 6136 6243 6139
f 6243 6244 6139
f 6142 6245 6246
f 6141 6142 6246
f 6244 6142 6139
f 6245 6142 6244
f 6143 6247 6248
f 6144 6143 6248
f 6246 6143 6141
f 6247 6143 6246
f 6145 6249 6250
f 6146 6145 6250
f 6248 6145 6144
f 6249 6145 6248
f 6251 6252 6253
f 6251 6250 6252
f 6251 6148 6250
f 6148 6146 6250
f 6151 6251 6253
f 6151 6253 6150
f 6150 6253 6254
f 6148 6251 6151
f 6154 6255 6256
f 6153 6154 6256
f 6254 6154 6150
f 6255 6154 6254
f 6257 6157 6259
f 6256 6157 6153
f 6259 6157 6256
f 6159 6258 6260
f 6163 6262 6161
f 6161 6262 6261
f 6260 6163 6159
f 6262 6163 6260
f 6166 6165 6263
f 6264 6265 6266
f 6264 6169 6168
f 6264 6168 6265
f 6265 6168 6267
f 6263 6168 6166
f 6267 6168 6263
f 6170 6268 6269
f 6171 6170 6269
f 6266 6172 6264
f 6266 6268 6172
f 6268 6170 6172
f 6169 6264 6172
f 6173 6270 6174
f 6271 6270 6173
f 6271 6173 6272
f 6272 6173 6175
f 6269 6175 6171
f 6272 6175 6269
f 6178 6273 6274
f 6177 6178 6274
f 6179 6275 6178
f 6178 6275 6273
f 6270 6179 6174
f 6270 6276 6179
f 6276 6275 6179
f 6271 6276 6270
f 6277 6279 6280
f 6279 6181 6182
f 6279 6182 6280
f 6183 6282 6182
f 6182 6282 6281
f 6184 6283 6183
f 6183 6283 6282
f 6274 6184 6177
f 6283 6184 6274
f 6285 6286 6284
f 6285 6284 6187
f 6187 6284 6186
f 6187 6189 6285
f 6289 6288 6191
f 6289 6191 6290
f 6290 6191 6192
f 6193 6291 6192
f 6192 6291 6290
f 6194 6292 6193
f 6193 6292 6291
f 6278 6195 6277
f 6278 6292 6195
f 6292 6194 6195
f 6196 6277 6195
f 6279 6277 6196
f 6181 6279 6196
f 6285 6293 6286
f 6189 6293 6285
f 6189 6197 6293
f 6197 6294 6293
f 6198 6295 6197
f 6197 6295 6294
f 6199 6296 6198
f 6198 6296 6295
f 6200 6297 6199
f 6199 6297 6296
f 6201 6298 6200
f 6200 6298 6297
f 6202 6299 6201
f 6201 6299 6298
f 6203 6300 6202
f 6202 6300 6299
f 6204 6301 6203
f 6203 6301 6300
f 6205 6302 6204
f 6204 6302 6301
f 6287 6205 6190
f 6287 6303 6205
f 6303 6302 6205
f 6288 6303 6287
f 6304 6303 6288
f 6289 6304 6288
f 6206 6307 6305
f 6208 6307 6206
f 6307 6208 6209
f 6308 6307 6209
f 6210 6309 6310
f 6211 6210 6310
f 6306 6210 6207
f 6309 6210 6306
f 6209 6311 6308
f 6212 6311 6209
f 6213 6312 6313
f 6213 6313 6212
f 6212 6313 6311
f 6313 6312 6314
f 6214 6315 6316
f 6215 6214 6316
f 6310 6214 6211
f 6315 6214 6310
f 6317 6318 6319
f 6317 6316 6318
f 6317 6216 6316
f 6216 6215 6316
f 6320 6317 6319
f 6321 6320 6319
f 6216 6320 6217
f 6317 6320 6216
f 6322 6220 6219
f 6324 6322 6219
f 6217 6324 6219
f 6322 6325 6221
f 6220 6322 6221
f 6326 6322 6324
f 6325 6322 6326
f 6325 6327 6222
f 6221 6325 6222
f 6328 6325 6326
f 6327 6325 6328
f 6327 6329 6330
f 6327 6330 6222
f 6222 6330 6223
f 6328 6329 6327
f 6224 6331 6332
f 6225 6224 6332
f 6330 6224 6223
f 6331 6224 6330
f 6226 6333 6228
f 6333 6334 6228
f 6229 6335 6336
f 6230 6229 6336
f 6334 6229 6228
f 6335 6229 6334
f 6230 6336 6231
f 6337 6338 6232
f 6232 6338 6233
f 6338 6339 6233
f 6234 6340 6341
f 6235 6234 6341
f 6339 6234 6233
f 6340 6234 6339
f 6341 6342 6236
f 6238 6343 6344
f 6239 6238 6344
f 6342 6238 6236
f 6343 6238 6342
f 6239 6344 6240
f 6344 6345 6240
f 6240 6345 6241
f 6345 6346 6241
f 6242 6347 6348
f 6243 6242 6348
f 6346 6242 6241
f 6347 6242 6346
f 6349 6348 6350
f 6349 6244 6348
f 6244 6243 6348
f 6349 6246 6245
f 6244 6349 6245
f 6249 6352 6353
f 6250 6249 6353
f 6351 6249 6248
f 6352 6249 6351
f 6252 6354 6355
f 6253 6252 6355
f 6353 6252 6250
f 6354 6252 6353
f 6356 6357 6358
f 6356 6355 6357
f 6356 6254 6355
f 6254 6253 6355
f 6358 6362 6361
f 6356 6358 6361
f 6356 6361 6256
f 6356 6256 6255
f 6254 6356 6255
f 6256 6361 6259
f 6258 6363 6260
f 6364 6262 6363
f 6364 6367 6262
f 6367 6261 6262
f 6260 6363 6262
f 6266 6265 6370
f 6372 6370 6265
f 6372 6265 6373
f 6373 6265 6267
f 6368 6267 6263
f 6373 6267 6368
f 6268 6369 6269
f 6269 6369 6374
f 6268 6266 6370
f 6375 6268 6370
f 6372 6375 6370
f 6378 6271 6272
f 6378 6272 6379
f 6379 6272 6380
f 6374 6272 6269
f 6380 6272 6374
f 6274 6377 6382
f 6271 6378 6276
f 6282 6391 6281
f 6281 6391 6390
f 6283 6392 6282
f 6282 6392 6391
f 6382 6283 6274
f 6392 6283 6382
f 6395 6284 6286
f 6396 6395 6286
f 6289 6290 6399
f 6291 6400 6290
f 6292 6401 6291
f 6291 6401 6400
f 6388 6292 6278
f 6401 6292 6388
f 6286 6402 6396
f 6293 6402 6286
f 6294 6403 6293
f 6293 6403 6402
f 6403 6294 6295
f 6296 6297 6404
f 6298 6405 6297
f 6297 6405 6404
f 6299 6406 6298
f 6298 6406 6405
f 6300 6407 6299
f 6299 6407 6406
f 6301 6408 6300
f 6300 6408 6407
f 6302 6409 6301
f 6301 6409 6408
f 6303 6410 6302
f 6302 6410 6409
f 6304 6411 6303
f 6303 6411 6410
f 6399 6304 6289
f 6411 6304 6399
f 6305 6414 6412
f 6307 6414 6305
f 6414 6307 6308
f 6415 6414 6308
f 6309 6416 6417
f 6310 6309 6417
f 6413 6309 6306
f 6416 6309 6413
f 6308 6418 6415
f 6311 6418 6308
f 6419 6420 6418
f 6419 6418 6313
f 6313 6418 6311
f 6313 6314 6419
f 6315 6421 6422
f 6316 6315 6422
f 6417 6315 6310
f 6421 6315 6417
f 6318 6423 6319
f 6318 6424 6423
f 6318 6316 6424
f 6316 6422 6424
f 6423 6425 6321
f 6319 6423 6321
f 6426 6423 6424
f 6425 6423 6426
f 6321 6425 6323
f 6425 6324 6323
f 6425 6426 6324
f 6426 6427 6324
f 6324 6427 6326
f 6427 6428 6326
f 6326 6428 6328
f 6428 6429 6328
f 6329 6430 6431
f 6330 6329 6431
f 6429 6329 6328
f 6430 6329 6429
f 6330 6431 6432
f 6432 6433 6333
f 6333 6433 6334
f 6433 6434 6334
f 6335 6435 6436
f 6336 6335 6436
f 6434 6335 6334
f 6435 6335 6434
f 6336 6436 6337
f 6436 6437 6337
f 6337 6437 6338
f 6437 6438 6338
f 6338 6438 6339
f 6438 6439 6339
f 6340 6440 6341
f 6340 6441 6440
f 6340 6339 6441
f 6339 6439 6441
f 6440 6442 6443
f 6440 6443 6341
f 6341 6443 6342
f 6441 6442 6440
f 6343 6444 6344
f 6343 6445 6444
f 6343 6342 6445
f 6342 6443 6445
f 6444 6446 6447
f 6444 6447 6344
f 6344 6447 6345
f 6445 6446 6444
f 6345 6447 6346
f 6447 6448 6346
f 6347 6449 6450
f 6348 6347 6450
f 6448 6347 6346
f 6449 6347 6448
f 6350 6452 6451
f 6350 6348 6452
f 6348 6450 6452
f 6452 6453 6451
f 6352 6456 6455
f 6352 6351 6456
f 6351 6454 6456
f 6354 6457 6355
f 6354 6458 6457
f 6456 6459 6455
f 6357 6460 6461
f 6358 6357 6461
f 6457 6357 6355
f 6457 6462 6357
f 6462 6460 6357
f 6458 6462 6457
f 6359 6463 6360
f 6463 6359 6464
f 6362 6465 6464
f 6362 6358 6465
f 6358 6461 6465
f 6466 6463 6467
f 6468 6464 6469
f 6468 6467 6464
f 6467 6463 6464
f 6465 6469 6464
f 6471 6467 6472
f 6471 6470 6467
f 6470 6466 6467
f 6468 6472 6467
f 6365 6473 6366
f 6474 6473 6365
f 6474 6365 6475
f 6470 6367 6364
f 6470 6476 6367
f 6476 6475 6367
f 6471 6476 6470
f 6366 6473 6479
f 6474 6479 6473
f 6373 6481 6482
f 6372 6373 6482
f 6477 6373 6368
f 6477 6483 6373
f 6483 6481 6373
f 6478 6483 6477
f 6480 6484 6374
f 6371 6485 6484
f 6485 6486 6484
f 6482 6375 6372
f 6485 6375 6482
f 6376 6487 6377
f 6380 6489 6379
f 6379 6489 6488
f 6484 6380 6374
f 6484 6490 6380
f 6490 6489 6380
f 6486 6490 6484
f 6487 6493 6494
f 6487 6494 6377
f 6377 6494 6382
f 6491 6495 6492
f 6381 6495 6491
f 6381 6383 6495
f 6383 6496 6495
f 6383 6497 6496
f 6384 6385 6500
f 6498 6384 6500
f 6385 6386 6500
f 6502 6501 6387
f 6502 6387 6503
f 6503 6387 6389
f 6391 6505 6390
f 6390 6505 6504
f 6392 6506 6391
f 6391 6506 6505
f 6494 6392 6382
f 6506 6392 6494
f 6500 6507 6498
f 6508 6507 6500
f 6386 6508 6500
f 6386 6393 6508
f 6393 6509 6508
f 6394 6510 6393
f 6393 6510 6509
f 6394 6511 6510
f 6512 6395 6396
f 6513 6512 6396
f 6398 6519 6520
f 6400 6521 6398
f 6398 6521 6519
f 6401 6522 6400
f 6400 6522 6521
f 6501 6401 6388
f 6501 6523 6401
f 6523 6522 6401
f 6502 6523 6501
f 6396 6524 6513
f 6402 6524 6396
f 6403 6525 6402
f 6402 6525 6524
f 6397 6526 6514
f 6404 6526 6397
f 6405 6527 6404
f 6404 6527 6526
f 6406 6528 6405
f 6405 6528 6527
f 6517 6407 6515
f 6517 6528 6407
f 6528 6406 6407
f 6407 6408 6529
f 6409 6530 6408
f 6408 6530 6529
f 6410 6531 6409
f 6409 6531 6530
f 6411 6532 6410
f 6410 6532 6531
f 6520 6411 6399
f 6532 6411 6520
f 6412 6535 6533
f 6414 6535 6412
f 6535 6414 6415
f 6536 6535 6415
f 6416 6537 6538
f 6417 6416 6538
f 6534 6416 6413
f 6537 6416 6534
f 6415 6539 6536
f 6418 6539 6415
f 6539 6418 6420
f 6540 6539 6420
f 6421 6541 6542
f 6422 6421 6542
f 6538 6421 6417
f 6541 6421 6538
f 6422 6542 6424
f 6542 6543 6424
f 6424 6543 6426
f 6543 6544 6426
f 6426 6544 6427
f 6544 6545 6427
f 6427 6545 6428
f 6545 6546 6428
f 6428 6546 6429
f 6546 6547 6429
f 6430 6548 6549
f 6431 6430 6549
f 6547 6430 6429
f 6548 6430 6547
f 6431 6549 6432
f 6549 6550 6432
f 6432 6550 6433
f 6550 6551 6433
f 6433 6551 6434
f 6551 6552 6434
f 6435 6553 6436
f 6435 6554 6553
f 6435 6434 6554
f 6434 6552 6554
f 6553 6555 6556
f 6553 6556 6436
f 6436 6556 6437
f 6554 6555 6553
f 6437 6556 6438
f 6556 6557 6438
f 6558 6559 6560
f 6558 6557 6559
f 6558 6439 6557
f 6439 6438 6557
f 6561 6558 6560
f 6562 6561 6560
f 6439 6561 6441
f 6558 6561 6439
f 6442 6561 6562
f 6442 6562 6443
f 6443 6562 6563
f 6441 6561 6442
f 6443 6563 6445
f 6563 6564 6445
f 6565 6566 6567
f 6565 6447 6446
f 6565 6446 6566
f 6566 6446 6568
f 6564 6446 6445
f 6568 6446 6564
f 6569 6565 6567
f 6447 6569 6448
f 6565 6569 6447
f 6449 6569 6570
f 6449 6570 6450
f 6450 6570 6571
f 6448 6569 6449
f 6450 6571 6452
f 6571 6572 6452
f 6572 6453 6452
f 6574 6453 6572
f 6575 6577 6578
f 6575 6578 6454
f 6454 6578 6456
f 6576 6577 6575
f 6459 6579 6580
f 6458 6459 6580
f 6578 6459 6456
f 6579 6459 6578
f 6460 6581 6461
f 6582 6581 6460
f 6582 6460 6583
f 6583 6460 6462
f 6580 6462 6458
f 6583 6462 6580
f 6581 6584 6585
f 6581 6585 6461
f 6461 6585 6465
f 6582 6584 6581
f 6469 6586 6587
f 6468 6469 6587
f 6585 6469 6465
f 6586 6469 6585
f 6472 6588 6589
f 6471 6472 6589
f 6587 6472 6468
f 6588 6472 6587
f 6475 6590 6591
f 6474 6475 6591
f 6476 6592 6475
f 6475 6592 6590
f 6589 6476 6471
f 6592 6476 6589
f 6479 6593 6594
f 6478 6479 6594
f 6591 6479 6474
f 6593 6479 6591
f 6481 6595 6596
f 6482 6481 6596
f 6483 6597 6481
f 6481 6597 6595
f 6594 6483 6478
f 6597 6483 6594
f 6485 6598 6599
f 6486 6485 6599
f 6596 6485 6482
f 6598 6485 6596
f 6601 6600 6488
f 6601 6488 6602
f 6602 6488 6489
f 6490 6603 6489
f 6489 6603 6602
f 6599 6490 6486
f 6603 6490 6599
f 6494 6493 6605
f 6607 6606 6600
f 6601 6607 6600
f 6495 6608 6492
f 6496 6609 6495
f 6495 6609 6608
f 6497 6610 6496
f 6496 6610 6609
f 6610 6497 6499
f 6611 6610 6499
f 6503 6612 6613
f 6502 6503 6613
f 6614 6615 6612
f 6614 6612 6504
f 6616 6614 6504
f 6616 6504 6617
f 6617 6504 6505
f 6506 6618 6505
f 6505 6618 6617
f 6605 6506 6494
f 6618 6506 6605
f 6499 6619 6611
f 6507 6619 6499
f 6508 6620 6507
f 6507 6620 6619
f 6509 6621 6508
f 6508 6621 6620
f 6510 6622 6509
f 6509 6622 6621
f 6623 6624 6622
f 6623 6622 6511
f 6511 6622 6510
f 6511 6512 6625
f 6623 6511 6625
f 6512 6513 6625
f 6516 6627 6517
f 6516 6518 6627
f 6519 6628 6520
f 6519 6521 6629
f 6628 6519 6629
f 6630 6629 6521
f 6630 6521 6631
f 6631 6521 6522
f 6523 6632 6522
f 6522 6632 6631
f 6613 6523 6502
f 6632 6523 6613
f 6614 6633 6615
f 6616 6633 6614
f 6623 6634 6624
f 6625 6634 6623
f 6635 6634 6625
f 6513 6635 6625
f 6513 6524 6635
f 6524 6636 6635
f 6525 6637 6524
f 6524 6637 6636
f 6638 6637 6525
f 6514 6639 6626
f 6514 6526 6639
f 6526 6640 6639
f 6527 6641 6526
f 6526 6641 6640
f 6528 6642 6527
f 6527 6642 6641
f 6627 6528 6517
f 6627 6643 6528
f 6643 6642 6528
f 6518 6643 6627
f 6518 6529 6643
f 6529 6644 6643
f 6530 6645 6529
f 6529 6645 6644
f 6531 6646 6530
f 6530 6646 6645
f 6532 6647 6531
f 6531 6647 6646
f 6628 6532 6520
f 6628 6648 6532
f 6648 6647 6532
f 6629 6648 6628
f 6649 6648 6629
f 6630 6649 6629
f 6533 6652 6650
f 6535 6652 6533
f 6652 6535 6536
f 6653 6652 6536
f 6537 6654 6655
f 6538 6537 6655
f 6651 6537 6534
f 6654 6537 6651
f 6536 6656 6653
f 6539 6656 6536
f 6656 6539 6540
f 6657 6656 6540
f 6541 6658 6659
f 6542 6541 6659
f 6655 6541 6538
f 6658 6541 6655
f 6542 6659 6543
f 6659 6660 6543
f 6544 6543 6660
f 6663 6661 6662
f 6664 6663 6662
f 6544 6663 6545
f 6661 6663 6544
f 6665 6663 6664
f 6666 6665 6664
f 6545 6665 6546
f 6663 6665 6545
f 6667 6665 6666
f 6668 6667 6666
f 6546 6667 6547
f 6665 6667 6546
f 6548 6667 6668
f 6548 6668 6549
f 6549 6668 6669
f 6547 6667 6548
f 6549 6669 6550
f 6669 6670 6550
f 6550 6670 6551
f 6670 6671 6551
f 6551 6671 6552
f 6671 6672 6552
f 6552 6672 6554
f 6672 6673 6554
f 6555 6674 6556
f 6555 6675 6674
f 6555 6554 6675
f 6554 6673 6675
f 6674 6676 6677
f 6674 6677 6556
f 6556 6677 6557
f 6675 6676 6674
f 6559 6678 6679
f 6560 6559 6679
f 6677 6559 6557
f 6678 6559 6677
f 6560 6679 6562
f 6679 6680 6562
f 6562 6680 6563
f 6680 6681 6563
f 6682 6683 6684
f 6682 6681 6683
f 6682 6564 6681
f 6564 6563 6681
f 6682 6684 6685
f 6682 6566 6568
f 6564 6682 6568
f 6570 6688 6571
f 6571 6688 6572
f 6688 6689 6572
f 6574 6690 6691
f 6573 6574 6691
f 6689 6574 6572
f 6690 6574 6689
f 6692 6693 6694
f 6692 6691 6693
f 6692 6576 6691
f 6576 6573 6691
f 6577 6692 6694
f 6577 6694 6578
f 6578 6694 6695
f 6576 6692 6577
f 6579 6696 6697
f 6580 6579 6697
f 6695 6579 6578
f 6696 6579 6695
f 6583 6698 6699
f 6582 6583 6699
f 6697 6583 6580
f 6698 6583 6697
f 6584 6700 6701
f 6585 6584 6701
f 6699 6584 6582
f 6700 6584 6699
f 6586 6702 6703
f 6587 6586 6703
f 6701 6586 6585
f 6702 6586 6701
f 6704 6705 6706
f 6704 6589 6588
f 6704 6588 6705
f 6705 6588 6707
f 6703 6588 6587
f 6707 6588 6703
f 6590 6708 6709
f 6591 6590 6709
f 6706 6592 6704
f 6706 6708 6592
f 6708 6590 6592
f 6589 6704 6592
f 6593 6710 6711
f 6594 6593 6711
f 6709 6593 6591
f 6710 6593 6709
f 6712 6713 6714
f 6712 6596 6595
f 6712 6595 6713
f 6713 6595 6715
f 6597 6716 6595
f 6595 6716 6715
f 6711 6597 6594
f 6716 6597 6711
f 6717 6718 6719
f 6714 6718 6717
f 6712 6714 6717
f 6712 6717 6599
f 6712 6599 6598
f 6596 6712 6598
f 6602 6720 6721
f 6601 6602 6721
f 6719 6603 6717
f 6719 6720 6603
f 6720 6602 6603
f 6599 6717 6603
f 6722 6723 6724
f 6722 6605 6604
f 6722 6604 6723
f 6723 6604 6725
f 6606 6726 6604
f 6604 6726 6725
f 6607 6727 6606
f 6606 6727 6726
f 6721 6607 6601
f 6727 6607 6721
f 6612 6730 6613
f 6730 6612 6615
f 6731 6732 6733
f 6733 6616 6617
f 6733 6617 6731
f 6731 6617 6734
f 6724 6618 6722
f 6724 6734 6618
f 6734 6617 6618
f 6605 6722 6618
f 6611 6619 6728
f 6728 6735 6729
f 6728 6619 6735
f 6619 6620 6735
f 6621 6736 6620
f 6620 6736 6735
f 6622 6737 6621
f 6621 6737 6736
f 6624 6738 6739
f 6624 6739 6622
f 6622 6739 6737
f 6738 6740 6741
f 6740 6742 6743
f 6741 6740 6743
f 6751 6752 6753
f 6751 6754 6755
f 6752 6751 6755
f 6754 6756 6757
f 6755 6754 6757
f 6756 6630 6631
f 6756 6631 6757
f 6757 6631 6758
f 6632 6759 6631
f 6631 6759 6758
f 6730 6632 6613
f 6730 6760 6632
f 6760 6759 6632
f 6760 6733 6732
f 6760 6633 6733
f 6760 6730 6615
f 6633 6760 6615
f 6616 6733 6633
f 6624 6634 6738
f 6635 6738 6634
f 6740 6738 6635
f 6636 6740 6635
f 6742 6740 6636
f 6636 6637 6761
f 6638 6762 6637
f 6637 6762 6761
f 6762 6638 6639
f 6640 6745 6639
f 6748 6745 6640
f 6640 6641 6763
f 6642 6764 6641
f 6641 6764 6763
f 6643 6765 6642
f 6642 6765 6764
f 6644 6766 6643
f 6643 6766 6765
f 6645 6767 6644
f 6644 6767 6766
f 6646 6768 6645
f 6645 6768 6767
f 6753 6647 6751
f 6753 6768 6647
f 6768 6646 6647
f 6648 6751 6647
f 6754 6751 6648
f 6649 6754 6648
f 6756 6754 6649
f 6630 6756 6649
f 6650 6771 6769
f 6652 6771 6650
f 6771 6652 6653
f 6772 6771 6653
f 6654 6773 6774
f 6655 6654 6774
f 6770 6654 6651
f 6773 6654 6770
f 6653 6775 6772
f 6656 6775 6653
f 6657 6776 6777
f 6657 6777 6656
f 6656 6777 6775
f 6777 6776 6778
f 6658 6779 6780
f 6659 6658 6780
f 6774 6658 6655
f 6779 6658 6774
f 6659 6780 6660
f 6664 6782 6666
f 6666 6782 6668
f 6782 6783 6668
f 6669 6668 6783
f 6784 6670 6669
f 6670 6784 6671
f 6784 6785 6671
f 6672 6671 6785
f 6673 6787 6675
f 6676 6787 6786
f 6676 6786 6677
f 6677 6786 6788
f 6675 6787 6676
f 6677 6788 6789
f 6791 6792 6681
f 6683 6793 6684
f 6683 6794 6793
f 6683 6681 6794
f 6681 6792 6794
f 6793 6795 6796
f 6793 6796 6684
f 6684 6796 6685
f 6794 6795 6793
f 6685 6796 6686
f 6796 6797 6686
f 6687 6798 6799
f 6688 6687 6799
f 6797 6687 6686
f 6798 6687 6797
f 6800 6799 6801
f 6800 6689 6799
f 6689 6688 6799
f 6803 6804 6805
f 6802 6804 6803
f 6800 6802 6803
f 6800 6803 6691
f 6800 6691 6690
f 6689 6800 6690
f 6693 6803 6805
f 6693 6805 6694
f 6694 6805 6806
f 6691 6803 6693
f 6807 6808 6809
f 6807 6806 6808
f 6807 6695 6806
f 6695 6694 6806
f 6810 6811 6812
f 6810 6813 6814
f 6811 6810 6814
f 6809 6814 6813
f 6807 6809 6813
f 6807 6813 6697
f 6807 6697 6696
f 6695 6807 6696
f 6815 6810 6812
f 6816 6815 6812
f 6698 6815 6699
f 6698 6813 6815
f 6813 6810 6815
f 6697 6813 6698
f 6700 6815 6816
f 6700 6816 6701
f 6699 6815 6700
f 6702 6818 6819
f 6703 6702 6819
f 6817 6702 6701
f 6818 6702 6817
f 6705 6820 6821
f 6706 6705 6821
f 6707 6822 6705
f 6705 6822 6820
f 6819 6707 6703
f 6822 6707 6819
f 6708 6823 6824
f 6709 6708 6824
f 6821 6708 6706
f 6823 6708 6821
f 6710 6825 6826
f 6711 6710 6826
f 6824 6710 6709
f 6825 6710 6824
f 6713 6827 6714
f 6828 6827 6713
f 6828 6713 6829
f 6829 6713 6715
f 6716 6830 6715
f 6715 6830 6829
f 6826 6716 6711
f 6830 6716 6826
f 6718 6832 6833
f 6827 6718 6714
f 6827 6834 6718
f 6834 6832 6718
f 6828 6834 6827
f 6721 6720 6838
f 6833 6720 6719
f 6838 6720 6833
f 6835 6841 6724
f 6835 6724 6723
f 6848 6851 6852
f 6851 6732 6731
f 6851 6731 6852
f 6852 6731 6853
f 6842 6734 6841
f 6842 6853 6734
f 6853 6731 6734
f 6724 6841 6734
f 6729 6854 6845
f 6735 6854 6729
f 6854 6735 6736
f 6737 6739 6855
f 6739 6856 6855
f 6746 6749 6860
f 6859 6746 6860
f 6753 6752 6862
f 6755 6863 6752
f 6752 6863 6861
f 6757 6864 6755
f 6755 6864 6863
f 6851 6848 6760
f 6732 6851 6760
f 6744 6866 6858
f 6761 6866 6744
f 6762 6867 6761
f 6761 6867 6866
f 6859 6762 6747
f 6859 6868 6762
f 6868 6867 6762
f 6860 6868 6859
f 6869 6868 6860
f 6750 6869 6860
f 6750 6763 6869
f 6763 6870 6869
f 6764 6871 6763
f 6763 6871 6870
f 6765 6872 6764
f 6764 6872 6871
f 6766 6873 6765
f 6765 6873 6872
f 6767 6874 6766
f 6766 6874 6873
f 6768 6875 6767
f 6767 6875 6874
f 6862 6768 6753
f 6875 6768 6862
f 6769 6878 6876
f 6771 6878 6769
f 6878 6771 6772
f 6879 6878 6772
f 6773 6880 6881
f 6774 6773 6881
f 6877 6773 6770
f 6880 6773 6877
f 6772 6882 6879
f 6775 6882 6772
f 6883 6884 6882
f 6883 6882 6777
f 6777 6882 6775
f 6777 6778 6883
f 6779 6885 6886
f 6780 6779 6886
f 6881 6779 6774
f 6780 6886 6781
f 6886 6887 6781
f 6888 6889 6786
f 6786 6889 6788
f 6889 6890 6788
f 6788 6890 6789
f 6890 6891 6789
f 6790 6892 6893
f 6791 6790 6893
f 6891 6790 6789
f 6892 6790 6891
f 6791 6893 6792
f 6893 6894 6792
f 6895 6896 6897
f 6895 6894 6896
f 6895 6794 6894
f 6794 6792 6894
f 6795 6895 6897
f 6795 6897 6796
f 6796 6897 6898
f 6794 6895 6795
f 6899 6900 6901
f 6899 6898 6900
f 6899 6797 6898
f 6797 6796 6898
f 6798 6899 6901
f 6798 6901 6799
f 6799 6901 6902
f 6797 6899 6798
f 6801 6903 6904
f 6802 6801 6904
f 6902 6801 6799
f 6903 6801 6902
f 6804 6905 6805
f 6804 6906 6905
f 6804 6802 6906
f 6802 6904 6906
f 6905 6907 6908
f 6905 6908 6805
f 6805 6908 6806
f 6906 6907 6905
f 6808 6909 6910
f 6809 6808 6910
f 6908 6808 6806
f 6909 6808 6908
f 6811 6911 6812
f 6912 6911 6811
f 6912 6811 6913
f 6913 6811 6814
f 6910 6814 6809
f 6913 6814 6910
f 6914 6915 6817
f 6818 6916 6917
f 6819 6818 6917
f 6915 6818 6817
f 6916 6818 6915
f 6820 6918 6821
f 6919 6918 6820
f 6919 6820 6920
f 6920 6820 6822
f 6917 6822 6819
f 6920 6822 6917
f 6823 6921 6922
f 6824 6823 6922
f 6918 6823 6821
f 6918 6923 6823
f 6923 6921 6823
f 6919 6923 6918
f 6825 6924 6925
f 6826 6825 6925
f 6922 6825 6824
f 6924 6825 6922
f 6828 6829 6927
f 6830 6928 6829
f 6829 6928 6926
f 6925 6830 6826
f 6928 6830 6925
f 6832 6929 6833
f 6930 6929 6832
f 6930 6832 6931
f 6931 6832 6834
f 6927 6834 6828
f 6931 6834 6927
f 6831 6933 6836
f 6831 6934 6933
f 6929 6838 6833
f 6929 6936 6838
f 6936 6935 6838
f 6930 6936 6929
f 6839 6840 6937
f 6932 6843 6837
f 6932 6940 6843
f 6940 6938 6843
f 6933 6940 6932
f 6942 6943 6941
f 6844 6942 6941
f 6844 6941 6937
f 6844 6937 6840
f 6844 6845 6942
f 6846 6847 6944
f 6849 6945 6946
f 6850 6849 6946
f 6853 6948 6852
f 6852 6948 6947
f 6949 6948 6853
f 6942 6951 6943
f 6845 6951 6942
f 6845 6854 6951
f 6854 6952 6951
f 6847 6953 6944
f 6847 6855 6953
f 6855 6954 6953
f 6955 6956 6954
f 6955 6954 6856
f 6856 6954 6855
f 6856 6857 6957
f 6955 6856 6957
f 6861 6960 6958
f 6865 6962 6864
f 6864 6962 6961
f 6946 6865 6850
f 6962 6865 6946
f 6955 6963 6956
f 6957 6963 6955
f 6964 6963 6957
f 6858 6964 6957
f 6858 6866 6964
f 6866 6965 6964
f 6867 6966 6866
f 6866 6966 6965
f 6868 6967 6867
f 6867 6967 6966
f 6869 6968 6868
f 6868 6968 6967
f 6870 6969 6869
f 6869 6969 6968
f 6871 6970 6870
f 6870 6970 6969
f 6872 6971 6871
f 6871 6971 6970
f 6873 6972 6872
f 6872 6972 6971
f 6874 6973 6873
f 6873 6973 6972
f 6875 6974 6874
f 6874 6974 6973
f 6959 6875 6862
f 6974 6875 6959
f 6876 6977 6975
f 6878 6977 6876
f 6977 6878 6879
f 6978 6977 6879
f 6880 6979 6980
f 6881 6880 6980
f 6976 6880 6877
f 6979 6880 6976
f 6879 6981 6978
f 6882 6981 6879
f 6981 6882 6884
f 6982 6981 6884
f 6885 6983 6984
f 6886 6885 6984
f 6980 6885 6881
f 6983 6885 6980
f 6888 6985 6889
f 6889 6985 6890
f 6985 6986 6890
f 6890 6986 6891
f 6986 6987 6891
f 6892 6988 6989
f 6893 6892 6989
f 6987 6892 6891
f 6988 6892 6987
f 6893 6989 6894
f 6989 6990 6894
f 6896 6991 6897
f 6896 6992 6991
f 6896 6894 6992
f 6894 6990 6992
f 6991 6993 6994
f 6991 6994 6897
f 6897 6994 6898
f 6992 6993 6991
f 6900 6995 6901
f 6900 6996 6995
f 6900 6898 6996
f 6898 6994 6996
f 6995 6997 6998
f 6995 6998 6901
f 6901 6998 6902
f 6996 6997 6995
f 6903 6999 7000
f 6904 6903 7000
f 6998 6903 6902
f 6999 6903 6998
f 6904 7000 6906
f 7000 7001 6906
f 6907 7002 7003
f 6908 6907 7003
f 7001 6907 6906
f 7002 6907 7001
f 6909 7004 7005
f 6910 6909 7005
f 7003 6909 6908
f 7004 6909 7003
f 6913 7006 6912
f 6913 7007 7006
f 6913 6910 7007
f 6910 7005 7007
f 6912 7009 7008
f 6912 7006 7009
f 7007 7009 7006
f 6914 7011 6915
f 6916 7012 7013
f 6917 6916 7013
f 7011 6916 6915
f 7012 6916 7011
f 7014 7015 7016
f 7014 6919 6920
f 7014 6920 7015
f 7015 6920 7017
f 7013 6920 6917
f 7017 6920 7013
f 6921 7018 7019
f 6922 6921 7019
f 7016 6923 7014
f 7016 7018 6923
f 7018 6921 6923
f 6919 7014 6923
f 7020 6925 6924
f 7020 6924 7021
f 7021 6924 7022
f 7019 6924 6922
f 7022 6924 7019
f 6925 7020 6928
f 7024 7025 7026
f 7024 6930 6931
f 7024 6931 7025
f 7025 6931 7027
f 7023 6931 6927
f 7027 6931 7023
f 6934 7028 6933
f 7029 7028 6934
f 7029 6934 7030
f 7026 6936 7024
f 7026 7030 6936
f 7030 6935 6936
f 6930 7024 6936
f 6938 7031 7032
f 6939 6938 7032
f 6940 7033 6938
f 6938 7033 7031
f 7028 6940 6933
f 7028 7034 6940
f 7034 7033 6940
f 7029 7034 7028
f 7036 6941 6943
f 7037 7036 6943
f 6945 7038 6946
f 6945 6947 7039
f 7038 6945 7039
f 7040 7039 6947
f 7040 6947 7041
f 7041 6947 6948
f 6949 7042 6948
f 6948 7042 7041
f 6950 7043 6949
f 6949 7043 7042
f 7032 6950 6939
f 7043 6950 7032
f 6943 7044 7037
f 6951 7044 6943
f 6952 7045 6951
f 6951 7045 7044
f 6952 7046 7045
f 6954 7048 6953
f 7048 6954 6956
f 7049 7048 6956
f 6958 7050 7051
f 6960 7052 6958
f 6958 7052 7050
f 6960 7053 7052
f 6962 7054 6961
f 6961 7054 7053
f 7038 6962 6946
f 7038 7055 6962
f 7055 7054 6962
f 7039 7055 7038
f 7056 7055 7039
f 7040 7056 7039
f 6956 7057 7049
f 6963 7057 6956
f 6964 7058 6963
f 6963 7058 7057
f 6965 7059 6964
f 6964 7059 7058
f 6966 7060 6965
f 6965 7060 7059
f 6967 7061 6966
f 6966 7061 7060
f 6968 7062 6967
f 6967 7062 7061
f 6969 7063 6968
f 6968 7063 7062
f 6970 7064 6969
f 6969 7064 7063
f 6971 7065 6970
f 6970 7065 7064
f 6972 7066 6971
f 6971 7066 7065
f 6973 7067 6972
f 6972 7067 7066
f 6974 7068 6973
f 6973 7068 7067
f 7051 6974 6959
f 7068 6974 7051
f 6975 7071 7069
f 6977 7071 6975
f 7071 6977 6978
f 7072 7071 6978
f 6979 7073 7074
f 6980 6979 7074
f 7070 6979 6976
f 7073 6979 7070
f 6978 7075 7072
f 6981 7075 6978
f 7075 6981 6982
f 7076 7075 6982
f 6983 7077 7078
f 6984 6983 7078
f 7074 6983 6980
f 7077 6983 7074
f 6985 7081 7082
f 6985 7082 6986
f 7082 7083 6986
f 7084 7085 7086
f 7084 7083 7085
f 7084 6987 7083
f 6987 6986 7083
f 6988 7084 7086
f 6988 7086 6989
f 6989 7086 7087
f 6987 7084 6988
f 6989 7087 6990
f 7087 7088 6990
f 7089 7090 7091
f 7089 7088 7090
f 7089 6992 7088
f 6992 6990 7088
f 6993 7089 7091
f 6993 7091 6994
f 6994 7091 7092
f 6992 7089 6993
f 6994 7092 6996
f 7092 7093 6996
f 6997 7094 7095
f 6998 6997 7095
f 7093 6997 6996
f 7094 6997 7093
f 6999 7096 7097
f 7000 6999 7097
f 7095 6999 6998
f 7096 6999 7095
f 7098 7099 7100
f 7098 7097 7099
f 7098 7001 7097
f 7001 7000 7097
f 7002 7098 7100
f 7002 7100 7003
f 7003 7100 7101
f 7001 7098 7002
f 7004 7102 7103
f 7005 7004 7103
f 7101 7004 7003
f 7102 7004 7101
f 7104 7105 7106
f 7104 7103 7105
f 7104 7007 7103
f 7007 7005 7103
f 7009 7104 7106
f 7009 7106 7008
f 7008 7106 7107
f 7007 7104 7009
f 7010 7108 7109
f 7011 7010 7109
f 7107 7010 7008
f 7108 7010 7107
f 7110 7111 7112
f 7110 7013 7012
f 7110 7012 7111
f 7111 7012 7113
f 7109 7012 7011
f 7113 7012 7109
f 7015 7114 7115
f 7016 7015 7115
f 7112 7017 7110
f 7112 7114 7017
f 7114 7015 7017
f 7013 7110 7017
f 7018 7116 7117
f 7019 7018 7117
f 7115 7018 7016
f 7116 7018 7115
f 7022 7120 7021
f 7021 7120 7119
f 7117 7022 7019
f 7120 7022 7117
f 7121 7122 7123
f 7121 7118 7122
f 7121 7023 7118
f 7025 7124 7125
f 7026 7025 7125
f 7123 7027 7121
f 7123 7124 7027
f 7124 7025 7027
f 7023 7121 7027
f 7129 7130 7131
f 7129 7029 7030
f 7129 7030 7130
f 7130 7030 7132
f 7125 7030 7026
f 7132 7030 7125
f 7133 7134 7135
f 7127 7134 7133
f 7131 7034 7129
f 7131 7136 7034
f 7029 7129 7034
f 7036 7137 7035
f 7037 7138 7139
f 7037 7139 7036
f 7036 7139 7137
f 7139 7138 7140
f 7141 7142 7143
f 7141 7040 7041
f 7141 7041 7142
f 7142 7041 7144
f 7042 7145 7041
f 7041 7145 7144
f 7135 7043 7133
f 7135 7145 7043
f 7145 7042 7043
f 7032 7133 7043
f 7037 7044 7138
f 7138 7146 7140
f 7138 7044 7146
f 7044 7045 7146
f 7046 7147 7045
f 7045 7147 7146
f 7047 7148 7046
f 7046 7148 7147
f 7048 7149 7047
f 7047 7149 7148
f 7049 7150 7151
f 7049 7151 7048
f 7048 7151 7149
f 7150 7152 7153
f 7151 7150 7153
f 7160 7161 7162
f 7160 7051 7050
f 7160 7050 7161
f 7161 7050 7163
f 7052 7164 7050
f 7050 7164 7163
f 7053 7165 7052
f 7052 7165 7164
f 7054 7166 7053
f 7053 7166 7165
f 7055 7167 7054
f 7054 7167 7166
f 7143 7056 7141
f 7143 7167 7056
f 7167 7055 7056
f 7040 7141 7056
f 7049 7057 7150
f 7058 7150 7057
f 7152 7150 7058
f 7152 7168 7154
f 7152 7058 7168
f 7058 7059 7168
f 7060 7169 7059
f 7059 7169 7168
f 7169 7060 7061
f 7062 7155 7061
f 7157 7155 7062
f 7157 7170 7159
f 7157 7062 7170
f 7062 7063 7170
f 7064 7171 7063
f 7063 7171 7170
f 7065 7172 7064
f 7064 7172 7171
f 7066 7173 7065
f 7065 7173 7172
f 7067 7174 7066
f 7066 7174 7173
f 7162 7068 7160
f 7162 7174 7068
f 7174 7067 7068
f 7051 7160 7068
f 7069 7071 7175
f 7175 7071 7072
f 7175 7072 7176
f 7176 7072 7178
f 7179 7180 7181
f 7179 7074 7073
f 7179 7073 7180
f 7180 7073 7182
f 7177 7073 7070
f 7182 7073 7177
f 7072 7183 7178
f 7075 7183 7072
f 7076 7184 7185
f 7076 7185 7075
f 7075 7185 7183
f 7185 7184 7186
f 7179 7078 7077
f 7074 7179 7077
f 7187 7189 7190
f 7190 7078 7187
f 7190 7191 7078
f 7198 7199 7079
f 7080 7201 7081
f 7201 7202 7081
f 7081 7202 7082
f 7202 7203 7082
f 7082 7203 7083
f 7203 7204 7083
f 7085 7205 7206
f 7086 7085 7206
f 7204 7085 7083
f 7205 7085 7204
f 7087 7086 7206
f 7209 7207 7208
f 7210 7209 7208
f 7087 7209 7088
f 7207 7209 7087
f 7090 7209 7210
f 7090 7210 7091
f 7088 7209 7090
f 7091 7211 7092
f 7211 7212 7092
f 7213 7214 7215
f 7213 7212 7214
f 7213 7093 7212
f 7093 7092 7212
f 7213 7216 7095
f 7213 7095 7094
f 7093 7213 7094
f 7218 7219 7220
f 7217 7219 7218
f 7216 7217 7218
f 7216 7218 7097
f 7216 7097 7096
f 7095 7216 7096
f 7099 7218 7220
f 7099 7220 7100
f 7100 7220 7221
f 7097 7218 7099
f 7100 7221 7101
f 7221 7222 7101
f 7222 7102 7101
f 7223 7102 7222
f 7228 7229 7230
f 7227 7229 7228
f 7225 7227 7228
f 7225 7228 7109
f 7225 7109 7108
f 7107 7225 7108
f 7231 7232 7233
f 7231 7112 7111
f 7231 7111 7232
f 7232 7111 7234
f 7230 7113 7228
f 7230 7234 7113
f 7234 7111 7113
f 7109 7228 7113
f 7235 7236 7237
f 7233 7236 7235
f 7231 7233 7235
f 7231 7235 7115
f 7231 7115 7114
f 7112 7231 7114
f 7238 7239 7240
f 7237 7239 7238
f 7235 7237 7238
f 7235 7238 7117
f 7235 7117 7116
f 7115 7235 7116
f 7240 7120 7238
f 7240 7242 7120
f 7242 7119 7120
f 7117 7238 7120
f 7123 7122 7244
f 7124 7246 7247
f 7125 7124 7247
f 7244 7124 7123
f 7246 7124 7244
f 7126 7248 7249
f 7127 7126 7249
f 7128 7250 7251
f 7128 7251 7126
f 7126 7251 7248
f 7250 7131 7130
f 7250 7130 7251
f 7132 7253 7130
f 7130 7253 7252
f 7247 7132 7125
f 7253 7132 7247
f 7254 7256 7257
f 7255 7254 7257
f 7134 7258 7259
f 7135 7134 7259
f 7249 7134 7127
f 7258 7134 7249
f 7128 7136 7250
f 7131 7250 7136
f 7140 7260 7261
f 7139 7140 7261
f 7142 7262 7143
f 7142 7256 7262
f 7256 7254 7262
f 7142 7144 7264
f 7145 7265 7144
f 7144 7265 7264
f 7259 7145 7135
f 7265 7145 7259
f 7140 7146 7260
f 7147 7260 7146
f 7148 7149 7266
f 7151 7267 7149
f 7267 7151 7153
f 7158 7270 7156
f 7156 7270 7269
f 7270 7158 7159
f 7271 7270 7159
f 7272 7273 7274
f 7272 7275 7276
f 7273 7272 7276
f 7275 7162 7161
f 7275 7161 7276
f 7276 7161 7277
f 7163 7278 7161
f 7161 7278 7277
f 7164 7279 7163
f 7163 7279 7278
f 7165 7280 7164
f 7166 7281 7165
f 7165 7281 7280
f 7263 7167 7262
f 7263 7281 7167
f 7281 7166 7167
f 7143 7262 7167
f 7154 7282 7268
f 7168 7282 7154
f 7169 7283 7168
f 7168 7283 7282
f 7159 7284 7271
f 7170 7284 7159
f 7171 7285 7170
f 7170 7285 7284
f 7172 7286 7171
f 7171 7286 7285
f 7274 7173 7272
f 7274 7286 7173
f 7286 7172 7173
f 7174 7272 7173
f 7275 7272 7174
f 7162 7275 7174
f 7290 7178 7291
f 7290 7287 7178
f 7287 7176 7178
f 7290 7291 7292
f 7180 7293 7294
f 7181 7180 7294
f 7289 7182 7288
f 7289 7293 7182
f 7293 7180 7182
f 7177 7288 7182
f 7178 7183 7291
f 7291 7295 7292
f 7291 7183 7295
f 7183 7185 7295
f 7295 7185 7186
f 7296 7295 7186
f 7294 7188 7181
f 7297 7188 7294
f 7299 7190 7189
f 7299 7189 7300
f 7300 7189 7298
f 7190 7299 7191
f 7301 7299 7300
f 7302 7301 7300
f 7191 7301 7192
f 7299 7301 7191
f 7303 7301 7302
f 7304 7303 7302
f 7192 7303 7193
f 7301 7303 7192
f 7194 7303 7304
f 7194 7304 7195
f 7193 7303 7194
f 7305 7307 7308
f 7305 7308 7196
f 7196 7308 7197
f 7306 7307 7305
f 7198 7309 7199
f 7309 7310 7199
f 7200 7311 7312
f 7311 7200 7310
f 7312 7313 7202
f 7202 7313 7203
f 7313 7314 7203
f 7203 7314 7204
f 7314 7315 7204
f 7205 7316 7317
f 7206 7205 7317
f 7315 7205 7204
f 7316 7205 7315
f 7206 7317 7318
f 7320 7321 7211
f 7322 7321 7323
f 7322 7212 7321
f 7212 7211 7321
f 7324 7326 7325
f 7322 7324 7325
f 7322 7325 7215
f 7322 7215 7214
f 7212 7322 7214
f 7220 7329 7221
f 7221 7329 7222
f 7329 7330 7222
f 7330 7223 7222
f 7333 7223 7330
f 7331 7334 7224
f 7226 7335 7336
f 7334 7226 7224
f 7335 7226 7334
f 7229 7337 7338
f 7336 7229 7227
f 7337 7229 7336
f 7242 7346 7347
f 7241 7242 7347
f 7343 7242 7240
f 7343 7348 7242
f 7348 7346 7242
f 7344 7348 7343
f 7243 7349 7350
f 7244 7243 7350
f 7245 7351 7243
f 7243 7351 7349
f 7347 7245 7241
f 7351 7245 7347
f 7352 7353 7354
f 7352 7247 7246
f 7352 7246 7353
f 7353 7246 7355
f 7350 7246 7244
f 7355 7246 7350
f 7354 7253 7352
f 7354 7358 7253
f 7358 7252 7253
f 7247 7352 7253
f 7359 7360 7361
f 7359 7259 7258
f 7359 7258 7360
f 7360 7258 7362
f 7363 7362 7258
f 7264 7365 7364
f 7361 7265 7359
f 7361 7365 7265
f 7365 7264 7265
f 7259 7359 7265
f 7266 7367 7366
f 7274 7273 7371
f 7276 7372 7273
f 7273 7372 7370
f 7277 7373 7276
f 7278 7374 7277
f 7277 7374 7373
f 7374 7278 7279
f 7268 7375 7369
f 7282 7375 7268
f 7283 7376 7282
f 7282 7376 7375
f 7377 7376 7283
f 7284 7379 7378
f 7285 7380 7284
f 7284 7380 7379
f 7286 7381 7285
f 7285 7381 7380
f 7371 7286 7274
f 7381 7286 7371
f 7287 7384 7382
f 7290 7384 7287
f 7384 7290 7292
f 7385 7384 7292
f 7293 7386 7387
f 7294 7293 7387
f 7383 7293 7289
f 7386 7293 7383
f 7292 7388 7385
f 7295 7388 7292
f 7388 7295 7296
f 7389 7388 7296
f 7297 7390 7391
f 7298 7297 7391
f 7387 7297 7294
f 7390 7297 7387
f 7391 7392 7300
f 7300 7392 7302
f 7392 7393 7302
f 7302 7393 7304
f 7393 7394 7304
f 7395 7396 7306
f 7307 7397 7308
f 7307 7398 7397
f 7307 7306 7398
f 7306 7396 7398
f 7399 7400 7401
f 7309 7401 7400
f 7309 7398 7401
f 7402 7400 7399
f 7403 7402 7399
f 7309 7402 7310
f 7400 7402 7309
f 7311 7402 7403
f 7311 7403 7312
f 7312 7403 7404
f 7310 7402 7311
f 7312 7404 7313
f 7404 7405 7313
f 7406 7407 7408
f 7406 7405 7407
f 7406 7314 7405
f 7314 7313 7405
f 7409 7410 7411
f 7408 7410 7409
f 7408 7409 7406
f 7406 7409 7412
f 7314 7412 7315
f 7406 7412 7314
f 7316 7412 7409
f 7315 7412 7316
f 7413 7414 7318
f 7319 7415 7320
f 7319 7416 7415
f 7319 7318 7416
f 7318 7414 7416
f 7415 7417 7418
f 7415 7418 7320
f 7320 7418 7321
f 7416 7417 7415
f 7323 7419 7420
f 7418 7323 7321
f 7419 7323 7418
f 7423 7424 7327
f 7328 7425 7426
f 7329 7328 7426
f 7424 7328 7327
f 7425 7328 7424
f 7427 7428 7429
f 7427 7426 7428
f 7427 7330 7426
f 7330 7329 7426
f 7332 7430 7331
f 7427 7429 7431
f 7427 7431 7332
f 7427 7332 7333
f 7430 7332 7431
f 7330 7427 7333
f 7430 7432 7433
f 7430 7433 7331
f 7331 7433 7334
f 7431 7432 7430
f 7434 7436 7437
f 7435 7434 7437
f 7436 7336 7335
f 7436 7335 7437
f 7433 7335 7334
f 7438 7335 7433
f 7337 7439 7338
f 7337 7436 7439
f 7336 7436 7337
f 7340 7439 7440
f 7340 7440 7339
f 7339 7440 7441
f 7338 7439 7340
f 7442 7443 7444
f 7442 7341 7342
f 7442 7342 7443
f 7443 7342 7445
f 7441 7342 7339
f 7445 7342 7441
f 7446 7447 7448
f 7444 7447 7446
f 7442 7444 7446
f 7442 7446 7344
f 7442 7344 7345
f 7341 7442 7345
f 7449 7450 7451
f 7449 7347 7346
f 7449 7346 7450
f 7450 7346 7452
f 7448 7348 7446
f 7448 7452 7348
f 7452 7346 7348
f 7344 7446 7348
f 7453 7454 7455
f 7453 7350 7349
f 7453 7349 7454
f 7454 7349 7456
f 7451 7351 7449
f 7451 7456 7351
f 7456 7349 7351
f 7347 7449 7351
f 7353 7457 7458
f 7354 7353 7458
f 7455 7355 7453
f 7455 7457 7355
f 7457 7353 7355
f 7350 7453 7355
f 7357 7459 7460
f 7356 7357 7460
f 7358 7461 7357
f 7357 7461 7459
f 7458 7358 7354
f 7461 7358 7458
f 7360 7462 7463
f 7361 7360 7463
f 7362 7464 7360
f 7360 7464 7462
f 7363 7465 7362
f 7362 7465 7464
f 7460 7363 7356
f 7465 7363 7460
f 7365 7469 7364
f 7463 7365 7361
f 7469 7365 7463
f 7366 7472 7471
f 7367 7473 7366
f 7366 7473 7472
f 7367 7474 7473
f 7369 7475 7476
f 7369 7476 7368
f 7475 7477 7478
f 7476 7475 7478
f 7478 7477 7479
f 7480 7481 7482
f 7485 7486 7487
f 7374 7488 7373
f 7369 7375 7475
f 7376 7475 7375
f 7477 7475 7376
f 7477 7489 7479
f 7477 7376 7489
f 7376 7377 7489
f 7482 7378 7480
f 7482 7489 7378
f 7489 7377 7378
f 7379 7480 7378
f 7483 7480 7379
f 7380 7483 7379
f 7485 7483 7380
f 7381 7485 7380
f 7486 7485 7381
f 7371 7486 7381
f 7382 7492 7490
f 7384 7492 7382
f 7492 7384 7385
f 7493 7492 7385
f 7386 7494 7495
f 7387 7386 7495
f 7491 7386 7383
f 7494 7386 7491
f 7385 7496 7493
f 7388 7496 7385
f 7496 7388 7389
f 7497 7496 7389
f 7390 7498 7499
f 7391 7390 7499
f 7495 7390 7387
f 7498 7390 7495
f 7391 7499 7392
f 7499 7500 7392
f 7392 7500 7393
f 7500 7501 7393
f 7393 7501 7394
f 7501 7502 7394
f 7502 7503 7395
f 7504 7505 7506
f 7504 7503 7505
f 7504 7396 7503
f 7396 7395 7503
f 7507 7504 7506
f 7508 7507 7506
f 7396 7507 7398
f 7504 7507 7396
f 7401 7507 7508
f 7401 7508 7399
f 7399 7508 7509
f 7398 7507 7401
f 7399 7509 7403
f 7509 7510 7403
f 7403 7510 7404
f 7510 7511 7404
f 7404 7511 7405
f 7511 7512 7405
f 7407 7513 7514
f 7512 7407 7405
f 7513 7407 7512
f 7515 7516 7413
f 7517 7518 7519
f 7517 7516 7518
f 7517 7414 7516
f 7414 7413 7516
f 7520 7517 7519
f 7521 7520 7519
f 7414 7520 7416
f 7517 7520 7414
f 7417 7520 7521
f 7417 7521 7418
f 7418 7521 7522
f 7416 7520 7417
f 7419 7523 7524
f 7420 7419 7524
f 7522 7419 7418
f 7523 7419 7522
f 7420 7524 7421
f 7524 7525 7421
f 7422 7526 7527
f 7423 7422 7527
f 7525 7422 7421
f 7526 7422 7525
f 7528 7529 7530
f 7528 7527 7529
f 7528 7424 7527
f 7424 7423 7527
f 7531 7532 7533
f 7530 7532 7531
f 7528 7530 7531
f 7528 7531 7426
f 7528 7426 7425
f 7424 7528 7425
f 7534 7535 7536
f 7533 7535 7534
f 7531 7533 7534
f 7531 7534 7429
f 7531 7429 7428
f 7426 7531 7428
f 7537 7534 7536
f 7538 7537 7536
f 7429 7537 7431
f 7534 7537 7429
f 7539 7540 7541
f 7538 7540 7539
f 7537 7538 7539
f 7537 7539 7433
f 7537 7433 7432
f 7431 7537 7432
f 7541 7438 7539
f 7541 7543 7438
f 7433 7539 7438
f 7546 7547 7548
f 7546 7545 7547
f 7546 7441 7545
f 7441 7440 7545
f 7549 7550 7551
f 7549 7444 7443
f 7549 7443 7550
f 7550 7443 7552
f 7548 7445 7546
f 7548 7552 7445
f 7552 7443 7445
f 7441 7546 7445
f 7553 7554 7555
f 7551 7554 7553
f 7549 7551 7553
f 7549 7553 7448
f 7549 7448 7447
f 7444 7549 7447
f 7450 7556 7557
f 7451 7450 7557
f 7555 7452 7553
f 7555 7556 7452
f 7556 7450 7452
f 7448 7553 7452
f 7456 7559 7454
f 7557 7456 7451
f 7559 7456 7557
f 7564 7565 7566
f 7564 7460 7459
f 7564 7459 7565
f 7565 7459 7567
f 7562 7461 7560
f 7562 7567 7461
f 7567 7459 7461
f 7458 7560 7461
f 7569 7570 7571
f 7570 7572 7573
f 7571 7570 7573
f 7573 7572 7574
f 7575 7576 7577
f 7576 7463 7462
f 7576 7462 7577
f 7577 7462 7578
f 7464 7579 7462
f 7462 7579 7578
f 7566 7465 7564
f 7566 7579 7465
f 7579 7464 7465
f 7460 7564 7465
f 7570 7569 7466
f 7467 7570 7466
f 7572 7570 7467
f 7468 7580 7581
f 7467 7468 7581
f 7467 7581 7574
f 7467 7574 7572
f 7580 7582 7583
f 7581 7580 7583
f 7583 7582 7584
f 7586 7585 7588
f 7576 7575 7469
f 7463 7576 7469
f 7468 7470 7580
f 7471 7580 7470
f 7582 7580 7471
f 7582 7589 7584
f 7582 7471 7589
f 7471 7472 7589
f 7587 7473 7585
f 7587 7589 7473
f 7589 7472 7473
f 7585 7590 7588
f 7585 7473 7590
f 7473 7474 7590
f 7476 7591 7474
f 7474 7591 7590
f 7478 7592 7476
f 7476 7592 7591
f 7479 7593 7594
f 7479 7594 7478
f 7478 7594 7592
f 7593 7482 7481
f 7593 7481 7594
f 7594 7481 7595
f 7596 7595 7481
f 7484 7597 7596
f 7484 7598 7597
f 7479 7489 7593
f 7482 7593 7489
f 7490 7492 7601
f 7601 7492 7493
f 7601 7493 7602
f 7602 7493 7604
f 7494 7605 7606
f 7495 7494 7606
f 7603 7494 7491
f 7605 7494 7603
f 7493 7607 7604
f 7496 7607 7493
f 7497 7608 7609
f 7497 7609 7496
f 7496 7609 7607
f 7609 7608 7610
f 7498 7611 7612
f 7499 7498 7612
f 7606 7498 7495
f 7611 7498 7606
f 7499 7612 7500
f 7612 7613 7500
f 7614 7615 7616
f 7614 7613 7615
f 7614 7501 7613
f 7501 7500 7613
f 7617 7614 7616
f 7618 7617 7616
f 7501 7617 7502
f 7614 7617 7501
f 7619 7617 7618
f 7620 7619 7618
f 7502 7619 7503
f 7617 7619 7502
f 7505 7619 7620
f 7505 7620 7506
f 7506 7620 7621
f 7503 7619 7505
f 7506 7621 7508
f 7621 7622 7508
f 7508 7622 7509
f 7622 7623 7509
f 7509 7623 7510
f 7623 7624 7510
f 7625 7624 7626
f 7625 7511 7624
f 7511 7510 7624
f 7629 7628 7627
f 7511 7628 7512
f 7625 7628 7511
f 7513 7628 7629
f 7513 7629 7514
f 7512 7628 7513
f 7630 7631 7515
f 7515 7631 7516
f 7631 7632 7516
f 7518 7633 7634
f 7519 7518 7634
f 7632 7518 7516
f 7633 7518 7632
f 7519 7634 7521
f 7634 7635 7521
f 7636 7637 7638
f 7636 7635 7637
f 7636 7522 7635
f 7522 7521 7635
f 7523 7636 7638
f 7523 7638 7524
f 7524 7638 7639
f 7522 7636 7523
f 7640 7641 7642
f 7640 7639 7641
f 7640 7525 7639
f 7525 7524 7639
f 7526 7640 7642
f 7526 7642 7527
f 7527 7642 7643
f 7525 7640 7526
f 7529 7644 7645
f 7530 7529 7645
f 7643 7529 7527
f 7644 7529 7643
f 7532 7646 7647
f 7533 7532 7647
f 7645 7532 7530
f 7646 7532 7645
f 7535 7648 7536
f 7535 7649 7648
f 7535 7533 7649
f 7533 7647 7649
f 7648 7650 7651
f 7648 7651 7536
f 7536 7651 7538
f 7649 7650 7648
f 7540 7652 7653
f 7541 7540 7653
f 7651 7540 7538
f 7652 7540 7651
f 7543 7654 7655
f 7542 7543 7655
f 7653 7543 7541
f 7654 7543 7653
f 7544 7656 7657
f 7545 7544 7657
f 7655 7544 7542
f 7656 7544 7655
f 7547 7658 7659
f 7548 7547 7659
f 7657 7547 7545
f 7658 7547 7657
f 7661 7660 7550
f 7661 7550 7662
f 7662 7550 7552
f 7659 7552 7548
f 7662 7552 7659
f 7554 7663 7664
f 7555 7554 7664
f 7665 7663 7554
f 7661 7665 7660
f 7556 7666 7667
f 7557 7556 7667
f 7664 7556 7555
f 7666 7556 7664
f 7558 7670 7668
f 7558 7671 7670
f 7667 7559 7557
f 7671 7559 7667
f 7672 7674 7675
f 7673 7672 7675
f 7561 7676 7677
f 7676 7561 7669
f 7679 7678 7563
f 7681 7680 7682
f 7565 7683 7566
f 7565 7674 7683
f 7674 7672 7683
f 7565 7567 7685
f 7677 7567 7562
f 7685 7567 7677
f 7563 7686 7679
f 7568 7686 7563
f 7568 7687 7686
f 7680 7688 7682
f 7680 7571 7688
f 7571 7573 7688
f 7574 7689 7690
f 7574 7690 7573
f 7573 7690 7688
f 7578 7693 7577
f 7577 7693 7692
f 7684 7579 7683
f 7684 7693 7579
f 7693 7578 7579
f 7566 7683 7579
f 7574 7581 7689
f 7689 7694 7691
f 7689 7581 7694
f 7581 7583 7694
f 7584 7695 7696
f 7584 7696 7583
f 7583 7696 7694
f 7695 7586 7696
f 7588 7698 7699
f 7588 7699 7586
f 7586 7699 7697
f 7698 7700 7701
f 7699 7698 7701
f 7701 7700 7702
f 7703 7704 7705
f 7584 7589 7695
f 7587 7695 7589
f 7588 7590 7698
f 7591 7698 7590
f 7700 7698 7591
f 7700 7706 7702
f 7700 7591 7706
f 7591 7592 7706
f 7594 7707 7592
f 7592 7707 7706
f 7595 7708 7594
f 7594 7708 7707
f 7596 7709 7595
f 7595 7709 7708
f 7597 7710 7596
f 7596 7710 7709
f 7598 7711 7597
f 7597 7711 7710
f 7599 7712 7598
f 7598 7712 7711
f 7705 7600 7703
f 7705 7712 7600
f 7712 7599 7600
f 7716 7604 7717
f 7716 7713 7604
f 7713 7602 7604
f 7716 7717 7718
f 7719 7720 7721
f 7715 7720 7719
f 7714 7715 7719
f 7714 7719 7606
f 7714 7606 7605
f 7603 7714 7605
f 7604 7607 7717
f 7717 7722 7718
f 7717 7607 7722
f 7607 7609 7722
f 7722 7609 7610
f 7723 7722 7610
f 7719 7612 7611
f 7606 7719 7611
f 7727 7724 7726
f 7728 7727 7726
f 7612 7727 7613
f 7724 7727 7612
f 7615 7727 7728
f 7615 7728 7616
f 7613 7727 7615
f 7620 7729 7621
f 7729 7730 7621
f 7621 7730 7622
f 7730 7731 7622
f 7622 7731 7623
f 7731 7732 7623
f 7733 7732 7734
f 7733 7624 7732
f 7624 7623 7732
f 7624 7733 7626
f 7736 7737 7627
f 7737 7629 7627
f 7629 7737 7630
f 7737 7738 7630
f 7739 7740 7741
f 7739 7738 7740
f 7739 7631 7738
f 7631 7630 7738
f 7742 7739 7741
f 7743 7742 7741
f 7631 7742 7632
f 7739 7742 7631
f 7633 7742 7743
f 7633 7743 7634
f 7634 7743 7744
f 7632 7742 7633
f 7634 7744 7635
f 7744 7745 7635
f 7637 7746 7747
f 7638 7637 7747
f 7745 7637 7635
f 7746 7637 7745
f 7638 7747 7639
f 7747 7748 7639
f 7641 7749 7750
f 7642 7641 7750
f 7748 7641 7639
f 7749 7641 7748
f 7751 7752 7753
f 7751 7750 7752
f 7751 7643 7750
f 7643 7642 7750
f 7754 7755 7756
f 7753 7755 7754
f 7751 7753 7754
f 7751 7754 7645
f 7751 7645 7644
f 7643 7751 7644
f 7757 7758 7759
f 7756 7758 7757
f 7754 7756 7757
f 7754 7757 7647
f 7754 7647 7646
f 7645 7754 7646
f 7760 7757 7759
f 7647 7760 7649
f 7757 7760 7647
f 7761 7763 7762
f 7760 7761 7762
f 7760 7762 7651
f 7760 7651 7650
f 7649 7760 7650
f 7652 7762 7764
f 7651 7762 7652
f 7656 7766 7767
f 7657 7656 7767
f 7765 7656 7655
f 7766 7656 7765
f 7768 7769 7770
f 7768 7659 7658
f 7768 7658 7769
f 7767 7658 7657
f 7771 7658 7767
f 7772 7773 7774
f 7772 7775 7776
f 7773 7772 7776
f 7770 7776 7775
f 7768 7770 7775
f 7768 7775 7661
f 7768 7661 7662
f 7659 7768 7662
f 7777 7778 7779
f 7774 7778 7777
f 7772 7774 7777
f 7772 7777 7664
f 7772 7664 7663
f 7665 7772 7663
f 7775 7772 7665
f 7661 7775 7665
f 7780 7781 7782
f 7779 7781 7780
f 7777 7779 7780
f 7777 7780 7667
f 7777 7667 7666
f 7664 7777 7666
f 7668 7783 7784
f 7669 7668 7784
f 7670 7785 7668
f 7668 7785 7783
f 7782 7671 7780
f 7782 7785 7671
f 7785 7670 7671
f 7667 7780 7671
f 7788 7677 7676
f 7788 7676 7787
f 7787 7676 7789
f 7784 7676 7669
f 7789 7676 7784
f 7790 7678 7679
f 7791 7790 7679
f 7681 7682 7792
f 7677 7788 7685
f 7679 7796 7791
f 7686 7796 7679
f 7687 7797 7686
f 7686 7797 7796
f 7798 7797 7687
f 7682 7798 7792
f 7682 7688 7798
f 7688 7799 7798
f 7800 7801 7799
f 7800 7799 7690
f 7690 7799 7688
f 7802 7803 7804
f 7693 7808 7692
f 7692 7808 7807
f 7794 7693 7684
f 7808 7693 7794
f 7800 7809 7801
f 7691 7809 7800
f 7691 7694 7809
f 7694 7810 7809
f 7696 7811 7694
f 7694 7811 7810
f 7696 7812 7811
f 7813 7814 7812
f 7813 7812 7699
f 7699 7701 7815
f 7813 7699 7815
f 7701 7702 7815
f 7816 7817 7818
f 7804 7817 7816
f 7802 7804 7816
f 7802 7816 7705
f 7802 7705 7704
f 7813 7819 7814
f 7815 7819 7813
f 7820 7819 7815
f 7702 7820 7815
f 7702 7706 7820
f 7706 7821 7820
f 7707 7822 7706
f 7706 7822 7821
f 7708 7823 7707
f 7707 7823 7822
f 7709 7824 7708
f 7708 7824 7823
f 7710 7825 7709
f 7709 7825 7824
f 7711 7826 7710
f 7710 7826 7825
f 7818 7712 7816
f 7818 7826 7712
f 7826 7711 7712
f 7705 7816 7712
f 7713 7829 7827
f 7716 7829 7713
f 7829 7716 7718
f 7830 7829 7718
f 7720 7831 7832
f 7721 7720 7832
f 7828 7720 7715
f 7831 7720 7828
f 7718 7833 7830
f 7722 7833 7718
f 7833 7722 7723
f 7834 7833 7723
f 7725 7835 7836
f 7726 7725 7836
f 7832 7725 7721
f 7835 7725 7832
f 7842 7839 7841
f 7843 7842 7841
f 7729 7842 7730
f 7839 7842 7729
f 7844 7842 7843
f 7845 7844 7843
f 7730 7844 7731
f 7842 7844 7730
f 7846 7844 7845
f 7847 7846 7845
f 7731 7846 7732
f 7844 7846 7731
f 7734 7846 7847
f 7735 7847 7848
f 7732 7846 7734
f 7735 7848 7849
f 7849 7850 7737
f 7853 7850 7854
f 7853 7738 7850
f 7738 7737 7850
f 7855 7851 7852
f 7856 7855 7852
f 7740 7855 7741
f 7740 7853 7855
f 7853 7851 7855
f 7738 7853 7740
f 7857 7855 7856
f 7858 7857 7856
f 7741 7857 7743
f 7855 7857 7741
f 7859 7857 7858
f 7860 7859 7858
f 7743 7859 7744
f 7857 7859 7743
f 7861 7859 7860
f 7862 7861 7860
f 7744 7861 7745
f 7859 7861 7744
f 7746 7861 7862
f 7746 7862 7747
f 7747 7862 7863
f 7745 7861 7746
f 7864 7865 7866
f 7864 7863 7865
f 7864 7748 7863
f 7748 7747 7863
f 7867 7868 7869
f 7866 7868 7867
f 7864 7866 7867
f 7864 7867 7750
f 7864 7750 7749
f 7748 7864 7749
f 7870 7871 7872
f 7869 7871 7870
f 7867 7869 7870
f 7867 7870 7753
f 7867 7753 7752
f 7750 7867 7752
f 7755 7870 7872
f 7755 7872 7756
f 7753 7870 7755
f 7873 7763 7761
f 7875 7763 7873
f 7878 7879 7880
f 7878 7877 7879
f 7878 7765 7877
f 7881 7882 7883
f 7881 7884 7885
f 7882 7881 7885
f 7880 7885 7884
f 7878 7880 7884
f 7878 7884 7767
f 7878 7767 7766
f 7765 7878 7766
f 7881 7886 7770
f 7881 7770 7769
f 7771 7881 7769
f 7884 7881 7771
f 7767 7884 7771
f 7773 7888 7889
f 7774 7773 7889
f 7887 7776 7886
f 7887 7888 7776
f 7888 7773 7776
f 7770 7886 7776
f 7778 7890 7891
f 7779 7778 7891
f 7889 7778 7774
f 7890 7778 7889
f 7892 7893 7894
f 7892 7782 7781
f 7892 7781 7893
f 7893 7781 7895
f 7891 7781 7779
f 7895 7781 7891
f 7783 7896 7897
f 7784 7783 7897
f 7894 7785 7892
f 7894 7896 7785
f 7896 7783 7785
f 7782 7892 7785
f 7899 7898 7900
f 7901 7902 7903
f 7901 7786 7787
f 7901 7787 7902
f 7902 7787 7904
f 7789 7905 7787
f 7787 7905 7904
f 7897 7789 7784
f 7905 7789 7897
f 7791 7906 7907
f 7790 7791 7907
f 7790 7907 7900
f 7790 7900 7898
f 7907 7906 7908
f 7909 7910 7911
f 7909 7794 7793
f 7909 7793 7910
f 7910 7793 7912
f 7903 7795 7901
f 7903 7912 7795
f 7912 7793 7795
f 7786 7901 7795
f 7791 7796 7906
f 7906 7913 7908
f 7906 7796 7913
f 7796 7797 7913
f 7798 7914 7797
f 7797 7914 7913
f 7799 7915 7798
f 7798 7915 7914
f 7801 7916 7917
f 7801 7917 7799
f 7799 7917 7915
f 7806 7918 7805
f 7807 7919 7806
f 7806 7919 7918
f 7911 7808 7909
f 7911 7919 7808
f 7919 7807 7808
f 7794 7909 7808
f 7801 7809 7916
f 7810 7916 7809
f 7811 7812 7920
f 7814 7921 7922
f 7814 7922 7812
f 7812 7922 7920
f 7921 7923 7924
f 7922 7921 7924
f 7923 7925 7926
f 7924 7923 7926
f 7925 7927 7928
f 7926 7925 7928
f 7927 7929 7930
f 7928 7927 7930
f 7929 7931 7932
f 7932 7931 7933
f 7814 7819 7921
f 7820 7921 7819
f 7923 7921 7820
f 7821 7923 7820
f 7925 7923 7821
f 7822 7925 7821
f 7927 7925 7822
f 7823 7927 7822
f 7929 7927 7823
f 7824 7929 7823
f 7931 7929 7824
f 7931 7936 7933
f 7931 7824 7936
f 7824 7825 7936
f 7826 7937 7825
f 7825 7937 7936
f 7937 7826 7935
f 7827 7940 7938
f 7829 7940 7827
f 7830 7941 7942
f 7830 7942 7829
f 7829 7942 7940
f 7942 7941 7943
f 7831 7944 7945
f 7832 7831 7945
f 7939 7831 7828
f 7944 7831 7939
f 7830 7833 7941
f 7833 7946 7943
f 7833 7943 7941
f 7835 7948 7949
f 7836 7835 7949
f 7945 7835 7832
f 7948 7835 7945
f 7949 7950 7837
f 7951 7952 7953
f 7951 7950 7952
f 7951 7838 7950
f 7951 7953 7954
f 7954 7838 7951
f 7954 7955 7838
f 7840 7956 7957
f 7956 7840 7955
f 7958 7959 7845
f 7845 7959 7847
f 7959 7960 7847
f 7847 7960 7848
f 7960 7961 7848
f 7848 7961 7849
f 7961 7962 7849
f 7963 7964 7965
f 7963 7962 7964
f 7963 7850 7962
f 7850 7849 7962
f 7963 7965 7966
f 7850 7963 7854
f 7858 7970 7860
f 7860 7970 7862
f 7970 7971 7862
f 7972 7973 7974
f 7972 7971 7973
f 7972 7863 7971
f 7863 7862 7971
f 7865 7972 7974
f 7865 7974 7866
f 7866 7974 7975
f 7863 7972 7865
f 7868 7976 7977
f 7869 7868 7977
f 7975 7868 7866
f 7976 7868 7975
f 7977 7871 7869
f 7981 7982 7983
f 7981 7980 7982
f 7981 7873 7980
f 7875 7981 7983
f 7875 7983 7874
f 7874 7983 7984
f 7873 7981 7875
f 7876 7985 7986
f 7877 7876 7986
f 7984 7876 7874
f 7985 7876 7984
f 7879 7987 7988
f 7880 7879 7988
f 7986 7879 7877
f 7987 7879 7986
f 7990 7882 7885
f 7988 7885 7880
f 7990 7885 7988
f 7888 7994 7995
f 7889 7888 7995
f 7991 7888 7887
f 7991 7996 7888
f 7996 7994 7888
f 7992 7996 7991
f 7890 7997 7998
f 7891 7890 7998
f 7995 7890 7889
f 7997 7890 7995
f 7999 8000 8001
f 7999 7894 7893
f 7999 7893 8000
f 8000 7893 8002
f 7895 8003 7893
f 7893 8003 8002
f 7998 7895 7891
f 8003 7895 7998
f 8004 8005 8006
f 8001 8005 8004
f 7999 8001 8004
f 7999 8004 7897
f 7999 7897 7896
f 7894 7999 7896
f 7903 7902 8008
f 7904 8009 7902
f 8006 7905 8004
f 8006 8009 7905
f 8009 7904 7905
f 7897 8004 7905
f 7907 8010 7900
f 7908 8011 8012
f 7908 8012 7907
f 8017 7911 7910
f 8017 7910 8016
f 7912 8019 7910
f 7910 8019 8018
f 8008 7912 7903
f 8019 7912 8008
f 7908 7913 8011
f 7914 8011 7913
f 8013 8011 7914
f 8013 8020 8014
f 8013 7914 8020
f 7914 7915 8020
f 7917 8021 7915
f 7915 8021 8020
f 8022 8023 8024
f 8023 8022 8025
f 7919 8015 7918
f 8017 8015 7919
f 7911 8017 7919
f 7922 8027 7920
f 7920 8027 8026
f 7924 8028 7922
f 7922 8028 8027
f 8024 7926 8022
f 8024 8028 7926
f 8028 7924 7926
f 8022 8029 8025
f 8022 7926 8029
f 7926 7928 8029
f 7928 8030 8029
f 7933 8032 8033
f 7933 8033 7932
f 7932 8033 8031
f 8032 8034 8035
f 8033 8032 8035
f 8034 7935 7934
f 8034 7934 8035
f 7933 7936 8032
f 7937 8032 7936
f 8034 8032 7937
f 7935 8034 7937
f 7938 7940 8036
f 8036 8040 8037
f 8036 7940 8040
f 7940 7942 8040
f 8040 7942 7943
f 8041 8040 7943
f 8042 8043 8044
f 8039 8043 8042
f 8038 8039 8042
f 8038 8042 7945
f 8038 7945 7944
f 7939 8038 7944
f 7943 8045 8041
f 7946 8045 7943
f 8045 7946 7947
f 8046 8045 7947
f 8047 8048 8049
f 8044 8048 8047
f 8042 8044 8047
f 8042 8047 7949
f 8042 7949 7948
f 7945 8042 7948
f 8050 8047 8049
f 8051 8050 8049
f 7949 8050 7950
f 8047 8050 7949
f 7952 8050 8051
f 7952 8051 7953
f 7953 8051 8052
f 7950 8050 7952
f 8053 7954 7953
f 8053 7953 8054
f 8054 7953 8052
f 7954 8053 7955
f 7956 8053 8054
f 7956 8054 7957
f 7957 8054 8055
f 7955 8053 7956
f 7957 8055 7958
f 8055 8056 7958
f 7958 8056 7959
f 8056 8057 7959
f 8058 8059 8060
f 8058 8057 8059
f 8058 7960 8057
f 7960 7959 8057
f 8061 8058 8060
f 8062 8061 8060
f 7960 8061 7961
f 8058 8061 7960
f 8063 8061 8062
f 8064 8063 8062
f 7961 8063 7962
f 8061 8063 7961
f 7964 8063 8064
f 7964 8064 7965
f 7965 8064 8065
f 7962 8063 7964
f 7965 8065 7966
f 8065 8066 7966
f 7966 8066 7967
f 8066 8067 7967
f 8068 8069 8070
f 8068 8067 8069
f 8068 7968 8067
f 7968 7967 8067
f 7969 8068 8070
f 7969 8070 7970
f 7970 8070 8071
f 7968 8068 7969
f 8072 8073 8074
f 8072 8075 8076
f 8073 8072 8076
f 8075 8071 8076
f 8075 7971 8071
f 7971 7970 8071
f 8072 8074 8077
f 7973 8078 7974
f 7973 8072 8078
f 8072 8077 8078
f 8079 8080 8081
f 8079 8078 8080
f 8079 7975 8078
f 7975 7974 8078
f 7976 8079 8081
f 7976 8081 7977
f 7975 8079 7976
f 8084 8085 7978
f 7979 8086 8087
f 7980 7979 8087
f 8085 7979 7978
f 8086 7979 8085
f 7982 8088 8089
f 7983 7982 8089
f 8087 7982 7980
f 8088 7982 8087
f 8090 8091 8092
f 8090 8089 8091
f 8090 7984 8089
f 7984 7983 8089
f 8093 8094 8095
f 8092 8094 8093
f 8090 8092 8093
f 8090 8093 7986
f 8090 7986 7985
f 7984 8090 7985
f 8096 8097 8098
f 8095 8097 8096
f 8093 8095 8096
f 8093 8096 7988
f 8093 7988 7987
f 7986 8093 7987
f 8099 8100 8101
f 8098 8100 8099
f 8096 8098 8099
f 8096 8099 7989
f 8096 7989 7990
f 7988 8096 7990
f 8101 8104 8103
f 8099 8101 8103
f 8099 8103 7992
f 8099 7992 7993
f 7989 8099 7993
f 7994 8105 7995
f 7994 8102 8105
f 7996 8102 7994
f 7992 8103 7996
f 8107 8108 8109
f 8106 8108 8107
f 8105 8106 8107
f 8105 8107 7998
f 8105 7998 7997
f 7995 8105 7997
f 8000 8110 8111
f 8001 8000 8111
f 8109 8003 8107
f 8109 8112 8003
f 7998 8107 8003
f 8113 8116 8117
f 8116 8006 8005
f 8116 8005 8117
f 8117 8005 8118
f 8111 8005 8001
f 8118 8005 8111
f 8119 8120 8121
f 8115 8120 8119
f 8113 8115 8119
f 8113 8119 8008
f 8113 8008 8007
f 8009 8113 8007
f 8116 8113 8009
f 8006 8116 8009
f 8121 8019 8119
f 8121 8125 8019
f 8125 8018 8019
f 8008 8119 8019
f 8014 8020 8122
f 8122 8126 8123
f 8122 8020 8126
f 8020 8021 8126
f 8021 8127 8126
f 8129 8130 8131
f 8132 8133 8134
f 8132 8024 8023
f 8132 8023 8133
f 8133 8023 8135
f 8135 8023 8025
f 8136 8135 8025
f 8137 8138 8139
f 8137 8140 8141
f 8138 8137 8141
f 8130 8142 8131
f 8130 8026 8142
f 8026 8027 8142
f 8134 8028 8132
f 8134 8142 8028
f 8142 8027 8028
f 8024 8132 8028
f 8025 8143 8136
f 8029 8143 8025
f 8030 8144 8029
f 8029 8144 8143
f 8030 8145 8144
f 8139 8033 8137
f 8139 8145 8033
f 8145 8031 8033
f 8035 8137 8033
f 8140 8137 8035
f 8037 8148 8146
f 8040 8148 8037
f 8148 8040 8041
f 8149 8148 8041
f 8043 8150 8151
f 8044 8043 8151
f 8147 8043 8039
f 8150 8043 8147
f 8041 8152 8149
f 8045 8152 8041
f 8152 8045 8046
f 8153 8152 8046
f 8048 8154 8155
f 8049 8048 8155
f 8151 8048 8044
f 8154 8048 8151
f 8049 8155 8051
f 8157 8158 8054
f 8054 8158 8055
f 8158 8159 8055
f 8160 8161 8162
f 8160 8159 8161
f 8160 8056 8159
f 8056 8055 8159
f 8163 8160 8162
f 8164 8163 8162
f 8056 8163 8057
f 8160 8163 8056
f 8165 8166 8167
f 8164 8166 8165
f 8163 8164 8165
f 8163 8165 8060
f 8163 8060 8059
f 8057 8163 8059
f 8168 8060 8165
f 8168 8169 8060
f 8169 8062 8060
f 8062 8169 8064
f 8169 8170 8064
f 8064 8170 8065
f 8170 8171 8065
f 8174 8171 8175
f 8174 8066 8171
f 8066 8065 8171
f 8176 8172 8173
f 8177 8176 8173
f 8174 8172 8178
f 8178 8172 8176
f 8066 8178 8067
f 8174 8178 8066
f 8069 8179 8070
f 8069 8178 8176
f 8067 8178 8069
f 8070 8179 8071
f 8179 8180 8071
f 8180 8076 8071
f 8182 8076 8180
f 8183 8184 8185
f 8078 8185 8184
f 8078 8181 8185
f 8080 8184 8183
f 8080 8183 8081
f 8081 8183 8186
f 8078 8184 8080
f 8187 8188 8189
f 8187 8186 8188
f 8187 8082 8186
f 8082 8081 8186
f 8083 8187 8189
f 8083 8189 8084
f 8084 8189 8190
f 8082 8187 8083
f 8191 8192 8193
f 8191 8190 8192
f 8191 8085 8190
f 8085 8084 8190
f 8194 8195 8196
f 8193 8195 8194
f 8191 8193 8194
f 8191 8194 8087
f 8191 8087 8086
f 8085 8191 8086
f 8088 8194 8196
f 8088 8196 8089
f 8089 8196 8197
f 8087 8194 8088
f 8198 8201 8202
f 8199 8198 8202
f 8201 8092 8091
f 8201 8091 8202
f 8197 8091 8089
f 8203 8091 8197
f 8205 8204 8200
f 8094 8204 8095
f 8094 8201 8204
f 8201 8198 8204
f 8092 8201 8094
f 8097 8204 8205
f 8097 8205 8098
f 8098 8205 8206
f 8095 8204 8097
f 8100 8207 8208
f 8101 8100 8208
f 8206 8100 8098
f 8207 8100 8206
f 8208 8104 8101
f 8210 8104 8208
f 8209 8211 8106
f 8212 8109 8108
f 8212 8108 8213
f 8213 8108 8214
f 8211 8108 8106
f 8214 8108 8211
f 8109 8212 8112
f 8117 8220 8114
f 8217 8118 8215
f 8217 8220 8118
f 8220 8117 8118
f 8111 8215 8118
f 8222 8223 8224
f 8222 8225 8226
f 8223 8222 8226
f 8225 8121 8120
f 8225 8120 8226
f 8226 8120 8227
f 8219 8120 8115
f 8227 8120 8219
f 8221 8123 8228
f 8229 8228 8123
f 8228 8229 8230
f 8224 8124 8222
f 8224 8231 8124
f 8125 8222 8124
f 8225 8222 8125
f 8121 8225 8125
f 8123 8126 8229
f 8229 8232 8230
f 8229 8126 8232
f 8126 8127 8232
f 8128 8233 8127
f 8127 8233 8232
f 8129 8234 8128
f 8128 8234 8233
f 8131 8235 8236
f 8131 8236 8129
f 8129 8236 8234
f 8235 8134 8133
f 8235 8133 8236
f 8236 8133 8237
f 8135 8238 8133
f 8133 8238 8237
f 8136 8239 8240
f 8136 8240 8135
f 8135 8240 8238
f 8239 8241 8242
f 8240 8239 8242
f 8241 8243 8244
f 8242 8241 8244
f 8243 8139 8138
f 8243 8138 8244
f 8244 8138 8245
f 8138 8246 8245
f 8131 8142 8235
f 8134 8235 8142
f 8136 8143 8239
f 8144 8239 8143
f 8241 8239 8144
f 8145 8241 8144
f 8243 8241 8145
f 8139 8243 8145
f 8146 8148 8247
f 8149 8250 8251
f 8148 8149 8251
f 8148 8251 8248
f 8148 8248 8247
f 8251 8250 8252
f 8253 8254 8255
f 8253 8151 8150
f 8253 8150 8254
f 8254 8150 8256
f 8249 8150 8147
f 8256 8150 8249
f 8149 8152 8250
f 8250 8152 8153
f 8250 8153 8252
f 8252 8153 8257
f 8154 8253 8255
f 8154 8255 8155
f 8155 8255 8258
f 8151 8253 8154
f 8155 8258 8156
f 8258 8259 8156
f 8156 8259 8157
f 8259 8260 8157
f 8157 8260 8158
f 8260 8261 8158
f 8158 8261 8159
f 8261 8262 8159
f 8161 8263 8264
f 8162 8161 8264
f 8262 8161 8159
f 8263 8161 8262
f 8162 8264 8164
f 8266 8267 8169
f 8267 8268 8170
f 8269 8270 8271
f 8269 8268 8270
f 8269 8171 8268
f 8171 8170 8268
f 8171 8269 8175
f 8274 8272 8273
f 8275 8274 8273
f 8179 8274 8180
f 8272 8274 8179
f 8182 8274 8275
f 8182 8275 8181
f 8181 8275 8276
f 8180 8274 8182
f 8277 8183 8185
f 8277 8185 8278
f 8278 8185 8280
f 8276 8185 8181
f 8280 8185 8276
f 8281 8277 8279
f 8282 8281 8279
f 8183 8281 8186
f 8277 8281 8183
f 8188 8281 8282
f 8188 8282 8189
f 8189 8282 8283
f 8186 8281 8188
f 8284 8285 8286
f 8284 8283 8285
f 8284 8190 8283
f 8190 8189 8283
f 8192 8284 8286
f 8192 8286 8193
f 8193 8286 8287
f 8190 8284 8192
f 8195 8288 8289
f 8196 8195 8289
f 8287 8195 8193
f 8288 8195 8287
f 8290 8289 8291
f 8290 8197 8289
f 8197 8196 8289
f 8293 8199 8294
f 8197 8290 8203
f 8200 8296 8205
f 8297 8298 8299
f 8297 8296 8298
f 8297 8206 8296
f 8206 8205 8296
f 8300 8301 8302
f 8299 8301 8300
f 8297 8299 8300
f 8297 8300 8208
f 8297 8208 8207
f 8206 8297 8207
f 8302 8210 8300
f 8302 8305 8210
f 8208 8300 8210
f 8306 8307 8308
f 8303 8307 8211
f 8211 8307 8306
f 8308 8214 8306
f 8308 8312 8214
f 8312 8213 8214
f 8211 8306 8214
f 8216 8313 8314
f 8313 8216 8311
f 8315 8316 8317
f 8318 8319 8320
f 8318 8219 8218
f 8318 8218 8319
f 8319 8218 8321
f 8220 8322 8218
f 8218 8322 8321
f 8314 8220 8217
f 8322 8220 8314
f 8323 8324 8325
f 8317 8324 8323
f 8315 8317 8323
f 8315 8323 8224
f 8315 8224 8223
f 8223 8226 8326
f 8320 8227 8318
f 8320 8326 8227
f 8326 8226 8227
f 8219 8318 8227
f 8230 8328 8329
f 8230 8329 8228
f 8228 8329 8327
f 8328 8330 8331
f 8329 8328 8331
f 8331 8330 8332
f 8333 8335 8336
f 8334 8333 8336
f 8224 8323 8231
f 8230 8232 8328
f 8233 8328 8232
f 8330 8328 8233
f 8330 8337 8332
f 8330 8233 8337
f 8233 8234 8337
f 8236 8338 8234
f 8234 8338 8337
f 8338 8236 8237
f 8238 8333 8237
f 8335 8333 8238
f 8238 8240 8339
f 8242 8340 8240
f 8240 8340 8339
f 8244 8341 8242
f 8242 8341 8340
f 8245 8342 8244
f 8244 8342 8341
f 8246 8343 8245
f 8245 8343 8342
f 8248 8349 8346
f 8251 8349 8248
f 8349 8251 8252
f 8350 8349 8252
f 8254 8351 8352
f 8255 8254 8352
f 8348 8256 8347
f 8348 8351 8256
f 8351 8254 8256
f 8249 8347 8256
f 8353 8257 8354
f 8353 8350 8257
f 8350 8252 8257
f 8353 8354 8355
f 8356 8357 8358
f 8356 8352 8357
f 8356 8258 8352
f 8258 8255 8352
f 8359 8356 8358
f 8360 8359 8358
f 8258 8359 8259
f 8356 8359 8258
f 8361 8359 8360
f 8362 8361 8360
f 8259 8361 8260
f 8359 8361 8259
f 8363 8361 8362
f 8364 8363 8362
f 8260 8363 8261
f 8361 8363 8260
f 8365 8363 8364
f 8261 8365 8262
f 8363 8365 8261
f 8263 8365 8366
f 8263 8366 8264
f 8264 8366 8367
f 8262 8365 8263
f 8264 8367 8265
f 8367 8368 8265
f 8265 8368 8266
f 8368 8369 8266
f 8370 8371 8372
f 8370 8369 8371
f 8370 8267 8369
f 8267 8266 8369
f 8373 8370 8372
f 8374 8373 8372
f 8267 8373 8268
f 8370 8373 8267
f 8270 8373 8374
f 8270 8374 8271
f 8271 8374 8375
f 8268 8373 8270
f 8378 8379 8273
f 8380 8381 8382
f 8380 8379 8381
f 8380 8275 8379
f 8275 8273 8379
f 8383 8380 8382
f 8384 8383 8382
f 8275 8383 8276
f 8380 8383 8275
f 8278 8385 8386
f 8384 8280 8383
f 8384 8385 8280
f 8385 8278 8280
f 8276 8383 8280
f 8386 8387 8282
f 8282 8387 8283
f 8387 8388 8283
f 8391 8286 8285
f 8391 8285 8392
f 8392 8285 8393
f 8388 8285 8283
f 8393 8285 8388
f 8286 8395 8287
f 8391 8395 8286
f 8288 8395 8394
f 8288 8394 8289
f 8287 8395 8288
f 8397 8398 8399
f 8397 8292 8291
f 8397 8291 8398
f 8398 8291 8400
f 8396 8291 8289
f 8400 8291 8396
f 8294 8397 8399
f 8294 8399 8293
f 8293 8399 8401
f 8292 8397 8294
f 8295 8402 8403
f 8401 8295 8293
f 8402 8295 8401
f 8404 8405 8406
f 8404 8299 8298
f 8404 8298 8405
f 8405 8298 8407
f 8403 8298 8296
f 8407 8298 8403
f 8408 8409 8410
f 8406 8409 8408
f 8404 8406 8408
f 8404 8408 8302
f 8404 8302 8301
f 8299 8404 8301
f 8411 8412 8413
f 8410 8412 8411
f 8408 8410 8411
f 8408 8411 8304
f 8408 8304 8305
f 8302 8408 8305
f 8414 8415 8416
f 8414 8308 8307
f 8414 8307 8415
f 8415 8307 8417
f 8413 8309 8411
f 8413 8417 8309
f 8417 8307 8309
f 8304 8411 8309
f 8310 8418 8419
f 8311 8310 8419
f 8416 8312 8414
f 8416 8418 8312
f 8418 8310 8312
f 8308 8414 8312
f 8422 8314 8313
f 8422 8313 8421
f 8419 8313 8311
f 8423 8313 8419
f 8424 8320 8319
f 8424 8319 8425
f 8322 8420 8321
f 8422 8420 8322
f 8314 8422 8322
f 8426 8427 8428
f 8426 8429 8430
f 8427 8426 8430
f 8430 8429 8431
f 8432 8433 8434
f 8435 8325 8324
f 8435 8324 8436
f 8320 8424 8326
f 8428 8329 8426
f 8428 8437 8329
f 8437 8327 8329
f 8331 8426 8329
f 8429 8426 8331
f 8332 8438 8439
f 8331 8332 8439
f 8331 8439 8431
f 8331 8431 8429
f 8438 8440 8441
f 8439 8438 8441
f 8444 8445 8446
f 8444 8447 8448
f 8445 8444 8448
f 8447 8449 8450
f 8448 8447 8450
f 8434 8450 8449
f 8434 8449 8432
f 8432 8449 8451
f 8332 8337 8438
f 8338 8438 8337
f 8440 8438 8338
f 8340 8453 8339
f 8339 8453 8452
f 8446 8341 8444
f 8446 8453 8341
f 8453 8340 8341
f 8342 8444 8341
f 8447 8444 8342
f 8343 8447 8342
f 8449 8447 8343
f 8344 8449 8343
f 8451 8449 8344
f 8345 8451 8344
f 8346 8456 8454
f 8349 8456 8346
f 8456 8349 8350
f 8457 8456 8350
f 8351 8458 8459
f 8352 8351 8459
f 8455 8351 8348
f 8458 8351 8455
f 8350 8460 8457
f 8353 8460 8350
f 8355 8461 8462
f 8355 8462 8353
f 8353 8462 8460
f 8462 8461 8463
f 8357 8464 8465
f 8358 8357 8465
f 8459 8357 8352
f 8464 8357 8459
f 8358 8465 8360
f 8465 8467 8360
f 8360 8467 8362
f 8467 8469 8362
f 8470 8471 8472
f 8470 8469 8471
f 8470 8364 8469
f 8364 8362 8469
f 8473 8470 8472
f 8474 8473 8472
f 8470 8473 8364
f 8475 8476 8477
f 8474 8476 8475
f 8474 8475 8473
f 8473 8475 8478
f 8366 8478 8367
f 8473 8478 8366
f 8475 8480 8478
f 8367 8480 8368
f 8478 8480 8367
f 8481 8480 8479
f 8482 8481 8479
f 8368 8481 8369
f 8480 8481 8368
f 8371 8481 8482
f 8371 8482 8372
f 8372 8482 8483
f 8369 8481 8371
f 8484 8485 8486
f 8484 8483 8485
f 8484 8374 8483
f 8374 8372 8483
f 8487 8484 8486
f 8488 8487 8486
f 8374 8487 8375
f 8484 8487 8374
f 8489 8487 8488
f 8490 8489 8488
f 8375 8489 8376
f 8487 8489 8375
f 8377 8489 8490
f 8377 8490 8378
f 8378 8490 8491
f 8376 8489 8377
f 8492 8493 8494
f 8492 8491 8493
f 8492 8379 8491
f 8379 8378 8491
f 8495 8496 8497
f 8494 8496 8495
f 8492 8494 8495
f 8492 8495 8382
f 8492 8382 8381
f 8379 8492 8381
f 8498 8495 8497
f 8499 8498 8497
f 8382 8498 8384
f 8495 8498 8382
f 8385 8498 8499
f 8385 8499 8386
f 8386 8499 8500
f 8384 8498 8385
f 8386 8500 8387
f 8500 8501 8387
f 8502 8503 8504
f 8502 8501 8503
f 8502 8388 8501
f 8388 8387 8501
f 8389 8505 8506
f 8390 8389 8506
f 8504 8393 8502
f 8504 8507 8393
f 8507 8392 8393
f 8388 8502 8393
f 8510 8509 8508
f 8398 8511 8512
f 8399 8398 8512
f 8510 8400 8509
f 8510 8511 8400
f 8511 8398 8400
f 8396 8509 8400
f 8513 8514 8515
f 8513 8512 8514
f 8513 8401 8512
f 8401 8399 8512
f 8516 8517 8518
f 8515 8517 8516
f 8513 8515 8516
f 8513 8516 8403
f 8513 8403 8402
f 8401 8513 8402
f 8405 8519 8520
f 8406 8405 8520
f 8518 8407 8516
f 8518 8519 8407
f 8519 8405 8407
f 8403 8516 8407
f 8521 8410 8409
f 8521 8409 8522
f 8520 8409 8406
f 8523 8409 8520
f 8412 8524 8413
f 8412 8521 8524
f 8410 8521 8412
f 8415 8526 8527
f 8416 8415 8527
f 8525 8417 8524
f 8525 8526 8417
f 8526 8415 8417
f 8413 8524 8417
f 8529 8419 8418
f 8529 8418 8528
f 8528 8418 8530
f 8527 8418 8416
f 8530 8418 8527
f 8419 8529 8423
f 8532 8531 8533
f 8534 8428 8427
f 8534 8427 8535
f 8535 8427 8536
f 8536 8427 8430
f 8431 8537 8538
f 8430 8431 8538
f 8430 8538 8533
f 8430 8533 8531
f 8538 8537 8539
f 8541 8540 8542
f 8543 8544 8545
f 8544 8543 8546
f 8428 8534 8437
f 8431 8439 8537
f 8537 8547 8539
f 8537 8439 8547
f 8439 8441 8547
f 8443 8548 8549
f 8442 8443 8549
f 8442 8549 8542
f 8442 8542 8540
f 8548 8550 8551
f 8549 8548 8551
f 8545 8551 8550
f 8543 8545 8550
f 8543 8550 8446
f 8543 8446 8445
f 8543 8552 8546
f 8543 8445 8552
f 8445 8448 8552
f 8448 8553 8552
f 8443 8452 8548
f 8453 8548 8452
f 8550 8548 8453
f 8446 8550 8453
f 8454 8456 8554
f 8457 8558 8559
f 8456 8457 8559
f 8456 8559 8555
f 8456 8555 8554
f 8559 8558 8560
f 8561 8562 8563
f 8557 8562 8561
f 8556 8557 8561
f 8556 8561 8459
f 8556 8459 8458
f 8455 8556 8458
f 8457 8460 8558
f 8558 8564 8560
f 8558 8460 8564
f 8460 8462 8564
f 8564 8462 8463
f 8565 8564 8463
f 8566 8567 8568
f 8563 8567 8566
f 8561 8563 8566
f 8561 8566 8465
f 8561 8465 8464
f 8459 8561 8464
f 8463 8466 8565
f 8565 8466 8569
f 8570 8566 8568
f 8571 8570 8568
f 8465 8570 8467
f 8566 8570 8465
f 8466 8468 8569
f 8569 8468 8572
f 8573 8570 8571
f 8574 8573 8571
f 8467 8573 8469
f 8570 8573 8467
f 8468 8575 8572
f 8471 8573 8574
f 8471 8574 8472
f 8472 8574 8576
f 8469 8573 8471
f 8472 8576 8474
f 8576 8577 8474
f 8474 8577 8578
f 8578 8579 8479
f 8580 8581 8582
f 8580 8579 8581
f 8580 8482 8579
f 8482 8479 8579
f 8583 8580 8582
f 8584 8583 8582
f 8482 8583 8483
f 8580 8583 8482
f 8583 8585 8486
f 8583 8486 8485
f 8483 8583 8485
f 8587 8585 8586
f 8588 8587 8586
f 8486 8587 8488
f 8585 8587 8486
f 8589 8587 8588
f 8590 8589 8588
f 8488 8589 8490
f 8587 8589 8488
f 8591 8592 8593
f 8590 8592 8591
f 8590 8591 8589
f 8589 8591 8594
f 8490 8594 8491
f 8589 8594 8490
f 8595 8591 8593
f 8596 8595 8593
f 8493 8595 8494
f 8493 8594 8595
f 8594 8591 8595
f 8491 8594 8493
f 8496 8595 8596
f 8496 8596 8497
f 8497 8596 8597
f 8494 8595 8496
f 8497 8597 8499
f 8597 8598 8499
f 8499 8598 8500
f 8598 8599 8500
f 8600 8601 8602
f 8600 8599 8601
f 8600 8501 8599
f 8501 8500 8599
f 8603 8604 8605
f 8602 8604 8603
f 8600 8602 8603
f 8600 8603 8504
f 8600 8504 8503
f 8501 8600 8503
f 8505 8606 8506
f 8603 8605 8607
f 8603 8607 8505
f 8603 8505 8507
f 8606 8505 8607
f 8504 8603 8507
f 8606 8608 8609
f 8606 8609 8506
f 8506 8609 8508
f 8607 8608 8606
f 8610 8611 8612
f 8610 8609 8611
f 8610 8510 8609
f 8510 8508 8609
f 8613 8614 8615
f 8612 8614 8613
f 8610 8612 8613
f 8610 8613 8512
f 8610 8512 8511
f 8510 8610 8511
f 8616 8617 8618
f 8615 8617 8616
f 8613 8615 8616
f 8613 8616 8515
f 8613 8515 8514
f 8512 8613 8514
f 8619 8620 8621
f 8618 8620 8619
f 8616 8618 8619
f 8616 8619 8518
f 8616 8518 8517
f 8515 8616 8517
f 8622 8623 8624
f 8621 8623 8622
f 8619 8621 8622
f 8619 8622 8520
f 8619 8520 8519
f 8518 8619 8519
f 8624 8523 8622
f 8624 8627 8523
f 8520 8622 8523
f 8628 8629 8630
f 8628 8626 8629
f 8628 8525 8626
f 8631 8633 8634
f 8632 8631 8634
f 8630 8634 8633
f 8628 8630 8633
f 8628 8633 8527
f 8628 8527 8526
f 8525 8628 8526
f 8530 8631 8528
f 8633 8631 8530
f 8527 8633 8530
f 8536 8635 8535
f 8539 8636 8637
f 8539 8637 8538
f 8539 8547 8636
f 8555 8640 8638
f 8559 8640 8555
f 8640 8559 8560
f 8641 8640 8560
f 8562 8642 8643
f 8563 8562 8643
f 8639 8562 8557
f 8642 8562 8639
f 8560 8644 8641
f 8564 8644 8560
f 8644 8564 8565
f 8645 8644 8565
f 8567 8646 8647
f 8568 8567 8647
f 8643 8567 8563
f 8646 8567 8643
f 8565 8569 8645
f 8645 8569 8648
f 8568 8647 8571
f 8647 8649 8571
f 8569 8572 8648
f 8648 8572 8650
f 8571 8649 8574
f 8649 8651 8574
f 8650 8572 8575
f 8574 8651 8576
f 8651 8652 8576
f 8576 8652 8577
f 8652 8653 8577
f 8654 8655 8656
f 8654 8653 8655
f 8654 8578 8653
f 8578 8577 8653
f 8657 8654 8656
f 8658 8657 8656
f 8578 8657 8579
f 8654 8657 8578
f 8581 8657 8658
f 8581 8658 8582
f 8582 8658 8659
f 8579 8657 8581
f 8582 8659 8584
f 8659 8660 8584
f 8663 8664 8590
f 8593 8665 8596
f 8665 8666 8596
f 8596 8666 8597
f 8666 8667 8597
f 8597 8667 8598
f 8667 8668 8598
f 8669 8670 8671
f 8669 8672 8673
f 8670 8669 8673
f 8672 8668 8673
f 8672 8599 8668
f 8599 8598 8668
f 8674 8669 8671
f 8675 8674 8671
f 8601 8674 8602
f 8601 8672 8674
f 8672 8669 8674
f 8599 8672 8601
f 8604 8674 8675
f 8604 8675 8605
f 8602 8674 8604
f 8677 8678 8679
f 8677 8676 8678
f 8677 8607 8676
f 8607 8605 8676
f 8677 8679 8680
f 8677 8680 8609
f 8677 8609 8608
f 8607 8677 8608
f 8611 8680 8681
f 8611 8681 8612
f 8609 8680 8611
f 8685 8615 8614
f 8685 8614 8686
f 8686 8614 8687
f 8682 8614 8612
f 8687 8614 8682
f 8688 8683 8684
f 8689 8688 8684
f 8617 8688 8618
f 8617 8685 8688
f 8615 8685 8617
f 8690 8691 8692
f 8689 8691 8690
f 8688 8689 8690
f 8688 8690 8621
f 8688 8621 8620
f 8618 8688 8620
f 8693 8694 8695
f 8692 8694 8693
f 8690 8692 8693
f 8690 8693 8624
f 8690 8624 8623
f 8621 8690 8623
f 8625 8696 8697
f 8626 8625 8697
f 8695 8627 8693
f 8695 8696 8627
f 8624 8693 8627
f 8698 8699 8700
f 8698 8630 8629
f 8698 8629 8699
f 8699 8629 8701
f 8697 8629 8626
f 8701 8629 8697
f 8700 8634 8698
f 8700 8703 8634
f 8703 8632 8634
f 8630 8698 8634
f 8638 8640 8704
f 8641 8708 8709
f 8640 8641 8709
f 8640 8709 8705
f 8640 8705 8704
f 8709 8708 8710
f 8711 8712 8713
f 8707 8712 8711
f 8706 8707 8711
f 8706 8711 8643
f 8706 8643 8642
f 8639 8706 8642
f 8641 8644 8708
f 8645 8714 8715
f 8644 8645 8715
f 8644 8715 8710
f 8644 8710 8708
f 8715 8714 8716
f 8717 8718 8719
f 8713 8718 8717
f 8711 8713 8717
f 8711 8717 8647
f 8711 8647 8646
f 8643 8711 8646
f 8714 8648 8720
f 8645 8648 8714
f 8721 8716 8714
f 8720 8721 8714
f 8722 8717 8719
f 8723 8722 8719
f 8647 8722 8649
f 8717 8722 8647
f 8720 8650 8724
f 8648 8650 8720
f 8725 8721 8720
f 8724 8725 8720
f 8726 8722 8723
f 8727 8726 8723
f 8649 8726 8651
f 8722 8726 8649
f 8724 8728 8725
f 8729 8730 8731
f 8727 8730 8729
f 8727 8729 8726
f 8726 8729 8732
f 8651 8732 8652
f 8726 8732 8651
f 8729 8734 8732
f 8652 8734 8653
f 8732 8734 8652
f 8655 8734 8733
f 8655 8733 8656
f 8656 8733 8735
f 8653 8734 8655
f 8656 8735 8658
f 8735 8736 8658
f 8737 8738 8739
f 8737 8736 8738
f 8737 8659 8736
f 8659 8658 8736
f 8740 8737 8739
f 8741 8740 8739
f 8659 8740 8660
f 8737 8740 8659
f 8661 8740 8741
f 8661 8741 8662
f 8662 8741 8742
f 8660 8740 8661
f 8662 8742 8663
f 8742 8743 8663
f 8744 8745 8746
f 8744 8743 8745
f 8744 8664 8743
f 8664 8663 8743
f 8665 8746 8747
f 8665 8747 8666
f 8747 8748 8666
f 8749 8750 8751
f 8749 8748 8750
f 8749 8667 8748
f 8667 8666 8748
f 8752 8749 8751
f 8753 8752 8751
f 8667 8752 8668
f 8749 8752 8667
f 8670 8754 8755
f 8671 8670 8755
f 8753 8673 8752
f 8753 8754 8673
f 8754 8670 8673
f 8668 8752 8673
f 8757 8759 8758
f 8756 8757 8758
f 8756 8758 8679
f 8756 8679 8678
f 8676 8756 8678
f 8761 8687 8760
f 8761 8764 8687
f 8764 8686 8687
f 8682 8760 8687
f 8691 8766 8767
f 8692 8691 8767
f 8766 8691 8765
f 8694 8768 8769
f 8695 8694 8769
f 8767 8694 8692
f 8768 8694 8767
f 8770 8771 8772
f 8773 8775 8776
f 8774 8773 8776
f 8775 8697 8696
f 8775 8696 8776
f 8776 8696 8777
f 8769 8696 8695
f 8777 8696 8769
f 8772 8779 8778
f 8772 8778 8770
f 8770 8778 8780
f 8699 8780 8700
f 8699 8773 8780
f 8701 8773 8699
f 8775 8773 8701
f 8697 8775 8701
f 8703 8778 8702
f 8780 8778 8703
f 8700 8780 8703
f 8705 8709 8781
f 8781 8709 8710
f 8781 8710 8782
f 8782 8710 8784
f 8712 8785 8786
f 8713 8712 8786
f 8783 8712 8707
f 8785 8712 8783
f 8710 8787 8784
f 8715 8787 8710
f 8787 8715 8716
f 8788 8787 8716
f 8718 8789 8790
f 8719 8718 8790
f 8786 8718 8713
f 8789 8718 8786
f 8791 8721 8792
f 8791 8788 8721
f 8788 8716 8721
f 8791 8792 8793
f 8719 8790 8723
f 8790 8794 8723
f 8792 8795 8796
f 8792 8721 8795
f 8721 8725 8795
f 8793 8792 8796
f 8797 8798 8799
f 8797 8794 8798
f 8797 8727 8794
f 8727 8723 8794
f 8725 8728 8795
f 8730 8797 8799
f 8730 8799 8731
f 8731 8799 8801
f 8727 8797 8730
f 8805 8803 8804
f 8806 8805 8804
f 8733 8805 8735
f 8803 8805 8733
f 8807 8805 8806
f 8808 8807 8806
f 8735 8807 8736
f 8805 8807 8735
f 8738 8807 8808
f 8738 8808 8739
f 8739 8808 8809
f 8736 8807 8738
f 8810 8811 8812
f 8810 8809 8811
f 8810 8741 8809
f 8813 8810 8812
f 8814 8813 8812
f 8741 8813 8742
f 8810 8813 8741
f 8815 8816 8817
f 8814 8816 8815
f 8814 8815 8813
f 8813 8815 8818
f 8742 8818 8743
f 8813 8818 8742
f 8745 8819 8746
f 8745 8818 8815
f 8743 8818 8745
f 8820 8821 8822
f 8820 8819 8821
f 8820 8747 8819
f 8747 8746 8819
f 8823 8820 8822
f 8824 8823 8822
f 8747 8823 8748
f 8820 8823 8747
f 8750 8823 8824
f 8750 8824 8751
f 8751 8824 8825
f 8748 8823 8750
f 8751 8825 8753
f 8825 8826 8753
f 8826 8754 8753
f 8830 8831 8757
f 8831 8759 8757
f 8834 8759 8831
f 8836 8837 8838
f 8836 8835 8837
f 8836 8761 8835
f 8762 8839 8840
f 8763 8762 8840
f 8838 8764 8836
f 8838 8839 8764
f 8839 8762 8764
f 8761 8836 8764
f 8843 8844 8845
f 8843 8840 8844
f 8843 8765 8840
f 8765 8763 8840
f 8845 8848 8849
f 8843 8845 8849
f 8843 8849 8767
f 8843 8767 8766
f 8765 8843 8766
f 8850 8846 8847
f 8851 8850 8847
f 8768 8850 8769
f 8768 8849 8850
f 8849 8846 8850
f 8767 8849 8768
f 8776 8853 8774
f 8774 8853 8852
f 8851 8777 8850
f 8851 8853 8777
f 8853 8776 8777
f 8769 8850 8777
f 8857 8784 8858
f 8857 8854 8784
f 8854 8782 8784
f 8857 8858 8859
f 8860 8861 8862
f 8856 8861 8860
f 8855 8856 8860
f 8855 8860 8786
f 8855 8786 8785
f 8783 8855 8785
f 8784 8787 8858
f 8788 8863 8864
f 8787 8788 8864
f 8787 8864 8859
f 8787 8859 8858
f 8863 8865 8866
f 8864 8863 8866
f 8868 8869 8870
f 8862 8869 8868
f 8860 8862 8868
f 8860 8868 8790
f 8860 8790 8789
f 8786 8860 8789
f 8788 8791 8863
f 8871 8863 8793
f 8871 8793 8872
f 8791 8793 8863
f 8867 8865 8871
f 8873 8868 8870
f 8874 8873 8870
f 8790 8873 8794
f 8868 8873 8790
f 8796 8795 8875
f 8796 8875 8876
f 8796 8876 8793
f 8793 8876 8872
f 8799 8874 8877
f 8875 8800 8878
f 8795 8800 8875
f 8879 8876 8875
f 8878 8879 8875
f 8799 8877 8801
f 8877 8880 8801
f 8800 8802 8878
f 8802 8879 8878
f 8880 8881 8804
f 8804 8881 8806
f 8881 8882 8806
f 8883 8884 8885
f 8883 8882 8884
f 8883 8808 8882
f 8808 8806 8882
f 8886 8883 8885
f 8887 8886 8885
f 8808 8886 8809
f 8883 8886 8808
f 8811 8886 8887
f 8811 8887 8812
f 8812 8887 8888
f 8809 8886 8811
f 8821 8892 8893
f 8821 8893 8822
f 8822 8893 8894
f 8819 8892 8821
f 8822 8894 8824
f 8894 8895 8824
f 8896 8897 8898
f 8896 8895 8897
f 8896 8825 8895
f 8825 8824 8895
f 8899 8900 8901
f 8898 8900 8899
f 8898 8899 8896
f 8896 8899 8902
f 8825 8902 8826
f 8896 8902 8825
f 8903 8899 8901
f 8827 8903 8828
f 8827 8902 8903
f 8902 8899 8903
f 8826 8902 8827
f 8829 8903 8904
f 8829 8904 8830
f 8830 8904 8905
f 8828 8903 8829
f 8906 8907 8908
f 8906 8905 8907
f 8906 8831 8905
f 8831 8830 8905
f 8832 8909 8910
f 8833 8832 8910
f 8908 8834 8906
f 8908 8909 8834
f 8909 8832 8834
f 8831 8906 8834
f 8911 8912 8913
f 8911 8910 8912
f 8911 8835 8910
f 8835 8833 8910
f 8914 8915 8916
f 8913 8915 8914
f 8911 8913 8914
f 8911 8914 8838
f 8911 8838 8837
f 8835 8911 8837
f 8917 8918 8919
f 8916 8918 8917
f 8914 8916 8917
f 8914 8917 8840
f 8914 8840 8839
f 8838 8914 8839
f 8841 8920 8921
f 8842 8841 8921
f 8919 8923 8922
f 8917 8919 8922
f 8917 8922 8845
f 8917 8845 8844
f 8840 8917 8844
f 8921 8924 8847
f 8845 8922 8848
f 8925 8924 8926
f 8925 8851 8924
f 8851 8847 8924
f 8851 8925 8853
f 8854 8857 8927
f 8859 8931 8932
f 8857 8859 8932
f 8857 8932 8928
f 8857 8928 8927
f 8932 8931 8933
f 8934 8935 8936
f 8930 8935 8934
f 8929 8930 8934
f 8929 8934 8862
f 8929 8862 8861
f 8856 8929 8861
f 8859 8864 8931
f 8931 8937 8933
f 8931 8864 8937
f 8864 8866 8937
f 8939 8940 8941
f 8936 8940 8939
f 8934 8936 8939
f 8934 8939 8870
f 8934 8870 8869
f 8862 8934 8869
f 8871 8872 8942
f 8871 8942 8943
f 8871 8943 8867
f 8867 8943 8938
f 8944 8939 8941
f 8945 8944 8941
f 8870 8944 8874
f 8939 8944 8870
f 8942 8876 8946
f 8872 8876 8942
f 8947 8943 8942
f 8946 8947 8942
f 8948 8944 8945
f 8949 8948 8945
f 8874 8948 8877
f 8944 8948 8874
f 8946 8879 8950
f 8876 8879 8946
f 8951 8947 8946
f 8950 8951 8946
f 8952 8948 8949
f 8953 8952 8949
f 8877 8952 8880
f 8948 8952 8877
f 8954 8952 8953
f 8955 8954 8953
f 8880 8954 8881
f 8952 8954 8880
f 8956 8954 8955
f 8957 8956 8955
f 8881 8956 8882
f 8954 8956 8881
f 8958 8959 8960
f 8957 8959 8958
f 8956 8957 8958
f 8956 8958 8885
f 8956 8885 8884
f 8882 8956 8884
f 8961 8958 8960
f 8962 8961 8960
f 8885 8961 8887
f 8961 8962 8963
f 8963 8887 8961
f 8963 8964 8887
f 8964 8888 8887
f 8965 8966 8967
f 8965 8964 8966
f 8965 8889 8964
f 8889 8888 8964
f 8890 8965 8967
f 8890 8967 8891
f 8891 8967 8968
f 8889 8965 8890
f 8969 8970 8971
f 8969 8968 8970
f 8969 8893 8968
f 8893 8891 8968
f 8972 8969 8971
f 8973 8972 8971
f 8893 8972 8894
f 8969 8972 8893
f 8974 8972 8973
f 8975 8974 8973
f 8894 8974 8895
f 8972 8974 8894
f 8976 8977 8978
f 8975 8977 8976
f 8974 8975 8976
f 8974 8976 8898
f 8974 8898 8897
f 8895 8974 8897
f 8979 8980 8981
f 8978 8980 8979
f 8976 8978 8979
f 8976 8979 8901
f 8976 8901 8900
f 8898 8976 8900
f 8983 8982 8981
f 8984 8982 8983
f 8985 8984 8983
f 8904 8984 8905
f 8982 8984 8904
f 8986 8987 8988
f 8985 8987 8986
f 8984 8985 8986
f 8984 8986 8908
f 8984 8908 8907
f 8905 8984 8907
f 8989 8992 8993
f 8990 8989 8993
f 8988 8993 8992
f 8986 8988 8992
f 8986 8992 8910
f 8986 8910 8909
f 8908 8986 8909
f 8912 8994 8913
f 8912 8992 8994
f 8910 8992 8912
f 8996 8997 8998
f 8995 8997 8996
f 8994 8995 8996
f 8994 8996 8916
f 8994 8916 8915
f 8913 8994 8915
f 8999 9000 9001
f 8998 9000 8999
f 8996 8998 8999
f 8996 8999 8919
f 8996 8919 8918
f 8916 8996 8918
f 8920 9002 9003
f 8921 8920 9003
f 9001 8923 8999
f 9001 9002 8923
f 9002 8920 8923
f 8919 8999 8923
f 9004 9003 9005
f 9004 8924 9003
f 8924 8921 9003
f 8924 9004 8926
f 8928 8932 9006
f 8933 9009 9010
f 8932 8933 9010
f 8932 9010 9007
f 8932 9007 9006
f 9010 9009 9011
f 8935 9012 9013
f 8936 8935 9013
f 9008 8935 8930
f 9012 8935 9008
f 8933 8937 9009
f 8938 9014 9015
f 8937 8938 9015
f 8937 9015 9011
f 8937 9011 9009
f 9015 9014 9016
f 8940 9017 9018
f 8941 8940 9018
f 9013 8940 8936
f 9017 8940 9013
f 9014 9019 9020
f 9014 8938 9019
f 8938 8943 9019
f 9016 9014 9020
f 8941 9018 8945
f 9018 9021 8945
f 8943 8947 9019
f 9019 8947 9022
f 8945 9021 8949
f 9021 9023 8949
f 8947 8951 9022
f 9022 8951 9024
f 9025 9026 9027
f 9025 9023 9026
f 9025 8953 9023
f 8953 8949 9023
f 9030 9031 9032
f 9027 9031 9030
f 9027 9030 9025
f 9025 9030 9033
f 8953 9033 8955
f 9025 9033 8953
f 9030 9035 9033
f 8955 9035 8957
f 9033 9035 8955
f 8959 9035 9034
f 8959 9034 8960
f 8957 9035 8959
f 9036 9037 8962
f 8963 9038 9040
f 8963 9037 9038
f 8963 8962 9037
f 9039 9038 9037
f 8963 9040 8964
f 8966 9041 8967
f 8966 9040 9041
f 9040 9038 9041
f 8964 9040 8966
f 8967 9042 8968
f 9041 9042 8967
f 8970 9042 9043
f 8970 9043 8971
f 8971 9043 9044
f 8968 9042 8970
f 8971 9044 8973
f 9044 9045 8973
f 9046 9047 9048
f 9046 9045 9047
f 9046 8975 9045
f 8975 8973 9045
f 9049 9050 9051
f 9048 9050 9049
f 9046 9048 9049
f 9046 9049 8978
f 9046 8978 8977
f 8975 9046 8977
f 8980 9049 9051
f 8980 9051 8981
f 8981 9051 9052
f 8978 9049 8980
f 9053 9052 9054
f 9053 8983 9052
f 8983 8981 9052
f 9057 9056 9055
f 8983 9056 8985
f 9053 9056 8983
f 9058 9059 9060
f 9058 9061 9062
f 9059 9058 9062
f 9057 9062 9061
f 9056 9057 9061
f 9056 9061 8988
f 9056 8988 8987
f 8985 9056 8987
f 8990 9058 9060
f 8990 9060 8991
f 8991 9060 9063
f 9061 9058 8993
f 8988 9061 8993
f 9064 9065 9066
f 9064 9063 9065
f 9064 8995 9063
f 9066 9071 9070
f 9064 9066 9070
f 9064 9070 8998
f 9064 8998 8997
f 8995 9064 8997
f 9072 9067 9068
f 9073 9072 9068
f 9069 9067 9074
f 9074 9067 9072
f 9000 9074 9001
f 9000 9070 9074
f 8998 9070 9000
f 9075 9072 9073
f 9002 9075 9003
f 9002 9074 9075
f 9074 9072 9075
f 9001 9074 9002
f 9003 9075 9005
f 9007 9079 9076
f 9010 9079 9007
f 9079 9010 9011
f 9080 9079 9011
f 9081 9082 9083
f 9078 9082 9081
f 9077 9078 9081
f 9077 9081 9013
f 9077 9013 9012
f 9008 9077 9012
f 9011 9084 9080
f 9015 9084 9011
f 9084 9015 9016
f 9085 9084 9016
f 9086 9087 9088
f 9083 9087 9086
f 9081 9083 9086
f 9081 9086 9018
f 9081 9018 9017
f 9013 9081 9017
f 9020 9019 9089
f 9020 9089 9090
f 9020 9090 9016
f 9016 9090 9085
f 9091 9086 9088
f 9092 9091 9088
f 9018 9091 9021
f 9086 9091 9018
f 9089 9022 9093
f 9019 9022 9089
f 9094 9090 9089
f 9093 9094 9089
f 9095 9091 9092
f 9096 9095 9092
f 9021 9095 9023
f 9091 9095 9021
f 9093 9024 9097
f 9022 9024 9093
f 9098 9094 9093
f 9098 9093 9099
f 9099 9093 9097
f 9098 9099 9100
f 9026 9095 9096
f 9026 9096 9027
f 9027 9096 9101
f 9023 9095 9026
f 9024 9028 9097
f 9029 9097 9028
f 9029 9102 9097
f 9102 9099 9097
f 9103 9100 9099
f 9102 9103 9099
f 9027 9101 9104
f 9102 9105 9106
f 9102 9029 9105
f 9103 9102 9106
f 9104 9107 9034
f 9034 9107 9036
f 9107 9108 9036
f 9109 9110 9111
f 9109 9108 9110
f 9109 9037 9108
f 9037 9036 9108
f 9037 9109 9039
f 9115 9113 9114
f 9116 9115 9114
f 9043 9115 9044
f 9113 9115 9043
f 9117 9115 9116
f 9118 9117 9116
f 9044 9117 9045
f 9115 9117 9044
f 9119 9120 9121
f 9118 9120 9119
f 9117 9118 9119
f 9117 9119 9048
f 9117 9048 9047
f 9045 9117 9047
f 9050 9119 9121
f 9050 9121 9051
f 9051 9121 9122
f 9048 9119 9050
f 9123 9124 9125
f 9123 9122 9124
f 9123 9052 9122
f 9052 9051 9122
f 9052 9123 9054
f 9128 9126 9127
f 9129 9128 9127
f 9055 9128 9057
f 9059 9130 9131
f 9060 9059 9131
f 9129 9062 9128
f 9129 9130 9062
f 9130 9059 9062
f 9057 9128 9062
f 9132 9133 9134
f 9132 9131 9133
f 9132 9063 9131
f 9063 9060 9131
f 9135 9136 9137
f 9134 9136 9135
f 9132 9134 9135
f 9132 9135 9066
f 9132 9066 9065
f 9063 9132 9065
f 9137 9071 9135
f 9137 9139 9071
f 9066 9135 9071
f 9076 9079 9140
f 9080 9144 9145
f 9079 9080 9145
f 9079 9145 9141
f 9079 9141 9140
f 9145 9144 9146
f 9147 9148 9149
f 9143 9148 9147
f 9142 9143 9147
f 9142 9147 9083
f 9142 9083 9082
f 9078 9142 9082
f 9080 9084 9144
f 9085 9150 9151
f 9084 9085 9151
f 9084 9151 9146
f 9084 9146 9144
f 9151 9150 9152
f 9153 9154 9155
f 9149 9154 9153
f 9147 9149 9153
f 9147 9153 9088
f 9147 9088 9087
f 9083 9147 9087
f 9150 9090 9156
f 9085 9090 9150
f 9157 9152 9150
f 9156 9157 9150
f 9158 9153 9155
f 9159 9158 9155
f 9088 9158 9092
f 9153 9158 9088
f 9156 9094 9160
f 9090 9094 9156
f 9161 9157 9156
f 9161 9156 9162
f 9162 9156 9160
f 9161 9162 9163
f 9164 9158 9159
f 9165 9164 9159
f 9092 9164 9096
f 9158 9164 9092
f 9094 9098 9160
f 9100 9160 9098
f 9100 9166 9160
f 9166 9162 9160
f 9167 9163 9162
f 9166 9167 9162
f 9168 9164 9165
f 9169 9168 9165
f 9096 9168 9101
f 9164 9168 9096
f 9166 9103 9170
f 9100 9103 9166
f 9171 9167 9166
f 9170 9171 9166
f 9172 9168 9169
f 9173 9172 9169
f 9101 9172 9104
f 9168 9172 9101
f 9106 9105 9174
f 9106 9174 9175
f 9103 9106 9175
f 9103 9175 9176
f 9103 9176 9170
f 9171 9170 9176
f 9173 9180 9179
f 9173 9179 9172
f 9172 9179 9181
f 9104 9181 9107
f 9172 9181 9104
f 9181 9179 9184
f 9184 9179 9183
f 9107 9184 9108
f 9181 9184 9107
f 9185 9183 9182
f 9186 9185 9182
f 9110 9185 9111
f 9110 9184 9185
f 9184 9183 9185
f 9108 9184 9110
f 9112 9186 9187
f 9191 9190 9189
f 9192 9190 9191
f 9193 9192 9191
f 9114 9192 9116
f 9190 9192 9114
f 9194 9195 9196
f 9193 9195 9194
f 9193 9194 9192
f 9192 9194 9197
f 9116 9197 9118
f 9192 9197 9116
f 9198 9194 9196
f 9199 9198 9196
f 9120 9198 9121
f 9120 9197 9198
f 9197 9194 9198
f 9118 9197 9120
f 9200 9198 9199
f 9201 9200 9199
f 9121 9200 9122
f 9198 9200 9121
f 9202 9203 9204
f 9202 9205 9206
f 9203 9202 9206
f 9201 9206 9205
f 9200 9201 9205
f 9200 9205 9125
f 9200 9125 9124
f 9122 9200 9124
f 9208 9207 9204
f 9209 9207 9208
f 9210 9209 9208
f 9127 9209 9129
f 9207 9209 9127
f 9211 9212 9213
f 9211 9214 9215
f 9212 9211 9215
f 9210 9215 9214
f 9209 9210 9214
f 9209 9214 9131
f 9209 9131 9130
f 9129 9209 9130
f 9216 9211 9213
f 9133 9216 9134
f 9133 9214 9216
f 9214 9211 9216
f 9131 9214 9133
f 9218 9219 9220
f 9217 9219 9218
f 9216 9217 9218
f 9216 9218 9137
f 9216 9137 9136
f 9134 9216 9136
f 9220 9139 9218
f 9220 9221 9139
f 9221 9138 9139
f 9137 9218 9139
f 9141 9145 9222
f 9146 9226 9227
f 9145 9146 9227
f 9145 9227 9223
f 9145 9223 9222
f 9227 9226 9228
f 9229 9230 9231
f 9225 9230 9229
f 9224 9225 9229
f 9224 9229 9149
f 9224 9149 9148
f 9143 9224 9148
f 9146 9151 9226
f 9152 9232 9233
f 9151 9152 9233
f 9151 9233 9228
f 9151 9228 9226
f 9233 9232 9234
f 9235 9236 9237
f 9231 9236 9235
f 9229 9231 9235
f 9229 9235 9155
f 9229 9155 9154
f 9149 9229 9154
f 9232 9157 9238
f 9152 9157 9232
f 9239 9234 9232
f 9238 9239 9232
f 9240 9235 9237
f 9241 9240 9237
f 9155 9240 9159
f 9235 9240 9155
f 9157 9161 9238
f 9238 9161 9163
f 9238 9163 9239
f 9239 9163 9242
f 9243 9240 9241
f 9244 9243 9241
f 9159 9243 9165
f 9240 9243 9159
f 9245 9167 9246
f 9245 9242 9167
f 9242 9163 9167
f 9245 9246 9247
f 9248 9243 9244
f 9249 9248 9244
f 9165 9248 9169
f 9243 9248 9165
f 9167 9171 9250
f 9251 9248 9249
f 9252 9251 9249
f 9169 9251 9173
f 9248 9251 9169
f 9176 9175 9253
f 9176 9253 9254
f 9176 9254 9171
f 9177 9255 9256
f 9178 9177 9256
f 9252 9180 9251
f 9252 9255 9180
f 9173 9251 9180
f 9259 9257 9258
f 9260 9259 9258
f 9182 9259 9186
f 9257 9259 9182
f 9261 9259 9260
f 9262 9261 9260
f 9186 9261 9187
f 9259 9261 9186
f 9188 9261 9262
f 9188 9262 9189
f 9189 9262 9263
f 9187 9261 9188
f 9264 9265 9266
f 9264 9263 9265
f 9264 9191 9263
f 9191 9189 9263
f 9267 9268 9269
f 9266 9268 9267
f 9266 9267 9264
f 9191 9270 9193
f 9264 9270 9191
f 9271 9267 9269
f 9272 9271 9269
f 9195 9271 9196
f 9195 9270 9271
f 9270 9267 9271
f 9193 9270 9195
f 9273 9271 9272
f 9274 9273 9272
f 9196 9273 9199
f 9271 9273 9196
f 9275 9276 9277
f 9274 9276 9275
f 9274 9275 9273
f 9273 9275 9278
f 9199 9278 9201
f 9273 9278 9199
f 9203 9275 9277
f 9203 9277 9204
f 9204 9277 9279
f 9206 9275 9203
f 9278 9275 9206
f 9201 9278 9206
f 9280 9281 9282
f 9280 9279 9281
f 9280 9208 9279
f 9208 9204 9279
f 9283 9284 9285
f 9283 9286 9287
f 9284 9283 9287
f 9282 9287 9286
f 9282 9286 9280
f 9280 9286 9288
f 9208 9288 9210
f 9280 9288 9208
f 9289 9283 9285
f 9290 9289 9285
f 9212 9289 9213
f 9212 9286 9289
f 9286 9283 9289
f 9215 9286 9212
f 9288 9286 9215
f 9210 9288 9215
f 9292 9291 9290
f 9293 9295 9296
f 9294 9293 9296
f 9295 9297 9298
f 9296 9295 9298
f 9292 9298 9297
f 9291 9292 9297
f 9291 9297 9220
f 9291 9220 9219
f 9217 9291 9219
f 9297 9295 9221
f 9220 9297 9221
f 9223 9227 9299
f 9228 9303 9304
f 9227 9228 9304
f 9227 9304 9300
f 9227 9300 9299
f 9304 9303 9305
f 9306 9307 9308
f 9302 9307 9306
f 9301 9302 9306
f 9301 9306 9231
f 9301 9231 9230
f 9225 9301 9230
f 9228 9233 9303
f 9234 9309 9310
f 9233 9234 9310
f 9233 9310 9305
f 9233 9305 9303
f 9310 9309 9311
f 9312 9313 9314
f 9308 9313 9312
f 9306 9308 9312
f 9306 9312 9237
f 9306 9237 9236
f 9231 9306 9236
f 9309 9239 9315
f 9234 9239 9309
f 9316 9311 9309
f 9315 9316 9309
f 9317 9312 9314
f 9318 9317 9314
f 9237 9317 9241
f 9312 9317 9237
f 9315 9242 9319
f 9239 9242 9315
f 9320 9316 9315
f 9319 9320 9315
f 9321 9317 9318
f 9322 9321 9318
f 9241 9321 9244
f 9317 9321 9241
f 9242 9245 9319
f 9319 9245 9247
f 9319 9247 9320
f 9320 9247 9323
f 9324 9321 9322
f 9325 9324 9322
f 9244 9324 9249
f 9321 9324 9244
f 9247 9327 9323
f 9325 9330 9329
f 9325 9329 9324
f 9324 9329 9331
f 9249 9331 9252
f 9324 9331 9249
f 9332 9327 9326
f 9332 9326 9333
f 9255 9336 9256
f 9255 9331 9336
f 9331 9329 9336
f 9252 9331 9255
f 9339 9338 9337
f 9340 9339 9337
f 9258 9339 9260
f 9338 9339 9258
f 9341 9339 9340
f 9342 9341 9340
f 9260 9341 9262
f 9339 9341 9260
f 9343 9344 9345
f 9342 9344 9343
f 9342 9343 9341
f 9341 9343 9346
f 9262 9346 9263
f 9341 9346 9262
f 9347 9350 9351
f 9348 9347 9351
f 9345 9351 9350
f 9345 9350 9343
f 9343 9350 9352
f 9265 9352 9266
f 9265 9346 9352
f 9346 9343 9352
f 9263 9346 9265
f 9347 9349 9353
f 9353 9354 9355
f 9353 9355 9347
f 9347 9355 9350
f 9268 9355 9269
f 9268 9352 9355
f 9352 9350 9355
f 9266 9352 9268
f 9356 9355 9354
f 9357 9356 9354
f 9269 9356 9272
f 9355 9356 9269
f 9358 9356 9357
f 9359 9358 9357
f 9272 9358 9274
f 9356 9358 9272
f 9360 9361 9362
f 9359 9361 9360
f 9358 9359 9360
f 9358 9360 9277
f 9358 9277 9276
f 9274 9358 9276
f 9363 9366 9367
f 9364 9363 9367
f 9362 9367 9366
f 9362 9366 9360
f 9360 9366 9368
f 9277 9368 9279
f 9360 9368 9277
f 9369 9363 9365
f 9370 9369 9365
f 9366 9363 9371
f 9371 9363 9369
f 9281 9371 9282
f 9281 9368 9371
f 9368 9366 9371
f 9279 9368 9281
f 9284 9369 9370
f 9284 9370 9285
f 9285 9370 9372
f 9287 9369 9284
f 9371 9369 9287
f 9282 9371 9287
f 9373 9374 9375
f 9373 9372 9374
f 9373 9290 9372
f 9290 9285 9372
f 9376 9377 9378
f 9375 9377 9376
f 9375 9376 9373
f 9373 9376 9379
f 9290 9379 9292
f 9373 9379 9290
f 9381 9380 9382
f 9383 9384 9385
f 9378 9296 9376
f 9378 9386 9296
f 9386 9294 9296
f 9298 9376 9296
f 9379 9376 9298
f 9292 9379 9298
f 9387 9382 9380
f 9387 9380 9388
f 9385 9387 9388
f 9385 9388 9383
f 9300 9304 9389
f 9305 9393 9394
f 9304 9305 9394
f 9304 9394 9390
f 9304 9390 9389
f 9394 9393 9395
f 9396 9397 9398
f 9392 9397 9396
f 9391 9392 9396
f 9391 9396 9308
f 9391 9308 9307
f 9302 9391 9307
f 9305 9310 9393
f 9311 9399 9400
f 9310 9311 9400
f 9310 9400 9395
f 9310 9395 9393
f 9400 9399 9401
f 9402 9403 9404
f 9398 9403 9402
f 9396 9398 9402
f 9396 9402 9314
f 9396 9314 9313
f 9308 9396 9313
f 9399 9316 9405
f 9311 9316 9399
f 9406 9401 9399
f 9405 9406 9399
f 9407 9402 9404
f 9408 9407 9404
f 9314 9407 9318
f 9402 9407 9314
f 9405 9320 9409
f 9316 9320 9405
f 9410 9406 9405
f 9409 9410 9405
f 9411 9407 9408
f 9412 9411 9408
f 9318 9411 9322
f 9407 9411 9318
f 9409 9323 9413
f 9320 9323 9409
f 9414 9410 9409
f 9413 9414 9409
f 9415 9416 9417
f 9412 9416 9415
f 9412 9415 9411
f 9411 9415 9418
f 9322 9418 9325
f 9411 9418 9322
f 9413 9327 9419
f 9323 9327 9413
f 9420 9414 9413
f 9420 9413 9421
f 9420 9421 9422
f 9328 9417 9423
f 9418 9415 9330
f 9325 9418 9330
f 9327 9332 9419
f 9334 9425 9422
f 9334 9422 9421
f 9425 9424 9426
f 9328 9423 9335
f 9423 9427 9335
f 9429 9335 9427
f 9430 9428 9429
f 9431 9430 9429
f 9337 9430 9340
f 9428 9430 9337
f 9432 9433 9434
f 9431 9433 9432
f 9431 9432 9430
f 9430 9432 9435
f 9340 9435 9342
f 9430 9435 9340
f 9436 9437 9438
f 9434 9437 9436
f 9434 9436 9432
f 9432 9436 9439
f 9344 9439 9345
f 9344 9435 9439
f 9435 9432 9439
f 9342 9435 9344
f 9348 9436 9438
f 9348 9438 9349
f 9349 9438 9440
f 9351 9436 9348
f 9439 9436 9351
f 9345 9439 9351
f 9441 9353 9349
f 9441 9349 9442
f 9442 9349 9440
f 9353 9441 9354
f 9443 9441 9442
f 9444 9443 9442
f 9354 9443 9357
f 9441 9443 9354
f 9445 9446 9447
f 9444 9446 9445
f 9444 9445 9443
f 9443 9445 9448
f 9357 9448 9359
f 9443 9448 9357
f 9449 9445 9447
f 9450 9449 9447
f 9361 9449 9362
f 9361 9448 9449
f 9448 9445 9449
f 9359 9448 9361
f 9450 9367 9449
f 9450 9451 9367
f 9451 9364 9367
f 9362 9449 9367
f 9453 9454 9455
f 9453 9452 9454
f 9453 9370 9452
f 9370 9365 9452
f 9456 9457 9458
f 9456 9459 9460
f 9457 9456 9460
f 9455 9460 9459
f 9455 9459 9453
f 9453 9459 9461
f 9370 9461 9372
f 9453 9461 9370
f 9462 9456 9458
f 9463 9462 9458
f 9459 9456 9464
f 9464 9456 9462
f 9374 9464 9375
f 9374 9461 9464
f 9461 9459 9464
f 9372 9461 9374
f 9468 9470 9471
f 9469 9468 9471
f 9463 9471 9470
f 9463 9470 9462
f 9462 9470 9472
f 9377 9472 9378
f 9377 9464 9472
f 9464 9462 9472
f 9375 9464 9377
f 9382 9473 9465
f 9473 9468 9465
f 9384 9473 9385
f 9384 9470 9473
f 9470 9468 9473
f 9386 9470 9384
f 9472 9470 9386
f 9378 9472 9386
f 9382 9387 9473
f 9385 9473 9387
f 9390 9394 9474
f 9395 9478 9479
f 9394 9395 9479
f 9394 9479 9475
f 9394 9475 9474
f 9479 9478 9480
f 9481 9482 9483
f 9477 9482 9481
f 9476 9477 9481
f 9476 9481 9398
f 9476 9398 9397
f 9392 9476 9397
f 9395 9400 9478
f 9401 9484 9485
f 9400 9401 9485
f 9400 9485 9480
f 9400 9480 9478
f 9484 9486 9487
f 9485 9484 9487
f 9487 9486 9488
f 9489 9490 9491
f 9489 9492 9493
f 9490 9489 9493
f 9483 9493 9492
f 9481 9483 9492
f 9481 9492 9404
f 9481 9404 9403
f 9398 9481 9403
f 9484 9406 9494
f 9401 9406 9484
f 9486 9484 9495
f 9496 9488 9486
f 9496 9486 9497
f 9497 9486 9495
f 9496 9497 9498
f 9499 9500 9501
f 9491 9500 9499
f 9491 9499 9489
f 9492 9489 9503
f 9503 9489 9502
f 9404 9503 9408
f 9492 9503 9404
f 9494 9410 9504
f 9406 9410 9494
f 9505 9494 9504
f 9499 9501 9507
f 9503 9502 9509
f 9509 9502 9508
f 9408 9509 9412
f 9503 9509 9408
f 9504 9414 9510
f 9410 9414 9504
f 9505 9504 9511
f 9511 9504 9510
f 9512 9506 9505
f 9511 9512 9505
f 9416 9514 9417
f 9416 9508 9514
f 9416 9509 9508
f 9508 9513 9514
f 9412 9509 9416
f 9414 9420 9510
f 9422 9510 9420
f 9422 9515 9510
f 9515 9511 9510
f 9516 9512 9511
f 9516 9511 9517
f 9517 9511 9515
f 9517 9518 9519
f 9516 9517 9519
f 9520 9521 9522
f 9520 9514 9521
f 9520 9423 9514
f 9423 9417 9514
f 9422 9425 9515
f 9426 9515 9425
f 9426 9523 9515
f 9524 9520 9522
f 9525 9524 9522
f 9423 9524 9427
f 9520 9524 9423
f 9526 9524 9525
f 9527 9526 9525
f 9427 9526 9429
f 9524 9526 9427
f 9528 9526 9527
f 9529 9528 9527
f 9429 9528 9431
f 9526 9528 9429
f 9530 9531 9532
f 9529 9531 9530
f 9528 9529 9530
f 9528 9530 9434
f 9528 9434 9433
f 9431 9528 9433
f 9437 9530 9532
f 9437 9532 9438
f 9438 9532 9534
f 9434 9530 9437
f 9535 9536 9537
f 9535 9534 9536
f 9535 9440 9534
f 9440 9438 9534
f 9538 9535 9537
f 9539 9538 9537
f 9440 9538 9442
f 9535 9538 9440
f 9540 9541 9542
f 9539 9541 9540
f 9539 9540 9538
f 9538 9540 9543
f 9442 9543 9444
f 9538 9543 9442
f 9544 9540 9542
f 9545 9544 9542
f 9446 9544 9447
f 9446 9543 9544
f 9543 9540 9544
f 9444 9543 9446
f 9546 9547 9548
f 9545 9547 9546
f 9545 9546 9544
f 9544 9546 9549
f 9447 9549 9450
f 9544 9549 9447
f 9550 9551 9552
f 9551 9550 9554
f 9548 9554 9553
f 9548 9553 9546
f 9546 9553 9555
f 9451 9555 9452
f 9451 9549 9555
f 9549 9546 9555
f 9450 9549 9451
f 9556 9550 9552
f 9557 9556 9552
f 9553 9550 9558
f 9558 9550 9556
f 9454 9558 9455
f 9454 9555 9558
f 9555 9553 9558
f 9452 9555 9454
f 9559 9560 9561
f 9557 9560 9559
f 9556 9557 9559
f 9556 9559 9458
f 9556 9458 9457
f 9460 9556 9457
f 9558 9556 9460
f 9455 9558 9460
f 9562 9563 9564
f 9561 9563 9562
f 9561 9562 9559
f 9559 9562 9565
f 9458 9565 9463
f 9559 9565 9458
f 9467 9466 9566
f 9564 9469 9562
f 9564 9566 9469
f 9566 9466 9469
f 9471 9562 9469
f 9565 9562 9471
f 9463 9565 9471
f 9475 9479 9567
f 9480 9571 9572
f 9479 9480 9572
f 9479 9572 9568
f 9479 9568 9567
f 9571 9573 9574
f 9572 9571 9574
f 9574 9573 9575
f 9576 9577 9578
f 9570 9577 9576
f 9569 9570 9576
f 9569 9576 9483
f 9569 9483 9482
f 9477 9569 9482
f 9480 9485 9571
f 9487 9571 9485
f 9573 9571 9487
f 9488 9579 9580
f 9487 9488 9580
f 9487 9580 9575
f 9487 9575 9573
f 9580 9579 9581
f 9582 9583 9584
f 9582 9491 9490
f 9582 9490 9583
f 9583 9490 9585
f 9578 9493 9576
f 9578 9585 9493
f 9585 9490 9493
f 9483 9576 9493
f 9488 9496 9579
f 9579 9496 9498
f 9579 9498 9581
f 9500 9582 9584
f 9500 9584 9501
f 9501 9584 9586
f 9491 9582 9500
f 9588 9507 9501
f 9588 9501 9589
f 9589 9501 9586
f 9587 9512 9590
f 9506 9512 9587
f 9591 9587 9590
f 9592 9588 9589
f 9593 9592 9589
f 9513 9594 9514
f 9512 9516 9590
f 9519 9590 9516
f 9592 9595 9596
f 9521 9596 9522
f 9521 9594 9596
f 9594 9592 9596
f 9514 9594 9521
f 9596 9595 9599
f 9599 9595 9597
f 9522 9599 9525
f 9596 9599 9522
f 9600 9597 9598
f 9599 9597 9601
f 9601 9597 9600
f 9525 9601 9527
f 9599 9601 9525
f 9601 9600 9603
f 9603 9600 9602
f 9527 9603 9529
f 9601 9603 9527
f 9531 9605 9532
f 9531 9603 9605
f 9603 9602 9605
f 9529 9603 9531
f 9607 9606 9608
f 9533 9606 9607
f 9533 9604 9606
f 9607 9609 9605
f 9532 9609 9534
f 9605 9609 9532
f 9611 9607 9608
f 9612 9611 9608
f 9536 9611 9537
f 9536 9609 9611
f 9609 9607 9611
f 9534 9609 9536
f 9613 9614 9615
f 9612 9614 9613
f 9612 9613 9611
f 9611 9613 9616
f 9537 9616 9539
f 9611 9616 9537
f 9617 9613 9615
f 9618 9617 9615
f 9541 9617 9542
f 9541 9616 9617
f 9616 9613 9617
f 9539 9616 9541
f 9619 9620 9621
f 9618 9620 9619
f 9618 9619 9617
f 9617 9619 9622
f 9542 9622 9545
f 9617 9622 9542
f 9623 9619 9621
f 9624 9623 9621
f 9547 9623 9548
f 9547 9622 9623
f 9622 9619 9623
f 9545 9622 9547
f 9625 9626 9627
f 9625 9552 9551
f 9625 9551 9626
f 9626 9551 9628
f 9624 9554 9623
f 9624 9628 9554
f 9628 9551 9554
f 9548 9623 9554
f 9629 9630 9631
f 9627 9630 9629
f 9627 9629 9625
f 9625 9629 9632
f 9552 9632 9557
f 9625 9632 9552
f 9631 9634 9633
f 9631 9633 9629
f 9629 9633 9635
f 9560 9635 9561
f 9560 9632 9635
f 9632 9629 9635
f 9557 9632 9560
f 9563 9636 9564
f 9563 9635 9636
f 9635 9633 9636
f 9561 9635 9563
f 9564 9636 9566
f 9568 9572 9637
f 9574 9637 9572
f 9638 9637 9574
f 9575 9643 9644
f 9574 9575 9644
f 9574 9644 9639
f 9574 9639 9638
f 9644 9643 9645
f 9646 9647 9648
f 9641 9647 9646
f 9641 9646 9640
f 9640 9646 9649
f 9577 9649 9578
f 9577 9642 9649
f 9642 9640 9649
f 9570 9642 9577
f 9575 9580 9643
f 9581 9650 9651
f 9580 9581 9651
f 9580 9651 9645
f 9580 9645 9643
f 9651 9650 9652
f 9653 9654 9655
f 9653 9656 9657
f 9654 9653 9657
f 9648 9657 9656
f 9646 9648 9656
f 9646 9656 9584
f 9646 9584 9583
f 9585 9646 9583
f 9649 9646 9585
f 9578 9649 9585
f 9658 9653 9655
f 9659 9658 9655
f 9656 9653 9660
f 9660 9653 9658
f 9584 9660 9586
f 9656 9660 9584
f 9660 9658 9664
f 9664 9658 9663
f 9586 9664 9589
f 9660 9664 9586
f 9664 9663 9666
f 9666 9663 9665
f 9589 9666 9593
f 9664 9666 9589
f 9666 9665 9667
f 9668 9669 9670
f 9606 9671 9672
f 9606 9672 9608
f 9672 9671 9675
f 9608 9675 9612
f 9672 9675 9608
f 9677 9610 9673
f 9676 9678 9674
f 9614 9678 9615
f 9614 9675 9678
f 9675 9674 9678
f 9612 9675 9614
f 9679 9680 9681
f 9677 9680 9679
f 9677 9679 9676
f 9676 9679 9682
f 9678 9676 9683
f 9683 9676 9682
f 9615 9683 9618
f 9678 9683 9615
f 9684 9679 9681
f 9685 9684 9681
f 9682 9679 9686
f 9686 9679 9684
f 9620 9686 9621
f 9620 9683 9686
f 9683 9682 9686
f 9618 9683 9620
f 9687 9689 9690
f 9688 9687 9690
f 9689 9691 9692
f 9690 9689 9692
f 9685 9692 9691
f 9685 9691 9684
f 9684 9691 9693
f 9686 9684 9694
f 9694 9684 9693
f 9621 9694 9624
f 9686 9694 9621
f 9689 9687 9696
f 9696 9687 9695
f 9691 9689 9697
f 9697 9689 9696
f 9626 9697 9627
f 9626 9693 9697
f 9693 9691 9697
f 9628 9693 9626
f 9694 9693 9628
f 9624 9694 9628
f 9695 9698 9699
f 9696 9695 9700
f 9700 9695 9699
f 9630 9700 9631
f 9630 9697 9700
f 9697 9696 9700
f 9627 9697 9630
f 9700 9699 9634
f 9631 9700 9634
f 9639 9644 9701
f 9645 9705 9706
f 9644 9645 9706
f 9644 9706 9702
f 9644 9702 9701
f 9705 9707 9708
f 9706 9705 9708
f 9708 9707 9709
f 9710 9711 9712
f 9710 9713 9714
f 9711 9710 9714
f 9704 9714 9713
f 9703 9704 9713
f 9703 9713 9648
f 9703 9648 9647
f 9641 9703 9647
f 9645 9651 9705
f 9652 9705 9651
f 9652 9715 9705
f 9715 9707 9705
f 9716 9709 9707
f 9716 9707 9717
f 9717 9707 9715
f 9717 9718 9719
f 9716 9717 9719
f 9719 9718 9720
f 9721 9722 9723
f 9721 9724 9725
f 9722 9721 9725
f 9712 9725 9724
f 9710 9712 9724
f 9710 9724 9655
f 9710 9655 9654
f 9657 9710 9654
f 9713 9710 9657
f 9648 9713 9657
f 9726 9718 9717
f 9727 9720 9718
f 9726 9727 9718
f 9728 9721 9723
f 9729 9728 9723
f 9724 9721 9730
f 9730 9721 9728
f 9655 9730 9659
f 9724 9730 9655
f 9726 9661 9662
f 9726 9662 9727
f 9727 9662 9731
f 9662 9733 9731
f 9737 9738 9739
f 9736 9738 9737
f 9735 9736 9737
f 9735 9737 9670
f 9735 9670 9669
f 9740 9742 9743
f 9741 9740 9743
f 9739 9743 9742
f 9739 9742 9737
f 9745 9744 9747
f 9747 9744 9746
f 9673 9747 9677
f 9745 9747 9673
f 9680 9748 9681
f 9680 9747 9748
f 9747 9746 9748
f 9677 9747 9680
f 9681 9751 9685
f 9748 9751 9681
f 9690 9749 9688
f 9750 9749 9690
f 9692 9750 9690
f 9751 9750 9692
f 9685 9751 9692
f 9702 9706 9752
f 9708 9752 9706
f 9753 9752 9708
f 9709 9758 9759
f 9708 9709 9759
f 9708 9759 9754
f 9708 9754 9753
f 9758 9760 9761
f 9759 9758 9761
f 9761 9760 9762
f 9763 9764 9765
f 9763 9766 9767
f 9764 9763 9767
f 9756 9767 9766
f 9755 9756 9766
f 9755 9766 9712
f 9755 9712 9711
f 9714 9755 9711
f 9757 9755 9714
f 9704 9757 9714
f 9709 9716 9758
f 9719 9758 9716
f 9760 9758 9719
f 9720 9768 9769
f 9719 9720 9769
f 9719 9769 9762
f 9719 9762 9760
f 9769 9768 9770
f 9771 9772 9773
f 9771 9774 9775
f 9772 9771 9775
f 9765 9775 9774
f 9763 9765 9774
f 9763 9774 9723
f 9763 9723 9722
f 9725 9763 9722
f 9766 9763 9725
f 9712 9766 9725
f 9768 9727 9776
f 9720 9727 9768
f 9777 9778 9779
f 9778 9780 9781
f 9779 9778 9781
f 9782 9783 9784
f 9785 9771 9773
f 9786 9785 9773
f 9774 9771 9787
f 9787 9771 9785
f 9723 9787 9729
f 9774 9787 9723
f 9776 9731 9788
f 9727 9731 9776
f 9732 9786 9789
f 9731 9733 9788
f 9790 9791 9792
f 9790 9789 9791
f 9790 9734 9789
f 9734 9732 9789
f 9794 9793 9795
f 9797 9798 9799
f 9795 9798 9797
f 9795 9797 9794
f 9794 9797 9800
f 9738 9800 9739
f 9738 9796 9800
f 9796 9794 9800
f 9736 9796 9738
f 9741 9797 9799
f 9743 9797 9741
f 9800 9797 9743
f 9739 9800 9743
f 9754 9759 9801
f 9761 9801 9759
f 9802 9801 9761
f 9762 9802 9761
f 9762 9808 9802
f 9808 9803 9802
f 9809 9804 9803
f 9809 9803 9810
f 9810 9803 9808
f 9810 9811 9812
f 9809 9810 9812
f 9812 9811 9813
f 9814 9815 9816
f 9814 9817 9818
f 9815 9814 9818
f 9817 9819 9820
f 9818 9817 9820
f 9806 9820 9819
f 9805 9806 9819
f 9805 9819 9765
f 9805 9765 9764
f 9767 9805 9764
f 9807 9805 9767
f 9756 9807 9767
f 9762 9769 9808
f 9770 9808 9769
f 9770 9821 9808
f 9821 9810 9808
f 9811 9810 9822
f 9822 9810 9821
f 9823 9813 9811
f 9823 9811 9824
f 9824 9811 9822
f 9823 9824 9825
f 9826 9827 9828
f 9826 9829 9830
f 9827 9826 9830
f 9816 9830 9829
f 9816 9829 9814
f 9814 9829 9831
f 9772 9831 9773
f 9772 9817 9831
f 9817 9814 9831
f 9775 9817 9772
f 9819 9817 9775
f 9765 9819 9775
f 9822 9821 9779
f 9781 9822 9779
f 9824 9822 9781
f 9781 9825 9824
f 9832 9834 9835
f 9833 9832 9835
f 9835 9834 9836
f 9783 9826 9828
f 9783 9828 9784
f 9784 9828 9837
f 9838 9829 9826
f 9831 9829 9839
f 9839 9829 9838
f 9773 9839 9786
f 9831 9839 9773
f 9834 9832 9840
f 9841 9836 9834
f 9841 9834 9842
f 9842 9834 9840
f 9843 9844 9838
f 9839 9838 9845
f 9845 9838 9844
f 9786 9845 9789
f 9839 9845 9786
f 9844 9843 9847
f 9847 9843 9846
f 9791 9847 9792
f 9791 9845 9847
f 9845 9844 9847
f 9789 9845 9791
f 9848 9847 9846
f 9792 9849 9793
f 9792 9847 9849
f 9847 9848 9849
f 9793 9849 9795
f 9850 9851 9848
f 9798 9851 9799
f 9798 9849 9851
f 9849 9848 9851
f 9795 9849 9798
f 9851 9850 9852
f 9851 9852 9799
f 9804 9809 9853
f 9812 9853 9809
f 9854 9853 9812
f 9813 9860 9861
f 9812 9813 9861
f 9812 9861 9855
f 9812 9855 9854
f 9860 9862 9863
f 9861 9860 9863
f 9862 9864 9865
f 9863 9862 9865
f 9865 9864 9866
f 9867 9868 9869
f 9867 9870 9871
f 9868 9867 9871
f 9870 9872 9873
f 9871 9870 9873
f 9857 9873 9872
f 9856 9857 9872
f 9856 9872 9816
f 9856 9816 9815
f 9818 9856 9815
f 9858 9856 9818
f 9820 9858 9818
f 9859 9858 9820
f 9806 9859 9820
f 9813 9823 9860
f 9825 9860 9823
f 9825 9874 9860
f 9874 9862 9860
f 9864 9862 9875
f 9875 9862 9874
f 9876 9866 9864
f 9876 9864 9877
f 9877 9864 9875
f 9877 9878 9879
f 9876 9877 9879
f 9882 9883 9884
f 9882 9885 9886
f 9883 9882 9886
f 9885 9887 9888
f 9886 9885 9888
f 9869 9888 9887
f 9869 9887 9867
f 9867 9887 9889
f 9827 9889 9828
f 9827 9870 9889
f 9870 9867 9889
f 9830 9870 9827
f 9872 9870 9830
f 9816 9872 9830
f 9825 9833 9874
f 9835 9874 9833
f 9875 9874 9835
f 9836 9875 9835
f 9836 9890 9875
f 9890 9877 9875
f 9891 9877 9890
f 9892 9893 9894
f 9884 9893 9892
f 9884 9892 9882
f 9882 9892 9895
f 9896 9882 9895
f 9889 9887 9897
f 9828 9897 9837
f 9889 9897 9828
f 9836 9841 9890
f 9898 9892 9894
f 9899 9898 9894
f 9895 9892 9900
f 9900 9892 9898
f 9896 9895 9901
f 9901 9895 9900
f 9898 9899 9902
f 9902 9903 9904
f 9902 9904 9898
f 9898 9904 9900
f 9905 9900 9904
f 9855 9861 9906
f 9863 9906 9861
f 9907 9906 9863
f 9865 9907 9863
f 9908 9907 9865
f 9866 9914 9915
f 9865 9866 9915
f 9865 9915 9909
f 9865 9909 9908
f 9914 9916 9917
f 9915 9914 9917
f 9916 9918 9919
f 9917 9916 9919
f 9918 9920 9921
f 9919 9918 9921
f 9920 9922 9923
f 9921 9920 9923
f 9923 9922 9924
f 9925 9926 9927
f 9925 9928 9929
f 9926 9925 9929
f 9928 9930 9931
f 9929 9928 9931
f 9930 9932 9933
f 9931 9930 9933
f 9911 9933 9932
f 9910 9911 9932
f 9910 9932 9869
f 9910 9869 9868
f 9871 9910 9868
f 9912 9910 9871
f 9873 9912 9871
f 9913 9912 9873
f 9857 9913 9873
f 9866 9876 9914
f 9879 9914 9876
f 9916 9914 9879
f 9881 9934 9935
f 9880 9881 9935
f 9880 9935 9924
f 9880 9924 9922
f 9934 9936 9937
f 9935 9934 9937
f 9936 9938 9939
f 9937 9936 9939
f 9938 9940 9941
f 9939 9938 9941
f 9940 9942 9943
f 9941 9940 9943
f 9942 9944 9945
f 9943 9942 9945
f 9944 9946 9947
f 9945 9944 9947
f 9947 9946 9949
f 9948 9950 9951
f 9949 9948 9951
f 9950 9952 9953
f 9951 9950 9953
f 9952 9954 9955
f 9953 9952 9955
f 9954 9956 9957
f 9955 9954 9957
f 9956 9958 9959
f 9957 9956 9959
f 9958 9960 9961
f 9959 9958 9961
f 9927 9961 9960
f 9927 9960 9925
f 9925 9960 9962
f 9883 9962 9884
f 9883 9928 9962
f 9928 9925 9962
f 9886 9928 9883
f 9930 9928 9886
f 9888 9930 9886
f 9932 9930 9888
f 9869 9932 9888
f 9964 9965 9950
f 9964 9950 9963
f 9963 9950 9948
f 9893 9966 9894
f 9893 9962 9966
f 9884 9962 9893
f 9967 9964 9963
f 9967 9963 9968
f 9894 9969 9899
f 9966 9969 9894
f 9899 9970 9902
f 9899 9969 9970
f 9902 9970 9903
f 9909 9915 9971
f 9917 9971 9915
f 9972 9971 9917
f 9919 9972 9917
f 9973 9972 9919
f 9921 9973 9919
f 9974 9973 9921
f 9923 9974 9921
f 9975 9974 9923
f 9924 9984 9985
f 9923 9924 9985
f 9923 9985 9976
f 9923 9976 9975
f 9984 9986 9987
f 9985 9984 9987
f 9986 9988 9989
f 9987 9986 9989
f 9988 9990 9991
f 9989 9988 9991
f 9990 9992 9993
f 9991 9990 9993
f 9992 9994 9995
f 9993 9992 9995
f 9994 9996 9997
f 9995 9994 9997
f 9996 9998 9999
f 9997 9996 9999
f 9998 10000 10001
f 9999 9998 10001
f 10000 10002 10003
f 10001 10000 10003
f 10002 10004 10005
f 10003 10002 10005
f 10004 10006 10007
f 10005 10004 10007
f 9978 10007 10006
f 9978 10006 9977
f 9977 10006 10008
f 9979 9977 10009
f 10009 9977 10008
f 9926 10009 9927
f 9926 9980 10009
f 9980 9979 10009
f 9929 9980 9926
f 9981 9980 9929
f 9931 9981 9929
f 9982 9981 9931
f 9933 9982 9931
f 9983 9982 9933
f 9911 9983 9933
f 9924 9935 9984
f 9937 9984 9935
f 9986 9984 9937
f 9939 9986 9937
f 9988 9986 9939
f 9941 9988 9939
f 9990 9988 9941
f 9943 9990 9941
f 9992 9990 9943
f 9945 9992 9943
f 9994 9992 9945
f 9947 9994 9945
f 9996 9994 9947
f 9949 9996 9947
f 9998 9996 9949
f 9951 9998 9949
f 10000 9998 9951
f 9953 10000 9951
f 10002 10000 9953
f 9955 10002 9953
f 10004 10002 9955
f 9957 10004 9955
f 10006 10004 9957
f 9959 10006 9957
f 10008 10006 9959
f 9961 10008 9959
f 10009 10008 9961
f 9927 10009 9961
f 9965 9964 10010
f 9964 9967 10010
f 9976 9985 10011
f 9987 10011 9985
f 10012 10011 9987
f 9989 10012 9987
f 10013 10012 9989
f 9991 10013 9989
f 10014 10013 9991
f 9993 10014 9991
f 10015 10014 9993
f 9995 10015 9993
f 10016 10015 9995
f 9997 10016 9995
f 10017 10016 9997
f 9999 10017 9997
f 10018 10017 9999
f 10001 10018 9999
f 10019 10018 10001
f 10003 10019 10001
f 10020 10019 10003
f 10005 10020 10003
f 10021 10020 10005
f 10007 10021 10005
f 10022 10021 10007
f 9978 10022 10007

