# https://github.com/mikedh/trimesh
v -0.71918291 -0.07466926 -0.57777154
v -0.71918291 -0.07936367 -0.57770425
v -0.71918291 -0.06680934 -0.57787377
v -0.71918291 -0.05894941 -0.57801259
v -0.71918291 -0.05108950 -0.57816261
v -0.71918291 -0.04322957 -0.57830775
v -0.71918291 -0.03536965 -0.57844287
v -0.71918291 -0.02750973 -0.57857013
v -0.71918291 -0.01964981 -0.57866043
v -0.71918291 -0.01178988 -0.57877052
v -0.71918291 -0.00392996 -0.57889014
v -0.71918291 0.00392996 -0.57901371
v -0.71918291 0.01178988 -0.57915431
v -0.71918291 0.01964981 -0.57929170
v -0.71918291 0.02750973 -0.57943434
v -0.71918291 0.03536965 -0.57956928
v -0.71918291 0.04322957 -0.57970411
v -0.71918291 0.05108950 -0.57986063
v -0.71918291 0.05894941 -0.57997513
v -0.71918291 0.06680934 -0.58009750
v -0.71918291 0.07466926 -0.58019757
v -0.71918291 0.08252918 -0.58030885
v -0.71918291 0.09038910 -0.58045930
v -0.71918291 0.09824903 -0.58061677
v -0.71918291 0.10610895 -0.58080316
v -0.71918291 0.11396887 -0.58097374
v -0.71918291 0.12182879 -0.58115113
v -0.71918291 0.12968871 -0.58133733
v -0.71918291 0.13754864 -0.58151704
v -0.71918291 0.14540856 -0.58168441
v -0.71918291 0.15326849 -0.58181560
v -0.71918291 0.16112840 -0.58189672
v -0.71918291 0.16898833 -0.58191913
v -0.71918291 0.17684825 -0.58190197
v -0.71918291 0.18470818 -0.58188820
v -0.71918291 0.19256809 -0.58196878
v -0.71918291 0.20042801 -0.58225298
v -0.71918291 0.20828794 -0.58266485
v -0.71918291 0.21614785 -0.58302981
v -0.71918291 0.22400779 -0.58331233
v -0.71918291 0.23186770 -0.58353025
v -0.71918291 0.23972763 -0.58373356
v -0.71918291 0.24758755 -0.58394676
v -0.71918291 0.25544748 -0.58410501
v -0.71918291 0.26330739 -0.58420813
v -0.71918291 0.27116731 -0.58431411
v -0.71918291 0.27902722 -0.58445656
v -0.71918291 0.28688717 -0.58455944
v -0.71918291 0.29474708 -0.58468437
v -0.71918291 0.30260700 -0.58483982
v -0.71918291 0.31046692 -0.58499253
v -0.71918291 0.31832686 -0.58504212
v -0.71918291 0.32618678 -0.58510101
v -0.71918291 0.33404669 -0.58513010
v -0.71918291 0.34190661 -0.58514041
v -0.71918291 0.34976652 -0.58511537
v -0.71918291 0.35762647 -0.58505291
v -0.71918291 0.36548638 -0.58493847
v -0.71918291 0.37334630 -0.58476847
v -0.71918291 0.38120621 -0.58468157
v -0.71918291 0.38906616 -0.58467925
v -0.71918291 0.39692608 -0.58472902
v -0.71918291 0.40478599 -0.58486599
v -0.71918291 0.41264591 -0.58496690
v -0.71918291 0.42050582 -0.58503705
v -0.71918291 0.42836577 -0.58508062
v -0.71918291 0.43622568 -0.58510226
v -0.71918291 0.44408560 -0.58507651
v -0.71918291 0.45194551 -0.58496386
v -0.71918291 0.45980546 -0.58472419
v -0.71918291 0.46766537 -0.58438551
v -0.71918291 0.47552529 -0.58407748
v -0.71918291 0.48338521 -0.58391041
v -0.71918291 0.49124515 -0.58380741
v -0.71918291 0.49910507 -0.58373636
v -0.71918291 0.50696498 -0.58354896
v -0.71918291 0.51482493 -0.58311349
v -0.71918291 0.52268481 -0.58244175
v -0.71918291 0.53054476 -0.58142722
v -0.71918291 0.53840464 -0.57998091
v -0.71918291 0.54626459 -0.57811338
v -0.71918291 0.54762560 -0.57770425
v -0.71132296 -0.57770425 -0.57637739
v -0.71378046 -0.56984437 -0.57770425
v -0.71132296 -0.56984437 -0.58077151
v -0.71132296 -0.57590580 -0.57770425
v -0.71561700 -0.56198442 -0.57770425
v -0.71132296 -0.56198442 -0.58336449
v -0.71642619 -0.55412453 -0.57770425
v -0.71132296 -0.55412453 -0.58447737
v -0.71700573 -0.54626459 -0.57770425
v -0.71132296 -0.54626459 -0.58514518
v -0.71143109 -0.53840464 -0.58556420
v -0.71132296 -0.53840464 -0.58566290
v -0.71132296 -0.54014492 -0.58556420
v -0.71753663 -0.53840464 -0.57770425
v -0.71169066 -0.53054476 -0.58556420
v -0.71132296 -0.53054476 -0.58589137
v -0.71785331 -0.53054476 -0.57770425
v -0.71167880 -0.52268481 -0.58556420
v -0.71132296 -0.52268481 -0.58587468
v -0.71794164 -0.52268481 -0.57770425
v -0.71147394 -0.51482493 -0.58556420
v -0.71132296 -0.51482493 -0.58569455
v -0.71783656 -0.51482493 -0.57770425
v -0.71132296 -0.50979644 -0.58556420
v -0.71766740 -0.50696498 -0.57770425
v -0.71132296 -0.50696498 -0.58548123
v -0.71752912 -0.49910507 -0.57770425
v -0.71132296 -0.49910507 -0.58532310
v -0.71759278 -0.49124515 -0.57770425
v -0.71132296 -0.49124515 -0.58538312
v -0.71133757 -0.48338521 -0.58556420
v -0.71132296 -0.48338521 -0.58557659
v -0.71132296 -0.48395908 -0.58556420
v -0.71775711 -0.48338521 -0.57770425
v -0.71142381 -0.47552529 -0.58556420
v -0.71132296 -0.47552529 -0.58564925
v -0.71784401 -0.47552529 -0.57770425
v -0.71137553 -0.46766537 -0.58556420
v -0.71132296 -0.46766537 -0.58560872
v -0.71782494 -0.46766537 -0.57770425
v -0.71132296 -0.46314588 -0.58556420
v -0.71776313 -0.45980546 -0.57770425
v -0.71132296 -0.45980546 -0.58552700
v -0.71768916 -0.45194551 -0.57770425
v -0.71132296 -0.45194551 -0.58539534
v -0.71764737 -0.44408560 -0.57770425
v -0.71132296 -0.44408560 -0.58529949
v -0.71762484 -0.43622568 -0.57770425
v -0.71132296 -0.43622568 -0.58522433
v -0.71761441 -0.42836577 -0.57770425
v -0.71132296 -0.42836577 -0.58516437
v -0.71756560 -0.42050582 -0.57770425
v -0.71132296 -0.42050582 -0.58505142
v -0.71746314 -0.41264591 -0.57770425
v -0.71132296 -0.41264591 -0.58490819
v -0.71731257 -0.40478599 -0.57770425
v -0.71132296 -0.40478599 -0.58468258
v -0.71724451 -0.39692608 -0.57770425
v -0.71132296 -0.39692608 -0.58456242
v -0.71739358 -0.38906616 -0.57770425
v -0.71132296 -0.38906616 -0.58471352
v -0.71761900 -0.38120621 -0.57770425
v -0.71132296 -0.38120621 -0.58493662
v -0.71776718 -0.37334630 -0.57770425
v -0.71132296 -0.37334630 -0.58507180
v -0.71784067 -0.36548638 -0.57770425
v -0.71132296 -0.36548638 -0.58509767
v -0.71788526 -0.35762647 -0.57770425
v -0.71132296 -0.35762647 -0.58510870
v -0.71794420 -0.34976652 -0.57770425
v -0.71132296 -0.34976652 -0.58509827
v -0.71798074 -0.34190661 -0.57770425
v -0.71132296 -0.34190661 -0.58509362
v -0.71801126 -0.33404669 -0.57770425
v -0.71132296 -0.33404669 -0.58511424
v -0.71804744 -0.32618678 -0.57770425
v -0.71132296 -0.32618678 -0.58512735
v -0.71802896 -0.31832686 -0.57770425
v -0.71132296 -0.31832686 -0.58511621
v -0.71800649 -0.31046692 -0.57770425
v -0.71132296 -0.31046692 -0.58508873
v -0.71799415 -0.30260700 -0.57770425
v -0.71132296 -0.30260700 -0.58511347
v -0.71801972 -0.29474708 -0.57770425
v -0.71132296 -0.29474708 -0.58516067
v -0.71806633 -0.28688717 -0.57770425
v -0.71132296 -0.28688717 -0.58521390
v -0.71813130 -0.27902722 -0.57770425
v -0.71132296 -0.27902722 -0.58529162
v -0.71818286 -0.27116731 -0.57770425
v -0.71132296 -0.27116731 -0.58534837
v -0.71821326 -0.26330739 -0.57770425
v -0.71132296 -0.26330739 -0.58539015
v -0.71822858 -0.25544748 -0.57770425
v -0.71132296 -0.25544748 -0.58541024
v -0.71822637 -0.24758755 -0.57770425
v -0.71132296 -0.24758755 -0.58541566
v -0.71823317 -0.23972763 -0.57770425
v -0.71132296 -0.23972763 -0.58544242
v -0.71821672 -0.23186770 -0.57770425
v -0.71132296 -0.23186770 -0.58544135
v -0.71814257 -0.22400779 -0.57770425
v -0.71132296 -0.22400779 -0.58537906
v -0.71804112 -0.21614785 -0.57770425
v -0.71132296 -0.21614785 -0.58532554
v -0.71795702 -0.20828794 -0.57770425
v -0.71132296 -0.20828794 -0.58524442
v -0.71792334 -0.20042801 -0.57770425
v -0.71132296 -0.20042801 -0.58519542
v -0.71803373 -0.19256809 -0.57770425
v -0.71132296 -0.19256809 -0.58530045
v -0.71822238 -0.18470818 -0.57770425
v -0.71132296 -0.18470818 -0.58548450
v -0.71144325 -0.17684825 -0.58556420
v -0.71132296 -0.17684825 -0.58565557
v -0.71132296 -0.18127401 -0.58556420
v -0.71843785 -0.17684825 -0.57770425
v -0.71160364 -0.16898833 -0.58556420
v -0.71132296 -0.16898833 -0.58577496
v -0.71858984 -0.16898833 -0.57770425
v -0.71174276 -0.16112840 -0.58556420
v -0.71132296 -0.16112840 -0.58587641
v -0.71872002 -0.16112840 -0.57770425
v -0.71188122 -0.15326849 -0.58556420
v -0.71132296 -0.15326849 -0.58597547
v -0.71883357 -0.15326849 -0.57770425
v -0.71197987 -0.14540856 -0.58556420
v -0.71132296 -0.14540856 -0.58604687
v -0.71891439 -0.14540856 -0.57770425
v -0.71208179 -0.13754864 -0.58556420
v -0.71132296 -0.13754864 -0.58611959
v -0.71897948 -0.13754864 -0.57770425
v -0.71214664 -0.12968871 -0.58556420
v -0.71132296 -0.12968871 -0.58616734
v -0.71901274 -0.12968871 -0.57770425
v -0.71219432 -0.12182879 -0.58556420
v -0.71132296 -0.12182879 -0.58620608
v -0.71902025 -0.12182879 -0.57770425
v -0.71223563 -0.11396887 -0.58556420
v -0.71132296 -0.11396887 -0.58624023
v -0.71902186 -0.11396887 -0.57770425
v -0.71227789 -0.10610895 -0.58556420
v -0.71132296 -0.10610895 -0.58627373
v -0.71901941 -0.10610895 -0.57770425
v -0.71236378 -0.09824903 -0.58556420
v -0.71132296 -0.09824903 -0.58633816
v -0.71904123 -0.09824903 -0.57770425
v -0.71245402 -0.09038910 -0.58556420
v -0.71132296 -0.09038910 -0.58640754
v -0.71909422 -0.09038910 -0.57770425
v -0.71254957 -0.08252918 -0.58556420
v -0.71132296 -0.08252918 -0.58648121
v -0.71915418 -0.08252918 -0.57770425
v -0.71263117 -0.07466926 -0.58556420
v -0.71132296 -0.07466926 -0.58654368
v -0.71275032 -0.06680934 -0.58556420
v -0.71132296 -0.06680934 -0.58663547
v -0.71285284 -0.05894941 -0.58556420
v -0.71132296 -0.05894941 -0.58671325
v -0.71296328 -0.05108950 -0.58556420
v -0.71132296 -0.05108950 -0.58679312
v -0.71306735 -0.04322957 -0.58556420
v -0.71132296 -0.04322957 -0.58686459
v -0.71317536 -0.03536965 -0.58556420
v -0.71132296 -0.03536965 -0.58694422
v -0.71326089 -0.02750973 -0.58556420
v -0.71132296 -0.02750973 -0.58700097
v -0.71333838 -0.01964981 -0.58556420
v -0.71132296 -0.01964981 -0.58705544
v -0.71340007 -0.01178988 -0.58556420
v -0.71132296 -0.01178988 -0.58709180
v -0.71345335 -0.00392996 -0.58556420
v -0.71132296 -0.00392996 -0.58712363
v -0.71353912 0.00392996 -0.58556420
v -0.71132296 0.00392996 -0.58717889
v -0.71364957 0.01178988 -0.58556420
v -0.71132296 0.01178988 -0.58725667
v -0.71375155 0.01964981 -0.58556420
v -0.71132296 0.01964981 -0.58732265
v -0.71385825 0.02750973 -0.58556420
v -0.71132296 0.02750973 -0.58739030
v -0.71395278 0.03536965 -0.58556420
v -0.71132296 0.03536965 -0.58744848
v -0.71405602 0.04322957 -0.58556420
v -0.71132296 0.04322957 -0.58750772
v -0.71418643 0.05108950 -0.58556420
v -0.71132296 0.05108950 -0.58758813
v -0.71429366 0.05894941 -0.58556420
v -0.71132296 0.05894941 -0.58763760
v -0.71440905 0.06680934 -0.58556420
v -0.71132296 0.06680934 -0.58769369
v -0.71450800 0.07466926 -0.58556420
v -0.71132296 0.07466926 -0.58774370
v -0.71462768 0.08252918 -0.58556420
v -0.71132296 0.08252918 -0.58781016
v -0.71478158 0.09038910 -0.58556420
v -0.71132296 0.09038910 -0.58789903
v -0.71494347 0.09824903 -0.58556420
v -0.71132296 0.09824903 -0.58799314
v -0.71509194 0.10610895 -0.58556420
v -0.71132296 0.10610895 -0.58807325
v -0.71524662 0.11396887 -0.58556420
v -0.71132296 0.11396887 -0.58816057
v -0.71537673 0.12182879 -0.58556420
v -0.71132296 0.12182879 -0.58823860
v -0.71553177 0.12968871 -0.58556420
v -0.71132296 0.12968871 -0.58832139
v -0.71567816 0.13754864 -0.58556420
v -0.71132296 0.13754864 -0.58840102
v -0.71580321 0.14540856 -0.58556420
v -0.71132296 0.14540856 -0.58846039
v -0.71589226 0.15326849 -0.58556420
v -0.71132296 0.15326849 -0.58849102
v -0.71593809 0.16112840 -0.58556420
v -0.71132296 0.16112840 -0.58848703
v -0.71590692 0.16898833 -0.58556420
v -0.71132296 0.16898833 -0.58843207
v -0.71586061 0.17684825 -0.58556420
v -0.71132296 0.17684825 -0.58837116
v -0.71580839 0.18470818 -0.58556420
v -0.71132296 0.18470818 -0.58831900
v -0.71587902 0.19256809 -0.58556420
v -0.71132296 0.19256809 -0.58835185
v -0.71615851 0.20042801 -0.58556420
v -0.71132296 0.20042801 -0.58853048
v -0.71653998 0.20828794 -0.58556420
v -0.71132296 0.20828794 -0.58876044
v -0.71690351 0.21614785 -0.58556420
v -0.71132296 0.21614785 -0.58900630
v -0.71717018 0.22400779 -0.58556420
v -0.71132296 0.22400779 -0.58916813
v -0.71737033 0.23186770 -0.58556420
v -0.71132296 0.23186770 -0.58930057
v -0.71755242 0.23972763 -0.58556420
v -0.71132296 0.23972763 -0.58942139
v -0.71774423 0.24758755 -0.58556420
v -0.71132296 0.24758755 -0.58952534
v -0.71787435 0.25544748 -0.58556420
v -0.71132296 0.25544748 -0.58955830
v -0.71795118 0.26330739 -0.58556420
v -0.71132296 0.26330739 -0.58958113
v -0.71803266 0.27116731 -0.58556420
v -0.71132296 0.27116731 -0.58960003
v -0.71814871 0.27902722 -0.58556420
v -0.71132296 0.27902722 -0.58963495
v -0.71823239 0.28688717 -0.58556420
v -0.71132296 0.28688717 -0.58968014
v -0.71834046 0.29474708 -0.58556420
v -0.71132296 0.29474708 -0.58975685
v -0.71848422 0.30260700 -0.58556420
v -0.71132296 0.30260700 -0.58984703
v -0.71863025 0.31046692 -0.58556420
v -0.71132296 0.31046692 -0.58993059
v -0.71867925 0.31832686 -0.58556420
v -0.71132296 0.31832686 -0.59001076
v -0.71873534 0.32618678 -0.58556420
v -0.71132296 0.32618678 -0.59005862
v -0.71876222 0.33404669 -0.58556420
v -0.71132296 0.33404669 -0.59010464
v -0.71876955 0.34190661 -0.58556420
v -0.71132296 0.34190661 -0.59011626
v -0.71873921 0.34976652 -0.58556420
v -0.71132296 0.34976652 -0.59007806
v -0.71867156 0.35762647 -0.58556420
v -0.71132296 0.35762647 -0.59000564
v -0.71853733 0.36548638 -0.58556420
v -0.71132296 0.36548638 -0.58985358
v -0.71834230 0.37334630 -0.58556420
v -0.71132296 0.37334630 -0.58969140
v -0.71823132 0.38120621 -0.58556420
v -0.71132296 0.38120621 -0.58955729
v -0.71823066 0.38906616 -0.58556420
v -0.71132296 0.38906616 -0.58955497
v -0.71828115 0.39692608 -0.58556420
v -0.71132296 0.39692608 -0.58960283
v -0.71843237 0.40478599 -0.58556420
v -0.71132296 0.40478599 -0.58970177
v -0.71854323 0.41264591 -0.58556420
v -0.71132296 0.41264591 -0.58978117
v -0.71861655 0.42050582 -0.58556420
v -0.71132296 0.42050582 -0.58982158
v -0.71866536 0.42836577 -0.58556420
v -0.71132296 0.42836577 -0.58986324
v -0.71868199 0.43622568 -0.58556420
v -0.71132296 0.43622568 -0.58985603
v -0.71865022 0.44408560 -0.58556420
v -0.71132296 0.44408560 -0.58981359
v -0.71851504 0.45194551 -0.58556420
v -0.71132296 0.45194551 -0.58969903
v -0.71821940 0.45980546 -0.58556420
v -0.71132296 0.45980546 -0.58947194
v -0.71778697 0.46766537 -0.58556420
v -0.71132296 0.46766537 -0.58918756
v -0.71738619 0.47552529 -0.58556420
v -0.71132296 0.47552529 -0.58892965
v -0.71718830 0.48338521 -0.58556420
v -0.71132296 0.48338521 -0.58880520
v -0.71707964 0.49124515 -0.58556420
v -0.71132296 0.49124515 -0.58878177
v -0.71702170 0.49910507 -0.58556420
v -0.71132296 0.49910507 -0.58875775
v -0.71681488 0.50696498 -0.58556420
v -0.71132296 0.50696498 -0.58865333
v -0.71626437 0.51482493 -0.58556420
v -0.71132296 0.51482493 -0.58835727
v -0.71535611 0.52268481 -0.58556420
v -0.71132296 0.52268481 -0.58783710
v -0.71399969 0.53054476 -0.58556420
v -0.71132296 0.53054476 -0.58709276
v -0.71208620 0.53840464 -0.58556420
v -0.71132296 0.53840464 -0.58601457
v -0.71132296 0.54079479 -0.58556420
v -0.71132296 0.54626459 -0.58449775
v -0.71720129 0.55412453 -0.57770425
v -0.71132296 0.55412453 -0.58238608
v -0.71385467 0.56198442 -0.57770425
v -0.71132296 0.56198442 -0.57955992
v -0.71132296 0.56589675 -0.57770425
v -0.71132296 0.56984437 -0.57526726
v -0.71132296 0.57452208 -0.56984437
v -0.71132296 0.57770425 -0.56348109
v -0.70971847 -0.59342414 -0.56984437
v -0.70346302 -0.59342414 -0.57548672
v -0.71013498 -0.58556420 -0.56984437
v -0.70346302 -0.58556420 -0.57627410
v -0.71011770 -0.57770425 -0.57770425
v -0.70346302 -0.57770425 -0.58207715
v -0.70346302 -0.58378792 -0.57770425
v -0.70398897 -0.56984437 -0.58556420
v -0.70346302 -0.56984437 -0.58583146
v -0.70346302 -0.57046521 -0.58556420
v -0.70805132 -0.56198442 -0.58556420
v -0.70346302 -0.56198442 -0.58787990
v -0.70974171 -0.55412453 -0.58556420
v -0.70346302 -0.55412453 -0.58880067
v -0.71070021 -0.54626459 -0.58556420
v -0.70346302 -0.54626459 -0.58926868
v -0.70346302 -0.53840464 -0.58959854
v -0.70346302 -0.53054476 -0.58973712
v -0.70346302 -0.52268481 -0.58968902
v -0.70346302 -0.51482493 -0.58957779
v -0.71118712 -0.50696498 -0.58556420
v -0.70346302 -0.50696498 -0.58941710
v -0.71093512 -0.49910507 -0.58556420
v -0.70346302 -0.49910507 -0.58930600
v -0.71102864 -0.49124515 -0.58556420
v -0.70346302 -0.49124515 -0.58932734
v -0.70346302 -0.48338521 -0.58943480
v -0.70346302 -0.47552529 -0.58947831
v -0.70346302 -0.46766537 -0.58945709
v -0.71126080 -0.45980546 -0.58556420
v -0.70346302 -0.45980546 -0.58938253
v -0.71104097 -0.45194551 -0.58556420
v -0.70346302 -0.45194551 -0.58929962
v -0.71088254 -0.44408560 -0.58556420
v -0.70346302 -0.44408560 -0.58921748
v -0.71075624 -0.43622568 -0.58556420
v -0.70346302 -0.43622568 -0.58916140
v -0.71065617 -0.42836577 -0.58556420
v -0.70346302 -0.42836577 -0.58910984
v -0.71046710 -0.42050582 -0.58556420
v -0.70346302 -0.42050582 -0.58901876
v -0.71022689 -0.41264591 -0.58556420
v -0.70346302 -0.41264591 -0.58889055
v -0.70986474 -0.40478599 -0.58556420
v -0.70346302 -0.40478599 -0.58873260
v -0.70964527 -0.39692608 -0.58556420
v -0.70346302 -0.39692608 -0.58861697
v -0.70988119 -0.38906616 -0.58556420
v -0.70346302 -0.38906616 -0.58868706
v -0.71024561 -0.38120621 -0.58556420
v -0.70346302 -0.38120621 -0.58881462
v -0.71046251 -0.37334630 -0.58556420
v -0.70346302 -0.37334630 -0.58886600
v -0.71050030 -0.36548638 -0.58556420
v -0.70346302 -0.36548638 -0.58887035
v -0.71052021 -0.35762647 -0.58556420
v -0.70346302 -0.35762647 -0.58886987
v -0.71049637 -0.34976652 -0.58556420
v -0.70346302 -0.34976652 -0.58885384
v -0.71048337 -0.34190661 -0.58556420
v -0.70346302 -0.34190661 -0.58884859
v -0.71051598 -0.33404669 -0.58556420
v -0.70346302 -0.33404669 -0.58883691
v -0.71053737 -0.32618678 -0.58556420
v -0.70346302 -0.32618678 -0.58883899
v -0.71051782 -0.31832686 -0.58556420
v -0.70346302 -0.31832686 -0.58882624
v -0.71046889 -0.31046692 -0.58556420
v -0.70346302 -0.31046692 -0.58881134
v -0.71051151 -0.30260700 -0.58556420
v -0.70346302 -0.30260700 -0.58881754
v -0.71059865 -0.29474708 -0.58556420
v -0.70346302 -0.29474708 -0.58884072
v -0.71069592 -0.28688717 -0.58556420
v -0.70346302 -0.28688717 -0.58889955
v -0.71083373 -0.27902722 -0.58556420
v -0.70346302 -0.27902722 -0.58896017
v -0.71093750 -0.27116731 -0.58556420
v -0.70346302 -0.27116731 -0.58902323
v -0.71101254 -0.26330739 -0.58556420
v -0.70346302 -0.26330739 -0.58905727
v -0.71104801 -0.25544748 -0.58556420
v -0.70346302 -0.25544748 -0.58906776
v -0.71105772 -0.24758755 -0.58556420
v -0.70346302 -0.24758755 -0.58908552
v -0.71110606 -0.23972763 -0.58556420
v -0.70346302 -0.23972763 -0.58910853
v -0.71110272 -0.23186770 -0.58556420
v -0.70346302 -0.23186770 -0.58909428
v -0.71099192 -0.22400779 -0.58556420
v -0.70346302 -0.22400779 -0.58905405
v -0.71089667 -0.21614785 -0.58556420
v -0.70346302 -0.21614785 -0.58899891
v -0.71074939 -0.20828794 -0.58556420
v -0.70346302 -0.20828794 -0.58891135
v -0.71065772 -0.20042801 -0.58556420
v -0.70346302 -0.20042801 -0.58885884
v -0.71084619 -0.19256809 -0.58556420
v -0.70346302 -0.19256809 -0.58893865
v -0.71117729 -0.18470818 -0.58556420
v -0.70346302 -0.18470818 -0.58907670
v -0.70346302 -0.17684825 -0.58919215
v -0.70346302 -0.16898833 -0.58927953
v -0.70346302 -0.16112840 -0.58933747
v -0.70346302 -0.15326849 -0.58939731
v -0.70346302 -0.14540856 -0.58944261
v -0.70346302 -0.13754864 -0.58950025
v -0.70346302 -0.12968871 -0.58954710
v -0.70346302 -0.12182879 -0.58958060
v -0.70346302 -0.11396887 -0.58962977
v -0.70346302 -0.10610895 -0.58966750
v -0.70346302 -0.09824903 -0.58970565
v -0.70346302 -0.09038910 -0.58976984
v -0.70346302 -0.08252918 -0.58981967
v -0.70346302 -0.07466926 -0.58987689
v -0.70346302 -0.06680934 -0.58993655
v -0.70346302 -0.05894941 -0.58998889
v -0.70346302 -0.05108950 -0.59004492
v -0.70346302 -0.04322957 -0.59008634
v -0.70346302 -0.03536965 -0.59013534
v -0.70346302 -0.02750973 -0.59016049
v -0.70346302 -0.01964981 -0.59018600
v -0.70346302 -0.01178988 -0.59020793
v -0.70346302 -0.00392996 -0.59022099
v -0.70346302 0.00392996 -0.59026986
v -0.70346302 0.01178988 -0.59031230
v -0.70346302 0.01964981 -0.59036773
v -0.70346302 0.02750973 -0.59041822
v -0.70346302 0.03536965 -0.59046912
v -0.70346302 0.04322957 -0.59051216
v -0.70346302 0.05108950 -0.59056330
v -0.70346302 0.05894941 -0.59059823
v -0.70346302 0.06680934 -0.59063768
v -0.70346302 0.07466926 -0.59068674
v -0.70346302 0.08252918 -0.59072697
v -0.70346302 0.09038910 -0.59078765
v -0.70346302 0.09824903 -0.59083569
v -0.70346302 0.10610895 -0.59089750
v -0.70346302 0.11396887 -0.59097445
v -0.70346302 0.12182879 -0.59105420
v -0.70346302 0.12968871 -0.59113133
v -0.70346302 0.13754864 -0.59120607
v -0.70346302 0.14540856 -0.59125131
v -0.70346302 0.15326849 -0.59126669
v -0.70346302 0.16112840 -0.59126186
v -0.70346302 0.16898833 -0.59122121
v -0.70346302 0.17684825 -0.59113115
v -0.70346302 0.18470818 -0.59101158
v -0.70346302 0.19256809 -0.59101200
v -0.70346302 0.20042801 -0.59119457
v -0.70346302 0.20828794 -0.59148657
v -0.70346302 0.21614785 -0.59173816
v -0.70346302 0.22400779 -0.59192210
v -0.70346302 0.23186770 -0.59205294
v -0.70346302 0.23972763 -0.59215707
v -0.70346302 0.24758755 -0.59222454
v -0.70346302 0.25544748 -0.59226811
v -0.70346302 0.26330739 -0.59228379
v -0.70346302 0.27116731 -0.59230262
v -0.70346302 0.27902722 -0.59234226
v -0.70346302 0.28688717 -0.59239382
v -0.70346302 0.29474708 -0.59249026
v -0.70346302 0.30260700 -0.59260184
v -0.70346302 0.31046692 -0.59273374
v -0.70346302 0.31832686 -0.59283584
v -0.70346302 0.32618678 -0.59294015
v -0.70346302 0.33404669 -0.59302837
v -0.70346302 0.34190661 -0.59306842
v -0.70346302 0.34976652 -0.59308124
v -0.70346302 0.35762647 -0.59303123
v -0.70346302 0.36548638 -0.59294665
v -0.70346302 0.37334630 -0.59281373
v -0.70346302 0.38120621 -0.59271038
v -0.70346302 0.38906616 -0.59269106
v -0.70346302 0.39692608 -0.59279299
v -0.70346302 0.40478599 -0.59287333
v -0.70346302 0.41264591 -0.59296662
v -0.70346302 0.42050582 -0.59302038
v -0.70346302 0.42836577 -0.59305722
v -0.70346302 0.43622568 -0.59305793
v -0.70346302 0.44408560 -0.59303278
v -0.70346302 0.45194551 -0.59293562
v -0.70346302 0.45980546 -0.59276330
v -0.70346302 0.46766537 -0.59253579
v -0.70346302 0.47552529 -0.59228981
v -0.70346302 0.48338521 -0.59215289
v -0.70346302 0.49124515 -0.59213024
v -0.70346302 0.49910507 -0.59213042
v -0.70346302 0.50696498 -0.59204739
v -0.70346302 0.51482493 -0.59182560
v -0.70346302 0.52268481 -0.59142405
v -0.70346302 0.53054476 -0.59076810
v -0.70346302 0.53840464 -0.58976901
v -0.70922989 0.54626459 -0.58556420
v -0.70346302 0.54626459 -0.58833826
v -0.70495403 0.55412453 -0.58556420
v -0.70346302 0.55412453 -0.58629340
v -0.70346302 0.55608279 -0.58556420
v -0.70346302 0.56198442 -0.58334970
v -0.70648724 0.56984437 -0.57770425
v -0.70346302 0.56984437 -0.57899565
v -0.70346302 0.57128918 -0.57770425
v -0.70346302 0.57728916 -0.56984437
v -0.70346302 0.57770425 -0.56917042
v -0.69854403 -0.59342414 -0.57770425
v -0.69560313 -0.59342414 -0.57891810
v -0.70079112 -0.58556420 -0.57770425
v -0.69560313 -0.58556420 -0.58036906
v -0.69595563 -0.57770425 -0.58556420
v -0.69560313 -0.57770425 -0.58571321
v -0.69560313 -0.57796186 -0.58556420
v -0.69560313 -0.56984437 -0.58895624
v -0.69560313 -0.56198442 -0.59091830
v -0.69560313 -0.55412453 -0.59171999
v -0.69560313 -0.54626459 -0.59213734
v -0.69560313 -0.53840464 -0.59238142
v -0.69560313 -0.53054476 -0.59251672
v -0.69560313 -0.52268481 -0.59254104
v -0.69560313 -0.51482493 -0.59249574
v -0.69560313 -0.50696498 -0.59241492
v -0.69560313 -0.49910507 -0.59232807
v -0.69560313 -0.49124515 -0.59233302
v -0.69560313 -0.48338521 -0.59239757
v -0.69560313 -0.47552529 -0.59246898
v -0.69560313 -0.46766537 -0.59246278
v -0.69560313 -0.45980546 -0.59241825
v -0.69560313 -0.45194551 -0.59235328
v -0.69560313 -0.44408560 -0.59228987
v -0.69560313 -0.43622568 -0.59223062
v -0.69560313 -0.42836577 -0.59219390
v -0.69560313 -0.42050582 -0.59213173
v -0.69560313 -0.41264591 -0.59203535
v -0.69560313 -0.40478599 -0.59189880
v -0.69560313 -0.39692608 -0.59178364
v -0.69560313 -0.38906616 -0.59182256
v -0.69560313 -0.38120621 -0.59190947
v -0.69560313 -0.37334630 -0.59194243
v -0.69560313 -0.36548638 -0.59193933
v -0.69560313 -0.35762647 -0.59192604
v -0.69560313 -0.34976652 -0.59191114
v -0.69560313 -0.34190661 -0.59189463
v -0.69560313 -0.33404669 -0.59188795
v -0.69560313 -0.32618678 -0.59187633
v -0.69560313 -0.31832686 -0.59186137
v -0.69560313 -0.31046692 -0.59183633
v -0.69560313 -0.30260700 -0.59182638
v -0.69560313 -0.29474708 -0.59184885
v -0.69560313 -0.28688717 -0.59190094
v -0.69560313 -0.27902722 -0.59197474
v -0.69560313 -0.27116731 -0.59202987
v -0.69560313 -0.26330739 -0.59206682
v -0.69560313 -0.25544748 -0.59208256
v -0.69560313 -0.24758755 -0.59210354
v -0.69560313 -0.23972763 -0.59210926
v -0.69560313 -0.23186770 -0.59210664
v -0.69560313 -0.22400779 -0.59208351
v -0.69560313 -0.21614785 -0.59203672
v -0.69560313 -0.20828794 -0.59195393
v -0.69560313 -0.20042801 -0.59189314
v -0.69560313 -0.19256809 -0.59195876
v -0.69560313 -0.18470818 -0.59209365
v -0.69560313 -0.17684825 -0.59218246
v -0.69560313 -0.16898833 -0.59223771
v -0.69560313 -0.16112840 -0.59226865
v -0.69560313 -0.15326849 -0.59230417
v -0.69560313 -0.14540856 -0.59234214
v -0.69560313 -0.13754864 -0.59239757
v -0.69560313 -0.12968871 -0.59243852
v -0.69560313 -0.12182879 -0.59249365
v -0.69560313 -0.11396887 -0.59254032
v -0.69560313 -0.10610895 -0.59258324
v -0.69560313 -0.09824903 -0.59263492
v -0.69560313 -0.09038910 -0.59268868
v -0.69560313 -0.08252918 -0.59273493
v -0.69560313 -0.07466926 -0.59280592
v -0.69560313 -0.06680934 -0.59285712
v -0.69560313 -0.05894941 -0.59290373
v -0.69560313 -0.05108950 -0.59295589
v -0.69560313 -0.04322957 -0.59299058
v -0.69560313 -0.03536965 -0.59303796
v -0.69560313 -0.02750973 -0.59306473
v -0.69560313 -0.01964981 -0.59309840
v -0.69560313 -0.01178988 -0.59310716
v -0.69560313 -0.00392996 -0.59312522
v -0.69560313 0.00392996 -0.59316492
v -0.69560313 0.01178988 -0.59321469
v -0.69560313 0.01964981 -0.59328020
v -0.69560313 0.02750973 -0.59333605
v -0.69560313 0.03536965 -0.59338534
v -0.69566208 0.04322957 -0.59342414
v -0.69560313 0.04322957 -0.59344614
v -0.69560313 0.04040287 -0.59342414
v -0.69578987 0.05108950 -0.59342414
v -0.69560313 0.05108950 -0.59349334
v -0.69595408 0.05894941 -0.59342414
v -0.69560313 0.05894941 -0.59355521
v -0.69606841 0.06680934 -0.59342414
v -0.69560313 0.06680934 -0.59359866
v -0.69612783 0.07466926 -0.59342414
v -0.69560313 0.07466926 -0.59362084
v -0.69623202 0.08252918 -0.59342414
v -0.69560313 0.08252918 -0.59366077
v -0.69630390 0.09038910 -0.59342414
v -0.69560313 0.09038910 -0.59368479
v -0.69639021 0.09824903 -0.59342414
v -0.69560313 0.09824903 -0.59371662
v -0.69648904 0.10610895 -0.59342414
v -0.69560313 0.10610895 -0.59375119
v -0.69658756 0.11396887 -0.59342414
v -0.69560313 0.11396887 -0.59378403
v -0.69677186 0.12182879 -0.59342414
v -0.69560313 0.12182879 -0.59384936
v -0.69694412 0.12968871 -0.59342414
v -0.69560313 0.12968871 -0.59390944
v -0.69710016 0.13754864 -0.59342414
v -0.69560313 0.13754864 -0.59396237
v -0.69716674 0.14540856 -0.59342414
v -0.69560313 0.14540856 -0.59398150
v -0.69722021 0.15326849 -0.59342414
v -0.69560313 0.15326849 -0.59400213
v -0.69720119 0.16112840 -0.59342414
v -0.69560313 0.16112840 -0.59399527
v -0.69708484 0.16898833 -0.59342414
v -0.69560313 0.16898833 -0.59395099
v -0.69688404 0.17684825 -0.59342414
v -0.69560313 0.17684825 -0.59387845
v -0.69652951 0.18470818 -0.59342414
v -0.69560313 0.18470818 -0.59374970
v -0.69642556 0.19256809 -0.59342414
v -0.69560313 0.19256809 -0.59370750
v -0.69690120 0.20042801 -0.59342414
v -0.69560313 0.20042801 -0.59386927
v -0.69762033 0.20828794 -0.59342414
v -0.69560313 0.20828794 -0.59411031
v -0.69817907 0.21614785 -0.59342414
v -0.69560313 0.21614785 -0.59428668
v -0.69861716 0.22400779 -0.59342414
v -0.69560313 0.22400779 -0.59442091
v -0.69896895 0.23186770 -0.59342414
v -0.69560313 0.23186770 -0.59453803
v -0.69927382 0.23972763 -0.59342414
v -0.69560313 0.23972763 -0.59463650
v -0.69944954 0.24758755 -0.59342414
v -0.69560313 0.24758755 -0.59469318
v -0.69958997 0.25544748 -0.59342414
v -0.69560313 0.25544748 -0.59473777
v -0.69969958 0.26330739 -0.59342414
v -0.69560313 0.26330739 -0.59479308
v -0.69978803 0.27116731 -0.59342414
v -0.69560313 0.27116731 -0.59483892
v -0.69994038 0.27902722 -0.59342414
v -0.69560313 0.27902722 -0.59489828
v -0.70014316 0.28688717 -0.59342414
v -0.69560313 0.28688717 -0.59498769
v -0.70046800 0.29474708 -0.59342414
v -0.69560313 0.29474708 -0.59510332
v -0.70084202 0.30260700 -0.59342414
v -0.69560313 0.30260700 -0.59523553
v -0.70126468 0.31046692 -0.59342414
v -0.69560313 0.31046692 -0.59536767
v -0.70158684 0.31832686 -0.59342414
v -0.69560313 0.31832686 -0.59546852
v -0.70193046 0.32618678 -0.59342414
v -0.69560313 0.32618678 -0.59558356
v -0.70222044 0.33404669 -0.59342414
v -0.69560313 0.33404669 -0.59567422
v -0.70235479 0.34190661 -0.59342414
v -0.69560313 0.34190661 -0.59572840
v -0.70240265 0.34976652 -0.59342414
v -0.69560313 0.34976652 -0.59574789
v -0.70227188 0.35762647 -0.59342414
v -0.69560313 0.35762647 -0.59574622
v -0.70203781 0.36548638 -0.59342414
v -0.69560313 0.36548638 -0.59569001
v -0.70169061 0.37334630 -0.59342414
v -0.69560313 0.37334630 -0.59561533
v -0.70145637 0.38120621 -0.59342414
v -0.69560313 0.38120621 -0.59554851
v -0.70144409 0.38906616 -0.59342414
v -0.69560313 0.38906616 -0.59556210
v -0.70170939 0.39692608 -0.59342414
v -0.69560313 0.39692608 -0.59566075
v -0.70194227 0.40478599 -0.59342414
v -0.69560313 0.40478599 -0.59579557
v -0.70219225 0.41264591 -0.59342414
v -0.69560313 0.41264591 -0.59587681
v -0.70233691 0.42050582 -0.59342414
v -0.69560313 0.42050582 -0.59592575
v -0.70243102 0.42836577 -0.59342414
v -0.69560313 0.42836577 -0.59593672
v -0.70243531 0.43622568 -0.59342414
v -0.69560313 0.43622568 -0.59595007
v -0.70236075 0.44408560 -0.59342414
v -0.69560313 0.44408560 -0.59591997
v -0.70210749 0.45194551 -0.59342414
v -0.69560313 0.45194551 -0.59585786
v -0.70167714 0.45980546 -0.59342414
v -0.69560313 0.45980546 -0.59575188
v -0.70113349 0.46766537 -0.59342414
v -0.69560313 0.46766537 -0.59559155
v -0.70063859 0.47552529 -0.59342414
v -0.69560313 0.47552529 -0.59544504
v -0.70036900 0.48338521 -0.59342414
v -0.69560313 0.48338521 -0.59534746
v -0.70032257 0.49124515 -0.59342414
v -0.69560313 0.49124515 -0.59533393
v -0.70036006 0.49910507 -0.59342414
v -0.69560313 0.49910507 -0.59536821
v -0.70020801 0.50696498 -0.59342414
v -0.69560313 0.50696498 -0.59533721
v -0.69975084 0.51482493 -0.59342414
v -0.69560313 0.51482493 -0.59516585
v -0.69896722 0.52268481 -0.59342414
v -0.69560313 0.52268481 -0.59487271
v -0.69769639 0.53054476 -0.59342414
v -0.69560313 0.53054476 -0.59435207
v -0.69568390 0.53840464 -0.59342414
v -0.69560313 0.53840464 -0.59346116
v -0.69560313 0.53862679 -0.59342414
v -0.69560313 0.54626459 -0.59212625
v -0.69560313 0.55412453 -0.59011871
v -0.69870776 0.56198442 -0.58556420
v -0.69560313 0.56198442 -0.58698070
v -0.69560313 0.56490874 -0.58556420
v -0.69560313 0.56984437 -0.58272588
v -0.69560313 0.57509971 -0.57770425
v -0.70253336 0.57770425 -0.56984437
v -0.69560313 0.57770425 -0.57444483
v -0.68774319 -0.59342414 -0.58259583
v -0.68774319 -0.58556420 -0.58435255
v -0.68774319 -0.57770425 -0.58882815
v -0.68774319 -0.58362484 -0.58556420
v -0.68774319 -0.56984437 -0.59168690
v -0.68774319 -0.56198442 -0.59324211
v -0.68952352 -0.55412453 -0.59342414
v -0.68774319 -0.55412453 -0.59391713
v -0.68774319 -0.55988306 -0.59342414
v -0.69081551 -0.54626459 -0.59342414
v -0.68774319 -0.54626459 -0.59424371
v -0.69160175 -0.53840464 -0.59342414
v -0.68774319 -0.53840464 -0.59443647
v -0.69205201 -0.53054476 -0.59342414
v -0.68774319 -0.53054476 -0.59453946
v -0.69219720 -0.52268481 -0.59342414
v -0.68774319 -0.52268481 -0.59459072
v -0.69211441 -0.51482493 -0.59342414
v -0.68774319 -0.51482493 -0.59459829
v -0.69192684 -0.50696498 -0.59342414
v -0.68774319 -0.50696498 -0.59457356
v -0.69166946 -0.49910507 -0.59342414
v -0.68774319 -0.49910507 -0.59451276
v -0.69172740 -0.49124515 -0.59342414
v -0.68774319 -0.49124515 -0.59453917
v -0.69195354 -0.48338521 -0.59342414
v -0.68774319 -0.48338521 -0.59460831
v -0.69218832 -0.47552529 -0.59342414
v -0.68774319 -0.47552529 -0.59467089
v -0.69217485 -0.46766537 -0.59342414
v -0.68774319 -0.46766537 -0.59467089
v -0.69206804 -0.45980546 -0.59342414
v -0.68774319 -0.45980546 -0.59465325
v -0.69187665 -0.45194551 -0.59342414
v -0.68774319 -0.45194551 -0.59461021
v -0.69170302 -0.44408560 -0.59342414
v -0.68774319 -0.44408560 -0.59457260
v -0.69159210 -0.43622568 -0.59342414
v -0.68774319 -0.43622568 -0.59455919
v -0.69154054 -0.42836577 -0.59342414
v -0.68774319 -0.42836577 -0.59455711
v -0.69142503 -0.42050582 -0.59342414
v -0.68774319 -0.42050582 -0.59454286
v -0.69121003 -0.41264591 -0.59342414
v -0.68774319 -0.41264591 -0.59449333
v -0.69087303 -0.40478599 -0.59342414
v -0.68774319 -0.40478599 -0.59439850
v -0.69064659 -0.39692608 -0.59342414
v -0.68774319 -0.39692608 -0.59433770
v -0.69072366 -0.38906616 -0.59342414
v -0.68774319 -0.38906616 -0.59435797
v -0.69094181 -0.38120621 -0.59342414
v -0.68774319 -0.38120621 -0.59442455
v -0.69104761 -0.37334630 -0.59342414
v -0.68774319 -0.37334630 -0.59445763
v -0.69108737 -0.36548638 -0.59342414
v -0.68774319 -0.36548638 -0.59447682
v -0.69107407 -0.35762647 -0.59342414
v -0.68774319 -0.35762647 -0.59447885
v -0.69108206 -0.34976652 -0.59342414
v -0.68774319 -0.34976652 -0.59448767
v -0.69105554 -0.34190661 -0.59342414
v -0.68774319 -0.34190661 -0.59448254
v -0.69103390 -0.33404669 -0.59342414
v -0.68774319 -0.33404669 -0.59447390
v -0.69101560 -0.32618678 -0.59342414
v -0.68774319 -0.32618678 -0.59447289
v -0.69098777 -0.31832686 -0.59342414
v -0.68774319 -0.31832686 -0.59446520
v -0.69093788 -0.31046692 -0.59342414
v -0.68774319 -0.31046692 -0.59445894
v -0.69091946 -0.30260700 -0.59342414
v -0.68774319 -0.30260700 -0.59445620
v -0.69098139 -0.29474708 -0.59342414
v -0.68774319 -0.29474708 -0.59447879
v -0.69109821 -0.28688717 -0.59342414
v -0.68774319 -0.28688717 -0.59450996
v -0.69129628 -0.27902722 -0.59342414
v -0.68774319 -0.27902722 -0.59456819
v -0.69145381 -0.27116731 -0.59342414
v -0.68774319 -0.27116731 -0.59461766
v -0.69155371 -0.26330739 -0.59342414
v -0.68774319 -0.26330739 -0.59464717
v -0.69160968 -0.25544748 -0.59342414
v -0.68774319 -0.25544748 -0.59467101
v -0.69167316 -0.24758755 -0.59342414
v -0.68774319 -0.24758755 -0.59468973
v -0.69166225 -0.23972763 -0.59342414
v -0.68774319 -0.23972763 -0.59468222
v -0.69167471 -0.23186770 -0.59342414
v -0.68774319 -0.23186770 -0.59468615
v -0.69159508 -0.22400779 -0.59342414
v -0.68774319 -0.22400779 -0.59466094
v -0.69145858 -0.21614785 -0.59342414
v -0.68774319 -0.21614785 -0.59461588
v -0.69125772 -0.20828794 -0.59342414
v -0.68774319 -0.20828794 -0.59455359
v -0.69108790 -0.20042801 -0.59342414
v -0.68774319 -0.20042801 -0.59449595
v -0.69126087 -0.19256809 -0.59342414
v -0.68774319 -0.19256809 -0.59454983
v -0.69161701 -0.18470818 -0.59342414
v -0.68774319 -0.18470818 -0.59466326
v -0.69184709 -0.17684825 -0.59342414
v -0.68774319 -0.17684825 -0.59473890
v -0.69199175 -0.16898833 -0.59342414
v -0.68774319 -0.16898833 -0.59478575
v -0.69207454 -0.16112840 -0.59342414
v -0.68774319 -0.16112840 -0.59481186
v -0.69218302 -0.15326849 -0.59342414
v -0.68774319 -0.15326849 -0.59484917
v -0.69227982 -0.14540856 -0.59342414
v -0.68774319 -0.14540856 -0.59487277
v -0.69245315 -0.13754864 -0.59342414
v -0.68774319 -0.13754864 -0.59491783
v -0.69258493 -0.12968871 -0.59342414
v -0.68774319 -0.12968871 -0.59496254
v -0.69275653 -0.12182879 -0.59342414
v -0.68774319 -0.12182879 -0.59501123
v -0.69289935 -0.11396887 -0.59342414
v -0.68774319 -0.11396887 -0.59505826
v -0.69302720 -0.10610895 -0.59342414
v -0.68774319 -0.10610895 -0.59508896
v -0.69318092 -0.09824903 -0.59342414
v -0.68774319 -0.09824903 -0.59512824
v -0.69333309 -0.09038910 -0.59342414
v -0.68774319 -0.09038910 -0.59516144
v -0.69348145 -0.08252918 -0.59342414
v -0.68774319 -0.08252918 -0.59520900
v -0.69367099 -0.07466926 -0.59342414
v -0.68774319 -0.07466926 -0.59523290
v -0.69381768 -0.06680934 -0.59342414
v -0.68774319 -0.06680934 -0.59526521
v -0.69394523 -0.05894941 -0.59342414
v -0.68774319 -0.05894941 -0.59528458
v -0.69410425 -0.05108950 -0.59342414
v -0.68774319 -0.05108950 -0.59531760
v -0.69420147 -0.04322957 -0.59342414
v -0.68774319 -0.04322957 -0.59532928
v -0.69434536 -0.03536965 -0.59342414
v -0.68774319 -0.03536965 -0.59535116
v -0.69443011 -0.02750973 -0.59342414
v -0.68774319 -0.02750973 -0.59537411
v -0.69452769 -0.01964981 -0.59342414
v -0.68774319 -0.01964981 -0.59537929
v -0.69456249 -0.01178988 -0.59342414
v -0.68774319 -0.01178988 -0.59539402
v -0.69460791 -0.00392996 -0.59342414
v -0.68774319 -0.00392996 -0.59538203
v -0.69473588 0.00392996 -0.59342414
v -0.68774319 0.00392996 -0.59540886
v -0.69489825 0.01178988 -0.59342414
v -0.68774319 0.01178988 -0.59544069
v -0.69511408 0.01964981 -0.59342414
v -0.68774319 0.01964981 -0.59548473
v -0.69530255 0.02750973 -0.59342414
v -0.68774319 0.02750973 -0.59553325
v -0.69547123 0.03536965 -0.59342414
v -0.68774319 0.03536965 -0.59558475
v -0.68774319 0.04322957 -0.59563351
v -0.68774319 0.05108950 -0.59568852
v -0.68774319 0.05894941 -0.59572732
v -0.68774319 0.06680934 -0.59578210
v -0.68774319 0.07466926 -0.59582257
v -0.68774319 0.08252918 -0.59584993
v -0.68774319 0.09038910 -0.59588104
v -0.68774319 0.09824903 -0.59589237
v -0.68774319 0.10610895 -0.59592164
v -0.68774319 0.11396887 -0.59594613
v -0.68774319 0.12182879 -0.59598696
v -0.68774319 0.12968871 -0.59603083
v -0.68774319 0.13754864 -0.59605879
v -0.68774319 0.14540856 -0.59607863
v -0.68774319 0.15326849 -0.59607333
v -0.68774319 0.16112840 -0.59605473
v -0.68774319 0.16898833 -0.59601498
v -0.68774319 0.17684825 -0.59595275
v -0.68774319 0.18470818 -0.59581977
v -0.68774319 0.19256809 -0.59574229
v -0.68774319 0.20042801 -0.59587032
v -0.68774319 0.20828794 -0.59606129
v -0.68774319 0.21614785 -0.59621286
v -0.68774319 0.22400779 -0.59632564
v -0.68774319 0.23186770 -0.59640175
v -0.68774319 0.23972763 -0.59647161
v -0.68774319 0.24758755 -0.59652126
v -0.68774319 0.25544748 -0.59656340
v -0.68774319 0.26330739 -0.59660375
v -0.68774319 0.27116731 -0.59664452
v -0.68774319 0.27902722 -0.59668189
v -0.68774319 0.28688717 -0.59673953
v -0.68774319 0.29474708 -0.59679937
v -0.68774319 0.30260700 -0.59686816
v -0.68774319 0.31046692 -0.59695309
v -0.68774319 0.31832686 -0.59702867
v -0.68774319 0.32618678 -0.59709835
v -0.68774319 0.33404669 -0.59715241
v -0.68774319 0.34190661 -0.59720206
v -0.68774319 0.34976652 -0.59723496
v -0.68774319 0.35762647 -0.59723777
v -0.68774319 0.36548638 -0.59723186
v -0.68774319 0.37334630 -0.59718424
v -0.68774319 0.38120621 -0.59712815
v -0.68774319 0.38906616 -0.59713644
v -0.68774319 0.39692608 -0.59723449
v -0.68774319 0.40478599 -0.59735215
v -0.68774319 0.41264591 -0.59743679
v -0.68774319 0.42050582 -0.59748238
v -0.68774319 0.42836577 -0.59749991
v -0.68774319 0.43622568 -0.59751660
v -0.68774319 0.44408560 -0.59751529
v -0.68774319 0.45194551 -0.59748161
v -0.68774319 0.45980546 -0.59743983
v -0.68774319 0.46766537 -0.59734732
v -0.68774319 0.47552529 -0.59725791
v -0.68774319 0.48338521 -0.59718555
v -0.68774319 0.49124515 -0.59721845
v -0.68774319 0.49910507 -0.59727538
v -0.68774319 0.50696498 -0.59729499
v -0.68774319 0.51482493 -0.59722239
v -0.68774319 0.52268481 -0.59704512
v -0.68774319 0.53054476 -0.59663296
v -0.68774319 0.53840464 -0.59587914
v -0.69176441 0.54626459 -0.59342414
v -0.68774319 0.54626459 -0.59466857
v -0.68774319 0.55121183 -0.59342414
v -0.68774319 0.55412453 -0.59264857
v -0.68774319 0.56198442 -0.58941716
v -0.68774319 0.56924325 -0.58556420
v -0.68774319 0.56984437 -0.58517903
v -0.68774319 0.57730585 -0.57770425
v -0.68774319 0.57770425 -0.57727236
v -0.68774319 0.58556420 -0.57264030
v -0.67988324 -0.59342414 -0.58499461
v -0.68405980 -0.58556420 -0.58556420
v -0.67988324 -0.58556420 -0.58680034
v -0.67988324 -0.59079266 -0.58556420
v -0.67988324 -0.57770425 -0.59093755
v -0.67988324 -0.56984437 -0.59340739
v -0.68683112 -0.56198442 -0.59342414
v -0.67988324 -0.56198442 -0.59474450
v -0.67988324 -0.56975168 -0.59342414
v -0.67988324 -0.55412453 -0.59529537
v -0.67988324 -0.54626459 -0.59557098
v -0.67988324 -0.53840464 -0.59570652
v -0.67988324 -0.53054476 -0.59579819
v -0.67988324 -0.52268481 -0.59585541
v -0.67988324 -0.51482493 -0.59587210
v -0.67988324 -0.50696498 -0.59587073
v -0.67988324 -0.49910507 -0.59583604
v -0.67988324 -0.49124515 -0.59586477
v -0.67988324 -0.48338521 -0.59594023
v -0.67988324 -0.47552529 -0.59598237
v -0.67988324 -0.46766537 -0.59599400
v -0.67988324 -0.45980546 -0.59594059
v -0.67988324 -0.45194551 -0.59591132
v -0.67988324 -0.44408560 -0.59587014
v -0.67988324 -0.43622568 -0.59585655
v -0.67988324 -0.42836577 -0.59583890
v -0.67988324 -0.42050582 -0.59581578
v -0.67988324 -0.41264591 -0.59576869
v -0.67988324 -0.40478599 -0.59568763
v -0.67988324 -0.39692608 -0.59561092
v -0.67988324 -0.38906616 -0.59564358
v -0.67988324 -0.38120621 -0.59569329
v -0.67988324 -0.37334630 -0.59571588
v -0.67988324 -0.36548638 -0.59570867
v -0.67988324 -0.35762647 -0.59569788
v -0.67988324 -0.34976652 -0.59568053
v -0.67988324 -0.34190661 -0.59566224
v -0.67988324 -0.33404669 -0.59564215
v -0.67988324 -0.32618678 -0.59561408
v -0.67988324 -0.31832686 -0.59556985
v -0.67988324 -0.31046692 -0.59554285
v -0.67988324 -0.30260700 -0.59551466
v -0.67988324 -0.29474708 -0.59550172
v -0.67988324 -0.28688717 -0.59551024
v -0.67988324 -0.27902722 -0.59551841
v -0.67988324 -0.27116731 -0.59551764
v -0.67988324 -0.26330739 -0.59551632
v -0.67988324 -0.25544748 -0.59550011
v -0.67988324 -0.24758755 -0.59547812
v -0.67988324 -0.23972763 -0.59547520
v -0.67988324 -0.23186770 -0.59543264
v -0.67988324 -0.22400779 -0.59539765
v -0.67988324 -0.21614785 -0.59534484
v -0.67988324 -0.20828794 -0.59525585
v -0.67988324 -0.20042801 -0.59518784
v -0.67988324 -0.19256809 -0.59525865
v -0.67988324 -0.18470818 -0.59538156
v -0.67988324 -0.17684825 -0.59546649
v -0.67988324 -0.16898833 -0.59552169
v -0.67988324 -0.16112840 -0.59556383
v -0.67988324 -0.15326849 -0.59559792
v -0.67988324 -0.14540856 -0.59564251
v -0.67988324 -0.13754864 -0.59568012
v -0.67988324 -0.12968871 -0.59572077
v -0.67988324 -0.12182879 -0.59577042
v -0.67988324 -0.11396887 -0.59580535
v -0.67988324 -0.10610895 -0.59582549
v -0.67988324 -0.09824903 -0.59585679
v -0.67988324 -0.09038910 -0.59588611
v -0.67988324 -0.08252918 -0.59592062
v -0.67988324 -0.07466926 -0.59593976
v -0.67988324 -0.06680934 -0.59596813
v -0.67988324 -0.05894941 -0.59597582
v -0.67988324 -0.05108950 -0.59598595
v -0.67988324 -0.04322957 -0.59599251
v -0.67988324 -0.03536965 -0.59601831
v -0.67988324 -0.02750973 -0.59602356
v -0.67988324 -0.01964981 -0.59603131
v -0.67988324 -0.01178988 -0.59602237
v -0.67988324 -0.00392996 -0.59601599
v -0.67988324 0.00392996 -0.59603518
v -0.67988324 0.01178988 -0.59606963
v -0.67988324 0.01964981 -0.59610778
v -0.67988324 0.02750973 -0.59615773
v -0.67988324 0.03536965 -0.59619743
v -0.67988324 0.04322957 -0.59624708
v -0.67988324 0.05108950 -0.59628958
v -0.67988324 0.05894941 -0.59633279
v -0.67988324 0.06680934 -0.59638548
v -0.67988324 0.07466926 -0.59643573
v -0.67988324 0.08252918 -0.59647924
v -0.67988324 0.09038910 -0.59650177
v -0.67988324 0.09824903 -0.59652311
v -0.67988324 0.10610895 -0.59655261
v -0.67988324 0.11396887 -0.59659564
v -0.67988324 0.12182879 -0.59663439
v -0.67988324 0.12968871 -0.59667712
v -0.67988324 0.13754864 -0.59670824
v -0.67988324 0.14540856 -0.59670871
v -0.67988324 0.15326849 -0.59671408
v -0.67988324 0.16112840 -0.59670818
v -0.67988324 0.16898833 -0.59669679
v -0.67988324 0.17684825 -0.59663236
v -0.67988324 0.18470818 -0.59650028
v -0.67988324 0.19256809 -0.59642732
v -0.67988324 0.20042801 -0.59657401
v -0.67988324 0.20828794 -0.59677052
v -0.67988324 0.21614785 -0.59689718
v -0.67988324 0.22400779 -0.59699714
v -0.67988324 0.23186770 -0.59707642
v -0.67988324 0.23972763 -0.59713626
v -0.67988324 0.24758755 -0.59718353
v -0.67988324 0.25544748 -0.59722424
v -0.67988324 0.26330739 -0.59726501
v -0.67988324 0.27116731 -0.59729129
v -0.67988324 0.27902722 -0.59733117
v -0.67988324 0.28688717 -0.59735602
v -0.67988324 0.29474708 -0.59739071
v -0.67988324 0.30260700 -0.59743631
v -0.67988324 0.31046692 -0.59749824
v -0.67988324 0.31832686 -0.59755808
v -0.67988324 0.32618678 -0.59761351
v -0.67988324 0.33404669 -0.59766304
v -0.67988324 0.34190661 -0.59770089
v -0.67988324 0.34976652 -0.59773302
v -0.67988324 0.35762647 -0.59774923
v -0.67988324 0.36548638 -0.59775209
v -0.67988324 0.37334630 -0.59772897
v -0.67988324 0.38120621 -0.59767443
v -0.67988324 0.38906616 -0.59768087
v -0.67988324 0.39692608 -0.59777850
v -0.67988324 0.40478599 -0.59787667
v -0.67988324 0.41264591 -0.59794486
v -0.67988324 0.42050582 -0.59799016
v -0.67988324 0.42836577 -0.59801161
v -0.67988324 0.43622568 -0.59802628
v -0.67988324 0.44408560 -0.59803021
v -0.67988324 0.45194551 -0.59802347
v -0.67988324 0.45980546 -0.59799689
v -0.67988324 0.46766537 -0.59794283
v -0.67988324 0.47552529 -0.59787816
v -0.67988324 0.48338521 -0.59782553
v -0.67988324 0.49124515 -0.59786659
v -0.67988324 0.49910507 -0.59793842
v -0.67988324 0.50696498 -0.59798914
v -0.67988324 0.51482493 -0.59793174
v -0.67988324 0.52268481 -0.59780067
v -0.67988324 0.53054476 -0.59744418
v -0.67988324 0.53840464 -0.59673387
v -0.67988324 0.54626459 -0.59554547
v -0.68081486 0.55412453 -0.59342414
v -0.67988324 0.55412453 -0.59352523
v -0.67988324 0.55437219 -0.59342414
v -0.67988324 0.56198442 -0.59019625
v -0.68405634 0.56984437 -0.58556420
v -0.67988324 0.56984437 -0.58594948
v -0.67988324 0.57035828 -0.58556420
v -0.68042123 0.57770425 -0.57770425
v -0.67988324 0.57770425 -0.57774109
v -0.67988324 0.57774216 -0.57770425
v -0.67988324 0.58556420 -0.57200617
v -0.67202336 -0.59342414 -0.58542621
v -0.67202336 -0.58556420 -0.58756012
v -0.67202336 -0.59286779 -0.58556420
v -0.67202336 -0.57770425 -0.59160823
v -0.67967951 -0.56984437 -0.59342414
v -0.67202336 -0.56984437 -0.59403521
v -0.67202336 -0.57184654 -0.59342414
v -0.67202336 -0.56198442 -0.59535593
v -0.67202336 -0.55412453 -0.59588987
v -0.67202336 -0.54626459 -0.59611231
v -0.67202336 -0.53840464 -0.59623265
v -0.67202336 -0.53054476 -0.59630889
v -0.67202336 -0.52268481 -0.59636503
v -0.67202336 -0.51482493 -0.59639663
v -0.67202336 -0.50696498 -0.59637916
v -0.67202336 -0.49910507 -0.59634644
v -0.67202336 -0.49124515 -0.59637207
v -0.67202336 -0.48338521 -0.59644181
v -0.67202336 -0.47552529 -0.59648281
v -0.67202336 -0.46766537 -0.59648305
v -0.67202336 -0.45980546 -0.59643304
v -0.67202336 -0.45194551 -0.59637678
v -0.67202336 -0.44408560 -0.59633172
v -0.67202336 -0.43622568 -0.59629786
v -0.67202336 -0.42836577 -0.59626472
v -0.67202336 -0.42050582 -0.59621197
v -0.67202336 -0.41264591 -0.59614861
v -0.67202336 -0.40478599 -0.59604937
v -0.67202336 -0.39692608 -0.59596175
v -0.67202336 -0.38906616 -0.59599274
v -0.67202336 -0.38120621 -0.59603757
v -0.67202336 -0.37334630 -0.59604406
v -0.67202336 -0.36548638 -0.59602064
v -0.67202336 -0.35762647 -0.59599853
v -0.67202336 -0.34976652 -0.59596747
v -0.67202336 -0.34190661 -0.59593010
v -0.67202336 -0.33404669 -0.59588885
v -0.67202336 -0.32618678 -0.59583849
v -0.67202336 -0.31832686 -0.59578794
v -0.67202336 -0.31046692 -0.59573287
v -0.67202336 -0.30260700 -0.59568036
v -0.67202336 -0.29474708 -0.59565789
v -0.67202336 -0.28688717 -0.59564608
v -0.67202336 -0.27902722 -0.59562695
v -0.67202336 -0.27116731 -0.59561265
v -0.67202336 -0.26330739 -0.59558332
v -0.67202336 -0.25544748 -0.59555316
v -0.67202336 -0.24758755 -0.59552437
v -0.67202336 -0.23972763 -0.59549230
v -0.67202336 -0.23186770 -0.59543777
v -0.67202336 -0.22400779 -0.59538764
v -0.67202336 -0.21614785 -0.59531999
v -0.67202336 -0.20828794 -0.59521049
v -0.67202336 -0.20042801 -0.59512758
v -0.67202336 -0.19256809 -0.59520102
v -0.67202336 -0.18470818 -0.59533787
v -0.67202336 -0.17684825 -0.59541935
v -0.67202336 -0.16898833 -0.59548408
v -0.67202336 -0.16112840 -0.59552610
v -0.67202336 -0.15326849 -0.59557098
v -0.67202336 -0.14540856 -0.59561425
v -0.67202336 -0.13754864 -0.59564942
v -0.67202336 -0.12968871 -0.59570742
v -0.67202336 -0.12182879 -0.59574252
v -0.67202336 -0.11396887 -0.59577686
v -0.67202336 -0.10610895 -0.59581274
v -0.67202336 -0.09824903 -0.59584153
v -0.67202336 -0.09038910 -0.59588164
v -0.67202336 -0.08252918 -0.59591109
v -0.67202336 -0.07466926 -0.59593683
v -0.67202336 -0.06680934 -0.59597152
v -0.67202336 -0.05894941 -0.59598964
v -0.67202336 -0.05108950 -0.59601045
v -0.67202336 -0.04322957 -0.59602469
v -0.67202336 -0.03536965 -0.59604925
v -0.67202336 -0.02750973 -0.59606481
v -0.67202336 -0.01964981 -0.59607631
v -0.67202336 -0.01178988 -0.59607494
v -0.67202336 -0.00392996 -0.59608006
v -0.67202336 0.00392996 -0.59610564
v -0.67202336 0.01178988 -0.59614021
v -0.67202336 0.01964981 -0.59618378
v -0.67202336 0.02750973 -0.59623110
v -0.67202336 0.03536965 -0.59628665
v -0.67202336 0.04322957 -0.59633285
v -0.67202336 0.05108950 -0.59637642
v -0.67202336 0.05894941 -0.59643292
v -0.67202336 0.06680934 -0.59648472
v -0.67202336 0.07466926 -0.59654045
v -0.67202336 0.08252918 -0.59658724
v -0.67202336 0.09038910 -0.59661567
v -0.67202336 0.09824903 -0.59664816
v -0.67202336 0.10610895 -0.59667146
v -0.67202336 0.11396887 -0.59670377
v -0.67202336 0.12182879 -0.59675020
v -0.67202336 0.12968871 -0.59678650
v -0.67202336 0.13754864 -0.59680831
v -0.67202336 0.14540856 -0.59682280
v -0.67202336 0.15326849 -0.59682447
v -0.67202336 0.16112840 -0.59682333
v -0.67202336 0.16898833 -0.59682268
v -0.67202336 0.17684825 -0.59676647
v -0.67202336 0.18470818 -0.59662616
v -0.67202336 0.19256809 -0.59656090
v -0.67202336 0.20042801 -0.59672755
v -0.67202336 0.20828794 -0.59691375
v -0.67202336 0.21614785 -0.59704792
v -0.67202336 0.22400779 -0.59714222
v -0.67202336 0.23186770 -0.59723526
v -0.67202336 0.23972763 -0.59728861
v -0.67202336 0.24758755 -0.59734648
v -0.67202336 0.25544748 -0.59739393
v -0.67202336 0.26330739 -0.59744519
v -0.67202336 0.27116731 -0.59747678
v -0.67202336 0.27902722 -0.59750670
v -0.67202336 0.28688717 -0.59753293
v -0.67202336 0.29474708 -0.59755623
v -0.67202336 0.30260700 -0.59760553
v -0.67202336 0.31046692 -0.59765685
v -0.67202336 0.31832686 -0.59771347
v -0.67202336 0.32618678 -0.59777087
v -0.67202336 0.33404669 -0.59782261
v -0.67202336 0.34190661 -0.59785575
v -0.67202336 0.34976652 -0.59788030
v -0.67202336 0.35762647 -0.59791219
v -0.67202336 0.36548638 -0.59791219
v -0.67202336 0.37334630 -0.59788501
v -0.67202336 0.38120621 -0.59784067
v -0.67202336 0.38906616 -0.59785181
v -0.67202336 0.39692608 -0.59793437
v -0.67202336 0.40478599 -0.59802955
v -0.67202336 0.41264591 -0.59808570
v -0.67202336 0.42050582 -0.59812224
v -0.67202336 0.42836577 -0.59814578
v -0.67202336 0.43622568 -0.59817004
v -0.67202336 0.44408560 -0.59817612
v -0.67202336 0.45194551 -0.59818184
v -0.67202336 0.45980546 -0.59816521
v -0.67202336 0.46766537 -0.59810758
v -0.67202336 0.47552529 -0.59805328
v -0.67202336 0.48338521 -0.59801358
v -0.67202336 0.49124515 -0.59806001
v -0.67202336 0.49910507 -0.59814310
v -0.67202336 0.50696498 -0.59817946
v -0.67202336 0.51482493 -0.59814006
v -0.67202336 0.52268481 -0.59799814
v -0.67202336 0.53054476 -0.59766287
v -0.67202336 0.53840464 -0.59698290
v -0.67202336 0.54626459 -0.59579688
v -0.67202336 0.55412453 -0.59372574
v -0.67202336 0.55486017 -0.59342414
v -0.67202336 0.56198442 -0.59038210
v -0.67202336 0.56984437 -0.58618993
v -0.67202336 0.57070082 -0.58556420
v -0.67202336 0.57770425 -0.57787651
v -0.67202336 0.57785577 -0.57770425
v -0.67202336 0.58556420 -0.57117993
v -0.66416341 -0.59342414 -0.58554405
v -0.66416341 -0.58556420 -0.58782995
v -0.66416341 -0.59334868 -0.58556420
v -0.66416341 -0.57770425 -0.59182984
v -0.66416341 -0.56984437 -0.59426749
v -0.66416341 -0.57260954 -0.59342414
v -0.66416341 -0.56198442 -0.59558666
v -0.66416341 -0.55412453 -0.59609908
v -0.66416341 -0.54626459 -0.59631014
v -0.66416341 -0.53840464 -0.59639478
v -0.66416341 -0.53054476 -0.59645760
v -0.66416341 -0.52268481 -0.59650916
v -0.66416341 -0.51482493 -0.59652233
v -0.66416341 -0.50696498 -0.59650141
v -0.66416341 -0.49910507 -0.59645498
v -0.66416341 -0.49124515 -0.59646684
v -0.66416341 -0.48338521 -0.59653258
v -0.66416341 -0.47552529 -0.59657353
v -0.66416341 -0.46766537 -0.59656423
v -0.66416341 -0.45980546 -0.59652495
v -0.66416341 -0.45194551 -0.59646457
v -0.66416341 -0.44408560 -0.59642130
v -0.66416341 -0.43622568 -0.59638190
v -0.66416341 -0.42836577 -0.59634489
v -0.66416341 -0.42050582 -0.59629941
v -0.66416341 -0.41264591 -0.59622741
v -0.66416341 -0.40478599 -0.59611797
v -0.66416341 -0.39692608 -0.59603882
v -0.66416341 -0.38906616 -0.59605980
v -0.66416341 -0.38120621 -0.59611654
v -0.66416341 -0.37334630 -0.59611654
v -0.66416341 -0.36548638 -0.59610343
v -0.66416341 -0.35762647 -0.59607381
v -0.66416341 -0.34976652 -0.59605312
v -0.66416341 -0.34190661 -0.59602350
v -0.66416341 -0.33404669 -0.59597588
v -0.66416341 -0.32618678 -0.59592789
v -0.66416341 -0.31832686 -0.59588021
v -0.66416341 -0.31046692 -0.59583658
v -0.66416341 -0.30260700 -0.59579933
v -0.66416341 -0.29474708 -0.59576803
v -0.66416341 -0.28688717 -0.59575897
v -0.66416341 -0.27902722 -0.59572953
v -0.66416341 -0.27116731 -0.59570920
v -0.66416341 -0.26330739 -0.59568757
v -0.66416341 -0.25544748 -0.59566343
v -0.66416341 -0.24758755 -0.59563190
v -0.66416341 -0.23972763 -0.59559721
v -0.66416341 -0.23186770 -0.59554458
v -0.66416341 -0.22400779 -0.59547555
v -0.66416341 -0.21614785 -0.59539503
v -0.66416341 -0.20828794 -0.59528685
v -0.66416341 -0.20042801 -0.59519714
v -0.66416341 -0.19256809 -0.59526628
v -0.66416341 -0.18470818 -0.59539378
v -0.66416341 -0.17684825 -0.59549087
v -0.66416341 -0.16898833 -0.59555066
v -0.66416341 -0.16112840 -0.59559268
v -0.66416341 -0.15326849 -0.59563321
v -0.66416341 -0.14540856 -0.59567344
v -0.66416341 -0.13754864 -0.59572393
v -0.66416341 -0.12968871 -0.59576964
v -0.66416341 -0.12182879 -0.59581238
v -0.66416341 -0.11396887 -0.59584463
v -0.66416341 -0.10610895 -0.59587371
v -0.66416341 -0.09824903 -0.59590203
v -0.66416341 -0.09038910 -0.59593320
v -0.66416341 -0.08252918 -0.59596127
v -0.66416341 -0.07466926 -0.59599620
v -0.66416341 -0.06680934 -0.59601820
v -0.66416341 -0.05894941 -0.59603500
v -0.66416341 -0.05108950 -0.59605187
v -0.66416341 -0.04322957 -0.59607655
v -0.66416341 -0.03536965 -0.59609336
v -0.66416341 -0.02750973 -0.59611923
v -0.66416341 -0.01964981 -0.59612942
v -0.66416341 -0.01178988 -0.59613168
v -0.66416341 -0.00392996 -0.59613556
v -0.66416341 0.00392996 -0.59616625
v -0.66416341 0.01178988 -0.59619582
v -0.66416341 0.01964981 -0.59624338
v -0.66416341 0.02750973 -0.59629107
v -0.66416341 0.03536965 -0.59634000
v -0.66416341 0.04322957 -0.59638846
v -0.66416341 0.05108950 -0.59643888
v -0.66416341 0.05894941 -0.59648514
v -0.66416341 0.06680934 -0.59654427
v -0.66416341 0.07466926 -0.59659386
v -0.66416341 0.08252918 -0.59663004
v -0.66416341 0.09038910 -0.59665579
v -0.66416341 0.09824903 -0.59668350
v -0.66416341 0.10610895 -0.59671909
v -0.66416341 0.11396887 -0.59674197
v -0.66416341 0.12182879 -0.59677416
v -0.66416341 0.12968871 -0.59680891
v -0.66416341 0.13754864 -0.59682798
v -0.66416341 0.14540856 -0.59683746
v -0.66416341 0.15326849 -0.59684753
v -0.66416341 0.16112840 -0.59685194
v -0.66416341 0.16898833 -0.59684896
v -0.66416341 0.17684825 -0.59678710
v -0.66416341 0.18470818 -0.59664720
v -0.66416341 0.19256809 -0.59657168
v -0.66416341 0.20042801 -0.59674925
v -0.66416341 0.20828794 -0.59695154
v -0.66416341 0.21614785 -0.59707361
v -0.66416341 0.22400779 -0.59717590
v -0.66416341 0.23186770 -0.59725696
v -0.66416341 0.23972763 -0.59732264
v -0.66416341 0.24758755 -0.59738737
v -0.66416341 0.25544748 -0.59744060
v -0.66416341 0.26330739 -0.59749204
v -0.66416341 0.27116731 -0.59753108
v -0.66416341 0.27902722 -0.59756416
v -0.66416341 0.28688717 -0.59758699
v -0.66416341 0.29474708 -0.59762251
v -0.66416341 0.30260700 -0.59765804
v -0.66416341 0.31046692 -0.59771907
v -0.66416341 0.31832686 -0.59777874
v -0.66416341 0.32618678 -0.59782368
v -0.66416341 0.33404669 -0.59787983
v -0.66416341 0.34190661 -0.59791005
v -0.66416341 0.34976652 -0.59794080
v -0.66416341 0.35762647 -0.59795684
v -0.66416341 0.36548638 -0.59795028
v -0.66416341 0.37334630 -0.59793162
v -0.66416341 0.38120621 -0.59788531
v -0.66416341 0.38906616 -0.59788585
v -0.66416341 0.39692608 -0.59796715
v -0.66416341 0.40478599 -0.59804964
v -0.66416341 0.41264591 -0.59810460
v -0.66416341 0.42050582 -0.59813398
v -0.66416341 0.42836577 -0.59815979
v -0.66416341 0.43622568 -0.59817564
v -0.66416341 0.44408560 -0.59820038
v -0.66416341 0.45194551 -0.59821188
v -0.66416341 0.45980546 -0.59819716
v -0.66416341 0.46766537 -0.59815228
v -0.66416341 0.47552529 -0.59809512
v -0.66416341 0.48338521 -0.59807414
v -0.66416341 0.49124515 -0.59812975
v -0.66416341 0.49910507 -0.59821719
v -0.66416341 0.50696498 -0.59825027
v -0.66416341 0.51482493 -0.59819973
v -0.66416341 0.52268481 -0.59806967
v -0.66416341 0.53054476 -0.59775174
v -0.66416341 0.53840464 -0.59709412
v -0.66416341 0.54626459 -0.59588337
v -0.66416341 0.55412453 -0.59379834
v -0.66416341 0.55502927 -0.59342414
v -0.66416341 0.56198442 -0.59040076
v -0.66416341 0.56984437 -0.58622581
v -0.66416341 0.57076246 -0.58556420
v -0.66416341 0.57770425 -0.57788086
v -0.66416341 0.57784820 -0.57770425
v -0.66416341 0.58556420 -0.57040513
v -0.66318744 -0.59342414 -0.58556420
v -0.65630352 -0.59342414 -0.58571583
v -0.65630352 -0.58556420 -0.58802313
v -0.65630352 -0.57770425 -0.59197503
v -0.65630352 -0.56984437 -0.59437877
v -0.65630352 -0.57302362 -0.59342414
v -0.65630352 -0.56198442 -0.59567094
v -0.65630352 -0.55412453 -0.59617108
v -0.65630352 -0.54626459 -0.59636968
v -0.65630352 -0.53840464 -0.59646267
v -0.65630352 -0.53054476 -0.59650362
v -0.65630352 -0.52268481 -0.59655374
v -0.65630352 -0.51482493 -0.59656924
v -0.65630352 -0.50696498 -0.59653938
v -0.65630352 -0.49910507 -0.59647202
v -0.65630352 -0.49124515 -0.59648407
v -0.65630352 -0.48338521 -0.59653497
v -0.65630352 -0.47552529 -0.59656388
v -0.65630352 -0.46766537 -0.59656113
v -0.65630352 -0.45980546 -0.59652114
v -0.65630352 -0.45194551 -0.59647602
v -0.65630352 -0.44408560 -0.59643006
v -0.65630352 -0.43622568 -0.59640062
v -0.65630352 -0.42836577 -0.59635890
v -0.65630352 -0.42050582 -0.59630859
v -0.65630352 -0.41264591 -0.59624821
v -0.65630352 -0.40478599 -0.59613860
v -0.65630352 -0.39692608 -0.59605455
v -0.65630352 -0.38906616 -0.59608704
v -0.65630352 -0.38120621 -0.59614599
v -0.65630352 -0.37334630 -0.59614313
v -0.65630352 -0.36548638 -0.59613043
v -0.65630352 -0.35762647 -0.59611088
v -0.65630352 -0.34976652 -0.59609419
v -0.65630352 -0.34190661 -0.59607106
v -0.65630352 -0.33404669 -0.59603256
v -0.65630352 -0.32618678 -0.59599656
v -0.65630352 -0.31832686 -0.59595013
v -0.65630352 -0.31046692 -0.59591430
v -0.65630352 -0.30260700 -0.59588337
v -0.65630352 -0.29474708 -0.59585798
v -0.65630352 -0.28688717 -0.59584922
v -0.65630352 -0.27902722 -0.59583217
v -0.65630352 -0.27116731 -0.59581441
v -0.65630352 -0.26330739 -0.59578931
v -0.65630352 -0.25544748 -0.59576654
v -0.65630352 -0.24758755 -0.59573126
v -0.65630352 -0.23972763 -0.59569710
v -0.65630352 -0.23186770 -0.59564853
v -0.65630352 -0.22400779 -0.59557700
v -0.65630352 -0.21614785 -0.59549129
v -0.65630352 -0.20828794 -0.59536052
v -0.65630352 -0.20042801 -0.59527177
v -0.65630352 -0.19256809 -0.59535378
v -0.65630352 -0.18470818 -0.59548032
v -0.65630352 -0.17684825 -0.59555811
v -0.65630352 -0.16898833 -0.59562618
v -0.65630352 -0.16112840 -0.59565920
v -0.65630352 -0.15326849 -0.59570360
v -0.65630352 -0.14540856 -0.59574139
v -0.65630352 -0.13754864 -0.59577721
v -0.65630352 -0.12968871 -0.59582919
v -0.65630352 -0.12182879 -0.59587133
v -0.65630352 -0.11396887 -0.59590530
v -0.65630352 -0.10610895 -0.59593832
v -0.65630352 -0.09824903 -0.59596282
v -0.65630352 -0.09038910 -0.59598988
v -0.65630352 -0.08252918 -0.59602469
v -0.65630352 -0.07466926 -0.59605056
v -0.65630352 -0.06680934 -0.59607911
v -0.65630352 -0.05894941 -0.59609079
v -0.65630352 -0.05108950 -0.59611171
v -0.65630352 -0.04322957 -0.59613234
v -0.65630352 -0.03536965 -0.59614938
v -0.65630352 -0.02750973 -0.59617782
v -0.65630352 -0.01964981 -0.59618920
v -0.65630352 -0.01178988 -0.59619391
v -0.65630352 -0.00392996 -0.59619367
v -0.65630352 0.00392996 -0.59622324
v -0.65630352 0.01178988 -0.59625822
v -0.65630352 0.01964981 -0.59629387
v -0.65630352 0.02750973 -0.59634084
v -0.65630352 0.03536965 -0.59639043
v -0.65630352 0.04322957 -0.59643823
v -0.65630352 0.05108950 -0.59648162
v -0.65630352 0.05894941 -0.59652913
v -0.65630352 0.06680934 -0.59657431
v -0.65630352 0.07466926 -0.59661663
v -0.65630352 0.08252918 -0.59666121
v -0.65630352 0.09038910 -0.59668642
v -0.65630352 0.09824903 -0.59670877
v -0.65630352 0.10610895 -0.59673548
v -0.65630352 0.11396887 -0.59675694
v -0.65630352 0.12182879 -0.59678197
v -0.65630352 0.12968871 -0.59681290
v -0.65630352 0.13754864 -0.59682304
v -0.65630352 0.14540856 -0.59684104
v -0.65630352 0.15326849 -0.59684438
v -0.65630352 0.16112840 -0.59685439
v -0.65630352 0.16898833 -0.59685194
v -0.65630352 0.17684825 -0.59678477
v -0.65630352 0.18470818 -0.59664506
v -0.65630352 0.19256809 -0.59658420
v -0.65630352 0.20042801 -0.59675246
v -0.65630352 0.20828794 -0.59695458
v -0.65630352 0.21614785 -0.59707892
v -0.65630352 0.22400779 -0.59717238
v -0.65630352 0.23186770 -0.59725177
v -0.65630352 0.23972763 -0.59732735
v -0.65630352 0.24758755 -0.59738642
v -0.65630352 0.25544748 -0.59745026
v -0.65630352 0.26330739 -0.59750837
v -0.65630352 0.27116731 -0.59754789
v -0.65630352 0.27902722 -0.59757805
v -0.65630352 0.28688717 -0.59759790
v -0.65630352 0.29474708 -0.59762353
v -0.65630352 0.30260700 -0.59767544
v -0.65630352 0.31046692 -0.59772933
v -0.65630352 0.31832686 -0.59779310
v -0.65630352 0.32618678 -0.59784353
v -0.65630352 0.33404669 -0.59787935
v -0.65630352 0.34190661 -0.59791058
v -0.65630352 0.34976652 -0.59793633
v -0.65630352 0.35762647 -0.59794468
v -0.65630352 0.36548638 -0.59794313
v -0.65630352 0.37334630 -0.59791273
v -0.65630352 0.38120621 -0.59786344
v -0.65630352 0.38906616 -0.59786344
v -0.65630352 0.39692608 -0.59794044
v -0.65630352 0.40478599 -0.59801996
v -0.65630352 0.41264591 -0.59806442
v -0.65630352 0.42050582 -0.59810060
v -0.65630352 0.42836577 -0.59812075
v -0.65630352 0.43622568 -0.59814465
v -0.65630352 0.44408560 -0.59815675
v -0.65630352 0.45194551 -0.59818107
v -0.65630352 0.45980546 -0.59816515
v -0.65630352 0.46766537 -0.59812677
v -0.65630352 0.47552529 -0.59807420
v -0.65630352 0.48338521 -0.59806347
v -0.65630352 0.49124515 -0.59811908
v -0.65630352 0.49910507 -0.59820217
v -0.65630352 0.50696498 -0.59824395
v -0.65630352 0.51482493 -0.59819925
v -0.65630352 0.52268481 -0.59806800
v -0.65630352 0.53054476 -0.59776700
v -0.65630352 0.53840464 -0.59713185
v -0.65630352 0.54626459 -0.59594578
v -0.65630352 0.55412453 -0.59385794
v -0.65630352 0.55517489 -0.59342414
v -0.65630352 0.56198442 -0.59044743
v -0.65630352 0.56984437 -0.58625317
v -0.65630352 0.57080549 -0.58556420
v -0.65630352 0.57770425 -0.57785267
v -0.65630352 0.57781917 -0.57770425
v -0.65809947 0.58556420 -0.56984437
v -0.65630352 0.58534354 -0.56984437
v -0.65630352 0.58556420 -0.56972051
v -0.64844358 -0.59342414 -0.58592653
v -0.64844358 -0.58556420 -0.58827192
v -0.64844358 -0.57770425 -0.59214687
v -0.64844358 -0.56984437 -0.59447992
v -0.64844358 -0.57347989 -0.59342414
v -0.64844358 -0.56198442 -0.59572160
v -0.64844358 -0.55412453 -0.59621584
v -0.64844358 -0.54626459 -0.59640467
v -0.64844358 -0.53840464 -0.59648490
v -0.64844358 -0.53054476 -0.59654313
v -0.64844358 -0.52268481 -0.59659386
v -0.64844358 -0.51482493 -0.59660900
v -0.64844358 -0.50696498 -0.59656614
v -0.64844358 -0.49910507 -0.59650838
v -0.64844358 -0.49124515 -0.59650362
v -0.64844358 -0.48338521 -0.59655261
v -0.64844358 -0.47552529 -0.59657812
v -0.64844358 -0.46766537 -0.59656388
v -0.64844358 -0.45980546 -0.59653318
v -0.64844358 -0.45194551 -0.59649092
v -0.64844358 -0.44408560 -0.59644687
v -0.64844358 -0.43622568 -0.59641236
v -0.64844358 -0.42836577 -0.59637159
v -0.64844358 -0.42050582 -0.59632522
v -0.64844358 -0.41264591 -0.59626573
v -0.64844358 -0.40478599 -0.59616613
v -0.64844358 -0.39692608 -0.59608221
v -0.64844358 -0.38906616 -0.59611690
v -0.64844358 -0.38120621 -0.59616399
v -0.64844358 -0.37334630 -0.59616631
v -0.64844358 -0.36548638 -0.59616244
v -0.64844358 -0.35762647 -0.59614295
v -0.64844358 -0.34976652 -0.59612596
v -0.64844358 -0.34190661 -0.59611076
v -0.64844358 -0.33404669 -0.59607357
v -0.64844358 -0.32618678 -0.59604794
v -0.64844358 -0.31832686 -0.59599906
v -0.64844358 -0.31046692 -0.59597594
v -0.64844358 -0.30260700 -0.59595054
v -0.64844358 -0.29474708 -0.59593767
v -0.64844358 -0.28688717 -0.59592754
v -0.64844358 -0.27902722 -0.59591043
v -0.64844358 -0.27116731 -0.59590113
v -0.64844358 -0.26330739 -0.59587348
v -0.64844358 -0.25544748 -0.59585136
v -0.64844358 -0.24758755 -0.59582001
v -0.64844358 -0.23972763 -0.59578151
v -0.64844358 -0.23186770 -0.59573174
v -0.64844358 -0.22400779 -0.59566307
v -0.64844358 -0.21614785 -0.59556204
v -0.64844358 -0.20828794 -0.59543210
v -0.64844358 -0.20042801 -0.59533137
v -0.64844358 -0.19256809 -0.59541041
v -0.64844358 -0.18470818 -0.59553415
v -0.64844358 -0.17684825 -0.59562081
v -0.64844358 -0.16898833 -0.59567010
v -0.64844358 -0.16112840 -0.59571517
v -0.64844358 -0.15326849 -0.59575194
v -0.64844358 -0.14540856 -0.59578776
v -0.64844358 -0.13754864 -0.59583580
v -0.64844358 -0.12968871 -0.59588033
v -0.64844358 -0.12182879 -0.59591818
v -0.64844358 -0.11396887 -0.59595996
v -0.64844358 -0.10610895 -0.59598464
v -0.64844358 -0.09824903 -0.59600544
v -0.64844358 -0.09038910 -0.59604025
v -0.64844358 -0.08252918 -0.59607774
v -0.64844358 -0.07466926 -0.59610236
v -0.64844358 -0.06680934 -0.59612590
v -0.64844358 -0.05894941 -0.59613895
v -0.64844358 -0.05108950 -0.59616363
v -0.64844358 -0.04322957 -0.59618443
v -0.64844358 -0.03536965 -0.59620899
v -0.64844358 -0.02750973 -0.59622294
v -0.64844358 -0.01964981 -0.59623444
v -0.64844358 -0.01178988 -0.59624302
v -0.64844358 -0.00392996 -0.59625185
v -0.64844358 0.00392996 -0.59628248
v -0.64844358 0.01178988 -0.59631580
v -0.64844358 0.01964981 -0.59634751
v -0.64844358 0.02750973 -0.59638631
v -0.64844358 0.03536965 -0.59643143
v -0.64844358 0.04322957 -0.59647894
v -0.64844358 0.05108950 -0.59652448
v -0.64844358 0.05894941 -0.59655577
v -0.64844358 0.06680934 -0.59660089
v -0.64844358 0.07466926 -0.59664696
v -0.64844358 0.08252918 -0.59668159
v -0.64844358 0.09038910 -0.59670180
v -0.64844358 0.09824903 -0.59673685
v -0.64844358 0.10610895 -0.59675491
v -0.64844358 0.11396887 -0.59677422
v -0.64844358 0.12182879 -0.59679490
v -0.64844358 0.12968871 -0.59681457
v -0.64844358 0.13754864 -0.59683436
v -0.64844358 0.14540856 -0.59684902
v -0.64844358 0.15326849 -0.59685570
v -0.64844358 0.16112840 -0.59686404
v -0.64844358 0.16898833 -0.59685987
v -0.64844358 0.17684825 -0.59679937
v -0.64844358 0.18470818 -0.59664881
v -0.64844358 0.19256809 -0.59658504
v -0.64844358 0.20042801 -0.59676480
v -0.64844358 0.20828794 -0.59695375
v -0.64844358 0.21614785 -0.59707135
v -0.64844358 0.22400779 -0.59717000
v -0.64844358 0.23186770 -0.59724665
v -0.64844358 0.23972763 -0.59731388
v -0.64844358 0.24758755 -0.59738749
v -0.64844358 0.25544748 -0.59744841
v -0.64844358 0.26330739 -0.59750473
v -0.64844358 0.27116731 -0.59753823
v -0.64844358 0.27902722 -0.59757322
v -0.64844358 0.28688717 -0.59759736
v -0.64844358 0.29474708 -0.59762996
v -0.64844358 0.30260700 -0.59767097
v -0.64844358 0.31046692 -0.59771734
v -0.64844358 0.31832686 -0.59777385
v -0.64844358 0.32618678 -0.59783047
v -0.64844358 0.33404669 -0.59786618
v -0.64844358 0.34190661 -0.59788871
v -0.64844358 0.34976652 -0.59792376
v -0.64844358 0.35762647 -0.59791827
v -0.64844358 0.36548638 -0.59791273
v -0.64844358 0.37334630 -0.59787989
v -0.64844358 0.38120621 -0.59782475
v -0.64844358 0.38906616 -0.59782219
v -0.64844358 0.39692608 -0.59789377
v -0.64844358 0.40478599 -0.59798098
v -0.64844358 0.41264591 -0.59802353
v -0.64844358 0.42050582 -0.59805453
v -0.64844358 0.42836577 -0.59808689
v -0.64844358 0.43622568 -0.59809685
v -0.64844358 0.44408560 -0.59812415
v -0.64844358 0.45194551 -0.59814048
v -0.64844358 0.45980546 -0.59813631
v -0.64844358 0.46766537 -0.59808719
v -0.64844358 0.47552529 -0.59804422
v -0.64844358 0.48338521 -0.59804082
v -0.64844358 0.49124515 -0.59809417
v -0.64844358 0.49910507 -0.59818172
v -0.64844358 0.50696498 -0.59821314
v -0.64844358 0.51482493 -0.59816980
v -0.64844358 0.52268481 -0.59802961
v -0.64844358 0.53054476 -0.59775215
v -0.64844358 0.53840464 -0.59715545
v -0.64844358 0.54626459 -0.59600449
v -0.64844358 0.55412453 -0.59394878
v -0.64844358 0.55539399 -0.59342414
v -0.64844358 0.56198442 -0.59051967
v -0.64844358 0.56984437 -0.58634651
v -0.64844358 0.57093734 -0.58556420
v -0.64844358 0.57770425 -0.57790881
v -0.64844358 0.57785386 -0.57770425
v -0.64844358 0.58449930 -0.56984437
v -0.64844358 0.58556420 -0.56920111
v -0.64058363 -0.59342414 -0.58609951
v -0.64058363 -0.58556420 -0.58850855
v -0.64058363 -0.57770425 -0.59230572
v -0.64058363 -0.56984437 -0.59455836
v -0.64058363 -0.57388598 -0.59342414
v -0.64058363 -0.56198442 -0.59576398
v -0.64058363 -0.55412453 -0.59623826
v -0.64058363 -0.54626459 -0.59642094
v -0.64058363 -0.53840464 -0.59651315
v -0.64058363 -0.53054476 -0.59657705
v -0.64058363 -0.52268481 -0.59662533
v -0.64058363 -0.51482493 -0.59665138
v -0.64058363 -0.50696498 -0.59661090
v -0.64058363 -0.49910507 -0.59654808
v -0.64058363 -0.49124515 -0.59653497
v -0.64058363 -0.48338521 -0.59658438
v -0.64058363 -0.47552529 -0.59659171
v -0.64058363 -0.46766537 -0.59657896
v -0.64058363 -0.45980546 -0.59654820
v -0.64058363 -0.45194551 -0.59650397
v -0.64058363 -0.44408560 -0.59646827
v -0.64058363 -0.43622568 -0.59643096
v -0.64058363 -0.42836577 -0.59639090
v -0.64058363 -0.42050582 -0.59634048
v -0.64058363 -0.41264591 -0.59628940
v -0.64058363 -0.40478599 -0.59619230
v -0.64058363 -0.39692608 -0.59610713
v -0.64058363 -0.38906616 -0.59613127
v -0.64058363 -0.38120621 -0.59619492
v -0.64058363 -0.37334630 -0.59619480
v -0.64058363 -0.36548638 -0.59618467
v -0.64058363 -0.35762647 -0.59617770
v -0.64058363 -0.34976652 -0.59615964
v -0.64058363 -0.34190661 -0.59614146
v -0.64058363 -0.33404669 -0.59610564
v -0.64058363 -0.32618678 -0.59608138
v -0.64058363 -0.31832686 -0.59604537
v -0.64058363 -0.31046692 -0.59602350
v -0.64058363 -0.30260700 -0.59599656
v -0.64058363 -0.29474708 -0.59598261
v -0.64058363 -0.28688717 -0.59597999
v -0.64058363 -0.27902722 -0.59596449
v -0.64058363 -0.27116731 -0.59594357
v -0.64058363 -0.26330739 -0.59592509
v -0.64058363 -0.25544748 -0.59589517
v -0.64058363 -0.24758755 -0.59586513
v -0.64058363 -0.23972763 -0.59582847
v -0.64058363 -0.23186770 -0.59577310
v -0.64058363 -0.22400779 -0.59569973
v -0.64058363 -0.21614785 -0.59560144
v -0.64058363 -0.20828794 -0.59546673
v -0.64058363 -0.20042801 -0.59536457
v -0.64058363 -0.19256809 -0.59544188
v -0.64058363 -0.18470818 -0.59555840
v -0.64058363 -0.17684825 -0.59564096
v -0.64058363 -0.16898833 -0.59569806
v -0.64058363 -0.16112840 -0.59573406
v -0.64058363 -0.15326849 -0.59577227
v -0.64058363 -0.14540856 -0.59581220
v -0.64058363 -0.13754864 -0.59585005
v -0.64058363 -0.12968871 -0.59589839
v -0.64058363 -0.12182879 -0.59593600
v -0.64058363 -0.11396887 -0.59597933
v -0.64058363 -0.10610895 -0.59600532
v -0.64058363 -0.09824903 -0.59602600
v -0.64058363 -0.09038910 -0.59606612
v -0.64058363 -0.08252918 -0.59610099
v -0.64058363 -0.07466926 -0.59612703
v -0.64058363 -0.06680934 -0.59615982
v -0.64058363 -0.05894941 -0.59617263
v -0.64058363 -0.05108950 -0.59619361
v -0.64058363 -0.04322957 -0.59621465
v -0.64058363 -0.03536965 -0.59623402
v -0.64058363 -0.02750973 -0.59625697
v -0.64058363 -0.01964981 -0.59628248
v -0.64058363 -0.01178988 -0.59627980
v -0.64058363 -0.00392996 -0.59628952
v -0.64058363 0.00392996 -0.59632516
v -0.64058363 0.01178988 -0.59635949
v -0.64058363 0.01964981 -0.59639311
v -0.64058363 0.02750973 -0.59643435
v -0.64058363 0.03536965 -0.59647304
v -0.64058363 0.04322957 -0.59651822
v -0.64058363 0.05108950 -0.59655613
v -0.64058363 0.05894941 -0.59659630
v -0.64058363 0.06680934 -0.59664291
v -0.64058363 0.07466926 -0.59667665
v -0.64058363 0.08252918 -0.59670454
v -0.64058363 0.09038910 -0.59672493
v -0.64058363 0.09824903 -0.59674680
v -0.64058363 0.10610895 -0.59677100
v -0.64058363 0.11396887 -0.59679043
v -0.64058363 0.12182879 -0.59680617
v -0.64058363 0.12968871 -0.59682918
v -0.64058363 0.13754864 -0.59684622
v -0.64058363 0.14540856 -0.59685683
v -0.64058363 0.15326849 -0.59686238
v -0.64058363 0.16112840 -0.59687293
v -0.64058363 0.16898833 -0.59686196
v -0.64058363 0.17684825 -0.59680557
v -0.64058363 0.18470818 -0.59664905
v -0.64058363 0.19256809 -0.59658509
v -0.64058363 0.20042801 -0.59677845
v -0.64058363 0.20828794 -0.59696293
v -0.64058363 0.21614785 -0.59708381
v -0.64058363 0.22400779 -0.59717059
v -0.64058363 0.23186770 -0.59724146
v -0.64058363 0.23972763 -0.59731674
v -0.64058363 0.24758755 -0.59738755
v -0.64058363 0.25544748 -0.59744501
v -0.64058363 0.26330739 -0.59750402
v -0.64058363 0.27116731 -0.59754223
v -0.64058363 0.27902722 -0.59756780
v -0.64058363 0.28688717 -0.59759557
v -0.64058363 0.29474708 -0.59762639
v -0.64058363 0.30260700 -0.59766841
v -0.64058363 0.31046692 -0.59771872
v -0.64058363 0.31832686 -0.59776503
v -0.64058363 0.32618678 -0.59781063
v -0.64058363 0.33404669 -0.59785074
v -0.64058363 0.34190661 -0.59787923
v -0.64058363 0.34976652 -0.59789461
v -0.64058363 0.35762647 -0.59789795
v -0.64058363 0.36548638 -0.59787512
v -0.64058363 0.37334630 -0.59784532
v -0.64058363 0.38120621 -0.59778726
v -0.64058363 0.38906616 -0.59779334
v -0.64058363 0.39692608 -0.59786642
v -0.64058363 0.40478599 -0.59794199
v -0.64058363 0.41264591 -0.59798497
v -0.64058363 0.42050582 -0.59801799
v -0.64058363 0.42836577 -0.59804606
v -0.64058363 0.43622568 -0.59805703
v -0.64058363 0.44408560 -0.59808862
v -0.64058363 0.45194551 -0.59811383
v -0.64058363 0.45980546 -0.59810191
v -0.64058363 0.46766537 -0.59806401
v -0.64058363 0.47552529 -0.59801388
v -0.64058363 0.48338521 -0.59800476
v -0.64058363 0.49124515 -0.59806699
v -0.64058363 0.49910507 -0.59814429
v -0.64058363 0.50696498 -0.59816724
v -0.64058363 0.51482493 -0.59811628
v -0.64058363 0.52268481 -0.59797770
v -0.64058363 0.53054476 -0.59771651
v -0.64058363 0.53840464 -0.59716594
v -0.64058363 0.54626459 -0.59604025
v -0.64058363 0.55412453 -0.59398776
v -0.64058363 0.55549449 -0.59342414
v -0.64058363 0.56198442 -0.59057814
v -0.64058363 0.56984437 -0.58641464
v -0.64058363 0.57104248 -0.58556420
v -0.64058363 0.57770425 -0.57799453
v -0.64058363 0.57790506 -0.57770425
v -0.64058363 0.58374196 -0.56984437
v -0.64058363 0.58556420 -0.56864685
v -0.63272375 -0.59342414 -0.58622360
v -0.63272375 -0.58556420 -0.58873749
v -0.63272375 -0.57770425 -0.59244233
v -0.63272375 -0.56984437 -0.59463137
v -0.63272375 -0.57427752 -0.59342414
v -0.63272375 -0.56198442 -0.59578556
v -0.63272375 -0.55412453 -0.59624785
v -0.63272375 -0.54626459 -0.59643644
v -0.63272375 -0.53840464 -0.59653097
v -0.63272375 -0.53054476 -0.59658885
v -0.63272375 -0.52268481 -0.59664577
v -0.63272375 -0.51482493 -0.59666753
v -0.63272375 -0.50696498 -0.59663576
v -0.63272375 -0.49910507 -0.59656256
v -0.63272375 -0.49124515 -0.59654808
v -0.63272375 -0.48338521 -0.59659457
v -0.63272375 -0.47552529 -0.59660113
v -0.63272375 -0.46766537 -0.59658372
v -0.63272375 -0.45980546 -0.59655207
v -0.63272375 -0.45194551 -0.59651524
v -0.63272375 -0.44408560 -0.59647214
v -0.63272375 -0.43622568 -0.59642488
v -0.63272375 -0.42836577 -0.59638941
v -0.63272375 -0.42050582 -0.59634668
v -0.63272375 -0.41264591 -0.59628582
v -0.63272375 -0.40478599 -0.59619093
v -0.63272375 -0.39692608 -0.59611762
v -0.63272375 -0.38906616 -0.59614950
v -0.63272375 -0.38120621 -0.59619254
v -0.63272375 -0.37334630 -0.59620506
v -0.63272375 -0.36548638 -0.59619343
v -0.63272375 -0.35762647 -0.59618837
v -0.63272375 -0.34976652 -0.59617096
v -0.63272375 -0.34190661 -0.59615058
v -0.63272375 -0.33404669 -0.59612745
v -0.63272375 -0.32618678 -0.59609425
v -0.63272375 -0.31832686 -0.59606344
v -0.63272375 -0.31046692 -0.59603769
v -0.63272375 -0.30260700 -0.59603000
v -0.63272375 -0.29474708 -0.59600818
v -0.63272375 -0.28688717 -0.59599411
v -0.63272375 -0.27902722 -0.59598106
v -0.63272375 -0.27116731 -0.59596807
v -0.63272375 -0.26330739 -0.59594327
v -0.63272375 -0.25544748 -0.59591347
v -0.63272375 -0.24758755 -0.59588337
v -0.63272375 -0.23972763 -0.59584153
v -0.63272375 -0.23186770 -0.59579182
v -0.63272375 -0.22400779 -0.59571838
v -0.63272375 -0.21614785 -0.59561920
v -0.63272375 -0.20828794 -0.59548646
v -0.63272375 -0.20042801 -0.59538913
v -0.63272375 -0.19256809 -0.59545600
v -0.63272375 -0.18470818 -0.59556490
v -0.63272375 -0.17684825 -0.59564406
v -0.63272375 -0.16898833 -0.59569478
v -0.63272375 -0.16112840 -0.59573722
v -0.63272375 -0.15326849 -0.59576720
v -0.63272375 -0.14540856 -0.59580690
v -0.63272375 -0.13754864 -0.59585005
v -0.63272375 -0.12968871 -0.59589034
v -0.63272375 -0.12182879 -0.59593344
v -0.63272375 -0.11396887 -0.59597403
v -0.63272375 -0.10610895 -0.59600270
v -0.63272375 -0.09824903 -0.59603631
v -0.63272375 -0.09038910 -0.59607512
v -0.63272375 -0.08252918 -0.59611142
v -0.63272375 -0.07466926 -0.59614396
v -0.63272375 -0.06680934 -0.59616876
v -0.63272375 -0.05894941 -0.59619236
v -0.63272375 -0.05108950 -0.59621692
v -0.63272375 -0.04322957 -0.59623921
v -0.63272375 -0.03536965 -0.59626120
v -0.63272375 -0.02750973 -0.59628439
v -0.63272375 -0.01964981 -0.59630352
v -0.63272375 -0.01178988 -0.59631318
v -0.63272375 -0.00392996 -0.59632844
v -0.63272375 0.00392996 -0.59635949
v -0.63272375 0.01178988 -0.59639549
v -0.63272375 0.01964981 -0.59643143
v -0.63272375 0.02750973 -0.59647804
v -0.63272375 0.03536965 -0.59651399
v -0.63272375 0.04322957 -0.59655112
v -0.63272375 0.05108950 -0.59659243
v -0.63272375 0.05894941 -0.59663242
v -0.63272375 0.06680934 -0.59666103
v -0.63272375 0.07466926 -0.59669799
v -0.63272375 0.08252918 -0.59672999
v -0.63272375 0.09038910 -0.59675252
v -0.63272375 0.09824903 -0.59676892
v -0.63272375 0.10610895 -0.59679264
v -0.63272375 0.11396887 -0.59680718
v -0.63272375 0.12182879 -0.59683079
v -0.63272375 0.12968871 -0.59684604
v -0.63272375 0.13754864 -0.59685951
v -0.63272375 0.14540856 -0.59686124
v -0.63272375 0.15326849 -0.59687638
v -0.63272375 0.16112840 -0.59688061
v -0.63272375 0.16898833 -0.59686822
v -0.63272375 0.17684825 -0.59681511
v -0.63272375 0.18470818 -0.59667206
v -0.63272375 0.19256809 -0.59661376
v -0.63272375 0.20042801 -0.59680063
v -0.63272375 0.20828794 -0.59697866
v -0.63272375 0.21614785 -0.59709704
v -0.63272375 0.22400779 -0.59717917
v -0.63272375 0.23186770 -0.59725600
v -0.63272375 0.23972763 -0.59732240
v -0.63272375 0.24758755 -0.59739143
v -0.63272375 0.25544748 -0.59745651
v -0.63272375 0.26330739 -0.59750134
v -0.63272375 0.27116731 -0.59754181
v -0.63272375 0.27902722 -0.59757286
v -0.63272375 0.28688717 -0.59759372
v -0.63272375 0.29474708 -0.59762919
v -0.63272375 0.30260700 -0.59766740
v -0.63272375 0.31046692 -0.59771204
v -0.63272375 0.31832686 -0.59775877
v -0.63272375 0.32618678 -0.59780383
v -0.63272375 0.33404669 -0.59783524
v -0.63272375 0.34190661 -0.59785724
v -0.63272375 0.34976652 -0.59787691
v -0.63272375 0.35762647 -0.59787846
v -0.63272375 0.36548638 -0.59785992
v -0.63272375 0.37334630 -0.59781986
v -0.63272375 0.38120621 -0.59777588
v -0.63272375 0.38906616 -0.59777999
v -0.63272375 0.39692608 -0.59784997
v -0.63272375 0.40478599 -0.59791940
v -0.63272375 0.41264591 -0.59796607
v -0.63272375 0.42050582 -0.59799439
v -0.63272375 0.42836577 -0.59801835
v -0.63272375 0.43622568 -0.59803474
v -0.63272375 0.44408560 -0.59806269
v -0.63272375 0.45194551 -0.59808385
v -0.63272375 0.45980546 -0.59806114
v -0.63272375 0.46766537 -0.59802300
v -0.63272375 0.47552529 -0.59798032
v -0.63272375 0.48338521 -0.59797186
v -0.63272375 0.49124515 -0.59802705
v -0.63272375 0.49910507 -0.59809130
v -0.63272375 0.50696498 -0.59811085
v -0.63272375 0.51482493 -0.59803778
v -0.63272375 0.52268481 -0.59790081
v -0.63272375 0.53054476 -0.59765476
v -0.63272375 0.53840464 -0.59713233
v -0.63272375 0.54626459 -0.59602219
v -0.63272375 0.55412453 -0.59397274
v -0.63272375 0.55546093 -0.59342414
v -0.63272375 0.56198442 -0.59056985
v -0.63272375 0.56984437 -0.58643079
v -0.63272375 0.57107788 -0.58556420
v -0.63272375 0.57770425 -0.57809430
v -0.63272375 0.57796693 -0.57770425
v -0.63272375 0.58309972 -0.56984437
v -0.63272375 0.58556420 -0.56808025
v -0.62486380 -0.59342414 -0.58628416
v -0.62486380 -0.58556420 -0.58896428
v -0.62486380 -0.57770425 -0.59257865
v -0.62486380 -0.56984437 -0.59471631
v -0.62486380 -0.57469380 -0.59342414
v -0.62486380 -0.56198442 -0.59582162
v -0.62486380 -0.55412453 -0.59627610
v -0.62486380 -0.54626459 -0.59645551
v -0.62486380 -0.53840464 -0.59654313
v -0.62486380 -0.53054476 -0.59660965
v -0.62486380 -0.52268481 -0.59664947
v -0.62486380 -0.51482493 -0.59666866
v -0.62486380 -0.50696498 -0.59663886
v -0.62486380 -0.49910507 -0.59657753
v -0.62486380 -0.49124515 -0.59656143
v -0.62486380 -0.48338521 -0.59659106
v -0.62486380 -0.47552529 -0.59660578
v -0.62486380 -0.46766537 -0.59658951
v -0.62486380 -0.45980546 -0.59655988
v -0.62486380 -0.45194551 -0.59651643
v -0.62486380 -0.44408560 -0.59647578
v -0.62486380 -0.43622568 -0.59643847
v -0.62486380 -0.42836577 -0.59638524
v -0.62486380 -0.42050582 -0.59634477
v -0.62486380 -0.41264591 -0.59629577
v -0.62486380 -0.40478599 -0.59620261
v -0.62486380 -0.39692608 -0.59613699
v -0.62486380 -0.38906616 -0.59616083
v -0.62486380 -0.38120621 -0.59619969
v -0.62486380 -0.37334630 -0.59620750
v -0.62486380 -0.36548638 -0.59620601
v -0.62486380 -0.35762647 -0.59619570
v -0.62486380 -0.34976652 -0.59617740
v -0.62486380 -0.34190661 -0.59616309
v -0.62486380 -0.33404669 -0.59613115
v -0.62486380 -0.32618678 -0.59610182
v -0.62486380 -0.31832686 -0.59607494
v -0.62486380 -0.31046692 -0.59604669
v -0.62486380 -0.30260700 -0.59602743
v -0.62486380 -0.29474708 -0.59601974
v -0.62486380 -0.28688717 -0.59600955
v -0.62486380 -0.27902722 -0.59599531
v -0.62486380 -0.27116731 -0.59597331
v -0.62486380 -0.26330739 -0.59595108
v -0.62486380 -0.25544748 -0.59592670
v -0.62486380 -0.24758755 -0.59589249
v -0.62486380 -0.23972763 -0.59585375
v -0.62486380 -0.23186770 -0.59579378
v -0.62486380 -0.22400779 -0.59572053
v -0.62486380 -0.21614785 -0.59563196
v -0.62486380 -0.20828794 -0.59550732
v -0.62486380 -0.20042801 -0.59540695
v -0.62486380 -0.19256809 -0.59546757
v -0.62486380 -0.18470818 -0.59556776
v -0.62486380 -0.17684825 -0.59564215
v -0.62486380 -0.16898833 -0.59569025
v -0.62486380 -0.16112840 -0.59572643
v -0.62486380 -0.15326849 -0.59576374
v -0.62486380 -0.14540856 -0.59579676
v -0.62486380 -0.13754864 -0.59584224
v -0.62486380 -0.12968871 -0.59587902
v -0.62486380 -0.12182879 -0.59592849
v -0.62486380 -0.11396887 -0.59595573
v -0.62486380 -0.10610895 -0.59599751
v -0.62486380 -0.09824903 -0.59602857
v -0.62486380 -0.09038910 -0.59606481
v -0.62486380 -0.08252918 -0.59609854
v -0.62486380 -0.07466926 -0.59614140
v -0.62486380 -0.06680934 -0.59616625
v -0.62486380 -0.05894941 -0.59620291
v -0.62486380 -0.05108950 -0.59623015
v -0.62486380 -0.04322957 -0.59625357
v -0.62486380 -0.03536965 -0.59627056
v -0.62486380 -0.02750973 -0.59629381
v -0.62486380 -0.01964981 -0.59631866
v -0.62486380 -0.01178988 -0.59633029
v -0.62486380 -0.00392996 -0.59634495
v -0.62486380 0.00392996 -0.59637427
v -0.62486380 0.01178988 -0.59641629
v -0.62486380 0.01964981 -0.59645998
v -0.62486380 0.02750973 -0.59650058
v -0.62486380 0.03536965 -0.59654260
v -0.62486380 0.04322957 -0.59658587
v -0.62486380 0.05108950 -0.59662175
v -0.62486380 0.05894941 -0.59665334
v -0.62486380 0.06680934 -0.59669280
v -0.62486380 0.07466926 -0.59671885
v -0.62486380 0.08252918 -0.59675092
v -0.62486380 0.09038910 -0.59677780
v -0.62486380 0.09824903 -0.59679484
v -0.62486380 0.10610895 -0.59681261
v -0.62486380 0.11396887 -0.59683222
v -0.62486380 0.12182879 -0.59685206
v -0.62486380 0.12968871 -0.59686452
v -0.62486380 0.13754864 -0.59687245
v -0.62486380 0.14540856 -0.59687805
v -0.62486380 0.15326849 -0.59688860
v -0.62486380 0.16112840 -0.59690022
v -0.62486380 0.16898833 -0.59689111
v -0.62486380 0.17684825 -0.59684104
v -0.62486380 0.18470818 -0.59671724
v -0.62486380 0.19256809 -0.59667337
v -0.62486380 0.20042801 -0.59683973
v -0.62486380 0.20828794 -0.59700966
v -0.62486380 0.21614785 -0.59711492
v -0.62486380 0.22400779 -0.59720623
v -0.62486380 0.23186770 -0.59727895
v -0.62486380 0.23972763 -0.59734547
v -0.62486380 0.24758755 -0.59740776
v -0.62486380 0.25544748 -0.59747308
v -0.62486380 0.26330739 -0.59752196
v -0.62486380 0.27116731 -0.59755689
v -0.62486380 0.27902722 -0.59759486
v -0.62486380 0.28688717 -0.59761119
v -0.62486380 0.29474708 -0.59764361
v -0.62486380 0.30260700 -0.59768081
v -0.62486380 0.31046692 -0.59772891
v -0.62486380 0.31832686 -0.59776849
v -0.62486380 0.32618678 -0.59781367
v -0.62486380 0.33404669 -0.59783906
v -0.62486380 0.34190661 -0.59786099
v -0.62486380 0.34976652 -0.59787518
v -0.62486380 0.35762647 -0.59787673
v -0.62486380 0.36548638 -0.59785044
v -0.62486380 0.37334630 -0.59781641
v -0.62486380 0.38120621 -0.59778172
v -0.62486380 0.38906616 -0.59779382
v -0.62486380 0.39692608 -0.59785771
v -0.62486380 0.40478599 -0.59792334
v -0.62486380 0.41264591 -0.59796304
v -0.62486380 0.42050582 -0.59798920
v -0.62486380 0.42836577 -0.59801179
v -0.62486380 0.43622568 -0.59802657
v -0.62486380 0.44408560 -0.59804875
v -0.62486380 0.45194551 -0.59806502
v -0.62486380 0.45980546 -0.59805417
v -0.62486380 0.46766537 -0.59799570
v -0.62486380 0.47552529 -0.59796500
v -0.62486380 0.48338521 -0.59795946
v -0.62486380 0.49124515 -0.59799504
v -0.62486380 0.49910507 -0.59805006
v -0.62486380 0.50696498 -0.59805685
v -0.62486380 0.51482493 -0.59797609
v -0.62486380 0.52268481 -0.59784269
v -0.62486380 0.53054476 -0.59760964
v -0.62486380 0.53840464 -0.59709805
v -0.62486380 0.54626459 -0.59598929
v -0.62486380 0.55412453 -0.59393185
v -0.62486380 0.55534893 -0.59342414
v -0.62486380 0.56198442 -0.59049141
v -0.62486380 0.56984437 -0.58634675
v -0.62486380 0.57096308 -0.58556420
v -0.62486380 0.57770425 -0.57813025
v -0.62486380 0.57799131 -0.57770425
v -0.62486380 0.58262563 -0.56984437
v -0.62486380 0.58556420 -0.56757146
v -0.61700392 -0.59342414 -0.58644688
v -0.61700392 -0.58556420 -0.58927524
v -0.61700392 -0.57770425 -0.59279400
v -0.61700392 -0.56984437 -0.59484577
v -0.61700392 -0.57538599 -0.59342414
v -0.61700392 -0.56198442 -0.59589392
v -0.61700392 -0.55412453 -0.59631622
v -0.61700392 -0.54626459 -0.59648645
v -0.61700392 -0.53840464 -0.59656733
v -0.61700392 -0.53054476 -0.59661925
v -0.61700392 -0.52268481 -0.59666079
v -0.61700392 -0.51482493 -0.59667641
v -0.61700392 -0.50696498 -0.59663749
v -0.61700392 -0.49910507 -0.59657753
v -0.61700392 -0.49124515 -0.59656656
v -0.61700392 -0.48338521 -0.59659255
v -0.61700392 -0.47552529 -0.59660649
v -0.61700392 -0.46766537 -0.59659612
v -0.61700392 -0.45980546 -0.59655362
v -0.61700392 -0.45194551 -0.59651262
v -0.61700392 -0.44408560 -0.59647417
v -0.61700392 -0.43622568 -0.59643221
v -0.61700392 -0.42836577 -0.59639204
v -0.61700392 -0.42050582 -0.59634918
v -0.61700392 -0.41264591 -0.59629112
v -0.61700392 -0.40478599 -0.59621352
v -0.61700392 -0.39692608 -0.59615481
v -0.61700392 -0.38906616 -0.59617966
v -0.61700392 -0.38120621 -0.59620702
v -0.61700392 -0.37334630 -0.59621459
v -0.61700392 -0.36548638 -0.59620321
v -0.61700392 -0.35762647 -0.59619528
v -0.61700392 -0.34976652 -0.59618479
v -0.61700392 -0.34190661 -0.59616160
v -0.61700392 -0.33404669 -0.59613103
v -0.61700392 -0.32618678 -0.59609532
v -0.61700392 -0.31832686 -0.59606975
v -0.61700392 -0.31046692 -0.59605181
v -0.61700392 -0.30260700 -0.59602618
v -0.61700392 -0.29474708 -0.59600836
v -0.61700392 -0.28688717 -0.59600067
v -0.61700392 -0.27902722 -0.59598243
v -0.61700392 -0.27116731 -0.59597093
v -0.61700392 -0.26330739 -0.59595239
v -0.61700392 -0.25544748 -0.59592247
v -0.61700392 -0.24758755 -0.59588641
v -0.61700392 -0.23972763 -0.59585148
v -0.61700392 -0.23186770 -0.59578383
v -0.61700392 -0.22400779 -0.59571683
v -0.61700392 -0.21614785 -0.59563369
v -0.61700392 -0.20828794 -0.59552509
v -0.61700392 -0.20042801 -0.59543830
v -0.61700392 -0.19256809 -0.59548092
v -0.61700392 -0.18470818 -0.59556454
v -0.61700392 -0.17684825 -0.59562743
v -0.61700392 -0.16898833 -0.59567708
v -0.61700392 -0.16112840 -0.59571701
v -0.61700392 -0.15326849 -0.59575260
v -0.61700392 -0.14540856 -0.59578443
v -0.61700392 -0.13754864 -0.59582627
v -0.61700392 -0.12968871 -0.59586895
v -0.61700392 -0.12182879 -0.59591174
v -0.61700392 -0.11396887 -0.59593809
v -0.61700392 -0.10610895 -0.59597939
v -0.61700392 -0.09824903 -0.59601063
v -0.61700392 -0.09038910 -0.59604800
v -0.61700392 -0.08252918 -0.59608942
v -0.61700392 -0.07466926 -0.59613216
v -0.61700392 -0.06680934 -0.59616369
v -0.61700392 -0.05894941 -0.59619480
v -0.61700392 -0.05108950 -0.59622204
v -0.61700392 -0.04322957 -0.59625572
v -0.61700392 -0.03536965 -0.59627360
v -0.61700392 -0.02750973 -0.59630102
v -0.61700392 -0.01964981 -0.59632236
v -0.61700392 -0.01178988 -0.59633601
v -0.61700392 -0.00392996 -0.59635687
v -0.61700392 0.00392996 -0.59639549
v -0.61700392 0.01178988 -0.59643650
v -0.61700392 0.01964981 -0.59648430
v -0.61700392 0.02750973 -0.59652412
v -0.61700392 0.03536965 -0.59657544
v -0.61700392 0.04322957 -0.59660977
v -0.61700392 0.05108950 -0.59664375
v -0.61700392 0.05894941 -0.59668773
v -0.61700392 0.06680934 -0.59671062
v -0.61700392 0.07466926 -0.59674591
v -0.61700392 0.08252918 -0.59677452
v -0.61700392 0.09038910 -0.59679759
v -0.61700392 0.09824903 -0.59681356
v -0.61700392 0.10610895 -0.59683132
v -0.61700392 0.11396887 -0.59685373
v -0.61700392 0.12182879 -0.59686810
v -0.61700392 0.12968871 -0.59688282
v -0.61700392 0.13754864 -0.59689581
v -0.61700392 0.14540856 -0.59690195
v -0.61700392 0.15326849 -0.59690982
v -0.61700392 0.16112840 -0.59691942
v -0.61700392 0.16898833 -0.59691089
v -0.61700392 0.17684825 -0.59687340
v -0.61700392 0.18470818 -0.59676820
v -0.61700392 0.19256809 -0.59673607
v -0.61700392 0.20042801 -0.59689921
v -0.61700392 0.20828794 -0.59705222
v -0.61700392 0.21614785 -0.59715503
v -0.61700392 0.22400779 -0.59722966
v -0.61700392 0.23186770 -0.59730607
v -0.61700392 0.23972763 -0.59737426
v -0.61700392 0.24758755 -0.59743845
v -0.61700392 0.25544748 -0.59749877
v -0.61700392 0.26330739 -0.59754074
v -0.61700392 0.27116731 -0.59758568
v -0.61700392 0.27902722 -0.59760714
v -0.61700392 0.28688717 -0.59762430
v -0.61700392 0.29474708 -0.59765875
v -0.61700392 0.30260700 -0.59769905
v -0.61700392 0.31046692 -0.59775066
v -0.61700392 0.31832686 -0.59779119
v -0.61700392 0.32618678 -0.59782600
v -0.61700392 0.33404669 -0.59786278
v -0.61700392 0.34190661 -0.59787583
v -0.61700392 0.34976652 -0.59789062
v -0.61700392 0.35762647 -0.59788066
v -0.61700392 0.36548638 -0.59786659
v -0.61700392 0.37334630 -0.59783161
v -0.61700392 0.38120621 -0.59780437
v -0.61700392 0.38906616 -0.59781402
v -0.61700392 0.39692608 -0.59787059
v -0.61700392 0.40478599 -0.59793329
v -0.61700392 0.41264591 -0.59797460
v -0.61700392 0.42050582 -0.59799480
v -0.61700392 0.42836577 -0.59801996
v -0.61700392 0.43622568 -0.59802836
v -0.61700392 0.44408560 -0.59805602
v -0.61700392 0.45194551 -0.59806347
v -0.61700392 0.45980546 -0.59804511
v -0.61700392 0.46766537 -0.59798968
v -0.61700392 0.47552529 -0.59795111
v -0.61700392 0.48338521 -0.59794664
v -0.61700392 0.49124515 -0.59798348
v -0.61700392 0.49910507 -0.59803766
v -0.61700392 0.50696498 -0.59803325
v -0.61700392 0.51482493 -0.59794885
v -0.61700392 0.52268481 -0.59780908
v -0.61700392 0.53054476 -0.59759396
v -0.61700392 0.53840464 -0.59707552
v -0.61700392 0.54626459 -0.59597200
v -0.61700392 0.55412453 -0.59389174
v -0.61700392 0.55524611 -0.59342414
v -0.61700392 0.56198442 -0.59042388
v -0.61700392 0.56984437 -0.58629262
v -0.61700392 0.57088476 -0.58556420
v -0.61700392 0.57770425 -0.57815015
v -0.61700392 0.57800484 -0.57770425
v -0.61700392 0.58233619 -0.56984437
v -0.61700392 0.58556420 -0.56721556
v -0.60914397 -0.59342414 -0.58677536
v -0.60914397 -0.58556420 -0.58967733
v -0.60914397 -0.57770425 -0.59304041
v -0.60914397 -0.56984437 -0.59497732
v -0.60914397 -0.57621574 -0.59342414
v -0.60914397 -0.56198442 -0.59595579
v -0.60914397 -0.55412453 -0.59635526
v -0.60914397 -0.54626459 -0.59652025
v -0.60914397 -0.53840464 -0.59658241
v -0.60914397 -0.53054476 -0.59663451
v -0.60914397 -0.52268481 -0.59667432
v -0.60914397 -0.51482493 -0.59668368
v -0.60914397 -0.50696498 -0.59665048
v -0.60914397 -0.49910507 -0.59658372
v -0.60914397 -0.49124515 -0.59657699
v -0.60914397 -0.48338521 -0.59660208
v -0.60914397 -0.47552529 -0.59659982
v -0.60914397 -0.46766537 -0.59658283
v -0.60914397 -0.45980546 -0.59655756
v -0.60914397 -0.45194551 -0.59651548
v -0.60914397 -0.44408560 -0.59647202
v -0.60914397 -0.43622568 -0.59643370
v -0.60914397 -0.42836577 -0.59639394
v -0.60914397 -0.42050582 -0.59634954
v -0.60914397 -0.41264591 -0.59630454
v -0.60914397 -0.40478599 -0.59622902
v -0.60914397 -0.39692608 -0.59617138
v -0.60914397 -0.38906616 -0.59618729
v -0.60914397 -0.38120621 -0.59621608
v -0.60914397 -0.37334630 -0.59621710
v -0.60914397 -0.36548638 -0.59621090
v -0.60914397 -0.35762647 -0.59619665
v -0.60914397 -0.34976652 -0.59618241
v -0.60914397 -0.34190661 -0.59615785
v -0.60914397 -0.33404669 -0.59613115
v -0.60914397 -0.32618678 -0.59609663
v -0.60914397 -0.31832686 -0.59606844
v -0.60914397 -0.31046692 -0.59604794
v -0.60914397 -0.30260700 -0.59603000
v -0.60914397 -0.29474708 -0.59601343
v -0.60914397 -0.28688717 -0.59599674
v -0.60914397 -0.27902722 -0.59598500
v -0.60914397 -0.27116731 -0.59596157
v -0.60914397 -0.26330739 -0.59593940
v -0.60914397 -0.25544748 -0.59591722
v -0.60914397 -0.24758755 -0.59588218
v -0.60914397 -0.23972763 -0.59585232
v -0.60914397 -0.23186770 -0.59578228
v -0.60914397 -0.22400779 -0.59572327
v -0.60914397 -0.21614785 -0.59564322
v -0.60914397 -0.20828794 -0.59553766
v -0.60914397 -0.20042801 -0.59546071
v -0.60914397 -0.19256809 -0.59549850
v -0.60914397 -0.18470818 -0.59557909
v -0.60914397 -0.17684825 -0.59563178
v -0.60914397 -0.16898833 -0.59567231
v -0.60914397 -0.16112840 -0.59571570
v -0.60914397 -0.15326849 -0.59574986
v -0.60914397 -0.14540856 -0.59578753
v -0.60914397 -0.13754864 -0.59582287
v -0.60914397 -0.12968871 -0.59586674
v -0.60914397 -0.12182879 -0.59590316
v -0.60914397 -0.11396887 -0.59594476
v -0.60914397 -0.10610895 -0.59597450
v -0.60914397 -0.09824903 -0.59600806
v -0.60914397 -0.09038910 -0.59604925
v -0.60914397 -0.08252918 -0.59608662
v -0.60914397 -0.07466926 -0.59612942
v -0.60914397 -0.06680934 -0.59616452
v -0.60914397 -0.05894941 -0.59619719
v -0.60914397 -0.05108950 -0.59623206
v -0.60914397 -0.04322957 -0.59624499
v -0.60914397 -0.03536965 -0.59628212
v -0.60914397 -0.02750973 -0.59630823
v -0.60914397 -0.01964981 -0.59633070
v -0.60914397 -0.01178988 -0.59634960
v -0.60914397 -0.00392996 -0.59636867
v -0.60914397 0.00392996 -0.59640652
v -0.60914397 0.01178988 -0.59645104
v -0.60914397 0.01964981 -0.59649158
v -0.60914397 0.02750973 -0.59653962
v -0.60914397 0.03536965 -0.59658426
v -0.60914397 0.04322957 -0.59662771
v -0.60914397 0.05108950 -0.59666532
v -0.60914397 0.05894941 -0.59669125
v -0.60914397 0.06680934 -0.59672368
v -0.60914397 0.07466926 -0.59675926
v -0.60914397 0.08252918 -0.59678119
v -0.60914397 0.09038910 -0.59680796
v -0.60914397 0.09824903 -0.59682882
v -0.60914397 0.10610895 -0.59684825
v -0.60914397 0.11396887 -0.59685957
v -0.60914397 0.12182879 -0.59688497
v -0.60914397 0.12968871 -0.59689969
v -0.60914397 0.13754864 -0.59690529
v -0.60914397 0.14540856 -0.59691393
v -0.60914397 0.15326849 -0.59692049
v -0.60914397 0.16112840 -0.59694391
v -0.60914397 0.16898833 -0.59693235
v -0.60914397 0.17684825 -0.59690547
v -0.60914397 0.18470818 -0.59681642
v -0.60914397 0.19256809 -0.59679663
v -0.60914397 0.20042801 -0.59693205
v -0.60914397 0.20828794 -0.59706920
v -0.60914397 0.21614785 -0.59717107
v -0.60914397 0.22400779 -0.59725481
v -0.60914397 0.23186770 -0.59733206
v -0.60914397 0.23972763 -0.59739232
v -0.60914397 0.24758755 -0.59745532
v -0.60914397 0.25544748 -0.59750783
v -0.60914397 0.26330739 -0.59755951
v -0.60914397 0.27116731 -0.59759265
v -0.60914397 0.27902722 -0.59761709
v -0.60914397 0.28688717 -0.59763956
v -0.60914397 0.29474708 -0.59766835
v -0.60914397 0.30260700 -0.59770679
v -0.60914397 0.31046692 -0.59774351
v -0.60914397 0.31832686 -0.59778816
v -0.60914397 0.32618678 -0.59782290
v -0.60914397 0.33404669 -0.59785962
v -0.60914397 0.34190661 -0.59787327
v -0.60914397 0.34976652 -0.59788305
v -0.60914397 0.35762647 -0.59787905
v -0.60914397 0.36548638 -0.59785891
v -0.60914397 0.37334630 -0.59782851
v -0.60914397 0.38120621 -0.59780252
v -0.60914397 0.38906616 -0.59781307
v -0.60914397 0.39692608 -0.59786856
v -0.60914397 0.40478599 -0.59793270
v -0.60914397 0.41264591 -0.59797281
v -0.60914397 0.42050582 -0.59799242
v -0.60914397 0.42836577 -0.59801310
v -0.60914397 0.43622568 -0.59802431
v -0.60914397 0.44408560 -0.59803855
v -0.60914397 0.45194551 -0.59805483
v -0.60914397 0.45980546 -0.59802878
v -0.60914397 0.46766537 -0.59797662
v -0.60914397 0.47552529 -0.59794432
v -0.60914397 0.48338521 -0.59795099
v -0.60914397 0.49124515 -0.59798992
v -0.60914397 0.49910507 -0.59803122
v -0.60914397 0.50696498 -0.59802145
v -0.60914397 0.51482493 -0.59793621
v -0.60914397 0.52268481 -0.59781069
v -0.60914397 0.53054476 -0.59759641
v -0.60914397 0.53840464 -0.59710503
v -0.60914397 0.54626459 -0.59599155
v -0.60914397 0.55412453 -0.59391123
v -0.60914397 0.55529529 -0.59342414
v -0.60914397 0.56198442 -0.59045374
v -0.60914397 0.56984437 -0.58632332
v -0.60914397 0.57092232 -0.58556420
v -0.60914397 0.57770425 -0.57819968
v -0.60914397 0.57803601 -0.57770425
v -0.60914397 0.58224612 -0.56984437
v -0.60914397 0.58556420 -0.56707990
v -0.60128403 -0.59342414 -0.58721048
v -0.60128403 -0.58556420 -0.59008765
v -0.60128403 -0.57770425 -0.59329575
v -0.60128403 -0.56984437 -0.59510046
v -0.60128403 -0.57717311 -0.59342414
v -0.60128403 -0.56198442 -0.59600848
v -0.60128403 -0.55412453 -0.59638691
v -0.60128403 -0.54626459 -0.59653896
v -0.60128403 -0.53840464 -0.59659851
v -0.60128403 -0.53054476 -0.59664208
v -0.60128403 -0.52268481 -0.59668064
v -0.60128403 -0.51482493 -0.59668612
v -0.60128403 -0.50696498 -0.59665024
v -0.60128403 -0.49910507 -0.59659493
v -0.60128403 -0.49124515 -0.59657782
v -0.60128403 -0.48338521 -0.59659708
v -0.60128403 -0.47552529 -0.59659833
v -0.60128403 -0.46766537 -0.59657663
v -0.60128403 -0.45980546 -0.59655333
v -0.60128403 -0.45194551 -0.59651667
v -0.60128403 -0.44408560 -0.59646845
v -0.60128403 -0.43622568 -0.59643674
v -0.60128403 -0.42836577 -0.59639877
v -0.60128403 -0.42050582 -0.59634584
v -0.60128403 -0.41264591 -0.59629589
v -0.60128403 -0.40478599 -0.59622759
v -0.60128403 -0.39692608 -0.59617531
v -0.60128403 -0.38906616 -0.59619671
v -0.60128403 -0.38120621 -0.59621376
v -0.60128403 -0.37334630 -0.59622395
v -0.60128403 -0.36548638 -0.59621400
v -0.60128403 -0.35762647 -0.59620321
v -0.60128403 -0.34976652 -0.59618533
v -0.60128403 -0.34190661 -0.59616464
v -0.60128403 -0.33404669 -0.59613240
v -0.60128403 -0.32618678 -0.59610695
v -0.60128403 -0.31832686 -0.59607112
v -0.60128403 -0.31046692 -0.59605825
v -0.60128403 -0.30260700 -0.59604406
v -0.60128403 -0.29474708 -0.59603000
v -0.60128403 -0.28688717 -0.59601843
v -0.60128403 -0.27902722 -0.59601194
v -0.60128403 -0.27116731 -0.59598857
v -0.60128403 -0.26330739 -0.59597033
v -0.60128403 -0.25544748 -0.59595346
v -0.60128403 -0.24758755 -0.59592348
v -0.60128403 -0.23972763 -0.59588993
v -0.60128403 -0.23186770 -0.59583032
v -0.60128403 -0.22400779 -0.59576726
v -0.60128403 -0.21614785 -0.59569860
v -0.60128403 -0.20828794 -0.59560239
v -0.60128403 -0.20042801 -0.59552473
v -0.60128403 -0.19256809 -0.59556133
v -0.60128403 -0.18470818 -0.59563482
v -0.60128403 -0.17684825 -0.59568256
v -0.60128403 -0.16898833 -0.59572762
v -0.60128403 -0.16112840 -0.59576464
v -0.60128403 -0.15326849 -0.59578949
v -0.60128403 -0.14540856 -0.59583008
v -0.60128403 -0.13754864 -0.59586084
v -0.60128403 -0.12968871 -0.59590369
v -0.60128403 -0.12182879 -0.59594357
v -0.60128403 -0.11396887 -0.59596956
v -0.60128403 -0.10610895 -0.59601200
v -0.60128403 -0.09824903 -0.59603769
v -0.60128403 -0.09038910 -0.59607106
v -0.60128403 -0.08252918 -0.59610975
v -0.60128403 -0.07466926 -0.59615105
v -0.60128403 -0.06680934 -0.59619135
v -0.60128403 -0.05894941 -0.59621090
v -0.60128403 -0.05108950 -0.59624827
v -0.60128403 -0.04322957 -0.59626997
v -0.60128403 -0.03536965 -0.59629828
v -0.60128403 -0.02750973 -0.59632152
v -0.60128403 -0.01964981 -0.59634817
v -0.60128403 -0.01178988 -0.59636337
v -0.60128403 -0.00392996 -0.59638822
v -0.60128403 0.00392996 -0.59642321
v -0.60128403 0.01178988 -0.59646398
v -0.60128403 0.01964981 -0.59650546
v -0.60128403 0.02750973 -0.59654737
v -0.60128403 0.03536965 -0.59659499
v -0.60128403 0.04322957 -0.59664136
v -0.60128403 0.05108950 -0.59667659
v -0.60128403 0.05894941 -0.59670180
v -0.60128403 0.06680934 -0.59673417
v -0.60128403 0.07466926 -0.59676701
v -0.60128403 0.08252918 -0.59679705
v -0.60128403 0.09038910 -0.59681606
v -0.60128403 0.09824903 -0.59683585
v -0.60128403 0.10610895 -0.59685409
v -0.60128403 0.11396887 -0.59687817
v -0.60128403 0.12182879 -0.59688622
v -0.60128403 0.12968871 -0.59690726
v -0.60128403 0.13754864 -0.59691507
v -0.60128403 0.14540856 -0.59692174
v -0.60128403 0.15326849 -0.59693366
v -0.60128403 0.16112840 -0.59693927
v -0.60128403 0.16898833 -0.59694135
v -0.60128403 0.17684825 -0.59691507
v -0.60128403 0.18470818 -0.59683549
v -0.60128403 0.19256809 -0.59681195
v -0.60128403 0.20042801 -0.59693700
v -0.60128403 0.20828794 -0.59707838
v -0.60128403 0.21614785 -0.59717464
v -0.60128403 0.22400779 -0.59725708
v -0.60128403 0.23186770 -0.59733015
v -0.60128403 0.23972763 -0.59740084
v -0.60128403 0.24758755 -0.59745425
v -0.60128403 0.25544748 -0.59751135
v -0.60128403 0.26330739 -0.59755230
v -0.60128403 0.27116731 -0.59759146
v -0.60128403 0.27902722 -0.59760511
v -0.60128403 0.28688717 -0.59763491
v -0.60128403 0.29474708 -0.59765625
v -0.60128403 0.30260700 -0.59769356
v -0.60128403 0.31046692 -0.59773862
v -0.60128403 0.31832686 -0.59777927
v -0.60128403 0.32618678 -0.59781349
v -0.60128403 0.33404669 -0.59784341
v -0.60128403 0.34190661 -0.59785861
v -0.60128403 0.34976652 -0.59786505
v -0.60128403 0.35762647 -0.59785700
v -0.60128403 0.36548638 -0.59783810
v -0.60128403 0.37334630 -0.59781194
v -0.60128403 0.38120621 -0.59778726
v -0.60128403 0.38906616 -0.59780103
v -0.60128403 0.39692608 -0.59785366
v -0.60128403 0.40478599 -0.59791660
v -0.60128403 0.41264591 -0.59795010
v -0.60128403 0.42050582 -0.59797955
v -0.60128403 0.42836577 -0.59799373
v -0.60128403 0.43622568 -0.59799886
v -0.60128403 0.44408560 -0.59801197
v -0.60128403 0.45194551 -0.59803659
v -0.60128403 0.45980546 -0.59801358
v -0.60128403 0.46766537 -0.59795731
v -0.60128403 0.47552529 -0.59792489
v -0.60128403 0.48338521 -0.59792984
v -0.60128403 0.49124515 -0.59796500
v -0.60128403 0.49910507 -0.59800321
v -0.60128403 0.50696498 -0.59799355
v -0.60128403 0.51482493 -0.59791332
v -0.60128403 0.52268481 -0.59779876
v -0.60128403 0.53054476 -0.59761351
v -0.60128403 0.53840464 -0.59713912
v -0.60128403 0.54626459 -0.59603494
v -0.60128403 0.55412453 -0.59397012
v -0.60128403 0.55544102 -0.59342414
v -0.60128403 0.56198442 -0.59053200
v -0.60128403 0.56984437 -0.58639306
v -0.60128403 0.57101107 -0.58556420
v -0.60128403 0.57770425 -0.57822138
v -0.60128403 0.57804549 -0.57770425
v -0.60128403 0.58223367 -0.56984437
v -0.60128403 0.58556420 -0.56703377
v -0.59342414 -0.59342414 -0.58759725
v -0.59342414 -0.58556420 -0.59043175
v -0.59603006 -0.57770425 -0.59342414
v -0.59342414 -0.57770425 -0.59348917
v -0.59342414 -0.57787842 -0.59342414
v -0.59342414 -0.56984437 -0.59520245
v -0.59342414 -0.56198442 -0.59605801
v -0.59342414 -0.55412453 -0.59640378
v -0.59342414 -0.54626459 -0.59654856
v -0.59342414 -0.53840464 -0.59660661
v -0.59342414 -0.53054476 -0.59663779
v -0.59342414 -0.52268481 -0.59667385
v -0.59342414 -0.51482493 -0.59667337
v -0.59342414 -0.50696498 -0.59664750
v -0.59342414 -0.49910507 -0.59659225
v -0.59342414 -0.49124515 -0.59656852
v -0.59342414 -0.48338521 -0.59658593
v -0.59342414 -0.47552529 -0.59658092
v -0.59342414 -0.46766537 -0.59656578
v -0.59342414 -0.45980546 -0.59653652
v -0.59342414 -0.45194551 -0.59650010
v -0.59342414 -0.44408560 -0.59645498
v -0.59342414 -0.43622568 -0.59641874
v -0.59342414 -0.42836577 -0.59637886
v -0.59342414 -0.42050582 -0.59633362
v -0.59342414 -0.41264591 -0.59628493
v -0.59342414 -0.40478599 -0.59623069
v -0.59342414 -0.39692608 -0.59616935
v -0.59342414 -0.38906616 -0.59618938
v -0.59342414 -0.38120621 -0.59621572
v -0.59342414 -0.37334630 -0.59621561
v -0.59342414 -0.36548638 -0.59620851
v -0.59342414 -0.35762647 -0.59619629
v -0.59342414 -0.34976652 -0.59618437
v -0.59342414 -0.34190661 -0.59616518
v -0.59342414 -0.33404669 -0.59613419
v -0.59342414 -0.32618678 -0.59610856
v -0.59342414 -0.31832686 -0.59608924
v -0.59342414 -0.31046692 -0.59607512
v -0.59342414 -0.30260700 -0.59605700
v -0.59342414 -0.29474708 -0.59605056
v -0.59342414 -0.28688717 -0.59604925
v -0.59342414 -0.27902722 -0.59603119
v -0.59342414 -0.27116731 -0.59601825
v -0.59342414 -0.26330739 -0.59600377
v -0.59342414 -0.25544748 -0.59597915
v -0.59342414 -0.24758755 -0.59595972
v -0.59342414 -0.23972763 -0.59591669
v -0.59342414 -0.23186770 -0.59587097
v -0.59342414 -0.22400779 -0.59581202
v -0.59342414 -0.21614785 -0.59574533
v -0.59342414 -0.20828794 -0.59564394
v -0.59342414 -0.20042801 -0.59557635
v -0.59342414 -0.19256809 -0.59560984
v -0.59342414 -0.18470818 -0.59566897
v -0.59342414 -0.17684825 -0.59572536
v -0.59342414 -0.16898833 -0.59576052
v -0.59342414 -0.16112840 -0.59579182
v -0.59342414 -0.15326849 -0.59582418
v -0.59342414 -0.14540856 -0.59585148
v -0.59342414 -0.13754864 -0.59588951
v -0.59342414 -0.12968871 -0.59592432
v -0.59342414 -0.12182879 -0.59596026
v -0.59342414 -0.11396887 -0.59599000
v -0.59342414 -0.10610895 -0.59601325
v -0.59342414 -0.09824903 -0.59605181
v -0.59342414 -0.09038910 -0.59608519
v -0.59342414 -0.08252918 -0.59612244
v -0.59342414 -0.07466926 -0.59616011
v -0.59342414 -0.06680934 -0.59620029
v -0.59342414 -0.05894941 -0.59622502
v -0.59342414 -0.05108950 -0.59625477
v -0.59342414 -0.04322957 -0.59628230
v -0.59342414 -0.03536965 -0.59629869
v -0.59342414 -0.02750973 -0.59632701
v -0.59342414 -0.01964981 -0.59634960
v -0.59342414 -0.01178988 -0.59636968
v -0.59342414 -0.00392996 -0.59639764
v -0.59342414 0.00392996 -0.59643388
v -0.59342414 0.01178988 -0.59647435
v -0.59342414 0.01964981 -0.59651047
v -0.59342414 0.02750973 -0.59655231
v -0.59342414 0.03536965 -0.59660226
v -0.59342414 0.04322957 -0.59664249
v -0.59342414 0.05108950 -0.59667385
v -0.59342414 0.05894941 -0.59670836
v -0.59342414 0.06680934 -0.59673578
v -0.59342414 0.07466926 -0.59676367
v -0.59342414 0.08252918 -0.59678555
v -0.59342414 0.09038910 -0.59680462
v -0.59342414 0.09824903 -0.59682804
v -0.59342414 0.10610895 -0.59685028
v -0.59342414 0.11396887 -0.59685934
v -0.59342414 0.12182879 -0.59688187
v -0.59342414 0.12968871 -0.59688932
v -0.59342414 0.13754864 -0.59690446
v -0.59342414 0.14540856 -0.59691656
v -0.59342414 0.15326849 -0.59692323
v -0.59342414 0.16112840 -0.59692651
v -0.59342414 0.16898833 -0.59693360
v -0.59342414 0.17684825 -0.59690422
v -0.59342414 0.18470818 -0.59682584
v -0.59342414 0.19256809 -0.59680116
v -0.59342414 0.20042801 -0.59693027
v -0.59342414 0.20828794 -0.59706569
v -0.59342414 0.21614785 -0.59716129
v -0.59342414 0.22400779 -0.59724575
v -0.59342414 0.23186770 -0.59732163
v -0.59342414 0.23972763 -0.59738177
v -0.59342414 0.24758755 -0.59743702
v -0.59342414 0.25544748 -0.59749305
v -0.59342414 0.26330739 -0.59753889
v -0.59342414 0.27116731 -0.59756935
v -0.59342414 0.27902722 -0.59759039
v -0.59342414 0.28688717 -0.59760821
v -0.59342414 0.29474708 -0.59763932
v -0.59342414 0.30260700 -0.59767687
v -0.59342414 0.31046692 -0.59772390
v -0.59342414 0.31832686 -0.59775972
v -0.59342414 0.32618678 -0.59779710
v -0.59342414 0.33404669 -0.59781623
v -0.59342414 0.34190661 -0.59782964
v -0.59342414 0.34976652 -0.59783643
v -0.59342414 0.35762647 -0.59783077
v -0.59342414 0.36548638 -0.59781116
v -0.59342414 0.37334630 -0.59778100
v -0.59342414 0.38120621 -0.59775484
v -0.59342414 0.38906616 -0.59776372
v -0.59342414 0.39692608 -0.59782302
v -0.59342414 0.40478599 -0.59788072
v -0.59342414 0.41264591 -0.59792042
v -0.59342414 0.42050582 -0.59795272
v -0.59342414 0.42836577 -0.59796035
v -0.59342414 0.43622568 -0.59797239
v -0.59342414 0.44408560 -0.59799373
v -0.59342414 0.45194551 -0.59799474
v -0.59342414 0.45980546 -0.59798241
v -0.59342414 0.46766537 -0.59792542
v -0.59342414 0.47552529 -0.59789562
v -0.59342414 0.48338521 -0.59789729
v -0.59342414 0.49124515 -0.59792870
v -0.59342414 0.49910507 -0.59796339
v -0.59342414 0.50696498 -0.59795547
v -0.59342414 0.51482493 -0.59787387
v -0.59342414 0.52268481 -0.59775895
v -0.59342414 0.53054476 -0.59758055
v -0.59342414 0.53840464 -0.59712237
v -0.59342414 0.54626459 -0.59603888
v -0.59342414 0.55412453 -0.59398013
v -0.59342414 0.55547714 -0.59342414
v -0.59342414 0.56198442 -0.59057796
v -0.59342414 0.56984437 -0.58644491
v -0.59342414 0.57109070 -0.58556420
v -0.59342414 0.57770425 -0.57826942
v -0.59342414 0.57806945 -0.57770425
v -0.59342414 0.58219159 -0.56984437
v -0.59342414 0.58556420 -0.56697559
v -0.58556420 -0.59342414 -0.58780396
v -0.58556420 -0.58556420 -0.59061873
v -0.58556420 -0.57770425 -0.59362054
v -0.58556420 -0.57823908 -0.59342414
v -0.58556420 -0.56984437 -0.59526294
v -0.58556420 -0.56198442 -0.59607196
v -0.58556420 -0.55412453 -0.59640586
v -0.58556420 -0.54626459 -0.59654087
v -0.58556420 -0.53840464 -0.59659505
v -0.58556420 -0.53054476 -0.59662431
v -0.58556420 -0.52268481 -0.59665620
v -0.58556420 -0.51482493 -0.59665138
v -0.58556420 -0.50696498 -0.59662229
v -0.58556420 -0.49910507 -0.59656966
v -0.58556420 -0.49124515 -0.59654433
v -0.58556420 -0.48338521 -0.59655607
v -0.58556420 -0.47552529 -0.59655136
v -0.58556420 -0.46766537 -0.59653181
v -0.58556420 -0.45980546 -0.59650278
v -0.58556420 -0.45194551 -0.59646642
v -0.58556420 -0.44408560 -0.59642613
v -0.58556420 -0.43622568 -0.59639060
v -0.58556420 -0.42836577 -0.59634620
v -0.58556420 -0.42050582 -0.59630549
v -0.58556420 -0.41264591 -0.59626216
v -0.58556420 -0.40478599 -0.59620351
v -0.58556420 -0.39692608 -0.59615016
v -0.58556420 -0.38906616 -0.59617424
v -0.58556420 -0.38120621 -0.59619296
v -0.58556420 -0.37334630 -0.59619582
v -0.58556420 -0.36548638 -0.59618801
v -0.58556420 -0.35762647 -0.59616703
v -0.58556420 -0.34976652 -0.59615910
v -0.58556420 -0.34190661 -0.59613574
v -0.58556420 -0.33404669 -0.59612155
v -0.58556420 -0.32618678 -0.59609842
v -0.58556420 -0.31832686 -0.59607005
v -0.58556420 -0.31046692 -0.59606093
v -0.58556420 -0.30260700 -0.59605443
v -0.58556420 -0.29474708 -0.59604406
v -0.58556420 -0.28688717 -0.59604281
v -0.58556420 -0.27902722 -0.59602469
v -0.58556420 -0.27116731 -0.59601945
v -0.58556420 -0.26330739 -0.59600371
v -0.58556420 -0.25544748 -0.59598678
v -0.58556420 -0.24758755 -0.59595793
v -0.58556420 -0.23972763 -0.59592420
v -0.58556420 -0.23186770 -0.59587741
v -0.58556420 -0.22400779 -0.59581596
v -0.58556420 -0.21614785 -0.59575069
v -0.58556420 -0.20828794 -0.59566534
v -0.58556420 -0.20042801 -0.59559041
v -0.58556420 -0.19256809 -0.59561920
v -0.58556420 -0.18470818 -0.59567177
v -0.58556420 -0.17684825 -0.59571546
v -0.58556420 -0.16898833 -0.59576130
v -0.58556420 -0.16112840 -0.59579277
v -0.58556420 -0.15326849 -0.59582132
v -0.58556420 -0.14540856 -0.59584582
v -0.58556420 -0.13754864 -0.59587198
v -0.58556420 -0.12968871 -0.59590846
v -0.58556420 -0.12182879 -0.59594196
v -0.58556420 -0.11396887 -0.59597695
v -0.58556420 -0.10610895 -0.59600675
v -0.58556420 -0.09824903 -0.59604406
v -0.58556420 -0.09038910 -0.59607500
v -0.58556420 -0.08252918 -0.59611624
v -0.58556420 -0.07466926 -0.59614754
v -0.58556420 -0.06680934 -0.59618258
v -0.58556420 -0.05894941 -0.59621781
v -0.58556420 -0.05108950 -0.59624404
v -0.58556420 -0.04322957 -0.59626728
v -0.58556420 -0.03536965 -0.59629005
v -0.58556420 -0.02750973 -0.59631580
v -0.58556420 -0.01964981 -0.59634686
v -0.58556420 -0.01178988 -0.59636551
v -0.58556420 -0.00392996 -0.59638613
v -0.58556420 0.00392996 -0.59641957
v -0.58556420 0.01178988 -0.59646112
v -0.58556420 0.01964981 -0.59650111
v -0.58556420 0.02750973 -0.59654802
v -0.58556420 0.03536965 -0.59659123
v -0.58556420 0.04322957 -0.59663433
v -0.58556420 0.05108950 -0.59666306
v -0.58556420 0.05894941 -0.59669220
v -0.58556420 0.06680934 -0.59671849
v -0.58556420 0.07466926 -0.59674722
v -0.58556420 0.08252918 -0.59677243
v -0.58556420 0.09038910 -0.59678721
v -0.58556420 0.09824903 -0.59680581
v -0.58556420 0.10610895 -0.59682620
v -0.58556420 0.11396887 -0.59684402
v -0.58556420 0.12182879 -0.59686369
v -0.58556420 0.12968871 -0.59687209
v -0.58556420 0.13754864 -0.59688014
v -0.58556420 0.14540856 -0.59689295
v -0.58556420 0.15326849 -0.59689403
v -0.58556420 0.16112840 -0.59690726
v -0.58556420 0.16898833 -0.59690577
v -0.58556420 0.17684825 -0.59687674
v -0.58556420 0.18470818 -0.59680784
v -0.58556420 0.19256809 -0.59678191
v -0.58556420 0.20042801 -0.59691483
v -0.58556420 0.20828794 -0.59705120
v -0.58556420 0.21614785 -0.59714401
v -0.58556420 0.22400779 -0.59723043
v -0.58556420 0.23186770 -0.59730065
v -0.58556420 0.23972763 -0.59736556
v -0.58556420 0.24758755 -0.59741682
v -0.58556420 0.25544748 -0.59747714
v -0.58556420 0.26330739 -0.59751981
v -0.58556420 0.27116731 -0.59754932
v -0.58556420 0.27902722 -0.59757012
v -0.58556420 0.28688717 -0.59758323
v -0.58556420 0.29474708 -0.59761071
v -0.58556420 0.30260700 -0.59765005
v -0.58556420 0.31046692 -0.59769082
v -0.58556420 0.31832686 -0.59773189
v -0.58556420 0.32618678 -0.59776616
v -0.58556420 0.33404669 -0.59778225
v -0.58556420 0.34190661 -0.59779501
v -0.58556420 0.34976652 -0.59780890
v -0.58556420 0.35762647 -0.59779400
v -0.58556420 0.36548638 -0.59776837
v -0.58556420 0.37334630 -0.59774429
v -0.58556420 0.38120621 -0.59771597
v -0.58556420 0.38906616 -0.59773600
v -0.58556420 0.39692608 -0.59778792
v -0.58556420 0.40478599 -0.59784698
v -0.58556420 0.41264591 -0.59788692
v -0.58556420 0.42050582 -0.59791934
v -0.58556420 0.42836577 -0.59792811
v -0.58556420 0.43622568 -0.59793526
v -0.58556420 0.44408560 -0.59795064
v -0.58556420 0.45194551 -0.59796208
v -0.58556420 0.45980546 -0.59793854
v -0.58556420 0.46766537 -0.59788364
v -0.58556420 0.47552529 -0.59784389
v -0.58556420 0.48338521 -0.59784698
v -0.58556420 0.49124515 -0.59787595
v -0.58556420 0.49910507 -0.59790188
v -0.58556420 0.50696498 -0.59788626
v -0.58556420 0.51482493 -0.59781373
v -0.58556420 0.52268481 -0.59769410
v -0.58556420 0.53054476 -0.59752047
v -0.58556420 0.53840464 -0.59707290
v -0.58556420 0.54626459 -0.59597510
v -0.58556420 0.55412453 -0.59392303
v -0.58556420 0.55533296 -0.59342414
v -0.58556420 0.56198442 -0.59050792
v -0.58556420 0.56984437 -0.58637732
v -0.58556420 0.57100689 -0.58556420
v -0.58556420 0.57770425 -0.57830721
v -0.58556420 0.57809275 -0.57770425
v -0.58556420 0.58212298 -0.56984437
v -0.58556420 0.58556420 -0.56685865
v -0.57770425 -0.59342414 -0.58787495
v -0.57770425 -0.58556420 -0.59069705
v -0.57770425 -0.57770425 -0.59366381
v -0.57770425 -0.57836586 -0.59342414
v -0.57770425 -0.56984437 -0.59528089
v -0.57770425 -0.56198442 -0.59607321
v -0.57770425 -0.55412453 -0.59640348
v -0.57770425 -0.54626459 -0.59652859
v -0.57770425 -0.53840464 -0.59657234
v -0.57770425 -0.53054476 -0.59660453
v -0.57770425 -0.52268481 -0.59662300
v -0.57770425 -0.51482493 -0.59662503
v -0.57770425 -0.50696498 -0.59658998
v -0.57770425 -0.49910507 -0.59653801
v -0.57770425 -0.49124515 -0.59650606
v -0.57770425 -0.48338521 -0.59651518
v -0.57770425 -0.47552529 -0.59651381
v -0.57770425 -0.46766537 -0.59649533
v -0.57770425 -0.45980546 -0.59646314
v -0.57770425 -0.45194551 -0.59642941
v -0.57770425 -0.44408560 -0.59638822
v -0.57770425 -0.43622568 -0.59635031
v -0.57770425 -0.42836577 -0.59631371
v -0.57770425 -0.42050582 -0.59627461
v -0.57770425 -0.41264591 -0.59622312
v -0.57770425 -0.40478599 -0.59617245
v -0.57770425 -0.39692608 -0.59612274
v -0.57770425 -0.38906616 -0.59614450
v -0.57770425 -0.38120621 -0.59616208
v -0.57770425 -0.37334630 -0.59615970
v -0.57770425 -0.36548638 -0.59615684
v -0.57770425 -0.35762647 -0.59614253
v -0.57770425 -0.34976652 -0.59612560
v -0.57770425 -0.34190661 -0.59611911
v -0.57770425 -0.33404669 -0.59608418
v -0.57770425 -0.32618678 -0.59607393
v -0.57770425 -0.31832686 -0.59604669
v -0.57770425 -0.31046692 -0.59604150
v -0.57770425 -0.30260700 -0.59603119
v -0.57770425 -0.29474708 -0.59602469
v -0.57770425 -0.28688717 -0.59602344
v -0.57770425 -0.27902722 -0.59601682
v -0.57770425 -0.27116731 -0.59600645
v -0.57770425 -0.26330739 -0.59598809
v -0.57770425 -0.25544748 -0.59596854
v -0.57770425 -0.24758755 -0.59594119
v -0.57770425 -0.23972763 -0.59591365
v -0.57770425 -0.23186770 -0.59586149
v -0.57770425 -0.22400779 -0.59580523
v -0.57770425 -0.21614785 -0.59574515
v -0.57770425 -0.20828794 -0.59566110
v -0.57770425 -0.20042801 -0.59559250
v -0.57770425 -0.19256809 -0.59561497
v -0.57770425 -0.18470818 -0.59566063
v -0.57770425 -0.17684825 -0.59570277
v -0.57770425 -0.16898833 -0.59574115
v -0.57770425 -0.16112840 -0.59577137
v -0.57770425 -0.15326849 -0.59579474
v -0.57770425 -0.14540856 -0.59582114
v -0.57770425 -0.13754864 -0.59584570
v -0.57770425 -0.12968871 -0.59588861
v -0.57770425 -0.12182879 -0.59592360
v -0.57770425 -0.11396887 -0.59595233
v -0.57770425 -0.10610895 -0.59597957
v -0.57770425 -0.09824903 -0.59601700
v -0.57770425 -0.09038910 -0.59605056
v -0.57770425 -0.08252918 -0.59609056
v -0.57770425 -0.07466926 -0.59613734
v -0.57770425 -0.06680934 -0.59617358
v -0.57770425 -0.05894941 -0.59620142
v -0.57770425 -0.05108950 -0.59623235
v -0.57770425 -0.04322957 -0.59625357
v -0.57770425 -0.03536965 -0.59627944
v -0.57770425 -0.02750973 -0.59630781
v -0.57770425 -0.01964981 -0.59632951
v -0.57770425 -0.01178988 -0.59635681
v -0.57770425 -0.00392996 -0.59637332
v -0.57770425 0.00392996 -0.59642226
v -0.57770425 0.01178988 -0.59645671
v -0.57770425 0.01964981 -0.59649789
v -0.57770425 0.02750973 -0.59653997
v -0.57770425 0.03536965 -0.59658390
v -0.57770425 0.04322957 -0.59661746
v -0.57770425 0.05108950 -0.59665149
v -0.57770425 0.05894941 -0.59667778
v -0.57770425 0.06680934 -0.59669685
v -0.57770425 0.07466926 -0.59672743
v -0.57770425 0.08252918 -0.59674990
v -0.57770425 0.09038910 -0.59676969
v -0.57770425 0.09824903 -0.59679210
v -0.57770425 0.10610895 -0.59680420
v -0.57770425 0.11396887 -0.59682190
v -0.57770425 0.12182879 -0.59683430
v -0.57770425 0.12968871 -0.59684604
v -0.57770425 0.13754864 -0.59685737
v -0.57770425 0.14540856 -0.59686518
v -0.57770425 0.15326849 -0.59687299
v -0.57770425 0.16112840 -0.59687501
v -0.57770425 0.16898833 -0.59687877
v -0.57770425 0.17684825 -0.59685445
v -0.57770425 0.18470818 -0.59678477
v -0.57770425 0.19256809 -0.59676945
v -0.57770425 0.20042801 -0.59689456
v -0.57770425 0.20828794 -0.59702998
v -0.57770425 0.21614785 -0.59713018
v -0.57770425 0.22400779 -0.59721506
v -0.57770425 0.23186770 -0.59727859
v -0.57770425 0.23972763 -0.59734076
v -0.57770425 0.24758755 -0.59739786
v -0.57770425 0.25544748 -0.59744853
v -0.57770425 0.26330739 -0.59749132
v -0.57770425 0.27116731 -0.59752345
v -0.57770425 0.27902722 -0.59755313
v -0.57770425 0.28688717 -0.59757203
v -0.57770425 0.29474708 -0.59759462
v -0.57770425 0.30260700 -0.59762555
v -0.57770425 0.31046692 -0.59767479
v -0.57770425 0.31832686 -0.59770995
v -0.57770425 0.32618678 -0.59773773
v -0.57770425 0.33404669 -0.59776169
v -0.57770425 0.34190661 -0.59777158
v -0.57770425 0.34976652 -0.59776831
v -0.57770425 0.35762647 -0.59775877
v -0.57770425 0.36548638 -0.59774274
v -0.57770425 0.37334630 -0.59770465
v -0.57770425 0.38120621 -0.59769064
v -0.57770425 0.38906616 -0.59770381
v -0.57770425 0.39692608 -0.59775931
v -0.57770425 0.40478599 -0.59781808
v -0.57770425 0.41264591 -0.59785330
v -0.57770425 0.42050582 -0.59787381
v -0.57770425 0.42836577 -0.59788918
v -0.57770425 0.43622568 -0.59789574
v -0.57770425 0.44408560 -0.59790999
v -0.57770425 0.45194551 -0.59792268
v -0.57770425 0.45980546 -0.59789574
v -0.57770425 0.46766537 -0.59784448
v -0.57770425 0.47552529 -0.59780109
v -0.57770425 0.48338521 -0.59779763
v -0.57770425 0.49124515 -0.59782183
v -0.57770425 0.49910507 -0.59784138
v -0.57770425 0.50696498 -0.59781748
v -0.57770425 0.51482493 -0.59773648
v -0.57770425 0.52268481 -0.59762692
v -0.57770425 0.53054476 -0.59745449
v -0.57770425 0.53840464 -0.59698915
v -0.57770425 0.54626459 -0.59587121
v -0.57770425 0.55412453 -0.59383941
v -0.57770425 0.55512130 -0.59342414
v -0.57770425 0.56198442 -0.59038877
v -0.57770425 0.56984437 -0.58623993
v -0.57770425 0.57082111 -0.58556420
v -0.57770425 0.57770425 -0.57826096
v -0.57770425 0.57806766 -0.57770425
v -0.57770425 0.58203852 -0.56984437
v -0.57770425 0.58556420 -0.56670517
v -0.56984437 -0.59342414 -0.58789974
v -0.56984437 -0.58556420 -0.59071410
v -0.56984437 -0.57770425 -0.59367335
v -0.56984437 -0.57839674 -0.59342414
v -0.56984437 -0.56984437 -0.59528786
v -0.56984437 -0.56198442 -0.59607071
v -0.56984437 -0.55412453 -0.59639639
v -0.56984437 -0.54626459 -0.59652555
v -0.56984437 -0.53840464 -0.59655458
v -0.56984437 -0.53054476 -0.59657621
v -0.56984437 -0.52268481 -0.59659111
v -0.56984437 -0.51482493 -0.59658802
v -0.56984437 -0.50696498 -0.59655714
v -0.56984437 -0.49910507 -0.59649891
v -0.56984437 -0.49124515 -0.59646970
v -0.56984437 -0.48338521 -0.59647471
v -0.56984437 -0.47552529 -0.59647006
v -0.56984437 -0.46766537 -0.59645438
v -0.56984437 -0.45980546 -0.59641856
v -0.56984437 -0.45194551 -0.59638608
v -0.56984437 -0.44408560 -0.59634691
v -0.56984437 -0.43622568 -0.59631103
v -0.56984437 -0.42836577 -0.59626949
v -0.56984437 -0.42050582 -0.59623337
v -0.56984437 -0.41264591 -0.59619409
v -0.56984437 -0.40478599 -0.59613687
v -0.56984437 -0.39692608 -0.59610033
v -0.56984437 -0.38906616 -0.59611440
v -0.56984437 -0.38120621 -0.59612972
v -0.56984437 -0.37334630 -0.59613758
v -0.56984437 -0.36548638 -0.59612316
v -0.56984437 -0.35762647 -0.59611148
v -0.56984437 -0.34976652 -0.59609973
v -0.56984437 -0.34190661 -0.59608287
v -0.56984437 -0.33404669 -0.59606093
v -0.56984437 -0.32618678 -0.59603244
v -0.56984437 -0.31832686 -0.59601945
v -0.56984437 -0.31046692 -0.59601563
v -0.56984437 -0.30260700 -0.59600145
v -0.56984437 -0.29474708 -0.59600276
v -0.56984437 -0.28688717 -0.59599632
v -0.56984437 -0.27902722 -0.59598964
v -0.56984437 -0.27116731 -0.59597790
v -0.56984437 -0.26330739 -0.59596342
v -0.56984437 -0.25544748 -0.59594786
v -0.56984437 -0.24758755 -0.59592181
v -0.56984437 -0.23972763 -0.59589416
v -0.56984437 -0.23186770 -0.59585112
v -0.56984437 -0.22400779 -0.59578973
v -0.56984437 -0.21614785 -0.59572965
v -0.56984437 -0.20828794 -0.59564781
v -0.56984437 -0.20042801 -0.59558213
v -0.56984437 -0.19256809 -0.59560061
v -0.56984437 -0.18470818 -0.59565055
v -0.56984437 -0.17684825 -0.59568763
v -0.56984437 -0.16898833 -0.59572077
v -0.56984437 -0.16112840 -0.59574801
v -0.56984437 -0.15326849 -0.59578210
v -0.56984437 -0.14540856 -0.59580427
v -0.56984437 -0.13754864 -0.59583032
v -0.56984437 -0.12968871 -0.59586811
v -0.56984437 -0.12182879 -0.59590185
v -0.56984437 -0.11396887 -0.59593409
v -0.56984437 -0.10610895 -0.59596390
v -0.56984437 -0.09824903 -0.59599763
v -0.56984437 -0.09038910 -0.59603763
v -0.56984437 -0.08252918 -0.59607381
v -0.56984437 -0.07466926 -0.59612691
v -0.56984437 -0.06680934 -0.59615439
v -0.56984437 -0.05894941 -0.59618813
v -0.56984437 -0.05108950 -0.59622204
v -0.56984437 -0.04322957 -0.59624183
v -0.56984437 -0.03536965 -0.59626865
v -0.56984437 -0.02750973 -0.59629714
v -0.56984437 -0.01964981 -0.59631908
v -0.56984437 -0.01178988 -0.59634686
v -0.56984437 -0.00392996 -0.59637231
v -0.56984437 0.00392996 -0.59640878
v -0.56984437 0.01178988 -0.59644836
v -0.56984437 0.01964981 -0.59649235
v -0.56984437 0.02750973 -0.59653413
v -0.56984437 0.03536965 -0.59657156
v -0.56984437 0.04322957 -0.59660977
v -0.56984437 0.05108950 -0.59663743
v -0.56984437 0.05894941 -0.59666014
v -0.56984437 0.06680934 -0.59668708
v -0.56984437 0.07466926 -0.59671128
v -0.56984437 0.08252918 -0.59673387
v -0.56984437 0.09038910 -0.59675652
v -0.56984437 0.09824903 -0.59677625
v -0.56984437 0.10610895 -0.59678936
v -0.56984437 0.11396887 -0.59680867
v -0.56984437 0.12182879 -0.59681821
v -0.56984437 0.12968871 -0.59683168
v -0.56984437 0.13754864 -0.59683722
v -0.56984437 0.14540856 -0.59685183
v -0.56984437 0.15326849 -0.59685284
v -0.56984437 0.16112840 -0.59685832
v -0.56984437 0.16898833 -0.59686816
v -0.56984437 0.17684825 -0.59684557
v -0.56984437 0.18470818 -0.59677637
v -0.56984437 0.19256809 -0.59676558
v -0.56984437 0.20042801 -0.59688592
v -0.56984437 0.20828794 -0.59701902
v -0.56984437 0.21614785 -0.59711134
v -0.56984437 0.22400779 -0.59719890
v -0.56984437 0.23186770 -0.59727103
v -0.56984437 0.23972763 -0.59732455
v -0.56984437 0.24758755 -0.59738553
v -0.56984437 0.25544748 -0.59743607
v -0.56984437 0.26330739 -0.59747702
v -0.56984437 0.27116731 -0.59751338
v -0.56984437 0.27902722 -0.59752011
v -0.56984437 0.28688717 -0.59755123
v -0.56984437 0.29474708 -0.59758210
v -0.56984437 0.30260700 -0.59761101
v -0.56984437 0.31046692 -0.59765697
v -0.56984437 0.31832686 -0.59768981
v -0.56984437 0.32618678 -0.59771693
v -0.56984437 0.33404669 -0.59773362
v -0.56984437 0.34190661 -0.59774584
v -0.56984437 0.34976652 -0.59774286
v -0.56984437 0.35762647 -0.59772998
v -0.56984437 0.36548638 -0.59770924
v -0.56984437 0.37334630 -0.59768581
v -0.56984437 0.38120621 -0.59766424
v -0.56984437 0.38906616 -0.59768283
v -0.56984437 0.39692608 -0.59773409
v -0.56984437 0.40478599 -0.59779423
v -0.56984437 0.41264591 -0.59782910
v -0.56984437 0.42050582 -0.59784800
v -0.56984437 0.42836577 -0.59786266
v -0.56984437 0.43622568 -0.59786534
v -0.56984437 0.44408560 -0.59787309
v -0.56984437 0.45194551 -0.59788024
v -0.56984437 0.45980546 -0.59786057
v -0.56984437 0.46766537 -0.59780020
v -0.56984437 0.47552529 -0.59777009
v -0.56984437 0.48338521 -0.59776062
v -0.56984437 0.49124515 -0.59777576
v -0.56984437 0.49910507 -0.59778690
v -0.56984437 0.50696498 -0.59776169
v -0.56984437 0.51482493 -0.59766746
v -0.56984437 0.52268481 -0.59755498
v -0.56984437 0.53054476 -0.59737659
v -0.56984437 0.53840464 -0.59692270
v -0.56984437 0.54626459 -0.59578210
v -0.56984437 0.55412453 -0.59375137
v -0.56984437 0.55490863 -0.59342414
v -0.56984437 0.56198442 -0.59027970
v -0.56984437 0.56984437 -0.58611131
v -0.56984437 0.57063901 -0.58556420
v -0.56984437 0.57770425 -0.57825810
v -0.56984437 0.57807356 -0.57770425
v -0.56984437 0.58196896 -0.56984437
v -0.56984437 0.58556420 -0.56652856
v -0.56198442 -0.59342414 -0.58785784
v -0.56198442 -0.58556420 -0.59069562
v -0.56198442 -0.57770425 -0.59360832
v -0.56198442 -0.57822788 -0.59342414
v -0.56198442 -0.56984437 -0.59524268
v -0.56198442 -0.56198442 -0.59603775
v -0.56198442 -0.55412453 -0.59635800
v -0.56198442 -0.54626459 -0.59648693
v -0.56198442 -0.53840464 -0.59652644
v -0.56198442 -0.53054476 -0.59655029
v -0.56198442 -0.52268481 -0.59656614
v -0.56198442 -0.51482493 -0.59655756
v -0.56198442 -0.50696498 -0.59651893
v -0.56198442 -0.49910507 -0.59645379
v -0.56198442 -0.49124515 -0.59643066
v -0.56198442 -0.48338521 -0.59642828
v -0.56198442 -0.47552529 -0.59642404
v -0.56198442 -0.46766537 -0.59640437
v -0.56198442 -0.45980546 -0.59637672
v -0.56198442 -0.45194551 -0.59634274
v -0.56198442 -0.44408560 -0.59630698
v -0.56198442 -0.43622568 -0.59627128
v -0.56198442 -0.42836577 -0.59623122
v -0.56198442 -0.42050582 -0.59620041
v -0.56198442 -0.41264591 -0.59615612
v -0.56198442 -0.40478599 -0.59611058
v -0.56198442 -0.39692608 -0.59607279
v -0.56198442 -0.38906616 -0.59608179
v -0.56198442 -0.38120621 -0.59609842
v -0.56198442 -0.37334630 -0.59609711
v -0.56198442 -0.36548638 -0.59608936
v -0.56198442 -0.35762647 -0.59607899
v -0.56198442 -0.34976652 -0.59605831
v -0.56198442 -0.34190661 -0.59604406
v -0.56198442 -0.33404669 -0.59602475
v -0.56198442 -0.32618678 -0.59600276
v -0.56198442 -0.31832686 -0.59598851
v -0.56198442 -0.31046692 -0.59598082
v -0.56198442 -0.30260700 -0.59597188
v -0.56198442 -0.29474708 -0.59596550
v -0.56198442 -0.28688717 -0.59596425
v -0.56198442 -0.27902722 -0.59595370
v -0.56198442 -0.27116731 -0.59594190
v -0.56198442 -0.26330739 -0.59593767
v -0.56198442 -0.25544748 -0.59591562
v -0.56198442 -0.24758755 -0.59589350
v -0.56198442 -0.23972763 -0.59586358
v -0.56198442 -0.23186770 -0.59581679
v -0.56198442 -0.22400779 -0.59576297
v -0.56198442 -0.21614785 -0.59571123
v -0.56198442 -0.20828794 -0.59563136
v -0.56198442 -0.20042801 -0.59556776
v -0.56198442 -0.19256809 -0.59557879
v -0.56198442 -0.18470818 -0.59562665
v -0.56198442 -0.17684825 -0.59566396
v -0.56198442 -0.16898833 -0.59569538
v -0.56198442 -0.16112840 -0.59572810
v -0.56198442 -0.15326849 -0.59575647
v -0.56198442 -0.14540856 -0.59577376
v -0.56198442 -0.13754864 -0.59580868
v -0.56198442 -0.12968871 -0.59583837
v -0.56198442 -0.12182879 -0.59587985
v -0.56198442 -0.11396887 -0.59590721
v -0.56198442 -0.10610895 -0.59593976
v -0.56198442 -0.09824903 -0.59597325
v -0.56198442 -0.09038910 -0.59600419
v -0.56198442 -0.08252918 -0.59605825
v -0.56198442 -0.07466926 -0.59609443
v -0.56198442 -0.06680934 -0.59613460
v -0.56198442 -0.05894941 -0.59616715
v -0.56198442 -0.05108950 -0.59619331
v -0.56198442 -0.04322957 -0.59622568
v -0.56198442 -0.03536965 -0.59624887
v -0.56198442 -0.02750973 -0.59627378
v -0.56198442 -0.01964981 -0.59630948
v -0.56198442 -0.01178988 -0.59632802
v -0.56198442 -0.00392996 -0.59635735
v -0.56198442 0.00392996 -0.59639579
v -0.56198442 0.01178988 -0.59644240
v -0.56198442 0.01964981 -0.59648365
v -0.56198442 0.02750973 -0.59652025
v -0.56198442 0.03536965 -0.59656543
v -0.56198442 0.04322957 -0.59659773
v -0.56198442 0.05108950 -0.59662586
v -0.56198442 0.05894941 -0.59664470
v -0.56198442 0.06680934 -0.59667349
v -0.56198442 0.07466926 -0.59670436
v -0.56198442 0.08252918 -0.59672308
v -0.56198442 0.09038910 -0.59674060
v -0.56198442 0.09824903 -0.59676147
v -0.56198442 0.10610895 -0.59677452
v -0.56198442 0.11396887 -0.59679323
v -0.56198442 0.12182879 -0.59680599
v -0.56198442 0.12968871 -0.59682101
v -0.56198442 0.13754864 -0.59682554
v -0.56198442 0.14540856 -0.59682894
v -0.56198442 0.15326849 -0.59682888
v -0.56198442 0.16112840 -0.59684277
v -0.56198442 0.16898833 -0.59684873
v -0.56198442 0.17684825 -0.59682709
v -0.56198442 0.18470818 -0.59675789
v -0.56198442 0.19256809 -0.59674871
v -0.56198442 0.20042801 -0.59687310
v -0.56198442 0.20828794 -0.59700036
v -0.56198442 0.21614785 -0.59710103
v -0.56198442 0.22400779 -0.59717923
v -0.56198442 0.23186770 -0.59725606
v -0.56198442 0.23972763 -0.59731221
v -0.56198442 0.24758755 -0.59736359
v -0.56198442 0.25544748 -0.59742165
v -0.56198442 0.26330739 -0.59745699
v -0.56198442 0.27116731 -0.59749043
v -0.56198442 0.27902722 -0.59751648
v -0.56198442 0.28688717 -0.59753376
v -0.56198442 0.29474708 -0.59755808
v -0.56198442 0.30260700 -0.59758437
v -0.56198442 0.31046692 -0.59763294
v -0.56198442 0.31832686 -0.59767067
v -0.56198442 0.32618678 -0.59769088
v -0.56198442 0.33404669 -0.59771204
v -0.56198442 0.34190661 -0.59772009
v -0.56198442 0.34976652 -0.59771377
v -0.56198442 0.35762647 -0.59770924
v -0.56198442 0.36548638 -0.59767681
v -0.56198442 0.37334630 -0.59765607
v -0.56198442 0.38120621 -0.59764767
v -0.56198442 0.38906616 -0.59766078
v -0.56198442 0.39692608 -0.59770465
v -0.56198442 0.40478599 -0.59776342
v -0.56198442 0.41264591 -0.59779310
v -0.56198442 0.42050582 -0.59782398
v -0.56198442 0.42836577 -0.59783322
v -0.56198442 0.43622568 -0.59783244
v -0.56198442 0.44408560 -0.59783196
v -0.56198442 0.45194551 -0.59784579
v -0.56198442 0.45980546 -0.59781677
v -0.56198442 0.46766537 -0.59777296
v -0.56198442 0.47552529 -0.59773099
v -0.56198442 0.48338521 -0.59772748
v -0.56198442 0.49124515 -0.59772670
v -0.56198442 0.49910507 -0.59772897
v -0.56198442 0.50696498 -0.59769899
v -0.56198442 0.51482493 -0.59761161
v -0.56198442 0.52268481 -0.59750366
v -0.56198442 0.53054476 -0.59732610
v -0.56198442 0.53840464 -0.59687591
v -0.56198442 0.54626459 -0.59576637
v -0.56198442 0.55412453 -0.59373760
v -0.56198442 0.55487084 -0.59342414
v -0.56198442 0.56198442 -0.59021825
v -0.56198442 0.56984437 -0.58600062
v -0.56198442 0.57047653 -0.58556420
v -0.56198442 0.57770425 -0.57824832
v -0.56198442 0.57807308 -0.57770425
v -0.56198442 0.58190215 -0.56984437
v -0.56198442 0.58556420 -0.56629133
v -0.55412453 -0.59342414 -0.58769584
v -0.55412453 -0.58556420 -0.59061414
v -0.55412453 -0.57770425 -0.59353757
v -0.55412453 -0.57802671 -0.59342414
v -0.55412453 -0.56984437 -0.59516358
v -0.55412453 -0.56198442 -0.59597021
v -0.55412453 -0.55412453 -0.59629893
v -0.55412453 -0.54626459 -0.59644365
v -0.55412453 -0.53840464 -0.59648281
v -0.55412453 -0.53054476 -0.59650683
v -0.55412453 -0.52268481 -0.59651798
v -0.55412453 -0.51482493 -0.59651172
v -0.55412453 -0.50696498 -0.59647685
v -0.55412453 -0.49910507 -0.59642136
v -0.55412453 -0.49124515 -0.59638113
v -0.55412453 -0.48338521 -0.59638184
v -0.55412453 -0.47552529 -0.59637719
v -0.55412453 -0.46766537 -0.59636080
v -0.55412453 -0.45980546 -0.59632713
v -0.55412453 -0.45194551 -0.59629971
v -0.55412453 -0.44408560 -0.59626371
v -0.55412453 -0.43622568 -0.59623110
v -0.55412453 -0.42836577 -0.59619224
v -0.55412453 -0.42050582 -0.59615982
v -0.55412453 -0.41264591 -0.59612602
v -0.55412453 -0.40478599 -0.59607536
v -0.55412453 -0.39692608 -0.59603494
v -0.55412453 -0.38906616 -0.59605443
v -0.55412453 -0.38120621 -0.59606093
v -0.55412453 -0.37334630 -0.59606224
v -0.55412453 -0.36548638 -0.59605312
v -0.55412453 -0.35762647 -0.59603894
v -0.55412453 -0.34976652 -0.59602731
v -0.55412453 -0.34190661 -0.59600168
v -0.55412453 -0.33404669 -0.59598482
v -0.55412453 -0.32618678 -0.59596550
v -0.55412453 -0.31832686 -0.59595639
v -0.55412453 -0.31046692 -0.59594083
v -0.55412453 -0.30260700 -0.59593594
v -0.55412453 -0.29474708 -0.59592837
v -0.55412453 -0.28688717 -0.59592694
v -0.55412453 -0.27902722 -0.59591264
v -0.55412453 -0.27116731 -0.59589928
v -0.55412453 -0.26330739 -0.59588730
v -0.55412453 -0.25544748 -0.59587198
v -0.55412453 -0.24758755 -0.59584975
v -0.55412453 -0.23972763 -0.59582102
v -0.55412453 -0.23186770 -0.59578013
v -0.55412453 -0.22400779 -0.59573084
v -0.55412453 -0.21614785 -0.59568071
v -0.55412453 -0.20828794 -0.59560627
v -0.55412453 -0.20042801 -0.59553778
v -0.55412453 -0.19256809 -0.59555209
v -0.55412453 -0.18470818 -0.59558862
v -0.55412453 -0.17684825 -0.59563065
v -0.55412453 -0.16898833 -0.59566730
v -0.55412453 -0.16112840 -0.59569532
v -0.55412453 -0.15326849 -0.59572631
v -0.55412453 -0.14540856 -0.59574455
v -0.55412453 -0.13754864 -0.59577668
v -0.55412453 -0.12968871 -0.59580922
v -0.55412453 -0.12182879 -0.59585077
v -0.55412453 -0.11396887 -0.59588444
v -0.55412453 -0.10610895 -0.59590912
v -0.55412453 -0.09824903 -0.59594524
v -0.55412453 -0.09038910 -0.59598750
v -0.55412453 -0.08252918 -0.59602356
v -0.55412453 -0.07466926 -0.59606600
v -0.55412453 -0.06680934 -0.59610993
v -0.55412453 -0.05894941 -0.59615135
v -0.55412453 -0.05108950 -0.59617609
v -0.55412453 -0.04322957 -0.59619683
v -0.55412453 -0.03536965 -0.59622747
v -0.55412453 -0.02750973 -0.59626007
v -0.55412453 -0.01964981 -0.59628189
v -0.55412453 -0.01178988 -0.59631479
v -0.55412453 -0.00392996 -0.59634119
v -0.55412453 0.00392996 -0.59636897
v -0.55412453 0.01178988 -0.59642285
v -0.55412453 0.01964981 -0.59645927
v -0.55412453 0.02750973 -0.59650159
v -0.55412453 0.03536965 -0.59653538
v -0.55412453 0.04322957 -0.59657389
v -0.55412453 0.05108950 -0.59660232
v -0.55412453 0.05894941 -0.59662157
v -0.55412453 0.06680934 -0.59664994
v -0.55412453 0.07466926 -0.59667593
v -0.55412453 0.08252918 -0.59669334
v -0.55412453 0.09038910 -0.59671652
v -0.55412453 0.09824903 -0.59673518
v -0.55412453 0.10610895 -0.59675151
v -0.55412453 0.11396887 -0.59676564
v -0.55412453 0.12182879 -0.59677988
v -0.55412453 0.12968871 -0.59679210
v -0.55412453 0.13754864 -0.59679604
v -0.55412453 0.14540856 -0.59679604
v -0.55412453 0.15326849 -0.59680545
v -0.55412453 0.16112840 -0.59681493
v -0.55412453 0.16898833 -0.59681988
v -0.55412453 0.17684825 -0.59680265
v -0.55412453 0.18470818 -0.59673262
v -0.55412453 0.19256809 -0.59672672
v -0.55412453 0.20042801 -0.59684956
v -0.55412453 0.20828794 -0.59697610
v -0.55412453 0.21614785 -0.59707540
v -0.55412453 0.22400779 -0.59715545
v -0.55412453 0.23186770 -0.59722853
v -0.55412453 0.23972763 -0.59728372
v -0.55412453 0.24758755 -0.59733313
v -0.55412453 0.25544748 -0.59738743
v -0.55412453 0.26330739 -0.59742844
v -0.55412453 0.27116731 -0.59745151
v -0.55412453 0.27902722 -0.59747916
v -0.55412453 0.28688717 -0.59750348
v -0.55412453 0.29474708 -0.59752846
v -0.55412453 0.30260700 -0.59756154
v -0.55412453 0.31046692 -0.59759921
v -0.55412453 0.31832686 -0.59763217
v -0.55412453 0.32618678 -0.59766626
v -0.55412453 0.33404669 -0.59768462
v -0.55412453 0.34190661 -0.59768838
v -0.55412453 0.34976652 -0.59768236
v -0.55412453 0.35762647 -0.59767210
v -0.55412453 0.36548638 -0.59764832
v -0.55412453 0.37334630 -0.59762800
v -0.55412453 0.38120621 -0.59761477
v -0.55412453 0.38906616 -0.59762782
v -0.55412453 0.39692608 -0.59767735
v -0.55412453 0.40478599 -0.59772891
v -0.55412453 0.41264591 -0.59776622
v -0.55412453 0.42050582 -0.59779245
v -0.55412453 0.42836577 -0.59779948
v -0.55412453 0.43622568 -0.59780037
v -0.55412453 0.44408560 -0.59780675
v -0.55412453 0.45194551 -0.59781528
v -0.55412453 0.45980546 -0.59779054
v -0.55412453 0.46766537 -0.59774035
v -0.55412453 0.47552529 -0.59771138
v -0.55412453 0.48338521 -0.59769702
v -0.55412453 0.49124515 -0.59770060
v -0.55412453 0.49910507 -0.59769303
v -0.55412453 0.50696498 -0.59765857
v -0.55412453 0.51482493 -0.59756386
v -0.55412453 0.52268481 -0.59746009
v -0.55412453 0.53054476 -0.59728181
v -0.55412453 0.53840464 -0.59685141
v -0.55412453 0.54626459 -0.59577221
v -0.55412453 0.55412453 -0.59375614
v -0.55412453 0.55491197 -0.59342414
v -0.55412453 0.56198442 -0.59018719
v -0.55412453 0.56984437 -0.58589828
v -0.55412453 0.57032430 -0.58556420
v -0.55412453 0.57770425 -0.57817823
v -0.55412453 0.57803011 -0.57770425
v -0.55412453 0.58181280 -0.56984437
v -0.55412453 0.58556420 -0.56597042
v -0.54626459 -0.59342414 -0.58748013
v -0.54626459 -0.58556420 -0.59050560
v -0.54626459 -0.57770425 -0.59345388
v -0.54626459 -0.57778800 -0.59342414
v -0.54626459 -0.56984437 -0.59509790
v -0.54626459 -0.56198442 -0.59591669
v -0.54626459 -0.55412453 -0.59624666
v -0.54626459 -0.54626459 -0.59638333
v -0.54626459 -0.53840464 -0.59642214
v -0.54626459 -0.53054476 -0.59645224
v -0.54626459 -0.52268481 -0.59646583
v -0.54626459 -0.51482493 -0.59645528
v -0.54626459 -0.50696498 -0.59641623
v -0.54626459 -0.49910507 -0.59636742
v -0.54626459 -0.49124515 -0.59632933
v -0.54626459 -0.48338521 -0.59632915
v -0.54626459 -0.47552529 -0.59632397
v -0.54626459 -0.46766537 -0.59630793
v -0.54626459 -0.45980546 -0.59627533
v -0.54626459 -0.45194551 -0.59624898
v -0.54626459 -0.44408560 -0.59621096
v -0.54626459 -0.43622568 -0.59617567
v -0.54626459 -0.42836577 -0.59614152
v -0.54626459 -0.42050582 -0.59611696
v -0.54626459 -0.41264591 -0.59607404
v -0.54626459 -0.40478599 -0.59602845
v -0.54626459 -0.39692608 -0.59600115
v -0.54626459 -0.38906616 -0.59600651
v -0.54626459 -0.38120621 -0.59601951
v -0.54626459 -0.37334630 -0.59601176
v -0.54626459 -0.36548638 -0.59601045
v -0.54626459 -0.35762647 -0.59599239
v -0.54626459 -0.34976652 -0.59598094
v -0.54626459 -0.34190661 -0.59595901
v -0.54626459 -0.33404669 -0.59593844
v -0.54626459 -0.32618678 -0.59592402
v -0.54626459 -0.31832686 -0.59591109
v -0.54626459 -0.31046692 -0.59590077
v -0.54626459 -0.30260700 -0.59588712
v -0.54626459 -0.29474708 -0.59588480
v -0.54626459 -0.28688717 -0.59588337
v -0.54626459 -0.27902722 -0.59587526
v -0.54626459 -0.27116731 -0.59585673
v -0.54626459 -0.26330739 -0.59584975
v -0.54626459 -0.25544748 -0.59582776
v -0.54626459 -0.24758755 -0.59580660
v -0.54626459 -0.23972763 -0.59577703
v -0.54626459 -0.23186770 -0.59574616
v -0.54626459 -0.22400779 -0.59569371
v -0.54626459 -0.21614785 -0.59564054
v -0.54626459 -0.20828794 -0.59557056
v -0.54626459 -0.20042801 -0.59550923
v -0.54626459 -0.19256809 -0.59552544
v -0.54626459 -0.18470818 -0.59556174
v -0.54626459 -0.17684825 -0.59559739
v -0.54626459 -0.16898833 -0.59563237
v -0.54626459 -0.16112840 -0.59566319
v -0.54626459 -0.15326849 -0.59568888
v -0.54626459 -0.14540856 -0.59571970
v -0.54626459 -0.13754864 -0.59574610
v -0.54626459 -0.12968871 -0.59578115
v -0.54626459 -0.12182879 -0.59581745
v -0.54626459 -0.11396887 -0.59585488
v -0.54626459 -0.10610895 -0.59588879
v -0.54626459 -0.09824903 -0.59591681
v -0.54626459 -0.09038910 -0.59595674
v -0.54626459 -0.08252918 -0.59599787
v -0.54626459 -0.07466926 -0.59604156
v -0.54626459 -0.06680934 -0.59608024
v -0.54626459 -0.05894941 -0.59611380
v -0.54626459 -0.05108950 -0.59614635
v -0.54626459 -0.04322957 -0.59617853
v -0.54626459 -0.03536965 -0.59620303
v -0.54626459 -0.02750973 -0.59622765
v -0.54626459 -0.01964981 -0.59625226
v -0.54626459 -0.01178988 -0.59628630
v -0.54626459 -0.00392996 -0.59631598
v -0.54626459 0.00392996 -0.59635234
v -0.54626459 0.01178988 -0.59638822
v -0.54626459 0.01964981 -0.59642434
v -0.54626459 0.02750973 -0.59646910
v -0.54626459 0.03536965 -0.59650493
v -0.54626459 0.04322957 -0.59654307
v -0.54626459 0.05108950 -0.59656614
v -0.54626459 0.05894941 -0.59659272
v -0.54626459 0.06680934 -0.59661353
v -0.54626459 0.07466926 -0.59663975
v -0.54626459 0.08252918 -0.59666014
v -0.54626459 0.09038910 -0.59668469
v -0.54626459 0.09824903 -0.59669721
v -0.54626459 0.10610895 -0.59671354
v -0.54626459 0.11396887 -0.59672910
v -0.54626459 0.12182879 -0.59674329
v -0.54626459 0.12968871 -0.59675151
v -0.54626459 0.13754864 -0.59676421
v -0.54626459 0.14540856 -0.59676528
v -0.54626459 0.15326849 -0.59676480
v -0.54626459 0.16112840 -0.59678042
v -0.54626459 0.16898833 -0.59678376
v -0.54626459 0.17684825 -0.59676754
v -0.54626459 0.18470818 -0.59669662
v -0.54626459 0.19256809 -0.59669352
v -0.54626459 0.20042801 -0.59681445
v -0.54626459 0.20828794 -0.59693593
v -0.54626459 0.21614785 -0.59703815
v -0.54626459 0.22400779 -0.59711862
v -0.54626459 0.23186770 -0.59719169
v -0.54626459 0.23972763 -0.59725100
v -0.54626459 0.24758755 -0.59730726
v -0.54626459 0.25544748 -0.59734643
v -0.54626459 0.26330739 -0.59738570
v -0.54626459 0.27116731 -0.59742016
v -0.54626459 0.27902722 -0.59743935
v -0.54626459 0.28688717 -0.59746724
v -0.54626459 0.29474708 -0.59748584
v -0.54626459 0.30260700 -0.59752429
v -0.54626459 0.31046692 -0.59756535
v -0.54626459 0.31832686 -0.59759718
v -0.54626459 0.32618678 -0.59763062
v -0.54626459 0.33404669 -0.59764385
v -0.54626459 0.34190661 -0.59765136
v -0.54626459 0.34976652 -0.59765077
v -0.54626459 0.35762647 -0.59763902
v -0.54626459 0.36548638 -0.59761173
v -0.54626459 0.37334630 -0.59759349
v -0.54626459 0.38120621 -0.59758067
v -0.54626459 0.38906616 -0.59759784
v -0.54626459 0.39692608 -0.59764439
v -0.54626459 0.40478599 -0.59770155
v -0.54626459 0.41264591 -0.59773403
v -0.54626459 0.42050582 -0.59776288
v -0.54626459 0.42836577 -0.59776777
v -0.54626459 0.43622568 -0.59777176
v -0.54626459 0.44408560 -0.59776700
v -0.54626459 0.45194551 -0.59777343
v -0.54626459 0.45980546 -0.59775430
v -0.54626459 0.46766537 -0.59770614
v -0.54626459 0.47552529 -0.59767669
v -0.54626459 0.48338521 -0.59767181
v -0.54626459 0.49124515 -0.59766436
v -0.54626459 0.49910507 -0.59766096
v -0.54626459 0.50696498 -0.59762186
v -0.54626459 0.51482493 -0.59752560
v -0.54626459 0.52268481 -0.59741938
v -0.54626459 0.53054476 -0.59725219
v -0.54626459 0.53840464 -0.59681821
v -0.54626459 0.54626459 -0.59577680
v -0.54626459 0.55412453 -0.59377527
v -0.54626459 0.55495769 -0.59342414
v -0.54626459 0.56198442 -0.59019262
v -0.54626459 0.56984437 -0.58592409
v -0.54626459 0.57036066 -0.58556420
v -0.54626459 0.57770425 -0.57820469
v -0.54626459 0.57804680 -0.57770425
v -0.54626459 0.58172357 -0.56984437
v -0.54626459 0.58556420 -0.56553578
v -0.53840464 -0.59342414 -0.58722681
v -0.53840464 -0.58556420 -0.59032631
v -0.54330111 -0.57770425 -0.59342414
v -0.53840464 -0.57770425 -0.59337485
v -0.53840464 -0.56984437 -0.59506947
v -0.53840464 -0.57749301 -0.59342414
v -0.53840464 -0.56198442 -0.59586984
v -0.53840464 -0.55412453 -0.59620214
v -0.53840464 -0.54626459 -0.59633118
v -0.53840464 -0.53840464 -0.59636527
v -0.53840464 -0.53054476 -0.59639055
v -0.53840464 -0.52268481 -0.59640115
v -0.53840464 -0.51482493 -0.59638679
v -0.53840464 -0.50696498 -0.59635371
v -0.53840464 -0.49910507 -0.59629816
v -0.53840464 -0.49124515 -0.59626359
v -0.53840464 -0.48338521 -0.59626341
v -0.53840464 -0.47552529 -0.59626120
v -0.53840464 -0.46766537 -0.59624708
v -0.53840464 -0.45980546 -0.59621847
v -0.53840464 -0.45194551 -0.59618932
v -0.53840464 -0.44408560 -0.59614742
v -0.53840464 -0.43622568 -0.59611320
v -0.53840464 -0.42836577 -0.59608060
v -0.53840464 -0.42050582 -0.59605974
v -0.53840464 -0.41264591 -0.59601933
v -0.53840464 -0.40478599 -0.59597486
v -0.53840464 -0.39692608 -0.59594619
v -0.53840464 -0.38906616 -0.59595567
v -0.53840464 -0.38120621 -0.59596765
v -0.53840464 -0.37334630 -0.59595853
v -0.53840464 -0.36548638 -0.59595323
v -0.53840464 -0.35762647 -0.59594053
v -0.53840464 -0.34976652 -0.59592783
v -0.53840464 -0.34190661 -0.59590590
v -0.53840464 -0.33404669 -0.59588921
v -0.53840464 -0.32618678 -0.59587222
v -0.53840464 -0.31832686 -0.59586823
v -0.53840464 -0.31046692 -0.59585148
v -0.53840464 -0.30260700 -0.59585059
v -0.53840464 -0.29474708 -0.59583813
v -0.53840464 -0.28688717 -0.59583706
v -0.53840464 -0.27902722 -0.59582454
v -0.53840464 -0.27116731 -0.59581357
v -0.53840464 -0.26330739 -0.59579903
v -0.53840464 -0.25544748 -0.59578443
v -0.53840464 -0.24758755 -0.59575808
v -0.53840464 -0.23972763 -0.59573150
v -0.53840464 -0.23186770 -0.59570789
v -0.53840464 -0.22400779 -0.59565419
v -0.53840464 -0.21614785 -0.59560925
v -0.53840464 -0.20828794 -0.59554595
v -0.53840464 -0.20042801 -0.59547788
v -0.53840464 -0.19256809 -0.59549105
v -0.53840464 -0.18470818 -0.59552097
v -0.53840464 -0.17684825 -0.59556454
v -0.53840464 -0.16898833 -0.59560239
v -0.53840464 -0.16112840 -0.59562659
v -0.53840464 -0.15326849 -0.59565037
v -0.53840464 -0.14540856 -0.59568256
v -0.53840464 -0.13754864 -0.59570825
v -0.53840464 -0.12968871 -0.59574884
v -0.53840464 -0.12182879 -0.59578633
v -0.53840464 -0.11396887 -0.59582400
v -0.53840464 -0.10610895 -0.59584701
v -0.53840464 -0.09824903 -0.59587961
v -0.53840464 -0.09038910 -0.59591830
v -0.53840464 -0.08252918 -0.59596431
v -0.53840464 -0.07466926 -0.59600931
v -0.53840464 -0.06680934 -0.59605056
v -0.53840464 -0.05894941 -0.59608680
v -0.53840464 -0.05108950 -0.59611660
v -0.53840464 -0.04322957 -0.59614635
v -0.53840464 -0.03536965 -0.59616977
v -0.53840464 -0.02750973 -0.59620589
v -0.53840464 -0.01964981 -0.59622794
v -0.53840464 -0.01178988 -0.59625691
v -0.53840464 -0.00392996 -0.59627998
v -0.53840464 0.00392996 -0.59631950
v -0.53840464 0.01178988 -0.59635687
v -0.53840464 0.01964981 -0.59639072
v -0.53840464 0.02750973 -0.59643054
v -0.53840464 0.03536965 -0.59647185
v -0.53840464 0.04322957 -0.59650224
v -0.53840464 0.05108950 -0.59652781
v -0.53840464 0.05894941 -0.59654832
v -0.53840464 0.06680934 -0.59657699
v -0.53840464 0.07466926 -0.59660244
v -0.53840464 0.08252918 -0.59662062
v -0.53840464 0.09038910 -0.59664243
v -0.53840464 0.09824903 -0.59665239
v -0.53840464 0.10610895 -0.59666854
v -0.53840464 0.11396887 -0.59668732
v -0.53840464 0.12182879 -0.59670460
v -0.53840464 0.12968871 -0.59671164
v -0.53840464 0.13754864 -0.59671706
v -0.53840464 0.14540856 -0.59672147
v -0.53840464 0.15326849 -0.59672427
v -0.53840464 0.16112840 -0.59673500
v -0.53840464 0.16898833 -0.59673727
v -0.53840464 0.17684825 -0.59672147
v -0.53840464 0.18470818 -0.59666079
v -0.53840464 0.19256809 -0.59665614
v -0.53840464 0.20042801 -0.59676296
v -0.53840464 0.20828794 -0.59689516
v -0.53840464 0.21614785 -0.59699857
v -0.53840464 0.22400779 -0.59708053
v -0.53840464 0.23186770 -0.59715515
v -0.53840464 0.23972763 -0.59721297
v -0.53840464 0.24758755 -0.59726655
v -0.53840464 0.25544748 -0.59730691
v -0.53840464 0.26330739 -0.59735310
v -0.53840464 0.27116731 -0.59738493
v -0.53840464 0.27902722 -0.59741384
v -0.53840464 0.28688717 -0.59743041
v -0.53840464 0.29474708 -0.59745950
v -0.53840464 0.30260700 -0.59749234
v -0.53840464 0.31046692 -0.59753937
v -0.53840464 0.31832686 -0.59756780
v -0.53840464 0.32618678 -0.59759790
v -0.53840464 0.33404669 -0.59761477
v -0.53840464 0.34190661 -0.59761637
v -0.53840464 0.34976652 -0.59761250
v -0.53840464 0.35762647 -0.59760284
v -0.53840464 0.36548638 -0.59757525
v -0.53840464 0.37334630 -0.59756136
v -0.53840464 0.38120621 -0.59754831
v -0.53840464 0.38906616 -0.59756815
v -0.53840464 0.39692608 -0.59760332
v -0.53840464 0.40478599 -0.59765953
v -0.53840464 0.41264591 -0.59770471
v -0.53840464 0.42050582 -0.59773093
v -0.53840464 0.42836577 -0.59773028
v -0.53840464 0.43622568 -0.59773272
v -0.53840464 0.44408560 -0.59772855
v -0.53840464 0.45194551 -0.59772676
v -0.53840464 0.45980546 -0.59770644
v -0.53840464 0.46766537 -0.59765905
v -0.53840464 0.47552529 -0.59762871
v -0.53840464 0.48338521 -0.59762383
v -0.53840464 0.49124515 -0.59762043
v -0.53840464 0.49910507 -0.59760135
v -0.53840464 0.50696498 -0.59757411
v -0.53840464 0.51482493 -0.59747928
v -0.53840464 0.52268481 -0.59736156
v -0.53840464 0.53054476 -0.59718227
v -0.53840464 0.53840464 -0.59676600
v -0.53840464 0.54626459 -0.59573519
v -0.53840464 0.55412453 -0.59375995
v -0.53840464 0.55493283 -0.59342414
v -0.53840464 0.56198442 -0.59023297
v -0.53840464 0.56984437 -0.58600640
v -0.53840464 0.57048601 -0.58556420
v -0.53840464 0.57770425 -0.57833028
v -0.53840464 0.57813007 -0.57770425
v -0.53840464 0.58167732 -0.56984437
v -0.53840464 0.58556420 -0.56504816
v -0.53054476 -0.59342414 -0.58695769
v -0.53054476 -0.58556420 -0.59013498
v -0.53054476 -0.57770425 -0.59327459
v -0.53054476 -0.56984437 -0.59501463
v -0.53054476 -0.57707518 -0.59342414
v -0.53054476 -0.56198442 -0.59584165
v -0.53054476 -0.55412453 -0.59616148
v -0.53054476 -0.54626459 -0.59629399
v -0.53054476 -0.53840464 -0.59632272
v -0.53054476 -0.53054476 -0.59634244
v -0.53054476 -0.52268481 -0.59635133
v -0.53054476 -0.51482493 -0.59634757
v -0.53054476 -0.50696498 -0.59629923
v -0.53054476 -0.49910507 -0.59624177
v -0.53054476 -0.49124515 -0.59621149
v -0.53054476 -0.48338521 -0.59620869
v -0.53054476 -0.47552529 -0.59620923
v -0.53054476 -0.46766537 -0.59619254
v -0.53054476 -0.45980546 -0.59617007
v -0.53054476 -0.45194551 -0.59613323
v -0.53054476 -0.44408560 -0.59610170
v -0.53054476 -0.43622568 -0.59606761
v -0.53054476 -0.42836577 -0.59602714
v -0.53054476 -0.42050582 -0.59600353
v -0.53054476 -0.41264591 -0.59596819
v -0.53054476 -0.40478599 -0.59592348
v -0.53054476 -0.39692608 -0.59588867
v -0.53054476 -0.38906616 -0.59589809
v -0.53054476 -0.38120621 -0.59590906
v -0.53054476 -0.37334630 -0.59590632
v -0.53054476 -0.36548638 -0.59590375
v -0.53054476 -0.35762647 -0.59588170
v -0.53054476 -0.34976652 -0.59587038
v -0.53054476 -0.34190661 -0.59585416
v -0.53054476 -0.33404669 -0.59583837
v -0.53054476 -0.32618678 -0.59582406
v -0.53054476 -0.31832686 -0.59580815
v -0.53054476 -0.31046692 -0.59580630
v -0.53054476 -0.30260700 -0.59580517
v -0.53054476 -0.29474708 -0.59579271
v -0.53054476 -0.28688717 -0.59579235
v -0.53054476 -0.27902722 -0.59577882
v -0.53054476 -0.27116731 -0.59577608
v -0.53054476 -0.26330739 -0.59575832
v -0.53054476 -0.25544748 -0.59574550
v -0.53054476 -0.24758755 -0.59572303
v -0.53054476 -0.23972763 -0.59569347
v -0.53054476 -0.23186770 -0.59566146
v -0.53054476 -0.22400779 -0.59561849
v -0.53054476 -0.21614785 -0.59557486
v -0.53054476 -0.20828794 -0.59551132
v -0.53054476 -0.20042801 -0.59544021
v -0.53054476 -0.19256809 -0.59545320
v -0.53054476 -0.18470818 -0.59548432
v -0.53054476 -0.17684825 -0.59552491
v -0.53054476 -0.16898833 -0.59556347
v -0.53054476 -0.16112840 -0.59559035
v -0.53054476 -0.15326849 -0.59561789
v -0.53054476 -0.14540856 -0.59564954
v -0.53054476 -0.13754864 -0.59567422
v -0.53054476 -0.12968871 -0.59571606
v -0.53054476 -0.12182879 -0.59575480
v -0.53054476 -0.11396887 -0.59578228
v -0.53054476 -0.10610895 -0.59581727
v -0.53054476 -0.09824903 -0.59584999
v -0.53054476 -0.09038910 -0.59588444
v -0.53054476 -0.08252918 -0.59593064
v -0.53054476 -0.07466926 -0.59597820
v -0.53054476 -0.06680934 -0.59601951
v -0.53054476 -0.05894941 -0.59605706
v -0.53054476 -0.05108950 -0.59608430
v -0.53054476 -0.04322957 -0.59611797
v -0.53054476 -0.03536965 -0.59614515
v -0.53054476 -0.02750973 -0.59617889
v -0.53054476 -0.01964981 -0.59620351
v -0.53054476 -0.01178988 -0.59623665
v -0.53054476 -0.00392996 -0.59626114
v -0.53054476 0.00392996 -0.59629303
v -0.53054476 0.01178988 -0.59632885
v -0.53054476 0.01964981 -0.59636241
v -0.53054476 0.02750973 -0.59640336
v -0.53054476 0.03536965 -0.59644091
v -0.53054476 0.04322957 -0.59647256
v -0.53054476 0.05108950 -0.59649622
v -0.53054476 0.05894941 -0.59651881
v -0.53054476 0.06680934 -0.59654748
v -0.53054476 0.07466926 -0.59657043
v -0.53054476 0.08252918 -0.59659404
v -0.53054476 0.09038910 -0.59660524
v -0.53054476 0.09824903 -0.59662259
v -0.53054476 0.10610895 -0.59664255
v -0.53054476 0.11396887 -0.59665895
v -0.53054476 0.12182879 -0.59666747
v -0.53054476 0.12968871 -0.59668368
v -0.53054476 0.13754864 -0.59668183
v -0.53054476 0.14540856 -0.59668219
v -0.53054476 0.15326849 -0.59669483
v -0.53054476 0.16112840 -0.59669989
v -0.53054476 0.16898833 -0.59670895
v -0.53054476 0.17684825 -0.59669596
v -0.53054476 0.18470818 -0.59663999
v -0.53054476 0.19256809 -0.59662747
v -0.53054476 0.20042801 -0.59675145
v -0.53054476 0.20828794 -0.59687322
v -0.53054476 0.21614785 -0.59697342
v -0.53054476 0.22400779 -0.59706312
v -0.53054476 0.23186770 -0.59713280
v -0.53054476 0.23972763 -0.59718692
v -0.53054476 0.24758755 -0.59723705
v -0.53054476 0.25544748 -0.59728527
v -0.53054476 0.26330739 -0.59732985
v -0.53054476 0.27116731 -0.59736085
v -0.53054476 0.27902722 -0.59738994
v -0.53054476 0.28688717 -0.59741229
v -0.53054476 0.29474708 -0.59744340
v -0.53054476 0.30260700 -0.59748250
v -0.53054476 0.31046692 -0.59751904
v -0.53054476 0.31832686 -0.59756112
v -0.53054476 0.32618678 -0.59758365
v -0.53054476 0.33404669 -0.59759855
v -0.53054476 0.34190661 -0.59759337
v -0.53054476 0.34976652 -0.59759146
v -0.53054476 0.35762647 -0.59757859
v -0.53054476 0.36548638 -0.59755290
v -0.53054476 0.37334630 -0.59752786
v -0.53054476 0.38120621 -0.59752357
v -0.53054476 0.38906616 -0.59753811
v -0.53054476 0.39692608 -0.59757578
v -0.53054476 0.40478599 -0.59763449
v -0.53054476 0.41264591 -0.59767377
v -0.53054476 0.42050582 -0.59770048
v -0.53054476 0.42836577 -0.59771627
v -0.53054476 0.43622568 -0.59770679
v -0.53054476 0.44408560 -0.59770608
v -0.53054476 0.45194551 -0.59770048
v -0.53054476 0.45980546 -0.59768009
v -0.53054476 0.46766537 -0.59762204
v -0.53054476 0.47552529 -0.59759611
v -0.53054476 0.48338521 -0.59759176
v -0.53054476 0.49124515 -0.59757721
v -0.53054476 0.49910507 -0.59755808
v -0.53054476 0.50696498 -0.59752363
v -0.53054476 0.51482493 -0.59743077
v -0.53054476 0.52268481 -0.59731281
v -0.53054476 0.53054476 -0.59713268
v -0.53054476 0.53840464 -0.59671444
v -0.53054476 0.54626459 -0.59566873
v -0.53054476 0.55412453 -0.59370857
v -0.53054476 0.55480886 -0.59342414
v -0.53054476 0.56198442 -0.59020227
v -0.53054476 0.56984437 -0.58603674
v -0.53054476 0.57053256 -0.58556420
v -0.53054476 0.57770425 -0.57844716
v -0.53054476 0.57821292 -0.57770425
v -0.53054476 0.58171076 -0.56984437
v -0.53054476 0.58556420 -0.56476873
v -0.52268481 -0.59342414 -0.58666700
v -0.52268481 -0.58556420 -0.58991343
v -0.52268481 -0.57770425 -0.59316355
v -0.52268481 -0.56984437 -0.59495598
v -0.52268481 -0.57663071 -0.59342414
v -0.52268481 -0.56198442 -0.59579241
v -0.52268481 -0.55412453 -0.59613693
v -0.52268481 -0.54626459 -0.59627241
v -0.52268481 -0.53840464 -0.59630346
v -0.52268481 -0.53054476 -0.59632599
v -0.52268481 -0.52268481 -0.59633428
v -0.52268481 -0.51482493 -0.59631205
v -0.52268481 -0.50696498 -0.59627408
v -0.52268481 -0.49910507 -0.59620744
v -0.52268481 -0.49124515 -0.59617352
v -0.52268481 -0.48338521 -0.59616959
v -0.52268481 -0.47552529 -0.59617376
v -0.52268481 -0.46766537 -0.59616238
v -0.52268481 -0.45980546 -0.59613079
v -0.52268481 -0.45194551 -0.59609914
v -0.52268481 -0.44408560 -0.59605980
v -0.52268481 -0.43622568 -0.59602451
v -0.52268481 -0.42836577 -0.59598929
v -0.52268481 -0.42050582 -0.59596425
v -0.52268481 -0.41264591 -0.59592885
v -0.52268481 -0.40478599 -0.59588033
v -0.52268481 -0.39692608 -0.59584540
v -0.52268481 -0.38906616 -0.59584588
v -0.52268481 -0.38120621 -0.59586447
v -0.52268481 -0.37334630 -0.59586060
v -0.52268481 -0.36548638 -0.59585655
v -0.52268481 -0.35762647 -0.59584391
v -0.52268481 -0.34976652 -0.59583133
v -0.52268481 -0.34190661 -0.59582150
v -0.52268481 -0.33404669 -0.59579611
v -0.52268481 -0.32618678 -0.59578115
v -0.52268481 -0.31832686 -0.59576970
v -0.52268481 -0.31046692 -0.59575778
v -0.52268481 -0.30260700 -0.59575570
v -0.52268481 -0.29474708 -0.59575158
v -0.52268481 -0.28688717 -0.59574705
v -0.52268481 -0.27902722 -0.59574157
v -0.52268481 -0.27116731 -0.59573543
v -0.52268481 -0.26330739 -0.59572440
v -0.52268481 -0.25544748 -0.59571385
v -0.52268481 -0.24758755 -0.59569097
v -0.52268481 -0.23972763 -0.59566981
v -0.52268481 -0.23186770 -0.59564501
v -0.52268481 -0.22400779 -0.59559864
v -0.52268481 -0.21614785 -0.59554750
v -0.52268481 -0.20828794 -0.59548426
v -0.52268481 -0.20042801 -0.59542513
v -0.52268481 -0.19256809 -0.59542096
v -0.52268481 -0.18470818 -0.59546131
v -0.52268481 -0.17684825 -0.59549767
v -0.52268481 -0.16898833 -0.59553623
v -0.52268481 -0.16112840 -0.59557128
v -0.52268481 -0.15326849 -0.59559530
v -0.52268481 -0.14540856 -0.59562737
v -0.52268481 -0.13754864 -0.59565288
v -0.52268481 -0.12968871 -0.59569114
v -0.52268481 -0.12182879 -0.59572542
v -0.52268481 -0.11396887 -0.59576136
v -0.52268481 -0.10610895 -0.59579140
v -0.52268481 -0.09824903 -0.59582245
v -0.52268481 -0.09038910 -0.59585863
v -0.52268481 -0.08252918 -0.59591109
v -0.52268481 -0.07466926 -0.59595746
v -0.52268481 -0.06680934 -0.59600008
v -0.52268481 -0.05894941 -0.59603888
v -0.52268481 -0.05108950 -0.59606618
v -0.52268481 -0.04322957 -0.59609348
v -0.52268481 -0.03536965 -0.59612584
v -0.52268481 -0.02750973 -0.59615844
v -0.52268481 -0.01964981 -0.59619468
v -0.52268481 -0.01178988 -0.59621751
v -0.52268481 -0.00392996 -0.59624022
v -0.52268481 0.00392996 -0.59628421
v -0.52268481 0.01178988 -0.59631807
v -0.52268481 0.01964981 -0.59636045
v -0.52268481 0.02750973 -0.59639853
v -0.52268481 0.03536965 -0.59643674
v -0.52268481 0.04322957 -0.59646845
v -0.52268481 0.05108950 -0.59648722
v -0.52268481 0.05894941 -0.59650975
v -0.52268481 0.06680934 -0.59654093
v -0.52268481 0.07466926 -0.59656382
v -0.52268481 0.08252918 -0.59658128
v -0.52268481 0.09038910 -0.59659636
v -0.52268481 0.09824903 -0.59661299
v -0.52268481 0.10610895 -0.59662932
v -0.52268481 0.11396887 -0.59664583
v -0.52268481 0.12182879 -0.59665829
v -0.52268481 0.12968871 -0.59667075
v -0.52268481 0.13754864 -0.59667099
v -0.52268481 0.14540856 -0.59666848
v -0.52268481 0.15326849 -0.59667706
v -0.52268481 0.16112840 -0.59669006
v -0.52268481 0.16898833 -0.59669697
v -0.52268481 0.17684825 -0.59668446
v -0.52268481 0.18470818 -0.59662616
v -0.52268481 0.19256809 -0.59662157
v -0.52268481 0.20042801 -0.59673834
v -0.52268481 0.20828794 -0.59686160
v -0.52268481 0.21614785 -0.59697056
v -0.52268481 0.22400779 -0.59705997
v -0.52268481 0.23186770 -0.59712905
v -0.52268481 0.23972763 -0.59718537
v -0.52268481 0.24758755 -0.59723669
v -0.52268481 0.25544748 -0.59728318
v -0.52268481 0.26330739 -0.59732980
v -0.52268481 0.27116731 -0.59736478
v -0.52268481 0.27902722 -0.59739196
v -0.52268481 0.28688717 -0.59741139
v -0.52268481 0.29474708 -0.59744078
v -0.52268481 0.30260700 -0.59747684
v -0.52268481 0.31046692 -0.59752136
v -0.52268481 0.31832686 -0.59755850
v -0.52268481 0.32618678 -0.59758699
v -0.52268481 0.33404669 -0.59759623
v -0.52268481 0.34190661 -0.59760052
v -0.52268481 0.34976652 -0.59758592
v -0.52268481 0.35762647 -0.59757590
v -0.52268481 0.36548638 -0.59755141
v -0.52268481 0.37334630 -0.59752923
v -0.52268481 0.38120621 -0.59752202
v -0.52268481 0.38906616 -0.59753472
v -0.52268481 0.39692608 -0.59757519
v -0.52268481 0.40478599 -0.59763509
v -0.52268481 0.41264591 -0.59768140
v -0.52268481 0.42050582 -0.59770256
v -0.52268481 0.42836577 -0.59770852
v -0.52268481 0.43622568 -0.59770536
v -0.52268481 0.44408560 -0.59770185
v -0.52268481 0.45194551 -0.59769088
v -0.52268481 0.45980546 -0.59766549
v -0.52268481 0.46766537 -0.59761429
v -0.52268481 0.47552529 -0.59758186
v -0.52268481 0.48338521 -0.59757566
v -0.52268481 0.49124515 -0.59755892
v -0.52268481 0.49910507 -0.59754598
v -0.52268481 0.50696498 -0.59750175
v -0.52268481 0.51482493 -0.59740919
v -0.52268481 0.52268481 -0.59727782
v -0.52268481 0.53054476 -0.59708738
v -0.52268481 0.53840464 -0.59665900
v -0.52268481 0.54626459 -0.59560901
v -0.52268481 0.55412453 -0.59364653
v -0.52268481 0.55465823 -0.59342414
v -0.52268481 0.56198442 -0.59014899
v -0.52268481 0.56984437 -0.58603263
v -0.52268481 0.57053119 -0.58556420
v -0.52268481 0.57770425 -0.57853127
v -0.52268481 0.57827312 -0.57770425
v -0.52268481 0.58176184 -0.56984437
v -0.52268481 0.58556420 -0.56471908
v -0.51482493 -0.59342414 -0.58636880
v -0.51482493 -0.58556420 -0.58966303
v -0.51482493 -0.57770425 -0.59298962
v -0.51482493 -0.56984437 -0.59484863
v -0.51482493 -0.57595509 -0.59342414
v -0.51482493 -0.56198442 -0.59572351
v -0.51482493 -0.55412453 -0.59608722
v -0.51482493 -0.54626459 -0.59623259
v -0.51482493 -0.53840464 -0.59627002
v -0.51482493 -0.53054476 -0.59628546
v -0.51482493 -0.52268481 -0.59628689
v -0.51482493 -0.51482493 -0.59627479
v -0.51482493 -0.50696498 -0.59622687
v -0.51482493 -0.49910507 -0.59614867
v -0.51482493 -0.49124515 -0.59612113
v -0.51482493 -0.48338521 -0.59612375
v -0.51482493 -0.47552529 -0.59612793
v -0.51482493 -0.46766537 -0.59610707
v -0.51482493 -0.45980546 -0.59608215
v -0.51482493 -0.45194551 -0.59604800
v -0.51482493 -0.44408560 -0.59600753
v -0.51482493 -0.43622568 -0.59597498
v -0.51482493 -0.42836577 -0.59593719
v -0.51482493 -0.42050582 -0.59590971
v -0.51482493 -0.41264591 -0.59587151
v -0.51482493 -0.40478599 -0.59581780
v -0.51482493 -0.39692608 -0.59578151
v -0.51482493 -0.38906616 -0.59578896
v -0.51482493 -0.38120621 -0.59580761
v -0.51482493 -0.37334630 -0.59580982
v -0.51482493 -0.36548638 -0.59580493
v -0.51482493 -0.35762647 -0.59580040
v -0.51482493 -0.34976652 -0.59578133
v -0.51482493 -0.34190661 -0.59576273
v -0.51482493 -0.33404669 -0.59574336
v -0.51482493 -0.32618678 -0.59573632
v -0.51482493 -0.31832686 -0.59572446
v -0.51482493 -0.31046692 -0.59571630
v -0.51482493 -0.30260700 -0.59571350
v -0.51482493 -0.29474708 -0.59570789
v -0.51482493 -0.28688717 -0.59570467
v -0.51482493 -0.27902722 -0.59570330
v -0.51482493 -0.27116731 -0.59569424
v -0.51482493 -0.26330739 -0.59569013
v -0.51482493 -0.25544748 -0.59567761
v -0.51482493 -0.24758755 -0.59565783
v -0.51482493 -0.23972763 -0.59563732
v -0.51482493 -0.23186770 -0.59560806
v -0.51482493 -0.22400779 -0.59557343
v -0.51482493 -0.21614785 -0.59552872
v -0.51482493 -0.20828794 -0.59545726
v -0.51482493 -0.20042801 -0.59539181
v -0.51482493 -0.19256809 -0.59539449
v -0.51482493 -0.18470818 -0.59542471
v -0.51482493 -0.17684825 -0.59547430
v -0.51482493 -0.16898833 -0.59551322
v -0.51482493 -0.16112840 -0.59554935
v -0.51482493 -0.15326849 -0.59557587
v -0.51482493 -0.14540856 -0.59559315
v -0.51482493 -0.13754864 -0.59562552
v -0.51482493 -0.12968871 -0.59566677
v -0.51482493 -0.12182879 -0.59570378
v -0.51482493 -0.11396887 -0.59573674
v -0.51482493 -0.10610895 -0.59576762
v -0.51482493 -0.09824903 -0.59579730
v -0.51482493 -0.09038910 -0.59583932
v -0.51482493 -0.08252918 -0.59587914
v -0.51482493 -0.07466926 -0.59593046
v -0.51482493 -0.06680934 -0.59597164
v -0.51482493 -0.05894941 -0.59601295
v -0.51482493 -0.05108950 -0.59604800
v -0.51482493 -0.04322957 -0.59607786
v -0.51482493 -0.03536965 -0.59610254
v -0.51482493 -0.02750973 -0.59613347
v -0.51482493 -0.01964981 -0.59617770
v -0.51482493 -0.01178988 -0.59620440
v -0.51482493 -0.00392996 -0.59623915
v -0.51482493 0.00392996 -0.59627104
v -0.51482493 0.01178988 -0.59630847
v -0.51482493 0.01964981 -0.59635174
v -0.51482493 0.02750973 -0.59639513
v -0.51482493 0.03536965 -0.59642625
v -0.51482493 0.04322957 -0.59646243
v -0.51482493 0.05108950 -0.59648335
v -0.51482493 0.05894941 -0.59650481
v -0.51482493 0.06680934 -0.59653199
v -0.51482493 0.07466926 -0.59655452
v -0.51482493 0.08252918 -0.59657353
v -0.51482493 0.09038910 -0.59659010
v -0.51482493 0.09824903 -0.59660870
v -0.51482493 0.10610895 -0.59662157
v -0.51482493 0.11396887 -0.59664243
v -0.51482493 0.12182879 -0.59665918
v -0.51482493 0.12968871 -0.59666699
v -0.51482493 0.13754864 -0.59667403
v -0.51482493 0.14540856 -0.59666985
v -0.51482493 0.15326849 -0.59667677
v -0.51482493 0.16112840 -0.59669304
v -0.51482493 0.16898833 -0.59669256
v -0.51482493 0.17684825 -0.59668398
v -0.51482493 0.18470818 -0.59662646
v -0.51482493 0.19256809 -0.59662384
v -0.51482493 0.20042801 -0.59673804
v -0.51482493 0.20828794 -0.59686649
v -0.51482493 0.21614785 -0.59697592
v -0.51482493 0.22400779 -0.59706283
v -0.51482493 0.23186770 -0.59713012
v -0.51482493 0.23972763 -0.59718156
v -0.51482493 0.24758755 -0.59723181
v -0.51482493 0.25544748 -0.59728026
v -0.51482493 0.26330739 -0.59732687
v -0.51482493 0.27116731 -0.59735507
v -0.51482493 0.27902722 -0.59738714
v -0.51482493 0.28688717 -0.59740669
v -0.51482493 0.29474708 -0.59743291
v -0.51482493 0.30260700 -0.59747273
v -0.51482493 0.31046692 -0.59752631
v -0.51482493 0.31832686 -0.59755540
v -0.51482493 0.32618678 -0.59758538
v -0.51482493 0.33404669 -0.59759599
v -0.51482493 0.34190661 -0.59759694
v -0.51482493 0.34976652 -0.59758329
v -0.51482493 0.35762647 -0.59757042
v -0.51482493 0.36548638 -0.59754235
v -0.51482493 0.37334630 -0.59752446
v -0.51482493 0.38120621 -0.59751725
v -0.51482493 0.38906616 -0.59753013
v -0.51482493 0.39692608 -0.59757233
v -0.51482493 0.40478599 -0.59763193
v -0.51482493 0.41264591 -0.59767473
v -0.51482493 0.42050582 -0.59770751
v -0.51482493 0.42836577 -0.59770781
v -0.51482493 0.43622568 -0.59770608
v -0.51482493 0.44408560 -0.59770358
v -0.51482493 0.45194551 -0.59770012
v -0.51482493 0.45980546 -0.59765995
v -0.51482493 0.46766537 -0.59760988
v -0.51482493 0.47552529 -0.59757304
v -0.51482493 0.48338521 -0.59756398
v -0.51482493 0.49124515 -0.59754831
v -0.51482493 0.49910507 -0.59752864
v -0.51482493 0.50696498 -0.59749514
v -0.51482493 0.51482493 -0.59740436
v -0.51482493 0.52268481 -0.59727591
v -0.51482493 0.53054476 -0.59708160
v -0.51482493 0.53840464 -0.59664971
v -0.51482493 0.54626459 -0.59558946
v -0.51482493 0.55412453 -0.59362561
v -0.51482493 0.55461299 -0.59342414
v -0.51482493 0.56198442 -0.59017152
v -0.51482493 0.56984437 -0.58607447
v -0.51482493 0.57058769 -0.58556420
v -0.51482493 0.57770425 -0.57859033
v -0.51482493 0.57831460 -0.57770425
v -0.51482493 0.58184558 -0.56984437
v -0.51482493 0.58556420 -0.56486970
v -0.50696498 -0.59342414 -0.58611125
v -0.50696498 -0.58556420 -0.58942705
v -0.50696498 -0.57770425 -0.59281415
v -0.50696498 -0.56984437 -0.59473217
v -0.50696498 -0.57530230 -0.59342414
v -0.50696498 -0.56198442 -0.59564507
v -0.50696498 -0.55412453 -0.59603143
v -0.50696498 -0.54626459 -0.59617406
v -0.50696498 -0.53840464 -0.59621584
v -0.50696498 -0.53054476 -0.59622449
v -0.50696498 -0.52268481 -0.59623206
v -0.50696498 -0.51482493 -0.59621996
v -0.50696498 -0.50696498 -0.59616274
v -0.50696498 -0.49910507 -0.59609115
v -0.50696498 -0.49124515 -0.59605849
v -0.50696498 -0.48338521 -0.59606236
v -0.50696498 -0.47552529 -0.59606636
v -0.50696498 -0.46766537 -0.59605324
v -0.50696498 -0.45980546 -0.59602708
v -0.50696498 -0.45194551 -0.59599042
v -0.50696498 -0.44408560 -0.59594643
v -0.50696498 -0.43622568 -0.59591526
v -0.50696498 -0.42836577 -0.59588253
v -0.50696498 -0.42050582 -0.59584981
v -0.50696498 -0.41264591 -0.59581965
v -0.50696498 -0.40478599 -0.59576213
v -0.50696498 -0.39692608 -0.59572387
v -0.50696498 -0.38906616 -0.59573197
v -0.50696498 -0.38120621 -0.59575212
v -0.50696498 -0.37334630 -0.59576750
v -0.50696498 -0.36548638 -0.59576011
v -0.50696498 -0.35762647 -0.59575164
v -0.50696498 -0.34976652 -0.59573632
v -0.50696498 -0.34190661 -0.59572309
v -0.50696498 -0.33404669 -0.59571177
v -0.50696498 -0.32618678 -0.59568995
v -0.50696498 -0.31832686 -0.59569383
v -0.50696498 -0.31046692 -0.59568995
v -0.50696498 -0.30260700 -0.59567755
v -0.50696498 -0.29474708 -0.59567809
v -0.50696498 -0.28688717 -0.59567040
v -0.50696498 -0.27902722 -0.59567010
v -0.50696498 -0.27116731 -0.59566563
v -0.50696498 -0.26330739 -0.59565926
v -0.50696498 -0.25544748 -0.59564930
v -0.50696498 -0.24758755 -0.59564096
v -0.50696498 -0.23972763 -0.59562290
v -0.50696498 -0.23186770 -0.59559780
v -0.50696498 -0.22400779 -0.59555924
v -0.50696498 -0.21614785 -0.59551531
v -0.50696498 -0.20828794 -0.59543753
v -0.50696498 -0.20042801 -0.59537607
v -0.50696498 -0.19256809 -0.59538007
v -0.50696498 -0.18470818 -0.59540665
v -0.50696498 -0.17684825 -0.59545338
v -0.50696498 -0.16898833 -0.59549844
v -0.50696498 -0.16112840 -0.59552747
v -0.50696498 -0.15326849 -0.59555399
v -0.50696498 -0.14540856 -0.59557903
v -0.50696498 -0.13754864 -0.59561068
v -0.50696498 -0.12968871 -0.59564579
v -0.50696498 -0.12182879 -0.59568721
v -0.50696498 -0.11396887 -0.59572089
v -0.50696498 -0.10610895 -0.59574676
v -0.50696498 -0.09824903 -0.59577441
v -0.50696498 -0.09038910 -0.59582162
v -0.50696498 -0.08252918 -0.59586662
v -0.50696498 -0.07466926 -0.59590602
v -0.50696498 -0.06680934 -0.59595871
v -0.50696498 -0.05894941 -0.59598440
v -0.50696498 -0.05108950 -0.59602594
v -0.50696498 -0.04322957 -0.59605962
v -0.50696498 -0.03536965 -0.59608299
v -0.50696498 -0.02750973 -0.59612179
v -0.50696498 -0.01964981 -0.59616065
v -0.50696498 -0.01178988 -0.59619004
v -0.50696498 -0.00392996 -0.59621453
v -0.50696498 0.00392996 -0.59624755
v -0.50696498 0.01178988 -0.59629792
v -0.50696498 0.01964981 -0.59633940
v -0.50696498 0.02750973 -0.59638107
v -0.50696498 0.03536965 -0.59641671
v -0.50696498 0.04322957 -0.59644806
v -0.50696498 0.05108950 -0.59647286
v -0.50696498 0.05894941 -0.59649163
v -0.50696498 0.06680934 -0.59651858
v -0.50696498 0.07466926 -0.59654409
v -0.50696498 0.08252918 -0.59656811
v -0.50696498 0.09038910 -0.59658772
v -0.50696498 0.09824903 -0.59659737
v -0.50696498 0.10610895 -0.59661716
v -0.50696498 0.11396887 -0.59664297
v -0.50696498 0.12182879 -0.59665394
v -0.50696498 0.12968871 -0.59665853
v -0.50696498 0.13754864 -0.59666657
v -0.50696498 0.14540856 -0.59666473
v -0.50696498 0.15326849 -0.59667093
v -0.50696498 0.16112840 -0.59667832
v -0.50696498 0.16898833 -0.59668964
v -0.50696498 0.17684825 -0.59667212
v -0.50696498 0.18470818 -0.59661722
v -0.50696498 0.19256809 -0.59661144
v -0.50696498 0.20042801 -0.59672683
v -0.50696498 0.20828794 -0.59685236
v -0.50696498 0.21614785 -0.59696394
v -0.50696498 0.22400779 -0.59704745
v -0.50696498 0.23186770 -0.59711736
v -0.50696498 0.23972763 -0.59716976
v -0.50696498 0.24758755 -0.59722245
v -0.50696498 0.25544748 -0.59726387
v -0.50696498 0.26330739 -0.59730166
v -0.50696498 0.27116731 -0.59733468
v -0.50696498 0.27902722 -0.59736574
v -0.50696498 0.28688717 -0.59738034
v -0.50696498 0.29474708 -0.59741443
v -0.50696498 0.30260700 -0.59744740
v -0.50696498 0.31046692 -0.59749949
v -0.50696498 0.31832686 -0.59753585
v -0.50696498 0.32618678 -0.59755623
v -0.50696498 0.33404669 -0.59756500
v -0.50696498 0.34190661 -0.59756970
v -0.50696498 0.34976652 -0.59756237
v -0.50696498 0.35762647 -0.59754181
v -0.50696498 0.36548638 -0.59751588
v -0.50696498 0.37334630 -0.59749585
v -0.50696498 0.38120621 -0.59748340
v -0.50696498 0.38906616 -0.59750038
v -0.50696498 0.39692608 -0.59754086
v -0.50696498 0.40478599 -0.59760487
v -0.50696498 0.41264591 -0.59765011
v -0.50696498 0.42050582 -0.59767556
v -0.50696498 0.42836577 -0.59768850
v -0.50696498 0.43622568 -0.59768879
v -0.50696498 0.44408560 -0.59767920
v -0.50696498 0.45194551 -0.59766877
v -0.50696498 0.45980546 -0.59763807
v -0.50696498 0.46766537 -0.59757954
v -0.50696498 0.47552529 -0.59753752
v -0.50696498 0.48338521 -0.59753227
v -0.50696498 0.49124515 -0.59751672
v -0.50696498 0.49910507 -0.59751058
v -0.50696498 0.50696498 -0.59746945
v -0.50696498 0.51482493 -0.59738445
v -0.50696498 0.52268481 -0.59726441
v -0.50696498 0.53054476 -0.59707230
v -0.50696498 0.53840464 -0.59665036
v -0.50696498 0.54626459 -0.59561229
v -0.50696498 0.55412453 -0.59365922
v -0.50696498 0.55470186 -0.59342414
v -0.50696498 0.56198442 -0.59025097
v -0.50696498 0.56984437 -0.58616537
v -0.50696498 0.57071960 -0.58556420
v -0.50696498 0.57770425 -0.57863522
v -0.50696498 0.57833898 -0.57770425
v -0.50696498 0.58191681 -0.56984437
v -0.50696498 0.58556420 -0.56510484
v -0.49910507 -0.59342414 -0.58588207
v -0.49910507 -0.58556420 -0.58919877
v -0.49910507 -0.57770425 -0.59265286
v -0.49910507 -0.56984437 -0.59461492
v -0.49910507 -0.57471639 -0.59342414
v -0.49910507 -0.56198442 -0.59556013
v -0.49910507 -0.55412453 -0.59594893
v -0.49910507 -0.54626459 -0.59610903
v -0.49910507 -0.53840464 -0.59615052
v -0.49910507 -0.53054476 -0.59616131
v -0.49910507 -0.52268481 -0.59616321
v -0.49910507 -0.51482493 -0.59614944
v -0.49910507 -0.50696498 -0.59609503
v -0.49910507 -0.49910507 -0.59601665
v -0.49910507 -0.49124515 -0.59598786
v -0.49910507 -0.48338521 -0.59599578
v -0.49910507 -0.47552529 -0.59599835
v -0.49910507 -0.46766537 -0.59598511
v -0.49910507 -0.45980546 -0.59596419
v -0.49910507 -0.45194551 -0.59592378
v -0.49910507 -0.44408560 -0.59589148
v -0.49910507 -0.43622568 -0.59585547
v -0.49910507 -0.42836577 -0.59582150
v -0.49910507 -0.42050582 -0.59578776
v -0.49910507 -0.41264591 -0.59576803
v -0.49910507 -0.40478599 -0.59570569
v -0.49910507 -0.39692608 -0.59566563
v -0.49910507 -0.38906616 -0.59567988
v -0.49910507 -0.38120621 -0.59570843
v -0.49910507 -0.37334630 -0.59572375
v -0.49910507 -0.36548638 -0.59571731
v -0.49910507 -0.35762647 -0.59570944
v -0.49910507 -0.34976652 -0.59569716
v -0.49910507 -0.34190661 -0.59568250
v -0.49910507 -0.33404669 -0.59567565
v -0.49910507 -0.32618678 -0.59566897
v -0.49910507 -0.31832686 -0.59566426
v -0.49910507 -0.31046692 -0.59565520
v -0.49910507 -0.30260700 -0.59565580
v -0.49910507 -0.29474708 -0.59564281
v -0.49910507 -0.28688717 -0.59565079
v -0.49910507 -0.27902722 -0.59565187
v -0.49910507 -0.27116731 -0.59564739
v -0.49910507 -0.26330739 -0.59565347
v -0.49910507 -0.25544748 -0.59564483
v -0.49910507 -0.24758755 -0.59563482
v -0.49910507 -0.23972763 -0.59561402
v -0.49910507 -0.23186770 -0.59559107
v -0.49910507 -0.22400779 -0.59555537
v -0.49910507 -0.21614785 -0.59550321
v -0.49910507 -0.20828794 -0.59543419
v -0.49910507 -0.20042801 -0.59536803
v -0.49910507 -0.19256809 -0.59537107
v -0.49910507 -0.18470818 -0.59540707
v -0.49910507 -0.17684825 -0.59544927
v -0.49910507 -0.16898833 -0.59549028
v -0.49910507 -0.16112840 -0.59552050
v -0.49910507 -0.15326849 -0.59555191
v -0.49910507 -0.14540856 -0.59556913
v -0.49910507 -0.13754864 -0.59560573
v -0.49910507 -0.12968871 -0.59564143
v -0.49910507 -0.12182879 -0.59567976
v -0.49910507 -0.11396887 -0.59570915
v -0.49910507 -0.10610895 -0.59574109
v -0.49910507 -0.09824903 -0.59577054
v -0.49910507 -0.09038910 -0.59580654
v -0.49910507 -0.08252918 -0.59584868
v -0.49910507 -0.07466926 -0.59590232
v -0.49910507 -0.06680934 -0.59594202
v -0.49910507 -0.05894941 -0.59598970
v -0.49910507 -0.05108950 -0.59601820
v -0.49910507 -0.04322957 -0.59604281
v -0.49910507 -0.03536965 -0.59606999
v -0.49910507 -0.02750973 -0.59611011
v -0.49910507 -0.01964981 -0.59614891
v -0.49910507 -0.01178988 -0.59617966
v -0.49910507 -0.00392996 -0.59620786
v -0.49910507 0.00392996 -0.59623951
v -0.49910507 0.01178988 -0.59628350
v -0.49910507 0.01964981 -0.59632236
v -0.49910507 0.02750973 -0.59636575
v -0.49910507 0.03536965 -0.59639943
v -0.49910507 0.04322957 -0.59642929
v -0.49910507 0.05108950 -0.59644926
v -0.49910507 0.05894941 -0.59647936
v -0.49910507 0.06680934 -0.59650880
v -0.49910507 0.07466926 -0.59652644
v -0.49910507 0.08252918 -0.59655076
v -0.49910507 0.09038910 -0.59655654
v -0.49910507 0.09824903 -0.59657353
v -0.49910507 0.10610895 -0.59659314
v -0.49910507 0.11396887 -0.59661180
v -0.49910507 0.12182879 -0.59662920
v -0.49910507 0.12968871 -0.59664613
v -0.49910507 0.13754864 -0.59664053
v -0.49910507 0.14540856 -0.59664375
v -0.49910507 0.15326849 -0.59664536
v -0.49910507 0.16112840 -0.59665018
v -0.49910507 0.16898833 -0.59665918
v -0.49910507 0.17684825 -0.59664810
v -0.49910507 0.18470818 -0.59658784
v -0.49910507 0.19256809 -0.59658271
v -0.49910507 0.20042801 -0.59669846
v -0.49910507 0.20828794 -0.59682333
v -0.49910507 0.21614785 -0.59693271
v -0.49910507 0.22400779 -0.59702665
v -0.49910507 0.23186770 -0.59708339
v -0.49910507 0.23972763 -0.59713811
v -0.49910507 0.24758755 -0.59718591
v -0.49910507 0.25544748 -0.59723020
v -0.49910507 0.26330739 -0.59727156
v -0.49910507 0.27116731 -0.59730077
v -0.49910507 0.27902722 -0.59732300
v -0.49910507 0.28688717 -0.59734243
v -0.49910507 0.29474708 -0.59737253
v -0.49910507 0.30260700 -0.59741241
v -0.49910507 0.31046692 -0.59746081
v -0.49910507 0.31832686 -0.59750324
v -0.49910507 0.32618678 -0.59752834
v -0.49910507 0.33404669 -0.59752560
v -0.49910507 0.34190661 -0.59752530
v -0.49910507 0.34976652 -0.59751803
v -0.49910507 0.35762647 -0.59749401
v -0.49910507 0.36548638 -0.59746516
v -0.49910507 0.37334630 -0.59744281
v -0.49910507 0.38120621 -0.59743232
v -0.49910507 0.38906616 -0.59745300
v -0.49910507 0.39692608 -0.59749192
v -0.49910507 0.40478599 -0.59756112
v -0.49910507 0.41264591 -0.59760499
v -0.49910507 0.42050582 -0.59763747
v -0.49910507 0.42836577 -0.59764296
v -0.49910507 0.43622568 -0.59764045
v -0.49910507 0.44408560 -0.59763652
v -0.49910507 0.45194551 -0.59762722
v -0.49910507 0.45980546 -0.59758526
v -0.49910507 0.46766537 -0.59752649
v -0.49910507 0.47552529 -0.59748316
v -0.49910507 0.48338521 -0.59747213
v -0.49910507 0.49124515 -0.59746182
v -0.49910507 0.49910507 -0.59745795
v -0.49910507 0.50696498 -0.59742677
v -0.49910507 0.51482493 -0.59734648
v -0.49910507 0.52268481 -0.59723097
v -0.49910507 0.53054476 -0.59703583
v -0.49910507 0.53840464 -0.59661734
v -0.49910507 0.54626459 -0.59558988
v -0.49910507 0.55412453 -0.59367383
v -0.49910507 0.55473775 -0.59342414
v -0.49910507 0.56198442 -0.59026408
v -0.49910507 0.56984437 -0.58618796
v -0.49910507 0.57074636 -0.58556420
v -0.49910507 0.57770425 -0.57861978
v -0.49910507 0.57832551 -0.57770425
v -0.49910507 0.58197224 -0.56984437
v -0.49910507 0.58556420 -0.56531137
v -0.49124515 -0.59342414 -0.58563238
v -0.49124515 -0.58556420 -0.58897299
v -0.49124515 -0.57770425 -0.59246898
v -0.49124515 -0.56984437 -0.59449714
v -0.49124515 -0.57411027 -0.59342414
v -0.49124515 -0.56198442 -0.59546369
v -0.49124515 -0.55412453 -0.59585911
v -0.49124515 -0.54626459 -0.59602118
v -0.49124515 -0.53840464 -0.59606844
v -0.49124515 -0.53054476 -0.59608662
v -0.49124515 -0.52268481 -0.59608686
v -0.49124515 -0.51482493 -0.59607273
v -0.49124515 -0.50696498 -0.59601146
v -0.49124515 -0.49910507 -0.59593546
v -0.49124515 -0.49124515 -0.59590507
v -0.49124515 -0.48338521 -0.59591734
v -0.49124515 -0.47552529 -0.59592509
v -0.49124515 -0.46766537 -0.59591025
v -0.49124515 -0.45980546 -0.59588808
v -0.49124515 -0.45194551 -0.59584528
v -0.49124515 -0.44408560 -0.59581697
v -0.49124515 -0.43622568 -0.59578621
v -0.49124515 -0.42836577 -0.59575516
v -0.49124515 -0.42050582 -0.59573495
v -0.49124515 -0.41264591 -0.59569412
v -0.49124515 -0.40478599 -0.59563899
v -0.49124515 -0.39692608 -0.59560513
v -0.49124515 -0.38906616 -0.59561253
v -0.49124515 -0.38120621 -0.59564781
v -0.49124515 -0.37334630 -0.59566146
v -0.49124515 -0.36548638 -0.59566146
v -0.49124515 -0.35762647 -0.59565598
v -0.49124515 -0.34976652 -0.59565401
v -0.49124515 -0.34190661 -0.59563607
v -0.49124515 -0.33404669 -0.59562969
v -0.49124515 -0.32618678 -0.59561914
v -0.49124515 -0.31832686 -0.59561592
v -0.49124515 -0.31046692 -0.59561700
v -0.49124515 -0.30260700 -0.59561718
v -0.49124515 -0.29474708 -0.59562349
v -0.49124515 -0.28688717 -0.59562290
v -0.49124515 -0.27902722 -0.59562230
v -0.49124515 -0.27116731 -0.59561962
v -0.49124515 -0.26330739 -0.59562147
v -0.49124515 -0.25544748 -0.59561896
v -0.49124515 -0.24758755 -0.59561229
v -0.49124515 -0.23972763 -0.59560066
v -0.49124515 -0.23186770 -0.59557480
v -0.49124515 -0.22400779 -0.59552675
v -0.49124515 -0.21614785 -0.59548801
v -0.49124515 -0.20828794 -0.59541601
v -0.49124515 -0.20042801 -0.59535325
v -0.49124515 -0.19256809 -0.59534657
v -0.49124515 -0.18470818 -0.59538960
v -0.49124515 -0.17684825 -0.59543228
v -0.49124515 -0.16898833 -0.59547782
v -0.49124515 -0.16112840 -0.59550047
v -0.49124515 -0.15326849 -0.59553325
v -0.49124515 -0.14540856 -0.59555364
v -0.49124515 -0.13754864 -0.59558427
v -0.49124515 -0.12968871 -0.59561270
v -0.49124515 -0.12182879 -0.59565687
v -0.49124515 -0.11396887 -0.59568852
v -0.49124515 -0.10610895 -0.59570915
v -0.49124515 -0.09824903 -0.59573632
v -0.49124515 -0.09038910 -0.59578073
v -0.49124515 -0.08252918 -0.59582984
v -0.49124515 -0.07466926 -0.59586746
v -0.49124515 -0.06680934 -0.59591496
v -0.49124515 -0.05894941 -0.59595591
v -0.49124515 -0.05108950 -0.59598190
v -0.49124515 -0.04322957 -0.59601295
v -0.49124515 -0.03536965 -0.59603894
v -0.49124515 -0.02750973 -0.59607518
v -0.49124515 -0.01964981 -0.59611905
v -0.49124515 -0.01178988 -0.59614873
v -0.49124515 -0.00392996 -0.59616661
v -0.49124515 0.00392996 -0.59621024
v -0.49124515 0.01178988 -0.59625000
v -0.49124515 0.01964981 -0.59629035
v -0.49124515 0.02750973 -0.59633070
v -0.49124515 0.03536965 -0.59636456
v -0.49124515 0.04322957 -0.59639972
v -0.49124515 0.05108950 -0.59642631
v -0.49124515 0.05894941 -0.59644330
v -0.49124515 0.06680934 -0.59647101
v -0.49124515 0.07466926 -0.59648913
v -0.49124515 0.08252918 -0.59650445
v -0.49124515 0.09038910 -0.59652114
v -0.49124515 0.09824903 -0.59653002
v -0.49124515 0.10610895 -0.59655344
v -0.49124515 0.11396887 -0.59657389
v -0.49124515 0.12182879 -0.59658676
v -0.49124515 0.12968871 -0.59659225
v -0.49124515 0.13754864 -0.59659898
v -0.49124515 0.14540856 -0.59659785
v -0.49124515 0.15326849 -0.59660453
v -0.49124515 0.16112840 -0.59660923
v -0.49124515 0.16898833 -0.59660792
v -0.49124515 0.17684825 -0.59659439
v -0.49124515 0.18470818 -0.59653133
v -0.49124515 0.19256809 -0.59653044
v -0.49124515 0.20042801 -0.59664947
v -0.49124515 0.20828794 -0.59678155
v -0.49124515 0.21614785 -0.59689116
v -0.49124515 0.22400779 -0.59697402
v -0.49124515 0.23186770 -0.59704196
v -0.49124515 0.23972763 -0.59708953
v -0.49124515 0.24758755 -0.59713340
v -0.49124515 0.25544748 -0.59718746
v -0.49124515 0.26330739 -0.59722507
v -0.49124515 0.27116731 -0.59724921
v -0.49124515 0.27902722 -0.59727448
v -0.49124515 0.28688717 -0.59729385
v -0.49124515 0.29474708 -0.59732872
v -0.49124515 0.30260700 -0.59736383
v -0.49124515 0.31046692 -0.59741431
v -0.49124515 0.31832686 -0.59745020
v -0.49124515 0.32618678 -0.59747720
v -0.49124515 0.33404669 -0.59747851
v -0.49124515 0.34190661 -0.59747201
v -0.49124515 0.34976652 -0.59745497
v -0.49124515 0.35762647 -0.59743953
v -0.49124515 0.36548638 -0.59740633
v -0.49124515 0.37334630 -0.59737384
v -0.49124515 0.38120621 -0.59737492
v -0.49124515 0.38906616 -0.59738678
v -0.49124515 0.39692608 -0.59743404
v -0.49124515 0.40478599 -0.59750384
v -0.49124515 0.41264591 -0.59753698
v -0.49124515 0.42050582 -0.59756744
v -0.49124515 0.42836577 -0.59757441
v -0.49124515 0.43622568 -0.59757322
v -0.49124515 0.44408560 -0.59757078
v -0.49124515 0.45194551 -0.59755474
v -0.49124515 0.45980546 -0.59751326
v -0.49124515 0.46766537 -0.59744608
v -0.49124515 0.47552529 -0.59740412
v -0.49124515 0.48338521 -0.59738839
v -0.49124515 0.49124515 -0.59738624
v -0.49124515 0.49910507 -0.59737718
v -0.49124515 0.50696498 -0.59735411
v -0.49124515 0.51482493 -0.59726989
v -0.49124515 0.52268481 -0.59714866
v -0.49124515 0.53054476 -0.59696335
v -0.49124515 0.53840464 -0.59652126
v -0.49124515 0.54626459 -0.59549230
v -0.49124515 0.55412453 -0.59359181
v -0.49124515 0.55453527 -0.59342414
v -0.49124515 0.56198442 -0.59017414
v -0.49124515 0.56984437 -0.58609098
v -0.49124515 0.57061046 -0.58556420
v -0.49124515 0.57770425 -0.57854754
v -0.49124515 0.57827830 -0.57770425
v -0.49124515 0.58198178 -0.56984437
v -0.49124515 0.58556420 -0.56541938
v -0.48904040 -0.59342414 -0.58556420
v -0.48338521 -0.59342414 -0.58539784
v -0.48338521 -0.58556420 -0.58869964
v -0.48338521 -0.59300858 -0.58556420
v -0.48338521 -0.57770425 -0.59226328
v -0.48338521 -0.56984437 -0.59433848
v -0.48338521 -0.57340980 -0.59342414
v -0.48338521 -0.56198442 -0.59533507
v -0.48338521 -0.55412453 -0.59575468
v -0.48338521 -0.54626459 -0.59592295
v -0.48338521 -0.53840464 -0.59598505
v -0.48338521 -0.53054476 -0.59599888
v -0.48338521 -0.52268481 -0.59600770
v -0.48338521 -0.51482493 -0.59598678
v -0.48338521 -0.50696498 -0.59592253
v -0.48338521 -0.49910507 -0.59584832
v -0.48338521 -0.49124515 -0.59581697
v -0.48338521 -0.48338521 -0.59583575
v -0.48338521 -0.47552529 -0.59584224
v -0.48338521 -0.46766537 -0.59582913
v -0.48338521 -0.45980546 -0.59580791
v -0.48338521 -0.45194551 -0.59577227
v -0.48338521 -0.44408560 -0.59574074
v -0.48338521 -0.43622568 -0.59571677
v -0.48338521 -0.42836577 -0.59568292
v -0.48338521 -0.42050582 -0.59565639
v -0.48338521 -0.41264591 -0.59561658
v -0.48338521 -0.40478599 -0.59555775
v -0.48338521 -0.39692608 -0.59551448
v -0.48338521 -0.38906616 -0.59554386
v -0.48338521 -0.38120621 -0.59557307
v -0.48338521 -0.37334630 -0.59559220
v -0.48338521 -0.36548638 -0.59560311
v -0.48338521 -0.35762647 -0.59559709
v -0.48338521 -0.34976652 -0.59558398
v -0.48338521 -0.34190661 -0.59558427
v -0.48338521 -0.33404669 -0.59557694
v -0.48338521 -0.32618678 -0.59556913
v -0.48338521 -0.31832686 -0.59557199
v -0.48338521 -0.31046692 -0.59556985
v -0.48338521 -0.30260700 -0.59557056
v -0.48338521 -0.29474708 -0.59556812
v -0.48338521 -0.28688717 -0.59557408
v -0.48338521 -0.27902722 -0.59557658
v -0.48338521 -0.27116731 -0.59558260
v -0.48338521 -0.26330739 -0.59558439
v -0.48338521 -0.25544748 -0.59558016
v -0.48338521 -0.24758755 -0.59557128
v -0.48338521 -0.23972763 -0.59555960
v -0.48338521 -0.23186770 -0.59553480
v -0.48338521 -0.22400779 -0.59549826
v -0.48338521 -0.21614785 -0.59544814
v -0.48338521 -0.20828794 -0.59537929
v -0.48338521 -0.20042801 -0.59530997
v -0.48338521 -0.19256809 -0.59531325
v -0.48338521 -0.18470818 -0.59534615
v -0.48338521 -0.17684825 -0.59538817
v -0.48338521 -0.16898833 -0.59543329
v -0.48338521 -0.16112840 -0.59546143
v -0.48338521 -0.15326849 -0.59549004
v -0.48338521 -0.14540856 -0.59551454
v -0.48338521 -0.13754864 -0.59553820
v -0.48338521 -0.12968871 -0.59557509
v -0.48338521 -0.12182879 -0.59560883
v -0.48338521 -0.11396887 -0.59563863
v -0.48338521 -0.10610895 -0.59566599
v -0.48338521 -0.09824903 -0.59569710
v -0.48338521 -0.09038910 -0.59572589
v -0.48338521 -0.08252918 -0.59577149
v -0.48338521 -0.07466926 -0.59582382
v -0.48338521 -0.06680934 -0.59586716
v -0.48338521 -0.05894941 -0.59590149
v -0.48338521 -0.05108950 -0.59593636
v -0.48338521 -0.04322957 -0.59596235
v -0.48338521 -0.03536965 -0.59598446
v -0.48338521 -0.02750973 -0.59602982
v -0.48338521 -0.01964981 -0.59606487
v -0.48338521 -0.01178988 -0.59609318
v -0.48338521 -0.00392996 -0.59612030
v -0.48338521 0.00392996 -0.59615505
v -0.48338521 0.01178988 -0.59619969
v -0.48338521 0.01964981 -0.59623510
v -0.48338521 0.02750973 -0.59627825
v -0.48338521 0.03536965 -0.59632087
v -0.48338521 0.04322957 -0.59634197
v -0.48338521 0.05108950 -0.59636891
v -0.48338521 0.05894941 -0.59639341
v -0.48338521 0.06680934 -0.59640843
v -0.48338521 0.07466926 -0.59643084
v -0.48338521 0.08252918 -0.59645015
v -0.48338521 0.09038910 -0.59645844
v -0.48338521 0.09824903 -0.59647858
v -0.48338521 0.10610895 -0.59649974
v -0.48338521 0.11396887 -0.59651893
v -0.48338521 0.12182879 -0.59653270
v -0.48338521 0.12968871 -0.59654081
v -0.48338521 0.13754864 -0.59654737
v -0.48338521 0.14540856 -0.59654933
v -0.48338521 0.15326849 -0.59653950
v -0.48338521 0.16112840 -0.59654933
v -0.48338521 0.16898833 -0.59654504
v -0.48338521 0.17684825 -0.59653318
v -0.48338521 0.18470818 -0.59647483
v -0.48338521 0.19256809 -0.59647459
v -0.48338521 0.20042801 -0.59658772
v -0.48338521 0.20828794 -0.59672362
v -0.48338521 0.21614785 -0.59683412
v -0.48338521 0.22400779 -0.59691894
v -0.48338521 0.23186770 -0.59698945
v -0.48338521 0.23972763 -0.59703618
v -0.48338521 0.24758755 -0.59708488
v -0.48338521 0.25544748 -0.59712887
v -0.48338521 0.26330739 -0.59716463
v -0.48338521 0.27116731 -0.59719646
v -0.48338521 0.27902722 -0.59721589
v -0.48338521 0.28688717 -0.59723711
v -0.48338521 0.29474708 -0.59727293
v -0.48338521 0.30260700 -0.59730828
v -0.48338521 0.31046692 -0.59735799
v -0.48338521 0.31832686 -0.59739006
v -0.48338521 0.32618678 -0.59741342
v -0.48338521 0.33404669 -0.59741938
v -0.48338521 0.34190661 -0.59740984
v -0.48338521 0.34976652 -0.59740216
v -0.48338521 0.35762647 -0.59736788
v -0.48338521 0.36548638 -0.59733135
v -0.48338521 0.37334630 -0.59730452
v -0.48338521 0.38120621 -0.59729242
v -0.48338521 0.38906616 -0.59731030
v -0.48338521 0.39692608 -0.59736103
v -0.48338521 0.40478599 -0.59742385
v -0.48338521 0.41264591 -0.59747428
v -0.48338521 0.42050582 -0.59750050
v -0.48338521 0.42836577 -0.59749359
v -0.48338521 0.43622568 -0.59749413
v -0.48338521 0.44408560 -0.59748715
v -0.48338521 0.45194551 -0.59747541
v -0.48338521 0.45980546 -0.59742159
v -0.48338521 0.46766537 -0.59734917
v -0.48338521 0.47552529 -0.59730285
v -0.48338521 0.48338521 -0.59729302
v -0.48338521 0.49124515 -0.59728956
v -0.48338521 0.49910507 -0.59728634
v -0.48338521 0.50696498 -0.59726262
v -0.48338521 0.51482493 -0.59718174
v -0.48338521 0.52268481 -0.59705234
v -0.48338521 0.53054476 -0.59685451
v -0.48338521 0.53840464 -0.59640282
v -0.48338521 0.54626459 -0.59535694
v -0.48338521 0.55412453 -0.59344089
v -0.48338521 0.55416530 -0.59342414
v -0.48338521 0.56198442 -0.59000421
v -0.48338521 0.56984437 -0.58590525
v -0.48338521 0.57034314 -0.58556420
v -0.48338521 0.57770425 -0.57840002
v -0.48338521 0.57818711 -0.57770425
v -0.48338521 0.58192545 -0.56984437
v -0.48338521 0.58556420 -0.56546372
v -0.47552529 -0.59342414 -0.58511764
v -0.47552529 -0.58556420 -0.58841628
v -0.47552529 -0.59231657 -0.58556420
v -0.47552529 -0.57770425 -0.59200025
v -0.47552529 -0.56984437 -0.59414220
v -0.47552529 -0.57255799 -0.59342414
v -0.47552529 -0.56198442 -0.59516740
v -0.47552529 -0.55412453 -0.59562141
v -0.47552529 -0.54626459 -0.59582078
v -0.47552529 -0.53840464 -0.59587300
v -0.47552529 -0.53054476 -0.59590286
v -0.47552529 -0.52268481 -0.59591913
v -0.47552529 -0.51482493 -0.59588724
v -0.47552529 -0.50696498 -0.59582484
v -0.47552529 -0.49910507 -0.59574354
v -0.47552529 -0.49124515 -0.59571683
v -0.47552529 -0.48338521 -0.59573585
v -0.47552529 -0.47552529 -0.59574771
v -0.47552529 -0.46766537 -0.59574658
v -0.47552529 -0.45980546 -0.59572053
v -0.47552529 -0.45194551 -0.59569007
v -0.47552529 -0.44408560 -0.59565157
v -0.47552529 -0.43622568 -0.59563118
v -0.47552529 -0.42836577 -0.59560907
v -0.47552529 -0.42050582 -0.59557807
v -0.47552529 -0.41264591 -0.59553623
v -0.47552529 -0.40478599 -0.59547591
v -0.47552529 -0.39692608 -0.59543782
v -0.47552529 -0.38906616 -0.59545982
v -0.47552529 -0.38120621 -0.59549809
v -0.47552529 -0.37334630 -0.59551829
v -0.47552529 -0.36548638 -0.59552830
v -0.47552529 -0.35762647 -0.59552807
v -0.47552529 -0.34976652 -0.59552675
v -0.47552529 -0.34190661 -0.59552461
v -0.47552529 -0.33404669 -0.59551477
v -0.47552529 -0.32618678 -0.59550691
v -0.47552529 -0.31832686 -0.59551114
v -0.47552529 -0.31046692 -0.59551871
v -0.47552529 -0.30260700 -0.59551013
v -0.47552529 -0.29474708 -0.59552294
v -0.47552529 -0.28688717 -0.59552646
v -0.47552529 -0.27902722 -0.59552777
v -0.47552529 -0.27116731 -0.59553438
v -0.47552529 -0.26330739 -0.59553963
v -0.47552529 -0.25544748 -0.59552908
v -0.47552529 -0.24758755 -0.59551942
v -0.47552529 -0.23972763 -0.59551269
v -0.47552529 -0.23186770 -0.59548157
v -0.47552529 -0.22400779 -0.59545815
v -0.47552529 -0.21614785 -0.59539765
v -0.47552529 -0.20828794 -0.59532517
v -0.47552529 -0.20042801 -0.59525907
v -0.47552529 -0.19256809 -0.59525567
v -0.47552529 -0.18470818 -0.59529591
v -0.47552529 -0.17684825 -0.59534150
v -0.47552529 -0.16898833 -0.59537572
v -0.47552529 -0.16112840 -0.59541100
v -0.47552529 -0.15326849 -0.59543234
v -0.47552529 -0.14540856 -0.59546041
v -0.47552529 -0.13754864 -0.59549046
v -0.47552529 -0.12968871 -0.59551495
v -0.47552529 -0.12182879 -0.59555191
v -0.47552529 -0.11396887 -0.59557587
v -0.47552529 -0.10610895 -0.59559727
v -0.47552529 -0.09824903 -0.59563231
v -0.47552529 -0.09038910 -0.59566343
v -0.47552529 -0.08252918 -0.59571350
v -0.47552529 -0.07466926 -0.59576231
v -0.47552529 -0.06680934 -0.59580290
v -0.47552529 -0.05894941 -0.59583640
v -0.47552529 -0.05108950 -0.59586722
v -0.47552529 -0.04322957 -0.59589583
v -0.47552529 -0.03536965 -0.59592587
v -0.47552529 -0.02750973 -0.59595829
v -0.47552529 -0.01964981 -0.59599346
v -0.47552529 -0.01178988 -0.59602982
v -0.47552529 -0.00392996 -0.59606349
v -0.47552529 0.00392996 -0.59610081
v -0.47552529 0.01178988 -0.59613961
v -0.47552529 0.01964981 -0.59618121
v -0.47552529 0.02750973 -0.59621614
v -0.47552529 0.03536965 -0.59625882
v -0.47552529 0.04322957 -0.59627718
v -0.47552529 0.05108950 -0.59630436
v -0.47552529 0.05894941 -0.59632564
v -0.47552529 0.06680934 -0.59635365
v -0.47552529 0.07466926 -0.59637088
v -0.47552529 0.08252918 -0.59638512
v -0.47552529 0.09038910 -0.59640509
v -0.47552529 0.09824903 -0.59641784
v -0.47552529 0.10610895 -0.59643412
v -0.47552529 0.11396887 -0.59646356
v -0.47552529 0.12182879 -0.59647435
v -0.47552529 0.12968871 -0.59648758
v -0.47552529 0.13754864 -0.59648359
v -0.47552529 0.14540856 -0.59648389
v -0.47552529 0.15326849 -0.59648424
v -0.47552529 0.16112840 -0.59648663
v -0.47552529 0.16898833 -0.59648937
v -0.47552529 0.17684825 -0.59645891
v -0.47552529 0.18470818 -0.59640330
v -0.47552529 0.19256809 -0.59639919
v -0.47552529 0.20042801 -0.59652442
v -0.47552529 0.20828794 -0.59667277
v -0.47552529 0.21614785 -0.59678102
v -0.47552529 0.22400779 -0.59687048
v -0.47552529 0.23186770 -0.59693438
v -0.47552529 0.23972763 -0.59698594
v -0.47552529 0.24758755 -0.59703064
v -0.47552529 0.25544748 -0.59707421
v -0.47552529 0.26330739 -0.59711623
v -0.47552529 0.27116731 -0.59713942
v -0.47552529 0.27902722 -0.59716284
v -0.47552529 0.28688717 -0.59718013
v -0.47552529 0.29474708 -0.59721911
v -0.47552529 0.30260700 -0.59725231
v -0.47552529 0.31046692 -0.59729838
v -0.47552529 0.31832686 -0.59732872
v -0.47552529 0.32618678 -0.59735113
v -0.47552529 0.33404669 -0.59735602
v -0.47552529 0.34190661 -0.59734333
v -0.47552529 0.34976652 -0.59732848
v -0.47552529 0.35762647 -0.59729475
v -0.47552529 0.36548638 -0.59725189
v -0.47552529 0.37334630 -0.59722191
v -0.47552529 0.38120621 -0.59721822
v -0.47552529 0.38906616 -0.59723413
v -0.47552529 0.39692608 -0.59728456
v -0.47552529 0.40478599 -0.59734124
v -0.47552529 0.41264591 -0.59738934
v -0.47552529 0.42050582 -0.59740895
v -0.47552529 0.42836577 -0.59741491
v -0.47552529 0.43622568 -0.59740317
v -0.47552529 0.44408560 -0.59739143
v -0.47552529 0.45194551 -0.59737867
v -0.47552529 0.45980546 -0.59733051
v -0.47552529 0.46766537 -0.59724879
v -0.47552529 0.47552529 -0.59720796
v -0.47552529 0.48338521 -0.59719217
v -0.47552529 0.49124515 -0.59718287
v -0.47552529 0.49910507 -0.59717852
v -0.47552529 0.50696498 -0.59715861
v -0.47552529 0.51482493 -0.59707934
v -0.47552529 0.52268481 -0.59694964
v -0.47552529 0.53054476 -0.59673738
v -0.47552529 0.53840464 -0.59627533
v -0.47552529 0.54626459 -0.59521037
v -0.47552529 0.55361408 -0.59342414
v -0.48249298 0.55412453 -0.59342414
v -0.47552529 0.55412453 -0.59328973
v -0.47552529 0.56198442 -0.58984429
v -0.47552529 0.56984437 -0.58574045
v -0.47552529 0.57010162 -0.58556420
v -0.47552529 0.57770425 -0.57822251
v -0.47552529 0.57807559 -0.57770425
v -0.47552529 0.58186102 -0.56984437
v -0.47552529 0.58556420 -0.56550378
v -0.46766537 -0.59342414 -0.58479899
v -0.46766537 -0.58556420 -0.58810467
v -0.46766537 -0.59153587 -0.58556420
v -0.46766537 -0.57770425 -0.59172714
v -0.46766537 -0.56984437 -0.59389907
v -0.46766537 -0.57161409 -0.59342414
v -0.46766537 -0.56198442 -0.59498537
v -0.46766537 -0.55412453 -0.59546471
v -0.46766537 -0.54626459 -0.59568465
v -0.46766537 -0.53840464 -0.59575343
v -0.46766537 -0.53054476 -0.59578913
v -0.46766537 -0.52268481 -0.59581167
v -0.46766537 -0.51482493 -0.59578305
v -0.46766537 -0.50696498 -0.59571862
v -0.46766537 -0.49910507 -0.59563440
v -0.46766537 -0.49124515 -0.59560841
v -0.46766537 -0.48338521 -0.59563231
v -0.46766537 -0.47552529 -0.59565037
v -0.46766537 -0.46766537 -0.59564722
v -0.46766537 -0.45980546 -0.59563261
v -0.46766537 -0.45194551 -0.59560102
v -0.46766537 -0.44408560 -0.59557450
v -0.46766537 -0.43622568 -0.59553528
v -0.46766537 -0.42836577 -0.59551173
v -0.46766537 -0.42050582 -0.59548777
v -0.46766537 -0.41264591 -0.59545648
v -0.46766537 -0.40478599 -0.59539330
v -0.46766537 -0.39692608 -0.59534562
v -0.46766537 -0.38906616 -0.59537584
v -0.46766537 -0.38120621 -0.59542096
v -0.46766537 -0.37334630 -0.59544438
v -0.46766537 -0.36548638 -0.59545618
v -0.46766537 -0.35762647 -0.59545493
v -0.46766537 -0.34976652 -0.59545082
v -0.46766537 -0.34190661 -0.59545034
v -0.46766537 -0.33404669 -0.59544361
v -0.46766537 -0.32618678 -0.59544599
v -0.46766537 -0.31832686 -0.59545004
v -0.46766537 -0.31046692 -0.59545094
v -0.46766537 -0.30260700 -0.59545958
v -0.46766537 -0.29474708 -0.59545898
v -0.46766537 -0.28688717 -0.59546447
v -0.46766537 -0.27902722 -0.59546977
v -0.46766537 -0.27116731 -0.59547257
v -0.46766537 -0.26330739 -0.59547651
v -0.46766537 -0.25544748 -0.59548157
v -0.46766537 -0.24758755 -0.59547031
v -0.46766537 -0.23972763 -0.59545130
v -0.46766537 -0.23186770 -0.59542751
v -0.46766537 -0.22400779 -0.59539449
v -0.46766537 -0.21614785 -0.59533972
v -0.46766537 -0.20828794 -0.59526902
v -0.46766537 -0.20042801 -0.59519613
v -0.46766537 -0.19256809 -0.59519869
v -0.46766537 -0.18470818 -0.59523553
v -0.46766537 -0.17684825 -0.59527820
v -0.46766537 -0.16898833 -0.59532249
v -0.46766537 -0.16112840 -0.59535021
v -0.46766537 -0.15326849 -0.59537745
v -0.46766537 -0.14540856 -0.59540296
v -0.46766537 -0.13754864 -0.59542602
v -0.46766537 -0.12968871 -0.59545803
v -0.46766537 -0.12182879 -0.59549129
v -0.46766537 -0.11396887 -0.59551471
v -0.46766537 -0.10610895 -0.59553337
v -0.46766537 -0.09824903 -0.59556031
v -0.46766537 -0.09038910 -0.59559971
v -0.46766537 -0.08252918 -0.59564608
v -0.46766537 -0.07466926 -0.59569168
v -0.46766537 -0.06680934 -0.59573835
v -0.46766537 -0.05894941 -0.59577000
v -0.46766537 -0.05108950 -0.59578896
v -0.46766537 -0.04322957 -0.59582001
v -0.46766537 -0.03536965 -0.59584856
v -0.46766537 -0.02750973 -0.59589452
v -0.46766537 -0.01964981 -0.59592599
v -0.46766537 -0.01178988 -0.59595865
v -0.46766537 -0.00392996 -0.59599113
v -0.46766537 0.00392996 -0.59602731
v -0.46766537 0.01178988 -0.59606612
v -0.46766537 0.01964981 -0.59610361
v -0.46766537 0.02750973 -0.59614509
v -0.46766537 0.03536965 -0.59618789
v -0.46766537 0.04322957 -0.59621137
v -0.46766537 0.05108950 -0.59623361
v -0.46766537 0.05894941 -0.59625554
v -0.46766537 0.06680934 -0.59628636
v -0.46766537 0.07466926 -0.59629846
v -0.46766537 0.08252918 -0.59632337
v -0.46766537 0.09038910 -0.59632719
v -0.46766537 0.09824903 -0.59634990
v -0.46766537 0.10610895 -0.59637856
v -0.46766537 0.11396887 -0.59639657
v -0.46766537 0.12182879 -0.59641248
v -0.46766537 0.12968871 -0.59641957
v -0.46766537 0.13754864 -0.59642518
v -0.46766537 0.14540856 -0.59641969
v -0.46766537 0.15326849 -0.59642994
v -0.46766537 0.16112840 -0.59642482
v -0.46766537 0.16898833 -0.59641701
v -0.46766537 0.17684825 -0.59638929
v -0.46766537 0.18470818 -0.59632719
v -0.46766537 0.19256809 -0.59633285
v -0.46766537 0.20042801 -0.59646773
v -0.46766537 0.20828794 -0.59661257
v -0.46766537 0.21614785 -0.59672672
v -0.46766537 0.22400779 -0.59681469
v -0.46766537 0.23186770 -0.59687865
v -0.46766537 0.23972763 -0.59693050
v -0.46766537 0.24758755 -0.59697318
v -0.46766537 0.25544748 -0.59701484
v -0.46766537 0.26330739 -0.59704745
v -0.46766537 0.27116731 -0.59708011
v -0.46766537 0.27902722 -0.59710431
v -0.46766537 0.28688717 -0.59711248
v -0.46766537 0.29474708 -0.59714949
v -0.46766537 0.30260700 -0.59719038
v -0.46766537 0.31046692 -0.59722692
v -0.46766537 0.31832686 -0.59726036
v -0.46766537 0.32618678 -0.59727883
v -0.46766537 0.33404669 -0.59727579
v -0.46766537 0.34190661 -0.59726864
v -0.46766537 0.34976652 -0.59724557
v -0.46766537 0.35762647 -0.59721649
v -0.46766537 0.36548638 -0.59717560
v -0.46766537 0.37334630 -0.59713805
v -0.46766537 0.38120621 -0.59712934
v -0.46766537 0.38906616 -0.59713948
v -0.46766537 0.39692608 -0.59719080
v -0.46766537 0.40478599 -0.59724951
v -0.46766537 0.41264591 -0.59729707
v -0.46766537 0.42050582 -0.59731978
v -0.46766537 0.42836577 -0.59731871
v -0.46766537 0.43622568 -0.59730190
v -0.46766537 0.44408560 -0.59729701
v -0.46766537 0.45194551 -0.59727752
v -0.46766537 0.45980546 -0.59723240
v -0.46766537 0.46766537 -0.59716320
v -0.46766537 0.47552529 -0.59710628
v -0.46766537 0.48338521 -0.59708500
v -0.46766537 0.49124515 -0.59707302
v -0.46766537 0.49910507 -0.59707636
v -0.46766537 0.50696498 -0.59704792
v -0.46766537 0.51482493 -0.59697038
v -0.46766537 0.52268481 -0.59683496
v -0.46766537 0.53054476 -0.59661835
v -0.46766537 0.53840464 -0.59615934
v -0.46766537 0.54626459 -0.59508437
v -0.46766537 0.55316842 -0.59342414
v -0.46766537 0.55412453 -0.59317583
v -0.46766537 0.56198442 -0.58972520
v -0.46766537 0.56984437 -0.58557820
v -0.46766537 0.56986463 -0.58556420
v -0.46766537 0.57770425 -0.57800031
v -0.46766537 0.57792026 -0.57770425
v -0.46766537 0.58177650 -0.56984437
v -0.46766537 0.58556420 -0.56556737
v -0.45980546 -0.59342414 -0.58448046
v -0.45980546 -0.58556420 -0.58782053
v -0.45980546 -0.59081727 -0.58556420
v -0.45980546 -0.57770425 -0.59144366
v -0.45980546 -0.56984437 -0.59365064
v -0.45980546 -0.57067448 -0.59342414
v -0.45980546 -0.56198442 -0.59475875
v -0.45980546 -0.55412453 -0.59528142
v -0.45980546 -0.54626459 -0.59551227
v -0.45980546 -0.53840464 -0.59561324
v -0.45980546 -0.53054476 -0.59565616
v -0.45980546 -0.52268481 -0.59568465
v -0.45980546 -0.51482493 -0.59567010
v -0.45980546 -0.50696498 -0.59559691
v -0.45980546 -0.49910507 -0.59551430
v -0.45980546 -0.49124515 -0.59549338
v -0.45980546 -0.48338521 -0.59551275
v -0.45980546 -0.47552529 -0.59553355
v -0.45980546 -0.46766537 -0.59554398
v -0.45980546 -0.45980546 -0.59552389
v -0.45980546 -0.45194551 -0.59550118
v -0.45980546 -0.44408560 -0.59547889
v -0.45980546 -0.43622568 -0.59545183
v -0.45980546 -0.42836577 -0.59542668
v -0.45980546 -0.42050582 -0.59540582
v -0.45980546 -0.41264591 -0.59535784
v -0.45980546 -0.40478599 -0.59529930
v -0.45980546 -0.39692608 -0.59526032
v -0.45980546 -0.38906616 -0.59529197
v -0.45980546 -0.38120621 -0.59533715
v -0.45980546 -0.37334630 -0.59535313
v -0.45980546 -0.36548638 -0.59537101
v -0.45980546 -0.35762647 -0.59537596
v -0.45980546 -0.34976652 -0.59537476
v -0.45980546 -0.34190661 -0.59537673
v -0.45980546 -0.33404669 -0.59537888
v -0.45980546 -0.32618678 -0.59538519
v -0.45980546 -0.31832686 -0.59538329
v -0.45980546 -0.31046692 -0.59538841
v -0.45980546 -0.30260700 -0.59539300
v -0.45980546 -0.29474708 -0.59538817
v -0.45980546 -0.28688717 -0.59539491
v -0.45980546 -0.27902722 -0.59540492
v -0.45980546 -0.27116731 -0.59540910
v -0.45980546 -0.26330739 -0.59540427
v -0.45980546 -0.25544748 -0.59540552
v -0.45980546 -0.24758755 -0.59540427
v -0.45980546 -0.23972763 -0.59538567
v -0.45980546 -0.23186770 -0.59536833
v -0.45980546 -0.22400779 -0.59533101
v -0.45980546 -0.21614785 -0.59527570
v -0.45980546 -0.20828794 -0.59518516
v -0.45980546 -0.20042801 -0.59512907
v -0.45980546 -0.19256809 -0.59512550
v -0.45980546 -0.18470818 -0.59517109
v -0.45980546 -0.17684825 -0.59520692
v -0.45980546 -0.16898833 -0.59525555
v -0.45980546 -0.16112840 -0.59528607
v -0.45980546 -0.15326849 -0.59530979
v -0.45980546 -0.14540856 -0.59533292
v -0.45980546 -0.13754864 -0.59535998
v -0.45980546 -0.12968871 -0.59538865
v -0.45980546 -0.12182879 -0.59541625
v -0.45980546 -0.11396887 -0.59543562
v -0.45980546 -0.10610895 -0.59545976
v -0.45980546 -0.09824903 -0.59549111
v -0.45980546 -0.09038910 -0.59552592
v -0.45980546 -0.08252918 -0.59556741
v -0.45980546 -0.07466926 -0.59561431
v -0.45980546 -0.06680934 -0.59565371
v -0.45980546 -0.05894941 -0.59569710
v -0.45980546 -0.05108950 -0.59571952
v -0.45980546 -0.04322957 -0.59574437
v -0.45980546 -0.03536965 -0.59577447
v -0.45980546 -0.02750973 -0.59580725
v -0.45980546 -0.01964981 -0.59585196
v -0.45980546 -0.01178988 -0.59588230
v -0.45980546 -0.00392996 -0.59591764
v -0.45980546 0.00392996 -0.59595764
v -0.45980546 0.01178988 -0.59598851
v -0.45980546 0.01964981 -0.59602857
v -0.45980546 0.02750973 -0.59606612
v -0.45980546 0.03536965 -0.59610891
v -0.45980546 0.04322957 -0.59613609
v -0.45980546 0.05108950 -0.59615952
v -0.45980546 0.05894941 -0.59618014
v -0.45980546 0.06680934 -0.59620118
v -0.45980546 0.07466926 -0.59622765
v -0.45980546 0.08252918 -0.59624273
v -0.45980546 0.09038910 -0.59625661
v -0.45980546 0.09824903 -0.59628558
v -0.45980546 0.10610895 -0.59629667
v -0.45980546 0.11396887 -0.59631723
v -0.45980546 0.12182879 -0.59633338
v -0.45980546 0.12968871 -0.59634864
v -0.45980546 0.13754864 -0.59635055
v -0.45980546 0.14540856 -0.59634608
v -0.45980546 0.15326849 -0.59635174
v -0.45980546 0.16112840 -0.59634900
v -0.45980546 0.16898833 -0.59634554
v -0.45980546 0.17684825 -0.59631574
v -0.45980546 0.18470818 -0.59624064
v -0.45980546 0.19256809 -0.59624827
v -0.45980546 0.20042801 -0.59638661
v -0.45980546 0.20828794 -0.59654278
v -0.45980546 0.21614785 -0.59665555
v -0.45980546 0.22400779 -0.59675574
v -0.45980546 0.23186770 -0.59681743
v -0.45980546 0.23972763 -0.59686875
v -0.45980546 0.24758755 -0.59690773
v -0.45980546 0.25544748 -0.59694809
v -0.45980546 0.26330739 -0.59698159
v -0.45980546 0.27116731 -0.59700531
v -0.45980546 0.27902722 -0.59703016
v -0.45980546 0.28688717 -0.59704518
v -0.45980546 0.29474708 -0.59707254
v -0.45980546 0.30260700 -0.59710747
v -0.45980546 0.31046692 -0.59715176
v -0.45980546 0.31832686 -0.59717846
v -0.45980546 0.32618678 -0.59718901
v -0.45980546 0.33404669 -0.59718949
v -0.45980546 0.34190661 -0.59717470
v -0.45980546 0.34976652 -0.59715098
v -0.45980546 0.35762647 -0.59711397
v -0.45980546 0.36548638 -0.59707993
v -0.45980546 0.37334630 -0.59704626
v -0.45980546 0.38120621 -0.59703785
v -0.45980546 0.38906616 -0.59704322
v -0.45980546 0.39692608 -0.59708947
v -0.45980546 0.40478599 -0.59714931
v -0.45980546 0.41264591 -0.59719229
v -0.45980546 0.42050582 -0.59722012
v -0.45980546 0.42836577 -0.59721392
v -0.45980546 0.43622568 -0.59720767
v -0.45980546 0.44408560 -0.59719092
v -0.45980546 0.45194551 -0.59717244
v -0.45980546 0.45980546 -0.59712893
v -0.45980546 0.46766537 -0.59705645
v -0.45980546 0.47552529 -0.59700900
v -0.45980546 0.48338521 -0.59698105
v -0.45980546 0.49124515 -0.59697372
v -0.45980546 0.49910507 -0.59695917
v -0.45980546 0.50696498 -0.59693283
v -0.45980546 0.51482493 -0.59684622
v -0.45980546 0.52268481 -0.59671569
v -0.45980546 0.53054476 -0.59647906
v -0.45980546 0.53840464 -0.59601754
v -0.45980546 0.54626459 -0.59499997
v -0.45980546 0.55280286 -0.59342414
v -0.45980546 0.55412453 -0.59307927
v -0.45980546 0.56198442 -0.58959281
v -0.45980546 0.56954199 -0.58556420
v -0.46707645 0.56984437 -0.58556420
v -0.45980546 0.56984437 -0.58537251
v -0.45990720 0.57770425 -0.57770425
v -0.45980546 0.57770115 -0.57770425
v -0.45980546 0.57770425 -0.57769907
v -0.45980546 0.58166856 -0.56984437
v -0.45980546 0.58556420 -0.56565464
v -0.45194551 -0.59342414 -0.58418149
v -0.45194551 -0.58556420 -0.58760637
v -0.45194551 -0.59020305 -0.58556420
v -0.45194551 -0.57770425 -0.59119534
v -0.45289898 -0.56984437 -0.59342414
v -0.45194551 -0.56984437 -0.59339267
v -0.45194551 -0.56198442 -0.59453058
v -0.45194551 -0.56963456 -0.59342414
v -0.45194551 -0.55412453 -0.59506094
v -0.45194551 -0.54626459 -0.59533298
v -0.45194551 -0.53840464 -0.59545285
v -0.45194551 -0.53054476 -0.59550840
v -0.45194551 -0.52268481 -0.59555167
v -0.45194551 -0.51482493 -0.59553760
v -0.45194551 -0.50696498 -0.59547979
v -0.45194551 -0.49910507 -0.59539312
v -0.45194551 -0.49124515 -0.59536350
v -0.45194551 -0.48338521 -0.59539950
v -0.45194551 -0.47552529 -0.59542227
v -0.45194551 -0.46766537 -0.59543073
v -0.45194551 -0.45980546 -0.59542221
v -0.45194551 -0.45194551 -0.59540415
v -0.45194551 -0.44408560 -0.59537607
v -0.45194551 -0.43622568 -0.59535086
v -0.45194551 -0.42836577 -0.59533072
v -0.45194551 -0.42050582 -0.59530842
v -0.45194551 -0.41264591 -0.59526628
v -0.45194551 -0.40478599 -0.59519994
v -0.45194551 -0.39692608 -0.59515893
v -0.45194551 -0.38906616 -0.59519744
v -0.45194551 -0.38120621 -0.59524125
v -0.45194551 -0.37334630 -0.59527314
v -0.45194551 -0.36548638 -0.59528589
v -0.45194551 -0.35762647 -0.59528625
v -0.45194551 -0.34976652 -0.59529459
v -0.45194551 -0.34190661 -0.59529644
v -0.45194551 -0.33404669 -0.59529406
v -0.45194551 -0.32618678 -0.59529924
v -0.45194551 -0.31832686 -0.59530962
v -0.45194551 -0.31046692 -0.59530681
v -0.45194551 -0.30260700 -0.59531438
v -0.45194551 -0.29474708 -0.59531254
v -0.45194551 -0.28688717 -0.59532326
v -0.45194551 -0.27902722 -0.59532094
v -0.45194551 -0.27116731 -0.59532839
v -0.45194551 -0.26330739 -0.59533125
v -0.45194551 -0.25544748 -0.59532607
v -0.45194551 -0.24758755 -0.59532350
v -0.45194551 -0.23972763 -0.59530801
v -0.45194551 -0.23186770 -0.59528244
v -0.45194551 -0.22400779 -0.59524864
v -0.45194551 -0.21614785 -0.59519362
v -0.45194551 -0.20828794 -0.59511143
v -0.45194551 -0.20042801 -0.59504366
v -0.45194551 -0.19256809 -0.59504503
v -0.45194551 -0.18470818 -0.59508884
v -0.45194551 -0.17684825 -0.59513181
v -0.45194551 -0.16898833 -0.59517360
v -0.45194551 -0.16112840 -0.59520799
v -0.45194551 -0.15326849 -0.59523362
v -0.45194551 -0.14540856 -0.59525681
v -0.45194551 -0.13754864 -0.59528071
v -0.45194551 -0.12968871 -0.59531623
v -0.45194551 -0.12182879 -0.59533787
v -0.45194551 -0.11396887 -0.59536177
v -0.45194551 -0.10610895 -0.59538281
v -0.45194551 -0.09824903 -0.59541130
v -0.45194551 -0.09038910 -0.59544516
v -0.45194551 -0.08252918 -0.59548825
v -0.45194551 -0.07466926 -0.59553599
v -0.45194551 -0.06680934 -0.59557271
v -0.45194551 -0.05894941 -0.59560919
v -0.45194551 -0.05108950 -0.59563911
v -0.45194551 -0.04322957 -0.59565979
v -0.45194551 -0.03536965 -0.59568626
v -0.45194551 -0.02750973 -0.59572506
v -0.45194551 -0.01964981 -0.59576589
v -0.45194551 -0.01178988 -0.59580094
v -0.45194551 -0.00392996 -0.59583211
v -0.45194551 0.00392996 -0.59587127
v -0.45194551 0.01178988 -0.59591365
v -0.45194551 0.01964981 -0.59594709
v -0.45194551 0.02750973 -0.59598184
v -0.45194551 0.03536965 -0.59601688
v -0.45194551 0.04322957 -0.59604800
v -0.45194551 0.05108950 -0.59606874
v -0.45194551 0.05894941 -0.59609091
v -0.45194551 0.06680934 -0.59611541
v -0.45194551 0.07466926 -0.59613609
v -0.45194551 0.08252918 -0.59615773
v -0.45194551 0.09038910 -0.59617549
v -0.45194551 0.09824903 -0.59618980
v -0.45194551 0.10610895 -0.59621572
v -0.45194551 0.11396887 -0.59623331
v -0.45194551 0.12182879 -0.59624839
v -0.45194551 0.12968871 -0.59625775
v -0.45194551 0.13754864 -0.59625810
v -0.45194551 0.14540856 -0.59626579
v -0.45194551 0.15326849 -0.59625906
v -0.45194551 0.16112840 -0.59626704
v -0.45194551 0.16898833 -0.59626299
v -0.45194551 0.17684825 -0.59622204
v -0.45194551 0.18470818 -0.59614360
v -0.45194551 0.19256809 -0.59615827
v -0.45194551 0.20042801 -0.59630805
v -0.45194551 0.20828794 -0.59646398
v -0.45194551 0.21614785 -0.59658200
v -0.45194551 0.22400779 -0.59667981
v -0.45194551 0.23186770 -0.59674537
v -0.45194551 0.23972763 -0.59679377
v -0.45194551 0.24758755 -0.59683019
v -0.45194551 0.25544748 -0.59687304
v -0.45194551 0.26330739 -0.59691268
v -0.45194551 0.27116731 -0.59693128
v -0.45194551 0.27902722 -0.59695184
v -0.45194551 0.28688717 -0.59697163
v -0.45194551 0.29474708 -0.59699863
v -0.45194551 0.30260700 -0.59702635
v -0.45194551 0.31046692 -0.59706789
v -0.45194551 0.31832686 -0.59708685
v -0.45194551 0.32618678 -0.59710091
v -0.45194551 0.33404669 -0.59709811
v -0.45194551 0.34190661 -0.59708506
v -0.45194551 0.34976652 -0.59706372
v -0.45194551 0.35762647 -0.59703481
v -0.45194551 0.36548638 -0.59699035
v -0.45194551 0.37334630 -0.59696370
v -0.45194551 0.38120621 -0.59694326
v -0.45194551 0.38906616 -0.59695339
v -0.45194551 0.39692608 -0.59700364
v -0.45194551 0.40478599 -0.59705830
v -0.45194551 0.41264591 -0.59710515
v -0.45194551 0.42050582 -0.59712362
v -0.45194551 0.42836577 -0.59711665
v -0.45194551 0.43622568 -0.59710836
v -0.45194551 0.44408560 -0.59709239
v -0.45194551 0.45194551 -0.59708029
v -0.45194551 0.45980546 -0.59703535
v -0.45194551 0.46766537 -0.59696043
v -0.45194551 0.47552529 -0.59691042
v -0.45194551 0.48338521 -0.59688157
v -0.45194551 0.49124515 -0.59687090
v -0.45194551 0.49910507 -0.59685862
v -0.45194551 0.50696498 -0.59681517
v -0.45194551 0.51482493 -0.59673131
v -0.45194551 0.52268481 -0.59659243
v -0.45194551 0.53054476 -0.59635240
v -0.45194551 0.53840464 -0.59589678
v -0.45194551 0.54626459 -0.59491390
v -0.45194551 0.55257964 -0.59342414
v -0.45194551 0.55412453 -0.59302801
v -0.45194551 0.56198442 -0.58949858
v -0.45194551 0.56925970 -0.58556420
v -0.45194551 0.56984437 -0.58518183
v -0.45194551 0.57745421 -0.57770425
v -0.45194551 0.57770425 -0.57730222
v -0.45194551 0.58157945 -0.56984437
v -0.45194551 0.58556420 -0.56578761
v -0.44408560 -0.59342414 -0.58403993
v -0.44408560 -0.58556420 -0.58749396
v -0.44408560 -0.58990484 -0.58556420
v -0.44408560 -0.57770425 -0.59108067
v -0.44408560 -0.56984437 -0.59325784
v -0.44408560 -0.56198442 -0.59438640
v -0.44408560 -0.56872201 -0.59342414
v -0.44408560 -0.55412453 -0.59490246
v -0.44408560 -0.54626459 -0.59516829
v -0.44408560 -0.53840464 -0.59529829
v -0.44408560 -0.53054476 -0.59536827
v -0.44408560 -0.52268481 -0.59540188
v -0.44408560 -0.51482493 -0.59540641
v -0.44408560 -0.50696498 -0.59534568
v -0.44408560 -0.49910507 -0.59525603
v -0.44408560 -0.49124515 -0.59523290
v -0.44408560 -0.48338521 -0.59527355
v -0.44408560 -0.47552529 -0.59530801
v -0.44408560 -0.46766537 -0.59531993
v -0.44408560 -0.45980546 -0.59531021
v -0.44408560 -0.45194551 -0.59528989
v -0.44408560 -0.44408560 -0.59527022
v -0.44408560 -0.43622568 -0.59524882
v -0.44408560 -0.42836577 -0.59522265
v -0.44408560 -0.42050582 -0.59519947
v -0.44408560 -0.41264591 -0.59516460
v -0.44408560 -0.40478599 -0.59509432
v -0.44408560 -0.39692608 -0.59505236
v -0.44408560 -0.38906616 -0.59508282
v -0.44408560 -0.38120621 -0.59513593
v -0.44408560 -0.37334630 -0.59517097
v -0.44408560 -0.36548638 -0.59518492
v -0.44408560 -0.35762647 -0.59520149
v -0.44408560 -0.34976652 -0.59520322
v -0.44408560 -0.34190661 -0.59520549
v -0.44408560 -0.33404669 -0.59521443
v -0.44408560 -0.32618678 -0.59522343
v -0.44408560 -0.31832686 -0.59522969
v -0.44408560 -0.31046692 -0.59525037
v -0.44408560 -0.30260700 -0.59523314
v -0.44408560 -0.29474708 -0.59524709
v -0.44408560 -0.28688717 -0.59524500
v -0.44408560 -0.27902722 -0.59525263
v -0.44408560 -0.27116731 -0.59524935
v -0.44408560 -0.26330739 -0.59525418
v -0.44408560 -0.25544748 -0.59525031
v -0.44408560 -0.24758755 -0.59524864
v -0.44408560 -0.23972763 -0.59523475
v -0.44408560 -0.23186770 -0.59521502
v -0.44408560 -0.22400779 -0.59518135
v -0.44408560 -0.21614785 -0.59511995
v -0.44408560 -0.20828794 -0.59502864
v -0.44408560 -0.20042801 -0.59495163
v -0.44408560 -0.19256809 -0.59496927
v -0.44408560 -0.18470818 -0.59501028
v -0.44408560 -0.17684825 -0.59506297
v -0.44408560 -0.16898833 -0.59510726
v -0.44408560 -0.16112840 -0.59514058
v -0.44408560 -0.15326849 -0.59516090
v -0.44408560 -0.14540856 -0.59519106
v -0.44408560 -0.13754864 -0.59521127
v -0.44408560 -0.12968871 -0.59524053
v -0.44408560 -0.12182879 -0.59525782
v -0.44408560 -0.11396887 -0.59529001
v -0.44408560 -0.10610895 -0.59530586
v -0.44408560 -0.09824903 -0.59533393
v -0.44408560 -0.09038910 -0.59536928
v -0.44408560 -0.08252918 -0.59540606
v -0.44408560 -0.07466926 -0.59544826
v -0.44408560 -0.06680934 -0.59548682
v -0.44408560 -0.05894941 -0.59552020
v -0.44408560 -0.05108950 -0.59554565
v -0.44408560 -0.04322957 -0.59557235
v -0.44408560 -0.03536965 -0.59559691
v -0.44408560 -0.02750973 -0.59563208
v -0.44408560 -0.01964981 -0.59567231
v -0.44408560 -0.01178988 -0.59571320
v -0.44408560 -0.00392996 -0.59574431
v -0.44408560 0.00392996 -0.59577513
v -0.44408560 0.01178988 -0.59581780
v -0.44408560 0.01964981 -0.59585196
v -0.44408560 0.02750973 -0.59588963
v -0.44408560 0.03536965 -0.59592348
v -0.44408560 0.04322957 -0.59595054
v -0.44408560 0.05108950 -0.59597123
v -0.44408560 0.05894941 -0.59599459
v -0.44408560 0.06680934 -0.59601545
v -0.44408560 0.07466926 -0.59604669
v -0.44408560 0.08252918 -0.59606093
v -0.44408560 0.09038910 -0.59607249
v -0.44408560 0.09824903 -0.59609580
v -0.44408560 0.10610895 -0.59611148
v -0.44408560 0.11396887 -0.59613758
v -0.44408560 0.12182879 -0.59615213
v -0.44408560 0.12968871 -0.59616435
v -0.44408560 0.13754864 -0.59616351
v -0.44408560 0.14540856 -0.59616107
v -0.44408560 0.15326849 -0.59616244
v -0.44408560 0.16112840 -0.59616643
v -0.44408560 0.16898833 -0.59615856
v -0.44408560 0.17684825 -0.59611946
v -0.44408560 0.18470818 -0.59604806
v -0.44408560 0.19256809 -0.59605742
v -0.44408560 0.20042801 -0.59621531
v -0.44408560 0.20828794 -0.59637624
v -0.44408560 0.21614785 -0.59649837
v -0.44408560 0.22400779 -0.59659201
v -0.44408560 0.23186770 -0.59665829
v -0.44408560 0.23972763 -0.59671551
v -0.44408560 0.24758755 -0.59675938
v -0.44408560 0.25544748 -0.59680986
v -0.44408560 0.26330739 -0.59683669
v -0.44408560 0.27116731 -0.59686452
v -0.44408560 0.27902722 -0.59687406
v -0.44408560 0.28688717 -0.59690112
v -0.44408560 0.29474708 -0.59694028
v -0.44408560 0.30260700 -0.59696865
v -0.44408560 0.31046692 -0.59700501
v -0.44408560 0.31832686 -0.59702522
v -0.44408560 0.32618678 -0.59703588
v -0.44408560 0.33404669 -0.59702742
v -0.44408560 0.34190661 -0.59701002
v -0.44408560 0.34976652 -0.59699363
v -0.44408560 0.35762647 -0.59695339
v -0.44408560 0.36548638 -0.59691018
v -0.44408560 0.37334630 -0.59687722
v -0.44408560 0.38120621 -0.59686846
v -0.44408560 0.38906616 -0.59688026
v -0.44408560 0.39692608 -0.59692007
v -0.44408560 0.40478599 -0.59698641
v -0.44408560 0.41264591 -0.59701890
v -0.44408560 0.42050582 -0.59703636
v -0.44408560 0.42836577 -0.59702504
v -0.44408560 0.43622568 -0.59701508
v -0.44408560 0.44408560 -0.59700221
v -0.44408560 0.45194551 -0.59698105
v -0.44408560 0.45980546 -0.59693033
v -0.44408560 0.46766537 -0.59685916
v -0.44408560 0.47552529 -0.59680957
v -0.44408560 0.48338521 -0.59677237
v -0.44408560 0.49124515 -0.59675062
v -0.44408560 0.49910507 -0.59673983
v -0.44408560 0.50696498 -0.59670085
v -0.44408560 0.51482493 -0.59660745
v -0.44408560 0.52268481 -0.59646016
v -0.44408560 0.53054476 -0.59621871
v -0.44408560 0.53840464 -0.59576792
v -0.44408560 0.54626459 -0.59481162
v -0.44408560 0.55227321 -0.59342414
v -0.44408560 0.55412453 -0.59296077
v -0.44408560 0.56198442 -0.58948302
v -0.44408560 0.56919098 -0.58556420
v -0.44408560 0.56984437 -0.58513337
v -0.44408560 0.57730526 -0.57770425
v -0.44408560 0.57770425 -0.57705766
v -0.44408560 0.58154619 -0.56984437
v -0.44408560 0.58556420 -0.56593043
v -0.43622568 -0.59342414 -0.58399677
v -0.43622568 -0.58556420 -0.58740854
v -0.43622568 -0.58975935 -0.58556420
v -0.43622568 -0.57770425 -0.59104246
v -0.43622568 -0.56984437 -0.59318960
v -0.43622568 -0.56198442 -0.59427446
v -0.43622568 -0.56818485 -0.59342414
v -0.43622568 -0.55412453 -0.59477448
v -0.43622568 -0.54626459 -0.59503728
v -0.43622568 -0.53840464 -0.59516567
v -0.43622568 -0.53054476 -0.59522659
v -0.43622568 -0.52268481 -0.59526598
v -0.43622568 -0.51482493 -0.59526587
v -0.43622568 -0.50696498 -0.59520882
v -0.43622568 -0.49910507 -0.59512264
v -0.43622568 -0.49124515 -0.59510165
v -0.43622568 -0.48338521 -0.59514511
v -0.43622568 -0.47552529 -0.59518766
v -0.43622568 -0.46766537 -0.59520614
v -0.43622568 -0.45980546 -0.59518898
v -0.43622568 -0.45194551 -0.59517574
v -0.43622568 -0.44408560 -0.59514147
v -0.43622568 -0.43622568 -0.59512258
v -0.43622568 -0.42836577 -0.59509796
v -0.43622568 -0.42050582 -0.59507912
v -0.43622568 -0.41264591 -0.59504682
v -0.43622568 -0.40478599 -0.59497863
v -0.43622568 -0.39692608 -0.59493577
v -0.43622568 -0.38906616 -0.59496754
v -0.43622568 -0.38120621 -0.59502298
v -0.43622568 -0.37334630 -0.59505439
v -0.43622568 -0.36548638 -0.59507859
v -0.43622568 -0.35762647 -0.59509498
v -0.43622568 -0.34976652 -0.59510565
v -0.43622568 -0.34190661 -0.59510171
v -0.43622568 -0.33404669 -0.59512651
v -0.43622568 -0.32618678 -0.59512913
v -0.43622568 -0.31832686 -0.59514719
v -0.43622568 -0.31046692 -0.59515077
v -0.43622568 -0.30260700 -0.59515291
v -0.43622568 -0.29474708 -0.59515357
v -0.43622568 -0.28688717 -0.59515947
v -0.43622568 -0.27902722 -0.59516263
v -0.43622568 -0.27116731 -0.59516710
v -0.43622568 -0.26330739 -0.59516752
v -0.43622568 -0.25544748 -0.59516191
v -0.43622568 -0.24758755 -0.59515953
v -0.43622568 -0.23972763 -0.59515351
v -0.43622568 -0.23186770 -0.59513384
v -0.43622568 -0.22400779 -0.59510016
v -0.43622568 -0.21614785 -0.59503728
v -0.43622568 -0.20828794 -0.59494215
v -0.43622568 -0.20042801 -0.59487021
v -0.43622568 -0.19256809 -0.59487867
v -0.43622568 -0.18470818 -0.59493524
v -0.43622568 -0.17684825 -0.59498429
v -0.43622568 -0.16898833 -0.59502834
v -0.43622568 -0.16112840 -0.59506029
v -0.43622568 -0.15326849 -0.59508371
v -0.43622568 -0.14540856 -0.59510797
v -0.43622568 -0.13754864 -0.59513181
v -0.43622568 -0.12968871 -0.59515482
v -0.43622568 -0.12182879 -0.59518385
v -0.43622568 -0.11396887 -0.59520161
v -0.43622568 -0.10610895 -0.59522039
v -0.43622568 -0.09824903 -0.59524196
v -0.43622568 -0.09038910 -0.59527260
v -0.43622568 -0.08252918 -0.59530574
v -0.43622568 -0.07466926 -0.59533566
v -0.43622568 -0.06680934 -0.59537494
v -0.43622568 -0.05894941 -0.59541136
v -0.43622568 -0.05108950 -0.59543777
v -0.43622568 -0.04322957 -0.59545940
v -0.43622568 -0.03536965 -0.59548736
v -0.43622568 -0.02750973 -0.59552020
v -0.43622568 -0.01964981 -0.59555811
v -0.43622568 -0.01178988 -0.59560007
v -0.43622568 -0.00392996 -0.59562832
v -0.43622568 0.00392996 -0.59565866
v -0.43622568 0.01178988 -0.59570616
v -0.43622568 0.01964981 -0.59573680
v -0.43622568 0.02750973 -0.59577703
v -0.43622568 0.03536965 -0.59580654
v -0.43622568 0.04322957 -0.59583777
v -0.43622568 0.05108950 -0.59585071
v -0.43622568 0.05894941 -0.59587544
v -0.43622568 0.06680934 -0.59589887
v -0.43622568 0.07466926 -0.59592801
v -0.43622568 0.08252918 -0.59594655
v -0.43622568 0.09038910 -0.59595573
v -0.43622568 0.09824903 -0.59597778
v -0.43622568 0.10610895 -0.59600639
v -0.43622568 0.11396887 -0.59602326
v -0.43622568 0.12182879 -0.59603757
v -0.43622568 0.12968871 -0.59604406
v -0.43622568 0.13754864 -0.59605461
v -0.43622568 0.14540856 -0.59605861
v -0.43622568 0.15326849 -0.59605336
v -0.43622568 0.16112840 -0.59605205
v -0.43622568 0.16898833 -0.59605598
v -0.43622568 0.17684825 -0.59600568
v -0.43622568 0.18470818 -0.59592777
v -0.43622568 0.19256809 -0.59594089
v -0.43622568 0.20042801 -0.59610230
v -0.43622568 0.20828794 -0.59627944
v -0.43622568 0.21614785 -0.59640640
v -0.43622568 0.22400779 -0.59649873
v -0.43622568 0.23186770 -0.59657353
v -0.43622568 0.23972763 -0.59662431
v -0.43622568 0.24758755 -0.59667587
v -0.43622568 0.25544748 -0.59672666
v -0.43622568 0.26330739 -0.59676749
v -0.43622568 0.27116731 -0.59678596
v -0.43622568 0.27902722 -0.59681505
v -0.43622568 0.28688717 -0.59684151
v -0.43622568 0.29474708 -0.59686738
v -0.43622568 0.30260700 -0.59691614
v -0.43622568 0.31046692 -0.59694934
v -0.43622568 0.31832686 -0.59697151
v -0.43622568 0.32618678 -0.59697717
v -0.43622568 0.33404669 -0.59696496
v -0.43622568 0.34190661 -0.59694725
v -0.43622568 0.34976652 -0.59692270
v -0.43622568 0.35762647 -0.59689009
v -0.43622568 0.36548638 -0.59683645
v -0.43622568 0.37334630 -0.59680575
v -0.43622568 0.38120621 -0.59677893
v -0.43622568 0.38906616 -0.59679550
v -0.43622568 0.39692608 -0.59683990
v -0.43622568 0.40478599 -0.59690535
v -0.43622568 0.41264591 -0.59694481
v -0.43622568 0.42050582 -0.59695381
v -0.43622568 0.42836577 -0.59693545
v -0.43622568 0.43622568 -0.59692097
v -0.43622568 0.44408560 -0.59690183
v -0.43622568 0.45194551 -0.59688121
v -0.43622568 0.45980546 -0.59682536
v -0.43622568 0.46766537 -0.59674001
v -0.43622568 0.47552529 -0.59668583
v -0.43622568 0.48338521 -0.59664279
v -0.43622568 0.49124515 -0.59662104
v -0.43622568 0.49910507 -0.59660804
v -0.43622568 0.50696498 -0.59657007
v -0.43622568 0.51482493 -0.59646809
v -0.43622568 0.52268481 -0.59632498
v -0.43622568 0.53054476 -0.59608263
v -0.43622568 0.53840464 -0.59563386
v -0.43622568 0.54626459 -0.59468198
v -0.43622568 0.55170065 -0.59342414
v -0.43622568 0.55412453 -0.59282357
v -0.43622568 0.56198442 -0.58942741
v -0.43622568 0.56912786 -0.58556420
v -0.43622568 0.56984437 -0.58509427
v -0.43622568 0.57720083 -0.57770425
v -0.43622568 0.57770425 -0.57688171
v -0.43622568 0.58158338 -0.56984437
v -0.43622568 0.58556420 -0.56615442
v -0.42836577 -0.59342414 -0.58399218
v -0.42836577 -0.58556420 -0.58722746
v -0.42836577 -0.58952922 -0.58556420
v -0.42836577 -0.57770425 -0.59095412
v -0.42836577 -0.56984437 -0.59308958
v -0.42836577 -0.56198442 -0.59417558
v -0.42836577 -0.56745857 -0.59342414
v -0.42836577 -0.55412453 -0.59465337
v -0.42836577 -0.54626459 -0.59489763
v -0.42836577 -0.53840464 -0.59502894
v -0.42836577 -0.53054476 -0.59510303
v -0.42836577 -0.52268481 -0.59514111
v -0.42836577 -0.51482493 -0.59514046
v -0.42836577 -0.50696498 -0.59507900
v -0.42836577 -0.49910507 -0.59498811
v -0.42836577 -0.49124515 -0.59497362
v -0.42836577 -0.48338521 -0.59501851
v -0.42836577 -0.47552529 -0.59506071
v -0.42836577 -0.46766537 -0.59506863
v -0.42836577 -0.45980546 -0.59506851
v -0.42836577 -0.45194551 -0.59504372
v -0.42836577 -0.44408560 -0.59501833
v -0.42836577 -0.43622568 -0.59499609
v -0.42836577 -0.42836577 -0.59498346
v -0.42836577 -0.42050582 -0.59495562
v -0.42836577 -0.41264591 -0.59491915
v -0.42836577 -0.40478599 -0.59484875
v -0.42836577 -0.39692608 -0.59479618
v -0.42836577 -0.38906616 -0.59483314
v -0.42836577 -0.38120621 -0.59489882
v -0.42836577 -0.37334630 -0.59493530
v -0.42836577 -0.36548638 -0.59496695
v -0.42836577 -0.35762647 -0.59497565
v -0.42836577 -0.34976652 -0.59499609
v -0.42836577 -0.34190661 -0.59500474
v -0.42836577 -0.33404669 -0.59502512
v -0.42836577 -0.32618678 -0.59503680
v -0.42836577 -0.31832686 -0.59504551
v -0.42836577 -0.31046692 -0.59505570
v -0.42836577 -0.30260700 -0.59505957
v -0.42836577 -0.29474708 -0.59506261
v -0.42836577 -0.28688717 -0.59506744
v -0.42836577 -0.27902722 -0.59507304
v -0.42836577 -0.27116731 -0.59507954
v -0.42836577 -0.26330739 -0.59507644
v -0.42836577 -0.25544748 -0.59507728
v -0.42836577 -0.24758755 -0.59506953
v -0.42836577 -0.23972763 -0.59506077
v -0.42836577 -0.23186770 -0.59503633
v -0.42836577 -0.22400779 -0.59500009
v -0.42836577 -0.21614785 -0.59494853
v -0.42836577 -0.20828794 -0.59485602
v -0.42836577 -0.20042801 -0.59476525
v -0.42836577 -0.19256809 -0.59477806
v -0.42836577 -0.18470818 -0.59483522
v -0.42836577 -0.17684825 -0.59489197
v -0.42836577 -0.16898833 -0.59494179
v -0.42836577 -0.16112840 -0.59497571
v -0.42836577 -0.15326849 -0.59499764
v -0.42836577 -0.14540856 -0.59502357
v -0.42836577 -0.13754864 -0.59504235
v -0.42836577 -0.12968871 -0.59506351
v -0.42836577 -0.12182879 -0.59507900
v -0.42836577 -0.11396887 -0.59509766
v -0.42836577 -0.10610895 -0.59511459
v -0.42836577 -0.09824903 -0.59513187
v -0.42836577 -0.09038910 -0.59516066
v -0.42836577 -0.08252918 -0.59519267
v -0.42836577 -0.07466926 -0.59522218
v -0.42836577 -0.06680934 -0.59525651
v -0.42836577 -0.05894941 -0.59528315
v -0.42836577 -0.05108950 -0.59530717
v -0.42836577 -0.04322957 -0.59532410
v -0.42836577 -0.03536965 -0.59534872
v -0.42836577 -0.02750973 -0.59538221
v -0.42836577 -0.01964981 -0.59542400
v -0.42836577 -0.01178988 -0.59546304
v -0.42836577 -0.00392996 -0.59548962
v -0.42836577 0.00392996 -0.59552908
v -0.42836577 0.01178988 -0.59555817
v -0.42836577 0.01964981 -0.59560156
v -0.42836577 0.02750973 -0.59564096
v -0.42836577 0.03536965 -0.59567010
v -0.42836577 0.04322957 -0.59569681
v -0.42836577 0.05108950 -0.59572315
v -0.42836577 0.05894941 -0.59573841
v -0.42836577 0.06680934 -0.59577364
v -0.42836577 0.07466926 -0.59580433
v -0.42836577 0.08252918 -0.59582055
v -0.42836577 0.09038910 -0.59583712
v -0.42836577 0.09824903 -0.59585506
v -0.42836577 0.10610895 -0.59588498
v -0.42836577 0.11396887 -0.59590536
v -0.42836577 0.12182879 -0.59592599
v -0.42836577 0.12968871 -0.59593618
v -0.42836577 0.13754864 -0.59593725
v -0.42836577 0.14540856 -0.59593809
v -0.42836577 0.15326849 -0.59593809
v -0.42836577 0.16112840 -0.59594351
v -0.42836577 0.16898833 -0.59592223
v -0.42836577 0.17684825 -0.59588844
v -0.42836577 0.18470818 -0.59581226
v -0.42836577 0.19256809 -0.59583098
v -0.42836577 0.20042801 -0.59599632
v -0.42836577 0.20828794 -0.59617901
v -0.42836577 0.21614785 -0.59631228
v -0.42836577 0.22400779 -0.59640974
v -0.42836577 0.23186770 -0.59648573
v -0.42836577 0.23972763 -0.59653813
v -0.42836577 0.24758755 -0.59659702
v -0.42836577 0.25544748 -0.59663838
v -0.42836577 0.26330739 -0.59668207
v -0.42836577 0.27116731 -0.59671783
v -0.42836577 0.27902722 -0.59674704
v -0.42836577 0.28688717 -0.59677744
v -0.42836577 0.29474708 -0.59680957
v -0.42836577 0.30260700 -0.59685481
v -0.42836577 0.31046692 -0.59689873
v -0.42836577 0.31832686 -0.59690821
v -0.42836577 0.32618678 -0.59691656
v -0.42836577 0.33404669 -0.59690005
v -0.42836577 0.34190661 -0.59688014
v -0.42836577 0.34976652 -0.59685177
v -0.42836577 0.35762647 -0.59681541
v -0.42836577 0.36548638 -0.59675956
v -0.42836577 0.37334630 -0.59672397
v -0.42836577 0.38120621 -0.59669793
v -0.42836577 0.38906616 -0.59670931
v -0.42836577 0.39692608 -0.59675610
v -0.42836577 0.40478599 -0.59682453
v -0.42836577 0.41264591 -0.59685874
v -0.42836577 0.42050582 -0.59685594
v -0.42836577 0.42836577 -0.59684426
v -0.42836577 0.43622568 -0.59681988
v -0.42836577 0.44408560 -0.59679323
v -0.42836577 0.45194551 -0.59677511
v -0.42836577 0.45980546 -0.59671181
v -0.42836577 0.46766537 -0.59662688
v -0.42836577 0.47552529 -0.59655291
v -0.42836577 0.48338521 -0.59650701
v -0.42836577 0.49124515 -0.59647834
v -0.42836577 0.49910507 -0.59647232
v -0.42836577 0.50696498 -0.59643453
v -0.42836577 0.51482493 -0.59633815
v -0.42836577 0.52268481 -0.59619200
v -0.42836577 0.53054476 -0.59596276
v -0.42836577 0.53840464 -0.59549415
v -0.42836577 0.54626459 -0.59450895
v -0.42836577 0.55097532 -0.59342414
v -0.42836577 0.55412453 -0.59265846
v -0.42836577 0.56198442 -0.58930677
v -0.42836577 0.56889182 -0.58556420
v -0.42836577 0.56984437 -0.58494842
v -0.42836577 0.57707775 -0.57770425
v -0.42836577 0.57770425 -0.57667416
v -0.42836577 0.58163679 -0.56984437
v -0.42836577 0.58556420 -0.56638336
v -0.42050582 -0.59342414 -0.58406138
v -0.42050582 -0.58556420 -0.58697653
v -0.42050582 -0.58928537 -0.58556420
v -0.42050582 -0.57770425 -0.59079856
v -0.42050582 -0.56984437 -0.59296274
v -0.42050582 -0.56198442 -0.59404641
v -0.42050582 -0.56653172 -0.59342414
v -0.42050582 -0.55412453 -0.59451014
v -0.42050582 -0.54626459 -0.59475446
v -0.42050582 -0.53840464 -0.59489095
v -0.42050582 -0.53054476 -0.59497339
v -0.42050582 -0.52268481 -0.59501344
v -0.42050582 -0.51482493 -0.59501511
v -0.42050582 -0.50696498 -0.59495866
v -0.42050582 -0.49910507 -0.59487194
v -0.42050582 -0.49124515 -0.59484327
v -0.42050582 -0.48338521 -0.59490108
v -0.42050582 -0.47552529 -0.59492981
v -0.42050582 -0.46766537 -0.59494030
v -0.42050582 -0.45980546 -0.59492838
v -0.42050582 -0.45194551 -0.59491193
v -0.42050582 -0.44408560 -0.59487897
v -0.42050582 -0.43622568 -0.59486663
v -0.42050582 -0.42836577 -0.59483933
v -0.42050582 -0.42050582 -0.59481210
v -0.42050582 -0.41264591 -0.59477299
v -0.42050582 -0.40478599 -0.59470642
v -0.42050582 -0.39692608 -0.59465635
v -0.42050582 -0.38906616 -0.59469366
v -0.42050582 -0.38120621 -0.59476233
v -0.42050582 -0.37334630 -0.59481025
v -0.42050582 -0.36548638 -0.59483558
v -0.42050582 -0.35762647 -0.59486294
v -0.42050582 -0.34976652 -0.59487838
v -0.42050582 -0.34190661 -0.59489238
v -0.42050582 -0.33404669 -0.59491777
v -0.42050582 -0.32618678 -0.59492862
v -0.42050582 -0.31832686 -0.59494746
v -0.42050582 -0.31046692 -0.59495926
v -0.42050582 -0.30260700 -0.59496236
v -0.42050582 -0.29474708 -0.59496790
v -0.42050582 -0.28688717 -0.59497184
v -0.42050582 -0.27902722 -0.59497964
v -0.42050582 -0.27116731 -0.59498274
v -0.42050582 -0.26330739 -0.59498268
v -0.42050582 -0.25544748 -0.59497720
v -0.42050582 -0.24758755 -0.59497160
v -0.42050582 -0.23972763 -0.59496373
v -0.42050582 -0.23186770 -0.59494078
v -0.42050582 -0.22400779 -0.59490675
v -0.42050582 -0.21614785 -0.59484464
v -0.42050582 -0.20828794 -0.59475982
v -0.42050582 -0.20042801 -0.59466875
v -0.42050582 -0.19256809 -0.59467083
v -0.42050582 -0.18470818 -0.59473181
v -0.42050582 -0.17684825 -0.59479105
v -0.42050582 -0.16898833 -0.59484005
v -0.42050582 -0.16112840 -0.59488308
v -0.42050582 -0.15326849 -0.59491062
v -0.42050582 -0.14540856 -0.59493107
v -0.42050582 -0.13754864 -0.59495300
v -0.42050582 -0.12968871 -0.59496468
v -0.42050582 -0.12182879 -0.59498119
v -0.42050582 -0.11396887 -0.59499061
v -0.42050582 -0.10610895 -0.59501094
v -0.42050582 -0.09824903 -0.59502190
v -0.42050582 -0.09038910 -0.59504533
v -0.42050582 -0.08252918 -0.59507984
v -0.42050582 -0.07466926 -0.59510261
v -0.42050582 -0.06680934 -0.59513444
v -0.42050582 -0.05894941 -0.59515995
v -0.42050582 -0.05108950 -0.59516925
v -0.42050582 -0.04322957 -0.59518951
v -0.42050582 -0.03536965 -0.59521216
v -0.42050582 -0.02750973 -0.59524143
v -0.42050582 -0.01964981 -0.59527963
v -0.42050582 -0.01178988 -0.59532022
v -0.42050582 -0.00392996 -0.59534878
v -0.42050582 0.00392996 -0.59538078
v -0.42050582 0.01178988 -0.59543061
v -0.42050582 0.01964981 -0.59547043
v -0.42050582 0.02750973 -0.59550989
v -0.42050582 0.03536965 -0.59553921
v -0.42050582 0.04322957 -0.59556741
v -0.42050582 0.05108950 -0.59558100
v -0.42050582 0.05894941 -0.59559751
v -0.42050582 0.06680934 -0.59562898
v -0.42050582 0.07466926 -0.59566277
v -0.42050582 0.08252918 -0.59568608
v -0.42050582 0.09038910 -0.59571171
v -0.42050582 0.09824903 -0.59572965
v -0.42050582 0.10610895 -0.59576488
v -0.42050582 0.11396887 -0.59578621
v -0.42050582 0.12182879 -0.59580380
v -0.42050582 0.12968871 -0.59581459
v -0.42050582 0.13754864 -0.59582382
v -0.42050582 0.14540856 -0.59581625
v -0.42050582 0.15326849 -0.59581214
v -0.42050582 0.16112840 -0.59581852
v -0.42050582 0.16898833 -0.59580696
v -0.42050582 0.17684825 -0.59577155
v -0.42050582 0.18470818 -0.59570658
v -0.42050582 0.19256809 -0.59572071
v -0.42050582 0.20042801 -0.59589165
v -0.42050582 0.20828794 -0.59606636
v -0.42050582 0.21614785 -0.59620786
v -0.42050582 0.22400779 -0.59631175
v -0.42050582 0.23186770 -0.59638542
v -0.42050582 0.23972763 -0.59644508
v -0.42050582 0.24758755 -0.59649259
v -0.42050582 0.25544748 -0.59655356
v -0.42050582 0.26330739 -0.59659249
v -0.42050582 0.27116731 -0.59662294
v -0.42050582 0.27902722 -0.59665757
v -0.42050582 0.28688717 -0.59668678
v -0.42050582 0.29474708 -0.59672546
v -0.42050582 0.30260700 -0.59677517
v -0.42050582 0.31046692 -0.59681696
v -0.42050582 0.31832686 -0.59683388
v -0.42050582 0.32618678 -0.59683448
v -0.42050582 0.33404669 -0.59681875
v -0.42050582 0.34190661 -0.59679097
v -0.42050582 0.34976652 -0.59675848
v -0.42050582 0.35762647 -0.59671700
v -0.42050582 0.36548638 -0.59665823
v -0.42050582 0.37334630 -0.59661621
v -0.42050582 0.38120621 -0.59659547
v -0.42050582 0.38906616 -0.59659666
v -0.42050582 0.39692608 -0.59664971
v -0.42050582 0.40478599 -0.59672368
v -0.42050582 0.41264591 -0.59675926
v -0.42050582 0.42050582 -0.59676158
v -0.42050582 0.42836577 -0.59674174
v -0.42050582 0.43622568 -0.59671205
v -0.42050582 0.44408560 -0.59669298
v -0.42050582 0.45194551 -0.59665406
v -0.42050582 0.45980546 -0.59659261
v -0.42050582 0.46766537 -0.59649819
v -0.42050582 0.47552529 -0.59642351
v -0.42050582 0.48338521 -0.59638608
v -0.42050582 0.49124515 -0.59634817
v -0.42050582 0.49910507 -0.59633088
v -0.42050582 0.50696498 -0.59630382
v -0.42050582 0.51482493 -0.59621453
v -0.42050582 0.52268481 -0.59607524
v -0.42050582 0.53054476 -0.59583855
v -0.42050582 0.53840464 -0.59536189
v -0.42050582 0.54626459 -0.59435213
v -0.42050582 0.55028594 -0.59342414
v -0.42050582 0.55412453 -0.59249431
v -0.42050582 0.56198442 -0.58918065
v -0.42050582 0.56865525 -0.58556420
v -0.42050582 0.56984437 -0.58479041
v -0.42050582 0.57697016 -0.57770425
v -0.42050582 0.57770425 -0.57650495
v -0.42050582 0.58168232 -0.56984437
v -0.42050582 0.58556420 -0.56652194
v -0.41264591 -0.59342414 -0.58420748
v -0.41264591 -0.58556420 -0.58667517
v -0.41264591 -0.58900392 -0.58556420
v -0.41264591 -0.57770425 -0.59056520
v -0.41264591 -0.56984437 -0.59275466
v -0.41264591 -0.56198442 -0.59386241
v -0.41264591 -0.56511921 -0.59342414
v -0.41264591 -0.55412453 -0.59433156
v -0.41264591 -0.54626459 -0.59458023
v -0.41264591 -0.53840464 -0.59471506
v -0.41264591 -0.53054476 -0.59481764
v -0.41264591 -0.52268481 -0.59487092
v -0.41264591 -0.51482493 -0.59487844
v -0.41264591 -0.50696498 -0.59482938
v -0.41264591 -0.49910507 -0.59474456
v -0.41264591 -0.49124515 -0.59471732
v -0.41264591 -0.48338521 -0.59476089
v -0.41264591 -0.47552529 -0.59480059
v -0.41264591 -0.46766537 -0.59481454
v -0.41264591 -0.45980546 -0.59479749
v -0.41264591 -0.45194551 -0.59477818
v -0.41264591 -0.44408560 -0.59474683
v -0.41264591 -0.43622568 -0.59472132
v -0.41264591 -0.42836577 -0.59470463
v -0.41264591 -0.42050582 -0.59467494
v -0.41264591 -0.41264591 -0.59463489
v -0.41264591 -0.40478599 -0.59456742
v -0.41264591 -0.39692608 -0.59450650
v -0.41264591 -0.38906616 -0.59454840
v -0.41264591 -0.38120621 -0.59462428
v -0.41264591 -0.37334630 -0.59468246
v -0.41264591 -0.36548638 -0.59471321
v -0.41264591 -0.35762647 -0.59474510
v -0.41264591 -0.34976652 -0.59476781
v -0.41264591 -0.34190661 -0.59478009
v -0.41264591 -0.33404669 -0.59480196
v -0.41264591 -0.32618678 -0.59483057
v -0.41264591 -0.31832686 -0.59484214
v -0.41264591 -0.31046692 -0.59485471
v -0.41264591 -0.30260700 -0.59486777
v -0.41264591 -0.29474708 -0.59486997
v -0.41264591 -0.28688717 -0.59487706
v -0.41264591 -0.27902722 -0.59489799
v -0.41264591 -0.27116731 -0.59489155
v -0.41264591 -0.26330739 -0.59488505
v -0.41264591 -0.25544748 -0.59488422
v -0.41264591 -0.24758755 -0.59487087
v -0.41264591 -0.23972763 -0.59486556
v -0.41264591 -0.23186770 -0.59483904
v -0.41264591 -0.22400779 -0.59480584
v -0.41264591 -0.21614785 -0.59474385
v -0.41264591 -0.20828794 -0.59465069
v -0.41264591 -0.20042801 -0.59456235
v -0.41264591 -0.19256809 -0.59456319
v -0.41264591 -0.18470818 -0.59463096
v -0.41264591 -0.17684825 -0.59470123
v -0.41264591 -0.16898833 -0.59475356
v -0.41264591 -0.16112840 -0.59479606
v -0.41264591 -0.15326849 -0.59482062
v -0.41264591 -0.14540856 -0.59484249
v -0.41264591 -0.13754864 -0.59485745
v -0.41264591 -0.12968871 -0.59487706
v -0.41264591 -0.12182879 -0.59489030
v -0.41264591 -0.11396887 -0.59490460
v -0.41264591 -0.10610895 -0.59492040
v -0.41264591 -0.09824903 -0.59493220
v -0.41264591 -0.09038910 -0.59495473
v -0.41264591 -0.08252918 -0.59497815
v -0.41264591 -0.07466926 -0.59500629
v -0.41264591 -0.06680934 -0.59503382
v -0.41264591 -0.05894941 -0.59505904
v -0.41264591 -0.05108950 -0.59505445
v -0.41264591 -0.04322957 -0.59507334
v -0.41264591 -0.03536965 -0.59508759
v -0.41264591 -0.02750973 -0.59512210
v -0.41264591 -0.01964981 -0.59515572
v -0.41264591 -0.01178988 -0.59519428
v -0.41264591 -0.00392996 -0.59522688
v -0.41264591 0.00392996 -0.59526414
v -0.41264591 0.01178988 -0.59530389
v -0.41264591 0.01964981 -0.59533781
v -0.41264591 0.02750973 -0.59537983
v -0.41264591 0.03536965 -0.59541559
v -0.41264591 0.04322957 -0.59543473
v -0.41264591 0.05108950 -0.59545881
v -0.41264591 0.05894941 -0.59547824
v -0.41264591 0.06680934 -0.59550476
v -0.41264591 0.07466926 -0.59553057
v -0.41264591 0.08252918 -0.59556204
v -0.41264591 0.09038910 -0.59558868
v -0.41264591 0.09824903 -0.59561598
v -0.41264591 0.10610895 -0.59564131
v -0.41264591 0.11396887 -0.59567291
v -0.41264591 0.12182879 -0.59568751
v -0.41264591 0.12968871 -0.59570110
v -0.41264591 0.13754864 -0.59570962
v -0.41264591 0.14540856 -0.59570122
v -0.41264591 0.15326849 -0.59570670
v -0.41264591 0.16112840 -0.59570247
v -0.41264591 0.16898833 -0.59569621
v -0.41264591 0.17684825 -0.59567070
v -0.41264591 0.18470818 -0.59561068
v -0.41264591 0.19256809 -0.59561723
v -0.41264591 0.20042801 -0.59577638
v -0.41264591 0.20828794 -0.59596974
v -0.41264591 0.21614785 -0.59610492
v -0.41264591 0.22400779 -0.59620529
v -0.41264591 0.23186770 -0.59628981
v -0.41264591 0.23972763 -0.59634209
v -0.41264591 0.24758755 -0.59639180
v -0.41264591 0.25544748 -0.59644568
v -0.41264591 0.26330739 -0.59648335
v -0.41264591 0.27116731 -0.59650952
v -0.41264591 0.27902722 -0.59653467
v -0.41264591 0.28688717 -0.59657204
v -0.41264591 0.29474708 -0.59661901
v -0.41264591 0.30260700 -0.59666657
v -0.41264591 0.31046692 -0.59670109
v -0.41264591 0.31832686 -0.59672034
v -0.41264591 0.32618678 -0.59671295
v -0.41264591 0.33404669 -0.59669697
v -0.41264591 0.34190661 -0.59667176
v -0.41264591 0.34976652 -0.59663856
v -0.41264591 0.35762647 -0.59658962
v -0.41264591 0.36548638 -0.59652698
v -0.41264591 0.37334630 -0.59648013
v -0.41264591 0.38120621 -0.59646904
v -0.41264591 0.38906616 -0.59646261
v -0.41264591 0.39692608 -0.59653091
v -0.41264591 0.40478599 -0.59661341
v -0.41264591 0.41264591 -0.59664869
v -0.41264591 0.42050582 -0.59664661
v -0.41264591 0.42836577 -0.59662586
v -0.41264591 0.43622568 -0.59659892
v -0.41264591 0.44408560 -0.59657443
v -0.41264591 0.45194551 -0.59654444
v -0.41264591 0.45980546 -0.59647930
v -0.41264591 0.46766537 -0.59636813
v -0.41264591 0.47552529 -0.59629893
v -0.41264591 0.48338521 -0.59624732
v -0.41264591 0.49124515 -0.59620440
v -0.41264591 0.49910507 -0.59619892
v -0.41264591 0.50696498 -0.59617078
v -0.41264591 0.51482493 -0.59607011
v -0.41264591 0.52268481 -0.59594303
v -0.41264591 0.53054476 -0.59570742
v -0.41264591 0.53840464 -0.59521037
v -0.41264591 0.54626459 -0.59420019
v -0.41264591 0.54960448 -0.59342414
v -0.41264591 0.55412453 -0.59233046
v -0.41264591 0.56198442 -0.58901912
v -0.41264591 0.56838238 -0.58556420
v -0.41264591 0.56984437 -0.58461511
v -0.41264591 0.57681787 -0.57770425
v -0.41264591 0.57770425 -0.57627118
v -0.41264591 0.58168906 -0.56984437
v -0.41264591 0.58556420 -0.56660610
v -0.40478599 -0.59342414 -0.58435690
v -0.40478599 -0.58556420 -0.58636540
v -0.40478599 -0.58859849 -0.58556420
v -0.40478599 -0.57770425 -0.59019864
v -0.40478599 -0.56984437 -0.59240156
v -0.40478599 -0.56198442 -0.59355700
v -0.40478599 -0.56289387 -0.59342414
v -0.40478599 -0.55412453 -0.59405828
v -0.40478599 -0.54626459 -0.59433615
v -0.40478599 -0.53840464 -0.59451175
v -0.40478599 -0.53054476 -0.59462953
v -0.40478599 -0.52268481 -0.59470707
v -0.40478599 -0.51482493 -0.59472853
v -0.40478599 -0.50696498 -0.59468704
v -0.40478599 -0.49910507 -0.59461671
v -0.40478599 -0.49124515 -0.59459025
v -0.40478599 -0.48338521 -0.59464401
v -0.40478599 -0.47552529 -0.59469146
v -0.40478599 -0.46766537 -0.59469384
v -0.40478599 -0.45980546 -0.59468395
v -0.40478599 -0.45194551 -0.59466267
v -0.40478599 -0.44408560 -0.59462798
v -0.40478599 -0.43622568 -0.59462076
v -0.40478599 -0.42836577 -0.59459674
v -0.40478599 -0.42050582 -0.59456164
v -0.40478599 -0.41264591 -0.59452093
v -0.40478599 -0.40478599 -0.59446090
v -0.40478599 -0.39692608 -0.59440237
v -0.40478599 -0.38906616 -0.59444761
v -0.40478599 -0.38120621 -0.59452832
v -0.40478599 -0.37334630 -0.59458673
v -0.40478599 -0.36548638 -0.59462470
v -0.40478599 -0.35762647 -0.59466392
v -0.40478599 -0.34976652 -0.59468621
v -0.40478599 -0.34190661 -0.59470159
v -0.40478599 -0.33404669 -0.59473234
v -0.40478599 -0.32618678 -0.59475696
v -0.40478599 -0.31832686 -0.59477454
v -0.40478599 -0.31046692 -0.59479767
v -0.40478599 -0.30260700 -0.59479618
v -0.40478599 -0.29474708 -0.59479630
v -0.40478599 -0.28688717 -0.59482002
v -0.40478599 -0.27902722 -0.59482616
v -0.40478599 -0.27116731 -0.59482944
v -0.40478599 -0.26330739 -0.59482408
v -0.40478599 -0.25544748 -0.59481543
v -0.40478599 -0.24758755 -0.59479445
v -0.40478599 -0.23972763 -0.59478635
v -0.40478599 -0.23186770 -0.59475678
v -0.40478599 -0.22400779 -0.59470356
v -0.40478599 -0.21614785 -0.59464514
v -0.40478599 -0.20828794 -0.59455657
v -0.40478599 -0.20042801 -0.59446716
v -0.40478599 -0.19256809 -0.59447330
v -0.40478599 -0.18470818 -0.59453678
v -0.40478599 -0.17684825 -0.59461361
v -0.40478599 -0.16898833 -0.59467441
v -0.40478599 -0.16112840 -0.59471786
v -0.40478599 -0.15326849 -0.59475410
v -0.40478599 -0.14540856 -0.59477174
v -0.40478599 -0.13754864 -0.59479547
v -0.40478599 -0.12968871 -0.59481543
v -0.40478599 -0.12182879 -0.59483767
v -0.40478599 -0.11396887 -0.59485406
v -0.40478599 -0.10610895 -0.59486145
v -0.40478599 -0.09824903 -0.59488320
v -0.40478599 -0.09038910 -0.59489959
v -0.40478599 -0.08252918 -0.59492838
v -0.40478599 -0.07466926 -0.59496176
v -0.40478599 -0.06680934 -0.59497809
v -0.40478599 -0.05894941 -0.59498358
v -0.40478599 -0.05108950 -0.59499061
v -0.40478599 -0.04322957 -0.59499925
v -0.40478599 -0.03536965 -0.59500551
v -0.40478599 -0.02750973 -0.59502989
v -0.40478599 -0.01964981 -0.59506357
v -0.40478599 -0.01178988 -0.59510851
v -0.40478599 -0.00392996 -0.59513676
v -0.40478599 0.00392996 -0.59518307
v -0.40478599 0.01178988 -0.59521854
v -0.40478599 0.01964981 -0.59526128
v -0.40478599 0.02750973 -0.59529960
v -0.40478599 0.03536965 -0.59532672
v -0.40478599 0.04322957 -0.59534889
v -0.40478599 0.05108950 -0.59536737
v -0.40478599 0.05894941 -0.59539330
v -0.40478599 0.06680934 -0.59542060
v -0.40478599 0.07466926 -0.59543997
v -0.40478599 0.08252918 -0.59547013
v -0.40478599 0.09038910 -0.59549618
v -0.40478599 0.09824903 -0.59552360
v -0.40478599 0.10610895 -0.59555036
v -0.40478599 0.11396887 -0.59557450
v -0.40478599 0.12182879 -0.59558982
v -0.40478599 0.12968871 -0.59560448
v -0.40478599 0.13754864 -0.59560853
v -0.40478599 0.14540856 -0.59561288
v -0.40478599 0.15326849 -0.59561729
v -0.40478599 0.16112840 -0.59561116
v -0.40478599 0.16898833 -0.59560686
v -0.40478599 0.17684825 -0.59557885
v -0.40478599 0.18470818 -0.59553820
v -0.40478599 0.19256809 -0.59554142
v -0.40478599 0.20042801 -0.59569311
v -0.40478599 0.20828794 -0.59589416
v -0.40478599 0.21614785 -0.59602225
v -0.40478599 0.22400779 -0.59613371
v -0.40478599 0.23186770 -0.59620410
v -0.40478599 0.23972763 -0.59626776
v -0.40478599 0.24758755 -0.59631765
v -0.40478599 0.25544748 -0.59637111
v -0.40478599 0.26330739 -0.59640265
v -0.40478599 0.27116731 -0.59642792
v -0.40478599 0.27902722 -0.59644568
v -0.40478599 0.28688717 -0.59647322
v -0.40478599 0.29474708 -0.59650576
v -0.40478599 0.30260700 -0.59654909
v -0.40478599 0.31046692 -0.59658587
v -0.40478599 0.31832686 -0.59659064
v -0.40478599 0.32618678 -0.59658903
v -0.40478599 0.33404669 -0.59657443
v -0.40478599 0.34190661 -0.59654748
v -0.40478599 0.34976652 -0.59651214
v -0.40478599 0.35762647 -0.59646368
v -0.40478599 0.36548638 -0.59640056
v -0.40478599 0.37334630 -0.59635639
v -0.40478599 0.38120621 -0.59633690
v -0.40478599 0.38906616 -0.59635139
v -0.40478599 0.39692608 -0.59642112
v -0.40478599 0.40478599 -0.59649920
v -0.40478599 0.41264591 -0.59654289
v -0.40478599 0.42050582 -0.59654099
v -0.40478599 0.42836577 -0.59652168
v -0.40478599 0.43622568 -0.59649354
v -0.40478599 0.44408560 -0.59647352
v -0.40478599 0.45194551 -0.59643930
v -0.40478599 0.45980546 -0.59636694
v -0.40478599 0.46766537 -0.59626901
v -0.40478599 0.47552529 -0.59618574
v -0.40478599 0.48338521 -0.59613150
v -0.40478599 0.49124515 -0.59610212
v -0.40478599 0.49910507 -0.59609509
v -0.40478599 0.50696498 -0.59604931
v -0.40478599 0.51482493 -0.59594399
v -0.40478599 0.52268481 -0.59580481
v -0.40478599 0.53054476 -0.59557372
v -0.40478599 0.53840464 -0.59507042
v -0.40478599 0.54626459 -0.59405041
v -0.40478599 0.54895997 -0.59342414
v -0.40478599 0.55412453 -0.59217745
v -0.40478599 0.56198442 -0.58885491
v -0.40478599 0.56802940 -0.58556420
v -0.40478599 0.56984437 -0.58436823
v -0.40478599 0.57659274 -0.57770425
v -0.40478599 0.57770425 -0.57592052
v -0.40478599 0.58158737 -0.56984437
v -0.40478599 0.58556420 -0.56658351
v -0.39692608 -0.59342414 -0.58424836
v -0.39692608 -0.58556420 -0.58581525
v -0.39692608 -0.58677304 -0.58556420
v -0.39692608 -0.57770425 -0.58956295
v -0.39692608 -0.56984437 -0.59185714
v -0.40253538 -0.56198442 -0.59342414
v -0.39692608 -0.56198442 -0.59309387
v -0.39692608 -0.55412453 -0.59365511
v -0.39692608 -0.55736154 -0.59342414
v -0.39692608 -0.54626459 -0.59398001
v -0.39692608 -0.53840464 -0.59420699
v -0.39692608 -0.53054476 -0.59436309
v -0.39692608 -0.52268481 -0.59445757
v -0.39692608 -0.51482493 -0.59450543
v -0.39692608 -0.50696498 -0.59446800
v -0.39692608 -0.49910507 -0.59441584
v -0.39692608 -0.49124515 -0.59439528
v -0.39692608 -0.48338521 -0.59446216
v -0.39692608 -0.47552529 -0.59452105
v -0.39692608 -0.46766537 -0.59454501
v -0.39692608 -0.45980546 -0.59453166
v -0.39692608 -0.45194551 -0.59451026
v -0.39692608 -0.44408560 -0.59449673
v -0.39692608 -0.43622568 -0.59448022
v -0.39692608 -0.42836577 -0.59445375
v -0.39692608 -0.42050582 -0.59442973
v -0.39692608 -0.41264591 -0.59438396
v -0.39692608 -0.40478599 -0.59431732
v -0.39692608 -0.39692608 -0.59428817
v -0.39692608 -0.38906616 -0.59430933
v -0.39692608 -0.38120621 -0.59440976
v -0.39692608 -0.37334630 -0.59447229
v -0.39692608 -0.36548638 -0.59451830
v -0.39692608 -0.35762647 -0.59454864
v -0.39692608 -0.34976652 -0.59458077
v -0.39692608 -0.34190661 -0.59461004
v -0.39692608 -0.33404669 -0.59464145
v -0.39692608 -0.32618678 -0.59467179
v -0.39692608 -0.31832686 -0.59468257
v -0.39692608 -0.31046692 -0.59470254
v -0.39692608 -0.30260700 -0.59470588
v -0.39692608 -0.29474708 -0.59472239
v -0.39692608 -0.28688717 -0.59473819
v -0.39692608 -0.27902722 -0.59475678
v -0.39692608 -0.27116731 -0.59475416
v -0.39692608 -0.26330739 -0.59474748
v -0.39692608 -0.25544748 -0.59473443
v -0.39692608 -0.24758755 -0.59471029
v -0.39692608 -0.23972763 -0.59469998
v -0.39692608 -0.23186770 -0.59467220
v -0.39692608 -0.22400779 -0.59462106
v -0.39692608 -0.21614785 -0.59455794
v -0.39692608 -0.20828794 -0.59446502
v -0.39692608 -0.20042801 -0.59436888
v -0.39692608 -0.19256809 -0.59437799
v -0.39692608 -0.18470818 -0.59445858
v -0.39692608 -0.17684825 -0.59454107
v -0.39692608 -0.16898833 -0.59461552
v -0.39692608 -0.16112840 -0.59465700
v -0.39692608 -0.15326849 -0.59468460
v -0.39692608 -0.14540856 -0.59471565
v -0.39692608 -0.13754864 -0.59473151
v -0.39692608 -0.12968871 -0.59475750
v -0.39692608 -0.12182879 -0.59477568
v -0.39692608 -0.11396887 -0.59479392
v -0.39692608 -0.10610895 -0.59480441
v -0.39692608 -0.09824903 -0.59481788
v -0.39692608 -0.09038910 -0.59484166
v -0.39692608 -0.08252918 -0.59486729
v -0.39692608 -0.07466926 -0.59489191
v -0.39692608 -0.06680934 -0.59490556
v -0.39692608 -0.05894941 -0.59492266
v -0.39692608 -0.05108950 -0.59491140
v -0.39692608 -0.04322957 -0.59491378
v -0.39692608 -0.03536965 -0.59492707
v -0.39692608 -0.02750973 -0.59494442
v -0.39692608 -0.01964981 -0.59497106
v -0.39692608 -0.01178988 -0.59500700
v -0.39692608 -0.00392996 -0.59503788
v -0.39692608 0.00392996 -0.59507793
v -0.39692608 0.01178988 -0.59512627
v -0.39692608 0.01964981 -0.59517014
v -0.39692608 0.02750973 -0.59520406
v -0.39692608 0.03536965 -0.59523898
v -0.39692608 0.04322957 -0.59526432
v -0.39692608 0.05108950 -0.59528446
v -0.39692608 0.05894941 -0.59530610
v -0.39692608 0.06680934 -0.59532136
v -0.39692608 0.07466926 -0.59535158
v -0.39692608 0.08252918 -0.59537286
v -0.39692608 0.09038910 -0.59540266
v -0.39692608 0.09824903 -0.59543794
v -0.39692608 0.10610895 -0.59545302
v -0.39692608 0.11396887 -0.59547454
v -0.39692608 0.12182879 -0.59548819
v -0.39692608 0.12968871 -0.59549934
v -0.39692608 0.13754864 -0.59551394
v -0.39692608 0.14540856 -0.59551525
v -0.39692608 0.15326849 -0.59552556
v -0.39692608 0.16112840 -0.59552771
v -0.39692608 0.16898833 -0.59552675
v -0.39692608 0.17684825 -0.59551340
v -0.39692608 0.18470818 -0.59546846
v -0.39692608 0.19256809 -0.59547299
v -0.39692608 0.20042801 -0.59562522
v -0.39692608 0.20828794 -0.59581983
v -0.39692608 0.21614785 -0.59596872
v -0.39692608 0.22400779 -0.59607089
v -0.39692608 0.23186770 -0.59614742
v -0.39692608 0.23972763 -0.59621090
v -0.39692608 0.24758755 -0.59626222
v -0.39692608 0.25544748 -0.59631395
v -0.39692608 0.26330739 -0.59634131
v -0.39692608 0.27116731 -0.59636205
v -0.39692608 0.27902722 -0.59637505
v -0.39692608 0.28688717 -0.59639257
v -0.39692608 0.29474708 -0.59642160
v -0.39692608 0.30260700 -0.59646028
v -0.39692608 0.31046692 -0.59648651
v -0.39692608 0.31832686 -0.59649527
v -0.39692608 0.32618678 -0.59648979
v -0.39692608 0.33404669 -0.59647030
v -0.39692608 0.34190661 -0.59644383
v -0.39692608 0.34976652 -0.59641188
v -0.39692608 0.35762647 -0.59636271
v -0.39692608 0.36548638 -0.59630656
v -0.39692608 0.37334630 -0.59626067
v -0.39692608 0.38120621 -0.59623832
v -0.39692608 0.38906616 -0.59626180
v -0.39692608 0.39692608 -0.59632593
v -0.39692608 0.40478599 -0.59640956
v -0.39692608 0.41264591 -0.59645838
v -0.39692608 0.42050582 -0.59646046
v -0.39692608 0.42836577 -0.59645230
v -0.39692608 0.43622568 -0.59642267
v -0.39692608 0.44408560 -0.59639829
v -0.39692608 0.45194551 -0.59636647
v -0.39692608 0.45980546 -0.59630007
v -0.39692608 0.46766537 -0.59619498
v -0.39692608 0.47552529 -0.59609818
v -0.39692608 0.48338521 -0.59605998
v -0.39692608 0.49124515 -0.59603095
v -0.39692608 0.49910507 -0.59602451
v -0.39692608 0.50696498 -0.59596336
v -0.39692608 0.51482493 -0.59585309
v -0.39692608 0.52268481 -0.59570730
v -0.39692608 0.53054476 -0.59546447
v -0.39692608 0.53840464 -0.59496677
v -0.39692608 0.54626459 -0.59392309
v -0.39692608 0.54841089 -0.59342414
v -0.39692608 0.55412453 -0.59204566
v -0.39692608 0.56198442 -0.58870465
v -0.39692608 0.56775826 -0.58556420
v -0.39692608 0.56984437 -0.58417475
v -0.39692608 0.57636523 -0.57770425
v -0.39692608 0.57770425 -0.57554990
v -0.39692608 0.58138037 -0.56984437
v -0.39692608 0.58556420 -0.56638759
v -0.38906616 -0.59342414 -0.58333826
v -0.39535770 -0.58556420 -0.58556420
v -0.38906616 -0.58556420 -0.58457607
v -0.38906616 -0.57770425 -0.58830857
v -0.38906616 -0.58353162 -0.58556420
v -0.38906616 -0.56984437 -0.59079713
v -0.38906616 -0.56198442 -0.59224617
v -0.39459404 -0.55412453 -0.59342414
v -0.38906616 -0.55412453 -0.59287709
v -0.39070252 -0.54626459 -0.59342414
v -0.38906616 -0.54626459 -0.59327459
v -0.38906616 -0.53840464 -0.59358877
v -0.38906616 -0.54252493 -0.59342414
v -0.38906616 -0.53054476 -0.59380114
v -0.38906616 -0.52268481 -0.59392834
v -0.38906616 -0.51482493 -0.59396571
v -0.38906616 -0.50696498 -0.59396327
v -0.38906616 -0.49910507 -0.59388906
v -0.38906616 -0.49124515 -0.59388697
v -0.38906616 -0.48338521 -0.59396595
v -0.38906616 -0.47552529 -0.59405291
v -0.38906616 -0.46766537 -0.59408540
v -0.38906616 -0.45980546 -0.59408498
v -0.38906616 -0.45194551 -0.59406871
v -0.38906616 -0.44408560 -0.59404808
v -0.38906616 -0.43622568 -0.59403807
v -0.38906616 -0.42836577 -0.59401327
v -0.38906616 -0.42050582 -0.59399134
v -0.38906616 -0.41264591 -0.59395170
v -0.38906616 -0.40478599 -0.59388483
v -0.38906616 -0.39692608 -0.59384239
v -0.38906616 -0.38906616 -0.59389114
v -0.38906616 -0.38120621 -0.59399432
v -0.38906616 -0.37334630 -0.59408236
v -0.38906616 -0.36548638 -0.59412843
v -0.38906616 -0.35762647 -0.59416825
v -0.38906616 -0.34976652 -0.59419823
v -0.38906616 -0.34190661 -0.59423417
v -0.38906616 -0.33404669 -0.59427047
v -0.38906616 -0.32618678 -0.59429264
v -0.38906616 -0.31832686 -0.59432191
v -0.38906616 -0.31046692 -0.59434372
v -0.38906616 -0.30260700 -0.59435546
v -0.38906616 -0.29474708 -0.59438491
v -0.38906616 -0.28688717 -0.59441066
v -0.38906616 -0.27902722 -0.59443414
v -0.38906616 -0.27116731 -0.59444350
v -0.38906616 -0.26330739 -0.59445035
v -0.38906616 -0.25544748 -0.59444511
v -0.38906616 -0.24758755 -0.59444100
v -0.38906616 -0.23972763 -0.59442157
v -0.38906616 -0.23186770 -0.59439319
v -0.38906616 -0.22400779 -0.59435046
v -0.38906616 -0.21614785 -0.59427857
v -0.38906616 -0.20828794 -0.59419471
v -0.38906616 -0.20042801 -0.59410161
v -0.38906616 -0.19256809 -0.59411347
v -0.38906616 -0.18470818 -0.59421241
v -0.38906616 -0.17684825 -0.59431839
v -0.38906616 -0.16898833 -0.59438723
v -0.38906616 -0.16112840 -0.59443885
v -0.38906616 -0.15326849 -0.59445947
v -0.38906616 -0.14540856 -0.59449250
v -0.38906616 -0.13754864 -0.59451610
v -0.38906616 -0.12968871 -0.59453559
v -0.38906616 -0.12182879 -0.59455061
v -0.38906616 -0.11396887 -0.59457195
v -0.38906616 -0.10610895 -0.59458154
v -0.38906616 -0.09824903 -0.59460008
v -0.38906616 -0.09038910 -0.59461260
v -0.38906616 -0.08252918 -0.59463042
v -0.38906616 -0.07466926 -0.59464985
v -0.38906616 -0.06680934 -0.59465843
v -0.38906616 -0.05894941 -0.59464771
v -0.38906616 -0.05108950 -0.59464437
v -0.38906616 -0.04322957 -0.59463817
v -0.38906616 -0.03536965 -0.59462661
v -0.38906616 -0.02750973 -0.59465116
v -0.38906616 -0.01964981 -0.59468132
v -0.38906616 -0.01178988 -0.59471554
v -0.38906616 -0.00392996 -0.59473521
v -0.38906616 0.00392996 -0.59478581
v -0.38906616 0.01178988 -0.59483057
v -0.38906616 0.01964981 -0.59486717
v -0.38906616 0.02750973 -0.59490180
v -0.38906616 0.03536965 -0.59493595
v -0.38906616 0.04322957 -0.59496212
v -0.38906616 0.05108950 -0.59498602
v -0.38906616 0.05894941 -0.59500462
v -0.38906616 0.06680934 -0.59503174
v -0.38906616 0.07466926 -0.59505886
v -0.38906616 0.08252918 -0.59508348
v -0.38906616 0.09038910 -0.59511095
v -0.38906616 0.09824903 -0.59513772
v -0.38906616 0.10610895 -0.59516817
v -0.38906616 0.11396887 -0.59518725
v -0.38906616 0.12182879 -0.59519792
v -0.38906616 0.12968871 -0.59521544
v -0.38906616 0.13754864 -0.59523195
v -0.38906616 0.14540856 -0.59523869
v -0.38906616 0.15326849 -0.59525681
v -0.38906616 0.16112840 -0.59526861
v -0.38906616 0.16898833 -0.59527236
v -0.38906616 0.17684825 -0.59525698
v -0.38906616 0.18470818 -0.59521979
v -0.38906616 0.19256809 -0.59522569
v -0.38906616 0.20042801 -0.59536326
v -0.38906616 0.20828794 -0.59556562
v -0.38906616 0.21614785 -0.59571373
v -0.38906616 0.22400779 -0.59582394
v -0.38906616 0.23186770 -0.59590685
v -0.38906616 0.23972763 -0.59596533
v -0.38906616 0.24758755 -0.59601951
v -0.38906616 0.25544748 -0.59607023
v -0.38906616 0.26330739 -0.59610707
v -0.38906616 0.27116731 -0.59611654
v -0.38906616 0.27902722 -0.59612328
v -0.38906616 0.28688717 -0.59612501
v -0.38906616 0.29474708 -0.59615445
v -0.38906616 0.30260700 -0.59618258
v -0.38906616 0.31046692 -0.59621006
v -0.38906616 0.31832686 -0.59621906
v -0.38906616 0.32618678 -0.59621352
v -0.38906616 0.33404669 -0.59619117
v -0.38906616 0.34190661 -0.59616578
v -0.38906616 0.34976652 -0.59613937
v -0.38906616 0.35762647 -0.59609175
v -0.38906616 0.36548638 -0.59601897
v -0.38906616 0.37334630 -0.59598982
v -0.38906616 0.38120621 -0.59596843
v -0.38906616 0.38906616 -0.59599084
v -0.38906616 0.39692608 -0.59606397
v -0.38906616 0.40478599 -0.59615380
v -0.38906616 0.41264591 -0.59619856
v -0.38906616 0.42050582 -0.59621912
v -0.38906616 0.42836577 -0.59620982
v -0.38906616 0.43622568 -0.59618998
v -0.38906616 0.44408560 -0.59617144
v -0.38906616 0.45194551 -0.59614891
v -0.38906616 0.45980546 -0.59608084
v -0.38906616 0.46766537 -0.59598482
v -0.38906616 0.47552529 -0.59588939
v -0.38906616 0.48338521 -0.59585357
v -0.38906616 0.49124515 -0.59582800
v -0.38906616 0.49910507 -0.59582686
v -0.38906616 0.50696498 -0.59577823
v -0.38906616 0.51482493 -0.59565949
v -0.38906616 0.52268481 -0.59550154
v -0.38906616 0.53054476 -0.59526622
v -0.38906616 0.53840464 -0.59477890
v -0.38906616 0.54626459 -0.59375823
v -0.38906616 0.54769576 -0.59342414
v -0.38906616 0.55412453 -0.59186620
v -0.38906616 0.56198442 -0.58850890
v -0.38906616 0.56736940 -0.58556420
v -0.38906616 0.56984437 -0.58390957
v -0.38906616 0.57610810 -0.57770425
v -0.38906616 0.57770425 -0.57509327
v -0.38906616 0.58102739 -0.56984437
v -0.38906616 0.58556420 -0.56595343
v -0.38120621 -0.59342414 -0.58155411
v -0.38120621 -0.58556420 -0.58258158
v -0.38120621 -0.57770425 -0.58624613
v -0.38120621 -0.57919955 -0.58556420
v -0.38120621 -0.56984437 -0.58898109
v -0.38120621 -0.56198442 -0.59071273
v -0.38120621 -0.55412453 -0.59152043
v -0.38120621 -0.54626459 -0.59202260
v -0.38797379 -0.53840464 -0.59342414
v -0.38120621 -0.53840464 -0.59240228
v -0.38638180 -0.53054476 -0.59342414
v -0.38120621 -0.53054476 -0.59268862
v -0.38533756 -0.52268481 -0.59342414
v -0.38120621 -0.52268481 -0.59285492
v -0.38501242 -0.51482493 -0.59342414
v -0.38120621 -0.51482493 -0.59290630
v -0.38515255 -0.50696498 -0.59342414
v -0.38120621 -0.50696498 -0.59286714
v -0.38568243 -0.49910507 -0.59342414
v -0.38120621 -0.49910507 -0.59279293
v -0.38572681 -0.49124515 -0.59342414
v -0.38120621 -0.49124515 -0.59278226
v -0.38512522 -0.48338521 -0.59342414
v -0.38120621 -0.48338521 -0.59287387
v -0.38443854 -0.47552529 -0.59342414
v -0.38120621 -0.47552529 -0.59297734
v -0.38414207 -0.46766537 -0.59342414
v -0.38120621 -0.46766537 -0.59302419
v -0.38399521 -0.45980546 -0.59342414
v -0.38120621 -0.45980546 -0.59305525
v -0.38412029 -0.45194551 -0.59342414
v -0.38120621 -0.45194551 -0.59304196
v -0.38421062 -0.44408560 -0.59342414
v -0.38120621 -0.44408560 -0.59303510
v -0.38428017 -0.43622568 -0.59342414
v -0.38120621 -0.43622568 -0.59302777
v -0.38447326 -0.42836577 -0.59342414
v -0.38120621 -0.42836577 -0.59300387
v -0.38459498 -0.42050582 -0.59342414
v -0.38120621 -0.42050582 -0.59299308
v -0.38496870 -0.41264591 -0.59342414
v -0.38120621 -0.41264591 -0.59293902
v -0.38548812 -0.40478599 -0.59342414
v -0.38120621 -0.40478599 -0.59287125
v -0.38582832 -0.39692608 -0.59342414
v -0.38120621 -0.39692608 -0.59282172
v -0.38551247 -0.38906616 -0.59342414
v -0.38120621 -0.38906616 -0.59285289
v -0.38459533 -0.38120621 -0.59342414
v -0.38120621 -0.38120621 -0.59298706
v -0.38389999 -0.37334630 -0.59342414
v -0.38120621 -0.37334630 -0.59307665
v -0.38342822 -0.36548638 -0.59342414
v -0.38120621 -0.36548638 -0.59314346
v -0.38312042 -0.35762647 -0.59342414
v -0.38120621 -0.35762647 -0.59318137
v -0.38280049 -0.34976652 -0.59342414
v -0.38120621 -0.34976652 -0.59322488
v -0.38250378 -0.34190661 -0.59342414
v -0.38120621 -0.34190661 -0.59326148
v -0.38226733 -0.33404669 -0.59342414
v -0.38120621 -0.33404669 -0.59328926
v -0.38200408 -0.32618678 -0.59342414
v -0.38120621 -0.32618678 -0.59332383
v -0.38178861 -0.31832686 -0.59342414
v -0.38120621 -0.31832686 -0.59335041
v -0.38164079 -0.31046692 -0.59342414
v -0.38120621 -0.31046692 -0.59336871
v -0.38159302 -0.30260700 -0.59342414
v -0.38120621 -0.30260700 -0.59337443
v -0.38137832 -0.29474708 -0.59342414
v -0.38120621 -0.29474708 -0.59340179
v -0.38120621 -0.28688717 -0.59343511
v -0.38120621 -0.28949967 -0.59342414
v -0.38120621 -0.27902722 -0.59348243
v -0.38120621 -0.27116731 -0.59350699
v -0.38120621 -0.26330739 -0.59353644
v -0.38120621 -0.25544748 -0.59356719
v -0.38120621 -0.24758755 -0.59356534
v -0.38120621 -0.23972763 -0.59356445
v -0.38120621 -0.23186770 -0.59354615
v -0.38120621 -0.22400779 -0.59352094
v -0.38120621 -0.21614785 -0.59346342
v -0.38120621 -0.21280444 -0.59342414
v -0.38170150 -0.20828794 -0.59342414
v -0.38120621 -0.20828794 -0.59336966
v -0.38255942 -0.20042801 -0.59342414
v -0.38120621 -0.20042801 -0.59327567
v -0.38241377 -0.19256809 -0.59342414
v -0.38120621 -0.19256809 -0.59329230
v -0.38129833 -0.18470818 -0.59342414
v -0.38120621 -0.18470818 -0.59341437
v -0.38120621 -0.17684825 -0.59354651
v -0.38120621 -0.18413784 -0.59342414
v -0.38120621 -0.16898833 -0.59363091
v -0.38120621 -0.16112840 -0.59368098
v -0.38120621 -0.15326849 -0.59371549
v -0.38120621 -0.14540856 -0.59375215
v -0.38120621 -0.13754864 -0.59378362
v -0.38120621 -0.12968871 -0.59379685
v -0.38120621 -0.12182879 -0.59381443
v -0.38120621 -0.11396887 -0.59380990
v -0.38120621 -0.10610895 -0.59382415
v -0.38120621 -0.09824903 -0.59383345
v -0.38120621 -0.09038910 -0.59385318
v -0.38120621 -0.08252918 -0.59386832
v -0.38120621 -0.07466926 -0.59386033
v -0.38120621 -0.06680934 -0.59385109
v -0.38120621 -0.05894941 -0.59385073
v -0.38120621 -0.05108950 -0.59383124
v -0.38120621 -0.04322957 -0.59382552
v -0.38120621 -0.03536965 -0.59383452
v -0.38120621 -0.02750973 -0.59383869
v -0.38120621 -0.01964981 -0.59387070
v -0.38120621 -0.01178988 -0.59390420
v -0.38120621 -0.00392996 -0.59393030
v -0.38120621 0.00392996 -0.59395838
v -0.38120621 0.01178988 -0.59400833
v -0.38120621 0.01964981 -0.59406197
v -0.38120621 0.02750973 -0.59409529
v -0.38120621 0.03536965 -0.59412986
v -0.38120621 0.04322957 -0.59415245
v -0.38120621 0.05108950 -0.59418470
v -0.38120621 0.05894941 -0.59421718
v -0.38120621 0.06680934 -0.59425807
v -0.38120621 0.07466926 -0.59428316
v -0.38120621 0.08252918 -0.59431732
v -0.38120621 0.09038910 -0.59433275
v -0.38120621 0.09824903 -0.59436679
v -0.38120621 0.10610895 -0.59438086
v -0.38120621 0.11396887 -0.59440160
v -0.38120621 0.12182879 -0.59442157
v -0.38120621 0.12968871 -0.59442741
v -0.38120621 0.13754864 -0.59442884
v -0.38120621 0.14540856 -0.59444761
v -0.38120621 0.15326849 -0.59446162
v -0.38120621 0.16112840 -0.59447426
v -0.38120621 0.16898833 -0.59447008
v -0.38120621 0.17684825 -0.59445035
v -0.38120621 0.18470818 -0.59440488
v -0.38120621 0.19256809 -0.59438467
v -0.38120621 0.20042801 -0.59451967
v -0.38120621 0.20828794 -0.59470576
v -0.38120621 0.21614785 -0.59487683
v -0.38120621 0.22400779 -0.59497964
v -0.38120621 0.23186770 -0.59506363
v -0.38120621 0.23972763 -0.59512460
v -0.38120621 0.24758755 -0.59516120
v -0.38120621 0.25544748 -0.59520203
v -0.38120621 0.26330739 -0.59523380
v -0.38120621 0.27116731 -0.59523022
v -0.38120621 0.27902722 -0.59523761
v -0.38120621 0.28688717 -0.59523207
v -0.38120621 0.29474708 -0.59524322
v -0.38120621 0.30260700 -0.59528315
v -0.38120621 0.31046692 -0.59530443
v -0.38120621 0.31832686 -0.59531957
v -0.38120621 0.32618678 -0.59532642
v -0.38120621 0.33404669 -0.59531313
v -0.38120621 0.34190661 -0.59527773
v -0.38120621 0.34976652 -0.59526360
v -0.38120621 0.35762647 -0.59522021
v -0.38120621 0.36548638 -0.59516388
v -0.38120621 0.37334630 -0.59512347
v -0.38120621 0.38120621 -0.59512413
v -0.38120621 0.38906616 -0.59512430
v -0.38120621 0.39692608 -0.59520167
v -0.38120621 0.40478599 -0.59529114
v -0.38120621 0.41264591 -0.59535950
v -0.38120621 0.42050582 -0.59537655
v -0.38120621 0.42836577 -0.59538186
v -0.38120621 0.43622568 -0.59537858
v -0.38120621 0.44408560 -0.59537458
v -0.38120621 0.45194551 -0.59536135
v -0.38120621 0.45980546 -0.59530067
v -0.38120621 0.46766537 -0.59520400
v -0.38120621 0.47552529 -0.59513474
v -0.38120621 0.48338521 -0.59512168
v -0.38120621 0.49124515 -0.59512460
v -0.38120621 0.49910507 -0.59512216
v -0.38120621 0.50696498 -0.59509051
v -0.38120621 0.51482493 -0.59496838
v -0.38120621 0.52268481 -0.59481221
v -0.38120621 0.53054476 -0.59457505
v -0.38120621 0.53840464 -0.59409493
v -0.38120621 0.54365098 -0.59342414
v -0.38515225 0.54626459 -0.59342414
v -0.38120621 0.54626459 -0.59307486
v -0.38120621 0.55412453 -0.59123462
v -0.38120621 0.56198442 -0.58784139
v -0.38120621 0.56613702 -0.58556420
v -0.38120621 0.56984437 -0.58311403
v -0.38120621 0.57552582 -0.57770425
v -0.38120621 0.57770425 -0.57429385
v -0.38120621 0.58056730 -0.56984437
v -0.38120621 0.58556420 -0.56547743
v -0.37334630 -0.59342414 -0.57909304
v -0.37334630 -0.58556420 -0.58030206
v -0.37883341 -0.57770425 -0.58556420
v -0.37334630 -0.57770425 -0.58387911
v -0.37334630 -0.56984437 -0.58677197
v -0.37334630 -0.57329619 -0.58556420
v -0.37334630 -0.56198442 -0.58867759
v -0.37334630 -0.55412453 -0.58963358
v -0.37334630 -0.54626459 -0.59022284
v -0.37334630 -0.53840464 -0.59067732
v -0.37334630 -0.53054476 -0.59100968
v -0.37334630 -0.52268481 -0.59120125
v -0.37334630 -0.51482493 -0.59126353
v -0.37334630 -0.50696498 -0.59123117
v -0.37334630 -0.49910507 -0.59112746
v -0.37334630 -0.49124515 -0.59112030
v -0.37334630 -0.48338521 -0.59121221
v -0.37334630 -0.47552529 -0.59133792
v -0.37334630 -0.46766537 -0.59141392
v -0.37334630 -0.45980546 -0.59147710
v -0.37334630 -0.45194551 -0.59148145
v -0.37334630 -0.44408560 -0.59149164
v -0.37334630 -0.43622568 -0.59147316
v -0.37334630 -0.42836577 -0.59146315
v -0.37334630 -0.42050582 -0.59142482
v -0.37334630 -0.41264591 -0.59136891
v -0.37334630 -0.40478599 -0.59129232
v -0.37334630 -0.39692608 -0.59122777
v -0.37334630 -0.38906616 -0.59125966
v -0.37334630 -0.38120621 -0.59137642
v -0.37334630 -0.37334630 -0.59148037
v -0.37334630 -0.36548638 -0.59155273
v -0.37334630 -0.35762647 -0.59160924
v -0.37334630 -0.34976652 -0.59166038
v -0.37334630 -0.34190661 -0.59167600
v -0.37334630 -0.33404669 -0.59170270
v -0.37334630 -0.32618678 -0.59170717
v -0.37334630 -0.31832686 -0.59171206
v -0.37334630 -0.31046692 -0.59171325
v -0.37334630 -0.30260700 -0.59171706
v -0.37334630 -0.29474708 -0.59172070
v -0.38115346 -0.28688717 -0.59342414
v -0.37334630 -0.28688717 -0.59175301
v -0.38092971 -0.27902722 -0.59342414
v -0.37334630 -0.27902722 -0.59178096
v -0.38080817 -0.27116731 -0.59342414
v -0.37334630 -0.27116731 -0.59182227
v -0.38065892 -0.26330739 -0.59342414
v -0.37334630 -0.26330739 -0.59186882
v -0.38050893 -0.25544748 -0.59342414
v -0.37334630 -0.25544748 -0.59189957
v -0.38051289 -0.24758755 -0.59342414
v -0.37334630 -0.24758755 -0.59191853
v -0.38050732 -0.23972763 -0.59342414
v -0.37334630 -0.23972763 -0.59193474
v -0.38059595 -0.23186770 -0.59342414
v -0.37334630 -0.23186770 -0.59192812
v -0.38071707 -0.22400779 -0.59342414
v -0.37334630 -0.22400779 -0.59191263
v -0.38100967 -0.21614785 -0.59342414
v -0.37334630 -0.21614785 -0.59183270
v -0.37334630 -0.20828794 -0.59174657
v -0.37334630 -0.20042801 -0.59167796
v -0.37334630 -0.19256809 -0.59169763
v -0.37334630 -0.18470818 -0.59185046
v -0.38056776 -0.17684825 -0.59342414
v -0.37334630 -0.17684825 -0.59199935
v -0.38012534 -0.16898833 -0.59342414
v -0.37334630 -0.16898833 -0.59209216
v -0.37986243 -0.16112840 -0.59342414
v -0.37334630 -0.16112840 -0.59214813
v -0.37967318 -0.15326849 -0.59342414
v -0.37334630 -0.15326849 -0.59219217
v -0.37949130 -0.14540856 -0.59342414
v -0.37334630 -0.14540856 -0.59221631
v -0.37931883 -0.13754864 -0.59342414
v -0.37334630 -0.13754864 -0.59225255
v -0.37924653 -0.12968871 -0.59342414
v -0.37334630 -0.12968871 -0.59226745
v -0.37916365 -0.12182879 -0.59342414
v -0.37334630 -0.12182879 -0.59227568
v -0.37920839 -0.11396887 -0.59342414
v -0.37334630 -0.11396887 -0.59225577
v -0.37917835 -0.10610895 -0.59342414
v -0.37334630 -0.10610895 -0.59223902
v -0.37912455 -0.09824903 -0.59342414
v -0.37334630 -0.09824903 -0.59225792
v -0.37903064 -0.09038910 -0.59342414
v -0.37334630 -0.09038910 -0.59227282
v -0.37895316 -0.08252918 -0.59342414
v -0.37334630 -0.08252918 -0.59228909
v -0.37898117 -0.07466926 -0.59342414
v -0.37334630 -0.07466926 -0.59229344
v -0.37905625 -0.06680934 -0.59342414
v -0.37334630 -0.06680934 -0.59227002
v -0.37906218 -0.05894941 -0.59342414
v -0.37334630 -0.05894941 -0.59226871
v -0.37916198 -0.05108950 -0.59342414
v -0.37334630 -0.05108950 -0.59225154
v -0.37917534 -0.04322957 -0.59342414
v -0.37334630 -0.04322957 -0.59225553
v -0.37910950 -0.03536965 -0.59342414
v -0.37334630 -0.03536965 -0.59227771
v -0.37909245 -0.02750973 -0.59342414
v -0.37334630 -0.02750973 -0.59228319
v -0.37893403 -0.01964981 -0.59342414
v -0.37334630 -0.01964981 -0.59231210
v -0.37875676 -0.01178988 -0.59342414
v -0.37334630 -0.01178988 -0.59235054
v -0.37860128 -0.00392996 -0.59342414
v -0.37334630 -0.00392996 -0.59239328
v -0.37841690 0.00392996 -0.59342414
v -0.37334630 0.00392996 -0.59244484
v -0.37814692 0.01178988 -0.59342414
v -0.37334630 0.01178988 -0.59250295
v -0.37784791 0.01964981 -0.59342414
v -0.37334630 0.01964981 -0.59256387
v -0.37759587 0.02750973 -0.59342414
v -0.37334630 0.02750973 -0.59263158
v -0.37735584 0.03536965 -0.59342414
v -0.37334630 0.03536965 -0.59268504
v -0.37719309 0.04322957 -0.59342414
v -0.37334630 0.04322957 -0.59272468
v -0.37697205 0.05108950 -0.59342414
v -0.37334630 0.05108950 -0.59277284
v -0.37675282 0.05894941 -0.59342414
v -0.37334630 0.05894941 -0.59281784
v -0.37650457 0.06680934 -0.59342414
v -0.37334630 0.06680934 -0.59286165
v -0.37630972 0.07466926 -0.59342414
v -0.37334630 0.07466926 -0.59290290
v -0.37611386 0.08252918 -0.59342414
v -0.37334630 0.08252918 -0.59293652
v -0.37605512 0.09038910 -0.59342414
v -0.37334630 0.09038910 -0.59294510
v -0.37588510 0.09824903 -0.59342414
v -0.37334630 0.09824903 -0.59297299
v -0.37579870 0.10610895 -0.59342414
v -0.37334630 0.10610895 -0.59298843
v -0.37565285 0.11396887 -0.59342414
v -0.37334630 0.11396887 -0.59301525
v -0.37562257 0.12182879 -0.59342414
v -0.37334630 0.12182879 -0.59301513
v -0.37554300 0.12968871 -0.59342414
v -0.37334630 0.12968871 -0.59303206
v -0.37561890 0.13754864 -0.59342414
v -0.37334630 0.13754864 -0.59301347
v -0.37557760 0.14540856 -0.59342414
v -0.37334630 0.14540856 -0.59301573
v -0.37556213 0.15326849 -0.59342414
v -0.37334630 0.15326849 -0.59301317
v -0.37555799 0.16112840 -0.59342414
v -0.37334630 0.16112840 -0.59300774
v -0.37562251 0.16898833 -0.59342414
v -0.37334630 0.16898833 -0.59298897
v -0.37581879 0.17684825 -0.59342414
v -0.37334630 0.17684825 -0.59294158
v -0.37608448 0.18470818 -0.59342414
v -0.37334630 0.18470818 -0.59288239
v -0.37616765 0.19256809 -0.59342414
v -0.37334630 0.19256809 -0.59286559
v -0.37558743 0.20042801 -0.59342414
v -0.37334630 0.20042801 -0.59296793
v -0.37465650 0.20828794 -0.59342414
v -0.37334630 0.20828794 -0.59315741
v -0.37389889 0.21614785 -0.59342414
v -0.37334630 0.21614785 -0.59330958
v -0.37334630 0.22400779 -0.59342635
v -0.37334630 0.22385834 -0.59342414
v -0.37334630 0.23186770 -0.59351784
v -0.37334630 0.23972763 -0.59357649
v -0.37334630 0.24758755 -0.59361136
v -0.37334630 0.25544748 -0.59364909
v -0.37334630 0.26330739 -0.59365410
v -0.37334630 0.27116731 -0.59365338
v -0.37334630 0.27902722 -0.59363002
v -0.37334630 0.28688717 -0.59362870
v -0.37334630 0.29474708 -0.59363568
v -0.37334630 0.30260700 -0.59366590
v -0.37334630 0.31046692 -0.59370577
v -0.37334630 0.31832686 -0.59374267
v -0.37334630 0.32618678 -0.59375465
v -0.37334630 0.33404669 -0.59375614
v -0.37334630 0.34190661 -0.59374982
v -0.37334630 0.34976652 -0.59373420
v -0.37334630 0.35762647 -0.59369022
v -0.37334630 0.36548638 -0.59364790
v -0.37334630 0.37334630 -0.59359193
v -0.37334630 0.38120621 -0.59359539
v -0.37334630 0.38906616 -0.59361851
v -0.37334630 0.39692608 -0.59367448
v -0.37334630 0.40478599 -0.59376478
v -0.37334630 0.41264591 -0.59382862
v -0.37334630 0.42050582 -0.59386295
v -0.37334630 0.42836577 -0.59388238
v -0.37334630 0.43622568 -0.59388864
v -0.37334630 0.44408560 -0.59387690
v -0.37334630 0.45194551 -0.59385765
v -0.37334630 0.45980546 -0.59378374
v -0.37334630 0.46766537 -0.59367675
v -0.37334630 0.47552529 -0.59359854
v -0.37334630 0.48338521 -0.59360039
v -0.37334630 0.49124515 -0.59363824
v -0.37334630 0.49910507 -0.59365171
v -0.37334630 0.50696498 -0.59360343
v -0.37334630 0.51482493 -0.59347165
v -0.37334630 0.51647097 -0.59342414
v -0.37420189 0.52268481 -0.59342414
v -0.37334630 0.52268481 -0.59324962
v -0.37561819 0.53054476 -0.59342414
v -0.37334630 0.53054476 -0.59293652
v -0.37817702 0.53840464 -0.59342414
v -0.37334630 0.53840464 -0.59229946
v -0.37334630 0.54626459 -0.59114945
v -0.37334630 0.55412453 -0.58921319
v -0.37334630 0.56198442 -0.58578992
v -0.37334630 0.56240624 -0.58556420
v -0.37334630 0.56984437 -0.58106643
v -0.37334630 0.57386249 -0.57770425
v -0.37334630 0.57770425 -0.57263470
v -0.37334630 0.57972527 -0.56984437
v -0.37334630 0.58556420 -0.56474972
v -0.37054750 -0.59342414 -0.57770425
v -0.36548638 -0.59342414 -0.57405329
v -0.36568195 -0.58556420 -0.57770425
v -0.36548638 -0.58556420 -0.57761562
v -0.36548638 -0.57770425 -0.58132762
v -0.36548638 -0.58541852 -0.57770425
v -0.36924401 -0.56984437 -0.58556420
v -0.36548638 -0.56984437 -0.58441281
v -0.36548638 -0.56198442 -0.58626962
v -0.36548638 -0.56505334 -0.58556420
v -0.36548638 -0.55412453 -0.58731413
v -0.36548638 -0.54626459 -0.58796746
v -0.36548638 -0.53840464 -0.58843684
v -0.36548638 -0.53054476 -0.58875102
v -0.36548638 -0.52268481 -0.58892310
v -0.36548638 -0.51482493 -0.58897597
v -0.36548638 -0.50696498 -0.58891499
v -0.36548638 -0.49910507 -0.58881128
v -0.36548638 -0.49124515 -0.58878618
v -0.36548638 -0.48338521 -0.58888137
v -0.36548638 -0.47552529 -0.58902681
v -0.36548638 -0.46766537 -0.58913612
v -0.36548638 -0.45980546 -0.58921468
v -0.36548638 -0.45194551 -0.58924109
v -0.36548638 -0.44408560 -0.58924890
v -0.36548638 -0.43622568 -0.58923268
v -0.36548638 -0.42836577 -0.58921355
v -0.36548638 -0.42050582 -0.58917689
v -0.36548638 -0.41264591 -0.58911020
v -0.36548638 -0.40478599 -0.58900690
v -0.36548638 -0.39692608 -0.58893335
v -0.36548638 -0.38906616 -0.58896607
v -0.36548638 -0.38120621 -0.58907044
v -0.36548638 -0.37334630 -0.58919168
v -0.36548638 -0.36548638 -0.58927876
v -0.36548638 -0.35762647 -0.58936405
v -0.36548638 -0.34976652 -0.58940792
v -0.36548638 -0.34190661 -0.58942646
v -0.36548638 -0.33404669 -0.58942640
v -0.36548638 -0.32618678 -0.58941913
v -0.36548638 -0.31832686 -0.58939445
v -0.36548638 -0.31046692 -0.58937317
v -0.36548638 -0.30260700 -0.58935076
v -0.36548638 -0.29474708 -0.58934432
v -0.36548638 -0.28688717 -0.58936268
v -0.36548638 -0.27902722 -0.58937907
v -0.36548638 -0.27116731 -0.58941740
v -0.36548638 -0.26330739 -0.58945364
v -0.36548638 -0.25544748 -0.58949202
v -0.36548638 -0.24758755 -0.58953148
v -0.36548638 -0.23972763 -0.58954322
v -0.36548638 -0.23186770 -0.58954322
v -0.36548638 -0.22400779 -0.58949739
v -0.36548638 -0.21614785 -0.58942848
v -0.36548638 -0.20828794 -0.58935732
v -0.36548638 -0.20042801 -0.58931142
v -0.36548638 -0.19256809 -0.58935255
v -0.36548638 -0.18470818 -0.58948666
v -0.36548638 -0.17684825 -0.58963454
v -0.36548638 -0.16898833 -0.58974993
v -0.36548638 -0.16112840 -0.58982116
v -0.36548638 -0.15326849 -0.58987963
v -0.36548638 -0.14540856 -0.58991146
v -0.36548638 -0.13754864 -0.58993530
v -0.36548638 -0.12968871 -0.58993715
v -0.36548638 -0.12182879 -0.58993316
v -0.36548638 -0.11396887 -0.58991981
v -0.36548638 -0.10610895 -0.58992636
v -0.36548638 -0.09824903 -0.58994246
v -0.36548638 -0.09038910 -0.58997613
v -0.36548638 -0.08252918 -0.59000194
v -0.36548638 -0.07466926 -0.59001279
v -0.36548638 -0.06680934 -0.59001642
v -0.36548638 -0.05894941 -0.59001303
v -0.36548638 -0.05108950 -0.59001857
v -0.36548638 -0.04322957 -0.59003973
v -0.36548638 -0.03536965 -0.59005207
v -0.36548638 -0.02750973 -0.59007901
v -0.36548638 -0.01964981 -0.59012121
v -0.36548638 -0.01178988 -0.59016991
v -0.36548638 -0.00392996 -0.59024656
v -0.36548638 0.00392996 -0.59033239
v -0.36548638 0.01178988 -0.59041542
v -0.36548638 0.01964981 -0.59050894
v -0.36548638 0.02750973 -0.59060436
v -0.36548638 0.03536965 -0.59070390
v -0.36548638 0.04322957 -0.59078699
v -0.36548638 0.05108950 -0.59085679
v -0.36548638 0.05894941 -0.59092671
v -0.36548638 0.06680934 -0.59097815
v -0.36548638 0.07466926 -0.59102255
v -0.36548638 0.08252918 -0.59105301
v -0.36548638 0.09038910 -0.59108615
v -0.36548638 0.09824903 -0.59112895
v -0.36548638 0.10610895 -0.59115398
v -0.36548638 0.11396887 -0.59116095
v -0.36548638 0.12182879 -0.59117186
v -0.36548638 0.12968871 -0.59116328
v -0.36548638 0.13754864 -0.59115690
v -0.36548638 0.14540856 -0.59113878
v -0.36548638 0.15326849 -0.59111500
v -0.36548638 0.16112840 -0.59107941
v -0.36548638 0.16898833 -0.59101981
v -0.36548638 0.17684825 -0.59095460
v -0.36548638 0.18470818 -0.59090567
v -0.36548638 0.19256809 -0.59087235
v -0.36548638 0.20042801 -0.59093630
v -0.36548638 0.20828794 -0.59106618
v -0.36548638 0.21614785 -0.59123302
v -0.37333784 0.22400779 -0.59342414
v -0.36548638 0.22400779 -0.59135216
v -0.37299514 0.23186770 -0.59342414
v -0.36548638 0.23186770 -0.59141886
v -0.37277314 0.23972763 -0.59342414
v -0.36548638 0.23972763 -0.59147125
v -0.37264588 0.24758755 -0.59342414
v -0.36548638 0.24758755 -0.59149641
v -0.37250558 0.25544748 -0.59342414
v -0.36548638 0.25544748 -0.59152085
v -0.37248945 0.26330739 -0.59342414
v -0.36548638 0.26330739 -0.59152520
v -0.37250102 0.27116731 -0.59342414
v -0.36548638 0.27116731 -0.59151304
v -0.37258455 0.27902722 -0.59342414
v -0.36548638 0.27902722 -0.59151149
v -0.37259236 0.28688717 -0.59342414
v -0.36548638 0.28688717 -0.59149820
v -0.37256926 0.29474708 -0.59342414
v -0.36548638 0.29474708 -0.59151202
v -0.37246132 0.30260700 -0.59342414
v -0.36548638 0.30260700 -0.59153759
v -0.37232026 0.31046692 -0.59342414
v -0.36548638 0.31046692 -0.59157103
v -0.37218702 0.31832686 -0.59342414
v -0.36548638 0.31832686 -0.59160358
v -0.37213540 0.32618678 -0.59342414
v -0.36548638 0.32618678 -0.59162790
v -0.37213168 0.33404669 -0.59342414
v -0.36548638 0.33404669 -0.59163785
v -0.37214246 0.34190661 -0.59342414
v -0.36548638 0.34190661 -0.59164894
v -0.37220269 0.34976652 -0.59342414
v -0.36548638 0.34976652 -0.59163570
v -0.37235525 0.35762647 -0.59342414
v -0.36548638 0.35762647 -0.59160972
v -0.37252080 0.36548638 -0.59342414
v -0.36548638 0.36548638 -0.59154481
v -0.37272757 0.37334630 -0.59342414
v -0.36548638 0.37334630 -0.59148520
v -0.37271133 0.38120621 -0.59342414
v -0.36548638 0.38120621 -0.59149534
v -0.37262288 0.38906616 -0.59342414
v -0.36548638 0.38906616 -0.59153312
v -0.37240621 0.39692608 -0.59342414
v -0.36548638 0.39692608 -0.59161723
v -0.37206939 0.40478599 -0.59342414
v -0.36548638 0.40478599 -0.59170395
v -0.37182274 0.41264591 -0.59342414
v -0.36548638 0.41264591 -0.59177947
v -0.37167391 0.42050582 -0.59342414
v -0.36548638 0.42050582 -0.59183615
v -0.37158978 0.42836577 -0.59342414
v -0.36548638 0.42836577 -0.59186572
v -0.37155485 0.43622568 -0.59342414
v -0.36548638 0.43622568 -0.59188485
v -0.37159494 0.44408560 -0.59342414
v -0.36548638 0.44408560 -0.59187853
v -0.37169987 0.45194551 -0.59342414
v -0.36548638 0.45194551 -0.59181845
v -0.37200263 0.45980546 -0.59342414
v -0.36548638 0.45980546 -0.59170675
v -0.37242696 0.46766537 -0.59342414
v -0.36548638 0.46766537 -0.59154063
v -0.37272224 0.47552529 -0.59342414
v -0.36548638 0.47552529 -0.59141308
v -0.37271383 0.48338521 -0.59342414
v -0.36548638 0.48338521 -0.59141052
v -0.37257230 0.49124515 -0.59342414
v -0.36548638 0.49124515 -0.59147209
v -0.37252542 0.49910507 -0.59342414
v -0.36548638 0.49910507 -0.59148800
v -0.37270737 0.50696498 -0.59342414
v -0.36548638 0.50696498 -0.59141165
v -0.37318373 0.51482493 -0.59342414
v -0.36548638 0.51482493 -0.59117782
v -0.36548638 0.52268481 -0.59081256
v -0.36548638 0.53054476 -0.59026176
v -0.36548638 0.53840464 -0.58931810
v -0.36548638 0.54626459 -0.58780640
v -0.36548638 0.55412453 -0.58566380
v -0.36548638 0.55436784 -0.58556420
v -0.37281746 0.56198442 -0.58556420
v -0.36548638 0.56198442 -0.58235908
v -0.36548638 0.56984437 -0.57816660
v -0.36548638 0.57048577 -0.57770425
v -0.36548638 0.57770425 -0.57012010
v -0.36548638 0.57796228 -0.56984437
v -0.36548638 0.58556420 -0.56379044
v -0.36257005 -0.59342414 -0.56984437
v -0.35797006 -0.59342414 -0.56198442
v -0.35762647 -0.59342414 -0.56126219
v -0.35894194 -0.58556420 -0.56984437
v -0.35762647 -0.58556420 -0.56718928
v -0.35762647 -0.59237248 -0.56198442
v -0.35882980 -0.57770425 -0.57770425
v -0.35762647 -0.57770425 -0.57665074
v -0.35762647 -0.58382201 -0.56984437
v -0.35762647 -0.56984437 -0.58071810
v -0.35762647 -0.57624996 -0.57770425
v -0.36359599 -0.56198442 -0.58556420
v -0.35762647 -0.56198442 -0.58318949
v -0.36076641 -0.55412453 -0.58556420
v -0.35762647 -0.55412453 -0.58430481
v -0.35915202 -0.54626459 -0.58556420
v -0.35762647 -0.54626459 -0.58492315
v -0.35828578 -0.53840464 -0.58556420
v -0.35762647 -0.53840464 -0.58527166
v -0.35764536 -0.53054476 -0.58556420
v -0.35762647 -0.53054476 -0.58555567
v -0.35762647 -0.52268481 -0.58566135
v -0.35762647 -0.52992696 -0.58556420
v -0.35762647 -0.51482493 -0.58563393
v -0.35762647 -0.51059753 -0.58556420
v -0.35775539 -0.50696498 -0.58556420
v -0.35762647 -0.50696498 -0.58550447
v -0.35810211 -0.49910507 -0.58556420
v -0.35762647 -0.49910507 -0.58534300
v -0.35815975 -0.49124515 -0.58556420
v -0.35762647 -0.49124515 -0.58531463
v -0.35800138 -0.48338521 -0.58556420
v -0.35762647 -0.48338521 -0.58538717
v -0.35763383 -0.47552529 -0.58556420
v -0.35762647 -0.47552529 -0.58556068
v -0.35762647 -0.46766537 -0.58569032
v -0.35762647 -0.47531295 -0.58556420
v -0.35762647 -0.45980546 -0.58573723
v -0.35762647 -0.45194551 -0.58573711
v -0.35762647 -0.44408560 -0.58573020
v -0.35762647 -0.43622568 -0.58570319
v -0.35762647 -0.42836577 -0.58566707
v -0.35762647 -0.42050582 -0.58558023
v -0.35762647 -0.41910028 -0.58556420
v -0.35777193 -0.41264591 -0.58556420
v -0.35762647 -0.41264591 -0.58548868
v -0.35802913 -0.40478599 -0.58556420
v -0.35762647 -0.40478599 -0.58535391
v -0.35819650 -0.39692608 -0.58556420
v -0.35762647 -0.39692608 -0.58526611
v -0.35814002 -0.38906616 -0.58556420
v -0.35762647 -0.38906616 -0.58529568
v -0.35788324 -0.38120621 -0.58556420
v -0.35762647 -0.38120621 -0.58543205
v -0.35762647 -0.37334630 -0.58560866
v -0.35762647 -0.37537551 -0.58556420
v -0.35762647 -0.36548638 -0.58573890
v -0.35762647 -0.35762647 -0.58583111
v -0.35762647 -0.34976652 -0.58589709
v -0.35762647 -0.34190661 -0.58593404
v -0.35762647 -0.33404669 -0.58592981
v -0.35762647 -0.32618678 -0.58590204
v -0.35762647 -0.31832686 -0.58586872
v -0.35762647 -0.31046692 -0.58580005
v -0.35762647 -0.30260700 -0.58576125
v -0.35762647 -0.29474708 -0.58577359
v -0.35762647 -0.28688717 -0.58575398
v -0.35762647 -0.27902722 -0.58580697
v -0.35762647 -0.27116731 -0.58584881
v -0.35762647 -0.26330739 -0.58589196
v -0.35762647 -0.25544748 -0.58596897
v -0.35762647 -0.24758755 -0.58601230
v -0.35762647 -0.23972763 -0.58607841
v -0.35762647 -0.23186770 -0.58605945
v -0.35762647 -0.22400779 -0.58601743
v -0.35762647 -0.21614785 -0.58593208
v -0.35762647 -0.20828794 -0.58590209
v -0.35762647 -0.20042801 -0.58589268
v -0.35762647 -0.19256809 -0.58593667
v -0.35762647 -0.18470818 -0.58604914
v -0.35762647 -0.17684825 -0.58618492
v -0.35762647 -0.16898833 -0.58631885
v -0.35762647 -0.16112840 -0.58641815
v -0.35762647 -0.15326849 -0.58648700
v -0.35762647 -0.14540856 -0.58655518
v -0.35762647 -0.13754864 -0.58657324
v -0.35762647 -0.12968871 -0.58657438
v -0.35762647 -0.12182879 -0.58656383
v -0.35762647 -0.11396887 -0.58657235
v -0.35762647 -0.10610895 -0.58659643
v -0.35762647 -0.09824903 -0.58664912
v -0.35762647 -0.09038910 -0.58671564
v -0.35762647 -0.08252918 -0.58678973
v -0.35762647 -0.07466926 -0.58683729
v -0.35762647 -0.06680934 -0.58686775
v -0.35762647 -0.05894941 -0.58691549
v -0.35762647 -0.05108950 -0.58695906
v -0.35762647 -0.04322957 -0.58700645
v -0.35762647 -0.03536965 -0.58703893
v -0.35762647 -0.02750973 -0.58708602
v -0.35762647 -0.01964981 -0.58714885
v -0.35762647 -0.01178988 -0.58724719
v -0.35762647 -0.00392996 -0.58735794
v -0.35762647 0.00392996 -0.58748639
v -0.35762647 0.01178988 -0.58762050
v -0.35762647 0.01964981 -0.58772975
v -0.35762647 0.02750973 -0.58784705
v -0.35762647 0.03536965 -0.58795601
v -0.35762647 0.04322957 -0.58805573
v -0.35762647 0.05108950 -0.58814639
v -0.35762647 0.05894941 -0.58821231
v -0.35762647 0.06680934 -0.58825737
v -0.35762647 0.07466926 -0.58829683
v -0.35762647 0.08252918 -0.58835429
v -0.35762647 0.09038910 -0.58840752
v -0.35762647 0.09824903 -0.58847499
v -0.35762647 0.10610895 -0.58850986
v -0.35762647 0.11396887 -0.58852726
v -0.35762647 0.12182879 -0.58853239
v -0.35762647 0.12968871 -0.58851302
v -0.35762647 0.13754864 -0.58850712
v -0.35762647 0.14540856 -0.58847672
v -0.35762647 0.15326849 -0.58843553
v -0.35762647 0.16112840 -0.58839321
v -0.35762647 0.16898833 -0.58831739
v -0.35762647 0.17684825 -0.58823997
v -0.35762647 0.18470818 -0.58820766
v -0.35762647 0.19256809 -0.58820903
v -0.35762647 0.20042801 -0.58824384
v -0.35762647 0.20828794 -0.58833891
v -0.35762647 0.21614785 -0.58844316
v -0.35762647 0.22400779 -0.58853674
v -0.35762647 0.23186770 -0.58859056
v -0.35762647 0.23972763 -0.58862633
v -0.35762647 0.24758755 -0.58863008
v -0.35762647 0.25544748 -0.58860850
v -0.35762647 0.26330739 -0.58859491
v -0.35762647 0.27116731 -0.58858758
v -0.35762647 0.27902722 -0.58856308
v -0.35762647 0.28688717 -0.58855796
v -0.35762647 0.29474708 -0.58856344
v -0.35762647 0.30260700 -0.58856279
v -0.35762647 0.31046692 -0.58857924
v -0.35762647 0.31832686 -0.58859825
v -0.35762647 0.32618678 -0.58863848
v -0.35762647 0.33404669 -0.58866423
v -0.35762647 0.34190661 -0.58868462
v -0.35762647 0.34976652 -0.58866757
v -0.35762647 0.35762647 -0.58862036
v -0.35762647 0.36548638 -0.58853900
v -0.35762647 0.37334630 -0.58844107
v -0.35762647 0.38120621 -0.58844137
v -0.35762647 0.38906616 -0.58852071
v -0.35762647 0.39692608 -0.58860648
v -0.35762647 0.40478599 -0.58868098
v -0.35762647 0.41264591 -0.58876312
v -0.35762647 0.42050582 -0.58883590
v -0.35762647 0.42836577 -0.58889997
v -0.35762647 0.43622568 -0.58892298
v -0.35762647 0.44408560 -0.58889377
v -0.35762647 0.45194551 -0.58882040
v -0.35762647 0.45980546 -0.58865690
v -0.35762647 0.46766537 -0.58841217
v -0.35762647 0.47552529 -0.58818120
v -0.35762647 0.48338521 -0.58811921
v -0.35762647 0.49124515 -0.58815551
v -0.35762647 0.49910507 -0.58817363
v -0.35762647 0.50696498 -0.58805317
v -0.35762647 0.51482493 -0.58771032
v -0.35762647 0.52268481 -0.58714908
v -0.35762647 0.53054476 -0.58638322
v -0.35762647 0.53652543 -0.58556420
v -0.35810366 0.53840464 -0.58556420
v -0.35762647 0.53840464 -0.58530492
v -0.36111248 0.54626459 -0.58556420
v -0.35762647 0.54626459 -0.58371955
v -0.36529282 0.55412453 -0.58556420
v -0.35762647 0.55412453 -0.58163422
v -0.35762647 0.56198442 -0.57884383
v -0.35762647 0.56479448 -0.57770425
v -0.36411518 0.56984437 -0.57770425
v -0.35762647 0.56984437 -0.57543534
v -0.36438030 0.57770425 -0.56984437
v -0.35762647 0.57631737 -0.56984437
v -0.35762647 0.57770425 -0.56834179
v -0.35762647 0.58556420 -0.56415266
v -0.35364091 -0.59342414 -0.55412453
v -0.34976652 -0.59342414 -0.54810691
v -0.35431972 -0.58556420 -0.56198442
v -0.34976652 -0.58556420 -0.55603820
v -0.34976652 -0.58737171 -0.55412453
v -0.35280311 -0.57770425 -0.56984437
v -0.34976652 -0.57770425 -0.56537414
v -0.34976652 -0.58071554 -0.56198442
v -0.35405073 -0.56984437 -0.57770425
v -0.34976652 -0.56984437 -0.57165426
v -0.34976652 -0.57204199 -0.56984437
v -0.35075012 -0.56198442 -0.57770425
v -0.34976652 -0.56198442 -0.57641780
v -0.34976652 -0.55412453 -0.57816994
v -0.34976652 -0.55672890 -0.57770425
v -0.34976652 -0.54626459 -0.57877791
v -0.34976652 -0.53840464 -0.57902163
v -0.34976652 -0.53054476 -0.57922864
v -0.35747811 -0.52268481 -0.58556420
v -0.34976652 -0.52268481 -0.57941091
v -0.35752150 -0.51482493 -0.58556420
v -0.34976652 -0.51482493 -0.57943600
v -0.34976652 -0.50696498 -0.57936490
v -0.34976652 -0.49910507 -0.57928693
v -0.34976652 -0.49124515 -0.57927519
v -0.34976652 -0.48338521 -0.57937407
v -0.34976652 -0.47552529 -0.57952601
v -0.35743228 -0.46766537 -0.58556420
v -0.34976652 -0.46766537 -0.57966042
v -0.35735852 -0.45980546 -0.58556420
v -0.34976652 -0.45980546 -0.57970154
v -0.35735708 -0.45194551 -0.58556420
v -0.34976652 -0.45194551 -0.57972431
v -0.35736698 -0.44408560 -0.58556420
v -0.34976652 -0.44408560 -0.57971954
v -0.35740986 -0.43622568 -0.58556420
v -0.34976652 -0.43622568 -0.57966721
v -0.35746610 -0.42836577 -0.58556420
v -0.34976652 -0.42836577 -0.57959181
v -0.35760158 -0.42050582 -0.58556420
v -0.34976652 -0.42050582 -0.57950145
v -0.34976652 -0.41264591 -0.57934636
v -0.34976652 -0.40478599 -0.57921720
v -0.34976652 -0.39692608 -0.57916820
v -0.34976652 -0.38906616 -0.57920510
v -0.34976652 -0.38120621 -0.57937413
v -0.35755569 -0.37334630 -0.58556420
v -0.34976652 -0.37334630 -0.57957965
v -0.35734546 -0.36548638 -0.58556420
v -0.34976652 -0.36548638 -0.57975399
v -0.35719231 -0.35762647 -0.58556420
v -0.34976652 -0.35762647 -0.57990539
v -0.35707939 -0.34976652 -0.58556420
v -0.34976652 -0.34976652 -0.58002162
v -0.35701677 -0.34190661 -0.58556420
v -0.34976652 -0.34190661 -0.58008456
v -0.35701931 -0.33404669 -0.58556420
v -0.34976652 -0.33404669 -0.58010215
v -0.35706261 -0.32618678 -0.58556420
v -0.34976652 -0.32618678 -0.58009183
v -0.35711950 -0.31832686 -0.58556420
v -0.34976652 -0.31832686 -0.58005267
v -0.35722977 -0.31046692 -0.58556420
v -0.34976652 -0.31046692 -0.58002007
v -0.35729328 -0.30260700 -0.58556420
v -0.34976652 -0.30260700 -0.58003664
v -0.35727051 -0.29474708 -0.58556420
v -0.34976652 -0.29474708 -0.58007205
v -0.35730186 -0.28688717 -0.58556420
v -0.34976652 -0.28688717 -0.58013684
v -0.35720542 -0.27902722 -0.58556420
v -0.34976652 -0.27902722 -0.58021563
v -0.35712904 -0.27116731 -0.58556420
v -0.34976652 -0.27116731 -0.58027512
v -0.35704756 -0.26330739 -0.58556420
v -0.34976652 -0.26330739 -0.58036888
v -0.35690477 -0.25544748 -0.58556420
v -0.34976652 -0.25544748 -0.58049911
v -0.35682124 -0.24758755 -0.58556420
v -0.34976652 -0.24758755 -0.58059180
v -0.35669866 -0.23972763 -0.58556420
v -0.34976652 -0.23972763 -0.58066434
v -0.35672599 -0.23186770 -0.58556420
v -0.34976652 -0.23186770 -0.58068788
v -0.35680258 -0.22400779 -0.58556420
v -0.34976652 -0.22400779 -0.58062112
v -0.35695681 -0.21614785 -0.58556420
v -0.34976652 -0.21614785 -0.58052242
v -0.35700881 -0.20828794 -0.58556420
v -0.34976652 -0.20828794 -0.58047646
v -0.35702386 -0.20042801 -0.58556420
v -0.34976652 -0.20042801 -0.58048046
v -0.35694423 -0.19256809 -0.58556420
v -0.34976652 -0.19256809 -0.58050942
v -0.35674956 -0.18470818 -0.58556420
v -0.34976652 -0.18470818 -0.58058625
v -0.35650784 -0.17684825 -0.58556420
v -0.34976652 -0.17684825 -0.58073211
v -0.35626942 -0.16898833 -0.58556420
v -0.34976652 -0.16898833 -0.58086985
v -0.35608977 -0.16112840 -0.58556420
v -0.34976652 -0.16112840 -0.58100212
v -0.35596573 -0.15326849 -0.58556420
v -0.34976652 -0.15326849 -0.58111906
v -0.35585326 -0.14540856 -0.58556420
v -0.34976652 -0.14540856 -0.58119321
v -0.35583088 -0.13754864 -0.58556420
v -0.34976652 -0.13754864 -0.58123678
v -0.35582733 -0.12968871 -0.58556420
v -0.34976652 -0.12968871 -0.58122796
v -0.35585186 -0.12182879 -0.58556420
v -0.34976652 -0.12182879 -0.58121085
v -0.35583857 -0.11396887 -0.58556420
v -0.34976652 -0.11396887 -0.58121270
v -0.35580078 -0.10610895 -0.58556420
v -0.34976652 -0.10610895 -0.58122987
v -0.35571420 -0.09824903 -0.58556420
v -0.34976652 -0.09824903 -0.58126134
v -0.35561195 -0.09038910 -0.58556420
v -0.34976652 -0.09038910 -0.58128583
v -0.35549584 -0.08252918 -0.58556420
v -0.34976652 -0.08252918 -0.58130091
v -0.35540685 -0.07466926 -0.58556420
v -0.34976652 -0.07466926 -0.58134562
v -0.35535181 -0.06680934 -0.58556420
v -0.34976652 -0.06680934 -0.58134502
v -0.35527205 -0.05894941 -0.58556420
v -0.34976652 -0.05894941 -0.58138287
v -0.35520688 -0.05108950 -0.58556420
v -0.34976652 -0.05108950 -0.58141190
v -0.35513780 -0.04322957 -0.58556420
v -0.34976652 -0.04322957 -0.58143920
v -0.35507777 -0.03536965 -0.58556420
v -0.34976652 -0.03536965 -0.58146793
v -0.35502222 -0.02750973 -0.58556420
v -0.34976652 -0.02750973 -0.58146989
v -0.35491377 -0.01964981 -0.58556420
v -0.34976652 -0.01964981 -0.58151048
v -0.35473657 -0.01178988 -0.58556420
v -0.34976652 -0.01178988 -0.58161002
v -0.35454947 -0.00392996 -0.58556420
v -0.34976652 -0.00392996 -0.58172846
v -0.35435721 0.00392996 -0.58556420
v -0.34976652 0.00392996 -0.58184171
v -0.35414737 0.01178988 -0.58556420
v -0.34976652 0.01178988 -0.58195454
v -0.35396856 0.01964981 -0.58556420
v -0.34976652 0.01964981 -0.58207190
v -0.35379940 0.02750973 -0.58556420
v -0.34976652 0.02750973 -0.58217132
v -0.35365313 0.03536965 -0.58556420
v -0.34976652 0.03536965 -0.58225930
v -0.35350606 0.04322957 -0.58556420
v -0.34976652 0.04322957 -0.58235848
v -0.35339391 0.05108950 -0.58556420
v -0.34976652 0.05108950 -0.58242321
v -0.35332116 0.05894941 -0.58556420
v -0.34976652 0.05894941 -0.58247095
v -0.35324112 0.06680934 -0.58556420
v -0.34976652 0.06680934 -0.58252311
v -0.35318312 0.07466926 -0.58556420
v -0.34976652 0.07466926 -0.58255392
v -0.35310236 0.08252918 -0.58556420
v -0.34976652 0.08252918 -0.58260667
v -0.35298368 0.09038910 -0.58556420
v -0.34976652 0.09038910 -0.58269972
v -0.35289860 0.09824903 -0.58556420
v -0.34976652 0.09824903 -0.58275807
v -0.35284376 0.10610895 -0.58556420
v -0.34976652 0.10610895 -0.58279514
v -0.35282716 0.11396887 -0.58556420
v -0.34976652 0.11396887 -0.58280569
v -0.35283232 0.12182879 -0.58556420
v -0.34976652 0.12182879 -0.58279663
v -0.35286674 0.12968871 -0.58556420
v -0.34976652 0.12968871 -0.58277577
v -0.35287344 0.13754864 -0.58556420
v -0.34976652 0.13754864 -0.58278197
v -0.35294235 0.14540856 -0.58556420
v -0.34976652 0.14540856 -0.58273131
v -0.35302344 0.15326849 -0.58556420
v -0.34976652 0.15326849 -0.58267170
v -0.35308459 0.16112840 -0.58556420
v -0.34976652 0.16112840 -0.58262640
v -0.35319763 0.16898833 -0.58556420
v -0.34976652 0.16898833 -0.58253706
v -0.35328370 0.17684825 -0.58556420
v -0.34976652 0.17684825 -0.58248901
v -0.35329372 0.18470818 -0.58556420
v -0.34976652 0.18470818 -0.58251286
v -0.35327464 0.19256809 -0.58556420
v -0.34976652 0.19256809 -0.58255565
v -0.35322216 0.20042801 -0.58556420
v -0.34976652 0.20042801 -0.58260310
v -0.35309815 0.20828794 -0.58556420
v -0.34976652 0.20828794 -0.58270741
v -0.35294560 0.21614785 -0.58556420
v -0.34976652 0.21614785 -0.58284312
v -0.35282260 0.22400779 -0.58556420
v -0.34976652 0.22400779 -0.58295220
v -0.35273141 0.23186770 -0.58556420
v -0.34976652 0.23186770 -0.58304203
v -0.35268319 0.23972763 -0.58556420
v -0.34976652 0.23972763 -0.58308417
v -0.35267016 0.24758755 -0.58556420
v -0.34976652 0.24758755 -0.58311397
v -0.35269740 0.25544748 -0.58556420
v -0.34976652 0.25544748 -0.58310175
v -0.35272235 0.26330739 -0.58556420
v -0.34976652 0.26330739 -0.58308417
v -0.35275114 0.27116731 -0.58556420
v -0.34976652 0.27116731 -0.58304298
v -0.35278398 0.27902722 -0.58556420
v -0.34976652 0.27902722 -0.58302987
v -0.35277063 0.28688717 -0.58556420
v -0.34976652 0.28688717 -0.58305442
v -0.35275495 0.29474708 -0.58556420
v -0.34976652 0.29474708 -0.58308500
v -0.35274160 0.30260700 -0.58556420
v -0.34976652 0.30260700 -0.58310723
v -0.35271424 0.31046692 -0.58556420
v -0.34976652 0.31046692 -0.58313942
v -0.35267034 0.31832686 -0.58556420
v -0.34976652 0.31832686 -0.58317751
v -0.35260350 0.32618678 -0.58556420
v -0.34976652 0.32618678 -0.58322918
v -0.35252962 0.33404669 -0.58556420
v -0.34976652 0.33404669 -0.58330411
v -0.35249302 0.34190661 -0.58556420
v -0.34976652 0.34190661 -0.58333635
v -0.35247114 0.34976652 -0.58556420
v -0.34976652 0.34976652 -0.58335930
v -0.35256824 0.35762647 -0.58556420
v -0.34976652 0.35762647 -0.58328772
v -0.35271353 0.36548638 -0.58556420
v -0.34976652 0.36548638 -0.58315587
v -0.35285205 0.37334630 -0.58556420
v -0.34976652 0.37334630 -0.58304429
v -0.35286674 0.38120621 -0.58556420
v -0.34976652 0.38120621 -0.58300346
v -0.35275424 0.38906616 -0.58556420
v -0.34976652 0.38906616 -0.58307767
v -0.35261518 0.39692608 -0.58556420
v -0.34976652 0.39692608 -0.58318633
v -0.35246754 0.40478599 -0.58556420
v -0.34976652 0.40478599 -0.58331829
v -0.35232213 0.41264591 -0.58556420
v -0.34976652 0.41264591 -0.58344424
v -0.35217622 0.42050582 -0.58556420
v -0.34976652 0.42050582 -0.58355719
v -0.35208753 0.42836577 -0.58556420
v -0.34976652 0.42836577 -0.58362222
v -0.35205421 0.43622568 -0.58556420
v -0.34976652 0.43622568 -0.58364403
v -0.35210955 0.44408560 -0.58556420
v -0.34976652 0.44408560 -0.58359152
v -0.35225904 0.45194551 -0.58556420
v -0.34976652 0.45194551 -0.58346707
v -0.35252625 0.45980546 -0.58556420
v -0.34976652 0.45980546 -0.58326668
v -0.35294944 0.46766537 -0.58556420
v -0.34976652 0.46766537 -0.58291262
v -0.35335895 0.47552529 -0.58556420
v -0.34976652 0.47552529 -0.58258760
v -0.35350448 0.48338521 -0.58556420
v -0.34976652 0.48338521 -0.58243251
v -0.35347533 0.49124515 -0.58556420
v -0.34976652 0.49124515 -0.58240730
v -0.35350204 0.49910507 -0.58556420
v -0.34976652 0.49910507 -0.58234334
v -0.35368398 0.50696498 -0.58556420
v -0.34976652 0.50696498 -0.58218509
v -0.35426864 0.51482493 -0.58556420
v -0.34976652 0.51482493 -0.58174771
v -0.35515013 0.52268481 -0.58556420
v -0.34976652 0.52268481 -0.58113819
v -0.35635102 0.53054476 -0.58556420
v -0.34976652 0.53054476 -0.58035737
v -0.34976652 0.53840464 -0.57936835
v -0.34976652 0.54626459 -0.57807338
v -0.34976652 0.54798478 -0.57770425
v -0.35159156 0.55412453 -0.57770425
v -0.34976652 0.55412453 -0.57617050
v -0.35558993 0.56198442 -0.57770425
v -0.34976652 0.56198442 -0.57354558
v -0.34976652 0.56984437 -0.57013476
v -0.34976652 0.57018554 -0.56984437
v -0.35002103 0.57770425 -0.56198442
v -0.34976652 0.57745647 -0.56198442
v -0.34976652 0.57770425 -0.56167030
v -0.35318738 0.58556420 -0.56198442
v -0.34976652 0.58556420 -0.55887091
v -0.34625405 -0.59342414 -0.54626459
v -0.34190661 -0.59342414 -0.54470068
v -0.34745926 -0.58556420 -0.55412453
v -0.34190661 -0.58556420 -0.55058408
v -0.34190661 -0.59105235 -0.54626459
v -0.34694067 -0.57770425 -0.56198442
v -0.34190661 -0.57770425 -0.55791867
v -0.34190661 -0.58219522 -0.55412453
v -0.34872389 -0.56984437 -0.56984437
v -0.34190661 -0.56984437 -0.56262308
v -0.34190661 -0.57096428 -0.56198442
v -0.34543678 -0.56198442 -0.56984437
v -0.34190661 -0.56198442 -0.56627190
v -0.34937507 -0.55412453 -0.57770425
v -0.34336224 -0.55412453 -0.56984437
v -0.34190661 -0.55412453 -0.56851494
v -0.34884095 -0.54626459 -0.57770425
v -0.34248620 -0.54626459 -0.56984437
v -0.34190661 -0.54626459 -0.56935239
v -0.34864637 -0.53840464 -0.57770425
v -0.34248224 -0.53840464 -0.56984437
v -0.34190661 -0.53840464 -0.56933969
v -0.34849033 -0.53054476 -0.57770425
v -0.34272948 -0.53054476 -0.56984437
v -0.34190661 -0.53054476 -0.56906831
v -0.34835026 -0.52268481 -0.57770425
v -0.34296036 -0.52268481 -0.56984437
v -0.34190661 -0.52268481 -0.56878090
v -0.34831893 -0.51482493 -0.57770425
v -0.34318995 -0.51482493 -0.56984437
v -0.34190661 -0.51482493 -0.56848198
v -0.34836349 -0.50696498 -0.57770425
v -0.34337255 -0.50696498 -0.56984437
v -0.34190661 -0.50696498 -0.56822509
v -0.34840631 -0.49910507 -0.57770425
v -0.34348133 -0.49910507 -0.56984437
v -0.34190661 -0.49910507 -0.56805348
v -0.34840661 -0.49124515 -0.57770425
v -0.34349325 -0.49124515 -0.56984437
v -0.34190661 -0.49124515 -0.56800783
v -0.34832147 -0.48338521 -0.57770425
v -0.34345478 -0.48338521 -0.56984437
v -0.34190661 -0.48338521 -0.56803322
v -0.34821388 -0.47552529 -0.57770425
v -0.34338978 -0.47552529 -0.56984437
v -0.34190661 -0.47552529 -0.56809533
v -0.34811169 -0.46766537 -0.57770425
v -0.34334442 -0.46766537 -0.56984437
v -0.34190661 -0.46766537 -0.56813329
v -0.34808537 -0.45980546 -0.57770425
v -0.34332463 -0.45980546 -0.56984437
v -0.34190661 -0.45980546 -0.56814104
v -0.34806067 -0.45194551 -0.57770425
v -0.34332183 -0.45194551 -0.56984437
v -0.34190661 -0.45194551 -0.56813473
v -0.34806007 -0.44408560 -0.57770425
v -0.34333909 -0.44408560 -0.56984437
v -0.34190661 -0.44408560 -0.56810278
v -0.34809688 -0.43622568 -0.57770425
v -0.34335360 -0.43622568 -0.56984437
v -0.34190661 -0.43622568 -0.56806225
v -0.34816051 -0.42836577 -0.57770425
v -0.34337914 -0.42836577 -0.56984437
v -0.34190661 -0.42836577 -0.56800574
v -0.34822595 -0.42050582 -0.57770425
v -0.34344384 -0.42050582 -0.56984437
v -0.34190661 -0.42050582 -0.56789964
v -0.34835002 -0.41264591 -0.57770425
v -0.34351161 -0.41264591 -0.56984437
v -0.34190661 -0.41264591 -0.56778479
v -0.34845129 -0.40478599 -0.57770425
v -0.34357157 -0.40478599 -0.56984437
v -0.34190661 -0.40478599 -0.56767344
v -0.34848440 -0.39692608 -0.57770425
v -0.34355161 -0.39692608 -0.56984437
v -0.34190661 -0.39692608 -0.56767523
v -0.34844181 -0.38906616 -0.57770425
v -0.34346196 -0.38906616 -0.56984437
v -0.34190661 -0.38906616 -0.56777078
v -0.34830096 -0.38120621 -0.57770425
v -0.34331924 -0.38120621 -0.56984437
v -0.34190661 -0.38120621 -0.56794029
v -0.34812626 -0.37334630 -0.57770425
v -0.34314889 -0.37334630 -0.56984437
v -0.34190661 -0.37334630 -0.56814617
v -0.34797505 -0.36548638 -0.57770425
v -0.34301257 -0.36548638 -0.56984437
v -0.34190661 -0.36548638 -0.56831360
v -0.34784535 -0.35762647 -0.57770425
v -0.34291896 -0.35762647 -0.56984437
v -0.34190661 -0.35762647 -0.56844187
v -0.34774446 -0.34976652 -0.57770425
v -0.34283292 -0.34976652 -0.56984437
v -0.34190661 -0.34976652 -0.56856292
v -0.34767827 -0.34190661 -0.57770425
v -0.34278452 -0.34190661 -0.56984437
v -0.34190661 -0.34190661 -0.56862605
v -0.34766340 -0.33404669 -0.57770425
v -0.34274286 -0.33404669 -0.56984437
v -0.34190661 -0.33404669 -0.56867373
v -0.34767839 -0.32618678 -0.57770425
v -0.34273264 -0.32618678 -0.56984437
v -0.34190661 -0.32618678 -0.56868219
v -0.34770262 -0.31832686 -0.57770425
v -0.34274945 -0.31832686 -0.56984437
v -0.34190661 -0.31832686 -0.56865656
v -0.34773019 -0.31046692 -0.57770425
v -0.34274542 -0.31046692 -0.56984437
v -0.34190661 -0.31046692 -0.56865191
v -0.34770274 -0.30260700 -0.57770425
v -0.34270781 -0.30260700 -0.56984437
v -0.34190661 -0.30260700 -0.56870240
v -0.34766382 -0.29474708 -0.57770425
v -0.34263653 -0.29474708 -0.56984437
v -0.34190661 -0.29474708 -0.56879216
v -0.34759533 -0.28688717 -0.57770425
v -0.34257391 -0.28688717 -0.56984437
v -0.34190661 -0.28688717 -0.56887800
v -0.34753087 -0.27902722 -0.57770425
v -0.34250221 -0.27902722 -0.56984437
v -0.34190661 -0.27902722 -0.56897104
v -0.34748182 -0.27116731 -0.57770425
v -0.34244901 -0.27116731 -0.56984437
v -0.34190661 -0.27116731 -0.56903857
v -0.34739253 -0.26330739 -0.57770425
v -0.34240434 -0.26330739 -0.56984437
v -0.34190661 -0.26330739 -0.56909370
v -0.34728453 -0.25544748 -0.57770425
v -0.34236279 -0.25544748 -0.56984437
v -0.34190661 -0.25544748 -0.56914622
v -0.34720591 -0.24758755 -0.57770425
v -0.34233081 -0.24758755 -0.56984437
v -0.34190661 -0.24758755 -0.56918675
v -0.34715804 -0.23972763 -0.57770425
v -0.34233567 -0.23972763 -0.56984437
v -0.34190661 -0.23972763 -0.56917197
v -0.34715798 -0.23186770 -0.57770425
v -0.34235770 -0.23186770 -0.56984437
v -0.34190661 -0.23186770 -0.56913227
v -0.34722671 -0.22400779 -0.57770425
v -0.34245160 -0.22400779 -0.56984437
v -0.34190661 -0.22400779 -0.56897950
v -0.34732249 -0.21614785 -0.57770425
v -0.34257525 -0.21614785 -0.56984437
v -0.34190661 -0.21614785 -0.56877619
v -0.34736669 -0.20828794 -0.57770425
v -0.34265780 -0.20828794 -0.56984437
v -0.34190661 -0.20828794 -0.56864202
v -0.34736368 -0.20042801 -0.57770425
v -0.34269416 -0.20042801 -0.56984437
v -0.34190661 -0.20042801 -0.56858116
v -0.34735331 -0.19256809 -0.57770425
v -0.34265482 -0.19256809 -0.56984437
v -0.34190661 -0.19256809 -0.56866437
v -0.34727618 -0.18470818 -0.57770425
v -0.34252626 -0.18470818 -0.56984437
v -0.34190661 -0.18470818 -0.56888813
v -0.34715477 -0.17684825 -0.57770425
v -0.34241027 -0.17684825 -0.56984437
v -0.34190661 -0.17684825 -0.56907701
v -0.34702685 -0.16898833 -0.57770425
v -0.34231666 -0.16898833 -0.56984437
v -0.34190661 -0.16898833 -0.56921822
v -0.34689811 -0.16112840 -0.57770425
v -0.34224704 -0.16112840 -0.56984437
v -0.34190661 -0.16112840 -0.56932384
v -0.34678903 -0.15326849 -0.57770425
v -0.34217960 -0.15326849 -0.56984437
v -0.34190661 -0.15326849 -0.56942582
v -0.34672132 -0.14540856 -0.57770425
v -0.34214821 -0.14540856 -0.56984437
v -0.34190661 -0.14540856 -0.56947088
v -0.34668133 -0.13754864 -0.57770425
v -0.34211764 -0.13754864 -0.56984437
v -0.34190661 -0.13754864 -0.56951499
v -0.34670693 -0.12968871 -0.57770425
v -0.34213322 -0.12968871 -0.56984437
v -0.34190661 -0.12968871 -0.56948715
v -0.34672144 -0.12182879 -0.57770425
v -0.34216034 -0.12182879 -0.56984437
v -0.34190661 -0.12182879 -0.56944031
v -0.34673241 -0.11396887 -0.57770425
v -0.34216633 -0.11396887 -0.56984437
v -0.34190661 -0.11396887 -0.56942791
v -0.34671977 -0.10610895 -0.57770425
v -0.34216088 -0.10610895 -0.56984437
v -0.34190661 -0.10610895 -0.56943530
v -0.34670141 -0.09824903 -0.57770425
v -0.34212166 -0.09824903 -0.56984437
v -0.34190661 -0.09824903 -0.56949639
v -0.34669104 -0.09038910 -0.57770425
v -0.34208897 -0.09038910 -0.56984437
v -0.34190661 -0.09038910 -0.56954867
v -0.34668869 -0.08252918 -0.57770425
v -0.34207106 -0.08252918 -0.56984437
v -0.34190661 -0.08252918 -0.56957763
v -0.34667376 -0.07466926 -0.57770425
v -0.34206450 -0.07466926 -0.56984437
v -0.34190661 -0.07466926 -0.56959003
v -0.34668306 -0.06680934 -0.57770425
v -0.34206533 -0.06680934 -0.56984437
v -0.34190661 -0.06680934 -0.56959218
v -0.34666896 -0.05894941 -0.57770425
v -0.34205180 -0.05894941 -0.56984437
v -0.34190661 -0.05894941 -0.56961662
v -0.34664500 -0.05108950 -0.57770425
v -0.34206048 -0.05108950 -0.56984437
v -0.34190661 -0.05108950 -0.56960595
v -0.34664479 -0.04322957 -0.57770425
v -0.34205958 -0.04322957 -0.56984437
v -0.34190661 -0.04322957 -0.56960827
v -0.34664613 -0.03536965 -0.57770425
v -0.34208286 -0.03536965 -0.56984437
v -0.34190661 -0.03536965 -0.56957364
v -0.34665301 -0.02750973 -0.57770425
v -0.34211954 -0.02750973 -0.56984437
v -0.34190661 -0.02750973 -0.56951714
v -0.34664959 -0.01964981 -0.57770425
v -0.34215602 -0.01964981 -0.56984437
v -0.34190661 -0.01964981 -0.56946021
v -0.34659109 -0.01178988 -0.57770425
v -0.34215948 -0.01178988 -0.56984437
v -0.34190661 -0.01178988 -0.56945407
v -0.34651312 -0.00392996 -0.57770425
v -0.34212938 -0.00392996 -0.56984437
v -0.34190661 -0.00392996 -0.56950134
v -0.34643647 0.00392996 -0.57770425
v -0.34210852 0.00392996 -0.56984437
v -0.34190661 0.00392996 -0.56953299
v -0.34636632 0.01178988 -0.57770425
v -0.34206206 0.01178988 -0.56984437
v -0.34190661 0.01178988 -0.56960475
v -0.34629670 0.01964981 -0.57770425
v -0.34202254 0.01964981 -0.56984437
v -0.34190661 0.01964981 -0.56966525
v -0.34623039 0.02750973 -0.57770425
v -0.34198925 0.02750973 -0.56984437
v -0.34190661 0.02750973 -0.56971622
v -0.34616202 0.03536965 -0.57770425
v -0.34193307 0.03536965 -0.56984437
v -0.34190661 0.03536965 -0.56980330
v -0.34610617 0.04322957 -0.57770425
v -0.34190661 0.04322957 -0.56985009
v -0.34190661 0.04244917 -0.56984437
v -0.34605658 0.05108950 -0.57770425
v -0.34190661 0.05108950 -0.56991792
v -0.34602168 0.05894941 -0.57770425
v -0.34190661 0.05894941 -0.56993943
v -0.34602126 0.06680934 -0.57770425
v -0.34190661 0.06680934 -0.56995708
v -0.34602007 0.07466926 -0.57770425
v -0.34190661 0.07466926 -0.56995445
v -0.34599292 0.08252918 -0.57770425
v -0.34190661 0.08252918 -0.56995600
v -0.34595278 0.09038910 -0.57770425
v -0.34190661 0.09038910 -0.56997752
v -0.34592357 0.09824903 -0.57770425
v -0.34190661 0.09824903 -0.57000571
v -0.34590852 0.10610895 -0.57770425
v -0.34190661 0.10610895 -0.57002521
v -0.34591675 0.11396887 -0.57770425
v -0.34190661 0.11396887 -0.57005137
v -0.34593895 0.12182879 -0.57770425
v -0.34190661 0.12182879 -0.57006854
v -0.34594631 0.12968871 -0.57770425
v -0.34190661 0.12968871 -0.57007962
v -0.34595639 0.13754864 -0.57770425
v -0.34190661 0.13754864 -0.57009405
v -0.34598625 0.14540856 -0.57770425
v -0.34190661 0.14540856 -0.57006884
v -0.34603363 0.15326849 -0.57770425
v -0.34190661 0.15326849 -0.57000947
v -0.34609088 0.16112840 -0.57770425
v -0.34190661 0.16112840 -0.56993586
v -0.34617257 0.16898833 -0.57770425
v -0.34190661 0.16661510 -0.56984437
v -0.34192699 0.16898833 -0.56984437
v -0.34190661 0.16898833 -0.56981421
v -0.34622625 0.17684825 -0.57770425
v -0.34199566 0.17684825 -0.56984437
v -0.34190661 0.17684825 -0.56971020
v -0.34621435 0.18470818 -0.57770425
v -0.34204155 0.18470818 -0.56984437
v -0.34190661 0.18470818 -0.56963784
v -0.34617636 0.19256809 -0.57770425
v -0.34206596 0.19256809 -0.56984437
v -0.34190661 0.19256809 -0.56959534
v -0.34613714 0.20042801 -0.57770425
v -0.34199244 0.20042801 -0.56984437
v -0.34190661 0.20042801 -0.56970870
v -0.34603146 0.20828794 -0.57770425
v -0.34190661 0.20828794 -0.56995791
v -0.34190661 0.20511271 -0.56984437
v -0.34589761 0.21614785 -0.57770425
v -0.34190661 0.21614785 -0.57022572
v -0.34579143 0.22400779 -0.57770425
v -0.34190661 0.22400779 -0.57040602
v -0.34571162 0.23186770 -0.57770425
v -0.34190661 0.23186770 -0.57054925
v -0.34566650 0.23972763 -0.57770425
v -0.34190661 0.23972763 -0.57062817
v -0.34564248 0.24758755 -0.57770425
v -0.34190661 0.24758755 -0.57067454
v -0.34563082 0.25544748 -0.57770425
v -0.34190661 0.25544748 -0.57071954
v -0.34565020 0.26330739 -0.57770425
v -0.34190661 0.26330739 -0.57073390
v -0.34567240 0.27116731 -0.57770425
v -0.34190661 0.27116731 -0.57072139
v -0.34567153 0.27902722 -0.57770425
v -0.34190661 0.27902722 -0.57072461
v -0.34562916 0.28688717 -0.57770425
v -0.34190661 0.28688717 -0.57079351
v -0.34559792 0.29474708 -0.57770425
v -0.34190661 0.29474708 -0.57083219
v -0.34556541 0.30260700 -0.57770425
v -0.34190661 0.30260700 -0.57089496
v -0.34554863 0.31046692 -0.57770425
v -0.34190661 0.31046692 -0.57089436
v -0.34554172 0.31832686 -0.57770425
v -0.34190661 0.31832686 -0.57088381
v -0.34552529 0.32618678 -0.57770425
v -0.34190661 0.32618678 -0.57086819
v -0.34547684 0.33404669 -0.57770425
v -0.34190661 0.33404669 -0.57087719
v -0.34546340 0.34190661 -0.57770425
v -0.34190661 0.34190661 -0.57085580
v -0.34547767 0.34976652 -0.57770425
v -0.34190661 0.34976652 -0.57081527
v -0.34551996 0.35762647 -0.57770425
v -0.34190661 0.35762647 -0.57071579
v -0.34561890 0.36548638 -0.57770425
v -0.34190661 0.36548638 -0.57055658
v -0.34571353 0.37334630 -0.57770425
v -0.34190661 0.37334630 -0.57040715
v -0.34575561 0.38120621 -0.57770425
v -0.34190661 0.38120621 -0.57024592
v -0.34572095 0.38906616 -0.57770425
v -0.34190661 0.38906616 -0.57020396
v -0.34566051 0.39692608 -0.57770425
v -0.34190661 0.39692608 -0.57030123
v -0.34557891 0.40478599 -0.57770425
v -0.34190661 0.40478599 -0.57038951
v -0.34550545 0.41264591 -0.57770425
v -0.34190661 0.41264591 -0.57040817
v -0.34548584 0.42050582 -0.57770425
v -0.34190661 0.42050582 -0.57038093
v -0.34546718 0.42836577 -0.57770425
v -0.34190661 0.42836577 -0.57028949
v -0.34547204 0.43622568 -0.57770425
v -0.34190661 0.43622568 -0.57020497
v -0.34552845 0.44408560 -0.57770425
v -0.34190661 0.44408560 -0.57008451
v -0.34561825 0.45194551 -0.57770425
v -0.34190661 0.45194551 -0.56991643
v -0.34575489 0.45980546 -0.57770425
v -0.34190661 0.45433974 -0.56984437
v -0.34198421 0.45980546 -0.56984437
v -0.34190661 0.45980546 -0.56973487
v -0.34596598 0.46766537 -0.57770425
v -0.34212083 0.46766537 -0.56984437
v -0.34190661 0.46766537 -0.56954283
v -0.34615967 0.47552529 -0.57770425
v -0.34226665 0.47552529 -0.56984437
v -0.34190661 0.47552529 -0.56934029
v -0.34627751 0.48338521 -0.57770425
v -0.34238639 0.48338521 -0.56984437
v -0.34190661 0.48338521 -0.56917506
v -0.34633628 0.49124515 -0.57770425
v -0.34246168 0.49124515 -0.56984437
v -0.34190661 0.49124515 -0.56906670
v -0.34638676 0.49910507 -0.57770425
v -0.34251684 0.49910507 -0.56984437
v -0.34190661 0.49910507 -0.56897932
v -0.34652248 0.50696498 -0.57770425
v -0.34261441 0.50696498 -0.56984437
v -0.34190661 0.50696498 -0.56883138
v -0.34677145 0.51482493 -0.57770425
v -0.34275675 0.51482493 -0.56984437
v -0.34190661 0.51482493 -0.56860894
v -0.34713599 0.52268481 -0.57770425
v -0.34296575 0.52268481 -0.56984437
v -0.34190661 0.52268481 -0.56828642
v -0.34762418 0.53054476 -0.57770425
v -0.34320188 0.53054476 -0.56984437
v -0.34190661 0.53054476 -0.56793743
v -0.34831548 0.53840464 -0.57770425
v -0.34350663 0.53840464 -0.56984437
v -0.34190661 0.53840464 -0.56751764
v -0.34940800 0.54626459 -0.57770425
v -0.34387130 0.54626459 -0.56984437
v -0.34190661 0.54626459 -0.56710231
v -0.34465685 0.55412453 -0.56984437
v -0.34190661 0.55412453 -0.56602335
v -0.34664840 0.56198442 -0.56984437
v -0.34190661 0.56198442 -0.56238186
v -0.34952176 0.56984437 -0.56984437
v -0.34190661 0.56270355 -0.56198442
v -0.34451282 0.56984437 -0.56198442
v -0.34190661 0.56984437 -0.55812621
v -0.34471917 0.57770425 -0.55412453
v -0.34190661 0.57409984 -0.55412453
v -0.34190661 0.57770425 -0.55099326
v -0.34641021 0.58556420 -0.55412453
v -0.34190661 0.58556420 -0.54906392
v -0.33998552 -0.59342414 -0.54626459
v -0.33581671 -0.58556420 -0.55412453
v -0.33404669 -0.58556420 -0.55519658
v -0.33404669 -0.57770425 -0.56193268
v -0.33404669 -0.56984437 -0.56574440
v -0.33404669 -0.57760239 -0.56198442
v -0.33404669 -0.56198442 -0.56806386
v -0.33404669 -0.55412453 -0.56916463
v -0.33404669 -0.54626459 -0.56945771
v -0.33404669 -0.53840464 -0.56910086
v -0.33404669 -0.53054476 -0.56853020
v -0.33404669 -0.52268481 -0.56799436
v -0.33404669 -0.51482493 -0.56753290
v -0.33404669 -0.50696498 -0.56714582
v -0.33404669 -0.49910507 -0.56683934
v -0.33404669 -0.49124515 -0.56666654
v -0.33404669 -0.48338521 -0.56660116
v -0.33404669 -0.47552529 -0.56648970
v -0.33404669 -0.46766537 -0.56635994
v -0.33404669 -0.45980546 -0.56619895
v -0.33404669 -0.45194551 -0.56605208
v -0.33404669 -0.44408560 -0.56589401
v -0.33404669 -0.43622568 -0.56570095
v -0.33404669 -0.42836577 -0.56548989
v -0.33404669 -0.42050582 -0.56523806
v -0.33404669 -0.41264591 -0.56496125
v -0.33404669 -0.40478599 -0.56466478
v -0.33404669 -0.39692608 -0.56438577
v -0.33404669 -0.38906616 -0.56423187
v -0.33404669 -0.38120621 -0.56410110
v -0.33404669 -0.37334630 -0.56396025
v -0.33404669 -0.36548638 -0.56381160
v -0.33404669 -0.35762647 -0.56370270
v -0.33404669 -0.34976652 -0.56361389
v -0.33404669 -0.34190661 -0.56348741
v -0.33404669 -0.33404669 -0.56337458
v -0.33404669 -0.32618678 -0.56323290
v -0.33404669 -0.31832686 -0.56310850
v -0.33404669 -0.31046692 -0.56297654
v -0.33404669 -0.30260700 -0.56287116
v -0.33404669 -0.29474708 -0.56278402
v -0.33404669 -0.28688717 -0.56269854
v -0.33404669 -0.27902722 -0.56259108
v -0.33404669 -0.27116731 -0.56250215
v -0.33404669 -0.26330739 -0.56242704
v -0.33404669 -0.25544748 -0.56237751
v -0.33404669 -0.24758755 -0.56235445
v -0.33404669 -0.23972763 -0.56233281
v -0.33404669 -0.23186770 -0.56232613
v -0.33404669 -0.22400779 -0.56225371
v -0.33404669 -0.21614785 -0.56218404
v -0.33404669 -0.20828794 -0.56210184
v -0.33404669 -0.20042801 -0.56207818
v -0.33404669 -0.19256809 -0.56224382
v -0.33404669 -0.18470818 -0.56245744
v -0.33404669 -0.17684825 -0.56257552
v -0.33404669 -0.16898833 -0.56263125
v -0.33404669 -0.16112840 -0.56269801
v -0.33404669 -0.15326849 -0.56274951
v -0.33404669 -0.14540856 -0.56279558
v -0.33404669 -0.13754864 -0.56282437
v -0.33404669 -0.12968871 -0.56282163
v -0.33404669 -0.12182879 -0.56279343
v -0.33404669 -0.11396887 -0.56277996
v -0.33404669 -0.10610895 -0.56277710
v -0.33404669 -0.09824903 -0.56277668
v -0.33404669 -0.09038910 -0.56276649
v -0.33404669 -0.08252918 -0.56275356
v -0.33404669 -0.07466926 -0.56275880
v -0.33404669 -0.06680934 -0.56281388
v -0.33404669 -0.05894941 -0.56287777
v -0.33404669 -0.05108950 -0.56294352
v -0.33404669 -0.04322957 -0.56297827
v -0.33404669 -0.03536965 -0.56300569
v -0.33404669 -0.02750973 -0.56300002
v -0.33404669 -0.01964981 -0.56299669
v -0.33404669 -0.01178988 -0.56301898
v -0.33404669 -0.00392996 -0.56303471
v -0.33404669 0.00392996 -0.56305540
v -0.33404669 0.01178988 -0.56306660
v -0.33404669 0.01964981 -0.56308717
v -0.33404669 0.02750973 -0.56313097
v -0.33404669 0.03536965 -0.56317884
v -0.34190303 0.04322957 -0.56984437
v -0.33404669 0.04322957 -0.56323308
v -0.34186050 0.05108950 -0.56984437
v -0.33404669 0.05108950 -0.56326163
v -0.34184736 0.05894941 -0.56984437
v -0.33404669 0.05894941 -0.56328189
v -0.34183592 0.06680934 -0.56984437
v -0.33404669 0.06680934 -0.56330425
v -0.34183741 0.07466926 -0.56984437
v -0.33404669 0.07466926 -0.56332666
v -0.34183669 0.08252918 -0.56984437
v -0.33404669 0.08252918 -0.56335896
v -0.34182355 0.09038910 -0.56984437
v -0.33404669 0.09038910 -0.56339955
v -0.34180671 0.09824903 -0.56984437
v -0.33404669 0.09824903 -0.56341499
v -0.34179515 0.10610895 -0.56984437
v -0.33404669 0.10610895 -0.56340212
v -0.34177834 0.11396887 -0.56984437
v -0.33404669 0.11396887 -0.56336957
v -0.34176683 0.12182879 -0.56984437
v -0.33404669 0.12182879 -0.56333882
v -0.34176019 0.12968871 -0.56984437
v -0.33404669 0.12968871 -0.56332743
v -0.34174955 0.13754864 -0.56984437
v -0.33404669 0.13754864 -0.56334007
v -0.34176382 0.14540856 -0.56984437
v -0.33404669 0.14540856 -0.56337869
v -0.34180024 0.15326849 -0.56984437
v -0.33404669 0.15326849 -0.56342453
v -0.34184676 0.16112840 -0.56984437
v -0.33404669 0.16112840 -0.56347388
v -0.33404669 0.16898833 -0.56343639
v -0.33404669 0.17684825 -0.56332541
v -0.33404669 0.18470818 -0.56318343
v -0.33404669 0.19256809 -0.56300074
v -0.33404669 0.20042801 -0.56300569
v -0.34183389 0.20828794 -0.56984437
v -0.33404669 0.20828794 -0.56322181
v -0.34165734 0.21614785 -0.56984437
v -0.33404669 0.21614785 -0.56352979
v -0.34153134 0.22400779 -0.56984437
v -0.33404669 0.22400779 -0.56384200
v -0.34142485 0.23186770 -0.56984437
v -0.33404669 0.23186770 -0.56407332
v -0.34136739 0.23972763 -0.56984437
v -0.33404669 0.23972763 -0.56415159
v -0.34133267 0.24758755 -0.56984437
v -0.33404669 0.24758755 -0.56418252
v -0.34130245 0.25544748 -0.56984437
v -0.33404669 0.25544748 -0.56419563
v -0.34128374 0.26330739 -0.56984437
v -0.33404669 0.26330739 -0.56422150
v -0.34128776 0.27116731 -0.56984437
v -0.33404669 0.27116731 -0.56426579
v -0.34128106 0.27902722 -0.56984437
v -0.33404669 0.27902722 -0.56431186
v -0.34123343 0.28688717 -0.56984437
v -0.33404669 0.28688717 -0.56435168
v -0.34120986 0.29474708 -0.56984437
v -0.33404669 0.29474708 -0.56436735
v -0.34117052 0.30260700 -0.56984437
v -0.33404669 0.30260700 -0.56439024
v -0.34117112 0.31046692 -0.56984437
v -0.33404669 0.31046692 -0.56442046
v -0.34117556 0.31832686 -0.56984437
v -0.33404669 0.31832686 -0.56445622
v -0.34118468 0.32618678 -0.56984437
v -0.33404669 0.32618678 -0.56450588
v -0.34118167 0.33404669 -0.56984437
v -0.33404669 0.33404669 -0.56454480
v -0.34119657 0.34190661 -0.56984437
v -0.33404669 0.34190661 -0.56458211
v -0.34122264 0.34976652 -0.56984437
v -0.33404669 0.34976652 -0.56460142
v -0.34129027 0.35762647 -0.56984437
v -0.33404669 0.35762647 -0.56458211
v -0.34139967 0.36548638 -0.56984437
v -0.33404669 0.36548638 -0.56453860
v -0.34150288 0.37334630 -0.56984437
v -0.33404669 0.37334630 -0.56450117
v -0.34161752 0.38120621 -0.56984437
v -0.33404669 0.38120621 -0.56449503
v -0.34164762 0.38906616 -0.56984437
v -0.33404669 0.38906616 -0.56453568
v -0.34157529 0.39692608 -0.56984437
v -0.33404669 0.39692608 -0.56464893
v -0.34151185 0.40478599 -0.56984437
v -0.33404669 0.40478599 -0.56473762
v -0.34150058 0.41264591 -0.56984437
v -0.33404669 0.41264591 -0.56477821
v -0.34151658 0.42050582 -0.56984437
v -0.33404669 0.42050582 -0.56480896
v -0.34158146 0.42836577 -0.56984437
v -0.33404669 0.42836577 -0.56483972
v -0.34164259 0.43622568 -0.56984437
v -0.33404669 0.43622568 -0.56482106
v -0.34172934 0.44408560 -0.56984437
v -0.33404669 0.44408560 -0.56476468
v -0.34185305 0.45194551 -0.56984437
v -0.33404669 0.45194551 -0.56468922
v -0.33404669 0.45980546 -0.56463945
v -0.33404669 0.46766537 -0.56457698
v -0.33404669 0.47552529 -0.56453228
v -0.33404669 0.48338521 -0.56446564
v -0.33404669 0.49124515 -0.56443703
v -0.33404669 0.49910507 -0.56443262
v -0.33404669 0.50696498 -0.56435406
v -0.33404669 0.51482493 -0.56412894
v -0.33404669 0.52268481 -0.56380647
v -0.33404669 0.53054476 -0.56348377
v -0.33404669 0.53840464 -0.56318706
v -0.33404669 0.54626459 -0.56296116
v -0.33404669 0.55412453 -0.56207478
v -0.33404669 0.55435693 -0.56198442
v -0.34127533 0.56198442 -0.56198442
v -0.33404669 0.56198442 -0.55885607
v -0.33404669 0.56984437 -0.55550557
v -0.33404669 0.57274985 -0.55412453
v -0.33404669 0.57770425 -0.55175370
v -0.33404669 0.58556420 -0.55195326
v -0.33113357 0.57770425 -0.55412453
v -0.32618678 0.57770425 -0.55954045
v -0.33160815 0.58556420 -0.55412453
v -0.32618678 0.58556420 -0.56038851
v -0.32451719 0.57770425 -0.56198442
v -0.31832686 0.57770425 -0.56946081
v -0.32505101 0.58556420 -0.56198442
v -0.31832686 0.58556420 -0.56839430
f 84 85 86
f 87 85 84
f 88 85 87
f 89 88 87
f 90 88 89
f 91 90 89
f 92 90 91
f 93 94 95
f 92 93 95
f 92 91 93
f 91 96 93
f 97 94 93
f 98 94 97
f 96 99 93
f 99 97 93
f 100 98 97
f 101 98 100
f 99 102 97
f 102 100 97
f 103 101 100
f 104 101 103
f 102 105 100
f 105 103 100
f 103 106 104
f 106 107 108
f 106 103 107
f 103 105 107
f 109 108 107
f 110 108 109
f 111 110 109
f 112 110 111
f 113 114 115
f 112 113 115
f 112 111 113
f 111 116 113
f 117 114 113
f 118 114 117
f 116 119 113
f 119 117 113
f 120 118 117
f 121 118 120
f 119 122 117
f 122 120 117
f 120 123 121
f 123 124 125
f 123 120 124
f 120 122 124
f 126 125 124
f 127 125 126
f 128 127 126
f 129 127 128
f 130 129 128
f 131 129 130
f 132 131 130
f 133 131 132
f 134 133 132
f 135 133 134
f 136 135 134
f 137 135 136
f 138 137 136
f 139 137 138
f 140 139 138
f 141 139 140
f 142 141 140
f 143 141 142
f 144 143 142
f 145 143 144
f 146 145 144
f 147 145 146
f 148 147 146
f 149 147 148
f 150 149 148
f 151 149 150
f 152 151 150
f 153 151 152
f 154 153 152
f 155 153 154
f 156 155 154
f 157 155 156
f 158 157 156
f 159 157 158
f 160 159 158
f 161 159 160
f 162 161 160
f 163 161 162
f 164 163 162
f 165 163 164
f 166 165 164
f 167 165 166
f 168 167 166
f 169 167 168
f 170 169 168
f 171 169 170
f 172 171 170
f 173 171 172
f 174 173 172
f 175 173 174
f 176 175 174
f 177 175 176
f 178 177 176
f 179 177 178
f 180 179 178
f 181 179 180
f 182 181 180
f 183 181 182
f 184 183 182
f 185 183 184
f 186 185 184
f 187 185 186
f 188 187 186
f 189 187 188
f 190 189 188
f 191 189 190
f 192 191 190
f 193 191 192
f 194 193 192
f 195 193 194
f 196 197 198
f 195 196 198
f 195 194 196
f 194 199 196
f 200 197 196
f 201 197 200
f 199 202 196
f 202 200 196
f 203 201 200
f 204 201 203
f 202 205 200
f 205 203 200
f 206 204 203
f 207 204 206
f 205 208 203
f 208 206 203
f 209 207 206
f 210 207 209
f 208 211 206
f 211 209 206
f 212 210 209
f 213 210 212
f 211 214 209
f 214 212 209
f 215 213 212
f 216 213 215
f 214 217 212
f 217 215 212
f 218 216 215
f 219 216 218
f 217 220 215
f 220 218 215
f 221 219 218
f 222 219 221
f 220 223 218
f 223 221 218
f 224 222 221
f 225 222 224
f 223 226 221
f 226 224 221
f 227 225 224
f 228 225 227
f 226 229 224
f 229 227 224
f 230 228 227
f 231 228 230
f 229 232 227
f 232 230 227
f 233 231 230
f 234 231 233
f 232 235 230
f 235 233 230
f 236 234 233
f 237 234 236
f 2 1 236
f 2 236 235
f 235 236 233
f 238 237 236
f 239 237 238
f 1 3 238
f 236 1 238
f 240 239 238
f 241 239 240
f 3 4 240
f 238 3 240
f 242 241 240
f 243 241 242
f 4 5 242
f 240 4 242
f 244 243 242
f 245 243 244
f 5 6 244
f 242 5 244
f 246 245 244
f 247 245 246
f 6 7 246
f 244 6 246
f 248 247 246
f 249 247 248
f 7 8 248
f 246 7 248
f 250 249 248
f 251 249 250
f 8 9 250
f 248 8 250
f 252 251 250
f 253 251 252
f 9 10 252
f 250 9 252
f 254 253 252
f 255 253 254
f 10 11 254
f 252 10 254
f 256 255 254
f 257 255 256
f 11 12 256
f 254 11 256
f 258 257 256
f 259 257 258
f 12 13 258
f 256 12 258
f 260 259 258
f 261 259 260
f 13 14 260
f 258 13 260
f 262 261 260
f 263 261 262
f 14 15 262
f 260 14 262
f 264 263 262
f 265 263 264
f 15 16 264
f 262 15 264
f 266 265 264
f 267 265 266
f 16 17 266
f 264 16 266
f 268 267 266
f 269 267 268
f 17 18 268
f 266 17 268
f 270 269 268
f 271 269 270
f 18 19 270
f 268 18 270
f 272 271 270
f 273 271 272
f 19 20 272
f 270 19 272
f 274 273 272
f 275 273 274
f 20 21 274
f 272 20 274
f 276 275 274
f 277 275 276
f 21 22 276
f 274 21 276
f 278 277 276
f 279 277 278
f 22 23 278
f 276 22 278
f 280 279 278
f 281 279 280
f 23 24 280
f 278 23 280
f 282 281 280
f 283 281 282
f 24 25 282
f 280 24 282
f 284 283 282
f 285 283 284
f 25 26 284
f 282 25 284
f 286 285 284
f 287 285 286
f 26 27 286
f 284 26 286
f 288 287 286
f 289 287 288
f 27 28 288
f 286 27 288
f 290 289 288
f 291 289 290
f 28 29 290
f 288 28 290
f 292 291 290
f 293 291 292
f 29 30 292
f 290 29 292
f 294 293 292
f 295 293 294
f 30 31 294
f 292 30 294
f 296 295 294
f 297 295 296
f 31 32 296
f 294 31 296
f 298 297 296
f 299 297 298
f 32 33 298
f 296 32 298
f 300 299 298
f 301 299 300
f 33 34 300
f 298 33 300
f 302 301 300
f 303 301 302
f 34 35 302
f 300 34 302
f 304 303 302
f 305 303 304
f 35 36 304
f 302 35 304
f 306 305 304
f 307 305 306
f 36 37 306
f 304 36 306
f 308 307 306
f 309 307 308
f 37 38 308
f 306 37 308
f 310 309 308
f 311 309 310
f 38 39 310
f 308 38 310
f 312 311 310
f 313 311 312
f 39 40 312
f 310 39 312
f 314 313 312
f 315 313 314
f 40 41 314
f 312 40 314
f 316 315 314
f 317 315 316
f 41 42 316
f 314 41 316
f 318 317 316
f 319 317 318
f 42 43 318
f 316 42 318
f 320 319 318
f 321 319 320
f 43 44 320
f 318 43 320
f 322 321 320
f 323 321 322
f 44 45 322
f 320 44 322
f 324 323 322
f 325 323 324
f 45 46 324
f 322 45 324
f 326 325 324
f 327 325 326
f 46 47 326
f 324 46 326
f 328 327 326
f 329 327 328
f 47 48 328
f 326 47 328
f 330 329 328
f 331 329 330
f 48 49 330
f 328 48 330
f 332 331 330
f 333 331 332
f 49 50 332
f 330 49 332
f 334 333 332
f 335 333 334
f 50 51 334
f 332 50 334
f 336 335 334
f 337 335 336
f 51 52 336
f 334 51 336
f 338 337 336
f 339 337 338
f 52 53 338
f 336 52 338
f 340 339 338
f 341 339 340
f 53 54 340
f 338 53 340
f 342 341 340
f 343 341 342
f 54 55 342
f 340 54 342
f 344 343 342
f 345 343 344
f 55 56 344
f 342 55 344
f 346 345 344
f 347 345 346
f 56 57 346
f 344 56 346
f 348 347 346
f 349 347 348
f 57 58 348
f 346 57 348
f 350 349 348
f 351 349 350
f 58 59 350
f 348 58 350
f 352 351 350
f 353 351 352
f 59 60 352
f 350 59 352
f 354 353 352
f 355 353 354
f 60 61 354
f 352 60 354
f 356 355 354
f 357 355 356
f 61 62 356
f 354 61 356
f 358 357 356
f 359 357 358
f 62 63 358
f 356 62 358
f 360 359 358
f 361 359 360
f 63 64 360
f 358 63 360
f 362 361 360
f 363 361 362
f 64 65 362
f 360 64 362
f 364 363 362
f 365 363 364
f 65 66 364
f 362 65 364
f 366 365 364
f 367 365 366
f 66 67 366
f 364 66 366
f 368 367 366
f 369 367 368
f 67 68 368
f 366 67 368
f 370 369 368
f 371 369 370
f 68 69 370
f 368 68 370
f 372 371 370
f 373 371 372
f 69 70 372
f 370 69 372
f 374 373 372
f 375 373 374
f 70 71 374
f 372 70 374
f 376 375 374
f 377 375 376
f 71 72 376
f 374 71 376
f 378 377 376
f 379 377 378
f 72 73 378
f 376 72 378
f 380 379 378
f 381 379 380
f 73 74 380
f 378 73 380
f 382 381 380
f 383 381 382
f 74 75 382
f 380 74 382
f 384 383 382
f 385 383 384
f 75 76 384
f 382 75 384
f 386 385 384
f 387 385 386
f 76 77 386
f 384 76 386
f 388 387 386
f 389 387 388
f 77 78 388
f 386 77 388
f 390 389 388
f 391 389 390
f 78 79 390
f 388 78 390
f 392 391 390
f 393 391 392
f 79 80 392
f 390 79 392
f 392 394 393
f 394 392 80
f 394 80 395
f 395 80 81
f 396 81 82
f 396 397 81
f 397 395 81
f 398 397 396
f 399 397 398
f 398 400 399
f 406 405 404
f 407 405 406
f 408 409 410
f 407 408 410
f 406 408 407
f 406 83 408
f 411 412 413
f 409 411 413
f 408 411 409
f 408 85 411
f 408 86 85
f 83 86 408
f 414 412 411
f 415 412 414
f 85 88 414
f 411 85 414
f 416 415 414
f 417 415 416
f 88 90 416
f 414 88 416
f 418 417 416
f 419 417 418
f 90 92 418
f 416 90 418
f 95 419 418
f 95 94 419
f 94 420 419
f 92 95 418
f 94 98 420
f 420 98 421
f 98 101 421
f 421 101 422
f 101 104 422
f 422 104 423
f 424 104 106
f 424 425 104
f 425 423 104
f 106 108 424
f 426 425 424
f 427 425 426
f 108 110 426
f 424 108 426
f 428 427 426
f 429 427 428
f 110 112 428
f 426 110 428
f 115 429 428
f 115 114 429
f 114 430 429
f 112 115 428
f 114 118 430
f 430 118 431
f 118 121 431
f 431 121 432
f 433 121 123
f 433 434 121
f 434 432 121
f 123 125 433
f 435 434 433
f 436 434 435
f 125 127 435
f 433 125 435
f 437 436 435
f 438 436 437
f 127 129 437
f 435 127 437
f 439 438 437
f 440 438 439
f 129 131 439
f 437 129 439
f 441 440 439
f 442 440 441
f 131 133 441
f 439 131 441
f 443 442 441
f 444 442 443
f 133 135 443
f 441 133 443
f 445 444 443
f 446 444 445
f 135 137 445
f 443 135 445
f 447 446 445
f 448 446 447
f 137 139 447
f 445 137 447
f 449 448 447
f 450 448 449
f 139 141 449
f 447 139 449
f 451 450 449
f 452 450 451
f 141 143 451
f 449 141 451
f 453 452 451
f 454 452 453
f 143 145 453
f 451 143 453
f 455 454 453
f 456 454 455
f 145 147 455
f 453 145 455
f 457 456 455
f 458 456 457
f 147 149 457
f 455 147 457
f 459 458 457
f 460 458 459
f 149 151 459
f 457 149 459
f 461 460 459
f 462 460 461
f 151 153 461
f 459 151 461
f 463 462 461
f 464 462 463
f 153 155 463
f 461 153 463
f 465 464 463
f 466 464 465
f 155 157 465
f 463 155 465
f 467 466 465
f 468 466 467
f 157 159 467
f 465 157 467
f 469 468 467
f 470 468 469
f 159 161 469
f 467 159 469
f 471 470 469
f 472 470 471
f 161 163 471
f 469 161 471
f 473 472 471
f 474 472 473
f 163 165 473
f 471 163 473
f 475 474 473
f 476 474 475
f 165 167 475
f 473 165 475
f 477 476 475
f 478 476 477
f 167 169 477
f 475 167 477
f 479 478 477
f 480 478 479
f 169 171 479
f 477 169 479
f 481 480 479
f 482 480 481
f 171 173 481
f 479 171 481
f 483 482 481
f 484 482 483
f 173 175 483
f 481 173 483
f 485 484 483
f 486 484 485
f 175 177 485
f 483 175 485
f 487 486 485
f 488 486 487
f 177 179 487
f 485 177 487
f 489 488 487
f 490 488 489
f 179 181 489
f 487 179 489
f 491 490 489
f 492 490 491
f 181 183 491
f 489 181 491
f 493 492 491
f 494 492 493
f 183 185 493
f 491 183 493
f 495 494 493
f 496 494 495
f 185 187 495
f 493 185 495
f 497 496 495
f 498 496 497
f 187 189 497
f 495 187 497
f 499 498 497
f 500 498 499
f 189 191 499
f 497 189 499
f 501 500 499
f 502 500 501
f 191 193 501
f 499 191 501
f 503 502 501
f 504 502 503
f 193 195 503
f 501 193 503
f 198 504 503
f 198 197 504
f 197 505 504
f 195 198 503
f 197 201 505
f 505 201 506
f 201 204 506
f 506 204 507
f 204 207 507
f 507 207 508
f 207 210 508
f 508 210 509
f 210 213 509
f 509 213 510
f 213 216 510
f 510 216 511
f 216 219 511
f 511 219 512
f 219 222 512
f 512 222 513
f 222 225 513
f 513 225 514
f 225 228 514
f 514 228 515
f 228 231 515
f 515 231 516
f 231 234 516
f 516 234 517
f 234 237 517
f 517 237 518
f 237 239 518
f 518 239 519
f 239 241 519
f 519 241 520
f 241 243 520
f 520 243 521
f 243 245 521
f 521 245 522
f 245 247 522
f 522 247 523
f 247 249 523
f 523 249 524
f 249 251 524
f 524 251 525
f 251 253 525
f 525 253 526
f 253 255 526
f 526 255 527
f 255 257 527
f 527 257 528
f 257 259 528
f 528 259 529
f 259 261 529
f 529 261 530
f 261 263 530
f 530 263 531
f 263 265 531
f 531 265 532
f 265 267 532
f 532 267 533
f 267 269 533
f 533 269 534
f 269 271 534
f 534 271 535
f 271 273 535
f 535 273 536
f 273 275 536
f 536 275 537
f 275 277 537
f 537 277 538
f 277 279 538
f 538 279 539
f 279 281 539
f 539 281 540
f 281 283 540
f 540 283 541
f 283 285 541
f 541 285 542
f 285 287 542
f 542 287 543
f 287 289 543
f 543 289 544
f 289 291 544
f 544 291 545
f 291 293 545
f 545 293 546
f 293 295 546
f 546 295 547
f 295 297 547
f 547 297 548
f 297 299 548
f 548 299 549
f 299 301 549
f 549 301 550
f 301 303 550
f 550 303 551
f 303 305 551
f 551 305 552
f 305 307 552
f 552 307 553
f 307 309 553
f 553 309 554
f 309 311 554
f 554 311 555
f 311 313 555
f 555 313 556
f 313 315 556
f 556 315 557
f 315 317 557
f 557 317 558
f 317 319 558
f 558 319 559
f 319 321 559
f 559 321 560
f 321 323 560
f 560 323 561
f 323 325 561
f 561 325 562
f 325 327 562
f 562 327 563
f 327 329 563
f 563 329 564
f 329 331 564
f 564 331 565
f 331 333 565
f 565 333 566
f 333 335 566
f 566 335 567
f 335 337 567
f 567 337 568
f 337 339 568
f 568 339 569
f 339 341 569
f 569 341 570
f 341 343 570
f 570 343 571
f 343 345 571
f 571 345 572
f 345 347 572
f 572 347 573
f 347 349 573
f 573 349 574
f 349 351 574
f 574 351 575
f 351 353 575
f 575 353 576
f 353 355 576
f 576 355 577
f 355 357 577
f 577 357 578
f 357 359 578
f 578 359 579
f 359 361 579
f 579 361 580
f 361 363 580
f 580 363 581
f 363 365 581
f 581 365 582
f 365 367 582
f 582 367 583
f 367 369 583
f 583 369 584
f 369 371 584
f 584 371 585
f 371 373 585
f 585 373 586
f 373 375 586
f 586 375 587
f 375 377 587
f 587 377 588
f 377 379 588
f 588 379 589
f 379 381 589
f 589 381 590
f 381 383 590
f 590 383 591
f 383 385 591
f 591 385 592
f 385 387 592
f 592 387 593
f 387 389 593
f 593 389 594
f 389 391 594
f 594 391 595
f 391 393 595
f 595 393 596
f 597 393 394
f 597 598 393
f 598 596 393
f 394 395 597
f 599 598 597
f 600 598 599
f 395 397 599
f 597 395 599
f 599 601 600
f 601 599 397
f 601 397 602
f 602 397 399
f 603 399 400
f 603 604 399
f 604 602 399
f 400 401 603
f 603 605 604
f 401 605 603
f 401 402 605
f 402 606 605
f 606 402 403
f 607 606 403
f 610 609 608
f 611 609 610
f 405 407 610
f 608 405 610
f 612 613 614
f 611 612 614
f 610 612 611
f 610 409 612
f 610 410 409
f 407 410 610
f 413 613 612
f 413 412 613
f 412 615 613
f 409 413 612
f 412 415 615
f 615 415 616
f 415 417 616
f 616 417 617
f 417 419 617
f 617 419 618
f 419 420 618
f 618 420 619
f 420 421 619
f 619 421 620
f 421 422 620
f 620 422 621
f 422 423 621
f 621 423 622
f 423 425 622
f 622 425 623
f 425 427 623
f 623 427 624
f 427 429 624
f 624 429 625
f 429 430 625
f 625 430 626
f 430 431 626
f 626 431 627
f 431 432 627
f 627 432 628
f 432 434 628
f 628 434 629
f 434 436 629
f 629 436 630
f 436 438 630
f 630 438 631
f 438 440 631
f 631 440 632
f 440 442 632
f 632 442 633
f 442 444 633
f 633 444 634
f 444 446 634
f 634 446 635
f 446 448 635
f 635 448 636
f 448 450 636
f 636 450 637
f 450 452 637
f 637 452 638
f 452 454 638
f 638 454 639
f 454 456 639
f 639 456 640
f 456 458 640
f 640 458 641
f 458 460 641
f 641 460 642
f 460 462 642
f 642 462 643
f 462 464 643
f 643 464 644
f 464 466 644
f 644 466 645
f 466 468 645
f 645 468 646
f 468 470 646
f 646 470 647
f 470 472 647
f 647 472 648
f 472 474 648
f 648 474 649
f 474 476 649
f 649 476 650
f 476 478 650
f 650 478 651
f 478 480 651
f 651 480 652
f 480 482 652
f 652 482 653
f 482 484 653
f 653 484 654
f 484 486 654
f 654 486 655
f 486 488 655
f 655 488 656
f 488 490 656
f 656 490 657
f 490 492 657
f 657 492 658
f 492 494 658
f 658 494 659
f 494 496 659
f 659 496 660
f 496 498 660
f 660 498 661
f 498 500 661
f 661 500 662
f 500 502 662
f 662 502 663
f 502 504 663
f 663 504 664
f 504 505 664
f 664 505 665
f 505 506 665
f 665 506 666
f 506 507 666
f 666 507 667
f 507 508 667
f 667 508 668
f 508 509 668
f 668 509 669
f 509 510 669
f 669 510 670
f 510 511 670
f 670 511 671
f 511 512 671
f 671 512 672
f 512 513 672
f 672 513 673
f 513 514 673
f 673 514 674
f 514 515 674
f 674 515 675
f 515 516 675
f 675 516 676
f 516 517 676
f 676 517 677
f 517 518 677
f 677 518 678
f 518 519 678
f 678 519 679
f 519 520 679
f 679 520 680
f 520 521 680
f 680 521 681
f 521 522 681
f 681 522 682
f 522 523 682
f 682 523 683
f 523 524 683
f 683 524 684
f 524 525 684
f 684 525 685
f 525 526 685
f 685 526 686
f 526 527 686
f 686 527 687
f 527 528 687
f 687 528 688
f 528 529 688
f 688 529 689
f 529 530 689
f 689 530 690
f 530 531 690
f 690 531 691
f 531 532 691
f 691 532 692
f 693 694 695
f 693 695 692
f 693 692 533
f 533 692 532
f 696 694 693
f 697 694 696
f 533 534 696
f 693 533 696
f 698 697 696
f 699 697 698
f 534 535 698
f 696 534 698
f 700 699 698
f 701 699 700
f 535 536 700
f 698 535 700
f 702 701 700
f 703 701 702
f 536 537 702
f 700 536 702
f 704 703 702
f 705 703 704
f 537 538 704
f 702 537 704
f 706 705 704
f 707 705 706
f 538 539 706
f 704 538 706
f 708 707 706
f 709 707 708
f 539 540 708
f 706 539 708
f 710 709 708
f 711 709 710
f 540 541 710
f 708 540 710
f 712 711 710
f 713 711 712
f 541 542 712
f 710 541 712
f 714 713 712
f 715 713 714
f 542 543 714
f 712 542 714
f 716 715 714
f 717 715 716
f 543 544 716
f 714 543 716
f 718 717 716
f 719 717 718
f 544 545 718
f 716 544 718
f 720 719 718
f 721 719 720
f 545 546 720
f 718 545 720
f 722 721 720
f 723 721 722
f 546 547 722
f 720 546 722
f 724 723 722
f 725 723 724
f 547 548 724
f 722 547 724
f 726 725 724
f 727 725 726
f 548 549 726
f 724 548 726
f 728 727 726
f 729 727 728
f 549 550 728
f 726 549 728
f 730 729 728
f 731 729 730
f 550 551 730
f 728 550 730
f 732 731 730
f 733 731 732
f 551 552 732
f 730 551 732
f 734 733 732
f 735 733 734
f 552 553 734
f 732 552 734
f 736 735 734
f 737 735 736
f 553 554 736
f 734 553 736
f 738 737 736
f 739 737 738
f 554 555 738
f 736 554 738
f 740 739 738
f 741 739 740
f 555 556 740
f 738 555 740
f 742 741 740
f 743 741 742
f 556 557 742
f 740 556 742
f 744 743 742
f 745 743 744
f 557 558 744
f 742 557 744
f 746 745 744
f 747 745 746
f 558 559 746
f 744 558 746
f 748 747 746
f 749 747 748
f 559 560 748
f 746 559 748
f 750 749 748
f 751 749 750
f 560 561 750
f 748 560 750
f 752 751 750
f 753 751 752
f 561 562 752
f 750 561 752
f 754 753 752
f 755 753 754
f 562 563 754
f 752 562 754
f 756 755 754
f 757 755 756
f 563 564 756
f 754 563 756
f 758 757 756
f 759 757 758
f 564 565 758
f 756 564 758
f 760 759 758
f 761 759 760
f 565 566 760
f 758 565 760
f 762 761 760
f 763 761 762
f 566 567 762
f 760 566 762
f 764 763 762
f 765 763 764
f 567 568 764
f 762 567 764
f 766 765 764
f 767 765 766
f 568 569 766
f 764 568 766
f 768 767 766
f 769 767 768
f 569 570 768
f 766 569 768
f 770 769 768
f 771 769 770
f 570 571 770
f 768 570 770
f 772 771 770
f 773 771 772
f 571 572 772
f 770 571 772
f 774 773 772
f 775 773 774
f 572 573 774
f 772 572 774
f 776 775 774
f 777 775 776
f 573 574 776
f 774 573 776
f 778 777 776
f 779 777 778
f 574 575 778
f 776 574 778
f 780 779 778
f 781 779 780
f 575 576 780
f 778 575 780
f 782 781 780
f 783 781 782
f 576 577 782
f 780 576 782
f 784 783 782
f 785 783 784
f 577 578 784
f 782 577 784
f 786 785 784
f 787 785 786
f 578 579 786
f 784 578 786
f 788 787 786
f 789 787 788
f 579 580 788
f 786 579 788
f 790 789 788
f 791 789 790
f 580 581 790
f 788 580 790
f 792 791 790
f 793 791 792
f 581 582 792
f 790 581 792
f 794 793 792
f 795 793 794
f 582 583 794
f 792 582 794
f 796 795 794
f 797 795 796
f 583 584 796
f 794 583 796
f 798 797 796
f 799 797 798
f 584 585 798
f 796 584 798
f 800 799 798
f 801 799 800
f 585 586 800
f 798 585 800
f 802 801 800
f 803 801 802
f 586 587 802
f 800 586 802
f 804 803 802
f 805 803 804
f 587 588 804
f 802 587 804
f 806 805 804
f 807 805 806
f 588 589 806
f 804 588 806
f 808 807 806
f 809 807 808
f 589 590 808
f 806 589 808
f 810 809 808
f 811 809 810
f 590 591 810
f 808 590 810
f 812 811 810
f 813 811 812
f 591 592 812
f 810 591 812
f 814 813 812
f 815 813 814
f 592 593 814
f 812 592 814
f 816 815 814
f 817 815 816
f 593 594 816
f 814 593 816
f 818 817 816
f 819 817 818
f 594 595 818
f 816 594 818
f 820 819 818
f 821 819 820
f 595 596 820
f 818 595 820
f 820 822 821
f 822 820 596
f 822 596 823
f 823 596 598
f 598 600 823
f 823 600 824
f 825 600 601
f 825 826 600
f 826 824 600
f 601 602 825
f 825 827 826
f 827 825 602
f 827 602 828
f 828 602 604
f 604 829 828
f 605 829 604
f 830 831 829
f 830 829 606
f 606 829 605
f 606 607 830
f 609 611 832
f 832 611 833
f 614 834 835
f 613 834 614
f 833 611 614
f 835 833 614
f 613 615 834
f 834 615 836
f 615 616 836
f 836 616 837
f 838 839 840
f 838 840 837
f 838 837 617
f 617 837 616
f 841 839 838
f 842 839 841
f 617 618 841
f 838 617 841
f 843 842 841
f 844 842 843
f 618 619 843
f 841 618 843
f 845 844 843
f 846 844 845
f 619 620 845
f 843 619 845
f 847 846 845
f 848 846 847
f 620 621 847
f 845 620 847
f 849 848 847
f 850 848 849
f 621 622 849
f 847 621 849
f 851 850 849
f 852 850 851
f 622 623 851
f 849 622 851
f 853 852 851
f 854 852 853
f 623 624 853
f 851 623 853
f 855 854 853
f 856 854 855
f 624 625 855
f 853 624 855
f 857 856 855
f 858 856 857
f 625 626 857
f 855 625 857
f 859 858 857
f 860 858 859
f 626 627 859
f 857 626 859
f 861 860 859
f 862 860 861
f 627 628 861
f 859 627 861
f 863 862 861
f 864 862 863
f 628 629 863
f 861 628 863
f 865 864 863
f 866 864 865
f 629 630 865
f 863 629 865
f 867 866 865
f 868 866 867
f 630 631 867
f 865 630 867
f 869 868 867
f 870 868 869
f 631 632 869
f 867 631 869
f 871 870 869
f 872 870 871
f 632 633 871
f 869 632 871
f 873 872 871
f 874 872 873
f 633 634 873
f 871 633 873
f 875 874 873
f 876 874 875
f 634 635 875
f 873 634 875
f 877 876 875
f 878 876 877
f 635 636 877
f 875 635 877
f 879 878 877
f 880 878 879
f 636 637 879
f 877 636 879
f 881 880 879
f 882 880 881
f 637 638 881
f 879 637 881
f 883 882 881
f 884 882 883
f 638 639 883
f 881 638 883
f 885 884 883
f 886 884 885
f 639 640 885
f 883 639 885
f 887 886 885
f 888 886 887
f 640 641 887
f 885 640 887
f 889 888 887
f 890 888 889
f 641 642 889
f 887 641 889
f 891 890 889
f 892 890 891
f 642 643 891
f 889 642 891
f 893 892 891
f 894 892 893
f 643 644 893
f 891 643 893
f 895 894 893
f 896 894 895
f 644 645 895
f 893 644 895
f 897 896 895
f 898 896 897
f 645 646 897
f 895 645 897
f 899 898 897
f 900 898 899
f 646 647 899
f 897 646 899
f 901 900 899
f 902 900 901
f 647 648 901
f 899 647 901
f 903 902 901
f 904 902 903
f 648 649 903
f 901 648 903
f 905 904 903
f 906 904 905
f 649 650 905
f 903 649 905
f 907 906 905
f 908 906 907
f 650 651 907
f 905 650 907
f 909 908 907
f 910 908 909
f 651 652 909
f 907 651 909
f 911 910 909
f 912 910 911
f 652 653 911
f 909 652 911
f 913 912 911
f 914 912 913
f 653 654 913
f 911 653 913
f 915 914 913
f 916 914 915
f 654 655 915
f 913 654 915
f 917 916 915
f 918 916 917
f 655 656 917
f 915 655 917
f 919 918 917
f 920 918 919
f 656 657 919
f 917 656 919
f 921 920 919
f 922 920 921
f 657 658 921
f 919 657 921
f 923 922 921
f 924 922 923
f 658 659 923
f 921 658 923
f 925 924 923
f 926 924 925
f 659 660 925
f 923 659 925
f 927 926 925
f 928 926 927
f 660 661 927
f 925 660 927
f 929 928 927
f 930 928 929
f 661 662 929
f 927 661 929
f 931 930 929
f 932 930 931
f 662 663 931
f 929 662 931
f 933 932 931
f 934 932 933
f 663 664 933
f 931 663 933
f 935 934 933
f 936 934 935
f 664 665 935
f 933 664 935
f 937 936 935
f 938 936 937
f 665 666 937
f 935 665 937
f 939 938 937
f 940 938 939
f 666 667 939
f 937 666 939
f 941 940 939
f 942 940 941
f 667 668 941
f 939 667 941
f 943 942 941
f 944 942 943
f 668 669 943
f 941 668 943
f 945 944 943
f 946 944 945
f 669 670 945
f 943 669 945
f 947 946 945
f 948 946 947
f 670 671 947
f 945 670 947
f 949 948 947
f 950 948 949
f 671 672 949
f 947 671 949
f 951 950 949
f 952 950 951
f 672 673 951
f 949 672 951
f 953 952 951
f 954 952 953
f 673 674 953
f 951 673 953
f 955 954 953
f 956 954 955
f 674 675 955
f 953 674 955
f 957 956 955
f 958 956 957
f 675 676 957
f 955 675 957
f 959 958 957
f 960 958 959
f 676 677 959
f 957 676 959
f 961 960 959
f 962 960 961
f 677 678 961
f 959 677 961
f 963 962 961
f 964 962 963
f 678 679 963
f 961 678 963
f 965 964 963
f 966 964 965
f 679 680 965
f 963 679 965
f 967 966 965
f 968 966 967
f 680 681 967
f 965 680 967
f 969 968 967
f 970 968 969
f 681 682 969
f 967 681 969
f 971 970 969
f 972 970 971
f 682 683 971
f 969 682 971
f 973 972 971
f 974 972 973
f 683 684 973
f 971 683 973
f 975 974 973
f 976 974 975
f 684 685 975
f 973 684 975
f 977 976 975
f 978 976 977
f 685 686 977
f 975 685 977
f 979 978 977
f 980 978 979
f 686 687 979
f 977 686 979
f 981 980 979
f 982 980 981
f 687 688 981
f 979 687 981
f 983 982 981
f 984 982 983
f 688 689 983
f 981 688 983
f 985 984 983
f 986 984 985
f 689 690 985
f 983 689 985
f 987 986 985
f 988 986 987
f 690 691 987
f 985 690 987
f 989 988 987
f 990 988 989
f 691 692 989
f 987 691 989
f 695 990 989
f 695 694 990
f 694 991 990
f 692 695 989
f 694 697 991
f 991 697 992
f 697 699 992
f 992 699 993
f 699 701 993
f 993 701 994
f 701 703 994
f 994 703 995
f 703 705 995
f 995 705 996
f 705 707 996
f 996 707 997
f 707 709 997
f 997 709 998
f 709 711 998
f 998 711 999
f 711 713 999
f 999 713 1000
f 713 715 1000
f 1000 715 1001
f 715 717 1001
f 1001 717 1002
f 717 719 1002
f 1002 719 1003
f 719 721 1003
f 1003 721 1004
f 721 723 1004
f 1004 723 1005
f 723 725 1005
f 1005 725 1006
f 725 727 1006
f 1006 727 1007
f 727 729 1007
f 1007 729 1008
f 729 731 1008
f 1008 731 1009
f 731 733 1009
f 1009 733 1010
f 733 735 1010
f 1010 735 1011
f 735 737 1011
f 1011 737 1012
f 737 739 1012
f 1012 739 1013
f 739 741 1013
f 1013 741 1014
f 741 743 1014
f 1014 743 1015
f 743 745 1015
f 1015 745 1016
f 745 747 1016
f 1016 747 1017
f 747 749 1017
f 1017 749 1018
f 749 751 1018
f 1018 751 1019
f 751 753 1019
f 1019 753 1020
f 753 755 1020
f 1020 755 1021
f 755 757 1021
f 1021 757 1022
f 757 759 1022
f 1022 759 1023
f 759 761 1023
f 1023 761 1024
f 761 763 1024
f 1024 763 1025
f 763 765 1025
f 1025 765 1026
f 765 767 1026
f 1026 767 1027
f 767 769 1027
f 1027 769 1028
f 769 771 1028
f 1028 771 1029
f 771 773 1029
f 1029 773 1030
f 773 775 1030
f 1030 775 1031
f 775 777 1031
f 1031 777 1032
f 777 779 1032
f 1032 779 1033
f 779 781 1033
f 1033 781 1034
f 781 783 1034
f 1034 783 1035
f 783 785 1035
f 1035 785 1036
f 785 787 1036
f 1036 787 1037
f 787 789 1037
f 1037 789 1038
f 789 791 1038
f 1038 791 1039
f 791 793 1039
f 1039 793 1040
f 793 795 1040
f 1040 795 1041
f 795 797 1041
f 1041 797 1042
f 797 799 1042
f 1042 799 1043
f 799 801 1043
f 1043 801 1044
f 801 803 1044
f 1044 803 1045
f 803 805 1045
f 1045 805 1046
f 805 807 1046
f 1046 807 1047
f 807 809 1047
f 1047 809 1048
f 809 811 1048
f 1048 811 1049
f 811 813 1049
f 1049 813 1050
f 813 815 1050
f 1050 815 1051
f 815 817 1051
f 1051 817 1052
f 817 819 1052
f 1052 819 1053
f 819 821 1053
f 1053 821 1054
f 1055 821 822
f 1055 1056 821
f 1056 1054 821
f 822 823 1055
f 1055 1057 1056
f 1057 1055 823
f 1057 823 1058
f 1058 823 824
f 824 826 1058
f 1058 826 1059
f 826 1060 1059
f 827 1060 826
f 1060 827 828
f 1061 1060 828
f 828 1062 1061
f 829 1062 828
f 1062 829 831
f 1063 1062 831
f 1066 1067 1068
f 1066 1068 1065
f 1066 1065 833
f 833 1065 832
f 835 1067 1066
f 835 834 1067
f 834 1069 1067
f 833 835 1066
f 834 836 1069
f 1069 836 1070
f 1071 1072 1073
f 1071 1073 1070
f 1071 1070 837
f 837 1070 836
f 840 1072 1071
f 840 839 1072
f 839 1074 1072
f 837 840 1071
f 839 842 1074
f 1074 842 1075
f 842 844 1075
f 1075 844 1076
f 844 846 1076
f 1076 846 1077
f 846 848 1077
f 1077 848 1078
f 848 850 1078
f 1078 850 1079
f 850 852 1079
f 1079 852 1080
f 852 854 1080
f 1080 854 1081
f 854 856 1081
f 1081 856 1082
f 856 858 1082
f 1082 858 1083
f 858 860 1083
f 1083 860 1084
f 860 862 1084
f 1084 862 1085
f 862 864 1085
f 1085 864 1086
f 864 866 1086
f 1086 866 1087
f 866 868 1087
f 1087 868 1088
f 868 870 1088
f 1088 870 1089
f 870 872 1089
f 1089 872 1090
f 872 874 1090
f 1090 874 1091
f 874 876 1091
f 1091 876 1092
f 876 878 1092
f 1092 878 1093
f 878 880 1093
f 1093 880 1094
f 880 882 1094
f 1094 882 1095
f 882 884 1095
f 1095 884 1096
f 884 886 1096
f 1096 886 1097
f 886 888 1097
f 1097 888 1098
f 888 890 1098
f 1098 890 1099
f 890 892 1099
f 1099 892 1100
f 892 894 1100
f 1100 894 1101
f 894 896 1101
f 1101 896 1102
f 896 898 1102
f 1102 898 1103
f 898 900 1103
f 1103 900 1104
f 900 902 1104
f 1104 902 1105
f 902 904 1105
f 1105 904 1106
f 904 906 1106
f 1106 906 1107
f 906 908 1107
f 1107 908 1108
f 908 910 1108
f 1108 910 1109
f 910 912 1109
f 1109 912 1110
f 912 914 1110
f 1110 914 1111
f 914 916 1111
f 1111 916 1112
f 916 918 1112
f 1112 918 1113
f 918 920 1113
f 1113 920 1114
f 920 922 1114
f 1114 922 1115
f 922 924 1115
f 1115 924 1116
f 924 926 1116
f 1116 926 1117
f 926 928 1117
f 1117 928 1118
f 928 930 1118
f 1118 930 1119
f 930 932 1119
f 1119 932 1120
f 932 934 1120
f 1120 934 1121
f 934 936 1121
f 1121 936 1122
f 936 938 1122
f 1122 938 1123
f 938 940 1123
f 1123 940 1124
f 940 942 1124
f 1124 942 1125
f 942 944 1125
f 1125 944 1126
f 944 946 1126
f 1126 946 1127
f 946 948 1127
f 1127 948 1128
f 948 950 1128
f 1128 950 1129
f 950 952 1129
f 1129 952 1130
f 952 954 1130
f 1130 954 1131
f 954 956 1131
f 1131 956 1132
f 956 958 1132
f 1132 958 1133
f 958 960 1133
f 1133 960 1134
f 960 962 1134
f 1134 962 1135
f 962 964 1135
f 1135 964 1136
f 964 966 1136
f 1136 966 1137
f 966 968 1137
f 1137 968 1138
f 968 970 1138
f 1138 970 1139
f 970 972 1139
f 1139 972 1140
f 972 974 1140
f 1140 974 1141
f 974 976 1141
f 1141 976 1142
f 976 978 1142
f 1142 978 1143
f 978 980 1143
f 1143 980 1144
f 980 982 1144
f 1144 982 1145
f 982 984 1145
f 1145 984 1146
f 984 986 1146
f 1146 986 1147
f 986 988 1147
f 1147 988 1148
f 988 990 1148
f 1148 990 1149
f 990 991 1149
f 1149 991 1150
f 991 992 1150
f 1150 992 1151
f 992 993 1151
f 1151 993 1152
f 993 994 1152
f 1152 994 1153
f 994 995 1153
f 1153 995 1154
f 995 996 1154
f 1154 996 1155
f 996 997 1155
f 1155 997 1156
f 997 998 1156
f 1156 998 1157
f 998 999 1157
f 1157 999 1158
f 999 1000 1158
f 1158 1000 1159
f 1000 1001 1159
f 1159 1001 1160
f 1001 1002 1160
f 1160 1002 1161
f 1002 1003 1161
f 1161 1003 1162
f 1003 1004 1162
f 1162 1004 1163
f 1004 1005 1163
f 1163 1005 1164
f 1005 1006 1164
f 1164 1006 1165
f 1006 1007 1165
f 1165 1007 1166
f 1007 1008 1166
f 1166 1008 1167
f 1008 1009 1167
f 1167 1009 1168
f 1009 1010 1168
f 1168 1010 1169
f 1010 1011 1169
f 1169 1011 1170
f 1011 1012 1170
f 1170 1012 1171
f 1012 1013 1171
f 1171 1013 1172
f 1013 1014 1172
f 1172 1014 1173
f 1014 1015 1173
f 1173 1015 1174
f 1015 1016 1174
f 1174 1016 1175
f 1016 1017 1175
f 1175 1017 1176
f 1017 1018 1176
f 1176 1018 1177
f 1018 1019 1177
f 1177 1019 1178
f 1019 1020 1178
f 1178 1020 1179
f 1020 1021 1179
f 1179 1021 1180
f 1021 1022 1180
f 1180 1022 1181
f 1022 1023 1181
f 1181 1023 1182
f 1023 1024 1182
f 1182 1024 1183
f 1024 1025 1183
f 1183 1025 1184
f 1025 1026 1184
f 1184 1026 1185
f 1026 1027 1185
f 1185 1027 1186
f 1027 1028 1186
f 1186 1028 1187
f 1028 1029 1187
f 1187 1029 1188
f 1029 1030 1188
f 1188 1030 1189
f 1030 1031 1189
f 1189 1031 1190
f 1031 1032 1190
f 1190 1032 1191
f 1032 1033 1191
f 1191 1033 1192
f 1033 1034 1192
f 1192 1034 1193
f 1034 1035 1193
f 1193 1035 1194
f 1035 1036 1194
f 1194 1036 1195
f 1036 1037 1195
f 1195 1037 1196
f 1037 1038 1196
f 1196 1038 1197
f 1038 1039 1197
f 1197 1039 1198
f 1039 1040 1198
f 1198 1040 1199
f 1040 1041 1199
f 1199 1041 1200
f 1041 1042 1200
f 1200 1042 1201
f 1042 1043 1201
f 1201 1043 1202
f 1043 1044 1202
f 1202 1044 1203
f 1044 1045 1203
f 1203 1045 1204
f 1045 1046 1204
f 1204 1046 1205
f 1046 1047 1205
f 1205 1047 1206
f 1047 1048 1206
f 1206 1048 1207
f 1048 1049 1207
f 1207 1049 1208
f 1049 1050 1208
f 1208 1050 1209
f 1050 1051 1209
f 1209 1051 1210
f 1051 1052 1210
f 1210 1052 1211
f 1052 1053 1211
f 1211 1053 1212
f 1053 1054 1212
f 1212 1054 1213
f 1054 1056 1213
f 1213 1056 1214
f 1215 1056 1057
f 1215 1216 1056
f 1216 1214 1056
f 1057 1058 1215
f 1215 1217 1216
f 1217 1215 1058
f 1217 1058 1218
f 1218 1058 1059
f 1219 1059 1060
f 1219 1220 1059
f 1220 1218 1059
f 1060 1061 1219
f 1219 1221 1220
f 1222 1223 1221
f 1062 1222 1221
f 1062 1221 1219
f 1062 1219 1061
f 1062 1063 1222
f 1222 1224 1223
f 1224 1222 1063
f 1224 1063 1225
f 1225 1063 1064
f 1068 1227 1228
f 1067 1227 1068
f 1226 1065 1068
f 1228 1226 1068
f 1067 1069 1227
f 1227 1069 1229
f 1230 1231 1232
f 1230 1232 1229
f 1230 1229 1070
f 1070 1229 1069
f 1073 1231 1230
f 1073 1072 1231
f 1072 1233 1231
f 1070 1073 1230
f 1072 1074 1233
f 1233 1074 1234
f 1074 1075 1234
f 1234 1075 1235
f 1075 1076 1235
f 1235 1076 1236
f 1076 1077 1236
f 1236 1077 1237
f 1077 1078 1237
f 1237 1078 1238
f 1078 1079 1238
f 1238 1079 1239
f 1079 1080 1239
f 1239 1080 1240
f 1080 1081 1240
f 1240 1081 1241
f 1081 1082 1241
f 1241 1082 1242
f 1082 1083 1242
f 1242 1083 1243
f 1083 1084 1243
f 1243 1084 1244
f 1084 1085 1244
f 1244 1085 1245
f 1085 1086 1245
f 1245 1086 1246
f 1086 1087 1246
f 1246 1087 1247
f 1087 1088 1247
f 1247 1088 1248
f 1088 1089 1248
f 1248 1089 1249
f 1089 1090 1249
f 1249 1090 1250
f 1090 1091 1250
f 1250 1091 1251
f 1091 1092 1251
f 1251 1092 1252
f 1092 1093 1252
f 1252 1093 1253
f 1093 1094 1253
f 1253 1094 1254
f 1094 1095 1254
f 1254 1095 1255
f 1095 1096 1255
f 1255 1096 1256
f 1096 1097 1256
f 1256 1097 1257
f 1097 1098 1257
f 1257 1098 1258
f 1098 1099 1258
f 1258 1099 1259
f 1099 1100 1259
f 1259 1100 1260
f 1100 1101 1260
f 1260 1101 1261
f 1101 1102 1261
f 1261 1102 1262
f 1102 1103 1262
f 1262 1103 1263
f 1103 1104 1263
f 1263 1104 1264
f 1104 1105 1264
f 1264 1105 1265
f 1105 1106 1265
f 1265 1106 1266
f 1106 1107 1266
f 1266 1107 1267
f 1107 1108 1267
f 1267 1108 1268
f 1108 1109 1268
f 1268 1109 1269
f 1109 1110 1269
f 1269 1110 1270
f 1110 1111 1270
f 1270 1111 1271
f 1111 1112 1271
f 1271 1112 1272
f 1112 1113 1272
f 1272 1113 1273
f 1113 1114 1273
f 1273 1114 1274
f 1114 1115 1274
f 1274 1115 1275
f 1115 1116 1275
f 1275 1116 1276
f 1116 1117 1276
f 1276 1117 1277
f 1117 1118 1277
f 1277 1118 1278
f 1118 1119 1278
f 1278 1119 1279
f 1119 1120 1279
f 1279 1120 1280
f 1120 1121 1280
f 1280 1121 1281
f 1121 1122 1281
f 1281 1122 1282
f 1122 1123 1282
f 1282 1123 1283
f 1123 1124 1283
f 1283 1124 1284
f 1124 1125 1284
f 1284 1125 1285
f 1125 1126 1285
f 1285 1126 1286
f 1126 1127 1286
f 1286 1127 1287
f 1127 1128 1287
f 1287 1128 1288
f 1128 1129 1288
f 1288 1129 1289
f 1129 1130 1289
f 1289 1130 1290
f 1130 1131 1290
f 1290 1131 1291
f 1131 1132 1291
f 1291 1132 1292
f 1132 1133 1292
f 1292 1133 1293
f 1133 1134 1293
f 1293 1134 1294
f 1134 1135 1294
f 1294 1135 1295
f 1135 1136 1295
f 1295 1136 1296
f 1136 1137 1296
f 1296 1137 1297
f 1137 1138 1297
f 1297 1138 1298
f 1138 1139 1298
f 1298 1139 1299
f 1139 1140 1299
f 1299 1140 1300
f 1140 1141 1300
f 1300 1141 1301
f 1141 1142 1301
f 1301 1142 1302
f 1142 1143 1302
f 1302 1143 1303
f 1143 1144 1303
f 1303 1144 1304
f 1144 1145 1304
f 1304 1145 1305
f 1145 1146 1305
f 1305 1146 1306
f 1146 1147 1306
f 1306 1147 1307
f 1147 1148 1307
f 1307 1148 1308
f 1148 1149 1308
f 1308 1149 1309
f 1149 1150 1309
f 1309 1150 1310
f 1150 1151 1310
f 1310 1151 1311
f 1151 1152 1311
f 1311 1152 1312
f 1152 1153 1312
f 1312 1153 1313
f 1153 1154 1313
f 1313 1154 1314
f 1154 1155 1314
f 1314 1155 1315
f 1155 1156 1315
f 1315 1156 1316
f 1156 1157 1316
f 1316 1157 1317
f 1157 1158 1317
f 1317 1158 1318
f 1158 1159 1318
f 1318 1159 1319
f 1159 1160 1319
f 1319 1160 1320
f 1160 1161 1320
f 1320 1161 1321
f 1161 1162 1321
f 1321 1162 1322
f 1162 1163 1322
f 1322 1163 1323
f 1163 1164 1323
f 1323 1164 1324
f 1164 1165 1324
f 1324 1165 1325
f 1165 1166 1325
f 1325 1166 1326
f 1166 1167 1326
f 1326 1167 1327
f 1167 1168 1327
f 1327 1168 1328
f 1168 1169 1328
f 1328 1169 1329
f 1169 1170 1329
f 1329 1170 1330
f 1170 1171 1330
f 1330 1171 1331
f 1171 1172 1331
f 1331 1172 1332
f 1172 1173 1332
f 1332 1173 1333
f 1173 1174 1333
f 1333 1174 1334
f 1174 1175 1334
f 1334 1175 1335
f 1175 1176 1335
f 1335 1176 1336
f 1176 1177 1336
f 1336 1177 1337
f 1177 1178 1337
f 1337 1178 1338
f 1178 1179 1338
f 1338 1179 1339
f 1179 1180 1339
f 1339 1180 1340
f 1180 1181 1340
f 1340 1181 1341
f 1181 1182 1341
f 1341 1182 1342
f 1182 1183 1342
f 1342 1183 1343
f 1183 1184 1343
f 1343 1184 1344
f 1184 1185 1344
f 1344 1185 1345
f 1185 1186 1345
f 1345 1186 1346
f 1186 1187 1346
f 1346 1187 1347
f 1187 1188 1347
f 1347 1188 1348
f 1188 1189 1348
f 1348 1189 1349
f 1189 1190 1349
f 1349 1190 1350
f 1190 1191 1350
f 1350 1191 1351
f 1191 1192 1351
f 1351 1192 1352
f 1192 1193 1352
f 1352 1193 1353
f 1193 1194 1353
f 1353 1194 1354
f 1194 1195 1354
f 1354 1195 1355
f 1195 1196 1355
f 1355 1196 1356
f 1196 1197 1356
f 1356 1197 1357
f 1197 1198 1357
f 1357 1198 1358
f 1198 1199 1358
f 1358 1199 1359
f 1199 1200 1359
f 1359 1200 1360
f 1200 1201 1360
f 1360 1201 1361
f 1201 1202 1361
f 1361 1202 1362
f 1202 1203 1362
f 1362 1203 1363
f 1203 1204 1363
f 1363 1204 1364
f 1204 1205 1364
f 1364 1205 1365
f 1205 1206 1365
f 1365 1206 1366
f 1206 1207 1366
f 1366 1207 1367
f 1207 1208 1367
f 1367 1208 1368
f 1208 1209 1368
f 1368 1209 1369
f 1209 1210 1369
f 1369 1210 1370
f 1210 1211 1370
f 1370 1211 1371
f 1211 1212 1371
f 1371 1212 1372
f 1212 1213 1372
f 1372 1213 1373
f 1213 1214 1373
f 1373 1214 1374
f 1214 1216 1374
f 1374 1216 1375
f 1216 1376 1375
f 1217 1376 1216
f 1376 1217 1218
f 1377 1376 1218
f 1218 1220 1377
f 1377 1220 1378
f 1220 1379 1378
f 1221 1379 1220
f 1379 1221 1223
f 1380 1379 1223
f 1223 1381 1380
f 1224 1381 1223
f 1381 1224 1225
f 1382 1381 1225
f 1228 1384 1385
f 1227 1384 1228
f 1383 1226 1228
f 1385 1383 1228
f 1227 1229 1384
f 1384 1229 1386
f 1232 1387 1388
f 1231 1387 1232
f 1386 1229 1232
f 1388 1386 1232
f 1231 1233 1387
f 1387 1233 1389
f 1233 1234 1389
f 1389 1234 1390
f 1234 1235 1390
f 1390 1235 1391
f 1235 1236 1391
f 1391 1236 1392
f 1236 1237 1392
f 1392 1237 1393
f 1237 1238 1393
f 1393 1238 1394
f 1238 1239 1394
f 1394 1239 1395
f 1239 1240 1395
f 1395 1240 1396
f 1240 1241 1396
f 1396 1241 1397
f 1241 1242 1397
f 1397 1242 1398
f 1242 1243 1398
f 1398 1243 1399
f 1243 1244 1399
f 1399 1244 1400
f 1244 1245 1400
f 1400 1245 1401
f 1245 1246 1401
f 1401 1246 1402
f 1246 1247 1402
f 1402 1247 1403
f 1247 1248 1403
f 1403 1248 1404
f 1248 1249 1404
f 1404 1249 1405
f 1249 1250 1405
f 1405 1250 1406
f 1250 1251 1406
f 1406 1251 1407
f 1251 1252 1407
f 1407 1252 1408
f 1252 1253 1408
f 1408 1253 1409
f 1253 1254 1409
f 1409 1254 1410
f 1254 1255 1410
f 1410 1255 1411
f 1255 1256 1411
f 1411 1256 1412
f 1256 1257 1412
f 1412 1257 1413
f 1257 1258 1413
f 1413 1258 1414
f 1258 1259 1414
f 1414 1259 1415
f 1259 1260 1415
f 1415 1260 1416
f 1260 1261 1416
f 1416 1261 1417
f 1261 1262 1417
f 1417 1262 1418
f 1262 1263 1418
f 1418 1263 1419
f 1263 1264 1419
f 1419 1264 1420
f 1264 1265 1420
f 1420 1265 1421
f 1265 1266 1421
f 1421 1266 1422
f 1266 1267 1422
f 1422 1267 1423
f 1267 1268 1423
f 1423 1268 1424
f 1268 1269 1424
f 1424 1269 1425
f 1269 1270 1425
f 1425 1270 1426
f 1270 1271 1426
f 1426 1271 1427
f 1271 1272 1427
f 1427 1272 1428
f 1272 1273 1428
f 1428 1273 1429
f 1273 1274 1429
f 1429 1274 1430
f 1274 1275 1430
f 1430 1275 1431
f 1275 1276 1431
f 1431 1276 1432
f 1276 1277 1432
f 1432 1277 1433
f 1277 1278 1433
f 1433 1278 1434
f 1278 1279 1434
f 1434 1279 1435
f 1279 1280 1435
f 1435 1280 1436
f 1280 1281 1436
f 1436 1281 1437
f 1281 1282 1437
f 1437 1282 1438
f 1282 1283 1438
f 1438 1283 1439
f 1283 1284 1439
f 1439 1284 1440
f 1284 1285 1440
f 1440 1285 1441
f 1285 1286 1441
f 1441 1286 1442
f 1286 1287 1442
f 1442 1287 1443
f 1287 1288 1443
f 1443 1288 1444
f 1288 1289 1444
f 1444 1289 1445
f 1289 1290 1445
f 1445 1290 1446
f 1290 1291 1446
f 1446 1291 1447
f 1291 1292 1447
f 1447 1292 1448
f 1292 1293 1448
f 1448 1293 1449
f 1293 1294 1449
f 1449 1294 1450
f 1294 1295 1450
f 1450 1295 1451
f 1295 1296 1451
f 1451 1296 1452
f 1296 1297 1452
f 1452 1297 1453
f 1297 1298 1453
f 1453 1298 1454
f 1298 1299 1454
f 1454 1299 1455
f 1299 1300 1455
f 1455 1300 1456
f 1300 1301 1456
f 1456 1301 1457
f 1301 1302 1457
f 1457 1302 1458
f 1302 1303 1458
f 1458 1303 1459
f 1303 1304 1459
f 1459 1304 1460
f 1304 1305 1460
f 1460 1305 1461
f 1305 1306 1461
f 1461 1306 1462
f 1306 1307 1462
f 1462 1307 1463
f 1307 1308 1463
f 1463 1308 1464
f 1308 1309 1464
f 1464 1309 1465
f 1309 1310 1465
f 1465 1310 1466
f 1310 1311 1466
f 1466 1311 1467
f 1311 1312 1467
f 1467 1312 1468
f 1312 1313 1468
f 1468 1313 1469
f 1313 1314 1469
f 1469 1314 1470
f 1314 1315 1470
f 1470 1315 1471
f 1315 1316 1471
f 1471 1316 1472
f 1316 1317 1472
f 1472 1317 1473
f 1317 1318 1473
f 1473 1318 1474
f 1318 1319 1474
f 1474 1319 1475
f 1319 1320 1475
f 1475 1320 1476
f 1320 1321 1476
f 1476 1321 1477
f 1321 1322 1477
f 1477 1322 1478
f 1322 1323 1478
f 1478 1323 1479
f 1323 1324 1479
f 1479 1324 1480
f 1324 1325 1480
f 1480 1325 1481
f 1325 1326 1481
f 1481 1326 1482
f 1326 1327 1482
f 1482 1327 1483
f 1327 1328 1483
f 1483 1328 1484
f 1328 1329 1484
f 1484 1329 1485
f 1329 1330 1485
f 1485 1330 1486
f 1330 1331 1486
f 1486 1331 1487
f 1331 1332 1487
f 1487 1332 1488
f 1332 1333 1488
f 1488 1333 1489
f 1333 1334 1489
f 1489 1334 1490
f 1334 1335 1490
f 1490 1335 1491
f 1335 1336 1491
f 1491 1336 1492
f 1336 1337 1492
f 1492 1337 1493
f 1337 1338 1493
f 1493 1338 1494
f 1338 1339 1494
f 1494 1339 1495
f 1339 1340 1495
f 1495 1340 1496
f 1340 1341 1496
f 1496 1341 1497
f 1341 1342 1497
f 1497 1342 1498
f 1342 1343 1498
f 1498 1343 1499
f 1343 1344 1499
f 1499 1344 1500
f 1344 1345 1500
f 1500 1345 1501
f 1345 1346 1501
f 1501 1346 1502
f 1346 1347 1502
f 1502 1347 1503
f 1347 1348 1503
f 1503 1348 1504
f 1348 1349 1504
f 1504 1349 1505
f 1349 1350 1505
f 1505 1350 1506
f 1350 1351 1506
f 1506 1351 1507
f 1351 1352 1507
f 1507 1352 1508
f 1352 1353 1508
f 1508 1353 1509
f 1353 1354 1509
f 1509 1354 1510
f 1354 1355 1510
f 1510 1355 1511
f 1355 1356 1511
f 1511 1356 1512
f 1356 1357 1512
f 1512 1357 1513
f 1357 1358 1513
f 1513 1358 1514
f 1358 1359 1514
f 1514 1359 1515
f 1359 1360 1515
f 1515 1360 1516
f 1360 1361 1516
f 1516 1361 1517
f 1361 1362 1517
f 1517 1362 1518
f 1362 1363 1518
f 1518 1363 1519
f 1363 1364 1519
f 1519 1364 1520
f 1364 1365 1520
f 1520 1365 1521
f 1365 1366 1521
f 1521 1366 1522
f 1366 1367 1522
f 1522 1367 1523
f 1367 1368 1523
f 1523 1368 1524
f 1368 1369 1524
f 1524 1369 1525
f 1369 1370 1525
f 1525 1370 1526
f 1370 1371 1526
f 1526 1371 1527
f 1371 1372 1527
f 1527 1372 1528
f 1372 1373 1528
f 1528 1373 1529
f 1373 1374 1529
f 1529 1374 1530
f 1374 1375 1530
f 1530 1375 1531
f 1375 1532 1531
f 1376 1532 1375
f 1532 1376 1377
f 1533 1532 1377
f 1377 1378 1533
f 1533 1378 1534
f 1378 1535 1534
f 1379 1535 1378
f 1535 1379 1380
f 1536 1535 1380
f 1380 1537 1536
f 1381 1537 1380
f 1537 1381 1382
f 1538 1537 1382
f 1385 1540 1539
f 1385 1384 1540
f 1384 1541 1540
f 1383 1385 1539
f 1384 1386 1541
f 1541 1386 1542
f 1388 1543 1544
f 1387 1543 1388
f 1542 1386 1388
f 1544 1542 1388
f 1387 1389 1543
f 1543 1389 1545
f 1389 1390 1545
f 1545 1390 1546
f 1390 1391 1546
f 1546 1391 1547
f 1391 1392 1547
f 1547 1392 1548
f 1392 1393 1548
f 1548 1393 1549
f 1393 1394 1549
f 1549 1394 1550
f 1394 1395 1550
f 1550 1395 1551
f 1395 1396 1551
f 1551 1396 1552
f 1396 1397 1552
f 1552 1397 1553
f 1397 1398 1553
f 1553 1398 1554
f 1398 1399 1554
f 1554 1399 1555
f 1399 1400 1555
f 1555 1400 1556
f 1400 1401 1556
f 1556 1401 1557
f 1401 1402 1557
f 1557 1402 1558
f 1402 1403 1558
f 1558 1403 1559
f 1403 1404 1559
f 1559 1404 1560
f 1404 1405 1560
f 1560 1405 1561
f 1405 1406 1561
f 1561 1406 1562
f 1406 1407 1562
f 1562 1407 1563
f 1407 1408 1563
f 1563 1408 1564
f 1408 1409 1564
f 1564 1409 1565
f 1409 1410 1565
f 1565 1410 1566
f 1410 1411 1566
f 1566 1411 1567
f 1411 1412 1567
f 1567 1412 1568
f 1412 1413 1568
f 1568 1413 1569
f 1413 1414 1569
f 1569 1414 1570
f 1414 1415 1570
f 1570 1415 1571
f 1415 1416 1571
f 1571 1416 1572
f 1416 1417 1572
f 1572 1417 1573
f 1417 1418 1573
f 1573 1418 1574
f 1418 1419 1574
f 1574 1419 1575
f 1419 1420 1575
f 1575 1420 1576
f 1420 1421 1576
f 1576 1421 1577
f 1421 1422 1577
f 1577 1422 1578
f 1422 1423 1578
f 1578 1423 1579
f 1423 1424 1579
f 1579 1424 1580
f 1424 1425 1580
f 1580 1425 1581
f 1425 1426 1581
f 1581 1426 1582
f 1426 1427 1582
f 1582 1427 1583
f 1427 1428 1583
f 1583 1428 1584
f 1428 1429 1584
f 1584 1429 1585
f 1429 1430 1585
f 1585 1430 1586
f 1430 1431 1586
f 1586 1431 1587
f 1431 1432 1587
f 1587 1432 1588
f 1432 1433 1588
f 1588 1433 1589
f 1433 1434 1589
f 1589 1434 1590
f 1434 1435 1590
f 1590 1435 1591
f 1435 1436 1591
f 1591 1436 1592
f 1436 1437 1592
f 1592 1437 1593
f 1437 1438 1593
f 1593 1438 1594
f 1438 1439 1594
f 1594 1439 1595
f 1439 1440 1595
f 1595 1440 1596
f 1440 1441 1596
f 1596 1441 1597
f 1441 1442 1597
f 1597 1442 1598
f 1442 1443 1598
f 1598 1443 1599
f 1443 1444 1599
f 1599 1444 1600
f 1444 1445 1600
f 1600 1445 1601
f 1445 1446 1601
f 1601 1446 1602
f 1446 1447 1602
f 1602 1447 1603
f 1447 1448 1603
f 1603 1448 1604
f 1448 1449 1604
f 1604 1449 1605
f 1449 1450 1605
f 1605 1450 1606
f 1450 1451 1606
f 1606 1451 1607
f 1451 1452 1607
f 1607 1452 1608
f 1452 1453 1608
f 1608 1453 1609
f 1453 1454 1609
f 1609 1454 1610
f 1454 1455 1610
f 1610 1455 1611
f 1455 1456 1611
f 1611 1456 1612
f 1456 1457 1612
f 1612 1457 1613
f 1457 1458 1613
f 1613 1458 1614
f 1458 1459 1614
f 1614 1459 1615
f 1459 1460 1615
f 1615 1460 1616
f 1460 1461 1616
f 1616 1461 1617
f 1461 1462 1617
f 1617 1462 1618
f 1462 1463 1618
f 1618 1463 1619
f 1463 1464 1619
f 1619 1464 1620
f 1464 1465 1620
f 1620 1465 1621
f 1465 1466 1621
f 1621 1466 1622
f 1466 1467 1622
f 1622 1467 1623
f 1467 1468 1623
f 1623 1468 1624
f 1468 1469 1624
f 1624 1469 1625
f 1469 1470 1625
f 1625 1470 1626
f 1470 1471 1626
f 1626 1471 1627
f 1471 1472 1627
f 1627 1472 1628
f 1472 1473 1628
f 1628 1473 1629
f 1473 1474 1629
f 1629 1474 1630
f 1474 1475 1630
f 1630 1475 1631
f 1475 1476 1631
f 1631 1476 1632
f 1476 1477 1632
f 1632 1477 1633
f 1477 1478 1633
f 1633 1478 1634
f 1478 1479 1634
f 1634 1479 1635
f 1479 1480 1635
f 1635 1480 1636
f 1480 1481 1636
f 1636 1481 1637
f 1481 1482 1637
f 1637 1482 1638
f 1482 1483 1638
f 1638 1483 1639
f 1483 1484 1639
f 1639 1484 1640
f 1484 1485 1640
f 1640 1485 1641
f 1485 1486 1641
f 1641 1486 1642
f 1486 1487 1642
f 1642 1487 1643
f 1487 1488 1643
f 1643 1488 1644
f 1488 1489 1644
f 1644 1489 1645
f 1489 1490 1645
f 1645 1490 1646
f 1490 1491 1646
f 1646 1491 1647
f 1491 1492 1647
f 1647 1492 1648
f 1492 1493 1648
f 1648 1493 1649
f 1493 1494 1649
f 1649 1494 1650
f 1494 1495 1650
f 1650 1495 1651
f 1495 1496 1651
f 1651 1496 1652
f 1496 1497 1652
f 1652 1497 1653
f 1497 1498 1653
f 1653 1498 1654
f 1498 1499 1654
f 1654 1499 1655
f 1499 1500 1655
f 1655 1500 1656
f 1500 1501 1656
f 1656 1501 1657
f 1501 1502 1657
f 1657 1502 1658
f 1502 1503 1658
f 1658 1503 1659
f 1503 1504 1659
f 1659 1504 1660
f 1504 1505 1660
f 1660 1505 1661
f 1505 1506 1661
f 1661 1506 1662
f 1506 1507 1662
f 1662 1507 1663
f 1507 1508 1663
f 1663 1508 1664
f 1508 1509 1664
f 1664 1509 1665
f 1509 1510 1665
f 1665 1510 1666
f 1510 1511 1666
f 1666 1511 1667
f 1511 1512 1667
f 1667 1512 1668
f 1512 1513 1668
f 1668 1513 1669
f 1513 1514 1669
f 1669 1514 1670
f 1514 1515 1670
f 1670 1515 1671
f 1515 1516 1671
f 1671 1516 1672
f 1516 1517 1672
f 1672 1517 1673
f 1517 1518 1673
f 1673 1518 1674
f 1518 1519 1674
f 1674 1519 1675
f 1519 1520 1675
f 1675 1520 1676
f 1520 1521 1676
f 1676 1521 1677
f 1521 1522 1677
f 1677 1522 1678
f 1522 1523 1678
f 1678 1523 1679
f 1523 1524 1679
f 1679 1524 1680
f 1524 1525 1680
f 1680 1525 1681
f 1525 1526 1681
f 1681 1526 1682
f 1526 1527 1682
f 1682 1527 1683
f 1527 1528 1683
f 1683 1528 1684
f 1528 1529 1684
f 1684 1529 1685
f 1529 1530 1685
f 1685 1530 1686
f 1530 1531 1686
f 1686 1531 1687
f 1531 1688 1687
f 1532 1688 1531
f 1688 1532 1533
f 1689 1688 1533
f 1533 1534 1689
f 1689 1534 1690
f 1534 1691 1690
f 1535 1691 1534
f 1691 1535 1536
f 1692 1691 1536
f 1536 1693 1692
f 1537 1693 1536
f 1538 1694 1695
f 1538 1695 1537
f 1537 1695 1693
f 1695 1694 1696
f 1540 1541 1697
f 1697 1541 1698
f 1541 1542 1698
f 1698 1542 1699
f 1544 1700 1701
f 1543 1700 1544
f 1699 1542 1544
f 1701 1699 1544
f 1543 1545 1700
f 1700 1545 1702
f 1545 1546 1702
f 1702 1546 1703
f 1546 1547 1703
f 1703 1547 1704
f 1547 1548 1704
f 1704 1548 1705
f 1548 1549 1705
f 1705 1549 1706
f 1549 1550 1706
f 1706 1550 1707
f 1550 1551 1707
f 1707 1551 1708
f 1551 1552 1708
f 1708 1552 1709
f 1552 1553 1709
f 1709 1553 1710
f 1553 1554 1710
f 1710 1554 1711
f 1554 1555 1711
f 1711 1555 1712
f 1555 1556 1712
f 1712 1556 1713
f 1556 1557 1713
f 1713 1557 1714
f 1557 1558 1714
f 1714 1558 1715
f 1558 1559 1715
f 1715 1559 1716
f 1559 1560 1716
f 1716 1560 1717
f 1560 1561 1717
f 1717 1561 1718
f 1561 1562 1718
f 1718 1562 1719
f 1562 1563 1719
f 1719 1563 1720
f 1563 1564 1720
f 1720 1564 1721
f 1564 1565 1721
f 1721 1565 1722
f 1565 1566 1722
f 1722 1566 1723
f 1566 1567 1723
f 1723 1567 1724
f 1567 1568 1724
f 1724 1568 1725
f 1568 1569 1725
f 1725 1569 1726
f 1569 1570 1726
f 1726 1570 1727
f 1570 1571 1727
f 1727 1571 1728
f 1571 1572 1728
f 1728 1572 1729
f 1572 1573 1729
f 1729 1573 1730
f 1573 1574 1730
f 1730 1574 1731
f 1574 1575 1731
f 1731 1575 1732
f 1575 1576 1732
f 1732 1576 1733
f 1576 1577 1733
f 1733 1577 1734
f 1577 1578 1734
f 1734 1578 1735
f 1578 1579 1735
f 1735 1579 1736
f 1579 1580 1736
f 1736 1580 1737
f 1580 1581 1737
f 1737 1581 1738
f 1581 1582 1738
f 1738 1582 1739
f 1582 1583 1739
f 1739 1583 1740
f 1583 1584 1740
f 1740 1584 1741
f 1584 1585 1741
f 1741 1585 1742
f 1585 1586 1742
f 1742 1586 1743
f 1586 1587 1743
f 1743 1587 1744
f 1587 1588 1744
f 1744 1588 1745
f 1588 1589 1745
f 1745 1589 1746
f 1589 1590 1746
f 1746 1590 1747
f 1590 1591 1747
f 1747 1591 1748
f 1591 1592 1748
f 1748 1592 1749
f 1592 1593 1749
f 1749 1593 1750
f 1593 1594 1750
f 1750 1594 1751
f 1594 1595 1751
f 1751 1595 1752
f 1595 1596 1752
f 1752 1596 1753
f 1596 1597 1753
f 1753 1597 1754
f 1597 1598 1754
f 1754 1598 1755
f 1598 1599 1755
f 1755 1599 1756
f 1599 1600 1756
f 1756 1600 1757
f 1600 1601 1757
f 1757 1601 1758
f 1601 1602 1758
f 1758 1602 1759
f 1602 1603 1759
f 1759 1603 1760
f 1603 1604 1760
f 1760 1604 1761
f 1604 1605 1761
f 1761 1605 1762
f 1605 1606 1762
f 1762 1606 1763
f 1606 1607 1763
f 1763 1607 1764
f 1607 1608 1764
f 1764 1608 1765
f 1608 1609 1765
f 1765 1609 1766
f 1609 1610 1766
f 1766 1610 1767
f 1610 1611 1767
f 1767 1611 1768
f 1611 1612 1768
f 1768 1612 1769
f 1612 1613 1769
f 1769 1613 1770
f 1613 1614 1770
f 1770 1614 1771
f 1614 1615 1771
f 1771 1615 1772
f 1615 1616 1772
f 1772 1616 1773
f 1616 1617 1773
f 1773 1617 1774
f 1617 1618 1774
f 1774 1618 1775
f 1618 1619 1775
f 1775 1619 1776
f 1619 1620 1776
f 1776 1620 1777
f 1620 1621 1777
f 1777 1621 1778
f 1621 1622 1778
f 1778 1622 1779
f 1622 1623 1779
f 1779 1623 1780
f 1623 1624 1780
f 1780 1624 1781
f 1624 1625 1781
f 1781 1625 1782
f 1625 1626 1782
f 1782 1626 1783
f 1626 1627 1783
f 1783 1627 1784
f 1627 1628 1784
f 1784 1628 1785
f 1628 1629 1785
f 1785 1629 1786
f 1629 1630 1786
f 1786 1630 1787
f 1630 1631 1787
f 1787 1631 1788
f 1631 1632 1788
f 1788 1632 1789
f 1632 1633 1789
f 1789 1633 1790
f 1633 1634 1790
f 1790 1634 1791
f 1634 1635 1791
f 1791 1635 1792
f 1635 1636 1792
f 1792 1636 1793
f 1636 1637 1793
f 1793 1637 1794
f 1637 1638 1794
f 1794 1638 1795
f 1638 1639 1795
f 1795 1639 1796
f 1639 1640 1796
f 1796 1640 1797
f 1640 1641 1797
f 1797 1641 1798
f 1641 1642 1798
f 1798 1642 1799
f 1642 1643 1799
f 1799 1643 1800
f 1643 1644 1800
f 1800 1644 1801
f 1644 1645 1801
f 1801 1645 1802
f 1645 1646 1802
f 1802 1646 1803
f 1646 1647 1803
f 1803 1647 1804
f 1647 1648 1804
f 1804 1648 1805
f 1648 1649 1805
f 1805 1649 1806
f 1649 1650 1806
f 1806 1650 1807
f 1650 1651 1807
f 1807 1651 1808
f 1651 1652 1808
f 1808 1652 1809
f 1652 1653 1809
f 1809 1653 1810
f 1653 1654 1810
f 1810 1654 1811
f 1654 1655 1811
f 1811 1655 1812
f 1655 1656 1812
f 1812 1656 1813
f 1656 1657 1813
f 1813 1657 1814
f 1657 1658 1814
f 1814 1658 1815
f 1658 1659 1815
f 1815 1659 1816
f 1659 1660 1816
f 1816 1660 1817
f 1660 1661 1817
f 1817 1661 1818
f 1661 1662 1818
f 1818 1662 1819
f 1662 1663 1819
f 1819 1663 1820
f 1663 1664 1820
f 1820 1664 1821
f 1664 1665 1821
f 1821 1665 1822
f 1665 1666 1822
f 1822 1666 1823
f 1666 1667 1823
f 1823 1667 1824
f 1667 1668 1824
f 1824 1668 1825
f 1668 1669 1825
f 1825 1669 1826
f 1669 1670 1826
f 1826 1670 1827
f 1670 1671 1827
f 1827 1671 1828
f 1671 1672 1828
f 1828 1672 1829
f 1672 1673 1829
f 1829 1673 1830
f 1673 1674 1830
f 1830 1674 1831
f 1674 1675 1831
f 1831 1675 1832
f 1675 1676 1832
f 1832 1676 1833
f 1676 1677 1833
f 1833 1677 1834
f 1677 1678 1834
f 1834 1678 1835
f 1678 1679 1835
f 1835 1679 1836
f 1679 1680 1836
f 1836 1680 1837
f 1680 1681 1837
f 1837 1681 1838
f 1681 1682 1838
f 1838 1682 1839
f 1682 1683 1839
f 1839 1683 1840
f 1683 1684 1840
f 1840 1684 1841
f 1684 1685 1841
f 1841 1685 1842
f 1685 1686 1842
f 1842 1686 1843
f 1686 1687 1843
f 1843 1687 1844
f 1687 1845 1844
f 1688 1845 1687
f 1845 1688 1689
f 1846 1845 1689
f 1689 1690 1846
f 1846 1690 1847
f 1690 1848 1847
f 1691 1848 1690
f 1848 1691 1692
f 1849 1848 1692
f 1692 1850 1849
f 1693 1850 1692
f 1695 1851 1693
f 1693 1851 1850
f 1851 1695 1696
f 1852 1851 1696
f 1697 1698 1853
f 1853 1698 1854
f 1698 1699 1854
f 1854 1699 1855
f 1701 1856 1857
f 1700 1856 1701
f 1855 1699 1701
f 1857 1855 1701
f 1700 1702 1856
f 1856 1702 1858
f 1702 1703 1858
f 1858 1703 1859
f 1703 1704 1859
f 1859 1704 1860
f 1704 1705 1860
f 1860 1705 1861
f 1705 1706 1861
f 1861 1706 1862
f 1706 1707 1862
f 1862 1707 1863
f 1707 1708 1863
f 1863 1708 1864
f 1708 1709 1864
f 1864 1709 1865
f 1709 1710 1865
f 1865 1710 1866
f 1710 1711 1866
f 1866 1711 1867
f 1711 1712 1867
f 1867 1712 1868
f 1712 1713 1868
f 1868 1713 1869
f 1713 1714 1869
f 1869 1714 1870
f 1714 1715 1870
f 1870 1715 1871
f 1715 1716 1871
f 1871 1716 1872
f 1716 1717 1872
f 1872 1717 1873
f 1717 1718 1873
f 1873 1718 1874
f 1718 1719 1874
f 1874 1719 1875
f 1719 1720 1875
f 1875 1720 1876
f 1720 1721 1876
f 1876 1721 1877
f 1721 1722 1877
f 1877 1722 1878
f 1722 1723 1878
f 1878 1723 1879
f 1723 1724 1879
f 1879 1724 1880
f 1724 1725 1880
f 1880 1725 1881
f 1725 1726 1881
f 1881 1726 1882
f 1726 1727 1882
f 1882 1727 1883
f 1727 1728 1883
f 1883 1728 1884
f 1728 1729 1884
f 1884 1729 1885
f 1729 1730 1885
f 1885 1730 1886
f 1730 1731 1886
f 1886 1731 1887
f 1731 1732 1887
f 1887 1732 1888
f 1732 1733 1888
f 1888 1733 1889
f 1733 1734 1889
f 1889 1734 1890
f 1734 1735 1890
f 1890 1735 1891
f 1735 1736 1891
f 1891 1736 1892
f 1736 1737 1892
f 1892 1737 1893
f 1737 1738 1893
f 1893 1738 1894
f 1738 1739 1894
f 1894 1739 1895
f 1739 1740 1895
f 1895 1740 1896
f 1740 1741 1896
f 1896 1741 1897
f 1741 1742 1897
f 1897 1742 1898
f 1742 1743 1898
f 1898 1743 1899
f 1743 1744 1899
f 1899 1744 1900
f 1744 1745 1900
f 1900 1745 1901
f 1745 1746 1901
f 1901 1746 1902
f 1746 1747 1902
f 1902 1747 1903
f 1747 1748 1903
f 1903 1748 1904
f 1748 1749 1904
f 1904 1749 1905
f 1749 1750 1905
f 1905 1750 1906
f 1750 1751 1906
f 1906 1751 1907
f 1751 1752 1907
f 1907 1752 1908
f 1752 1753 1908
f 1908 1753 1909
f 1753 1754 1909
f 1909 1754 1910
f 1754 1755 1910
f 1910 1755 1911
f 1755 1756 1911
f 1911 1756 1912
f 1756 1757 1912
f 1912 1757 1913
f 1757 1758 1913
f 1913 1758 1914
f 1758 1759 1914
f 1914 1759 1915
f 1759 1760 1915
f 1915 1760 1916
f 1760 1761 1916
f 1916 1761 1917
f 1761 1762 1917
f 1917 1762 1918
f 1762 1763 1918
f 1918 1763 1919
f 1763 1764 1919
f 1919 1764 1920
f 1764 1765 1920
f 1920 1765 1921
f 1765 1766 1921
f 1921 1766 1922
f 1766 1767 1922
f 1922 1767 1923
f 1767 1768 1923
f 1923 1768 1924
f 1768 1769 1924
f 1924 1769 1925
f 1769 1770 1925
f 1925 1770 1926
f 1770 1771 1926
f 1926 1771 1927
f 1771 1772 1927
f 1927 1772 1928
f 1772 1773 1928
f 1928 1773 1929
f 1773 1774 1929
f 1929 1774 1930
f 1774 1775 1930
f 1930 1775 1931
f 1775 1776 1931
f 1931 1776 1932
f 1776 1777 1932
f 1932 1777 1933
f 1777 1778 1933
f 1933 1778 1934
f 1778 1779 1934
f 1934 1779 1935
f 1779 1780 1935
f 1935 1780 1936
f 1780 1781 1936
f 1936 1781 1937
f 1781 1782 1937
f 1937 1782 1938
f 1782 1783 1938
f 1938 1783 1939
f 1783 1784 1939
f 1939 1784 1940
f 1784 1785 1940
f 1940 1785 1941
f 1785 1786 1941
f 1941 1786 1942
f 1786 1787 1942
f 1942 1787 1943
f 1787 1788 1943
f 1943 1788 1944
f 1788 1789 1944
f 1944 1789 1945
f 1789 1790 1945
f 1945 1790 1946
f 1790 1791 1946
f 1946 1791 1947
f 1791 1792 1947
f 1947 1792 1948
f 1792 1793 1948
f 1948 1793 1949
f 1793 1794 1949
f 1949 1794 1950
f 1794 1795 1950
f 1950 1795 1951
f 1795 1796 1951
f 1951 1796 1952
f 1796 1797 1952
f 1952 1797 1953
f 1797 1798 1953
f 1953 1798 1954
f 1798 1799 1954
f 1954 1799 1955
f 1799 1800 1955
f 1955 1800 1956
f 1800 1801 1956
f 1956 1801 1957
f 1801 1802 1957
f 1957 1802 1958
f 1802 1803 1958
f 1958 1803 1959
f 1803 1804 1959
f 1959 1804 1960
f 1804 1805 1960
f 1960 1805 1961
f 1805 1806 1961
f 1961 1806 1962
f 1806 1807 1962
f 1962 1807 1963
f 1807 1808 1963
f 1963 1808 1964
f 1808 1809 1964
f 1964 1809 1965
f 1809 1810 1965
f 1965 1810 1966
f 1810 1811 1966
f 1966 1811 1967
f 1811 1812 1967
f 1967 1812 1968
f 1812 1813 1968
f 1968 1813 1969
f 1813 1814 1969
f 1969 1814 1970
f 1814 1815 1970
f 1970 1815 1971
f 1815 1816 1971
f 1971 1816 1972
f 1816 1817 1972
f 1972 1817 1973
f 1817 1818 1973
f 1973 1818 1974
f 1818 1819 1974
f 1974 1819 1975
f 1819 1820 1975
f 1975 1820 1976
f 1820 1821 1976
f 1976 1821 1977
f 1821 1822 1977
f 1977 1822 1978
f 1822 1823 1978
f 1978 1823 1979
f 1823 1824 1979
f 1979 1824 1980
f 1824 1825 1980
f 1980 1825 1981
f 1825 1826 1981
f 1981 1826 1982
f 1826 1827 1982
f 1982 1827 1983
f 1827 1828 1983
f 1983 1828 1984
f 1828 1829 1984
f 1984 1829 1985
f 1829 1830 1985
f 1985 1830 1986
f 1830 1831 1986
f 1986 1831 1987
f 1831 1832 1987
f 1987 1832 1988
f 1832 1833 1988
f 1988 1833 1989
f 1833 1834 1989
f 1989 1834 1990
f 1834 1835 1990
f 1990 1835 1991
f 1835 1836 1991
f 1991 1836 1992
f 1836 1837 1992
f 1992 1837 1993
f 1837 1838 1993
f 1993 1838 1994
f 1838 1839 1994
f 1994 1839 1995
f 1839 1840 1995
f 1995 1840 1996
f 1840 1841 1996
f 1996 1841 1997
f 1841 1842 1997
f 1997 1842 1998
f 1842 1843 1998
f 1998 1843 1999
f 1843 1844 1999
f 1999 1844 2000
f 1844 2001 2000
f 1845 2001 1844
f 2001 1845 1846
f 2002 2001 1846
f 1846 1847 2002
f 2002 1847 2003
f 1847 2004 2003
f 1848 2004 1847
f 2004 1848 1849
f 2005 2004 1849
f 1849 2006 2005
f 1850 2006 1849
f 1851 2007 1850
f 1850 2007 2006
f 2007 1851 1852
f 2008 2007 1852
f 1853 1854 2009
f 2009 1854 2010
f 1854 1855 2010
f 2010 1855 2011
f 1857 2012 2013
f 1856 2012 1857
f 2011 1855 1857
f 2013 2011 1857
f 1856 1858 2012
f 2012 1858 2014
f 1858 1859 2014
f 2014 1859 2015
f 1859 1860 2015
f 2015 1860 2016
f 1860 1861 2016
f 2016 1861 2017
f 1861 1862 2017
f 2017 1862 2018
f 1862 1863 2018
f 2018 1863 2019
f 1863 1864 2019
f 2019 1864 2020
f 1864 1865 2020
f 2020 1865 2021
f 1865 1866 2021
f 2021 1866 2022
f 1866 1867 2022
f 2022 1867 2023
f 1867 1868 2023
f 2023 1868 2024
f 1868 1869 2024
f 2024 1869 2025
f 1869 1870 2025
f 2025 1870 2026
f 1870 1871 2026
f 2026 1871 2027
f 1871 1872 2027
f 2027 1872 2028
f 1872 1873 2028
f 2028 1873 2029
f 1873 1874 2029
f 2029 1874 2030
f 1874 1875 2030
f 2030 1875 2031
f 1875 1876 2031
f 2031 1876 2032
f 1876 1877 2032
f 2032 1877 2033
f 1877 1878 2033
f 2033 1878 2034
f 1878 1879 2034
f 2034 1879 2035
f 1879 1880 2035
f 2035 1880 2036
f 1880 1881 2036
f 2036 1881 2037
f 1881 1882 2037
f 2037 1882 2038
f 1882 1883 2038
f 2038 1883 2039
f 1883 1884 2039
f 2039 1884 2040
f 1884 1885 2040
f 2040 1885 2041
f 1885 1886 2041
f 2041 1886 2042
f 1886 1887 2042
f 2042 1887 2043
f 1887 1888 2043
f 2043 1888 2044
f 1888 1889 2044
f 2044 1889 2045
f 1889 1890 2045
f 2045 1890 2046
f 1890 1891 2046
f 2046 1891 2047
f 1891 1892 2047
f 2047 1892 2048
f 1892 1893 2048
f 2048 1893 2049
f 1893 1894 2049
f 2049 1894 2050
f 1894 1895 2050
f 2050 1895 2051
f 1895 1896 2051
f 2051 1896 2052
f 1896 1897 2052
f 2052 1897 2053
f 1897 1898 2053
f 2053 1898 2054
f 1898 1899 2054
f 2054 1899 2055
f 1899 1900 2055
f 2055 1900 2056
f 1900 1901 2056
f 2056 1901 2057
f 1901 1902 2057
f 2057 1902 2058
f 1902 1903 2058
f 2058 1903 2059
f 1903 1904 2059
f 2059 1904 2060
f 1904 1905 2060
f 2060 1905 2061
f 1905 1906 2061
f 2061 1906 2062
f 1906 1907 2062
f 2062 1907 2063
f 1907 1908 2063
f 2063 1908 2064
f 1908 1909 2064
f 2064 1909 2065
f 1909 1910 2065
f 2065 1910 2066
f 1910 1911 2066
f 2066 1911 2067
f 1911 1912 2067
f 2067 1912 2068
f 1912 1913 2068
f 2068 1913 2069
f 1913 1914 2069
f 2069 1914 2070
f 1914 1915 2070
f 2070 1915 2071
f 1915 1916 2071
f 2071 1916 2072
f 1916 1917 2072
f 2072 1917 2073
f 1917 1918 2073
f 2073 1918 2074
f 1918 1919 2074
f 2074 1919 2075
f 1919 1920 2075
f 2075 1920 2076
f 1920 1921 2076
f 2076 1921 2077
f 1921 1922 2077
f 2077 1922 2078
f 1922 1923 2078
f 2078 1923 2079
f 1923 1924 2079
f 2079 1924 2080
f 1924 1925 2080
f 2080 1925 2081
f 1925 1926 2081
f 2081 1926 2082
f 1926 1927 2082
f 2082 1927 2083
f 1927 1928 2083
f 2083 1928 2084
f 1928 1929 2084
f 2084 1929 2085
f 1929 1930 2085
f 2085 1930 2086
f 1930 1931 2086
f 2086 1931 2087
f 1931 1932 2087
f 2087 1932 2088
f 1932 1933 2088
f 2088 1933 2089
f 1933 1934 2089
f 2089 1934 2090
f 1934 1935 2090
f 2090 1935 2091
f 1935 1936 2091
f 2091 1936 2092
f 1936 1937 2092
f 2092 1937 2093
f 1937 1938 2093
f 2093 1938 2094
f 1938 1939 2094
f 2094 1939 2095
f 1939 1940 2095
f 2095 1940 2096
f 1940 1941 2096
f 2096 1941 2097
f 1941 1942 2097
f 2097 1942 2098
f 1942 1943 2098
f 2098 1943 2099
f 1943 1944 2099
f 2099 1944 2100
f 1944 1945 2100
f 2100 1945 2101
f 1945 1946 2101
f 2101 1946 2102
f 1946 1947 2102
f 2102 1947 2103
f 1947 1948 2103
f 2103 1948 2104
f 1948 1949 2104
f 2104 1949 2105
f 1949 1950 2105
f 2105 1950 2106
f 1950 1951 2106
f 2106 1951 2107
f 1951 1952 2107
f 2107 1952 2108
f 1952 1953 2108
f 2108 1953 2109
f 1953 1954 2109
f 2109 1954 2110
f 1954 1955 2110
f 2110 1955 2111
f 1955 1956 2111
f 2111 1956 2112
f 1956 1957 2112
f 2112 1957 2113
f 1957 1958 2113
f 2113 1958 2114
f 1958 1959 2114
f 2114 1959 2115
f 1959 1960 2115
f 2115 1960 2116
f 1960 1961 2116
f 2116 1961 2117
f 1961 1962 2117
f 2117 1962 2118
f 1962 1963 2118
f 2118 1963 2119
f 1963 1964 2119
f 2119 1964 2120
f 1964 1965 2120
f 2120 1965 2121
f 1965 1966 2121
f 2121 1966 2122
f 1966 1967 2122
f 2122 1967 2123
f 1967 1968 2123
f 2123 1968 2124
f 1968 1969 2124
f 2124 1969 2125
f 1969 1970 2125
f 2125 1970 2126
f 1970 1971 2126
f 2126 1971 2127
f 1971 1972 2127
f 2127 1972 2128
f 1972 1973 2128
f 2128 1973 2129
f 1973 1974 2129
f 2129 1974 2130
f 1974 1975 2130
f 2130 1975 2131
f 1975 1976 2131
f 2131 1976 2132
f 1976 1977 2132
f 2132 1977 2133
f 1977 1978 2133
f 2133 1978 2134
f 1978 1979 2134
f 2134 1979 2135
f 1979 1980 2135
f 2135 1980 2136
f 1980 1981 2136
f 2136 1981 2137
f 1981 1982 2137
f 2137 1982 2138
f 1982 1983 2138
f 2138 1983 2139
f 1983 1984 2139
f 2139 1984 2140
f 1984 1985 2140
f 2140 1985 2141
f 1985 1986 2141
f 2141 1986 2142
f 1986 1987 2142
f 2142 1987 2143
f 1987 1988 2143
f 2143 1988 2144
f 1988 1989 2144
f 2144 1989 2145
f 1989 1990 2145
f 2145 1990 2146
f 1990 1991 2146
f 2146 1991 2147
f 1991 1992 2147
f 2147 1992 2148
f 1992 1993 2148
f 2148 1993 2149
f 1993 1994 2149
f 2149 1994 2150
f 1994 1995 2150
f 2150 1995 2151
f 1995 1996 2151
f 2151 1996 2152
f 1996 1997 2152
f 2152 1997 2153
f 1997 1998 2153
f 2153 1998 2154
f 1998 1999 2154
f 2154 1999 2155
f 1999 2000 2155
f 2155 2000 2156
f 2000 2157 2156
f 2001 2157 2000
f 2157 2001 2002
f 2158 2157 2002
f 2002 2003 2158
f 2158 2003 2159
f 2003 2160 2159
f 2004 2160 2003
f 2160 2004 2005
f 2161 2160 2005
f 2005 2162 2161
f 2006 2162 2005
f 2007 2163 2006
f 2006 2163 2162
f 2163 2007 2008
f 2164 2163 2008
f 2009 2010 2165
f 2165 2010 2166
f 2010 2011 2166
f 2166 2011 2167
f 2013 2168 2169
f 2012 2168 2013
f 2167 2011 2013
f 2169 2167 2013
f 2012 2014 2168
f 2168 2014 2170
f 2014 2015 2170
f 2170 2015 2171
f 2015 2016 2171
f 2171 2016 2172
f 2016 2017 2172
f 2172 2017 2173
f 2017 2018 2173
f 2173 2018 2174
f 2018 2019 2174
f 2174 2019 2175
f 2019 2020 2175
f 2175 2020 2176
f 2020 2021 2176
f 2176 2021 2177
f 2021 2022 2177
f 2177 2022 2178
f 2022 2023 2178
f 2178 2023 2179
f 2023 2024 2179
f 2179 2024 2180
f 2024 2025 2180
f 2180 2025 2181
f 2025 2026 2181
f 2181 2026 2182
f 2026 2027 2182
f 2182 2027 2183
f 2027 2028 2183
f 2183 2028 2184
f 2028 2029 2184
f 2184 2029 2185
f 2029 2030 2185
f 2185 2030 2186
f 2030 2031 2186
f 2186 2031 2187
f 2031 2032 2187
f 2187 2032 2188
f 2032 2033 2188
f 2188 2033 2189
f 2033 2034 2189
f 2189 2034 2190
f 2034 2035 2190
f 2190 2035 2191
f 2035 2036 2191
f 2191 2036 2192
f 2036 2037 2192
f 2192 2037 2193
f 2037 2038 2193
f 2193 2038 2194
f 2038 2039 2194
f 2194 2039 2195
f 2039 2040 2195
f 2195 2040 2196
f 2040 2041 2196
f 2196 2041 2197
f 2041 2042 2197
f 2197 2042 2198
f 2042 2043 2198
f 2198 2043 2199
f 2043 2044 2199
f 2199 2044 2200
f 2044 2045 2200
f 2200 2045 2201
f 2045 2046 2201
f 2201 2046 2202
f 2046 2047 2202
f 2202 2047 2203
f 2047 2048 2203
f 2203 2048 2204
f 2048 2049 2204
f 2204 2049 2205
f 2049 2050 2205
f 2205 2050 2206
f 2050 2051 2206
f 2206 2051 2207
f 2051 2052 2207
f 2207 2052 2208
f 2052 2053 2208
f 2208 2053 2209
f 2053 2054 2209
f 2209 2054 2210
f 2054 2055 2210
f 2210 2055 2211
f 2055 2056 2211
f 2211 2056 2212
f 2056 2057 2212
f 2212 2057 2213
f 2057 2058 2213
f 2213 2058 2214
f 2058 2059 2214
f 2214 2059 2215
f 2059 2060 2215
f 2215 2060 2216
f 2060 2061 2216
f 2216 2061 2217
f 2061 2062 2217
f 2217 2062 2218
f 2062 2063 2218
f 2218 2063 2219
f 2063 2064 2219
f 2219 2064 2220
f 2064 2065 2220
f 2220 2065 2221
f 2065 2066 2221
f 2221 2066 2222
f 2066 2067 2222
f 2222 2067 2223
f 2067 2068 2223
f 2223 2068 2224
f 2068 2069 2224
f 2224 2069 2225
f 2069 2070 2225
f 2225 2070 2226
f 2070 2071 2226
f 2226 2071 2227
f 2071 2072 2227
f 2227 2072 2228
f 2072 2073 2228
f 2228 2073 2229
f 2073 2074 2229
f 2229 2074 2230
f 2074 2075 2230
f 2230 2075 2231
f 2075 2076 2231
f 2231 2076 2232
f 2076 2077 2232
f 2232 2077 2233
f 2077 2078 2233
f 2233 2078 2234
f 2078 2079 2234
f 2234 2079 2235
f 2079 2080 2235
f 2235 2080 2236
f 2080 2081 2236
f 2236 2081 2237
f 2081 2082 2237
f 2237 2082 2238
f 2082 2083 2238
f 2238 2083 2239
f 2083 2084 2239
f 2239 2084 2240
f 2084 2085 2240
f 2240 2085 2241
f 2085 2086 2241
f 2241 2086 2242
f 2086 2087 2242
f 2242 2087 2243
f 2087 2088 2243
f 2243 2088 2244
f 2088 2089 2244
f 2244 2089 2245
f 2089 2090 2245
f 2245 2090 2246
f 2090 2091 2246
f 2246 2091 2247
f 2091 2092 2247
f 2247 2092 2248
f 2092 2093 2248
f 2248 2093 2249
f 2093 2094 2249
f 2249 2094 2250
f 2094 2095 2250
f 2250 2095 2251
f 2095 2096 2251
f 2251 2096 2252
f 2096 2097 2252
f 2252 2097 2253
f 2097 2098 2253
f 2253 2098 2254
f 2098 2099 2254
f 2254 2099 2255
f 2099 2100 2255
f 2255 2100 2256
f 2100 2101 2256
f 2256 2101 2257
f 2101 2102 2257
f 2257 2102 2258
f 2102 2103 2258
f 2258 2103 2259
f 2103 2104 2259
f 2259 2104 2260
f 2104 2105 2260
f 2260 2105 2261
f 2105 2106 2261
f 2261 2106 2262
f 2106 2107 2262
f 2262 2107 2263
f 2107 2108 2263
f 2263 2108 2264
f 2108 2109 2264
f 2264 2109 2265
f 2109 2110 2265
f 2265 2110 2266
f 2110 2111 2266
f 2266 2111 2267
f 2111 2112 2267
f 2267 2112 2268
f 2112 2113 2268
f 2268 2113 2269
f 2113 2114 2269
f 2269 2114 2270
f 2114 2115 2270
f 2270 2115 2271
f 2115 2116 2271
f 2271 2116 2272
f 2116 2117 2272
f 2272 2117 2273
f 2117 2118 2273
f 2273 2118 2274
f 2118 2119 2274
f 2274 2119 2275
f 2119 2120 2275
f 2275 2120 2276
f 2120 2121 2276
f 2276 2121 2277
f 2121 2122 2277
f 2277 2122 2278
f 2122 2123 2278
f 2278 2123 2279
f 2123 2124 2279
f 2279 2124 2280
f 2124 2125 2280
f 2280 2125 2281
f 2125 2126 2281
f 2281 2126 2282
f 2126 2127 2282
f 2282 2127 2283
f 2127 2128 2283
f 2283 2128 2284
f 2128 2129 2284
f 2284 2129 2285
f 2129 2130 2285
f 2285 2130 2286
f 2130 2131 2286
f 2286 2131 2287
f 2131 2132 2287
f 2287 2132 2288
f 2132 2133 2288
f 2288 2133 2289
f 2133 2134 2289
f 2289 2134 2290
f 2134 2135 2290
f 2290 2135 2291
f 2135 2136 2291
f 2291 2136 2292
f 2136 2137 2292
f 2292 2137 2293
f 2137 2138 2293
f 2293 2138 2294
f 2138 2139 2294
f 2294 2139 2295
f 2139 2140 2295
f 2295 2140 2296
f 2140 2141 2296
f 2296 2141 2297
f 2141 2142 2297
f 2297 2142 2298
f 2142 2143 2298
f 2298 2143 2299
f 2143 2144 2299
f 2299 2144 2300
f 2144 2145 2300
f 2300 2145 2301
f 2145 2146 2301
f 2301 2146 2302
f 2146 2147 2302
f 2302 2147 2303
f 2147 2148 2303
f 2303 2148 2304
f 2148 2149 2304
f 2304 2149 2305
f 2149 2150 2305
f 2305 2150 2306
f 2150 2151 2306
f 2306 2151 2307
f 2151 2152 2307
f 2307 2152 2308
f 2152 2153 2308
f 2308 2153 2309
f 2153 2154 2309
f 2309 2154 2310
f 2154 2155 2310
f 2310 2155 2311
f 2155 2156 2311
f 2311 2156 2312
f 2156 2313 2312
f 2157 2313 2156
f 2313 2157 2158
f 2314 2313 2158
f 2158 2159 2314
f 2314 2159 2315
f 2159 2316 2315
f 2160 2316 2159
f 2316 2160 2161
f 2317 2316 2161
f 2161 2318 2317
f 2162 2318 2161
f 2163 2319 2162
f 2162 2319 2318
f 2319 2163 2164
f 2320 2319 2164
f 2165 2166 2321
f 2321 2166 2322
f 2166 2167 2322
f 2322 2167 2323
f 2169 2324 2325
f 2168 2324 2169
f 2323 2167 2169
f 2325 2323 2169
f 2168 2170 2324
f 2324 2170 2326
f 2170 2171 2326
f 2326 2171 2327
f 2171 2172 2327
f 2327 2172 2328
f 2172 2173 2328
f 2328 2173 2329
f 2173 2174 2329
f 2329 2174 2330
f 2174 2175 2330
f 2330 2175 2331
f 2175 2176 2331
f 2331 2176 2332
f 2176 2177 2332
f 2332 2177 2333
f 2177 2178 2333
f 2333 2178 2334
f 2178 2179 2334
f 2334 2179 2335
f 2179 2180 2335
f 2335 2180 2336
f 2180 2181 2336
f 2336 2181 2337
f 2181 2182 2337
f 2337 2182 2338
f 2182 2183 2338
f 2338 2183 2339
f 2183 2184 2339
f 2339 2184 2340
f 2184 2185 2340
f 2340 2185 2341
f 2185 2186 2341
f 2341 2186 2342
f 2186 2187 2342
f 2342 2187 2343
f 2187 2188 2343
f 2343 2188 2344
f 2188 2189 2344
f 2344 2189 2345
f 2189 2190 2345
f 2345 2190 2346
f 2190 2191 2346
f 2346 2191 2347
f 2191 2192 2347
f 2347 2192 2348
f 2192 2193 2348
f 2348 2193 2349
f 2193 2194 2349
f 2349 2194 2350
f 2194 2195 2350
f 2350 2195 2351
f 2195 2196 2351
f 2351 2196 2352
f 2196 2197 2352
f 2352 2197 2353
f 2197 2198 2353
f 2353 2198 2354
f 2198 2199 2354
f 2354 2199 2355
f 2199 2200 2355
f 2355 2200 2356
f 2200 2201 2356
f 2356 2201 2357
f 2201 2202 2357
f 2357 2202 2358
f 2202 2203 2358
f 2358 2203 2359
f 2203 2204 2359
f 2359 2204 2360
f 2204 2205 2360
f 2360 2205 2361
f 2205 2206 2361
f 2361 2206 2362
f 2206 2207 2362
f 2362 2207 2363
f 2207 2208 2363
f 2363 2208 2364
f 2208 2209 2364
f 2364 2209 2365
f 2209 2210 2365
f 2365 2210 2366
f 2210 2211 2366
f 2366 2211 2367
f 2211 2212 2367
f 2367 2212 2368
f 2212 2213 2368
f 2368 2213 2369
f 2213 2214 2369
f 2369 2214 2370
f 2214 2215 2370
f 2370 2215 2371
f 2215 2216 2371
f 2371 2216 2372
f 2216 2217 2372
f 2372 2217 2373
f 2217 2218 2373
f 2373 2218 2374
f 2218 2219 2374
f 2374 2219 2375
f 2219 2220 2375
f 2375 2220 2376
f 2220 2221 2376
f 2376 2221 2377
f 2221 2222 2377
f 2377 2222 2378
f 2222 2223 2378
f 2378 2223 2379
f 2223 2224 2379
f 2379 2224 2380
f 2224 2225 2380
f 2380 2225 2381
f 2225 2226 2381
f 2381 2226 2382
f 2226 2227 2382
f 2382 2227 2383
f 2227 2228 2383
f 2383 2228 2384
f 2228 2229 2384
f 2384 2229 2385
f 2229 2230 2385
f 2385 2230 2386
f 2230 2231 2386
f 2386 2231 2387
f 2231 2232 2387
f 2387 2232 2388
f 2232 2233 2388
f 2388 2233 2389
f 2233 2234 2389
f 2389 2234 2390
f 2234 2235 2390
f 2390 2235 2391
f 2235 2236 2391
f 2391 2236 2392
f 2236 2237 2392
f 2392 2237 2393
f 2237 2238 2393
f 2393 2238 2394
f 2238 2239 2394
f 2394 2239 2395
f 2239 2240 2395
f 2395 2240 2396
f 2240 2241 2396
f 2396 2241 2397
f 2241 2242 2397
f 2397 2242 2398
f 2242 2243 2398
f 2398 2243 2399
f 2243 2244 2399
f 2399 2244 2400
f 2244 2245 2400
f 2400 2245 2401
f 2245 2246 2401
f 2401 2246 2402
f 2246 2247 2402
f 2402 2247 2403
f 2247 2248 2403
f 2403 2248 2404
f 2248 2249 2404
f 2404 2249 2405
f 2249 2250 2405
f 2405 2250 2406
f 2250 2251 2406
f 2406 2251 2407
f 2251 2252 2407
f 2407 2252 2408
f 2252 2253 2408
f 2408 2253 2409
f 2253 2254 2409
f 2409 2254 2410
f 2254 2255 2410
f 2410 2255 2411
f 2255 2256 2411
f 2411 2256 2412
f 2256 2257 2412
f 2412 2257 2413
f 2257 2258 2413
f 2413 2258 2414
f 2258 2259 2414
f 2414 2259 2415
f 2259 2260 2415
f 2415 2260 2416
f 2260 2261 2416
f 2416 2261 2417
f 2261 2262 2417
f 2417 2262 2418
f 2262 2263 2418
f 2418 2263 2419
f 2263 2264 2419
f 2419 2264 2420
f 2264 2265 2420
f 2420 2265 2421
f 2265 2266 2421
f 2421 2266 2422
f 2266 2267 2422
f 2422 2267 2423
f 2267 2268 2423
f 2423 2268 2424
f 2268 2269 2424
f 2424 2269 2425
f 2269 2270 2425
f 2425 2270 2426
f 2270 2271 2426
f 2426 2271 2427
f 2271 2272 2427
f 2427 2272 2428
f 2272 2273 2428
f 2428 2273 2429
f 2273 2274 2429
f 2429 2274 2430
f 2274 2275 2430
f 2430 2275 2431
f 2275 2276 2431
f 2431 2276 2432
f 2276 2277 2432
f 2432 2277 2433
f 2277 2278 2433
f 2433 2278 2434
f 2278 2279 2434
f 2434 2279 2435
f 2279 2280 2435
f 2435 2280 2436
f 2280 2281 2436
f 2436 2281 2437
f 2281 2282 2437
f 2437 2282 2438
f 2282 2283 2438
f 2438 2283 2439
f 2283 2284 2439
f 2439 2284 2440
f 2284 2285 2440
f 2440 2285 2441
f 2285 2286 2441
f 2441 2286 2442
f 2286 2287 2442
f 2442 2287 2443
f 2287 2288 2443
f 2443 2288 2444
f 2288 2289 2444
f 2444 2289 2445
f 2289 2290 2445
f 2445 2290 2446
f 2290 2291 2446
f 2446 2291 2447
f 2291 2292 2447
f 2447 2292 2448
f 2292 2293 2448
f 2448 2293 2449
f 2293 2294 2449
f 2449 2294 2450
f 2294 2295 2450
f 2450 2295 2451
f 2295 2296 2451
f 2451 2296 2452
f 2296 2297 2452
f 2452 2297 2453
f 2297 2298 2453
f 2453 2298 2454
f 2298 2299 2454
f 2454 2299 2455
f 2299 2300 2455
f 2455 2300 2456
f 2300 2301 2456
f 2456 2301 2457
f 2301 2302 2457
f 2457 2302 2458
f 2302 2303 2458
f 2458 2303 2459
f 2303 2304 2459
f 2459 2304 2460
f 2304 2305 2460
f 2460 2305 2461
f 2305 2306 2461
f 2461 2306 2462
f 2306 2307 2462
f 2462 2307 2463
f 2307 2308 2463
f 2463 2308 2464
f 2308 2309 2464
f 2464 2309 2465
f 2309 2310 2465
f 2465 2310 2466
f 2310 2311 2466
f 2466 2311 2467
f 2311 2312 2467
f 2467 2312 2468
f 2312 2469 2468
f 2313 2469 2312
f 2469 2313 2314
f 2470 2469 2314
f 2314 2315 2470
f 2470 2315 2471
f 2315 2472 2471
f 2316 2472 2315
f 2472 2316 2317
f 2473 2472 2317
f 2317 2474 2473
f 2318 2474 2317
f 2319 2475 2318
f 2318 2475 2474
f 2475 2319 2320
f 2476 2475 2320
f 2321 2322 2477
f 2477 2322 2478
f 2322 2323 2478
f 2478 2323 2479
f 2325 2480 2481
f 2324 2480 2325
f 2479 2323 2325
f 2481 2479 2325
f 2324 2326 2480
f 2480 2326 2482
f 2326 2327 2482
f 2482 2327 2483
f 2327 2328 2483
f 2483 2328 2484
f 2328 2329 2484
f 2484 2329 2485
f 2329 2330 2485
f 2485 2330 2486
f 2330 2331 2486
f 2486 2331 2487
f 2331 2332 2487
f 2487 2332 2488
f 2332 2333 2488
f 2488 2333 2489
f 2333 2334 2489
f 2489 2334 2490
f 2334 2335 2490
f 2490 2335 2491
f 2335 2336 2491
f 2491 2336 2492
f 2336 2337 2492
f 2492 2337 2493
f 2337 2338 2493
f 2493 2338 2494
f 2338 2339 2494
f 2494 2339 2495
f 2339 2340 2495
f 2495 2340 2496
f 2340 2341 2496
f 2496 2341 2497
f 2341 2342 2497
f 2497 2342 2498
f 2342 2343 2498
f 2498 2343 2499
f 2343 2344 2499
f 2499 2344 2500
f 2344 2345 2500
f 2500 2345 2501
f 2345 2346 2501
f 2501 2346 2502
f 2346 2347 2502
f 2502 2347 2503
f 2347 2348 2503
f 2503 2348 2504
f 2348 2349 2504
f 2504 2349 2505
f 2349 2350 2505
f 2505 2350 2506
f 2350 2351 2506
f 2506 2351 2507
f 2351 2352 2507
f 2507 2352 2508
f 2352 2353 2508
f 2508 2353 2509
f 2353 2354 2509
f 2509 2354 2510
f 2354 2355 2510
f 2510 2355 2511
f 2355 2356 2511
f 2511 2356 2512
f 2356 2357 2512
f 2512 2357 2513
f 2357 2358 2513
f 2513 2358 2514
f 2358 2359 2514
f 2514 2359 2515
f 2359 2360 2515
f 2515 2360 2516
f 2360 2361 2516
f 2516 2361 2517
f 2361 2362 2517
f 2517 2362 2518
f 2362 2363 2518
f 2518 2363 2519
f 2363 2364 2519
f 2519 2364 2520
f 2364 2365 2520
f 2520 2365 2521
f 2365 2366 2521
f 2521 2366 2522
f 2366 2367 2522
f 2522 2367 2523
f 2367 2368 2523
f 2523 2368 2524
f 2368 2369 2524
f 2524 2369 2525
f 2369 2370 2525
f 2525 2370 2526
f 2370 2371 2526
f 2526 2371 2527
f 2371 2372 2527
f 2527 2372 2528
f 2372 2373 2528
f 2528 2373 2529
f 2373 2374 2529
f 2529 2374 2530
f 2374 2375 2530
f 2530 2375 2531
f 2375 2376 2531
f 2531 2376 2532
f 2376 2377 2532
f 2532 2377 2533
f 2377 2378 2533
f 2533 2378 2534
f 2378 2379 2534
f 2534 2379 2535
f 2379 2380 2535
f 2535 2380 2536
f 2380 2381 2536
f 2536 2381 2537
f 2381 2382 2537
f 2537 2382 2538
f 2382 2383 2538
f 2538 2383 2539
f 2383 2384 2539
f 2539 2384 2540
f 2384 2385 2540
f 2540 2385 2541
f 2385 2386 2541
f 2541 2386 2542
f 2386 2387 2542
f 2542 2387 2543
f 2387 2388 2543
f 2543 2388 2544
f 2388 2389 2544
f 2544 2389 2545
f 2389 2390 2545
f 2545 2390 2546
f 2390 2391 2546
f 2546 2391 2547
f 2391 2392 2547
f 2547 2392 2548
f 2392 2393 2548
f 2548 2393 2549
f 2393 2394 2549
f 2549 2394 2550
f 2394 2395 2550
f 2550 2395 2551
f 2395 2396 2551
f 2551 2396 2552
f 2396 2397 2552
f 2552 2397 2553
f 2397 2398 2553
f 2553 2398 2554
f 2398 2399 2554
f 2554 2399 2555
f 2399 2400 2555
f 2555 2400 2556
f 2400 2401 2556
f 2556 2401 2557
f 2401 2402 2557
f 2557 2402 2558
f 2402 2403 2558
f 2558 2403 2559
f 2403 2404 2559
f 2559 2404 2560
f 2404 2405 2560
f 2560 2405 2561
f 2405 2406 2561
f 2561 2406 2562
f 2406 2407 2562
f 2562 2407 2563
f 2407 2408 2563
f 2563 2408 2564
f 2408 2409 2564
f 2564 2409 2565
f 2409 2410 2565
f 2565 2410 2566
f 2410 2411 2566
f 2566 2411 2567
f 2411 2412 2567
f 2567 2412 2568
f 2412 2413 2568
f 2568 2413 2569
f 2413 2414 2569
f 2569 2414 2570
f 2414 2415 2570
f 2570 2415 2571
f 2415 2416 2571
f 2571 2416 2572
f 2416 2417 2572
f 2572 2417 2573
f 2417 2418 2573
f 2573 2418 2574
f 2418 2419 2574
f 2574 2419 2575
f 2419 2420 2575
f 2575 2420 2576
f 2420 2421 2576
f 2576 2421 2577
f 2421 2422 2577
f 2577 2422 2578
f 2422 2423 2578
f 2578 2423 2579
f 2423 2424 2579
f 2579 2424 2580
f 2424 2425 2580
f 2580 2425 2581
f 2425 2426 2581
f 2581 2426 2582
f 2426 2427 2582
f 2582 2427 2583
f 2427 2428 2583
f 2583 2428 2584
f 2428 2429 2584
f 2584 2429 2585
f 2429 2430 2585
f 2585 2430 2586
f 2430 2431 2586
f 2586 2431 2587
f 2431 2432 2587
f 2587 2432 2588
f 2432 2433 2588
f 2588 2433 2589
f 2433 2434 2589
f 2589 2434 2590
f 2434 2435 2590
f 2590 2435 2591
f 2435 2436 2591
f 2591 2436 2592
f 2436 2437 2592
f 2592 2437 2593
f 2437 2438 2593
f 2593 2438 2594
f 2438 2439 2594
f 2594 2439 2595
f 2439 2440 2595
f 2595 2440 2596
f 2440 2441 2596
f 2596 2441 2597
f 2441 2442 2597
f 2597 2442 2598
f 2442 2443 2598
f 2598 2443 2599
f 2443 2444 2599
f 2599 2444 2600
f 2444 2445 2600
f 2600 2445 2601
f 2445 2446 2601
f 2601 2446 2602
f 2446 2447 2602
f 2602 2447 2603
f 2447 2448 2603
f 2603 2448 2604
f 2448 2449 2604
f 2604 2449 2605
f 2449 2450 2605
f 2605 2450 2606
f 2450 2451 2606
f 2606 2451 2607
f 2451 2452 2607
f 2607 2452 2608
f 2452 2453 2608
f 2608 2453 2609
f 2453 2454 2609
f 2609 2454 2610
f 2454 2455 2610
f 2610 2455 2611
f 2455 2456 2611
f 2611 2456 2612
f 2456 2457 2612
f 2612 2457 2613
f 2457 2458 2613
f 2613 2458 2614
f 2458 2459 2614
f 2614 2459 2615
f 2459 2460 2615
f 2615 2460 2616
f 2460 2461 2616
f 2616 2461 2617
f 2461 2462 2617
f 2617 2462 2618
f 2462 2463 2618
f 2618 2463 2619
f 2463 2464 2619
f 2619 2464 2620
f 2464 2465 2620
f 2620 2465 2621
f 2465 2466 2621
f 2621 2466 2622
f 2466 2467 2622
f 2622 2467 2623
f 2467 2468 2623
f 2623 2468 2624
f 2468 2625 2624
f 2469 2625 2468
f 2625 2469 2470
f 2626 2625 2470
f 2470 2471 2626
f 2626 2471 2627
f 2471 2628 2627
f 2472 2628 2471
f 2628 2472 2473
f 2629 2628 2473
f 2473 2630 2629
f 2474 2630 2473
f 2475 2631 2474
f 2474 2631 2630
f 2631 2475 2476
f 2632 2631 2476
f 2477 2478 2633
f 2633 2478 2634
f 2478 2479 2634
f 2634 2479 2635
f 2481 2636 2637
f 2480 2636 2481
f 2635 2479 2481
f 2637 2635 2481
f 2480 2482 2636
f 2636 2482 2638
f 2482 2483 2638
f 2638 2483 2639
f 2483 2484 2639
f 2639 2484 2640
f 2484 2485 2640
f 2640 2485 2641
f 2485 2486 2641
f 2641 2486 2642
f 2486 2487 2642
f 2642 2487 2643
f 2487 2488 2643
f 2643 2488 2644
f 2488 2489 2644
f 2644 2489 2645
f 2489 2490 2645
f 2645 2490 2646
f 2490 2491 2646
f 2646 2491 2647
f 2491 2492 2647
f 2647 2492 2648
f 2492 2493 2648
f 2648 2493 2649
f 2493 2494 2649
f 2649 2494 2650
f 2494 2495 2650
f 2650 2495 2651
f 2495 2496 2651
f 2651 2496 2652
f 2496 2497 2652
f 2652 2497 2653
f 2497 2498 2653
f 2653 2498 2654
f 2498 2499 2654
f 2654 2499 2655
f 2499 2500 2655
f 2655 2500 2656
f 2500 2501 2656
f 2656 2501 2657
f 2501 2502 2657
f 2657 2502 2658
f 2502 2503 2658
f 2658 2503 2659
f 2503 2504 2659
f 2659 2504 2660
f 2504 2505 2660
f 2660 2505 2661
f 2505 2506 2661
f 2661 2506 2662
f 2506 2507 2662
f 2662 2507 2663
f 2507 2508 2663
f 2663 2508 2664
f 2508 2509 2664
f 2664 2509 2665
f 2509 2510 2665
f 2665 2510 2666
f 2510 2511 2666
f 2666 2511 2667
f 2511 2512 2667
f 2667 2512 2668
f 2512 2513 2668
f 2668 2513 2669
f 2513 2514 2669
f 2669 2514 2670
f 2514 2515 2670
f 2670 2515 2671
f 2515 2516 2671
f 2671 2516 2672
f 2516 2517 2672
f 2672 2517 2673
f 2517 2518 2673
f 2673 2518 2674
f 2518 2519 2674
f 2674 2519 2675
f 2519 2520 2675
f 2675 2520 2676
f 2520 2521 2676
f 2676 2521 2677
f 2521 2522 2677
f 2677 2522 2678
f 2522 2523 2678
f 2678 2523 2679
f 2523 2524 2679
f 2679 2524 2680
f 2524 2525 2680
f 2680 2525 2681
f 2525 2526 2681
f 2681 2526 2682
f 2526 2527 2682
f 2682 2527 2683
f 2527 2528 2683
f 2683 2528 2684
f 2528 2529 2684
f 2684 2529 2685
f 2529 2530 2685
f 2685 2530 2686
f 2530 2531 2686
f 2686 2531 2687
f 2531 2532 2687
f 2687 2532 2688
f 2532 2533 2688
f 2688 2533 2689
f 2533 2534 2689
f 2689 2534 2690
f 2534 2535 2690
f 2690 2535 2691
f 2535 2536 2691
f 2691 2536 2692
f 2536 2537 2692
f 2692 2537 2693
f 2537 2538 2693
f 2693 2538 2694
f 2538 2539 2694
f 2694 2539 2695
f 2539 2540 2695
f 2695 2540 2696
f 2540 2541 2696
f 2696 2541 2697
f 2541 2542 2697
f 2697 2542 2698
f 2542 2543 2698
f 2698 2543 2699
f 2543 2544 2699
f 2699 2544 2700
f 2544 2545 2700
f 2700 2545 2701
f 2545 2546 2701
f 2701 2546 2702
f 2546 2547 2702
f 2702 2547 2703
f 2547 2548 2703
f 2703 2548 2704
f 2548 2549 2704
f 2704 2549 2705
f 2549 2550 2705
f 2705 2550 2706
f 2550 2551 2706
f 2706 2551 2707
f 2551 2552 2707
f 2707 2552 2708
f 2552 2553 2708
f 2708 2553 2709
f 2553 2554 2709
f 2709 2554 2710
f 2554 2555 2710
f 2710 2555 2711
f 2555 2556 2711
f 2711 2556 2712
f 2556 2557 2712
f 2712 2557 2713
f 2557 2558 2713
f 2713 2558 2714
f 2558 2559 2714
f 2714 2559 2715
f 2559 2560 2715
f 2715 2560 2716
f 2560 2561 2716
f 2716 2561 2717
f 2561 2562 2717
f 2717 2562 2718
f 2562 2563 2718
f 2718 2563 2719
f 2563 2564 2719
f 2719 2564 2720
f 2564 2565 2720
f 2720 2565 2721
f 2565 2566 2721
f 2721 2566 2722
f 2566 2567 2722
f 2722 2567 2723
f 2567 2568 2723
f 2723 2568 2724
f 2568 2569 2724
f 2724 2569 2725
f 2569 2570 2725
f 2725 2570 2726
f 2570 2571 2726
f 2726 2571 2727
f 2571 2572 2727
f 2727 2572 2728
f 2572 2573 2728
f 2728 2573 2729
f 2573 2574 2729
f 2729 2574 2730
f 2574 2575 2730
f 2730 2575 2731
f 2575 2576 2731
f 2731 2576 2732
f 2576 2577 2732
f 2732 2577 2733
f 2577 2578 2733
f 2733 2578 2734
f 2578 2579 2734
f 2734 2579 2735
f 2579 2580 2735
f 2735 2580 2736
f 2580 2581 2736
f 2736 2581 2737
f 2581 2582 2737
f 2737 2582 2738
f 2582 2583 2738
f 2738 2583 2739
f 2583 2584 2739
f 2739 2584 2740
f 2584 2585 2740
f 2740 2585 2741
f 2585 2586 2741
f 2741 2586 2742
f 2586 2587 2742
f 2742 2587 2743
f 2587 2588 2743
f 2743 2588 2744
f 2588 2589 2744
f 2744 2589 2745
f 2589 2590 2745
f 2745 2590 2746
f 2590 2591 2746
f 2746 2591 2747
f 2591 2592 2747
f 2747 2592 2748
f 2592 2593 2748
f 2748 2593 2749
f 2593 2594 2749
f 2749 2594 2750
f 2594 2595 2750
f 2750 2595 2751
f 2595 2596 2751
f 2751 2596 2752
f 2596 2597 2752
f 2752 2597 2753
f 2597 2598 2753
f 2753 2598 2754
f 2598 2599 2754
f 2754 2599 2755
f 2599 2600 2755
f 2755 2600 2756
f 2600 2601 2756
f 2756 2601 2757
f 2601 2602 2757
f 2757 2602 2758
f 2602 2603 2758
f 2758 2603 2759
f 2603 2604 2759
f 2759 2604 2760
f 2604 2605 2760
f 2760 2605 2761
f 2605 2606 2761
f 2761 2606 2762
f 2606 2607 2762
f 2762 2607 2763
f 2607 2608 2763
f 2763 2608 2764
f 2608 2609 2764
f 2764 2609 2765
f 2609 2610 2765
f 2765 2610 2766
f 2610 2611 2766
f 2766 2611 2767
f 2611 2612 2767
f 2767 2612 2768
f 2612 2613 2768
f 2768 2613 2769
f 2613 2614 2769
f 2769 2614 2770
f 2614 2615 2770
f 2770 2615 2771
f 2615 2616 2771
f 2771 2616 2772
f 2616 2617 2772
f 2772 2617 2773
f 2617 2618 2773
f 2773 2618 2774
f 2618 2619 2774
f 2774 2619 2775
f 2619 2620 2775
f 2775 2620 2776
f 2620 2621 2776
f 2776 2621 2777
f 2621 2622 2777
f 2777 2622 2778
f 2622 2623 2778
f 2778 2623 2779
f 2623 2624 2779
f 2779 2624 2780
f 2624 2781 2780
f 2625 2781 2624
f 2781 2625 2626
f 2782 2781 2626
f 2626 2627 2782
f 2782 2627 2783
f 2627 2784 2783
f 2628 2784 2627
f 2784 2628 2629
f 2785 2784 2629
f 2629 2786 2785
f 2630 2786 2629
f 2631 2787 2630
f 2630 2787 2786
f 2787 2631 2632
f 2788 2787 2632
f 2633 2634 2789
f 2789 2634 2790
f 2791 2792 2793
f 2791 2793 2790
f 2791 2790 2635
f 2635 2790 2634
f 2637 2792 2791
f 2637 2636 2792
f 2636 2794 2792
f 2635 2637 2791
f 2636 2638 2794
f 2794 2638 2795
f 2638 2639 2795
f 2795 2639 2796
f 2639 2640 2796
f 2796 2640 2797
f 2640 2641 2797
f 2797 2641 2798
f 2641 2642 2798
f 2798 2642 2799
f 2642 2643 2799
f 2799 2643 2800
f 2643 2644 2800
f 2800 2644 2801
f 2644 2645 2801
f 2801 2645 2802
f 2645 2646 2802
f 2802 2646 2803
f 2646 2647 2803
f 2803 2647 2804
f 2647 2648 2804
f 2804 2648 2805
f 2648 2649 2805
f 2805 2649 2806
f 2649 2650 2806
f 2806 2650 2807
f 2650 2651 2807
f 2807 2651 2808
f 2651 2652 2808
f 2808 2652 2809
f 2652 2653 2809
f 2809 2653 2810
f 2653 2654 2810
f 2810 2654 2811
f 2654 2655 2811
f 2811 2655 2812
f 2655 2656 2812
f 2812 2656 2813
f 2656 2657 2813
f 2813 2657 2814
f 2657 2658 2814
f 2814 2658 2815
f 2658 2659 2815
f 2815 2659 2816
f 2659 2660 2816
f 2816 2660 2817
f 2660 2661 2817
f 2817 2661 2818
f 2661 2662 2818
f 2818 2662 2819
f 2662 2663 2819
f 2819 2663 2820
f 2663 2664 2820
f 2820 2664 2821
f 2664 2665 2821
f 2821 2665 2822
f 2665 2666 2822
f 2822 2666 2823
f 2666 2667 2823
f 2823 2667 2824
f 2667 2668 2824
f 2824 2668 2825
f 2668 2669 2825
f 2825 2669 2826
f 2669 2670 2826
f 2826 2670 2827
f 2670 2671 2827
f 2827 2671 2828
f 2671 2672 2828
f 2828 2672 2829
f 2672 2673 2829
f 2829 2673 2830
f 2673 2674 2830
f 2830 2674 2831
f 2674 2675 2831
f 2831 2675 2832
f 2675 2676 2832
f 2832 2676 2833
f 2676 2677 2833
f 2833 2677 2834
f 2677 2678 2834
f 2834 2678 2835
f 2678 2679 2835
f 2835 2679 2836
f 2679 2680 2836
f 2836 2680 2837
f 2680 2681 2837
f 2837 2681 2838
f 2681 2682 2838
f 2838 2682 2839
f 2682 2683 2839
f 2839 2683 2840
f 2683 2684 2840
f 2840 2684 2841
f 2684 2685 2841
f 2841 2685 2842
f 2685 2686 2842
f 2842 2686 2843
f 2686 2687 2843
f 2843 2687 2844
f 2687 2688 2844
f 2844 2688 2845
f 2688 2689 2845
f 2845 2689 2846
f 2689 2690 2846
f 2846 2690 2847
f 2690 2691 2847
f 2847 2691 2848
f 2691 2692 2848
f 2848 2692 2849
f 2692 2693 2849
f 2849 2693 2850
f 2693 2694 2850
f 2850 2694 2851
f 2694 2695 2851
f 2851 2695 2852
f 2695 2696 2852
f 2852 2696 2853
f 2696 2697 2853
f 2853 2697 2854
f 2697 2698 2854
f 2854 2698 2855
f 2698 2699 2855
f 2855 2699 2856
f 2699 2700 2856
f 2856 2700 2857
f 2700 2701 2857
f 2857 2701 2858
f 2701 2702 2858
f 2858 2702 2859
f 2702 2703 2859
f 2859 2703 2860
f 2703 2704 2860
f 2860 2704 2861
f 2704 2705 2861
f 2861 2705 2862
f 2705 2706 2862
f 2862 2706 2863
f 2706 2707 2863
f 2863 2707 2864
f 2707 2708 2864
f 2864 2708 2865
f 2708 2709 2865
f 2865 2709 2866
f 2709 2710 2866
f 2866 2710 2867
f 2710 2711 2867
f 2867 2711 2868
f 2711 2712 2868
f 2868 2712 2869
f 2712 2713 2869
f 2869 2713 2870
f 2713 2714 2870
f 2870 2714 2871
f 2714 2715 2871
f 2871 2715 2872
f 2715 2716 2872
f 2872 2716 2873
f 2716 2717 2873
f 2873 2717 2874
f 2717 2718 2874
f 2874 2718 2875
f 2718 2719 2875
f 2875 2719 2876
f 2719 2720 2876
f 2876 2720 2877
f 2720 2721 2877
f 2877 2721 2878
f 2721 2722 2878
f 2878 2722 2879
f 2722 2723 2879
f 2879 2723 2880
f 2723 2724 2880
f 2880 2724 2881
f 2724 2725 2881
f 2881 2725 2882
f 2725 2726 2882
f 2882 2726 2883
f 2726 2727 2883
f 2883 2727 2884
f 2727 2728 2884
f 2884 2728 2885
f 2728 2729 2885
f 2885 2729 2886
f 2729 2730 2886
f 2886 2730 2887
f 2730 2731 2887
f 2887 2731 2888
f 2731 2732 2888
f 2888 2732 2889
f 2732 2733 2889
f 2889 2733 2890
f 2733 2734 2890
f 2890 2734 2891
f 2734 2735 2891
f 2891 2735 2892
f 2735 2736 2892
f 2892 2736 2893
f 2736 2737 2893
f 2893 2737 2894
f 2737 2738 2894
f 2894 2738 2895
f 2738 2739 2895
f 2895 2739 2896
f 2739 2740 2896
f 2896 2740 2897
f 2740 2741 2897
f 2897 2741 2898
f 2741 2742 2898
f 2898 2742 2899
f 2742 2743 2899
f 2899 2743 2900
f 2743 2744 2900
f 2900 2744 2901
f 2744 2745 2901
f 2901 2745 2902
f 2745 2746 2902
f 2902 2746 2903
f 2746 2747 2903
f 2903 2747 2904
f 2747 2748 2904
f 2904 2748 2905
f 2748 2749 2905
f 2905 2749 2906
f 2749 2750 2906
f 2906 2750 2907
f 2750 2751 2907
f 2907 2751 2908
f 2751 2752 2908
f 2908 2752 2909
f 2752 2753 2909
f 2909 2753 2910
f 2753 2754 2910
f 2910 2754 2911
f 2754 2755 2911
f 2911 2755 2912
f 2755 2756 2912
f 2912 2756 2913
f 2756 2757 2913
f 2913 2757 2914
f 2757 2758 2914
f 2914 2758 2915
f 2758 2759 2915
f 2915 2759 2916
f 2759 2760 2916
f 2916 2760 2917
f 2760 2761 2917
f 2917 2761 2918
f 2761 2762 2918
f 2918 2762 2919
f 2762 2763 2919
f 2919 2763 2920
f 2763 2764 2920
f 2920 2764 2921
f 2764 2765 2921
f 2921 2765 2922
f 2765 2766 2922
f 2922 2766 2923
f 2766 2767 2923
f 2923 2767 2924
f 2767 2768 2924
f 2924 2768 2925
f 2768 2769 2925
f 2925 2769 2926
f 2769 2770 2926
f 2926 2770 2927
f 2770 2771 2927
f 2927 2771 2928
f 2771 2772 2928
f 2928 2772 2929
f 2772 2773 2929
f 2929 2773 2930
f 2773 2774 2930
f 2930 2774 2931
f 2774 2775 2931
f 2931 2775 2932
f 2775 2776 2932
f 2932 2776 2933
f 2776 2777 2933
f 2933 2777 2934
f 2777 2778 2934
f 2934 2778 2935
f 2778 2779 2935
f 2935 2779 2936
f 2779 2780 2936
f 2936 2780 2937
f 2780 2938 2937
f 2781 2938 2780
f 2938 2781 2782
f 2939 2938 2782
f 2782 2783 2939
f 2939 2783 2940
f 2783 2941 2940
f 2784 2941 2783
f 2941 2784 2785
f 2942 2941 2785
f 2785 2943 2942
f 2786 2943 2785
f 2787 2944 2786
f 2786 2944 2943
f 2944 2787 2788
f 2945 2944 2788
f 2789 2790 2946
f 2946 2790 2947
f 2793 2948 2949
f 2792 2948 2793
f 2947 2790 2793
f 2949 2947 2793
f 2792 2794 2948
f 2948 2794 2950
f 2794 2795 2950
f 2950 2795 2951
f 2795 2796 2951
f 2951 2796 2952
f 2796 2797 2952
f 2952 2797 2953
f 2797 2798 2953
f 2953 2798 2954
f 2798 2799 2954
f 2954 2799 2955
f 2799 2800 2955
f 2955 2800 2956
f 2800 2801 2956
f 2956 2801 2957
f 2801 2802 2957
f 2957 2802 2958
f 2802 2803 2958
f 2958 2803 2959
f 2803 2804 2959
f 2959 2804 2960
f 2804 2805 2960
f 2960 2805 2961
f 2805 2806 2961
f 2961 2806 2962
f 2806 2807 2962
f 2962 2807 2963
f 2807 2808 2963
f 2963 2808 2964
f 2808 2809 2964
f 2964 2809 2965
f 2809 2810 2965
f 2965 2810 2966
f 2810 2811 2966
f 2966 2811 2967
f 2811 2812 2967
f 2967 2812 2968
f 2812 2813 2968
f 2968 2813 2969
f 2813 2814 2969
f 2969 2814 2970
f 2814 2815 2970
f 2970 2815 2971
f 2815 2816 2971
f 2971 2816 2972
f 2816 2817 2972
f 2972 2817 2973
f 2817 2818 2973
f 2973 2818 2974
f 2818 2819 2974
f 2974 2819 2975
f 2819 2820 2975
f 2975 2820 2976
f 2820 2821 2976
f 2976 2821 2977
f 2821 2822 2977
f 2977 2822 2978
f 2822 2823 2978
f 2978 2823 2979
f 2823 2824 2979
f 2979 2824 2980
f 2824 2825 2980
f 2980 2825 2981
f 2825 2826 2981
f 2981 2826 2982
f 2826 2827 2982
f 2982 2827 2983
f 2827 2828 2983
f 2983 2828 2984
f 2828 2829 2984
f 2984 2829 2985
f 2829 2830 2985
f 2985 2830 2986
f 2830 2831 2986
f 2986 2831 2987
f 2831 2832 2987
f 2987 2832 2988
f 2832 2833 2988
f 2988 2833 2989
f 2833 2834 2989
f 2989 2834 2990
f 2834 2835 2990
f 2990 2835 2991
f 2835 2836 2991
f 2991 2836 2992
f 2836 2837 2992
f 2992 2837 2993
f 2837 2838 2993
f 2993 2838 2994
f 2838 2839 2994
f 2994 2839 2995
f 2839 2840 2995
f 2995 2840 2996
f 2840 2841 2996
f 2996 2841 2997
f 2841 2842 2997
f 2997 2842 2998
f 2842 2843 2998
f 2998 2843 2999
f 2843 2844 2999
f 2999 2844 3000
f 2844 2845 3000
f 3000 2845 3001
f 2845 2846 3001
f 3001 2846 3002
f 2846 2847 3002
f 3002 2847 3003
f 2847 2848 3003
f 3003 2848 3004
f 2848 2849 3004
f 3004 2849 3005
f 2849 2850 3005
f 3005 2850 3006
f 2850 2851 3006
f 3006 2851 3007
f 2851 2852 3007
f 3007 2852 3008
f 2852 2853 3008
f 3008 2853 3009
f 2853 2854 3009
f 3009 2854 3010
f 2854 2855 3010
f 3010 2855 3011
f 2855 2856 3011
f 3011 2856 3012
f 2856 2857 3012
f 3012 2857 3013
f 2857 2858 3013
f 3013 2858 3014
f 2858 2859 3014
f 3014 2859 3015
f 2859 2860 3015
f 3015 2860 3016
f 2860 2861 3016
f 3016 2861 3017
f 2861 2862 3017
f 3017 2862 3018
f 2862 2863 3018
f 3018 2863 3019
f 2863 2864 3019
f 3019 2864 3020
f 2864 2865 3020
f 3020 2865 3021
f 2865 2866 3021
f 3021 2866 3022
f 2866 2867 3022
f 3022 2867 3023
f 2867 2868 3023
f 3023 2868 3024
f 2868 2869 3024
f 3024 2869 3025
f 2869 2870 3025
f 3025 2870 3026
f 2870 2871 3026
f 3026 2871 3027
f 2871 2872 3027
f 3027 2872 3028
f 2872 2873 3028
f 3028 2873 3029
f 2873 2874 3029
f 3029 2874 3030
f 2874 2875 3030
f 3030 2875 3031
f 2875 2876 3031
f 3031 2876 3032
f 2876 2877 3032
f 3032 2877 3033
f 2877 2878 3033
f 3033 2878 3034
f 2878 2879 3034
f 3034 2879 3035
f 2879 2880 3035
f 3035 2880 3036
f 2880 2881 3036
f 3036 2881 3037
f 2881 2882 3037
f 3037 2882 3038
f 2882 2883 3038
f 3038 2883 3039
f 2883 2884 3039
f 3039 2884 3040
f 2884 2885 3040
f 3040 2885 3041
f 2885 2886 3041
f 3041 2886 3042
f 2886 2887 3042
f 3042 2887 3043
f 2887 2888 3043
f 3043 2888 3044
f 2888 2889 3044
f 3044 2889 3045
f 2889 2890 3045
f 3045 2890 3046
f 2890 2891 3046
f 3046 2891 3047
f 2891 2892 3047
f 3047 2892 3048
f 2892 2893 3048
f 3048 2893 3049
f 2893 2894 3049
f 3049 2894 3050
f 2894 2895 3050
f 3050 2895 3051
f 2895 2896 3051
f 3051 2896 3052
f 2896 2897 3052
f 3052 2897 3053
f 2897 2898 3053
f 3053 2898 3054
f 2898 2899 3054
f 3054 2899 3055
f 2899 2900 3055
f 3055 2900 3056
f 2900 2901 3056
f 3056 2901 3057
f 2901 2902 3057
f 3057 2902 3058
f 2902 2903 3058
f 3058 2903 3059
f 2903 2904 3059
f 3059 2904 3060
f 2904 2905 3060
f 3060 2905 3061
f 2905 2906 3061
f 3061 2906 3062
f 2906 2907 3062
f 3062 2907 3063
f 2907 2908 3063
f 3063 2908 3064
f 2908 2909 3064
f 3064 2909 3065
f 2909 2910 3065
f 3065 2910 3066
f 2910 2911 3066
f 3066 2911 3067
f 2911 2912 3067
f 3067 2912 3068
f 2912 2913 3068
f 3068 2913 3069
f 2913 2914 3069
f 3069 2914 3070
f 2914 2915 3070
f 3070 2915 3071
f 2915 2916 3071
f 3071 2916 3072
f 2916 2917 3072
f 3072 2917 3073
f 2917 2918 3073
f 3073 2918 3074
f 2918 2919 3074
f 3074 2919 3075
f 2919 2920 3075
f 3075 2920 3076
f 2920 2921 3076
f 3076 2921 3077
f 2921 2922 3077
f 3077 2922 3078
f 2922 2923 3078
f 3078 2923 3079
f 2923 2924 3079
f 3079 2924 3080
f 2924 2925 3080
f 3080 2925 3081
f 2925 2926 3081
f 3081 2926 3082
f 2926 2927 3082
f 3082 2927 3083
f 2927 2928 3083
f 3083 2928 3084
f 2928 2929 3084
f 3084 2929 3085
f 2929 2930 3085
f 3085 2930 3086
f 2930 2931 3086
f 3086 2931 3087
f 2931 2932 3087
f 3087 2932 3088
f 2932 2933 3088
f 3088 2933 3089
f 2933 2934 3089
f 3089 2934 3090
f 2934 2935 3090
f 3090 2935 3091
f 2935 2936 3091
f 3091 2936 3092
f 2936 2937 3092
f 3092 2937 3093
f 2937 3094 3093
f 2938 3094 2937
f 3094 2938 2939
f 3095 3094 2939
f 2939 2940 3095
f 3095 2940 3096
f 2940 3097 3096
f 2941 3097 2940
f 3097 2941 2942
f 3098 3097 2942
f 2942 3099 3098
f 2943 3099 2942
f 2944 3100 2943
f 2943 3100 3099
f 3100 2944 2945
f 3101 3100 2945
f 2946 2947 3102
f 3102 2947 3103
f 2949 3104 3105
f 2948 3104 2949
f 3103 2947 2949
f 3105 3103 2949
f 2948 2950 3104
f 3104 2950 3106
f 2950 2951 3106
f 3106 2951 3107
f 2951 2952 3107
f 3107 2952 3108
f 2952 2953 3108
f 3108 2953 3109
f 2953 2954 3109
f 3109 2954 3110
f 2954 2955 3110
f 3110 2955 3111
f 2955 2956 3111
f 3111 2956 3112
f 2956 2957 3112
f 3112 2957 3113
f 2957 2958 3113
f 3113 2958 3114
f 2958 2959 3114
f 3114 2959 3115
f 2959 2960 3115
f 3115 2960 3116
f 2960 2961 3116
f 3116 2961 3117
f 2961 2962 3117
f 3117 2962 3118
f 2962 2963 3118
f 3118 2963 3119
f 2963 2964 3119
f 3119 2964 3120
f 2964 2965 3120
f 3120 2965 3121
f 2965 2966 3121
f 3121 2966 3122
f 2966 2967 3122
f 3122 2967 3123
f 2967 2968 3123
f 3123 2968 3124
f 2968 2969 3124
f 3124 2969 3125
f 2969 2970 3125
f 3125 2970 3126
f 2970 2971 3126
f 3126 2971 3127
f 2971 2972 3127
f 3127 2972 3128
f 2972 2973 3128
f 3128 2973 3129
f 2973 2974 3129
f 3129 2974 3130
f 2974 2975 3130
f 3130 2975 3131
f 2975 2976 3131
f 3131 2976 3132
f 2976 2977 3132
f 3132 2977 3133
f 2977 2978 3133
f 3133 2978 3134
f 2978 2979 3134
f 3134 2979 3135
f 2979 2980 3135
f 3135 2980 3136
f 2980 2981 3136
f 3136 2981 3137
f 2981 2982 3137
f 3137 2982 3138
f 2982 2983 3138
f 3138 2983 3139
f 2983 2984 3139
f 3139 2984 3140
f 2984 2985 3140
f 3140 2985 3141
f 2985 2986 3141
f 3141 2986 3142
f 2986 2987 3142
f 3142 2987 3143
f 2987 2988 3143
f 3143 2988 3144
f 2988 2989 3144
f 3144 2989 3145
f 2989 2990 3145
f 3145 2990 3146
f 2990 2991 3146
f 3146 2991 3147
f 2991 2992 3147
f 3147 2992 3148
f 2992 2993 3148
f 3148 2993 3149
f 2993 2994 3149
f 3149 2994 3150
f 2994 2995 3150
f 3150 2995 3151
f 2995 2996 3151
f 3151 2996 3152
f 2996 2997 3152
f 3152 2997 3153
f 2997 2998 3153
f 3153 2998 3154
f 2998 2999 3154
f 3154 2999 3155
f 2999 3000 3155
f 3155 3000 3156
f 3000 3001 3156
f 3156 3001 3157
f 3001 3002 3157
f 3157 3002 3158
f 3002 3003 3158
f 3158 3003 3159
f 3003 3004 3159
f 3159 3004 3160
f 3004 3005 3160
f 3160 3005 3161
f 3005 3006 3161
f 3161 3006 3162
f 3006 3007 3162
f 3162 3007 3163
f 3007 3008 3163
f 3163 3008 3164
f 3008 3009 3164
f 3164 3009 3165
f 3009 3010 3165
f 3165 3010 3166
f 3010 3011 3166
f 3166 3011 3167
f 3011 3012 3167
f 3167 3012 3168
f 3012 3013 3168
f 3168 3013 3169
f 3013 3014 3169
f 3169 3014 3170
f 3014 3015 3170
f 3170 3015 3171
f 3015 3016 3171
f 3171 3016 3172
f 3016 3017 3172
f 3172 3017 3173
f 3017 3018 3173
f 3173 3018 3174
f 3018 3019 3174
f 3174 3019 3175
f 3019 3020 3175
f 3175 3020 3176
f 3020 3021 3176
f 3176 3021 3177
f 3021 3022 3177
f 3177 3022 3178
f 3022 3023 3178
f 3178 3023 3179
f 3023 3024 3179
f 3179 3024 3180
f 3024 3025 3180
f 3180 3025 3181
f 3025 3026 3181
f 3181 3026 3182
f 3026 3027 3182
f 3182 3027 3183
f 3027 3028 3183
f 3183 3028 3184
f 3028 3029 3184
f 3184 3029 3185
f 3029 3030 3185
f 3185 3030 3186
f 3030 3031 3186
f 3186 3031 3187
f 3031 3032 3187
f 3187 3032 3188
f 3032 3033 3188
f 3188 3033 3189
f 3033 3034 3189
f 3189 3034 3190
f 3034 3035 3190
f 3190 3035 3191
f 3035 3036 3191
f 3191 3036 3192
f 3036 3037 3192
f 3192 3037 3193
f 3037 3038 3193
f 3193 3038 3194
f 3038 3039 3194
f 3194 3039 3195
f 3039 3040 3195
f 3195 3040 3196
f 3040 3041 3196
f 3196 3041 3197
f 3041 3042 3197
f 3197 3042 3198
f 3042 3043 3198
f 3198 3043 3199
f 3043 3044 3199
f 3199 3044 3200
f 3044 3045 3200
f 3200 3045 3201
f 3045 3046 3201
f 3201 3046 3202
f 3046 3047 3202
f 3202 3047 3203
f 3047 3048 3203
f 3203 3048 3204
f 3048 3049 3204
f 3204 3049 3205
f 3049 3050 3205
f 3205 3050 3206
f 3050 3051 3206
f 3206 3051 3207
f 3051 3052 3207
f 3207 3052 3208
f 3052 3053 3208
f 3208 3053 3209
f 3053 3054 3209
f 3209 3054 3210
f 3054 3055 3210
f 3210 3055 3211
f 3055 3056 3211
f 3211 3056 3212
f 3056 3057 3212
f 3212 3057 3213
f 3057 3058 3213
f 3213 3058 3214
f 3058 3059 3214
f 3214 3059 3215
f 3059 3060 3215
f 3215 3060 3216
f 3060 3061 3216
f 3216 3061 3217
f 3061 3062 3217
f 3217 3062 3218
f 3062 3063 3218
f 3218 3063 3219
f 3063 3064 3219
f 3219 3064 3220
f 3064 3065 3220
f 3220 3065 3221
f 3065 3066 3221
f 3221 3066 3222
f 3066 3067 3222
f 3222 3067 3223
f 3067 3068 3223
f 3223 3068 3224
f 3068 3069 3224
f 3224 3069 3225
f 3069 3070 3225
f 3225 3070 3226
f 3070 3071 3226
f 3226 3071 3227
f 3071 3072 3227
f 3227 3072 3228
f 3072 3073 3228
f 3228 3073 3229
f 3073 3074 3229
f 3229 3074 3230
f 3074 3075 3230
f 3230 3075 3231
f 3075 3076 3231
f 3231 3076 3232
f 3076 3077 3232
f 3232 3077 3233
f 3077 3078 3233
f 3233 3078 3234
f 3078 3079 3234
f 3234 3079 3235
f 3079 3080 3235
f 3235 3080 3236
f 3080 3081 3236
f 3236 3081 3237
f 3081 3082 3237
f 3237 3082 3238
f 3082 3083 3238
f 3238 3083 3239
f 3083 3084 3239
f 3239 3084 3240
f 3084 3085 3240
f 3240 3085 3241
f 3085 3086 3241
f 3241 3086 3242
f 3086 3087 3242
f 3242 3087 3243
f 3087 3088 3243
f 3243 3088 3244
f 3088 3089 3244
f 3244 3089 3245
f 3089 3090 3245
f 3245 3090 3246
f 3090 3091 3246
f 3246 3091 3247
f 3091 3092 3247
f 3247 3092 3248
f 3092 3093 3248
f 3248 3093 3249
f 3093 3250 3249
f 3094 3250 3093
f 3250 3094 3095
f 3251 3250 3095
f 3095 3096 3251
f 3251 3096 3252
f 3096 3253 3252
f 3097 3253 3096
f 3253 3097 3098
f 3254 3253 3098
f 3098 3255 3254
f 3099 3255 3098
f 3100 3256 3099
f 3099 3256 3255
f 3256 3100 3101
f 3257 3256 3101
f 3102 3103 3258
f 3258 3103 3259
f 3105 3260 3261
f 3104 3260 3105
f 3259 3103 3105
f 3261 3259 3105
f 3104 3106 3260
f 3260 3106 3262
f 3106 3107 3262
f 3262 3107 3263
f 3107 3108 3263
f 3263 3108 3264
f 3108 3109 3264
f 3264 3109 3265
f 3109 3110 3265
f 3265 3110 3266
f 3110 3111 3266
f 3266 3111 3267
f 3111 3112 3267
f 3267 3112 3268
f 3112 3113 3268
f 3268 3113 3269
f 3113 3114 3269
f 3269 3114 3270
f 3114 3115 3270
f 3270 3115 3271
f 3115 3116 3271
f 3271 3116 3272
f 3116 3117 3272
f 3272 3117 3273
f 3117 3118 3273
f 3273 3118 3274
f 3118 3119 3274
f 3274 3119 3275
f 3119 3120 3275
f 3275 3120 3276
f 3120 3121 3276
f 3276 3121 3277
f 3121 3122 3277
f 3277 3122 3278
f 3122 3123 3278
f 3278 3123 3279
f 3123 3124 3279
f 3279 3124 3280
f 3124 3125 3280
f 3280 3125 3281
f 3125 3126 3281
f 3281 3126 3282
f 3126 3127 3282
f 3282 3127 3283
f 3127 3128 3283
f 3283 3128 3284
f 3128 3129 3284
f 3284 3129 3285
f 3129 3130 3285
f 3285 3130 3286
f 3130 3131 3286
f 3286 3131 3287
f 3131 3132 3287
f 3287 3132 3288
f 3132 3133 3288
f 3288 3133 3289
f 3133 3134 3289
f 3289 3134 3290
f 3134 3135 3290
f 3290 3135 3291
f 3135 3136 3291
f 3291 3136 3292
f 3136 3137 3292
f 3292 3137 3293
f 3137 3138 3293
f 3293 3138 3294
f 3138 3139 3294
f 3294 3139 3295
f 3139 3140 3295
f 3295 3140 3296
f 3140 3141 3296
f 3296 3141 3297
f 3141 3142 3297
f 3297 3142 3298
f 3142 3143 3298
f 3298 3143 3299
f 3143 3144 3299
f 3299 3144 3300
f 3144 3145 3300
f 3300 3145 3301
f 3145 3146 3301
f 3301 3146 3302
f 3146 3147 3302
f 3302 3147 3303
f 3147 3148 3303
f 3303 3148 3304
f 3148 3149 3304
f 3304 3149 3305
f 3149 3150 3305
f 3305 3150 3306
f 3150 3151 3306
f 3306 3151 3307
f 3151 3152 3307
f 3307 3152 3308
f 3152 3153 3308
f 3308 3153 3309
f 3153 3154 3309
f 3309 3154 3310
f 3154 3155 3310
f 3310 3155 3311
f 3155 3156 3311
f 3311 3156 3312
f 3156 3157 3312
f 3312 3157 3313
f 3157 3158 3313
f 3313 3158 3314
f 3158 3159 3314
f 3314 3159 3315
f 3159 3160 3315
f 3315 3160 3316
f 3160 3161 3316
f 3316 3161 3317
f 3161 3162 3317
f 3317 3162 3318
f 3162 3163 3318
f 3318 3163 3319
f 3163 3164 3319
f 3319 3164 3320
f 3164 3165 3320
f 3320 3165 3321
f 3165 3166 3321
f 3321 3166 3322
f 3166 3167 3322
f 3322 3167 3323
f 3167 3168 3323
f 3323 3168 3324
f 3168 3169 3324
f 3324 3169 3325
f 3169 3170 3325
f 3325 3170 3326
f 3170 3171 3326
f 3326 3171 3327
f 3171 3172 3327
f 3327 3172 3328
f 3172 3173 3328
f 3328 3173 3329
f 3173 3174 3329
f 3329 3174 3330
f 3174 3175 3330
f 3330 3175 3331
f 3175 3176 3331
f 3331 3176 3332
f 3176 3177 3332
f 3332 3177 3333
f 3177 3178 3333
f 3333 3178 3334
f 3178 3179 3334
f 3334 3179 3335
f 3179 3180 3335
f 3335 3180 3336
f 3180 3181 3336
f 3336 3181 3337
f 3181 3182 3337
f 3337 3182 3338
f 3182 3183 3338
f 3338 3183 3339
f 3183 3184 3339
f 3339 3184 3340
f 3184 3185 3340
f 3340 3185 3341
f 3185 3186 3341
f 3341 3186 3342
f 3186 3187 3342
f 3342 3187 3343
f 3187 3188 3343
f 3343 3188 3344
f 3188 3189 3344
f 3344 3189 3345
f 3189 3190 3345
f 3345 3190 3346
f 3190 3191 3346
f 3346 3191 3347
f 3191 3192 3347
f 3347 3192 3348
f 3192 3193 3348
f 3348 3193 3349
f 3193 3194 3349
f 3349 3194 3350
f 3194 3195 3350
f 3350 3195 3351
f 3195 3196 3351
f 3351 3196 3352
f 3196 3197 3352
f 3352 3197 3353
f 3197 3198 3353
f 3353 3198 3354
f 3198 3199 3354
f 3354 3199 3355
f 3199 3200 3355
f 3355 3200 3356
f 3200 3201 3356
f 3356 3201 3357
f 3201 3202 3357
f 3357 3202 3358
f 3202 3203 3358
f 3358 3203 3359
f 3203 3204 3359
f 3359 3204 3360
f 3204 3205 3360
f 3360 3205 3361
f 3205 3206 3361
f 3361 3206 3362
f 3206 3207 3362
f 3362 3207 3363
f 3207 3208 3363
f 3363 3208 3364
f 3208 3209 3364
f 3364 3209 3365
f 3209 3210 3365
f 3365 3210 3366
f 3210 3211 3366
f 3366 3211 3367
f 3211 3212 3367
f 3367 3212 3368
f 3212 3213 3368
f 3368 3213 3369
f 3213 3214 3369
f 3369 3214 3370
f 3214 3215 3370
f 3370 3215 3371
f 3215 3216 3371
f 3371 3216 3372
f 3216 3217 3372
f 3372 3217 3373
f 3217 3218 3373
f 3373 3218 3374
f 3218 3219 3374
f 3374 3219 3375
f 3219 3220 3375
f 3375 3220 3376
f 3220 3221 3376
f 3376 3221 3377
f 3221 3222 3377
f 3377 3222 3378
f 3222 3223 3378
f 3378 3223 3379
f 3223 3224 3379
f 3379 3224 3380
f 3224 3225 3380
f 3380 3225 3381
f 3225 3226 3381
f 3381 3226 3382
f 3226 3227 3382
f 3382 3227 3383
f 3227 3228 3383
f 3383 3228 3384
f 3228 3229 3384
f 3384 3229 3385
f 3229 3230 3385
f 3385 3230 3386
f 3230 3231 3386
f 3386 3231 3387
f 3231 3232 3387
f 3387 3232 3388
f 3232 3233 3388
f 3388 3233 3389
f 3233 3234 3389
f 3389 3234 3390
f 3234 3235 3390
f 3390 3235 3391
f 3235 3236 3391
f 3391 3236 3392
f 3236 3237 3392
f 3392 3237 3393
f 3237 3238 3393
f 3393 3238 3394
f 3238 3239 3394
f 3394 3239 3395
f 3239 3240 3395
f 3395 3240 3396
f 3240 3241 3396
f 3396 3241 3397
f 3241 3242 3397
f 3397 3242 3398
f 3242 3243 3398
f 3398 3243 3399
f 3243 3244 3399
f 3399 3244 3400
f 3244 3245 3400
f 3400 3245 3401
f 3245 3246 3401
f 3401 3246 3402
f 3246 3247 3402
f 3402 3247 3403
f 3247 3248 3403
f 3403 3248 3404
f 3248 3249 3404
f 3404 3249 3405
f 3249 3406 3405
f 3250 3406 3249
f 3406 3250 3251
f 3407 3406 3251
f 3251 3252 3407
f 3407 3252 3408
f 3252 3409 3408
f 3253 3409 3252
f 3409 3253 3254
f 3410 3409 3254
f 3254 3411 3410
f 3255 3411 3254
f 3256 3412 3255
f 3255 3412 3411
f 3412 3256 3257
f 3413 3412 3257
f 3258 3259 3414
f 3414 3259 3415
f 3261 3416 3417
f 3260 3416 3261
f 3415 3259 3261
f 3417 3415 3261
f 3260 3262 3416
f 3416 3262 3418
f 3262 3263 3418
f 3418 3263 3419
f 3263 3264 3419
f 3419 3264 3420
f 3264 3265 3420
f 3420 3265 3421
f 3265 3266 3421
f 3421 3266 3422
f 3266 3267 3422
f 3422 3267 3423
f 3267 3268 3423
f 3423 3268 3424
f 3268 3269 3424
f 3424 3269 3425
f 3269 3270 3425
f 3425 3270 3426
f 3270 3271 3426
f 3426 3271 3427
f 3271 3272 3427
f 3427 3272 3428
f 3272 3273 3428
f 3428 3273 3429
f 3273 3274 3429
f 3429 3274 3430
f 3274 3275 3430
f 3430 3275 3431
f 3275 3276 3431
f 3431 3276 3432
f 3276 3277 3432
f 3432 3277 3433
f 3277 3278 3433
f 3433 3278 3434
f 3278 3279 3434
f 3434 3279 3435
f 3279 3280 3435
f 3435 3280 3436
f 3280 3281 3436
f 3436 3281 3437
f 3281 3282 3437
f 3437 3282 3438
f 3282 3283 3438
f 3438 3283 3439
f 3283 3284 3439
f 3439 3284 3440
f 3284 3285 3440
f 3440 3285 3441
f 3285 3286 3441
f 3441 3286 3442
f 3286 3287 3442
f 3442 3287 3443
f 3287 3288 3443
f 3443 3288 3444
f 3288 3289 3444
f 3444 3289 3445
f 3289 3290 3445
f 3445 3290 3446
f 3290 3291 3446
f 3446 3291 3447
f 3291 3292 3447
f 3447 3292 3448
f 3292 3293 3448
f 3448 3293 3449
f 3293 3294 3449
f 3449 3294 3450
f 3294 3295 3450
f 3450 3295 3451
f 3295 3296 3451
f 3451 3296 3452
f 3296 3297 3452
f 3452 3297 3453
f 3297 3298 3453
f 3453 3298 3454
f 3298 3299 3454
f 3454 3299 3455
f 3299 3300 3455
f 3455 3300 3456
f 3300 3301 3456
f 3456 3301 3457
f 3301 3302 3457
f 3457 3302 3458
f 3302 3303 3458
f 3458 3303 3459
f 3303 3304 3459
f 3459 3304 3460
f 3304 3305 3460
f 3460 3305 3461
f 3305 3306 3461
f 3461 3306 3462
f 3306 3307 3462
f 3462 3307 3463
f 3307 3308 3463
f 3463 3308 3464
f 3308 3309 3464
f 3464 3309 3465
f 3309 3310 3465
f 3465 3310 3466
f 3310 3311 3466
f 3466 3311 3467
f 3311 3312 3467
f 3467 3312 3468
f 3312 3313 3468
f 3468 3313 3469
f 3313 3314 3469
f 3469 3314 3470
f 3314 3315 3470
f 3470 3315 3471
f 3315 3316 3471
f 3471 3316 3472
f 3316 3317 3472
f 3472 3317 3473
f 3317 3318 3473
f 3473 3318 3474
f 3318 3319 3474
f 3474 3319 3475
f 3319 3320 3475
f 3475 3320 3476
f 3320 3321 3476
f 3476 3321 3477
f 3321 3322 3477
f 3477 3322 3478
f 3322 3323 3478
f 3478 3323 3479
f 3323 3324 3479
f 3479 3324 3480
f 3324 3325 3480
f 3480 3325 3481
f 3325 3326 3481
f 3481 3326 3482
f 3326 3327 3482
f 3482 3327 3483
f 3327 3328 3483
f 3483 3328 3484
f 3328 3329 3484
f 3484 3329 3485
f 3329 3330 3485
f 3485 3330 3486
f 3330 3331 3486
f 3486 3331 3487
f 3331 3332 3487
f 3487 3332 3488
f 3332 3333 3488
f 3488 3333 3489
f 3333 3334 3489
f 3489 3334 3490
f 3334 3335 3490
f 3490 3335 3491
f 3335 3336 3491
f 3491 3336 3492
f 3336 3337 3492
f 3492 3337 3493
f 3337 3338 3493
f 3493 3338 3494
f 3338 3339 3494
f 3494 3339 3495
f 3339 3340 3495
f 3495 3340 3496
f 3340 3341 3496
f 3496 3341 3497
f 3341 3342 3497
f 3497 3342 3498
f 3342 3343 3498
f 3498 3343 3499
f 3343 3344 3499
f 3499 3344 3500
f 3344 3345 3500
f 3500 3345 3501
f 3345 3346 3501
f 3501 3346 3502
f 3346 3347 3502
f 3502 3347 3503
f 3347 3348 3503
f 3503 3348 3504
f 3348 3349 3504
f 3504 3349 3505
f 3349 3350 3505
f 3505 3350 3506
f 3350 3351 3506
f 3506 3351 3507
f 3351 3352 3507
f 3507 3352 3508
f 3352 3353 3508
f 3508 3353 3509
f 3353 3354 3509
f 3509 3354 3510
f 3354 3355 3510
f 3510 3355 3511
f 3355 3356 3511
f 3511 3356 3512
f 3356 3357 3512
f 3512 3357 3513
f 3357 3358 3513
f 3513 3358 3514
f 3358 3359 3514
f 3514 3359 3515
f 3359 3360 3515
f 3515 3360 3516
f 3360 3361 3516
f 3516 3361 3517
f 3361 3362 3517
f 3517 3362 3518
f 3362 3363 3518
f 3518 3363 3519
f 3363 3364 3519
f 3519 3364 3520
f 3364 3365 3520
f 3520 3365 3521
f 3365 3366 3521
f 3521 3366 3522
f 3366 3367 3522
f 3522 3367 3523
f 3367 3368 3523
f 3523 3368 3524
f 3368 3369 3524
f 3524 3369 3525
f 3369 3370 3525
f 3525 3370 3526
f 3370 3371 3526
f 3526 3371 3527
f 3371 3372 3527
f 3527 3372 3528
f 3372 3373 3528
f 3528 3373 3529
f 3373 3374 3529
f 3529 3374 3530
f 3374 3375 3530
f 3530 3375 3531
f 3375 3376 3531
f 3531 3376 3532
f 3376 3377 3532
f 3532 3377 3533
f 3377 3378 3533
f 3533 3378 3534
f 3378 3379 3534
f 3534 3379 3535
f 3379 3380 3535
f 3535 3380 3536
f 3380 3381 3536
f 3536 3381 3537
f 3381 3382 3537
f 3537 3382 3538
f 3382 3383 3538
f 3538 3383 3539
f 3383 3384 3539
f 3539 3384 3540
f 3384 3385 3540
f 3540 3385 3541
f 3385 3386 3541
f 3541 3386 3542
f 3386 3387 3542
f 3542 3387 3543
f 3387 3388 3543
f 3543 3388 3544
f 3388 3389 3544
f 3544 3389 3545
f 3389 3390 3545
f 3545 3390 3546
f 3390 3391 3546
f 3546 3391 3547
f 3391 3392 3547
f 3547 3392 3548
f 3392 3393 3548
f 3548 3393 3549
f 3393 3394 3549
f 3549 3394 3550
f 3394 3395 3550
f 3550 3395 3551
f 3395 3396 3551
f 3551 3396 3552
f 3396 3397 3552
f 3552 3397 3553
f 3397 3398 3553
f 3553 3398 3554
f 3398 3399 3554
f 3554 3399 3555
f 3399 3400 3555
f 3555 3400 3556
f 3400 3401 3556
f 3556 3401 3557
f 3401 3402 3557
f 3557 3402 3558
f 3402 3403 3558
f 3558 3403 3559
f 3403 3404 3559
f 3559 3404 3560
f 3404 3405 3560
f 3560 3405 3561
f 3405 3562 3561
f 3406 3562 3405
f 3562 3406 3407
f 3563 3562 3407
f 3407 3408 3563
f 3563 3408 3564
f 3408 3565 3564
f 3409 3565 3408
f 3565 3409 3410
f 3566 3565 3410
f 3410 3567 3566
f 3411 3567 3410
f 3412 3568 3411
f 3411 3568 3567
f 3568 3412 3413
f 3569 3568 3413
f 3414 3415 3570
f 3570 3415 3571
f 3417 3572 3573
f 3416 3572 3417
f 3571 3415 3417
f 3573 3571 3417
f 3416 3418 3572
f 3572 3418 3574
f 3418 3419 3574
f 3574 3419 3575
f 3419 3420 3575
f 3575 3420 3576
f 3420 3421 3576
f 3576 3421 3577
f 3421 3422 3577
f 3577 3422 3578
f 3422 3423 3578
f 3578 3423 3579
f 3423 3424 3579
f 3579 3424 3580
f 3424 3425 3580
f 3580 3425 3581
f 3425 3426 3581
f 3581 3426 3582
f 3426 3427 3582
f 3582 3427 3583
f 3427 3428 3583
f 3583 3428 3584
f 3428 3429 3584
f 3584 3429 3585
f 3429 3430 3585
f 3585 3430 3586
f 3430 3431 3586
f 3586 3431 3587
f 3431 3432 3587
f 3587 3432 3588
f 3432 3433 3588
f 3588 3433 3589
f 3433 3434 3589
f 3589 3434 3590
f 3434 3435 3590
f 3590 3435 3591
f 3435 3436 3591
f 3591 3436 3592
f 3436 3437 3592
f 3592 3437 3593
f 3437 3438 3593
f 3593 3438 3594
f 3438 3439 3594
f 3594 3439 3595
f 3439 3440 3595
f 3595 3440 3596
f 3440 3441 3596
f 3596 3441 3597
f 3441 3442 3597
f 3597 3442 3598
f 3442 3443 3598
f 3598 3443 3599
f 3443 3444 3599
f 3599 3444 3600
f 3444 3445 3600
f 3600 3445 3601
f 3445 3446 3601
f 3601 3446 3602
f 3446 3447 3602
f 3602 3447 3603
f 3447 3448 3603
f 3603 3448 3604
f 3448 3449 3604
f 3604 3449 3605
f 3449 3450 3605
f 3605 3450 3606
f 3450 3451 3606
f 3606 3451 3607
f 3451 3452 3607
f 3607 3452 3608
f 3452 3453 3608
f 3608 3453 3609
f 3453 3454 3609
f 3609 3454 3610
f 3454 3455 3610
f 3610 3455 3611
f 3455 3456 3611
f 3611 3456 3612
f 3456 3457 3612
f 3612 3457 3613
f 3457 3458 3613
f 3613 3458 3614
f 3458 3459 3614
f 3614 3459 3615
f 3459 3460 3615
f 3615 3460 3616
f 3460 3461 3616
f 3616 3461 3617
f 3461 3462 3617
f 3617 3462 3618
f 3462 3463 3618
f 3618 3463 3619
f 3463 3464 3619
f 3619 3464 3620
f 3464 3465 3620
f 3620 3465 3621
f 3465 3466 3621
f 3621 3466 3622
f 3466 3467 3622
f 3622 3467 3623
f 3467 3468 3623
f 3623 3468 3624
f 3468 3469 3624
f 3624 3469 3625
f 3469 3470 3625
f 3625 3470 3626
f 3470 3471 3626
f 3626 3471 3627
f 3471 3472 3627
f 3627 3472 3628
f 3472 3473 3628
f 3628 3473 3629
f 3473 3474 3629
f 3629 3474 3630
f 3474 3475 3630
f 3630 3475 3631
f 3475 3476 3631
f 3631 3476 3632
f 3476 3477 3632
f 3632 3477 3633
f 3477 3478 3633
f 3633 3478 3634
f 3478 3479 3634
f 3634 3479 3635
f 3479 3480 3635
f 3635 3480 3636
f 3480 3481 3636
f 3636 3481 3637
f 3481 3482 3637
f 3637 3482 3638
f 3482 3483 3638
f 3638 3483 3639
f 3483 3484 3639
f 3639 3484 3640
f 3484 3485 3640
f 3640 3485 3641
f 3485 3486 3641
f 3641 3486 3642
f 3486 3487 3642
f 3642 3487 3643
f 3487 3488 3643
f 3643 3488 3644
f 3488 3489 3644
f 3644 3489 3645
f 3489 3490 3645
f 3645 3490 3646
f 3490 3491 3646
f 3646 3491 3647
f 3491 3492 3647
f 3647 3492 3648
f 3492 3493 3648
f 3648 3493 3649
f 3493 3494 3649
f 3649 3494 3650
f 3494 3495 3650
f 3650 3495 3651
f 3495 3496 3651
f 3651 3496 3652
f 3496 3497 3652
f 3652 3497 3653
f 3497 3498 3653
f 3653 3498 3654
f 3498 3499 3654
f 3654 3499 3655
f 3499 3500 3655
f 3655 3500 3656
f 3500 3501 3656
f 3656 3501 3657
f 3501 3502 3657
f 3657 3502 3658
f 3502 3503 3658
f 3658 3503 3659
f 3503 3504 3659
f 3659 3504 3660
f 3504 3505 3660
f 3660 3505 3661
f 3505 3506 3661
f 3661 3506 3662
f 3506 3507 3662
f 3662 3507 3663
f 3507 3508 3663
f 3663 3508 3664
f 3508 3509 3664
f 3664 3509 3665
f 3509 3510 3665
f 3665 3510 3666
f 3510 3511 3666
f 3666 3511 3667
f 3511 3512 3667
f 3667 3512 3668
f 3512 3513 3668
f 3668 3513 3669
f 3513 3514 3669
f 3669 3514 3670
f 3514 3515 3670
f 3670 3515 3671
f 3515 3516 3671
f 3671 3516 3672
f 3516 3517 3672
f 3672 3517 3673
f 3517 3518 3673
f 3673 3518 3674
f 3518 3519 3674
f 3674 3519 3675
f 3519 3520 3675
f 3675 3520 3676
f 3520 3521 3676
f 3676 3521 3677
f 3521 3522 3677
f 3677 3522 3678
f 3522 3523 3678
f 3678 3523 3679
f 3523 3524 3679
f 3679 3524 3680
f 3524 3525 3680
f 3680 3525 3681
f 3525 3526 3681
f 3681 3526 3682
f 3526 3527 3682
f 3682 3527 3683
f 3527 3528 3683
f 3683 3528 3684
f 3528 3529 3684
f 3684 3529 3685
f 3529 3530 3685
f 3685 3530 3686
f 3530 3531 3686
f 3686 3531 3687
f 3531 3532 3687
f 3687 3532 3688
f 3532 3533 3688
f 3688 3533 3689
f 3533 3534 3689
f 3689 3534 3690
f 3534 3535 3690
f 3690 3535 3691
f 3535 3536 3691
f 3691 3536 3692
f 3536 3537 3692
f 3692 3537 3693
f 3537 3538 3693
f 3693 3538 3694
f 3538 3539 3694
f 3694 3539 3695
f 3539 3540 3695
f 3695 3540 3696
f 3540 3541 3696
f 3696 3541 3697
f 3541 3542 3697
f 3697 3542 3698
f 3542 3543 3698
f 3698 3543 3699
f 3543 3544 3699
f 3699 3544 3700
f 3544 3545 3700
f 3700 3545 3701
f 3545 3546 3701
f 3701 3546 3702
f 3546 3547 3702
f 3702 3547 3703
f 3547 3548 3703
f 3703 3548 3704
f 3548 3549 3704
f 3704 3549 3705
f 3549 3550 3705
f 3705 3550 3706
f 3550 3551 3706
f 3706 3551 3707
f 3551 3552 3707
f 3707 3552 3708
f 3552 3553 3708
f 3708 3553 3709
f 3553 3554 3709
f 3709 3554 3710
f 3554 3555 3710
f 3710 3555 3711
f 3555 3556 3711
f 3711 3556 3712
f 3556 3557 3712
f 3712 3557 3713
f 3557 3558 3713
f 3713 3558 3714
f 3558 3559 3714
f 3714 3559 3715
f 3559 3560 3715
f 3715 3560 3716
f 3560 3561 3716
f 3716 3561 3717
f 3561 3718 3717
f 3562 3718 3561
f 3718 3562 3563
f 3719 3718 3563
f 3563 3564 3719
f 3719 3564 3720
f 3564 3721 3720
f 3565 3721 3564
f 3721 3565 3566
f 3722 3721 3566
f 3566 3723 3722
f 3567 3723 3566
f 3568 3724 3567
f 3567 3724 3723
f 3724 3568 3569
f 3725 3724 3569
f 3570 3571 3726
f 3726 3571 3727
f 3573 3728 3729
f 3572 3728 3573
f 3727 3571 3573
f 3729 3727 3573
f 3572 3574 3728
f 3728 3574 3730
f 3574 3575 3730
f 3730 3575 3731
f 3575 3576 3731
f 3731 3576 3732
f 3576 3577 3732
f 3732 3577 3733
f 3577 3578 3733
f 3733 3578 3734
f 3578 3579 3734
f 3734 3579 3735
f 3579 3580 3735
f 3735 3580 3736
f 3580 3581 3736
f 3736 3581 3737
f 3581 3582 3737
f 3737 3582 3738
f 3582 3583 3738
f 3738 3583 3739
f 3583 3584 3739
f 3739 3584 3740
f 3584 3585 3740
f 3740 3585 3741
f 3585 3586 3741
f 3741 3586 3742
f 3586 3587 3742
f 3742 3587 3743
f 3587 3588 3743
f 3743 3588 3744
f 3588 3589 3744
f 3744 3589 3745
f 3589 3590 3745
f 3745 3590 3746
f 3590 3591 3746
f 3746 3591 3747
f 3591 3592 3747
f 3747 3592 3748
f 3592 3593 3748
f 3748 3593 3749
f 3593 3594 3749
f 3749 3594 3750
f 3594 3595 3750
f 3750 3595 3751
f 3595 3596 3751
f 3751 3596 3752
f 3596 3597 3752
f 3752 3597 3753
f 3597 3598 3753
f 3753 3598 3754
f 3598 3599 3754
f 3754 3599 3755
f 3599 3600 3755
f 3755 3600 3756
f 3600 3601 3756
f 3756 3601 3757
f 3601 3602 3757
f 3757 3602 3758
f 3602 3603 3758
f 3758 3603 3759
f 3603 3604 3759
f 3759 3604 3760
f 3604 3605 3760
f 3760 3605 3761
f 3605 3606 3761
f 3761 3606 3762
f 3606 3607 3762
f 3762 3607 3763
f 3607 3608 3763
f 3763 3608 3764
f 3608 3609 3764
f 3764 3609 3765
f 3609 3610 3765
f 3765 3610 3766
f 3610 3611 3766
f 3766 3611 3767
f 3611 3612 3767
f 3767 3612 3768
f 3612 3613 3768
f 3768 3613 3769
f 3613 3614 3769
f 3769 3614 3770
f 3614 3615 3770
f 3770 3615 3771
f 3615 3616 3771
f 3771 3616 3772
f 3616 3617 3772
f 3772 3617 3773
f 3617 3618 3773
f 3773 3618 3774
f 3618 3619 3774
f 3774 3619 3775
f 3619 3620 3775
f 3775 3620 3776
f 3620 3621 3776
f 3776 3621 3777
f 3621 3622 3777
f 3777 3622 3778
f 3622 3623 3778
f 3778 3623 3779
f 3623 3624 3779
f 3779 3624 3780
f 3624 3625 3780
f 3780 3625 3781
f 3625 3626 3781
f 3781 3626 3782
f 3626 3627 3782
f 3782 3627 3783
f 3627 3628 3783
f 3783 3628 3784
f 3628 3629 3784
f 3784 3629 3785
f 3629 3630 3785
f 3785 3630 3786
f 3630 3631 3786
f 3786 3631 3787
f 3631 3632 3787
f 3787 3632 3788
f 3632 3633 3788
f 3788 3633 3789
f 3633 3634 3789
f 3789 3634 3790
f 3634 3635 3790
f 3790 3635 3791
f 3635 3636 3791
f 3791 3636 3792
f 3636 3637 3792
f 3792 3637 3793
f 3637 3638 3793
f 3793 3638 3794
f 3638 3639 3794
f 3794 3639 3795
f 3639 3640 3795
f 3795 3640 3796
f 3640 3641 3796
f 3796 3641 3797
f 3641 3642 3797
f 3797 3642 3798
f 3642 3643 3798
f 3798 3643 3799
f 3643 3644 3799
f 3799 3644 3800
f 3644 3645 3800
f 3800 3645 3801
f 3645 3646 3801
f 3801 3646 3802
f 3646 3647 3802
f 3802 3647 3803
f 3647 3648 3803
f 3803 3648 3804
f 3648 3649 3804
f 3804 3649 3805
f 3649 3650 3805
f 3805 3650 3806
f 3650 3651 3806
f 3806 3651 3807
f 3651 3652 3807
f 3807 3652 3808
f 3652 3653 3808
f 3808 3653 3809
f 3653 3654 3809
f 3809 3654 3810
f 3654 3655 3810
f 3810 3655 3811
f 3655 3656 3811
f 3811 3656 3812
f 3656 3657 3812
f 3812 3657 3813
f 3657 3658 3813
f 3813 3658 3814
f 3658 3659 3814
f 3814 3659 3815
f 3659 3660 3815
f 3815 3660 3816
f 3660 3661 3816
f 3816 3661 3817
f 3661 3662 3817
f 3817 3662 3818
f 3662 3663 3818
f 3818 3663 3819
f 3663 3664 3819
f 3819 3664 3820
f 3664 3665 3820
f 3820 3665 3821
f 3665 3666 3821
f 3821 3666 3822
f 3666 3667 3822
f 3822 3667 3823
f 3667 3668 3823
f 3823 3668 3824
f 3668 3669 3824
f 3824 3669 3825
f 3669 3670 3825
f 3825 3670 3826
f 3670 3671 3826
f 3826 3671 3827
f 3671 3672 3827
f 3827 3672 3828
f 3672 3673 3828
f 3828 3673 3829
f 3673 3674 3829
f 3829 3674 3830
f 3674 3675 3830
f 3830 3675 3831
f 3675 3676 3831
f 3831 3676 3832
f 3676 3677 3832
f 3832 3677 3833
f 3677 3678 3833
f 3833 3678 3834
f 3678 3679 3834
f 3834 3679 3835
f 3679 3680 3835
f 3835 3680 3836
f 3680 3681 3836
f 3836 3681 3837
f 3681 3682 3837
f 3837 3682 3838
f 3682 3683 3838
f 3838 3683 3839
f 3683 3684 3839
f 3839 3684 3840
f 3684 3685 3840
f 3840 3685 3841
f 3685 3686 3841
f 3841 3686 3842
f 3686 3687 3842
f 3842 3687 3843
f 3687 3688 3843
f 3843 3688 3844
f 3688 3689 3844
f 3844 3689 3845
f 3689 3690 3845
f 3845 3690 3846
f 3690 3691 3846
f 3846 3691 3847
f 3691 3692 3847
f 3847 3692 3848
f 3692 3693 3848
f 3848 3693 3849
f 3693 3694 3849
f 3849 3694 3850
f 3694 3695 3850
f 3850 3695 3851
f 3695 3696 3851
f 3851 3696 3852
f 3696 3697 3852
f 3852 3697 3853
f 3697 3698 3853
f 3853 3698 3854
f 3698 3699 3854
f 3854 3699 3855
f 3699 3700 3855
f 3855 3700 3856
f 3700 3701 3856
f 3856 3701 3857
f 3701 3702 3857
f 3857 3702 3858
f 3702 3703 3858
f 3858 3703 3859
f 3703 3704 3859
f 3859 3704 3860
f 3704 3705 3860
f 3860 3705 3861
f 3705 3706 3861
f 3861 3706 3862
f 3706 3707 3862
f 3862 3707 3863
f 3707 3708 3863
f 3863 3708 3864
f 3708 3709 3864
f 3864 3709 3865
f 3709 3710 3865
f 3865 3710 3866
f 3710 3711 3866
f 3866 3711 3867
f 3711 3712 3867
f 3867 3712 3868
f 3712 3713 3868
f 3868 3713 3869
f 3713 3714 3869
f 3869 3714 3870
f 3714 3715 3870
f 3870 3715 3871
f 3715 3716 3871
f 3871 3716 3872
f 3716 3717 3872
f 3872 3717 3873
f 3717 3874 3873
f 3718 3874 3717
f 3874 3718 3719
f 3875 3874 3719
f 3719 3720 3875
f 3875 3720 3876
f 3720 3877 3876
f 3721 3877 3720
f 3877 3721 3722
f 3878 3877 3722
f 3722 3879 3878
f 3723 3879 3722
f 3724 3880 3723
f 3723 3880 3879
f 3880 3724 3725
f 3881 3880 3725
f 3726 3727 3882
f 3882 3727 3883
f 3729 3728 3884
f 3729 3884 3885
f 3729 3885 3727
f 3727 3885 3883
f 3884 3886 3887
f 3884 3728 3886
f 3728 3730 3886
f 3885 3884 3887
f 3730 3731 3886
f 3886 3731 3888
f 3731 3732 3888
f 3888 3732 3889
f 3732 3733 3889
f 3889 3733 3890
f 3733 3734 3890
f 3890 3734 3891
f 3734 3735 3891
f 3891 3735 3892
f 3735 3736 3892
f 3892 3736 3893
f 3736 3737 3893
f 3893 3737 3894
f 3737 3738 3894
f 3894 3738 3895
f 3738 3739 3895
f 3895 3739 3896
f 3739 3740 3896
f 3896 3740 3897
f 3740 3741 3897
f 3897 3741 3898
f 3741 3742 3898
f 3898 3742 3899
f 3742 3743 3899
f 3899 3743 3900
f 3743 3744 3900
f 3900 3744 3901
f 3744 3745 3901
f 3901 3745 3902
f 3745 3746 3902
f 3902 3746 3903
f 3746 3747 3903
f 3903 3747 3904
f 3747 3748 3904
f 3904 3748 3905
f 3748 3749 3905
f 3905 3749 3906
f 3749 3750 3906
f 3906 3750 3907
f 3750 3751 3907
f 3907 3751 3908
f 3751 3752 3908
f 3908 3752 3909
f 3752 3753 3909
f 3909 3753 3910
f 3753 3754 3910
f 3910 3754 3911
f 3754 3755 3911
f 3911 3755 3912
f 3755 3756 3912
f 3912 3756 3913
f 3756 3757 3913
f 3913 3757 3914
f 3757 3758 3914
f 3914 3758 3915
f 3758 3759 3915
f 3915 3759 3916
f 3759 3760 3916
f 3916 3760 3917
f 3760 3761 3917
f 3917 3761 3918
f 3761 3762 3918
f 3918 3762 3919
f 3762 3763 3919
f 3919 3763 3920
f 3763 3764 3920
f 3920 3764 3921
f 3764 3765 3921
f 3921 3765 3922
f 3765 3766 3922
f 3922 3766 3923
f 3766 3767 3923
f 3923 3767 3924
f 3767 3768 3924
f 3924 3768 3925
f 3768 3769 3925
f 3925 3769 3926
f 3769 3770 3926
f 3926 3770 3927
f 3770 3771 3927
f 3927 3771 3928
f 3771 3772 3928
f 3928 3772 3929
f 3772 3773 3929
f 3929 3773 3930
f 3773 3774 3930
f 3930 3774 3931
f 3774 3775 3931
f 3931 3775 3932
f 3775 3776 3932
f 3932 3776 3933
f 3776 3777 3933
f 3933 3777 3934
f 3777 3778 3934
f 3934 3778 3935
f 3778 3779 3935
f 3935 3779 3936
f 3779 3780 3936
f 3936 3780 3937
f 3780 3781 3937
f 3937 3781 3938
f 3781 3782 3938
f 3938 3782 3939
f 3782 3783 3939
f 3939 3783 3940
f 3783 3784 3940
f 3940 3784 3941
f 3784 3785 3941
f 3941 3785 3942
f 3785 3786 3942
f 3942 3786 3943
f 3786 3787 3943
f 3943 3787 3944
f 3787 3788 3944
f 3944 3788 3945
f 3788 3789 3945
f 3945 3789 3946
f 3789 3790 3946
f 3946 3790 3947
f 3790 3791 3947
f 3947 3791 3948
f 3791 3792 3948
f 3948 3792 3949
f 3792 3793 3949
f 3949 3793 3950
f 3793 3794 3950
f 3950 3794 3951
f 3794 3795 3951
f 3951 3795 3952
f 3795 3796 3952
f 3952 3796 3953
f 3796 3797 3953
f 3953 3797 3954
f 3797 3798 3954
f 3954 3798 3955
f 3798 3799 3955
f 3955 3799 3956
f 3799 3800 3956
f 3956 3800 3957
f 3800 3801 3957
f 3957 3801 3958
f 3801 3802 3958
f 3958 3802 3959
f 3802 3803 3959
f 3959 3803 3960
f 3803 3804 3960
f 3960 3804 3961
f 3804 3805 3961
f 3961 3805 3962
f 3805 3806 3962
f 3962 3806 3963
f 3806 3807 3963
f 3963 3807 3964
f 3807 3808 3964
f 3964 3808 3965
f 3808 3809 3965
f 3965 3809 3966
f 3809 3810 3966
f 3966 3810 3967
f 3810 3811 3967
f 3967 3811 3968
f 3811 3812 3968
f 3968 3812 3969
f 3812 3813 3969
f 3969 3813 3970
f 3813 3814 3970
f 3970 3814 3971
f 3814 3815 3971
f 3971 3815 3972
f 3815 3816 3972
f 3972 3816 3973
f 3816 3817 3973
f 3973 3817 3974
f 3817 3818 3974
f 3974 3818 3975
f 3818 3819 3975
f 3975 3819 3976
f 3819 3820 3976
f 3976 3820 3977
f 3820 3821 3977
f 3977 3821 3978
f 3821 3822 3978
f 3978 3822 3979
f 3822 3823 3979
f 3979 3823 3980
f 3823 3824 3980
f 3980 3824 3981
f 3824 3825 3981
f 3981 3825 3982
f 3825 3826 3982
f 3982 3826 3983
f 3826 3827 3983
f 3983 3827 3984
f 3827 3828 3984
f 3984 3828 3985
f 3828 3829 3985
f 3985 3829 3986
f 3829 3830 3986
f 3986 3830 3987
f 3830 3831 3987
f 3987 3831 3988
f 3831 3832 3988
f 3988 3832 3989
f 3832 3833 3989
f 3989 3833 3990
f 3833 3834 3990
f 3990 3834 3991
f 3834 3835 3991
f 3991 3835 3992
f 3835 3836 3992
f 3992 3836 3993
f 3836 3837 3993
f 3993 3837 3994
f 3837 3838 3994
f 3994 3838 3995
f 3838 3839 3995
f 3995 3839 3996
f 3839 3840 3996
f 3996 3840 3997
f 3840 3841 3997
f 3997 3841 3998
f 3841 3842 3998
f 3998 3842 3999
f 3842 3843 3999
f 3999 3843 4000
f 3843 3844 4000
f 4000 3844 4001
f 3844 3845 4001
f 4001 3845 4002
f 3845 3846 4002
f 4002 3846 4003
f 3846 3847 4003
f 4003 3847 4004
f 3847 3848 4004
f 4004 3848 4005
f 3848 3849 4005
f 4005 3849 4006
f 3849 3850 4006
f 4006 3850 4007
f 3850 3851 4007
f 4007 3851 4008
f 3851 3852 4008
f 4008 3852 4009
f 3852 3853 4009
f 4009 3853 4010
f 3853 3854 4010
f 4010 3854 4011
f 3854 3855 4011
f 4011 3855 4012
f 3855 3856 4012
f 4012 3856 4013
f 3856 3857 4013
f 4013 3857 4014
f 3857 3858 4014
f 4014 3858 4015
f 3858 3859 4015
f 4015 3859 4016
f 3859 3860 4016
f 4016 3860 4017
f 3860 3861 4017
f 4017 3861 4018
f 3861 3862 4018
f 4018 3862 4019
f 3862 3863 4019
f 4019 3863 4020
f 3863 3864 4020
f 4020 3864 4021
f 3864 3865 4021
f 4021 3865 4022
f 3865 3866 4022
f 4022 3866 4023
f 3866 3867 4023
f 4023 3867 4024
f 3867 3868 4024
f 4024 3868 4025
f 3868 3869 4025
f 4025 3869 4026
f 3869 3870 4026
f 4026 3870 4027
f 3870 3871 4027
f 4027 3871 4028
f 3871 3872 4028
f 4028 3872 4029
f 3872 3873 4029
f 4029 3873 4030
f 3873 4031 4030
f 3874 4031 3873
f 4031 3874 3875
f 4032 4031 3875
f 3875 3876 4032
f 4032 3876 4033
f 3876 4034 4033
f 3877 4034 3876
f 4034 3877 3878
f 4035 4034 3878
f 3878 4036 4035
f 3879 4036 3878
f 3880 4037 3879
f 3879 4037 4036
f 4037 3880 3881
f 4038 4037 3881
f 3882 3883 4039
f 4039 3883 4040
f 3883 3885 4040
f 4040 3885 4041
f 3887 4042 4043
f 3886 4042 3887
f 4041 3885 3887
f 4043 4041 3887
f 3886 3888 4042
f 4042 3888 4044
f 3888 3889 4044
f 4044 3889 4045
f 3889 3890 4045
f 4045 3890 4046
f 3890 3891 4046
f 4046 3891 4047
f 3891 3892 4047
f 4047 3892 4048
f 3892 3893 4048
f 4048 3893 4049
f 3893 3894 4049
f 4049 3894 4050
f 3894 3895 4050
f 4050 3895 4051
f 3895 3896 4051
f 4051 3896 4052
f 3896 3897 4052
f 4052 3897 4053
f 3897 3898 4053
f 4053 3898 4054
f 3898 3899 4054
f 4054 3899 4055
f 3899 3900 4055
f 4055 3900 4056
f 3900 3901 4056
f 4056 3901 4057
f 3901 3902 4057
f 4057 3902 4058
f 3902 3903 4058
f 4058 3903 4059
f 3903 3904 4059
f 4059 3904 4060
f 3904 3905 4060
f 4060 3905 4061
f 3905 3906 4061
f 4061 3906 4062
f 3906 3907 4062
f 4062 3907 4063
f 3907 3908 4063
f 4063 3908 4064
f 3908 3909 4064
f 4064 3909 4065
f 3909 3910 4065
f 4065 3910 4066
f 3910 3911 4066
f 4066 3911 4067
f 3911 3912 4067
f 4067 3912 4068
f 3912 3913 4068
f 4068 3913 4069
f 3913 3914 4069
f 4069 3914 4070
f 3914 3915 4070
f 4070 3915 4071
f 3915 3916 4071
f 4071 3916 4072
f 3916 3917 4072
f 4072 3917 4073
f 3917 3918 4073
f 4073 3918 4074
f 3918 3919 4074
f 4074 3919 4075
f 3919 3920 4075
f 4075 3920 4076
f 3920 3921 4076
f 4076 3921 4077
f 3921 3922 4077
f 4077 3922 4078
f 3922 3923 4078
f 4078 3923 4079
f 3923 3924 4079
f 4079 3924 4080
f 3924 3925 4080
f 4080 3925 4081
f 3925 3926 4081
f 4081 3926 4082
f 3926 3927 4082
f 4082 3927 4083
f 3927 3928 4083
f 4083 3928 4084
f 3928 3929 4084
f 4084 3929 4085
f 3929 3930 4085
f 4085 3930 4086
f 3930 3931 4086
f 4086 3931 4087
f 3931 3932 4087
f 4087 3932 4088
f 3932 3933 4088
f 4088 3933 4089
f 3933 3934 4089
f 4089 3934 4090
f 3934 3935 4090
f 4090 3935 4091
f 3935 3936 4091
f 4091 3936 4092
f 3936 3937 4092
f 4092 3937 4093
f 3937 3938 4093
f 4093 3938 4094
f 3938 3939 4094
f 4094 3939 4095
f 3939 3940 4095
f 4095 3940 4096
f 3940 3941 4096
f 4096 3941 4097
f 3941 3942 4097
f 4097 3942 4098
f 3942 3943 4098
f 4098 3943 4099
f 3943 3944 4099
f 4099 3944 4100
f 3944 3945 4100
f 4100 3945 4101
f 3945 3946 4101
f 4101 3946 4102
f 3946 3947 4102
f 4102 3947 4103
f 3947 3948 4103
f 4103 3948 4104
f 3948 3949 4104
f 4104 3949 4105
f 3949 3950 4105
f 4105 3950 4106
f 3950 3951 4106
f 4106 3951 4107
f 3951 3952 4107
f 4107 3952 4108
f 3952 3953 4108
f 4108 3953 4109
f 3953 3954 4109
f 4109 3954 4110
f 3954 3955 4110
f 4110 3955 4111
f 3955 3956 4111
f 4111 3956 4112
f 3956 3957 4112
f 4112 3957 4113
f 3957 3958 4113
f 4113 3958 4114
f 3958 3959 4114
f 4114 3959 4115
f 3959 3960 4115
f 4115 3960 4116
f 3960 3961 4116
f 4116 3961 4117
f 3961 3962 4117
f 4117 3962 4118
f 3962 3963 4118
f 4118 3963 4119
f 3963 3964 4119
f 4119 3964 4120
f 3964 3965 4120
f 4120 3965 4121
f 3965 3966 4121
f 4121 3966 4122
f 3966 3967 4122
f 4122 3967 4123
f 3967 3968 4123
f 4123 3968 4124
f 3968 3969 4124
f 4124 3969 4125
f 3969 3970 4125
f 4125 3970 4126
f 3970 3971 4126
f 4126 3971 4127
f 3971 3972 4127
f 4127 3972 4128
f 3972 3973 4128
f 4128 3973 4129
f 3973 3974 4129
f 4129 3974 4130
f 3974 3975 4130
f 4130 3975 4131
f 3975 3976 4131
f 4131 3976 4132
f 3976 3977 4132
f 4132 3977 4133
f 3977 3978 4133
f 4133 3978 4134
f 3978 3979 4134
f 4134 3979 4135
f 3979 3980 4135
f 4135 3980 4136
f 3980 3981 4136
f 4136 3981 4137
f 3981 3982 4137
f 4137 3982 4138
f 3982 3983 4138
f 4138 3983 4139
f 3983 3984 4139
f 4139 3984 4140
f 3984 3985 4140
f 4140 3985 4141
f 3985 3986 4141
f 4141 3986 4142
f 3986 3987 4142
f 4142 3987 4143
f 3987 3988 4143
f 4143 3988 4144
f 3988 3989 4144
f 4144 3989 4145
f 3989 3990 4145
f 4145 3990 4146
f 3990 3991 4146
f 4146 3991 4147
f 3991 3992 4147
f 4147 3992 4148
f 3992 3993 4148
f 4148 3993 4149
f 3993 3994 4149
f 4149 3994 4150
f 3994 3995 4150
f 4150 3995 4151
f 3995 3996 4151
f 4151 3996 4152
f 3996 3997 4152
f 4152 3997 4153
f 3997 3998 4153
f 4153 3998 4154
f 3998 3999 4154
f 4154 3999 4155
f 3999 4000 4155
f 4155 4000 4156
f 4000 4001 4156
f 4156 4001 4157
f 4001 4002 4157
f 4157 4002 4158
f 4002 4003 4158
f 4158 4003 4159
f 4003 4004 4159
f 4159 4004 4160
f 4004 4005 4160
f 4160 4005 4161
f 4005 4006 4161
f 4161 4006 4162
f 4006 4007 4162
f 4162 4007 4163
f 4007 4008 4163
f 4163 4008 4164
f 4008 4009 4164
f 4164 4009 4165
f 4009 4010 4165
f 4165 4010 4166
f 4010 4011 4166
f 4166 4011 4167
f 4011 4012 4167
f 4167 4012 4168
f 4012 4013 4168
f 4168 4013 4169
f 4013 4014 4169
f 4169 4014 4170
f 4014 4015 4170
f 4170 4015 4171
f 4015 4016 4171
f 4171 4016 4172
f 4016 4017 4172
f 4172 4017 4173
f 4017 4018 4173
f 4173 4018 4174
f 4018 4019 4174
f 4174 4019 4175
f 4019 4020 4175
f 4175 4020 4176
f 4020 4021 4176
f 4176 4021 4177
f 4021 4022 4177
f 4177 4022 4178
f 4022 4023 4178
f 4178 4023 4179
f 4023 4024 4179
f 4179 4024 4180
f 4024 4025 4180
f 4180 4025 4181
f 4025 4026 4181
f 4181 4026 4182
f 4026 4027 4182
f 4182 4027 4183
f 4027 4028 4183
f 4183 4028 4184
f 4028 4029 4184
f 4184 4029 4185
f 4029 4030 4185
f 4185 4030 4186
f 4030 4187 4186
f 4031 4187 4030
f 4187 4031 4032
f 4188 4187 4032
f 4032 4033 4188
f 4188 4033 4189
f 4033 4190 4189
f 4034 4190 4033
f 4190 4034 4035
f 4191 4190 4035
f 4035 4192 4191
f 4036 4192 4035
f 4037 4193 4036
f 4036 4193 4192
f 4193 4037 4038
f 4194 4193 4038
f 4039 4040 4195
f 4195 4040 4196
f 4040 4041 4196
f 4196 4041 4197
f 4043 4198 4199
f 4042 4198 4043
f 4197 4041 4043
f 4199 4197 4043
f 4042 4044 4198
f 4198 4044 4200
f 4044 4045 4200
f 4200 4045 4201
f 4045 4046 4201
f 4201 4046 4202
f 4046 4047 4202
f 4202 4047 4203
f 4047 4048 4203
f 4203 4048 4204
f 4048 4049 4204
f 4204 4049 4205
f 4049 4050 4205
f 4205 4050 4206
f 4050 4051 4206
f 4206 4051 4207
f 4051 4052 4207
f 4207 4052 4208
f 4052 4053 4208
f 4208 4053 4209
f 4053 4054 4209
f 4209 4054 4210
f 4054 4055 4210
f 4210 4055 4211
f 4055 4056 4211
f 4211 4056 4212
f 4056 4057 4212
f 4212 4057 4213
f 4057 4058 4213
f 4213 4058 4214
f 4058 4059 4214
f 4214 4059 4215
f 4059 4060 4215
f 4215 4060 4216
f 4060 4061 4216
f 4216 4061 4217
f 4061 4062 4217
f 4217 4062 4218
f 4062 4063 4218
f 4218 4063 4219
f 4063 4064 4219
f 4219 4064 4220
f 4064 4065 4220
f 4220 4065 4221
f 4065 4066 4221
f 4221 4066 4222
f 4066 4067 4222
f 4222 4067 4223
f 4067 4068 4223
f 4223 4068 4224
f 4068 4069 4224
f 4224 4069 4225
f 4069 4070 4225
f 4225 4070 4226
f 4070 4071 4226
f 4226 4071 4227
f 4071 4072 4227
f 4227 4072 4228
f 4072 4073 4228
f 4228 4073 4229
f 4073 4074 4229
f 4229 4074 4230
f 4074 4075 4230
f 4230 4075 4231
f 4075 4076 4231
f 4231 4076 4232
f 4076 4077 4232
f 4232 4077 4233
f 4077 4078 4233
f 4233 4078 4234
f 4078 4079 4234
f 4234 4079 4235
f 4079 4080 4235
f 4235 4080 4236
f 4080 4081 4236
f 4236 4081 4237
f 4081 4082 4237
f 4237 4082 4238
f 4082 4083 4238
f 4238 4083 4239
f 4083 4084 4239
f 4239 4084 4240
f 4084 4085 4240
f 4240 4085 4241
f 4085 4086 4241
f 4241 4086 4242
f 4086 4087 4242
f 4242 4087 4243
f 4087 4088 4243
f 4243 4088 4244
f 4088 4089 4244
f 4244 4089 4245
f 4089 4090 4245
f 4245 4090 4246
f 4090 4091 4246
f 4246 4091 4247
f 4091 4092 4247
f 4247 4092 4248
f 4092 4093 4248
f 4248 4093 4249
f 4093 4094 4249
f 4249 4094 4250
f 4094 4095 4250
f 4250 4095 4251
f 4095 4096 4251
f 4251 4096 4252
f 4096 4097 4252
f 4252 4097 4253
f 4097 4098 4253
f 4253 4098 4254
f 4098 4099 4254
f 4254 4099 4255
f 4099 4100 4255
f 4255 4100 4256
f 4100 4101 4256
f 4256 4101 4257
f 4101 4102 4257
f 4257 4102 4258
f 4102 4103 4258
f 4258 4103 4259
f 4103 4104 4259
f 4259 4104 4260
f 4104 4105 4260
f 4260 4105 4261
f 4105 4106 4261
f 4261 4106 4262
f 4106 4107 4262
f 4262 4107 4263
f 4107 4108 4263
f 4263 4108 4264
f 4108 4109 4264
f 4264 4109 4265
f 4109 4110 4265
f 4265 4110 4266
f 4110 4111 4266
f 4266 4111 4267
f 4111 4112 4267
f 4267 4112 4268
f 4112 4113 4268
f 4268 4113 4269
f 4113 4114 4269
f 4269 4114 4270
f 4114 4115 4270
f 4270 4115 4271
f 4115 4116 4271
f 4271 4116 4272
f 4116 4117 4272
f 4272 4117 4273
f 4117 4118 4273
f 4273 4118 4274
f 4118 4119 4274
f 4274 4119 4275
f 4119 4120 4275
f 4275 4120 4276
f 4120 4121 4276
f 4276 4121 4277
f 4121 4122 4277
f 4277 4122 4278
f 4122 4123 4278
f 4278 4123 4279
f 4123 4124 4279
f 4279 4124 4280
f 4124 4125 4280
f 4280 4125 4281
f 4125 4126 4281
f 4281 4126 4282
f 4126 4127 4282
f 4282 4127 4283
f 4127 4128 4283
f 4283 4128 4284
f 4128 4129 4284
f 4284 4129 4285
f 4129 4130 4285
f 4285 4130 4286
f 4130 4131 4286
f 4286 4131 4287
f 4131 4132 4287
f 4287 4132 4288
f 4132 4133 4288
f 4288 4133 4289
f 4133 4134 4289
f 4289 4134 4290
f 4134 4135 4290
f 4290 4135 4291
f 4135 4136 4291
f 4291 4136 4292
f 4136 4137 4292
f 4292 4137 4293
f 4137 4138 4293
f 4293 4138 4294
f 4138 4139 4294
f 4294 4139 4295
f 4139 4140 4295
f 4295 4140 4296
f 4140 4141 4296
f 4296 4141 4297
f 4141 4142 4297
f 4297 4142 4298
f 4142 4143 4298
f 4298 4143 4299
f 4143 4144 4299
f 4299 4144 4300
f 4144 4145 4300
f 4300 4145 4301
f 4145 4146 4301
f 4301 4146 4302
f 4146 4147 4302
f 4302 4147 4303
f 4147 4148 4303
f 4303 4148 4304
f 4148 4149 4304
f 4304 4149 4305
f 4149 4150 4305
f 4305 4150 4306
f 4150 4151 4306
f 4306 4151 4307
f 4151 4152 4307
f 4307 4152 4308
f 4152 4153 4308
f 4308 4153 4309
f 4153 4154 4309
f 4309 4154 4310
f 4154 4155 4310
f 4310 4155 4311
f 4155 4156 4311
f 4311 4156 4312
f 4156 4157 4312
f 4312 4157 4313
f 4157 4158 4313
f 4313 4158 4314
f 4158 4159 4314
f 4314 4159 4315
f 4159 4160 4315
f 4315 4160 4316
f 4160 4161 4316
f 4316 4161 4317
f 4161 4162 4317
f 4317 4162 4318
f 4162 4163 4318
f 4318 4163 4319
f 4163 4164 4319
f 4319 4164 4320
f 4164 4165 4320
f 4320 4165 4321
f 4165 4166 4321
f 4321 4166 4322
f 4166 4167 4322
f 4322 4167 4323
f 4167 4168 4323
f 4323 4168 4324
f 4168 4169 4324
f 4324 4169 4325
f 4169 4170 4325
f 4325 4170 4326
f 4170 4171 4326
f 4326 4171 4327
f 4171 4172 4327
f 4327 4172 4328
f 4172 4173 4328
f 4328 4173 4329
f 4173 4174 4329
f 4329 4174 4330
f 4174 4175 4330
f 4330 4175 4331
f 4175 4176 4331
f 4331 4176 4332
f 4176 4177 4332
f 4332 4177 4333
f 4177 4178 4333
f 4333 4178 4334
f 4178 4179 4334
f 4334 4179 4335
f 4179 4180 4335
f 4335 4180 4336
f 4180 4181 4336
f 4336 4181 4337
f 4181 4182 4337
f 4337 4182 4338
f 4182 4183 4338
f 4338 4183 4339
f 4183 4184 4339
f 4339 4184 4340
f 4184 4185 4340
f 4340 4185 4341
f 4185 4186 4341
f 4341 4186 4342
f 4186 4343 4342
f 4187 4343 4186
f 4343 4187 4188
f 4344 4343 4188
f 4188 4189 4344
f 4344 4189 4345
f 4189 4346 4345
f 4190 4346 4189
f 4346 4190 4191
f 4347 4346 4191
f 4191 4348 4347
f 4192 4348 4191
f 4193 4349 4192
f 4192 4349 4348
f 4349 4193 4194
f 4350 4349 4194
f 4195 4196 4351
f 4351 4196 4352
f 4196 4197 4352
f 4352 4197 4353
f 4199 4354 4355
f 4198 4354 4199
f 4353 4197 4199
f 4355 4353 4199
f 4198 4200 4354
f 4354 4200 4356
f 4200 4201 4356
f 4356 4201 4357
f 4201 4202 4357
f 4357 4202 4358
f 4202 4203 4358
f 4358 4203 4359
f 4203 4204 4359
f 4359 4204 4360
f 4204 4205 4360
f 4360 4205 4361
f 4205 4206 4361
f 4361 4206 4362
f 4206 4207 4362
f 4362 4207 4363
f 4207 4208 4363
f 4363 4208 4364
f 4208 4209 4364
f 4364 4209 4365
f 4209 4210 4365
f 4365 4210 4366
f 4210 4211 4366
f 4366 4211 4367
f 4211 4212 4367
f 4367 4212 4368
f 4212 4213 4368
f 4368 4213 4369
f 4213 4214 4369
f 4369 4214 4370
f 4214 4215 4370
f 4370 4215 4371
f 4215 4216 4371
f 4371 4216 4372
f 4216 4217 4372
f 4372 4217 4373
f 4217 4218 4373
f 4373 4218 4374
f 4218 4219 4374
f 4374 4219 4375
f 4219 4220 4375
f 4375 4220 4376
f 4220 4221 4376
f 4376 4221 4377
f 4221 4222 4377
f 4377 4222 4378
f 4222 4223 4378
f 4378 4223 4379
f 4223 4224 4379
f 4379 4224 4380
f 4224 4225 4380
f 4380 4225 4381
f 4225 4226 4381
f 4381 4226 4382
f 4226 4227 4382
f 4382 4227 4383
f 4227 4228 4383
f 4383 4228 4384
f 4228 4229 4384
f 4384 4229 4385
f 4229 4230 4385
f 4385 4230 4386
f 4230 4231 4386
f 4386 4231 4387
f 4231 4232 4387
f 4387 4232 4388
f 4232 4233 4388
f 4388 4233 4389
f 4233 4234 4389
f 4389 4234 4390
f 4234 4235 4390
f 4390 4235 4391
f 4235 4236 4391
f 4391 4236 4392
f 4236 4237 4392
f 4392 4237 4393
f 4237 4238 4393
f 4393 4238 4394
f 4238 4239 4394
f 4394 4239 4395
f 4239 4240 4395
f 4395 4240 4396
f 4240 4241 4396
f 4396 4241 4397
f 4241 4242 4397
f 4397 4242 4398
f 4242 4243 4398
f 4398 4243 4399
f 4243 4244 4399
f 4399 4244 4400
f 4244 4245 4400
f 4400 4245 4401
f 4245 4246 4401
f 4401 4246 4402
f 4246 4247 4402
f 4402 4247 4403
f 4247 4248 4403
f 4403 4248 4404
f 4248 4249 4404
f 4404 4249 4405
f 4249 4250 4405
f 4405 4250 4406
f 4250 4251 4406
f 4406 4251 4407
f 4251 4252 4407
f 4407 4252 4408
f 4252 4253 4408
f 4408 4253 4409
f 4253 4254 4409
f 4409 4254 4410
f 4254 4255 4410
f 4410 4255 4411
f 4255 4256 4411
f 4411 4256 4412
f 4256 4257 4412
f 4412 4257 4413
f 4257 4258 4413
f 4413 4258 4414
f 4258 4259 4414
f 4414 4259 4415
f 4259 4260 4415
f 4415 4260 4416
f 4260 4261 4416
f 4416 4261 4417
f 4261 4262 4417
f 4417 4262 4418
f 4262 4263 4418
f 4418 4263 4419
f 4263 4264 4419
f 4419 4264 4420
f 4264 4265 4420
f 4420 4265 4421
f 4265 4266 4421
f 4421 4266 4422
f 4266 4267 4422
f 4422 4267 4423
f 4267 4268 4423
f 4423 4268 4424
f 4268 4269 4424
f 4424 4269 4425
f 4269 4270 4425
f 4425 4270 4426
f 4270 4271 4426
f 4426 4271 4427
f 4271 4272 4427
f 4427 4272 4428
f 4272 4273 4428
f 4428 4273 4429
f 4273 4274 4429
f 4429 4274 4430
f 4274 4275 4430
f 4430 4275 4431
f 4275 4276 4431
f 4431 4276 4432
f 4276 4277 4432
f 4432 4277 4433
f 4277 4278 4433
f 4433 4278 4434
f 4278 4279 4434
f 4434 4279 4435
f 4279 4280 4435
f 4435 4280 4436
f 4280 4281 4436
f 4436 4281 4437
f 4281 4282 4437
f 4437 4282 4438
f 4282 4283 4438
f 4438 4283 4439
f 4283 4284 4439
f 4439 4284 4440
f 4284 4285 4440
f 4440 4285 4441
f 4285 4286 4441
f 4441 4286 4442
f 4286 4287 4442
f 4442 4287 4443
f 4287 4288 4443
f 4443 4288 4444
f 4288 4289 4444
f 4444 4289 4445
f 4289 4290 4445
f 4445 4290 4446
f 4290 4291 4446
f 4446 4291 4447
f 4291 4292 4447
f 4447 4292 4448
f 4292 4293 4448
f 4448 4293 4449
f 4293 4294 4449
f 4449 4294 4450
f 4294 4295 4450
f 4450 4295 4451
f 4295 4296 4451
f 4451 4296 4452
f 4296 4297 4452
f 4452 4297 4453
f 4297 4298 4453
f 4453 4298 4454
f 4298 4299 4454
f 4454 4299 4455
f 4299 4300 4455
f 4455 4300 4456
f 4300 4301 4456
f 4456 4301 4457
f 4301 4302 4457
f 4457 4302 4458
f 4302 4303 4458
f 4458 4303 4459
f 4303 4304 4459
f 4459 4304 4460
f 4304 4305 4460
f 4460 4305 4461
f 4305 4306 4461
f 4461 4306 4462
f 4306 4307 4462
f 4462 4307 4463
f 4307 4308 4463
f 4463 4308 4464
f 4308 4309 4464
f 4464 4309 4465
f 4309 4310 4465
f 4465 4310 4466
f 4310 4311 4466
f 4466 4311 4467
f 4311 4312 4467
f 4467 4312 4468
f 4312 4313 4468
f 4468 4313 4469
f 4313 4314 4469
f 4469 4314 4470
f 4314 4315 4470
f 4470 4315 4471
f 4315 4316 4471
f 4471 4316 4472
f 4316 4317 4472
f 4472 4317 4473
f 4317 4318 4473
f 4473 4318 4474
f 4318 4319 4474
f 4474 4319 4475
f 4319 4320 4475
f 4475 4320 4476
f 4320 4321 4476
f 4476 4321 4477
f 4321 4322 4477
f 4477 4322 4478
f 4322 4323 4478
f 4478 4323 4479
f 4323 4324 4479
f 4479 4324 4480
f 4324 4325 4480
f 4480 4325 4481
f 4325 4326 4481
f 4481 4326 4482
f 4326 4327 4482
f 4482 4327 4483
f 4327 4328 4483
f 4483 4328 4484
f 4328 4329 4484
f 4484 4329 4485
f 4329 4330 4485
f 4485 4330 4486
f 4330 4331 4486
f 4486 4331 4487
f 4331 4332 4487
f 4487 4332 4488
f 4332 4333 4488
f 4488 4333 4489
f 4333 4334 4489
f 4489 4334 4490
f 4334 4335 4490
f 4490 4335 4491
f 4335 4336 4491
f 4491 4336 4492
f 4336 4337 4492
f 4492 4337 4493
f 4337 4338 4493
f 4493 4338 4494
f 4338 4339 4494
f 4494 4339 4495
f 4339 4340 4495
f 4495 4340 4496
f 4340 4341 4496
f 4496 4341 4497
f 4341 4342 4497
f 4497 4342 4498
f 4342 4499 4498
f 4343 4499 4342
f 4499 4343 4344
f 4500 4499 4344
f 4344 4345 4500
f 4500 4345 4501
f 4345 4502 4501
f 4346 4502 4345
f 4502 4346 4347
f 4503 4502 4347
f 4347 4504 4503
f 4348 4504 4347
f 4349 4505 4348
f 4348 4505 4504
f 4505 4349 4350
f 4506 4505 4350
f 4351 4352 4507
f 4507 4352 4508
f 4352 4353 4508
f 4508 4353 4509
f 4355 4510 4511
f 4354 4510 4355
f 4509 4353 4355
f 4511 4509 4355
f 4354 4356 4510
f 4510 4356 4512
f 4356 4357 4512
f 4512 4357 4513
f 4357 4358 4513
f 4513 4358 4514
f 4358 4359 4514
f 4514 4359 4515
f 4359 4360 4515
f 4515 4360 4516
f 4360 4361 4516
f 4516 4361 4517
f 4361 4362 4517
f 4517 4362 4518
f 4362 4363 4518
f 4518 4363 4519
f 4363 4364 4519
f 4519 4364 4520
f 4364 4365 4520
f 4520 4365 4521
f 4365 4366 4521
f 4521 4366 4522
f 4366 4367 4522
f 4522 4367 4523
f 4367 4368 4523
f 4523 4368 4524
f 4368 4369 4524
f 4524 4369 4525
f 4369 4370 4525
f 4525 4370 4526
f 4370 4371 4526
f 4526 4371 4527
f 4371 4372 4527
f 4527 4372 4528
f 4372 4373 4528
f 4528 4373 4529
f 4373 4374 4529
f 4529 4374 4530
f 4374 4375 4530
f 4530 4375 4531
f 4375 4376 4531
f 4531 4376 4532
f 4376 4377 4532
f 4532 4377 4533
f 4377 4378 4533
f 4533 4378 4534
f 4378 4379 4534
f 4534 4379 4535
f 4379 4380 4535
f 4535 4380 4536
f 4380 4381 4536
f 4536 4381 4537
f 4381 4382 4537
f 4537 4382 4538
f 4382 4383 4538
f 4538 4383 4539
f 4383 4384 4539
f 4539 4384 4540
f 4384 4385 4540
f 4540 4385 4541
f 4385 4386 4541
f 4541 4386 4542
f 4386 4387 4542
f 4542 4387 4543
f 4387 4388 4543
f 4543 4388 4544
f 4388 4389 4544
f 4544 4389 4545
f 4389 4390 4545
f 4545 4390 4546
f 4390 4391 4546
f 4546 4391 4547
f 4391 4392 4547
f 4547 4392 4548
f 4392 4393 4548
f 4548 4393 4549
f 4393 4394 4549
f 4549 4394 4550
f 4394 4395 4550
f 4550 4395 4551
f 4395 4396 4551
f 4551 4396 4552
f 4396 4397 4552
f 4552 4397 4553
f 4397 4398 4553
f 4553 4398 4554
f 4398 4399 4554
f 4554 4399 4555
f 4399 4400 4555
f 4555 4400 4556
f 4400 4401 4556
f 4556 4401 4557
f 4401 4402 4557
f 4557 4402 4558
f 4402 4403 4558
f 4558 4403 4559
f 4403 4404 4559
f 4559 4404 4560
f 4404 4405 4560
f 4560 4405 4561
f 4405 4406 4561
f 4561 4406 4562
f 4406 4407 4562
f 4562 4407 4563
f 4407 4408 4563
f 4563 4408 4564
f 4408 4409 4564
f 4564 4409 4565
f 4409 4410 4565
f 4565 4410 4566
f 4410 4411 4566
f 4566 4411 4567
f 4411 4412 4567
f 4567 4412 4568
f 4412 4413 4568
f 4568 4413 4569
f 4413 4414 4569
f 4569 4414 4570
f 4414 4415 4570
f 4570 4415 4571
f 4415 4416 4571
f 4571 4416 4572
f 4416 4417 4572
f 4572 4417 4573
f 4417 4418 4573
f 4573 4418 4574
f 4418 4419 4574
f 4574 4419 4575
f 4419 4420 4575
f 4575 4420 4576
f 4420 4421 4576
f 4576 4421 4577
f 4421 4422 4577
f 4577 4422 4578
f 4422 4423 4578
f 4578 4423 4579
f 4423 4424 4579
f 4579 4424 4580
f 4424 4425 4580
f 4580 4425 4581
f 4425 4426 4581
f 4581 4426 4582
f 4426 4427 4582
f 4582 4427 4583
f 4427 4428 4583
f 4583 4428 4584
f 4428 4429 4584
f 4584 4429 4585
f 4429 4430 4585
f 4585 4430 4586
f 4430 4431 4586
f 4586 4431 4587
f 4431 4432 4587
f 4587 4432 4588
f 4432 4433 4588
f 4588 4433 4589
f 4433 4434 4589
f 4589 4434 4590
f 4434 4435 4590
f 4590 4435 4591
f 4435 4436 4591
f 4591 4436 4592
f 4436 4437 4592
f 4592 4437 4593
f 4437 4438 4593
f 4593 4438 4594
f 4438 4439 4594
f 4594 4439 4595
f 4439 4440 4595
f 4595 4440 4596
f 4440 4441 4596
f 4596 4441 4597
f 4441 4442 4597
f 4597 4442 4598
f 4442 4443 4598
f 4598 4443 4599
f 4443 4444 4599
f 4599 4444 4600
f 4444 4445 4600
f 4600 4445 4601
f 4445 4446 4601
f 4601 4446 4602
f 4446 4447 4602
f 4602 4447 4603
f 4447 4448 4603
f 4603 4448 4604
f 4448 4449 4604
f 4604 4449 4605
f 4449 4450 4605
f 4605 4450 4606
f 4450 4451 4606
f 4606 4451 4607
f 4451 4452 4607
f 4607 4452 4608
f 4452 4453 4608
f 4608 4453 4609
f 4453 4454 4609
f 4609 4454 4610
f 4454 4455 4610
f 4610 4455 4611
f 4455 4456 4611
f 4611 4456 4612
f 4456 4457 4612
f 4612 4457 4613
f 4457 4458 4613
f 4613 4458 4614
f 4458 4459 4614
f 4614 4459 4615
f 4459 4460 4615
f 4615 4460 4616
f 4460 4461 4616
f 4616 4461 4617
f 4461 4462 4617
f 4617 4462 4618
f 4462 4463 4618
f 4618 4463 4619
f 4463 4464 4619
f 4619 4464 4620
f 4464 4465 4620
f 4620 4465 4621
f 4465 4466 4621
f 4621 4466 4622
f 4466 4467 4622
f 4622 4467 4623
f 4467 4468 4623
f 4623 4468 4624
f 4468 4469 4624
f 4624 4469 4625
f 4469 4470 4625
f 4625 4470 4626
f 4470 4471 4626
f 4626 4471 4627
f 4471 4472 4627
f 4627 4472 4628
f 4472 4473 4628
f 4628 4473 4629
f 4473 4474 4629
f 4629 4474 4630
f 4474 4475 4630
f 4630 4475 4631
f 4475 4476 4631
f 4631 4476 4632
f 4476 4477 4632
f 4632 4477 4633
f 4477 4478 4633
f 4633 4478 4634
f 4478 4479 4634
f 4634 4479 4635
f 4479 4480 4635
f 4635 4480 4636
f 4480 4481 4636
f 4636 4481 4637
f 4481 4482 4637
f 4637 4482 4638
f 4482 4483 4638
f 4638 4483 4639
f 4483 4484 4639
f 4639 4484 4640
f 4484 4485 4640
f 4640 4485 4641
f 4485 4486 4641
f 4641 4486 4642
f 4486 4487 4642
f 4642 4487 4643
f 4487 4488 4643
f 4643 4488 4644
f 4488 4489 4644
f 4644 4489 4645
f 4489 4490 4645
f 4645 4490 4646
f 4490 4491 4646
f 4646 4491 4647
f 4491 4492 4647
f 4647 4492 4648
f 4492 4493 4648
f 4648 4493 4649
f 4493 4494 4649
f 4649 4494 4650
f 4494 4495 4650
f 4650 4495 4651
f 4495 4496 4651
f 4651 4496 4652
f 4496 4497 4652
f 4652 4497 4653
f 4497 4498 4653
f 4653 4498 4654
f 4498 4655 4654
f 4499 4655 4498
f 4655 4499 4500
f 4656 4655 4500
f 4500 4501 4656
f 4656 4501 4657
f 4501 4658 4657
f 4502 4658 4501
f 4658 4502 4503
f 4659 4658 4503
f 4503 4660 4659
f 4504 4660 4503
f 4505 4661 4504
f 4504 4661 4660
f 4661 4505 4506
f 4662 4661 4506
f 4507 4508 4663
f 4663 4508 4664
f 4508 4509 4664
f 4664 4509 4665
f 4511 4666 4667
f 4510 4666 4511
f 4665 4509 4511
f 4667 4665 4511
f 4510 4512 4666
f 4666 4512 4668
f 4512 4513 4668
f 4668 4513 4669
f 4513 4514 4669
f 4669 4514 4670
f 4514 4515 4670
f 4670 4515 4671
f 4515 4516 4671
f 4671 4516 4672
f 4516 4517 4672
f 4672 4517 4673
f 4517 4518 4673
f 4673 4518 4674
f 4518 4519 4674
f 4674 4519 4675
f 4519 4520 4675
f 4675 4520 4676
f 4520 4521 4676
f 4676 4521 4677
f 4521 4522 4677
f 4677 4522 4678
f 4522 4523 4678
f 4678 4523 4679
f 4523 4524 4679
f 4679 4524 4680
f 4524 4525 4680
f 4680 4525 4681
f 4525 4526 4681
f 4681 4526 4682
f 4526 4527 4682
f 4682 4527 4683
f 4527 4528 4683
f 4683 4528 4684
f 4528 4529 4684
f 4684 4529 4685
f 4529 4530 4685
f 4685 4530 4686
f 4530 4531 4686
f 4686 4531 4687
f 4531 4532 4687
f 4687 4532 4688
f 4532 4533 4688
f 4688 4533 4689
f 4533 4534 4689
f 4689 4534 4690
f 4534 4535 4690
f 4690 4535 4691
f 4535 4536 4691
f 4691 4536 4692
f 4536 4537 4692
f 4692 4537 4693
f 4537 4538 4693
f 4693 4538 4694
f 4538 4539 4694
f 4694 4539 4695
f 4539 4540 4695
f 4695 4540 4696
f 4540 4541 4696
f 4696 4541 4697
f 4541 4542 4697
f 4697 4542 4698
f 4542 4543 4698
f 4698 4543 4699
f 4543 4544 4699
f 4699 4544 4700
f 4544 4545 4700
f 4700 4545 4701
f 4545 4546 4701
f 4701 4546 4702
f 4546 4547 4702
f 4702 4547 4703
f 4547 4548 4703
f 4703 4548 4704
f 4548 4549 4704
f 4704 4549 4705
f 4549 4550 4705
f 4705 4550 4706
f 4550 4551 4706
f 4706 4551 4707
f 4551 4552 4707
f 4707 4552 4708
f 4552 4553 4708
f 4708 4553 4709
f 4553 4554 4709
f 4709 4554 4710
f 4554 4555 4710
f 4710 4555 4711
f 4555 4556 4711
f 4711 4556 4712
f 4556 4557 4712
f 4712 4557 4713
f 4557 4558 4713
f 4713 4558 4714
f 4558 4559 4714
f 4714 4559 4715
f 4559 4560 4715
f 4715 4560 4716
f 4560 4561 4716
f 4716 4561 4717
f 4561 4562 4717
f 4717 4562 4718
f 4562 4563 4718
f 4718 4563 4719
f 4563 4564 4719
f 4719 4564 4720
f 4564 4565 4720
f 4720 4565 4721
f 4565 4566 4721
f 4721 4566 4722
f 4566 4567 4722
f 4722 4567 4723
f 4567 4568 4723
f 4723 4568 4724
f 4568 4569 4724
f 4724 4569 4725
f 4569 4570 4725
f 4725 4570 4726
f 4570 4571 4726
f 4726 4571 4727
f 4571 4572 4727
f 4727 4572 4728
f 4572 4573 4728
f 4728 4573 4729
f 4573 4574 4729
f 4729 4574 4730
f 4574 4575 4730
f 4730 4575 4731
f 4575 4576 4731
f 4731 4576 4732
f 4576 4577 4732
f 4732 4577 4733
f 4577 4578 4733
f 4733 4578 4734
f 4578 4579 4734
f 4734 4579 4735
f 4579 4580 4735
f 4735 4580 4736
f 4580 4581 4736
f 4736 4581 4737
f 4581 4582 4737
f 4737 4582 4738
f 4582 4583 4738
f 4738 4583 4739
f 4583 4584 4739
f 4739 4584 4740
f 4584 4585 4740
f 4740 4585 4741
f 4585 4586 4741
f 4741 4586 4742
f 4586 4587 4742
f 4742 4587 4743
f 4587 4588 4743
f 4743 4588 4744
f 4588 4589 4744
f 4744 4589 4745
f 4589 4590 4745
f 4745 4590 4746
f 4590 4591 4746
f 4746 4591 4747
f 4591 4592 4747
f 4747 4592 4748
f 4592 4593 4748
f 4748 4593 4749
f 4593 4594 4749
f 4749 4594 4750
f 4594 4595 4750
f 4750 4595 4751
f 4595 4596 4751
f 4751 4596 4752
f 4596 4597 4752
f 4752 4597 4753
f 4597 4598 4753
f 4753 4598 4754
f 4598 4599 4754
f 4754 4599 4755
f 4599 4600 4755
f 4755 4600 4756
f 4600 4601 4756
f 4756 4601 4757
f 4601 4602 4757
f 4757 4602 4758
f 4602 4603 4758
f 4758 4603 4759
f 4603 4604 4759
f 4759 4604 4760
f 4604 4605 4760
f 4760 4605 4761
f 4605 4606 4761
f 4761 4606 4762
f 4606 4607 4762
f 4762 4607 4763
f 4607 4608 4763
f 4763 4608 4764
f 4608 4609 4764
f 4764 4609 4765
f 4609 4610 4765
f 4765 4610 4766
f 4610 4611 4766
f 4766 4611 4767
f 4611 4612 4767
f 4767 4612 4768
f 4612 4613 4768
f 4768 4613 4769
f 4613 4614 4769
f 4769 4614 4770
f 4614 4615 4770
f 4770 4615 4771
f 4615 4616 4771
f 4771 4616 4772
f 4616 4617 4772
f 4772 4617 4773
f 4617 4618 4773
f 4773 4618 4774
f 4618 4619 4774
f 4774 4619 4775
f 4619 4620 4775
f 4775 4620 4776
f 4620 4621 4776
f 4776 4621 4777
f 4621 4622 4777
f 4777 4622 4778
f 4622 4623 4778
f 4778 4623 4779
f 4623 4624 4779
f 4779 4624 4780
f 4624 4625 4780
f 4780 4625 4781
f 4625 4626 4781
f 4781 4626 4782
f 4626 4627 4782
f 4782 4627 4783
f 4627 4628 4783
f 4783 4628 4784
f 4628 4629 4784
f 4784 4629 4785
f 4629 4630 4785
f 4785 4630 4786
f 4630 4631 4786
f 4786 4631 4787
f 4631 4632 4787
f 4787 4632 4788
f 4632 4633 4788
f 4788 4633 4789
f 4633 4634 4789
f 4789 4634 4790
f 4634 4635 4790
f 4790 4635 4791
f 4635 4636 4791
f 4791 4636 4792
f 4636 4637 4792
f 4792 4637 4793
f 4637 4638 4793
f 4793 4638 4794
f 4638 4639 4794
f 4794 4639 4795
f 4639 4640 4795
f 4795 4640 4796
f 4640 4641 4796
f 4796 4641 4797
f 4641 4642 4797
f 4797 4642 4798
f 4642 4643 4798
f 4798 4643 4799
f 4643 4644 4799
f 4799 4644 4800
f 4644 4645 4800
f 4800 4645 4801
f 4645 4646 4801
f 4801 4646 4802
f 4646 4647 4802
f 4802 4647 4803
f 4647 4648 4803
f 4803 4648 4804
f 4648 4649 4804
f 4804 4649 4805
f 4649 4650 4805
f 4805 4650 4806
f 4650 4651 4806
f 4806 4651 4807
f 4651 4652 4807
f 4807 4652 4808
f 4652 4653 4808
f 4808 4653 4809
f 4653 4654 4809
f 4809 4654 4810
f 4654 4811 4810
f 4655 4811 4654
f 4811 4655 4656
f 4812 4811 4656
f 4656 4657 4812
f 4812 4657 4813
f 4657 4814 4813
f 4658 4814 4657
f 4814 4658 4659
f 4815 4814 4659
f 4659 4816 4815
f 4660 4816 4659
f 4661 4817 4660
f 4660 4817 4816
f 4817 4661 4662
f 4818 4817 4662
f 4663 4664 4819
f 4819 4664 4820
f 4664 4665 4820
f 4820 4665 4821
f 4667 4822 4823
f 4666 4822 4667
f 4821 4665 4667
f 4823 4821 4667
f 4666 4668 4822
f 4822 4668 4824
f 4668 4669 4824
f 4824 4669 4825
f 4669 4670 4825
f 4825 4670 4826
f 4670 4671 4826
f 4826 4671 4827
f 4671 4672 4827
f 4827 4672 4828
f 4672 4673 4828
f 4828 4673 4829
f 4673 4674 4829
f 4829 4674 4830
f 4674 4675 4830
f 4830 4675 4831
f 4675 4676 4831
f 4831 4676 4832
f 4676 4677 4832
f 4832 4677 4833
f 4677 4678 4833
f 4833 4678 4834
f 4678 4679 4834
f 4834 4679 4835
f 4679 4680 4835
f 4835 4680 4836
f 4680 4681 4836
f 4836 4681 4837
f 4681 4682 4837
f 4837 4682 4838
f 4682 4683 4838
f 4838 4683 4839
f 4683 4684 4839
f 4839 4684 4840
f 4684 4685 4840
f 4840 4685 4841
f 4685 4686 4841
f 4841 4686 4842
f 4686 4687 4842
f 4842 4687 4843
f 4687 4688 4843
f 4843 4688 4844
f 4688 4689 4844
f 4844 4689 4845
f 4689 4690 4845
f 4845 4690 4846
f 4690 4691 4846
f 4846 4691 4847
f 4691 4692 4847
f 4847 4692 4848
f 4692 4693 4848
f 4848 4693 4849
f 4693 4694 4849
f 4849 4694 4850
f 4694 4695 4850
f 4850 4695 4851
f 4695 4696 4851
f 4851 4696 4852
f 4696 4697 4852
f 4852 4697 4853
f 4697 4698 4853
f 4853 4698 4854
f 4698 4699 4854
f 4854 4699 4855
f 4699 4700 4855
f 4855 4700 4856
f 4700 4701 4856
f 4856 4701 4857
f 4701 4702 4857
f 4857 4702 4858
f 4702 4703 4858
f 4858 4703 4859
f 4703 4704 4859
f 4859 4704 4860
f 4704 4705 4860
f 4860 4705 4861
f 4705 4706 4861
f 4861 4706 4862
f 4706 4707 4862
f 4862 4707 4863
f 4707 4708 4863
f 4863 4708 4864
f 4708 4709 4864
f 4864 4709 4865
f 4709 4710 4865
f 4865 4710 4866
f 4710 4711 4866
f 4866 4711 4867
f 4711 4712 4867
f 4867 4712 4868
f 4712 4713 4868
f 4868 4713 4869
f 4713 4714 4869
f 4869 4714 4870
f 4714 4715 4870
f 4870 4715 4871
f 4715 4716 4871
f 4871 4716 4872
f 4716 4717 4872
f 4872 4717 4873
f 4717 4718 4873
f 4873 4718 4874
f 4718 4719 4874
f 4874 4719 4875
f 4719 4720 4875
f 4875 4720 4876
f 4720 4721 4876
f 4876 4721 4877
f 4721 4722 4877
f 4877 4722 4878
f 4722 4723 4878
f 4878 4723 4879
f 4723 4724 4879
f 4879 4724 4880
f 4724 4725 4880
f 4880 4725 4881
f 4725 4726 4881
f 4881 4726 4882
f 4726 4727 4882
f 4882 4727 4883
f 4727 4728 4883
f 4883 4728 4884
f 4728 4729 4884
f 4884 4729 4885
f 4729 4730 4885
f 4885 4730 4886
f 4730 4731 4886
f 4886 4731 4887
f 4731 4732 4887
f 4887 4732 4888
f 4732 4733 4888
f 4888 4733 4889
f 4733 4734 4889
f 4889 4734 4890
f 4734 4735 4890
f 4890 4735 4891
f 4735 4736 4891
f 4891 4736 4892
f 4736 4737 4892
f 4892 4737 4893
f 4737 4738 4893
f 4893 4738 4894
f 4738 4739 4894
f 4894 4739 4895
f 4739 4740 4895
f 4895 4740 4896
f 4740 4741 4896
f 4896 4741 4897
f 4741 4742 4897
f 4897 4742 4898
f 4742 4743 4898
f 4898 4743 4899
f 4743 4744 4899
f 4899 4744 4900
f 4744 4745 4900
f 4900 4745 4901
f 4745 4746 4901
f 4901 4746 4902
f 4746 4747 4902
f 4902 4747 4903
f 4747 4748 4903
f 4903 4748 4904
f 4748 4749 4904
f 4904 4749 4905
f 4749 4750 4905
f 4905 4750 4906
f 4750 4751 4906
f 4906 4751 4907
f 4751 4752 4907
f 4907 4752 4908
f 4752 4753 4908
f 4908 4753 4909
f 4753 4754 4909
f 4909 4754 4910
f 4754 4755 4910
f 4910 4755 4911
f 4755 4756 4911
f 4911 4756 4912
f 4756 4757 4912
f 4912 4757 4913
f 4757 4758 4913
f 4913 4758 4914
f 4758 4759 4914
f 4914 4759 4915
f 4759 4760 4915
f 4915 4760 4916
f 4760 4761 4916
f 4916 4761 4917
f 4761 4762 4917
f 4917 4762 4918
f 4762 4763 4918
f 4918 4763 4919
f 4763 4764 4919
f 4919 4764 4920
f 4764 4765 4920
f 4920 4765 4921
f 4765 4766 4921
f 4921 4766 4922
f 4766 4767 4922
f 4922 4767 4923
f 4767 4768 4923
f 4923 4768 4924
f 4768 4769 4924
f 4924 4769 4925
f 4769 4770 4925
f 4925 4770 4926
f 4770 4771 4926
f 4926 4771 4927
f 4771 4772 4927
f 4927 4772 4928
f 4772 4773 4928
f 4928 4773 4929
f 4773 4774 4929
f 4929 4774 4930
f 4774 4775 4930
f 4930 4775 4931
f 4775 4776 4931
f 4931 4776 4932
f 4776 4777 4932
f 4932 4777 4933
f 4777 4778 4933
f 4933 4778 4934
f 4778 4779 4934
f 4934 4779 4935
f 4779 4780 4935
f 4935 4780 4936
f 4780 4781 4936
f 4936 4781 4937
f 4781 4782 4937
f 4937 4782 4938
f 4782 4783 4938
f 4938 4783 4939
f 4783 4784 4939
f 4939 4784 4940
f 4784 4785 4940
f 4940 4785 4941
f 4785 4786 4941
f 4941 4786 4942
f 4786 4787 4942
f 4942 4787 4943
f 4787 4788 4943
f 4943 4788 4944
f 4788 4789 4944
f 4944 4789 4945
f 4789 4790 4945
f 4945 4790 4946
f 4790 4791 4946
f 4946 4791 4947
f 4791 4792 4947
f 4947 4792 4948
f 4792 4793 4948
f 4948 4793 4949
f 4793 4794 4949
f 4949 4794 4950
f 4794 4795 4950
f 4950 4795 4951
f 4795 4796 4951
f 4951 4796 4952
f 4796 4797 4952
f 4952 4797 4953
f 4797 4798 4953
f 4953 4798 4954
f 4798 4799 4954
f 4954 4799 4955
f 4799 4800 4955
f 4955 4800 4956
f 4800 4801 4956
f 4956 4801 4957
f 4801 4802 4957
f 4957 4802 4958
f 4802 4803 4958
f 4958 4803 4959
f 4803 4804 4959
f 4959 4804 4960
f 4804 4805 4960
f 4960 4805 4961
f 4805 4806 4961
f 4961 4806 4962
f 4806 4807 4962
f 4962 4807 4963
f 4807 4808 4963
f 4963 4808 4964
f 4808 4809 4964
f 4964 4809 4965
f 4809 4810 4965
f 4965 4810 4966
f 4810 4967 4966
f 4811 4967 4810
f 4967 4811 4812
f 4968 4967 4812
f 4812 4813 4968
f 4968 4813 4969
f 4813 4970 4969
f 4814 4970 4813
f 4970 4814 4815
f 4971 4970 4815
f 4815 4972 4971
f 4816 4972 4815
f 4817 4973 4816
f 4816 4973 4972
f 4973 4817 4818
f 4974 4973 4818
f 4975 4977 4978
f 4975 4819 4977
f 4819 4820 4977
f 4976 4975 4978
f 4820 4821 4977
f 4977 4821 4979
f 4823 4980 4981
f 4822 4980 4823
f 4979 4821 4823
f 4981 4979 4823
f 4822 4824 4980
f 4980 4824 4982
f 4824 4825 4982
f 4982 4825 4983
f 4825 4826 4983
f 4983 4826 4984
f 4826 4827 4984
f 4984 4827 4985
f 4827 4828 4985
f 4985 4828 4986
f 4828 4829 4986
f 4986 4829 4987
f 4829 4830 4987
f 4987 4830 4988
f 4830 4831 4988
f 4988 4831 4989
f 4831 4832 4989
f 4989 4832 4990
f 4832 4833 4990
f 4990 4833 4991
f 4833 4834 4991
f 4991 4834 4992
f 4834 4835 4992
f 4992 4835 4993
f 4835 4836 4993
f 4993 4836 4994
f 4836 4837 4994
f 4994 4837 4995
f 4837 4838 4995
f 4995 4838 4996
f 4838 4839 4996
f 4996 4839 4997
f 4839 4840 4997
f 4997 4840 4998
f 4840 4841 4998
f 4998 4841 4999
f 4841 4842 4999
f 4999 4842 5000
f 4842 4843 5000
f 5000 4843 5001
f 4843 4844 5001
f 5001 4844 5002
f 4844 4845 5002
f 5002 4845 5003
f 4845 4846 5003
f 5003 4846 5004
f 4846 4847 5004
f 5004 4847 5005
f 4847 4848 5005
f 5005 4848 5006
f 4848 4849 5006
f 5006 4849 5007
f 4849 4850 5007
f 5007 4850 5008
f 4850 4851 5008
f 5008 4851 5009
f 4851 4852 5009
f 5009 4852 5010
f 4852 4853 5010
f 5010 4853 5011
f 4853 4854 5011
f 5011 4854 5012
f 4854 4855 5012
f 5012 4855 5013
f 4855 4856 5013
f 5013 4856 5014
f 4856 4857 5014
f 5014 4857 5015
f 4857 4858 5015
f 5015 4858 5016
f 4858 4859 5016
f 5016 4859 5017
f 4859 4860 5017
f 5017 4860 5018
f 4860 4861 5018
f 5018 4861 5019
f 4861 4862 5019
f 5019 4862 5020
f 4862 4863 5020
f 5020 4863 5021
f 4863 4864 5021
f 5021 4864 5022
f 4864 4865 5022
f 5022 4865 5023
f 4865 4866 5023
f 5023 4866 5024
f 4866 4867 5024
f 5024 4867 5025
f 4867 4868 5025
f 5025 4868 5026
f 4868 4869 5026
f 5026 4869 5027
f 4869 4870 5027
f 5027 4870 5028
f 4870 4871 5028
f 5028 4871 5029
f 4871 4872 5029
f 5029 4872 5030
f 4872 4873 5030
f 5030 4873 5031
f 4873 4874 5031
f 5031 4874 5032
f 4874 4875 5032
f 5032 4875 5033
f 4875 4876 5033
f 5033 4876 5034
f 4876 4877 5034
f 5034 4877 5035
f 4877 4878 5035
f 5035 4878 5036
f 4878 4879 5036
f 5036 4879 5037
f 4879 4880 5037
f 5037 4880 5038
f 4880 4881 5038
f 5038 4881 5039
f 4881 4882 5039
f 5039 4882 5040
f 4882 4883 5040
f 5040 4883 5041
f 4883 4884 5041
f 5041 4884 5042
f 4884 4885 5042
f 5042 4885 5043
f 4885 4886 5043
f 5043 4886 5044
f 4886 4887 5044
f 5044 4887 5045
f 4887 4888 5045
f 5045 4888 5046
f 4888 4889 5046
f 5046 4889 5047
f 4889 4890 5047
f 5047 4890 5048
f 4890 4891 5048
f 5048 4891 5049
f 4891 4892 5049
f 5049 4892 5050
f 4892 4893 5050
f 5050 4893 5051
f 4893 4894 5051
f 5051 4894 5052
f 4894 4895 5052
f 5052 4895 5053
f 4895 4896 5053
f 5053 4896 5054
f 4896 4897 5054
f 5054 4897 5055
f 4897 4898 5055
f 5055 4898 5056
f 4898 4899 5056
f 5056 4899 5057
f 4899 4900 5057
f 5057 4900 5058
f 4900 4901 5058
f 5058 4901 5059
f 4901 4902 5059
f 5059 4902 5060
f 4902 4903 5060
f 5060 4903 5061
f 4903 4904 5061
f 5061 4904 5062
f 4904 4905 5062
f 5062 4905 5063
f 4905 4906 5063
f 5063 4906 5064
f 4906 4907 5064
f 5064 4907 5065
f 4907 4908 5065
f 5065 4908 5066
f 4908 4909 5066
f 5066 4909 5067
f 4909 4910 5067
f 5067 4910 5068
f 4910 4911 5068
f 5068 4911 5069
f 4911 4912 5069
f 5069 4912 5070
f 4912 4913 5070
f 5070 4913 5071
f 4913 4914 5071
f 5071 4914 5072
f 4914 4915 5072
f 5072 4915 5073
f 4915 4916 5073
f 5073 4916 5074
f 4916 4917 5074
f 5074 4917 5075
f 4917 4918 5075
f 5075 4918 5076
f 4918 4919 5076
f 5076 4919 5077
f 4919 4920 5077
f 5077 4920 5078
f 4920 4921 5078
f 5078 4921 5079
f 4921 4922 5079
f 5079 4922 5080
f 4922 4923 5080
f 5080 4923 5081
f 4923 4924 5081
f 5081 4924 5082
f 4924 4925 5082
f 5082 4925 5083
f 4925 4926 5083
f 5083 4926 5084
f 4926 4927 5084
f 5084 4927 5085
f 4927 4928 5085
f 5085 4928 5086
f 4928 4929 5086
f 5086 4929 5087
f 4929 4930 5087
f 5087 4930 5088
f 4930 4931 5088
f 5088 4931 5089
f 4931 4932 5089
f 5089 4932 5090
f 4932 4933 5090
f 5090 4933 5091
f 4933 4934 5091
f 5091 4934 5092
f 4934 4935 5092
f 5092 4935 5093
f 4935 4936 5093
f 5093 4936 5094
f 4936 4937 5094
f 5094 4937 5095
f 4937 4938 5095
f 5095 4938 5096
f 4938 4939 5096
f 5096 4939 5097
f 4939 4940 5097
f 5097 4940 5098
f 4940 4941 5098
f 5098 4941 5099
f 4941 4942 5099
f 5099 4942 5100
f 4942 4943 5100
f 5100 4943 5101
f 4943 4944 5101
f 5101 4944 5102
f 4944 4945 5102
f 5102 4945 5103
f 4945 4946 5103
f 5103 4946 5104
f 4946 4947 5104
f 5104 4947 5105
f 4947 4948 5105
f 5105 4948 5106
f 4948 4949 5106
f 5106 4949 5107
f 4949 4950 5107
f 5107 4950 5108
f 4950 4951 5108
f 5108 4951 5109
f 4951 4952 5109
f 5109 4952 5110
f 4952 4953 5110
f 5110 4953 5111
f 4953 4954 5111
f 5111 4954 5112
f 4954 4955 5112
f 5112 4955 5113
f 4955 4956 5113
f 5113 4956 5114
f 4956 4957 5114
f 5114 4957 5115
f 4957 4958 5115
f 5115 4958 5116
f 4958 4959 5116
f 5116 4959 5117
f 4959 4960 5117
f 5117 4960 5118
f 4960 4961 5118
f 5118 4961 5119
f 4961 4962 5119
f 5119 4962 5120
f 4962 4963 5120
f 5120 4963 5121
f 4963 4964 5121
f 5121 4964 5122
f 4964 4965 5122
f 5122 4965 5123
f 4965 4966 5123
f 5123 4966 5124
f 4966 5125 5124
f 4967 5125 4966
f 5125 4967 4968
f 5126 5125 4968
f 4968 4969 5126
f 5126 4969 5127
f 4969 5128 5127
f 4970 5128 4969
f 5128 4970 4971
f 5129 5128 4971
f 4971 5130 5129
f 4972 5130 4971
f 4973 5131 4972
f 4972 5131 5130
f 5131 4973 4974
f 5132 5131 4974
f 4978 5134 5135
f 4977 5134 4978
f 5133 4976 4978
f 5135 5133 4978
f 4977 4979 5134
f 5134 4979 5136
f 4981 5137 5138
f 4980 5137 4981
f 5136 4979 4981
f 5138 5136 4981
f 4980 4982 5137
f 5137 4982 5139
f 4982 4983 5139
f 5139 4983 5140
f 4983 4984 5140
f 5140 4984 5141
f 4984 4985 5141
f 5141 4985 5142
f 4985 4986 5142
f 5142 4986 5143
f 4986 4987 5143
f 5143 4987 5144
f 4987 4988 5144
f 5144 4988 5145
f 4988 4989 5145
f 5145 4989 5146
f 4989 4990 5146
f 5146 4990 5147
f 4990 4991 5147
f 5147 4991 5148
f 4991 4992 5148
f 5148 4992 5149
f 4992 4993 5149
f 5149 4993 5150
f 4993 4994 5150
f 5150 4994 5151
f 4994 4995 5151
f 5151 4995 5152
f 4995 4996 5152
f 5152 4996 5153
f 4996 4997 5153
f 5153 4997 5154
f 4997 4998 5154
f 5154 4998 5155
f 4998 4999 5155
f 5155 4999 5156
f 4999 5000 5156
f 5156 5000 5157
f 5000 5001 5157
f 5157 5001 5158
f 5001 5002 5158
f 5158 5002 5159
f 5002 5003 5159
f 5159 5003 5160
f 5003 5004 5160
f 5160 5004 5161
f 5004 5005 5161
f 5161 5005 5162
f 5005 5006 5162
f 5162 5006 5163
f 5006 5007 5163
f 5163 5007 5164
f 5007 5008 5164
f 5164 5008 5165
f 5008 5009 5165
f 5165 5009 5166
f 5009 5010 5166
f 5166 5010 5167
f 5010 5011 5167
f 5167 5011 5168
f 5011 5012 5168
f 5168 5012 5169
f 5012 5013 5169
f 5169 5013 5170
f 5013 5014 5170
f 5170 5014 5171
f 5014 5015 5171
f 5171 5015 5172
f 5015 5016 5172
f 5172 5016 5173
f 5016 5017 5173
f 5173 5017 5174
f 5017 5018 5174
f 5174 5018 5175
f 5018 5019 5175
f 5175 5019 5176
f 5019 5020 5176
f 5176 5020 5177
f 5020 5021 5177
f 5177 5021 5178
f 5021 5022 5178
f 5178 5022 5179
f 5022 5023 5179
f 5179 5023 5180
f 5023 5024 5180
f 5180 5024 5181
f 5024 5025 5181
f 5181 5025 5182
f 5025 5026 5182
f 5182 5026 5183
f 5026 5027 5183
f 5183 5027 5184
f 5027 5028 5184
f 5184 5028 5185
f 5028 5029 5185
f 5185 5029 5186
f 5029 5030 5186
f 5186 5030 5187
f 5030 5031 5187
f 5187 5031 5188
f 5031 5032 5188
f 5188 5032 5189
f 5032 5033 5189
f 5189 5033 5190
f 5033 5034 5190
f 5190 5034 5191
f 5034 5035 5191
f 5191 5035 5192
f 5035 5036 5192
f 5192 5036 5193
f 5036 5037 5193
f 5193 5037 5194
f 5037 5038 5194
f 5194 5038 5195
f 5038 5039 5195
f 5195 5039 5196
f 5039 5040 5196
f 5196 5040 5197
f 5040 5041 5197
f 5197 5041 5198
f 5041 5042 5198
f 5198 5042 5199
f 5042 5043 5199
f 5199 5043 5200
f 5043 5044 5200
f 5200 5044 5201
f 5044 5045 5201
f 5201 5045 5202
f 5045 5046 5202
f 5202 5046 5203
f 5046 5047 5203
f 5203 5047 5204
f 5047 5048 5204
f 5204 5048 5205
f 5048 5049 5205
f 5205 5049 5206
f 5049 5050 5206
f 5206 5050 5207
f 5050 5051 5207
f 5207 5051 5208
f 5051 5052 5208
f 5208 5052 5209
f 5052 5053 5209
f 5209 5053 5210
f 5053 5054 5210
f 5210 5054 5211
f 5054 5055 5211
f 5211 5055 5212
f 5055 5056 5212
f 5212 5056 5213
f 5056 5057 5213
f 5213 5057 5214
f 5057 5058 5214
f 5214 5058 5215
f 5058 5059 5215
f 5215 5059 5216
f 5059 5060 5216
f 5216 5060 5217
f 5060 5061 5217
f 5217 5061 5218
f 5061 5062 5218
f 5218 5062 5219
f 5062 5063 5219
f 5219 5063 5220
f 5063 5064 5220
f 5220 5064 5221
f 5064 5065 5221
f 5221 5065 5222
f 5065 5066 5222
f 5222 5066 5223
f 5066 5067 5223
f 5223 5067 5224
f 5067 5068 5224
f 5224 5068 5225
f 5068 5069 5225
f 5225 5069 5226
f 5069 5070 5226
f 5226 5070 5227
f 5070 5071 5227
f 5227 5071 5228
f 5071 5072 5228
f 5228 5072 5229
f 5072 5073 5229
f 5229 5073 5230
f 5073 5074 5230
f 5230 5074 5231
f 5074 5075 5231
f 5231 5075 5232
f 5075 5076 5232
f 5232 5076 5233
f 5076 5077 5233
f 5233 5077 5234
f 5077 5078 5234
f 5234 5078 5235
f 5078 5079 5235
f 5235 5079 5236
f 5079 5080 5236
f 5236 5080 5237
f 5080 5081 5237
f 5237 5081 5238
f 5081 5082 5238
f 5238 5082 5239
f 5082 5083 5239
f 5239 5083 5240
f 5083 5084 5240
f 5240 5084 5241
f 5084 5085 5241
f 5241 5085 5242
f 5085 5086 5242
f 5242 5086 5243
f 5086 5087 5243
f 5243 5087 5244
f 5087 5088 5244
f 5244 5088 5245
f 5088 5089 5245
f 5245 5089 5246
f 5089 5090 5246
f 5246 5090 5247
f 5090 5091 5247
f 5247 5091 5248
f 5091 5092 5248
f 5248 5092 5249
f 5092 5093 5249
f 5249 5093 5250
f 5093 5094 5250
f 5250 5094 5251
f 5094 5095 5251
f 5251 5095 5252
f 5095 5096 5252
f 5252 5096 5253
f 5096 5097 5253
f 5253 5097 5254
f 5097 5098 5254
f 5254 5098 5255
f 5098 5099 5255
f 5255 5099 5256
f 5099 5100 5256
f 5256 5100 5257
f 5100 5101 5257
f 5257 5101 5258
f 5101 5102 5258
f 5258 5102 5259
f 5102 5103 5259
f 5259 5103 5260
f 5103 5104 5260
f 5260 5104 5261
f 5104 5105 5261
f 5261 5105 5262
f 5105 5106 5262
f 5262 5106 5263
f 5106 5107 5263
f 5263 5107 5264
f 5107 5108 5264
f 5264 5108 5265
f 5108 5109 5265
f 5265 5109 5266
f 5109 5110 5266
f 5266 5110 5267
f 5110 5111 5267
f 5267 5111 5268
f 5111 5112 5268
f 5268 5112 5269
f 5112 5113 5269
f 5269 5113 5270
f 5113 5114 5270
f 5270 5114 5271
f 5114 5115 5271
f 5271 5115 5272
f 5115 5116 5272
f 5272 5116 5273
f 5116 5117 5273
f 5273 5117 5274
f 5117 5118 5274
f 5274 5118 5275
f 5118 5119 5275
f 5275 5119 5276
f 5119 5120 5276
f 5276 5120 5277
f 5120 5121 5277
f 5277 5121 5278
f 5121 5122 5278
f 5278 5122 5279
f 5122 5123 5279
f 5279 5123 5280
f 5281 5124 5282
f 5281 5280 5124
f 5280 5123 5124
f 5281 5282 5283
f 5124 5125 5282
f 5282 5125 5126
f 5282 5126 5283
f 5283 5126 5284
f 5126 5127 5284
f 5284 5127 5285
f 5127 5286 5285
f 5128 5286 5127
f 5286 5128 5129
f 5287 5286 5129
f 5129 5288 5287
f 5130 5288 5129
f 5131 5289 5130
f 5130 5289 5288
f 5289 5131 5132
f 5290 5289 5132
f 5135 5292 5293
f 5134 5292 5135
f 5291 5133 5135
f 5293 5291 5135
f 5134 5136 5292
f 5292 5136 5294
f 5138 5295 5296
f 5137 5295 5138
f 5294 5136 5138
f 5296 5294 5138
f 5137 5139 5295
f 5295 5139 5297
f 5139 5140 5297
f 5297 5140 5298
f 5140 5141 5298
f 5298 5141 5299
f 5141 5142 5299
f 5299 5142 5300
f 5142 5143 5300
f 5300 5143 5301
f 5143 5144 5301
f 5301 5144 5302
f 5144 5145 5302
f 5302 5145 5303
f 5145 5146 5303
f 5303 5146 5304
f 5146 5147 5304
f 5304 5147 5305
f 5147 5148 5305
f 5305 5148 5306
f 5148 5149 5306
f 5306 5149 5307
f 5149 5150 5307
f 5307 5150 5308
f 5150 5151 5308
f 5308 5151 5309
f 5151 5152 5309
f 5309 5152 5310
f 5152 5153 5310
f 5310 5153 5311
f 5153 5154 5311
f 5311 5154 5312
f 5154 5155 5312
f 5312 5155 5313
f 5155 5156 5313
f 5313 5156 5314
f 5156 5157 5314
f 5314 5157 5315
f 5157 5158 5315
f 5315 5158 5316
f 5158 5159 5316
f 5316 5159 5317
f 5159 5160 5317
f 5317 5160 5318
f 5160 5161 5318
f 5318 5161 5319
f 5161 5162 5319
f 5319 5162 5320
f 5162 5163 5320
f 5320 5163 5321
f 5163 5164 5321
f 5321 5164 5322
f 5164 5165 5322
f 5322 5165 5323
f 5165 5166 5323
f 5323 5166 5324
f 5166 5167 5324
f 5324 5167 5325
f 5167 5168 5325
f 5325 5168 5326
f 5168 5169 5326
f 5326 5169 5327
f 5169 5170 5327
f 5327 5170 5328
f 5170 5171 5328
f 5328 5171 5329
f 5171 5172 5329
f 5329 5172 5330
f 5172 5173 5330
f 5330 5173 5331
f 5173 5174 5331
f 5331 5174 5332
f 5174 5175 5332
f 5332 5175 5333
f 5175 5176 5333
f 5333 5176 5334
f 5176 5177 5334
f 5334 5177 5335
f 5177 5178 5335
f 5335 5178 5336
f 5178 5179 5336
f 5336 5179 5337
f 5179 5180 5337
f 5337 5180 5338
f 5180 5181 5338
f 5338 5181 5339
f 5181 5182 5339
f 5339 5182 5340
f 5182 5183 5340
f 5340 5183 5341
f 5183 5184 5341
f 5341 5184 5342
f 5184 5185 5342
f 5342 5185 5343
f 5185 5186 5343
f 5343 5186 5344
f 5186 5187 5344
f 5344 5187 5345
f 5187 5188 5345
f 5345 5188 5346
f 5188 5189 5346
f 5346 5189 5347
f 5189 5190 5347
f 5347 5190 5348
f 5190 5191 5348
f 5348 5191 5349
f 5191 5192 5349
f 5349 5192 5350
f 5192 5193 5350
f 5350 5193 5351
f 5193 5194 5351
f 5351 5194 5352
f 5194 5195 5352
f 5352 5195 5353
f 5195 5196 5353
f 5353 5196 5354
f 5196 5197 5354
f 5354 5197 5355
f 5197 5198 5355
f 5355 5198 5356
f 5198 5199 5356
f 5356 5199 5357
f 5199 5200 5357
f 5357 5200 5358
f 5200 5201 5358
f 5358 5201 5359
f 5201 5202 5359
f 5359 5202 5360
f 5202 5203 5360
f 5360 5203 5361
f 5203 5204 5361
f 5361 5204 5362
f 5204 5205 5362
f 5362 5205 5363
f 5205 5206 5363
f 5363 5206 5364
f 5206 5207 5364
f 5364 5207 5365
f 5207 5208 5365
f 5365 5208 5366
f 5208 5209 5366
f 5366 5209 5367
f 5209 5210 5367
f 5367 5210 5368
f 5210 5211 5368
f 5368 5211 5369
f 5211 5212 5369
f 5369 5212 5370
f 5212 5213 5370
f 5370 5213 5371
f 5213 5214 5371
f 5371 5214 5372
f 5214 5215 5372
f 5372 5215 5373
f 5215 5216 5373
f 5373 5216 5374
f 5216 5217 5374
f 5374 5217 5375
f 5217 5218 5375
f 5375 5218 5376
f 5218 5219 5376
f 5376 5219 5377
f 5219 5220 5377
f 5377 5220 5378
f 5220 5221 5378
f 5378 5221 5379
f 5221 5222 5379
f 5379 5222 5380
f 5222 5223 5380
f 5380 5223 5381
f 5223 5224 5381
f 5381 5224 5382
f 5224 5225 5382
f 5382 5225 5383
f 5225 5226 5383
f 5383 5226 5384
f 5226 5227 5384
f 5384 5227 5385
f 5227 5228 5385
f 5385 5228 5386
f 5228 5229 5386
f 5386 5229 5387
f 5229 5230 5387
f 5387 5230 5388
f 5230 5231 5388
f 5388 5231 5389
f 5231 5232 5389
f 5389 5232 5390
f 5232 5233 5390
f 5390 5233 5391
f 5233 5234 5391
f 5391 5234 5392
f 5234 5235 5392
f 5392 5235 5393
f 5235 5236 5393
f 5393 5236 5394
f 5236 5237 5394
f 5394 5237 5395
f 5237 5238 5395
f 5395 5238 5396
f 5238 5239 5396
f 5396 5239 5397
f 5239 5240 5397
f 5397 5240 5398
f 5240 5241 5398
f 5398 5241 5399
f 5241 5242 5399
f 5399 5242 5400
f 5242 5243 5400
f 5400 5243 5401
f 5243 5244 5401
f 5401 5244 5402
f 5244 5245 5402
f 5402 5245 5403
f 5245 5246 5403
f 5403 5246 5404
f 5246 5247 5404
f 5404 5247 5405
f 5247 5248 5405
f 5405 5248 5406
f 5248 5249 5406
f 5406 5249 5407
f 5249 5250 5407
f 5407 5250 5408
f 5250 5251 5408
f 5408 5251 5409
f 5251 5252 5409
f 5409 5252 5410
f 5252 5253 5410
f 5410 5253 5411
f 5253 5254 5411
f 5411 5254 5412
f 5254 5255 5412
f 5412 5255 5413
f 5255 5256 5413
f 5413 5256 5414
f 5256 5257 5414
f 5414 5257 5415
f 5257 5258 5415
f 5415 5258 5416
f 5258 5259 5416
f 5416 5259 5417
f 5259 5260 5417
f 5417 5260 5418
f 5260 5261 5418
f 5418 5261 5419
f 5261 5262 5419
f 5419 5262 5420
f 5262 5263 5420
f 5420 5263 5421
f 5263 5264 5421
f 5421 5264 5422
f 5264 5265 5422
f 5422 5265 5423
f 5265 5266 5423
f 5423 5266 5424
f 5266 5267 5424
f 5424 5267 5425
f 5267 5268 5425
f 5425 5268 5426
f 5268 5269 5426
f 5426 5269 5427
f 5269 5270 5427
f 5427 5270 5428
f 5270 5271 5428
f 5428 5271 5429
f 5271 5272 5429
f 5429 5272 5430
f 5272 5273 5430
f 5430 5273 5431
f 5273 5274 5431
f 5431 5274 5432
f 5274 5275 5432
f 5432 5275 5433
f 5275 5276 5433
f 5433 5276 5434
f 5276 5277 5434
f 5434 5277 5435
f 5277 5278 5435
f 5435 5278 5436
f 5278 5279 5436
f 5436 5279 5437
f 5279 5280 5437
f 5437 5280 5438
f 5280 5439 5438
f 5281 5439 5280
f 5439 5281 5283
f 5440 5439 5283
f 5283 5284 5440
f 5440 5284 5441
f 5284 5285 5441
f 5441 5285 5442
f 5285 5443 5442
f 5286 5443 5285
f 5443 5286 5287
f 5444 5443 5287
f 5287 5445 5444
f 5288 5445 5287
f 5289 5446 5288
f 5288 5446 5445
f 5446 5289 5290
f 5447 5446 5290
f 5293 5449 5450
f 5292 5449 5293
f 5448 5291 5293
f 5450 5448 5293
f 5292 5294 5449
f 5449 5294 5451
f 5296 5452 5453
f 5295 5452 5296
f 5451 5294 5296
f 5453 5451 5296
f 5295 5297 5452
f 5452 5297 5454
f 5297 5298 5454
f 5454 5298 5455
f 5298 5299 5455
f 5455 5299 5456
f 5299 5300 5456
f 5456 5300 5457
f 5300 5301 5457
f 5457 5301 5458
f 5301 5302 5458
f 5458 5302 5459
f 5302 5303 5459
f 5459 5303 5460
f 5303 5304 5460
f 5460 5304 5461
f 5304 5305 5461
f 5461 5305 5462
f 5305 5306 5462
f 5462 5306 5463
f 5306 5307 5463
f 5463 5307 5464
f 5307 5308 5464
f 5464 5308 5465
f 5308 5309 5465
f 5465 5309 5466
f 5309 5310 5466
f 5466 5310 5467
f 5310 5311 5467
f 5467 5311 5468
f 5311 5312 5468
f 5468 5312 5469
f 5312 5313 5469
f 5469 5313 5470
f 5313 5314 5470
f 5470 5314 5471
f 5314 5315 5471
f 5471 5315 5472
f 5315 5316 5472
f 5472 5316 5473
f 5316 5317 5473
f 5473 5317 5474
f 5317 5318 5474
f 5474 5318 5475
f 5318 5319 5475
f 5475 5319 5476
f 5319 5320 5476
f 5476 5320 5477
f 5320 5321 5477
f 5477 5321 5478
f 5321 5322 5478
f 5478 5322 5479
f 5322 5323 5479
f 5479 5323 5480
f 5323 5324 5480
f 5480 5324 5481
f 5324 5325 5481
f 5481 5325 5482
f 5325 5326 5482
f 5482 5326 5483
f 5326 5327 5483
f 5483 5327 5484
f 5327 5328 5484
f 5484 5328 5485
f 5328 5329 5485
f 5485 5329 5486
f 5329 5330 5486
f 5486 5330 5487
f 5330 5331 5487
f 5487 5331 5488
f 5331 5332 5488
f 5488 5332 5489
f 5332 5333 5489
f 5489 5333 5490
f 5333 5334 5490
f 5490 5334 5491
f 5334 5335 5491
f 5491 5335 5492
f 5335 5336 5492
f 5492 5336 5493
f 5336 5337 5493
f 5493 5337 5494
f 5337 5338 5494
f 5494 5338 5495
f 5338 5339 5495
f 5495 5339 5496
f 5339 5340 5496
f 5496 5340 5497
f 5340 5341 5497
f 5497 5341 5498
f 5341 5342 5498
f 5498 5342 5499
f 5342 5343 5499
f 5499 5343 5500
f 5343 5344 5500
f 5500 5344 5501
f 5344 5345 5501
f 5501 5345 5502
f 5345 5346 5502
f 5502 5346 5503
f 5346 5347 5503
f 5503 5347 5504
f 5347 5348 5504
f 5504 5348 5505
f 5348 5349 5505
f 5505 5349 5506
f 5349 5350 5506
f 5506 5350 5507
f 5350 5351 5507
f 5507 5351 5508
f 5351 5352 5508
f 5508 5352 5509
f 5352 5353 5509
f 5509 5353 5510
f 5353 5354 5510
f 5510 5354 5511
f 5354 5355 5511
f 5511 5355 5512
f 5355 5356 5512
f 5512 5356 5513
f 5356 5357 5513
f 5513 5357 5514
f 5357 5358 5514
f 5514 5358 5515
f 5358 5359 5515
f 5515 5359 5516
f 5359 5360 5516
f 5516 5360 5517
f 5360 5361 5517
f 5517 5361 5518
f 5361 5362 5518
f 5518 5362 5519
f 5362 5363 5519
f 5519 5363 5520
f 5363 5364 5520
f 5520 5364 5521
f 5364 5365 5521
f 5521 5365 5522
f 5365 5366 5522
f 5522 5366 5523
f 5366 5367 5523
f 5523 5367 5524
f 5367 5368 5524
f 5524 5368 5525
f 5368 5369 5525
f 5525 5369 5526
f 5369 5370 5526
f 5526 5370 5527
f 5370 5371 5527
f 5527 5371 5528
f 5371 5372 5528
f 5528 5372 5529
f 5372 5373 5529
f 5529 5373 5530
f 5373 5374 5530
f 5530 5374 5531
f 5374 5375 5531
f 5531 5375 5532
f 5375 5376 5532
f 5532 5376 5533
f 5376 5377 5533
f 5533 5377 5534
f 5377 5378 5534
f 5534 5378 5535
f 5378 5379 5535
f 5535 5379 5536
f 5379 5380 5536
f 5536 5380 5537
f 5380 5381 5537
f 5537 5381 5538
f 5381 5382 5538
f 5538 5382 5539
f 5382 5383 5539
f 5539 5383 5540
f 5383 5384 5540
f 5540 5384 5541
f 5384 5385 5541
f 5541 5385 5542
f 5385 5386 5542
f 5542 5386 5543
f 5386 5387 5543
f 5543 5387 5544
f 5387 5388 5544
f 5544 5388 5545
f 5388 5389 5545
f 5545 5389 5546
f 5389 5390 5546
f 5546 5390 5547
f 5390 5391 5547
f 5547 5391 5548
f 5391 5392 5548
f 5548 5392 5549
f 5392 5393 5549
f 5549 5393 5550
f 5393 5394 5550
f 5550 5394 5551
f 5394 5395 5551
f 5551 5395 5552
f 5395 5396 5552
f 5552 5396 5553
f 5396 5397 5553
f 5553 5397 5554
f 5397 5398 5554
f 5554 5398 5555
f 5398 5399 5555
f 5555 5399 5556
f 5399 5400 5556
f 5556 5400 5557
f 5400 5401 5557
f 5557 5401 5558
f 5401 5402 5558
f 5558 5402 5559
f 5402 5403 5559
f 5559 5403 5560
f 5403 5404 5560
f 5560 5404 5561
f 5404 5405 5561
f 5561 5405 5562
f 5405 5406 5562
f 5562 5406 5563
f 5406 5407 5563
f 5563 5407 5564
f 5407 5408 5564
f 5564 5408 5565
f 5408 5409 5565
f 5565 5409 5566
f 5409 5410 5566
f 5566 5410 5567
f 5410 5411 5567
f 5567 5411 5568
f 5411 5412 5568
f 5568 5412 5569
f 5412 5413 5569
f 5569 5413 5570
f 5413 5414 5570
f 5570 5414 5571
f 5414 5415 5571
f 5571 5415 5572
f 5415 5416 5572
f 5572 5416 5573
f 5416 5417 5573
f 5573 5417 5574
f 5417 5418 5574
f 5574 5418 5575
f 5418 5419 5575
f 5575 5419 5576
f 5419 5420 5576
f 5576 5420 5577
f 5420 5421 5577
f 5577 5421 5578
f 5421 5422 5578
f 5578 5422 5579
f 5422 5423 5579
f 5579 5423 5580
f 5423 5424 5580
f 5580 5424 5581
f 5424 5425 5581
f 5581 5425 5582
f 5425 5426 5582
f 5582 5426 5583
f 5426 5427 5583
f 5583 5427 5584
f 5427 5428 5584
f 5584 5428 5585
f 5428 5429 5585
f 5585 5429 5586
f 5429 5430 5586
f 5586 5430 5587
f 5430 5431 5587
f 5587 5431 5588
f 5431 5432 5588
f 5588 5432 5589
f 5432 5433 5589
f 5589 5433 5590
f 5433 5434 5590
f 5590 5434 5591
f 5434 5435 5591
f 5591 5435 5592
f 5435 5436 5592
f 5592 5436 5593
f 5436 5437 5593
f 5593 5437 5594
f 5437 5438 5594
f 5594 5438 5595
f 5438 5596 5595
f 5439 5596 5438
f 5596 5439 5440
f 5597 5596 5440
f 5440 5441 5597
f 5597 5441 5598
f 5599 5442 5600
f 5599 5598 5442
f 5598 5441 5442
f 5599 5600 5601
f 5442 5443 5600
f 5444 5602 5603
f 5443 5444 5603
f 5443 5603 5601
f 5443 5601 5600
f 5603 5602 5604
f 5444 5445 5602
f 5602 5605 5604
f 5602 5445 5605
f 5445 5446 5605
f 5605 5446 5447
f 5606 5605 5447
f 5450 5608 5609
f 5449 5608 5450
f 5607 5448 5450
f 5609 5607 5450
f 5449 5451 5608
f 5608 5451 5610
f 5453 5452 5611
f 5453 5611 5612
f 5453 5612 5451
f 5451 5612 5610
f 5611 5613 5614
f 5611 5452 5613
f 5452 5454 5613
f 5612 5611 5614
f 5454 5455 5613
f 5613 5455 5615
f 5455 5456 5615
f 5615 5456 5616
f 5456 5457 5616
f 5616 5457 5617
f 5457 5458 5617
f 5617 5458 5618
f 5458 5459 5618
f 5618 5459 5619
f 5459 5460 5619
f 5619 5460 5620
f 5460 5461 5620
f 5620 5461 5621
f 5461 5462 5621
f 5621 5462 5622
f 5462 5463 5622
f 5622 5463 5623
f 5463 5464 5623
f 5623 5464 5624
f 5464 5465 5624
f 5624 5465 5625
f 5465 5466 5625
f 5625 5466 5626
f 5466 5467 5626
f 5626 5467 5627
f 5467 5468 5627
f 5627 5468 5628
f 5468 5469 5628
f 5628 5469 5629
f 5469 5470 5629
f 5629 5470 5630
f 5470 5471 5630
f 5630 5471 5631
f 5471 5472 5631
f 5631 5472 5632
f 5472 5473 5632
f 5632 5473 5633
f 5473 5474 5633
f 5633 5474 5634
f 5474 5475 5634
f 5634 5475 5635
f 5475 5476 5635
f 5635 5476 5636
f 5476 5477 5636
f 5636 5477 5637
f 5477 5478 5637
f 5637 5478 5638
f 5478 5479 5638
f 5638 5479 5639
f 5479 5480 5639
f 5639 5480 5640
f 5480 5481 5640
f 5640 5481 5641
f 5481 5482 5641
f 5641 5482 5642
f 5482 5483 5642
f 5642 5483 5643
f 5483 5484 5643
f 5643 5484 5644
f 5484 5485 5644
f 5644 5485 5645
f 5485 5486 5645
f 5645 5486 5646
f 5486 5487 5646
f 5646 5487 5647
f 5487 5488 5647
f 5647 5488 5648
f 5488 5489 5648
f 5648 5489 5649
f 5489 5490 5649
f 5649 5490 5650
f 5490 5491 5650
f 5650 5491 5651
f 5491 5492 5651
f 5651 5492 5652
f 5492 5493 5652
f 5652 5493 5653
f 5493 5494 5653
f 5653 5494 5654
f 5494 5495 5654
f 5654 5495 5655
f 5495 5496 5655
f 5655 5496 5656
f 5496 5497 5656
f 5656 5497 5657
f 5497 5498 5657
f 5657 5498 5658
f 5498 5499 5658
f 5658 5499 5659
f 5499 5500 5659
f 5659 5500 5660
f 5500 5501 5660
f 5660 5501 5661
f 5501 5502 5661
f 5661 5502 5662
f 5502 5503 5662
f 5662 5503 5663
f 5503 5504 5663
f 5663 5504 5664
f 5504 5505 5664
f 5664 5505 5665
f 5505 5506 5665
f 5665 5506 5666
f 5506 5507 5666
f 5666 5507 5667
f 5507 5508 5667
f 5667 5508 5668
f 5508 5509 5668
f 5668 5509 5669
f 5509 5510 5669
f 5669 5510 5670
f 5510 5511 5670
f 5670 5511 5671
f 5511 5512 5671
f 5671 5512 5672
f 5512 5513 5672
f 5672 5513 5673
f 5513 5514 5673
f 5673 5514 5674
f 5514 5515 5674
f 5674 5515 5675
f 5515 5516 5675
f 5675 5516 5676
f 5516 5517 5676
f 5676 5517 5677
f 5517 5518 5677
f 5677 5518 5678
f 5518 5519 5678
f 5678 5519 5679
f 5519 5520 5679
f 5679 5520 5680
f 5520 5521 5680
f 5680 5521 5681
f 5521 5522 5681
f 5681 5522 5682
f 5522 5523 5682
f 5682 5523 5683
f 5523 5524 5683
f 5683 5524 5684
f 5524 5525 5684
f 5684 5525 5685
f 5525 5526 5685
f 5685 5526 5686
f 5526 5527 5686
f 5686 5527 5687
f 5527 5528 5687
f 5687 5528 5688
f 5528 5529 5688
f 5688 5529 5689
f 5529 5530 5689
f 5689 5530 5690
f 5530 5531 5690
f 5690 5531 5691
f 5531 5532 5691
f 5691 5532 5692
f 5532 5533 5692
f 5692 5533 5693
f 5533 5534 5693
f 5693 5534 5694
f 5534 5535 5694
f 5694 5535 5695
f 5535 5536 5695
f 5695 5536 5696
f 5536 5537 5696
f 5696 5537 5697
f 5537 5538 5697
f 5697 5538 5698
f 5538 5539 5698
f 5698 5539 5699
f 5539 5540 5699
f 5699 5540 5700
f 5540 5541 5700
f 5700 5541 5701
f 5541 5542 5701
f 5701 5542 5702
f 5542 5543 5702
f 5702 5543 5703
f 5543 5544 5703
f 5703 5544 5704
f 5544 5545 5704
f 5704 5545 5705
f 5545 5546 5705
f 5705 5546 5706
f 5546 5547 5706
f 5706 5547 5707
f 5547 5548 5707
f 5707 5548 5708
f 5548 5549 5708
f 5708 5549 5709
f 5549 5550 5709
f 5709 5550 5710
f 5550 5551 5710
f 5710 5551 5711
f 5551 5552 5711
f 5711 5552 5712
f 5552 5553 5712
f 5712 5553 5713
f 5553 5554 5713
f 5713 5554 5714
f 5554 5555 5714
f 5714 5555 5715
f 5555 5556 5715
f 5715 5556 5716
f 5556 5557 5716
f 5716 5557 5717
f 5557 5558 5717
f 5717 5558 5718
f 5558 5559 5718
f 5718 5559 5719
f 5559 5560 5719
f 5719 5560 5720
f 5560 5561 5720
f 5720 5561 5721
f 5561 5562 5721
f 5721 5562 5722
f 5562 5563 5722
f 5722 5563 5723
f 5563 5564 5723
f 5723 5564 5724
f 5564 5565 5724
f 5724 5565 5725
f 5565 5566 5725
f 5725 5566 5726
f 5566 5567 5726
f 5726 5567 5727
f 5567 5568 5727
f 5727 5568 5728
f 5568 5569 5728
f 5728 5569 5729
f 5569 5570 5729
f 5729 5570 5730
f 5570 5571 5730
f 5730 5571 5731
f 5571 5572 5731
f 5731 5572 5732
f 5572 5573 5732
f 5732 5573 5733
f 5573 5574 5733
f 5733 5574 5734
f 5574 5575 5734
f 5734 5575 5735
f 5575 5576 5735
f 5735 5576 5736
f 5576 5577 5736
f 5736 5577 5737
f 5577 5578 5737
f 5737 5578 5738
f 5578 5579 5738
f 5738 5579 5739
f 5579 5580 5739
f 5739 5580 5740
f 5580 5581 5740
f 5740 5581 5741
f 5581 5582 5741
f 5741 5582 5742
f 5582 5583 5742
f 5742 5583 5743
f 5583 5584 5743
f 5743 5584 5744
f 5584 5585 5744
f 5744 5585 5745
f 5585 5586 5745
f 5745 5586 5746
f 5586 5587 5746
f 5746 5587 5747
f 5587 5588 5747
f 5747 5588 5748
f 5588 5589 5748
f 5748 5589 5749
f 5589 5590 5749
f 5749 5590 5750
f 5590 5591 5750
f 5750 5591 5751
f 5591 5592 5751
f 5751 5592 5752
f 5592 5593 5752
f 5752 5593 5753
f 5593 5594 5753
f 5753 5594 5754
f 5594 5595 5754
f 5754 5595 5755
f 5595 5756 5755
f 5596 5756 5595
f 5756 5596 5597
f 5757 5756 5597
f 5597 5598 5757
f 5757 5598 5758
f 5598 5759 5758
f 5599 5759 5598
f 5759 5599 5601
f 5760 5759 5601
f 5601 5761 5760
f 5603 5761 5601
f 5761 5603 5604
f 5762 5761 5604
f 5604 5763 5762
f 5605 5763 5604
f 5763 5605 5606
f 5764 5763 5606
f 5609 5766 5767
f 5608 5766 5609
f 5765 5607 5609
f 5767 5765 5609
f 5608 5610 5766
f 5766 5610 5768
f 5610 5612 5768
f 5768 5612 5769
f 5614 5770 5771
f 5613 5770 5614
f 5769 5612 5614
f 5771 5769 5614
f 5613 5615 5770
f 5770 5615 5772
f 5615 5616 5772
f 5772 5616 5773
f 5616 5617 5773
f 5773 5617 5774
f 5617 5618 5774
f 5774 5618 5775
f 5618 5619 5775
f 5775 5619 5776
f 5619 5620 5776
f 5776 5620 5777
f 5620 5621 5777
f 5777 5621 5778
f 5621 5622 5778
f 5778 5622 5779
f 5622 5623 5779
f 5779 5623 5780
f 5623 5624 5780
f 5780 5624 5781
f 5624 5625 5781
f 5781 5625 5782
f 5625 5626 5782
f 5782 5626 5783
f 5626 5627 5783
f 5783 5627 5784
f 5627 5628 5784
f 5784 5628 5785
f 5628 5629 5785
f 5785 5629 5786
f 5629 5630 5786
f 5786 5630 5787
f 5630 5631 5787
f 5787 5631 5788
f 5631 5632 5788
f 5788 5632 5789
f 5632 5633 5789
f 5789 5633 5790
f 5633 5634 5790
f 5790 5634 5791
f 5634 5635 5791
f 5791 5635 5792
f 5635 5636 5792
f 5792 5636 5793
f 5636 5637 5793
f 5793 5637 5794
f 5637 5638 5794
f 5794 5638 5795
f 5638 5639 5795
f 5795 5639 5796
f 5639 5640 5796
f 5796 5640 5797
f 5640 5641 5797
f 5797 5641 5798
f 5641 5642 5798
f 5798 5642 5799
f 5642 5643 5799
f 5799 5643 5800
f 5643 5644 5800
f 5800 5644 5801
f 5644 5645 5801
f 5801 5645 5802
f 5645 5646 5802
f 5802 5646 5803
f 5646 5647 5803
f 5803 5647 5804
f 5647 5648 5804
f 5804 5648 5805
f 5648 5649 5805
f 5805 5649 5806
f 5649 5650 5806
f 5806 5650 5807
f 5650 5651 5807
f 5807 5651 5808
f 5651 5652 5808
f 5808 5652 5809
f 5652 5653 5809
f 5809 5653 5810
f 5653 5654 5810
f 5810 5654 5811
f 5654 5655 5811
f 5811 5655 5812
f 5655 5656 5812
f 5812 5656 5813
f 5656 5657 5813
f 5813 5657 5814
f 5657 5658 5814
f 5814 5658 5815
f 5658 5659 5815
f 5815 5659 5816
f 5659 5660 5816
f 5816 5660 5817
f 5660 5661 5817
f 5817 5661 5818
f 5661 5662 5818
f 5818 5662 5819
f 5662 5663 5819
f 5819 5663 5820
f 5663 5664 5820
f 5820 5664 5821
f 5664 5665 5821
f 5821 5665 5822
f 5665 5666 5822
f 5822 5666 5823
f 5666 5667 5823
f 5823 5667 5824
f 5667 5668 5824
f 5824 5668 5825
f 5668 5669 5825
f 5825 5669 5826
f 5669 5670 5826
f 5826 5670 5827
f 5670 5671 5827
f 5827 5671 5828
f 5671 5672 5828
f 5828 5672 5829
f 5672 5673 5829
f 5829 5673 5830
f 5673 5674 5830
f 5830 5674 5831
f 5674 5675 5831
f 5831 5675 5832
f 5675 5676 5832
f 5832 5676 5833
f 5676 5677 5833
f 5833 5677 5834
f 5677 5678 5834
f 5834 5678 5835
f 5678 5679 5835
f 5835 5679 5836
f 5679 5680 5836
f 5836 5680 5837
f 5680 5681 5837
f 5837 5681 5838
f 5681 5682 5838
f 5838 5682 5839
f 5682 5683 5839
f 5839 5683 5840
f 5683 5684 5840
f 5840 5684 5841
f 5684 5685 5841
f 5841 5685 5842
f 5685 5686 5842
f 5842 5686 5843
f 5686 5687 5843
f 5843 5687 5844
f 5687 5688 5844
f 5844 5688 5845
f 5688 5689 5845
f 5845 5689 5846
f 5689 5690 5846
f 5846 5690 5847
f 5690 5691 5847
f 5847 5691 5848
f 5691 5692 5848
f 5848 5692 5849
f 5692 5693 5849
f 5849 5693 5850
f 5693 5694 5850
f 5850 5694 5851
f 5694 5695 5851
f 5851 5695 5852
f 5695 5696 5852
f 5852 5696 5853
f 5696 5697 5853
f 5853 5697 5854
f 5697 5698 5854
f 5854 5698 5855
f 5698 5699 5855
f 5855 5699 5856
f 5699 5700 5856
f 5856 5700 5857
f 5700 5701 5857
f 5857 5701 5858
f 5701 5702 5858
f 5858 5702 5859
f 5702 5703 5859
f 5859 5703 5860
f 5703 5704 5860
f 5860 5704 5861
f 5704 5705 5861
f 5861 5705 5862
f 5705 5706 5862
f 5862 5706 5863
f 5706 5707 5863
f 5863 5707 5864
f 5707 5708 5864
f 5864 5708 5865
f 5708 5709 5865
f 5865 5709 5866
f 5709 5710 5866
f 5866 5710 5867
f 5710 5711 5867
f 5867 5711 5868
f 5711 5712 5868
f 5868 5712 5869
f 5712 5713 5869
f 5869 5713 5870
f 5713 5714 5870
f 5870 5714 5871
f 5714 5715 5871
f 5871 5715 5872
f 5715 5716 5872
f 5872 5716 5873
f 5716 5717 5873
f 5873 5717 5874
f 5717 5718 5874
f 5874 5718 5875
f 5718 5719 5875
f 5875 5719 5876
f 5719 5720 5876
f 5876 5720 5877
f 5720 5721 5877
f 5877 5721 5878
f 5721 5722 5878
f 5878 5722 5879
f 5722 5723 5879
f 5879 5723 5880
f 5723 5724 5880
f 5880 5724 5881
f 5724 5725 5881
f 5881 5725 5882
f 5725 5726 5882
f 5882 5726 5883
f 5726 5727 5883
f 5883 5727 5884
f 5727 5728 5884
f 5884 5728 5885
f 5728 5729 5885
f 5885 5729 5886
f 5729 5730 5886
f 5886 5730 5887
f 5730 5731 5887
f 5887 5731 5888
f 5731 5732 5888
f 5888 5732 5889
f 5732 5733 5889
f 5889 5733 5890
f 5733 5734 5890
f 5890 5734 5891
f 5734 5735 5891
f 5891 5735 5892
f 5735 5736 5892
f 5892 5736 5893
f 5736 5737 5893
f 5893 5737 5894
f 5737 5738 5894
f 5894 5738 5895
f 5738 5739 5895
f 5895 5739 5896
f 5739 5740 5896
f 5896 5740 5897
f 5740 5741 5897
f 5897 5741 5898
f 5741 5742 5898
f 5898 5742 5899
f 5742 5743 5899
f 5899 5743 5900
f 5743 5744 5900
f 5900 5744 5901
f 5744 5745 5901
f 5901 5745 5902
f 5745 5746 5902
f 5902 5746 5903
f 5746 5747 5903
f 5903 5747 5904
f 5747 5748 5904
f 5904 5748 5905
f 5748 5749 5905
f 5905 5749 5906
f 5749 5750 5906
f 5906 5750 5907
f 5750 5751 5907
f 5907 5751 5908
f 5751 5752 5908
f 5908 5752 5909
f 5752 5753 5909
f 5909 5753 5910
f 5753 5754 5910
f 5910 5754 5911
f 5754 5755 5911
f 5911 5755 5912
f 5755 5913 5912
f 5756 5913 5755
f 5913 5756 5757
f 5914 5913 5757
f 5757 5758 5914
f 5914 5758 5915
f 5758 5916 5915
f 5759 5916 5758
f 5916 5759 5760
f 5917 5916 5760
f 5760 5918 5917
f 5761 5918 5760
f 5918 5761 5762
f 5919 5918 5762
f 5762 5920 5919
f 5763 5920 5762
f 5920 5763 5764
f 5921 5920 5764
f 5767 5923 5924
f 5766 5923 5767
f 5922 5765 5767
f 5924 5922 5767
f 5766 5768 5923
f 5923 5768 5925
f 5768 5769 5925
f 5925 5769 5926
f 5771 5927 5928
f 5770 5927 5771
f 5926 5769 5771
f 5928 5926 5771
f 5770 5772 5927
f 5927 5772 5929
f 5772 5773 5929
f 5929 5773 5930
f 5773 5774 5930
f 5930 5774 5931
f 5774 5775 5931
f 5931 5775 5932
f 5775 5776 5932
f 5932 5776 5933
f 5776 5777 5933
f 5933 5777 5934
f 5777 5778 5934
f 5934 5778 5935
f 5778 5779 5935
f 5935 5779 5936
f 5779 5780 5936
f 5936 5780 5937
f 5780 5781 5937
f 5937 5781 5938
f 5781 5782 5938
f 5938 5782 5939
f 5782 5783 5939
f 5939 5783 5940
f 5783 5784 5940
f 5940 5784 5941
f 5784 5785 5941
f 5941 5785 5942
f 5785 5786 5942
f 5942 5786 5943
f 5786 5787 5943
f 5943 5787 5944
f 5787 5788 5944
f 5944 5788 5945
f 5788 5789 5945
f 5945 5789 5946
f 5789 5790 5946
f 5946 5790 5947
f 5790 5791 5947
f 5947 5791 5948
f 5791 5792 5948
f 5948 5792 5949
f 5792 5793 5949
f 5949 5793 5950
f 5793 5794 5950
f 5950 5794 5951
f 5794 5795 5951
f 5951 5795 5952
f 5795 5796 5952
f 5952 5796 5953
f 5796 5797 5953
f 5953 5797 5954
f 5797 5798 5954
f 5954 5798 5955
f 5798 5799 5955
f 5955 5799 5956
f 5799 5800 5956
f 5956 5800 5957
f 5800 5801 5957
f 5957 5801 5958
f 5801 5802 5958
f 5958 5802 5959
f 5802 5803 5959
f 5959 5803 5960
f 5803 5804 5960
f 5960 5804 5961
f 5804 5805 5961
f 5961 5805 5962
f 5805 5806 5962
f 5962 5806 5963
f 5806 5807 5963
f 5963 5807 5964
f 5807 5808 5964
f 5964 5808 5965
f 5808 5809 5965
f 5965 5809 5966
f 5809 5810 5966
f 5966 5810 5967
f 5810 5811 5967
f 5967 5811 5968
f 5811 5812 5968
f 5968 5812 5969
f 5812 5813 5969
f 5969 5813 5970
f 5813 5814 5970
f 5970 5814 5971
f 5814 5815 5971
f 5971 5815 5972
f 5815 5816 5972
f 5972 5816 5973
f 5816 5817 5973
f 5973 5817 5974
f 5817 5818 5974
f 5974 5818 5975
f 5818 5819 5975
f 5975 5819 5976
f 5819 5820 5976
f 5976 5820 5977
f 5820 5821 5977
f 5977 5821 5978
f 5821 5822 5978
f 5978 5822 5979
f 5822 5823 5979
f 5979 5823 5980
f 5823 5824 5980
f 5980 5824 5981
f 5824 5825 5981
f 5981 5825 5982
f 5825 5826 5982
f 5982 5826 5983
f 5826 5827 5983
f 5983 5827 5984
f 5827 5828 5984
f 5984 5828 5985
f 5828 5829 5985
f 5985 5829 5986
f 5829 5830 5986
f 5986 5830 5987
f 5830 5831 5987
f 5987 5831 5988
f 5831 5832 5988
f 5988 5832 5989
f 5832 5833 5989
f 5989 5833 5990
f 5833 5834 5990
f 5990 5834 5991
f 5834 5835 5991
f 5991 5835 5992
f 5835 5836 5992
f 5992 5836 5993
f 5836 5837 5993
f 5993 5837 5994
f 5837 5838 5994
f 5994 5838 5995
f 5838 5839 5995
f 5995 5839 5996
f 5839 5840 5996
f 5996 5840 5997
f 5840 5841 5997
f 5997 5841 5998
f 5841 5842 5998
f 5998 5842 5999
f 5842 5843 5999
f 5999 5843 6000
f 5843 5844 6000
f 6000 5844 6001
f 5844 5845 6001
f 6001 5845 6002
f 5845 5846 6002
f 6002 5846 6003
f 5846 5847 6003
f 6003 5847 6004
f 5847 5848 6004
f 6004 5848 6005
f 5848 5849 6005
f 6005 5849 6006
f 5849 5850 6006
f 6006 5850 6007
f 5850 5851 6007
f 6007 5851 6008
f 5851 5852 6008
f 6008 5852 6009
f 5852 5853 6009
f 6009 5853 6010
f 5853 5854 6010
f 6010 5854 6011
f 5854 5855 6011
f 6011 5855 6012
f 5855 5856 6012
f 6012 5856 6013
f 5856 5857 6013
f 6013 5857 6014
f 5857 5858 6014
f 6014 5858 6015
f 5858 5859 6015
f 6015 5859 6016
f 5859 5860 6016
f 6016 5860 6017
f 5860 5861 6017
f 6017 5861 6018
f 5861 5862 6018
f 6018 5862 6019
f 5862 5863 6019
f 6019 5863 6020
f 5863 5864 6020
f 6020 5864 6021
f 5864 5865 6021
f 6021 5865 6022
f 5865 5866 6022
f 6022 5866 6023
f 5866 5867 6023
f 6023 5867 6024
f 5867 5868 6024
f 6024 5868 6025
f 5868 5869 6025
f 6025 5869 6026
f 5869 5870 6026
f 6026 5870 6027
f 5870 5871 6027
f 6027 5871 6028
f 5871 5872 6028
f 6028 5872 6029
f 5872 5873 6029
f 6029 5873 6030
f 5873 5874 6030
f 6030 5874 6031
f 5874 5875 6031
f 6031 5875 6032
f 5875 5876 6032
f 6032 5876 6033
f 5876 5877 6033
f 6033 5877 6034
f 5877 5878 6034
f 6034 5878 6035
f 5878 5879 6035
f 6035 5879 6036
f 5879 5880 6036
f 6036 5880 6037
f 5880 5881 6037
f 6037 5881 6038
f 5881 5882 6038
f 6038 5882 6039
f 5882 5883 6039
f 6039 5883 6040
f 5883 5884 6040
f 6040 5884 6041
f 5884 5885 6041
f 6041 5885 6042
f 5885 5886 6042
f 6042 5886 6043
f 5886 5887 6043
f 6043 5887 6044
f 5887 5888 6044
f 6044 5888 6045
f 5888 5889 6045
f 6045 5889 6046
f 5889 5890 6046
f 6046 5890 6047
f 5890 5891 6047
f 6047 5891 6048
f 5891 5892 6048
f 6048 5892 6049
f 5892 5893 6049
f 6049 5893 6050
f 5893 5894 6050
f 6050 5894 6051
f 5894 5895 6051
f 6051 5895 6052
f 5895 5896 6052
f 6052 5896 6053
f 5896 5897 6053
f 6053 5897 6054
f 5897 5898 6054
f 6054 5898 6055
f 5898 5899 6055
f 6055 5899 6056
f 5899 5900 6056
f 6056 5900 6057
f 5900 5901 6057
f 6057 5901 6058
f 5901 5902 6058
f 6058 5902 6059
f 5902 5903 6059
f 6059 5903 6060
f 5903 5904 6060
f 6060 5904 6061
f 5904 5905 6061
f 6061 5905 6062
f 5905 5906 6062
f 6062 5906 6063
f 5906 5907 6063
f 6063 5907 6064
f 5907 5908 6064
f 6064 5908 6065
f 5908 5909 6065
f 6065 5909 6066
f 5909 5910 6066
f 6066 5910 6067
f 5910 5911 6067
f 6067 5911 6068
f 5911 5912 6068
f 6068 5912 6069
f 5912 6070 6069
f 5913 6070 5912
f 6070 5913 5914
f 6071 6070 5914
f 5914 5915 6071
f 6071 5915 6072
f 5915 6073 6072
f 5916 6073 5915
f 6073 5916 5917
f 6074 6073 5917
f 5917 6075 6074
f 5918 6075 5917
f 6075 5918 5919
f 6076 6075 5919
f 5919 6077 6076
f 5920 6077 5919
f 6077 5920 5921
f 6078 6077 5921
f 5924 6080 6081
f 5923 6080 5924
f 6079 5922 5924
f 6081 6079 5924
f 5923 5925 6080
f 6080 5925 6082
f 5925 5926 6082
f 6082 5926 6083
f 5928 6084 6085
f 5927 6084 5928
f 6083 5926 5928
f 6085 6083 5928
f 5927 5929 6084
f 6084 5929 6086
f 5929 5930 6086
f 6086 5930 6087
f 5930 5931 6087
f 6087 5931 6088
f 5931 5932 6088
f 6088 5932 6089
f 5932 5933 6089
f 6089 5933 6090
f 5933 5934 6090
f 6090 5934 6091
f 5934 5935 6091
f 6091 5935 6092
f 5935 5936 6092
f 6092 5936 6093
f 5936 5937 6093
f 6093 5937 6094
f 5937 5938 6094
f 6094 5938 6095
f 5938 5939 6095
f 6095 5939 6096
f 5939 5940 6096
f 6096 5940 6097
f 5940 5941 6097
f 6097 5941 6098
f 5941 5942 6098
f 6098 5942 6099
f 5942 5943 6099
f 6099 5943 6100
f 5943 5944 6100
f 6100 5944 6101
f 5944 5945 6101
f 6101 5945 6102
f 5945 5946 6102
f 6102 5946 6103
f 5946 5947 6103
f 6103 5947 6104
f 5947 5948 6104
f 6104 5948 6105
f 5948 5949 6105
f 6105 5949 6106
f 5949 5950 6106
f 6106 5950 6107
f 5950 5951 6107
f 6107 5951 6108
f 5951 5952 6108
f 6108 5952 6109
f 5952 5953 6109
f 6109 5953 6110
f 5953 5954 6110
f 6110 5954 6111
f 5954 5955 6111
f 6111 5955 6112
f 5955 5956 6112
f 6112 5956 6113
f 5956 5957 6113
f 6113 5957 6114
f 5957 5958 6114
f 6114 5958 6115
f 5958 5959 6115
f 6115 5959 6116
f 5959 5960 6116
f 6116 5960 6117
f 5960 5961 6117
f 6117 5961 6118
f 5961 5962 6118
f 6118 5962 6119
f 5962 5963 6119
f 6119 5963 6120
f 5963 5964 6120
f 6120 5964 6121
f 5964 5965 6121
f 6121 5965 6122
f 5965 5966 6122
f 6122 5966 6123
f 5966 5967 6123
f 6123 5967 6124
f 5967 5968 6124
f 6124 5968 6125
f 5968 5969 6125
f 6125 5969 6126
f 5969 5970 6126
f 6126 5970 6127
f 5970 5971 6127
f 6127 5971 6128
f 5971 5972 6128
f 6128 5972 6129
f 5972 5973 6129
f 6129 5973 6130
f 5973 5974 6130
f 6130 5974 6131
f 5974 5975 6131
f 6131 5975 6132
f 5975 5976 6132
f 6132 5976 6133
f 5976 5977 6133
f 6133 5977 6134
f 5977 5978 6134
f 6134 5978 6135
f 5978 5979 6135
f 6135 5979 6136
f 5979 5980 6136
f 6136 5980 6137
f 5980 5981 6137
f 6137 5981 6138
f 5981 5982 6138
f 6138 5982 6139
f 5982 5983 6139
f 6139 5983 6140
f 5983 5984 6140
f 6140 5984 6141
f 5984 5985 6141
f 6141 5985 6142
f 5985 5986 6142
f 6142 5986 6143
f 5986 5987 6143
f 6143 5987 6144
f 5987 5988 6144
f 6144 5988 6145
f 5988 5989 6145
f 6145 5989 6146
f 5989 5990 6146
f 6146 5990 6147
f 5990 5991 6147
f 6147 5991 6148
f 5991 5992 6148
f 6148 5992 6149
f 5992 5993 6149
f 6149 5993 6150
f 5993 5994 6150
f 6150 5994 6151
f 5994 5995 6151
f 6151 5995 6152
f 5995 5996 6152
f 6152 5996 6153
f 5996 5997 6153
f 6153 5997 6154
f 5997 5998 6154
f 6154 5998 6155
f 5998 5999 6155
f 6155 5999 6156
f 5999 6000 6156
f 6156 6000 6157
f 6000 6001 6157
f 6157 6001 6158
f 6001 6002 6158
f 6158 6002 6159
f 6002 6003 6159
f 6159 6003 6160
f 6003 6004 6160
f 6160 6004 6161
f 6004 6005 6161
f 6161 6005 6162
f 6005 6006 6162
f 6162 6006 6163
f 6006 6007 6163
f 6163 6007 6164
f 6007 6008 6164
f 6164 6008 6165
f 6008 6009 6165
f 6165 6009 6166
f 6009 6010 6166
f 6166 6010 6167
f 6010 6011 6167
f 6167 6011 6168
f 6011 6012 6168
f 6168 6012 6169
f 6012 6013 6169
f 6169 6013 6170
f 6013 6014 6170
f 6170 6014 6171
f 6014 6015 6171
f 6171 6015 6172
f 6015 6016 6172
f 6172 6016 6173
f 6016 6017 6173
f 6173 6017 6174
f 6017 6018 6174
f 6174 6018 6175
f 6018 6019 6175
f 6175 6019 6176
f 6019 6020 6176
f 6176 6020 6177
f 6020 6021 6177
f 6177 6021 6178
f 6021 6022 6178
f 6178 6022 6179
f 6022 6023 6179
f 6179 6023 6180
f 6023 6024 6180
f 6180 6024 6181
f 6024 6025 6181
f 6181 6025 6182
f 6025 6026 6182
f 6182 6026 6183
f 6026 6027 6183
f 6183 6027 6184
f 6027 6028 6184
f 6184 6028 6185
f 6028 6029 6185
f 6185 6029 6186
f 6029 6030 6186
f 6186 6030 6187
f 6030 6031 6187
f 6187 6031 6188
f 6031 6032 6188
f 6188 6032 6189
f 6032 6033 6189
f 6189 6033 6190
f 6033 6034 6190
f 6190 6034 6191
f 6034 6035 6191
f 6191 6035 6192
f 6035 6036 6192
f 6192 6036 6193
f 6036 6037 6193
f 6193 6037 6194
f 6037 6038 6194
f 6194 6038 6195
f 6038 6039 6195
f 6195 6039 6196
f 6039 6040 6196
f 6196 6040 6197
f 6040 6041 6197
f 6197 6041 6198
f 6041 6042 6198
f 6198 6042 6199
f 6042 6043 6199
f 6199 6043 6200
f 6043 6044 6200
f 6200 6044 6201
f 6044 6045 6201
f 6201 6045 6202
f 6045 6046 6202
f 6202 6046 6203
f 6046 6047 6203
f 6203 6047 6204
f 6047 6048 6204
f 6204 6048 6205
f 6048 6049 6205
f 6205 6049 6206
f 6049 6050 6206
f 6206 6050 6207
f 6050 6051 6207
f 6207 6051 6208
f 6051 6052 6208
f 6208 6052 6209
f 6052 6053 6209
f 6209 6053 6210
f 6053 6054 6210
f 6210 6054 6211
f 6054 6055 6211
f 6211 6055 6212
f 6055 6056 6212
f 6212 6056 6213
f 6056 6057 6213
f 6213 6057 6214
f 6057 6058 6214
f 6214 6058 6215
f 6058 6059 6215
f 6215 6059 6216
f 6059 6060 6216
f 6216 6060 6217
f 6060 6061 6217
f 6217 6061 6218
f 6061 6062 6218
f 6218 6062 6219
f 6062 6063 6219
f 6219 6063 6220
f 6063 6064 6220
f 6220 6064 6221
f 6064 6065 6221
f 6221 6065 6222
f 6065 6066 6222
f 6222 6066 6223
f 6066 6067 6223
f 6223 6067 6224
f 6067 6068 6224
f 6224 6068 6225
f 6068 6069 6225
f 6225 6069 6226
f 6069 6227 6226
f 6070 6227 6069
f 6227 6070 6071
f 6228 6227 6071
f 6071 6072 6228
f 6228 6072 6229
f 6072 6230 6229
f 6073 6230 6072
f 6230 6073 6074
f 6231 6230 6074
f 6074 6232 6231
f 6075 6232 6074
f 6232 6075 6076
f 6233 6232 6076
f 6076 6234 6233
f 6077 6234 6076
f 6234 6077 6078
f 6235 6234 6078
f 6081 6237 6238
f 6080 6237 6081
f 6236 6079 6081
f 6238 6236 6081
f 6080 6082 6237
f 6237 6082 6239
f 6082 6083 6239
f 6239 6083 6240
f 6085 6241 6242
f 6084 6241 6085
f 6240 6083 6085
f 6242 6240 6085
f 6084 6086 6241
f 6241 6086 6243
f 6086 6087 6243
f 6243 6087 6244
f 6087 6088 6244
f 6244 6088 6245
f 6088 6089 6245
f 6245 6089 6246
f 6089 6090 6246
f 6246 6090 6247
f 6090 6091 6247
f 6247 6091 6248
f 6091 6092 6248
f 6248 6092 6249
f 6092 6093 6249
f 6249 6093 6250
f 6093 6094 6250
f 6250 6094 6251
f 6094 6095 6251
f 6251 6095 6252
f 6095 6096 6252
f 6252 6096 6253
f 6096 6097 6253
f 6253 6097 6254
f 6097 6098 6254
f 6254 6098 6255
f 6098 6099 6255
f 6255 6099 6256
f 6099 6100 6256
f 6256 6100 6257
f 6100 6101 6257
f 6257 6101 6258
f 6101 6102 6258
f 6258 6102 6259
f 6102 6103 6259
f 6259 6103 6260
f 6103 6104 6260
f 6260 6104 6261
f 6104 6105 6261
f 6261 6105 6262
f 6105 6106 6262
f 6262 6106 6263
f 6106 6107 6263
f 6263 6107 6264
f 6107 6108 6264
f 6264 6108 6265
f 6108 6109 6265
f 6265 6109 6266
f 6109 6110 6266
f 6266 6110 6267
f 6110 6111 6267
f 6267 6111 6268
f 6111 6112 6268
f 6268 6112 6269
f 6112 6113 6269
f 6269 6113 6270
f 6113 6114 6270
f 6270 6114 6271
f 6114 6115 6271
f 6271 6115 6272
f 6115 6116 6272
f 6272 6116 6273
f 6116 6117 6273
f 6273 6117 6274
f 6117 6118 6274
f 6274 6118 6275
f 6118 6119 6275
f 6275 6119 6276
f 6119 6120 6276
f 6276 6120 6277
f 6120 6121 6277
f 6277 6121 6278
f 6121 6122 6278
f 6278 6122 6279
f 6122 6123 6279
f 6279 6123 6280
f 6123 6124 6280
f 6280 6124 6281
f 6124 6125 6281
f 6281 6125 6282
f 6125 6126 6282
f 6282 6126 6283
f 6126 6127 6283
f 6283 6127 6284
f 6127 6128 6284
f 6284 6128 6285
f 6128 6129 6285
f 6285 6129 6286
f 6129 6130 6286
f 6286 6130 6287
f 6130 6131 6287
f 6287 6131 6288
f 6131 6132 6288
f 6288 6132 6289
f 6132 6133 6289
f 6289 6133 6290
f 6133 6134 6290
f 6290 6134 6291
f 6134 6135 6291
f 6291 6135 6292
f 6135 6136 6292
f 6292 6136 6293
f 6136 6137 6293
f 6293 6137 6294
f 6137 6138 6294
f 6294 6138 6295
f 6138 6139 6295
f 6295 6139 6296
f 6139 6140 6296
f 6296 6140 6297
f 6140 6141 6297
f 6297 6141 6298
f 6141 6142 6298
f 6298 6142 6299
f 6142 6143 6299
f 6299 6143 6300
f 6143 6144 6300
f 6300 6144 6301
f 6144 6145 6301
f 6301 6145 6302
f 6145 6146 6302
f 6302 6146 6303
f 6146 6147 6303
f 6303 6147 6304
f 6147 6148 6304
f 6304 6148 6305
f 6148 6149 6305
f 6305 6149 6306
f 6149 6150 6306
f 6306 6150 6307
f 6150 6151 6307
f 6307 6151 6308
f 6151 6152 6308
f 6308 6152 6309
f 6152 6153 6309
f 6309 6153 6310
f 6153 6154 6310
f 6310 6154 6311
f 6154 6155 6311
f 6311 6155 6312
f 6155 6156 6312
f 6312 6156 6313
f 6156 6157 6313
f 6313 6157 6314
f 6157 6158 6314
f 6314 6158 6315
f 6158 6159 6315
f 6315 6159 6316
f 6159 6160 6316
f 6316 6160 6317
f 6160 6161 6317
f 6317 6161 6318
f 6161 6162 6318
f 6318 6162 6319
f 6162 6163 6319
f 6319 6163 6320
f 6163 6164 6320
f 6320 6164 6321
f 6164 6165 6321
f 6321 6165 6322
f 6165 6166 6322
f 6322 6166 6323
f 6166 6167 6323
f 6323 6167 6324
f 6167 6168 6324
f 6324 6168 6325
f 6168 6169 6325
f 6325 6169 6326
f 6169 6170 6326
f 6326 6170 6327
f 6170 6171 6327
f 6327 6171 6328
f 6171 6172 6328
f 6328 6172 6329
f 6172 6173 6329
f 6329 6173 6330
f 6173 6174 6330
f 6330 6174 6331
f 6174 6175 6331
f 6331 6175 6332
f 6175 6176 6332
f 6332 6176 6333
f 6176 6177 6333
f 6333 6177 6334
f 6177 6178 6334
f 6334 6178 6335
f 6178 6179 6335
f 6335 6179 6336
f 6179 6180 6336
f 6336 6180 6337
f 6180 6181 6337
f 6337 6181 6338
f 6181 6182 6338
f 6338 6182 6339
f 6182 6183 6339
f 6339 6183 6340
f 6183 6184 6340
f 6340 6184 6341
f 6184 6185 6341
f 6341 6185 6342
f 6185 6186 6342
f 6342 6186 6343
f 6186 6187 6343
f 6343 6187 6344
f 6187 6188 6344
f 6344 6188 6345
f 6188 6189 6345
f 6345 6189 6346
f 6189 6190 6346
f 6346 6190 6347
f 6190 6191 6347
f 6347 6191 6348
f 6191 6192 6348
f 6348 6192 6349
f 6192 6193 6349
f 6349 6193 6350
f 6193 6194 6350
f 6350 6194 6351
f 6194 6195 6351
f 6351 6195 6352
f 6195 6196 6352
f 6352 6196 6353
f 6196 6197 6353
f 6353 6197 6354
f 6197 6198 6354
f 6354 6198 6355
f 6198 6199 6355
f 6355 6199 6356
f 6199 6200 6356
f 6356 6200 6357
f 6200 6201 6357
f 6357 6201 6358
f 6201 6202 6358
f 6358 6202 6359
f 6202 6203 6359
f 6359 6203 6360
f 6203 6204 6360
f 6360 6204 6361
f 6204 6205 6361
f 6361 6205 6362
f 6205 6206 6362
f 6362 6206 6363
f 6206 6207 6363
f 6363 6207 6364
f 6207 6208 6364
f 6364 6208 6365
f 6208 6209 6365
f 6365 6209 6366
f 6209 6210 6366
f 6366 6210 6367
f 6210 6211 6367
f 6367 6211 6368
f 6211 6212 6368
f 6368 6212 6369
f 6212 6213 6369
f 6369 6213 6370
f 6213 6214 6370
f 6370 6214 6371
f 6214 6215 6371
f 6371 6215 6372
f 6215 6216 6372
f 6372 6216 6373
f 6216 6217 6373
f 6373 6217 6374
f 6217 6218 6374
f 6374 6218 6375
f 6218 6219 6375
f 6375 6219 6376
f 6219 6220 6376
f 6376 6220 6377
f 6220 6221 6377
f 6377 6221 6378
f 6221 6222 6378
f 6378 6222 6379
f 6222 6223 6379
f 6379 6223 6380
f 6223 6224 6380
f 6380 6224 6381
f 6224 6225 6381
f 6381 6225 6382
f 6225 6226 6382
f 6382 6226 6383
f 6226 6384 6383
f 6227 6384 6226
f 6384 6227 6228
f 6385 6384 6228
f 6228 6229 6385
f 6385 6229 6386
f 6229 6387 6386
f 6230 6387 6229
f 6387 6230 6231
f 6388 6387 6231
f 6231 6389 6388
f 6232 6389 6231
f 6389 6232 6233
f 6390 6389 6233
f 6233 6391 6390
f 6234 6391 6233
f 6391 6234 6235
f 6392 6391 6235
f 6238 6394 6395
f 6237 6394 6238
f 6393 6236 6238
f 6395 6393 6238
f 6237 6239 6394
f 6394 6239 6396
f 6239 6240 6396
f 6396 6240 6397
f 6242 6398 6399
f 6241 6398 6242
f 6397 6240 6242
f 6399 6397 6242
f 6241 6243 6398
f 6398 6243 6400
f 6243 6244 6400
f 6400 6244 6401
f 6244 6245 6401
f 6401 6245 6402
f 6245 6246 6402
f 6402 6246 6403
f 6246 6247 6403
f 6403 6247 6404
f 6247 6248 6404
f 6404 6248 6405
f 6248 6249 6405
f 6405 6249 6406
f 6249 6250 6406
f 6406 6250 6407
f 6250 6251 6407
f 6407 6251 6408
f 6251 6252 6408
f 6408 6252 6409
f 6252 6253 6409
f 6409 6253 6410
f 6253 6254 6410
f 6410 6254 6411
f 6254 6255 6411
f 6411 6255 6412
f 6255 6256 6412
f 6412 6256 6413
f 6256 6257 6413
f 6413 6257 6414
f 6257 6258 6414
f 6414 6258 6415
f 6258 6259 6415
f 6415 6259 6416
f 6259 6260 6416
f 6416 6260 6417
f 6260 6261 6417
f 6417 6261 6418
f 6261 6262 6418
f 6418 6262 6419
f 6262 6263 6419
f 6419 6263 6420
f 6263 6264 6420
f 6420 6264 6421
f 6264 6265 6421
f 6421 6265 6422
f 6265 6266 6422
f 6422 6266 6423
f 6266 6267 6423
f 6423 6267 6424
f 6267 6268 6424
f 6424 6268 6425
f 6268 6269 6425
f 6425 6269 6426
f 6269 6270 6426
f 6426 6270 6427
f 6270 6271 6427
f 6427 6271 6428
f 6271 6272 6428
f 6428 6272 6429
f 6272 6273 6429
f 6429 6273 6430
f 6273 6274 6430
f 6430 6274 6431
f 6274 6275 6431
f 6431 6275 6432
f 6275 6276 6432
f 6432 6276 6433
f 6276 6277 6433
f 6433 6277 6434
f 6277 6278 6434
f 6434 6278 6435
f 6278 6279 6435
f 6435 6279 6436
f 6279 6280 6436
f 6436 6280 6437
f 6280 6281 6437
f 6437 6281 6438
f 6281 6282 6438
f 6438 6282 6439
f 6282 6283 6439
f 6439 6283 6440
f 6283 6284 6440
f 6440 6284 6441
f 6284 6285 6441
f 6441 6285 6442
f 6285 6286 6442
f 6442 6286 6443
f 6286 6287 6443
f 6443 6287 6444
f 6287 6288 6444
f 6444 6288 6445
f 6288 6289 6445
f 6445 6289 6446
f 6289 6290 6446
f 6446 6290 6447
f 6290 6291 6447
f 6447 6291 6448
f 6291 6292 6448
f 6448 6292 6449
f 6292 6293 6449
f 6449 6293 6450
f 6293 6294 6450
f 6450 6294 6451
f 6294 6295 6451
f 6451 6295 6452
f 6295 6296 6452
f 6452 6296 6453
f 6296 6297 6453
f 6453 6297 6454
f 6297 6298 6454
f 6454 6298 6455
f 6298 6299 6455
f 6455 6299 6456
f 6299 6300 6456
f 6456 6300 6457
f 6300 6301 6457
f 6457 6301 6458
f 6301 6302 6458
f 6458 6302 6459
f 6302 6303 6459
f 6459 6303 6460
f 6303 6304 6460
f 6460 6304 6461
f 6304 6305 6461
f 6461 6305 6462
f 6305 6306 6462
f 6462 6306 6463
f 6306 6307 6463
f 6463 6307 6464
f 6307 6308 6464
f 6464 6308 6465
f 6308 6309 6465
f 6465 6309 6466
f 6309 6310 6466
f 6466 6310 6467
f 6310 6311 6467
f 6467 6311 6468
f 6311 6312 6468
f 6468 6312 6469
f 6312 6313 6469
f 6469 6313 6470
f 6313 6314 6470
f 6470 6314 6471
f 6314 6315 6471
f 6471 6315 6472
f 6315 6316 6472
f 6472 6316 6473
f 6316 6317 6473
f 6473 6317 6474
f 6317 6318 6474
f 6474 6318 6475
f 6318 6319 6475
f 6475 6319 6476
f 6319 6320 6476
f 6476 6320 6477
f 6320 6321 6477
f 6477 6321 6478
f 6321 6322 6478
f 6478 6322 6479
f 6322 6323 6479
f 6479 6323 6480
f 6323 6324 6480
f 6480 6324 6481
f 6324 6325 6481
f 6481 6325 6482
f 6325 6326 6482
f 6482 6326 6483
f 6326 6327 6483
f 6483 6327 6484
f 6327 6328 6484
f 6484 6328 6485
f 6328 6329 6485
f 6485 6329 6486
f 6329 6330 6486
f 6486 6330 6487
f 6330 6331 6487
f 6487 6331 6488
f 6331 6332 6488
f 6488 6332 6489
f 6332 6333 6489
f 6489 6333 6490
f 6333 6334 6490
f 6490 6334 6491
f 6334 6335 6491
f 6491 6335 6492
f 6335 6336 6492
f 6492 6336 6493
f 6336 6337 6493
f 6493 6337 6494
f 6337 6338 6494
f 6494 6338 6495
f 6338 6339 6495
f 6495 6339 6496
f 6339 6340 6496
f 6496 6340 6497
f 6340 6341 6497
f 6497 6341 6498
f 6341 6342 6498
f 6498 6342 6499
f 6342 6343 6499
f 6499 6343 6500
f 6343 6344 6500
f 6500 6344 6501
f 6344 6345 6501
f 6501 6345 6502
f 6345 6346 6502
f 6502 6346 6503
f 6346 6347 6503
f 6503 6347 6504
f 6347 6348 6504
f 6504 6348 6505
f 6348 6349 6505
f 6505 6349 6506
f 6349 6350 6506
f 6506 6350 6507
f 6350 6351 6507
f 6507 6351 6508
f 6351 6352 6508
f 6508 6352 6509
f 6352 6353 6509
f 6509 6353 6510
f 6353 6354 6510
f 6510 6354 6511
f 6354 6355 6511
f 6511 6355 6512
f 6355 6356 6512
f 6512 6356 6513
f 6356 6357 6513
f 6513 6357 6514
f 6357 6358 6514
f 6514 6358 6515
f 6358 6359 6515
f 6515 6359 6516
f 6359 6360 6516
f 6516 6360 6517
f 6360 6361 6517
f 6517 6361 6518
f 6361 6362 6518
f 6518 6362 6519
f 6362 6363 6519
f 6519 6363 6520
f 6363 6364 6520
f 6520 6364 6521
f 6364 6365 6521
f 6521 6365 6522
f 6365 6366 6522
f 6522 6366 6523
f 6366 6367 6523
f 6523 6367 6524
f 6367 6368 6524
f 6524 6368 6525
f 6368 6369 6525
f 6525 6369 6526
f 6369 6370 6526
f 6526 6370 6527
f 6370 6371 6527
f 6527 6371 6528
f 6371 6372 6528
f 6528 6372 6529
f 6372 6373 6529
f 6529 6373 6530
f 6373 6374 6530
f 6530 6374 6531
f 6374 6375 6531
f 6531 6375 6532
f 6375 6376 6532
f 6532 6376 6533
f 6376 6377 6533
f 6533 6377 6534
f 6377 6378 6534
f 6534 6378 6535
f 6378 6379 6535
f 6535 6379 6536
f 6379 6380 6536
f 6536 6380 6537
f 6380 6381 6537
f 6537 6381 6538
f 6381 6382 6538
f 6538 6382 6539
f 6382 6383 6539
f 6539 6383 6540
f 6383 6541 6540
f 6384 6541 6383
f 6541 6384 6385
f 6542 6541 6385
f 6385 6386 6542
f 6542 6386 6543
f 6386 6544 6543
f 6387 6544 6386
f 6544 6387 6388
f 6545 6544 6388
f 6388 6546 6545
f 6389 6546 6388
f 6546 6389 6390
f 6547 6546 6390
f 6390 6548 6547
f 6391 6548 6390
f 6548 6391 6392
f 6549 6548 6392
f 6395 6551 6552
f 6394 6551 6395
f 6550 6393 6395
f 6552 6550 6395
f 6394 6396 6551
f 6551 6396 6553
f 6396 6397 6553
f 6553 6397 6554
f 6399 6555 6556
f 6398 6555 6399
f 6554 6397 6399
f 6556 6554 6399
f 6398 6400 6555
f 6555 6400 6557
f 6400 6401 6557
f 6557 6401 6558
f 6401 6402 6558
f 6558 6402 6559
f 6402 6403 6559
f 6559 6403 6560
f 6403 6404 6560
f 6560 6404 6561
f 6404 6405 6561
f 6561 6405 6562
f 6405 6406 6562
f 6562 6406 6563
f 6406 6407 6563
f 6563 6407 6564
f 6407 6408 6564
f 6564 6408 6565
f 6408 6409 6565
f 6565 6409 6566
f 6409 6410 6566
f 6566 6410 6567
f 6410 6411 6567
f 6567 6411 6568
f 6411 6412 6568
f 6568 6412 6569
f 6412 6413 6569
f 6569 6413 6570
f 6413 6414 6570
f 6570 6414 6571
f 6414 6415 6571
f 6571 6415 6572
f 6415 6416 6572
f 6572 6416 6573
f 6416 6417 6573
f 6573 6417 6574
f 6417 6418 6574
f 6574 6418 6575
f 6418 6419 6575
f 6575 6419 6576
f 6419 6420 6576
f 6576 6420 6577
f 6420 6421 6577
f 6577 6421 6578
f 6421 6422 6578
f 6578 6422 6579
f 6422 6423 6579
f 6579 6423 6580
f 6423 6424 6580
f 6580 6424 6581
f 6424 6425 6581
f 6581 6425 6582
f 6425 6426 6582
f 6582 6426 6583
f 6426 6427 6583
f 6583 6427 6584
f 6427 6428 6584
f 6584 6428 6585
f 6428 6429 6585
f 6585 6429 6586
f 6429 6430 6586
f 6586 6430 6587
f 6430 6431 6587
f 6587 6431 6588
f 6431 6432 6588
f 6588 6432 6589
f 6432 6433 6589
f 6589 6433 6590
f 6433 6434 6590
f 6590 6434 6591
f 6434 6435 6591
f 6591 6435 6592
f 6435 6436 6592
f 6592 6436 6593
f 6436 6437 6593
f 6593 6437 6594
f 6437 6438 6594
f 6594 6438 6595
f 6438 6439 6595
f 6595 6439 6596
f 6439 6440 6596
f 6596 6440 6597
f 6440 6441 6597
f 6597 6441 6598
f 6441 6442 6598
f 6598 6442 6599
f 6442 6443 6599
f 6599 6443 6600
f 6443 6444 6600
f 6600 6444 6601
f 6444 6445 6601
f 6601 6445 6602
f 6445 6446 6602
f 6602 6446 6603
f 6446 6447 6603
f 6603 6447 6604
f 6447 6448 6604
f 6604 6448 6605
f 6448 6449 6605
f 6605 6449 6606
f 6449 6450 6606
f 6606 6450 6607
f 6450 6451 6607
f 6607 6451 6608
f 6451 6452 6608
f 6608 6452 6609
f 6452 6453 6609
f 6609 6453 6610
f 6453 6454 6610
f 6610 6454 6611
f 6454 6455 6611
f 6611 6455 6612
f 6455 6456 6612
f 6612 6456 6613
f 6456 6457 6613
f 6613 6457 6614
f 6457 6458 6614
f 6614 6458 6615
f 6458 6459 6615
f 6615 6459 6616
f 6459 6460 6616
f 6616 6460 6617
f 6460 6461 6617
f 6617 6461 6618
f 6461 6462 6618
f 6618 6462 6619
f 6462 6463 6619
f 6619 6463 6620
f 6463 6464 6620
f 6620 6464 6621
f 6464 6465 6621
f 6621 6465 6622
f 6465 6466 6622
f 6622 6466 6623
f 6466 6467 6623
f 6623 6467 6624
f 6467 6468 6624
f 6624 6468 6625
f 6468 6469 6625
f 6625 6469 6626
f 6469 6470 6626
f 6626 6470 6627
f 6470 6471 6627
f 6627 6471 6628
f 6471 6472 6628
f 6628 6472 6629
f 6472 6473 6629
f 6629 6473 6630
f 6473 6474 6630
f 6630 6474 6631
f 6474 6475 6631
f 6631 6475 6632
f 6475 6476 6632
f 6632 6476 6633
f 6476 6477 6633
f 6633 6477 6634
f 6477 6478 6634
f 6634 6478 6635
f 6478 6479 6635
f 6635 6479 6636
f 6479 6480 6636
f 6636 6480 6637
f 6480 6481 6637
f 6637 6481 6638
f 6481 6482 6638
f 6638 6482 6639
f 6482 6483 6639
f 6639 6483 6640
f 6483 6484 6640
f 6640 6484 6641
f 6484 6485 6641
f 6641 6485 6642
f 6485 6486 6642
f 6642 6486 6643
f 6486 6487 6643
f 6643 6487 6644
f 6487 6488 6644
f 6644 6488 6645
f 6488 6489 6645
f 6645 6489 6646
f 6489 6490 6646
f 6646 6490 6647
f 6490 6491 6647
f 6647 6491 6648
f 6491 6492 6648
f 6648 6492 6649
f 6492 6493 6649
f 6649 6493 6650
f 6493 6494 6650
f 6650 6494 6651
f 6494 6495 6651
f 6651 6495 6652
f 6495 6496 6652
f 6652 6496 6653
f 6496 6497 6653
f 6653 6497 6654
f 6497 6498 6654
f 6654 6498 6655
f 6498 6499 6655
f 6655 6499 6656
f 6499 6500 6656
f 6656 6500 6657
f 6500 6501 6657
f 6657 6501 6658
f 6501 6502 6658
f 6658 6502 6659
f 6502 6503 6659
f 6659 6503 6660
f 6503 6504 6660
f 6660 6504 6661
f 6504 6505 6661
f 6661 6505 6662
f 6505 6506 6662
f 6662 6506 6663
f 6506 6507 6663
f 6663 6507 6664
f 6507 6508 6664
f 6664 6508 6665
f 6508 6509 6665
f 6665 6509 6666
f 6509 6510 6666
f 6666 6510 6667
f 6510 6511 6667
f 6667 6511 6668
f 6511 6512 6668
f 6668 6512 6669
f 6512 6513 6669
f 6669 6513 6670
f 6513 6514 6670
f 6670 6514 6671
f 6514 6515 6671
f 6671 6515 6672
f 6515 6516 6672
f 6672 6516 6673
f 6516 6517 6673
f 6673 6517 6674
f 6517 6518 6674
f 6674 6518 6675
f 6518 6519 6675
f 6675 6519 6676
f 6519 6520 6676
f 6676 6520 6677
f 6520 6521 6677
f 6677 6521 6678
f 6521 6522 6678
f 6678 6522 6679
f 6522 6523 6679
f 6679 6523 6680
f 6523 6524 6680
f 6680 6524 6681
f 6524 6525 6681
f 6681 6525 6682
f 6525 6526 6682
f 6682 6526 6683
f 6526 6527 6683
f 6683 6527 6684
f 6527 6528 6684
f 6684 6528 6685
f 6528 6529 6685
f 6685 6529 6686
f 6529 6530 6686
f 6686 6530 6687
f 6530 6531 6687
f 6687 6531 6688
f 6531 6532 6688
f 6688 6532 6689
f 6532 6533 6689
f 6689 6533 6690
f 6533 6534 6690
f 6690 6534 6691
f 6534 6535 6691
f 6691 6535 6692
f 6535 6536 6692
f 6692 6536 6693
f 6536 6537 6693
f 6693 6537 6694
f 6537 6538 6694
f 6694 6538 6695
f 6538 6539 6695
f 6695 6539 6696
f 6539 6540 6696
f 6696 6540 6697
f 6540 6698 6697
f 6541 6698 6540
f 6698 6541 6542
f 6699 6698 6542
f 6542 6543 6699
f 6699 6543 6700
f 6543 6701 6700
f 6544 6701 6543
f 6701 6544 6545
f 6702 6701 6545
f 6545 6703 6702
f 6546 6703 6545
f 6703 6546 6547
f 6704 6703 6547
f 6547 6705 6704
f 6548 6705 6547
f 6705 6548 6549
f 6706 6705 6549
f 6552 6708 6709
f 6551 6708 6552
f 6707 6550 6552
f 6709 6707 6552
f 6551 6553 6708
f 6708 6553 6710
f 6553 6554 6710
f 6710 6554 6711
f 6556 6555 6712
f 6556 6712 6713
f 6556 6713 6554
f 6554 6713 6711
f 6712 6714 6715
f 6712 6555 6714
f 6555 6557 6714
f 6713 6712 6715
f 6557 6558 6714
f 6714 6558 6716
f 6558 6559 6716
f 6716 6559 6717
f 6559 6560 6717
f 6717 6560 6718
f 6560 6561 6718
f 6718 6561 6719
f 6561 6562 6719
f 6719 6562 6720
f 6562 6563 6720
f 6720 6563 6721
f 6563 6564 6721
f 6721 6564 6722
f 6564 6565 6722
f 6722 6565 6723
f 6565 6566 6723
f 6723 6566 6724
f 6566 6567 6724
f 6724 6567 6725
f 6567 6568 6725
f 6725 6568 6726
f 6568 6569 6726
f 6726 6569 6727
f 6569 6570 6727
f 6727 6570 6728
f 6570 6571 6728
f 6728 6571 6729
f 6571 6572 6729
f 6729 6572 6730
f 6572 6573 6730
f 6730 6573 6731
f 6573 6574 6731
f 6731 6574 6732
f 6574 6575 6732
f 6732 6575 6733
f 6575 6576 6733
f 6733 6576 6734
f 6576 6577 6734
f 6734 6577 6735
f 6577 6578 6735
f 6735 6578 6736
f 6578 6579 6736
f 6736 6579 6737
f 6579 6580 6737
f 6737 6580 6738
f 6580 6581 6738
f 6738 6581 6739
f 6581 6582 6739
f 6739 6582 6740
f 6582 6583 6740
f 6740 6583 6741
f 6583 6584 6741
f 6741 6584 6742
f 6584 6585 6742
f 6742 6585 6743
f 6585 6586 6743
f 6743 6586 6744
f 6586 6587 6744
f 6744 6587 6745
f 6587 6588 6745
f 6745 6588 6746
f 6588 6589 6746
f 6746 6589 6747
f 6589 6590 6747
f 6747 6590 6748
f 6590 6591 6748
f 6748 6591 6749
f 6591 6592 6749
f 6749 6592 6750
f 6592 6593 6750
f 6750 6593 6751
f 6593 6594 6751
f 6751 6594 6752
f 6594 6595 6752
f 6752 6595 6753
f 6595 6596 6753
f 6753 6596 6754
f 6596 6597 6754
f 6754 6597 6755
f 6597 6598 6755
f 6755 6598 6756
f 6598 6599 6756
f 6756 6599 6757
f 6599 6600 6757
f 6757 6600 6758
f 6600 6601 6758
f 6758 6601 6759
f 6601 6602 6759
f 6759 6602 6760
f 6602 6603 6760
f 6760 6603 6761
f 6603 6604 6761
f 6761 6604 6762
f 6604 6605 6762
f 6762 6605 6763
f 6605 6606 6763
f 6763 6606 6764
f 6606 6607 6764
f 6764 6607 6765
f 6607 6608 6765
f 6765 6608 6766
f 6608 6609 6766
f 6766 6609 6767
f 6609 6610 6767
f 6767 6610 6768
f 6610 6611 6768
f 6768 6611 6769
f 6611 6612 6769
f 6769 6612 6770
f 6612 6613 6770
f 6770 6613 6771
f 6613 6614 6771
f 6771 6614 6772
f 6614 6615 6772
f 6772 6615 6773
f 6615 6616 6773
f 6773 6616 6774
f 6616 6617 6774
f 6774 6617 6775
f 6617 6618 6775
f 6775 6618 6776
f 6618 6619 6776
f 6776 6619 6777
f 6619 6620 6777
f 6777 6620 6778
f 6620 6621 6778
f 6778 6621 6779
f 6621 6622 6779
f 6779 6622 6780
f 6622 6623 6780
f 6780 6623 6781
f 6623 6624 6781
f 6781 6624 6782
f 6624 6625 6782
f 6782 6625 6783
f 6625 6626 6783
f 6783 6626 6784
f 6626 6627 6784
f 6784 6627 6785
f 6627 6628 6785
f 6785 6628 6786
f 6628 6629 6786
f 6786 6629 6787
f 6629 6630 6787
f 6787 6630 6788
f 6630 6631 6788
f 6788 6631 6789
f 6631 6632 6789
f 6789 6632 6790
f 6632 6633 6790
f 6790 6633 6791
f 6633 6634 6791
f 6791 6634 6792
f 6634 6635 6792
f 6792 6635 6793
f 6635 6636 6793
f 6793 6636 6794
f 6636 6637 6794
f 6794 6637 6795
f 6637 6638 6795
f 6795 6638 6796
f 6638 6639 6796
f 6796 6639 6797
f 6639 6640 6797
f 6797 6640 6798
f 6640 6641 6798
f 6798 6641 6799
f 6641 6642 6799
f 6799 6642 6800
f 6642 6643 6800
f 6800 6643 6801
f 6643 6644 6801
f 6801 6644 6802
f 6644 6645 6802
f 6802 6645 6803
f 6645 6646 6803
f 6803 6646 6804
f 6646 6647 6804
f 6804 6647 6805
f 6647 6648 6805
f 6805 6648 6806
f 6648 6649 6806
f 6806 6649 6807
f 6649 6650 6807
f 6807 6650 6808
f 6650 6651 6808
f 6808 6651 6809
f 6651 6652 6809
f 6809 6652 6810
f 6652 6653 6810
f 6810 6653 6811
f 6653 6654 6811
f 6811 6654 6812
f 6654 6655 6812
f 6812 6655 6813
f 6655 6656 6813
f 6813 6656 6814
f 6656 6657 6814
f 6814 6657 6815
f 6657 6658 6815
f 6815 6658 6816
f 6658 6659 6816
f 6816 6659 6817
f 6659 6660 6817
f 6817 6660 6818
f 6660 6661 6818
f 6818 6661 6819
f 6661 6662 6819
f 6819 6662 6820
f 6662 6663 6820
f 6820 6663 6821
f 6663 6664 6821
f 6821 6664 6822
f 6664 6665 6822
f 6822 6665 6823
f 6665 6666 6823
f 6823 6666 6824
f 6666 6667 6824
f 6824 6667 6825
f 6667 6668 6825
f 6825 6668 6826
f 6668 6669 6826
f 6826 6669 6827
f 6669 6670 6827
f 6827 6670 6828
f 6670 6671 6828
f 6828 6671 6829
f 6671 6672 6829
f 6829 6672 6830
f 6672 6673 6830
f 6830 6673 6831
f 6673 6674 6831
f 6831 6674 6832
f 6674 6675 6832
f 6832 6675 6833
f 6675 6676 6833
f 6833 6676 6834
f 6676 6677 6834
f 6834 6677 6835
f 6677 6678 6835
f 6835 6678 6836
f 6678 6679 6836
f 6836 6679 6837
f 6679 6680 6837
f 6837 6680 6838
f 6680 6681 6838
f 6838 6681 6839
f 6681 6682 6839
f 6839 6682 6840
f 6682 6683 6840
f 6840 6683 6841
f 6683 6684 6841
f 6841 6684 6842
f 6684 6685 6842
f 6842 6685 6843
f 6685 6686 6843
f 6843 6686 6844
f 6686 6687 6844
f 6844 6687 6845
f 6687 6688 6845
f 6845 6688 6846
f 6688 6689 6846
f 6846 6689 6847
f 6689 6690 6847
f 6847 6690 6848
f 6690 6691 6848
f 6848 6691 6849
f 6691 6692 6849
f 6849 6692 6850
f 6692 6693 6850
f 6850 6693 6851
f 6693 6694 6851
f 6851 6694 6852
f 6694 6695 6852
f 6852 6695 6853
f 6695 6696 6853
f 6853 6696 6854
f 6696 6697 6854
f 6854 6697 6855
f 6697 6856 6855
f 6698 6856 6697
f 6856 6698 6699
f 6857 6856 6699
f 6699 6700 6857
f 6857 6700 6858
f 6700 6859 6858
f 6701 6859 6700
f 6859 6701 6702
f 6860 6859 6702
f 6702 6861 6860
f 6703 6861 6702
f 6861 6703 6704
f 6862 6861 6704
f 6704 6863 6862
f 6705 6863 6704
f 6863 6705 6706
f 6864 6863 6706
f 6709 6708 6866
f 6709 6866 6867
f 6709 6867 6707
f 6707 6867 6865
f 6866 6868 6869
f 6866 6708 6868
f 6708 6710 6868
f 6867 6866 6869
f 6710 6711 6868
f 6868 6711 6870
f 6711 6713 6870
f 6870 6713 6871
f 6715 6714 6872
f 6715 6872 6873
f 6715 6873 6713
f 6713 6873 6871
f 6872 6716 6874
f 6714 6716 6872
f 6875 6873 6872
f 6874 6875 6872
f 6874 6876 6877
f 6874 6716 6876
f 6716 6717 6876
f 6875 6874 6877
f 6717 6718 6876
f 6876 6718 6878
f 6718 6719 6878
f 6878 6719 6879
f 6719 6720 6879
f 6879 6720 6880
f 6720 6721 6880
f 6880 6721 6881
f 6721 6722 6881
f 6881 6722 6882
f 6722 6723 6882
f 6882 6723 6883
f 6723 6724 6883
f 6883 6724 6884
f 6724 6725 6884
f 6884 6725 6885
f 6725 6726 6885
f 6885 6726 6886
f 6726 6727 6886
f 6886 6727 6887
f 6727 6728 6887
f 6887 6728 6888
f 6728 6729 6888
f 6888 6729 6889
f 6729 6730 6889
f 6889 6730 6890
f 6730 6731 6890
f 6890 6731 6891
f 6731 6732 6891
f 6891 6732 6892
f 6732 6733 6892
f 6892 6733 6893
f 6733 6734 6893
f 6893 6734 6894
f 6734 6735 6894
f 6894 6735 6895
f 6735 6736 6895
f 6895 6736 6896
f 6736 6737 6896
f 6896 6737 6897
f 6737 6738 6897
f 6897 6738 6898
f 6738 6739 6898
f 6898 6739 6899
f 6739 6740 6899
f 6899 6740 6900
f 6740 6741 6900
f 6900 6741 6901
f 6741 6742 6901
f 6901 6742 6902
f 6742 6743 6902
f 6902 6743 6903
f 6743 6744 6903
f 6903 6744 6904
f 6744 6745 6904
f 6904 6745 6905
f 6745 6746 6905
f 6905 6746 6906
f 6746 6747 6906
f 6906 6747 6907
f 6747 6748 6907
f 6907 6748 6908
f 6748 6749 6908
f 6908 6749 6909
f 6749 6750 6909
f 6909 6750 6910
f 6750 6751 6910
f 6910 6751 6911
f 6751 6752 6911
f 6911 6752 6912
f 6752 6753 6912
f 6912 6753 6913
f 6753 6754 6913
f 6913 6754 6914
f 6754 6755 6914
f 6914 6755 6915
f 6755 6756 6915
f 6915 6756 6916
f 6756 6757 6916
f 6916 6757 6917
f 6757 6758 6917
f 6917 6758 6918
f 6758 6759 6918
f 6918 6759 6919
f 6759 6760 6919
f 6919 6760 6920
f 6760 6761 6920
f 6920 6761 6921
f 6761 6762 6921
f 6921 6762 6922
f 6762 6763 6922
f 6922 6763 6923
f 6763 6764 6923
f 6923 6764 6924
f 6764 6765 6924
f 6924 6765 6925
f 6765 6766 6925
f 6925 6766 6926
f 6766 6767 6926
f 6926 6767 6927
f 6767 6768 6927
f 6927 6768 6928
f 6768 6769 6928
f 6928 6769 6929
f 6769 6770 6929
f 6929 6770 6930
f 6770 6771 6930
f 6930 6771 6931
f 6771 6772 6931
f 6931 6772 6932
f 6772 6773 6932
f 6932 6773 6933
f 6773 6774 6933
f 6933 6774 6934
f 6774 6775 6934
f 6934 6775 6935
f 6775 6776 6935
f 6935 6776 6936
f 6776 6777 6936
f 6936 6777 6937
f 6777 6778 6937
f 6937 6778 6938
f 6778 6779 6938
f 6938 6779 6939
f 6779 6780 6939
f 6939 6780 6940
f 6780 6781 6940
f 6940 6781 6941
f 6781 6782 6941
f 6941 6782 6942
f 6782 6783 6942
f 6942 6783 6943
f 6783 6784 6943
f 6943 6784 6944
f 6784 6785 6944
f 6944 6785 6945
f 6785 6786 6945
f 6945 6786 6946
f 6786 6787 6946
f 6946 6787 6947
f 6787 6788 6947
f 6947 6788 6948
f 6788 6789 6948
f 6948 6789 6949
f 6789 6790 6949
f 6949 6790 6950
f 6790 6791 6950
f 6950 6791 6951
f 6791 6792 6951
f 6951 6792 6952
f 6792 6793 6952
f 6952 6793 6953
f 6793 6794 6953
f 6953 6794 6954
f 6794 6795 6954
f 6954 6795 6955
f 6795 6796 6955
f 6955 6796 6956
f 6796 6797 6956
f 6956 6797 6957
f 6797 6798 6957
f 6957 6798 6958
f 6798 6799 6958
f 6958 6799 6959
f 6799 6800 6959
f 6959 6800 6960
f 6800 6801 6960
f 6960 6801 6961
f 6801 6802 6961
f 6961 6802 6962
f 6802 6803 6962
f 6962 6803 6963
f 6803 6804 6963
f 6963 6804 6964
f 6804 6805 6964
f 6964 6805 6965
f 6805 6806 6965
f 6965 6806 6966
f 6806 6807 6966
f 6966 6807 6967
f 6807 6808 6967
f 6967 6808 6968
f 6808 6809 6968
f 6968 6809 6969
f 6809 6810 6969
f 6969 6810 6970
f 6810 6811 6970
f 6970 6811 6971
f 6811 6812 6971
f 6971 6812 6972
f 6812 6813 6972
f 6972 6813 6973
f 6813 6814 6973
f 6973 6814 6974
f 6814 6815 6974
f 6974 6815 6975
f 6815 6816 6975
f 6975 6816 6976
f 6816 6817 6976
f 6976 6817 6977
f 6817 6818 6977
f 6977 6818 6978
f 6818 6819 6978
f 6978 6819 6979
f 6819 6820 6979
f 6979 6820 6980
f 6820 6821 6980
f 6980 6821 6981
f 6821 6822 6981
f 6981 6822 6982
f 6822 6823 6982
f 6982 6823 6983
f 6823 6824 6983
f 6983 6824 6984
f 6824 6825 6984
f 6984 6825 6985
f 6825 6826 6985
f 6985 6826 6986
f 6826 6827 6986
f 6986 6827 6987
f 6827 6828 6987
f 6987 6828 6988
f 6828 6829 6988
f 6988 6829 6989
f 6829 6830 6989
f 6989 6830 6990
f 6830 6831 6990
f 6990 6831 6991
f 6831 6832 6991
f 6991 6832 6992
f 6832 6833 6992
f 6992 6833 6993
f 6833 6834 6993
f 6993 6834 6994
f 6834 6835 6994
f 6994 6835 6995
f 6835 6836 6995
f 6995 6836 6996
f 6836 6837 6996
f 6996 6837 6997
f 6837 6838 6997
f 6997 6838 6998
f 6838 6839 6998
f 6998 6839 6999
f 6839 6840 6999
f 6999 6840 7000
f 6840 6841 7000
f 7000 6841 7001
f 6841 6842 7001
f 7001 6842 7002
f 6842 6843 7002
f 7002 6843 7003
f 6843 6844 7003
f 7003 6844 7004
f 6844 6845 7004
f 7004 6845 7005
f 6845 6846 7005
f 7005 6846 7006
f 6846 6847 7006
f 7006 6847 7007
f 6847 6848 7007
f 7007 6848 7008
f 6848 6849 7008
f 7008 6849 7009
f 6849 6850 7009
f 7009 6850 7010
f 6850 6851 7010
f 7010 6851 7011
f 6851 6852 7011
f 7011 6852 7012
f 6852 6853 7012
f 7012 6853 7013
f 6853 6854 7013
f 7013 6854 7014
f 6854 6855 7014
f 7014 6855 7015
f 6855 7016 7015
f 6856 7016 6855
f 7016 6856 6857
f 7017 7016 6857
f 6857 6858 7017
f 7017 6858 7018
f 6858 7019 7018
f 6859 7019 6858
f 7019 6859 6860
f 7020 7019 6860
f 6860 7021 7020
f 6861 7021 6860
f 7021 6861 6862
f 7022 7021 6862
f 6862 7023 7022
f 6863 7023 6862
f 7023 6863 6864
f 7024 7023 6864
f 6865 6867 7025
f 7025 6867 7026
f 6869 7027 7028
f 6868 7027 6869
f 7026 6867 6869
f 7028 7026 6869
f 6868 6870 7027
f 7027 6870 7029
f 6870 6871 7029
f 7029 6871 7030
f 6871 6873 7030
f 7030 6873 7031
f 6873 6875 7031
f 7031 6875 7032
f 6877 6876 7033
f 6877 7033 7034
f 6877 7034 6875
f 6875 7034 7032
f 7033 6878 7035
f 6876 6878 7033
f 7036 7034 7033
f 7035 7036 7033
f 7035 6879 7037
f 6878 6879 7035
f 7038 7036 7035
f 7037 7038 7035
f 7037 6880 7039
f 6879 6880 7037
f 7040 7038 7037
f 7039 7040 7037
f 7039 6881 7041
f 6880 6881 7039
f 7042 7040 7039
f 7041 7042 7039
f 7041 6882 7043
f 6881 6882 7041
f 7044 7042 7041
f 7043 7044 7041
f 7043 6883 7045
f 6882 6883 7043
f 7046 7044 7043
f 7045 7046 7043
f 7045 6884 7047
f 6883 6884 7045
f 7048 7046 7045
f 7047 7048 7045
f 7047 6885 7049
f 6884 6885 7047
f 7050 7048 7047
f 7049 7050 7047
f 7049 6886 7051
f 6885 6886 7049
f 7052 7050 7049
f 7051 7052 7049
f 7051 6887 7053
f 6886 6887 7051
f 7054 7052 7051
f 7053 7054 7051
f 7053 6888 7055
f 6887 6888 7053
f 7056 7054 7053
f 7055 7056 7053
f 7055 6889 7057
f 6888 6889 7055
f 7058 7056 7055
f 7057 7058 7055
f 7057 6890 7059
f 6889 6890 7057
f 7060 7058 7057
f 7059 7060 7057
f 7059 6891 7061
f 6890 6891 7059
f 7062 7060 7059
f 7061 7062 7059
f 7061 6892 7063
f 6891 6892 7061
f 7064 7062 7061
f 7063 7064 7061
f 7063 6893 7065
f 6892 6893 7063
f 7066 7064 7063
f 7065 7066 7063
f 7065 6894 7067
f 6893 6894 7065
f 7068 7066 7065
f 7067 7068 7065
f 7067 6895 7069
f 6894 6895 7067
f 7070 7068 7067
f 7069 7070 7067
f 7069 6896 7071
f 6895 6896 7069
f 7072 7070 7069
f 7071 7072 7069
f 7071 6897 7073
f 6896 6897 7071
f 7074 7072 7071
f 7073 7074 7071
f 7073 6898 7075
f 6897 6898 7073
f 7076 7074 7073
f 7075 7076 7073
f 7075 6899 7077
f 6898 6899 7075
f 7078 7076 7075
f 7077 7078 7075
f 7077 6900 7079
f 6899 6900 7077
f 7080 7078 7077
f 7079 7080 7077
f 7079 6901 7081
f 6900 6901 7079
f 7082 7080 7079
f 7081 7082 7079
f 7081 6902 7083
f 6901 6902 7081
f 7084 7082 7081
f 7083 7084 7081
f 7083 6903 7085
f 6902 6903 7083
f 7086 7084 7083
f 7085 7086 7083
f 7085 6904 7087
f 6903 6904 7085
f 7088 7086 7085
f 7087 7088 7085
f 7087 6905 7089
f 6904 6905 7087
f 7090 7088 7087
f 7089 7090 7087
f 7089 6906 7091
f 6905 6906 7089
f 7092 7090 7089
f 7091 7092 7089
f 7091 6907 7093
f 6906 6907 7091
f 7094 7092 7091
f 7093 7094 7091
f 7093 6908 7095
f 6907 6908 7093
f 7096 7094 7093
f 7095 7096 7093
f 7095 7097 7098
f 7095 6908 7097
f 6908 6909 7097
f 7096 7095 7098
f 6909 6910 7097
f 7097 6910 7099
f 6910 6911 7099
f 7099 6911 7100
f 6911 6912 7100
f 7100 6912 7101
f 6912 6913 7101
f 7101 6913 7102
f 6913 6914 7102
f 7102 6914 7103
f 6914 6915 7103
f 7103 6915 7104
f 6915 6916 7104
f 7104 6916 7105
f 6916 6917 7105
f 7105 6917 7106
f 6917 6918 7106
f 7106 6918 7107
f 7108 6919 7109
f 7108 7107 6919
f 7107 6918 6919
f 7108 7109 7110
f 7109 6920 7111
f 6919 6920 7109
f 7112 7110 7109
f 7111 7112 7109
f 7111 6921 7113
f 6920 6921 7111
f 7114 7112 7111
f 7113 7114 7111
f 7113 6922 7115
f 6921 6922 7113
f 7116 7114 7113
f 7115 7116 7113
f 7115 7117 7118
f 7115 6922 7117
f 6922 6923 7117
f 7116 7115 7118
f 6923 6924 7117
f 7117 6924 7119
f 6924 6925 7119
f 7119 6925 7120
f 6925 6926 7120
f 7120 6926 7121
f 6926 6927 7121
f 7121 6927 7122
f 6927 6928 7122
f 7122 6928 7123
f 6928 6929 7123
f 7123 6929 7124
f 6929 6930 7124
f 7124 6930 7125
f 6930 6931 7125
f 7125 6931 7126
f 6931 6932 7126
f 7126 6932 7127
f 6932 6933 7127
f 7127 6933 7128
f 6933 6934 7128
f 7128 6934 7129
f 6934 6935 7129
f 7129 6935 7130
f 6935 6936 7130
f 7130 6936 7131
f 6936 6937 7131
f 7131 6937 7132
f 6937 6938 7132
f 7132 6938 7133
f 6938 6939 7133
f 7133 6939 7134
f 6939 6940 7134
f 7134 6940 7135
f 6940 6941 7135
f 7135 6941 7136
f 6941 6942 7136
f 7136 6942 7137
f 6942 6943 7137
f 7137 6943 7138
f 6943 6944 7138
f 7138 6944 7139
f 6944 6945 7139
f 7139 6945 7140
f 6945 6946 7140
f 7140 6946 7141
f 6946 6947 7141
f 7141 6947 7142
f 6947 6948 7142
f 7142 6948 7143
f 6948 6949 7143
f 7143 6949 7144
f 6949 6950 7144
f 7144 6950 7145
f 6950 6951 7145
f 7145 6951 7146
f 6951 6952 7146
f 7146 6952 7147
f 6952 6953 7147
f 7147 6953 7148
f 6953 6954 7148
f 7148 6954 7149
f 6954 6955 7149
f 7149 6955 7150
f 6955 6956 7150
f 7150 6956 7151
f 6956 6957 7151
f 7151 6957 7152
f 6957 6958 7152
f 7152 6958 7153
f 6958 6959 7153
f 7153 6959 7154
f 6959 6960 7154
f 7154 6960 7155
f 6960 6961 7155
f 7155 6961 7156
f 6961 6962 7156
f 7156 6962 7157
f 6962 6963 7157
f 7157 6963 7158
f 6963 6964 7158
f 7158 6964 7159
f 6964 6965 7159
f 7159 6965 7160
f 6965 6966 7160
f 7160 6966 7161
f 6966 6967 7161
f 7161 6967 7162
f 6967 6968 7162
f 7162 6968 7163
f 6968 6969 7163
f 7163 6969 7164
f 6969 6970 7164
f 7164 6970 7165
f 6970 6971 7165
f 7165 6971 7166
f 6971 6972 7166
f 7166 6972 7167
f 6972 6973 7167
f 7167 6973 7168
f 6973 6974 7168
f 7168 6974 7169
f 6974 6975 7169
f 7169 6975 7170
f 6975 6976 7170
f 7170 6976 7171
f 6976 6977 7171
f 7171 6977 7172
f 6977 6978 7172
f 7172 6978 7173
f 6978 6979 7173
f 7173 6979 7174
f 6979 6980 7174
f 7174 6980 7175
f 6980 6981 7175
f 7175 6981 7176
f 6981 6982 7176
f 7176 6982 7177
f 6982 6983 7177
f 7177 6983 7178
f 6983 6984 7178
f 7178 6984 7179
f 6984 6985 7179
f 7179 6985 7180
f 6985 6986 7180
f 7180 6986 7181
f 6986 6987 7181
f 7181 6987 7182
f 6987 6988 7182
f 7182 6988 7183
f 6988 6989 7183
f 7183 6989 7184
f 6989 6990 7184
f 7184 6990 7185
f 6990 6991 7185
f 7185 6991 7186
f 6991 6992 7186
f 7186 6992 7187
f 6992 6993 7187
f 7187 6993 7188
f 6993 6994 7188
f 7188 6994 7189
f 6994 6995 7189
f 7189 6995 7190
f 6995 6996 7190
f 7190 6996 7191
f 6996 6997 7191
f 7191 6997 7192
f 6997 6998 7192
f 7192 6998 7193
f 6998 6999 7193
f 7193 6999 7194
f 6999 7000 7194
f 7194 7000 7195
f 7000 7001 7195
f 7195 7001 7196
f 7001 7002 7196
f 7196 7002 7197
f 7002 7003 7197
f 7197 7003 7198
f 7003 7004 7198
f 7198 7004 7199
f 7004 7005 7199
f 7199 7005 7200
f 7005 7006 7200
f 7200 7006 7201
f 7006 7007 7201
f 7201 7007 7202
f 7007 7008 7202
f 7202 7008 7203
f 7008 7009 7203
f 7203 7009 7204
f 7009 7010 7204
f 7204 7010 7205
f 7010 7011 7205
f 7205 7011 7206
f 7011 7012 7206
f 7206 7012 7207
f 7012 7013 7207
f 7207 7013 7208
f 7013 7014 7208
f 7208 7014 7209
f 7210 7015 7211
f 7210 7209 7015
f 7209 7014 7015
f 7210 7211 7212
f 7015 7016 7211
f 7211 7016 7017
f 7211 7017 7212
f 7212 7017 7213
f 7017 7018 7213
f 7213 7018 7214
f 7018 7215 7214
f 7019 7215 7018
f 7215 7019 7020
f 7216 7215 7020
f 7020 7217 7216
f 7021 7217 7020
f 7217 7021 7022
f 7218 7217 7022
f 7022 7219 7218
f 7023 7219 7022
f 7219 7023 7024
f 7220 7219 7024
f 7025 7026 7221
f 7221 7026 7222
f 7028 7027 7223
f 7028 7223 7224
f 7028 7224 7026
f 7026 7224 7222
f 7223 7225 7226
f 7223 7027 7225
f 7027 7029 7225
f 7224 7223 7226
f 7029 7030 7225
f 7225 7030 7227
f 7030 7031 7227
f 7227 7031 7228
f 7031 7032 7228
f 7228 7032 7229
f 7032 7034 7229
f 7229 7034 7230
f 7034 7036 7230
f 7230 7036 7231
f 7036 7038 7231
f 7231 7038 7232
f 7038 7040 7232
f 7232 7040 7233
f 7040 7042 7233
f 7233 7042 7234
f 7042 7044 7234
f 7234 7044 7235
f 7044 7046 7235
f 7235 7046 7236
f 7046 7048 7236
f 7236 7048 7237
f 7048 7050 7237
f 7237 7050 7238
f 7050 7052 7238
f 7238 7052 7239
f 7052 7054 7239
f 7239 7054 7240
f 7054 7056 7240
f 7240 7056 7241
f 7056 7058 7241
f 7241 7058 7242
f 7058 7060 7242
f 7242 7060 7243
f 7060 7062 7243
f 7243 7062 7244
f 7062 7064 7244
f 7244 7064 7245
f 7064 7066 7245
f 7245 7066 7246
f 7066 7068 7246
f 7246 7068 7247
f 7068 7070 7247
f 7247 7070 7248
f 7070 7072 7248
f 7248 7072 7249
f 7072 7074 7249
f 7249 7074 7250
f 7074 7076 7250
f 7250 7076 7251
f 7076 7078 7251
f 7251 7078 7252
f 7078 7080 7252
f 7252 7080 7253
f 7080 7082 7253
f 7253 7082 7254
f 7082 7084 7254
f 7254 7084 7255
f 7084 7086 7255
f 7255 7086 7256
f 7086 7088 7256
f 7256 7088 7257
f 7088 7090 7257
f 7257 7090 7258
f 7090 7092 7258
f 7258 7092 7259
f 7092 7094 7259
f 7259 7094 7260
f 7094 7096 7260
f 7260 7096 7261
f 7098 7097 7262
f 7098 7262 7263
f 7098 7263 7096
f 7096 7263 7261
f 7262 7099 7264
f 7097 7099 7262
f 7265 7263 7262
f 7264 7265 7262
f 7264 7100 7266
f 7099 7100 7264
f 7267 7265 7264
f 7266 7267 7264
f 7266 7101 7268
f 7100 7101 7266
f 7269 7267 7266
f 7268 7269 7266
f 7268 7102 7270
f 7101 7102 7268
f 7271 7269 7268
f 7270 7271 7268
f 7270 7103 7272
f 7102 7103 7270
f 7273 7271 7270
f 7272 7273 7270
f 7272 7104 7274
f 7103 7104 7272
f 7275 7273 7272
f 7274 7275 7272
f 7274 7105 7276
f 7104 7105 7274
f 7277 7275 7274
f 7276 7277 7274
f 7276 7106 7278
f 7105 7106 7276
f 7279 7277 7276
f 7278 7279 7276
f 7278 7107 7280
f 7106 7107 7278
f 7281 7279 7278
f 7280 7281 7278
f 7107 7108 7280
f 7280 7108 7110
f 7280 7110 7281
f 7281 7110 7282
f 7110 7112 7282
f 7282 7112 7283
f 7112 7114 7283
f 7283 7114 7284
f 7114 7116 7284
f 7284 7116 7285
f 7118 7117 7286
f 7118 7286 7287
f 7118 7287 7116
f 7116 7287 7285
f 7286 7119 7288
f 7117 7119 7286
f 7289 7287 7286
f 7288 7289 7286
f 7288 7120 7290
f 7119 7120 7288
f 7291 7289 7288
f 7290 7291 7288
f 7290 7121 7292
f 7120 7121 7290
f 7293 7291 7290
f 7292 7293 7290
f 7292 7122 7294
f 7121 7122 7292
f 7295 7293 7292
f 7294 7295 7292
f 7294 7123 7296
f 7122 7123 7294
f 7297 7295 7294
f 7296 7297 7294
f 7296 7124 7298
f 7123 7124 7296
f 7299 7297 7296
f 7298 7299 7296
f 7298 7125 7300
f 7124 7125 7298
f 7301 7299 7298
f 7300 7301 7298
f 7300 7126 7302
f 7125 7126 7300
f 7303 7301 7300
f 7302 7303 7300
f 7302 7127 7304
f 7126 7127 7302
f 7305 7303 7302
f 7304 7305 7302
f 7304 7128 7306
f 7127 7128 7304
f 7307 7305 7304
f 7306 7307 7304
f 7306 7129 7308
f 7128 7129 7306
f 7309 7307 7306
f 7308 7309 7306
f 7308 7130 7310
f 7129 7130 7308
f 7311 7309 7308
f 7310 7311 7308
f 7310 7131 7312
f 7130 7131 7310
f 7313 7311 7310
f 7312 7313 7310
f 7312 7132 7314
f 7131 7132 7312
f 7315 7313 7312
f 7314 7315 7312
f 7314 7133 7316
f 7132 7133 7314
f 7317 7315 7314
f 7316 7317 7314
f 7316 7134 7318
f 7133 7134 7316
f 7319 7317 7316
f 7318 7319 7316
f 7318 7135 7320
f 7134 7135 7318
f 7321 7319 7318
f 7320 7321 7318
f 7320 7136 7322
f 7135 7136 7320
f 7323 7321 7320
f 7322 7323 7320
f 7322 7137 7324
f 7136 7137 7322
f 7325 7323 7322
f 7324 7325 7322
f 7324 7138 7326
f 7137 7138 7324
f 7327 7325 7324
f 7326 7327 7324
f 7326 7139 7328
f 7138 7139 7326
f 7329 7327 7326
f 7328 7329 7326
f 7328 7140 7330
f 7139 7140 7328
f 7331 7329 7328
f 7330 7331 7328
f 7330 7141 7332
f 7140 7141 7330
f 7333 7331 7330
f 7332 7333 7330
f 7332 7142 7334
f 7141 7142 7332
f 7335 7333 7332
f 7334 7335 7332
f 7334 7143 7336
f 7142 7143 7334
f 7337 7335 7334
f 7336 7337 7334
f 7336 7144 7338
f 7143 7144 7336
f 7339 7337 7336
f 7338 7339 7336
f 7338 7145 7340
f 7144 7145 7338
f 7341 7339 7338
f 7340 7341 7338
f 7340 7146 7342
f 7145 7146 7340
f 7343 7341 7340
f 7342 7343 7340
f 7342 7147 7344
f 7146 7147 7342
f 7345 7343 7342
f 7344 7345 7342
f 7344 7148 7346
f 7147 7148 7344
f 7347 7345 7344
f 7346 7347 7344
f 7346 7149 7348
f 7148 7149 7346
f 7349 7347 7346
f 7348 7349 7346
f 7348 7150 7350
f 7149 7150 7348
f 7351 7349 7348
f 7350 7351 7348
f 7350 7151 7352
f 7150 7151 7350
f 7353 7351 7350
f 7352 7353 7350
f 7352 7152 7354
f 7151 7152 7352
f 7355 7353 7352
f 7354 7355 7352
f 7354 7153 7356
f 7152 7153 7354
f 7357 7355 7354
f 7356 7357 7354
f 7356 7154 7358
f 7153 7154 7356
f 7359 7357 7356
f 7358 7359 7356
f 7358 7155 7360
f 7154 7155 7358
f 7361 7359 7358
f 7360 7361 7358
f 7360 7156 7362
f 7155 7156 7360
f 7363 7361 7360
f 7362 7363 7360
f 7362 7157 7364
f 7156 7157 7362
f 7365 7363 7362
f 7364 7365 7362
f 7364 7158 7366
f 7157 7158 7364
f 7367 7365 7364
f 7366 7367 7364
f 7366 7159 7368
f 7158 7159 7366
f 7369 7367 7366
f 7368 7369 7366
f 7368 7160 7370
f 7159 7160 7368
f 7371 7369 7368
f 7370 7371 7368
f 7370 7161 7372
f 7160 7161 7370
f 7373 7371 7370
f 7372 7373 7370
f 7372 7162 7374
f 7161 7162 7372
f 7375 7373 7372
f 7374 7375 7372
f 7374 7163 7376
f 7162 7163 7374
f 7377 7375 7374
f 7376 7377 7374
f 7376 7164 7378
f 7163 7164 7376
f 7379 7377 7376
f 7378 7379 7376
f 7378 7165 7380
f 7164 7165 7378
f 7381 7379 7378
f 7380 7381 7378
f 7380 7166 7382
f 7165 7166 7380
f 7383 7381 7380
f 7382 7383 7380
f 7382 7167 7384
f 7166 7167 7382
f 7385 7383 7382
f 7384 7385 7382
f 7384 7168 7386
f 7167 7168 7384
f 7387 7385 7384
f 7386 7387 7384
f 7386 7388 7389
f 7386 7168 7388
f 7168 7169 7388
f 7387 7386 7389
f 7169 7170 7388
f 7388 7170 7390
f 7170 7171 7390
f 7390 7171 7391
f 7171 7172 7391
f 7391 7172 7392
f 7172 7173 7392
f 7392 7173 7393
f 7173 7174 7393
f 7393 7174 7394
f 7174 7175 7394
f 7394 7175 7395
f 7175 7176 7395
f 7395 7176 7396
f 7176 7177 7396
f 7396 7177 7397
f 7177 7178 7397
f 7397 7178 7398
f 7178 7179 7398
f 7398 7179 7399
f 7179 7180 7399
f 7399 7180 7400
f 7180 7181 7400
f 7400 7181 7401
f 7181 7182 7401
f 7401 7182 7402
f 7182 7183 7402
f 7402 7183 7403
f 7183 7184 7403
f 7403 7184 7404
f 7184 7185 7404
f 7404 7185 7405
f 7185 7186 7405
f 7405 7186 7406
f 7186 7187 7406
f 7406 7187 7407
f 7187 7188 7407
f 7407 7188 7408
f 7188 7189 7408
f 7408 7189 7409
f 7189 7190 7409
f 7409 7190 7410
f 7190 7191 7410
f 7410 7191 7411
f 7191 7192 7411
f 7411 7192 7412
f 7192 7193 7412
f 7412 7193 7413
f 7193 7194 7413
f 7413 7194 7414
f 7194 7195 7414
f 7414 7195 7415
f 7195 7196 7415
f 7415 7196 7416
f 7196 7197 7416
f 7416 7197 7417
f 7197 7198 7417
f 7417 7198 7418
f 7198 7199 7418
f 7418 7199 7419
f 7199 7200 7419
f 7419 7200 7420
f 7200 7201 7420
f 7420 7201 7421
f 7201 7202 7421
f 7421 7202 7422
f 7202 7203 7422
f 7422 7203 7423
f 7203 7204 7423
f 7423 7204 7424
f 7204 7205 7424
f 7424 7205 7425
f 7205 7206 7425
f 7425 7206 7426
f 7427 7207 7428
f 7427 7426 7207
f 7426 7206 7207
f 7427 7428 7429
f 7428 7208 7430
f 7207 7208 7428
f 7431 7429 7428
f 7430 7431 7428
f 7430 7209 7432
f 7208 7209 7430
f 7433 7431 7430
f 7432 7433 7430
f 7209 7210 7432
f 7432 7210 7212
f 7432 7212 7433
f 7433 7212 7434
f 7212 7213 7434
f 7434 7213 7435
f 7213 7214 7435
f 7435 7214 7436
f 7214 7437 7436
f 7215 7437 7214
f 7437 7215 7216
f 7438 7437 7216
f 7216 7439 7438
f 7217 7439 7216
f 7439 7217 7218
f 7440 7439 7218
f 7218 7441 7440
f 7219 7441 7218
f 7441 7219 7220
f 7442 7441 7220
f 7443 7222 7445
f 7221 7222 7443
f 7446 7444 7443
f 7445 7446 7443
f 7445 7447 7448
f 7445 7222 7447
f 7222 7224 7447
f 7446 7445 7448
f 7226 7225 7449
f 7226 7449 7450
f 7226 7450 7224
f 7224 7450 7447
f 7449 7451 7452
f 7449 7225 7451
f 7225 7227 7451
f 7450 7449 7452
f 7227 7228 7451
f 7451 7228 7453
f 7228 7229 7453
f 7453 7229 7454
f 7229 7230 7454
f 7454 7230 7455
f 7230 7231 7455
f 7455 7231 7456
f 7231 7232 7456
f 7456 7232 7457
f 7232 7233 7457
f 7457 7233 7458
f 7233 7234 7458
f 7458 7234 7459
f 7234 7235 7459
f 7459 7235 7460
f 7235 7236 7460
f 7460 7236 7461
f 7236 7237 7461
f 7461 7237 7462
f 7237 7238 7462
f 7462 7238 7463
f 7238 7239 7463
f 7463 7239 7464
f 7239 7240 7464
f 7464 7240 7465
f 7240 7241 7465
f 7465 7241 7466
f 7241 7242 7466
f 7466 7242 7467
f 7242 7243 7467
f 7467 7243 7468
f 7243 7244 7468
f 7468 7244 7469
f 7244 7245 7469
f 7469 7245 7470
f 7245 7246 7470
f 7470 7246 7471
f 7246 7247 7471
f 7471 7247 7472
f 7247 7248 7472
f 7472 7248 7473
f 7248 7249 7473
f 7473 7249 7474
f 7249 7250 7474
f 7474 7250 7475
f 7250 7251 7475
f 7475 7251 7476
f 7251 7252 7476
f 7476 7252 7477
f 7252 7253 7477
f 7477 7253 7478
f 7253 7254 7478
f 7478 7254 7479
f 7254 7255 7479
f 7479 7255 7480
f 7255 7256 7480
f 7480 7256 7481
f 7256 7257 7481
f 7481 7257 7482
f 7257 7258 7482
f 7482 7258 7483
f 7258 7259 7483
f 7483 7259 7484
f 7259 7260 7484
f 7484 7260 7485
f 7260 7261 7485
f 7485 7261 7486
f 7261 7263 7486
f 7486 7263 7487
f 7263 7265 7487
f 7487 7265 7488
f 7265 7267 7488
f 7488 7267 7489
f 7267 7269 7489
f 7489 7269 7490
f 7269 7271 7490
f 7490 7271 7491
f 7271 7273 7491
f 7491 7273 7492
f 7273 7275 7492
f 7492 7275 7493
f 7275 7277 7493
f 7493 7277 7494
f 7277 7279 7494
f 7494 7279 7495
f 7279 7281 7495
f 7495 7281 7496
f 7281 7282 7496
f 7496 7282 7497
f 7282 7283 7497
f 7497 7283 7498
f 7283 7284 7498
f 7498 7284 7499
f 7284 7285 7499
f 7499 7285 7500
f 7285 7287 7500
f 7500 7287 7501
f 7287 7289 7501
f 7501 7289 7502
f 7289 7291 7502
f 7502 7291 7503
f 7291 7293 7503
f 7503 7293 7504
f 7293 7295 7504
f 7504 7295 7505
f 7295 7297 7505
f 7505 7297 7506
f 7297 7299 7506
f 7506 7299 7507
f 7299 7301 7507
f 7507 7301 7508
f 7301 7303 7508
f 7508 7303 7509
f 7303 7305 7509
f 7509 7305 7510
f 7305 7307 7510
f 7510 7307 7511
f 7307 7309 7511
f 7511 7309 7512
f 7309 7311 7512
f 7512 7311 7513
f 7311 7313 7513
f 7513 7313 7514
f 7313 7315 7514
f 7514 7315 7515
f 7315 7317 7515
f 7515 7317 7516
f 7317 7319 7516
f 7516 7319 7517
f 7319 7321 7517
f 7517 7321 7518
f 7321 7323 7518
f 7518 7323 7519
f 7323 7325 7519
f 7519 7325 7520
f 7325 7327 7520
f 7520 7327 7521
f 7327 7329 7521
f 7521 7329 7522
f 7329 7331 7522
f 7522 7331 7523
f 7331 7333 7523
f 7523 7333 7524
f 7333 7335 7524
f 7524 7335 7525
f 7335 7337 7525
f 7525 7337 7526
f 7337 7339 7526
f 7526 7339 7527
f 7339 7341 7527
f 7527 7341 7528
f 7341 7343 7528
f 7528 7343 7529
f 7343 7345 7529
f 7529 7345 7530
f 7345 7347 7530
f 7530 7347 7531
f 7347 7349 7531
f 7531 7349 7532
f 7349 7351 7532
f 7532 7351 7533
f 7351 7353 7533
f 7533 7353 7534
f 7353 7355 7534
f 7534 7355 7535
f 7355 7357 7535
f 7535 7357 7536
f 7357 7359 7536
f 7536 7359 7537
f 7359 7361 7537
f 7537 7361 7538
f 7361 7363 7538
f 7538 7363 7539
f 7363 7365 7539
f 7539 7365 7540
f 7365 7367 7540
f 7540 7367 7541
f 7367 7369 7541
f 7541 7369 7542
f 7369 7371 7542
f 7542 7371 7543
f 7371 7373 7543
f 7543 7373 7544
f 7373 7375 7544
f 7544 7375 7545
f 7375 7377 7545
f 7545 7377 7546
f 7377 7379 7546
f 7546 7379 7547
f 7379 7381 7547
f 7547 7381 7548
f 7381 7383 7548
f 7548 7383 7549
f 7383 7385 7549
f 7549 7385 7550
f 7385 7387 7550
f 7550 7387 7551
f 7389 7388 7552
f 7389 7552 7553
f 7389 7553 7387
f 7387 7553 7551
f 7552 7390 7554
f 7388 7390 7552
f 7555 7553 7552
f 7554 7555 7552
f 7554 7391 7556
f 7390 7391 7554
f 7557 7555 7554
f 7556 7557 7554
f 7556 7392 7558
f 7391 7392 7556
f 7559 7557 7556
f 7558 7559 7556
f 7558 7393 7560
f 7392 7393 7558
f 7561 7559 7558
f 7560 7561 7558
f 7560 7394 7562
f 7393 7394 7560
f 7563 7561 7560
f 7562 7563 7560
f 7562 7395 7564
f 7394 7395 7562
f 7565 7563 7562
f 7564 7565 7562
f 7564 7396 7566
f 7395 7396 7564
f 7567 7565 7564
f 7566 7567 7564
f 7566 7397 7568
f 7396 7397 7566
f 7569 7567 7566
f 7568 7569 7566
f 7568 7398 7570
f 7397 7398 7568
f 7571 7569 7568
f 7570 7571 7568
f 7570 7399 7572
f 7398 7399 7570
f 7573 7571 7570
f 7572 7573 7570
f 7572 7400 7574
f 7399 7400 7572
f 7575 7573 7572
f 7574 7575 7572
f 7574 7401 7576
f 7400 7401 7574
f 7577 7575 7574
f 7576 7577 7574
f 7576 7402 7578
f 7401 7402 7576
f 7579 7577 7576
f 7578 7579 7576
f 7578 7403 7580
f 7402 7403 7578
f 7581 7579 7578
f 7580 7581 7578
f 7580 7404 7582
f 7403 7404 7580
f 7583 7581 7580
f 7582 7583 7580
f 7582 7405 7584
f 7404 7405 7582
f 7585 7583 7582
f 7584 7585 7582
f 7584 7406 7586
f 7405 7406 7584
f 7587 7585 7584
f 7586 7587 7584
f 7586 7407 7588
f 7406 7407 7586
f 7589 7587 7586
f 7588 7589 7586
f 7588 7408 7590
f 7407 7408 7588
f 7591 7589 7588
f 7590 7591 7588
f 7590 7409 7592
f 7408 7409 7590
f 7593 7591 7590
f 7592 7593 7590
f 7592 7410 7594
f 7409 7410 7592
f 7595 7593 7592
f 7594 7595 7592
f 7594 7411 7596
f 7410 7411 7594
f 7597 7595 7594
f 7596 7597 7594
f 7596 7412 7598
f 7411 7412 7596
f 7599 7597 7596
f 7598 7599 7596
f 7598 7413 7600
f 7412 7413 7598
f 7601 7599 7598
f 7600 7601 7598
f 7600 7414 7602
f 7413 7414 7600
f 7603 7601 7600
f 7602 7603 7600
f 7602 7415 7604
f 7414 7415 7602
f 7605 7603 7602
f 7604 7605 7602
f 7604 7416 7606
f 7415 7416 7604
f 7607 7605 7604
f 7606 7607 7604
f 7606 7417 7608
f 7416 7417 7606
f 7609 7607 7606
f 7608 7609 7606
f 7608 7418 7610
f 7417 7418 7608
f 7611 7609 7608
f 7610 7611 7608
f 7610 7419 7612
f 7418 7419 7610
f 7613 7611 7610
f 7612 7613 7610
f 7612 7420 7614
f 7419 7420 7612
f 7615 7613 7612
f 7614 7615 7612
f 7614 7421 7616
f 7420 7421 7614
f 7617 7615 7614
f 7616 7617 7614
f 7616 7422 7618
f 7421 7422 7616
f 7619 7617 7616
f 7618 7619 7616
f 7618 7423 7620
f 7422 7423 7618
f 7621 7619 7618
f 7620 7621 7618
f 7620 7424 7622
f 7423 7424 7620
f 7623 7621 7620
f 7622 7623 7620
f 7622 7425 7624
f 7424 7425 7622
f 7625 7623 7622
f 7624 7625 7622
f 7624 7426 7626
f 7425 7426 7624
f 7627 7625 7624
f 7626 7627 7624
f 7426 7427 7626
f 7626 7427 7429
f 7626 7429 7627
f 7627 7429 7628
f 7429 7431 7628
f 7628 7431 7629
f 7431 7433 7629
f 7629 7433 7630
f 7433 7434 7630
f 7630 7434 7631
f 7434 7435 7631
f 7631 7435 7632
f 7633 7436 7634
f 7633 7632 7436
f 7632 7435 7436
f 7633 7634 7635
f 7436 7437 7634
f 7634 7437 7438
f 7634 7438 7635
f 7635 7438 7636
f 7438 7637 7636
f 7439 7637 7438
f 7637 7439 7440
f 7638 7637 7440
f 7440 7639 7638
f 7441 7639 7440
f 7639 7441 7442
f 7640 7639 7442
f 7641 7446 7644
f 7444 7446 7641
f 7645 7646 7642
f 7645 7642 7644
f 7644 7642 7641
f 7643 7642 7646
f 7448 7447 7647
f 7448 7647 7648
f 7446 7448 7648
f 7446 7648 7649
f 7446 7649 7644
f 7645 7644 7649
f 7647 7650 7651
f 7647 7447 7650
f 7447 7450 7650
f 7648 7647 7651
f 7452 7451 7652
f 7452 7652 7653
f 7452 7653 7450
f 7450 7653 7650
f 7652 7453 7654
f 7451 7453 7652
f 7655 7653 7652
f 7654 7655 7652
f 7654 7454 7656
f 7453 7454 7654
f 7657 7655 7654
f 7656 7657 7654
f 7656 7455 7658
f 7454 7455 7656
f 7659 7657 7656
f 7658 7659 7656
f 7658 7456 7660
f 7455 7456 7658
f 7661 7659 7658
f 7660 7661 7658
f 7660 7662 7663
f 7660 7456 7662
f 7456 7457 7662
f 7661 7660 7663
f 7457 7458 7662
f 7662 7458 7664
f 7665 7459 7666
f 7665 7664 7459
f 7664 7458 7459
f 7665 7666 7667
f 7666 7460 7668
f 7459 7460 7666
f 7669 7667 7666
f 7668 7669 7666
f 7668 7461 7670
f 7460 7461 7668
f 7671 7669 7668
f 7670 7671 7668
f 7670 7462 7672
f 7461 7462 7670
f 7673 7671 7670
f 7672 7673 7670
f 7672 7463 7674
f 7462 7463 7672
f 7675 7673 7672
f 7674 7675 7672
f 7674 7676 7677
f 7674 7463 7676
f 7463 7464 7676
f 7675 7674 7677
f 7464 7465 7676
f 7676 7465 7678
f 7465 7466 7678
f 7678 7466 7679
f 7466 7467 7679
f 7679 7467 7680
f 7467 7468 7680
f 7680 7468 7681
f 7468 7469 7681
f 7681 7469 7682
f 7469 7470 7682
f 7682 7470 7683
f 7684 7471 7685
f 7684 7683 7471
f 7683 7470 7471
f 7684 7685 7686
f 7685 7472 7687
f 7471 7472 7685
f 7688 7686 7685
f 7687 7688 7685
f 7687 7473 7689
f 7472 7473 7687
f 7690 7688 7687
f 7689 7690 7687
f 7689 7474 7691
f 7473 7474 7689
f 7692 7690 7689
f 7691 7692 7689
f 7691 7475 7693
f 7474 7475 7691
f 7694 7692 7691
f 7693 7694 7691
f 7693 7695 7696
f 7693 7475 7695
f 7475 7476 7695
f 7694 7693 7696
f 7476 7477 7695
f 7695 7477 7697
f 7477 7478 7697
f 7697 7478 7698
f 7478 7479 7698
f 7698 7479 7699
f 7479 7480 7699
f 7699 7480 7700
f 7480 7481 7700
f 7700 7481 7701
f 7481 7482 7701
f 7701 7482 7702
f 7482 7483 7702
f 7702 7483 7703
f 7483 7484 7703
f 7703 7484 7704
f 7484 7485 7704
f 7704 7485 7705
f 7485 7486 7705
f 7705 7486 7706
f 7486 7487 7706
f 7706 7487 7707
f 7487 7488 7707
f 7707 7488 7708
f 7488 7489 7708
f 7708 7489 7709
f 7489 7490 7709
f 7709 7490 7710
f 7490 7491 7710
f 7710 7491 7711
f 7491 7492 7711
f 7711 7492 7712
f 7492 7493 7712
f 7712 7493 7713
f 7493 7494 7713
f 7713 7494 7714
f 7494 7495 7714
f 7714 7495 7715
f 7495 7496 7715
f 7715 7496 7716
f 7496 7497 7716
f 7716 7497 7717
f 7497 7498 7717
f 7717 7498 7718
f 7498 7499 7718
f 7718 7499 7719
f 7499 7500 7719
f 7719 7500 7720
f 7500 7501 7720
f 7720 7501 7721
f 7501 7502 7721
f 7721 7502 7722
f 7502 7503 7722
f 7722 7503 7723
f 7503 7504 7723
f 7723 7504 7724
f 7504 7505 7724
f 7724 7505 7725
f 7505 7506 7725
f 7725 7506 7726
f 7506 7507 7726
f 7726 7507 7727
f 7507 7508 7727
f 7727 7508 7728
f 7508 7509 7728
f 7728 7509 7729
f 7509 7510 7729
f 7729 7510 7730
f 7510 7511 7730
f 7730 7511 7731
f 7511 7512 7731
f 7731 7512 7732
f 7512 7513 7732
f 7732 7513 7733
f 7513 7514 7733
f 7733 7514 7734
f 7514 7515 7734
f 7734 7515 7735
f 7515 7516 7735
f 7735 7516 7736
f 7516 7517 7736
f 7736 7517 7737
f 7517 7518 7737
f 7737 7518 7738
f 7518 7519 7738
f 7738 7519 7739
f 7519 7520 7739
f 7739 7520 7740
f 7520 7521 7740
f 7740 7521 7741
f 7521 7522 7741
f 7741 7522 7742
f 7522 7523 7742
f 7742 7523 7743
f 7523 7524 7743
f 7743 7524 7744
f 7524 7525 7744
f 7744 7525 7745
f 7525 7526 7745
f 7745 7526 7746
f 7526 7527 7746
f 7746 7527 7747
f 7527 7528 7747
f 7747 7528 7748
f 7528 7529 7748
f 7748 7529 7749
f 7529 7530 7749
f 7749 7530 7750
f 7530 7531 7750
f 7750 7531 7751
f 7531 7532 7751
f 7751 7532 7752
f 7532 7533 7752
f 7752 7533 7753
f 7533 7534 7753
f 7753 7534 7754
f 7534 7535 7754
f 7754 7535 7755
f 7535 7536 7755
f 7755 7536 7756
f 7536 7537 7756
f 7756 7537 7757
f 7537 7538 7757
f 7757 7538 7758
f 7538 7539 7758
f 7758 7539 7759
f 7539 7540 7759
f 7759 7540 7760
f 7540 7541 7760
f 7760 7541 7761
f 7541 7542 7761
f 7761 7542 7762
f 7542 7543 7762
f 7762 7543 7763
f 7543 7544 7763
f 7763 7544 7764
f 7544 7545 7764
f 7764 7545 7765
f 7545 7546 7765
f 7765 7546 7766
f 7546 7547 7766
f 7766 7547 7767
f 7547 7548 7767
f 7767 7548 7768
f 7548 7549 7768
f 7768 7549 7769
f 7549 7550 7769
f 7769 7550 7770
f 7550 7551 7770
f 7770 7551 7771
f 7551 7553 7771
f 7771 7553 7772
f 7553 7555 7772
f 7772 7555 7773
f 7555 7557 7773
f 7773 7557 7774
f 7557 7559 7774
f 7774 7559 7775
f 7559 7561 7775
f 7775 7561 7776
f 7561 7563 7776
f 7776 7563 7777
f 7563 7565 7777
f 7777 7565 7778
f 7565 7567 7778
f 7778 7567 7779
f 7567 7569 7779
f 7779 7569 7780
f 7569 7571 7780
f 7780 7571 7781
f 7571 7573 7781
f 7781 7573 7782
f 7573 7575 7782
f 7782 7575 7783
f 7575 7577 7783
f 7783 7577 7784
f 7577 7579 7784
f 7784 7579 7785
f 7579 7581 7785
f 7785 7581 7786
f 7581 7583 7786
f 7786 7583 7787
f 7583 7585 7787
f 7787 7585 7788
f 7585 7587 7788
f 7788 7587 7789
f 7587 7589 7789
f 7789 7589 7790
f 7589 7591 7790
f 7790 7591 7791
f 7591 7593 7791
f 7791 7593 7792
f 7593 7595 7792
f 7792 7595 7793
f 7595 7597 7793
f 7793 7597 7794
f 7597 7599 7794
f 7794 7599 7795
f 7599 7601 7795
f 7795 7601 7796
f 7601 7603 7796
f 7796 7603 7797
f 7603 7605 7797
f 7797 7605 7798
f 7605 7607 7798
f 7798 7607 7799
f 7607 7609 7799
f 7799 7609 7800
f 7609 7611 7800
f 7800 7611 7801
f 7611 7613 7801
f 7801 7613 7802
f 7613 7615 7802
f 7802 7615 7803
f 7615 7617 7803
f 7803 7617 7804
f 7617 7619 7804
f 7804 7619 7805
f 7619 7621 7805
f 7805 7621 7806
f 7621 7623 7806
f 7806 7623 7807
f 7623 7625 7807
f 7807 7625 7808
f 7625 7627 7808
f 7808 7627 7809
f 7627 7628 7809
f 7809 7628 7810
f 7628 7629 7810
f 7810 7629 7811
f 7812 7630 7813
f 7812 7811 7630
f 7811 7629 7630
f 7812 7813 7814
f 7813 7631 7815
f 7630 7631 7813
f 7816 7814 7813
f 7815 7816 7813
f 7815 7632 7817
f 7631 7632 7815
f 7818 7816 7815
f 7817 7818 7815
f 7632 7633 7817
f 7817 7633 7635
f 7817 7635 7818
f 7818 7635 7819
f 7820 7636 7821
f 7820 7819 7636
f 7819 7635 7636
f 7820 7821 7822
f 7636 7637 7821
f 7638 7823 7824
f 7637 7638 7824
f 7637 7824 7822
f 7637 7822 7821
f 7824 7823 7825
f 7638 7639 7823
f 7823 7639 7640
f 7823 7640 7825
f 7825 7640 7826
f 7646 7645 7829
f 7646 7829 7830
f 7643 7646 7830
f 7643 7830 7831
f 7643 7831 7827
f 7828 7827 7831
f 7649 7648 7832
f 7649 7832 7833
f 7645 7649 7833
f 7645 7833 7834
f 7645 7834 7829
f 7830 7829 7834
f 7651 7650 7835
f 7651 7835 7836
f 7648 7651 7836
f 7648 7836 7837
f 7648 7837 7832
f 7833 7832 7837
f 7835 7653 7838
f 7650 7653 7835
f 7839 7836 7835
f 7838 7839 7835
f 7838 7840 7841
f 7838 7653 7840
f 7653 7655 7840
f 7839 7838 7841
f 7655 7657 7840
f 7840 7657 7842
f 7657 7659 7842
f 7842 7659 7843
f 7659 7661 7843
f 7843 7661 7844
f 7663 7662 7845
f 7663 7845 7846
f 7663 7846 7661
f 7661 7846 7844
f 7845 7664 7847
f 7662 7664 7845
f 7848 7846 7845
f 7847 7848 7845
f 7664 7665 7847
f 7847 7665 7667
f 7847 7667 7848
f 7848 7667 7849
f 7667 7669 7849
f 7849 7669 7850
f 7669 7671 7850
f 7850 7671 7851
f 7671 7673 7851
f 7851 7673 7852
f 7673 7675 7852
f 7852 7675 7853
f 7677 7676 7854
f 7677 7854 7855
f 7677 7855 7675
f 7675 7855 7853
f 7854 7678 7856
f 7676 7678 7854
f 7857 7855 7854
f 7856 7857 7854
f 7856 7679 7858
f 7678 7679 7856
f 7859 7857 7856
f 7858 7859 7856
f 7858 7680 7860
f 7679 7680 7858
f 7861 7859 7858
f 7860 7861 7858
f 7860 7681 7862
f 7680 7681 7860
f 7863 7861 7860
f 7862 7863 7860
f 7862 7682 7864
f 7681 7682 7862
f 7865 7863 7862
f 7864 7865 7862
f 7864 7683 7866
f 7682 7683 7864
f 7867 7865 7864
f 7866 7867 7864
f 7683 7684 7866
f 7866 7684 7686
f 7866 7686 7867
f 7867 7686 7868
f 7686 7688 7868
f 7868 7688 7869
f 7688 7690 7869
f 7869 7690 7870
f 7690 7692 7870
f 7870 7692 7871
f 7692 7694 7871
f 7871 7694 7872
f 7696 7695 7873
f 7696 7873 7874
f 7696 7874 7694
f 7694 7874 7872
f 7873 7697 7875
f 7695 7697 7873
f 7876 7874 7873
f 7875 7876 7873
f 7875 7698 7877
f 7697 7698 7875
f 7878 7876 7875
f 7877 7878 7875
f 7877 7699 7879
f 7698 7699 7877
f 7880 7878 7877
f 7879 7880 7877
f 7879 7700 7881
f 7699 7700 7879
f 7882 7880 7879
f 7881 7882 7879
f 7881 7701 7883
f 7700 7701 7881
f 7884 7882 7881
f 7883 7884 7881
f 7883 7702 7885
f 7701 7702 7883
f 7886 7884 7883
f 7885 7886 7883
f 7885 7703 7887
f 7702 7703 7885
f 7888 7886 7885
f 7887 7888 7885
f 7887 7704 7889
f 7703 7704 7887
f 7890 7888 7887
f 7889 7890 7887
f 7889 7705 7891
f 7704 7705 7889
f 7892 7890 7889
f 7891 7892 7889
f 7891 7706 7893
f 7705 7706 7891
f 7894 7892 7891
f 7893 7894 7891
f 7893 7707 7895
f 7706 7707 7893
f 7896 7894 7893
f 7895 7896 7893
f 7895 7708 7897
f 7707 7708 7895
f 7898 7896 7895
f 7897 7898 7895
f 7897 7709 7899
f 7708 7709 7897
f 7900 7898 7897
f 7899 7900 7897
f 7899 7710 7901
f 7709 7710 7899
f 7902 7900 7899
f 7901 7902 7899
f 7901 7711 7903
f 7710 7711 7901
f 7904 7902 7901
f 7903 7904 7901
f 7903 7712 7905
f 7711 7712 7903
f 7906 7904 7903
f 7905 7906 7903
f 7905 7713 7907
f 7712 7713 7905
f 7908 7906 7905
f 7907 7908 7905
f 7907 7714 7909
f 7713 7714 7907
f 7910 7908 7907
f 7909 7910 7907
f 7909 7715 7911
f 7714 7715 7909
f 7912 7910 7909
f 7911 7912 7909
f 7911 7716 7913
f 7715 7716 7911
f 7914 7912 7911
f 7913 7914 7911
f 7913 7717 7915
f 7716 7717 7913
f 7916 7914 7913
f 7915 7916 7913
f 7915 7718 7917
f 7717 7718 7915
f 7918 7916 7915
f 7917 7918 7915
f 7917 7719 7919
f 7718 7719 7917
f 7920 7918 7917
f 7919 7920 7917
f 7919 7720 7921
f 7719 7720 7919
f 7922 7920 7919
f 7921 7922 7919
f 7921 7721 7923
f 7720 7721 7921
f 7924 7922 7921
f 7923 7924 7921
f 7923 7722 7925
f 7721 7722 7923
f 7926 7924 7923
f 7925 7926 7923
f 7925 7723 7927
f 7722 7723 7925
f 7928 7926 7925
f 7927 7928 7925
f 7927 7724 7929
f 7723 7724 7927
f 7930 7928 7927
f 7929 7930 7927
f 7929 7725 7931
f 7724 7725 7929
f 7932 7930 7929
f 7931 7932 7929
f 7931 7726 7933
f 7725 7726 7931
f 7934 7932 7931
f 7933 7934 7931
f 7933 7727 7935
f 7726 7727 7933
f 7936 7934 7933
f 7935 7936 7933
f 7935 7728 7937
f 7727 7728 7935
f 7938 7936 7935
f 7937 7938 7935
f 7937 7729 7939
f 7728 7729 7937
f 7940 7938 7937
f 7939 7940 7937
f 7939 7730 7941
f 7729 7730 7939
f 7942 7940 7939
f 7941 7942 7939
f 7941 7731 7943
f 7730 7731 7941
f 7944 7942 7941
f 7943 7944 7941
f 7943 7732 7945
f 7731 7732 7943
f 7946 7944 7943
f 7945 7946 7943
f 7945 7733 7947
f 7732 7733 7945
f 7948 7946 7945
f 7947 7948 7945
f 7947 7734 7949
f 7733 7734 7947
f 7950 7948 7947
f 7949 7950 7947
f 7949 7735 7951
f 7734 7735 7949
f 7952 7950 7949
f 7951 7952 7949
f 7951 7736 7953
f 7735 7736 7951
f 7954 7952 7951
f 7953 7954 7951
f 7953 7737 7955
f 7736 7737 7953
f 7956 7954 7953
f 7955 7956 7953
f 7955 7738 7957
f 7737 7738 7955
f 7958 7956 7955
f 7957 7958 7955
f 7957 7739 7959
f 7738 7739 7957
f 7960 7958 7957
f 7959 7960 7957
f 7959 7740 7961
f 7739 7740 7959
f 7962 7960 7959
f 7961 7962 7959
f 7961 7741 7963
f 7740 7741 7961
f 7964 7962 7961
f 7963 7964 7961
f 7963 7742 7965
f 7741 7742 7963
f 7966 7964 7963
f 7965 7966 7963
f 7965 7743 7967
f 7742 7743 7965
f 7968 7966 7965
f 7967 7968 7965
f 7967 7744 7969
f 7743 7744 7967
f 7970 7968 7967
f 7969 7970 7967
f 7969 7745 7971
f 7744 7745 7969
f 7972 7970 7969
f 7971 7972 7969
f 7971 7746 7973
f 7745 7746 7971
f 7974 7972 7971
f 7973 7974 7971
f 7973 7747 7975
f 7746 7747 7973
f 7976 7974 7973
f 7975 7976 7973
f 7975 7748 7977
f 7747 7748 7975
f 7978 7976 7975
f 7977 7978 7975
f 7977 7749 7979
f 7748 7749 7977
f 7980 7978 7977
f 7979 7980 7977
f 7979 7750 7981
f 7749 7750 7979
f 7982 7980 7979
f 7981 7982 7979
f 7981 7751 7983
f 7750 7751 7981
f 7984 7982 7981
f 7983 7984 7981
f 7983 7752 7985
f 7751 7752 7983
f 7986 7984 7983
f 7985 7986 7983
f 7985 7753 7987
f 7752 7753 7985
f 7988 7986 7985
f 7987 7988 7985
f 7987 7754 7989
f 7753 7754 7987
f 7990 7988 7987
f 7989 7990 7987
f 7989 7755 7991
f 7754 7755 7989
f 7992 7990 7989
f 7991 7992 7989
f 7991 7756 7993
f 7755 7756 7991
f 7994 7992 7991
f 7993 7994 7991
f 7993 7757 7995
f 7756 7757 7993
f 7996 7994 7993
f 7995 7996 7993
f 7995 7758 7997
f 7757 7758 7995
f 7998 7996 7995
f 7997 7998 7995
f 7997 7759 7999
f 7758 7759 7997
f 8000 7998 7997
f 7999 8000 7997
f 7999 7760 8001
f 7759 7760 7999
f 8002 8000 7999
f 8001 8002 7999
f 8001 7761 8003
f 7760 7761 8001
f 8004 8002 8001
f 8003 8004 8001
f 8003 7762 8005
f 7761 7762 8003
f 8006 8004 8003
f 8005 8006 8003
f 8005 7763 8007
f 7762 7763 8005
f 8008 8006 8005
f 8007 8008 8005
f 8007 7764 8009
f 7763 7764 8007
f 8010 8008 8007
f 8009 8010 8007
f 8009 7765 8011
f 7764 7765 8009
f 8012 8010 8009
f 8011 8012 8009
f 8011 7766 8013
f 7765 7766 8011
f 8014 8012 8011
f 8013 8014 8011
f 8013 7767 8015
f 7766 7767 8013
f 8016 8014 8013
f 8015 8016 8013
f 8015 7768 8017
f 7767 7768 8015
f 8018 8016 8015
f 8017 8018 8015
f 8017 7769 8019
f 7768 7769 8017
f 8020 8018 8017
f 8019 8020 8017
f 8019 7770 8021
f 7769 7770 8019
f 8022 8020 8019
f 8021 8022 8019
f 8021 7771 8023
f 7770 7771 8021
f 8024 8022 8021
f 8023 8024 8021
f 8023 7772 8025
f 7771 7772 8023
f 8026 8024 8023
f 8025 8026 8023
f 8025 7773 8027
f 7772 7773 8025
f 8028 8026 8025
f 8027 8028 8025
f 8027 7774 8029
f 7773 7774 8027
f 8030 8028 8027
f 8029 8030 8027
f 8029 7775 8031
f 7774 7775 8029
f 8032 8030 8029
f 8031 8032 8029
f 8031 7776 8033
f 7775 7776 8031
f 8034 8032 8031
f 8033 8034 8031
f 8033 7777 8035
f 7776 7777 8033
f 8036 8034 8033
f 8035 8036 8033
f 8035 7778 8037
f 7777 7778 8035
f 8038 8036 8035
f 8037 8038 8035
f 8037 7779 8039
f 7778 7779 8037
f 8040 8038 8037
f 8039 8040 8037
f 8039 7780 8041
f 7779 7780 8039
f 8042 8040 8039
f 8041 8042 8039
f 8041 7781 8043
f 7780 7781 8041
f 8044 8042 8041
f 8043 8044 8041
f 8043 7782 8045
f 7781 7782 8043
f 8046 8044 8043
f 8045 8046 8043
f 8045 7783 8047
f 7782 7783 8045
f 8048 8046 8045
f 8047 8048 8045
f 8047 7784 8049
f 7783 7784 8047
f 8050 8048 8047
f 8049 8050 8047
f 8049 7785 8051
f 7784 7785 8049
f 8052 8050 8049
f 8051 8052 8049
f 8051 7786 8053
f 7785 7786 8051
f 8054 8052 8051
f 8053 8054 8051
f 8053 7787 8055
f 7786 7787 8053
f 8056 8054 8053
f 8055 8056 8053
f 8055 7788 8057
f 7787 7788 8055
f 8058 8056 8055
f 8057 8058 8055
f 8057 7789 8059
f 7788 7789 8057
f 8060 8058 8057
f 8059 8060 8057
f 8059 7790 8061
f 7789 7790 8059
f 8062 8060 8059
f 8061 8062 8059
f 8061 7791 8063
f 7790 7791 8061
f 8064 8062 8061
f 8063 8064 8061
f 8063 7792 8065
f 7791 7792 8063
f 8066 8064 8063
f 8065 8066 8063
f 8065 7793 8067
f 7792 7793 8065
f 8068 8066 8065
f 8067 8068 8065
f 8067 7794 8069
f 7793 7794 8067
f 8070 8068 8067
f 8069 8070 8067
f 8069 7795 8071
f 7794 7795 8069
f 8072 8070 8069
f 8071 8072 8069
f 8071 7796 8073
f 7795 7796 8071
f 8074 8072 8071
f 8073 8074 8071
f 8073 7797 8075
f 7796 7797 8073
f 8076 8074 8073
f 8075 8076 8073
f 8075 7798 8077
f 7797 7798 8075
f 8078 8076 8075
f 8077 8078 8075
f 8077 7799 8079
f 7798 7799 8077
f 8080 8078 8077
f 8079 8080 8077
f 8079 7800 8081
f 7799 7800 8079
f 8082 8080 8079
f 8081 8082 8079
f 8081 7801 8083
f 7800 7801 8081
f 8084 8082 8081
f 8083 8084 8081
f 8083 7802 8085
f 7801 7802 8083
f 8086 8084 8083
f 8085 8086 8083
f 8085 7803 8087
f 7802 7803 8085
f 8088 8086 8085
f 8087 8088 8085
f 8087 7804 8089
f 7803 7804 8087
f 8090 8088 8087
f 8089 8090 8087
f 8089 7805 8091
f 7804 7805 8089
f 8092 8090 8089
f 8091 8092 8089
f 8091 7806 8093
f 7805 7806 8091
f 8094 8092 8091
f 8093 8094 8091
f 8093 7807 8095
f 7806 7807 8093
f 8096 8094 8093
f 8095 8096 8093
f 8095 7808 8097
f 7807 7808 8095
f 8098 8096 8095
f 8097 8098 8095
f 8097 7809 8099
f 7808 7809 8097
f 8100 8098 8097
f 8099 8100 8097
f 8099 7810 8101
f 7809 7810 8099
f 8102 8100 8099
f 8101 8102 8099
f 8101 7811 8103
f 7810 7811 8101
f 8104 8102 8101
f 8103 8104 8101
f 7811 7812 8103
f 8103 7812 7814
f 8103 7814 8104
f 8104 7814 8105
f 7814 7816 8105
f 8105 7816 8106
f 8107 7818 8108
f 8107 8106 7818
f 8106 7816 7818
f 8107 8108 8109
f 8108 7819 8110
f 7818 7819 8108
f 8111 8109 8108
f 8110 8111 8108
f 7819 7820 8110
f 8110 7820 7822
f 8110 7822 8111
f 8111 7822 8112
f 7822 8113 8112
f 7824 8113 7822
f 7825 8114 8115
f 7825 8115 7824
f 7824 8115 8113
f 8115 8114 8116
f 8114 7826 8117
f 7825 7826 8114
f 8118 8116 8114
f 8117 8118 8114
f 7831 7830 8121
f 7831 8121 8122
f 7828 7831 8122
f 7828 8122 8123
f 7828 8123 8119
f 8120 8119 8123
f 7834 7833 8124
f 7834 8124 8125
f 7830 7834 8125
f 7830 8125 8126
f 7830 8126 8121
f 8122 8121 8126
f 7837 7836 8127
f 7837 8127 8128
f 7833 7837 8128
f 7833 8128 8129
f 7833 8129 8124
f 8125 8124 8129
f 8127 7839 8130
f 7836 7839 8127
f 8131 8128 8127
f 8130 8131 8127
f 7841 7840 8132
f 7841 8130 7839
f 7841 8132 8130
f 8132 8133 8130
f 8134 8131 8130
f 8133 8134 8130
f 8132 7842 8135
f 7840 7842 8132
f 8133 8132 8136
f 8136 8132 8135
f 8137 8134 8133
f 8136 8137 8133
f 8135 7843 8138
f 7842 7843 8135
f 8136 8135 8139
f 8139 8135 8138
f 8140 8137 8136
f 8139 8140 8136
f 8138 7844 8141
f 7843 7844 8138
f 8139 8138 8142
f 8142 8138 8141
f 8143 8140 8139
f 8142 8143 8139
f 8141 7846 8144
f 7844 7846 8141
f 8142 8141 8145
f 8145 8141 8144
f 8146 8143 8142
f 8145 8146 8142
f 8144 7848 8147
f 7846 7848 8144
f 8145 8144 8148
f 8148 8144 8147
f 8149 8146 8145
f 8148 8149 8145
f 8147 7849 8150
f 7848 7849 8147
f 8148 8147 8151
f 8151 8147 8150
f 8152 8149 8148
f 8151 8152 8148
f 8150 7850 8153
f 7849 7850 8150
f 8151 8150 8154
f 8154 8150 8153
f 8155 8152 8151
f 8154 8155 8151
f 8153 7851 8156
f 7850 7851 8153
f 8154 8153 8157
f 8157 8153 8156
f 8158 8155 8154
f 8157 8158 8154
f 8156 7852 8159
f 7851 7852 8156
f 8157 8156 8160
f 8160 8156 8159
f 8161 8158 8157
f 8160 8161 8157
f 8159 7853 8162
f 7852 7853 8159
f 8160 8159 8163
f 8163 8159 8162
f 8164 8161 8160
f 8163 8164 8160
f 8162 7855 8165
f 7853 7855 8162
f 8163 8162 8166
f 8166 8162 8165
f 8167 8164 8163
f 8166 8167 8163
f 8165 7857 8168
f 7855 7857 8165
f 8166 8165 8169
f 8169 8165 8168
f 8170 8167 8166
f 8169 8170 8166
f 8168 7859 8171
f 7857 7859 8168
f 8169 8168 8172
f 8172 8168 8171
f 8173 8170 8169
f 8172 8173 8169
f 8171 7861 8174
f 7859 7861 8171
f 8172 8171 8175
f 8175 8171 8174
f 8176 8173 8172
f 8175 8176 8172
f 8174 7863 8177
f 7861 7863 8174
f 8175 8174 8178
f 8178 8174 8177
f 8179 8176 8175
f 8178 8179 8175
f 8177 7865 8180
f 7863 7865 8177
f 8178 8177 8181
f 8181 8177 8180
f 8182 8179 8178
f 8181 8182 8178
f 8180 7867 8183
f 7865 7867 8180
f 8181 8180 8184
f 8184 8180 8183
f 8185 8182 8181
f 8184 8185 8181
f 8183 7868 8186
f 7867 7868 8183
f 8184 8183 8187
f 8187 8183 8186
f 8188 8185 8184
f 8187 8188 8184
f 8186 7869 8189
f 7868 7869 8186
f 8187 8186 8190
f 8190 8186 8189
f 8191 8188 8187
f 8190 8191 8187
f 8189 7870 8192
f 7869 7870 8189
f 8190 8189 8193
f 8193 8189 8192
f 8194 8191 8190
f 8193 8194 8190
f 8192 7871 8195
f 7870 7871 8192
f 8193 8192 8196
f 8196 8192 8195
f 8197 8194 8193
f 8196 8197 8193
f 8195 7872 8198
f 7871 7872 8195
f 8196 8195 8199
f 8199 8195 8198
f 8200 8197 8196
f 8199 8200 8196
f 8198 7874 8201
f 7872 7874 8198
f 8199 8198 8202
f 8202 8198 8201
f 8203 8200 8199
f 8202 8203 8199
f 8201 7876 8204
f 7874 7876 8201
f 8202 8201 8205
f 8205 8201 8204
f 8206 8203 8202
f 8205 8206 8202
f 8204 7878 8207
f 7876 7878 8204
f 8205 8204 8208
f 8208 8204 8207
f 8209 8206 8205
f 8208 8209 8205
f 8207 7880 8210
f 7878 7880 8207
f 8208 8207 8211
f 8211 8207 8210
f 8212 8209 8208
f 8211 8212 8208
f 8210 7882 8213
f 7880 7882 8210
f 8211 8210 8214
f 8214 8210 8213
f 8215 8212 8211
f 8214 8215 8211
f 8213 7884 8216
f 7882 7884 8213
f 8214 8213 8217
f 8217 8213 8216
f 8218 8215 8214
f 8217 8218 8214
f 8216 7886 8219
f 7884 7886 8216
f 8217 8216 8220
f 8220 8216 8219
f 8221 8218 8217
f 8220 8221 8217
f 8219 7888 8222
f 7886 7888 8219
f 8220 8219 8223
f 8223 8219 8222
f 8224 8221 8220
f 8223 8224 8220
f 8222 7890 8225
f 7888 7890 8222
f 8223 8222 8226
f 8226 8222 8225
f 8227 8224 8223
f 8226 8227 8223
f 8225 7892 8228
f 7890 7892 8225
f 8226 8225 8229
f 8229 8225 8228
f 8230 8227 8226
f 8229 8230 8226
f 8228 7894 8231
f 7892 7894 8228
f 8229 8228 8232
f 8232 8228 8231
f 8233 8230 8229
f 8232 8233 8229
f 8231 7896 8234
f 7894 7896 8231
f 8232 8231 8235
f 8235 8231 8234
f 8236 8233 8232
f 8235 8236 8232
f 8234 7898 8237
f 7896 7898 8234
f 8235 8234 8238
f 8238 8234 8237
f 8239 8236 8235
f 8238 8239 8235
f 8237 7900 8240
f 7898 7900 8237
f 8238 8237 8241
f 8241 8237 8240
f 8242 8239 8238
f 8241 8242 8238
f 8240 7902 8243
f 7900 7902 8240
f 8241 8240 8244
f 8244 8240 8243
f 8245 8242 8241
f 8244 8245 8241
f 8243 7904 8246
f 7902 7904 8243
f 8244 8243 8247
f 8247 8243 8246
f 8248 8245 8244
f 8247 8248 8244
f 8246 7906 8249
f 7904 7906 8246
f 8247 8246 8250
f 8250 8246 8249
f 8251 8248 8247
f 8250 8251 8247
f 8249 7908 8252
f 7906 7908 8249
f 8250 8249 8253
f 8253 8249 8252
f 8254 8251 8250
f 8253 8254 8250
f 8252 7910 8255
f 7908 7910 8252
f 8253 8252 8256
f 8256 8252 8255
f 8257 8254 8253
f 8256 8257 8253
f 8255 7912 8258
f 7910 7912 8255
f 8256 8255 8259
f 8259 8255 8258
f 8260 8257 8256
f 8259 8260 8256
f 8258 7914 8261
f 7912 7914 8258
f 8259 8258 8262
f 8262 8258 8261
f 8263 8260 8259
f 8262 8263 8259
f 8261 7916 8264
f 7914 7916 8261
f 8262 8261 8265
f 8265 8261 8264
f 8266 8263 8262
f 8265 8266 8262
f 8264 7918 8267
f 7916 7918 8264
f 8265 8264 8268
f 8268 8264 8267
f 8269 8266 8265
f 8268 8269 8265
f 8267 7920 8270
f 7918 7920 8267
f 8268 8267 8271
f 8271 8267 8270
f 8272 8269 8268
f 8271 8272 8268
f 8270 7922 8273
f 7920 7922 8270
f 8271 8270 8274
f 8274 8270 8273
f 8275 8272 8271
f 8274 8275 8271
f 8273 7924 8276
f 7922 7924 8273
f 8274 8273 8277
f 8277 8273 8276
f 8278 8275 8274
f 8277 8278 8274
f 8276 7926 8279
f 7924 7926 8276
f 8277 8276 8280
f 8280 8276 8279
f 8281 8278 8277
f 8280 8281 8277
f 8279 7928 8282
f 7926 7928 8279
f 8280 8279 8283
f 8283 8279 8282
f 8284 8281 8280
f 8283 8284 8280
f 8282 7930 8285
f 7928 7930 8282
f 8283 8282 8286
f 8286 8282 8285
f 8287 8284 8283
f 8286 8287 8283
f 8285 7932 8288
f 7930 7932 8285
f 8286 8285 8289
f 8289 8285 8288
f 8290 8287 8286
f 8289 8290 8286
f 8288 7934 8291
f 7932 7934 8288
f 8289 8288 8292
f 8292 8288 8291
f 8293 8290 8289
f 8292 8293 8289
f 8291 7936 8294
f 7934 7936 8291
f 8292 8291 8295
f 8295 8291 8294
f 8296 8293 8292
f 8295 8296 8292
f 8294 7938 8297
f 7936 7938 8294
f 8295 8294 8298
f 8298 8294 8297
f 8299 8296 8295
f 8298 8299 8295
f 8297 7940 8300
f 7938 7940 8297
f 8298 8297 8301
f 8301 8297 8300
f 8302 8299 8298
f 8301 8302 8298
f 8300 7942 8303
f 7940 7942 8300
f 8301 8300 8304
f 8304 8300 8303
f 8305 8302 8301
f 8304 8305 8301
f 8303 7944 8306
f 7942 7944 8303
f 8304 8303 8307
f 8307 8303 8306
f 8308 8305 8304
f 8307 8308 8304
f 8306 7946 8309
f 7944 7946 8306
f 8307 8306 8310
f 8310 8306 8309
f 8311 8308 8307
f 8310 8311 8307
f 8309 7948 8312
f 7946 7948 8309
f 8310 8309 8313
f 8313 8309 8312
f 8314 8311 8310
f 8313 8314 8310
f 8312 7950 8315
f 7948 7950 8312
f 8313 8312 8316
f 8316 8312 8315
f 8317 8314 8313
f 8316 8317 8313
f 8315 7952 8318
f 7950 7952 8315
f 8316 8315 8319
f 8319 8315 8318
f 8320 8317 8316
f 8319 8320 8316
f 8318 7954 8321
f 7952 7954 8318
f 8319 8318 8322
f 8322 8318 8321
f 8323 8320 8319
f 8322 8323 8319
f 8321 7956 8324
f 7954 7956 8321
f 8322 8321 8325
f 8325 8321 8324
f 8326 8323 8322
f 8325 8326 8322
f 8324 7958 8327
f 7956 7958 8324
f 8325 8324 8328
f 8328 8324 8327
f 8329 8326 8325
f 8328 8329 8325
f 8327 7960 8330
f 7958 7960 8327
f 8328 8327 8331
f 8331 8327 8330
f 8332 8329 8328
f 8331 8332 8328
f 8330 7962 8333
f 7960 7962 8330
f 8331 8330 8334
f 8334 8330 8333
f 8335 8332 8331
f 8334 8335 8331
f 8333 7964 8336
f 7962 7964 8333
f 8334 8333 8337
f 8337 8333 8336
f 8338 8335 8334
f 8337 8338 8334
f 8336 7966 8339
f 7964 7966 8336
f 8337 8336 8340
f 8340 8336 8339
f 8341 8338 8337
f 8340 8341 8337
f 8339 7968 8342
f 7966 7968 8339
f 8340 8339 8343
f 8343 8339 8342
f 8344 8341 8340
f 8343 8344 8340
f 8342 7970 8345
f 7968 7970 8342
f 8343 8342 8346
f 8346 8342 8345
f 8347 8344 8343
f 8346 8347 8343
f 8345 7972 8348
f 7970 7972 8345
f 8346 8345 8349
f 8349 8345 8348
f 8350 8347 8346
f 8349 8350 8346
f 8348 7974 8351
f 7972 7974 8348
f 8349 8348 8352
f 8352 8348 8351
f 8353 8350 8349
f 8352 8353 8349
f 8351 7976 8354
f 7974 7976 8351
f 8352 8351 8355
f 8355 8351 8354
f 8356 8353 8352
f 8355 8356 8352
f 8354 7978 8357
f 7976 7978 8354
f 8355 8354 8358
f 8358 8354 8357
f 8359 8356 8355
f 8358 8359 8355
f 8357 7980 8360
f 7978 7980 8357
f 8361 8362 8358
f 8361 8358 8360
f 8360 8358 8357
f 8359 8358 8362
f 8360 7982 8363
f 7980 7982 8360
f 8364 8361 8360
f 8363 8364 8360
f 8363 7984 8365
f 7982 7984 8363
f 8366 8364 8363
f 8365 8366 8363
f 8365 7986 8367
f 7984 7986 8365
f 8368 8366 8365
f 8367 8368 8365
f 8367 7988 8369
f 7986 7988 8367
f 8370 8368 8367
f 8369 8370 8367
f 8369 7990 8371
f 7988 7990 8369
f 8372 8370 8369
f 8371 8372 8369
f 8371 7992 8373
f 7990 7992 8371
f 8374 8372 8371
f 8373 8374 8371
f 8373 7994 8375
f 7992 7994 8373
f 8376 8374 8373
f 8375 8376 8373
f 8375 7996 8377
f 7994 7996 8375
f 8378 8376 8375
f 8377 8378 8375
f 8377 7998 8379
f 7996 7998 8377
f 8380 8378 8377
f 8379 8380 8377
f 8379 8000 8381
f 7998 8000 8379
f 8382 8380 8379
f 8381 8382 8379
f 8381 8002 8383
f 8000 8002 8381
f 8384 8382 8381
f 8383 8384 8381
f 8383 8004 8385
f 8002 8004 8383
f 8386 8384 8383
f 8385 8386 8383
f 8385 8006 8387
f 8004 8006 8385
f 8388 8386 8385
f 8387 8388 8385
f 8387 8008 8389
f 8006 8008 8387
f 8390 8388 8387
f 8389 8390 8387
f 8389 8010 8391
f 8008 8010 8389
f 8392 8390 8389
f 8391 8392 8389
f 8391 8012 8393
f 8010 8012 8391
f 8394 8392 8391
f 8394 8391 8395
f 8395 8391 8393
f 8394 8395 8396
f 8393 8014 8397
f 8012 8014 8393
f 8395 8393 8398
f 8398 8393 8397
f 8399 8396 8395
f 8398 8399 8395
f 8397 8016 8400
f 8014 8016 8397
f 8398 8397 8401
f 8401 8397 8400
f 8402 8399 8398
f 8401 8402 8398
f 8400 8018 8403
f 8016 8018 8400
f 8401 8400 8404
f 8404 8400 8403
f 8405 8402 8401
f 8404 8405 8401
f 8403 8020 8406
f 8018 8020 8403
f 8404 8403 8407
f 8407 8403 8406
f 8408 8405 8404
f 8407 8408 8404
f 8406 8022 8409
f 8020 8022 8406
f 8410 8411 8407
f 8410 8407 8409
f 8409 8407 8406
f 8408 8407 8411
f 8409 8024 8412
f 8022 8024 8409
f 8413 8410 8409
f 8412 8413 8409
f 8412 8026 8414
f 8024 8026 8412
f 8415 8413 8412
f 8414 8415 8412
f 8414 8028 8416
f 8026 8028 8414
f 8417 8415 8414
f 8416 8417 8414
f 8416 8030 8418
f 8028 8030 8416
f 8419 8417 8416
f 8418 8419 8416
f 8418 8032 8420
f 8030 8032 8418
f 8421 8419 8418
f 8420 8421 8418
f 8420 8034 8422
f 8032 8034 8420
f 8423 8421 8420
f 8422 8423 8420
f 8422 8036 8424
f 8034 8036 8422
f 8425 8423 8422
f 8424 8425 8422
f 8424 8038 8426
f 8036 8038 8424
f 8427 8425 8424
f 8426 8427 8424
f 8426 8040 8428
f 8038 8040 8426
f 8429 8427 8426
f 8428 8429 8426
f 8428 8042 8430
f 8040 8042 8428
f 8431 8429 8428
f 8430 8431 8428
f 8430 8044 8432
f 8042 8044 8430
f 8433 8431 8430
f 8432 8433 8430
f 8432 8046 8434
f 8044 8046 8432
f 8435 8433 8432
f 8434 8435 8432
f 8434 8048 8436
f 8046 8048 8434
f 8437 8435 8434
f 8436 8437 8434
f 8436 8050 8438
f 8048 8050 8436
f 8439 8437 8436
f 8438 8439 8436
f 8438 8052 8440
f 8050 8052 8438
f 8441 8439 8438
f 8440 8441 8438
f 8440 8054 8442
f 8052 8054 8440
f 8443 8441 8440
f 8442 8443 8440
f 8442 8056 8444
f 8054 8056 8442
f 8445 8443 8442
f 8444 8445 8442
f 8444 8058 8446
f 8056 8058 8444
f 8447 8445 8444
f 8446 8447 8444
f 8446 8060 8448
f 8058 8060 8446
f 8449 8447 8446
f 8448 8449 8446
f 8448 8062 8450
f 8060 8062 8448
f 8451 8449 8448
f 8450 8451 8448
f 8450 8064 8452
f 8062 8064 8450
f 8453 8451 8450
f 8452 8453 8450
f 8452 8066 8454
f 8064 8066 8452
f 8455 8453 8452
f 8454 8455 8452
f 8454 8068 8456
f 8066 8068 8454
f 8457 8455 8454
f 8456 8457 8454
f 8456 8070 8458
f 8068 8070 8456
f 8459 8457 8456
f 8458 8459 8456
f 8458 8072 8460
f 8070 8072 8458
f 8461 8459 8458
f 8460 8461 8458
f 8460 8074 8462
f 8072 8074 8460
f 8463 8461 8460
f 8462 8463 8460
f 8462 8076 8464
f 8074 8076 8462
f 8465 8463 8462
f 8464 8465 8462
f 8464 8078 8466
f 8076 8078 8464
f 8467 8465 8464
f 8466 8467 8464
f 8466 8080 8468
f 8078 8080 8466
f 8469 8467 8466
f 8468 8469 8466
f 8468 8082 8470
f 8080 8082 8468
f 8471 8469 8468
f 8470 8471 8468
f 8470 8084 8472
f 8082 8084 8470
f 8473 8471 8470
f 8472 8473 8470
f 8472 8086 8474
f 8084 8086 8472
f 8475 8473 8472
f 8475 8472 8476
f 8476 8472 8474
f 8475 8476 8477
f 8474 8088 8478
f 8086 8088 8474
f 8476 8474 8479
f 8479 8474 8478
f 8480 8477 8476
f 8479 8480 8476
f 8478 8090 8481
f 8088 8090 8478
f 8479 8478 8482
f 8482 8478 8481
f 8483 8480 8479
f 8482 8483 8479
f 8481 8092 8484
f 8090 8092 8481
f 8482 8481 8485
f 8485 8481 8484
f 8486 8483 8482
f 8485 8486 8482
f 8484 8094 8487
f 8092 8094 8484
f 8485 8484 8488
f 8488 8484 8487
f 8489 8486 8485
f 8488 8489 8485
f 8487 8096 8490
f 8094 8096 8487
f 8488 8487 8491
f 8491 8487 8490
f 8492 8489 8488
f 8491 8492 8488
f 8490 8098 8493
f 8096 8098 8490
f 8491 8490 8494
f 8494 8490 8493
f 8495 8492 8491
f 8494 8495 8491
f 8493 8100 8496
f 8098 8100 8493
f 8494 8493 8497
f 8497 8493 8496
f 8498 8495 8494
f 8497 8498 8494
f 8496 8102 8499
f 8100 8102 8496
f 8497 8496 8500
f 8500 8496 8499
f 8501 8498 8497
f 8500 8501 8497
f 8499 8104 8502
f 8102 8104 8499
f 8500 8499 8503
f 8503 8499 8502
f 8504 8501 8500
f 8503 8504 8500
f 8502 8105 8505
f 8104 8105 8502
f 8503 8502 8506
f 8506 8502 8505
f 8507 8504 8503
f 8506 8507 8503
f 8505 8106 8508
f 8105 8106 8505
f 8506 8505 8509
f 8509 8505 8508
f 8510 8507 8506
f 8509 8510 8506
f 8106 8107 8508
f 8109 8508 8107
f 8109 8511 8508
f 8511 8509 8508
f 8512 8510 8509
f 8511 8512 8509
f 8511 8111 8513
f 8109 8111 8511
f 8514 8512 8511
f 8513 8514 8511
f 8513 8112 8515
f 8111 8112 8513
f 8516 8514 8513
f 8516 8513 8517
f 8517 8513 8515
f 8516 8517 8518
f 8112 8113 8515
f 8115 8515 8113
f 8517 8515 8115
f 8116 8519 8520
f 8115 8116 8520
f 8115 8520 8518
f 8115 8518 8517
f 8520 8519 8521
f 8519 8118 8522
f 8116 8118 8519
f 8523 8521 8519
f 8522 8523 8519
f 8524 8122 8525
f 8524 8123 8122
f 8120 8123 8524
f 8126 8526 8525
f 8126 8125 8526
f 8125 8527 8526
f 8122 8126 8525
f 8129 8528 8529
f 8128 8528 8129
f 8527 8125 8129
f 8529 8527 8129
f 8128 8131 8528
f 8528 8131 8530
f 8131 8134 8530
f 8530 8134 8531
f 8134 8137 8531
f 8531 8137 8532
f 8137 8140 8532
f 8532 8140 8533
f 8140 8143 8533
f 8533 8143 8534
f 8143 8146 8534
f 8534 8146 8535
f 8146 8149 8535
f 8535 8149 8536
f 8149 8152 8536
f 8536 8152 8537
f 8152 8155 8537
f 8537 8155 8538
f 8155 8158 8538
f 8538 8158 8539
f 8158 8161 8539
f 8539 8161 8540
f 8161 8164 8540
f 8540 8164 8541
f 8164 8167 8541
f 8541 8167 8542
f 8167 8170 8542
f 8542 8170 8543
f 8170 8173 8543
f 8543 8173 8544
f 8173 8176 8544
f 8544 8176 8545
f 8176 8179 8545
f 8545 8179 8546
f 8179 8182 8546
f 8546 8182 8547
f 8182 8185 8547
f 8547 8185 8548
f 8185 8188 8548
f 8548 8188 8549
f 8188 8191 8549
f 8549 8191 8550
f 8191 8194 8550
f 8550 8194 8551
f 8194 8197 8551
f 8551 8197 8552
f 8197 8200 8552
f 8552 8200 8553
f 8200 8203 8553
f 8553 8203 8554
f 8203 8206 8554
f 8554 8206 8555
f 8206 8209 8555
f 8555 8209 8556
f 8209 8212 8556
f 8556 8212 8557
f 8212 8215 8557
f 8557 8215 8558
f 8215 8218 8558
f 8558 8218 8559
f 8218 8221 8559
f 8559 8221 8560
f 8221 8224 8560
f 8560 8224 8561
f 8224 8227 8561
f 8561 8227 8562
f 8227 8230 8562
f 8562 8230 8563
f 8230 8233 8563
f 8563 8233 8564
f 8233 8236 8564
f 8564 8236 8565
f 8236 8239 8565
f 8565 8239 8566
f 8239 8242 8566
f 8566 8242 8567
f 8242 8245 8567
f 8567 8245 8568
f 8245 8248 8568
f 8568 8248 8569
f 8248 8251 8569
f 8569 8251 8570
f 8251 8254 8570
f 8570 8254 8571
f 8254 8257 8571
f 8571 8257 8572
f 8257 8260 8572
f 8572 8260 8573
f 8260 8263 8573
f 8573 8263 8574
f 8263 8266 8574
f 8574 8266 8575
f 8266 8269 8575
f 8575 8269 8576
f 8269 8272 8576
f 8576 8272 8577
f 8272 8275 8577
f 8577 8275 8578
f 8275 8278 8578
f 8578 8278 8579
f 8278 8281 8579
f 8579 8281 8580
f 8281 8284 8580
f 8580 8284 8581
f 8284 8287 8581
f 8581 8287 8582
f 8287 8290 8582
f 8582 8290 8583
f 8290 8293 8583
f 8583 8293 8584
f 8293 8296 8584
f 8584 8296 8585
f 8296 8299 8585
f 8585 8299 8586
f 8299 8302 8586
f 8586 8302 8587
f 8302 8305 8587
f 8587 8305 8588
f 8305 8308 8588
f 8588 8308 8589
f 8308 8311 8589
f 8589 8311 8590
f 8311 8314 8590
f 8590 8314 8591
f 8314 8317 8591
f 8591 8317 8592
f 8317 8320 8592
f 8592 8320 8593
f 8320 8323 8593
f 8593 8323 8594
f 8323 8326 8594
f 8594 8326 8595
f 8326 8329 8595
f 8595 8329 8596
f 8329 8332 8596
f 8596 8332 8597
f 8332 8335 8597
f 8597 8335 8598
f 8335 8338 8598
f 8598 8338 8599
f 8338 8341 8599
f 8599 8341 8600
f 8341 8344 8600
f 8600 8344 8601
f 8344 8347 8601
f 8601 8347 8602
f 8347 8350 8602
f 8602 8350 8603
f 8350 8353 8603
f 8603 8353 8604
f 8353 8356 8604
f 8604 8356 8605
f 8356 8359 8605
f 8605 8359 8606
f 8362 8361 8607
f 8362 8607 8608
f 8362 8608 8359
f 8359 8608 8606
f 8607 8364 8609
f 8361 8364 8607
f 8610 8608 8607
f 8609 8610 8607
f 8609 8366 8611
f 8364 8366 8609
f 8612 8610 8609
f 8611 8612 8609
f 8611 8368 8613
f 8366 8368 8611
f 8614 8612 8611
f 8613 8614 8611
f 8613 8370 8615
f 8368 8370 8613
f 8616 8614 8613
f 8615 8616 8613
f 8615 8372 8617
f 8370 8372 8615
f 8618 8616 8615
f 8617 8618 8615
f 8617 8374 8619
f 8372 8374 8617
f 8620 8618 8617
f 8619 8620 8617
f 8619 8376 8621
f 8374 8376 8619
f 8622 8620 8619
f 8621 8622 8619
f 8621 8378 8623
f 8376 8378 8621
f 8624 8622 8621
f 8623 8624 8621
f 8623 8380 8625
f 8378 8380 8623
f 8626 8624 8623
f 8625 8626 8623
f 8625 8382 8627
f 8380 8382 8625
f 8628 8626 8625
f 8627 8628 8625
f 8627 8384 8629
f 8382 8384 8627
f 8630 8628 8627
f 8629 8630 8627
f 8629 8386 8631
f 8384 8386 8629
f 8632 8630 8629
f 8631 8632 8629
f 8631 8388 8633
f 8386 8388 8631
f 8634 8632 8631
f 8633 8634 8631
f 8633 8390 8635
f 8388 8390 8633
f 8636 8634 8633
f 8635 8636 8633
f 8635 8392 8637
f 8390 8392 8635
f 8638 8636 8635
f 8637 8638 8635
f 8392 8394 8637
f 8637 8394 8396
f 8637 8396 8638
f 8638 8396 8639
f 8396 8399 8639
f 8639 8399 8640
f 8399 8402 8640
f 8640 8402 8641
f 8402 8405 8641
f 8641 8405 8642
f 8405 8408 8642
f 8642 8408 8643
f 8411 8410 8644
f 8411 8644 8645
f 8411 8645 8408
f 8408 8645 8643
f 8644 8413 8646
f 8410 8413 8644
f 8647 8645 8644
f 8646 8647 8644
f 8646 8415 8648
f 8413 8415 8646
f 8649 8647 8646
f 8648 8649 8646
f 8648 8417 8650
f 8415 8417 8648
f 8651 8649 8648
f 8650 8651 8648
f 8650 8419 8652
f 8417 8419 8650
f 8653 8651 8650
f 8652 8653 8650
f 8652 8421 8654
f 8419 8421 8652
f 8655 8653 8652
f 8654 8655 8652
f 8654 8423 8656
f 8421 8423 8654
f 8657 8655 8654
f 8656 8657 8654
f 8656 8425 8658
f 8423 8425 8656
f 8659 8657 8656
f 8658 8659 8656
f 8658 8427 8660
f 8425 8427 8658
f 8661 8659 8658
f 8660 8661 8658
f 8660 8429 8662
f 8427 8429 8660
f 8663 8661 8660
f 8662 8663 8660
f 8662 8431 8664
f 8429 8431 8662
f 8665 8663 8662
f 8664 8665 8662
f 8664 8433 8666
f 8431 8433 8664
f 8667 8665 8664
f 8666 8667 8664
f 8666 8435 8668
f 8433 8435 8666
f 8669 8667 8666
f 8668 8669 8666
f 8668 8437 8670
f 8435 8437 8668
f 8671 8669 8668
f 8670 8671 8668
f 8670 8439 8672
f 8437 8439 8670
f 8673 8671 8670
f 8672 8673 8670
f 8672 8441 8674
f 8439 8441 8672
f 8675 8673 8672
f 8674 8675 8672
f 8674 8443 8676
f 8441 8443 8674
f 8677 8675 8674
f 8676 8677 8674
f 8676 8445 8678
f 8443 8445 8676
f 8679 8677 8676
f 8678 8679 8676
f 8678 8447 8680
f 8445 8447 8678
f 8681 8679 8678
f 8680 8681 8678
f 8680 8449 8682
f 8447 8449 8680
f 8683 8681 8680
f 8682 8683 8680
f 8682 8451 8684
f 8449 8451 8682
f 8685 8683 8682
f 8684 8685 8682
f 8684 8453 8686
f 8451 8453 8684
f 8687 8685 8684
f 8686 8687 8684
f 8686 8455 8688
f 8453 8455 8686
f 8689 8687 8686
f 8688 8689 8686
f 8688 8457 8690
f 8455 8457 8688
f 8691 8689 8688
f 8690 8691 8688
f 8690 8459 8692
f 8457 8459 8690
f 8693 8691 8690
f 8692 8693 8690
f 8692 8461 8694
f 8459 8461 8692
f 8695 8693 8692
f 8694 8695 8692
f 8694 8463 8696
f 8461 8463 8694
f 8697 8695 8694
f 8696 8697 8694
f 8696 8465 8698
f 8463 8465 8696
f 8699 8697 8696
f 8698 8699 8696
f 8698 8467 8700
f 8465 8467 8698
f 8701 8699 8698
f 8700 8701 8698
f 8700 8469 8702
f 8467 8469 8700
f 8703 8701 8700
f 8702 8703 8700
f 8702 8471 8704
f 8469 8471 8702
f 8705 8703 8702
f 8704 8705 8702
f 8704 8473 8706
f 8471 8473 8704
f 8707 8705 8704
f 8706 8707 8704
f 8473 8475 8706
f 8706 8475 8477
f 8706 8477 8707
f 8707 8477 8708
f 8477 8480 8708
f 8708 8480 8709
f 8480 8483 8709
f 8709 8483 8710
f 8483 8486 8710
f 8710 8486 8711
f 8486 8489 8711
f 8711 8489 8712
f 8489 8492 8712
f 8712 8492 8713
f 8492 8495 8713
f 8713 8495 8714
f 8495 8498 8714
f 8714 8498 8715
f 8498 8501 8715
f 8715 8501 8716
f 8501 8504 8716
f 8716 8504 8717
f 8504 8507 8717
f 8717 8507 8718
f 8507 8510 8718
f 8718 8510 8719
f 8510 8512 8719
f 8719 8512 8720
f 8721 8514 8722
f 8721 8720 8514
f 8720 8512 8514
f 8721 8722 8723
f 8514 8516 8722
f 8722 8516 8518
f 8722 8518 8723
f 8723 8518 8724
f 8518 8725 8724
f 8520 8725 8518
f 8725 8520 8521
f 8726 8725 8521
f 8521 8523 8726
f 8726 8523 8727
f 8730 8729 8728
f 8731 8729 8730
f 8726 8727 8730
f 8728 8726 8730
f 8734 8733 8732
f 8735 8733 8734
f 8729 8731 8734
f 8732 8729 8734

