# https://github.com/mikedh/trimesh
v -0.11396887 0.73490274 -0.27999151
v -0.11396887 0.74276263 -0.28529462
v -0.11596540 0.75062257 -0.28688717
v -0.11396887 0.75062257 -0.28731489
v -0.11396887 0.74824733 -0.28688717
v -0.11396887 0.75248694 -0.28688717
v -0.11396887 0.75848252 -0.28534013
v -0.11396887 0.76634240 -0.28214028
v -0.11396887 0.77420235 -0.28249618
v -0.11396887 0.78206223 -0.28085956
v -0.11396887 0.79778212 -0.26649761
v -0.11396887 0.80564201 -0.26758829
v -0.11396887 0.87442344 -0.20828794
v -0.11396887 0.87638134 -0.20494595
v -0.11396887 0.88191837 -0.20042801
v -0.10949537 0.73490274 -0.28688717
v -0.10610895 0.73490274 -0.29127058
v -0.11230318 0.74276263 -0.28688717
v -0.10610895 0.74276263 -0.29111180
v -0.10610895 0.75062257 -0.28859776
v -0.10610895 0.75599235 -0.28688717
v -0.10610895 0.75848252 -0.28585556
v -0.10610895 0.76634240 -0.28205633
v -0.10610895 0.77420235 -0.28309321
v -0.10610895 0.78206223 -0.28239992
v -0.10610895 0.78842938 -0.27902722
v -0.11043637 0.78992218 -0.27116731
v -0.10610895 0.78992218 -0.27748203
v -0.11383281 0.78992218 -0.26330739
v -0.10925605 0.79778212 -0.27116731
v -0.10610895 0.79778212 -0.27425331
v -0.10671647 0.80564201 -0.27116731
v -0.10610895 0.80564201 -0.27147171
v -0.10610895 0.80612296 -0.27116731
v -0.10610895 0.81350195 -0.26495376
v -0.10610895 0.87539452 -0.21614785
v -0.11258011 0.87638134 -0.20828794
v -0.10610895 0.87638134 -0.21538089
v -0.10610895 0.88334692 -0.20828794
v -0.11108389 0.88424122 -0.20042801
v -0.09824903 0.72704279 -0.29442501
v -0.09994979 0.73490274 -0.29474708
v -0.09824903 0.73490274 -0.29528350
v -0.09824903 0.72930700 -0.29474708
v -0.09824903 0.73778868 -0.29474708
v -0.09824903 0.74276263 -0.29378083
v -0.09824903 0.75062257 -0.28919244
v -0.10022714 0.75848252 -0.28688717
v -0.09824903 0.75848252 -0.28719509
v -0.09824903 0.76393849 -0.28688717
v -0.09824903 0.76634240 -0.28673232
v -0.09824903 0.77420235 -0.28572297
v -0.09824903 0.78206223 -0.28038895
v -0.09824903 0.78455627 -0.27902722
v -0.09824903 0.78992218 -0.27628720
v -0.09824903 0.79778212 -0.27717045
v -0.09824903 0.80564201 -0.27434367
v -0.09824903 0.80954778 -0.27116731
v -0.09824903 0.81350195 -0.26264697
v -0.09824903 0.82136184 -0.25639117
v -0.09824903 0.82537121 -0.25544748
v -0.09824903 0.82922179 -0.25439775
v -0.09824903 0.83708173 -0.25021121
v -0.09824903 0.84023154 -0.24758755
v -0.09824903 0.84175897 -0.23972763
v -0.09824903 0.84494162 -0.23522319
v -0.09824903 0.85280156 -0.23328999
v -0.09824903 0.86066151 -0.23364697
v -0.09824903 0.86271542 -0.23186770
v -0.09824903 0.86450487 -0.22400779
v -0.09824903 0.86625093 -0.21614785
v -0.09824903 0.87638134 -0.21410714
v -0.10415416 0.88424122 -0.20828794
v -0.09824903 0.88424122 -0.21071005
v -0.09824903 0.88647223 -0.20828794
v -0.09824903 0.89125723 -0.20042801
v -0.09038910 0.72704279 -0.29391211
v -0.09038910 0.73490274 -0.29629344
v -0.09038910 0.72898751 -0.29474708
v -0.09158724 0.74276263 -0.29474708
v -0.09038910 0.74276263 -0.29491648
v -0.09038910 0.74325031 -0.29474708
v -0.09038910 0.75062257 -0.29066360
v -0.09038910 0.75848252 -0.29107442
v -0.09802020 0.76634240 -0.28688717
v -0.09038910 0.76634240 -0.29073316
v -0.09541033 0.77420235 -0.28688717
v -0.09038910 0.77420235 -0.28869474
v -0.09038910 0.77801907 -0.28688717
v -0.09038910 0.78206223 -0.28262103
v -0.09038910 0.78653961 -0.27902722
v -0.09038910 0.78992218 -0.27687222
v -0.09038910 0.79778212 -0.27690712
v -0.09038910 0.80564201 -0.27444807
v -0.09038910 0.81270069 -0.27116731
v -0.09753285 0.81350195 -0.26330739
v -0.09038910 0.81350195 -0.27030477
v -0.09101035 0.82136184 -0.26330739
v -0.09038910 0.82136184 -0.26389235
v -0.09038910 0.82250845 -0.26330739
v -0.09724705 0.82922179 -0.25544748
v -0.09038910 0.82922179 -0.26048496
v -0.09299423 0.83708173 -0.25544748
v -0.09038910 0.83708173 -0.25706747
v -0.09038910 0.83965641 -0.25544748
v -0.09488910 0.84494162 -0.24758755
v -0.09038910 0.84494162 -0.25149006
v -0.09524555 0.84494162 -0.23972763
v -0.09038910 0.84933025 -0.24758755
v -0.09165776 0.85280156 -0.23972763
v -0.09038910 0.85280156 -0.24205732
v -0.09038910 0.85540324 -0.23972763
v -0.09038910 0.86066151 -0.23706308
v -0.09038910 0.86611474 -0.23186770
v -0.09166219 0.86852139 -0.22400779
v -0.09038910 0.86852139 -0.22615363
v -0.09499153 0.86852139 -0.21614785
v -0.09038910 0.86986703 -0.22400779
v -0.09397834 0.87638134 -0.21614785
v -0.09038910 0.87638134 -0.21902943
v -0.09038910 0.88022375 -0.21614785
v -0.09038910 0.88424122 -0.21312405
v -0.09038910 0.88774449 -0.20828794
v -0.09566993 0.89210117 -0.20042801
v -0.09038910 0.89210117 -0.20269853
v -0.09038910 0.89390701 -0.20042801
v -0.08252918 0.71918291 -0.30193692
v -0.08252918 0.72704279 -0.30174425
v -0.08252918 0.73490274 -0.30011091
v -0.08252918 0.74276263 -0.29619160
v -0.08252918 0.74904764 -0.29474708
v -0.08252918 0.75062257 -0.29426333
v -0.08252918 0.75848252 -0.29465467
v -0.08252918 0.76634240 -0.29230285
v -0.08252918 0.77420235 -0.28954145
v -0.08666555 0.78206223 -0.28688717
v -0.08252918 0.78206223 -0.28891158
v -0.08252918 0.78795147 -0.28688717
v -0.08919979 0.78992218 -0.27902722
v -0.08252918 0.78992218 -0.28614581
v -0.08707032 0.79778212 -0.27902722
v -0.08252918 0.79778212 -0.28180116
v -0.08252918 0.80301201 -0.27902722
v -0.08252918 0.80564201 -0.27761957
v -0.08919877 0.81350195 -0.27116731
v -0.08252918 0.81350195 -0.27321535
v -0.08252918 0.81802344 -0.27116731
v -0.08252918 0.82136184 -0.26954955
v -0.08539096 0.82922179 -0.26330739
v -0.08252918 0.82922179 -0.26460829
v -0.08252918 0.83120501 -0.26330739
v -0.08252918 0.83708173 -0.25925305
v -0.08252918 0.84294581 -0.25544748
v -0.08252918 0.84494162 -0.25420496
v -0.08326341 0.85280156 -0.24758755
v -0.08252918 0.85280156 -0.24786957
v -0.08252918 0.85310316 -0.24758755
v -0.08262920 0.86066151 -0.23972763
v -0.08252918 0.86066151 -0.23976091
v -0.08252918 0.86069494 -0.23972763
v -0.08427199 0.86852139 -0.23186770
v -0.08252918 0.86852139 -0.23245789
v -0.08252918 0.86915898 -0.23186770
v -0.08404777 0.87638134 -0.22400779
v -0.08252918 0.87638134 -0.22494188
v -0.08252918 0.87727684 -0.22400779
v -0.08252918 0.88397187 -0.21614785
v -0.08252918 0.88424122 -0.21576600
v -0.08252918 0.88990557 -0.20828794
v -0.08252918 0.89210117 -0.20584886
v -0.08252918 0.89660692 -0.20042801
v -0.08252918 0.89988708 -0.19256809
v -0.08252918 0.92553020 -0.15326849
v -0.07466926 0.68774319 -0.30738837
v -0.07466926 0.69560313 -0.30676022
v -0.07466926 0.71132296 -0.29917729
v -0.07466926 0.71918291 -0.30247551
v -0.07923894 0.72704279 -0.30260700
v -0.07466926 0.72704279 -0.30365306
v -0.07466926 0.71983039 -0.30260700
v -0.07466926 0.73287731 -0.30260700
v -0.07466926 0.73490274 -0.30218935
v -0.07466926 0.74276263 -0.29782510
v -0.08064821 0.75062257 -0.29474708
v -0.07466926 0.75062257 -0.29594755
v -0.08197276 0.75848252 -0.29474708
v -0.07466926 0.75848252 -0.29589057
v -0.07466926 0.76054138 -0.29474708
v -0.07466926 0.76634240 -0.28857079
v -0.07466926 0.76890200 -0.28688717
v -0.07466926 0.77420235 -0.28440347
v -0.07466926 0.78206223 -0.28782654
v -0.07645009 0.78992218 -0.28688717
v -0.07466926 0.78992218 -0.28709716
v -0.07466926 0.79048824 -0.28688717
v -0.07466926 0.79778212 -0.28410938
v -0.07501478 0.80564201 -0.27902722
v -0.07466926 0.80564201 -0.27909231
v -0.07466926 0.80576414 -0.27902722
v -0.07466926 0.81350195 -0.27493861
v -0.07563706 0.82136184 -0.27116731
v -0.07466926 0.82136184 -0.27137005
v -0.07466926 0.82168388 -0.27116731
v -0.07466926 0.82922179 -0.26612738
v -0.07466926 0.83409488 -0.26330739
v -0.07466926 0.83708173 -0.26152614
v -0.07466926 0.84413582 -0.25544748
v -0.07466926 0.84494162 -0.25452280
v -0.07466926 0.85150653 -0.24758755
v -0.08086751 0.85280156 -0.24758755
v -0.07466926 0.86066151 -0.23567210
v -0.07466926 0.86852139 -0.23329718
v -0.07466926 0.87060261 -0.23186770
v -0.07466926 0.87638134 -0.22527295
v -0.07466926 0.87727505 -0.22400779
v -0.07466926 0.88129032 -0.21614785
v -0.07645267 0.89210117 -0.20828794
v -0.07466926 0.89210117 -0.20890835
v -0.07466926 0.89271533 -0.20828794
v -0.07466926 0.89823067 -0.20042801
v -0.07466926 0.92354083 -0.13722932
v -0.07466926 0.92637485 -0.15326849
v -0.07466926 0.92724198 -0.14540856
v -0.07466926 0.93079185 -0.12968871
v -0.07466926 0.93140078 -0.12946582
v -0.06680934 0.67988324 -0.30415541
v -0.06680934 0.68774319 -0.30735022
v -0.06680934 0.69560313 -0.30780035
v -0.06680934 0.70346302 -0.30423582
v -0.06680934 0.70592922 -0.30260700
v -0.06680934 0.71132296 -0.29822412
v -0.06680934 0.71918291 -0.30097225
v -0.06680934 0.72704279 -0.30308193
v -0.06680934 0.72475338 -0.30260700
v -0.06713999 0.73490274 -0.30260700
v -0.06680934 0.73490274 -0.30262417
v -0.06680934 0.73497075 -0.30260700
v -0.06680934 0.74276263 -0.29975873
v -0.06680934 0.75062257 -0.29813626
v -0.06680934 0.75848252 -0.29726285
v -0.06680934 0.76477754 -0.29474708
v -0.06680934 0.76634240 -0.29323971
v -0.06680934 0.77270281 -0.28688717
v -0.06680934 0.77420235 -0.28575853
v -0.06880035 0.78206223 -0.28688717
v -0.06680934 0.78206223 -0.28622550
v -0.07408603 0.78992218 -0.28688717
v -0.06680934 0.78992218 -0.28162619
v -0.06680934 0.79778212 -0.28104511
v -0.06680934 0.80287600 -0.27902722
v -0.07417364 0.80564201 -0.27902722
v -0.06680934 0.80564201 -0.27769503
v -0.06680934 0.81350195 -0.27542272
v -0.06680934 0.81913555 -0.27116731
v -0.07368053 0.82136184 -0.27116731
v -0.06680934 0.83708173 -0.26238048
v -0.06680934 0.84335494 -0.25544748
v -0.06680934 0.84416342 -0.24758755
v -0.06680934 0.84494162 -0.24601355
v -0.06680934 0.84996188 -0.23972763
v -0.06680934 0.85280156 -0.23720753
v -0.06680934 0.86066151 -0.23537154
v -0.06680934 0.86852139 -0.23405217
v -0.06680934 0.87165570 -0.23186770
v -0.07042111 0.87638134 -0.22400779
v -0.06680934 0.87570596 -0.22400779
v -0.06680934 0.88424122 -0.21091650
v -0.06680934 0.89210117 -0.20983358
v -0.06680934 0.89386564 -0.20828794
v -0.06680934 0.89888287 -0.20042801
v -0.06680934 0.89996111 -0.19637381
v -0.07437411 0.92354083 -0.13754864
v -0.06680934 0.92828047 -0.15326849
v -0.06680934 0.93023825 -0.14540856
v -0.06680934 0.92801577 -0.13754864
v -0.07398798 0.93140078 -0.12968871
v -0.06680934 0.93140078 -0.13376571
v -0.06680934 0.93501341 -0.12968871
v -0.06680934 0.93926072 -0.12222002
v -0.06680934 0.93939084 -0.12182879
v -0.05894941 0.67988324 -0.30690295
v -0.05894941 0.68774319 -0.30885750
v -0.05894941 0.69560313 -0.30870205
v -0.05894941 0.70346302 -0.30752581
v -0.06224176 0.71132296 -0.30260700
v -0.05894941 0.71132296 -0.30514526
v -0.06401196 0.71918291 -0.30260700
v -0.05894941 0.71918291 -0.30497989
v -0.05894941 0.72704279 -0.30497077
v -0.05894941 0.73490274 -0.30363292
v -0.05894941 0.74004930 -0.30260700
v -0.05894941 0.74276263 -0.30196074
v -0.05894941 0.75062257 -0.30030128
v -0.05894941 0.75848252 -0.29861641
v -0.06526347 0.76634240 -0.29474708
v -0.05894941 0.76634240 -0.29720062
v -0.05951778 0.77420235 -0.29474708
v -0.05894941 0.77420235 -0.29509518
v -0.06614491 0.77420235 -0.28688717
v -0.05894941 0.77539963 -0.29474708
v -0.06634172 0.78206223 -0.28688717
v -0.05894941 0.78206223 -0.29248214
v -0.06053445 0.78992218 -0.28688717
v -0.05894941 0.78992218 -0.28768626
v -0.05894941 0.79196858 -0.28688717
v -0.05894941 0.79778212 -0.28460327
v -0.06437980 0.80564201 -0.27902722
v -0.05894941 0.80564201 -0.28116834
v -0.05894941 0.81161994 -0.27902722
v -0.05894941 0.81350195 -0.27826631
v -0.05894941 0.82032889 -0.27116731
v -0.05894941 0.83708173 -0.26321372
v -0.06358356 0.84494162 -0.25544748
v -0.05894941 0.84494162 -0.25798735
v -0.06541991 0.84494162 -0.24758755
v -0.05894941 0.84734535 -0.25544748
v -0.05972586 0.85280156 -0.24758755
v -0.05894941 0.85280156 -0.24845178
v -0.06496711 0.85280156 -0.23972763
v -0.05894941 0.85395122 -0.24758755
v -0.06267471 0.86066151 -0.23972763
v -0.05894941 0.86066151 -0.24380420
v -0.05894941 0.86596620 -0.23972763
v -0.05894941 0.86852139 -0.23784234
v -0.05894941 0.87518018 -0.23186770
v -0.06564401 0.87638134 -0.22400779
v -0.05894941 0.87638134 -0.23031637
v -0.05894941 0.88091969 -0.22400779
v -0.05996645 0.88424122 -0.21614785
v -0.05894941 0.88424122 -0.21790871
v -0.05894941 0.88561833 -0.21614785
v -0.05894941 0.89210117 -0.21143468
v -0.05894941 0.89466256 -0.20828794
v -0.05894941 0.89778686 -0.20042801
v -0.05894941 0.89996111 -0.19642556
v -0.05894941 0.90417135 -0.19256809
v -0.05894941 0.90782100 -0.19000171
v -0.05894941 0.91257757 -0.18470818
v -0.05894941 0.91568094 -0.18054332
v -0.05894941 0.91788816 -0.17684825
v -0.05894941 0.92189789 -0.16898833
v -0.05894941 0.92354083 -0.16544604
v -0.05894941 0.92549026 -0.16112840
v -0.05894941 0.92995477 -0.15326849
v -0.06297401 0.93140078 -0.14540856
v -0.05894941 0.93140078 -0.14890820
v -0.06401052 0.93140078 -0.13754864
v -0.05894941 0.93257207 -0.14540856
v -0.05894941 0.93505228 -0.13754864
v -0.05894941 0.93888819 -0.12968871
v -0.05894941 0.93926072 -0.12892060
v -0.05894941 0.94211906 -0.12182879
v -0.05108950 0.67202336 -0.31170061
v -0.05108950 0.67988324 -0.31065413
v -0.05108950 0.68192500 -0.31046692
v -0.05108950 0.68774319 -0.30991608
v -0.05108950 0.69560313 -0.30833063
v -0.05108950 0.70346302 -0.30786869
v -0.05108950 0.71132296 -0.30839899
v -0.05108950 0.71918291 -0.30825320
v -0.05108950 0.72704279 -0.30648059
v -0.05108950 0.73490274 -0.30504560
v -0.05729542 0.74276263 -0.30260700
v -0.05108950 0.74276263 -0.30454338
v -0.05108950 0.74718136 -0.30260700
v -0.05108950 0.75062257 -0.29970062
v -0.05108950 0.75848252 -0.29591212
v -0.05108950 0.76634240 -0.29783571
v -0.05108950 0.77420235 -0.29624438
v -0.05108950 0.77834880 -0.29474708
v -0.05108950 0.78206223 -0.29320955
v -0.05108950 0.78992218 -0.29058632
v -0.05280867 0.79778212 -0.28688717
v -0.05108950 0.79778212 -0.28741673
v -0.05108950 0.79876792 -0.28688717
v -0.05108950 0.80564201 -0.28250691
v -0.05259975 0.81350195 -0.27902722
v -0.05108950 0.81350195 -0.27917925
v -0.05108950 0.81380659 -0.27902722
v -0.05713963 0.82136184 -0.27116731
v -0.05108950 0.82136184 -0.27466059
v -0.05108950 0.82600170 -0.27116731
v -0.05108950 0.82922179 -0.26887858
v -0.05851688 0.83708173 -0.26330739
v -0.05108950 0.83708173 -0.26476902
v -0.05108950 0.83955222 -0.26330739
v -0.05108950 0.84494162 -0.25941628
v -0.05108950 0.84974086 -0.25544748
v -0.05108950 0.85280156 -0.25271955
v -0.05108950 0.85880470 -0.24758755
v -0.05108950 0.86066151 -0.24613510
v -0.05108950 0.86814255 -0.23972763
v -0.05108950 0.86852139 -0.23941676
v -0.05351700 0.87638134 -0.23186770
v -0.05108950 0.87638134 -0.23235829
v -0.05108950 0.87687689 -0.23186770
v -0.05108950 0.88417637 -0.22400779
v -0.05108950 0.88424122 -0.22392665
v -0.05108950 0.89049804 -0.21614785
v -0.05108950 0.89210117 -0.21426281
v -0.05108950 0.89687955 -0.20828794
v -0.05434921 0.89996111 -0.20042801
v -0.05108950 0.89996111 -0.20312986
v -0.05108950 0.90168273 -0.20042801
v -0.05108950 0.90746123 -0.19256809
v -0.05108950 0.90782100 -0.19162147
v -0.05108950 0.91120958 -0.18470818
v -0.05108950 0.91568094 -0.17981449
v -0.05108950 0.91761148 -0.17684825
v -0.05108950 0.92302853 -0.16898833
v -0.05108950 0.92354083 -0.16805603
v -0.05108950 0.92696220 -0.16112840
v -0.05108950 0.93064421 -0.15326849
v -0.05108950 0.93140078 -0.15145467
v -0.05108950 0.93389452 -0.14540856
v -0.05108950 0.93691963 -0.13754864
v -0.05563051 0.93926072 -0.12968871
v -0.05108950 0.93926072 -0.13091929
v -0.05108950 0.93968457 -0.12968871
v -0.05108950 0.94346231 -0.12182879
v -0.05108950 0.94610709 -0.11396887
v -0.04322957 0.67202336 -0.31069511
v -0.04322957 0.67389309 -0.31046692
v -0.04921296 0.67988324 -0.31046692
v -0.04322957 0.67988324 -0.30971304
v -0.04322957 0.68774319 -0.30891925
v -0.04322957 0.69560313 -0.30833086
v -0.04322957 0.70346302 -0.30897593
v -0.04322957 0.71132296 -0.30992770
v -0.04322957 0.71918291 -0.30807984
v -0.04322957 0.74276263 -0.30501485
v -0.04322957 0.74804914 -0.30260700
v -0.04322957 0.75062257 -0.29905212
v -0.04322957 0.75721157 -0.29474708
v -0.04507156 0.75848252 -0.29474708
v -0.04322957 0.75848252 -0.29434469
v -0.04322957 0.76634240 -0.29809189
v -0.04322957 0.77312869 -0.29474708
v -0.04517375 0.77420235 -0.29474708
v -0.04322957 0.77420235 -0.29367763
v -0.04322957 0.78206223 -0.28772351
v -0.04322957 0.78992218 -0.29020602
v -0.04322957 0.79778212 -0.28834447
v -0.04322957 0.80042195 -0.28688717
v -0.04322957 0.80564201 -0.28262725
v -0.04322957 0.81350195 -0.27906591
v -0.04322957 0.81358027 -0.27902722
v -0.04322957 0.82136184 -0.27542338
v -0.04322957 0.82890648 -0.27116731
v -0.04322957 0.82922179 -0.27097610
v -0.04322957 0.83708173 -0.26390213
v -0.04322957 0.83780456 -0.26330739
v -0.04322957 0.84494162 -0.25728303
v -0.04322957 0.84811324 -0.25544748
v -0.04322957 0.85280156 -0.25267559
v -0.04322957 0.85798383 -0.24758755
v -0.04322957 0.86066151 -0.24286892
v -0.04322957 0.86291128 -0.23972763
v -0.04322957 0.86852139 -0.23271760
v -0.04322957 0.87084579 -0.23186770
v -0.04866997 0.87638134 -0.23186770
v -0.04322957 0.87638134 -0.23085499
v -0.04322957 0.88424122 -0.22422582
v -0.04910628 0.88424122 -0.22400779
v -0.04322957 0.88443136 -0.22400779
v -0.04322957 0.89024460 -0.21614785
v -0.04322957 0.89210117 -0.21331067
v -0.04322957 0.89580947 -0.20828794
v -0.04450410 0.89996111 -0.20042801
v -0.04322957 0.89945531 -0.20042801
v -0.04322957 0.89996111 -0.19973852
v -0.04322957 0.90632087 -0.19256809
v -0.04322957 0.90782100 -0.19111277
v -0.04322957 0.91205931 -0.18470818
v -0.04433271 0.91568094 -0.17684825
v -0.04322957 0.91519278 -0.17684825
v -0.04322957 0.91648304 -0.16898833
v -0.04322957 0.92354083 -0.16278750
v -0.04322957 0.92503315 -0.16112840
v -0.04620241 0.93140078 -0.15326849
v -0.04322957 0.93140078 -0.15405314
v -0.04322957 0.93185401 -0.15326849
v -0.04322957 0.93448114 -0.14540856
v -0.04322957 0.93451810 -0.13754864
v -0.04322957 0.93926072 -0.12991647
v -0.04322957 0.93936986 -0.12968871
v -0.04322957 0.94323838 -0.12182879
v -0.04322957 0.94428915 -0.11396887
v -0.04117027 0.67202336 -0.31046692
v -0.03536965 0.67202336 -0.30987230
v -0.03536965 0.67988324 -0.30997071
v -0.03913590 0.68774319 -0.31046692
v -0.03536965 0.68774319 -0.31148845
v -0.03536965 0.68204039 -0.31046692
v -0.03961515 0.69560313 -0.31046692
v -0.03536965 0.69560313 -0.31208423
v -0.03936078 0.70346302 -0.31046692
v -0.03536965 0.70346302 -0.31156406
v -0.04061054 0.71132296 -0.31046692
v -0.03536965 0.71132296 -0.31136966
v -0.03536965 0.71638626 -0.31046692
v -0.03536965 0.71918291 -0.30962938
v -0.03536965 0.74276263 -0.30485660
v -0.03810772 0.75062257 -0.30260700
v -0.03536965 0.75062257 -0.30323419
v -0.03536965 0.75314212 -0.30260700
v -0.03536965 0.75848252 -0.30123073
v -0.03536965 0.76634240 -0.30000231
v -0.03988662 0.77420235 -0.29474708
v -0.03536965 0.77420235 -0.29549769
v -0.03536965 0.77611697 -0.29474708
v -0.03536965 0.78206223 -0.29203281
v -0.03536965 0.78992218 -0.29105973
v -0.03536965 0.81350195 -0.27906615
v -0.03536965 0.81362981 -0.27902722
v -0.03536965 0.82136184 -0.27699083
v -0.03820540 0.82922179 -0.27116731
v -0.03536965 0.82922179 -0.27128360
v -0.03536965 0.82933611 -0.27116731
v -0.03536965 0.83374709 -0.26330739
v -0.04205669 0.83708173 -0.26330739
v -0.03536965 0.83708173 -0.25789663
v -0.03536965 0.84494162 -0.25587916
v -0.03536965 0.84620154 -0.25544748
v -0.03536965 0.85280156 -0.25293925
v -0.03536965 0.85869157 -0.24758755
v -0.03536965 0.86066151 -0.24349549
v -0.03536965 0.86275321 -0.23972763
v -0.04164598 0.86852139 -0.23186770
v -0.03536965 0.86367285 -0.23186770
v -0.03536965 0.86852139 -0.22945562
v -0.03536965 0.87638134 -0.22821575
v -0.03536965 0.88379198 -0.22400779
v -0.03981490 0.88424122 -0.22400779
v -0.03536965 0.88424122 -0.22345993
v -0.03536965 0.88742679 -0.21614785
v -0.03838506 0.89210117 -0.20828794
v -0.03536965 0.88898784 -0.20828794
v -0.03536965 0.89210117 -0.20342040
v -0.03536965 0.89465624 -0.20042801
v -0.03536965 0.89996111 -0.19542669
v -0.03536965 0.90516341 -0.19256809
v -0.03536965 0.90782100 -0.19168425
v -0.03536965 0.91391015 -0.18470818
v -0.04074918 0.91568094 -0.17684825
v -0.03536965 0.91568094 -0.17898653
v -0.03536965 0.91635293 -0.17684825
v -0.03637301 0.92354083 -0.16112840
v -0.03536965 0.92252982 -0.16112840
v -0.03536965 0.92354083 -0.16096355
v -0.03536965 0.93140078 -0.15438758
v -0.03536965 0.93205583 -0.15326849
v -0.04277149 0.93926072 -0.12968871
v -0.03536965 0.93926072 -0.12728789
v -0.03536965 0.94308430 -0.12182879
v -0.03536965 0.94299322 -0.11396887
v -0.03227274 0.67202336 -0.31046692
v -0.02750973 0.67202336 -0.31140810
v -0.03389370 0.67988324 -0.31046692
v -0.02750973 0.67988324 -0.31207001
v -0.02750973 0.68774319 -0.31345201
v -0.02750973 0.69560313 -0.31190690
v -0.02750973 0.70092863 -0.31046692
v -0.03041984 0.70346302 -0.31046692
v -0.02750973 0.70346302 -0.30943370
v -0.02750973 0.71132296 -0.31091192
v -0.02750973 0.70820373 -0.31046692
v -0.03169743 0.71918291 -0.31046692
v -0.02750973 0.71918291 -0.31103972
v -0.02750973 0.72250503 -0.31046692
v -0.02750973 0.72704279 -0.30960912
v -0.02750973 0.73490274 -0.30716726
v -0.02750973 0.74276263 -0.30539474
v -0.02750973 0.75062257 -0.30360821
v -0.02750973 0.75522798 -0.30260700
v -0.02750973 0.75848252 -0.30192250
v -0.02750973 0.76634240 -0.29877713
v -0.02750973 0.77364874 -0.29474708
v -0.02990299 0.77420235 -0.29474708
v -0.02750973 0.77420235 -0.29436833
v -0.02750973 0.78206223 -0.29358014
v -0.02750973 0.78992218 -0.29121104
v -0.02750973 0.81350195 -0.28098321
v -0.02750973 0.81810689 -0.27902722
v -0.02750973 0.82136184 -0.27773827
v -0.02750973 0.82843769 -0.27116731
v -0.03440359 0.82922179 -0.27116731
v -0.02750973 0.82958198 -0.26330739
v -0.02750973 0.83708173 -0.25789458
v -0.02750973 0.84494162 -0.25869298
v -0.02750973 0.85127503 -0.25544748
v -0.02750973 0.85280156 -0.25449052
v -0.02750973 0.86024797 -0.24758755
v -0.02750973 0.86066151 -0.24720682
v -0.02750973 0.86824316 -0.23972763
v -0.03176717 0.86852139 -0.23186770
v -0.02750973 0.86852139 -0.23886316
v -0.02750973 0.87107092 -0.23186770
v -0.02750973 0.87638134 -0.22681907
v -0.02750973 0.88245398 -0.22400779
v -0.02750973 0.88424122 -0.22280312
v -0.02750973 0.88784403 -0.21614785
v -0.02750973 0.88965648 -0.20828794
v -0.02750973 0.89210117 -0.20587417
v -0.03040023 0.89996111 -0.20042801
v -0.02750973 0.89996111 -0.20214756
v -0.02750973 0.90213907 -0.20042801
v -0.03364604 0.90782100 -0.19256809
v -0.02750973 0.90782100 -0.19576341
v -0.02750973 0.91053522 -0.19256809
v -0.02750973 0.91515321 -0.18470818
v -0.02750973 0.91568094 -0.18338676
v -0.02750973 0.91891879 -0.17684825
v -0.02750973 0.92354083 -0.16966660
v -0.02750973 0.92396277 -0.16898833
v -0.02750973 0.92894012 -0.16112840
v -0.02750973 0.93140078 -0.15671025
v -0.02750973 0.93297708 -0.15326849
v -0.02750973 0.93926072 -0.13071474
v -0.01964981 0.67202336 -0.31381539
v -0.01964981 0.67988324 -0.31392884
v -0.01964981 0.68774319 -0.31378865
v -0.01964981 0.69560313 -0.31053612
v -0.01964981 0.69577807 -0.31046692
v -0.01964981 0.70346302 -0.30535084
v -0.02573130 0.71132296 -0.31046692
v -0.01964981 0.71132296 -0.30797273
v -0.02492176 0.71918291 -0.31046692
v -0.01964981 0.71918291 -0.30874187
v -0.01964981 0.72704279 -0.30969319
v -0.01964981 0.73490274 -0.30822873
v -0.01964981 0.74276263 -0.30507144
v -0.01964981 0.74704063 -0.30260700
v -0.02485123 0.75062257 -0.30260700
v -0.01964981 0.75062257 -0.29842362
v -0.01964981 0.75848252 -0.29743239
v -0.01964981 0.76634240 -0.29653534
v -0.01964981 0.77059209 -0.29474708
v -0.01964981 0.77420235 -0.29288578
v -0.01964981 0.78206223 -0.29295167
v -0.01964981 0.78992218 -0.29218951
v -0.01964981 0.79778212 -0.28932169
v -0.01964981 0.80510002 -0.28688717
v -0.01964981 0.80564201 -0.28667378
v -0.01964981 0.81350195 -0.28267068
v -0.01964981 0.81919777 -0.27902722
v -0.01964981 0.82136184 -0.27760634
v -0.01964981 0.82917333 -0.27116731
v -0.01964981 0.82922179 -0.27109763
v -0.01964981 0.83708173 -0.26459870
v -0.01964981 0.84048253 -0.26330739
v -0.01964981 0.84494162 -0.26201007
v -0.02170672 0.85280156 -0.25544748
v -0.01964981 0.85280156 -0.25577962
v -0.01964981 0.85309994 -0.25544748
v -0.01964981 0.85969913 -0.24758755
v -0.01964981 0.86066151 -0.24684972
v -0.02667128 0.86852139 -0.23972763
v -0.01964981 0.86852139 -0.24176168
v -0.01964981 0.87076753 -0.23972763
v -0.01964981 0.87621593 -0.23186770
v -0.01964981 0.87638134 -0.23164433
v -0.02294952 0.88424122 -0.22400779
v -0.01964981 0.88424122 -0.22453435
v -0.01964981 0.88479751 -0.22400779
v -0.01964981 0.89147657 -0.21614785
v -0.01964981 0.89210117 -0.21520410
v -0.01964981 0.89784485 -0.20828794
v -0.01964981 0.89996111 -0.20551035
v -0.01964981 0.90382510 -0.20042801
v -0.01964981 0.90782100 -0.19583003
v -0.01964981 0.91022867 -0.19256809
v -0.01964981 0.91486537 -0.18470818
v -0.01964981 0.91568094 -0.18296999
v -0.01964981 0.91934705 -0.17684825
v -0.01964981 0.92354083 -0.17181082
v -0.01964981 0.92539132 -0.16898833
v -0.01964981 0.92936361 -0.16112840
v -0.01964981 0.93140078 -0.15607665
v -0.01964981 0.93262136 -0.15326849
v -0.01964981 0.93631732 -0.14540856
v -0.01964981 0.93877703 -0.13754864
v -0.01964981 0.93926072 -0.13610657
v -0.01964981 0.94114041 -0.12968871
v -0.01964981 0.94404137 -0.12182879
v -0.01178988 0.67202336 -0.31264305
v -0.01178988 0.67988324 -0.31254292
v -0.01178988 0.68774319 -0.31392753
v -0.01178988 0.69560313 -0.31215659
v -0.01178988 0.69929969 -0.31046692
v -0.01178988 0.70346302 -0.30709627
v -0.01178988 0.71132296 -0.30770943
v -0.01178988 0.71918291 -0.30791846
v -0.01178988 0.72704279 -0.30895367
v -0.01178988 0.73490274 -0.30802780
v -0.01178988 0.74276263 -0.30496818
v -0.01178988 0.74649590 -0.30260700
v -0.01178988 0.75062257 -0.29670054
v -0.01178988 0.75848252 -0.29660514
v -0.01178988 0.76634240 -0.29879555
v -0.01666054 0.77420235 -0.29474708
v -0.01178988 0.77420235 -0.29678667
v -0.01178988 0.77959633 -0.29474708
v -0.01178988 0.78206223 -0.29351065
v -0.01178988 0.78992218 -0.29032215
v -0.01178988 0.79778212 -0.28858733
v -0.01178988 0.80158406 -0.28688717
v -0.01178988 0.80564201 -0.28362188
v -0.01178988 0.81204152 -0.27902722
v -0.01299581 0.81350195 -0.27902722
v -0.01178988 0.81350195 -0.27805644
v -0.01178988 0.82136184 -0.27541739
v -0.01884296 0.82922179 -0.27116731
v -0.01178988 0.82922179 -0.27149966
v -0.01178988 0.82976651 -0.27116731
v -0.01178988 0.83708173 -0.26642248
v -0.01178988 0.84313929 -0.26330739
v -0.01178988 0.84494162 -0.26250252
v -0.01178988 0.85252583 -0.25544748
v -0.01563229 0.85280156 -0.25544748
v -0.01178988 0.85556155 -0.24758755
v -0.01178988 0.86066151 -0.24444723
v -0.01178988 0.86852139 -0.24171443
v -0.01178988 0.87121844 -0.23972763
v -0.01906070 0.87638134 -0.23186770
v -0.01178988 0.87638134 -0.23456967
v -0.01178988 0.87862742 -0.23186770
v -0.01178988 0.88422292 -0.22400779
v -0.01205536 0.88424122 -0.22400779
v -0.01178988 0.88424122 -0.22398488
v -0.01178988 0.89178753 -0.21614785
v -0.01178988 0.89210117 -0.21586145
v -0.01178988 0.89854741 -0.20828794
v -0.01178988 0.89996111 -0.20532392
v -0.01178988 0.90253723 -0.20042801
v -0.01279192 0.90782100 -0.19256809
v -0.01178988 0.90717095 -0.19256809
v -0.01178988 0.90782100 -0.19200465
v -0.01178988 0.91331500 -0.18470818
v -0.01178988 0.91568094 -0.17988010
v -0.01178988 0.91730964 -0.17684825
v -0.01178988 0.92354083 -0.17048299
v -0.01178988 0.92459792 -0.16898833
v -0.01178988 0.92901242 -0.16112840
v -0.01440514 0.93140078 -0.15326849
v -0.01178988 0.93072689 -0.15326849
v -0.01178988 0.93140078 -0.15046518
v -0.01178988 0.93279082 -0.14540856
v -0.01178988 0.93758535 -0.13754864
v -0.01178988 0.93926072 -0.13501745
v -0.01178988 0.94157600 -0.12968871
v -0.01178988 0.94214100 -0.12182879
v -0.01178988 0.94068229 -0.11396887
v -0.00811166 0.67202336 -0.31046692
v -0.00392996 0.67202336 -0.30783954
v -0.00737905 0.67988324 -0.31046692
v -0.00392996 0.67988324 -0.30823067
v -0.00392996 0.68774319 -0.31212121
v -0.00392996 0.68357098 -0.31046692
v -0.00392996 0.69560313 -0.31128463
v -0.00392996 0.69759834 -0.31046692
v -0.00392996 0.70346302 -0.30619419
v -0.00392996 0.71132296 -0.30865678
v -0.00392996 0.71918291 -0.30954626
v -0.00392996 0.72704279 -0.30633458
v -0.00392996 0.73490274 -0.30552000
v -0.00392996 0.74276263 -0.30500680
v -0.00392996 0.75062257 -0.30334434
v -0.00392996 0.75347686 -0.30260700
v -0.00392996 0.75848252 -0.30132601
v -0.00392996 0.76634240 -0.29988703
v -0.00392996 0.77420235 -0.29730508
v -0.00392996 0.77874357 -0.29474708
v -0.00392996 0.78206223 -0.29100829
v -0.00392996 0.78992218 -0.28464147
v -0.00630487 0.79778212 -0.28688717
v -0.00392996 0.79778212 -0.28578892
v -0.00392996 0.80564201 -0.27966493
v -0.00392996 0.80666363 -0.27902722
v -0.00392996 0.81350195 -0.27592751
v -0.00392996 0.82136184 -0.27484727
v -0.00392996 0.82665789 -0.27116731
v -0.01053856 0.82922179 -0.27116731
v -0.00392996 0.84494162 -0.25930625
v -0.00392996 0.85098147 -0.25544748
v -0.00392996 0.85291499 -0.24758755
v -0.00392996 0.86066151 -0.24036010
v -0.00471888 0.86852139 -0.23972763
v -0.00392996 0.86852139 -0.23949927
v -0.00392996 0.87638134 -0.23262730
v -0.00392996 0.87693852 -0.23186770
v -0.00392996 0.89210117 -0.21288221
v -0.00392996 0.89745295 -0.20828794
v -0.00392996 0.89996111 -0.20117387
v -0.00622086 0.89996111 -0.19256809
v -0.00392996 0.89821821 -0.19256809
v -0.00392996 0.89996111 -0.18908459
v -0.00392996 0.90018618 -0.20042801
v -0.00443308 0.90782100 -0.18470818
v -0.00392996 0.90676922 -0.18470818
v -0.00392996 0.90782100 -0.18405490
v -0.00774743 0.91568094 -0.17684825
v -0.00392996 0.91369331 -0.17684825
v -0.00392996 0.91568094 -0.17385496
v -0.00861304 0.92354083 -0.16898833
v -0.00392996 0.91990089 -0.16898833
v -0.00392996 0.92354083 -0.16650049
v -0.00521096 0.92354083 -0.14540856
v -0.00392996 0.92354083 -0.14372842
v -0.00392996 0.92714387 -0.16112840
v -0.01039890 0.93140078 -0.14540856
v -0.00392996 0.93140078 -0.13839519
v -0.00392996 0.93265587 -0.13754864
v -0.00392996 0.93926072 -0.13272578
v -0.00617996 0.93926072 -0.11396887
v -0.00392996 0.93854892 -0.11396887
v -0.00392996 0.93926072 -0.11483365
v -0.00392996 0.94115454 -0.12968871
v -0.00392996 0.94198906 -0.12182879
v 0.00319969 0.67202336 -0.31046692
v 0.00392996 0.67202336 -0.31069240
v 0.00287131 0.67988324 -0.31046692
v 0.00392996 0.67988324 -0.31071267
v 0.00392996 0.68774319 -0.31177679
v 0.00392996 0.69560313 -0.31194198
v 0.00249161 0.70346302 -0.31046692
v 0.00392996 0.70346302 -0.31097358
v 0.00208971 0.71132296 -0.31046692
v 0.00392996 0.71132296 -0.31082678
v 0.00392996 0.71264219 -0.31046692
v 0.00392996 0.71918291 -0.30728674
v 0.00392996 0.74276263 -0.30371544
v 0.00392996 0.75062257 -0.30317760
v 0.00392996 0.75275773 -0.30260700
v 0.00392996 0.75848252 -0.30111030
v 0.00392996 0.76634240 -0.29779595
v 0.00392996 0.77147120 -0.29474708
v 0.00105997 0.77420235 -0.29474708
v 0.00392996 0.77420235 -0.29172340
v 0.00392996 0.78206223 -0.29012126
v -0.00108263 0.78992218 -0.28688717
v 0.00392996 0.78992218 -0.28980064
v -0.00116407 0.79778212 -0.28688717
v 0.00392996 0.79778212 -0.28822017
v 0.00392996 0.80104369 -0.28688717
v 0.00392996 0.80564201 -0.28462014
v 0.00124298 0.81350195 -0.27902722
v 0.00392996 0.81350195 -0.28024510
v 0.00392996 0.81615269 -0.27902722
v 0.00392996 0.82136184 -0.27635688
v 0.00392996 0.82806301 -0.27116731
v 0.00392996 0.82922179 -0.26927310
v 0.00392996 0.84494162 -0.25892025
v 0.00392996 0.85000533 -0.25544748
v 0.00392996 0.86852139 -0.23802668
v 0.00392996 0.87591553 -0.23186770
v 0.00078700 0.87638134 -0.23186770
v 0.00392996 0.87638134 -0.23074950
v 0.00392996 0.87925285 -0.22400779
v 0.00392996 0.89210117 -0.21354921
v 0.00392996 0.89750928 -0.20828794
v 0.00392996 0.89996111 -0.20436217
v 0.00392996 0.90205550 -0.20042801
v 0.00392996 0.90328753 -0.19256809
v 0.00392996 0.91343445 -0.18470818
v 0.00392996 0.91568094 -0.18192807
v 0.00392996 0.91832447 -0.17684825
v 0.00392996 0.92308462 -0.16898833
v 0.00392996 0.92354083 -0.16841930
v 0.00392996 0.92809796 -0.16112840
v 0.00392996 0.93034822 -0.15326849
v 0.00392996 0.93140078 -0.14766000
v 0.00392996 0.93185031 -0.14540856
v 0.00392996 0.93639672 -0.13754864
v 0.00392996 0.93926072 -0.13221474
v 0.00392996 0.94028658 -0.12968871
v 0.00392996 0.94114906 -0.12182879
v 0.00392996 0.94375110 -0.11396887
v 0.01178988 0.67202336 -0.31241176
v 0.01178988 0.67988324 -0.31199080
v 0.01178988 0.68774319 -0.31119341
v 0.01178988 0.69547433 -0.31046692
v 0.01172896 0.69560313 -0.31046692
v 0.01178988 0.69560313 -0.31045321
v 0.01178988 0.70346302 -0.31061527
v 0.01178988 0.69618827 -0.31046692
v 0.01178988 0.70836675 -0.31046692
v 0.01023148 0.71132296 -0.31046692
v 0.01178988 0.71132296 -0.31037763
v 0.01178988 0.71918291 -0.30893192
v 0.01178988 0.72704279 -0.30546182
v 0.00701679 0.73490274 -0.30260700
v 0.01178988 0.73490274 -0.30407134
v 0.01178988 0.74276263 -0.30355603
v 0.01178988 0.74799162 -0.30260700
v 0.00821756 0.75062257 -0.30260700
v 0.01178988 0.75062257 -0.30209604
v 0.01178988 0.75848252 -0.29995236
v 0.01178988 0.76634240 -0.29651478
v 0.01178988 0.76938796 -0.29474708
v 0.01178988 0.77420235 -0.29060370
v 0.01178988 0.78206223 -0.29136840
v 0.01178988 0.78992218 -0.29092711
v 0.01178988 0.79778212 -0.28770077
v 0.01178988 0.79955781 -0.28688717
v 0.01178988 0.80564201 -0.28394958
v 0.01178988 0.81350195 -0.27982810
v 0.01178988 0.81507069 -0.27902722
v 0.01178988 0.82136184 -0.27535394
v 0.01178988 0.82805711 -0.27116731
v 0.01178988 0.82922179 -0.27046397
v 0.01178988 0.83708173 -0.26539296
v 0.01178988 0.84024388 -0.26330739
v 0.01178988 0.84494162 -0.26035658
v 0.01178988 0.85099894 -0.25544748
v 0.01178988 0.85280156 -0.25380510
v 0.01178988 0.85937041 -0.24758755
v 0.01178988 0.86066151 -0.24644063
v 0.01178988 0.86747259 -0.23972763
v 0.01178988 0.86852139 -0.23853908
v 0.01178988 0.87559682 -0.23186770
v 0.01178988 0.88424122 -0.22351378
v 0.01178988 0.89052731 -0.21614785
v 0.01178988 0.89210117 -0.21409377
v 0.01178988 0.89669961 -0.20828794
v 0.01178988 0.89996111 -0.20394535
v 0.01178988 0.90248555 -0.20042801
v 0.01178988 0.90782100 -0.19282319
v 0.01178988 0.90800524 -0.19256809
v 0.01178988 0.91432548 -0.18470818
v 0.01178988 0.91568094 -0.18178943
v 0.01178988 0.91812623 -0.17684825
v 0.01178988 0.92204386 -0.16898833
v 0.01178988 0.92354083 -0.16744143
v 0.01178988 0.92741144 -0.16112840
v 0.01046582 0.93140078 -0.15326849
v 0.01178988 0.93140078 -0.15360621
v 0.01178988 0.93157166 -0.15326849
v 0.01178988 0.93474114 -0.14540856
v 0.01178988 0.93744671 -0.13754864
v 0.01178988 0.93926072 -0.13117816
v 0.01178988 0.93970132 -0.12968871
v 0.01178988 0.94180661 -0.12182879
v 0.01178988 0.94528556 -0.11396887
v 0.01964981 0.67202336 -0.31144294
v 0.01964981 0.67988324 -0.31113467
v 0.01964981 0.68217951 -0.31046692
v 0.01422164 0.68774319 -0.31046692
v 0.01964981 0.68774319 -0.30809945
v 0.01964981 0.69560313 -0.30309388
v 0.01215508 0.70346302 -0.31046692
v 0.01964981 0.70346302 -0.30606118
v 0.01964981 0.71132296 -0.30640712
v 0.01964981 0.71918291 -0.30540097
v 0.01964981 0.72704279 -0.30623102
v 0.01964981 0.73490274 -0.30499756
v 0.01964981 0.74214089 -0.30260700
v 0.01827022 0.74276263 -0.30260700
v 0.01964981 0.74276263 -0.30236012
v 0.01964981 0.75062257 -0.29843909
v 0.01964981 0.75848252 -0.29789749
v 0.01964981 0.76634240 -0.29755050
v 0.01859092 0.77420235 -0.29474708
v 0.01964981 0.77420235 -0.29511994
v 0.01964981 0.77563316 -0.29474708
v 0.01964981 0.78206223 -0.29309225
v 0.01964981 0.78992218 -0.28981155
v 0.01964981 0.79686582 -0.28688717
v 0.01719358 0.79778212 -0.28688717
v 0.01964981 0.79778212 -0.28643471
v 0.01964981 0.80564201 -0.28136498
v 0.01964981 0.81048012 -0.27902722
v 0.01492841 0.81350195 -0.27902722
v 0.01964981 0.81350195 -0.27774689
v 0.01964981 0.82136184 -0.27444753
v 0.01964981 0.82678390 -0.27116731
v 0.01964981 0.82922179 -0.26936647
v 0.01964981 0.83708173 -0.26424801
v 0.01964981 0.83838344 -0.26330739
v 0.01964981 0.84494162 -0.25647914
v 0.01964981 0.84592026 -0.25544748
v 0.01964981 0.85280156 -0.24965549
v 0.01964981 0.85621667 -0.24758755
v 0.01964981 0.86066151 -0.24542882
v 0.01964981 0.86701745 -0.23972763
v 0.01964981 0.86852139 -0.23815243
v 0.01964981 0.87374783 -0.23186770
v 0.01964981 0.87638134 -0.22318624
v 0.01964981 0.88424122 -0.21718618
v 0.01964981 0.88533324 -0.21614785
v 0.01931567 0.89210117 -0.20828794
v 0.01964981 0.89176786 -0.20828794
v 0.01964981 0.89210117 -0.20796700
v 0.01956549 0.89996111 -0.20042801
v 0.01964981 0.89991444 -0.20042801
v 0.01964981 0.89996111 -0.20039240
v 0.01287024 0.90782100 -0.19256809
v 0.01964981 0.90658331 -0.19256809
v 0.01964981 0.90782100 -0.19111763
v 0.01964981 0.91255379 -0.18470818
v 0.01964981 0.92354083 -0.16235514
v 0.01964981 0.92474270 -0.16112840
v 0.01286400 0.93140078 -0.15326849
v 0.01964981 0.93034559 -0.15326849
v 0.01964981 0.93140078 -0.14813662
v 0.01964981 0.93200946 -0.14540856
v 0.01964981 0.93268836 -0.13754864
v 0.01763973 0.93926072 -0.12968871
v 0.01964981 0.93904048 -0.12968871
v 0.01964981 0.93926072 -0.12925060
v 0.01964981 0.94185734 -0.12182879
v 0.01964981 0.94265926 -0.11396887
v 0.02252388 0.67202336 -0.31046692
v 0.02750973 0.67202336 -0.30841303
v 0.02129457 0.67988324 -0.31046692
v 0.02750973 0.67988324 -0.30723834
v 0.02750973 0.68774319 -0.30625728
v 0.02750973 0.70346302 -0.30522063
v 0.02750973 0.71087331 -0.30260700
v 0.02715389 0.71132296 -0.30260700
v 0.02750973 0.71132296 -0.30238920
v 0.02380140 0.71918291 -0.30260700
v 0.02750973 0.71918291 -0.29951718
v 0.02750973 0.72704279 -0.30307350
v 0.02750973 0.72567451 -0.30260700
v 0.02750973 0.73050177 -0.30260700
v 0.02605050 0.73490274 -0.30260700
v 0.02750973 0.73490274 -0.30125585
v 0.02750973 0.74276263 -0.29588488
v 0.02750973 0.74676192 -0.29474708
v 0.02631951 0.75062257 -0.29474708
v 0.02750973 0.75062257 -0.29394570
v 0.02750973 0.75848252 -0.29497045
v 0.02750973 0.75617617 -0.29474708
v 0.02750973 0.76634240 -0.29609981
v 0.02750973 0.77279735 -0.29474708
v 0.02393249 0.77420235 -0.29474708
v 0.02750973 0.77420235 -0.29444647
v 0.02750973 0.78206223 -0.29092529
v 0.02750973 0.78735167 -0.28688717
v 0.02466720 0.78992218 -0.28688717
v 0.02750973 0.78992218 -0.28319916
v 0.02750973 0.79778212 -0.28179738
v 0.02750973 0.80152196 -0.27902722
v 0.02373916 0.80564201 -0.27902722
v 0.02750973 0.80564201 -0.27517408
v 0.02750973 0.81350195 -0.27407804
v 0.02750973 0.82136184 -0.27264747
v 0.02750973 0.82399595 -0.27116731
v 0.02750973 0.82922179 -0.26554450
v 0.02750973 0.83260465 -0.26330739
v 0.02235993 0.83708173 -0.26330739
v 0.02750973 0.83708173 -0.26010969
v 0.02117487 0.84494162 -0.25544748
v 0.02750973 0.84075248 -0.25544748
v 0.02467631 0.84494162 -0.24758755
v 0.02750973 0.84494162 -0.24438906
v 0.02182875 0.85280156 -0.24758755
v 0.02750973 0.85280156 -0.24133767
v 0.02750973 0.86066151 -0.24056290
v 0.02750973 0.86192554 -0.23972763
v 0.02750973 0.86852139 -0.23498470
v 0.02750973 0.87129891 -0.23186770
v 0.02750973 0.87638134 -0.21781696
v 0.02750973 0.87923515 -0.21614785
v 0.02254726 0.88424122 -0.21614785
v 0.02750973 0.88424122 -0.21418618
v 0.02750973 0.88938767 -0.20828794
v 0.02667176 0.89210117 -0.20042801
v 0.02750973 0.89122063 -0.20042801
v 0.02750973 0.89210117 -0.19857529
v 0.02750973 0.89996111 -0.19516680
v 0.02750973 0.90346205 -0.19256809
v 0.02750973 0.90782100 -0.18939629
v 0.02750973 0.91135782 -0.18470818
v 0.02750973 0.91521931 -0.17684825
v 0.02750973 0.92080349 -0.16112840
v 0.02325847 0.92354083 -0.16112840
v 0.02750973 0.92354083 -0.15964867
v 0.02750973 0.92877316 -0.15326849
v 0.02180272 0.93140078 -0.14540856
v 0.02750973 0.92971438 -0.14540856
v 0.02201224 0.93140078 -0.13754864
v 0.02750973 0.92780745 -0.13754864
v 0.02750973 0.93140078 -0.13415141
v 0.02750973 0.93577498 -0.12968871
v 0.02750973 0.93768311 -0.12182879
v 0.02750973 0.94633412 -0.09824903
v 0.03536965 0.67202336 -0.30612528
v 0.03536965 0.67988324 -0.30492806
v 0.03536965 0.68774319 -0.30743527
v 0.03536965 0.69560313 -0.30735275
v 0.03536965 0.70346302 -0.30664125
v 0.02796020 0.71132296 -0.30260700
v 0.03536965 0.71132296 -0.30481586
v 0.03415365 0.71918291 -0.30260700
v 0.03536965 0.71918291 -0.30299133
v 0.03130297 0.72704279 -0.30260700
v 0.03536965 0.72270018 -0.30260700
v 0.03536965 0.72704279 -0.30196482
v 0.03457749 0.73490274 -0.29474708
v 0.03536965 0.73447877 -0.29474708
v 0.03536965 0.73490274 -0.29416451
v 0.02987277 0.74276263 -0.29474708
v 0.03536965 0.74276263 -0.29247177
v 0.03536965 0.74952817 -0.29474708
v 0.03316516 0.75062257 -0.29474708
v 0.03536965 0.75062257 -0.29498923
v 0.03536965 0.75848252 -0.29477653
v 0.03536965 0.75948787 -0.29474708
v 0.03441199 0.76634240 -0.29474708
v 0.03536965 0.76634240 -0.29455447
v 0.03536965 0.77420235 -0.29284307
v 0.03536965 0.78206223 -0.28869137
v 0.03536965 0.78499389 -0.28688717
v 0.03536965 0.78992218 -0.28236306
v 0.03536965 0.79778212 -0.28058398
v 0.03536965 0.79947972 -0.27902722
v 0.03536965 0.80564201 -0.27136490
v 0.03536965 0.81350195 -0.27365336
v 0.03536965 0.82136184 -0.27168730
v 0.03536965 0.82219827 -0.27116731
v 0.03536965 0.82922179 -0.26457706
v 0.03536965 0.83130944 -0.26330739
v 0.03536965 0.83708173 -0.26016876
v 0.03536965 0.84380430 -0.25544748
v 0.03536965 0.84494162 -0.25450540
v 0.03536965 0.85153544 -0.24758755
v 0.03536965 0.85280156 -0.24595454
v 0.03536965 0.85770214 -0.23972763
v 0.02960004 0.86066151 -0.23972763
v 0.03536965 0.86066151 -0.23656848
v 0.03536965 0.86852139 -0.23293264
v 0.03536965 0.87002248 -0.23186770
v 0.03536965 0.87638134 -0.22619505
v 0.03536965 0.87831622 -0.22400779
v 0.03536965 0.88424122 -0.21738431
v 0.03536965 0.88529509 -0.21614785
v 0.03536965 0.89142561 -0.20828794
v 0.03536965 0.89210117 -0.20643558
v 0.03536965 0.89569604 -0.20042801
v 0.03536965 0.89996111 -0.19645974
v 0.03536965 0.90344924 -0.19256809
v 0.03536965 0.90782100 -0.18792801
v 0.03536965 0.91006196 -0.18470818
v 0.03536965 0.91543317 -0.17684825
v 0.03536965 0.91568094 -0.17632337
v 0.03536965 0.91929656 -0.16898833
v 0.03536965 0.92338014 -0.16112840
v 0.03536965 0.92354083 -0.16088116
v 0.03536965 0.92768562 -0.15326849
v 0.03536965 0.93121439 -0.14540856
v 0.03536965 0.93140078 -0.14475979
v 0.03536965 0.93363643 -0.13754864
v 0.03536965 0.93742126 -0.12968871
v 0.03391714 0.93926072 -0.12182879
v 0.03536965 0.93926072 -0.12280750
v 0.03345564 0.93926072 -0.11396887
v 0.03536965 0.93951762 -0.12182879
v 0.03536965 0.94059902 -0.11396887
v 0.03536965 0.94365263 -0.10610895
v 0.03536965 0.94652730 -0.09824903
v 0.04322957 0.67988324 -0.30635390
v 0.04322957 0.68774319 -0.30750015
v 0.04322957 0.69560313 -0.30629739
v 0.04322957 0.70346302 -0.30450001
v 0.04322957 0.71132296 -0.30393705
v 0.04322957 0.71918291 -0.30272862
v 0.04322957 0.71973783 -0.30260700
v 0.04322957 0.72704279 -0.30099204
v 0.04322957 0.73490274 -0.29861605
v 0.04322957 0.74276263 -0.29741162
v 0.04322957 0.75062257 -0.29657689
v 0.04322957 0.75809342 -0.29474708
v 0.03711743 0.75848252 -0.29474708
v 0.04322957 0.75848252 -0.29463637
v 0.04322957 0.76634240 -0.29215804
v 0.04322957 0.77420235 -0.29018086
v 0.04322957 0.78206223 -0.28753132
v 0.04322957 0.78324395 -0.28688717
v 0.04322957 0.78992218 -0.28305063
v 0.04322957 0.79778212 -0.28136408
v 0.04322957 0.80232084 -0.27902722
v 0.04322957 0.80564201 -0.27673203
v 0.04322957 0.81350195 -0.27334327
v 0.04322957 0.81796342 -0.27116731
v 0.03733931 0.82136184 -0.27116731
v 0.04322957 0.82136184 -0.26937109
v 0.04322957 0.82922179 -0.26416281
v 0.04322957 0.83054847 -0.26330739
v 0.04322957 0.83708173 -0.25856727
v 0.04322957 0.84129542 -0.25544748
v 0.04322957 0.84494162 -0.25275540
v 0.04322957 0.85092938 -0.24758755
v 0.04322957 0.85280156 -0.24592780
v 0.04322957 0.85975164 -0.23972763
v 0.04322957 0.86066151 -0.23883922
v 0.04322957 0.86852139 -0.23249376
v 0.04322957 0.86925769 -0.23186770
v 0.04322957 0.87638134 -0.22497810
v 0.04322957 0.87721628 -0.22400779
v 0.04003312 0.88424122 -0.21614785
v 0.04322957 0.88355005 -0.21614785
v 0.04322957 0.88424122 -0.21522474
v 0.04322957 0.88990182 -0.20828794
v 0.04322957 0.89210117 -0.20536445
v 0.04322957 0.89570957 -0.20042801
v 0.04063950 0.89996111 -0.19256809
v 0.04322957 0.89806938 -0.19256809
v 0.04322957 0.89996111 -0.18913664
v 0.03965713 0.90782100 -0.18470818
v 0.04322957 0.90362960 -0.18470818
v 0.04322957 0.90782100 -0.18234244
v 0.04322957 0.91232067 -0.17684825
v 0.04127131 0.91568094 -0.16898833
v 0.04322957 0.91381645 -0.16898833
v 0.04322957 0.91568094 -0.16472369
v 0.04322957 0.91762781 -0.16112840
v 0.04322957 0.92354083 -0.15635957
v 0.04322957 0.92550474 -0.15326849
v 0.04322957 0.92967373 -0.14540856
v 0.04322957 0.93140078 -0.13981508
v 0.04322957 0.93210119 -0.13754864
v 0.04322957 0.93499458 -0.12968871
v 0.03849078 0.93926072 -0.12182879
v 0.04322957 0.93887198 -0.12182879
v 0.04322957 0.93926072 -0.12071893
v 0.04322957 0.94163156 -0.11396887
v 0.04322957 0.94378805 -0.10610895
v 0.04322957 0.94579262 -0.09824903
v 0.05108950 0.67202336 -0.30267242
v 0.05108950 0.67241096 -0.30260700
v 0.04949727 0.67988324 -0.30260700
v 0.05108950 0.67988324 -0.30106628
v 0.05108950 0.68774319 -0.30443850
v 0.05108950 0.68251050 -0.30260700
v 0.05108950 0.69560313 -0.30296460
v 0.05108950 0.69626862 -0.30260700
v 0.04592494 0.70346302 -0.30260700
v 0.05108950 0.70346302 -0.29652527
v 0.04602353 0.71132296 -0.30260700
v 0.05108950 0.71132296 -0.29918298
v 0.04376087 0.71918291 -0.30260700
v 0.05108950 0.71918291 -0.30100793
v 0.05108950 0.72704279 -0.29939449
v 0.05108950 0.73490274 -0.29744461
v 0.05108950 0.74276263 -0.29614970
v 0.05108950 0.75011754 -0.29474708
v 0.05069312 0.75062257 -0.29474708
v 0.05108950 0.75062257 -0.29464364
v 0.05108950 0.75848252 -0.29046357
v 0.05108950 0.76300263 -0.28688717
v 0.05108950 0.76634240 -0.28356916
v 0.05108950 0.77420235 -0.28749731
v 0.05108950 0.77220869 -0.28688717
v 0.05108950 0.78206223 -0.28720960
v 0.05108950 0.78290576 -0.28688717
v 0.05108950 0.78992218 -0.28435171
v 0.05108950 0.79778212 -0.28075242
v 0.05108950 0.80118090 -0.27902722
v 0.05108950 0.80564201 -0.27640089
v 0.05108950 0.81350195 -0.27147123
v 0.05108950 0.81408256 -0.27116731
v 0.05108950 0.82136184 -0.26713666
v 0.05108950 0.82802689 -0.26330739
v 0.04760244 0.82922179 -0.26330739
v 0.05108950 0.82922179 -0.26262462
v 0.05108950 0.83708173 -0.25657269
v 0.05108950 0.83846706 -0.25544748
v 0.05108950 0.84494162 -0.25028664
v 0.05108950 0.84891152 -0.24758755
v 0.05108950 0.85280156 -0.24459678
v 0.05108950 0.85752451 -0.23972763
v 0.05108950 0.86066151 -0.23425677
v 0.05108950 0.86286980 -0.23186770
v 0.04448059 0.86852139 -0.23186770
v 0.05108950 0.86852139 -0.22673103
v 0.04481676 0.87638134 -0.22400779
v 0.05108950 0.87121063 -0.22400779
v 0.05108950 0.87638134 -0.21938820
v 0.05108950 0.87945580 -0.21614785
v 0.05108950 0.88424122 -0.21123241
v 0.05108950 0.88664204 -0.20828794
v 0.05108950 0.89210117 -0.20200579
v 0.05108950 0.89326501 -0.20042801
v 0.05108950 0.89634269 -0.19256809
v 0.05108950 0.89996111 -0.18601742
v 0.05108950 0.90100211 -0.18470818
v 0.05108950 0.90782100 -0.17895901
v 0.05108950 0.90942717 -0.17684825
v 0.05108950 0.91082126 -0.16898833
v 0.04709897 0.91568094 -0.16112840
v 0.05108950 0.91238916 -0.16112840
v 0.05108950 0.91568094 -0.16003102
v 0.05108950 0.92354083 -0.15374486
v 0.05108950 0.92388028 -0.15326849
v 0.05108950 0.92745775 -0.14540856
v 0.04435334 0.93140078 -0.13754864
v 0.05108950 0.92538434 -0.13754864
v 0.04782192 0.93140078 -0.12968871
v 0.05108950 0.93140078 -0.12671971
v 0.05108950 0.93603164 -0.12182879
v 0.04876519 0.93926072 -0.11396887
v 0.05108950 0.93803501 -0.11396887
v 0.05108950 0.93699819 -0.10610895
v 0.05212428 0.67202336 -0.30260700
v 0.05894941 0.67202336 -0.30226094
v 0.05894941 0.67988324 -0.30105436
v 0.05697568 0.68774319 -0.30260700
v 0.05894941 0.68774319 -0.30202305
v 0.05271650 0.69560313 -0.30260700
v 0.05894941 0.69560313 -0.30118808
v 0.05894941 0.70346302 -0.29801321
v 0.05894941 0.71132296 -0.29837260
v 0.05894941 0.71918291 -0.29917634
v 0.05894941 0.72704279 -0.29660779
v 0.05894941 0.73056370 -0.29474708
v 0.05558314 0.73490274 -0.29474708
v 0.05894941 0.73490274 -0.29079816
v 0.05438261 0.74276263 -0.29474708
v 0.05894941 0.74276263 -0.29213393
v 0.05894941 0.75062257 -0.29279602
v 0.05894941 0.75848252 -0.29018694
v 0.05894941 0.76395804 -0.28688717
v 0.05894941 0.76634240 -0.28465468
v 0.05294306 0.77420235 -0.28688717
v 0.05894941 0.77420235 -0.28419778
v 0.05248563 0.78206223 -0.28688717
v 0.05894941 0.78206223 -0.28521255
v 0.05894941 0.78992218 -0.28300014
v 0.05894941 0.79732227 -0.27902722
v 0.05797508 0.79778212 -0.27902722
v 0.05894941 0.79778212 -0.27876356
v 0.05894941 0.80564201 -0.27429503
v 0.05894941 0.81291175 -0.27116731
v 0.05531293 0.81350195 -0.27116731
v 0.05894941 0.81350195 -0.27092457
v 0.05894941 0.82136184 -0.26547542
v 0.05894941 0.82449645 -0.26330739
v 0.05894941 0.82922179 -0.26000169
v 0.05894941 0.83596849 -0.25544748
v 0.05603684 0.83708173 -0.25544748
v 0.05463915 0.84494162 -0.24758755
v 0.05894941 0.83945197 -0.24758755
v 0.05894941 0.84494162 -0.24124508
v 0.05894941 0.85280156 -0.23996341
v 0.05894941 0.85300714 -0.23972763
v 0.05363963 0.86066151 -0.23186770
v 0.05894941 0.85607415 -0.23186770
v 0.05894941 0.86066151 -0.22904563
v 0.05894941 0.86852139 -0.22597595
v 0.05894941 0.87081331 -0.22400779
v 0.05894941 0.87638134 -0.21809749
v 0.05894941 0.87801778 -0.21614785
v 0.05851190 0.88424122 -0.20828794
v 0.05894941 0.88407612 -0.20828794
v 0.05894941 0.88424122 -0.20813683
v 0.05894941 0.89210117 -0.20043731
v 0.05894941 0.89210910 -0.20042801
v 0.05894941 0.89787233 -0.19256809
v 0.05894941 0.89996111 -0.18848042
v 0.05894941 0.90211451 -0.18470818
v 0.05894941 0.90782100 -0.17774181
v 0.05894941 0.90848517 -0.17684825
v 0.05894941 0.91405606 -0.16898833
v 0.05389125 0.91568094 -0.16112840
v 0.05894941 0.91568094 -0.16523826
v 0.05894941 0.91759783 -0.16112840
v 0.05894941 0.92246205 -0.15326849
v 0.05303301 0.92354083 -0.15326849
v 0.05894941 0.92354083 -0.15123448
v 0.05894941 0.92630112 -0.14540856
v 0.05894941 0.92630577 -0.13754864
v 0.05894941 0.92773944 -0.12968871
v 0.05860929 0.93140078 -0.10610895
v 0.05894941 0.93119943 -0.10610895
v 0.05894941 0.93140078 -0.10679281
v 0.05894941 0.93336576 -0.11396887
v 0.06680934 0.67202336 -0.30143833
v 0.06680934 0.67988324 -0.30063733
v 0.06680934 0.68774319 -0.29967052
v 0.06680934 0.69560313 -0.29926035
v 0.06680934 0.70346302 -0.29725403
v 0.06680934 0.71064752 -0.29474708
v 0.06637746 0.71132296 -0.29474708
v 0.06680934 0.71132296 -0.29413950
v 0.06680934 0.71918291 -0.29554385
v 0.06680934 0.71294850 -0.29474708
v 0.06680934 0.72350585 -0.29474708
v 0.06482397 0.72704279 -0.29474708
v 0.06680934 0.72704279 -0.29377550
v 0.06595901 0.73490274 -0.28688717
v 0.06680934 0.73444527 -0.28688717
v 0.06680934 0.73490274 -0.28653437
v 0.06680934 0.75062257 -0.28943658
v 0.06680934 0.75848252 -0.28881791
v 0.06680934 0.76316875 -0.28688717
v 0.06680934 0.76634240 -0.28531328
v 0.06680934 0.77420235 -0.28030086
v 0.06680934 0.77805555 -0.27902722
v 0.06680934 0.78206223 -0.27618459
v 0.06680934 0.78992218 -0.27200618
v 0.06680934 0.79778212 -0.27306339
v 0.06680934 0.80564201 -0.27222991
v 0.06680934 0.80815941 -0.27116731
v 0.06680934 0.81350195 -0.26799881
v 0.06680934 0.81735575 -0.26330739
v 0.06146561 0.82136184 -0.26330739
v 0.06627720 0.82136184 -0.25544748
v 0.06680934 0.82080060 -0.25544748
v 0.06680934 0.82136184 -0.25496012
v 0.06574193 0.82922179 -0.25544748
v 0.06680934 0.82922179 -0.25472003
v 0.06680934 0.83642614 -0.24758755
v 0.06680934 0.83708173 -0.23858485
v 0.06680934 0.84494162 -0.23670238
v 0.05936462 0.85280156 -0.23972763
v 0.06680934 0.85280156 -0.23501858
v 0.06680934 0.85642451 -0.23186770
v 0.06680934 0.86066151 -0.22970189
v 0.06680934 0.86852139 -0.22468649
v 0.06680934 0.86924762 -0.22400779
v 0.06342279 0.87638134 -0.21614785
v 0.06680934 0.87538373 -0.21614785
v 0.06680934 0.87571990 -0.20828794
v 0.06664563 0.88424122 -0.20042801
v 0.06680934 0.88066041 -0.20042801
v 0.06680934 0.88424122 -0.20016482
v 0.05896885 0.89210117 -0.20042801
v 0.06680934 0.89210045 -0.19256809
v 0.06680886 0.89210117 -0.19256809
v 0.06216794 0.89996111 -0.18470818
v 0.06680934 0.89996111 -0.18160988
v 0.06135263 0.90782100 -0.17684825
v 0.06680934 0.90579081 -0.17684825
v 0.06680934 0.90782100 -0.17470492
v 0.06680934 0.91169918 -0.16898833
v 0.06327695 0.91568094 -0.16112840
v 0.06680934 0.91353291 -0.16112840
v 0.06680934 0.91568094 -0.15690929
v 0.06680934 0.91765851 -0.15326849
v 0.06680934 0.92354083 -0.14613673
v 0.06680934 0.92392308 -0.14540856
v 0.06680934 0.92505658 -0.13754864
v 0.06680934 0.92683119 -0.12968871
v 0.07466926 0.67202336 -0.29892093
v 0.07466926 0.67988324 -0.29841045
v 0.07466926 0.68774319 -0.29637739
v 0.07466926 0.69560313 -0.29604900
v 0.07466926 0.70346302 -0.29486629
v 0.07466926 0.70367891 -0.29474708
v 0.07466926 0.71132296 -0.28806204
v 0.06798936 0.71918291 -0.29474708
v 0.07466926 0.71918291 -0.28951770
v 0.07466926 0.72704279 -0.29253829
v 0.06751406 0.73490274 -0.28688717
v 0.07466926 0.73490274 -0.28991535
v 0.07466926 0.74165267 -0.28688717
v 0.07466926 0.74276263 -0.28624624
v 0.07416518 0.75062257 -0.28688717
v 0.07466926 0.75062257 -0.28665912
v 0.07390133 0.75848252 -0.28688717
v 0.07466926 0.75848252 -0.28667524
v 0.07466926 0.76634240 -0.28476626
v 0.07466926 0.77420235 -0.28131628
v 0.07466926 0.77798408 -0.27902722
v 0.07466926 0.78206223 -0.27459157
v 0.07466926 0.78900182 -0.27116731
v 0.07157847 0.78992218 -0.27116731
v 0.07466926 0.78992218 -0.27079931
v 0.07213004 0.79778212 -0.27116731
v 0.07466926 0.79778212 -0.27031472
v 0.06994078 0.80564201 -0.27116731
v 0.07466926 0.80564201 -0.26958612
v 0.07466926 0.81350195 -0.26467505
v 0.07466926 0.81506562 -0.26330739
v 0.06925561 0.82136184 -0.25544748
v 0.07466926 0.82136184 -0.25654712
v 0.07466926 0.82421291 -0.25544748
v 0.07466926 0.82922179 -0.25408787
v 0.07038897 0.83708173 -0.24758755
v 0.07466926 0.83708173 -0.24832946
v 0.07466926 0.83788371 -0.24758755
v 0.07413472 0.84494162 -0.23972763
v 0.07466926 0.84494162 -0.23997559
v 0.07466926 0.84527671 -0.23972763
v 0.07466926 0.85280156 -0.23492743
v 0.07466926 0.85670835 -0.23186770
v 0.07466926 0.86066151 -0.22878699
v 0.07466926 0.86568093 -0.22400779
v 0.06852450 0.86852139 -0.22400779
v 0.07466926 0.86852139 -0.22085246
v 0.07466926 0.87267435 -0.21614785
v 0.07041908 0.87638134 -0.20828794
v 0.07466926 0.87638134 -0.20984437
v 0.07466926 0.87734056 -0.20828794
v 0.07466926 0.88357395 -0.20042801
v 0.07466926 0.89996111 -0.18032162
v 0.07466926 0.90339923 -0.17684825
v 0.07466926 0.90782100 -0.17002113
v 0.07423918 0.90782100 -0.16112840
v 0.07413472 0.90782100 -0.15326849
v 0.07466926 0.90742463 -0.15326849
v 0.07466926 0.90782100 -0.15297315
v 0.07466926 0.90838820 -0.16898833
v 0.06954957 0.91568094 -0.15326849
v 0.07466926 0.91568094 -0.14979187
v 0.06763592 0.92354083 -0.14540856
v 0.07466926 0.91942883 -0.14540856
v 0.06885108 0.92354083 -0.13754864
v 0.07466926 0.91845977 -0.13754864
v 0.07025393 0.92354083 -0.12968871
v 0.07466926 0.91819042 -0.12968871
v 0.07466926 0.92354083 -0.12681195
v 0.08048049 0.67202336 -0.29474708
v 0.08252918 0.67202336 -0.29289508
v 0.08252918 0.67988324 -0.29555488
v 0.08252918 0.67698044 -0.29474708
v 0.08252918 0.68178171 -0.29474708
v 0.07762524 0.68774319 -0.29474708
v 0.08252918 0.68774319 -0.29027990
v 0.07680071 0.69560313 -0.29474708
v 0.08252918 0.69560313 -0.28928751
v 0.07524422 0.70346302 -0.29474708
v 0.08252918 0.70346302 -0.29328385
v 0.08252918 0.71132296 -0.29148477
v 0.08252918 0.71918291 -0.29013687
v 0.08252918 0.72704279 -0.29022741
v 0.08252918 0.73490274 -0.28944346
v 0.07887327 0.74276263 -0.28688717
v 0.08252918 0.74276263 -0.28726214
v 0.08252918 0.74373400 -0.28688717
v 0.08252918 0.75062257 -0.28152803
v 0.08252918 0.75848252 -0.28154355
v 0.08252918 0.76634240 -0.28222188
v 0.08252918 0.77420235 -0.28013271
v 0.08252918 0.77726591 -0.27902722
v 0.08252918 0.78206223 -0.27686965
v 0.08252918 0.78904402 -0.27116731
v 0.08252918 0.78992218 -0.26990125
v 0.08252918 0.79778212 -0.26591480
v 0.08252918 0.80564201 -0.26492536
v 0.08252918 0.81034529 -0.26330739
v 0.07885624 0.81350195 -0.26330739
v 0.08252918 0.81350195 -0.26213667
v 0.08252918 0.82136184 -0.25693381
v 0.08252918 0.82355666 -0.25544748
v 0.08252918 0.82922179 -0.25102380
v 0.08252918 0.83429831 -0.24758755
v 0.07692496 0.83708173 -0.24758755
v 0.08252918 0.83708173 -0.24565028
v 0.07753374 0.84494162 -0.23972763
v 0.08252918 0.84445626 -0.23972763
v 0.08252918 0.84494162 -0.23935698
v 0.08252918 0.85280156 -0.23261225
v 0.08252918 0.85369420 -0.23186770
v 0.08252918 0.86066151 -0.22428663
v 0.08252918 0.86091083 -0.22400779
v 0.08192124 0.86852139 -0.21614785
v 0.08252918 0.86803603 -0.21614785
v 0.08252918 0.86852139 -0.21580096
v 0.08184736 0.87638134 -0.20828794
v 0.08252918 0.87629175 -0.20828794
v 0.08252918 0.87638134 -0.20820819
v 0.08252918 0.88298148 -0.20042801
v 0.08252918 0.89210117 -0.18454674
v 0.08252918 0.89996111 -0.17776676
v 0.08252918 0.90065008 -0.17684825
v 0.07603422 0.90782100 -0.16898833
v 0.08252918 0.90265357 -0.16898833
v 0.08252918 0.90782100 -0.16101603
v 0.08252918 0.91281223 -0.15326849
v 0.08252918 0.91568094 -0.14903928
v 0.08252918 0.91763824 -0.14540856
v 0.08252918 0.92028278 -0.13754864
v 0.08252918 0.92275614 -0.12968871
v 0.08252918 0.92354083 -0.12849280
v 0.08252918 0.92711699 -0.12182879
v 0.09038910 0.67202336 -0.29121351
v 0.08545639 0.67988324 -0.29474708
v 0.09038910 0.67988324 -0.29344156
v 0.09038910 0.68774319 -0.29044041
v 0.09038910 0.69560313 -0.28840250
v 0.09038910 0.70346302 -0.29054374
v 0.09038910 0.71132296 -0.28988460
v 0.09038910 0.71918291 -0.28834400
v 0.09038910 0.72704279 -0.28796110
v 0.09038910 0.73441374 -0.28688717
v 0.09017790 0.73490274 -0.28688717
v 0.09038910 0.73490274 -0.28680807
v 0.08371004 0.74276263 -0.28688717
v 0.09038910 0.74276263 -0.28382888
v 0.08476293 0.75062257 -0.27902722
v 0.09038910 0.74681699 -0.27902722
v 0.09038910 0.75062257 -0.27276656
v 0.08524171 0.75848252 -0.27902722
v 0.09038910 0.75848252 -0.27370366
v 0.08869758 0.76634240 -0.27902722
v 0.09038910 0.76634240 -0.27807623
v 0.08522611 0.77420235 -0.27902722
v 0.09038910 0.77420235 -0.27677369
v 0.09038910 0.78206223 -0.27416545
v 0.09038910 0.78802913 -0.27116731
v 0.09038910 0.78992218 -0.27001920
v 0.09038910 0.79778212 -0.26537517
v 0.09038910 0.80115354 -0.26330739
v 0.08553242 0.80564201 -0.26330739
v 0.09038910 0.80564201 -0.25752363
v 0.09038910 0.81350195 -0.25611201
v 0.09038910 0.81720066 -0.25544748
v 0.08793312 0.82136184 -0.25544748
v 0.09038910 0.82136184 -0.25479215
v 0.09038910 0.82922179 -0.24792185
v 0.09038910 0.82964313 -0.24758755
v 0.09038910 0.83708173 -0.24120076
v 0.09038910 0.83936799 -0.23972763
v 0.09038910 0.84494162 -0.23635985
v 0.09038910 0.84934282 -0.23186770
v 0.08392652 0.85280156 -0.23186770
v 0.08624710 0.85280156 -0.22400779
v 0.09038910 0.85280156 -0.21464072
v 0.08275790 0.86066151 -0.22400779
v 0.08884509 0.86066151 -0.21614785
v 0.09038910 0.86066151 -0.21512543
v 0.09038910 0.86852139 -0.21124615
v 0.09038910 0.87141752 -0.20828794
v 0.09038910 0.87638134 -0.20379411
v 0.09038910 0.87986225 -0.20042801
v 0.09038910 0.88424122 -0.19483560
v 0.09038910 0.88565034 -0.19256809
v 0.09038910 0.89151901 -0.18470818
v 0.09038910 0.89210117 -0.18393388
v 0.09038910 0.89679933 -0.17684825
v 0.08391681 0.89996111 -0.17684825
v 0.09038910 0.90782100 -0.15667236
v 0.09038910 0.91069883 -0.15326849
v 0.08813808 0.91568094 -0.14540856
v 0.09038910 0.91494358 -0.14540856
v 0.09038910 0.91568094 -0.14330314
v 0.09038910 0.91782087 -0.13754864
v 0.09038910 0.92082351 -0.12968871
v 0.09038910 0.92354083 -0.12343884
v 0.09038910 0.92417818 -0.12182879
v 0.09824903 0.67202336 -0.29059735
v 0.09824903 0.67988324 -0.29101795
v 0.09824903 0.68774319 -0.29026219
v 0.09824903 0.69560313 -0.28856507
v 0.09824903 0.70346302 -0.28738469
v 0.09824903 0.70496279 -0.28688717
v 0.09496682 0.71132296 -0.28688717
v 0.09824903 0.71132296 -0.28114274
v 0.09228873 0.71918291 -0.28688717
v 0.09293444 0.72704279 -0.28688717
v 0.09824903 0.72704279 -0.28351986
v 0.09824903 0.73490274 -0.28374192
v 0.09824903 0.74276263 -0.28071842
v 0.09824903 0.74648368 -0.27902722
v 0.09824903 0.75062257 -0.27653676
v 0.09824903 0.75848252 -0.27636880
v 0.09824903 0.76634240 -0.27605230
v 0.09824903 0.77420235 -0.27320588
v 0.09824903 0.78039640 -0.27116731
v 0.09701456 0.78206223 -0.27116731
v 0.09824903 0.78206223 -0.27062371
v 0.09824903 0.78992218 -0.26804787
v 0.09824903 0.79778212 -0.26330948
v 0.09824903 0.79778451 -0.26330739
v 0.09342641 0.80564201 -0.25544748
v 0.09824903 0.80374455 -0.25544748
v 0.09824903 0.80564201 -0.25373656
v 0.09257716 0.81350195 -0.25544748
v 0.09824903 0.81350195 -0.25418776
v 0.09824903 0.82136184 -0.25154600
v 0.09824903 0.82601082 -0.24758755
v 0.09120249 0.82922179 -0.24758755
v 0.09824903 0.82922179 -0.24364151
v 0.09477121 0.83708173 -0.23972763
v 0.09824903 0.83493334 -0.23972763
v 0.09824903 0.83708173 -0.23881488
v 0.09824903 0.84494162 -0.23343679
v 0.09824903 0.84658289 -0.23186770
v 0.09824903 0.84961504 -0.22400779
v 0.09654850 0.85280156 -0.21614785
v 0.09824903 0.85280156 -0.21706007
v 0.09824903 0.85439044 -0.21614785
v 0.09824903 0.86066151 -0.21459539
v 0.09824903 0.86792535 -0.20828794
v 0.09672960 0.86852139 -0.20828794
v 0.09824903 0.86852139 -0.20732164
v 0.09545783 0.87638134 -0.20042801
v 0.09824903 0.87408197 -0.20042801
v 0.09824903 0.87638134 -0.19755454
v 0.09387663 0.88424122 -0.19256809
v 0.09824903 0.88109022 -0.19256809
v 0.09824903 0.88424122 -0.18841223
v 0.09824903 0.88665211 -0.18470818
v 0.09824903 0.89210117 -0.17954656
v 0.09824903 0.89404684 -0.17684825
v 0.09824903 0.89843374 -0.16898833
v 0.09824903 0.89996111 -0.16522363
v 0.09824903 0.90200621 -0.16112840
v 0.09824903 0.90782100 -0.15388362
v 0.09824903 0.90820050 -0.15326849
v 0.09824903 0.91168630 -0.14540856
v 0.09523427 0.91568094 -0.13754864
v 0.09824903 0.91372591 -0.13754864
v 0.09824903 0.91568094 -0.13392811
v 0.09824903 0.91722685 -0.12968871
v 0.09184653 0.92354083 -0.12182879
v 0.09824903 0.92049384 -0.12182879
v 0.09824903 0.92354083 -0.11441604
v 0.09824903 0.92370623 -0.11396887
v 0.09824903 0.92483014 -0.10610895
v 0.09824903 0.92749250 -0.09824903
v 0.09824903 0.93118155 -0.09038910
v 0.10610895 0.67202336 -0.28842032
v 0.10610895 0.67988324 -0.28795049
v 0.10610895 0.68774319 -0.28706622
v 0.10610895 0.68876475 -0.28688717
v 0.10289606 0.69560313 -0.28688717
v 0.10610895 0.69560313 -0.28560376
v 0.09948901 0.70346302 -0.28688717
v 0.10610895 0.70346302 -0.28388608
v 0.10610895 0.71132296 -0.28093153
v 0.10610895 0.71918291 -0.27909938
v 0.10610895 0.72704279 -0.28148347
v 0.10610895 0.73490274 -0.28048927
v 0.10610895 0.74013901 -0.27902722
v 0.10353279 0.74276263 -0.27902722
v 0.10610895 0.74276263 -0.27823809
v 0.10610895 0.75062257 -0.27564716
v 0.10610895 0.75848252 -0.27272969
v 0.10610895 0.76616013 -0.27116731
v 0.10606290 0.76634240 -0.27116731
v 0.10610895 0.76634240 -0.27111748
v 0.10308244 0.77420235 -0.27116731
v 0.10610895 0.77420235 -0.26923046
v 0.10610895 0.78206223 -0.26517320
v 0.10610895 0.78992218 -0.26434529
v 0.10610895 0.79263866 -0.26330739
v 0.09825670 0.79778212 -0.26330739
v 0.10610895 0.79778212 -0.26112124
v 0.10610895 0.80564201 -0.25572398
v 0.10610895 0.80633235 -0.25544748
v 0.10610895 0.81350195 -0.25244716
v 0.10610895 0.82022381 -0.24758755
v 0.10477901 0.82136184 -0.24758755
v 0.10610895 0.82136184 -0.24658784
v 0.10610895 0.82922179 -0.24090369
v 0.10610895 0.83099645 -0.23972763
v 0.10610895 0.83708173 -0.23541160
v 0.10610895 0.84158409 -0.23186770
v 0.10127638 0.84494162 -0.23186770
v 0.10610895 0.84494162 -0.22717737
v 0.10610895 0.84722036 -0.22400779
v 0.10610895 0.85280156 -0.21811926
v 0.10610895 0.85519660 -0.21614785
v 0.10610895 0.86066151 -0.21178122
v 0.10610895 0.86354047 -0.20828794
v 0.10408209 0.86852139 -0.20042801
v 0.10610895 0.86734211 -0.20042801
v 0.10532087 0.86852139 -0.19256809
v 0.10610895 0.86795700 -0.19256809
v 0.10610895 0.86852139 -0.19133507
v 0.10080624 0.87638134 -0.19256809
v 0.10610895 0.87216318 -0.18470818
v 0.10215572 0.87638134 -0.18470818
v 0.10610895 0.87638134 -0.17871021
v 0.10003039 0.88424122 -0.18470818
v 0.10610895 0.88424122 -0.17791025
v 0.10185085 0.89210117 -0.17684825
v 0.10610895 0.88641238 -0.17684825
v 0.10610895 0.89210117 -0.17333169
v 0.10610895 0.89502311 -0.16898833
v 0.10509096 0.89996111 -0.16112840
v 0.10610895 0.89969254 -0.16112840
v 0.10610895 0.89996111 -0.16071092
v 0.09918486 0.90782100 -0.15326849
v 0.10610895 0.90465802 -0.15326849
v 0.10400365 0.90782100 -0.14540856
v 0.10610895 0.90615165 -0.14540856
v 0.10345484 0.90782100 -0.13754864
v 0.10610895 0.90402621 -0.13754864
v 0.10610895 0.90782100 -0.13468517
v 0.10201888 0.91568094 -0.12968871
v 0.10610895 0.91315776 -0.12968871
v 0.10610895 0.91568094 -0.12455415
v 0.10610895 0.91657633 -0.12182879
v 0.09854802 0.92354083 -0.11396887
v 0.10610895 0.91878694 -0.11396887
v 0.10190243 0.92354083 -0.10610895
v 0.10610895 0.92192394 -0.10610895
v 0.10610895 0.92354083 -0.10162094
v 0.10610895 0.92466956 -0.09824903
v 0.10610895 0.92721653 -0.09038910
v 0.10950065 0.67202336 -0.28688717
v 0.11396887 0.67202336 -0.28359991
v 0.10827529 0.67988324 -0.28688717
v 0.11396887 0.67988324 -0.28189975
v 0.10643445 0.68774319 -0.28688717
v 0.11396887 0.68774319 -0.28104901
v 0.11396887 0.69560313 -0.28156567
v 0.11396887 0.70346302 -0.28084141
v 0.11396887 0.71132296 -0.28073418
v 0.11396887 0.71918291 -0.28011432
v 0.11396887 0.72704279 -0.27927819
v 0.11396887 0.72809762 -0.27902722
v 0.10989883 0.73490274 -0.27902722
v 0.11396887 0.73490274 -0.27715677
v 0.11396887 0.74276263 -0.27415299
v 0.11396887 0.75062257 -0.27206299
v 0.11396887 0.75196463 -0.27116731
v 0.10795795 0.75848252 -0.27116731
v 0.11396887 0.75848252 -0.26439062
v 0.11308917 0.76634240 -0.26330739
v 0.11396887 0.76261252 -0.26330739
v 0.11396887 0.76634240 -0.26247123
v 0.11166424 0.77420235 -0.26330739
v 0.11396887 0.77420235 -0.26040545
v 0.10805678 0.78206223 -0.26330739
v 0.11396887 0.78206223 -0.25689891
v 0.10800581 0.78992218 -0.26330739
v 0.11396887 0.78992218 -0.25952908
v 0.11396887 0.79778212 -0.25750533
v 0.11396887 0.80182070 -0.25544748
v 0.10707225 0.80564201 -0.25544748
v 0.11396887 0.80564201 -0.25341246
v 0.11191286 0.81350195 -0.24758755
v 0.11396887 0.81173116 -0.24758755
v 0.11396887 0.81287819 -0.23972763
v 0.11396887 0.81350195 -0.23744063
v 0.11136620 0.82136184 -0.23972763
v 0.10838623 0.82922179 -0.23972763
v 0.11396887 0.82922179 -0.23537646
v 0.11102032 0.83708173 -0.23186770
v 0.11396887 0.83345890 -0.23186770
v 0.11396887 0.83708173 -0.22669746
v 0.10984558 0.84494162 -0.22400779
v 0.11396887 0.83990854 -0.22400779
v 0.11396887 0.84494162 -0.22134215
v 0.11218475 0.85280156 -0.21614785
v 0.11396887 0.85201001 -0.21614785
v 0.11396887 0.85280156 -0.21570069
v 0.11196131 0.86066151 -0.20828794
v 0.11396887 0.85976559 -0.20828794
v 0.11396887 0.86066151 -0.20722798
v 0.11396887 0.86652547 -0.20042801
v 0.11396887 0.86852139 -0.19687128
v 0.11396887 0.87098038 -0.19256809
v 0.11396887 0.87638134 -0.18475825
v 0.11396887 0.87642366 -0.18470818
v 0.11396887 0.88424122 -0.17772591
v 0.11396887 0.88506818 -0.17684825
v 0.11138036 0.89210117 -0.16898833
v 0.11396887 0.89074713 -0.16898833
v 0.11396887 0.89210117 -0.16592769
v 0.11396887 0.89461184 -0.16112840
v 0.11396887 0.89996111 -0.15379223
v 0.11396887 0.90028298 -0.15326849
v 0.11396887 0.90228057 -0.14540856
v 0.11396887 0.90366411 -0.13754864
v 0.11276834 0.90782100 -0.12182879
v 0.11396887 0.90124172 0.10610895
v 0.11396887 0.91000700 -0.12968871
v 0.10722013 0.91568094 -0.12182879
v 0.10952236 0.91568094 -0.11396887
v 0.11396887 0.91568094 -0.10856979
v 0.11396887 0.91750813 -0.10610895
v 0.10903075 0.92354083 -0.09824903
v 0.11396887 0.92146337 -0.09824903
v 0.11396887 0.92354083 -0.09213437
v 0.11396887 0.92408460 -0.09038910
v 0.11396887 0.93018514 -0.05894941
v 0.11396887 0.92993772 -0.05108950
v 0.11396887 0.93020755 -0.04322957
v 0.11780600 0.67202336 -0.27902722
v 0.12182879 0.67202336 -0.27568388
v 0.11653016 0.67988324 -0.27902722
v 0.12182879 0.67988324 -0.27527958
v 0.11865153 0.68774319 -0.27902722
v 0.12182879 0.68774319 -0.27789831
v 0.12182879 0.69560313 -0.27943668
v 0.12182879 0.69321847 -0.27902722
v 0.12182879 0.69954854 -0.27902722
v 0.12029185 0.70346302 -0.27902722
v 0.12182879 0.70346302 -0.27860382
v 0.11817840 0.71132296 -0.27902722
v 0.12182879 0.71132296 -0.27736112
v 0.11568499 0.71918291 -0.27902722
v 0.12182879 0.71918291 -0.27227598
v 0.11430960 0.72704279 -0.27902722
v 0.12182879 0.72243041 -0.27116731
v 0.12084270 0.72704279 -0.27116731
v 0.12182879 0.72704279 -0.26955920
v 0.12182879 0.73348838 -0.27116731
v 0.12182879 0.73490274 -0.27140352
v 0.12182879 0.73677754 -0.27116731
v 0.12034775 0.74276263 -0.27116731
v 0.12182879 0.74276263 -0.27050930
v 0.11625647 0.75062257 -0.27116731
v 0.12182879 0.75062257 -0.26920313
v 0.12182879 0.75848252 -0.26599064
v 0.11939380 0.76634240 -0.26330739
v 0.12182879 0.76634240 -0.26356208
v 0.12182879 0.76723832 -0.26330739
v 0.12182879 0.77420235 -0.26121804
v 0.12182879 0.78206223 -0.25715855
v 0.12182879 0.78575486 -0.25544748
v 0.11917180 0.78992218 -0.25544748
v 0.12182879 0.78992218 -0.25169536
v 0.11656974 0.79778212 -0.25544748
v 0.12182879 0.79778212 -0.25049567
v 0.12182879 0.80564201 -0.24928293
v 0.12182879 0.80784160 -0.24758755
v 0.12182879 0.81272095 -0.23972763
v 0.12182879 0.81350195 -0.23805660
v 0.12182879 0.82136184 -0.23355384
v 0.12182879 0.82538092 -0.23186770
v 0.11887137 0.82922179 -0.23186770
v 0.12182879 0.82922179 -0.22929969
v 0.11554731 0.83708173 -0.22400779
v 0.12182879 0.83246440 -0.22400779
v 0.11992342 0.83708173 -0.21614785
v 0.12182879 0.83553815 -0.21614785
v 0.12182879 0.83708173 -0.21432650
v 0.11849226 0.84494162 -0.21614785
v 0.12182879 0.84494162 -0.21337771
v 0.12182879 0.85280156 -0.21043965
v 0.12182879 0.85503328 -0.20828794
v 0.12182879 0.86066151 -0.20193084
v 0.12182879 0.86204284 -0.20042801
v 0.12182879 0.86852139 -0.19302894
v 0.12182879 0.86891800 -0.19256809
v 0.11532292 0.87638134 -0.18470818
v 0.12182879 0.87615836 -0.18470818
v 0.12182879 0.87638134 -0.18451916
v 0.11650126 0.88424122 -0.17684825
v 0.12182879 0.88266641 -0.17684825
v 0.12182879 0.88424122 -0.17089826
v 0.12009936 0.88424122 -0.16112840
v 0.12182879 0.88168693 -0.16112840
v 0.12182879 0.88424122 -0.15835808
v 0.12182879 0.88475287 -0.16898833
v 0.11618103 0.89210117 -0.16112840
v 0.12182879 0.89210117 -0.15520102
v 0.12134199 0.89210117 -0.13754864
v 0.12182879 0.89173740 0.10610895
v 0.12182879 0.89210117 0.10554515
v 0.11451756 0.89996111 -0.15326849
v 0.12182879 0.89438963 -0.15326849
v 0.11695040 0.89996111 -0.14540856
v 0.12182879 0.89623201 -0.14540856
v 0.11702884 0.89996111 -0.13754864
v 0.12182879 0.89996111 0.10099489
v 0.11632100 0.89996111 0.10610895
v 0.12182879 0.90595663 -0.12968871
v 0.12091167 0.90782100 -0.11396887
v 0.12182879 0.90739012 0.09038910
v 0.12182879 0.90177542 0.09824903
v 0.12182879 0.91515744 -0.10610895
v 0.12010092 0.91568094 -0.10610895
v 0.12182879 0.91568094 -0.10493948
v 0.12182879 0.91285193 0.05108950
v 0.12182879 0.91568094 0.04849523
v 0.12182879 0.91851914 -0.09824903
v 0.11540435 0.92354083 -0.09038910
v 0.12182879 0.92092246 -0.09038910
v 0.12002968 0.92354083 -0.04322957
v 0.12182879 0.92144793 -0.04322957
v 0.12182879 0.92354083 -0.04620853
v 0.12182879 0.92354083 -0.03881754
v 0.12182879 0.91936517 0.02750973
v 0.12182879 0.92354083 0.02106549
v 0.12182879 0.92169654 0.03536965
v 0.12182879 0.91964161 0.04322957
v 0.12182879 0.92642093 -0.05894941
v 0.12182879 0.92557216 -0.05108950
v 0.12182879 0.92489791 -0.03536965
v 0.12182879 0.92665553 -0.02750973
v 0.12297655 0.69560313 -0.27902722
v 0.12968871 0.69560313 -0.27591047
v 0.12968871 0.70346302 -0.27463421
v 0.12968871 0.71132296 -0.27398375
v 0.12968871 0.71778733 -0.27116731
v 0.12586777 0.71918291 -0.27116731
v 0.12968871 0.71918291 -0.27035484
v 0.12968871 0.72704279 -0.26725528
v 0.12250042 0.73490274 -0.27116731
v 0.12968871 0.73490274 -0.26898980
v 0.12968871 0.74276263 -0.26772580
v 0.12968871 0.75062257 -0.26549318
v 0.12968871 0.75805807 -0.26330739
v 0.12936682 0.75848252 -0.26330739
v 0.12968871 0.75848252 -0.26304227
v 0.12263162 0.76634240 -0.26330739
v 0.12968871 0.76634240 -0.26036566
v 0.12968871 0.77420235 -0.25898352
v 0.12968871 0.78206223 -0.25590423
v 0.12968871 0.78267485 -0.25544748
v 0.12713811 0.78992218 -0.24758755
v 0.12968871 0.78894329 -0.24758755
v 0.12968871 0.78992218 -0.24524868
v 0.12542415 0.79778212 -0.24758755
v 0.12968871 0.79778212 -0.24368164
v 0.12442378 0.80564201 -0.24758755
v 0.12968871 0.80564201 -0.24392624
v 0.12968871 0.81223619 -0.23972763
v 0.12968871 0.81350195 -0.23887250
v 0.12968871 0.82136184 -0.23328196
v 0.12968871 0.82332027 -0.23186770
v 0.12968871 0.82922179 -0.22653495
v 0.12968871 0.83142757 -0.22400779
v 0.12968871 0.83708173 -0.21656853
v 0.12968871 0.83747512 -0.21614785
v 0.12968871 0.84494162 -0.21118347
v 0.12968871 0.84925514 -0.20828794
v 0.12527746 0.85280156 -0.20828794
v 0.12968871 0.85280156 -0.20521736
v 0.12378958 0.86066151 -0.20042801
v 0.12968871 0.85694045 -0.20042801
v 0.12877280 0.86066151 -0.19256809
v 0.12968871 0.85976160 -0.19256809
v 0.12222973 0.86852139 -0.19256809
v 0.12654300 0.86852139 -0.18470818
v 0.12968871 0.86852139 -0.18105699
v 0.12968871 0.87638134 -0.17842932
v 0.12968871 0.87781113 -0.17684825
v 0.12327243 0.88424122 -0.16898833
v 0.12968871 0.88227385 -0.16898833
v 0.12968871 0.88173538 -0.16112840
v 0.12968871 0.88424122 -0.15871733
v 0.12968871 0.89074415 -0.15326849
v 0.12702152 0.89210117 -0.15326849
v 0.12968871 0.89210117 -0.15178041
v 0.12968871 0.89058077 0.10610895
v 0.12968871 0.89210117 0.10422625
v 0.12968871 0.89553434 -0.14540856
v 0.12968871 0.89681947 -0.13754864
v 0.12968871 0.89996111 -0.13242792
v 0.12837546 0.89996111 0.09824903
v 0.12968871 0.89941072 0.09824903
v 0.12968871 0.89996111 0.09765212
v 0.12968871 0.90176558 -0.12968871
v 0.12968871 0.90589118 -0.12182879
v 0.12968871 0.90782100 -0.11511075
v 0.12968871 0.90322888 0.09038910
v 0.12968871 0.90817124 -0.11396887
v 0.12968871 0.91033983 -0.10610895
v 0.12548003 0.91568094 -0.09824903
v 0.12968871 0.91029763 -0.09824903
v 0.12703808 0.91568094 -0.09038910
v 0.12968871 0.91502404 -0.08252918
v 0.12746000 0.91568094 0.01964981
v 0.12968871 0.91330916 0.01964981
v 0.12968871 0.91568094 0.02429984
v 0.12968871 0.91030508 0.05108950
v 0.12968871 0.91568094 0.04502749
v 0.12968871 0.90963775 0.05894941
v 0.12713198 0.92354083 -0.05894941
v 0.12968871 0.92195988 -0.05894941
v 0.12659600 0.92354083 -0.05108950
v 0.12968871 0.92198259 -0.05108950
v 0.12968871 0.92109025 -0.04322957
v 0.12560248 0.92354083 -0.03536965
v 0.12968871 0.92238253 -0.03536965
v 0.12968871 0.92354083 -0.03025295
v 0.12968871 0.92333913 -0.01964981
v 0.12968871 0.92354083 -0.02175037
v 0.12968871 0.91693521 0.02750973
v 0.12968871 0.91976440 0.03536965
v 0.12968871 0.91686445 0.04322957
v 0.12968871 0.92407924 -0.02750973
v 0.13558678 0.71132296 -0.27116731
v 0.13754864 0.71132296 -0.27001500
v 0.13754864 0.71918291 -0.26779965
v 0.13754864 0.72475690 -0.26330739
v 0.13511088 0.72704279 -0.26330739
v 0.13754864 0.73490274 -0.26404035
v 0.13754864 0.73239094 -0.26330739
v 0.13754864 0.74276263 -0.26358047
v 0.13754864 0.74328822 -0.26330739
v 0.13249347 0.75062257 -0.26330739
v 0.13662383 0.75062257 -0.25544748
v 0.13754864 0.75062257 -0.25423256
v 0.13347860 0.75848252 -0.25544748
v 0.13754864 0.75848252 -0.24859661
v 0.13367577 0.76634240 -0.25544748
v 0.13754864 0.76634240 -0.24828885
v 0.13498472 0.77420235 -0.25544748
v 0.13754864 0.77420235 -0.25343949
v 0.13057131 0.78206223 -0.25544748
v 0.13754864 0.78206223 -0.25166532
v 0.13754864 0.78617185 -0.24758755
v 0.13627999 0.78992218 -0.23972763
v 0.13754864 0.78950864 -0.23972763
v 0.13754864 0.78992218 -0.23924130
v 0.13395832 0.79778212 -0.23972763
v 0.13754864 0.79778212 -0.23759930
v 0.13493483 0.80564201 -0.23972763
v 0.13754864 0.80564201 -0.23782980
v 0.13754864 0.81350195 -0.23254095
v 0.13754864 0.81428933 -0.23186770
v 0.13134103 0.82136184 -0.23186770
v 0.13557921 0.82136184 -0.22400779
v 0.13754864 0.81754571 -0.22400779
v 0.13754864 0.82136184 -0.21998428
v 0.13213331 0.82922179 -0.22400779
v 0.13754864 0.82922179 -0.21924992
v 0.13111147 0.83708173 -0.21614785
v 0.13754864 0.83462727 -0.21614785
v 0.13754864 0.83708173 -0.21480365
v 0.13674437 0.84494162 -0.20828794
v 0.13754864 0.84451407 -0.20828794
v 0.13754864 0.84494162 -0.20759898
v 0.13555954 0.85280156 -0.20042801
v 0.13754864 0.85069472 -0.20042801
v 0.13754864 0.85280156 -0.19737716
v 0.13754864 0.85607213 -0.19256809
v 0.13754864 0.86066151 -0.18644126
v 0.13754864 0.86183888 -0.18470818
v 0.13754864 0.86852139 -0.17972197
v 0.13754864 0.87200391 -0.17684825
v 0.13188444 0.87638134 -0.17684825
v 0.13754864 0.87638134 -0.17079194
v 0.13754864 0.87739319 -0.16898833
v 0.13754864 0.87736285 -0.16112840
v 0.13754864 0.88424122 -0.15480506
v 0.13754864 0.88569313 -0.15326849
v 0.13691396 0.89210117 -0.14540856
v 0.13754864 0.89178479 -0.14540856
v 0.13754864 0.89210117 -0.14351949
v 0.13754864 0.88936490 0.10610895
v 0.13754864 0.89210117 0.10373128
v 0.13754864 0.89319378 -0.13754864
v 0.13246360 0.89996111 -0.12968871
v 0.13754864 0.89620143 -0.12968871
v 0.13754864 0.89996111 -0.12394124
v 0.13688745 0.89996111 -0.10610895
v 0.13754864 0.89890784 -0.10610895
v 0.13754864 0.89996111 -0.10452662
v 0.13754864 0.89730912 0.07466926
v 0.13754864 0.89996111 0.07178787
v 0.13468884 0.89996111 0.09038910
v 0.13754864 0.89812493 0.09038910
v 0.13754864 0.89564073 0.09824903
v 0.13754864 0.90101928 -0.12182879
v 0.13018140 0.90782100 -0.11396887
v 0.13754864 0.90178525 -0.11396887
v 0.13210729 0.90782100 -0.10610895
v 0.13754864 0.90368342 -0.09824903
v 0.13239621 0.90782100 -0.09824903
v 0.13666245 0.90782100 -0.05108950
v 0.13754864 0.90675682 -0.05108950
v 0.13754864 0.90782100 -0.05337763
v 0.13343662 0.90782100 0.05894941
v 0.13754864 0.90602452 0.05894941
v 0.13754864 0.90782100 0.05603961
v 0.13754864 0.90351409 0.06680934
v 0.13754864 0.91138160 -0.08252918
v 0.13754864 0.91451913 -0.07466926
v 0.13754864 0.91568094 -0.06739347
v 0.13615310 0.91568094 -0.05894941
v 0.13754864 0.91280413 -0.05894941
v 0.13754864 0.91568094 -0.06625549
v 0.13477267 0.91568094 -0.05108950
v 0.13754864 0.91568094 -0.04576525
v 0.13754864 0.91364604 0.01964981
v 0.13256411 0.91568094 0.02750973
v 0.13754864 0.91388613 0.02750973
v 0.13645005 0.91568094 0.03536965
v 0.13754864 0.91500247 0.03536965
v 0.13210441 0.91568094 0.04322957
v 0.13754864 0.91313130 0.04322957
v 0.13754864 0.90998054 0.05108950
v 0.13754864 0.91577965 -0.06680934
v 0.13754864 0.91737616 -0.04322957
v 0.13754864 0.91949862 -0.03536965
v 0.13099886 0.92354083 -0.02750973
v 0.13754864 0.92088288 -0.02750973
v 0.13754864 0.92087221 -0.01964981
v 0.13754864 0.91771066 -0.01178988
v 0.14540856 0.71132296 -0.26547763
v 0.14540856 0.71803081 -0.26330739
v 0.14461233 0.71918291 -0.26330739
v 0.14540856 0.71918291 -0.26277554
v 0.14540856 0.72651476 -0.25544748
v 0.13853353 0.73490274 -0.26330739
v 0.14540856 0.73490274 -0.25815490
v 0.13799743 0.74276263 -0.26330739
v 0.14540856 0.74276263 -0.25863746
v 0.14540856 0.74950862 -0.25544748
v 0.14540856 0.75062257 -0.25486922
v 0.14540856 0.75848252 -0.25161821
v 0.14540856 0.76634240 -0.24907273
v 0.14540856 0.77420235 -0.24917552
v 0.14540856 0.78175801 -0.24758755
v 0.14527868 0.78206223 -0.24758755
v 0.14540856 0.78206223 -0.24752314
v 0.14540856 0.78992218 -0.24294363
v 0.14540856 0.79484111 -0.23972763
v 0.14540856 0.79778212 -0.23783167
v 0.14540856 0.80564201 -0.23417072
v 0.14540856 0.80920273 -0.23186770
v 0.13879642 0.81350195 -0.23186770
v 0.14540856 0.81350195 -0.22740920
v 0.14540856 0.81599790 -0.22400779
v 0.14540856 0.82136184 -0.21807086
v 0.14540856 0.82896024 -0.21614785
v 0.14525709 0.82922179 -0.21614785
v 0.14540856 0.82922179 -0.21609396
v 0.14540856 0.83708173 -0.21043935
v 0.14540856 0.83935601 -0.20828794
v 0.14309098 0.84494162 -0.20042801
v 0.14540856 0.84325391 -0.20042801
v 0.14540856 0.84070271 -0.19256809
v 0.14540856 0.84494162 -0.18928421
v 0.14089057 0.85280156 -0.19256809
v 0.14540856 0.85280156 -0.18990324
v 0.14540856 0.86066151 -0.18519834
v 0.14540856 0.86114156 -0.18470818
v 0.14393291 0.86852139 -0.17684825
v 0.14540856 0.86786419 -0.17684825
v 0.14540856 0.86852139 -0.17384124
v 0.14369723 0.86852139 -0.16112840
v 0.14540856 0.86852139 -0.15850991
v 0.13893710 0.87638134 -0.16898833
v 0.14540856 0.86990589 -0.16898833
v 0.13853736 0.87638134 -0.16112840
v 0.14540856 0.87638134 -0.15514699
v 0.13986598 0.88424122 -0.15326849
v 0.14540856 0.87912369 -0.15326849
v 0.14540856 0.88424122 -0.14865707
v 0.14261173 0.88424122 0.10610895
v 0.14540856 0.88424122 0.10448878
v 0.14540856 0.88603878 -0.14540856
v 0.13941947 0.89210117 -0.13754864
v 0.14540856 0.88844347 -0.13754864
v 0.14481537 0.89210117 -0.12968871
v 0.14540856 0.89179975 -0.12968871
v 0.14540856 0.89210117 -0.12915190
v 0.14292979 0.89210117 0.09824903
v 0.14540856 0.89044672 0.09824903
v 0.14540856 0.89210117 0.09442653
v 0.13940088 0.89996111 -0.12182879
v 0.14540856 0.89606780 -0.12182879
v 0.14129211 0.89996111 -0.11396887
v 0.14540856 0.89823514 -0.11396887
v 0.14540856 0.89836681 -0.10610895
v 0.14540856 0.89996111 -0.10378351
v 0.14540856 0.89848244 0.07466926
v 0.14540856 0.89996111 0.07140625
v 0.14540856 0.89514887 0.08252918
v 0.14540856 0.89357442 0.09038910
v 0.14540856 0.90386504 -0.09824903
v 0.14540856 0.90713751 -0.09038910
v 0.14540856 0.90782100 -0.08727864
v 0.14417852 0.90782100 -0.05108950
v 0.14461197 0.90782100 -0.01178988
v 0.14540856 0.90742981 -0.01178988
v 0.14540856 0.90782100 -0.01235831
v 0.14181082 0.90782100 0.05108950
v 0.14540856 0.90523696 0.05108950
v 0.14540856 0.90782100 0.04455783
v 0.14540856 0.90340149 0.05894941
v 0.14540856 0.90180218 0.06680934
v 0.14540856 0.90891314 -0.08252918
v 0.14540856 0.90988207 -0.07466926
v 0.13772914 0.91568094 -0.06680934
v 0.14540856 0.91137427 -0.06680934
v 0.14540856 0.91078728 -0.05894941
v 0.14540856 0.90805846 -0.05108950
v 0.14540856 0.91203821 -0.04322957
v 0.14014219 0.91568094 -0.04322957
v 0.14448220 0.91568094 -0.03536965
v 0.14540856 0.91515541 -0.03536965
v 0.14540856 0.91568094 -0.03228420
v 0.14451854 0.91568094 -0.01964981
v 0.14540856 0.91466594 -0.01964981
v 0.14540856 0.91568094 -0.02298550
v 0.13922422 0.91568094 -0.01178988
v 0.14540856 0.90894431 -0.00392996
v 0.14540856 0.91159624 0.00392996
v 0.14540856 0.91319400 0.01178988
v 0.14540856 0.91275507 0.01964981
v 0.14540856 0.91146159 0.02750973
v 0.14540856 0.91015512 0.03536965
v 0.14540856 0.90817350 0.04322957
v 0.14540856 0.91648197 -0.02750973
v 0.14987774 0.71132296 -0.26330739
v 0.15326849 0.71132296 -0.26141343
v 0.15326849 0.71918291 -0.25998446
v 0.15326849 0.72704279 -0.25753507
v 0.15326849 0.73490274 -0.25618267
v 0.15326849 0.73860568 -0.25544748
v 0.15154588 0.74276263 -0.25544748
v 0.15326849 0.74276263 -0.25464979
v 0.15326849 0.75062257 -0.25257537
v 0.15326849 0.75848252 -0.25072619
v 0.15326849 0.76556516 -0.24758755
v 0.15161078 0.76634240 -0.24758755
v 0.15326849 0.76634240 -0.24649754
v 0.14852934 0.77420235 -0.24758755
v 0.15326849 0.77420235 -0.24383143
v 0.15326849 0.78206223 -0.24240027
v 0.15326849 0.78813672 -0.23972763
v 0.15158594 0.78992218 -0.23972763
v 0.15326849 0.78992218 -0.23790303
v 0.15326849 0.79382074 -0.23186770
v 0.15326849 0.79472190 -0.22400779
v 0.15326849 0.79778212 -0.22239834
v 0.14897236 0.80564201 -0.23186770
v 0.15326849 0.80564201 -0.22806817
v 0.15326849 0.81350195 -0.22441460
v 0.15326849 0.81390899 -0.22400779
v 0.14788206 0.82136184 -0.21614785
v 0.15326849 0.81708431 -0.21614785
v 0.15326849 0.82136184 -0.20918287
v 0.15326849 0.82922179 -0.20963898
v 0.15326849 0.83112222 -0.20828794
v 0.14824845 0.83708173 -0.20828794
v 0.15326849 0.83708173 -0.20105629
v 0.15326849 0.83740723 -0.20042801
v 0.15326849 0.84039748 -0.19256809
v 0.15326849 0.84494162 -0.18962781
v 0.15326849 0.85280156 -0.18603337
v 0.15326849 0.85435599 -0.18470818
v 0.14601015 0.86066151 -0.18470818
v 0.15326849 0.86066151 -0.17776459
v 0.15326849 0.86138010 -0.17684825
v 0.14676380 0.86852139 -0.16898833
v 0.15326849 0.86381286 -0.16898833
v 0.15326849 0.86458582 -0.16112840
v 0.15326849 0.86852139 -0.15867086
v 0.15326849 0.87638134 -0.15384325
v 0.15326849 0.87601578 0.11396887
v 0.15326849 0.87638134 0.11362550
v 0.15326849 0.87290496 0.12182879
v 0.15326849 0.86904120 0.12968871
v 0.15326849 0.87690711 -0.15326849
v 0.14832713 0.88424122 -0.14540856
v 0.15326849 0.88146597 -0.14540856
v 0.15326849 0.88424122 -0.13766995
v 0.15280278 0.88424122 -0.12182879
v 0.15326849 0.88272315 -0.12182879
v 0.15326849 0.88424122 -0.12776457
v 0.15326849 0.88424122 -0.12130702
v 0.15326849 0.88219565 0.10610895
v 0.15326849 0.88424122 0.10277805
v 0.15326849 0.88428789 -0.13754864
v 0.15326849 0.88447547 -0.12968871
v 0.15030110 0.89210117 -0.12182879
v 0.15326849 0.89210117 -0.11751061
v 0.15261893 0.89210117 0.05108950
v 0.15326849 0.89138502 0.05108950
v 0.15326849 0.89210117 0.05053433
v 0.15039729 0.89210117 0.08252918
v 0.15326849 0.88811314 0.08252918
v 0.15326849 0.89210117 0.07774038
v 0.14809914 0.89210117 0.09038910
v 0.15326849 0.88907212 0.09038910
v 0.15326849 0.88641828 0.09824903
v 0.15326849 0.89401227 -0.11396887
v 0.15326849 0.89698774 -0.10610895
v 0.15326849 0.89996111 -0.09828789
v 0.14955296 0.89996111 0.05108950
v 0.15326849 0.89996111 0.04718652
v 0.14962564 0.89996111 0.05894941
v 0.14924306 0.89996111 0.06680934
v 0.15326849 0.89783573 0.06680934
v 0.15326849 0.89348197 0.07466926
v 0.15326849 0.89997607 -0.09824903
v 0.15326849 0.90242714 -0.09038910
v 0.14731166 0.90782100 -0.08252918
v 0.15326849 0.90215045 -0.08252918
v 0.14909841 0.90782100 -0.07466926
v 0.15326849 0.90393400 -0.07466926
v 0.15162577 0.90782100 -0.06680934
v 0.15326849 0.90684271 -0.06680934
v 0.15298820 0.90782100 -0.05894941
v 0.15326849 0.90771991 -0.05894941
v 0.14830722 0.90782100 -0.05108950
v 0.15326849 0.90753579 -0.05108950
v 0.15326849 0.90782100 -0.04775254
v 0.15292032 0.90782100 0.01964981
v 0.15326849 0.90782100 0.01875055
v 0.15045881 0.90782100 0.02750973
v 0.14955823 0.90782100 0.03536965
v 0.15326849 0.90540844 0.03536965
v 0.14603353 0.90782100 0.04322957
v 0.15326849 0.90342581 0.04322957
v 0.15326849 0.90824783 -0.04322957
v 0.15326849 0.90931416 -0.03536965
v 0.14662383 0.91568094 -0.02750973
v 0.15326849 0.91062385 -0.02750973
v 0.15326849 0.90944272 -0.01964981
v 0.15326849 0.90902972 -0.01178988
v 0.15326849 0.90900606 -0.00392996
v 0.15326849 0.90890771 0.00392996
v 0.15326849 0.90953392 0.01178988
v 0.15983421 0.71918291 -0.25544748
v 0.16112840 0.71918291 -0.25437748
v 0.15731022 0.72704279 -0.25544748
v 0.16112840 0.72704279 -0.25220543
v 0.15440820 0.73490274 -0.25544748
v 0.16112840 0.73384589 -0.24758755
v 0.16069940 0.73490274 -0.24758755
v 0.16112840 0.73760086 -0.24758755
v 0.16112840 0.74276263 -0.24854653
v 0.16112840 0.75062257 -0.24808797
v 0.16112840 0.75281423 -0.24758755
v 0.15884560 0.75848252 -0.24758755
v 0.16112840 0.75848252 -0.24529941
v 0.15611149 0.76634240 -0.23972763
v 0.16112840 0.76204413 -0.23972763
v 0.16090424 0.76634240 -0.23186770
v 0.16112840 0.76613015 -0.23186770
v 0.16112840 0.76634240 -0.23174645
v 0.15653414 0.77420235 -0.23972763
v 0.16112840 0.77420235 -0.23499826
v 0.16112840 0.76671803 -0.23186770
v 0.15723814 0.78206223 -0.23972763
v 0.16112840 0.78206223 -0.23695862
v 0.16000859 0.78992218 -0.23186770
v 0.16112840 0.78927553 -0.23186770
v 0.16112840 0.78992218 -0.23099279
v 0.16112840 0.79550868 -0.22400779
v 0.16112840 0.79778212 -0.22245027
v 0.15810513 0.80564201 -0.22400779
v 0.16112840 0.80564201 -0.22191705
v 0.15371715 0.81350195 -0.22400779
v 0.16112840 0.81227094 -0.21614785
v 0.15907851 0.81350195 -0.21614785
v 0.16112840 0.81350195 -0.21393737
v 0.15431993 0.82136184 -0.20828794
v 0.16112840 0.81724191 -0.20828794
v 0.15477183 0.82922179 -0.20828794
v 0.16112840 0.82922179 -0.20312375
v 0.15377627 0.83708173 -0.20042801
v 0.16112840 0.83204192 -0.20042801
v 0.16112840 0.83708173 -0.19399260
v 0.16112840 0.83828020 -0.19256809
v 0.16112840 0.84494162 -0.18551892
v 0.16112840 0.84595329 -0.18470818
v 0.15513368 0.85280156 -0.18470818
v 0.16112840 0.85280156 -0.17953199
v 0.15428503 0.86066151 -0.17684825
v 0.16112840 0.85528654 -0.17684825
v 0.16112840 0.86066151 -0.16930519
v 0.16112840 0.86084759 -0.16898833
v 0.16112840 0.86526680 -0.16112840
v 0.16112840 0.86852139 -0.15701957
v 0.15797716 0.86852139 0.11396887
v 0.15898341 0.86852139 0.12182879
v 0.16112840 0.86671895 0.12182879
v 0.15401998 0.86852139 0.12968871
v 0.16112840 0.86182749 0.12968871
v 0.16112840 0.87151086 -0.15326849
v 0.15405716 0.87638134 -0.15326849
v 0.16042092 0.87638134 -0.14540856
v 0.16112840 0.87582999 -0.14540856
v 0.16112840 0.87638134 -0.14410393
v 0.16043831 0.87638134 0.10610895
v 0.16112840 0.87638134 0.10526282
v 0.15334116 0.88424122 -0.13754864
v 0.16112840 0.87914383 -0.13754864
v 0.15353605 0.88424122 -0.12968871
v 0.16112840 0.87908691 -0.12968871
v 0.16112840 0.87721497 -0.12182879
v 0.16112840 0.88424122 -0.11775240
v 0.16100620 0.88424122 0.07466926
v 0.16112840 0.88414711 0.07466926
v 0.15579079 0.88424122 0.08252918
v 0.16112840 0.87893796 0.08252918
v 0.15918598 0.88424122 0.09038910
v 0.16112840 0.88249284 0.09038910
v 0.15649936 0.88424122 0.09824903
v 0.16112840 0.88060910 0.09824903
v 0.16112840 0.88849121 -0.11396887
v 0.15637103 0.89210117 -0.11396887
v 0.15967421 0.89210117 -0.10610895
v 0.16112840 0.89072448 -0.10610895
v 0.15987162 0.89210117 -0.09824903
v 0.16112840 0.88852930 -0.09824903
v 0.16112840 0.89210117 -0.09493684
v 0.15910849 0.89210117 -0.07466926
v 0.16112840 0.89210117 -0.07960912
v 0.16112840 0.88593495 0.05108950
v 0.16112840 0.89210117 0.04801321
v 0.16112840 0.88952523 0.05894941
v 0.16106723 0.89210117 0.06680934
v 0.16112840 0.89204466 0.06680934
v 0.15507156 0.89210117 0.07466926
v 0.15328647 0.89996111 -0.09824903
v 0.16112840 0.89452249 -0.09038910
v 0.15610249 0.89996111 -0.09038910
v 0.15504877 0.89996111 -0.08252918
v 0.16112840 0.89276403 -0.08252918
v 0.15611857 0.89996111 -0.07466926
v 0.16112840 0.89941335 -0.06680934
v 0.16075049 0.89996111 -0.06680934
v 0.16112840 0.89996111 -0.06546099
v 0.16112840 0.89872146 0.03536965
v 0.15969305 0.89996111 0.03536965
v 0.15917398 0.89996111 0.04322957
v 0.16112840 0.89845484 0.04322957
v 0.16112840 0.90171820 -0.05894941
v 0.16112840 0.90223384 -0.05108950
v 0.15385783 0.90782100 -0.04322957
v 0.16112840 0.90101892 -0.04322957
v 0.15537223 0.90782100 -0.03536965
v 0.16112840 0.90159804 -0.03536965
v 0.15724102 0.90782100 -0.02750973
v 0.16112840 0.90509999 -0.02750973
v 0.15569904 0.90782100 -0.01964981
v 0.16112840 0.90508044 -0.01964981
v 0.15610106 0.90782100 -0.01178988
v 0.16112840 0.90580839 -0.01178988
v 0.15562673 0.90782100 -0.00392996
v 0.15554948 0.90782100 0.00392996
v 0.15688074 0.90782100 0.01178988
v 0.16898833 0.71918291 -0.24911951
v 0.16898833 0.72323084 -0.24758755
v 0.16631310 0.72704279 -0.24758755
v 0.16898833 0.72704279 -0.24430211
v 0.16898833 0.73106980 -0.23972763
v 0.16246782 0.74276263 -0.24758755
v 0.16898833 0.74276263 -0.24242990
v 0.16898833 0.73863047 -0.23972763
v 0.16195954 0.75062257 -0.24758755
v 0.16898833 0.75062257 -0.24304047
v 0.16898833 0.75848252 -0.24025695
v 0.16898833 0.75933099 -0.23972763
v 0.16898833 0.76634240 -0.23533814
v 0.16898833 0.77420235 -0.23403963
v 0.16898833 0.77915257 -0.23186770
v 0.16732186 0.78206223 -0.23186770
v 0.16898833 0.78206223 -0.22942041
v 0.16898833 0.78992218 -0.22547162
v 0.16898833 0.79287851 -0.22400779
v 0.16898833 0.79778212 -0.22168539
v 0.16898833 0.80564201 -0.21725059
v 0.16898833 0.80709201 -0.21614785
v 0.16898833 0.81350195 -0.21042544
v 0.16898833 0.81574696 -0.20828794
v 0.16898833 0.82136184 -0.20319378
v 0.16898833 0.82443553 -0.20042801
v 0.16429403 0.82922179 -0.20042801
v 0.16898833 0.82922179 -0.19514035
v 0.16264051 0.83708173 -0.19256809
v 0.16898833 0.83160210 -0.19256809
v 0.16898833 0.83708173 -0.18590300
v 0.16187379 0.84494162 -0.18470818
v 0.16898833 0.83794463 -0.18470818
v 0.16563717 0.84494162 -0.17684825
v 0.16898833 0.84014672 -0.17684825
v 0.16898833 0.84494162 -0.17364340
v 0.16344754 0.85280156 -0.17684825
v 0.16898833 0.85280156 -0.17034411
v 0.16139142 0.86066151 -0.16898833
v 0.16898833 0.85405523 -0.16898833
v 0.16764808 0.86066151 -0.16112840
v 0.16898833 0.85960245 -0.16112840
v 0.16898833 0.86066151 -0.15978941
v 0.16278575 0.86066151 0.12968871
v 0.16898833 0.85640579 0.12968871
v 0.16898833 0.86066151 0.12200654
v 0.16492632 0.86852139 -0.15326849
v 0.16898833 0.86531442 -0.15326849
v 0.16898833 0.86852139 -0.14788805
v 0.16898833 0.86073130 0.12182879
v 0.16898833 0.86984295 -0.14540856
v 0.16516906 0.87638134 -0.13754864
v 0.16898833 0.87360102 -0.13754864
v 0.16801544 0.87638134 -0.12968871
v 0.16898833 0.87605655 -0.12968871
v 0.16898833 0.87638134 -0.12248579
v 0.16795006 0.87638134 0.08252918
v 0.16898833 0.87435013 0.08252918
v 0.16898833 0.87638134 0.08208471
v 0.16818981 0.87638134 0.09038910
v 0.16898833 0.87542379 0.09038910
v 0.16631323 0.87638134 0.09824903
v 0.16898833 0.87423956 0.09824903
v 0.16898833 0.87642020 -0.12182879
v 0.16789597 0.88424122 -0.11396887
v 0.16898833 0.88348675 -0.11396887
v 0.16898833 0.88424122 -0.11212412
v 0.16898833 0.88183045 0.07466926
v 0.16898833 0.88424122 0.06940025
v 0.16898833 0.88595974 -0.10610895
v 0.16898833 0.88489801 -0.09824903
v 0.16550188 0.89210117 -0.09038910
v 0.16898833 0.88993996 -0.09038910
v 0.16898833 0.89210117 -0.08640332
v 0.16419293 0.89210117 -0.03536965
v 0.16898833 0.88803905 -0.03536965
v 0.16898833 0.89210117 -0.04238590
v 0.16898833 0.88754588 0.05108950
v 0.16898833 0.89210117 0.04564586
v 0.16898833 0.88603175 0.05894941
v 0.16898833 0.88537198 0.06680934
v 0.16898833 0.89339465 -0.08252918
v 0.16898833 0.89337319 -0.07466926
v 0.16898833 0.89252251 -0.06680934
v 0.16365322 0.89996111 -0.05894941
v 0.16898833 0.89478648 -0.05894941
v 0.16517074 0.89996111 -0.05108950
v 0.16898833 0.89772302 -0.05108950
v 0.16225122 0.89996111 -0.04322957
v 0.16898833 0.89259589 -0.04322957
v 0.16244827 0.89996111 -0.03536965
v 0.16898833 0.89939284 -0.02750973
v 0.16839418 0.89996111 -0.02750973
v 0.16898833 0.89996111 -0.02479061
v 0.16898833 0.89830863 0.01178988
v 0.16898833 0.89654267 0.01964981
v 0.16898833 0.89429271 0.02750973
v 0.16898833 0.89503783 0.03536965
v 0.16898833 0.89358056 0.04322957
v 0.16898833 0.90064341 -0.01964981
v 0.16898833 0.90090030 -0.01178988
v 0.17684825 0.70346302 -0.24555643
v 0.17684825 0.71132296 -0.24574178
v 0.17184933 0.71918291 -0.24758755
v 0.17684825 0.71918291 -0.24473147
v 0.17684825 0.72704279 -0.24069309
v 0.17684825 0.72893393 -0.23972763
v 0.17684825 0.73490274 -0.23459671
v 0.17523491 0.74276263 -0.23972763
v 0.17684825 0.74276263 -0.23902926
v 0.17419006 0.75062257 -0.23972763
v 0.17684825 0.75062257 -0.23777920
v 0.16973610 0.75848252 -0.23972763
v 0.17684825 0.75848252 -0.23439661
v 0.17658392 0.76634240 -0.23186770
v 0.17684825 0.76596534 -0.23186770
v 0.17684825 0.76634240 -0.23174693
v 0.17270565 0.77420235 -0.23186770
v 0.17684825 0.77420235 -0.22875844
v 0.17328216 0.78206223 -0.22400779
v 0.17684825 0.77901238 -0.22400779
v 0.17684825 0.78206223 -0.22052056
v 0.17030244 0.78992218 -0.22400779
v 0.17684825 0.78910553 -0.21614785
v 0.17640881 0.78992218 -0.21614785
v 0.17684825 0.78992218 -0.21567616
v 0.17395163 0.79778212 -0.21614785
v 0.17684825 0.79778212 -0.21277218
v 0.17021739 0.80564201 -0.21614785
v 0.17684825 0.80514634 -0.20828794
v 0.17660934 0.80564201 -0.20828794
v 0.17671873 0.80564201 -0.20042801
v 0.17095439 0.81350195 -0.20828794
v 0.17397393 0.81350195 -0.20042801
v 0.17684825 0.81350195 -0.19361691
v 0.17145978 0.82136184 -0.20042801
v 0.17684825 0.82136184 -0.19361636
v 0.17127700 0.82922179 -0.19256809
v 0.17684825 0.82257187 -0.19256809
v 0.17684825 0.82922179 -0.18679686
v 0.17019233 0.83708173 -0.18470818
v 0.17684825 0.83141166 -0.18470818
v 0.17684825 0.83708173 -0.17757504
v 0.17684825 0.83759469 -0.17684825
v 0.17508703 0.84494162 -0.16898833
v 0.17684825 0.84154177 -0.16898833
v 0.17684825 0.84494162 -0.16676903
v 0.17684825 0.84494162 0.12887701
v 0.17012422 0.85280156 -0.16898833
v 0.17684825 0.85004777 -0.16112840
v 0.17518239 0.85280156 -0.16112840
v 0.17684825 0.85280156 -0.15918897
v 0.17238183 0.85280156 0.12968871
v 0.17684825 0.85280156 0.12382340
v 0.17460923 0.86066151 -0.15326849
v 0.17684825 0.85854757 -0.15326849
v 0.17684825 0.86066151 -0.14763595
v 0.17684825 0.85622156 -0.13754864
v 0.17684825 0.86066151 -0.13381687
v 0.17684825 0.85778463 0.11396887
v 0.17684825 0.86066151 0.10911135
v 0.16909075 0.86066151 0.12182879
v 0.17684825 0.85419899 0.12182879
v 0.17055693 0.86852139 -0.14540856
v 0.17684825 0.86152643 -0.14540856
v 0.17373443 0.86852139 -0.13754864
v 0.17684825 0.86852139 -0.13212702
v 0.17019017 0.86852139 0.08252918
v 0.17684825 0.86159885 0.08252918
v 0.17447573 0.86852139 0.09038910
v 0.17684825 0.86615056 0.09038910
v 0.17595463 0.86852139 0.09824903
v 0.17684825 0.86778140 0.09824903
v 0.17684825 0.86257130 0.10610895
v 0.17684825 0.87025034 -0.12968871
v 0.16906844 0.87638134 -0.12182879
v 0.17684825 0.87331569 -0.12182879
v 0.17684825 0.87638134 -0.11520874
v 0.17684825 0.87638134 0.07483561
v 0.17684825 0.87703794 -0.11396887
v 0.17209123 0.88424122 -0.10610895
v 0.17684825 0.88154525 -0.10610895
v 0.17031299 0.88424122 -0.09824903
v 0.17684825 0.88001567 -0.09824903
v 0.17406197 0.88424122 -0.09038910
v 0.17684825 0.88424122 -0.08709899
v 0.17312337 0.88424122 0.05894941
v 0.17684825 0.88266546 0.05894941
v 0.17684825 0.88424122 0.05190156
v 0.17075770 0.88424122 0.06680934
v 0.17684825 0.88071787 0.06680934
v 0.17684825 0.87652475 0.07466926
v 0.17098497 0.89210117 -0.08252918
v 0.17684825 0.88749009 -0.08252918
v 0.17116618 0.89210117 -0.07466926
v 0.17684825 0.88875288 -0.07466926
v 0.16937511 0.89210117 -0.06680934
v 0.17684825 0.88450211 -0.06680934
v 0.17126465 0.89210117 -0.05894941
v 0.17684825 0.88464987 -0.05894941
v 0.17684825 0.89210117 -0.05158871
v 0.17684825 0.89072013 -0.03536965
v 0.17684825 0.89210117 -0.04319035
v 0.17427413 0.89210117 0.02750973
v 0.17684825 0.89034849 0.02750973
v 0.17684825 0.89210117 0.02240454
v 0.17353174 0.89210117 0.03536965
v 0.17684825 0.88913220 0.03536965
v 0.17134152 0.89210117 0.04322957
v 0.17684825 0.88811618 0.04322957
v 0.17684825 0.88444239 0.05108950
v 0.17684825 0.89241993 -0.05108950
v 0.17684825 0.89210695 -0.04322957
v 0.17684825 0.89425349 -0.02750973
v 0.16987894 0.89996111 -0.01964981
v 0.17684825 0.89294451 -0.01964981
v 0.17022376 0.89996111 -0.01178988
v 0.17684825 0.89346051 -0.01178988
v 0.17684825 0.89420170 -0.00392996
v 0.17684825 0.89281654 0.00392996
v 0.17684825 0.89321917 0.01178988
v 0.17684825 0.89273787 0.01964981
v 0.18470818 0.71132296 -0.24063456
v 0.18470818 0.71581346 -0.23972763
v 0.18381311 0.71918291 -0.23972763
v 0.18470818 0.71918291 -0.23894404
v 0.17784537 0.72704279 -0.23972763
v 0.18470818 0.72679180 -0.23186770
v 0.18430580 0.72704279 -0.23186770
v 0.18470818 0.72704279 -0.23161207
v 0.17921297 0.73490274 -0.23186770
v 0.18470818 0.73490274 -0.22851132
v 0.18425842 0.74276263 -0.23186770
v 0.18470818 0.74276263 -0.23142551
v 0.18304002 0.75062257 -0.23186770
v 0.18470818 0.75062257 -0.22934210
v 0.17932151 0.75848252 -0.23186770
v 0.18470818 0.75540119 -0.22400779
v 0.18290846 0.75848252 -0.22400779
v 0.18436757 0.75848252 -0.21614785
v 0.18470818 0.75794804 -0.21614785
v 0.18470818 0.75848252 -0.21573049
v 0.18304195 0.76634240 -0.22400779
v 0.18470818 0.76634240 -0.21943678
v 0.18470818 0.76006186 -0.21614785
v 0.18161318 0.77420235 -0.22400779
v 0.18470818 0.77420235 -0.22049476
v 0.18470818 0.78206223 -0.21657416
v 0.18470818 0.78280526 -0.21614785
v 0.18470818 0.78992218 -0.21175855
v 0.18470818 0.79465932 -0.20828794
v 0.18192117 0.79778212 -0.20828794
v 0.18470818 0.79778212 -0.20455317
v 0.18470818 0.80040312 -0.20042801
v 0.17919318 0.80564201 -0.19256809
v 0.17780100 0.81350195 -0.19256809
v 0.18470818 0.81350195 -0.18785688
v 0.17776921 0.82136184 -0.19256809
v 0.18470818 0.82136184 -0.18502755
v 0.17870817 0.82922179 -0.18470818
v 0.18470818 0.82173425 -0.18470818
v 0.18470818 0.82922179 -0.17713633
v 0.17734717 0.83708173 -0.17684825
v 0.18470818 0.82946199 -0.17684825
v 0.17871225 0.83708173 -0.16898833
v 0.18470818 0.83210117 -0.16898833
v 0.18366979 0.83708173 -0.16112840
v 0.18470818 0.83643961 -0.16112840
v 0.18470818 0.83708173 -0.16078569
v 0.18470818 0.83653039 0.12968871
v 0.18470818 0.83708173 0.12924412
v 0.18076286 0.84494162 -0.16112840
v 0.18470818 0.84494162 -0.15814868
v 0.18470818 0.84494162 0.12349838
v 0.18236624 0.85280156 -0.15326849
v 0.18470818 0.85046405 -0.15326849
v 0.18470818 0.85280156 -0.14808469
v 0.18304422 0.85280156 0.11396887
v 0.18470818 0.85143203 0.11396887
v 0.18470818 0.85280156 0.11117779
v 0.17832354 0.85280156 0.12182879
v 0.18470818 0.84639400 0.12182879
v 0.17755166 0.86066151 -0.14540856
v 0.18470818 0.85381502 -0.14540856
v 0.18470818 0.85332519 -0.13754864
v 0.18470818 0.86066151 -0.13107897
v 0.18361138 0.86066151 0.09824903
v 0.18470818 0.86066151 0.09384689
v 0.17918430 0.86066151 0.10610895
v 0.18470818 0.85568053 0.10610895
v 0.18470818 0.86276883 -0.12968871
v 0.17908847 0.86852139 -0.12968871
v 0.18337584 0.86852139 -0.12182879
v 0.18470818 0.86744827 -0.12182879
v 0.18459724 0.86852139 -0.11396887
v 0.18470818 0.86838609 -0.11396887
v 0.18470818 0.86852139 -0.11387443
v 0.18470818 0.86488229 0.08252918
v 0.18470818 0.86852139 0.07697677
v 0.18470818 0.86167002 0.09038910
v 0.17754123 0.87638134 -0.11396887
v 0.18470818 0.87537318 -0.10610895
v 0.18355142 0.87638134 -0.10610895
v 0.18470818 0.87638134 -0.10119200
v 0.18470818 0.87617636 -0.09038910
v 0.18470818 0.87638134 -0.09238629
v 0.18470818 0.87638134 -0.09007818
v 0.18470818 0.87502486 0.02750973
v 0.18470818 0.87531382 0.03536965
v 0.18312122 0.87638134 0.05108950
v 0.18470818 0.87515968 0.05108950
v 0.18470818 0.87638134 0.04841691
v 0.18352407 0.87638134 0.05894941
v 0.18470818 0.87486911 0.05894941
v 0.18246926 0.87638134 0.06680934
v 0.18470818 0.87430239 0.06680934
v 0.17704242 0.87638134 0.07466926
v 0.18470818 0.87035376 0.07466926
v 0.18470818 0.87691492 -0.09824903
v 0.18470818 0.88124853 -0.08252918
v 0.18096483 0.88424122 -0.08252918
v 0.18284693 0.88424122 -0.07466926
v 0.18470818 0.88241732 -0.07466926
v 0.17740677 0.88424122 -0.06680934
v 0.18470818 0.87816703 -0.06680934
v 0.18470818 0.88415104 -0.05894941
v 0.18470818 0.88424122 -0.05878217
v 0.18160850 0.88424122 0.02750973
v 0.18470818 0.88424122 0.02306777
v 0.18080832 0.88424122 0.03536965
v 0.18470818 0.87964755 0.04322957
v 0.18112002 0.88424122 0.04322957
v 0.17705573 0.88424122 0.05108950
v 0.17731094 0.89210117 -0.05108950
v 0.18470818 0.88724977 -0.05108950
v 0.17685725 0.89210117 -0.04322957
v 0.18470818 0.88629210 -0.04322957
v 0.18470818 0.88449574 -0.03536965
v 0.17982595 0.89210117 -0.02750973
v 0.18470818 0.88854098 -0.02750973
v 0.17791025 0.89210117 -0.01964981
v 0.18470818 0.88788891 -0.01964981
v 0.17829165 0.89210117 -0.01178988
v 0.18470818 0.88734186 -0.01178988
v 0.17943747 0.89210117 -0.00392996
v 0.18470818 0.88756329 -0.00392996
v 0.17776489 0.89210117 0.00392996
v 0.18470818 0.88438708 0.00392996
v 0.17835137 0.89210117 0.01178988
v 0.18470818 0.88689452 0.01178988
v 0.17776178 0.89210117 0.01964981
v 0.18470818 0.88658738 0.01964981
v 0.19256809 0.70346302 -0.23068433
v 0.18581228 0.71132296 -0.23972763
v 0.19256809 0.71132296 -0.23367450
v 0.19209963 0.71918291 -0.23186770
v 0.19256809 0.71768659 -0.23186770
v 0.19256809 0.71918291 -0.23133767
v 0.19256809 0.72704279 -0.22801331
v 0.19256809 0.73490274 -0.22539289
v 0.19256809 0.74166560 -0.22400779
v 0.19229633 0.74276263 -0.22400779
v 0.19256809 0.74276263 -0.22372144
v 0.18852527 0.75062257 -0.22400779
v 0.19256809 0.75062257 -0.21912220
v 0.19256809 0.75355268 -0.21614785
v 0.19256809 0.75848252 -0.21280929
v 0.18677929 0.76634240 -0.21614785
v 0.19256809 0.76634240 -0.21240625
v 0.18820806 0.77420235 -0.21614785
v 0.19256809 0.77420235 -0.21183075
v 0.18521573 0.78206223 -0.21614785
v 0.19256809 0.78206223 -0.20950873
v 0.18804507 0.78992218 -0.20828794
v 0.19256809 0.78368145 -0.20828794
v 0.19075039 0.78992218 -0.20042801
v 0.19256809 0.78807461 -0.20042801
v 0.19256809 0.78992218 -0.19683206
v 0.18707097 0.79778212 -0.20042801
v 0.19256809 0.79778212 -0.19503649
v 0.19256809 0.80222595 -0.19256809
v 0.19256809 0.80564201 -0.18937506
v 0.19256809 0.80969107 -0.18470818
v 0.18868682 0.81350195 -0.18470818
v 0.19256809 0.81350195 -0.17796716
v 0.18498461 0.82136184 -0.18470818
v 0.19256809 0.81504166 -0.17684825
v 0.19082871 0.82136184 -0.17684825
v 0.19256809 0.82136184 -0.17478961
v 0.18493688 0.82922179 -0.17684825
v 0.19256809 0.82805330 -0.16898833
v 0.19076467 0.82922179 -0.16898833
v 0.19256809 0.82922179 -0.16789621
v 0.19256809 0.83456719 -0.16112840
v 0.19256809 0.83708173 -0.15791439
v 0.19094253 0.83708173 0.12182879
v 0.19256809 0.83166736 0.12182879
v 0.19256809 0.83708173 0.11915045
v 0.19256809 0.84164637 -0.15326849
v 0.18985641 0.84494162 -0.15326849
v 0.19256809 0.84494162 -0.14824629
v 0.19166428 0.84494162 0.11396887
v 0.19256809 0.84345865 0.11396887
v 0.19256809 0.84494162 0.11197870
v 0.18603212 0.84494162 0.12182879
v 0.18594864 0.85280156 -0.14540856
v 0.19256809 0.84653974 -0.14540856
v 0.18665037 0.85280156 -0.13754864
v 0.19256809 0.85158217 -0.13754864
v 0.19256809 0.85280156 -0.13440813
v 0.19256809 0.84750760 0.10610895
v 0.18727413 0.85280156 0.10610895
v 0.18708669 0.86066151 -0.12968871
v 0.19256809 0.85592639 -0.12968871
v 0.19116056 0.86066151 -0.12182879
v 0.19256809 0.85343814 -0.12182879
v 0.19089551 0.86066151 -0.11396887
v 0.19256809 0.85509938 -0.11396887
v 0.19256809 0.86066151 -0.11261213
v 0.19142394 0.86066151 0.05894941
v 0.19256809 0.85882628 0.05894941
v 0.19256809 0.86066151 0.05750266
v 0.19256809 0.86066151 0.06344498
v 0.19247839 0.86066151 0.08252918
v 0.19256809 0.86059517 0.08252918
v 0.19256809 0.86066151 0.08239318
v 0.18588351 0.86066151 0.09038910
v 0.19203919 0.86852139 -0.10610895
v 0.19256809 0.86793792 -0.10610895
v 0.19256809 0.86852139 -0.10486092
v 0.19190989 0.86852139 -0.06680934
v 0.19256809 0.86814779 -0.06680934
v 0.19256809 0.86852139 -0.06758021
v 0.19256809 0.86852139 -0.06627348
v 0.18962686 0.86852139 0.05894941
v 0.19256809 0.86852139 0.05455424
v 0.19256809 0.86203796 0.06680934
v 0.18934982 0.86852139 0.06680934
v 0.18663633 0.86852139 0.07466926
v 0.19256809 0.86359310 0.07466926
v 0.18546027 0.87638134 -0.09824903
v 0.19256809 0.87099516 -0.09824903
v 0.19256809 0.87306434 -0.09038910
v 0.19216476 0.87638134 -0.08252918
v 0.19256809 0.87606215 -0.08252918
v 0.19063969 0.87638134 -0.07466926
v 0.19256809 0.87400639 -0.07466926
v 0.18592393 0.87638134 -0.06680934
v 0.19256809 0.87638134 -0.06093754
v 0.19062746 0.87638134 -0.04322957
v 0.19256809 0.87316847 -0.04322957
v 0.19256809 0.87638134 -0.04614784
v 0.18953763 0.87638134 -0.03536965
v 0.18723072 0.87638134 0.00392996
v 0.19256809 0.87280083 0.00392996
v 0.19256809 0.87638134 0.01061034
v 0.19256809 0.87409610 0.02750973
v 0.19256809 0.87638134 0.02442050
v 0.19256809 0.87376738 0.03536965
v 0.18982163 0.87638134 0.04322957
v 0.19256809 0.87519121 0.04322957
v 0.19256809 0.87118381 0.05108950
v 0.19256809 0.87837100 -0.05894941
v 0.18865013 0.88424122 -0.05108950
v 0.19256809 0.88022661 -0.05108950
v 0.18656485 0.88424122 -0.04322957
v 0.18488891 0.88424122 -0.03536965
v 0.19256809 0.88175339 -0.02750973
v 0.18975711 0.88424122 -0.02750973
v 0.19097286 0.88424122 -0.01964981
v 0.19256809 0.88315105 -0.01964981
v 0.19013861 0.88424122 -0.01178988
v 0.19256809 0.88268870 -0.01178988
v 0.18880531 0.88424122 -0.00392996
v 0.19256809 0.88084221 -0.00392996
v 0.18481407 0.88424122 0.00392996
v 0.19256809 0.87705332 0.01178988
v 0.18727198 0.88424122 0.01178988
v 0.18756413 0.88424122 0.01964981
v 0.19256809 0.87972540 0.01964981
v 0.20042801 0.69560313 -0.22387268
v 0.20042801 0.70346302 -0.22491549
v 0.20042801 0.69683027 -0.22400779
v 0.19422160 0.71132296 -0.23186770
v 0.20042801 0.71132296 -0.22449057
v 0.19756870 0.71918291 -0.22400779
v 0.20042801 0.71224022 -0.22400779
v 0.19867748 0.71918291 -0.21614785
v 0.20042801 0.71736336 -0.21614785
v 0.20042801 0.71918291 -0.21270597
v 0.19660851 0.72704279 -0.22400779
v 0.20042801 0.72704279 -0.21818990
v 0.20042801 0.72357816 -0.21614785
v 0.19423445 0.73490274 -0.22400779
v 0.20042801 0.73490274 -0.21832243
v 0.19982380 0.74276263 -0.21614785
v 0.20042801 0.74118400 -0.21614785
v 0.20042801 0.74276263 -0.21544692
v 0.19543160 0.75062257 -0.21614785
v 0.20042801 0.75062257 -0.21088311
v 0.20042801 0.75848252 -0.20930575
v 0.20042801 0.76403165 -0.20828794
v 0.19976395 0.76634240 -0.20828794
v 0.20042801 0.76634240 -0.20775220
v 0.19632535 0.77420235 -0.20828794
v 0.20042801 0.77420235 -0.20322953
v 0.19358753 0.78206223 -0.20828794
v 0.20042801 0.77877468 -0.20042801
v 0.19886793 0.78206223 -0.20042801
v 0.20042801 0.78206223 -0.19816944
v 0.19745500 0.78992218 -0.19256809
v 0.20042801 0.78783762 -0.19256809
v 0.20042801 0.78992218 -0.19126041
v 0.19575135 0.79778212 -0.19256809
v 0.20042801 0.79778212 -0.18845937
v 0.19674584 0.80564201 -0.18470818
v 0.20042801 0.80230367 -0.18470818
v 0.19946268 0.80564201 -0.17684825
v 0.20042801 0.80515474 -0.17684825
v 0.20042801 0.80564201 -0.17200176
v 0.19299194 0.81350195 -0.17684825
v 0.20042801 0.80615848 -0.16898833
v 0.19640295 0.81350195 -0.16898833
v 0.20042801 0.81350195 -0.16485406
v 0.19717112 0.82136184 -0.16898833
v 0.20042801 0.82136184 -0.16489634
v 0.19847946 0.82922179 -0.16112840
v 0.20042801 0.82644105 -0.16112840
v 0.20042801 0.82922179 -0.15638728
v 0.19606845 0.82922179 0.11396887
v 0.20042801 0.82599020 0.11396887
v 0.20042801 0.82922179 0.11152428
v 0.19362734 0.82922179 0.12182879
v 0.19605215 0.83708173 -0.15326849
v 0.20042801 0.83081329 -0.15326849
v 0.20003907 0.83708173 -0.14540856
v 0.20042801 0.83591765 -0.14540856
v 0.20042801 0.83708173 -0.14494699
v 0.19597167 0.83708173 0.11396887
v 0.20042801 0.83708173 0.10873284
v 0.19415468 0.84494162 -0.14540856
v 0.20042801 0.84412444 -0.13754864
v 0.19981852 0.84494162 -0.13754864
v 0.20042801 0.84494162 -0.13089889
v 0.19704004 0.84494162 -0.12182879
v 0.20042801 0.84436381 -0.12182879
v 0.20042801 0.84494162 -0.12815394
v 0.20042801 0.84494162 -0.12114602
v 0.20042801 0.84494162 0.09273655
v 0.20042801 0.84284127 0.09824903
v 0.19534478 0.84494162 0.10610895
v 0.20042801 0.83977926 0.10610895
v 0.19483878 0.85280156 -0.12968871
v 0.20042801 0.84511483 -0.12968871
v 0.19278829 0.85280156 -0.12182879
v 0.20042801 0.85280156 -0.11596581
v 0.20001857 0.85280156 0.08252918
v 0.20042801 0.85240614 0.08252918
v 0.20042801 0.85280156 0.08144487
v 0.20042801 0.84613830 0.09038910
v 0.20042801 0.85466987 -0.11396887
v 0.20042801 0.86066151 -0.10675341
v 0.20042801 0.85734487 -0.09038910
v 0.20042801 0.86066151 -0.08393732
v 0.20042801 0.85598624 0.05894941
v 0.20042801 0.86066151 0.05188477
v 0.19362074 0.86066151 0.06680934
v 0.20042801 0.85507596 0.06680934
v 0.19543664 0.86066151 0.07466926
v 0.20042801 0.85508054 0.07466926
v 0.20042801 0.86104274 -0.10610895
v 0.19503704 0.86852139 -0.09824903
v 0.20042801 0.86260664 -0.09824903
v 0.19608572 0.86852139 -0.09038910
v 0.20042801 0.86247343 -0.08252918
v 0.19866812 0.86852139 -0.08252918
v 0.20042801 0.86852139 -0.07578734
v 0.20042801 0.86806864 -0.06680934
v 0.20042801 0.86852139 -0.07196915
v 0.20042801 0.86852139 -0.06531833
v 0.19982211 0.86852139 0.04322957
v 0.20042801 0.86774737 0.04322957
v 0.20042801 0.86852139 0.03972597
v 0.19560179 0.86852139 0.05108950
v 0.20042801 0.86141312 0.05108950
v 0.20042801 0.86881787 -0.07466926
v 0.20042801 0.87132782 -0.05894941
v 0.19478266 0.87638134 -0.05894941
v 0.19599074 0.87638134 -0.05108950
v 0.20042801 0.87125230 -0.05108950
v 0.20042801 0.86927432 -0.04322957
v 0.20042801 0.87319797 -0.03536965
v 0.19952960 0.87638134 -0.02750973
v 0.20042801 0.87565595 -0.02750973
v 0.19866093 0.87638134 -0.01964981
v 0.19784082 0.87638134 -0.01178988
v 0.20042801 0.87335134 -0.00392996
v 0.19755454 0.87638134 -0.00392996
v 0.20042801 0.87186897 0.00392996
v 0.19332343 0.87638134 0.01178988
v 0.20042801 0.87153339 0.01178988
v 0.19594373 0.87638134 0.01964981
v 0.20042801 0.87193424 0.01964981
v 0.20042801 0.87020636 0.02750973
v 0.20042801 0.86921990 0.03536965
v 0.20154220 0.70346302 -0.22400779
v 0.20828794 0.70346302 -0.21697102
v 0.20082860 0.71132296 -0.22400779
v 0.20563731 0.71132296 -0.21614785
v 0.20775051 0.71132296 -0.20828794
v 0.20828794 0.71132296 -0.20651443
v 0.20768960 0.71918291 -0.20828794
v 0.20828794 0.71918291 -0.20809802
v 0.20189096 0.72704279 -0.21614785
v 0.20828794 0.72704279 -0.21071292
v 0.20828794 0.71968877 -0.20828794
v 0.20265973 0.73490274 -0.21614785
v 0.20828794 0.73490274 -0.21017887
v 0.20550226 0.74276263 -0.20828794
v 0.20828794 0.73774648 -0.20828794
v 0.20828794 0.74037731 -0.20042801
v 0.20208801 0.75062257 -0.20828794
v 0.20138136 0.75848252 -0.20828794
v 0.20689756 0.75848252 -0.20042801
v 0.20828794 0.75848252 -0.19896652
v 0.20585270 0.76634240 -0.20042801
v 0.20828794 0.76634240 -0.19706413
v 0.20234957 0.77420235 -0.20042801
v 0.20828794 0.77420235 -0.19278236
v 0.20465961 0.78206223 -0.19256809
v 0.20828794 0.77462363 -0.19256809
v 0.20828794 0.78206223 -0.18810113
v 0.20766117 0.78992218 -0.18470818
v 0.20828794 0.78839785 -0.18470818
v 0.20828794 0.78992218 -0.18373558
v 0.20363514 0.79778212 -0.18470818
v 0.20828794 0.79778212 -0.17744336
v 0.20828794 0.79819429 -0.17684825
v 0.20188496 0.80564201 -0.16898833
v 0.20828794 0.80443597 -0.16898833
v 0.20828794 0.80564201 -0.16767068
v 0.20828794 0.81350195 -0.16118634
v 0.20828794 0.81362081 -0.16112840
v 0.20379896 0.82136184 -0.16112840
v 0.20672858 0.82136184 -0.15326849
v 0.20828794 0.81937563 -0.15326849
v 0.20557913 0.82136184 -0.14540856
v 0.20828794 0.81890327 -0.14540856
v 0.20828794 0.82136184 -0.14301141
v 0.20150286 0.82922179 -0.15326849
v 0.20292501 0.82922179 -0.14540856
v 0.20828794 0.82922179 -0.14007418
v 0.20751353 0.82922179 0.10610895
v 0.20828794 0.82822996 0.10610895
v 0.20603104 0.83708173 -0.13754864
v 0.20828794 0.83295768 -0.13754864
v 0.20828794 0.83708173 -0.13023010
v 0.20819080 0.83708173 0.09038910
v 0.20828794 0.83708173 0.09019625
v 0.20611116 0.83708173 0.09824903
v 0.20256211 0.83708173 0.10610895
v 0.20055646 0.84494162 -0.12968871
v 0.20828794 0.83726162 -0.12968871
v 0.20828794 0.83972073 -0.12182879
v 0.20828794 0.84494162 -0.11670244
v 0.20669727 0.84494162 0.08252918
v 0.20828794 0.84284472 0.08252918
v 0.20828794 0.84494162 0.07681810
v 0.20172593 0.84494162 0.09038910
v 0.20828794 0.84758085 -0.11396887
v 0.20246531 0.85280156 -0.11396887
v 0.20828794 0.85280156 -0.10666621
v 0.20600058 0.85280156 0.04322957
v 0.20828794 0.85109949 0.04322957
v 0.20281456 0.85280156 0.05108950
v 0.20828794 0.84954345 0.05108950
v 0.20657182 0.85280156 0.05894941
v 0.20828794 0.85211051 0.05894941
v 0.20365828 0.85280156 0.06680934
v 0.20828794 0.84949058 0.06680934
v 0.20245308 0.85280156 0.07466926
v 0.20828794 0.84565693 0.07466926
v 0.20083375 0.86066151 -0.10610895
v 0.20828794 0.85311437 -0.10610895
v 0.20228158 0.86066151 -0.09824903
v 0.20828794 0.85487986 -0.09824903
v 0.20828794 0.85396010 -0.09038910
v 0.20202492 0.86066151 -0.08252918
v 0.20828794 0.85810393 -0.08252918
v 0.20828794 0.86066151 -0.07853098
v 0.20661211 0.86066151 0.01178988
v 0.20828794 0.85432231 0.01178988
v 0.20828794 0.86066151 0.00574239
v 0.20828794 0.86066151 0.01682179
v 0.20788184 0.86066151 0.03536965
v 0.20828794 0.86015511 0.03536965
v 0.20828794 0.86066151 0.03370750
v 0.20507337 0.86066151 0.04322957
v 0.20087777 0.86066151 0.05108950
v 0.20079646 0.86852139 -0.07466926
v 0.20828794 0.86264050 -0.07466926
v 0.20828794 0.86334980 -0.06680934
v 0.20312950 0.86852139 -0.05894941
v 0.20828794 0.86395341 -0.05894941
v 0.20306426 0.86852139 -0.05108950
v 0.20828794 0.86352533 -0.05108950
v 0.20155178 0.86852139 -0.04322957
v 0.20828794 0.86365378 -0.04322957
v 0.20533483 0.86852139 -0.03536965
v 0.20828794 0.86295938 -0.03536965
v 0.20685437 0.86852139 -0.02750973
v 0.20828794 0.86601323 -0.02750973
v 0.20828794 0.86408806 -0.01964981
v 0.20828794 0.86204380 -0.01178988
v 0.20455143 0.86852139 -0.00392996
v 0.20828794 0.86500591 -0.00392996
v 0.20432860 0.86852139 0.00392996
v 0.20828794 0.86176044 0.00392996
v 0.20348306 0.86852139 0.01178988
v 0.20828794 0.86215621 0.01964981
v 0.20371346 0.86852139 0.01964981
v 0.20226383 0.86852139 0.02750973
v 0.20828794 0.86246204 0.02750973
v 0.20113310 0.86852139 0.03536965
v 0.21272185 0.71132296 -0.20042801
v 0.21614785 0.71132296 -0.19905946
v 0.21614785 0.71918291 -0.20126016
v 0.21614785 0.71604806 -0.20042801
v 0.21083951 0.72704279 -0.20828794
v 0.21614785 0.72704279 -0.20184502
v 0.20975700 0.73490274 -0.20828794
v 0.21614785 0.73049420 -0.20042801
v 0.21452792 0.73490274 -0.20042801
v 0.21614785 0.73490274 -0.19822270
v 0.21614785 0.74224323 -0.19256809
v 0.21614785 0.74276263 -0.19200303
v 0.21416321 0.75062257 -0.19256809
v 0.21614785 0.75062257 -0.19206648
v 0.21495537 0.75848252 -0.19256809
v 0.21614785 0.75848252 -0.19079314
v 0.21189743 0.76634240 -0.19256809
v 0.21614785 0.76526862 -0.18470818
v 0.21562219 0.76634240 -0.18470818
v 0.21614785 0.76246750 -0.17684825
v 0.21614785 0.76634240 -0.17378174
v 0.20846580 0.77420235 -0.19256809
v 0.21454783 0.77420235 -0.18470818
v 0.21614785 0.77420235 -0.18076381
v 0.21082008 0.78206223 -0.18470818
v 0.21614785 0.78206223 -0.17765000
v 0.21298020 0.78992218 -0.17684825
v 0.21614785 0.78341448 -0.17684825
v 0.21614785 0.78992218 -0.17315270
v 0.20868707 0.79778212 -0.17684825
v 0.21614785 0.79675907 -0.16898833
v 0.21566765 0.79778212 -0.16898833
v 0.21614785 0.79778212 -0.16800086
v 0.21614785 0.79720604 -0.15326849
v 0.21614785 0.79778212 -0.15425535
v 0.21558021 0.80564201 -0.16112840
v 0.21614785 0.80458891 -0.16112840
v 0.21614785 0.80564201 -0.15717050
v 0.20837320 0.81350195 -0.16112840
v 0.21614785 0.80719453 -0.15326849
v 0.21385869 0.81350195 -0.15326849
v 0.21614785 0.81350195 -0.14677304
v 0.21614785 0.81398267 -0.14540856
v 0.21608046 0.82136184 -0.13754864
v 0.21614785 0.82131243 -0.13754864
v 0.21614785 0.82136184 -0.13749935
v 0.21052168 0.82922179 -0.13754864
v 0.21614785 0.82839566 -0.12968871
v 0.21549542 0.82922179 -0.12968871
v 0.21534336 0.82922179 -0.12182879
v 0.21614785 0.82846308 -0.12182879
v 0.21546425 0.82922179 -0.11396887
v 0.21614785 0.82825816 -0.11396887
v 0.21614785 0.82922179 -0.11086848
v 0.21327955 0.82922179 0.08252918
v 0.21614785 0.82625079 0.08252918
v 0.21614785 0.82922179 0.08072443
v 0.20845152 0.83708173 -0.12968871
v 0.21029130 0.83708173 -0.12182879
v 0.21421406 0.83708173 -0.11396887
v 0.21614785 0.83708173 -0.10931709
v 0.21375903 0.83708173 0.05894941
v 0.21614785 0.83070403 0.05894941
v 0.21614785 0.83708173 0.05333320
v 0.21588005 0.83708173 0.06680934
v 0.21614785 0.83663493 0.06680934
v 0.21575640 0.83708173 0.07466926
v 0.21614785 0.83648819 0.07466926
v 0.21254160 0.83708173 0.08252918
v 0.21037501 0.84494162 -0.11396887
v 0.21614785 0.84087712 -0.10610895
v 0.21475640 0.84494162 -0.10610895
v 0.21614785 0.84494162 -0.10239643
v 0.21440379 0.84494162 -0.08252918
v 0.21614785 0.84168988 -0.08252918
v 0.21614785 0.84494162 -0.08765157
v 0.21614785 0.84494162 -0.07980149
v 0.21513778 0.84494162 -0.02750973
v 0.21614785 0.84284979 -0.02750973
v 0.21614785 0.84494162 -0.02962768
v 0.21614785 0.84494162 -0.02619142
v 0.21547456 0.84494162 0.05108950
v 0.21614785 0.84494162 0.05004368
v 0.21416992 0.84494162 0.05894941
v 0.21209785 0.84494162 0.06680934
v 0.20888281 0.84494162 0.07466926
v 0.20857026 0.85280156 -0.10610895
v 0.21614785 0.84679925 -0.09824903
v 0.21046796 0.85280156 -0.09824903
v 0.20988533 0.85280156 -0.09038910
v 0.21614785 0.84621459 -0.09038910
v 0.21259293 0.85280156 -0.08252918
v 0.21614785 0.85280156 -0.07517148
v 0.21149638 0.85280156 0.00392996
v 0.21614785 0.84957379 0.00392996
v 0.21614785 0.85280156 -0.00106464
v 0.21017472 0.85280156 0.01178988
v 0.21614785 0.85096967 0.01178988
v 0.21487357 0.85280156 0.01964981
v 0.21614785 0.84750688 0.01964981
v 0.21526264 0.85280156 0.02750973
v 0.21458586 0.85280156 0.03536965
v 0.21614785 0.85096467 0.03536965
v 0.21614785 0.84757990 0.04322957
v 0.21022426 0.86066151 -0.07466926
v 0.21614785 0.85310054 -0.07466926
v 0.21134202 0.86066151 -0.06680934
v 0.21614785 0.85550195 -0.06680934
v 0.21180604 0.86066151 -0.05894941
v 0.21614785 0.85504490 -0.05894941
v 0.21097563 0.86066151 -0.05108950
v 0.21614785 0.85419780 -0.05108950
v 0.21147023 0.86066151 -0.04322957
v 0.21614785 0.85703820 -0.04322957
v 0.20988424 0.86066151 -0.03536965
v 0.21614785 0.85481393 -0.03536965
v 0.21195392 0.86066151 -0.02750973
v 0.21614785 0.85283154 -0.02750973
v 0.21313047 0.86066151 -0.01964981
v 0.21614785 0.85829318 -0.01964981
v 0.21179765 0.86066151 -0.01178988
v 0.21614785 0.85875177 -0.01178988
v 0.21257877 0.86066151 -0.00392996
v 0.21614785 0.85548902 -0.00392996
v 0.20890068 0.86066151 0.00392996
v 0.20948954 0.86066151 0.01964981
v 0.20986481 0.86066151 0.02750973
v 0.22400779 0.67988324 -0.19192183
v 0.22187322 0.70346302 -0.18470818
v 0.22400779 0.70064259 -0.18470818
v 0.22400779 0.70346302 -0.18276903
v 0.22209293 0.71132296 -0.19256809
v 0.22400779 0.71132296 -0.18935071
v 0.21679154 0.71918291 -0.20042801
v 0.22280341 0.71918291 -0.19256809
v 0.22400779 0.71918291 -0.19090390
v 0.21711092 0.72704279 -0.20042801
v 0.22273062 0.72704279 -0.19256809
v 0.22400779 0.72704279 -0.18974745
v 0.21964198 0.73490274 -0.19256809
v 0.22400779 0.73098344 -0.18470818
v 0.22055395 0.73490274 -0.18470818
v 0.22322114 0.73490274 -0.17684825
v 0.22400779 0.73449016 -0.17684825
v 0.22400779 0.73490274 -0.17654890
v 0.22373949 0.73490274 0.13754864
v 0.22400779 0.73397720 0.13754864
v 0.22400779 0.73490274 0.13674270
v 0.21995345 0.74276263 -0.18470818
v 0.22400779 0.74276263 -0.17868982
v 0.22400779 0.73657030 -0.17684825
v 0.22262688 0.75062257 -0.18470818
v 0.22400779 0.75062257 -0.18256640
v 0.21975029 0.75848252 -0.18470818
v 0.22400779 0.75703323 -0.17684825
v 0.22150622 0.75848252 -0.17684825
v 0.22400779 0.75848252 -0.17584202
v 0.22400779 0.76634240 -0.17019929
v 0.21793894 0.77420235 -0.17684825
v 0.22400779 0.77420235 -0.16976327
v 0.21669284 0.78206223 -0.17684825
v 0.22400779 0.77688259 -0.16898833
v 0.22284396 0.78206223 -0.16898833
v 0.22400779 0.78206223 -0.16706580
v 0.21909377 0.78992218 -0.16898833
v 0.22400779 0.78968674 -0.16112840
v 0.22390620 0.78992218 -0.16112840
v 0.22400779 0.78992218 -0.16048688
v 0.21898751 0.79778212 -0.16112840
v 0.22400779 0.79112560 -0.15326849
v 0.22400779 0.79455662 -0.14540856
v 0.22400779 0.79778212 -0.14257953
v 0.21661368 0.80564201 -0.15326849
v 0.21916634 0.80564201 -0.14540856
v 0.22400779 0.80564201 -0.14069724
v 0.21665578 0.81350195 -0.14540856
v 0.22400779 0.81090349 -0.13754864
v 0.22258490 0.81350195 -0.13754864
v 0.22400779 0.81350195 -0.13453731
v 0.22400779 0.81199306 -0.12182879
v 0.22400779 0.80877560 -0.11396887
v 0.22400779 0.81350195 -0.11047708
v 0.22169176 0.82136184 -0.12968871
v 0.22400779 0.81711262 -0.12968871
v 0.22237118 0.82136184 -0.12182879
v 0.22197972 0.82136184 -0.11396887
v 0.22400779 0.82136184 -0.11143307
v 0.22104520 0.82136184 0.08252918
v 0.22400779 0.82136184 0.07969145
v 0.21779022 0.82922179 -0.10610895
v 0.22400779 0.82508302 -0.10610895
v 0.22400779 0.82922179 -0.10101660
v 0.21852493 0.82922179 0.05894941
v 0.22400779 0.82766002 0.05894941
v 0.22400779 0.82922179 0.05470991
v 0.22278723 0.82922179 0.06680934
v 0.22400779 0.82813579 0.06680934
v 0.22138305 0.82922179 0.07466926
v 0.22400779 0.82538247 0.07466926
v 0.21755227 0.83708173 -0.10610895
v 0.22400779 0.83336765 -0.09824903
v 0.22263071 0.83708173 -0.09824903
v 0.22272138 0.83708173 -0.09038910
v 0.22400779 0.83432829 -0.09038910
v 0.22059113 0.83708173 -0.08252918
v 0.22400779 0.83340311 -0.08252918
v 0.22400779 0.83708173 -0.08005125
v 0.22134779 0.83708173 -0.05894941
v 0.22400779 0.83604586 -0.05894941
v 0.22400779 0.83708173 -0.05654272
v 0.21795812 0.83708173 0.05108950
v 0.22400779 0.83122873 0.05108950
v 0.22400779 0.83708173 0.04498887
v 0.21770279 0.84494162 -0.09824903
v 0.21715686 0.84494162 -0.09038910
v 0.22046149 0.84494162 -0.07466926
v 0.22400779 0.84183502 -0.07466926
v 0.22205888 0.84494162 -0.06680934
v 0.22400779 0.84222060 -0.06680934
v 0.21802661 0.84494162 -0.05894941
v 0.22400779 0.84136969 -0.05108950
v 0.22107662 0.84494162 -0.05108950
v 0.22400779 0.84494162 -0.04759189
v 0.22197372 0.84494162 -0.03536965
v 0.22400779 0.84360498 -0.03536965
v 0.22400779 0.84494162 -0.03769041
v 0.22400779 0.83833390 -0.02750973
v 0.22348128 0.84494162 -0.01964981
v 0.22400779 0.84444523 -0.01964981
v 0.22400779 0.84494162 -0.01857167
v 0.22347336 0.84494162 0.01178988
v 0.22400779 0.84437686 0.01178988
v 0.22400779 0.84494162 0.00738247
v 0.21692275 0.84494162 0.01964981
v 0.22400779 0.84086573 0.01964981
v 0.21751809 0.84494162 0.02750973
v 0.22400779 0.84077179 0.02750973
v 0.22107781 0.84494162 0.03536965
v 0.22400779 0.84132820 0.03536965
v 0.21873517 0.84494162 0.04322957
v 0.22400779 0.83840829 0.04322957
v 0.21637154 0.85280156 -0.07466926
v 0.21819031 0.85280156 -0.06680934
v 0.21754496 0.85280156 -0.05894941
v 0.21727248 0.85280156 -0.05108950
v 0.22400779 0.84849989 -0.04322957
v 0.22052193 0.85280156 -0.04322957
v 0.21810852 0.85280156 -0.03536965
v 0.21616296 0.85280156 -0.02750973
v 0.22001089 0.85280156 -0.01964981
v 0.22400779 0.84845710 -0.01178988
v 0.22106811 0.85280156 -0.01178988
v 0.21814978 0.85280156 -0.00392996
v 0.22400779 0.84742016 -0.00392996
v 0.22400779 0.84523261 0.00392996
v 0.23186770 0.67202336 -0.18920517
v 0.23186770 0.67988324 -0.18825111
v 0.22769512 0.68774319 -0.19256809
v 0.23186770 0.68774319 -0.18727210
v 0.23186770 0.69239217 -0.18470818
v 0.22935835 0.69560313 -0.18470818
v 0.23186770 0.69560313 -0.18314047
v 0.23186770 0.70346302 -0.17970979
v 0.22668156 0.71132296 -0.18470818
v 0.23186770 0.71132296 -0.17931660
v 0.22773662 0.71918291 -0.18470818
v 0.23186770 0.71852934 -0.17684825
v 0.23170447 0.71918291 -0.17684825
v 0.23186770 0.71918291 -0.17663141
v 0.23057866 0.71918291 0.14540856
v 0.23186770 0.71918291 0.14301997
v 0.22633688 0.72704279 -0.18470818
v 0.23031326 0.72704279 -0.17684825
v 0.23186770 0.72704279 -0.17491415
v 0.22715817 0.72704279 0.13754864
v 0.23186770 0.72349244 0.13754864
v 0.23186770 0.72704279 0.13346492
v 0.23186770 0.73490274 -0.17301321
v 0.22953297 0.73490274 0.12968871
v 0.23186770 0.73283458 0.12968871
v 0.23186770 0.73490274 0.12880877
v 0.22584264 0.74276263 -0.17684825
v 0.23186770 0.74276263 -0.17210497
v 0.23186770 0.73734838 0.12968871
v 0.22796364 0.75062257 -0.17684825
v 0.23186770 0.75062257 -0.17095774
v 0.23176923 0.75062257 -0.15326849
v 0.23186770 0.75040954 -0.15326849
v 0.23186770 0.75062257 -0.15297531
v 0.23136351 0.75062257 0.11396887
v 0.23186770 0.74969667 0.11396887
v 0.23186770 0.75062257 0.11282951
v 0.23113623 0.75848252 -0.16898833
v 0.23186770 0.75593752 -0.16898833
v 0.23186770 0.75848252 -0.16771296
v 0.23186770 0.75088537 -0.15326849
v 0.22574213 0.76634240 -0.16898833
v 0.23186770 0.76552099 -0.16112840
v 0.23128663 0.76634240 -0.16112840
v 0.23186770 0.76634240 -0.15949839
v 0.22462364 0.77420235 -0.16898833
v 0.22628327 0.77420235 -0.16112840
v 0.23186770 0.76935357 -0.15326849
v 0.22755000 0.77420235 -0.15326849
v 0.23186770 0.77420235 -0.15106514
v 0.22708142 0.78206223 -0.16112840
v 0.23048788 0.78206223 -0.15326849
v 0.23186770 0.78206223 -0.15117896
v 0.22578292 0.78992218 -0.15326849
v 0.23186770 0.78902292 -0.14540856
v 0.23099831 0.78992218 -0.14540856
v 0.23186770 0.78992218 -0.14291468
v 0.23020039 0.79778212 -0.13754864
v 0.23186770 0.79342264 -0.13754864
v 0.23186770 0.79778212 -0.13452363
v 0.22647241 0.80564201 -0.13754864
v 0.23186770 0.80227417 -0.12968871
v 0.23033233 0.80564201 -0.12968871
v 0.23030713 0.80564201 -0.12182879
v 0.23186770 0.80455089 -0.12182879
v 0.23186770 0.80564201 -0.11709139
v 0.23186770 0.80367225 0.07466926
v 0.23186770 0.80564201 0.07246837
v 0.22578470 0.81350195 -0.12968871
v 0.23186770 0.80638427 -0.11396887
v 0.23186770 0.81350195 -0.10675665
v 0.23186770 0.81472766 -0.10610895
v 0.22767197 0.82136184 -0.10610895
v 0.23118253 0.82136184 -0.09824903
v 0.23186770 0.82037181 -0.09824903
v 0.23186770 0.82136184 -0.09445189
v 0.23047912 0.82136184 0.00392996
v 0.23186770 0.82136184 0.00193740
v 0.23167725 0.82136184 0.02750973
v 0.23186770 0.82116699 0.02750973
v 0.23186770 0.82136184 0.02698166
v 0.23186770 0.82136184 0.02785849
v 0.22681229 0.82136184 0.05108950
v 0.23186770 0.81464887 0.05108950
v 0.22991951 0.82136184 0.05894941
v 0.23186770 0.81877071 0.05894941
v 0.22974429 0.82136184 0.06680934
v 0.23186770 0.81728405 0.06680934
v 0.22662772 0.82136184 0.07466926
v 0.22554184 0.82922179 -0.09824903
v 0.23186770 0.82237947 -0.09038910
v 0.22625124 0.82922179 -0.09038910
v 0.22728255 0.82922179 -0.08252918
v 0.23186770 0.82583994 -0.08252918
v 0.23186770 0.82922179 -0.07712543
v 0.22737886 0.82922179 0.00392996
v 0.23186770 0.82922179 -0.00222727
v 0.23186770 0.82827771 0.01178988
v 0.23121275 0.82922179 0.01178988
v 0.23032452 0.82922179 0.01964981
v 0.23186770 0.82596165 0.01964981
v 0.22972450 0.82922179 0.02750973
v 0.23186770 0.82853818 0.03536965
v 0.23160145 0.82922179 0.03536965
v 0.23018816 0.82922179 0.04322957
v 0.22549626 0.82922179 0.05108950
v 0.22771095 0.83708173 -0.07466926
v 0.23186770 0.83102030 -0.07466926
v 0.22785199 0.83708173 -0.06680934
v 0.23186770 0.83158916 -0.06680934
v 0.23186770 0.83155710 -0.05894941
v 0.22851834 0.83708173 -0.05108950
v 0.23186770 0.83456552 -0.05108950
v 0.23186770 0.83708173 -0.04453546
v 0.23176816 0.83708173 -0.03536965
v 0.23186770 0.83690852 -0.03536965
v 0.23186770 0.83708173 -0.03659207
v 0.22845009 0.83708173 -0.02750973
v 0.23186770 0.83543253 -0.02750973
v 0.23161477 0.83708173 -0.01964981
v 0.23186770 0.83680660 -0.01964981
v 0.23165219 0.83708173 -0.01178988
v 0.23186770 0.83669084 -0.01178988
v 0.23081686 0.83708173 -0.00392996
v 0.23186770 0.83277971 -0.00392996
v 0.22761776 0.83708173 0.00392996
v 0.22802661 0.83708173 0.01178988
v 0.22778291 0.83708173 0.01964981
v 0.22747529 0.83708173 0.02750973
v 0.22710793 0.83708173 0.03536965
v 0.22500575 0.83708173 0.04322957
v 0.22662304 0.84494162 -0.04322957
v 0.23186770 0.83760279 -0.04322957
v 0.22646557 0.84494162 -0.01178988
v 0.22606187 0.84494162 -0.00392996
v 0.22427164 0.84494162 0.00392996
v 0.23574394 0.67202336 -0.18470818
v 0.23972763 0.67202336 -0.17828067
v 0.23557064 0.67988324 -0.18470818
v 0.23972763 0.67988324 -0.17781059
v 0.23956488 0.67988324 -0.16898833
v 0.23972763 0.67912626 -0.16898833
v 0.23972763 0.67988324 -0.17096776
v 0.23972763 0.67988324 -0.16525781
v 0.23948188 0.67988324 0.13754864
v 0.23397757 0.68774319 -0.18470818
v 0.23972763 0.68326539 -0.17684825
v 0.23910433 0.68774319 -0.17684825
v 0.23930426 0.68774319 -0.16898833
v 0.23972763 0.68732345 -0.16112840
v 0.23971516 0.68774319 -0.16112840
v 0.23762101 0.68774319 0.12968871
v 0.23972763 0.68774319 0.12209385
v 0.23840885 0.68774319 0.13754864
v 0.23771204 0.69560313 -0.17684825
v 0.23972763 0.69560313 -0.17317069
v 0.23972763 0.68911809 -0.16898833
v 0.23872390 0.69560313 0.12968871
v 0.23972763 0.69560313 0.12710428
v 0.23791461 0.69560313 0.13754864
v 0.23533328 0.70346302 -0.17684825
v 0.23972763 0.70346302 -0.17215647
v 0.23972763 0.69950044 0.12968871
v 0.23972763 0.70346302 0.13216642
v 0.23680894 0.70346302 0.13754864
v 0.23400839 0.71132296 -0.17684825
v 0.23972763 0.71132296 -0.17035718
v 0.23972763 0.71132296 -0.15280615
v 0.23855661 0.71132296 0.12968871
v 0.23972763 0.70694339 0.12968871
v 0.23545970 0.71132296 0.13754864
v 0.23834924 0.71918291 -0.16898833
v 0.23972763 0.71488529 -0.16898833
v 0.23928855 0.71918291 -0.16112840
v 0.23972763 0.71918291 -0.15055266
v 0.23925485 0.71918291 0.12182879
v 0.23838654 0.71918291 0.12968871
v 0.23507723 0.71918291 0.13754864
v 0.23638041 0.72704279 -0.16898833
v 0.23972763 0.72704279 -0.16378137
v 0.23972763 0.72102457 -0.16112840
v 0.23972763 0.72704279 0.12558773
v 0.23565410 0.72704279 0.12968871
v 0.23497109 0.73490274 -0.16898833
v 0.23972763 0.73490274 -0.16188452
v 0.23972763 0.73490274 0.12264542
v 0.23394087 0.74276263 -0.16898833
v 0.23972763 0.73623216 -0.16112840
v 0.23716131 0.74276263 -0.16112840
v 0.23969848 0.74276263 -0.15326849
v 0.23972763 0.74274200 -0.15326849
v 0.23972763 0.74276263 -0.15324971
v 0.23862964 0.74276263 0.11396887
v 0.23972763 0.74188870 0.11396887
v 0.23972763 0.74276263 0.11291131
v 0.23758778 0.74276263 0.12182879
v 0.23972763 0.73670834 0.12182879
v 0.23300575 0.75062257 -0.16898833
v 0.23442504 0.75062257 -0.16112840
v 0.23878771 0.75062257 -0.14540856
v 0.23972763 0.75015771 -0.14540856
v 0.23972763 0.75062257 -0.14508300
v 0.23972763 0.75062257 0.10654335
v 0.23471156 0.75848252 -0.16112840
v 0.23533496 0.75848252 -0.15326849
v 0.23972763 0.75848252 -0.14630824
v 0.23972763 0.75396627 -0.14540856
v 0.23399328 0.76634240 -0.15326849
v 0.23972763 0.76634240 -0.14696296
v 0.23847529 0.77420235 -0.14540856
v 0.23972763 0.76995093 -0.14540856
v 0.23972763 0.77420235 -0.14327987
v 0.23551606 0.78206223 -0.14540856
v 0.23972763 0.77833897 -0.13754864
v 0.23669428 0.78206223 -0.13754864
v 0.23972763 0.77896750 -0.12968871
v 0.23644949 0.78206223 -0.12182879
v 0.23972763 0.78080070 -0.12182879
v 0.23972763 0.78206223 -0.12065759
v 0.23718984 0.78206223 0.08252918
v 0.23972763 0.77962786 0.08252918
v 0.23972763 0.78206223 0.07956144
v 0.23283592 0.78992218 -0.13754864
v 0.23262185 0.78992218 -0.12968871
v 0.23543307 0.78992218 -0.12182879
v 0.23972763 0.78992218 -0.11856974
v 0.23972763 0.78992218 -0.10157356
v 0.23890224 0.78992218 0.08252918
v 0.23972763 0.78992218 0.08103242
v 0.23373289 0.79778212 -0.12968871
v 0.23716202 0.79778212 -0.12182879
v 0.23972763 0.79778212 -0.11585973
v 0.23897612 0.79778212 -0.09824903
v 0.23972763 0.79778212 -0.10146940
v 0.23970136 0.79778212 0.07466926
v 0.23972763 0.79774207 0.07466926
v 0.23972763 0.79778212 0.07461289
v 0.23282345 0.80564201 -0.11396887
v 0.23972763 0.79909211 -0.11396887
v 0.23787154 0.80564201 -0.10610895
v 0.23972763 0.80063891 -0.10610895
v 0.23966154 0.80564201 -0.09824903
v 0.23972763 0.80564201 -0.09806085
v 0.23766237 0.80564201 0.06680934
v 0.23972763 0.80251718 0.06680934
v 0.23972763 0.80564201 0.06188130
v 0.23251678 0.81350195 -0.10610895
v 0.23622523 0.81350195 -0.09824903
v 0.23972763 0.81019562 -0.09038910
v 0.23753910 0.81350195 -0.09038910
v 0.23930474 0.81350195 -0.08252918
v 0.23972763 0.81275058 -0.08252918
v 0.23972763 0.81350195 -0.08005533
v 0.23930474 0.81350195 -0.06680934
v 0.23972763 0.81254882 -0.06680934
v 0.23972763 0.81350195 -0.06914413
v 0.23972763 0.81350195 -0.06181527
v 0.23787862 0.81350195 0.03536965
v 0.23972763 0.81121492 0.03536965
v 0.23972763 0.81350195 0.02992614
v 0.23659977 0.81350195 0.04322957
v 0.23972763 0.81131029 0.04322957
v 0.23329107 0.81350195 0.05108950
v 0.23972763 0.80969840 0.05108950
v 0.23561236 0.81350195 0.05894941
v 0.23972763 0.80727935 0.05894941
v 0.23385391 0.81350195 0.06680934
v 0.23258166 0.82136184 -0.09038910
v 0.23505168 0.82136184 -0.08252918
v 0.23972763 0.81528318 -0.07466926
v 0.23681673 0.82136184 -0.07466926
v 0.23647097 0.82136184 -0.06680934
v 0.23972763 0.81429756 -0.05894941
v 0.23764510 0.82136184 -0.05894941
v 0.23972763 0.82136184 -0.05275860
v 0.23384504 0.82136184 -0.03536965
v 0.23972763 0.81715763 -0.03536965
v 0.23972763 0.82136184 -0.04203894
v 0.23453021 0.82136184 -0.02750973
v 0.23972763 0.81583059 -0.02750973
v 0.23972763 0.82136184 -0.02021019
v 0.23766550 0.82136184 -0.00392996
v 0.23972763 0.82010305 -0.00392996
v 0.23972763 0.82136184 -0.00745563
v 0.23972763 0.81815869 0.00392996
v 0.23770724 0.82136184 0.01178988
v 0.23972763 0.81998408 0.01178988
v 0.23563528 0.82136184 0.01964981
v 0.23972763 0.81886369 0.01964981
v 0.23972763 0.81436932 0.02750973
v 0.23487778 0.82136184 0.03536965
v 0.23292588 0.82922179 -0.07466926
v 0.23326576 0.82922179 -0.06680934
v 0.23371322 0.82922179 -0.05894941
v 0.23972763 0.82223809 -0.05108950
v 0.23558970 0.82922179 -0.05108950
v 0.23618314 0.82922179 -0.04322957
v 0.23972763 0.82254499 -0.04322957
v 0.23476468 0.82922179 -0.03536965
v 0.23507436 0.82922179 -0.02750973
v 0.23972763 0.82217300 -0.01964981
v 0.23711644 0.82922179 -0.01964981
v 0.23642887 0.82922179 -0.01178988
v 0.23972763 0.82356441 -0.01178988
v 0.23304053 0.82922179 -0.00392996
v 0.23219919 0.83708173 -0.04322957
v 0.24048561 0.67202336 -0.17684825
v 0.24153550 0.67202336 -0.16898833
v 0.24017714 0.67988324 -0.17684825
v 0.24022990 0.67988324 -0.16112840
v 0.24758755 0.67988324 0.12123512
v 0.23991412 0.68774319 0.12182879
v 0.24758755 0.68774319 0.11618811
v 0.24183689 0.69560313 -0.16898833
v 0.24627081 0.69560313 -0.16112840
v 0.24758755 0.69560313 -0.15885639
v 0.24330918 0.69560313 0.12182879
v 0.24758755 0.69560313 0.11479425
v 0.24210553 0.70346302 -0.16898833
v 0.24680930 0.70346302 -0.16112840
v 0.24758755 0.70346302 -0.15932857
v 0.24387179 0.70346302 0.12182879
v 0.24758755 0.70346302 0.11656422
v 0.24074705 0.70346302 0.12968871
v 0.24078076 0.71132296 -0.16898833
v 0.24758755 0.70727843 -0.15326849
v 0.24758755 0.71132296 -0.14956082
v 0.24346666 0.71132296 0.11396887
v 0.24758755 0.71918291 -0.14647266
v 0.24604762 0.71918291 0.09824903
v 0.24343055 0.71918291 0.10610895
v 0.24381326 0.71918291 0.11396887
v 0.24118865 0.72704279 -0.16112840
v 0.24421504 0.72704279 -0.15326849
v 0.24758755 0.72704279 -0.14775498
v 0.24758755 0.72294736 0.09824903
v 0.24758755 0.72704279 0.10254910
v 0.24670041 0.72704279 0.10610895
v 0.24597386 0.72704279 0.11396887
v 0.24204221 0.72704279 0.12182879
v 0.24021144 0.73490274 -0.16112840
v 0.24450924 0.73490274 -0.15326849
v 0.24758755 0.73490274 -0.14629246
v 0.24758755 0.73490274 -0.12118008
v 0.24758755 0.73369575 0.10610895
v 0.24758755 0.73490274 0.10649297
v 0.24456128 0.73490274 0.11396887
v 0.24032681 0.73490274 0.12182879
v 0.24596402 0.74276263 -0.14540856
v 0.24758755 0.73664618 -0.14540856
v 0.24758755 0.74276263 -0.14262941
v 0.24758755 0.74276263 -0.11891167
v 0.24512425 0.74276263 0.10610895
v 0.24758755 0.73553550 0.10610895
v 0.24758755 0.74276263 0.10198589
v 0.24758755 0.75062257 -0.13806184
v 0.24240525 0.75062257 0.08252918
v 0.24592169 0.75062257 0.09038910
v 0.24758755 0.74862736 0.09038910
v 0.24746414 0.75062257 0.09824903
v 0.24758755 0.75010914 0.09824903
v 0.24026817 0.75062257 0.10610895
v 0.24020185 0.75848252 -0.14540856
v 0.24758755 0.75144184 -0.13754864
v 0.24423386 0.75848252 -0.13754864
v 0.24436364 0.75848252 -0.12968871
v 0.24758755 0.75848252 -0.12461657
v 0.24188702 0.75848252 0.09038910
v 0.24495898 0.75848252 0.09824903
v 0.24057411 0.76634240 -0.14540856
v 0.24380834 0.76634240 -0.13754864
v 0.24463324 0.76634240 -0.12968871
v 0.24758755 0.76634240 -0.12304270
v 0.24758755 0.76398009 0.05894941
v 0.24758755 0.76634240 0.08161314
v 0.24259019 0.76634240 0.09824903
v 0.24234360 0.77420235 -0.13754864
v 0.24432801 0.77420235 -0.12968871
v 0.24758755 0.76987290 -0.12182879
v 0.24672247 0.77420235 -0.12182879
v 0.24758755 0.77420235 -0.11998375
v 0.24526697 0.77420235 0.08252918
v 0.24758755 0.77420235 0.07900412
v 0.24710266 0.78206223 -0.11396887
v 0.24758755 0.78087431 -0.11396887
v 0.24758755 0.78206223 -0.11273026
v 0.24478279 0.78206223 0.07466926
v 0.24758755 0.77857727 0.07466926
v 0.24758755 0.78206223 0.07056551
v 0.24383005 0.78992218 -0.11396887
v 0.24758755 0.78534073 -0.10610895
v 0.24401678 0.78992218 -0.10610895
v 0.24758755 0.78530860 -0.09824903
v 0.24758755 0.78992218 -0.09071520
v 0.24632250 0.78992218 0.05894941
v 0.24758755 0.78765267 0.05894941
v 0.24645779 0.78992218 0.06680934
v 0.24758755 0.78637886 0.06680934
v 0.24351247 0.78992218 0.07466926
v 0.24055600 0.79778212 -0.11396887
v 0.24075738 0.79778212 -0.10610895
v 0.24758755 0.79042697 -0.09038910
v 0.24433126 0.79778212 -0.09038910
v 0.24323675 0.79778212 -0.08252918
v 0.24758755 0.79189241 -0.08252918
v 0.24095646 0.79778212 -0.07466926
v 0.24758755 0.79253060 -0.07466926
v 0.24758755 0.79778212 -0.07005250
v 0.24758755 0.79778212 -0.04086689
v 0.24596545 0.79778212 0.01964981
v 0.24758755 0.79216790 0.01964981
v 0.24632958 0.79778212 0.02750973
v 0.24758755 0.79519278 0.02750973
v 0.24758755 0.79778212 0.03182168
v 0.24345346 0.79778212 0.05108950
v 0.24435428 0.79778212 0.05894941
v 0.24233472 0.79778212 0.06680934
v 0.24253838 0.80564201 -0.09038910
v 0.24348201 0.80564201 -0.08252918
v 0.24399088 0.80564201 -0.07466926
v 0.24758755 0.80131835 -0.06680934
v 0.24378076 0.80564201 -0.06680934
v 0.24574238 0.80564201 -0.03536965
v 0.24758755 0.80564201 -0.02978515
v 0.24758407 0.80564201 0.01178988
v 0.24758755 0.80562955 0.01178988
v 0.24758755 0.80564201 0.01096271
v 0.24696113 0.80564201 0.01964981
v 0.24537827 0.80564201 0.02750973
v 0.24758755 0.79961550 0.03536965
v 0.24396473 0.80564201 0.03536965
v 0.24394231 0.80564201 0.04322957
v 0.24273482 0.80564201 0.05108950
v 0.24074417 0.80564201 0.05894941
v 0.24064691 0.81350195 -0.07466926
v 0.23999256 0.81350195 -0.05894941
v 0.24538594 0.81350195 -0.05108950
v 0.24627596 0.81350195 -0.04322957
v 0.24404845 0.81350195 -0.03536965
v 0.24758755 0.80724972 -0.02750973
v 0.24277620 0.81350195 -0.02750973
v 0.24464811 0.81350195 -0.01964981
v 0.24758755 0.80926400 -0.01964981
v 0.24462329 0.81350195 -0.01178988
v 0.24758755 0.80738419 -0.01178988
v 0.24486111 0.81350195 -0.00392996
v 0.24758755 0.80649501 -0.00392996
v 0.24437478 0.81350195 0.00392996
v 0.24758755 0.80572319 0.00392996
v 0.24454053 0.81350195 0.01178988
v 0.24387719 0.81350195 0.01964981
v 0.24046737 0.81350195 0.02750973
v 0.24024573 0.82136184 -0.05108950
v 0.24039589 0.82136184 -0.04322957
v 0.24004737 0.82136184 -0.01964981
v 0.24091077 0.82136184 -0.01178988
v 0.25278854 0.67202336 -0.15326849
v 0.25544748 0.67202336 -0.14611167
v 0.25227273 0.67988324 -0.15326849
v 0.25544748 0.67529476 -0.14540856
v 0.25512472 0.67988324 -0.14540856
v 0.25544748 0.67699707 -0.13754864
v 0.25509882 0.67988324 0.10610895
v 0.25153849 0.67988324 0.11396887
v 0.25091246 0.68774319 -0.15326849
v 0.25428027 0.68774319 -0.14540856
v 0.24878700 0.68774319 0.11396887
v 0.25045669 0.69560313 -0.15326849
v 0.25470796 0.69560313 -0.14540856
v 0.25544748 0.69560313 -0.14121565
v 0.24788019 0.69560313 0.11396887
v 0.25016958 0.70346302 -0.15326849
v 0.25436652 0.70346302 -0.14540856
v 0.25544748 0.70346302 -0.14215730
v 0.25170603 0.70346302 0.10610895
v 0.24898237 0.70346302 0.11396887
v 0.25196317 0.71132296 -0.14540856
v 0.25544748 0.71132296 -0.13954648
v 0.25544748 0.71132296 0.09733070
v 0.24878748 0.71918291 -0.14540856
v 0.25544748 0.71536076 -0.13754864
v 0.25472704 0.71918291 -0.13754864
v 0.25544748 0.71918291 -0.13477759
v 0.25544748 0.71918291 0.09259107
v 0.24883509 0.72704279 -0.14540856
v 0.25281340 0.72704279 -0.13754864
v 0.25544748 0.72517794 -0.12968871
v 0.25506452 0.72704279 -0.12968871
v 0.25544748 0.72704279 -0.12820892
v 0.25450575 0.72704279 0.09038910
v 0.25544748 0.72445774 0.09038910
v 0.25544748 0.72704279 0.08765847
v 0.24899040 0.72704279 0.09824903
v 0.24794854 0.73490274 -0.14540856
v 0.25119898 0.73490274 -0.13754864
v 0.25094086 0.73490274 -0.12968871
v 0.25544748 0.72959679 -0.12182879
v 0.25544748 0.73490274 -0.11554017
v 0.25458646 0.73490274 0.08252918
v 0.25544748 0.73239183 0.08252918
v 0.25544748 0.73490274 0.08066723
v 0.25210878 0.73490274 0.09038910
v 0.25014225 0.73490274 0.09824903
v 0.24773782 0.73490274 0.10610895
v 0.24977344 0.74276263 -0.13754864
v 0.25544748 0.74276263 -0.11469062
v 0.25324154 0.74276263 0.08252918
v 0.25544748 0.74276263 0.07766519
v 0.25094435 0.74276263 0.09038910
v 0.24912401 0.74276263 0.09824903
v 0.24792205 0.75062257 -0.13754864
v 0.25111261 0.75062257 -0.12182879
v 0.25544748 0.75062257 -0.11642917
v 0.25475377 0.75062257 0.07466926
v 0.25544748 0.74812078 0.07466926
v 0.25544748 0.75062257 0.07275261
v 0.24927992 0.75848252 -0.12182879
v 0.25544748 0.75848252 -0.11401691
v 0.25178063 0.75848252 0.05894941
v 0.25544748 0.75486988 0.05894941
v 0.25544748 0.75848252 0.05195913
v 0.25510579 0.75848252 0.06680934
v 0.25544748 0.75681841 0.06680934
v 0.25320303 0.75848252 0.07466926
v 0.24814788 0.76634240 -0.12182879
v 0.25544748 0.75856155 -0.11396887
v 0.25286674 0.76634240 -0.11396887
v 0.25263360 0.76634240 -0.10610895
v 0.25544748 0.76111263 -0.10610895
v 0.25036940 0.76634240 -0.09824903
v 0.25544748 0.75951642 -0.09824903
v 0.25536329 0.76634240 -0.09038910
v 0.25544748 0.76587278 -0.09038910
v 0.25544748 0.76634240 -0.09017239
v 0.25408828 0.76634240 -0.07466926
v 0.25544748 0.76634240 -0.07660348
v 0.25544748 0.75895095 0.05108950
v 0.25544748 0.76634240 0.04655879
v 0.25262654 0.76634240 0.06680934
v 0.25193271 0.76634240 0.07466926
v 0.24945143 0.77420235 -0.11396887
v 0.25017846 0.77420235 -0.10610895
v 0.25268099 0.77420235 -0.09824903
v 0.25544748 0.77420235 -0.09095513
v 0.25544748 0.76831412 -0.09038910
v 0.25383642 0.77420235 -0.07466926
v 0.25544748 0.77420235 -0.07951976
v 0.25319308 0.77420235 0.05108950
v 0.25544748 0.77420235 0.04722094
v 0.25122678 0.77420235 0.05894941
v 0.25071311 0.77420235 0.06680934
v 0.24935560 0.77420235 0.07466926
v 0.24934769 0.78206223 -0.10610895
v 0.25083184 0.78206223 -0.09824903
v 0.25544748 0.77489924 -0.09038910
v 0.25353262 0.78206223 -0.09038910
v 0.25429600 0.78206223 -0.08252918
v 0.25544748 0.77736974 -0.08252918
v 0.25516480 0.78206223 -0.07466926
v 0.25115302 0.78206223 0.00392996
v 0.25544748 0.77721363 0.00392996
v 0.25544748 0.78206223 -0.00035860
v 0.25436914 0.78206223 0.01178988
v 0.25544748 0.78029478 0.01178988
v 0.25544748 0.78206223 0.01443440
v 0.25442132 0.78206223 0.04322957
v 0.25544748 0.77921265 0.04322957
v 0.25544748 0.78206223 0.03778486
v 0.25108755 0.78206223 0.05108950
v 0.25038210 0.78206223 0.05894941
v 0.24887203 0.78206223 0.06680934
v 0.24780691 0.78992218 -0.09038910
v 0.24887839 0.78992218 -0.08252918
v 0.25006297 0.78992218 -0.07466926
v 0.25443405 0.78992218 -0.06680934
v 0.24853909 0.78992218 -0.05108950
v 0.25544748 0.78210253 -0.05108950
v 0.25347230 0.78992218 -0.04322957
v 0.25544748 0.78745013 -0.04322957
v 0.25544748 0.78992218 -0.03855585
v 0.25181481 0.78992218 -0.01964981
v 0.25544748 0.78253585 -0.01964981
v 0.25434110 0.78992218 -0.01178988
v 0.25544748 0.78608274 -0.01178988
v 0.25544748 0.78992218 -0.00749263
v 0.25454041 0.78992218 0.00392996
v 0.25544748 0.78992218 0.00032718
v 0.25354642 0.78992218 0.01178988
v 0.25544748 0.78398073 0.01964981
v 0.24861477 0.78992218 0.01964981
v 0.25054187 0.78992218 0.02750973
v 0.25544748 0.78280056 0.02750973
v 0.25272679 0.78992218 0.03536965
v 0.25544748 0.78307867 0.03536965
v 0.24999689 0.79778212 -0.06680934
v 0.24938282 0.79778212 -0.04322957
v 0.25544748 0.79074144 -0.03536965
v 0.25010577 0.79778212 -0.02750973
v 0.25544748 0.79149163 -0.02750973
v 0.25252411 0.79778212 -0.01964981
v 0.25361237 0.79778212 -0.01178988
v 0.25544748 0.79237562 -0.00392996
v 0.25361153 0.79778212 -0.00392996
v 0.25198898 0.79778212 0.00392996
v 0.25026578 0.79778212 0.01178988
v 0.24848177 0.79778212 0.03536965
v 0.24833353 0.80564201 -0.02750973
v 0.24955937 0.80564201 -0.01964981
v 0.24847613 0.80564201 -0.01178988
v 0.24794663 0.80564201 -0.00392996
v 0.24761993 0.80564201 0.00392996
v 0.25568578 0.67202336 -0.14540856
v 0.26182491 0.68774319 -0.12182879
v 0.25852111 0.68774319 -0.11396887
v 0.25914368 0.68774319 -0.10610895
v 0.26330739 0.68774319 -0.10340830
v 0.25617066 0.69560313 -0.13754864
v 0.26003599 0.69560313 -0.12968871
v 0.26330739 0.69560313 -0.12385032
v 0.26330739 0.69155079 -0.12182879
v 0.26330739 0.69460958 -0.11396887
v 0.26330739 0.69323385 -0.10610895
v 0.25692061 0.70346302 -0.13754864
v 0.25973818 0.70346302 -0.12968871
v 0.26330739 0.70171118 -0.12182879
v 0.26304942 0.70346302 -0.12182879
v 0.26330739 0.70346302 -0.12055247
v 0.26134324 0.70346302 0.05894941
v 0.26330739 0.70114040 0.05894941
v 0.26330739 0.70346302 0.05655196
v 0.25620306 0.71132296 -0.13754864
v 0.25780931 0.71132296 -0.12968871
v 0.25927272 0.71132296 -0.12182879
v 0.26330739 0.70840931 -0.11396887
v 0.26162881 0.71132296 -0.11396887
v 0.26330739 0.71132296 -0.10617785
v 0.25678509 0.71918291 -0.12968871
v 0.25828701 0.71918291 -0.12182879
v 0.26142350 0.71918291 -0.11396887
v 0.26330739 0.71918291 -0.10840110
v 0.26185045 0.71918291 0.07466926
v 0.25982982 0.71918291 0.08252918
v 0.25710553 0.71918291 0.09038910
v 0.25731638 0.72704279 -0.12182879
v 0.26041904 0.72704279 -0.11396887
v 0.26330739 0.72049087 -0.10610895
v 0.25772175 0.72704279 -0.10610895
v 0.25982201 0.72704279 -0.09824903
v 0.26330739 0.72436792 -0.09824903
v 0.26330739 0.72704279 -0.09548649
v 0.26330739 0.72704279 0.05236558
v 0.26008445 0.72704279 0.07466926
v 0.25697291 0.72704279 0.08252918
v 0.25668854 0.73490274 -0.11396887
v 0.26330739 0.73490274 -0.09167287
v 0.26061442 0.73490274 0.05894941
v 0.26330739 0.73490274 0.05392015
v 0.26014259 0.73490274 0.06680934
v 0.25770882 0.73490274 0.07466926
v 0.25613374 0.74276263 -0.11396887
v 0.25873244 0.74276263 -0.10610895
v 0.25969201 0.74276263 -0.09824903
v 0.26330739 0.74000752 -0.09038910
v 0.26285416 0.74276263 -0.09038910
v 0.26330739 0.74276263 -0.08819715
v 0.26131639 0.74276263 -0.05894941
v 0.26330739 0.74095225 -0.05894941
v 0.26330739 0.74276263 -0.06260689
v 0.26330739 0.74276263 -0.05511534
v 0.26285800 0.74276263 0.02750973
v 0.26330739 0.73594254 0.02750973
v 0.26330739 0.74276263 0.02707953
v 0.26330739 0.74276263 0.02886161
v 0.26262426 0.74276263 0.05108950
v 0.26330739 0.74009436 0.05108950
v 0.26330739 0.74276263 0.04890756
v 0.26014370 0.74276263 0.05894941
v 0.25818014 0.74276263 0.06680934
v 0.25643057 0.74276263 0.07466926
v 0.25682023 0.75062257 -0.11396887
v 0.25918996 0.75062257 -0.10610895
v 0.25932419 0.75062257 -0.09824903
v 0.25928819 0.75062257 -0.09038910
v 0.26330739 0.74802792 -0.08252918
v 0.26278591 0.75062257 -0.08252918
v 0.26330739 0.75062257 -0.08049920
v 0.26276734 0.75062257 -0.06680934
v 0.26330739 0.74878663 -0.06680934
v 0.26330739 0.75062257 -0.06827672
v 0.26103106 0.75062257 -0.05894941
v 0.26330739 0.75062257 -0.05581455
v 0.25934565 0.75062257 -0.02750973
v 0.26330739 0.75062257 -0.02385369
v 0.26330739 0.74500853 0.02750973
v 0.26306009 0.75062257 0.04322957
v 0.26330739 0.74959320 0.04322957
v 0.26330739 0.75062257 0.03658217
v 0.26061958 0.75062257 0.05108950
v 0.25761741 0.75062257 0.05894941
v 0.25684324 0.75062257 0.06680934
v 0.25547230 0.75848252 -0.11396887
v 0.25661945 0.75848252 -0.10610895
v 0.25593057 0.75848252 -0.09824903
v 0.25666958 0.75848252 -0.09038910
v 0.26124611 0.75848252 -0.08252918
v 0.26330739 0.75568515 -0.07466926
v 0.26229048 0.75848252 -0.07466926
v 0.26147684 0.75848252 -0.06680934
v 0.26328400 0.75848252 -0.05894941
v 0.26330739 0.75848252 -0.05887458
v 0.25798562 0.75848252 -0.02750973
v 0.26330739 0.75848252 -0.02100313
v 0.25780800 0.75848252 0.00392996
v 0.26330739 0.75428075 0.00392996
v 0.26330739 0.75848252 -0.00072020
v 0.25900936 0.75848252 0.01178988
v 0.26330739 0.75610554 0.01178988
v 0.26330739 0.75848252 0.01796535
v 0.25816095 0.75848252 0.02750973
v 0.26330739 0.75221658 0.02750973
v 0.26330739 0.75848252 0.02107305
v 0.25926805 0.75848252 0.03536965
v 0.26330739 0.75074768 0.03536965
v 0.26109079 0.75848252 0.04322957
v 0.25578004 0.75848252 0.05108950
v 0.25797075 0.76634240 -0.08252918
v 0.26162103 0.76634240 -0.05894941
v 0.26330739 0.76549137 -0.05108950
v 0.26308444 0.76634240 -0.05108950
v 0.26330739 0.76634240 -0.04720193
v 0.26315039 0.76634240 -0.03536965
v 0.26330739 0.76634240 -0.03860448
v 0.26245227 0.76634240 -0.02750973
v 0.26330739 0.76634240 -0.02156220
v 0.26069334 0.76634240 0.00392996
v 0.26330739 0.76634240 -0.00157028
v 0.25942191 0.76634240 0.01178988
v 0.26330739 0.76045215 0.01964981
v 0.26128078 0.76634240 0.01964981
v 0.25606358 0.76634240 0.02750973
v 0.25739181 0.76634240 0.03536965
v 0.25834146 0.76634240 0.04322957
v 0.25562930 0.77420235 -0.09038910
v 0.25628138 0.77420235 -0.08252918
v 0.25925127 0.77420235 -0.05894941
v 0.26031747 0.77420235 -0.05108950
v 0.26330739 0.76688844 -0.04322957
v 0.25982395 0.77420235 -0.04322957
v 0.26087636 0.77420235 -0.03536965
v 0.26117620 0.77420235 -0.02750973
v 0.26330739 0.76705098 -0.01964981
v 0.26061791 0.77420235 -0.01964981
v 0.26153994 0.77420235 -0.01178988
v 0.26330739 0.76849198 -0.01178988
v 0.26168782 0.77420235 -0.00392996
v 0.26330739 0.76896942 -0.00392996
v 0.25751296 0.77420235 0.00392996
v 0.25827885 0.77420235 0.01178988
v 0.25980222 0.77420235 0.01964981
v 0.25639519 0.77420235 0.02750973
v 0.25647014 0.77420235 0.03536965
v 0.25698957 0.77420235 0.04322957
v 0.25547746 0.78206223 -0.05108950
v 0.25752038 0.78206223 -0.04322957
v 0.25940585 0.78206223 -0.03536965
v 0.25930211 0.78206223 -0.02750973
v 0.25564331 0.78206223 -0.01964981
v 0.25664189 0.78206223 -0.01178988
v 0.25744483 0.78206223 -0.00392996
v 0.25665554 0.78206223 0.01964981
v 0.25580090 0.78206223 0.02750973
v 0.25581637 0.78206223 0.03536965
v 0.25613493 0.78992218 -0.03536965
v 0.25626516 0.78992218 -0.02750973
v 0.25623566 0.78992218 -0.00392996
v 0.26437587 0.67202336 -0.09824903
v 0.27116731 0.67202336 -0.09070795
v 0.27004474 0.67202336 -0.07466926
v 0.27116731 0.67202336 -0.07750981
v 0.27116731 0.67202336 -0.06983273
v 0.26413614 0.67988324 -0.10610895
v 0.26581100 0.67988324 -0.09824903
v 0.27116731 0.67988324 -0.09064499
v 0.27116731 0.67654014 -0.07466926
v 0.27105662 0.67988324 -0.01964981
v 0.27116731 0.67988324 -0.02000907
v 0.26790681 0.68774319 -0.09824903
v 0.27116731 0.68634945 -0.09038910
v 0.27113625 0.68774319 -0.09038910
v 0.27116731 0.68774319 -0.09024291
v 0.27116731 0.68042839 -0.01964981
v 0.26420233 0.69560313 -0.12182879
v 0.26378605 0.69560313 -0.11396887
v 0.26439470 0.69560313 -0.10610895
v 0.26932383 0.69560313 -0.09824903
v 0.27116731 0.69560313 -0.09139924
v 0.27116731 0.68851805 -0.09038910
v 0.27116731 0.69560313 0.04882468
v 0.27055243 0.69560313 0.05108950
v 0.26723602 0.69560313 0.05894941
v 0.26462328 0.70346302 -0.11396887
v 0.26551116 0.70346302 -0.10610895
v 0.26833019 0.70346302 -0.09824903
v 0.27116731 0.69707096 -0.09038910
v 0.26999652 0.70346302 -0.09038910
v 0.26925918 0.70346302 -0.08252918
v 0.27116731 0.69788986 -0.08252918
v 0.27048802 0.70346302 -0.07466926
v 0.27116731 0.70188677 -0.07466926
v 0.27116731 0.70346302 -0.07365679
v 0.27062127 0.70346302 -0.04322957
v 0.27116731 0.70235544 -0.04322957
v 0.27116731 0.70346302 -0.04437847
v 0.27116731 0.70346302 -0.04267500
v 0.27082658 0.70346302 0.04322957
v 0.27116731 0.70197070 0.04322957
v 0.27116731 0.70346302 0.04138896
v 0.26742986 0.70346302 0.05108950
v 0.26331556 0.71132296 -0.10610895
v 0.26604199 0.71132296 -0.09824903
v 0.26885322 0.71132296 -0.09038910
v 0.26910231 0.71132296 -0.08252918
v 0.26609451 0.71132296 -0.07466926
v 0.27116731 0.70880115 -0.06680934
v 0.26701882 0.71132296 -0.06680934
v 0.27116731 0.71132296 -0.06394174
v 0.27116731 0.70502639 -0.04322957
v 0.26550913 0.71132296 0.03536965
v 0.27116731 0.70572883 0.03536965
v 0.27116731 0.71132296 0.03086269
v 0.26470786 0.71132296 0.04322957
v 0.26386520 0.71918291 -0.10610895
v 0.26580906 0.71918291 -0.09824903
v 0.26831052 0.71918291 -0.09038910
v 0.26860830 0.71918291 -0.08252918
v 0.26478064 0.71918291 -0.07466926
v 0.26457557 0.71918291 -0.06680934
v 0.27116731 0.71918291 -0.06037032
v 0.26681495 0.71918291 0.03536965
v 0.27116731 0.71918291 0.02896415
v 0.26614633 0.71918291 0.04322957
v 0.26647925 0.71918291 0.05108950
v 0.26573351 0.72704279 -0.09038910
v 0.26470307 0.72704279 -0.08252918
v 0.26535249 0.72704279 -0.07466926
v 0.26934072 0.72704279 -0.06680934
v 0.27116731 0.72704279 -0.05940606
v 0.27023435 0.72704279 -0.01178988
v 0.27116731 0.72557807 -0.01178988
v 0.27116731 0.72704279 -0.01862180
v 0.27079865 0.72704279 -0.00392996
v 0.27116731 0.72660279 -0.00392996
v 0.27048045 0.72704279 0.00392996
v 0.27116731 0.72516322 0.00392996
v 0.27116731 0.72704279 0.00821540
v 0.26933545 0.72704279 0.01964981
v 0.27116731 0.72328049 0.01964981
v 0.27116731 0.72704279 0.01402291
v 0.26699892 0.72704279 0.02750973
v 0.27116731 0.72053462 0.02750973
v 0.26757041 0.72704279 0.03536965
v 0.26813674 0.72704279 0.04322957
v 0.26456994 0.72704279 0.05108950
v 0.26405409 0.73490274 -0.09038910
v 0.26437598 0.73490274 -0.08252918
v 0.26555061 0.73490274 -0.07466926
v 0.26804414 0.73490274 -0.06680934
v 0.27116731 0.72732538 -0.05894941
v 0.26773161 0.73490274 -0.05894941
v 0.26647615 0.73490274 -0.05108950
v 0.27116731 0.72980124 -0.05108950
v 0.27041522 0.73490274 -0.04322957
v 0.27116731 0.73292440 -0.04322957
v 0.27116731 0.73490274 -0.03908769
v 0.27096859 0.73490274 -0.01964981
v 0.27116731 0.72967136 -0.01964981
v 0.27116731 0.73490274 -0.02035117
v 0.26470521 0.73490274 -0.01178988
v 0.26779827 0.73490274 -0.00392996
v 0.27032059 0.73490274 0.00392996
v 0.27116731 0.73350179 0.01178988
v 0.27106380 0.73490274 0.01178988
v 0.26699486 0.73490274 0.01964981
v 0.26335454 0.73490274 0.02750973
v 0.26592457 0.73490274 0.03536965
v 0.26711443 0.73490274 0.04322957
v 0.26456609 0.73490274 0.05108950
v 0.26431063 0.74276263 -0.08252918
v 0.26581988 0.74276263 -0.07466926
v 0.26462474 0.74276263 -0.06680934
v 0.26468122 0.74276263 -0.05108950
v 0.26926327 0.74276263 -0.04322957
v 0.27116731 0.73710179 -0.03536965
v 0.26985344 0.74276263 -0.03536965
v 0.27017054 0.74276263 -0.02750973
v 0.27116731 0.73957795 -0.02750973
v 0.26998466 0.74276263 -0.01964981
v 0.26696223 0.74276263 -0.01178988
v 0.26837817 0.74276263 -0.00392996
v 0.26978570 0.74276263 0.00392996
v 0.27010447 0.74276263 0.01178988
v 0.26779744 0.74276263 0.01964981
v 0.26450419 0.74276263 0.03536965
v 0.26492959 0.74276263 0.04322957
v 0.26479384 0.75062257 -0.07466926
v 0.26548034 0.75062257 -0.05108950
v 0.26755878 0.75062257 -0.04322957
v 0.26651546 0.75062257 -0.01964981
v 0.26849198 0.75062257 -0.01178988
v 0.26802626 0.75062257 -0.00392996
v 0.26609990 0.75062257 0.00392996
v 0.26759714 0.75062257 0.01178988
v 0.26744208 0.75062257 0.01964981
v 0.26396212 0.75062257 0.02750973
v 0.26335549 0.75062257 0.03536965
v 0.26511899 0.75848252 -0.05108950
v 0.26549965 0.75848252 -0.04322957
v 0.26415676 0.75848252 -0.01964981
v 0.26633427 0.75848252 -0.01178988
v 0.26524299 0.75848252 -0.00392996
v 0.26388642 0.75848252 0.01964981
v 0.26353598 0.76634240 -0.04322957
v 0.26355830 0.76634240 -0.01964981
v 0.26397687 0.76634240 -0.01178988
v 0.26404294 0.76634240 -0.00392996
v 0.27139664 0.67202336 -0.09038910
v 0.27311984 0.67202336 -0.08252918
v 0.27203646 0.67202336 -0.06680934
v 0.27721217 0.67202336 -0.05894941
v 0.27718723 0.67202336 -0.05108950
v 0.27900672 0.67202336 -0.00392996
v 0.27769154 0.67202336 0.00392996
v 0.27733642 0.67202336 0.01178988
v 0.27687672 0.67202336 0.01964981
v 0.27530774 0.67202336 0.02750973
v 0.27465987 0.67202336 0.03536965
v 0.27317283 0.67202336 0.04322957
v 0.27131170 0.67988324 -0.09038910
v 0.27342278 0.67988324 -0.08252918
v 0.27197891 0.67988324 -0.07466926
v 0.27309486 0.67988324 -0.06680934
v 0.27684578 0.67988324 -0.05894941
v 0.27603719 0.67988324 -0.05108950
v 0.27256754 0.67988324 -0.04322957
v 0.27745757 0.67988324 -0.03536965
v 0.27455723 0.67988324 -0.02750973
v 0.27902722 0.67248195 -0.00392996
v 0.27902722 0.67988324 -0.00189098
v 0.27809045 0.67988324 0.00392996
v 0.27764633 0.67988324 0.01178988
v 0.27616253 0.67988324 0.01964981
v 0.27469060 0.67988324 0.02750973
v 0.27487612 0.67988324 0.03536965
v 0.27271864 0.68774319 -0.08252918
v 0.27343079 0.68774319 -0.07466926
v 0.27443728 0.68774319 -0.06680934
v 0.27540478 0.68774319 -0.05894941
v 0.27512917 0.68774319 -0.05108950
v 0.27661216 0.68774319 -0.04322957
v 0.27902722 0.68774319 -0.03666481
v 0.27902722 0.68570095 -0.03536965
v 0.27902722 0.68774319 -0.03326177
v 0.27759105 0.68774319 -0.02750973
v 0.27310482 0.68774319 -0.01964981
v 0.27902722 0.68126804 -0.00392996
v 0.27680439 0.68774319 -0.00392996
v 0.27545959 0.68774319 0.01178988
v 0.27467740 0.68774319 0.01964981
v 0.27219453 0.68774319 0.02750973
v 0.27323532 0.68774319 0.03536965
v 0.27143538 0.69560313 -0.09038910
v 0.27178845 0.69560313 -0.08252918
v 0.27296776 0.69560313 -0.07466926
v 0.27516133 0.69560313 -0.06680934
v 0.27506980 0.69560313 -0.05894941
v 0.27220857 0.69560313 -0.05108950
v 0.27361298 0.69560313 -0.04322957
v 0.27902722 0.68981552 -0.03536965
v 0.27793825 0.69560313 -0.03536965
v 0.27782035 0.69560313 -0.02750973
v 0.27543584 0.69560313 -0.01964981
v 0.27624059 0.69560313 -0.01178988
v 0.27135706 0.69560313 -0.00392996
v 0.27400410 0.69560313 0.01964981
v 0.27146414 0.69560313 0.02750973
v 0.27294785 0.69560313 0.03536965
v 0.27241641 0.69560313 0.04322957
v 0.27417883 0.70346302 -0.06680934
v 0.27566624 0.70346302 -0.05894941
v 0.27308863 0.70346302 -0.05108950
v 0.27525452 0.70346302 -0.03536965
v 0.27707437 0.70346302 -0.02750973
v 0.27675283 0.70346302 -0.01964981
v 0.27674276 0.70346302 -0.01178988
v 0.27501237 0.70346302 -0.00392996
v 0.27178702 0.70346302 0.00392996
v 0.27483761 0.70346302 0.01178988
v 0.27505758 0.70346302 0.01964981
v 0.27325019 0.70346302 0.02750973
v 0.27214178 0.70346302 0.03536965
v 0.27368170 0.71132296 -0.05894941
v 0.27393788 0.71132296 -0.05108950
v 0.27240789 0.71132296 -0.04322957
v 0.27520090 0.71132296 -0.03536965
v 0.27656657 0.71132296 -0.02750973
v 0.27478570 0.71132296 -0.01964981
v 0.27504066 0.71132296 -0.01178988
v 0.27630681 0.71132296 -0.00392996
v 0.27532119 0.71132296 0.00392996
v 0.27454019 0.71132296 0.01178988
v 0.27406633 0.71132296 0.01964981
v 0.27294400 0.71132296 0.02750973
v 0.27181688 0.71918291 -0.05894941
v 0.27349797 0.71918291 -0.05108950
v 0.27323651 0.71918291 -0.04322957
v 0.27468038 0.71918291 -0.03536965
v 0.27494821 0.71918291 -0.02750973
v 0.27184853 0.71918291 -0.01964981
v 0.27316576 0.71918291 -0.01178988
v 0.27489722 0.71918291 -0.00392996
v 0.27315208 0.71918291 0.00392996
v 0.27254474 0.71918291 0.01178988
v 0.27245936 0.71918291 0.01964981
v 0.27177069 0.71918291 0.02750973
v 0.27125749 0.72704279 -0.05894941
v 0.27234578 0.72704279 -0.05108950
v 0.27267584 0.72704279 -0.04322957
v 0.27275726 0.72704279 -0.03536965
v 0.27287793 0.72704279 -0.02750973
v 0.27123484 0.72704279 -0.01964981
v 0.27164873 0.72704279 0.01178988
v 0.27163351 0.73490274 -0.03536965
v 0.27236807 0.73490274 -0.02750973
v 0.27934495 0.67988324 -0.00392996
v 0.27939650 0.68774319 -0.03536965
f 3 6 4
f 18 17 16
f 19 17 18
f 1 2 18
f 16 1 18
f 5 19 18
f 5 4 19
f 4 20 19
f 2 5 18
f 4 21 20
f 6 21 4
f 21 6 7
f 22 21 7
f 7 8 22
f 22 8 23
f 8 9 23
f 23 9 24
f 9 10 24
f 24 10 25
f 30 28 27
f 31 28 30
f 29 30 27
f 32 31 30
f 33 31 32
f 30 11 32
f 32 34 33
f 34 32 12
f 34 12 35
f 37 38 36
f 37 36 13
f 13 14 37
f 37 39 38
f 15 40 39
f 15 39 37
f 15 37 14
f 42 43 44
f 42 44 41
f 42 41 17
f 42 45 43
f 45 42 17
f 45 17 46
f 46 17 19
f 19 20 46
f 46 20 47
f 48 20 21
f 48 49 20
f 49 47 20
f 21 22 48
f 48 50 49
f 50 48 22
f 50 22 51
f 23 24 51
f 51 24 52
f 24 25 52
f 52 25 53
f 25 54 53
f 26 54 25
f 54 26 28
f 55 54 28
f 28 31 55
f 31 33 56
f 56 33 57
f 33 58 57
f 34 58 33
f 73 38 39
f 73 74 38
f 73 75 74
f 44 78 79
f 43 78 44
f 77 41 44
f 79 77 44
f 80 43 45
f 80 81 43
f 81 78 43
f 45 46 80
f 80 82 81
f 82 80 46
f 82 46 83
f 83 46 47
f 47 49 83
f 83 49 84
f 85 49 50
f 85 86 49
f 86 84 49
f 50 51 85
f 87 86 85
f 88 86 87
f 51 52 87
f 85 51 87
f 87 89 88
f 89 87 52
f 89 52 90
f 90 52 53
f 53 91 90
f 54 91 53
f 91 54 55
f 92 91 55
f 56 57 93
f 93 57 94
f 57 95 94
f 58 95 57
f 96 97 95
f 98 97 96
f 99 97 98
f 59 60 98
f 96 59 98
f 98 100 99
f 101 102 100
f 61 101 100
f 61 100 98
f 61 98 60
f 61 62 101
f 103 102 101
f 104 102 103
f 62 63 103
f 101 62 103
f 103 105 104
f 106 107 105
f 64 106 105
f 64 105 103
f 64 103 63
f 64 65 108
f 106 64 108
f 65 66 108
f 106 109 107
f 109 110 111
f 109 106 110
f 106 108 110
f 66 67 110
f 108 66 110
f 110 112 111
f 112 110 67
f 112 67 113
f 68 114 113
f 69 114 68
f 115 116 114
f 115 114 70
f 70 114 69
f 70 71 117
f 115 70 117
f 115 118 116
f 118 119 120
f 118 115 119
f 119 121 120
f 121 119 72
f 121 72 122
f 122 72 74
f 74 123 122
f 75 123 74
f 124 125 123
f 124 123 76
f 76 123 75
f 124 126 125
f 78 129 128
f 78 81 129
f 129 81 130
f 81 131 130
f 82 131 81
f 131 82 83
f 132 131 83
f 83 84 132
f 132 84 133
f 84 86 133
f 133 86 134
f 86 88 134
f 134 88 135
f 136 88 89
f 136 137 88
f 137 135 88
f 89 90 136
f 136 138 137
f 139 140 138
f 91 139 138
f 91 138 136
f 91 136 90
f 91 92 139
f 141 140 139
f 142 140 141
f 139 92 141
f 141 143 142
f 143 141 93
f 143 93 144
f 144 93 94
f 145 94 95
f 145 146 94
f 146 144 94
f 95 97 145
f 145 147 146
f 147 145 97
f 147 97 148
f 148 97 99
f 149 99 100
f 149 150 99
f 150 148 99
f 100 102 149
f 149 151 150
f 151 149 102
f 151 102 152
f 152 102 104
f 104 153 152
f 105 153 104
f 153 105 107
f 154 153 107
f 155 107 109
f 155 156 107
f 156 154 107
f 109 111 155
f 155 157 156
f 158 159 157
f 112 158 157
f 112 157 155
f 112 155 111
f 112 113 158
f 158 160 159
f 161 162 160
f 114 161 160
f 114 160 158
f 114 158 113
f 114 116 161
f 161 163 162
f 164 165 163
f 118 164 163
f 118 163 161
f 118 161 116
f 118 120 164
f 164 166 165
f 120 166 164
f 120 121 166
f 121 167 166
f 167 121 122
f 168 167 122
f 122 169 168
f 123 169 122
f 169 123 125
f 170 169 125
f 125 171 170
f 126 171 125
f 126 172 171
f 176 127 177
f 178 179 180
f 178 180 177
f 178 177 128
f 128 177 127
f 178 181 179
f 181 178 128
f 181 128 182
f 182 128 129
f 129 130 182
f 182 130 183
f 184 130 131
f 184 185 130
f 185 183 130
f 131 132 184
f 186 185 184
f 187 185 186
f 132 133 186
f 184 132 186
f 186 188 187
f 188 186 133
f 188 133 189
f 135 137 192
f 193 137 138
f 193 194 137
f 194 192 137
f 138 140 193
f 193 195 194
f 195 193 140
f 195 140 196
f 196 140 142
f 197 142 143
f 197 198 142
f 198 196 142
f 143 144 197
f 197 199 198
f 199 197 144
f 199 144 200
f 200 144 146
f 201 146 147
f 201 202 146
f 202 200 146
f 147 148 201
f 201 203 202
f 203 201 148
f 203 148 204
f 204 148 150
f 150 205 204
f 151 205 150
f 205 151 152
f 206 205 152
f 152 207 206
f 153 207 152
f 207 153 154
f 208 207 154
f 209 156 210
f 209 208 156
f 208 154 156
f 156 157 210
f 211 162 212
f 162 213 212
f 163 213 162
f 213 163 165
f 214 213 165
f 165 215 214
f 166 215 165
f 167 216 166
f 166 216 215
f 216 167 168
f 217 168 169
f 217 218 168
f 169 170 217
f 217 219 218
f 170 219 217
f 170 171 219
f 171 220 219
f 173 223 222
f 226 174 227
f 174 175 227
f 227 175 228
f 176 177 231
f 231 177 232
f 180 233 234
f 179 233 180
f 232 177 180
f 234 232 180
f 235 179 181
f 235 236 179
f 236 233 179
f 181 182 235
f 235 237 236
f 237 235 182
f 237 182 238
f 238 182 183
f 183 185 238
f 238 185 239
f 185 187 239
f 239 187 240
f 187 241 240
f 188 241 187
f 241 188 189
f 242 241 189
f 189 243 242
f 190 243 189
f 243 190 191
f 244 243 191
f 245 194 247
f 192 194 245
f 248 246 245
f 247 248 245
f 194 195 247
f 247 195 196
f 247 196 248
f 250 198 251
f 250 249 198
f 249 196 198
f 250 251 252
f 198 199 251
f 251 199 200
f 251 200 252
f 252 200 253
f 254 202 255
f 254 253 202
f 253 200 202
f 202 203 255
f 206 257 256
f 207 257 206
f 261 211 262
f 211 212 262
f 262 212 263
f 212 264 263
f 213 264 212
f 214 265 266
f 214 266 213
f 213 266 264
f 214 215 265
f 216 265 215
f 218 269 268
f 219 269 218
f 220 270 219
f 219 270 269
f 223 274 222
f 222 274 273
f 276 277 275
f 224 276 275
f 224 275 272
f 224 272 221
f 224 225 276
f 276 278 277
f 278 276 225
f 278 225 279
f 226 227 281
f 281 227 282
f 227 228 282
f 282 228 283
f 283 229 284
f 285 229 230
f 285 286 229
f 286 284 229
f 230 231 285
f 287 286 285
f 288 286 287
f 231 232 287
f 285 231 287
f 234 288 287
f 234 233 288
f 233 289 288
f 232 234 287
f 233 236 289
f 289 236 290
f 236 291 290
f 237 291 236
f 291 237 238
f 292 291 238
f 238 239 292
f 292 239 293
f 239 240 293
f 293 240 294
f 295 240 241
f 295 296 240
f 296 294 240
f 241 242 295
f 297 296 295
f 298 296 297
f 242 299 295
f 295 299 297
f 297 300 298
f 300 301 302
f 300 297 301
f 303 302 301
f 304 302 303
f 246 248 303
f 301 246 303
f 303 305 304
f 305 303 248
f 305 248 306
f 306 248 249
f 307 249 250
f 307 308 249
f 308 306 249
f 250 252 307
f 307 309 308
f 309 307 252
f 309 252 310
f 310 252 253
f 253 311 310
f 254 311 253
f 313 256 257
f 313 314 256
f 314 312 256
f 257 258 315
f 313 257 315
f 258 259 315
f 313 316 314
f 316 317 318
f 316 313 317
f 313 315 317
f 259 260 319
f 259 319 315
f 315 319 317
f 260 261 319
f 317 320 318
f 320 321 322
f 320 317 321
f 317 319 321
f 261 262 321
f 319 261 321
f 321 323 322
f 323 321 262
f 323 262 324
f 263 325 324
f 264 325 263
f 326 327 325
f 326 325 266
f 266 325 264
f 326 328 327
f 328 329 330
f 328 326 329
f 329 331 330
f 331 329 267
f 331 267 332
f 268 333 332
f 269 333 268
f 270 334 269
f 269 334 333
f 334 270 271
f 335 334 271
f 271 336 335
f 273 344 343
f 345 346 344
f 345 344 274
f 274 344 273
f 345 274 347
f 275 277 347
f 345 348 346
f 347 348 345
f 349 348 347
f 277 349 347
f 277 278 349
f 278 350 349
f 350 278 279
f 351 350 279
f 279 352 351
f 280 352 279
f 356 281 282
f 282 283 356
f 356 283 357
f 283 284 357
f 357 284 358
f 284 286 358
f 358 286 359
f 286 288 359
f 359 288 360
f 288 289 360
f 360 289 361
f 289 290 361
f 361 290 362
f 363 290 291
f 363 364 290
f 364 362 290
f 291 292 363
f 363 365 364
f 365 363 292
f 365 292 366
f 366 292 293
f 293 294 366
f 366 294 367
f 294 296 367
f 296 298 368
f 368 298 369
f 298 370 369
f 300 370 298
f 370 300 302
f 371 370 302
f 302 304 371
f 371 304 372
f 373 304 305
f 373 374 304
f 374 372 304
f 305 306 373
f 373 375 374
f 375 373 306
f 375 306 376
f 376 306 308
f 377 308 309
f 377 378 308
f 378 376 308
f 309 310 377
f 377 379 378
f 380 381 379
f 311 380 379
f 311 379 377
f 311 377 310
f 380 382 381
f 385 383 384
f 384 386 385
f 386 384 312
f 386 312 387
f 387 312 314
f 314 388 387
f 316 388 314
f 388 316 318
f 389 388 318
f 318 390 389
f 320 390 318
f 390 320 322
f 391 390 322
f 322 392 391
f 323 392 322
f 392 323 324
f 393 392 324
f 394 324 325
f 394 395 324
f 395 393 324
f 325 327 394
f 394 396 395
f 327 396 394
f 327 328 396
f 328 397 396
f 397 328 330
f 398 397 330
f 330 399 398
f 331 399 330
f 399 331 332
f 400 399 332
f 332 401 400
f 333 401 332
f 402 403 401
f 402 401 334
f 334 401 333
f 334 335 402
f 402 404 403
f 335 404 402
f 335 336 404
f 336 405 404
f 406 405 337
f 337 407 406
f 338 407 337
f 407 338 339
f 408 407 339
f 339 409 408
f 340 409 339
f 341 410 340
f 340 410 409
f 410 341 342
f 411 410 342
f 342 412 411
f 343 412 342
f 344 413 343
f 343 413 412
f 413 344 346
f 414 413 346
f 346 415 414
f 348 415 346
f 349 416 348
f 348 416 415
f 417 418 416
f 417 416 350
f 350 416 349
f 350 351 417
f 417 419 418
f 351 419 417
f 351 352 419
f 352 420 419
f 352 421 420
f 423 354 424
f 423 422 354
f 422 353 354
f 423 424 425
f 354 355 424
f 424 355 356
f 424 356 425
f 425 356 426
f 356 357 426
f 426 357 427
f 357 358 427
f 427 358 428
f 358 359 428
f 428 359 429
f 359 360 429
f 429 360 430
f 430 360 361
f 362 364 431
f 364 432 431
f 365 432 364
f 432 365 366
f 433 432 366
f 434 367 435
f 434 433 367
f 433 366 367
f 434 435 436
f 438 369 439
f 438 437 369
f 437 368 369
f 438 439 440
f 369 370 439
f 439 370 371
f 439 371 440
f 440 371 441
f 371 372 441
f 372 374 442
f 442 374 443
f 374 444 443
f 375 444 374
f 444 375 376
f 445 444 376
f 376 378 445
f 445 378 446
f 378 447 446
f 379 447 378
f 447 379 381
f 448 447 381
f 381 449 448
f 382 449 381
f 449 382 383
f 450 449 383
f 383 385 450
f 450 385 451
f 385 452 451
f 386 452 385
f 452 386 387
f 453 452 387
f 387 454 453
f 388 454 387
f 454 388 389
f 455 454 389
f 389 456 455
f 390 456 389
f 456 390 391
f 457 456 391
f 391 458 457
f 392 458 391
f 458 392 393
f 459 458 393
f 460 395 461
f 460 459 395
f 459 393 395
f 460 461 462
f 395 396 461
f 461 396 397
f 461 397 463
f 461 463 462
f 463 397 464
f 397 398 464
f 464 465 463
f 398 465 464
f 398 399 465
f 399 466 465
f 466 399 400
f 467 466 400
f 400 468 467
f 401 468 400
f 403 469 470
f 403 470 401
f 401 470 468
f 470 469 471
f 403 404 469
f 469 472 471
f 469 404 472
f 404 405 472
f 472 405 406
f 473 472 406
f 406 474 473
f 407 474 406
f 408 475 476
f 408 476 407
f 407 476 474
f 408 409 475
f 409 410 477
f 477 410 411
f 478 477 411
f 411 479 478
f 412 479 411
f 480 481 479
f 480 479 413
f 413 479 412
f 413 414 480
f 480 482 481
f 414 482 480
f 414 415 482
f 415 483 482
f 416 484 415
f 415 484 483
f 484 416 418
f 485 484 418
f 418 486 485
f 419 486 418
f 420 487 419
f 419 487 486
f 421 488 420
f 420 488 487
f 422 423 489
f 489 423 425
f 489 425 490
f 490 425 491
f 492 493 494
f 492 494 491
f 492 491 426
f 426 491 425
f 495 493 492
f 496 493 495
f 426 427 495
f 492 426 495
f 497 496 495
f 498 496 497
f 427 428 497
f 495 427 497
f 499 498 497
f 500 498 499
f 428 429 499
f 497 428 499
f 499 501 500
f 501 499 429
f 501 429 502
f 502 429 430
f 504 431 432
f 504 505 431
f 505 503 431
f 504 506 505
f 437 508 507
f 509 437 438
f 509 510 437
f 510 508 437
f 438 440 509
f 509 511 510
f 511 509 440
f 511 440 512
f 512 440 441
f 512 442 513
f 513 442 443
f 445 446 514
f 446 515 514
f 447 515 446
f 515 447 448
f 516 515 448
f 517 448 449
f 517 518 448
f 518 516 448
f 449 450 517
f 517 519 518
f 517 450 451
f 517 451 520
f 517 520 519
f 521 520 451
f 520 521 522
f 451 452 521
f 521 452 453
f 521 453 522
f 522 453 523
f 453 524 523
f 454 524 453
f 524 454 455
f 525 524 455
f 455 526 525
f 456 526 455
f 526 456 457
f 527 526 457
f 457 528 527
f 458 528 457
f 459 529 530
f 459 530 458
f 530 529 531
f 459 460 529
f 529 460 462
f 529 462 531
f 531 462 532
f 533 463 534
f 533 532 463
f 532 462 463
f 533 534 535
f 463 465 534
f 534 536 535
f 534 465 536
f 465 466 536
f 467 537 538
f 467 538 466
f 538 537 539
f 467 468 537
f 537 540 539
f 537 468 540
f 468 470 540
f 540 470 471
f 541 540 471
f 471 542 541
f 472 542 471
f 542 472 473
f 473 544 543
f 474 544 473
f 545 546 544
f 545 544 476
f 476 544 474
f 545 547 546
f 477 478 549
f 478 479 548
f 548 479 481
f 548 481 550
f 550 481 551
f 481 552 551
f 482 552 481
f 552 482 483
f 485 486 553
f 553 555 554
f 553 486 555
f 486 487 555
f 488 556 487
f 487 556 555
f 559 558 557
f 560 558 559
f 490 491 559
f 557 490 559
f 494 560 559
f 494 493 560
f 493 561 560
f 491 494 559
f 493 496 561
f 561 496 562
f 563 498 564
f 563 562 498
f 562 496 498
f 563 564 565
f 564 566 567
f 564 498 566
f 498 500 566
f 565 564 567
f 568 500 501
f 568 569 500
f 569 566 500
f 501 502 568
f 568 570 569
f 503 573 572
f 503 505 573
f 573 505 574
f 505 575 574
f 506 575 505
f 575 506 507
f 576 575 507
f 507 508 576
f 576 508 577
f 578 510 579
f 578 577 510
f 577 508 510
f 578 579 580
f 510 511 579
f 579 511 512
f 579 512 580
f 580 512 581
f 512 513 581
f 581 513 582
f 514 584 583
f 515 584 514
f 584 515 516
f 585 584 516
f 586 518 587
f 586 585 518
f 585 516 518
f 518 519 587
f 519 520 588
f 588 520 522
f 522 523 589
f 523 591 590
f 524 591 523
f 591 524 525
f 592 591 525
f 525 593 592
f 526 593 525
f 593 526 527
f 594 593 527
f 527 595 594
f 528 595 527
f 596 597 595
f 530 595 528
f 596 598 597
f 598 596 531
f 598 531 599
f 599 531 532
f 532 600 599
f 533 600 532
f 600 533 535
f 601 600 535
f 535 602 601
f 536 602 535
f 538 603 536
f 536 603 602
f 603 538 539
f 604 603 539
f 605 539 540
f 605 606 539
f 606 604 539
f 540 541 605
f 605 607 606
f 608 609 607
f 542 608 607
f 542 607 605
f 542 605 541
f 542 543 608
f 608 610 609
f 543 610 608
f 543 544 610
f 544 611 610
f 611 544 546
f 612 611 546
f 546 613 612
f 547 613 546
f 617 550 551
f 551 618 617
f 552 618 551
f 558 560 620
f 620 560 621
f 560 561 621
f 621 561 622
f 561 562 622
f 622 562 623
f 562 624 623
f 563 624 562
f 624 563 565
f 625 624 565
f 567 566 626
f 567 626 627
f 567 627 565
f 565 627 625
f 626 569 628
f 566 569 626
f 629 627 626
f 628 629 626
f 569 570 628
f 628 570 571
f 628 571 629
f 629 571 630
f 571 572 630
f 630 572 631
f 572 573 631
f 631 573 632
f 633 574 634
f 633 632 574
f 632 573 574
f 574 575 634
f 634 575 576
f 634 576 635
f 635 576 636
f 576 577 636
f 636 577 637
f 577 638 637
f 578 638 577
f 638 578 580
f 639 638 580
f 580 581 639
f 639 581 640
f 581 582 640
f 640 582 641
f 642 641 582
f 644 583 645
f 583 646 645
f 584 646 583
f 646 584 585
f 647 646 585
f 585 648 647
f 586 648 585
f 653 590 591
f 653 654 590
f 654 652 590
f 591 592 653
f 653 655 654
f 592 655 653
f 592 593 655
f 593 656 655
f 656 593 594
f 657 656 594
f 658 594 595
f 658 659 594
f 659 657 594
f 595 597 658
f 658 660 659
f 597 660 658
f 597 598 660
f 598 661 660
f 661 598 599
f 662 661 599
f 663 599 600
f 663 664 599
f 664 662 599
f 600 601 663
f 663 665 664
f 601 665 663
f 601 602 665
f 602 666 665
f 669 604 606
f 606 670 669
f 607 670 606
f 670 607 609
f 671 670 609
f 609 672 671
f 610 672 609
f 611 673 610
f 610 673 672
f 673 611 612
f 674 673 612
f 612 675 674
f 613 675 612
f 675 613 614
f 676 675 614
f 614 677 676
f 615 677 614
f 616 678 615
f 615 678 677
f 678 616 617
f 679 678 617
f 617 680 679
f 618 680 617
f 618 681 680
f 619 684 683
f 620 621 686
f 686 621 687
f 621 622 687
f 687 622 688
f 622 623 688
f 688 623 689
f 623 690 689
f 624 690 623
f 690 624 625
f 691 690 625
f 625 627 691
f 691 627 692
f 627 629 692
f 692 629 693
f 629 630 693
f 693 630 694
f 630 631 694
f 694 631 695
f 631 632 695
f 695 632 696
f 632 697 696
f 633 697 632
f 697 633 635
f 698 697 635
f 635 636 698
f 698 636 699
f 636 637 699
f 701 637 638
f 701 702 637
f 702 700 637
f 638 639 701
f 701 703 702
f 703 701 639
f 703 639 704
f 704 639 640
f 640 641 704
f 704 641 705
f 641 642 705
f 705 642 706
f 642 707 706
f 643 707 642
f 707 643 644
f 708 707 644
f 709 645 710
f 709 708 645
f 708 644 645
f 709 710 711
f 645 646 710
f 710 646 647
f 710 647 711
f 711 647 712
f 713 647 648
f 713 714 647
f 714 712 647
f 648 649 713
f 713 715 714
f 715 713 649
f 715 649 716
f 716 649 650
f 650 717 716
f 651 717 650
f 717 651 652
f 718 717 652
f 719 654 720
f 719 718 654
f 718 652 654
f 654 655 720
f 655 656 721
f 721 656 657
f 722 721 657
f 657 659 722
f 722 659 723
f 659 724 723
f 660 724 659
f 725 726 724
f 725 724 661
f 661 724 660
f 661 662 725
f 725 727 726
f 725 662 664
f 725 664 728
f 725 728 727
f 729 728 664
f 728 729 730
f 664 665 729
f 729 731 730
f 729 665 731
f 665 666 731
f 731 666 667
f 732 731 667
f 667 733 732
f 668 733 667
f 733 668 669
f 734 733 669
f 669 735 734
f 670 735 669
f 671 736 737
f 671 737 670
f 670 737 735
f 737 736 738
f 671 672 736
f 736 739 738
f 736 672 739
f 672 673 739
f 739 673 674
f 740 739 674
f 674 741 740
f 675 741 674
f 741 675 676
f 742 741 676
f 676 743 742
f 677 743 676
f 678 744 677
f 677 744 743
f 679 745 746
f 679 746 678
f 678 746 744
f 746 745 747
f 679 680 745
f 745 748 747
f 745 680 748
f 680 681 748
f 682 749 681
f 681 749 748
f 749 682 683
f 750 749 683
f 683 751 750
f 684 751 683
f 684 752 751
f 685 753 752
f 754 687 756
f 686 687 754
f 757 755 754
f 756 757 754
f 756 758 759
f 756 687 758
f 687 688 758
f 757 756 759
f 688 689 758
f 758 689 760
f 689 761 760
f 690 761 689
f 761 690 691
f 762 761 691
f 691 692 762
f 762 692 763
f 692 693 763
f 763 693 764
f 693 694 764
f 764 694 765
f 694 695 765
f 765 695 766
f 695 696 766
f 766 696 767
f 768 767 696
f 770 700 771
f 700 702 771
f 771 702 772
f 702 773 772
f 703 773 702
f 773 703 704
f 774 704 705
f 706 707 776
f 776 707 708
f 776 708 777
f 777 708 778
f 708 779 778
f 709 779 708
f 779 709 711
f 780 779 711
f 711 712 780
f 780 712 781
f 782 714 783
f 782 781 714
f 781 712 714
f 714 715 783
f 718 785 784
f 719 785 718
f 786 721 722
f 787 786 722
f 723 724 788
f 788 724 726
f 788 726 789
f 789 726 790
f 726 791 790
f 727 791 726
f 732 793 792
f 733 793 732
f 793 733 734
f 794 793 734
f 796 795 797
f 734 798 794
f 735 798 734
f 798 735 737
f 738 799 800
f 737 738 800
f 737 800 797
f 737 797 795
f 800 799 801
f 738 739 799
f 740 802 803
f 739 740 803
f 739 803 801
f 739 801 799
f 803 802 804
f 740 741 802
f 742 805 806
f 741 742 806
f 741 806 804
f 741 804 802
f 806 805 807
f 742 743 805
f 805 810 807
f 805 743 810
f 743 744 810
f 812 809 808
f 811 812 808
f 811 813 812
f 811 748 813
f 748 749 813
f 813 749 750
f 815 816 817
f 750 818 814
f 751 818 750
f 752 819 751
f 751 819 818
f 817 753 815
f 817 819 753
f 819 752 753
f 822 821 820
f 823 821 822
f 755 757 822
f 820 755 822
f 759 823 822
f 759 758 823
f 758 824 823
f 757 759 822
f 758 760 824
f 824 760 825
f 826 760 761
f 826 827 760
f 827 825 760
f 761 762 826
f 828 827 826
f 829 827 828
f 762 763 828
f 826 762 828
f 828 830 829
f 830 828 763
f 830 763 831
f 831 764 765
f 766 767 832
f 767 768 832
f 832 768 833
f 768 834 833
f 769 834 768
f 834 769 770
f 835 834 770
f 770 771 835
f 835 771 836
f 837 772 838
f 837 836 772
f 836 771 772
f 837 838 839
f 772 773 838
f 838 773 774
f 838 774 839
f 839 774 840
f 842 840 774
f 843 842 841
f 844 842 843
f 775 777 843
f 841 775 843
f 843 845 844
f 845 843 777
f 845 777 846
f 846 777 778
f 847 778 779
f 847 848 778
f 848 846 778
f 779 780 847
f 847 849 848
f 849 847 780
f 849 780 850
f 850 780 781
f 781 851 850
f 782 851 781
f 784 854 853
f 785 854 784
f 856 790 857
f 856 855 790
f 855 789 790
f 856 857 858
f 790 791 857
f 857 859 858
f 857 791 859
f 792 861 860
f 793 861 792
f 861 793 794
f 862 861 794
f 794 863 862
f 798 863 794
f 864 863 798
f 868 806 807
f 869 868 807
f 807 870 869
f 810 870 807
f 810 871 870
f 813 874 873
f 875 874 814
f 814 876 875
f 818 876 814
f 819 877 818
f 818 877 876
f 878 877 819
f 821 823 879
f 879 823 880
f 823 824 880
f 880 824 881
f 882 825 883
f 882 881 825
f 881 824 825
f 882 883 884
f 883 885 886
f 883 825 885
f 825 827 885
f 884 883 886
f 887 829 888
f 887 885 829
f 885 827 829
f 887 888 889
f 829 830 888
f 888 830 831
f 888 831 889
f 893 891 892
f 832 894 893
f 895 833 896
f 895 894 833
f 894 832 833
f 895 896 897
f 833 834 896
f 896 834 835
f 896 835 897
f 897 835 898
f 835 836 898
f 898 836 899
f 836 900 899
f 837 900 836
f 900 837 839
f 901 900 839
f 839 840 901
f 901 840 902
f 840 842 902
f 902 842 903
f 842 844 903
f 903 844 904
f 844 905 904
f 845 905 844
f 905 845 846
f 906 905 846
f 846 848 906
f 906 848 907
f 848 908 907
f 849 908 848
f 908 849 850
f 909 908 850
f 850 910 909
f 851 910 850
f 911 910 852
f 912 911 852
f 853 915 914
f 854 915 853
f 920 919 855
f 855 921 920
f 856 921 855
f 921 856 858
f 924 923 860
f 860 925 924
f 861 925 860
f 925 861 862
f 926 925 862
f 862 927 926
f 863 927 862
f 864 927 863
f 865 930 929
f 930 865 866
f 931 930 866
f 866 932 931
f 867 932 866
f 868 933 867
f 867 933 932
f 933 868 869
f 934 933 869
f 869 935 934
f 870 935 869
f 936 937 935
f 936 935 871
f 871 935 870
f 871 872 936
f 936 938 937
f 872 938 936
f 872 873 938
f 873 939 938
f 874 940 873
f 873 940 939
f 940 874 875
f 941 940 875
f 875 942 941
f 876 942 875
f 877 943 876
f 876 943 942
f 878 944 877
f 877 944 943
f 879 880 945
f 945 880 946
f 947 881 948
f 947 946 881
f 946 880 881
f 947 948 949
f 881 882 948
f 948 882 884
f 948 884 949
f 886 885 951
f 886 951 952
f 886 952 884
f 884 952 950
f 885 887 951
f 951 887 889
f 951 889 952
f 952 889 953
f 889 890 953
f 953 890 954
f 890 891 954
f 954 891 955
f 891 893 955
f 955 893 956
f 957 894 958
f 957 956 894
f 956 893 894
f 957 958 959
f 894 895 958
f 958 895 897
f 958 897 959
f 959 897 960
f 897 898 960
f 960 898 961
f 898 899 961
f 961 899 962
f 963 899 900
f 963 964 899
f 964 962 899
f 900 901 963
f 963 965 964
f 965 963 901
f 965 901 966
f 966 901 902
f 902 903 966
f 966 903 967
f 968 904 969
f 968 967 904
f 967 903 904
f 968 969 970
f 904 905 969
f 969 905 906
f 969 906 970
f 970 906 971
f 972 907 973
f 972 971 907
f 971 906 907
f 972 973 974
f 907 908 973
f 973 908 909
f 973 909 974
f 974 909 975
f 909 976 975
f 910 976 909
f 976 910 911
f 977 976 911
f 911 912 977
f 977 912 978
f 912 979 978
f 913 979 912
f 979 913 914
f 980 979 914
f 914 981 980
f 915 981 914
f 981 915 916
f 982 981 916
f 916 983 982
f 917 983 916
f 983 917 918
f 984 983 918
f 918 985 984
f 919 985 918
f 985 919 920
f 986 985 920
f 920 987 986
f 921 987 920
f 988 922 989
f 922 990 989
f 923 990 922
f 924 991 992
f 924 992 923
f 923 992 990
f 992 991 993
f 924 925 991
f 926 994 995
f 925 926 995
f 925 995 993
f 925 993 991
f 995 994 996
f 926 927 994
f 928 997 998
f 927 928 998
f 927 998 996
f 927 996 994
f 998 997 999
f 928 929 997
f 997 1000 999
f 997 929 1000
f 929 930 1000
f 934 1002 1001
f 935 1002 934
f 937 1003 1004
f 937 1004 935
f 935 1004 1002
f 1004 1003 1005
f 937 938 1003
f 1003 1006 1005
f 1003 938 1006
f 938 939 1006
f 940 1007 939
f 939 1007 1006
f 941 1008 1009
f 941 1009 940
f 940 1009 1007
f 1009 1008 1010
f 941 942 1008
f 1008 1011 1010
f 1008 942 1011
f 942 943 1011
f 943 1012 1011
f 1013 946 1015
f 945 946 1013
f 1016 1014 1013
f 1015 1016 1013
f 946 947 1015
f 1015 947 949
f 1015 949 1016
f 1016 949 1017
f 1019 953 1020
f 1019 1018 953
f 1019 1020 1021
f 1020 954 1022
f 953 954 1020
f 1023 1021 1020
f 1022 1023 1020
f 1022 1024 1025
f 1022 954 1024
f 954 955 1024
f 1023 1022 1025
f 1026 956 1027
f 1026 1024 956
f 1024 955 956
f 1026 1027 1028
f 956 957 1027
f 1027 957 959
f 1027 959 1028
f 1028 959 1029
f 1030 960 1031
f 1030 1029 960
f 1029 959 960
f 1030 1031 1032
f 1031 1033 1034
f 1031 960 1033
f 960 961 1033
f 1032 1031 1034
f 961 962 1033
f 1033 962 1035
f 1036 964 1037
f 1036 1035 964
f 1035 962 964
f 1036 1037 1038
f 964 965 1037
f 1037 965 966
f 1037 966 1038
f 1038 966 1039
f 1040 967 1041
f 1040 1039 967
f 1039 966 967
f 1040 1041 1042
f 967 968 1041
f 1041 968 970
f 1041 970 1042
f 1044 971 1045
f 1044 1043 971
f 1043 970 971
f 1044 1045 1046
f 971 972 1045
f 1045 972 974
f 1045 974 1046
f 1046 974 1047
f 974 975 1047
f 1047 975 1048
f 975 1049 1048
f 976 1049 975
f 1049 976 977
f 1050 1049 977
f 1051 978 1052
f 1051 1050 978
f 1050 977 978
f 1051 1052 1053
f 978 979 1052
f 980 1054 1055
f 979 980 1055
f 979 1055 1053
f 979 1053 1052
f 980 981 1054
f 982 1054 981
f 982 1058 1054
f 1058 1056 1054
f 1059 1057 1056
f 1058 1059 1056
f 982 983 1058
f 1058 983 984
f 1058 984 1059
f 984 1061 1060
f 985 1061 984
f 1061 985 986
f 1062 1061 986
f 986 1063 1062
f 987 1063 986
f 1065 989 1066
f 1065 1064 989
f 1064 988 989
f 1065 1066 1067
f 989 990 1066
f 1066 1068 1067
f 1066 990 1068
f 990 992 1068
f 993 1069 1070
f 993 1070 992
f 1070 1069 1071
f 993 995 1069
f 1069 995 996
f 1069 996 1071
f 1071 996 1072
f 996 1073 1072
f 998 1073 996
f 1073 998 999
f 1074 1073 999
f 999 1075 1074
f 1000 1075 999
f 1000 1076 1075
f 1078 1077 1001
f 1077 1078 1079
f 1001 1002 1078
f 1078 1080 1079
f 1078 1002 1080
f 1002 1004 1080
f 1005 1081 1082
f 1005 1082 1004
f 1004 1082 1080
f 1081 1083 1084
f 1084 1083 1085
f 1005 1006 1081
f 1007 1081 1006
f 1083 1081 1007
f 1083 1086 1085
f 1083 1007 1086
f 1007 1009 1086
f 1014 1016 1089
f 1089 1016 1090
f 1016 1017 1090
f 1090 1017 1091
f 1092 1018 1093
f 1094 1018 1019
f 1094 1095 1018
f 1095 1093 1018
f 1019 1021 1094
f 1096 1095 1094
f 1097 1095 1096
f 1021 1023 1096
f 1094 1021 1096
f 1096 1099 1097
f 1099 1096 1100
f 1096 1023 1100
f 1024 1026 1098
f 1026 1028 1102
f 1026 1100 1098
f 1101 1029 1104
f 1028 1029 1101
f 1105 1103 1101
f 1104 1105 1101
f 1104 1029 1030
f 1106 1107 1108
f 1107 1106 1032
f 1106 1105 1032
f 1104 1030 1032
f 1104 1032 1105
f 1034 1108 1107
f 1034 1033 1108
f 1033 1109 1108
f 1032 1034 1107
f 1110 1035 1111
f 1110 1109 1035
f 1109 1033 1035
f 1110 1111 1112
f 1035 1036 1111
f 1111 1036 1038
f 1111 1038 1112
f 1112 1038 1113
f 1038 1039 1113
f 1113 1039 1114
f 1039 1115 1114
f 1040 1115 1039
f 1115 1040 1042
f 1116 1115 1042
f 1042 1043 1116
f 1116 1043 1117
f 1046 1047 1119
f 1047 1048 1120
f 1120 1048 1121
f 1048 1122 1121
f 1049 1122 1048
f 1122 1049 1050
f 1123 1122 1050
f 1050 1124 1123
f 1051 1124 1050
f 1124 1051 1053
f 1125 1124 1053
f 1053 1126 1125
f 1130 1060 1131
f 1130 1129 1060
f 1130 1131 1132
f 1060 1061 1131
f 1131 1061 1062
f 1131 1062 1132
f 1132 1062 1133
f 1062 1134 1133
f 1063 1134 1062
f 1072 1143 1142
f 1073 1143 1072
f 1143 1073 1074
f 1144 1143 1074
f 1074 1145 1144
f 1075 1145 1074
f 1076 1146 1075
f 1075 1146 1145
f 1150 1149 1079
f 1079 1151 1150
f 1080 1151 1079
f 1080 1152 1151
f 1086 1155 1154
f 1156 1157 1155
f 1156 1155 1087
f 1087 1155 1086
f 1156 1087 1158
f 1156 1159 1157
f 1158 1159 1156
f 1088 1162 1161
f 1090 1091 1163
f 1163 1091 1164
f 1091 1092 1164
f 1164 1092 1165
f 1092 1093 1165
f 1165 1093 1166
f 1093 1095 1166
f 1166 1095 1167
f 1095 1097 1167
f 1167 1097 1168
f 1097 1169 1168
f 1099 1169 1097
f 1169 1099 1100
f 1170 1169 1100
f 1171 1170 1100
f 1108 1173 1172
f 1174 1109 1175
f 1174 1173 1109
f 1173 1108 1109
f 1174 1175 1176
f 1109 1110 1175
f 1175 1110 1112
f 1175 1112 1176
f 1176 1112 1177
f 1112 1113 1177
f 1177 1113 1178
f 1113 1114 1178
f 1178 1114 1179
f 1114 1180 1179
f 1115 1180 1114
f 1180 1115 1116
f 1181 1180 1116
f 1116 1117 1181
f 1181 1117 1182
f 1117 1183 1182
f 1118 1183 1117
f 1183 1118 1119
f 1184 1120 1185
f 1186 1121 1187
f 1186 1185 1121
f 1185 1120 1121
f 1186 1187 1188
f 1121 1122 1187
f 1187 1122 1123
f 1187 1123 1188
f 1188 1123 1189
f 1123 1190 1189
f 1124 1190 1123
f 1190 1124 1125
f 1191 1190 1125
f 1125 1192 1191
f 1126 1192 1125
f 1192 1126 1127
f 1193 1192 1127
f 1127 1194 1193
f 1128 1194 1127
f 1194 1128 1129
f 1195 1194 1129
f 1129 1196 1195
f 1130 1196 1129
f 1196 1130 1132
f 1197 1196 1132
f 1132 1133 1197
f 1197 1133 1198
f 1133 1199 1198
f 1134 1199 1133
f 1199 1134 1135
f 1200 1199 1135
f 1135 1201 1200
f 1136 1201 1135
f 1137 1202 1203
f 1137 1203 1136
f 1136 1203 1201
f 1203 1202 1204
f 1137 1138 1202
f 1202 1205 1204
f 1202 1138 1205
f 1138 1139 1205
f 1205 1139 1140
f 1206 1205 1140
f 1140 1207 1206
f 1141 1207 1140
f 1142 1208 1209
f 1142 1209 1141
f 1141 1209 1207
f 1209 1208 1210
f 1142 1143 1208
f 1144 1211 1212
f 1143 1144 1212
f 1143 1212 1210
f 1143 1210 1208
f 1212 1211 1213
f 1144 1145 1211
f 1211 1214 1213
f 1211 1145 1214
f 1145 1146 1214
f 1147 1215 1216
f 1147 1216 1146
f 1146 1216 1214
f 1216 1215 1217
f 1147 1148 1215
f 1215 1218 1217
f 1215 1148 1218
f 1148 1149 1218
f 1218 1149 1150
f 1219 1218 1150
f 1150 1220 1219
f 1151 1220 1150
f 1152 1221 1151
f 1151 1221 1220
f 1221 1152 1153
f 1222 1221 1153
f 1153 1223 1222
f 1154 1223 1153
f 1155 1224 1154
f 1154 1224 1223
f 1157 1225 1226
f 1157 1226 1155
f 1155 1226 1224
f 1226 1225 1227
f 1157 1159 1225
f 1225 1228 1227
f 1225 1159 1228
f 1159 1160 1228
f 1161 1229 1160
f 1160 1229 1228
f 1162 1230 1161
f 1161 1230 1229
f 1233 1235 1236
f 1233 1163 1235
f 1163 1164 1235
f 1234 1233 1236
f 1164 1165 1235
f 1235 1165 1237
f 1238 1166 1239
f 1238 1237 1166
f 1237 1165 1166
f 1238 1239 1240
f 1239 1167 1241
f 1166 1167 1239
f 1242 1240 1239
f 1241 1242 1239
f 1241 1168 1243
f 1167 1168 1241
f 1244 1242 1241
f 1243 1244 1241
f 1168 1169 1243
f 1243 1169 1170
f 1243 1170 1244
f 1244 1170 1245
f 1170 1171 1245
f 1245 1171 1246
f 1171 1172 1246
f 1246 1172 1247
f 1248 1173 1249
f 1248 1247 1173
f 1247 1172 1173
f 1248 1249 1250
f 1173 1174 1249
f 1249 1174 1176
f 1249 1176 1250
f 1250 1176 1251
f 1251 1176 1177
f 1177 1178 1254
f 1178 1179 1254
f 1254 1179 1256
f 1179 1257 1256
f 1180 1257 1179
f 1257 1180 1181
f 1258 1257 1181
f 1181 1182 1258
f 1258 1182 1259
f 1182 1260 1259
f 1183 1260 1182
f 1260 1183 1184
f 1261 1260 1184
f 1184 1185 1261
f 1261 1185 1262
f 1185 1263 1262
f 1186 1263 1185
f 1263 1186 1188
f 1264 1263 1188
f 1265 1189 1266
f 1265 1264 1189
f 1264 1188 1189
f 1265 1266 1267
f 1189 1190 1266
f 1266 1190 1191
f 1266 1191 1267
f 1267 1191 1268
f 1191 1269 1268
f 1192 1269 1191
f 1269 1192 1193
f 1270 1269 1193
f 1193 1271 1270
f 1194 1271 1193
f 1271 1194 1195
f 1272 1271 1195
f 1195 1273 1272
f 1196 1273 1195
f 1273 1196 1197
f 1274 1273 1197
f 1275 1198 1276
f 1275 1274 1198
f 1274 1197 1198
f 1275 1276 1277
f 1198 1199 1276
f 1200 1278 1279
f 1199 1200 1279
f 1199 1279 1277
f 1199 1277 1276
f 1279 1278 1280
f 1200 1201 1278
f 1278 1281 1280
f 1278 1201 1281
f 1201 1203 1281
f 1281 1203 1204
f 1282 1281 1204
f 1204 1283 1282
f 1205 1283 1204
f 1283 1205 1206
f 1284 1283 1206
f 1206 1285 1284
f 1207 1285 1206
f 1209 1286 1207
f 1207 1286 1285
f 1286 1209 1210
f 1287 1286 1210
f 1210 1288 1287
f 1212 1288 1210
f 1288 1212 1213
f 1289 1288 1213
f 1213 1290 1289
f 1214 1290 1213
f 1216 1291 1214
f 1214 1291 1290
f 1217 1292 1293
f 1217 1293 1216
f 1216 1293 1291
f 1293 1292 1294
f 1217 1218 1292
f 1292 1218 1219
f 1292 1219 1294
f 1294 1219 1295
f 1219 1296 1295
f 1220 1296 1219
f 1221 1297 1220
f 1220 1297 1296
f 1222 1298 1299
f 1222 1299 1221
f 1222 1223 1298
f 1224 1298 1223
f 1300 1298 1224
f 1300 1302 1301
f 1300 1224 1302
f 1224 1226 1302
f 1227 1303 1304
f 1227 1304 1226
f 1226 1304 1302
f 1304 1303 1305
f 1227 1228 1303
f 1229 1303 1228
f 1231 1232 1306
f 1306 1232 1234
f 1306 1234 1307
f 1307 1234 1308
f 1236 1235 1309
f 1236 1309 1310
f 1236 1310 1234
f 1234 1310 1308
f 1309 1237 1311
f 1235 1237 1309
f 1312 1310 1309
f 1311 1312 1309
f 1313 1242 1314
f 1242 1244 1314
f 1314 1244 1315
f 1244 1245 1315
f 1315 1245 1316
f 1317 1246 1318
f 1317 1316 1246
f 1316 1245 1246
f 1317 1318 1319
f 1318 1247 1320
f 1246 1247 1318
f 1320 1321 1318
f 1247 1248 1320
f 1320 1248 1250
f 1320 1250 1321
f 1250 1251 1322
f 1322 1251 1323
f 1251 1324 1323
f 1252 1324 1251
f 1324 1252 1253
f 1325 1324 1253
f 1255 1254 1326
f 1255 1326 1327
f 1255 1327 1253
f 1326 1256 1328
f 1254 1256 1326
f 1329 1327 1326
f 1328 1329 1326
f 1256 1257 1328
f 1328 1257 1258
f 1328 1258 1329
f 1329 1258 1330
f 1331 1259 1332
f 1331 1330 1259
f 1330 1258 1259
f 1331 1332 1333
f 1259 1260 1332
f 1332 1260 1261
f 1332 1261 1333
f 1333 1261 1334
f 1335 1262 1336
f 1335 1334 1262
f 1334 1261 1262
f 1335 1336 1337
f 1262 1263 1336
f 1336 1263 1264
f 1336 1264 1337
f 1337 1264 1338
f 1264 1339 1338
f 1265 1339 1264
f 1339 1265 1267
f 1340 1339 1267
f 1341 1268 1342
f 1341 1340 1268
f 1340 1267 1268
f 1268 1269 1342
f 1270 1343 1344
f 1269 1270 1344
f 1344 1343 1345
f 1270 1271 1343
f 1343 1271 1272
f 1343 1272 1345
f 1272 1347 1346
f 1273 1347 1272
f 1274 1348 1349
f 1274 1349 1273
f 1273 1349 1347
f 1349 1348 1350
f 1274 1275 1348
f 1348 1275 1277
f 1348 1277 1350
f 1350 1277 1351
f 1277 1352 1351
f 1279 1352 1277
f 1352 1279 1280
f 1353 1352 1280
f 1280 1354 1353
f 1281 1354 1280
f 1282 1355 1356
f 1282 1356 1281
f 1281 1356 1354
f 1356 1355 1357
f 1282 1283 1355
f 1355 1283 1284
f 1355 1284 1357
f 1357 1284 1358
f 1284 1359 1358
f 1285 1359 1284
f 1286 1360 1285
f 1285 1360 1359
f 1360 1286 1287
f 1361 1360 1287
f 1287 1362 1361
f 1288 1362 1287
f 1362 1288 1289
f 1363 1362 1289
f 1289 1364 1363
f 1290 1364 1289
f 1290 1365 1364
f 1366 1295 1369
f 1370 1369 1295
f 1369 1370 1371
f 1295 1296 1370
f 1370 1372 1371
f 1370 1296 1372
f 1296 1297 1372
f 1297 1373 1372
f 1299 1374 1373
f 1375 1376 1377
f 1304 1378 1302
f 1377 1305 1375
f 1377 1378 1305
f 1378 1304 1305
f 1307 1308 1379
f 1379 1308 1380
f 1308 1310 1380
f 1380 1310 1381
f 1310 1312 1381
f 1381 1312 1382
f 1312 1313 1382
f 1382 1313 1383
f 1384 1314 1385
f 1384 1383 1314
f 1383 1313 1314
f 1384 1385 1386
f 1385 1387 1388
f 1385 1314 1387
f 1314 1315 1387
f 1386 1385 1388
f 1389 1316 1390
f 1389 1387 1316
f 1387 1315 1316
f 1389 1390 1391
f 1316 1317 1390
f 1319 1392 1393
f 1317 1319 1393
f 1317 1393 1391
f 1317 1391 1390
f 1393 1392 1394
f 1322 1323 1395
f 1395 1323 1396
f 1323 1397 1396
f 1324 1397 1323
f 1397 1324 1325
f 1398 1397 1325
f 1398 1327 1399
f 1399 1327 1329
f 1333 1334 1403
f 1403 1334 1404
f 1334 1405 1404
f 1335 1405 1334
f 1405 1335 1337
f 1406 1405 1337
f 1407 1338 1408
f 1407 1406 1338
f 1406 1337 1338
f 1408 1409 1410
f 1407 1408 1410
f 1410 1409 1411
f 1338 1339 1408
f 1340 1408 1339
f 1340 1412 1408
f 1340 1341 1412
f 1341 1414 1413
f 1341 1413 1412
f 1346 1347 1417
f 1417 1419 1418
f 1417 1347 1419
f 1419 1349 1350
f 1420 1419 1350
f 1350 1351 1420
f 1420 1351 1421
f 1351 1422 1421
f 1352 1422 1351
f 1353 1423 1424
f 1353 1424 1352
f 1352 1424 1422
f 1353 1354 1423
f 1356 1423 1354
f 1430 1428 1426
f 1430 1426 1431
f 1431 1426 1429
f 1358 1359 1429
f 1360 1429 1359
f 1431 1429 1360
f 1361 1431 1360
f 1361 1432 1431
f 1361 1362 1432
f 1363 1434 1435
f 1362 1363 1435
f 1362 1435 1433
f 1362 1433 1432
f 1435 1434 1436
f 1363 1364 1434
f 1434 1437 1436
f 1434 1364 1437
f 1364 1365 1437
f 1367 1438 1439
f 1367 1439 1365
f 1365 1439 1437
f 1439 1438 1440
f 1367 1368 1438
f 1438 1441 1440
f 1438 1368 1441
f 1368 1369 1441
f 1441 1369 1371
f 1442 1441 1371
f 1371 1443 1442
f 1372 1443 1371
f 1373 1444 1372
f 1372 1444 1443
f 1374 1445 1373
f 1373 1445 1444
f 1379 1380 1446
f 1446 1380 1447
f 1380 1381 1447
f 1447 1381 1448
f 1381 1382 1448
f 1448 1382 1449
f 1382 1383 1449
f 1449 1383 1450
f 1383 1451 1450
f 1384 1451 1383
f 1451 1384 1386
f 1452 1451 1386
f 1388 1387 1453
f 1388 1453 1454
f 1388 1454 1386
f 1386 1454 1452
f 1387 1389 1453
f 1453 1389 1391
f 1453 1391 1454
f 1456 1391 1393
f 1456 1457 1391
f 1457 1455 1391
f 1393 1394 1456
f 1456 1458 1457
f 1458 1456 1394
f 1458 1394 1459
f 1460 1396 1462
f 1395 1396 1460
f 1463 1461 1460
f 1462 1463 1460
f 1396 1397 1462
f 1462 1397 1398
f 1462 1398 1463
f 1463 1398 1464
f 1398 1399 1464
f 1464 1399 1465
f 1399 1466 1465
f 1400 1466 1399
f 1466 1400 1401
f 1467 1466 1401
f 1468 1402 1469
f 1468 1467 1402
f 1467 1401 1402
f 1468 1469 1470
f 1469 1403 1471
f 1402 1403 1469
f 1472 1470 1469
f 1471 1472 1469
f 1471 1404 1473
f 1403 1404 1471
f 1474 1472 1471
f 1473 1474 1471
f 1404 1405 1473
f 1473 1405 1406
f 1473 1406 1474
f 1474 1406 1475
f 1406 1476 1475
f 1407 1476 1406
f 1410 1476 1407
f 1477 1479 1478
f 1479 1477 1411
f 1479 1411 1480
f 1480 1411 1413
f 1481 1413 1414
f 1481 1482 1413
f 1482 1480 1413
f 1481 1483 1482
f 1483 1484 1485
f 1483 1481 1484
f 1415 1416 1484
f 1484 1486 1485
f 1486 1484 1416
f 1486 1416 1487
f 1418 1488 1487
f 1419 1488 1418
f 1488 1419 1420
f 1489 1488 1420
f 1490 1421 1491
f 1490 1489 1421
f 1489 1420 1421
f 1490 1491 1492
f 1421 1422 1491
f 1491 1493 1492
f 1491 1422 1493
f 1422 1424 1493
f 1494 1495 1493
f 1494 1493 1425
f 1494 1496 1495
f 1427 1497 1496
f 1433 1499 1498
f 1435 1499 1433
f 1499 1435 1436
f 1500 1499 1436
f 1503 1502 1504
f 1436 1505 1500
f 1437 1505 1436
f 1505 1437 1439
f 1440 1501 1439
f 1440 1506 1501
f 1507 1504 1502
f 1506 1507 1502
f 1440 1441 1506
f 1442 1508 1509
f 1441 1442 1509
f 1441 1509 1507
f 1441 1507 1506
f 1508 1510 1511
f 1509 1508 1511
f 1510 1512 1513
f 1511 1510 1513
f 1442 1443 1508
f 1444 1508 1443
f 1510 1508 1444
f 1445 1510 1444
f 1512 1510 1445
f 1515 1517 1518
f 1515 1446 1517
f 1446 1447 1517
f 1516 1515 1518
f 1519 1448 1520
f 1519 1517 1448
f 1517 1447 1448
f 1519 1520 1521
f 1520 1449 1522
f 1448 1449 1520
f 1523 1521 1520
f 1522 1523 1520
f 1449 1450 1522
f 1450 1451 1524
f 1524 1451 1452
f 1524 1452 1525
f 1526 1454 1527
f 1527 1455 1528
f 1455 1457 1528
f 1528 1457 1529
f 1530 1457 1458
f 1530 1531 1457
f 1531 1529 1457
f 1458 1459 1530
f 1530 1532 1531
f 1532 1530 1459
f 1532 1459 1533
f 1533 1459 1461
f 1461 1463 1533
f 1533 1463 1534
f 1463 1464 1534
f 1464 1465 1535
f 1535 1465 1536
f 1465 1537 1536
f 1466 1537 1465
f 1537 1466 1467
f 1538 1537 1467
f 1467 1539 1538
f 1468 1539 1467
f 1539 1468 1470
f 1540 1539 1470
f 1470 1472 1540
f 1540 1472 1541
f 1472 1474 1541
f 1541 1474 1542
f 1543 1475 1544
f 1543 1542 1475
f 1542 1474 1475
f 1543 1544 1545
f 1475 1476 1544
f 1544 1476 1478
f 1544 1478 1545
f 1545 1478 1546
f 1478 1547 1546
f 1479 1547 1478
f 1547 1479 1480
f 1548 1547 1480
f 1549 1482 1550
f 1549 1548 1482
f 1548 1480 1482
f 1549 1550 1551
f 1482 1483 1550
f 1485 1552 1553
f 1483 1485 1553
f 1483 1553 1551
f 1483 1551 1550
f 1553 1552 1554
f 1485 1486 1552
f 1552 1486 1487
f 1552 1487 1554
f 1554 1487 1555
f 1487 1556 1555
f 1488 1556 1487
f 1556 1488 1489
f 1557 1556 1489
f 1489 1558 1557
f 1490 1558 1489
f 1492 1559 1560
f 1492 1560 1490
f 1490 1560 1558
f 1560 1559 1561
f 1492 1493 1559
f 1495 1562 1563
f 1493 1495 1563
f 1493 1563 1561
f 1493 1561 1559
f 1563 1562 1564
f 1495 1496 1562
f 1562 1565 1564
f 1562 1496 1565
f 1496 1497 1565
f 1566 1498 1567
f 1498 1568 1567
f 1499 1568 1498
f 1500 1569 1570
f 1500 1570 1499
f 1500 1505 1569
f 1507 1574 1573
f 1509 1574 1507
f 1509 1575 1574
f 1577 1576 1514
f 1514 1578 1577
f 1518 1517 1580
f 1518 1580 1581
f 1518 1581 1516
f 1516 1581 1579
f 1517 1519 1580
f 1580 1519 1521
f 1580 1521 1581
f 1581 1521 1582
f 1521 1523 1582
f 1582 1523 1583
f 1525 1526 1584
f 1584 1526 1585
f 1526 1527 1585
f 1585 1527 1586
f 1527 1528 1586
f 1586 1528 1587
f 1588 1529 1589
f 1588 1587 1529
f 1587 1528 1529
f 1588 1589 1590
f 1589 1531 1591
f 1529 1531 1589
f 1592 1590 1589
f 1591 1592 1589
f 1531 1532 1591
f 1533 1593 1594
f 1532 1533 1594
f 1532 1594 1592
f 1532 1592 1591
f 1594 1593 1595
f 1593 1534 1596
f 1533 1534 1593
f 1597 1595 1593
f 1596 1597 1593
f 1596 1535 1598
f 1534 1535 1596
f 1599 1597 1596
f 1598 1599 1596
f 1598 1536 1600
f 1535 1536 1598
f 1601 1599 1598
f 1600 1601 1598
f 1536 1537 1600
f 1600 1537 1538
f 1600 1538 1601
f 1601 1538 1602
f 1538 1603 1602
f 1539 1603 1538
f 1603 1539 1540
f 1604 1603 1540
f 1540 1541 1604
f 1604 1541 1605
f 1606 1542 1607
f 1606 1605 1542
f 1606 1607 1608
f 1542 1543 1607
f 1607 1543 1545
f 1607 1545 1608
f 1608 1545 1609
f 1610 1546 1611
f 1610 1609 1546
f 1609 1545 1546
f 1610 1611 1612
f 1546 1547 1611
f 1611 1547 1548
f 1611 1548 1612
f 1612 1548 1613
f 1548 1614 1613
f 1549 1614 1548
f 1614 1549 1551
f 1615 1614 1551
f 1551 1616 1615
f 1553 1616 1551
f 1616 1553 1554
f 1617 1616 1554
f 1618 1555 1619
f 1618 1617 1555
f 1617 1554 1555
f 1555 1556 1619
f 1557 1619 1556
f 1557 1622 1619
f 1623 1620 1622
f 1557 1558 1622
f 1560 1622 1558
f 1623 1622 1560
f 1623 1560 1561
f 1623 1561 1624
f 1624 1561 1625
f 1561 1626 1625
f 1563 1626 1561
f 1626 1563 1564
f 1627 1626 1564
f 1564 1628 1627
f 1565 1628 1564
f 1632 1631 1566
f 1633 1567 1634
f 1633 1632 1567
f 1632 1566 1567
f 1567 1568 1634
f 1571 1636 1635
f 1572 1636 1571
f 1573 1637 1638
f 1573 1638 1572
f 1572 1638 1636
f 1638 1637 1639
f 1573 1574 1637
f 1637 1640 1639
f 1637 1574 1640
f 1574 1575 1640
f 1576 1641 1575
f 1575 1641 1640
f 1641 1576 1577
f 1642 1641 1577
f 1577 1643 1642
f 1578 1643 1577
f 1579 1581 1644
f 1644 1581 1645
f 1581 1582 1645
f 1645 1582 1646
f 1582 1583 1646
f 1646 1583 1647
f 1647 1584 1648
f 1649 1585 1650
f 1649 1648 1585
f 1648 1584 1585
f 1650 1586 1652
f 1585 1586 1650
f 1652 1587 1653
f 1586 1587 1652
f 1587 1588 1653
f 1653 1588 1590
f 1653 1590 1654
f 1654 1590 1655
f 1590 1592 1655
f 1655 1592 1656
f 1592 1657 1656
f 1594 1657 1592
f 1657 1594 1595
f 1659 1599 1660
f 1599 1601 1660
f 1660 1601 1661
f 1662 1602 1663
f 1662 1661 1602
f 1661 1601 1602
f 1662 1663 1664
f 1602 1603 1663
f 1663 1603 1604
f 1663 1604 1664
f 1664 1604 1665
f 1604 1605 1665
f 1665 1605 1666
f 1605 1667 1666
f 1606 1667 1605
f 1608 1668 1669
f 1608 1669 1606
f 1606 1669 1667
f 1669 1668 1670
f 1668 1609 1671
f 1608 1609 1668
f 1672 1670 1668
f 1671 1672 1668
f 1609 1610 1671
f 1671 1610 1612
f 1671 1612 1672
f 1672 1612 1673
f 1674 1613 1675
f 1674 1673 1613
f 1673 1612 1613
f 1674 1675 1676
f 1613 1614 1675
f 1615 1677 1678
f 1614 1615 1678
f 1614 1678 1676
f 1614 1676 1675
f 1678 1677 1679
f 1615 1616 1677
f 1677 1616 1617
f 1677 1617 1679
f 1679 1617 1680
f 1617 1681 1680
f 1618 1681 1617
f 1618 1682 1681
f 1683 1685 1684
f 1685 1683 1621
f 1685 1621 1686
f 1687 1625 1688
f 1687 1686 1625
f 1687 1688 1689
f 1625 1626 1688
f 1627 1690 1691
f 1626 1627 1691
f 1626 1691 1689
f 1626 1689 1688
f 1691 1690 1692
f 1627 1628 1690
f 1629 1693 1694
f 1628 1629 1694
f 1628 1694 1692
f 1628 1692 1690
f 1694 1693 1695
f 1629 1630 1693
f 1693 1696 1695
f 1693 1630 1696
f 1630 1631 1696
f 1696 1631 1632
f 1697 1696 1632
f 1632 1698 1697
f 1633 1698 1632
f 1633 1699 1698
f 1635 1703 1702
f 1636 1703 1635
f 1638 1704 1636
f 1636 1704 1703
f 1639 1705 1706
f 1639 1706 1638
f 1638 1706 1704
f 1706 1705 1707
f 1639 1640 1705
f 1705 1708 1707
f 1705 1640 1708
f 1640 1641 1708
f 1642 1709 1710
f 1642 1710 1641
f 1641 1710 1708
f 1710 1709 1711
f 1642 1643 1709
f 1709 1712 1711
f 1709 1643 1712
f 1644 1645 1716
f 1716 1645 1717
f 1645 1646 1717
f 1717 1646 1718
f 1719 1647 1720
f 1719 1718 1647
f 1718 1646 1647
f 1719 1720 1721
f 1720 1648 1722
f 1647 1648 1720
f 1723 1721 1720
f 1722 1723 1720
f 1648 1649 1722
f 1723 1651 1724
f 1725 1724 1651
f 1654 1726 1725
f 1654 1655 1726
f 1726 1655 1727
f 1728 1656 1729
f 1728 1727 1656
f 1727 1655 1656
f 1728 1729 1730
f 1656 1657 1729
f 1729 1657 1658
f 1729 1658 1730
f 1730 1658 1731
f 1658 1659 1731
f 1731 1659 1732
f 1733 1660 1734
f 1733 1732 1660
f 1732 1659 1660
f 1733 1734 1735
f 1734 1661 1736
f 1660 1661 1734
f 1737 1735 1734
f 1736 1737 1734
f 1661 1662 1736
f 1736 1662 1664
f 1736 1664 1737
f 1737 1664 1738
f 1664 1665 1738
f 1738 1665 1739
f 1740 1666 1741
f 1740 1739 1666
f 1739 1665 1666
f 1740 1741 1742
f 1666 1667 1741
f 1741 1667 1669
f 1741 1743 1742
f 1745 1670 1672
f 1746 1673 1747
f 1746 1745 1673
f 1745 1672 1673
f 1746 1747 1748
f 1673 1674 1747
f 1747 1674 1676
f 1747 1676 1748
f 1748 1676 1749
f 1676 1750 1749
f 1678 1750 1676
f 1750 1678 1679
f 1751 1750 1679
f 1752 1680 1753
f 1752 1751 1680
f 1751 1679 1680
f 1752 1753 1754
f 1680 1681 1753
f 1753 1755 1754
f 1753 1681 1755
f 1681 1682 1755
f 1755 1682 1684
f 1756 1755 1684
f 1684 1757 1756
f 1685 1757 1684
f 1757 1685 1686
f 1758 1757 1686
f 1686 1759 1758
f 1687 1759 1686
f 1689 1760 1761
f 1689 1761 1687
f 1687 1761 1759
f 1760 1762 1763
f 1761 1760 1763
f 1763 1762 1764
f 1689 1691 1760
f 1692 1760 1691
f 1692 1765 1760
f 1765 1762 1760
f 1766 1764 1762
f 1766 1762 1767
f 1767 1762 1765
f 1766 1767 1768
f 1692 1694 1765
f 1695 1765 1694
f 1695 1769 1765
f 1769 1767 1765
f 1770 1768 1767
f 1769 1770 1767
f 1695 1696 1769
f 1697 1771 1772
f 1696 1697 1772
f 1696 1772 1770
f 1696 1770 1769
f 1772 1771 1773
f 1697 1698 1771
f 1771 1774 1773
f 1771 1698 1774
f 1698 1699 1774
f 1700 1775 1776
f 1700 1776 1699
f 1699 1776 1774
f 1776 1775 1777
f 1700 1701 1775
f 1702 1778 1779
f 1701 1702 1779
f 1701 1779 1777
f 1701 1777 1775
f 1778 1780 1781
f 1779 1778 1781
f 1783 1782 1784
f 1702 1703 1778
f 1704 1778 1703
f 1780 1778 1704
f 1706 1780 1704
f 1707 1785 1786
f 1706 1707 1786
f 1706 1786 1784
f 1706 1784 1782
f 1786 1785 1787
f 1707 1708 1785
f 1785 1788 1787
f 1785 1708 1788
f 1708 1710 1788
f 1711 1789 1790
f 1711 1790 1710
f 1710 1790 1788
f 1789 1791 1792
f 1790 1789 1792
f 1792 1791 1793
f 1711 1712 1789
f 1713 1789 1712
f 1791 1789 1713
f 1791 1794 1793
f 1791 1713 1794
f 1713 1714 1794
f 1715 1795 1714
f 1714 1795 1794
f 1796 1717 1798
f 1716 1717 1796
f 1799 1797 1796
f 1798 1799 1796
f 1798 1718 1800
f 1717 1718 1798
f 1801 1799 1798
f 1800 1801 1798
f 1718 1719 1800
f 1800 1719 1721
f 1800 1721 1801
f 1801 1721 1802
f 1721 1723 1802
f 1802 1723 1803
f 1723 1724 1803
f 1803 1724 1804
f 1724 1725 1804
f 1804 1725 1805
f 1805 1726 1806
f 1807 1727 1808
f 1807 1806 1727
f 1806 1726 1727
f 1807 1808 1809
f 1727 1728 1808
f 1808 1728 1730
f 1808 1730 1809
f 1809 1730 1810
f 1730 1731 1810
f 1810 1731 1811
f 1812 1732 1813
f 1812 1811 1732
f 1811 1731 1732
f 1812 1813 1814
f 1732 1733 1813
f 1735 1815 1816
f 1733 1735 1816
f 1733 1816 1814
f 1733 1814 1813
f 1816 1815 1817
f 1815 1737 1818
f 1735 1737 1815
f 1819 1817 1815
f 1818 1819 1815
f 1818 1738 1820
f 1737 1738 1818
f 1821 1819 1818
f 1820 1821 1818
f 1820 1739 1822
f 1738 1739 1820
f 1823 1821 1820
f 1822 1823 1820
f 1739 1740 1822
f 1822 1740 1742
f 1822 1742 1823
f 1823 1742 1824
f 1825 1743 1826
f 1825 1824 1743
f 1824 1742 1743
f 1825 1826 1827
f 1743 1744 1826
f 1745 1828 1829
f 1744 1745 1829
f 1744 1829 1827
f 1744 1827 1826
f 1745 1746 1828
f 1748 1828 1746
f 1748 1832 1828
f 1748 1749 1832
f 1749 1750 1833
f 1751 1835 1836
f 1750 1751 1836
f 1750 1836 1834
f 1750 1834 1833
f 1836 1835 1837
f 1751 1752 1835
f 1754 1838 1839
f 1752 1754 1839
f 1752 1839 1837
f 1752 1837 1835
f 1839 1838 1840
f 1754 1755 1838
f 1756 1841 1842
f 1755 1756 1842
f 1755 1842 1840
f 1755 1840 1838
f 1842 1841 1843
f 1756 1757 1841
f 1758 1844 1845
f 1757 1758 1845
f 1757 1845 1843
f 1757 1843 1841
f 1845 1844 1846
f 1758 1759 1844
f 1844 1847 1846
f 1844 1759 1847
f 1770 1853 1852
f 1773 1854 1855
f 1773 1855 1772
f 1855 1854 1856
f 1773 1774 1854
f 1854 1857 1856
f 1854 1774 1857
f 1774 1776 1857
f 1857 1776 1777
f 1858 1857 1777
f 1777 1859 1858
f 1779 1859 1777
f 1781 1860 1779
f 1779 1860 1859
f 1781 1861 1860
f 1787 1865 1862
f 1787 1864 1786
f 1866 1862 1865
f 1787 1788 1865
f 1790 1865 1788
f 1866 1865 1790
f 1866 1868 1867
f 1866 1790 1868
f 1790 1792 1868
f 1793 1869 1870
f 1793 1870 1792
f 1792 1870 1868
f 1870 1869 1871
f 1793 1794 1869
f 1869 1872 1871
f 1869 1794 1872
f 1794 1795 1872
f 1876 1799 1878
f 1797 1799 1876
f 1879 1877 1876
f 1878 1879 1876
f 1878 1801 1880
f 1799 1801 1878
f 1881 1879 1878
f 1880 1881 1878
f 1880 1882 1883
f 1880 1801 1882
f 1801 1802 1882
f 1881 1880 1883
f 1884 1803 1885
f 1884 1882 1803
f 1882 1802 1803
f 1884 1885 1886
f 1885 1804 1887
f 1803 1804 1885
f 1888 1886 1885
f 1887 1888 1885
f 1887 1805 1889
f 1804 1805 1887
f 1890 1888 1887
f 1889 1890 1887
f 1889 1806 1891
f 1805 1806 1889
f 1892 1890 1889
f 1892 1889 1893
f 1893 1889 1891
f 1892 1893 1894
f 1806 1807 1891
f 1895 1893 1891
f 1895 1891 1809
f 1895 1809 1896
f 1807 1809 1891
f 1894 1893 1895
f 1897 1810 1898
f 1897 1896 1810
f 1896 1809 1810
f 1897 1898 1899
f 1898 1811 1900
f 1810 1811 1898
f 1901 1899 1898
f 1900 1901 1898
f 1811 1812 1900
f 1900 1812 1814
f 1900 1814 1901
f 1901 1814 1902
f 1903 1814 1816
f 1903 1904 1814
f 1904 1902 1814
f 1816 1817 1903
f 1903 1905 1904
f 1905 1903 1817
f 1905 1817 1906
f 1906 1817 1819
f 1819 1821 1906
f 1906 1821 1907
f 1908 1823 1909
f 1908 1907 1823
f 1908 1909 1910
f 1909 1824 1911
f 1823 1824 1909
f 1912 1910 1909
f 1911 1912 1909
f 1824 1825 1911
f 1911 1825 1827
f 1911 1827 1912
f 1912 1827 1913
f 1827 1914 1913
f 1829 1914 1827
f 1830 1915 1829
f 1829 1915 1914
f 1915 1830 1831
f 1916 1915 1831
f 1918 1834 1919
f 1918 1917 1834
f 1918 1919 1920
f 1834 1836 1919
f 1837 1921 1922
f 1836 1837 1922
f 1836 1922 1920
f 1836 1920 1919
f 1921 1923 1924
f 1922 1921 1924
f 1924 1923 1925
f 1837 1839 1921
f 1840 1921 1839
f 1840 1926 1921
f 1926 1923 1921
f 1927 1925 1923
f 1926 1927 1923
f 1840 1842 1926
f 1926 1842 1843
f 1926 1843 1927
f 1927 1843 1928
f 1843 1929 1928
f 1845 1929 1843
f 1929 1845 1846
f 1930 1929 1846
f 1846 1931 1930
f 1847 1931 1846
f 1931 1847 1848
f 1932 1931 1848
f 1848 1933 1932
f 1849 1933 1848
f 1850 1934 1935
f 1850 1935 1849
f 1849 1935 1933
f 1935 1934 1936
f 1850 1851 1934
f 1852 1937 1938
f 1851 1852 1938
f 1851 1938 1936
f 1851 1936 1934
f 1938 1937 1939
f 1941 1940 1942
f 1852 1853 1937
f 1937 1943 1939
f 1937 1853 1943
f 1853 1855 1943
f 1856 1944 1940
f 1856 1943 1855
f 1945 1942 1940
f 1944 1945 1940
f 1856 1857 1944
f 1858 1949 1950
f 1857 1858 1950
f 1857 1950 1945
f 1857 1945 1944
f 1949 1951 1952
f 1950 1949 1952
f 1946 1951 1953
f 1858 1859 1949
f 1860 1949 1859
f 1951 1949 1860
f 1861 1951 1860
f 1953 1951 1861
f 1959 1955 1954
f 1959 1863 1955
f 1957 1867 1960
f 1961 1960 1867
f 1960 1961 1962
f 1867 1868 1961
f 1961 1965 1962
f 1961 1868 1965
f 1868 1870 1965
f 1871 1966 1967
f 1871 1967 1870
f 1870 1967 1965
f 1968 1969 1970
f 1871 1872 1966
f 1874 1977 1873
f 1873 1977 1976
f 1970 1875 1968
f 1970 1977 1875
f 1977 1874 1875
f 1883 1882 1980
f 1883 1980 1981
f 1883 1981 1881
f 1882 1884 1980
f 1980 1884 1886
f 1980 1886 1981
f 1981 1886 1982
f 1886 1888 1982
f 1982 1888 1983
f 1984 1890 1985
f 1984 1983 1890
f 1983 1888 1890
f 1984 1985 1986
f 1890 1892 1985
f 1985 1892 1894
f 1985 1894 1986
f 1986 1894 1987
f 1895 1896 1988
f 1895 1988 1989
f 1895 1989 1894
f 1894 1989 1987
f 1896 1897 1988
f 1988 1897 1899
f 1988 1899 1989
f 1989 1899 1990
f 1899 1901 1990
f 1990 1901 1991
f 1992 1902 1993
f 1992 1991 1902
f 1991 1901 1902
f 1992 1993 1994
f 1993 1904 1995
f 1902 1904 1993
f 1996 1994 1993
f 1995 1996 1993
f 1904 1905 1995
f 1995 1905 1906
f 1995 1906 1996
f 1996 1906 1997
f 1906 1907 1997
f 1997 1907 1998
f 1907 1999 1998
f 1908 1999 1907
f 1910 2000 2001
f 1910 2001 1908
f 1908 2001 1999
f 2001 2000 2002
f 2000 1912 2003
f 1910 1912 2000
f 2004 2002 2000
f 2003 2004 2000
f 2003 1913 2005
f 1912 1913 2003
f 2006 2004 2003
f 2005 2006 2003
f 1913 1914 2005
f 2005 2007 2006
f 2005 1914 2007
f 1914 1915 2007
f 2007 1915 1916
f 2015 1925 1927
f 2016 1928 2017
f 2016 2015 1928
f 2015 1927 1928
f 2016 2017 2018
f 1928 1929 2017
f 1930 2019 2020
f 1929 1930 2020
f 1929 2020 2018
f 1929 2018 2017
f 2019 2021 2022
f 2020 2019 2022
f 1930 1931 2019
f 1932 2019 1931
f 1932 2023 2019
f 2023 2021 2019
f 2024 2021 2023
f 1932 1933 2023
f 1935 2023 1933
f 2024 2023 1935
f 2024 1935 1936
f 2024 1936 2025
f 2025 1936 2026
f 1936 2027 2026
f 1938 2027 1936
f 1939 2028 2029
f 1939 2029 1938
f 1938 2029 2027
f 1939 1943 2028
f 2032 1945 2033
f 2032 2031 1945
f 2032 2033 2034
f 1947 2035 2036
f 1948 1947 2036
f 1945 1950 2033
f 2033 2037 2034
f 2033 1950 2037
f 1950 1952 2037
f 2038 2037 1952
f 2040 2041 2042
f 2040 2036 2041
f 2040 1954 2036
f 1954 1948 2036
f 1956 2044 2043
f 2042 1959 2040
f 2042 2046 1959
f 2046 1958 1959
f 1954 2040 1959
f 1962 2049 2050
f 1962 2050 1960
f 1960 2050 2048
f 2054 2053 2055
f 1963 2056 2057
f 1964 1963 2057
f 1962 1965 2049
f 1967 2049 1965
f 2051 2049 1967
f 2059 2061 2062
f 2060 2059 2062
f 2061 1970 1969
f 2061 1969 2062
f 2062 1969 2063
f 1971 2064 2065
f 1971 2065 1969
f 1969 2065 2063
f 2065 2064 2066
f 1973 2069 2053
f 2055 2053 2069
f 1974 2070 1972
f 1972 2070 2069
f 2057 1975 1964
f 2071 1975 2057
f 1977 2059 1976
f 2061 2059 1977
f 1970 2061 1977
f 1971 1978 2064
f 2064 2072 2066
f 2064 1978 2072
f 1978 1979 2072
f 2072 1979 2068
f 1983 1984 2073
f 2073 1984 1986
f 2073 1986 2074
f 2074 1986 2075
f 2076 1987 2077
f 2076 2075 1987
f 2075 1986 1987
f 2077 2078 2079
f 2077 1987 2078
f 1987 1989 2078
f 1989 1990 2078
f 2078 1990 2080
f 2081 1991 2082
f 2081 2080 1991
f 2080 1990 1991
f 1991 1992 2082
f 1994 2082 1992
f 1994 2085 2082
f 2085 2083 2082
f 2086 2084 2083
f 2085 2086 2083
f 2085 1996 2087
f 1994 1996 2085
f 2088 2086 2085
f 2087 2088 2085
f 2087 1997 2089
f 1996 1997 2087
f 2090 2088 2087
f 2089 2090 2087
f 2089 1998 2091
f 1997 1998 2089
f 2092 2090 2089
f 2091 2092 2089
f 1998 1999 2091
f 2091 2093 2092
f 2091 1999 2093
f 1999 2001 2093
f 2002 2094 2095
f 2002 2095 2001
f 2001 2095 2093
f 2095 2094 2096
f 2094 2004 2097
f 2002 2004 2094
f 2098 2096 2094
f 2097 2098 2094
f 2097 2006 2099
f 2004 2006 2097
f 2100 2098 2097
f 2099 2100 2097
f 2006 2007 2099
f 2099 2007 2008
f 2099 2008 2100
f 2100 2008 2101
f 2102 2009 2103
f 2102 2101 2009
f 2101 2008 2009
f 2103 2104 2105
f 2102 2103 2105
f 2105 2104 2106
f 2009 2010 2103
f 2011 2103 2010
f 2011 2107 2103
f 2107 2104 2103
f 2107 2108 2104
f 2011 2012 2107
f 2013 2109 2110
f 2012 2013 2110
f 2012 2110 2108
f 2012 2108 2107
f 2110 2109 2111
f 2013 2014 2109
f 2015 2112 2113
f 2014 2015 2113
f 2014 2113 2111
f 2014 2111 2109
f 2113 2112 2114
f 2015 2016 2112
f 2018 2115 2116
f 2016 2018 2116
f 2016 2116 2114
f 2016 2114 2112
f 2116 2115 2117
f 2018 2020 2115
f 2115 2118 2117
f 2115 2020 2118
f 2020 2022 2118
f 2122 2026 2123
f 2122 2121 2026
f 2122 2123 2124
f 2026 2027 2123
f 2123 2125 2124
f 2123 2027 2125
f 2027 2029 2125
f 2126 2030 2031
f 2127 2126 2031
f 2031 2128 2127
f 2032 2128 2031
f 2034 2129 2130
f 2034 2130 2032
f 2032 2130 2128
f 2130 2129 2131
f 2035 2132 2133
f 2036 2035 2133
f 2034 2037 2129
f 2129 2134 2131
f 2129 2037 2134
f 2037 2038 2134
f 2039 2135 2136
f 2039 2136 2038
f 2038 2136 2134
f 2136 2135 2137
f 2143 2042 2041
f 2143 2041 2144
f 2144 2041 2145
f 2133 2041 2036
f 2145 2041 2133
f 2039 2043 2135
f 2135 2146 2137
f 2135 2043 2146
f 2043 2044 2146
f 2045 2147 2148
f 2045 2148 2044
f 2044 2148 2146
f 2138 2147 2149
f 2151 2138 2149
f 2152 2153 2154
f 2155 2156 2157
f 2156 2155 2158
f 2042 2143 2046
f 2045 2047 2147
f 2048 2147 2047
f 2149 2147 2048
f 2050 2149 2048
f 2151 2149 2050
f 2052 2160 2159
f 2162 2163 2164
f 2154 2163 2162
f 2154 2162 2152
f 2152 2162 2165
f 2055 2168 2169
f 2055 2169 2054
f 2054 2169 2167
f 2168 2170 2171
f 2169 2168 2171
f 2170 2172 2173
f 2171 2170 2173
f 2172 2057 2056
f 2172 2056 2173
f 2157 2058 2155
f 2157 2174 2058
f 2164 2060 2162
f 2164 2175 2060
f 2062 2162 2060
f 2165 2162 2062
f 2165 2176 2166
f 2165 2062 2176
f 2062 2063 2176
f 2065 2177 2063
f 2063 2177 2176
f 2066 2178 2179
f 2066 2179 2065
f 2065 2179 2177
f 2178 2068 2067
f 2178 2067 2179
f 2179 2067 2180
f 2067 2181 2180
f 2055 2069 2168
f 2070 2168 2069
f 2170 2168 2070
f 2071 2170 2070
f 2172 2170 2071
f 2057 2172 2071
f 2066 2072 2178
f 2068 2178 2072
f 2183 2075 2184
f 2183 2182 2075
f 2182 2074 2075
f 2183 2184 2185
f 2075 2076 2184
f 2076 2186 2185
f 2076 2185 2184
f 2079 2078 2187
f 2079 2187 2188
f 2187 2080 2189
f 2078 2080 2187
f 2190 2188 2187
f 2189 2190 2187
f 2080 2081 2189
f 2189 2191 2190
f 2189 2081 2191
f 2193 2088 2194
f 2194 2090 2195
f 2196 2092 2197
f 2196 2195 2092
f 2195 2090 2092
f 2196 2197 2198
f 2092 2093 2197
f 2197 2093 2095
f 2197 2199 2198
f 2201 2100 2202
f 2203 2101 2204
f 2203 2202 2101
f 2202 2100 2101
f 2203 2204 2205
f 2101 2102 2204
f 2204 2206 2205
f 2204 2102 2206
f 2208 2108 2209
f 2208 2207 2108
f 2207 2106 2108
f 2208 2209 2210
f 2108 2110 2209
f 2209 2110 2111
f 2209 2111 2210
f 2210 2111 2211
f 2111 2212 2211
f 2113 2212 2111
f 2114 2213 2214
f 2114 2214 2113
f 2113 2214 2212
f 2114 2116 2213
f 2117 2213 2116
f 2117 2217 2213
f 2117 2118 2217
f 2217 2118 2119
f 2217 2119 2218
f 2218 2119 2219
f 2119 2220 2219
f 2120 2220 2119
f 2121 2221 2222
f 2121 2222 2120
f 2120 2222 2220
f 2222 2221 2223
f 2121 2122 2221
f 2124 2226 2227
f 2122 2124 2227
f 2122 2227 2223
f 2122 2223 2221
f 2229 2225 2224
f 2228 2229 2224
f 2124 2125 2226
f 2127 2230 2231
f 2126 2127 2231
f 2126 2231 2229
f 2126 2229 2228
f 2231 2230 2232
f 2127 2128 2230
f 2230 2235 2232
f 2230 2128 2235
f 2128 2130 2235
f 2131 2236 2237
f 2131 2237 2130
f 2130 2237 2235
f 2236 2238 2239
f 2237 2236 2239
f 2239 2238 2240
f 2241 2242 2243
f 2234 2242 2241
f 2233 2234 2241
f 2233 2241 2133
f 2233 2133 2132
f 2131 2134 2236
f 2136 2236 2134
f 2238 2236 2136
f 2137 2244 2245
f 2136 2137 2245
f 2136 2245 2240
f 2136 2240 2238
f 2244 2246 2247
f 2245 2244 2247
f 2248 2139 2140
f 2249 2248 2140
f 2142 2141 2251
f 2243 2145 2241
f 2243 2253 2145
f 2253 2144 2145
f 2133 2241 2145
f 2137 2146 2244
f 2148 2244 2146
f 2246 2244 2148
f 2140 2254 2249
f 2150 2254 2140
f 2150 2255 2254
f 2258 2259 2260
f 2261 2262 2263
f 2261 2157 2156
f 2261 2156 2262
f 2262 2156 2264
f 2158 2265 2156
f 2156 2265 2264
f 2251 2158 2142
f 2265 2158 2251
f 2160 2267 2159
f 2159 2267 2266
f 2161 2268 2269
f 2161 2269 2160
f 2160 2269 2267
f 2268 2164 2163
f 2269 2163 2270
f 2271 2270 2163
f 2257 2166 2272
f 2273 2272 2166
f 2273 2274 2275
f 2272 2273 2275
f 2275 2274 2276
f 2277 2278 2279
f 2260 2278 2277
f 2260 2277 2258
f 2258 2277 2280
f 2283 2167 2284
f 2169 2285 2167
f 2167 2285 2284
f 2171 2286 2169
f 2169 2286 2285
f 2173 2287 2171
f 2171 2287 2286
f 2263 2174 2261
f 2263 2287 2174
f 2287 2173 2174
f 2157 2261 2174
f 2161 2175 2268
f 2164 2268 2175
f 2166 2176 2273
f 2177 2273 2176
f 2274 2273 2177
f 2274 2288 2276
f 2274 2177 2288
f 2177 2179 2288
f 2279 2180 2277
f 2279 2288 2180
f 2288 2179 2180
f 2181 2277 2180
f 2280 2277 2181
f 2182 2183 2289
f 2289 2183 2185
f 2289 2185 2290
f 2290 2185 2291
f 2292 2291 2185
f 2188 2293 2292
f 2294 2190 2295
f 2294 2293 2190
f 2293 2188 2190
f 2294 2295 2296
f 2190 2191 2295
f 2295 2191 2192
f 2295 2192 2296
f 2296 2192 2297
f 2192 2193 2297
f 2297 2193 2298
f 2299 2194 2300
f 2299 2298 2194
f 2298 2193 2194
f 2300 2195 2302
f 2194 2195 2300
f 2303 2301 2300
f 2302 2303 2300
f 2195 2196 2302
f 2302 2196 2198
f 2302 2198 2303
f 2303 2198 2304
f 2305 2199 2306
f 2305 2304 2199
f 2304 2198 2199
f 2305 2306 2307
f 2199 2200 2306
f 2200 2308 2307
f 2200 2307 2306
f 2202 2203 2311
f 2311 2203 2205
f 2311 2205 2312
f 2312 2205 2313
f 2205 2314 2313
f 2206 2314 2205
f 2207 2315 2316
f 2207 2316 2206
f 2206 2316 2314
f 2316 2315 2317
f 2207 2208 2315
f 2315 2208 2210
f 2315 2210 2317
f 2319 2211 2320
f 2319 2318 2211
f 2318 2210 2211
f 2319 2320 2321
f 2211 2212 2320
f 2320 2322 2321
f 2320 2212 2322
f 2212 2214 2322
f 2214 2323 2322
f 2323 2215 2216
f 2324 2323 2216
f 2324 2218 2325
f 2326 2219 2327
f 2326 2325 2219
f 2325 2218 2219
f 2326 2327 2328
f 2219 2220 2327
f 2327 2329 2328
f 2327 2220 2329
f 2220 2222 2329
f 2223 2330 2331
f 2223 2331 2222
f 2222 2331 2329
f 2333 2332 2225
f 2223 2227 2330
f 2225 2229 2333
f 2333 2229 2334
f 2229 2339 2334
f 2231 2339 2229
f 2232 2340 2341
f 2232 2341 2231
f 2231 2341 2339
f 2341 2340 2342
f 2343 2344 2345
f 2232 2235 2340
f 2340 2349 2342
f 2340 2235 2349
f 2235 2237 2349
f 2239 2350 2237
f 2237 2350 2349
f 2240 2343 2350
f 2240 2350 2239
f 2350 2343 2345
f 2353 2354 2355
f 2356 2357 2358
f 2356 2359 2360
f 2359 2243 2242
f 2359 2242 2360
f 2360 2242 2361
f 2348 2242 2234
f 2361 2242 2348
f 2240 2245 2351
f 2351 2362 2352
f 2351 2245 2362
f 2245 2247 2362
f 2247 2363 2362
f 2363 2248 2249
f 2364 2363 2249
f 2365 2353 2355
f 2366 2365 2355
f 2367 2368 2369
f 2368 2251 2250
f 2368 2250 2369
f 2369 2250 2370
f 2358 2252 2356
f 2358 2370 2252
f 2370 2250 2252
f 2253 2356 2252
f 2359 2356 2253
f 2243 2359 2253
f 2249 2371 2364
f 2254 2371 2249
f 2255 2372 2254
f 2254 2372 2371
f 2256 2373 2374
f 2256 2374 2255
f 2255 2374 2372
f 2373 2375 2376
f 2374 2373 2376
f 2375 2377 2378
f 2376 2375 2378
f 2377 2379 2380
f 2378 2377 2380
f 2379 2381 2382
f 2380 2379 2382
f 2382 2381 2383
f 2386 2387 2388
f 2387 2389 2390
f 2388 2387 2390
f 2366 2390 2389
f 2365 2366 2389
f 2365 2389 2263
f 2365 2263 2262
f 2264 2365 2262
f 2367 2365 2264
f 2265 2367 2264
f 2368 2367 2265
f 2251 2368 2265
f 2256 2266 2373
f 2267 2373 2266
f 2375 2373 2267
f 2269 2375 2267
f 2377 2375 2269
f 2270 2377 2269
f 2379 2377 2270
f 2271 2379 2270
f 2381 2379 2271
f 2381 2391 2383
f 2381 2271 2391
f 2271 2272 2391
f 2275 2392 2272
f 2272 2392 2391
f 2276 2393 2394
f 2276 2394 2275
f 2275 2394 2392
f 2393 2279 2278
f 2393 2278 2394
f 2394 2278 2395
f 2396 2395 2278
f 2282 2398 2281
f 2283 2399 2282
f 2282 2399 2398
f 2385 2284 2384
f 2385 2399 2284
f 2399 2283 2284
f 2285 2384 2284
f 2386 2384 2285
f 2286 2386 2285
f 2387 2386 2286
f 2287 2387 2286
f 2389 2387 2287
f 2263 2389 2287
f 2276 2288 2393
f 2279 2393 2288
f 2400 2292 2402
f 2291 2292 2400
f 2403 2401 2400
f 2402 2403 2400
f 2402 2293 2404
f 2292 2293 2402
f 2405 2403 2402
f 2405 2402 2406
f 2406 2402 2404
f 2293 2294 2404
f 2407 2406 2404
f 2407 2404 2296
f 2407 2296 2408
f 2294 2296 2404
f 2296 2297 2408
f 2408 2297 2409
f 2410 2298 2411
f 2410 2409 2298
f 2409 2297 2298
f 2410 2411 2412
f 2298 2299 2411
f 2301 2413 2414
f 2299 2301 2414
f 2299 2414 2412
f 2299 2412 2411
f 2413 2415 2416
f 2414 2413 2416
f 2413 2303 2418
f 2301 2303 2413
f 2419 2420 2415
f 2419 2415 2418
f 2418 2415 2413
f 2417 2415 2420
f 2418 2304 2421
f 2303 2304 2418
f 2422 2419 2418
f 2421 2422 2418
f 2304 2305 2421
f 2307 2423 2424
f 2305 2307 2424
f 2305 2424 2422
f 2305 2422 2421
f 2424 2423 2425
f 2307 2308 2423
f 2423 2426 2425
f 2423 2308 2426
f 2426 2309 2310
f 2427 2426 2310
f 2428 2313 2430
f 2312 2313 2428
f 2431 2429 2428
f 2431 2428 2432
f 2432 2428 2430
f 2431 2432 2433
f 2313 2314 2430
f 2316 2430 2314
f 2432 2430 2316
f 2317 2434 2435
f 2316 2317 2435
f 2316 2435 2433
f 2316 2433 2432
f 2318 2319 2436
f 2321 2438 2439
f 2319 2321 2439
f 2319 2439 2437
f 2319 2437 2436
f 2439 2438 2440
f 2321 2322 2438
f 2438 2441 2440
f 2438 2322 2441
f 2322 2323 2441
f 2441 2323 2324
f 2442 2441 2324
f 2443 2325 2444
f 2443 2442 2325
f 2442 2324 2325
f 2443 2444 2445
f 2325 2326 2444
f 2328 2446 2447
f 2326 2328 2447
f 2326 2447 2445
f 2326 2445 2444
f 2447 2446 2448
f 2328 2329 2446
f 2446 2449 2448
f 2446 2329 2449
f 2329 2331 2449
f 2331 2450 2449
f 2450 2332 2333
f 2453 2455 2456
f 2454 2453 2456
f 2457 2334 2458
f 2457 2451 2334
f 2451 2333 2334
f 2458 2459 2460
f 2457 2458 2460
f 2460 2459 2461
f 2452 2462 2336
f 2452 2336 2335
f 2337 2452 2335
f 2338 2453 2337
f 2455 2453 2338
f 2334 2339 2458
f 2341 2458 2339
f 2459 2458 2341
f 2342 2464 2465
f 2341 2342 2465
f 2341 2465 2461
f 2341 2461 2459
f 2464 2466 2467
f 2465 2464 2467
f 2466 2345 2344
f 2466 2344 2467
f 2467 2344 2468
f 2468 2344 2346
f 2469 2468 2346
f 2470 2472 2473
f 2471 2470 2473
f 2474 2476 2477
f 2475 2474 2477
f 2463 2477 2476
f 2462 2463 2476
f 2462 2476 2348
f 2462 2348 2347
f 2336 2462 2347
f 2342 2349 2464
f 2350 2464 2349
f 2466 2464 2350
f 2345 2466 2350
f 2478 2352 2479
f 2478 2469 2352
f 2469 2346 2352
f 2479 2480 2481
f 2478 2479 2481
f 2480 2482 2483
f 2481 2480 2483
f 2483 2482 2484
f 2354 2487 2488
f 2355 2354 2488
f 2470 2490 2492
f 2357 2492 2358
f 2357 2472 2492
f 2472 2470 2492
f 2361 2474 2360
f 2476 2474 2361
f 2348 2476 2361
f 2352 2362 2479
f 2363 2479 2362
f 2480 2479 2363
f 2364 2480 2363
f 2364 2493 2480
f 2493 2482 2480
f 2494 2484 2482
f 2494 2482 2495
f 2495 2482 2493
f 2495 2496 2497
f 2494 2495 2497
f 2486 2497 2496
f 2486 2496 2485
f 2485 2496 2498
f 2499 2500 2501
f 2503 2504 2505
f 2502 2503 2505
f 2504 2488 2505
f 2504 2366 2488
f 2366 2355 2488
f 2370 2490 2369
f 2492 2490 2370
f 2358 2492 2370
f 2364 2371 2493
f 2372 2493 2371
f 2495 2493 2372
f 2374 2495 2372
f 2496 2495 2374
f 2376 2496 2374
f 2498 2496 2376
f 2378 2498 2376
f 2500 2498 2378
f 2500 2506 2501
f 2500 2378 2506
f 2378 2380 2506
f 2382 2507 2380
f 2380 2507 2506
f 2383 2508 2509
f 2383 2509 2382
f 2382 2509 2507
f 2508 2510 2511
f 2509 2508 2511
f 2510 2512 2513
f 2511 2510 2513
f 2512 2514 2515
f 2513 2512 2515
f 2514 2516 2517
f 2515 2514 2517
f 2390 2503 2388
f 2504 2503 2390
f 2366 2504 2390
f 2383 2391 2508
f 2392 2508 2391
f 2510 2508 2392
f 2394 2510 2392
f 2512 2510 2394
f 2395 2512 2394
f 2514 2512 2395
f 2396 2514 2395
f 2516 2514 2396
f 2397 2516 2396
f 2518 2516 2397
f 2398 2518 2397
f 2519 2518 2398
f 2399 2519 2398
f 2520 2519 2399
f 2385 2520 2399
f 2522 2403 2523
f 2522 2521 2403
f 2521 2401 2403
f 2522 2523 2524
f 2403 2405 2523
f 2523 2525 2524
f 2523 2405 2525
f 2407 2408 2526
f 2527 2407 2526
f 2527 2528 2407
f 2526 2409 2529
f 2408 2409 2526
f 2530 2527 2526
f 2529 2530 2526
f 2409 2410 2529
f 2529 2410 2412
f 2529 2412 2530
f 2530 2412 2531
f 2412 2532 2531
f 2419 2534 2533
f 2535 2422 2536
f 2535 2534 2422
f 2535 2536 2537
f 2422 2424 2536
f 2536 2424 2425
f 2536 2425 2537
f 2537 2425 2538
f 2425 2539 2538
f 2426 2539 2425
f 2539 2426 2427
f 2540 2539 2427
f 2540 2429 2541
f 2429 2542 2541
f 2431 2542 2429
f 2542 2431 2433
f 2543 2542 2433
f 2433 2544 2543
f 2435 2544 2433
f 2546 2437 2547
f 2546 2545 2437
f 2546 2547 2548
f 2437 2439 2547
f 2440 2549 2550
f 2439 2440 2550
f 2439 2550 2548
f 2439 2548 2547
f 2550 2549 2551
f 2440 2441 2549
f 2442 2552 2553
f 2441 2442 2553
f 2441 2553 2551
f 2441 2551 2549
f 2552 2554 2555
f 2553 2552 2555
f 2555 2554 2556
f 2442 2443 2552
f 2445 2552 2443
f 2445 2557 2552
f 2557 2554 2552
f 2558 2556 2554
f 2557 2558 2554
f 2445 2447 2557
f 2448 2559 2560
f 2447 2448 2560
f 2447 2560 2558
f 2447 2558 2557
f 2559 2561 2562
f 2560 2559 2562
f 2562 2561 2563
f 2564 2565 2566
f 2448 2449 2559
f 2450 2559 2449
f 2561 2559 2450
f 2451 2567 2568
f 2450 2451 2568
f 2450 2568 2563
f 2450 2563 2561
f 2568 2567 2569
f 2566 2456 2564
f 2566 2570 2456
f 2570 2454 2456
f 2451 2457 2567
f 2567 2571 2569
f 2567 2457 2571
f 2457 2460 2571
f 2461 2572 2573
f 2461 2573 2460
f 2460 2573 2571
f 2572 2574 2575
f 2573 2572 2575
f 2575 2574 2576
f 2577 2580 2581
f 2578 2577 2581
f 2580 2582 2583
f 2581 2580 2583
f 2461 2465 2572
f 2467 2572 2465
f 2574 2572 2467
f 2574 2584 2576
f 2574 2467 2584
f 2469 2585 2586
f 2469 2586 2468
f 2586 2585 2587
f 2471 2588 2589
f 2579 2473 2577
f 2579 2588 2473
f 2588 2471 2473
f 2580 2577 2475
f 2477 2580 2475
f 2582 2580 2477
f 2463 2582 2477
f 2469 2478 2585
f 2585 2590 2587
f 2585 2478 2590
f 2478 2481 2590
f 2483 2591 2481
f 2481 2591 2590
f 2484 2592 2593
f 2484 2593 2483
f 2483 2593 2591
f 2593 2592 2594
f 2595 2596 2597
f 2488 2487 2599
f 2489 2601 2600
f 2601 2491 2589
f 2484 2494 2592
f 2592 2602 2594
f 2592 2494 2602
f 2499 2604 2603
f 2501 2605 2606
f 2501 2606 2499
f 2499 2606 2604
f 2605 2607 2608
f 2606 2605 2608
f 2607 2609 2610
f 2597 2610 2609
f 2597 2609 2595
f 2612 2613 2614
f 2502 2618 2617
f 2505 2619 2502
f 2502 2619 2618
f 2599 2505 2488
f 2619 2505 2599
f 2501 2506 2605
f 2507 2605 2506
f 2607 2605 2507
f 2509 2607 2507
f 2609 2607 2509
f 2511 2609 2509
f 2611 2609 2511
f 2513 2611 2511
f 2613 2611 2513
f 2613 2620 2614
f 2613 2513 2620
f 2513 2515 2620
f 2517 2621 2515
f 2515 2621 2620
f 2521 2522 2624
f 2624 2522 2524
f 2624 2524 2625
f 2625 2524 2626
f 2524 2627 2626
f 2629 2530 2631
f 2527 2530 2629
f 2632 2630 2629
f 2631 2632 2629
f 2631 2531 2633
f 2530 2531 2631
f 2634 2632 2631
f 2633 2634 2631
f 2531 2532 2633
f 2533 2635 2636
f 2532 2533 2636
f 2532 2636 2634
f 2532 2634 2633
f 2636 2635 2637
f 2635 2534 2638
f 2533 2534 2635
f 2639 2637 2635
f 2638 2639 2635
f 2534 2535 2638
f 2537 2640 2641
f 2535 2537 2641
f 2535 2641 2639
f 2535 2639 2638
f 2641 2640 2642
f 2640 2538 2643
f 2537 2538 2640
f 2644 2642 2640
f 2644 2640 2645
f 2645 2640 2643
f 2644 2645 2646
f 2538 2539 2643
f 2540 2643 2539
f 2540 2647 2643
f 2647 2645 2643
f 2648 2646 2645
f 2647 2648 2645
f 2647 2541 2649
f 2540 2541 2647
f 2650 2648 2647
f 2650 2647 2651
f 2651 2647 2649
f 2541 2542 2649
f 2543 2649 2542
f 2543 2653 2649
f 2653 2651 2649
f 2654 2651 2653
f 2654 2655 2652
f 2543 2544 2653
f 2545 2653 2544
f 2545 2656 2653
f 2656 2654 2653
f 2657 2655 2654
f 2656 2657 2654
f 2545 2546 2656
f 2548 2658 2659
f 2546 2548 2659
f 2546 2659 2657
f 2546 2657 2656
f 2659 2658 2660
f 2548 2550 2658
f 2551 2661 2662
f 2550 2551 2662
f 2550 2662 2660
f 2550 2660 2658
f 2662 2661 2663
f 2551 2553 2661
f 2661 2664 2663
f 2661 2553 2664
f 2556 2665 2666
f 2556 2666 2555
f 2666 2665 2667
f 2665 2558 2669
f 2556 2558 2665
f 2670 2667 2665
f 2670 2665 2671
f 2671 2665 2669
f 2670 2671 2672
f 2674 2673 2668
f 2558 2560 2669
f 2562 2669 2560
f 2671 2669 2562
f 2563 2675 2676
f 2562 2563 2676
f 2562 2676 2672
f 2562 2672 2671
f 2676 2675 2677
f 2674 2683 2682
f 2673 2674 2682
f 2673 2682 2566
f 2673 2566 2565
f 2563 2568 2675
f 2569 2684 2685
f 2568 2569 2685
f 2568 2685 2677
f 2568 2677 2675
f 2688 2690 2691
f 2689 2688 2691
f 2690 2692 2693
f 2691 2690 2693
f 2566 2682 2570
f 2569 2571 2684
f 2573 2684 2571
f 2686 2684 2573
f 2686 2695 2687
f 2686 2573 2695
f 2573 2575 2695
f 2576 2696 2697
f 2576 2697 2575
f 2575 2697 2695
f 2697 2696 2698
f 2581 2688 2578
f 2690 2688 2581
f 2583 2690 2581
f 2692 2690 2583
f 2576 2584 2696
f 2696 2700 2698
f 2696 2584 2700
f 2584 2586 2700
f 2587 2701 2702
f 2587 2702 2586
f 2586 2702 2700
f 2701 2703 2704
f 2702 2701 2704
f 2707 2708 2709
f 2707 2710 2711
f 2708 2707 2711
f 2710 2589 2588
f 2710 2588 2711
f 2711 2588 2712
f 2699 2588 2579
f 2712 2588 2699
f 2587 2590 2701
f 2591 2701 2590
f 2703 2701 2591
f 2593 2703 2591
f 2705 2703 2593
f 2594 2713 2714
f 2593 2594 2714
f 2593 2714 2706
f 2593 2706 2705
f 2713 2715 2716
f 2714 2713 2716
f 2715 2717 2718
f 2716 2715 2718
f 2717 2719 2720
f 2718 2717 2720
f 2720 2719 2721
f 2724 2725 2726
f 2724 2727 2728
f 2725 2724 2728
f 2727 2729 2730
f 2728 2727 2730
f 2729 2599 2598
f 2729 2598 2730
f 2730 2598 2731
f 2709 2600 2707
f 2709 2731 2600
f 2731 2598 2600
f 2601 2707 2600
f 2710 2707 2601
f 2589 2710 2601
f 2594 2602 2713
f 2603 2713 2602
f 2715 2713 2603
f 2604 2715 2603
f 2717 2715 2604
f 2606 2717 2604
f 2719 2717 2606
f 2719 2732 2721
f 2719 2606 2732
f 2606 2608 2732
f 2608 2733 2732
f 2614 2735 2736
f 2614 2736 2612
f 2612 2736 2734
f 2735 2737 2738
f 2736 2735 2738
f 2615 2741 2740
f 2616 2742 2615
f 2615 2742 2741
f 2726 2617 2724
f 2726 2742 2617
f 2742 2616 2617
f 2618 2724 2617
f 2727 2724 2618
f 2619 2727 2618
f 2729 2727 2619
f 2599 2729 2619
f 2614 2620 2735
f 2621 2735 2620
f 2737 2735 2621
f 2622 2623 2743
f 2744 2625 2745
f 2744 2743 2625
f 2743 2623 2625
f 2744 2745 2746
f 2745 2626 2747
f 2625 2626 2745
f 2748 2746 2745
f 2748 2745 2749
f 2749 2745 2747
f 2748 2749 2750
f 2626 2627 2747
f 2628 2747 2627
f 2628 2751 2747
f 2751 2749 2747
f 2752 2750 2749
f 2751 2752 2749
f 2753 2632 2755
f 2630 2632 2753
f 2756 2754 2753
f 2755 2756 2753
f 2755 2634 2757
f 2632 2634 2755
f 2758 2756 2755
f 2758 2755 2759
f 2759 2755 2757
f 2759 2760 2761
f 2758 2759 2761
f 2634 2636 2757
f 2637 2757 2636
f 2637 2763 2757
f 2763 2759 2757
f 2764 2765 2760
f 2764 2760 2763
f 2763 2760 2759
f 2762 2760 2765
f 2763 2639 2766
f 2637 2639 2763
f 2767 2764 2763
f 2766 2767 2763
f 2639 2641 2766
f 2766 2641 2642
f 2766 2642 2767
f 2767 2642 2768
f 2642 2769 2768
f 2644 2769 2642
f 2769 2644 2646
f 2770 2769 2646
f 2771 2648 2772
f 2771 2770 2648
f 2770 2646 2648
f 2771 2772 2773
f 2648 2650 2772
f 2772 2774 2773
f 2772 2650 2774
f 2775 2655 2776
f 2776 2777 2775
f 2776 2657 2778
f 2655 2657 2776
f 2779 2777 2776
f 2778 2779 2776
f 2657 2659 2778
f 2660 2780 2781
f 2659 2660 2781
f 2659 2781 2779
f 2659 2779 2778
f 2781 2780 2782
f 2660 2662 2780
f 2663 2783 2784
f 2662 2663 2784
f 2662 2784 2782
f 2662 2782 2780
f 2783 2785 2786
f 2784 2783 2786
f 2785 2787 2788
f 2786 2785 2788
f 2788 2787 2789
f 2663 2664 2783
f 2666 2783 2664
f 2667 2785 2666
f 2667 2792 2785
f 2792 2787 2785
f 2793 2789 2787
f 2792 2793 2787
f 2791 2794 2668
f 2667 2670 2792
f 2672 2795 2796
f 2670 2672 2796
f 2670 2796 2793
f 2670 2793 2792
f 2796 2795 2797
f 2798 2799 2800
f 2798 2801 2802
f 2799 2798 2802
f 2801 2794 2802
f 2801 2674 2794
f 2674 2668 2794
f 2672 2676 2795
f 2677 2803 2804
f 2676 2677 2804
f 2676 2804 2797
f 2676 2797 2795
f 2804 2678 2805
f 2805 2678 2679
f 2806 2805 2679
f 2807 2809 2810
f 2800 2810 2809
f 2798 2800 2809
f 2798 2809 2681
f 2798 2681 2680
f 2683 2798 2680
f 2801 2798 2683
f 2674 2801 2683
f 2677 2685 2803
f 2811 2687 2812
f 2811 2806 2687
f 2812 2813 2814
f 2811 2812 2814
f 2813 2815 2816
f 2814 2813 2816
f 2816 2815 2817
f 2691 2820 2689
f 2808 2693 2807
f 2808 2820 2693
f 2820 2691 2693
f 2694 2807 2693
f 2809 2807 2694
f 2681 2809 2694
f 2687 2695 2812
f 2697 2812 2695
f 2813 2812 2697
f 2698 2813 2697
f 2698 2821 2813
f 2821 2815 2813
f 2822 2817 2815
f 2822 2815 2823
f 2823 2815 2821
f 2822 2823 2824
f 2830 2831 2832
f 2830 2833 2834
f 2831 2830 2834
f 2833 2835 2836
f 2834 2833 2836
f 2835 2837 2838
f 2836 2835 2838
f 2837 2819 2838
f 2837 2699 2819
f 2698 2700 2821
f 2702 2821 2700
f 2823 2821 2702
f 2823 2839 2824
f 2823 2702 2839
f 2702 2704 2839
f 2839 2704 2826
f 2840 2706 2841
f 2840 2827 2706
f 2841 2842 2843
f 2840 2841 2843
f 2842 2844 2845
f 2843 2842 2845
f 2845 2844 2846
f 2832 2851 2852
f 2832 2852 2830
f 2830 2852 2853
f 2708 2853 2709
f 2708 2833 2853
f 2833 2830 2853
f 2711 2833 2708
f 2835 2833 2711
f 2712 2835 2711
f 2837 2835 2712
f 2699 2837 2712
f 2706 2714 2841
f 2716 2841 2714
f 2842 2841 2716
f 2718 2842 2716
f 2844 2842 2718
f 2720 2844 2718
f 2721 2854 2855
f 2720 2721 2855
f 2854 2856 2857
f 2855 2854 2857
f 2856 2723 2722
f 2856 2722 2857
f 2857 2722 2858
f 2859 2861 2862
f 2860 2859 2862
f 2861 2863 2864
f 2862 2861 2864
f 2863 2865 2866
f 2864 2863 2866
f 2865 2867 2868
f 2866 2865 2868
f 2867 2869 2870
f 2868 2867 2870
f 2869 2871 2872
f 2870 2869 2872
f 2849 2872 2871
f 2848 2849 2871
f 2848 2871 2726
f 2848 2726 2725
f 2728 2848 2725
f 2850 2848 2728
f 2730 2850 2728
f 2852 2850 2730
f 2731 2852 2730
f 2853 2852 2731
f 2709 2853 2731
f 2721 2732 2854
f 2733 2854 2732
f 2856 2854 2733
f 2723 2856 2733
f 2736 2859 2734
f 2861 2859 2736
f 2738 2861 2736
f 2863 2861 2738
f 2739 2863 2738
f 2865 2863 2739
f 2740 2865 2739
f 2867 2865 2740
f 2741 2867 2740
f 2869 2867 2741
f 2742 2869 2741
f 2871 2869 2742
f 2726 2871 2742
f 2743 2744 2874
f 2746 2876 2877
f 2744 2746 2877
f 2744 2877 2875
f 2744 2875 2874
f 2877 2876 2878
f 2746 2748 2876
f 2876 2748 2750
f 2876 2750 2878
f 2878 2750 2879
f 2750 2752 2879
f 2879 2752 2880
f 2881 2754 2882
f 2881 2880 2754
f 2881 2882 2883
f 2882 2756 2884
f 2754 2756 2882
f 2885 2883 2882
f 2884 2885 2882
f 2756 2758 2884
f 2884 2886 2885
f 2884 2758 2886
f 2886 2761 2762
f 2887 2886 2762
f 2765 2764 2888
f 2765 2888 2889
f 2765 2889 2762
f 2762 2889 2887
f 2888 2767 2890
f 2764 2767 2888
f 2891 2889 2888
f 2890 2891 2888
f 2890 2768 2892
f 2767 2768 2890
f 2893 2891 2890
f 2892 2893 2890
f 2768 2769 2892
f 2770 2894 2895
f 2769 2770 2895
f 2769 2895 2893
f 2769 2893 2892
f 2894 2896 2897
f 2895 2894 2897
f 2897 2896 2898
f 2770 2771 2894
f 2773 2894 2771
f 2773 2899 2894
f 2899 2896 2894
f 2899 2900 2896
f 2773 2774 2899
f 2899 2901 2900
f 2899 2774 2901
f 2903 2777 2904
f 2903 2902 2777
f 2903 2904 2905
f 2904 2779 2906
f 2777 2779 2904
f 2907 2905 2904
f 2907 2904 2908
f 2908 2904 2906
f 2907 2908 2909
f 2779 2781 2906
f 2782 2906 2781
f 2782 2910 2906
f 2910 2908 2906
f 2911 2909 2908
f 2911 2908 2912
f 2912 2908 2910
f 2911 2912 2913
f 2782 2784 2910
f 2786 2910 2784
f 2912 2910 2786
f 2912 2914 2913
f 2912 2786 2914
f 2786 2788 2914
f 2914 2788 2789
f 2916 2917 2918
f 2916 2791 2790
f 2916 2790 2917
f 2919 2793 2920
f 2919 2915 2793
f 2915 2789 2793
f 2919 2920 2921
f 2922 2923 2924
f 2918 2923 2922
f 2918 2922 2916
f 2916 2922 2925
f 2791 2925 2794
f 2916 2925 2791
f 2793 2796 2920
f 2797 2926 2927
f 2796 2797 2927
f 2796 2927 2921
f 2796 2921 2920
f 2926 2928 2929
f 2927 2926 2929
f 2929 2928 2930
f 2924 2931 2932
f 2922 2924 2932
f 2922 2932 2800
f 2922 2800 2799
f 2802 2922 2799
f 2925 2922 2802
f 2794 2925 2802
f 2797 2804 2926
f 2805 2926 2804
f 2928 2926 2805
f 2806 2933 2934
f 2805 2806 2934
f 2805 2934 2930
f 2805 2930 2928
f 2934 2933 2936
f 2938 2937 2939
f 2940 2941 2942
f 2941 2940 2943
f 2944 2945 2946
f 2800 2932 2810
f 2806 2811 2933
f 2814 2933 2811
f 2935 2933 2814
f 2816 2935 2814
f 2937 2935 2816
f 2817 2948 2949
f 2816 2817 2949
f 2816 2949 2939
f 2816 2939 2937
f 2949 2948 2950
f 2951 2952 2953
f 2955 2940 2942
f 2956 2955 2942
f 2957 2943 2940
f 2957 2940 2958
f 2958 2940 2955
f 2958 2959 2960
f 2957 2958 2960
f 2946 2960 2959
f 2944 2946 2959
f 2944 2959 2819
f 2944 2819 2818
f 2820 2944 2818
f 2947 2944 2820
f 2808 2947 2820
f 2817 2822 2948
f 2824 2961 2962
f 2822 2824 2962
f 2822 2962 2950
f 2822 2950 2948
f 2961 2826 2825
f 2961 2825 2962
f 2962 2825 2963
f 2827 2964 2965
f 2827 2965 2825
f 2825 2965 2963
f 2964 2966 2967
f 2965 2964 2967
f 2953 2967 2966
f 2953 2966 2951
f 2951 2966 2968
f 2969 2954 2951
f 2968 2969 2951
f 2970 2971 2972
f 2975 2974 2976
f 2829 2979 2828
f 2828 2979 2977
f 2829 2981 2979
f 2980 2832 2831
f 2980 2831 2981
f 2981 2831 2982
f 2956 2834 2955
f 2956 2982 2834
f 2982 2831 2834
f 2836 2955 2834
f 2958 2955 2836
f 2838 2958 2836
f 2959 2958 2838
f 2819 2959 2838
f 2824 2839 2961
f 2826 2961 2839
f 2827 2840 2964
f 2843 2964 2840
f 2966 2964 2843
f 2845 2966 2843
f 2968 2966 2845
f 2968 2983 2969
f 2968 2845 2983
f 2845 2846 2983
f 2847 2984 2985
f 2847 2985 2846
f 2846 2985 2983
f 2972 2985 2984
f 2972 2984 2970
f 2970 2984 2986
f 2973 2970 2987
f 2987 2970 2986
f 2989 2990 2991
f 2988 2989 2991
f 2990 2992 2993
f 2991 2990 2993
f 2992 2994 2995
f 2993 2992 2995
f 2974 2994 2996
f 2997 2976 2974
f 2997 2974 2998
f 2998 2999 3000
f 2997 2998 3000
f 2999 2978 3000
f 2999 2849 2978
f 2832 2980 2851
f 2847 2855 2984
f 2857 2984 2855
f 2986 2984 2857
f 2858 2986 2857
f 2987 2986 2858
f 2862 2989 2860
f 2990 2989 2862
f 2864 2990 2862
f 2992 2990 2864
f 2866 2992 2864
f 2994 2992 2866
f 2868 2994 2866
f 2996 2994 2868
f 2870 2996 2868
f 2998 2996 2870
f 2872 2998 2870
f 2999 2998 2872
f 2849 2999 2872
f 2873 3005 3002
f 2875 2877 3004
f 2878 3006 3007
f 2877 2878 3007
f 2877 3007 3005
f 2877 3005 3004
f 3006 3008 3009
f 3007 3006 3009
f 3009 3008 3010
f 3006 2879 3011
f 2878 2879 3006
f 3012 3013 3008
f 3012 3008 3011
f 3010 3008 3013
f 3011 2880 3014
f 2879 2880 3011
f 3015 3012 3011
f 3014 3015 3011
f 2880 2881 3014
f 2883 3016 3017
f 2881 2883 3017
f 2881 3017 3015
f 2881 3015 3014
f 3017 3016 3018
f 3016 2885 3019
f 2883 2885 3016
f 3020 3018 3016
f 3019 3020 3016
f 2885 2886 3019
f 3019 2886 2887
f 3019 2887 3020
f 3020 2887 3021
f 3022 2889 3023
f 3022 3021 2889
f 3021 2887 2889
f 3022 3023 3024
f 3023 2891 3025
f 2889 2891 3023
f 3026 3024 3023
f 3025 3026 3023
f 3025 2893 3027
f 2891 2893 3025
f 3028 3026 3025
f 3028 3025 3029
f 3029 3025 3027
f 3028 3029 3030
f 2893 2895 3027
f 2897 3027 2895
f 3029 3027 2897
f 2898 3031 3032
f 2897 2898 3032
f 2897 3032 3030
f 2897 3030 3029
f 3032 3031 3033
f 3031 2900 3034
f 2898 2900 3031
f 3035 3033 3031
f 3034 3035 3031
f 2900 2901 3034
f 2902 3036 3037
f 2901 2902 3037
f 2901 3037 3035
f 2901 3035 3034
f 3036 3038 3039
f 3037 3036 3039
f 3039 3038 3040
f 2902 2903 3036
f 2905 3036 2903
f 2905 3041 3036
f 3041 3038 3036
f 3042 3040 3038
f 3042 3038 3043
f 3043 3038 3041
f 2905 2907 3041
f 2909 3041 2907
f 2909 3045 3041
f 2909 2911 3045
f 2913 3047 3048
f 2911 2913 3048
f 2911 3048 3046
f 2911 3046 3045
f 3048 3047 3049
f 3050 3051 3052
f 2913 2914 3047
f 2915 3054 3055
f 2914 2915 3055
f 2914 3055 3049
f 2914 3049 3047
f 3054 3056 3057
f 3055 3054 3057
f 3057 3056 3058
f 3060 3059 3052
f 2917 3059 2918
f 2917 3053 3059
f 2915 2919 3054
f 2921 3054 2919
f 2921 3061 3054
f 3061 3056 3054
f 3062 3058 3056
f 3062 3056 3063
f 3063 3056 3061
f 3062 3063 3064
f 3066 3065 3068
f 3060 3072 3071
f 3059 3060 3071
f 3059 3071 2924
f 3059 2924 2923
f 2918 3059 2923
f 2921 2927 3061
f 2929 3061 2927
f 3063 3061 2929
f 2930 3073 3074
f 2929 2930 3074
f 2929 3074 3064
f 2929 3064 3063
f 3067 3074 3073
f 3067 3073 3065
f 3065 3073 3075
f 3076 3068 3065
f 3077 3078 3079
f 2924 3071 2931
f 2930 2934 3073
f 2936 3073 2934
f 3075 3073 2936
f 3075 3081 3076
f 3082 3081 2939
f 2942 2941 3086
f 2943 3087 3088
f 2943 3088 2941
f 2941 3088 3085
f 3087 3089 3090
f 3088 3087 3090
f 3079 3090 3089
f 3077 3079 3089
f 3077 3089 2946
f 3077 2946 2945
f 2939 3091 3082
f 2949 3091 2939
f 2950 3092 3093
f 2950 3093 2949
f 2949 3093 3091
f 2953 2952 3099
f 3101 3102 3103
f 3101 3104 3105
f 3102 3101 3105
f 3104 3086 3105
f 3104 2956 3086
f 2956 2942 3086
f 2943 2957 3087
f 2960 3087 2957
f 3089 3087 2960
f 2946 3089 2960
f 2950 2962 3092
f 2963 3092 2962
f 3094 3092 2963
f 2965 3094 2963
f 3096 3094 2965
f 3096 3106 3097
f 3096 2965 3106
f 2965 2967 3106
f 3099 2967 2953
f 3106 2967 3099
f 3107 2969 3108
f 3107 3100 2969
f 3108 3109 3110
f 3107 3108 3110
f 3109 2972 2971
f 3109 2971 3110
f 3110 2971 3111
f 2971 3112 3111
f 2976 3120 3121
f 2976 3121 2975
f 3120 3122 3123
f 3121 3120 3123
f 3122 2978 2977
f 3122 2977 3123
f 3123 2977 3124
f 2979 3125 2977
f 2977 3125 3124
f 3103 2981 3101
f 3103 3125 2981
f 3125 2979 2981
f 2982 3101 2981
f 3104 3101 2982
f 2956 3104 2982
f 2969 2983 3108
f 2985 3108 2983
f 3109 3108 2985
f 2972 3109 2985
f 2991 3113 2988
f 3115 3113 2991
f 2993 3115 2991
f 3116 3115 2993
f 2995 3116 2993
f 3118 3116 2995
f 2976 2997 3120
f 3000 3120 2997
f 3122 3120 3000
f 2978 3122 3000
f 3003 3002 3126
f 3003 3126 3127
f 3003 3127 3001
f 3126 3005 3128
f 3002 3005 3126
f 3129 3126 3128
f 3005 3007 3128
f 3009 3128 3007
f 3129 3128 3009
f 3010 3129 3009
f 3132 3133 3130
f 3013 3012 3134
f 3013 3134 3135
f 3010 3013 3135
f 3010 3135 3136
f 3010 3136 3132
f 3133 3132 3136
f 3134 3015 3137
f 3012 3015 3134
f 3138 3135 3134
f 3137 3138 3134
f 3015 3017 3137
f 3018 3139 3140
f 3017 3018 3140
f 3017 3140 3138
f 3017 3138 3137
f 3139 3020 3142
f 3018 3020 3139
f 3142 3021 3143
f 3020 3021 3142
f 3144 3142 3143
f 3021 3022 3143
f 3024 3143 3022
f 3024 3146 3143
f 3146 3144 3143
f 3147 3145 3144
f 3146 3147 3144
f 3146 3026 3148
f 3024 3026 3146
f 3149 3147 3146
f 3148 3149 3146
f 3026 3028 3148
f 3030 3150 3151
f 3028 3030 3151
f 3028 3151 3149
f 3028 3149 3148
f 3151 3150 3152
f 3030 3032 3150
f 3033 3153 3154
f 3032 3033 3154
f 3032 3154 3152
f 3032 3152 3150
f 3154 3153 3155
f 3153 3035 3156
f 3033 3035 3153
f 3157 3155 3153
f 3156 3157 3153
f 3035 3037 3156
f 3156 3158 3157
f 3156 3037 3158
f 3037 3039 3158
f 3040 3159 3160
f 3040 3160 3039
f 3039 3160 3158
f 3160 3159 3161
f 3040 3042 3159
f 3159 3042 3044
f 3159 3044 3161
f 3161 3044 3162
f 3163 3046 3164
f 3163 3162 3046
f 3164 3165 3166
f 3163 3164 3166
f 3165 3167 3168
f 3166 3165 3168
f 3168 3167 3169
f 3046 3048 3164
f 3049 3164 3048
f 3049 3170 3164
f 3170 3165 3164
f 3171 3165 3170
f 3172 3169 3167
f 3171 3172 3167
f 3173 3052 3051
f 3173 3051 3174
f 3049 3055 3170
f 3057 3170 3055
f 3171 3170 3057
f 3058 3175 3176
f 3057 3058 3176
f 3057 3176 3172
f 3057 3172 3171
f 3176 3175 3177
f 3173 3180 3181
f 3052 3181 3060
f 3173 3181 3052
f 3058 3062 3175
f 3064 3182 3183
f 3062 3064 3183
f 3062 3183 3177
f 3062 3177 3175
f 3182 3067 3066
f 3182 3066 3183
f 3183 3066 3184
f 3184 3066 3068
f 3185 3184 3068
f 3186 3187 3188
f 3179 3187 3186
f 3179 3186 3178
f 3178 3186 3189
f 3070 3189 3069
f 3070 3180 3189
f 3180 3178 3189
f 3072 3180 3070
f 3181 3180 3072
f 3060 3181 3072
f 3064 3074 3182
f 3067 3182 3074
f 3190 3076 3191
f 3190 3185 3076
f 3185 3068 3076
f 3190 3191 3192
f 3193 3195 3196
f 3194 3193 3196
f 3197 3199 3200
f 3198 3197 3200
f 3199 3201 3202
f 3200 3199 3202
f 3188 3202 3201
f 3186 3188 3201
f 3186 3201 3079
f 3186 3079 3078
f 3080 3186 3078
f 3189 3186 3080
f 3069 3189 3080
f 3076 3081 3191
f 3082 3203 3204
f 3081 3082 3204
f 3081 3204 3192
f 3081 3192 3191
f 3203 3205 3206
f 3204 3203 3206
f 3084 3208 3209
f 3084 3209 3083
f 3083 3209 3207
f 3209 3208 3210
f 3211 3212 3213
f 3212 3211 3214
f 3215 3216 3217
f 3085 3219 3086
f 3088 3197 3085
f 3199 3197 3088
f 3090 3199 3088
f 3201 3199 3090
f 3079 3201 3090
f 3082 3091 3203
f 3093 3203 3091
f 3205 3203 3093
f 3097 3220 3221
f 3095 3097 3221
f 3095 3221 3210
f 3220 3099 3098
f 3220 3098 3221
f 3221 3098 3222
f 3100 3223 3224
f 3100 3224 3098
f 3098 3224 3222
f 3223 3225 3226
f 3224 3223 3226
f 3225 3227 3228
f 3226 3225 3228
f 3227 3229 3230
f 3228 3227 3230
f 3229 3231 3232
f 3230 3229 3232
f 3232 3231 3233
f 3235 3237 3238
f 3236 3235 3238
f 3213 3238 3237
f 3213 3237 3211
f 3211 3237 3239
f 3240 3214 3211
f 3240 3211 3241
f 3241 3211 3239
f 3241 3242 3243
f 3240 3241 3243
f 3217 3243 3242
f 3217 3242 3215
f 3215 3242 3244
f 3102 3244 3103
f 3102 3218 3244
f 3218 3215 3244
f 3105 3218 3102
f 3219 3218 3105
f 3086 3219 3105
f 3097 3106 3220
f 3099 3220 3106
f 3100 3107 3223
f 3110 3223 3107
f 3225 3223 3110
f 3111 3225 3110
f 3227 3225 3111
f 3112 3227 3111
f 3229 3227 3112
f 3114 3229 3112
f 3231 3229 3114
f 3119 3235 3117
f 3237 3235 3119
f 3121 3237 3119
f 3239 3237 3121
f 3123 3239 3121
f 3241 3239 3123
f 3124 3241 3123
f 3242 3241 3124
f 3125 3242 3124
f 3244 3242 3125
f 3103 3244 3125
f 3245 3131 3247
f 3131 3133 3247
f 3136 3135 3249
f 3136 3249 3250
f 3136 3250 3133
f 3133 3250 3247
f 3249 3138 3251
f 3135 3138 3249
f 3252 3250 3249
f 3252 3249 3253
f 3253 3249 3251
f 3252 3253 3254
f 3138 3140 3251
f 3253 3251 3141
f 3141 3255 3254
f 3141 3254 3253
f 3257 3145 3259
f 3259 3260 3257
f 3259 3147 3261
f 3145 3147 3259
f 3262 3260 3259
f 3262 3259 3263
f 3263 3259 3261
f 3261 3149 3266
f 3147 3149 3261
f 3263 3261 3267
f 3267 3261 3266
f 3149 3151 3266
f 3152 3266 3151
f 3152 3269 3266
f 3269 3267 3266
f 3270 3268 3267
f 3269 3270 3267
f 3152 3154 3269
f 3155 3271 3272
f 3154 3155 3272
f 3154 3272 3270
f 3154 3270 3269
f 3272 3271 3273
f 3271 3157 3274
f 3155 3157 3271
f 3275 3273 3271
f 3275 3271 3276
f 3276 3271 3274
f 3275 3276 3277
f 3157 3158 3274
f 3160 3274 3158
f 3276 3274 3160
f 3161 3280 3281
f 3160 3161 3281
f 3160 3281 3277
f 3160 3277 3276
f 3280 3282 3281
f 3280 3162 3283
f 3161 3162 3280
f 3284 3282 3280
f 3284 3280 3285
f 3285 3280 3283
f 3284 3285 3286
f 3162 3163 3283
f 3166 3283 3163
f 3285 3283 3166
f 3285 3287 3286
f 3285 3166 3287
f 3166 3168 3287
f 3169 3288 3289
f 3169 3289 3168
f 3168 3289 3287
f 3289 3288 3290
f 3288 3172 3291
f 3169 3172 3288
f 3292 3290 3288
f 3292 3288 3293
f 3293 3288 3291
f 3293 3294 3295
f 3292 3293 3295
f 3294 3296 3297
f 3295 3294 3297
f 3297 3296 3298
f 3299 3300 3301
f 3172 3176 3291
f 3177 3291 3176
f 3177 3302 3291
f 3302 3293 3291
f 3294 3293 3303
f 3303 3293 3302
f 3304 3294 3303
f 3305 3298 3296
f 3304 3305 3296
f 3306 3309 3310
f 3307 3306 3310
f 3309 3311 3312
f 3310 3309 3312
f 3301 3312 3311
f 3301 3311 3299
f 3177 3183 3302
f 3184 3302 3183
f 3303 3302 3184
f 3185 3303 3184
f 3185 3314 3303
f 3314 3304 3303
f 3315 3305 3304
f 3315 3304 3316
f 3316 3304 3314
f 3315 3316 3317
f 3318 3319 3320
f 3319 3318 3321
f 3323 3322 3325
f 3309 3306 3329
f 3311 3309 3330
f 3330 3309 3329
f 3187 3330 3188
f 3187 3313 3330
f 3313 3311 3330
f 3179 3313 3187
f 3185 3190 3314
f 3192 3314 3190
f 3192 3331 3314
f 3331 3316 3314
f 3332 3317 3316
f 3332 3316 3333
f 3333 3316 3331
f 3333 3334 3335
f 3332 3333 3335
f 3320 3335 3334
f 3320 3334 3318
f 3318 3334 3336
f 3337 3321 3318
f 3336 3337 3318
f 3338 3339 3340
f 3339 3338 3342
f 3341 3343 3344
f 3345 3346 3347
f 3347 3194 3348
f 3327 3196 3326
f 3327 3348 3196
f 3348 3194 3196
f 3328 3326 3198
f 3200 3328 3198
f 3329 3328 3200
f 3202 3329 3200
f 3330 3329 3202
f 3188 3330 3202
f 3192 3204 3331
f 3206 3331 3204
f 3333 3331 3206
f 3207 3333 3206
f 3334 3333 3207
f 3209 3334 3207
f 3336 3334 3209
f 3210 3349 3350
f 3209 3210 3350
f 3209 3350 3337
f 3209 3337 3336
f 3349 3351 3352
f 3350 3349 3352
f 3351 3353 3354
f 3352 3351 3354
f 3353 3355 3356
f 3354 3353 3356
f 3355 3357 3358
f 3356 3355 3358
f 3357 3359 3360
f 3358 3357 3360
f 3359 3361 3362
f 3360 3359 3362
f 3361 3363 3364
f 3362 3361 3364
f 3363 3365 3366
f 3364 3363 3366
f 3366 3365 3368
f 3340 3368 3367
f 3340 3367 3338
f 3338 3367 3369
f 3212 3369 3213
f 3341 3338 3369
f 3214 3370 3341
f 3370 3343 3341
f 3345 3343 3371
f 3371 3343 3370
f 3216 3371 3217
f 3216 3346 3371
f 3346 3345 3371
f 3210 3221 3349
f 3222 3349 3221
f 3351 3349 3222
f 3224 3351 3222
f 3353 3351 3224
f 3226 3353 3224
f 3355 3353 3226
f 3228 3355 3226
f 3357 3355 3228
f 3230 3357 3228
f 3359 3357 3230
f 3232 3359 3230
f 3361 3359 3232
f 3233 3361 3232
f 3363 3361 3233
f 3234 3363 3233
f 3365 3363 3234
f 3238 3367 3236
f 3369 3367 3238
f 3213 3369 3238
f 3214 3240 3370
f 3243 3370 3240
f 3371 3370 3243
f 3217 3371 3243
f 3374 3373 3375
f 3248 3247 3378
f 3248 3376 3246
f 3248 3378 3376
f 3378 3379 3376
f 3380 3377 3376
f 3379 3380 3376
f 3378 3250 3381
f 3247 3250 3378
f 3379 3378 3382
f 3382 3378 3381
f 3383 3380 3379
f 3382 3383 3379
f 3250 3252 3381
f 3254 3381 3252
f 3254 3384 3381
f 3384 3382 3381
f 3385 3383 3382
f 3385 3382 3386
f 3385 3386 3388
f 3390 3391 3392
f 3254 3255 3384
f 3256 3384 3255
f 3256 3393 3384
f 3394 3395 3387
f 3394 3387 3393
f 3389 3387 3395
f 3393 3258 3396
f 3256 3258 3393
f 3397 3394 3393
f 3396 3397 3393
f 3396 3260 3398
f 3258 3260 3396
f 3399 3397 3396
f 3399 3396 3400
f 3400 3396 3398
f 3399 3400 3401
f 3260 3262 3398
f 3400 3264 3265
f 3400 3265 3401
f 3401 3265 3402
f 3265 3404 3402
f 3403 3270 3405
f 3268 3270 3403
f 3406 3404 3403
f 3406 3403 3407
f 3407 3403 3405
f 3406 3407 3408
f 3270 3272 3405
f 3273 3405 3272
f 3273 3409 3405
f 3409 3407 3405
f 3410 3408 3407
f 3410 3407 3411
f 3411 3407 3409
f 3410 3411 3412
f 3273 3275 3409
f 3277 3409 3275
f 3277 3413 3409
f 3413 3411 3409
f 3279 3414 3411
f 3412 3411 3414
f 3278 3415 3414
f 3277 3281 3413
f 3417 3281 3282
f 3417 3413 3281
f 3282 3284 3417
f 3286 3417 3284
f 3286 3420 3417
f 3420 3418 3417
f 3421 3419 3418
f 3421 3418 3422
f 3422 3418 3420
f 3421 3422 3423
f 3286 3287 3420
f 3289 3420 3287
f 3422 3420 3289
f 3290 3427 3428
f 3289 3290 3428
f 3289 3428 3423
f 3289 3423 3422
f 3290 3292 3427
f 3295 3427 3292
f 3429 3427 3295
f 3297 3429 3295
f 3430 3429 3297
f 3298 3434 3435
f 3297 3298 3435
f 3297 3435 3431
f 3297 3431 3430
f 3435 3434 3436
f 3440 3442 3443
f 3441 3440 3443
f 3433 3443 3442
f 3432 3433 3442
f 3432 3442 3301
f 3432 3301 3300
f 3434 3305 3444
f 3298 3305 3434
f 3445 3436 3434
f 3445 3434 3446
f 3446 3434 3444
f 3446 3447 3448
f 3445 3446 3448
f 3447 3449 3450
f 3448 3447 3450
f 3450 3449 3451
f 3453 3452 3454
f 3455 3456 3457
f 3439 3456 3455
f 3437 3439 3455
f 3437 3455 3308
f 3437 3308 3307
f 3312 3440 3310
f 3442 3440 3312
f 3301 3442 3312
f 3305 3315 3444
f 3317 3444 3315
f 3317 3458 3444
f 3458 3446 3444
f 3447 3446 3459
f 3459 3446 3458
f 3319 3459 3320
f 3319 3449 3459
f 3449 3447 3459
f 3321 3460 3461
f 3319 3321 3461
f 3319 3461 3451
f 3319 3451 3449
f 3460 3462 3463
f 3461 3460 3463
f 3465 3454 3452
f 3465 3452 3466
f 3466 3452 3464
f 3465 3466 3467
f 3468 3469 3470
f 3468 3324 3323
f 3468 3323 3469
f 3469 3323 3471
f 3325 3472 3473
f 3325 3473 3323
f 3473 3472 3474
f 3475 3476 3477
f 3475 3478 3479
f 3476 3475 3479
f 3478 3480 3481
f 3479 3478 3481
f 3481 3480 3483
f 3482 3484 3485
f 3483 3482 3485
f 3457 3485 3484
f 3455 3457 3484
f 3317 3332 3458
f 3335 3458 3332
f 3459 3458 3335
f 3320 3459 3335
f 3460 3337 3486
f 3321 3337 3460
f 3462 3460 3487
f 3487 3460 3486
f 3488 3462 3487
f 3466 3464 3489
f 3490 3467 3466
f 3490 3466 3491
f 3491 3466 3489
f 3470 3490 3491
f 3470 3491 3468
f 3468 3491 3492
f 3468 3492 3493
f 3493 3494 3472
f 3495 3474 3472
f 3495 3472 3496
f 3496 3472 3494
f 3496 3497 3498
f 3495 3496 3498
f 3497 3340 3339
f 3497 3339 3498
f 3498 3339 3499
f 3477 3342 3475
f 3477 3499 3342
f 3499 3339 3342
f 3344 3475 3342
f 3348 3482 3347
f 3484 3482 3348
f 3327 3484 3348
f 3337 3350 3486
f 3352 3486 3350
f 3487 3486 3352
f 3354 3487 3352
f 3488 3487 3354
f 3356 3488 3354
f 3489 3488 3356
f 3358 3489 3356
f 3491 3489 3358
f 3360 3491 3358
f 3492 3491 3360
f 3362 3492 3360
f 3493 3492 3362
f 3364 3493 3362
f 3494 3493 3364
f 3366 3494 3364
f 3496 3494 3366
f 3368 3496 3366
f 3497 3496 3368
f 3340 3497 3368
f 3500 3372 3501
f 3372 3503 3501
f 3504 3503 3502
f 3504 3502 3505
f 3504 3505 3506
f 3505 3374 3375
f 3505 3375 3506
f 3506 3375 3507
f 3375 3509 3507
f 3508 3380 3510
f 3377 3380 3508
f 3511 3509 3508
f 3511 3508 3512
f 3512 3508 3510
f 3511 3512 3513
f 3510 3383 3516
f 3380 3383 3510
f 3512 3510 3517
f 3517 3510 3516
f 3518 3513 3512
f 3517 3518 3512
f 3519 3520 3521
f 3515 3520 3519
f 3515 3519 3514
f 3383 3385 3516
f 3388 3516 3385
f 3517 3516 3388
f 3518 3389 3522
f 3523 3524 3525
f 3521 3524 3523
f 3519 3521 3523
f 3519 3523 3392
f 3519 3392 3391
f 3395 3394 3526
f 3395 3526 3527
f 3395 3527 3389
f 3389 3527 3522
f 3526 3397 3529
f 3394 3397 3526
f 3530 3527 3526
f 3529 3530 3526
f 3534 3535 3536
f 3397 3399 3529
f 3401 3537 3538
f 3399 3401 3538
f 3399 3538 3530
f 3399 3530 3529
f 3538 3537 3539
f 3533 3531 3540
f 3537 3402 3541
f 3401 3402 3537
f 3542 3539 3537
f 3542 3537 3543
f 3543 3537 3541
f 3542 3543 3544
f 3541 3404 3545
f 3402 3404 3541
f 3543 3541 3546
f 3547 3544 3543
f 3547 3543 3548
f 3548 3543 3546
f 3547 3548 3549
f 3404 3406 3545
f 3408 3545 3406
f 3408 3550 3545
f 3552 3549 3548
f 3408 3410 3550
f 3412 3550 3410
f 3412 3553 3550
f 3553 3551 3550
f 3554 3552 3551
f 3554 3551 3555
f 3555 3551 3553
f 3554 3555 3556
f 3412 3414 3553
f 3415 3553 3414
f 3555 3553 3415
f 3416 3557 3558
f 3415 3416 3558
f 3415 3558 3556
f 3415 3556 3555
f 3558 3557 3559
f 3557 3419 3560
f 3416 3419 3557
f 3561 3559 3557
f 3561 3557 3562
f 3562 3557 3560
f 3562 3563 3564
f 3561 3562 3564
f 3564 3563 3565
f 3419 3421 3560
f 3423 3560 3421
f 3423 3568 3560
f 3568 3562 3560
f 3563 3569 3565
f 3563 3424 3569
f 3569 3425 3426
f 3570 3569 3426
f 3423 3428 3568
f 3571 3431 3572
f 3571 3570 3431
f 3572 3573 3574
f 3571 3572 3574
f 3574 3573 3575
f 3578 3579 3580
f 3579 3578 3581
f 3582 3584 3585
f 3583 3582 3585
f 3584 3586 3587
f 3585 3584 3587
f 3431 3435 3572
f 3436 3572 3435
f 3436 3589 3572
f 3589 3573 3572
f 3590 3575 3573
f 3590 3573 3591
f 3591 3573 3589
f 3591 3592 3593
f 3590 3591 3593
f 3593 3592 3594
f 3595 3576 3577
f 3596 3595 3577
f 3598 3599 3600
f 3597 3598 3600
f 3580 3600 3599
f 3580 3599 3578
f 3578 3599 3601
f 3602 3581 3578
f 3602 3578 3603
f 3603 3578 3601
f 3438 3605 3439
f 3438 3584 3605
f 3441 3584 3438
f 3586 3584 3441
f 3443 3586 3441
f 3588 3586 3443
f 3433 3588 3443
f 3436 3445 3589
f 3448 3589 3445
f 3591 3589 3448
f 3450 3591 3448
f 3592 3591 3450
f 3451 3606 3607
f 3450 3451 3607
f 3450 3607 3594
f 3450 3594 3592
f 3606 3608 3609
f 3607 3606 3609
f 3609 3453 3610
f 3454 3611 3612
f 3454 3612 3453
f 3453 3612 3610
f 3612 3611 3613
f 3614 3615 3616
f 3615 3614 3618
f 3617 3619 3620
f 3619 3621 3622
f 3620 3619 3622
f 3621 3623 3624
f 3622 3621 3624
f 3596 3624 3623
f 3596 3623 3595
f 3599 3598 3627
f 3627 3598 3626
f 3601 3599 3628
f 3628 3599 3627
f 3603 3601 3629
f 3629 3601 3628
f 3604 3603 3630
f 3630 3603 3629
f 3456 3630 3457
f 3456 3605 3630
f 3605 3604 3630
f 3439 3605 3456
f 3451 3461 3606
f 3463 3606 3461
f 3608 3606 3463
f 3454 3465 3611
f 3467 3631 3632
f 3465 3467 3632
f 3465 3632 3613
f 3465 3613 3611
f 3616 3632 3631
f 3614 3616 3631
f 3614 3631 3470
f 3614 3470 3469
f 3471 3614 3469
f 3619 3617 3473
f 3474 3619 3473
f 3474 3633 3619
f 3633 3621 3619
f 3623 3621 3634
f 3634 3621 3633
f 3625 3623 3635
f 3635 3623 3634
f 3476 3635 3477
f 3476 3626 3635
f 3626 3625 3635
f 3479 3626 3476
f 3627 3626 3479
f 3481 3627 3479
f 3628 3627 3481
f 3483 3628 3481
f 3629 3628 3483
f 3485 3629 3483
f 3630 3629 3485
f 3457 3630 3485
f 3467 3490 3631
f 3470 3631 3490
f 3474 3495 3633
f 3498 3633 3495
f 3634 3633 3498
f 3499 3634 3498
f 3635 3634 3499
f 3477 3635 3499
f 3636 3501 3638
f 3500 3501 3636
f 3639 3637 3636
f 3638 3639 3636
f 3640 3641 3642
f 3641 3640 3643
f 3638 3503 3645
f 3501 3503 3638
f 3646 3639 3638
f 3646 3638 3647
f 3647 3638 3645
f 3642 3646 3647
f 3642 3647 3640
f 3640 3647 3648
f 3649 3643 3640
f 3649 3640 3650
f 3650 3640 3648
f 3644 3651 3653
f 3503 3504 3645
f 3506 3645 3504
f 3506 3654 3645
f 3654 3647 3645
f 3655 3656 3648
f 3655 3648 3654
f 3654 3648 3647
f 3650 3648 3656
f 3657 3651 3652
f 3658 3657 3652
f 3653 3651 3659
f 3659 3651 3657
f 3654 3507 3660
f 3506 3507 3654
f 3661 3655 3654
f 3660 3661 3654
f 3657 3658 3662
f 3662 3663 3664
f 3662 3664 3657
f 3657 3664 3659
f 3660 3509 3665
f 3507 3509 3660
f 3666 3661 3660
f 3665 3666 3660
f 3663 3669 3668
f 3663 3668 3664
f 3664 3668 3670
f 3509 3511 3665
f 3513 3671 3672
f 3511 3513 3672
f 3511 3672 3666
f 3511 3666 3665
f 3670 3668 3677
f 3677 3668 3676
f 3671 3518 3678
f 3513 3518 3671
f 3679 3680 3673
f 3679 3673 3678
f 3675 3682 3676
f 3520 3682 3521
f 3520 3677 3682
f 3677 3676 3682
f 3515 3677 3520
f 3678 3522 3683
f 3518 3522 3678
f 3684 3679 3678
f 3683 3684 3678
f 3524 3682 3681
f 3524 3681 3525
f 3525 3681 3685
f 3521 3682 3524
f 3683 3527 3686
f 3522 3527 3683
f 3687 3684 3683
f 3687 3683 3688
f 3688 3683 3686
f 3687 3688 3690
f 3690 3689 3691
f 3692 3693 3694
f 3693 3692 3696
f 3528 3685 3695
f 3696 3695 3685
f 3686 3530 3697
f 3527 3530 3686
f 3688 3686 3698
f 3698 3686 3697
f 3689 3688 3698
f 3533 3699 3700
f 3532 3533 3700
f 3532 3700 3691
f 3532 3691 3689
f 3700 3699 3701
f 3535 3692 3694
f 3535 3694 3536
f 3536 3694 3702
f 3530 3538 3697
f 3539 3697 3538
f 3539 3703 3697
f 3703 3698 3697
f 3698 3703 3704
f 3540 3704 3705
f 3533 3540 3705
f 3533 3705 3706
f 3533 3706 3699
f 3539 3542 3703
f 3544 3703 3542
f 3544 3707 3703
f 3707 3704 3703
f 3708 3705 3704
f 3707 3708 3704
f 3544 3547 3707
f 3549 3709 3710
f 3547 3549 3710
f 3547 3710 3708
f 3547 3708 3707
f 3710 3709 3711
f 3709 3552 3712
f 3549 3552 3709
f 3713 3711 3709
f 3713 3709 3714
f 3714 3709 3712
f 3713 3714 3715
f 3719 3720 3721
f 3552 3554 3712
f 3556 3712 3554
f 3556 3722 3712
f 3722 3714 3712
f 3723 3714 3722
f 3725 3718 3716
f 3724 3725 3716
f 3556 3558 3722
f 3559 3722 3558
f 3559 3729 3722
f 3731 3725 3724
f 3733 3732 3726
f 3734 3735 3736
f 3728 3735 3734
f 3728 3734 3727
f 3559 3561 3729
f 3564 3729 3561
f 3730 3729 3564
f 3565 3737 3738
f 3564 3565 3738
f 3564 3738 3731
f 3564 3731 3730
f 3737 3739 3740
f 3738 3737 3740
f 3733 3740 3739
f 3733 3739 3732
f 3743 3744 3745
f 3736 3744 3743
f 3734 3736 3743
f 3734 3743 3567
f 3734 3567 3566
f 3565 3569 3737
f 3570 3737 3569
f 3570 3746 3737
f 3746 3739 3737
f 3741 3739 3747
f 3747 3739 3746
f 3748 3742 3741
f 3748 3741 3749
f 3749 3741 3747
f 3749 3750 3751
f 3748 3749 3751
f 3751 3750 3752
f 3753 3754 3755
f 3754 3753 3756
f 3757 3758 3759
f 3757 3760 3761
f 3758 3757 3761
f 3760 3762 3763
f 3761 3760 3763
f 3762 3764 3765
f 3763 3762 3765
f 3745 3765 3764
f 3745 3764 3743
f 3743 3764 3766
f 3570 3571 3746
f 3574 3746 3571
f 3747 3746 3574
f 3575 3747 3574
f 3575 3767 3747
f 3767 3749 3747
f 3750 3749 3768
f 3768 3749 3767
f 3769 3752 3750
f 3769 3750 3770
f 3770 3750 3768
f 3755 3769 3770
f 3755 3770 3753
f 3753 3770 3771
f 3772 3756 3753
f 3772 3753 3773
f 3773 3753 3771
f 3772 3773 3774
f 3775 3776 3777
f 3775 3778 3779
f 3776 3775 3779
f 3779 3778 3780
f 3785 3787 3788
f 3786 3785 3788
f 3787 3580 3579
f 3787 3579 3788
f 3788 3579 3789
f 3581 3790 3757
f 3581 3757 3789
f 3581 3789 3579
f 3789 3757 3759
f 3585 3762 3583
f 3764 3762 3585
f 3587 3764 3585
f 3766 3764 3587
f 3575 3590 3767
f 3593 3767 3590
f 3768 3767 3593
f 3594 3768 3593
f 3594 3791 3768
f 3791 3770 3768
f 3771 3770 3792
f 3792 3770 3791
f 3773 3771 3793
f 3793 3771 3792
f 3794 3774 3773
f 3794 3773 3795
f 3795 3773 3793
f 3795 3796 3797
f 3794 3795 3797
f 3777 3797 3796
f 3777 3796 3775
f 3800 3780 3778
f 3800 3778 3801
f 3801 3802 3803
f 3800 3801 3803
f 3783 3803 3802
f 3783 3802 3781
f 3781 3802 3804
f 3577 3804 3596
f 3781 3804 3577
f 3600 3785 3597
f 3787 3785 3600
f 3580 3787 3600
f 3581 3602 3790
f 3594 3607 3791
f 3609 3791 3607
f 3792 3791 3609
f 3610 3792 3609
f 3793 3792 3610
f 3612 3793 3610
f 3795 3793 3612
f 3613 3795 3612
f 3613 3805 3795
f 3805 3796 3795
f 3615 3805 3616
f 3615 3798 3805
f 3798 3796 3805
f 3618 3798 3615
f 3799 3798 3618
f 3620 3799 3618
f 3801 3799 3620
f 3622 3801 3620
f 3802 3801 3622
f 3624 3802 3622
f 3804 3802 3624
f 3596 3804 3624
f 3613 3632 3805
f 3616 3805 3632
f 3806 3639 3808
f 3637 3639 3806
f 3641 3808 3642
f 3641 3807 3808
f 3807 3806 3808
f 3643 3807 3641
f 3643 3809 3807
f 3639 3646 3808
f 3642 3808 3646
f 3643 3649 3809
f 3656 3655 3813
f 3813 3814 3656
f 3816 3811 3812
f 3817 3816 3812
f 3652 3816 3658
f 3811 3816 3652
f 3813 3661 3818
f 3655 3661 3813
f 3814 3813 3819
f 3819 3813 3818
f 3820 3815 3814
f 3819 3820 3814
f 3821 3816 3817
f 3822 3821 3817
f 3658 3823 3662
f 3658 3816 3823
f 3816 3821 3823
f 3662 3823 3663
f 3818 3666 3824
f 3661 3666 3818
f 3820 3819 3825
f 3823 3821 3669
f 3663 3823 3669
f 3666 3672 3824
f 3667 3674 3826
f 3826 3674 3828
f 3827 3830 3831
f 3680 3679 3832
f 3832 3833 3680
f 3835 3836 3837
f 3835 3837 3829
f 3829 3837 3830
f 3831 3830 3838
f 3838 3830 3837
f 3832 3684 3840
f 3679 3684 3832
f 3833 3832 3841
f 3841 3832 3840
f 3842 3834 3833
f 3841 3842 3833
f 3837 3836 3844
f 3844 3845 3846
f 3844 3846 3837
f 3839 3838 3847
f 3847 3838 3846
f 3681 3847 3685
f 3839 3847 3681
f 3684 3687 3840
f 3690 3840 3687
f 3841 3840 3690
f 3691 3848 3849
f 3690 3691 3849
f 3690 3849 3842
f 3690 3842 3841
f 3849 3848 3850
f 3852 3853 3854
f 3845 3853 3852
f 3846 3845 3852
f 3846 3852 3694
f 3846 3694 3693
f 3696 3846 3693
f 3847 3846 3696
f 3685 3847 3696
f 3691 3700 3848
f 3848 3700 3701
f 3848 3701 3850
f 3850 3701 3855
f 3856 3857 3858
f 3857 3859 3860
f 3858 3857 3860
f 3854 3860 3859
f 3854 3859 3852
f 3852 3859 3861
f 3694 3861 3702
f 3852 3861 3694
f 3706 3705 3862
f 3863 3855 3701
f 3863 3701 3862
f 3862 3701 3706
f 3857 3856 3867
f 3859 3857 3868
f 3868 3857 3867
f 3862 3708 3869
f 3705 3708 3862
f 3864 3862 3870
f 3870 3862 3869
f 3865 3864 3871
f 3871 3864 3870
f 3872 3866 3865
f 3871 3872 3865
f 3868 3867 3875
f 3708 3710 3869
f 3711 3869 3710
f 3711 3876 3869
f 3876 3870 3869
f 3871 3870 3877
f 3877 3870 3876
f 3878 3872 3871
f 3878 3871 3879
f 3879 3871 3877
f 3878 3879 3880
f 3882 3881 3874
f 3711 3713 3876
f 3715 3876 3713
f 3877 3876 3715
f 3717 3877 3715
f 3879 3877 3717
f 3718 3883 3884
f 3717 3718 3884
f 3717 3884 3880
f 3717 3880 3879
f 3884 3883 3885
f 3886 3887 3888
f 3882 3887 3886
f 3881 3882 3886
f 3881 3886 3721
f 3881 3721 3720
f 3883 3725 3889
f 3718 3725 3883
f 3890 3885 3883
f 3890 3883 3891
f 3891 3883 3889
f 3894 3896 3897
f 3895 3894 3897
f 3888 3897 3896
f 3888 3896 3886
f 3886 3896 3898
f 3889 3731 3899
f 3725 3731 3889
f 3891 3889 3900
f 3900 3889 3899
f 3726 3900 3733
f 3902 3903 3904
f 3901 3902 3904
f 3903 3905 3906
f 3904 3903 3906
f 3906 3905 3907
f 3909 3911 3912
f 3910 3909 3912
f 3912 3911 3913
f 3896 3894 3916
f 3916 3894 3915
f 3735 3916 3736
f 3735 3898 3916
f 3898 3896 3916
f 3728 3898 3735
f 3731 3738 3899
f 3740 3899 3738
f 3900 3899 3740
f 3733 3900 3740
f 3902 3742 3917
f 3918 3902 3917
f 3920 3907 3905
f 3920 3905 3921
f 3924 3925 3926
f 3909 3924 3927
f 3911 3909 3928
f 3928 3909 3927
f 3929 3913 3911
f 3929 3911 3930
f 3930 3911 3928
f 3915 3914 3933
f 3744 3933 3745
f 3744 3916 3933
f 3916 3915 3933
f 3736 3916 3744
f 3742 3748 3917
f 3751 3917 3748
f 3918 3917 3751
f 3752 3918 3751
f 3752 3934 3918
f 3934 3919 3918
f 3754 3934 3755
f 3754 3921 3934
f 3921 3919 3934
f 3756 3921 3754
f 3756 3935 3921
f 3939 3923 3922
f 3939 3922 3940
f 3940 3941 3942
f 3939 3940 3942
f 3941 3943 3944
f 3942 3941 3944
f 3943 3945 3946
f 3944 3943 3946
f 3945 3947 3948
f 3946 3945 3948
f 3926 3948 3947
f 3926 3947 3924
f 3924 3947 3949
f 3927 3924 3950
f 3950 3924 3949
f 3928 3927 3951
f 3951 3927 3950
f 3758 3951 3759
f 3758 3930 3951
f 3930 3928 3951
f 3761 3930 3758
f 3931 3930 3761
f 3763 3931 3761
f 3932 3931 3763
f 3765 3932 3763
f 3933 3932 3765
f 3745 3933 3765
f 3752 3769 3934
f 3755 3934 3769
f 3756 3772 3935
f 3774 3935 3772
f 3774 3952 3935
f 3937 3936 3953
f 3953 3936 3952
f 3776 3953 3777
f 3776 3938 3953
f 3938 3937 3953
f 3779 3938 3776
f 3940 3938 3779
f 3780 3940 3779
f 3780 3954 3940
f 3954 3941 3940
f 3943 3941 3955
f 3955 3941 3954
f 3782 3955 3783
f 3782 3945 3955
f 3945 3943 3955
f 3784 3945 3782
f 3947 3945 3784
f 3786 3947 3784
f 3949 3947 3786
f 3788 3949 3786
f 3950 3949 3788
f 3789 3950 3788
f 3951 3950 3789
f 3759 3951 3789
f 3774 3794 3952
f 3797 3952 3794
f 3953 3952 3797
f 3777 3953 3797
f 3780 3800 3954
f 3803 3954 3800
f 3955 3954 3803
f 3783 3955 3803
f 3959 3957 3956
f 3959 3956 3960
f 3960 3956 3958
f 3959 3960 3961
f 3960 3958 3965
f 3965 3958 3964
f 3966 3963 3962
f 3810 3966 3812
f 3963 3966 3810
f 3964 3815 3967
f 3965 3964 3968
f 3968 3964 3967
f 3812 3970 3817
f 3966 3970 3812
f 3967 3820 3971
f 3815 3820 3967
f 3968 3967 3972
f 3972 3967 3971
f 3973 3969 3968
f 3972 3973 3968
f 3974 3975 3970
f 3817 3975 3822
f 3970 3975 3817
f 3820 3825 3971
f 3826 3971 3825
f 3826 3976 3971
f 3976 3972 3971
f 3977 3973 3972
f 3976 3977 3972
f 3976 3828 3979
f 3826 3828 3976
f 3980 3977 3976
f 3980 3976 3981
f 3981 3976 3979
f 3980 3981 3982
f 3979 3834 3984
f 3981 3979 3985
f 3985 3979 3984
f 3986 3982 3981
f 3986 3981 3987
f 3987 3981 3985
f 3986 3987 3988
f 3989 3990 3991
f 3835 3989 3992
f 3835 3983 3989
f 3990 3989 3983
f 3835 3992 3836
f 3984 3842 3993
f 3834 3842 3984
f 3985 3984 3994
f 3994 3984 3993
f 3987 3985 3995
f 3988 3987 3996
f 3998 3999 4000
f 3991 3999 3998
f 3991 3998 3989
f 3989 3998 4001
f 3992 3989 4002
f 4002 3989 4001
f 3836 4003 3844
f 3836 3992 4003
f 3992 4002 4003
f 3844 4003 3845
f 3842 3849 3993
f 3850 3993 3849
f 3850 4004 3993
f 4004 3994 3993
f 3843 3851 3997
f 3997 3851 4005
f 4006 3998 4000
f 4007 4006 4000
f 4001 3998 4008
f 4008 3998 4006
f 4002 4001 4009
f 4009 4001 4008
f 3853 4009 3854
f 3853 4003 4009
f 4003 4002 4009
f 3845 4003 3853
f 4004 3855 4010
f 3850 3855 4004
f 3851 4012 4005
f 4013 4014 4015
f 4007 4014 4013
f 4006 4007 4013
f 4008 4006 3858
f 3860 4008 3858
f 4009 4008 3860
f 3854 4009 3860
f 3855 3863 4010
f 4017 4012 4011
f 4016 4017 4011
f 4018 4019 4020
f 4019 4018 4022
f 4015 4022 4021
f 4015 4021 4013
f 4013 4021 4023
f 4016 3872 4024
f 3866 3872 4016
f 4025 4017 4016
f 4025 4016 4026
f 4026 4016 4024
f 4026 4027 4028
f 4025 4026 4028
f 4027 4029 4030
f 4028 4027 4030
f 4029 4031 4032
f 4032 4031 4033
f 4020 3873 4018
f 4020 4036 3873
f 4023 4021 4039
f 4039 4021 4038
f 3872 3878 4024
f 3880 4024 3878
f 3880 4040 4024
f 4040 4026 4024
f 4027 4026 4041
f 4041 4026 4040
f 4042 4027 4041
f 4043 4044 4031
f 4043 4031 4042
f 4042 4031 4029
f 4033 4031 4044
f 4045 4034 4035
f 4046 4045 4035
f 4049 4050 4038
f 4039 4038 4051
f 4051 4038 4050
f 3874 4051 3882
f 4039 4051 3874
f 3880 3884 4040
f 3885 4040 3884
f 3885 4052 4040
f 4052 4041 4040
f 4042 4041 4053
f 4053 4041 4052
f 4054 4043 4042
f 4054 4042 4055
f 4055 4042 4053
f 4055 4056 4057
f 4054 4055 4057
f 4046 4057 4056
f 4046 4056 4045
f 4059 4060 4061
f 4059 4062 4063
f 4060 4059 4063
f 4063 4062 4064
f 4065 4066 4067
f 4048 4066 4065
f 4048 4065 4047
f 4047 4065 4068
f 4049 4047 4069
f 4069 4047 4068
f 4050 4049 4070
f 4070 4049 4069
f 3887 4070 3888
f 3887 4051 4070
f 4051 4050 4070
f 3882 4051 3887
f 3885 3890 4052
f 3892 4052 3890
f 4053 4052 3892
f 3893 4053 3892
f 3893 4071 4053
f 4071 4055 4053
f 4056 4055 4072
f 4072 4055 4071
f 4058 4056 4073
f 4073 4056 4072
f 4074 4058 4073
f 4075 4077 4078
f 4076 4075 4078
f 4078 4077 4079
f 4080 4082 4083
f 4081 4080 4083
f 4083 4082 4084
f 4086 4085 4061
f 4088 4064 4062
f 4088 4062 4089
f 4089 4090 4091
f 4088 4089 4091
f 4090 4092 4093
f 4091 4090 4093
f 4067 4093 4092
f 4067 4092 4065
f 4069 4068 3895
f 3897 4069 3895
f 4070 4069 3897
f 3888 4070 3897
f 3904 4071 3901
f 4072 4071 3904
f 3906 4072 3904
f 4073 4072 3906
f 3907 4073 3906
f 3907 4094 4073
f 4094 4074 4073
f 4077 4075 4095
f 3908 4096 4077
f 4079 4077 4096
f 4080 4097 4099
f 4082 4080 4100
f 4100 4080 4099
f 4101 4084 4082
f 4101 4082 4102
f 4102 4082 4100
f 4086 4101 4102
f 4086 4102 4085
f 4085 4102 4103
f 4087 4085 4104
f 4104 4085 4103
f 3912 4089 3910
f 4090 4089 3912
f 3913 4090 3912
f 3913 4105 4090
f 4105 4092 4090
f 3907 3920 4094
f 4097 3923 4106
f 4099 4097 4107
f 4107 4097 4106
f 4100 4099 4108
f 4108 4099 4107
f 4102 4100 4109
f 4109 4100 4108
f 4103 4102 4110
f 4110 4102 4109
f 3925 4110 3926
f 3925 4104 4110
f 4104 4103 4110
f 3913 3929 4105
f 3923 3939 4106
f 3942 4106 3939
f 4107 4106 3942
f 3944 4107 3942
f 4108 4107 3944
f 3946 4108 3944
f 4109 4108 3946
f 3948 4109 3946
f 4110 4109 3948
f 3926 4110 3948
f 3957 3959 4111
f 3961 4111 3959
f 4113 4112 4119
f 4120 4113 4119
f 4114 4113 4120
f 4121 4114 4120
f 4115 4114 4121
f 4116 3973 4122
f 3969 3973 4116
f 4117 4116 4123
f 4123 4116 4122
f 4124 4118 4117
f 4124 4117 4125
f 4125 4117 4123
f 4124 4125 4126
f 4127 4128 4129
f 4122 3977 4130
f 3973 3977 4122
f 4123 4122 4131
f 4131 4122 4130
f 4125 4123 4132
f 4132 4123 4131
f 4133 4126 4125
f 4133 4125 4134
f 4134 4125 4132
f 4133 4134 4135
f 3977 3980 4130
f 3982 4130 3980
f 3982 4136 4130
f 4136 4131 4130
f 4132 4131 4137
f 4137 4131 4136
f 4134 4132 4138
f 4138 4132 4137
f 4139 4135 4134
f 4138 4139 4134
f 3978 4142 3983
f 3982 3986 4136
f 3988 4136 3986
f 3988 4143 4136
f 4143 4137 4136
f 4138 4137 4144
f 4144 4137 4143
f 4145 4139 4138
f 4145 4138 4146
f 4146 4147 4148
f 4145 4146 4148
f 4141 4140 4152
f 4152 4140 4151
f 3990 4152 3991
f 3990 4142 4152
f 4142 4141 4152
f 3983 4142 3990
f 3988 3996 4143
f 3997 4143 3996
f 3997 4153 4143
f 4153 4144 4143
f 3999 4158 4000
f 3999 4152 4158
f 4152 4151 4158
f 3991 4152 3999
f 4153 4005 4159
f 3997 4005 4153
f 4153 4159 4160
f 4162 4161 4163
f 4162 4163 4164
f 4165 4166 4167
f 4169 4170 4171
f 4170 4169 4172
f 4173 4174 4175
f 4156 4174 4173
f 4156 4173 4155
f 4155 4173 4176
f 4157 4155 4177
f 4177 4155 4176
f 4158 4157 4178
f 4178 4157 4177
f 4000 4178 4007
f 4158 4178 4000
f 4159 4012 4179
f 4005 4012 4159
f 4160 4159 4180
f 4180 4159 4179
f 4161 4160 4181
f 4181 4160 4180
f 4163 4161 4182
f 4182 4161 4181
f 4183 4164 4163
f 4183 4163 4184
f 4184 4163 4182
f 4183 4184 4185
f 4186 4187 4188
f 4167 4187 4186
f 4167 4186 4165
f 4190 4168 4165
f 4189 4190 4165
f 4169 4171 4193
f 4172 4169 4193
f 4194 4195 4196
f 4175 4195 4194
f 4175 4194 4173
f 4173 4194 4197
f 4176 4173 4198
f 4198 4173 4197
f 4177 4176 4199
f 4199 4176 4198
f 4014 4199 4015
f 4014 4178 4199
f 4178 4177 4199
f 4007 4178 4014
f 4179 4017 4200
f 4012 4017 4179
f 4180 4179 4201
f 4201 4179 4200
f 4181 4180 4202
f 4202 4180 4201
f 4182 4181 4203
f 4203 4181 4202
f 4184 4182 4204
f 4204 4182 4203
f 4205 4185 4184
f 4205 4184 4206
f 4206 4184 4204
f 4188 4205 4206
f 4188 4206 4186
f 4186 4206 4207
f 4208 4186 4207
f 4209 4190 4189
f 4208 4209 4189
f 4211 4192 4191
f 4210 4211 4191
f 4212 4215 4216
f 4213 4212 4216
f 4216 4215 4217
f 4218 4219 4220
f 4218 4221 4222
f 4219 4218 4222
f 4196 4222 4221
f 4196 4221 4194
f 4194 4221 4223
f 4197 4194 4224
f 4019 4224 4020
f 4019 4198 4224
f 4198 4197 4224
f 4022 4198 4019
f 4199 4198 4022
f 4015 4199 4022
f 4017 4025 4200
f 4028 4200 4025
f 4201 4200 4028
f 4030 4201 4028
f 4202 4201 4030
f 4203 4202 4032
f 4033 4203 4032
f 4033 4225 4203
f 4225 4204 4203
f 4206 4204 4225
f 4226 4208 4207
f 4227 4209 4208
f 4227 4208 4228
f 4228 4208 4226
f 4227 4228 4229
f 4233 4211 4210
f 4235 4234 4214
f 4215 4212 4236
f 4238 4215 4236
f 4220 4237 4238
f 4220 4238 4218
f 4218 4238 4239
f 4221 4218 4240
f 4240 4218 4239
f 4223 4221 4241
f 4241 4221 4240
f 4020 4224 4036
f 4044 4043 4242
f 4044 4225 4033
f 4044 4242 4225
f 4242 4243 4225
f 4035 4243 4046
f 4225 4243 4035
f 4228 4226 4245
f 4245 4226 4244
f 4246 4229 4228
f 4246 4228 4247
f 4247 4228 4245
f 4231 4246 4247
f 4231 4247 4230
f 4230 4247 4248
f 4232 4230 4249
f 4249 4230 4248
f 4250 4233 4232
f 4250 4232 4251
f 4251 4232 4249
f 4251 4252 4253
f 4250 4251 4253
f 4252 4254 4255
f 4253 4252 4255
f 4235 4255 4254
f 4235 4254 4234
f 4234 4254 4256
f 4236 4234 4257
f 4257 4234 4256
f 4238 4236 4258
f 4258 4236 4257
f 4239 4238 4259
f 4259 4238 4258
f 4240 4239 4260
f 4260 4239 4259
f 4241 4240 4261
f 4261 4240 4260
f 4037 4261 4048
f 4043 4054 4242
f 4057 4242 4054
f 4243 4242 4057
f 4046 4243 4057
f 4245 4244 4262
f 4247 4245 4263
f 4263 4245 4262
f 4248 4247 4264
f 4264 4247 4263
f 4249 4248 4265
f 4265 4248 4264
f 4251 4249 4266
f 4252 4251 4267
f 4267 4251 4266
f 4254 4252 4268
f 4268 4252 4267
f 4060 4268 4061
f 4060 4256 4268
f 4256 4254 4268
f 4063 4256 4060
f 4257 4256 4063
f 4064 4257 4063
f 4064 4269 4257
f 4269 4258 4257
f 4259 4258 4270
f 4270 4258 4269
f 4260 4259 4271
f 4271 4259 4270
f 4066 4271 4067
f 4066 4261 4271
f 4261 4260 4271
f 4048 4261 4066
f 4078 4262 4076
f 4263 4262 4078
f 4079 4263 4078
f 4079 4272 4263
f 4272 4264 4263
f 4265 4264 4273
f 4273 4264 4272
f 4083 4266 4081
f 4267 4266 4083
f 4084 4267 4083
f 4084 4274 4267
f 4274 4268 4267
f 4061 4274 4086
f 4268 4274 4061
f 4064 4088 4269
f 4091 4269 4088
f 4270 4269 4091
f 4093 4270 4091
f 4271 4270 4093
f 4067 4271 4093
f 4079 4096 4272
f 4098 4272 4096
f 4273 4272 4098
f 4084 4101 4274
f 4086 4274 4101
f 4282 4276 4275
f 4281 4282 4275
f 4277 4278 4283
f 4279 4277 4283
f 4286 4281 4280
f 4287 4282 4281
f 4287 4281 4288
f 4288 4281 4286
f 4287 4288 4289
f 4284 4285 4290
f 4119 4118 4291
f 4119 4292 4120
f 4291 4292 4119
f 4120 4293 4121
f 4292 4293 4120
f 4121 4286 4115
f 4121 4293 4286
f 4293 4294 4286
f 4295 4296 4288
f 4295 4288 4294
f 4294 4288 4286
f 4289 4288 4296
f 4118 4124 4291
f 4126 4291 4124
f 4126 4300 4291
f 4300 4292 4291
f 4293 4292 4301
f 4301 4292 4300
f 4294 4293 4302
f 4302 4293 4301
f 4303 4295 4294
f 4303 4294 4304
f 4304 4294 4302
f 4304 4305 4306
f 4303 4304 4306
f 4305 4307 4308
f 4306 4305 4308
f 4308 4307 4309
f 4311 4310 4313
f 4314 4315 4316
f 4297 4315 4314
f 4297 4314 4298
f 4298 4314 4317
f 4128 4317 4129
f 4128 4299 4317
f 4299 4298 4317
f 4126 4133 4300
f 4135 4300 4133
f 4135 4318 4300
f 4318 4301 4300
f 4302 4301 4319
f 4319 4301 4318
f 4304 4302 4320
f 4320 4302 4319
f 4305 4304 4321
f 4321 4304 4320
f 4307 4305 4322
f 4322 4305 4321
f 4323 4309 4307
f 4323 4307 4324
f 4324 4307 4322
f 4323 4324 4325
f 4310 4312 4326
f 4313 4310 4326
f 4318 4139 4331
f 4135 4139 4318
f 4319 4318 4332
f 4332 4318 4331
f 4320 4319 4333
f 4333 4319 4332
f 4321 4320 4334
f 4334 4320 4333
f 4322 4321 4335
f 4335 4321 4334
f 4324 4322 4336
f 4336 4322 4335
f 4339 4338 4329
f 4330 4327 4340
f 4340 4327 4338
f 4341 4330 4340
f 4139 4145 4331
f 4148 4331 4145
f 4332 4331 4148
f 4149 4332 4148
f 4149 4342 4332
f 4342 4333 4332
f 4334 4333 4343
f 4343 4333 4342
f 4335 4334 4344
f 4344 4334 4343
f 4345 4335 4344
f 4347 4348 4349
f 4347 4350 4351
f 4348 4347 4351
f 4350 4352 4353
f 4351 4350 4353
f 4353 4352 4354
f 4355 4356 4357
f 4355 4358 4359
f 4356 4355 4359
f 4339 4359 4358
f 4339 4358 4338
f 4338 4358 4360
f 4340 4338 4361
f 4361 4338 4360
f 4362 4340 4361
f 4342 4154 4363
f 4149 4154 4342
f 4343 4342 4364
f 4364 4342 4363
f 4344 4343 4365
f 4365 4343 4364
f 4345 4344 4366
f 4366 4344 4365
f 4367 4346 4345
f 4367 4345 4368
f 4368 4345 4366
f 4367 4368 4370
f 4369 4371 4372
f 4372 4371 4373
f 4374 4375 4376
f 4349 4375 4374
f 4349 4374 4347
f 4350 4347 4378
f 4378 4347 4377
f 4352 4350 4379
f 4379 4350 4378
f 4380 4354 4352
f 4380 4352 4381
f 4381 4352 4379
f 4357 4380 4381
f 4357 4381 4355
f 4355 4381 4382
f 4358 4355 4383
f 4383 4355 4382
f 4360 4358 4384
f 4384 4358 4383
f 4361 4360 4385
f 4385 4360 4384
f 4362 4361 4386
f 4386 4361 4385
f 4150 4386 4156
f 4154 4162 4363
f 4164 4363 4162
f 4164 4387 4363
f 4387 4364 4363
f 4365 4364 4388
f 4388 4364 4387
f 4366 4365 4389
f 4389 4365 4388
f 4166 4389 4167
f 4166 4368 4389
f 4368 4366 4389
f 4371 4369 4391
f 4391 4369 4390
f 4392 4373 4371
f 4392 4371 4393
f 4393 4371 4391
f 4393 4394 4395
f 4392 4393 4395
f 4376 4395 4394
f 4376 4394 4374
f 4374 4394 4396
f 4397 4374 4396
f 4378 4377 4398
f 4398 4377 4397
f 4379 4378 4399
f 4399 4378 4398
f 4381 4379 4400
f 4400 4379 4399
f 4382 4381 4401
f 4401 4381 4400
f 4170 4401 4171
f 4170 4383 4401
f 4383 4382 4401
f 4172 4383 4170
f 4172 4402 4383
f 4402 4384 4383
f 4385 4384 4403
f 4403 4384 4402
f 4174 4403 4175
f 4174 4386 4403
f 4386 4385 4403
f 4156 4386 4174
f 4164 4183 4387
f 4185 4387 4183
f 4185 4404 4387
f 4404 4388 4387
f 4187 4404 4188
f 4187 4389 4404
f 4389 4388 4404
f 4167 4389 4187
f 4390 4190 4405
f 4168 4190 4390
f 4391 4390 4406
f 4406 4390 4405
f 4393 4391 4406
f 4407 4396 4394
f 4397 4396 4408
f 4408 4396 4407
f 4398 4397 4409
f 4409 4397 4408
f 4399 4398 4410
f 4410 4398 4409
f 4400 4399 4411
f 4411 4399 4410
f 4401 4400 4412
f 4412 4400 4411
f 4171 4413 4193
f 4171 4401 4413
f 4401 4412 4413
f 4193 4402 4172
f 4193 4413 4402
f 4413 4414 4402
f 4195 4414 4196
f 4195 4403 4414
f 4403 4402 4414
f 4175 4403 4195
f 4185 4205 4404
f 4188 4404 4205
f 4405 4209 4415
f 4190 4209 4405
f 4406 4405 4416
f 4416 4405 4415
f 4407 4211 4417
f 4192 4211 4407
f 4408 4407 4418
f 4418 4407 4417
f 4409 4408 4419
f 4419 4408 4418
f 4410 4409 4419
f 4216 4410 4213
f 4411 4410 4216
f 4217 4411 4216
f 4217 4420 4411
f 4420 4412 4411
f 4219 4420 4220
f 4219 4413 4420
f 4413 4412 4420
f 4222 4413 4219
f 4414 4413 4222
f 4196 4414 4222
f 4209 4227 4415
f 4229 4415 4227
f 4229 4421 4415
f 4421 4416 4415
f 4417 4233 4422
f 4211 4233 4417
f 4418 4417 4423
f 4423 4417 4422
f 4419 4418 4424
f 4424 4418 4423
f 4214 4424 4235
f 4419 4424 4214
f 4220 4420 4237
f 4229 4246 4421
f 4231 4421 4246
f 4233 4250 4422
f 4253 4422 4250
f 4423 4422 4253
f 4255 4423 4253
f 4424 4423 4255
f 4235 4424 4255
f 4425 4282 4437
f 4276 4282 4425
f 4426 4425 4438
f 4438 4425 4437
f 4278 4439 4283
f 4278 4426 4439
f 4426 4438 4439
f 4283 4427 4279
f 4283 4439 4427
f 4439 4440 4427
f 4428 4427 4441
f 4441 4427 4440
f 4429 4428 4442
f 4442 4428 4441
f 4446 4447 4448
f 4446 4448 4430
f 4430 4448 4431
f 4432 4431 4449
f 4449 4431 4448
f 4433 4432 4450
f 4450 4432 4449
f 4434 4433 4451
f 4451 4433 4450
f 4435 4434 4452
f 4452 4434 4451
f 4436 4435 4452
f 4282 4287 4437
f 4289 4437 4287
f 4289 4453 4437
f 4453 4438 4437
f 4439 4438 4454
f 4454 4438 4453
f 4440 4439 4455
f 4455 4439 4454
f 4441 4440 4456
f 4456 4440 4455
f 4442 4441 4457
f 4457 4441 4456
f 4458 4442 4457
f 4459 4460 4444
f 4459 4444 4458
f 4458 4444 4443
f 4460 4461 4462
f 4460 4462 4444
f 4444 4462 4445
f 4285 4463 4290
f 4285 4445 4463
f 4445 4462 4463
f 4447 4464 4465
f 4447 4465 4448
f 4449 4448 4466
f 4450 4449 4467
f 4467 4449 4466
f 4451 4450 4468
f 4468 4450 4467
f 4452 4451 4469
f 4469 4451 4468
f 4296 4295 4470
f 4296 4453 4289
f 4296 4470 4453
f 4470 4471 4453
f 4454 4453 4472
f 4472 4453 4471
f 4455 4454 4473
f 4473 4454 4472
f 4456 4455 4474
f 4474 4455 4473
f 4457 4456 4475
f 4475 4456 4474
f 4458 4457 4476
f 4476 4457 4475
f 4477 4459 4458
f 4477 4458 4478
f 4478 4458 4476
f 4461 4477 4478
f 4461 4478 4462
f 4462 4478 4479
f 4463 4462 4480
f 4480 4462 4479
f 4481 4463 4480
f 4467 4466 4483
f 4468 4467 4484
f 4484 4467 4483
f 4469 4468 4485
f 4485 4468 4484
f 4469 4485 4486
f 4295 4303 4470
f 4306 4470 4303
f 4471 4470 4306
f 4308 4471 4306
f 4472 4471 4308
f 4309 4472 4308
f 4309 4487 4472
f 4487 4473 4472
f 4474 4473 4488
f 4488 4473 4487
f 4475 4474 4489
f 4489 4474 4488
f 4313 4476 4311
f 4313 4490 4476
f 4490 4478 4476
f 4479 4478 4491
f 4491 4478 4490
f 4480 4479 4492
f 4492 4479 4491
f 4481 4480 4493
f 4493 4480 4492
f 4482 4481 4494
f 4494 4481 4493
f 4482 4494 4495
f 4484 4483 4498
f 4498 4483 4497
f 4485 4484 4499
f 4499 4484 4498
f 4315 4499 4316
f 4315 4486 4499
f 4486 4485 4499
f 4297 4486 4315
f 4309 4323 4487
f 4325 4487 4323
f 4325 4500 4487
f 4500 4488 4487
f 4489 4488 4501
f 4501 4488 4500
f 4312 4502 4326
f 4312 4489 4502
f 4489 4501 4502
f 4326 4490 4313
f 4326 4502 4490
f 4502 4503 4490
f 4491 4490 4504
f 4504 4490 4503
f 4492 4491 4505
f 4505 4491 4504
f 4493 4492 4506
f 4506 4492 4505
f 4494 4493 4507
f 4507 4493 4506
f 4495 4494 4508
f 4508 4494 4507
f 4509 4495 4508
f 4497 4496 4510
f 4510 4496 4509
f 4498 4497 4511
f 4511 4497 4510
f 4328 4511 4329
f 4328 4499 4511
f 4499 4498 4511
f 4316 4499 4328
f 4500 4337 4512
f 4325 4337 4500
f 4501 4500 4513
f 4513 4500 4512
f 4502 4501 4514
f 4514 4501 4513
f 4503 4502 4515
f 4515 4502 4514
f 4504 4503 4516
f 4516 4503 4515
f 4505 4504 4517
f 4517 4504 4516
f 4506 4505 4518
f 4518 4505 4517
f 4507 4506 4519
f 4519 4506 4518
f 4508 4507 4520
f 4520 4507 4519
f 4509 4508 4521
f 4521 4508 4520
f 4510 4509 4522
f 4522 4509 4521
f 4511 4510 4523
f 4523 4510 4522
f 4329 4523 4339
f 4511 4523 4329
f 4512 4346 4524
f 4337 4346 4512
f 4513 4512 4525
f 4525 4512 4524
f 4514 4513 4526
f 4526 4513 4525
f 4515 4514 4527
f 4527 4514 4526
f 4516 4515 4528
f 4528 4515 4527
f 4517 4516 4529
f 4529 4516 4528
f 4348 4529 4349
f 4348 4518 4529
f 4518 4517 4529
f 4351 4518 4348
f 4519 4518 4351
f 4353 4519 4351
f 4520 4519 4353
f 4354 4520 4353
f 4354 4530 4520
f 4530 4521 4520
f 4356 4530 4357
f 4356 4522 4530
f 4522 4521 4530
f 4359 4522 4356
f 4523 4522 4359
f 4339 4523 4359
f 4346 4367 4524
f 4370 4524 4367
f 4525 4524 4370
f 4372 4525 4370
f 4526 4525 4372
f 4373 4526 4372
f 4373 4531 4526
f 4531 4527 4526
f 4528 4527 4532
f 4532 4527 4531
f 4375 4532 4376
f 4375 4529 4532
f 4529 4528 4532
f 4349 4529 4375
f 4354 4380 4530
f 4357 4530 4380
f 4373 4392 4531
f 4395 4531 4392
f 4532 4531 4395
f 4376 4532 4395
f 4446 4533 4447
f 4460 4459 4534
f 4460 4534 4461
f 4447 4533 4464
f 4459 4477 4534
f 4461 4534 4477

