# https://github.com/mikedh/trimesh
v -0.71918291 0.56984437 -0.21693599
v -0.71918291 0.57639700 -0.22400779
v -0.71877497 0.56984437 -0.21614785
v -0.71361661 0.56984437 -0.20828794
v -0.71132296 0.56984437 -0.20556594
v -0.71826029 0.57770425 -0.22400779
v -0.71132296 0.57770425 -0.21761818
v -0.71132296 0.57656491 -0.21614785
v -0.71132296 0.57182819 -0.20828794
v -0.71449012 0.58556420 -0.22400779
v -0.71132296 0.58556420 -0.22067280
v -0.70435083 0.56984437 -0.20042801
v -0.70346302 0.56984437 -0.19994114
v -0.70887023 0.57770425 -0.21614785
v -0.70346302 0.57770425 -0.21168749
v -0.70346302 0.57581031 -0.20828794
v -0.70346302 0.57034028 -0.20042801
v -0.70512003 0.58556420 -0.21614785
v -0.70346302 0.58556420 -0.21474195
v -0.69560313 -0.58556420 -0.19215709
v -0.69560313 0.56984437 -0.19545770
v -0.70031863 0.57770425 -0.20828794
v -0.69560313 0.57770425 -0.20404394
v -0.69560313 0.57492745 -0.20042801
v -0.69691652 0.58556420 -0.20828794
v -0.69560313 0.58556420 -0.20722528
v -0.68774319 -0.59342414 -0.18574625
v -0.68774319 -0.58556420 -0.18711139
v -0.68774319 -0.57773817 -0.18470818
v -0.68774319 -0.57770425 -0.18469882
v -0.68774319 -0.56984437 -0.18316458
v -0.68774319 -0.56198442 -0.18233584
v -0.68774319 -0.55412453 -0.18187428
v -0.68774319 -0.54626459 -0.18153061
v -0.68774319 -0.53840464 -0.18120553
v -0.68774319 -0.53054476 -0.18096903
v -0.68774319 -0.52268481 -0.18079320
v -0.68774319 -0.51482493 -0.18069173
v -0.68774319 -0.50696498 -0.18072040
v -0.68774319 -0.49910507 -0.18086222
v -0.68774319 -0.49124515 -0.18088141
v -0.68774319 -0.48338521 -0.18073732
v -0.68774319 -0.47552529 -0.18061918
v -0.68774319 -0.46766537 -0.18051849
v -0.68774319 -0.45980546 -0.18044959
v -0.68774319 -0.45194551 -0.18040504
v -0.68774319 -0.44408560 -0.18038788
v -0.68774319 -0.43622568 -0.18034729
v -0.68774319 -0.42836577 -0.18029986
v -0.68774319 -0.42050582 -0.18024205
v -0.68774319 -0.41264591 -0.18022065
v -0.68774319 -0.40478599 -0.18031000
v -0.68774319 -0.39692608 -0.18042375
v -0.68774319 -0.38906616 -0.18041289
v -0.68774319 -0.38120621 -0.18030831
v -0.68774319 -0.37334630 -0.18023635
v -0.68774319 -0.36548638 -0.18018472
v -0.68774319 -0.35762647 -0.18014041
v -0.68774319 -0.34976652 -0.18011846
v -0.68774319 -0.34190661 -0.18008673
v -0.68774319 -0.33404669 -0.18005927
v -0.68774319 -0.32618678 -0.18004727
v -0.68774319 -0.31832686 -0.18002731
v -0.68774319 -0.31046692 -0.18002570
v -0.68774319 -0.30260700 -0.18002449
v -0.68774319 -0.29474708 -0.18002221
v -0.68774319 -0.28688717 -0.17999104
v -0.68774319 -0.27902722 -0.17995811
v -0.68774319 -0.27116731 -0.17992656
v -0.68774319 -0.26330739 -0.17988057
v -0.68774319 -0.25544748 -0.17983578
v -0.68774319 -0.24758755 -0.17981215
v -0.68774319 -0.23972763 -0.17978732
v -0.68774319 -0.23186770 -0.17977893
v -0.68774319 -0.22400779 -0.17975399
v -0.68774319 -0.21614785 -0.17974067
v -0.68774319 -0.20828794 -0.17977887
v -0.68774319 -0.20042801 -0.17983259
v -0.68774319 -0.19256809 -0.17979968
v -0.68774319 -0.18470818 -0.17971051
v -0.68774319 -0.17684825 -0.17963506
v -0.68774319 -0.16898833 -0.17959915
v -0.68774319 -0.16112840 -0.17960256
v -0.68774319 -0.15326849 -0.17960125
v -0.68774319 -0.14540856 -0.17961960
v -0.68774319 -0.13754864 -0.17964029
v -0.68774319 -0.12968871 -0.17966734
v -0.68774319 -0.12182879 -0.17967843
v -0.68774319 -0.11396887 -0.17970289
v -0.68774319 -0.10610895 -0.17970355
v -0.68774319 -0.09824903 -0.17969401
v -0.68774319 -0.09038910 -0.17967549
v -0.68774319 -0.08252918 -0.17965870
v -0.68774319 -0.07466926 -0.17963538
v -0.68774319 -0.06680934 -0.17962039
v -0.68774319 -0.05894941 -0.17960976
v -0.68774319 -0.05108950 -0.17960072
v -0.68774319 -0.04322957 -0.17960292
v -0.68774319 -0.03536965 -0.17958333
v -0.68774319 -0.02750973 -0.17956120
v -0.68774319 -0.01964981 -0.17953919
v -0.68774319 -0.01178988 -0.17951736
v -0.68774319 -0.00392996 -0.17948246
v -0.68774319 0.00392996 -0.17942944
v -0.68774319 0.01178988 -0.17936121
v -0.68774319 0.01964981 -0.17928703
v -0.68774319 0.02750973 -0.17924008
v -0.68774319 0.03536965 -0.17922586
v -0.68774319 0.04322957 -0.17923245
v -0.68774319 0.05108950 -0.17924714
v -0.68774319 0.05894941 -0.17922136
v -0.68774319 0.06680934 -0.17922287
v -0.68774319 0.07466926 -0.17923839
v -0.68774319 0.08252918 -0.17927605
v -0.68774319 0.09038910 -0.17931364
v -0.68774319 0.09824903 -0.17934573
v -0.68774319 0.10610895 -0.17936228
v -0.68774319 0.11396887 -0.17936048
v -0.68774319 0.12182879 -0.17939532
v -0.68774319 0.12968871 -0.17942129
v -0.68774319 0.13754864 -0.17946303
v -0.68774319 0.14540856 -0.17949955
v -0.68774319 0.15326849 -0.17950866
v -0.68774319 0.16112840 -0.17952684
v -0.68774319 0.16898833 -0.17956629
v -0.68774319 0.17684825 -0.17966032
v -0.68774319 0.18470818 -0.17977749
v -0.68774319 0.19256809 -0.17982103
v -0.68774319 0.20042801 -0.17972508
v -0.68774319 0.20828794 -0.17958044
v -0.68774319 0.21614785 -0.17948228
v -0.68774319 0.22400779 -0.17942488
v -0.68774319 0.23186770 -0.17940085
v -0.68774319 0.23972763 -0.17939821
v -0.68774319 0.24758755 -0.17940456
v -0.68774319 0.25544748 -0.17941979
v -0.68774319 0.26330739 -0.17942746
v -0.68774319 0.27116731 -0.17945290
v -0.68774319 0.27902722 -0.17949133
v -0.68774319 0.28688717 -0.17952749
v -0.68774319 0.29474708 -0.17955351
v -0.68774319 0.30260700 -0.17957169
v -0.68774319 0.31046692 -0.17958757
v -0.68774319 0.31832686 -0.17959903
v -0.68774319 0.32618678 -0.17964131
v -0.68774319 0.33404669 -0.17968503
v -0.68774319 0.34190661 -0.17974360
v -0.68774319 0.34976652 -0.17980285
v -0.68774319 0.35762647 -0.17987068
v -0.68774319 0.36548638 -0.17994708
v -0.68774319 0.37334630 -0.18005574
v -0.68774319 0.38120621 -0.18014586
v -0.68774319 0.38906616 -0.18018340
v -0.68774319 0.39692608 -0.18018875
v -0.68774319 0.40478599 -0.18016613
v -0.68774319 0.41264591 -0.18015403
v -0.68774319 0.42050582 -0.18017015
v -0.68774319 0.42836577 -0.18021290
v -0.68774319 0.43622568 -0.18026832
v -0.68774319 0.44408560 -0.18033680
v -0.68774319 0.45194551 -0.18041289
v -0.68774319 0.45980546 -0.18050723
v -0.68774319 0.46766537 -0.18064161
v -0.68774319 0.47552529 -0.18082546
v -0.68774319 0.48338521 -0.18096992
v -0.68774319 0.49124515 -0.18104297
v -0.68774319 0.49910507 -0.18110125
v -0.68774319 0.50696498 -0.18120816
v -0.68774319 0.51482493 -0.18145697
v -0.68774319 0.52268481 -0.18191320
v -0.68774319 0.53054476 -0.18263729
v -0.68774319 0.53840464 -0.18367603
v -0.68774319 0.54432505 -0.18470818
v -0.68774319 0.54626459 -0.18504716
v -0.68774319 0.55412453 -0.18673474
v -0.68774319 0.56198442 -0.18906125
v -0.68806005 0.56984437 -0.19256809
v -0.68774319 0.56984437 -0.19246987
v -0.68917787 0.57770425 -0.20042801
v -0.68774319 0.57770425 -0.19982001
v -0.68774319 0.56997412 -0.19256809
v -0.68774319 0.57902735 -0.20042801
v -0.68774319 0.58556420 -0.20275357
v -0.68524367 -0.59342414 -0.18470818
v -0.67988324 -0.59342414 -0.18255514
v -0.67988324 -0.58664578 -0.18470818
v -0.67988324 -0.58556420 -0.18492298
v -0.67988324 -0.58467507 -0.18470818
v -0.67988324 -0.57770425 -0.18309136
v -0.67988324 -0.56984437 -0.18179302
v -0.67988324 -0.56198442 -0.18114233
v -0.67988324 -0.55412453 -0.18082127
v -0.67988324 -0.54626459 -0.18056089
v -0.67988324 -0.53840464 -0.18026927
v -0.67988324 -0.53054476 -0.18004194
v -0.67988324 -0.52268481 -0.17990671
v -0.67988324 -0.51482493 -0.17980537
v -0.67988324 -0.50696498 -0.17982882
v -0.67988324 -0.49910507 -0.17997316
v -0.67988324 -0.49124515 -0.17996788
v -0.67988324 -0.48338521 -0.17983709
v -0.67988324 -0.47552529 -0.17969000
v -0.67988324 -0.46766537 -0.17960304
v -0.67988324 -0.45980546 -0.17953864
v -0.67988324 -0.45194551 -0.17949426
v -0.67988324 -0.44408560 -0.17945325
v -0.67988324 -0.43622568 -0.17941086
v -0.67988324 -0.42836577 -0.17935245
v -0.67988324 -0.42050582 -0.17928390
v -0.67988324 -0.41264591 -0.17925273
v -0.67988324 -0.40478599 -0.17934513
v -0.67988324 -0.39692608 -0.17946573
v -0.67988324 -0.38906616 -0.17944084
v -0.67988324 -0.38120621 -0.17933446
v -0.67988324 -0.37334630 -0.17923833
v -0.67988324 -0.36548638 -0.17918958
v -0.67988324 -0.35762647 -0.17913578
v -0.67988324 -0.34976652 -0.17910005
v -0.67988324 -0.34190661 -0.17904422
v -0.67988324 -0.33404669 -0.17900206
v -0.67988324 -0.32618678 -0.17898023
v -0.67988324 -0.31832686 -0.17893898
v -0.67988324 -0.31046692 -0.17891805
v -0.67988324 -0.30260700 -0.17890078
v -0.67988324 -0.29474708 -0.17888688
v -0.67988324 -0.28688717 -0.17884256
v -0.67988324 -0.27902722 -0.17880231
v -0.67988324 -0.27116731 -0.17875651
v -0.67988324 -0.26330739 -0.17871530
v -0.67988324 -0.25544748 -0.17866871
v -0.67988324 -0.24758755 -0.17864934
v -0.67988324 -0.23972763 -0.17862445
v -0.67988324 -0.23186770 -0.17860821
v -0.67988324 -0.22400779 -0.17857036
v -0.67988324 -0.21614785 -0.17855160
v -0.67988324 -0.20828794 -0.17860028
v -0.67988324 -0.20042801 -0.17867866
v -0.67988324 -0.19256809 -0.17865606
v -0.67988324 -0.18470818 -0.17856053
v -0.67988324 -0.17684825 -0.17848563
v -0.67988324 -0.16898833 -0.17845403
v -0.67988324 -0.16112840 -0.17845169
v -0.67988324 -0.15326849 -0.17846093
v -0.67988324 -0.14540856 -0.17846932
v -0.67988324 -0.13754864 -0.17849079
v -0.67988324 -0.12968871 -0.17851076
v -0.67988324 -0.12182879 -0.17852899
v -0.67988324 -0.11396887 -0.17855261
v -0.67988324 -0.10610895 -0.17856719
v -0.67988324 -0.09824903 -0.17856053
v -0.67988324 -0.09038910 -0.17854375
v -0.67988324 -0.08252918 -0.17853096
v -0.67988324 -0.07466926 -0.17851928
v -0.67988324 -0.06680934 -0.17851549
v -0.67988324 -0.05894941 -0.17851321
v -0.67988324 -0.05108950 -0.17853133
v -0.67988324 -0.04322957 -0.17854650
v -0.67988324 -0.03536965 -0.17854308
v -0.67988324 -0.02750973 -0.17852749
v -0.67988324 -0.01964981 -0.17852575
v -0.67988324 -0.01178988 -0.17851160
v -0.67988324 -0.00392996 -0.17848863
v -0.67988324 0.00392996 -0.17844300
v -0.67988324 0.01178988 -0.17837925
v -0.67988324 0.01964981 -0.17833541
v -0.67988324 0.02750973 -0.17830184
v -0.67988324 0.03536965 -0.17830946
v -0.67988324 0.04322957 -0.17833458
v -0.67988324 0.05108950 -0.17835155
v -0.67988324 0.05894941 -0.17836528
v -0.67988324 0.06680934 -0.17836085
v -0.67988324 0.07466926 -0.17838117
v -0.67988324 0.08252918 -0.17841649
v -0.67988324 0.09038910 -0.17845181
v -0.67988324 0.09824903 -0.17847358
v -0.67988324 0.10610895 -0.17848288
v -0.67988324 0.11396887 -0.17848755
v -0.67988324 0.12182879 -0.17850140
v -0.67988324 0.12968871 -0.17852604
v -0.67988324 0.13754864 -0.17857175
v -0.67988324 0.14540856 -0.17860016
v -0.67988324 0.15326849 -0.17861444
v -0.67988324 0.16112840 -0.17862320
v -0.67988324 0.16898833 -0.17865288
v -0.67988324 0.17684825 -0.17874163
v -0.67988324 0.18470818 -0.17886792
v -0.67988324 0.19256809 -0.17893328
v -0.67988324 0.20042801 -0.17883848
v -0.67988324 0.20828794 -0.17870218
v -0.67988324 0.21614785 -0.17859903
v -0.67988324 0.22400779 -0.17855208
v -0.67988324 0.23186770 -0.17853613
v -0.67988324 0.23972763 -0.17855561
v -0.67988324 0.24758755 -0.17855747
v -0.67988324 0.25544748 -0.17856935
v -0.67988324 0.26330739 -0.17859429
v -0.67988324 0.27116731 -0.17864047
v -0.67988324 0.27902722 -0.17868598
v -0.67988324 0.28688717 -0.17873906
v -0.67988324 0.29474708 -0.17878571
v -0.67988324 0.30260700 -0.17881845
v -0.67988324 0.31046692 -0.17885737
v -0.67988324 0.31832686 -0.17889909
v -0.67988324 0.32618678 -0.17895348
v -0.67988324 0.33404669 -0.17900506
v -0.67988324 0.34190661 -0.17905627
v -0.67988324 0.34976652 -0.17911845
v -0.67988324 0.35762647 -0.17917794
v -0.67988324 0.36548638 -0.17925458
v -0.67988324 0.37334630 -0.17935485
v -0.67988324 0.38120621 -0.17944473
v -0.67988324 0.38906616 -0.17950471
v -0.67988324 0.39692608 -0.17950578
v -0.67988324 0.40478599 -0.17948617
v -0.67988324 0.41264591 -0.17947844
v -0.67988324 0.42050582 -0.17950140
v -0.67988324 0.42836577 -0.17954116
v -0.67988324 0.43622568 -0.17958955
v -0.67988324 0.44408560 -0.17966151
v -0.67988324 0.45194551 -0.17973803
v -0.67988324 0.45980546 -0.17982630
v -0.67988324 0.46766537 -0.17995277
v -0.67988324 0.47552529 -0.18012272
v -0.67988324 0.48338521 -0.18025674
v -0.67988324 0.49124515 -0.18034363
v -0.67988324 0.49910507 -0.18038578
v -0.67988324 0.50696498 -0.18048377
v -0.67988324 0.51482493 -0.18073137
v -0.67988324 0.52268481 -0.18118203
v -0.67988324 0.53054476 -0.18189821
v -0.67988324 0.53840464 -0.18291739
v -0.68415242 0.54626459 -0.18470818
v -0.67988324 0.54626459 -0.18430226
v -0.67988324 0.54818338 -0.18470818
v -0.67988324 0.55412453 -0.18592861
v -0.67988324 0.56198442 -0.18819571
v -0.67988324 0.56984437 -0.19174770
v -0.67988324 0.57088596 -0.19256809
v -0.67988324 0.57770425 -0.19917232
v -0.67988324 0.58035529 -0.20042801
v -0.67988324 0.58556420 -0.20226215
v -0.67202336 -0.59342414 -0.18193761
v -0.67795455 -0.58556420 -0.18470818
v -0.67202336 -0.58556420 -0.18404830
v -0.67202336 -0.57770425 -0.18233164
v -0.67202336 -0.56984437 -0.18120427
v -0.67202336 -0.56198442 -0.18069185
v -0.67202336 -0.55412453 -0.18047100
v -0.67202336 -0.54626459 -0.18029074
v -0.67202336 -0.53840464 -0.18006934
v -0.67202336 -0.53054476 -0.17988724
v -0.67202336 -0.52268481 -0.17976549
v -0.67202336 -0.51482493 -0.17969143
v -0.67202336 -0.50696498 -0.17969750
v -0.67202336 -0.49910507 -0.17980897
v -0.67202336 -0.49124515 -0.17981072
v -0.67202336 -0.48338521 -0.17967495
v -0.67202336 -0.47552529 -0.17955117
v -0.67202336 -0.46766537 -0.17947574
v -0.67202336 -0.45980546 -0.17941056
v -0.67202336 -0.45194551 -0.17936264
v -0.67202336 -0.44408560 -0.17932348
v -0.67202336 -0.43622568 -0.17926639
v -0.67202336 -0.42836577 -0.17920889
v -0.67202336 -0.42050582 -0.17915024
v -0.67202336 -0.41264591 -0.17910388
v -0.67202336 -0.40478599 -0.17917927
v -0.67202336 -0.39692608 -0.17927179
v -0.67202336 -0.38906616 -0.17923054
v -0.67202336 -0.38120621 -0.17910814
v -0.67202336 -0.37334630 -0.17902762
v -0.67202336 -0.36548638 -0.17896441
v -0.67202336 -0.35762647 -0.17891331
v -0.67202336 -0.34976652 -0.17887464
v -0.67202336 -0.34190661 -0.17882265
v -0.67202336 -0.33404669 -0.17876543
v -0.67202336 -0.32618678 -0.17871681
v -0.67202336 -0.31832686 -0.17865366
v -0.67202336 -0.31046692 -0.17862038
v -0.67202336 -0.30260700 -0.17859627
v -0.67202336 -0.29474708 -0.17857157
v -0.67202336 -0.28688717 -0.17852204
v -0.67202336 -0.27902722 -0.17847124
v -0.67202336 -0.27116731 -0.17843622
v -0.67202336 -0.26330739 -0.17838968
v -0.67202336 -0.25544748 -0.17834987
v -0.67202336 -0.24758755 -0.17832151
v -0.67202336 -0.23972763 -0.17828745
v -0.67202336 -0.23186770 -0.17827575
v -0.67202336 -0.22400779 -0.17823258
v -0.67202336 -0.21614785 -0.17819227
v -0.67202336 -0.20828794 -0.17825176
v -0.67202336 -0.20042801 -0.17831677
v -0.67202336 -0.19256809 -0.17828043
v -0.67202336 -0.18470818 -0.17819108
v -0.67202336 -0.17684825 -0.17811000
v -0.67202336 -0.16898833 -0.17807366
v -0.67202336 -0.16112840 -0.17806689
v -0.67202336 -0.15326849 -0.17807330
v -0.67202336 -0.14540856 -0.17807348
v -0.67202336 -0.13754864 -0.17808008
v -0.67202336 -0.12968871 -0.17809387
v -0.67202336 -0.12182879 -0.17809729
v -0.67202336 -0.11396887 -0.17812416
v -0.67202336 -0.10610895 -0.17813130
v -0.67202336 -0.09824903 -0.17812349
v -0.67202336 -0.09038910 -0.17810509
v -0.67202336 -0.08252918 -0.17809172
v -0.67202336 -0.07466926 -0.17807786
v -0.67202336 -0.06680934 -0.17808506
v -0.67202336 -0.05894941 -0.17810173
v -0.67202336 -0.05108950 -0.17812979
v -0.67202336 -0.04322957 -0.17815270
v -0.67202336 -0.03536965 -0.17815743
v -0.67202336 -0.02750973 -0.17817633
v -0.67202336 -0.01964981 -0.17817363
v -0.67202336 -0.01178988 -0.17817177
v -0.67202336 -0.00392996 -0.17817710
v -0.67202336 0.00392996 -0.17813951
v -0.67202336 0.01178988 -0.17808907
v -0.67202336 0.01964981 -0.17806293
v -0.67202336 0.02750973 -0.17805538
v -0.67202336 0.03536965 -0.17806862
v -0.67202336 0.04322957 -0.17810887
v -0.67202336 0.05108950 -0.17813998
v -0.67202336 0.05894941 -0.17816229
v -0.67202336 0.06680934 -0.17818202
v -0.67202336 0.07466926 -0.17819929
v -0.67202336 0.08252918 -0.17822891
v -0.67202336 0.09038910 -0.17827486
v -0.67202336 0.09824903 -0.17830087
v -0.67202336 0.10610895 -0.17831725
v -0.67202336 0.11396887 -0.17832366
v -0.67202336 0.12182879 -0.17834531
v -0.67202336 0.12968871 -0.17837158
v -0.67202336 0.13754864 -0.17842022
v -0.67202336 0.14540856 -0.17844701
v -0.67202336 0.15326849 -0.17845865
v -0.67202336 0.16112840 -0.17846105
v -0.67202336 0.16898833 -0.17847526
v -0.67202336 0.17684825 -0.17854644
v -0.67202336 0.18470818 -0.17866343
v -0.67202336 0.19256809 -0.17873833
v -0.67202336 0.20042801 -0.17865360
v -0.67202336 0.20828794 -0.17852497
v -0.67202336 0.21614785 -0.17843477
v -0.67202336 0.22400779 -0.17839131
v -0.67202336 0.23186770 -0.17839748
v -0.67202336 0.23972763 -0.17840426
v -0.67202336 0.24758755 -0.17841187
v -0.67202336 0.25544748 -0.17841871
v -0.67202336 0.26330739 -0.17844689
v -0.67202336 0.27116731 -0.17847820
v -0.67202336 0.27902722 -0.17853709
v -0.67202336 0.28688717 -0.17858081
v -0.67202336 0.29474708 -0.17862913
v -0.67202336 0.30260700 -0.17866337
v -0.67202336 0.31046692 -0.17870156
v -0.67202336 0.31832686 -0.17873630
v -0.67202336 0.32618678 -0.17879206
v -0.67202336 0.33404669 -0.17884244
v -0.67202336 0.34190661 -0.17889358
v -0.67202336 0.34976652 -0.17893958
v -0.67202336 0.35762647 -0.17898624
v -0.67202336 0.36548638 -0.17905790
v -0.67202336 0.37334630 -0.17913178
v -0.67202336 0.38120621 -0.17921638
v -0.67202336 0.38906616 -0.17927960
v -0.67202336 0.39692608 -0.17929140
v -0.67202336 0.40478599 -0.17927468
v -0.67202336 0.41264591 -0.17927036
v -0.67202336 0.42050582 -0.17929992
v -0.67202336 0.42836577 -0.17934315
v -0.67202336 0.43622568 -0.17939413
v -0.67202336 0.44408560 -0.17946440
v -0.67202336 0.45194551 -0.17954056
v -0.67202336 0.45980546 -0.17963532
v -0.67202336 0.46766537 -0.17976040
v -0.67202336 0.47552529 -0.17992567
v -0.67202336 0.48338521 -0.18005814
v -0.67202336 0.49124515 -0.18014580
v -0.67202336 0.49910507 -0.18021248
v -0.67202336 0.50696498 -0.18031155
v -0.67202336 0.51482493 -0.18054794
v -0.67202336 0.52268481 -0.18099673
v -0.67202336 0.53054476 -0.18168575
v -0.67202336 0.53840464 -0.18266913
v -0.67202336 0.54626459 -0.18400800
v -0.67202336 0.54966253 -0.18470818
v -0.67202336 0.55412453 -0.18561253
v -0.67202336 0.56198442 -0.18785965
v -0.67202336 0.56984437 -0.19155645
v -0.67202336 0.57109427 -0.19256809
v -0.67202336 0.57770425 -0.19908608
v -0.67202336 0.58054322 -0.20042801
v -0.67202336 0.58556420 -0.20219612
v -0.66416341 -0.59342414 -0.18154104
v -0.66416341 -0.58556420 -0.18339197
v -0.66416341 -0.57770425 -0.18184100
v -0.66416341 -0.56984437 -0.18085293
v -0.66416341 -0.56198442 -0.18040726
v -0.66416341 -0.55412453 -0.18021896
v -0.66416341 -0.54626459 -0.18007553
v -0.66416341 -0.53840464 -0.17988656
v -0.66416341 -0.53054476 -0.17971662
v -0.66416341 -0.52268481 -0.17960587
v -0.66416341 -0.51482493 -0.17953247
v -0.66416341 -0.50696498 -0.17952257
v -0.66416341 -0.49910507 -0.17962211
v -0.66416341 -0.49124515 -0.17963171
v -0.66416341 -0.48338521 -0.17951538
v -0.66416341 -0.47552529 -0.17940348
v -0.66416341 -0.46766537 -0.17933133
v -0.66416341 -0.45980546 -0.17927688
v -0.66416341 -0.45194551 -0.17922352
v -0.66416341 -0.44408560 -0.17918178
v -0.66416341 -0.43622568 -0.17913412
v -0.66416341 -0.42836577 -0.17907102
v -0.66416341 -0.42050582 -0.17900644
v -0.66416341 -0.41264591 -0.17896213
v -0.66416341 -0.40478599 -0.17900500
v -0.66416341 -0.39692608 -0.17909531
v -0.66416341 -0.38906616 -0.17904961
v -0.66416341 -0.38120621 -0.17893742
v -0.66416341 -0.37334630 -0.17885725
v -0.66416341 -0.36548638 -0.17879908
v -0.66416341 -0.35762647 -0.17874546
v -0.66416341 -0.34976652 -0.17870434
v -0.66416341 -0.34190661 -0.17864808
v -0.66416341 -0.33404669 -0.17859693
v -0.66416341 -0.32618678 -0.17854884
v -0.66416341 -0.31832686 -0.17848791
v -0.66416341 -0.31046692 -0.17844371
v -0.66416341 -0.30260700 -0.17840888
v -0.66416341 -0.29474708 -0.17837925
v -0.66416341 -0.28688717 -0.17832936
v -0.66416341 -0.27902722 -0.17829332
v -0.66416341 -0.27116731 -0.17825261
v -0.66416341 -0.26330739 -0.17821051
v -0.66416341 -0.25544748 -0.17818311
v -0.66416341 -0.24758755 -0.17814623
v -0.66416341 -0.23972763 -0.17811936
v -0.66416341 -0.23186770 -0.17810689
v -0.66416341 -0.22400779 -0.17805873
v -0.66416341 -0.21614785 -0.17802460
v -0.66416341 -0.20828794 -0.17806695
v -0.66416341 -0.20042801 -0.17813687
v -0.66416341 -0.19256809 -0.17809135
v -0.66416341 -0.18470818 -0.17799708
v -0.66416341 -0.17684825 -0.17791739
v -0.66416341 -0.16898833 -0.17787907
v -0.66416341 -0.16112840 -0.17787889
v -0.66416341 -0.15326849 -0.17787361
v -0.66416341 -0.14540856 -0.17788166
v -0.66416341 -0.13754864 -0.17788380
v -0.66416341 -0.12968871 -0.17788699
v -0.66416341 -0.12182879 -0.17788872
v -0.66416341 -0.11396887 -0.17790282
v -0.66416341 -0.10610895 -0.17790540
v -0.66416341 -0.09824903 -0.17789292
v -0.66416341 -0.09038910 -0.17787805
v -0.66416341 -0.08252918 -0.17786156
v -0.66416341 -0.07466926 -0.17785347
v -0.66416341 -0.06680934 -0.17786187
v -0.66416341 -0.05894941 -0.17789382
v -0.66416341 -0.05108950 -0.17792764
v -0.66416341 -0.04322957 -0.17796111
v -0.66416341 -0.03536965 -0.17797329
v -0.66416341 -0.02750973 -0.17797999
v -0.66416341 -0.01964981 -0.17798324
v -0.66416341 -0.01178988 -0.17799942
v -0.66416341 -0.00392996 -0.17799672
v -0.66416341 0.00392996 -0.17797136
v -0.66416341 0.01178988 -0.17793262
v -0.66416341 0.01964981 -0.17790468
v -0.66416341 0.02750973 -0.17790551
v -0.66416341 0.03536965 -0.17792861
v -0.66416341 0.04322957 -0.17796411
v -0.66416341 0.05108950 -0.17800830
v -0.66416341 0.05894941 -0.17803007
v -0.66416341 0.06680934 -0.17804332
v -0.66416341 0.07466926 -0.17806827
v -0.66416341 0.08252918 -0.17809561
v -0.66416341 0.09038910 -0.17814046
v -0.66416341 0.09824903 -0.17815696
v -0.66416341 0.10610895 -0.17817897
v -0.66416341 0.11396887 -0.17819257
v -0.66416341 0.12182879 -0.17821440
v -0.66416341 0.12968871 -0.17824192
v -0.66416341 0.13754864 -0.17827551
v -0.66416341 0.14540856 -0.17830430
v -0.66416341 0.15326849 -0.17831604
v -0.66416341 0.16112840 -0.17832258
v -0.66416341 0.16898833 -0.17833266
v -0.66416341 0.17684825 -0.17838153
v -0.66416341 0.18470818 -0.17849985
v -0.66416341 0.19256809 -0.17857817
v -0.66416341 0.20042801 -0.17849396
v -0.66416341 0.20828794 -0.17838435
v -0.66416341 0.21614785 -0.17830196
v -0.66416341 0.22400779 -0.17827347
v -0.66416341 0.23186770 -0.17827462
v -0.66416341 0.23972763 -0.17829429
v -0.66416341 0.24758755 -0.17830369
v -0.66416341 0.25544748 -0.17832133
v -0.66416341 0.26330739 -0.17833902
v -0.66416341 0.27116731 -0.17836954
v -0.66416341 0.27902722 -0.17841637
v -0.66416341 0.28688717 -0.17846854
v -0.66416341 0.29474708 -0.17851064
v -0.66416341 0.30260700 -0.17854314
v -0.66416341 0.31046692 -0.17858793
v -0.66416341 0.31832686 -0.17862871
v -0.66416341 0.32618678 -0.17867392
v -0.66416341 0.33404669 -0.17872094
v -0.66416341 0.34190661 -0.17876418
v -0.66416341 0.34976652 -0.17881490
v -0.66416341 0.35762647 -0.17885424
v -0.66416341 0.36548638 -0.17892501
v -0.66416341 0.37334630 -0.17899679
v -0.66416341 0.38120621 -0.17907564
v -0.66416341 0.38906616 -0.17914155
v -0.66416341 0.39692608 -0.17915048
v -0.66416341 0.40478599 -0.17914604
v -0.66416341 0.41264591 -0.17914994
v -0.66416341 0.42050582 -0.17917296
v -0.66416341 0.42836577 -0.17922089
v -0.66416341 0.43622568 -0.17928703
v -0.66416341 0.44408560 -0.17935173
v -0.66416341 0.45194551 -0.17943287
v -0.66416341 0.45980546 -0.17953241
v -0.66416341 0.46766537 -0.17965239
v -0.66416341 0.47552529 -0.17981185
v -0.66416341 0.48338521 -0.17995146
v -0.66416341 0.49124515 -0.18003877
v -0.66416341 0.49910507 -0.18010293
v -0.66416341 0.50696498 -0.18020235
v -0.66416341 0.51482493 -0.18043981
v -0.66416341 0.52268481 -0.18085922
v -0.66416341 0.53054476 -0.18154687
v -0.66416341 0.53840464 -0.18251814
v -0.66416341 0.54626459 -0.18383135
v -0.66416341 0.55059886 -0.18470818
v -0.66416341 0.55412453 -0.18541583
v -0.66416341 0.56198442 -0.18767639
v -0.66416341 0.56984437 -0.19144779
v -0.66416341 0.57120979 -0.19256809
v -0.66416341 0.57770425 -0.19902828
v -0.66416341 0.58072096 -0.20042801
v -0.66416341 0.58556420 -0.20210138
v -0.65630352 -0.59342414 -0.18131383
v -0.65630352 -0.58556420 -0.18297850
v -0.65630352 -0.57770425 -0.18154410
v -0.65630352 -0.56984437 -0.18062590
v -0.65630352 -0.56198442 -0.18018250
v -0.65630352 -0.55412453 -0.18001670
v -0.65630352 -0.54626459 -0.17988795
v -0.65630352 -0.53840464 -0.17971158
v -0.65630352 -0.53054476 -0.17955597
v -0.65630352 -0.52268481 -0.17945427
v -0.65630352 -0.51482493 -0.17937715
v -0.65630352 -0.50696498 -0.17936563
v -0.65630352 -0.49910507 -0.17946692
v -0.65630352 -0.49124515 -0.17947459
v -0.65630352 -0.48338521 -0.17936732
v -0.65630352 -0.47552529 -0.17926334
v -0.65630352 -0.46766537 -0.17918964
v -0.65630352 -0.45980546 -0.17912968
v -0.65630352 -0.45194551 -0.17908332
v -0.65630352 -0.44408560 -0.17903751
v -0.65630352 -0.43622568 -0.17898840
v -0.65630352 -0.42836577 -0.17893040
v -0.65630352 -0.42050582 -0.17887367
v -0.65630352 -0.41264591 -0.17881419
v -0.65630352 -0.40478599 -0.17885233
v -0.65630352 -0.39692608 -0.17893837
v -0.65630352 -0.38906616 -0.17889154
v -0.65630352 -0.38120621 -0.17878270
v -0.65630352 -0.37334630 -0.17869990
v -0.65630352 -0.36548638 -0.17863908
v -0.65630352 -0.35762647 -0.17858709
v -0.65630352 -0.34976652 -0.17854908
v -0.65630352 -0.34190661 -0.17850044
v -0.65630352 -0.33404669 -0.17845535
v -0.65630352 -0.32618678 -0.17841181
v -0.65630352 -0.31832686 -0.17836462
v -0.65630352 -0.31046692 -0.17831407
v -0.65630352 -0.30260700 -0.17828067
v -0.65630352 -0.29474708 -0.17824702
v -0.65630352 -0.28688717 -0.17819509
v -0.65630352 -0.27902722 -0.17815533
v -0.65630352 -0.27116731 -0.17811187
v -0.65630352 -0.26330739 -0.17807259
v -0.65630352 -0.25544748 -0.17804332
v -0.65630352 -0.24758755 -0.17802443
v -0.65630352 -0.23972763 -0.17799032
v -0.65630352 -0.23186770 -0.17798509
v -0.65630352 -0.22400779 -0.17794065
v -0.65630352 -0.21614785 -0.17791404
v -0.65630352 -0.20828794 -0.17795517
v -0.65630352 -0.20042801 -0.17801394
v -0.65630352 -0.19256809 -0.17796998
v -0.65630352 -0.18470818 -0.17787062
v -0.65630352 -0.17684825 -0.17780100
v -0.65630352 -0.16898833 -0.17776196
v -0.65630352 -0.16112840 -0.17774595
v -0.65630352 -0.15326849 -0.17775308
v -0.65630352 -0.14540856 -0.17775272
v -0.65630352 -0.13754864 -0.17774978
v -0.65630352 -0.12968871 -0.17774601
v -0.65630352 -0.12182879 -0.17774720
v -0.65630352 -0.11396887 -0.17775805
v -0.65630352 -0.10610895 -0.17775656
v -0.65630352 -0.09824903 -0.17775111
v -0.65630352 -0.09038910 -0.17772831
v -0.65630352 -0.08252918 -0.17771308
v -0.65630352 -0.07466926 -0.17770763
v -0.65630352 -0.06680934 -0.17770757
v -0.65630352 -0.05894941 -0.17774619
v -0.65630352 -0.05108950 -0.17777155
v -0.65630352 -0.04322957 -0.17782103
v -0.65630352 -0.03536965 -0.17783889
v -0.65630352 -0.02750973 -0.17785178
v -0.65630352 -0.01964981 -0.17786199
v -0.65630352 -0.01178988 -0.17786606
v -0.65630352 -0.00392996 -0.17786606
v -0.65630352 0.00392996 -0.17784478
v -0.65630352 0.01178988 -0.17781143
v -0.65630352 0.01964981 -0.17777731
v -0.65630352 0.02750973 -0.17779469
v -0.65630352 0.03536965 -0.17781503
v -0.65630352 0.04322957 -0.17785515
v -0.65630352 0.05108950 -0.17789526
v -0.65630352 0.05894941 -0.17791961
v -0.65630352 0.06680934 -0.17793345
v -0.65630352 0.07466926 -0.17795457
v -0.65630352 0.08252918 -0.17798816
v -0.65630352 0.09038910 -0.17801760
v -0.65630352 0.09824903 -0.17803846
v -0.65630352 0.10610895 -0.17804518
v -0.65630352 0.11396887 -0.17805603
v -0.65630352 0.12182879 -0.17807966
v -0.65630352 0.12968871 -0.17810677
v -0.65630352 0.13754864 -0.17814185
v -0.65630352 0.14540856 -0.17816818
v -0.65630352 0.15326849 -0.17816919
v -0.65630352 0.16112840 -0.17817891
v -0.65630352 0.16898833 -0.17819037
v -0.65630352 0.17684825 -0.17822772
v -0.65630352 0.18470818 -0.17834993
v -0.65630352 0.19256809 -0.17842183
v -0.65630352 0.20042801 -0.17835096
v -0.65630352 0.20828794 -0.17824715
v -0.65630352 0.21614785 -0.17818442
v -0.65630352 0.22400779 -0.17816404
v -0.65630352 0.23186770 -0.17817038
v -0.65630352 0.23972763 -0.17818341
v -0.65630352 0.24758755 -0.17820553
v -0.65630352 0.25544748 -0.17822544
v -0.65630352 0.26330739 -0.17825261
v -0.65630352 0.27116731 -0.17828727
v -0.65630352 0.27902722 -0.17833571
v -0.65630352 0.28688717 -0.17837955
v -0.65630352 0.29474708 -0.17842789
v -0.65630352 0.30260700 -0.17847358
v -0.65630352 0.31046692 -0.17850758
v -0.65630352 0.31832686 -0.17855880
v -0.65630352 0.32618678 -0.17860658
v -0.65630352 0.33404669 -0.17864977
v -0.65630352 0.34190661 -0.17868838
v -0.65630352 0.34976652 -0.17874084
v -0.65630352 0.35762647 -0.17879014
v -0.65630352 0.36548638 -0.17884843
v -0.65630352 0.37334630 -0.17894126
v -0.65630352 0.38120621 -0.17900242
v -0.65630352 0.38906616 -0.17906694
v -0.65630352 0.39692608 -0.17908272
v -0.65630352 0.40478599 -0.17907846
v -0.65630352 0.41264591 -0.17908020
v -0.65630352 0.42050582 -0.17911175
v -0.65630352 0.42836577 -0.17916487
v -0.65630352 0.43622568 -0.17922759
v -0.65630352 0.44408560 -0.17928348
v -0.65630352 0.45194551 -0.17937176
v -0.65630352 0.45980546 -0.17947574
v -0.65630352 0.46766537 -0.17960484
v -0.65630352 0.47552529 -0.17975847
v -0.65630352 0.48338521 -0.17989358
v -0.65630352 0.49124515 -0.17997502
v -0.65630352 0.49910507 -0.18003024
v -0.65630352 0.50696498 -0.18012992
v -0.65630352 0.51482493 -0.18036114
v -0.65630352 0.52268481 -0.18078199
v -0.65630352 0.53054476 -0.18145031
v -0.65630352 0.53840464 -0.18242615
v -0.65630352 0.54626459 -0.18371861
v -0.65630352 0.55124635 -0.18470818
v -0.65630352 0.55412453 -0.18528152
v -0.65630352 0.56198442 -0.18752587
v -0.65630352 0.56984437 -0.19131689
v -0.65630352 0.57136929 -0.19256809
v -0.65630352 0.57770425 -0.19892274
v -0.65630352 0.58098817 -0.20042801
v -0.65630352 0.58556420 -0.20198546
v -0.64844358 -0.59342414 -0.18112344
v -0.64844358 -0.58556420 -0.18272263
v -0.64844358 -0.57770425 -0.18133181
v -0.64844358 -0.56984437 -0.18045127
v -0.64844358 -0.56198442 -0.18000644
v -0.64844358 -0.55412453 -0.17985077
v -0.64844358 -0.54626459 -0.17974404
v -0.64844358 -0.53840464 -0.17958590
v -0.64844358 -0.53054476 -0.17944144
v -0.64844358 -0.52268481 -0.17934747
v -0.64844358 -0.51482493 -0.17926945
v -0.64844358 -0.50696498 -0.17924373
v -0.64844358 -0.49910507 -0.17935094
v -0.64844358 -0.49124515 -0.17937356
v -0.64844358 -0.48338521 -0.17926711
v -0.64844358 -0.47552529 -0.17915773
v -0.64844358 -0.46766537 -0.17908601
v -0.64844358 -0.45980546 -0.17902803
v -0.64844358 -0.45194551 -0.17897448
v -0.64844358 -0.44408560 -0.17893562
v -0.64844358 -0.43622568 -0.17888016
v -0.64844358 -0.42836577 -0.17883877
v -0.64844358 -0.42050582 -0.17877071
v -0.64844358 -0.41264591 -0.17871021
v -0.64844358 -0.40478599 -0.17874949
v -0.64844358 -0.39692608 -0.17882283
v -0.64844358 -0.38906616 -0.17878042
v -0.64844358 -0.38120621 -0.17867531
v -0.64844358 -0.37334630 -0.17857876
v -0.64844358 -0.36548638 -0.17852029
v -0.64844358 -0.35762647 -0.17847370
v -0.64844358 -0.34976652 -0.17843477
v -0.64844358 -0.34190661 -0.17839341
v -0.64844358 -0.33404669 -0.17834519
v -0.64844358 -0.32618678 -0.17830777
v -0.64844358 -0.31832686 -0.17826538
v -0.64844358 -0.31046692 -0.17821531
v -0.64844358 -0.30260700 -0.17818604
v -0.64844358 -0.29474708 -0.17814413
v -0.64844358 -0.28688717 -0.17809789
v -0.64844358 -0.27902722 -0.17804332
v -0.64844358 -0.27116731 -0.17800745
v -0.64844358 -0.26330739 -0.17796345
v -0.64844358 -0.25544748 -0.17793418
v -0.64844358 -0.24758755 -0.17791745
v -0.64844358 -0.23972763 -0.17789443
v -0.64844358 -0.23186770 -0.17789467
v -0.64844358 -0.22400779 -0.17785130
v -0.64844358 -0.21614785 -0.17781982
v -0.64844358 -0.20828794 -0.17785622
v -0.64844358 -0.20042801 -0.17791469
v -0.64844358 -0.19256809 -0.17786708
v -0.64844358 -0.18470818 -0.17777635
v -0.64844358 -0.17684825 -0.17769918
v -0.64844358 -0.16898833 -0.17766619
v -0.64844358 -0.16112840 -0.17764802
v -0.64844358 -0.15326849 -0.17764640
v -0.64844358 -0.14540856 -0.17764921
v -0.64844358 -0.13754864 -0.17763896
v -0.64844358 -0.12968871 -0.17763351
v -0.64844358 -0.12182879 -0.17763717
v -0.64844358 -0.11396887 -0.17763710
v -0.64844358 -0.10610895 -0.17763440
v -0.64844358 -0.09824903 -0.17762092
v -0.64844358 -0.09038910 -0.17759544
v -0.64844358 -0.08252918 -0.17758271
v -0.64844358 -0.07466926 -0.17757894
v -0.64844358 -0.06680934 -0.17758739
v -0.64844358 -0.05894941 -0.17762074
v -0.64844358 -0.05108950 -0.17766391
v -0.64844358 -0.04322957 -0.17768645
v -0.64844358 -0.03536965 -0.17771693
v -0.64844358 -0.02750973 -0.17773378
v -0.64844358 -0.01964981 -0.17773713
v -0.64844358 -0.01178988 -0.17775524
v -0.64844358 -0.00392996 -0.17775638
v -0.64844358 0.00392996 -0.17772789
v -0.64844358 0.01178988 -0.17770061
v -0.64844358 0.01964981 -0.17767507
v -0.64844358 0.02750973 -0.17767927
v -0.64844358 0.03536965 -0.17771614
v -0.64844358 0.04322957 -0.17775452
v -0.64844358 0.05108950 -0.17779745
v -0.64844358 0.05894941 -0.17782091
v -0.64844358 0.06680934 -0.17784214
v -0.64844358 0.07466926 -0.17785509
v -0.64844358 0.08252918 -0.17788614
v -0.64844358 0.09038910 -0.17792051
v -0.64844358 0.09824903 -0.17793436
v -0.64844358 0.10610895 -0.17794198
v -0.64844358 0.11396887 -0.17794918
v -0.64844358 0.12182879 -0.17796728
v -0.64844358 0.12968871 -0.17799258
v -0.64844358 0.13754864 -0.17802264
v -0.64844358 0.14540856 -0.17805052
v -0.64844358 0.15326849 -0.17805760
v -0.64844358 0.16112840 -0.17806850
v -0.64844358 0.16898833 -0.17807342
v -0.64844358 0.17684825 -0.17811468
v -0.64844358 0.18470818 -0.17822838
v -0.64844358 0.19256809 -0.17830303
v -0.64844358 0.20042801 -0.17824043
v -0.64844358 0.20828794 -0.17814653
v -0.64844358 0.21614785 -0.17808320
v -0.64844358 0.22400779 -0.17807697
v -0.64844358 0.23186770 -0.17809190
v -0.64844358 0.23972763 -0.17811421
v -0.64844358 0.24758755 -0.17814058
v -0.64844358 0.25544748 -0.17817393
v -0.64844358 0.26330739 -0.17819852
v -0.64844358 0.27116731 -0.17824589
v -0.64844358 0.27902722 -0.17829417
v -0.64844358 0.28688717 -0.17833950
v -0.64844358 0.29474708 -0.17838423
v -0.64844358 0.30260700 -0.17843166
v -0.64844358 0.31046692 -0.17846878
v -0.64844358 0.31832686 -0.17851022
v -0.64844358 0.32618678 -0.17855819
v -0.64844358 0.33404669 -0.17860347
v -0.64844358 0.34190661 -0.17865431
v -0.64844358 0.34976652 -0.17869504
v -0.64844358 0.35762647 -0.17875411
v -0.64844358 0.36548638 -0.17881803
v -0.64844358 0.37334630 -0.17890468
v -0.64844358 0.38120621 -0.17898384
v -0.64844358 0.38906616 -0.17902827
v -0.64844358 0.39692608 -0.17904703
v -0.64844358 0.40478599 -0.17904164
v -0.64844358 0.41264591 -0.17905550
v -0.64844358 0.42050582 -0.17907864
v -0.64844358 0.42836577 -0.17913213
v -0.64844358 0.43622568 -0.17918496
v -0.64844358 0.44408560 -0.17925686
v -0.64844358 0.45194551 -0.17933859
v -0.64844358 0.45980546 -0.17943838
v -0.64844358 0.46766537 -0.17957181
v -0.64844358 0.47552529 -0.17973095
v -0.64844358 0.48338521 -0.17986324
v -0.64844358 0.49124515 -0.17993556
v -0.64844358 0.49910507 -0.17999481
v -0.64844358 0.50696498 -0.18009387
v -0.64844358 0.51482493 -0.18033068
v -0.64844358 0.52268481 -0.18073845
v -0.64844358 0.53054476 -0.18140738
v -0.64844358 0.53840464 -0.18237385
v -0.64844358 0.54626459 -0.18364052
v -0.64844358 0.55170929 -0.18470818
v -0.64844358 0.55412453 -0.18518791
v -0.64844358 0.56198442 -0.18741842
v -0.64844358 0.56984437 -0.19119924
v -0.64844358 0.57151800 -0.19256809
v -0.64844358 0.57770425 -0.19877833
v -0.64844358 0.58132994 -0.20042801
v -0.64844358 0.58556420 -0.20184478
v -0.64058363 -0.59342414 -0.18096663
v -0.64058363 -0.58556420 -0.18249199
v -0.64058363 -0.57770425 -0.18118137
v -0.64058363 -0.56984437 -0.18033752
v -0.64058363 -0.56198442 -0.17989983
v -0.64058363 -0.55412453 -0.17975296
v -0.64058363 -0.54626459 -0.17966332
v -0.64058363 -0.53840464 -0.17951567
v -0.64058363 -0.53054476 -0.17938998
v -0.64058363 -0.52268481 -0.17930099
v -0.64058363 -0.51482493 -0.17921537
v -0.64058363 -0.50696498 -0.17919342
v -0.64058363 -0.49910507 -0.17929800
v -0.64058363 -0.49124515 -0.17933074
v -0.64058363 -0.48338521 -0.17922316
v -0.64058363 -0.47552529 -0.17911366
v -0.64058363 -0.46766537 -0.17904656
v -0.64058363 -0.45980546 -0.17898108
v -0.64058363 -0.45194551 -0.17892717
v -0.64058363 -0.44408560 -0.17888460
v -0.64058363 -0.43622568 -0.17883445
v -0.64058363 -0.42836577 -0.17879057
v -0.64058363 -0.42050582 -0.17872185
v -0.64058363 -0.41264591 -0.17865475
v -0.64058363 -0.40478599 -0.17869024
v -0.64058363 -0.39692608 -0.17876573
v -0.64058363 -0.38906616 -0.17871782
v -0.64058363 -0.38120621 -0.17861144
v -0.64058363 -0.37334630 -0.17852527
v -0.64058363 -0.36548638 -0.17845781
v -0.64058363 -0.35762647 -0.17840870
v -0.64058363 -0.34976652 -0.17837259
v -0.64058363 -0.34190661 -0.17832336
v -0.64058363 -0.33404669 -0.17828324
v -0.64058363 -0.32618678 -0.17824559
v -0.64058363 -0.31832686 -0.17820302
v -0.64058363 -0.31046692 -0.17814712
v -0.64058363 -0.30260700 -0.17811869
v -0.64058363 -0.29474708 -0.17807931
v -0.64058363 -0.28688717 -0.17802155
v -0.64058363 -0.27902722 -0.17797220
v -0.64058363 -0.27116731 -0.17792501
v -0.64058363 -0.26330739 -0.17789340
v -0.64058363 -0.25544748 -0.17786510
v -0.64058363 -0.24758755 -0.17783542
v -0.64058363 -0.23972763 -0.17782019
v -0.64058363 -0.23186770 -0.17781970
v -0.64058363 -0.22400779 -0.17778583
v -0.64058363 -0.21614785 -0.17775512
v -0.64058363 -0.20828794 -0.17778474
v -0.64058363 -0.20042801 -0.17784201
v -0.64058363 -0.19256809 -0.17779493
v -0.64058363 -0.18470818 -0.17769095
v -0.64058363 -0.17684825 -0.17761876
v -0.64058363 -0.16898833 -0.17757829
v -0.64058363 -0.16112840 -0.17756407
v -0.64058363 -0.15326849 -0.17756502
v -0.64058363 -0.14540856 -0.17756371
v -0.64058363 -0.13754864 -0.17755525
v -0.64058363 -0.12968871 -0.17754410
v -0.64058363 -0.12182879 -0.17753774
v -0.64058363 -0.11396887 -0.17753127
v -0.64058363 -0.10610895 -0.17752947
v -0.64058363 -0.09824903 -0.17751664
v -0.64058363 -0.09038910 -0.17749265
v -0.64058363 -0.08252918 -0.17749114
v -0.64058363 -0.07466926 -0.17747651
v -0.64058363 -0.06680934 -0.17749330
v -0.64058363 -0.05894941 -0.17752197
v -0.64058363 -0.05108950 -0.17755874
v -0.64058363 -0.04322957 -0.17758776
v -0.64058363 -0.03536965 -0.17761810
v -0.64058363 -0.02750973 -0.17764166
v -0.64058363 -0.01964981 -0.17764586
v -0.64058363 -0.01178988 -0.17765300
v -0.64058363 -0.00392996 -0.17766307
v -0.64058363 0.00392996 -0.17763717
v -0.64058363 0.01178988 -0.17760736
v -0.64058363 0.01964981 -0.17759532
v -0.64058363 0.02750973 -0.17760833
v -0.64058363 0.03536965 -0.17763987
v -0.64058363 0.04322957 -0.17767681
v -0.64058363 0.05108950 -0.17772076
v -0.64058363 0.05894941 -0.17775902
v -0.64058363 0.06680934 -0.17777976
v -0.64058363 0.07466926 -0.17778936
v -0.64058363 0.08252918 -0.17782103
v -0.64058363 0.09038910 -0.17784669
v -0.64058363 0.09824903 -0.17786857
v -0.64058363 0.10610895 -0.17787361
v -0.64058363 0.11396887 -0.17788184
v -0.64058363 0.12182879 -0.17789790
v -0.64058363 0.12968871 -0.17791864
v -0.64058363 0.13754864 -0.17794108
v -0.64058363 0.14540856 -0.17797796
v -0.64058363 0.15326849 -0.17799583
v -0.64058363 0.16112840 -0.17799661
v -0.64058363 0.16898833 -0.17800543
v -0.64058363 0.17684825 -0.17803493
v -0.64058363 0.18470818 -0.17814544
v -0.64058363 0.19256809 -0.17822681
v -0.64058363 0.20042801 -0.17816751
v -0.64058363 0.20828794 -0.17807697
v -0.64058363 0.21614785 -0.17804314
v -0.64058363 0.22400779 -0.17802700
v -0.64058363 0.23186770 -0.17804344
v -0.64058363 0.23972763 -0.17808403
v -0.64058363 0.24758755 -0.17810191
v -0.64058363 0.25544748 -0.17814413
v -0.64058363 0.26330739 -0.17817512
v -0.64058363 0.27116731 -0.17821734
v -0.64058363 0.27902722 -0.17826405
v -0.64058363 0.28688717 -0.17831953
v -0.64058363 0.29474708 -0.17837122
v -0.64058363 0.30260700 -0.17840654
v -0.64058363 0.31046692 -0.17845438
v -0.64058363 0.31832686 -0.17849283
v -0.64058363 0.32618678 -0.17853834
v -0.64058363 0.33404669 -0.17858836
v -0.64058363 0.34190661 -0.17863920
v -0.64058363 0.34976652 -0.17869048
v -0.64058363 0.35762647 -0.17874283
v -0.64058363 0.36548638 -0.17880699
v -0.64058363 0.37334630 -0.17888117
v -0.64058363 0.38120621 -0.17896068
v -0.64058363 0.38906616 -0.17901178
v -0.64058363 0.39692608 -0.17901856
v -0.64058363 0.40478599 -0.17902377
v -0.64058363 0.41264591 -0.17903696
v -0.64058363 0.42050582 -0.17907168
v -0.64058363 0.42836577 -0.17911623
v -0.64058363 0.43622568 -0.17917524
v -0.64058363 0.44408560 -0.17924462
v -0.64058363 0.45194551 -0.17932864
v -0.64058363 0.45980546 -0.17943466
v -0.64058363 0.46766537 -0.17955442
v -0.64058363 0.47552529 -0.17972052
v -0.64058363 0.48338521 -0.17984334
v -0.64058363 0.49124515 -0.17991577
v -0.64058363 0.49910507 -0.17997807
v -0.64058363 0.50696498 -0.18008181
v -0.64058363 0.51482493 -0.18031263
v -0.64058363 0.52268481 -0.18073089
v -0.64058363 0.53054476 -0.18139358
v -0.64058363 0.53840464 -0.18234363
v -0.64058363 0.54626459 -0.18358865
v -0.64058363 0.55208063 -0.18470818
v -0.64058363 0.55412453 -0.18510857
v -0.64058363 0.56198442 -0.18728709
v -0.64058363 0.56984437 -0.19104932
v -0.64058363 0.57169014 -0.19256809
v -0.64058363 0.57770425 -0.19860773
v -0.64058363 0.58176029 -0.20042801
v -0.64058363 0.58556420 -0.20168617
v -0.63272375 -0.59342414 -0.18084909
v -0.63272375 -0.58556420 -0.18227419
v -0.63272375 -0.57770425 -0.18106635
v -0.63272375 -0.56984437 -0.18028031
v -0.63272375 -0.56198442 -0.17987098
v -0.63272375 -0.55412453 -0.17971921
v -0.63272375 -0.54626459 -0.17963873
v -0.63272375 -0.53840464 -0.17951082
v -0.63272375 -0.53054476 -0.17938574
v -0.63272375 -0.52268481 -0.17930543
v -0.63272375 -0.51482493 -0.17921944
v -0.63272375 -0.50696498 -0.17919719
v -0.63272375 -0.49910507 -0.17929740
v -0.63272375 -0.49124515 -0.17932102
v -0.63272375 -0.48338521 -0.17922226
v -0.63272375 -0.47552529 -0.17911869
v -0.63272375 -0.46766537 -0.17904027
v -0.63272375 -0.45980546 -0.17897999
v -0.63272375 -0.45194551 -0.17892596
v -0.63272375 -0.44408560 -0.17888428
v -0.63272375 -0.43622568 -0.17883883
v -0.63272375 -0.42836577 -0.17878643
v -0.63272375 -0.42050582 -0.17872149
v -0.63272375 -0.41264591 -0.17864850
v -0.63272375 -0.40478599 -0.17867848
v -0.63272375 -0.39692608 -0.17874750
v -0.63272375 -0.38906616 -0.17869984
v -0.63272375 -0.38120621 -0.17859693
v -0.63272375 -0.37334630 -0.17850806
v -0.63272375 -0.36548638 -0.17844330
v -0.63272375 -0.35762647 -0.17838944
v -0.63272375 -0.34976652 -0.17834549
v -0.63272375 -0.34190661 -0.17830543
v -0.63272375 -0.33404669 -0.17826135
v -0.63272375 -0.32618678 -0.17822388
v -0.63272375 -0.31832686 -0.17817260
v -0.63272375 -0.31046692 -0.17811599
v -0.63272375 -0.30260700 -0.17808811
v -0.63272375 -0.29474708 -0.17804296
v -0.63272375 -0.28688717 -0.17798994
v -0.63272375 -0.27902722 -0.17793353
v -0.63272375 -0.27116731 -0.17789148
v -0.63272375 -0.26330739 -0.17784435
v -0.63272375 -0.25544748 -0.17781688
v -0.63272375 -0.24758755 -0.17779297
v -0.63272375 -0.23972763 -0.17777976
v -0.63272375 -0.23186770 -0.17777461
v -0.63272375 -0.22400779 -0.17773989
v -0.63272375 -0.21614785 -0.17770451
v -0.63272375 -0.20828794 -0.17773953
v -0.63272375 -0.20042801 -0.17778270
v -0.63272375 -0.19256809 -0.17772928
v -0.63272375 -0.18470818 -0.17763567
v -0.63272375 -0.17684825 -0.17756875
v -0.63272375 -0.16898833 -0.17751837
v -0.63272375 -0.16112840 -0.17750859
v -0.63272375 -0.15326849 -0.17750368
v -0.63272375 -0.14540856 -0.17749757
v -0.63272375 -0.13754864 -0.17749804
v -0.63272375 -0.12968871 -0.17748174
v -0.63272375 -0.12182879 -0.17746747
v -0.63272375 -0.11396887 -0.17746729
v -0.63272375 -0.10610895 -0.17746422
v -0.63272375 -0.09824903 -0.17744569
v -0.63272375 -0.09038910 -0.17742890
v -0.63272375 -0.08252918 -0.17740858
v -0.63272375 -0.07466926 -0.17740744
v -0.63272375 -0.06680934 -0.17741619
v -0.63272375 -0.05894941 -0.17744797
v -0.63272375 -0.05108950 -0.17748654
v -0.63272375 -0.04322957 -0.17752329
v -0.63272375 -0.03536965 -0.17753978
v -0.63272375 -0.02750973 -0.17755406
v -0.63272375 -0.01964981 -0.17756934
v -0.63272375 -0.01178988 -0.17757984
v -0.63272375 -0.00392996 -0.17759106
v -0.63272375 0.00392996 -0.17756695
v -0.63272375 0.01178988 -0.17754523
v -0.63272375 0.01964981 -0.17753139
v -0.63272375 0.02750973 -0.17754014
v -0.63272375 0.03536965 -0.17757756
v -0.63272375 0.04322957 -0.17763315
v -0.63272375 0.05108950 -0.17767009
v -0.63272375 0.05894941 -0.17769906
v -0.63272375 0.06680934 -0.17771699
v -0.63272375 0.07466926 -0.17774037
v -0.63272375 0.08252918 -0.17776622
v -0.63272375 0.09038910 -0.17779800
v -0.63272375 0.09824903 -0.17780992
v -0.63272375 0.10610895 -0.17782979
v -0.63272375 0.11396887 -0.17783205
v -0.63272375 0.12182879 -0.17785166
v -0.63272375 0.12968871 -0.17786881
v -0.63272375 0.13754864 -0.17789911
v -0.63272375 0.14540856 -0.17792818
v -0.63272375 0.15326849 -0.17795344
v -0.63272375 0.16112840 -0.17796141
v -0.63272375 0.16898833 -0.17795235
v -0.63272375 0.17684825 -0.17797957
v -0.63272375 0.18470818 -0.17808613
v -0.63272375 0.19256809 -0.17817260
v -0.63272375 0.20042801 -0.17810977
v -0.63272375 0.20828794 -0.17803313
v -0.63272375 0.21614785 -0.17799541
v -0.63272375 0.22400779 -0.17800002
v -0.63272375 0.23186770 -0.17802000
v -0.63272375 0.23972763 -0.17805946
v -0.63272375 0.24758755 -0.17809398
v -0.63272375 0.25544748 -0.17812122
v -0.63272375 0.26330739 -0.17816499
v -0.63272375 0.27116731 -0.17821002
v -0.63272375 0.27902722 -0.17825542
v -0.63272375 0.28688717 -0.17831185
v -0.63272375 0.29474708 -0.17835443
v -0.63272375 0.30260700 -0.17838974
v -0.63272375 0.31046692 -0.17843544
v -0.63272375 0.31832686 -0.17848240
v -0.63272375 0.32618678 -0.17853534
v -0.63272375 0.33404669 -0.17858309
v -0.63272375 0.34190661 -0.17862847
v -0.63272375 0.34976652 -0.17867590
v -0.63272375 0.35762647 -0.17873642
v -0.63272375 0.36548638 -0.17880148
v -0.63272375 0.37334630 -0.17887050
v -0.63272375 0.38120621 -0.17893855
v -0.63272375 0.38906616 -0.17899187
v -0.63272375 0.39692608 -0.17900363
v -0.63272375 0.40478599 -0.17901142
v -0.63272375 0.41264591 -0.17902401
v -0.63272375 0.42050582 -0.17905597
v -0.63272375 0.42836577 -0.17911439
v -0.63272375 0.43622568 -0.17917326
v -0.63272375 0.44408560 -0.17924918
v -0.63272375 0.45194551 -0.17932966
v -0.63272375 0.45980546 -0.17943083
v -0.63272375 0.46766537 -0.17954692
v -0.63272375 0.47552529 -0.17969407
v -0.63272375 0.48338521 -0.17981845
v -0.63272375 0.49124515 -0.17988771
v -0.63272375 0.49910507 -0.17995872
v -0.63272375 0.50696498 -0.18006706
v -0.63272375 0.51482493 -0.18031293
v -0.63272375 0.52268481 -0.18071957
v -0.63272375 0.53054476 -0.18137571
v -0.63272375 0.53840464 -0.18232965
v -0.63272375 0.54626459 -0.18356203
v -0.63272375 0.55239075 -0.18470818
v -0.63272375 0.55412453 -0.18503888
v -0.63272375 0.56198442 -0.18719523
v -0.63272375 0.56984437 -0.19095781
v -0.63272375 0.57179737 -0.19256809
v -0.63272375 0.57770425 -0.19847281
v -0.63272375 0.58215094 -0.20042801
v -0.63272375 0.58556420 -0.20154285
v -0.62486380 -0.59342414 -0.18074727
v -0.62486380 -0.58556420 -0.18210995
v -0.62486380 -0.57770425 -0.18101400
v -0.62486380 -0.56984437 -0.18026213
v -0.62486380 -0.56198442 -0.17986198
v -0.62486380 -0.55412453 -0.17971854
v -0.62486380 -0.54626459 -0.17965096
v -0.62486380 -0.53840464 -0.17952383
v -0.62486380 -0.53054476 -0.17940743
v -0.62486380 -0.52268481 -0.17932931
v -0.62486380 -0.51482493 -0.17924139
v -0.62486380 -0.50696498 -0.17920895
v -0.62486380 -0.49910507 -0.17930208
v -0.62486380 -0.49124515 -0.17932241
v -0.62486380 -0.48338521 -0.17923215
v -0.62486380 -0.47552529 -0.17912158
v -0.62486380 -0.46766537 -0.17904872
v -0.62486380 -0.45980546 -0.17900026
v -0.62486380 -0.45194551 -0.17894408
v -0.62486380 -0.44408560 -0.17890306
v -0.62486380 -0.43622568 -0.17886019
v -0.62486380 -0.42836577 -0.17880741
v -0.62486380 -0.42050582 -0.17873012
v -0.62486380 -0.41264591 -0.17866074
v -0.62486380 -0.40478599 -0.17867963
v -0.62486380 -0.39692608 -0.17874385
v -0.62486380 -0.38906616 -0.17869420
v -0.62486380 -0.38120621 -0.17859405
v -0.62486380 -0.37334630 -0.17850806
v -0.62486380 -0.36548638 -0.17844102
v -0.62486380 -0.35762647 -0.17838711
v -0.62486380 -0.34976652 -0.17834687
v -0.62486380 -0.34190661 -0.17829452
v -0.62486380 -0.33404669 -0.17825110
v -0.62486380 -0.32618678 -0.17820805
v -0.62486380 -0.31832686 -0.17815965
v -0.62486380 -0.31046692 -0.17810215
v -0.62486380 -0.30260700 -0.17806382
v -0.62486380 -0.29474708 -0.17802101
v -0.62486380 -0.28688717 -0.17796645
v -0.62486380 -0.27902722 -0.17790492
v -0.62486380 -0.27116731 -0.17786510
v -0.62486380 -0.26330739 -0.17781460
v -0.62486380 -0.25544748 -0.17778492
v -0.62486380 -0.24758755 -0.17776699
v -0.62486380 -0.23972763 -0.17774732
v -0.62486380 -0.23186770 -0.17775026
v -0.62486380 -0.22400779 -0.17770576
v -0.62486380 -0.21614785 -0.17766145
v -0.62486380 -0.20828794 -0.17768568
v -0.62486380 -0.20042801 -0.17773624
v -0.62486380 -0.19256809 -0.17767699
v -0.62486380 -0.18470818 -0.17758788
v -0.62486380 -0.17684825 -0.17751987
v -0.62486380 -0.16898833 -0.17748821
v -0.62486380 -0.16112840 -0.17747070
v -0.62486380 -0.15326849 -0.17746782
v -0.62486380 -0.14540856 -0.17745847
v -0.62486380 -0.13754864 -0.17745037
v -0.62486380 -0.12968871 -0.17744125
v -0.62486380 -0.12182879 -0.17742686
v -0.62486380 -0.11396887 -0.17741925
v -0.62486380 -0.10610895 -0.17741601
v -0.62486380 -0.09824903 -0.17740306
v -0.62486380 -0.09038910 -0.17738207
v -0.62486380 -0.08252918 -0.17735359
v -0.62486380 -0.07466926 -0.17735964
v -0.62486380 -0.06680934 -0.17737241
v -0.62486380 -0.05894941 -0.17740072
v -0.62486380 -0.05108950 -0.17743509
v -0.62486380 -0.04322957 -0.17746548
v -0.62486380 -0.03536965 -0.17748353
v -0.62486380 -0.02750973 -0.17750020
v -0.62486380 -0.01964981 -0.17751490
v -0.62486380 -0.01178988 -0.17753258
v -0.62486380 -0.00392996 -0.17754062
v -0.62486380 0.00392996 -0.17752095
v -0.62486380 0.01178988 -0.17749637
v -0.62486380 0.01964981 -0.17747580
v -0.62486380 0.02750973 -0.17749259
v -0.62486380 0.03536965 -0.17753451
v -0.62486380 0.04322957 -0.17757708
v -0.62486380 0.05108950 -0.17762260
v -0.62486380 0.05894941 -0.17765294
v -0.62486380 0.06680934 -0.17767219
v -0.62486380 0.07466926 -0.17769773
v -0.62486380 0.08252918 -0.17772280
v -0.62486380 0.09038910 -0.17775387
v -0.62486380 0.09824903 -0.17777197
v -0.62486380 0.10610895 -0.17778307
v -0.62486380 0.11396887 -0.17778918
v -0.62486380 0.12182879 -0.17781527
v -0.62486380 0.12968871 -0.17783685
v -0.62486380 0.13754864 -0.17786726
v -0.62486380 0.14540856 -0.17790599
v -0.62486380 0.15326849 -0.17792015
v -0.62486380 0.16112840 -0.17793520
v -0.62486380 0.16898833 -0.17792483
v -0.62486380 0.17684825 -0.17794222
v -0.62486380 0.18470818 -0.17804788
v -0.62486380 0.19256809 -0.17812440
v -0.62486380 0.20042801 -0.17806971
v -0.62486380 0.20828794 -0.17800315
v -0.62486380 0.21614785 -0.17797190
v -0.62486380 0.22400779 -0.17797412
v -0.62486380 0.23186770 -0.17799696
v -0.62486380 0.23972763 -0.17803505
v -0.62486380 0.24758755 -0.17807792
v -0.62486380 0.25544748 -0.17810352
v -0.62486380 0.26330739 -0.17815150
v -0.62486380 0.27116731 -0.17819251
v -0.62486380 0.27902722 -0.17823744
v -0.62486380 0.28688717 -0.17829518
v -0.62486380 0.29474708 -0.17834075
v -0.62486380 0.30260700 -0.17838147
v -0.62486380 0.31046692 -0.17842627
v -0.62486380 0.31832686 -0.17846872
v -0.62486380 0.32618678 -0.17851111
v -0.62486380 0.33404669 -0.17856683
v -0.62486380 0.34190661 -0.17861535
v -0.62486380 0.34976652 -0.17866163
v -0.62486380 0.35762647 -0.17871477
v -0.62486380 0.36548638 -0.17877401
v -0.62486380 0.37334630 -0.17884153
v -0.62486380 0.38120621 -0.17891642
v -0.62486380 0.38906616 -0.17896159
v -0.62486380 0.39692608 -0.17897418
v -0.62486380 0.40478599 -0.17898467
v -0.62486380 0.41264591 -0.17900518
v -0.62486380 0.42050582 -0.17904285
v -0.62486380 0.42836577 -0.17908883
v -0.62486380 0.43622568 -0.17915288
v -0.62486380 0.44408560 -0.17921831
v -0.62486380 0.45194551 -0.17931581
v -0.62486380 0.45980546 -0.17940816
v -0.62486380 0.46766537 -0.17951952
v -0.62486380 0.47552529 -0.17967135
v -0.62486380 0.48338521 -0.17977785
v -0.62486380 0.49124515 -0.17986523
v -0.62486380 0.49910507 -0.17993724
v -0.62486380 0.50696498 -0.18006018
v -0.62486380 0.51482493 -0.18032037
v -0.62486380 0.52268481 -0.18072701
v -0.62486380 0.53054476 -0.18137625
v -0.62486380 0.53840464 -0.18231161
v -0.62486380 0.54626459 -0.18353499
v -0.62486380 0.55259031 -0.18470818
v -0.62486380 0.55412453 -0.18499734
v -0.62486380 0.56198442 -0.18713993
v -0.62486380 0.56984437 -0.19089863
v -0.62486380 0.57185662 -0.19256809
v -0.62486380 0.57770425 -0.19841039
v -0.62486380 0.58248109 -0.20042801
v -0.62486380 0.58556420 -0.20139162
v -0.61700392 -0.59342414 -0.18069401
v -0.61700392 -0.58556420 -0.18203643
v -0.61700392 -0.57770425 -0.18099499
v -0.61700392 -0.56984437 -0.18027893
v -0.61700392 -0.56198442 -0.17988446
v -0.61700392 -0.55412453 -0.17973635
v -0.61700392 -0.54626459 -0.17965426
v -0.61700392 -0.53840464 -0.17954080
v -0.61700392 -0.53054476 -0.17941895
v -0.61700392 -0.52268481 -0.17934333
v -0.61700392 -0.51482493 -0.17925961
v -0.61700392 -0.50696498 -0.17922334
v -0.61700392 -0.49910507 -0.17930460
v -0.61700392 -0.49124515 -0.17932492
v -0.61700392 -0.48338521 -0.17923318
v -0.61700392 -0.47552529 -0.17913291
v -0.61700392 -0.46766537 -0.17905615
v -0.61700392 -0.45980546 -0.17900099
v -0.61700392 -0.45194551 -0.17895991
v -0.61700392 -0.44408560 -0.17891464
v -0.61700392 -0.43622568 -0.17886636
v -0.61700392 -0.42836577 -0.17881203
v -0.61700392 -0.42050582 -0.17874750
v -0.61700392 -0.41264591 -0.17867140
v -0.61700392 -0.40478599 -0.17867908
v -0.61700392 -0.39692608 -0.17873833
v -0.61700392 -0.38906616 -0.17868707
v -0.61700392 -0.38120621 -0.17858787
v -0.61700392 -0.37334630 -0.17850405
v -0.61700392 -0.36548638 -0.17843257
v -0.61700392 -0.35762647 -0.17838405
v -0.61700392 -0.34976652 -0.17833458
v -0.61700392 -0.34190661 -0.17828582
v -0.61700392 -0.33404669 -0.17824085
v -0.61700392 -0.32618678 -0.17819239
v -0.61700392 -0.31832686 -0.17813616
v -0.61700392 -0.31046692 -0.17808530
v -0.61700392 -0.30260700 -0.17804644
v -0.61700392 -0.29474708 -0.17799918
v -0.61700392 -0.28688717 -0.17793964
v -0.61700392 -0.27902722 -0.17788351
v -0.61700392 -0.27116731 -0.17784111
v -0.61700392 -0.26330739 -0.17779614
v -0.61700392 -0.25544748 -0.17775926
v -0.61700392 -0.24758755 -0.17773443
v -0.61700392 -0.23972763 -0.17772028
v -0.61700392 -0.23186770 -0.17772028
v -0.61700392 -0.22400779 -0.17767110
v -0.61700392 -0.21614785 -0.17762691
v -0.61700392 -0.20828794 -0.17764796
v -0.61700392 -0.20042801 -0.17769101
v -0.61700392 -0.19256809 -0.17763837
v -0.61700392 -0.18470818 -0.17755225
v -0.61700392 -0.17684825 -0.17748323
v -0.61700392 -0.16898833 -0.17744887
v -0.61700392 -0.16112840 -0.17742962
v -0.61700392 -0.15326849 -0.17743023
v -0.61700392 -0.14540856 -0.17742489
v -0.61700392 -0.13754864 -0.17741865
v -0.61700392 -0.12968871 -0.17740221
v -0.61700392 -0.12182879 -0.17738764
v -0.61700392 -0.11396887 -0.17738292
v -0.61700392 -0.10610895 -0.17737001
v -0.61700392 -0.09824903 -0.17735887
v -0.61700392 -0.09038910 -0.17733757
v -0.61700392 -0.08252918 -0.17732432
v -0.61700392 -0.07466926 -0.17732637
v -0.61700392 -0.06680934 -0.17733110
v -0.61700392 -0.05894941 -0.17736252
v -0.61700392 -0.05108950 -0.17740180
v -0.61700392 -0.04322957 -0.17742351
v -0.61700392 -0.03536965 -0.17745547
v -0.61700392 -0.02750973 -0.17746297
v -0.61700392 -0.01964981 -0.17747346
v -0.61700392 -0.01178988 -0.17749146
v -0.61700392 -0.00392996 -0.17749090
v -0.61700392 0.00392996 -0.17747568
v -0.61700392 0.01178988 -0.17745271
v -0.61700392 0.01964981 -0.17744762
v -0.61700392 0.02750973 -0.17745961
v -0.61700392 0.03536965 -0.17749883
v -0.61700392 0.04322957 -0.17754230
v -0.61700392 0.05108950 -0.17757787
v -0.61700392 0.05894941 -0.17761174
v -0.61700392 0.06680934 -0.17763393
v -0.61700392 0.07466926 -0.17765324
v -0.61700392 0.08252918 -0.17768256
v -0.61700392 0.09038910 -0.17771740
v -0.61700392 0.09824903 -0.17773461
v -0.61700392 0.10610895 -0.17774649
v -0.61700392 0.11396887 -0.17776106
v -0.61700392 0.12182879 -0.17778583
v -0.61700392 0.12968871 -0.17781460
v -0.61700392 0.13754864 -0.17784651
v -0.61700392 0.14540856 -0.17787428
v -0.61700392 0.15326849 -0.17789304
v -0.61700392 0.16112840 -0.17791218
v -0.61700392 0.16898833 -0.17790125
v -0.61700392 0.17684825 -0.17791307
v -0.61700392 0.18470818 -0.17800842
v -0.61700392 0.19256809 -0.17808530
v -0.61700392 0.20042801 -0.17804500
v -0.61700392 0.20828794 -0.17797305
v -0.61700392 0.21614785 -0.17795368
v -0.61700392 0.22400779 -0.17794767
v -0.61700392 0.23186770 -0.17798294
v -0.61700392 0.23972763 -0.17802756
v -0.61700392 0.24758755 -0.17805938
v -0.61700392 0.25544748 -0.17810509
v -0.61700392 0.26330739 -0.17813903
v -0.61700392 0.27116731 -0.17817986
v -0.61700392 0.27902722 -0.17823564
v -0.61700392 0.28688717 -0.17827646
v -0.61700392 0.29474708 -0.17831802
v -0.61700392 0.30260700 -0.17836331
v -0.61700392 0.31046692 -0.17840360
v -0.61700392 0.31832686 -0.17844437
v -0.61700392 0.32618678 -0.17849115
v -0.61700392 0.33404669 -0.17854296
v -0.61700392 0.34190661 -0.17859352
v -0.61700392 0.34976652 -0.17864700
v -0.61700392 0.35762647 -0.17869791
v -0.61700392 0.36548638 -0.17874889
v -0.61700392 0.37334630 -0.17880249
v -0.61700392 0.38120621 -0.17886534
v -0.61700392 0.38906616 -0.17891985
v -0.61700392 0.39692608 -0.17893724
v -0.61700392 0.40478599 -0.17894462
v -0.61700392 0.41264591 -0.17896242
v -0.61700392 0.42050582 -0.17899835
v -0.61700392 0.42836577 -0.17905141
v -0.61700392 0.43622568 -0.17911984
v -0.61700392 0.44408560 -0.17918892
v -0.61700392 0.45194551 -0.17926556
v -0.61700392 0.45980546 -0.17936438
v -0.61700392 0.46766537 -0.17947951
v -0.61700392 0.47552529 -0.17960514
v -0.61700392 0.48338521 -0.17973492
v -0.61700392 0.49124515 -0.17981707
v -0.61700392 0.49910507 -0.17990018
v -0.61700392 0.50696498 -0.18003510
v -0.61700392 0.51482493 -0.18028876
v -0.61700392 0.52268481 -0.18069258
v -0.61700392 0.53054476 -0.18133470
v -0.61700392 0.53840464 -0.18227023
v -0.61700392 0.54626459 -0.18349823
v -0.61700392 0.55298001 -0.18470818
v -0.61700392 0.55412453 -0.18491799
v -0.61700392 0.56198442 -0.18705891
v -0.61700392 0.56984437 -0.19083704
v -0.61700392 0.57192135 -0.19256809
v -0.61700392 0.57770425 -0.19826148
v -0.61700392 0.58319843 -0.20042801
v -0.61700392 0.58556420 -0.20112045
v -0.60914397 -0.59342414 -0.18068664
v -0.60914397 -0.58556420 -0.18199973
v -0.60914397 -0.57770425 -0.18095697
v -0.60914397 -0.56984437 -0.18024319
v -0.60914397 -0.56198442 -0.17984992
v -0.60914397 -0.55412453 -0.17969911
v -0.60914397 -0.54626459 -0.17963465
v -0.60914397 -0.53840464 -0.17952000
v -0.60914397 -0.53054476 -0.17940354
v -0.60914397 -0.52268481 -0.17933062
v -0.60914397 -0.51482493 -0.17924589
v -0.60914397 -0.50696498 -0.17920949
v -0.60914397 -0.49910507 -0.17929086
v -0.60914397 -0.49124515 -0.17930208
v -0.60914397 -0.48338521 -0.17920949
v -0.60914397 -0.47552529 -0.17910965
v -0.60914397 -0.46766537 -0.17904919
v -0.60914397 -0.45980546 -0.17899115
v -0.60914397 -0.45194551 -0.17894426
v -0.60914397 -0.44408560 -0.17889844
v -0.60914397 -0.43622568 -0.17885904
v -0.60914397 -0.42836577 -0.17880237
v -0.60914397 -0.42050582 -0.17873575
v -0.60914397 -0.41264591 -0.17866224
v -0.60914397 -0.40478599 -0.17867182
v -0.60914397 -0.39692608 -0.17872111
v -0.60914397 -0.38906616 -0.17866325
v -0.60914397 -0.38120621 -0.17856964
v -0.60914397 -0.37334630 -0.17848083
v -0.60914397 -0.36548638 -0.17841794
v -0.60914397 -0.35762647 -0.17836246
v -0.60914397 -0.34976652 -0.17831239
v -0.60914397 -0.34190661 -0.17826208
v -0.60914397 -0.33404669 -0.17821956
v -0.60914397 -0.32618678 -0.17818022
v -0.60914397 -0.31832686 -0.17812355
v -0.60914397 -0.31046692 -0.17806803
v -0.60914397 -0.30260700 -0.17802137
v -0.60914397 -0.29474708 -0.17798060
v -0.60914397 -0.28688717 -0.17791858
v -0.60914397 -0.27902722 -0.17786072
v -0.60914397 -0.27116731 -0.17781833
v -0.60914397 -0.26330739 -0.17776531
v -0.60914397 -0.25544748 -0.17773826
v -0.60914397 -0.24758755 -0.17771645
v -0.60914397 -0.23972763 -0.17768891
v -0.60914397 -0.23186770 -0.17769539
v -0.60914397 -0.22400779 -0.17764580
v -0.60914397 -0.21614785 -0.17760269
v -0.60914397 -0.20828794 -0.17762397
v -0.60914397 -0.20042801 -0.17765138
v -0.60914397 -0.19256809 -0.17760095
v -0.60914397 -0.18470818 -0.17751436
v -0.60914397 -0.17684825 -0.17745991
v -0.60914397 -0.16898833 -0.17741193
v -0.60914397 -0.16112840 -0.17740282
v -0.60914397 -0.15326849 -0.17738932
v -0.60914397 -0.14540856 -0.17739023
v -0.60914397 -0.13754864 -0.17738716
v -0.60914397 -0.12968871 -0.17736006
v -0.60914397 -0.12182879 -0.17734879
v -0.60914397 -0.11396887 -0.17735143
v -0.60914397 -0.10610895 -0.17733505
v -0.60914397 -0.09824903 -0.17732474
v -0.60914397 -0.09038910 -0.17730430
v -0.60914397 -0.08252918 -0.17728966
v -0.60914397 -0.07466926 -0.17728961
v -0.60914397 -0.06680934 -0.17730561
v -0.60914397 -0.05894941 -0.17732415
v -0.60914397 -0.05108950 -0.17735718
v -0.60914397 -0.04322957 -0.17738734
v -0.60914397 -0.03536965 -0.17740828
v -0.60914397 -0.02750973 -0.17742878
v -0.60914397 -0.01964981 -0.17743281
v -0.60914397 -0.01178988 -0.17744917
v -0.60914397 -0.00392996 -0.17745739
v -0.60914397 0.00392996 -0.17743562
v -0.60914397 0.01178988 -0.17741847
v -0.60914397 0.01964981 -0.17739874
v -0.60914397 0.02750973 -0.17742255
v -0.60914397 0.03536965 -0.17745008
v -0.60914397 0.04322957 -0.17749798
v -0.60914397 0.05108950 -0.17753816
v -0.60914397 0.05894941 -0.17756917
v -0.60914397 0.06680934 -0.17759357
v -0.60914397 0.07466926 -0.17761840
v -0.60914397 0.08252918 -0.17763975
v -0.60914397 0.09038910 -0.17767656
v -0.60914397 0.09824903 -0.17769833
v -0.60914397 0.10610895 -0.17770511
v -0.60914397 0.11396887 -0.17772113
v -0.60914397 0.12182879 -0.17774288
v -0.60914397 0.12968871 -0.17777072
v -0.60914397 0.13754864 -0.17780171
v -0.60914397 0.14540856 -0.17783643
v -0.60914397 0.15326849 -0.17785491
v -0.60914397 0.16112840 -0.17786451
v -0.60914397 0.16898833 -0.17786187
v -0.60914397 0.17684825 -0.17788202
v -0.60914397 0.18470818 -0.17797448
v -0.60914397 0.19256809 -0.17804925
v -0.60914397 0.20042801 -0.17800069
v -0.60914397 0.20828794 -0.17795613
v -0.60914397 0.21614785 -0.17792639
v -0.60914397 0.22400779 -0.17792968
v -0.60914397 0.23186770 -0.17795433
v -0.60914397 0.23972763 -0.17800134
v -0.60914397 0.24758755 -0.17804205
v -0.60914397 0.25544748 -0.17808200
v -0.60914397 0.26330739 -0.17812553
v -0.60914397 0.27116731 -0.17816511
v -0.60914397 0.27902722 -0.17821458
v -0.60914397 0.28688717 -0.17825782
v -0.60914397 0.29474708 -0.17829926
v -0.60914397 0.30260700 -0.17833847
v -0.60914397 0.31046692 -0.17837878
v -0.60914397 0.31832686 -0.17841499
v -0.60914397 0.32618678 -0.17847592
v -0.60914397 0.33404669 -0.17851843
v -0.60914397 0.34190661 -0.17857240
v -0.60914397 0.34976652 -0.17861313
v -0.60914397 0.35762647 -0.17866307
v -0.60914397 0.36548638 -0.17871423
v -0.60914397 0.37334630 -0.17877419
v -0.60914397 0.38120621 -0.17883614
v -0.60914397 0.38906616 -0.17887613
v -0.60914397 0.39692608 -0.17889790
v -0.60914397 0.40478599 -0.17890120
v -0.60914397 0.41264591 -0.17892195
v -0.60914397 0.42050582 -0.17895979
v -0.60914397 0.42836577 -0.17900555
v -0.60914397 0.43622568 -0.17906868
v -0.60914397 0.44408560 -0.17914250
v -0.60914397 0.45194551 -0.17921728
v -0.60914397 0.45980546 -0.17930999
v -0.60914397 0.46766537 -0.17942207
v -0.60914397 0.47552529 -0.17954835
v -0.60914397 0.48338521 -0.17966074
v -0.60914397 0.49124515 -0.17974241
v -0.60914397 0.49910507 -0.17982636
v -0.60914397 0.50696498 -0.17996177
v -0.60914397 0.51482493 -0.18022113
v -0.60914397 0.52268481 -0.18063489
v -0.60914397 0.53054476 -0.18126202
v -0.60914397 0.53840464 -0.18218364
v -0.60914397 0.54626459 -0.18338490
v -0.60914397 0.55369776 -0.18470818
v -0.60914397 0.55412453 -0.18478595
v -0.60914397 0.56198442 -0.18692382
v -0.60914397 0.56984437 -0.19071123
v -0.60914397 0.57208025 -0.19256809
v -0.60914397 0.57770425 -0.19798313
v -0.60914397 0.58440155 -0.20042801
v -0.60914397 0.58556420 -0.20074266
v -0.60128403 -0.59342414 -0.18075332
v -0.60128403 -0.58556420 -0.18203925
v -0.60128403 -0.57770425 -0.18092693
v -0.60128403 -0.56984437 -0.18018454
v -0.60128403 -0.56198442 -0.17977396
v -0.60128403 -0.55412453 -0.17963615
v -0.60128403 -0.54626459 -0.17957649
v -0.60128403 -0.53840464 -0.17946950
v -0.60128403 -0.53054476 -0.17937553
v -0.60128403 -0.52268481 -0.17928769
v -0.60128403 -0.51482493 -0.17921464
v -0.60128403 -0.50696498 -0.17917867
v -0.60128403 -0.49910507 -0.17925410
v -0.60128403 -0.49124515 -0.17926921
v -0.60128403 -0.48338521 -0.17917968
v -0.60128403 -0.47552529 -0.17907882
v -0.60128403 -0.46766537 -0.17900476
v -0.60128403 -0.45980546 -0.17895116
v -0.60128403 -0.45194551 -0.17890918
v -0.60128403 -0.44408560 -0.17886893
v -0.60128403 -0.43622568 -0.17883050
v -0.60128403 -0.42836577 -0.17877342
v -0.60128403 -0.42050582 -0.17870218
v -0.60128403 -0.41264591 -0.17863230
v -0.60128403 -0.40478599 -0.17863932
v -0.60128403 -0.39692608 -0.17868832
v -0.60128403 -0.38906616 -0.17863502
v -0.60128403 -0.38120621 -0.17853409
v -0.60128403 -0.37334630 -0.17845470
v -0.60128403 -0.36548638 -0.17838500
v -0.60128403 -0.35762647 -0.17832600
v -0.60128403 -0.34976652 -0.17828259
v -0.60128403 -0.34190661 -0.17824265
v -0.60128403 -0.33404669 -0.17819887
v -0.60128403 -0.32618678 -0.17815281
v -0.60128403 -0.31832686 -0.17808548
v -0.60128403 -0.31046692 -0.17804074
v -0.60128403 -0.30260700 -0.17799906
v -0.60128403 -0.29474708 -0.17795750
v -0.60128403 -0.28688717 -0.17789790
v -0.60128403 -0.27902722 -0.17784238
v -0.60128403 -0.27116731 -0.17778456
v -0.60128403 -0.26330739 -0.17774169
v -0.60128403 -0.25544748 -0.17771044
v -0.60128403 -0.24758755 -0.17768899
v -0.60128403 -0.23972763 -0.17767051
v -0.60128403 -0.23186770 -0.17765978
v -0.60128403 -0.22400779 -0.17762715
v -0.60128403 -0.21614785 -0.17757180
v -0.60128403 -0.20828794 -0.17759286
v -0.60128403 -0.20042801 -0.17762098
v -0.60128403 -0.19256809 -0.17756833
v -0.60128403 -0.18470818 -0.17748575
v -0.60128403 -0.17684825 -0.17742339
v -0.60128403 -0.16898833 -0.17738351
v -0.60128403 -0.16112840 -0.17737037
v -0.60128403 -0.15326849 -0.17736150
v -0.60128403 -0.14540856 -0.17735599
v -0.60128403 -0.13754864 -0.17735095
v -0.60128403 -0.12968871 -0.17732342
v -0.60128403 -0.12182879 -0.17731731
v -0.60128403 -0.11396887 -0.17730789
v -0.60128403 -0.10610895 -0.17729776
v -0.60128403 -0.09824903 -0.17728925
v -0.60128403 -0.09038910 -0.17727125
v -0.60128403 -0.08252918 -0.17725447
v -0.60128403 -0.07466926 -0.17725602
v -0.60128403 -0.06680934 -0.17726147
v -0.60128403 -0.05894941 -0.17728978
v -0.60128403 -0.05108950 -0.17732012
v -0.60128403 -0.04322957 -0.17734566
v -0.60128403 -0.03536965 -0.17736533
v -0.60128403 -0.02750973 -0.17738254
v -0.60128403 -0.01964981 -0.17738764
v -0.60128403 -0.01178988 -0.17740425
v -0.60128403 -0.00392996 -0.17740647
v -0.60128403 0.00392996 -0.17738968
v -0.60128403 0.01178988 -0.17736553
v -0.60128403 0.01964981 -0.17735101
v -0.60128403 0.02750973 -0.17735665
v -0.60128403 0.03536965 -0.17739335
v -0.60128403 0.04322957 -0.17744000
v -0.60128403 0.05108950 -0.17748317
v -0.60128403 0.05894941 -0.17751119
v -0.60128403 0.06680934 -0.17753318
v -0.60128403 0.07466926 -0.17756084
v -0.60128403 0.08252918 -0.17758632
v -0.60128403 0.09038910 -0.17761336
v -0.60128403 0.09824903 -0.17763944
v -0.60128403 0.10610895 -0.17764933
v -0.60128403 0.11396887 -0.17766182
v -0.60128403 0.12182879 -0.17767993
v -0.60128403 0.12968871 -0.17770283
v -0.60128403 0.13754864 -0.17774510
v -0.60128403 0.14540856 -0.17777437
v -0.60128403 0.15326849 -0.17780292
v -0.60128403 0.16112840 -0.17781712
v -0.60128403 0.16898833 -0.17781940
v -0.60128403 0.17684825 -0.17783590
v -0.60128403 0.18470818 -0.17792471
v -0.60128403 0.19256809 -0.17798413
v -0.60128403 0.20042801 -0.17795098
v -0.60128403 0.20828794 -0.17789467
v -0.60128403 0.21614785 -0.17787980
v -0.60128403 0.22400779 -0.17789112
v -0.60128403 0.23186770 -0.17792320
v -0.60128403 0.23972763 -0.17795816
v -0.60128403 0.24758755 -0.17801046
v -0.60128403 0.25544748 -0.17804667
v -0.60128403 0.26330739 -0.17809454
v -0.60128403 0.27116731 -0.17813548
v -0.60128403 0.27902722 -0.17818335
v -0.60128403 0.28688717 -0.17823683
v -0.60128403 0.29474708 -0.17827761
v -0.60128403 0.30260700 -0.17831911
v -0.60128403 0.31046692 -0.17834963
v -0.60128403 0.31832686 -0.17839323
v -0.60128403 0.32618678 -0.17843598
v -0.60128403 0.33404669 -0.17849097
v -0.60128403 0.34190661 -0.17854092
v -0.60128403 0.34976652 -0.17858283
v -0.60128403 0.35762647 -0.17863747
v -0.60128403 0.36548638 -0.17868508
v -0.60128403 0.37334630 -0.17874205
v -0.60128403 0.38120621 -0.17880328
v -0.60128403 0.38906616 -0.17884699
v -0.60128403 0.39692608 -0.17886840
v -0.60128403 0.40478599 -0.17887421
v -0.60128403 0.41264591 -0.17888351
v -0.60128403 0.42050582 -0.17892195
v -0.60128403 0.42836577 -0.17896764
v -0.60128403 0.43622568 -0.17903014
v -0.60128403 0.44408560 -0.17909741
v -0.60128403 0.45194551 -0.17917249
v -0.60128403 0.45980546 -0.17926927
v -0.60128403 0.46766537 -0.17936864
v -0.60128403 0.47552529 -0.17949559
v -0.60128403 0.48338521 -0.17961174
v -0.60128403 0.49124515 -0.17968965
v -0.60128403 0.49910507 -0.17976400
v -0.60128403 0.50696498 -0.17990042
v -0.60128403 0.51482493 -0.18015702
v -0.60128403 0.52268481 -0.18056317
v -0.60128403 0.53054476 -0.18119186
v -0.60128403 0.53840464 -0.18210101
v -0.60128403 0.54626459 -0.18328516
v -0.60369492 0.55412453 -0.18470818
v -0.60128403 0.55412453 -0.18467376
v -0.60128403 0.55425704 -0.18470818
v -0.60128403 0.56198442 -0.18678510
v -0.60128403 0.56984437 -0.19057170
v -0.60128403 0.57226866 -0.19256809
v -0.60128403 0.57770425 -0.19764270
v -0.60197991 0.58556420 -0.20042801
v -0.60128403 0.58556420 -0.20039468
v -0.59342414 -0.59342414 -0.18086588
v -0.59342414 -0.58556420 -0.18209364
v -0.59342414 -0.57770425 -0.18093100
v -0.59342414 -0.56984437 -0.18015720
v -0.59342414 -0.56198442 -0.17972790
v -0.59342414 -0.55412453 -0.17959921
v -0.59342414 -0.54626459 -0.17955303
v -0.59342414 -0.53840464 -0.17944108
v -0.59342414 -0.53054476 -0.17934069
v -0.59342414 -0.52268481 -0.17926508
v -0.59342414 -0.51482493 -0.17918466
v -0.59342414 -0.50696498 -0.17915569
v -0.59342414 -0.49910507 -0.17922483
v -0.59342414 -0.49124515 -0.17923857
v -0.59342414 -0.48338521 -0.17914778
v -0.59342414 -0.47552529 -0.17905225
v -0.59342414 -0.46766537 -0.17898354
v -0.59342414 -0.45980546 -0.17892794
v -0.59342414 -0.45194551 -0.17887722
v -0.59342414 -0.44408560 -0.17883913
v -0.59342414 -0.43622568 -0.17880628
v -0.59342414 -0.42836577 -0.17875566
v -0.59342414 -0.42050582 -0.17867866
v -0.59342414 -0.41264591 -0.17861138
v -0.59342414 -0.40478599 -0.17863069
v -0.59342414 -0.39692608 -0.17866470
v -0.59342414 -0.38906616 -0.17861792
v -0.59342414 -0.38120621 -0.17851789
v -0.59342414 -0.37334630 -0.17842861
v -0.59342414 -0.36548638 -0.17835748
v -0.59342414 -0.35762647 -0.17830004
v -0.59342414 -0.34976652 -0.17826363
v -0.59342414 -0.34190661 -0.17821836
v -0.59342414 -0.33404669 -0.17817375
v -0.59342414 -0.32618678 -0.17813525
v -0.59342414 -0.31832686 -0.17807721
v -0.59342414 -0.31046692 -0.17802647
v -0.59342414 -0.30260700 -0.17798737
v -0.59342414 -0.29474708 -0.17793851
v -0.59342414 -0.28688717 -0.17787859
v -0.59342414 -0.27902722 -0.17781252
v -0.59342414 -0.27116731 -0.17776051
v -0.59342414 -0.26330739 -0.17771944
v -0.59342414 -0.25544748 -0.17769377
v -0.59342414 -0.24758755 -0.17767057
v -0.59342414 -0.23972763 -0.17764921
v -0.59342414 -0.23186770 -0.17764455
v -0.59342414 -0.22400779 -0.17759915
v -0.59342414 -0.21614785 -0.17755346
v -0.59342414 -0.20828794 -0.17757133
v -0.59342414 -0.20042801 -0.17759784
v -0.59342414 -0.19256809 -0.17754386
v -0.59342414 -0.18470818 -0.17747010
v -0.59342414 -0.17684825 -0.17739964
v -0.59342414 -0.16898833 -0.17735958
v -0.59342414 -0.16112840 -0.17734027
v -0.59342414 -0.15326849 -0.17733248
v -0.59342414 -0.14540856 -0.17732798
v -0.59342414 -0.13754864 -0.17731760
v -0.59342414 -0.12968871 -0.17729956
v -0.59342414 -0.12182879 -0.17728792
v -0.59342414 -0.11396887 -0.17727874
v -0.59342414 -0.10610895 -0.17727011
v -0.59342414 -0.09824903 -0.17725459
v -0.59342414 -0.09038910 -0.17724961
v -0.59342414 -0.08252918 -0.17722766
v -0.59342414 -0.07466926 -0.17722748
v -0.59342414 -0.06680934 -0.17724349
v -0.59342414 -0.05894941 -0.17725824
v -0.59342414 -0.05108950 -0.17728996
v -0.59342414 -0.04322957 -0.17730628
v -0.59342414 -0.03536965 -0.17732666
v -0.59342414 -0.02750973 -0.17733650
v -0.59342414 -0.01964981 -0.17735089
v -0.59342414 -0.01178988 -0.17736515
v -0.59342414 -0.00392996 -0.17736527
v -0.59342414 0.00392996 -0.17733961
v -0.59342414 0.01178988 -0.17732252
v -0.59342414 0.01964981 -0.17730765
v -0.59342414 0.02750973 -0.17732204
v -0.59342414 0.03536965 -0.17735149
v -0.59342414 0.04322957 -0.17739490
v -0.59342414 0.05108950 -0.17743340
v -0.59342414 0.05894941 -0.17746572
v -0.59342414 0.06680934 -0.17748521
v -0.59342414 0.07466926 -0.17751166
v -0.59342414 0.08252918 -0.17754073
v -0.59342414 0.09038910 -0.17757156
v -0.59342414 0.09824903 -0.17758679
v -0.59342414 0.10610895 -0.17760377
v -0.59342414 0.11396887 -0.17760509
v -0.59342414 0.12182879 -0.17762494
v -0.59342414 0.12968871 -0.17766230
v -0.59342414 0.13754864 -0.17769803
v -0.59342414 0.14540856 -0.17772113
v -0.59342414 0.15326849 -0.17775428
v -0.59342414 0.16112840 -0.17777377
v -0.59342414 0.16898833 -0.17776783
v -0.59342414 0.17684825 -0.17779002
v -0.59342414 0.18470818 -0.17788339
v -0.59342414 0.19256809 -0.17795362
v -0.59342414 0.20042801 -0.17791878
v -0.59342414 0.20828794 -0.17787752
v -0.59342414 0.21614785 -0.17785329
v -0.59342414 0.22400779 -0.17786030
v -0.59342414 0.23186770 -0.17788412
v -0.59342414 0.23972763 -0.17794156
v -0.59342414 0.24758755 -0.17798257
v -0.59342414 0.25544748 -0.17802706
v -0.59342414 0.26330739 -0.17806959
v -0.59342414 0.27116731 -0.17811252
v -0.59342414 0.27902722 -0.17816614
v -0.59342414 0.28688717 -0.17821728
v -0.59342414 0.29474708 -0.17825219
v -0.59342414 0.30260700 -0.17829669
v -0.59342414 0.31046692 -0.17833547
v -0.59342414 0.31832686 -0.17837529
v -0.59342414 0.32618678 -0.17842399
v -0.59342414 0.33404669 -0.17847070
v -0.59342414 0.34190661 -0.17852132
v -0.59342414 0.34976652 -0.17856689
v -0.59342414 0.35762647 -0.17862284
v -0.59342414 0.36548638 -0.17867243
v -0.59342414 0.37334630 -0.17873216
v -0.59342414 0.38120621 -0.17878355
v -0.59342414 0.38906616 -0.17883463
v -0.59342414 0.39692608 -0.17883877
v -0.59342414 0.40478599 -0.17885125
v -0.59342414 0.41264591 -0.17886852
v -0.59342414 0.42050582 -0.17889868
v -0.59342414 0.42836577 -0.17894533
v -0.59342414 0.43622568 -0.17901237
v -0.59342414 0.44408560 -0.17907469
v -0.59342414 0.45194551 -0.17916067
v -0.59342414 0.45980546 -0.17925566
v -0.59342414 0.46766537 -0.17935120
v -0.59342414 0.47552529 -0.17947574
v -0.59342414 0.48338521 -0.17957912
v -0.59342414 0.49124515 -0.17965630
v -0.59342414 0.49910507 -0.17973654
v -0.59342414 0.50696498 -0.17986985
v -0.59342414 0.51482493 -0.18011990
v -0.59342414 0.52268481 -0.18052557
v -0.59342414 0.53054476 -0.18116379
v -0.59342414 0.53840464 -0.18206263
v -0.59342414 0.54626459 -0.18323168
v -0.59342414 0.55412453 -0.18459621
v -0.59342414 0.55455834 -0.18470818
v -0.59342414 0.56198442 -0.18670614
v -0.59342414 0.56984437 -0.19047137
v -0.59342414 0.57241309 -0.19256809
v -0.59342414 0.57770425 -0.19739401
v -0.59342414 0.58556420 -0.20016249
v -0.58556420 -0.59342414 -0.18095091
v -0.58556420 -0.58556420 -0.18209772
v -0.58556420 -0.57770425 -0.18092273
v -0.58556420 -0.56984437 -0.18013866
v -0.58556420 -0.56198442 -0.17972639
v -0.58556420 -0.55412453 -0.17959560
v -0.58556420 -0.54626459 -0.17954423
v -0.58556420 -0.53840464 -0.17944756
v -0.58556420 -0.53054476 -0.17934825
v -0.58556420 -0.52268481 -0.17926358
v -0.58556420 -0.51482493 -0.17918892
v -0.58556420 -0.50696498 -0.17915528
v -0.58556420 -0.49910507 -0.17922904
v -0.58556420 -0.49124515 -0.17923503
v -0.58556420 -0.48338521 -0.17914778
v -0.58556420 -0.47552529 -0.17904961
v -0.58556420 -0.46766537 -0.17898840
v -0.58556420 -0.45980546 -0.17892951
v -0.58556420 -0.45194551 -0.17887482
v -0.58556420 -0.44408560 -0.17883566
v -0.58556420 -0.43622568 -0.17879674
v -0.58556420 -0.42836577 -0.17874019
v -0.58556420 -0.42050582 -0.17867818
v -0.58556420 -0.41264591 -0.17861816
v -0.58556420 -0.40478599 -0.17861781
v -0.58556420 -0.39692608 -0.17866649
v -0.58556420 -0.38906616 -0.17861289
v -0.58556420 -0.38120621 -0.17851087
v -0.58556420 -0.37334630 -0.17842482
v -0.58556420 -0.36548638 -0.17835683
v -0.58556420 -0.35762647 -0.17829637
v -0.58556420 -0.34976652 -0.17825872
v -0.58556420 -0.34190661 -0.17821872
v -0.58556420 -0.33404669 -0.17817038
v -0.58556420 -0.32618678 -0.17813483
v -0.58556420 -0.31832686 -0.17807905
v -0.58556420 -0.31046692 -0.17802934
v -0.58556420 -0.30260700 -0.17798629
v -0.58556420 -0.29474708 -0.17794180
v -0.58556420 -0.28688717 -0.17787296
v -0.58556420 -0.27902722 -0.17781484
v -0.58556420 -0.27116731 -0.17776172
v -0.58556420 -0.26330739 -0.17772028
v -0.58556420 -0.25544748 -0.17769000
v -0.58556420 -0.24758755 -0.17765780
v -0.58556420 -0.23972763 -0.17764562
v -0.58556420 -0.23186770 -0.17763872
v -0.58556420 -0.22400779 -0.17759681
v -0.58556420 -0.21614785 -0.17754559
v -0.58556420 -0.20828794 -0.17756839
v -0.58556420 -0.20042801 -0.17759034
v -0.58556420 -0.19256809 -0.17753427
v -0.58556420 -0.18470818 -0.17745049
v -0.58556420 -0.17684825 -0.17739323
v -0.58556420 -0.16898833 -0.17734832
v -0.58556420 -0.16112840 -0.17732252
v -0.58556420 -0.15326849 -0.17732030
v -0.58556420 -0.14540856 -0.17731893
v -0.58556420 -0.13754864 -0.17730699
v -0.58556420 -0.12968871 -0.17728540
v -0.58556420 -0.12182879 -0.17727917
v -0.58556420 -0.11396887 -0.17726591
v -0.58556420 -0.10610895 -0.17725009
v -0.58556420 -0.09824903 -0.17724624
v -0.58556420 -0.09038910 -0.17723756
v -0.58556420 -0.08252918 -0.17721410
v -0.58556420 -0.07466926 -0.17721806
v -0.58556420 -0.06680934 -0.17722718
v -0.58556420 -0.05894941 -0.17724229
v -0.58556420 -0.05108950 -0.17726789
v -0.58556420 -0.04322957 -0.17728931
v -0.58556420 -0.03536965 -0.17730154
v -0.58556420 -0.02750973 -0.17731352
v -0.58556420 -0.01964981 -0.17732054
v -0.58556420 -0.01178988 -0.17733854
v -0.58556420 -0.00392996 -0.17733590
v -0.58556420 0.00392996 -0.17731850
v -0.58556420 0.01178988 -0.17729865
v -0.58556420 0.01964981 -0.17727785
v -0.58556420 0.02750973 -0.17729458
v -0.58556420 0.03536965 -0.17733248
v -0.58556420 0.04322957 -0.17737181
v -0.58556420 0.05108950 -0.17741235
v -0.58556420 0.05894941 -0.17744054
v -0.58556420 0.06680934 -0.17746134
v -0.58556420 0.07466926 -0.17748900
v -0.58556420 0.08252918 -0.17750823
v -0.58556420 0.09038910 -0.17755051
v -0.58556420 0.09824903 -0.17756881
v -0.58556420 0.10610895 -0.17757690
v -0.58556420 0.11396887 -0.17758308
v -0.58556420 0.12182879 -0.17760395
v -0.58556420 0.12968871 -0.17763872
v -0.58556420 0.13754864 -0.17767033
v -0.58556420 0.14540856 -0.17771123
v -0.58556420 0.15326849 -0.17773755
v -0.58556420 0.16112840 -0.17776352
v -0.58556420 0.16898833 -0.17776100
v -0.58556420 0.17684825 -0.17777431
v -0.58556420 0.18470818 -0.17786641
v -0.58556420 0.19256809 -0.17793831
v -0.58556420 0.20042801 -0.17790546
v -0.58556420 0.20828794 -0.17786457
v -0.58556420 0.21614785 -0.17783685
v -0.58556420 0.22400779 -0.17784680
v -0.58556420 0.23186770 -0.17788196
v -0.58556420 0.23972763 -0.17792812
v -0.58556420 0.24758755 -0.17797987
v -0.58556420 0.25544748 -0.17802377
v -0.58556420 0.26330739 -0.17807247
v -0.58556420 0.27116731 -0.17811072
v -0.58556420 0.27902722 -0.17816205
v -0.58556420 0.28688717 -0.17821567
v -0.58556420 0.29474708 -0.17825620
v -0.58556420 0.30260700 -0.17828852
v -0.58556420 0.31046692 -0.17832114
v -0.58556420 0.31832686 -0.17835964
v -0.58556420 0.32618678 -0.17840900
v -0.58556420 0.33404669 -0.17846015
v -0.58556420 0.34190661 -0.17851609
v -0.58556420 0.34976652 -0.17856611
v -0.58556420 0.35762647 -0.17861755
v -0.58556420 0.36548638 -0.17866936
v -0.58556420 0.37334630 -0.17871800
v -0.58556420 0.38120621 -0.17877923
v -0.58556420 0.38906616 -0.17881940
v -0.58556420 0.39692608 -0.17883451
v -0.58556420 0.40478599 -0.17884333
v -0.58556420 0.41264591 -0.17886066
v -0.58556420 0.42050582 -0.17889130
v -0.58556420 0.42836577 -0.17894737
v -0.58556420 0.43622568 -0.17900938
v -0.58556420 0.44408560 -0.17907114
v -0.58556420 0.45194551 -0.17916152
v -0.58556420 0.45980546 -0.17924529
v -0.58556420 0.46766537 -0.17935461
v -0.58556420 0.47552529 -0.17947070
v -0.58556420 0.48338521 -0.17957576
v -0.58556420 0.49124515 -0.17965294
v -0.58556420 0.49910507 -0.17973869
v -0.58556420 0.50696498 -0.17986636
v -0.58556420 0.51482493 -0.18012367
v -0.58556420 0.52268481 -0.18053439
v -0.58556420 0.53054476 -0.18116103
v -0.58556420 0.53840464 -0.18206772
v -0.58556420 0.54626459 -0.18323480
v -0.58556420 0.55412453 -0.18458225
v -0.58556420 0.55461669 -0.18470818
v -0.58556420 0.56198442 -0.18667573
v -0.58556420 0.56984437 -0.19043191
v -0.58556420 0.57248515 -0.19256809
v -0.58556420 0.57770425 -0.19728296
v -0.58556420 0.58556420 -0.20008303
v -0.57770425 -0.59342414 -0.18103835
v -0.57770425 -0.58556420 -0.18204357
v -0.57770425 -0.57770425 -0.18090840
v -0.57770425 -0.56984437 -0.18015336
v -0.57770425 -0.56198442 -0.17974378
v -0.57770425 -0.55412453 -0.17961726
v -0.57770425 -0.54626459 -0.17956994
v -0.57770425 -0.53840464 -0.17947598
v -0.57770425 -0.53054476 -0.17937817
v -0.57770425 -0.52268481 -0.17929482
v -0.57770425 -0.51482493 -0.17921291
v -0.57770425 -0.50696498 -0.17918262
v -0.57770425 -0.49910507 -0.17924637
v -0.57770425 -0.49124515 -0.17924690
v -0.57770425 -0.48338521 -0.17915821
v -0.57770425 -0.47552529 -0.17905927
v -0.57770425 -0.46766537 -0.17899913
v -0.57770425 -0.45980546 -0.17893928
v -0.57770425 -0.45194551 -0.17889322
v -0.57770425 -0.44408560 -0.17886455
v -0.57770425 -0.43622568 -0.17881514
v -0.57770425 -0.42836577 -0.17876939
v -0.57770425 -0.42050582 -0.17870103
v -0.57770425 -0.41264591 -0.17863555
v -0.57770425 -0.40478599 -0.17862776
v -0.57770425 -0.39692608 -0.17867656
v -0.57770425 -0.38906616 -0.17861666
v -0.57770425 -0.38120621 -0.17853037
v -0.57770425 -0.37334630 -0.17844078
v -0.57770425 -0.36548638 -0.17837229
v -0.57770425 -0.35762647 -0.17831868
v -0.57770425 -0.34976652 -0.17827557
v -0.57770425 -0.34190661 -0.17823887
v -0.57770425 -0.33404669 -0.17819221
v -0.57770425 -0.32618678 -0.17815042
v -0.57770425 -0.31832686 -0.17808811
v -0.57770425 -0.31046692 -0.17803775
v -0.57770425 -0.30260700 -0.17799793
v -0.57770425 -0.29474708 -0.17795511
v -0.57770425 -0.28688717 -0.17788650
v -0.57770425 -0.27902722 -0.17783146
v -0.57770425 -0.27116731 -0.17777479
v -0.57770425 -0.26330739 -0.17773396
v -0.57770425 -0.25544748 -0.17769983
v -0.57770425 -0.24758755 -0.17767848
v -0.57770425 -0.23972763 -0.17765024
v -0.57770425 -0.23186770 -0.17764874
v -0.57770425 -0.22400779 -0.17759992
v -0.57770425 -0.21614785 -0.17755166
v -0.57770425 -0.20828794 -0.17756280
v -0.57770425 -0.20042801 -0.17758751
v -0.57770425 -0.19256809 -0.17753643
v -0.57770425 -0.18470818 -0.17745918
v -0.57770425 -0.17684825 -0.17738801
v -0.57770425 -0.16898833 -0.17735167
v -0.57770425 -0.16112840 -0.17732607
v -0.57770425 -0.15326849 -0.17733283
v -0.57770425 -0.14540856 -0.17730904
v -0.57770425 -0.13754864 -0.17730093
v -0.57770425 -0.12968871 -0.17728612
v -0.57770425 -0.12182879 -0.17727198
v -0.57770425 -0.11396887 -0.17726399
v -0.57770425 -0.10610895 -0.17726304
v -0.57770425 -0.09824903 -0.17724138
v -0.57770425 -0.09038910 -0.17722316
v -0.57770425 -0.08252918 -0.17721476
v -0.57770425 -0.07466926 -0.17721422
v -0.57770425 -0.06680934 -0.17721842
v -0.57770425 -0.05894941 -0.17724973
v -0.57770425 -0.05108950 -0.17727023
v -0.57770425 -0.04322957 -0.17728205
v -0.57770425 -0.03536965 -0.17729272
v -0.57770425 -0.02750973 -0.17731443
v -0.57770425 -0.01964981 -0.17731917
v -0.57770425 -0.01178988 -0.17732300
v -0.57770425 -0.00392996 -0.17732300
v -0.57770425 0.00392996 -0.17730837
v -0.57770425 0.01178988 -0.17728241
v -0.57770425 0.01964981 -0.17727263
v -0.57770425 0.02750973 -0.17729002
v -0.57770425 0.03536965 -0.17731850
v -0.57770425 0.04322957 -0.17735526
v -0.57770425 0.05108950 -0.17739628
v -0.57770425 0.05894941 -0.17743035
v -0.57770425 0.06680934 -0.17745373
v -0.57770425 0.07466926 -0.17748035
v -0.57770425 0.08252918 -0.17750859
v -0.57770425 0.09038910 -0.17754386
v -0.57770425 0.09824903 -0.17755669
v -0.57770425 0.10610895 -0.17756976
v -0.57770425 0.11396887 -0.17758362
v -0.57770425 0.12182879 -0.17760472
v -0.57770425 0.12968871 -0.17763315
v -0.57770425 0.13754864 -0.17766757
v -0.57770425 0.14540856 -0.17770769
v -0.57770425 0.15326849 -0.17774110
v -0.57770425 0.16112840 -0.17776634
v -0.57770425 0.16898833 -0.17776556
v -0.57770425 0.17684825 -0.17778528
v -0.57770425 0.18470818 -0.17787056
v -0.57770425 0.19256809 -0.17793724
v -0.57770425 0.20042801 -0.17790642
v -0.57770425 0.20828794 -0.17786288
v -0.57770425 0.21614785 -0.17784742
v -0.57770425 0.22400779 -0.17786366
v -0.57770425 0.23186770 -0.17789322
v -0.57770425 0.23972763 -0.17793442
v -0.57770425 0.24758755 -0.17798257
v -0.57770425 0.25544748 -0.17804033
v -0.57770425 0.26330739 -0.17807685
v -0.57770425 0.27116731 -0.17811948
v -0.57770425 0.27902722 -0.17817056
v -0.57770425 0.28688717 -0.17821345
v -0.57770425 0.29474708 -0.17824630
v -0.57770425 0.30260700 -0.17828949
v -0.57770425 0.31046692 -0.17831977
v -0.57770425 0.31832686 -0.17836109
v -0.57770425 0.32618678 -0.17840977
v -0.57770425 0.33404669 -0.17846537
v -0.57770425 0.34190661 -0.17851532
v -0.57770425 0.34976652 -0.17856383
v -0.57770425 0.35762647 -0.17862439
v -0.57770425 0.36548638 -0.17867255
v -0.57770425 0.37334630 -0.17872688
v -0.57770425 0.38120621 -0.17878246
v -0.57770425 0.38906616 -0.17882085
v -0.57770425 0.39692608 -0.17883596
v -0.57770425 0.40478599 -0.17883398
v -0.57770425 0.41264591 -0.17886025
v -0.57770425 0.42050582 -0.17889802
v -0.57770425 0.42836577 -0.17895176
v -0.57770425 0.43622568 -0.17901658
v -0.57770425 0.44408560 -0.17908752
v -0.57770425 0.45194551 -0.17916200
v -0.57770425 0.45980546 -0.17924793
v -0.57770425 0.46766537 -0.17936192
v -0.57770425 0.47552529 -0.17947699
v -0.57770425 0.48338521 -0.17956838
v -0.57770425 0.49124515 -0.17965588
v -0.57770425 0.49910507 -0.17973809
v -0.57770425 0.50696498 -0.17988315
v -0.57770425 0.51482493 -0.18014070
v -0.57770425 0.52268481 -0.18054014
v -0.57770425 0.53054476 -0.18116446
v -0.57770425 0.53840464 -0.18206778
v -0.57770425 0.54626459 -0.18323995
v -0.57770425 0.55412453 -0.18459573
v -0.57770425 0.55456972 -0.18470818
v -0.57770425 0.56198442 -0.18667057
v -0.57770425 0.56984437 -0.19043845
v -0.57770425 0.57248420 -0.19256809
v -0.57770425 0.57770425 -0.19722976
v -0.57770425 0.58556420 -0.20003481
v -0.56984437 -0.59342414 -0.18111978
v -0.56984437 -0.58556420 -0.18201825
v -0.56984437 -0.57770425 -0.18090612
v -0.56984437 -0.56984437 -0.18018298
v -0.56984437 -0.56198442 -0.17977653
v -0.56984437 -0.55412453 -0.17966284
v -0.56984437 -0.54626459 -0.17961091
v -0.56984437 -0.53840464 -0.17950812
v -0.56984437 -0.53054476 -0.17941427
v -0.56984437 -0.52268481 -0.17931773
v -0.56984437 -0.51482493 -0.17924517
v -0.56984437 -0.50696498 -0.17920925
v -0.56984437 -0.49910507 -0.17927359
v -0.56984437 -0.49124515 -0.17927845
v -0.56984437 -0.48338521 -0.17918508
v -0.56984437 -0.47552529 -0.17908931
v -0.56984437 -0.46766537 -0.17902257
v -0.56984437 -0.45980546 -0.17896560
v -0.56984437 -0.45194551 -0.17892183
v -0.56984437 -0.44408560 -0.17888303
v -0.56984437 -0.43622568 -0.17884316
v -0.56984437 -0.42836577 -0.17878883
v -0.56984437 -0.42050582 -0.17872310
v -0.56984437 -0.41264591 -0.17865726
v -0.56984437 -0.40478599 -0.17865816
v -0.56984437 -0.39692608 -0.17868778
v -0.56984437 -0.38906616 -0.17864023
v -0.56984437 -0.38120621 -0.17854835
v -0.56984437 -0.37334630 -0.17846273
v -0.56984437 -0.36548638 -0.17838909
v -0.56984437 -0.35762647 -0.17833117
v -0.56984437 -0.34976652 -0.17829441
v -0.56984437 -0.34190661 -0.17825685
v -0.56984437 -0.33404669 -0.17820553
v -0.56984437 -0.32618678 -0.17816427
v -0.56984437 -0.31832686 -0.17810088
v -0.56984437 -0.31046692 -0.17805363
v -0.56984437 -0.30260700 -0.17801166
v -0.56984437 -0.29474708 -0.17796111
v -0.56984437 -0.28688717 -0.17790024
v -0.56984437 -0.27902722 -0.17783980
v -0.56984437 -0.27116731 -0.17778492
v -0.56984437 -0.26330739 -0.17774625
v -0.56984437 -0.25544748 -0.17771135
v -0.56984437 -0.24758755 -0.17768922
v -0.56984437 -0.23972763 -0.17765851
v -0.56984437 -0.23186770 -0.17765018
v -0.56984437 -0.22400779 -0.17761324
v -0.56984437 -0.21614785 -0.17755800
v -0.56984437 -0.20828794 -0.17757601
v -0.56984437 -0.20042801 -0.17759040
v -0.56984437 -0.19256809 -0.17752677
v -0.56984437 -0.18470818 -0.17745858
v -0.56984437 -0.17684825 -0.17739747
v -0.56984437 -0.16898833 -0.17735700
v -0.56984437 -0.16112840 -0.17733344
v -0.56984437 -0.15326849 -0.17732072
v -0.56984437 -0.14540856 -0.17732006
v -0.56984437 -0.13754864 -0.17729865
v -0.56984437 -0.12968871 -0.17728072
v -0.56984437 -0.12182879 -0.17727293
v -0.56984437 -0.11396887 -0.17726135
v -0.56984437 -0.10610895 -0.17724769
v -0.56984437 -0.09824903 -0.17724121
v -0.56984437 -0.09038910 -0.17723311
v -0.56984437 -0.08252918 -0.17722154
v -0.56984437 -0.07466926 -0.17721993
v -0.56984437 -0.06680934 -0.17722256
v -0.56984437 -0.05894941 -0.17724882
v -0.56984437 -0.05108950 -0.17726322
v -0.56984437 -0.04322957 -0.17728889
v -0.56984437 -0.03536965 -0.17730676
v -0.56984437 -0.02750973 -0.17731035
v -0.56984437 -0.01964981 -0.17732121
v -0.56984437 -0.01178988 -0.17733511
v -0.56984437 -0.00392996 -0.17733176
v -0.56984437 0.00392996 -0.17730291
v -0.56984437 0.01178988 -0.17728715
v -0.56984437 0.01964981 -0.17727420
v -0.56984437 0.02750973 -0.17727886
v -0.56984437 0.03536965 -0.17731917
v -0.56984437 0.04322957 -0.17735311
v -0.56984437 0.05108950 -0.17739412
v -0.56984437 0.05894941 -0.17742087
v -0.56984437 0.06680934 -0.17744815
v -0.56984437 0.07466926 -0.17747855
v -0.56984437 0.08252918 -0.17750734
v -0.56984437 0.09038910 -0.17754067
v -0.56984437 0.09824903 -0.17755850
v -0.56984437 0.10610895 -0.17757061
v -0.56984437 0.11396887 -0.17759357
v -0.56984437 0.12182879 -0.17761540
v -0.56984437 0.12968871 -0.17764227
v -0.56984437 0.13754864 -0.17767771
v -0.56984437 0.14540856 -0.17771417
v -0.56984437 0.15326849 -0.17775165
v -0.56984437 0.16112840 -0.17778246
v -0.56984437 0.16898833 -0.17777520
v -0.56984437 0.17684825 -0.17778978
v -0.56984437 0.18470818 -0.17787296
v -0.56984437 0.19256809 -0.17793970
v -0.56984437 0.20042801 -0.17792021
v -0.56984437 0.20828794 -0.17787415
v -0.56984437 0.21614785 -0.17786078
v -0.56984437 0.22400779 -0.17787014
v -0.56984437 0.23186770 -0.17790575
v -0.56984437 0.23972763 -0.17794563
v -0.56984437 0.24758755 -0.17799841
v -0.56984437 0.25544748 -0.17804495
v -0.56984437 0.26330739 -0.17808409
v -0.56984437 0.27116731 -0.17812961
v -0.56984437 0.27902722 -0.17817782
v -0.56984437 0.28688717 -0.17822532
v -0.56984437 0.29474708 -0.17825338
v -0.56984437 0.30260700 -0.17828330
v -0.56984437 0.31046692 -0.17831683
v -0.56984437 0.31832686 -0.17835964
v -0.56984437 0.32618678 -0.17841199
v -0.56984437 0.33404669 -0.17846309
v -0.56984437 0.34190661 -0.17851987
v -0.56984437 0.34976652 -0.17857222
v -0.56984437 0.35762647 -0.17862943
v -0.56984437 0.36548638 -0.17867404
v -0.56984437 0.37334630 -0.17873450
v -0.56984437 0.38120621 -0.17878391
v -0.56984437 0.38906616 -0.17881706
v -0.56984437 0.39692608 -0.17882793
v -0.56984437 0.40478599 -0.17883871
v -0.56984437 0.41264591 -0.17885989
v -0.56984437 0.42050582 -0.17889898
v -0.56984437 0.42836577 -0.17895655
v -0.56984437 0.43622568 -0.17902443
v -0.56984437 0.44408560 -0.17909208
v -0.56984437 0.45194551 -0.17917566
v -0.56984437 0.45980546 -0.17926699
v -0.56984437 0.46766537 -0.17936809
v -0.56984437 0.47552529 -0.17947699
v -0.56984437 0.48338521 -0.17957871
v -0.56984437 0.49124515 -0.17966488
v -0.56984437 0.49910507 -0.17976549
v -0.56984437 0.50696498 -0.17990917
v -0.56984437 0.51482493 -0.18016781
v -0.56984437 0.52268481 -0.18056820
v -0.56984437 0.53054476 -0.18118671
v -0.56984437 0.53840464 -0.18208818
v -0.56984437 0.54626459 -0.18325435
v -0.56984437 0.55412453 -0.18460341
v -0.56984437 0.55453706 -0.18470818
v -0.56984437 0.56198442 -0.18668760
v -0.56984437 0.56984437 -0.19046633
v -0.56984437 0.57246536 -0.19256809
v -0.56984437 0.57770425 -0.19719264
v -0.56984437 0.58556420 -0.20002174
v -0.56198442 -0.59342414 -0.18121332
v -0.56198442 -0.58556420 -0.18201196
v -0.56198442 -0.57770425 -0.18092765
v -0.56198442 -0.56984437 -0.18021950
v -0.56198442 -0.56198442 -0.17981839
v -0.56198442 -0.55412453 -0.17971158
v -0.56198442 -0.54626459 -0.17966032
v -0.56198442 -0.53840464 -0.17955700
v -0.56198442 -0.53054476 -0.17945667
v -0.56198442 -0.52268481 -0.17937283
v -0.56198442 -0.51482493 -0.17929003
v -0.56198442 -0.50696498 -0.17925721
v -0.56198442 -0.49910507 -0.17932241
v -0.56198442 -0.49124515 -0.17931210
v -0.56198442 -0.48338521 -0.17921345
v -0.56198442 -0.47552529 -0.17912379
v -0.56198442 -0.46766537 -0.17906012
v -0.56198442 -0.45980546 -0.17900734
v -0.56198442 -0.45194551 -0.17895570
v -0.56198442 -0.44408560 -0.17891787
v -0.56198442 -0.43622568 -0.17887199
v -0.56198442 -0.42836577 -0.17881419
v -0.56198442 -0.42050582 -0.17875177
v -0.56198442 -0.41264591 -0.17868274
v -0.56198442 -0.40478599 -0.17869264
v -0.56198442 -0.39692608 -0.17871368
v -0.56198442 -0.38906616 -0.17865917
v -0.56198442 -0.38120621 -0.17856778
v -0.56198442 -0.37334630 -0.17848839
v -0.56198442 -0.36548638 -0.17841038
v -0.56198442 -0.35762647 -0.17835413
v -0.56198442 -0.34976652 -0.17830922
v -0.56198442 -0.34190661 -0.17827551
v -0.56198442 -0.33404669 -0.17822118
v -0.56198442 -0.32618678 -0.17818059
v -0.56198442 -0.31832686 -0.17811966
v -0.56198442 -0.31046692 -0.17806959
v -0.56198442 -0.30260700 -0.17802048
v -0.56198442 -0.29474708 -0.17797706
v -0.56198442 -0.28688717 -0.17791697
v -0.56198442 -0.27902722 -0.17784429
v -0.56198442 -0.27116731 -0.17780165
v -0.56198442 -0.26330739 -0.17774960
v -0.56198442 -0.25544748 -0.17771986
v -0.56198442 -0.24758755 -0.17769095
v -0.56198442 -0.23972763 -0.17766680
v -0.56198442 -0.23186770 -0.17764886
v -0.56198442 -0.22400779 -0.17760809
v -0.56198442 -0.21614785 -0.17755723
v -0.56198442 -0.20828794 -0.17756988
v -0.56198442 -0.20042801 -0.17758679
v -0.56198442 -0.19256809 -0.17752743
v -0.56198442 -0.18470818 -0.17745739
v -0.56198442 -0.17684825 -0.17739190
v -0.56198442 -0.16898833 -0.17735851
v -0.56198442 -0.16112840 -0.17733908
v -0.56198442 -0.15326849 -0.17732655
v -0.56198442 -0.14540856 -0.17732006
v -0.56198442 -0.13754864 -0.17730837
v -0.56198442 -0.12968871 -0.17729127
v -0.56198442 -0.12182879 -0.17727089
v -0.56198442 -0.11396887 -0.17726573
v -0.56198442 -0.10610895 -0.17725249
v -0.56198442 -0.09824903 -0.17724343
v -0.56198442 -0.09038910 -0.17722927
v -0.56198442 -0.08252918 -0.17722178
v -0.56198442 -0.07466926 -0.17721561
v -0.56198442 -0.06680934 -0.17723934
v -0.56198442 -0.05894941 -0.17726448
v -0.56198442 -0.05108950 -0.17727983
v -0.56198442 -0.04322957 -0.17729542
v -0.56198442 -0.03536965 -0.17731598
v -0.56198442 -0.02750973 -0.17732252
v -0.56198442 -0.01964981 -0.17733602
v -0.56198442 -0.01178988 -0.17734207
v -0.56198442 -0.00392996 -0.17734459
v -0.56198442 0.00392996 -0.17732480
v -0.56198442 0.01178988 -0.17729212
v -0.56198442 0.01964981 -0.17728283
v -0.56198442 0.02750973 -0.17729613
v -0.56198442 0.03536965 -0.17731965
v -0.56198442 0.04322957 -0.17735994
v -0.56198442 0.05108950 -0.17739454
v -0.56198442 0.05894941 -0.17743088
v -0.56198442 0.06680934 -0.17745697
v -0.56198442 0.07466926 -0.17748059
v -0.56198442 0.08252918 -0.17751087
v -0.56198442 0.09038910 -0.17754194
v -0.56198442 0.09824903 -0.17756280
v -0.56198442 0.10610895 -0.17758836
v -0.56198442 0.11396887 -0.17759567
v -0.56198442 0.12182879 -0.17761701
v -0.56198442 0.12968871 -0.17765114
v -0.56198442 0.13754864 -0.17768718
v -0.56198442 0.14540856 -0.17772549
v -0.56198442 0.15326849 -0.17775781
v -0.56198442 0.16112840 -0.17779081
v -0.56198442 0.16898833 -0.17778192
v -0.56198442 0.17684825 -0.17779997
v -0.56198442 0.18470818 -0.17788255
v -0.56198442 0.19256809 -0.17794311
v -0.56198442 0.20042801 -0.17791739
v -0.56198442 0.20828794 -0.17787883
v -0.56198442 0.21614785 -0.17786258
v -0.56198442 0.22400779 -0.17787512
v -0.56198442 0.23186770 -0.17791943
v -0.56198442 0.23972763 -0.17795739
v -0.56198442 0.24758755 -0.17800991
v -0.56198442 0.25544748 -0.17806017
v -0.56198442 0.26330739 -0.17810826
v -0.56198442 0.27116731 -0.17814988
v -0.56198442 0.27902722 -0.17819090
v -0.56198442 0.28688717 -0.17822796
v -0.56198442 0.29474708 -0.17825507
v -0.56198442 0.30260700 -0.17828636
v -0.56198442 0.31046692 -0.17832667
v -0.56198442 0.31832686 -0.17836414
v -0.56198442 0.32618678 -0.17841499
v -0.56198442 0.33404669 -0.17847730
v -0.56198442 0.34190661 -0.17852749
v -0.56198442 0.34976652 -0.17858547
v -0.56198442 0.35762647 -0.17863813
v -0.56198442 0.36548638 -0.17868443
v -0.56198442 0.37334630 -0.17873648
v -0.56198442 0.38120621 -0.17878439
v -0.56198442 0.38906616 -0.17881706
v -0.56198442 0.39692608 -0.17883314
v -0.56198442 0.40478599 -0.17884627
v -0.56198442 0.41264591 -0.17886978
v -0.56198442 0.42050582 -0.17891067
v -0.56198442 0.42836577 -0.17896651
v -0.56198442 0.43622568 -0.17903468
v -0.56198442 0.44408560 -0.17910311
v -0.56198442 0.45194551 -0.17919257
v -0.56198442 0.45980546 -0.17927839
v -0.56198442 0.46766537 -0.17937949
v -0.56198442 0.47552529 -0.17949823
v -0.56198442 0.48338521 -0.17958997
v -0.56198442 0.49124515 -0.17968880
v -0.56198442 0.49910507 -0.17978750
v -0.56198442 0.50696498 -0.17994450
v -0.56198442 0.51482493 -0.18021302
v -0.56198442 0.52268481 -0.18061732
v -0.56198442 0.53054476 -0.18122892
v -0.56198442 0.53840464 -0.18212248
v -0.56198442 0.54626459 -0.18328829
v -0.56198442 0.55412453 -0.18464281
v -0.56198442 0.55437851 -0.18470818
v -0.56198442 0.56198442 -0.18676154
v -0.56198442 0.56984437 -0.19054261
v -0.56198442 0.57237935 -0.19256809
v -0.56198442 0.57770425 -0.19723096
v -0.56198442 0.58556420 -0.20009406
v -0.55412453 -0.59342414 -0.18131299
v -0.55412453 -0.58556420 -0.18202971
v -0.55412453 -0.57770425 -0.18096165
v -0.55412453 -0.56984437 -0.18026011
v -0.55412453 -0.56198442 -0.17987679
v -0.55412453 -0.55412453 -0.17976849
v -0.55412453 -0.54626459 -0.17970224
v -0.55412453 -0.53840464 -0.17961192
v -0.55412453 -0.53054476 -0.17950661
v -0.55412453 -0.52268481 -0.17941739
v -0.55412453 -0.51482493 -0.17933165
v -0.55412453 -0.50696498 -0.17931125
v -0.55412453 -0.49910507 -0.17937307
v -0.55412453 -0.49124515 -0.17935784
v -0.55412453 -0.48338521 -0.17926730
v -0.55412453 -0.47552529 -0.17917693
v -0.55412453 -0.46766537 -0.17910148
v -0.55412453 -0.45980546 -0.17905189
v -0.55412453 -0.45194551 -0.17899841
v -0.55412453 -0.44408560 -0.17895620
v -0.55412453 -0.43622568 -0.17891404
v -0.55412453 -0.42836577 -0.17885011
v -0.55412453 -0.42050582 -0.17878349
v -0.55412453 -0.41264591 -0.17872094
v -0.55412453 -0.40478599 -0.17872635
v -0.55412453 -0.39692608 -0.17875656
v -0.55412453 -0.38906616 -0.17868868
v -0.55412453 -0.38120621 -0.17860359
v -0.55412453 -0.37334630 -0.17852378
v -0.55412453 -0.36548638 -0.17844072
v -0.55412453 -0.35762647 -0.17839071
v -0.55412453 -0.34976652 -0.17834657
v -0.55412453 -0.34190661 -0.17830339
v -0.55412453 -0.33404669 -0.17824595
v -0.55412453 -0.32618678 -0.17819606
v -0.55412453 -0.31832686 -0.17814149
v -0.55412453 -0.31046692 -0.17808631
v -0.55412453 -0.30260700 -0.17803985
v -0.55412453 -0.29474708 -0.17799859
v -0.55412453 -0.28688717 -0.17793113
v -0.55412453 -0.27902722 -0.17786223
v -0.55412453 -0.27116731 -0.17781208
v -0.55412453 -0.26330739 -0.17776604
v -0.55412453 -0.25544748 -0.17773132
v -0.55412453 -0.24758755 -0.17770121
v -0.55412453 -0.23972763 -0.17768052
v -0.55412453 -0.23186770 -0.17765936
v -0.55412453 -0.22400779 -0.17760982
v -0.55412453 -0.21614785 -0.17756712
v -0.55412453 -0.20828794 -0.17757648
v -0.55412453 -0.20042801 -0.17758931
v -0.55412453 -0.19256809 -0.17753528
v -0.55412453 -0.18470818 -0.17744774
v -0.55412453 -0.17684825 -0.17738909
v -0.55412453 -0.16898833 -0.17735052
v -0.55412453 -0.16112840 -0.17733212
v -0.55412453 -0.15326849 -0.17732115
v -0.55412453 -0.14540856 -0.17731844
v -0.55412453 -0.13754864 -0.17730904
v -0.55412453 -0.12968871 -0.17729266
v -0.55412453 -0.12182879 -0.17726909
v -0.55412453 -0.11396887 -0.17726088
v -0.55412453 -0.10610895 -0.17725632
v -0.55412453 -0.09824903 -0.17724055
v -0.55412453 -0.09038910 -0.17723522
v -0.55412453 -0.08252918 -0.17722909
v -0.55412453 -0.07466926 -0.17723449
v -0.55412453 -0.06680934 -0.17725578
v -0.55412453 -0.05894941 -0.17726994
v -0.55412453 -0.05108950 -0.17729476
v -0.55412453 -0.04322957 -0.17732300
v -0.55412453 -0.03536965 -0.17733715
v -0.55412453 -0.02750973 -0.17734592
v -0.55412453 -0.01964981 -0.17735238
v -0.55412453 -0.01178988 -0.17737590
v -0.55412453 -0.00392996 -0.17736582
v -0.55412453 0.00392996 -0.17733805
v -0.55412453 0.01178988 -0.17731869
v -0.55412453 0.01964981 -0.17730363
v -0.55412453 0.02750973 -0.17731082
v -0.55412453 0.03536965 -0.17733254
v -0.55412453 0.04322957 -0.17737457
v -0.55412453 0.05108950 -0.17740929
v -0.55412453 0.05894941 -0.17744744
v -0.55412453 0.06680934 -0.17746860
v -0.55412453 0.07466926 -0.17750092
v -0.55412453 0.08252918 -0.17754254
v -0.55412453 0.09038910 -0.17756845
v -0.55412453 0.09824903 -0.17758751
v -0.55412453 0.10610895 -0.17760214
v -0.55412453 0.11396887 -0.17761295
v -0.55412453 0.12182879 -0.17762859
v -0.55412453 0.12968871 -0.17766672
v -0.55412453 0.13754864 -0.17770194
v -0.55412453 0.14540856 -0.17773989
v -0.55412453 0.15326849 -0.17777917
v -0.55412453 0.16112840 -0.17780574
v -0.55412453 0.16898833 -0.17780675
v -0.55412453 0.17684825 -0.17782366
v -0.55412453 0.18470818 -0.17790174
v -0.55412453 0.19256809 -0.17795949
v -0.55412453 0.20042801 -0.17793892
v -0.55412453 0.20828794 -0.17790546
v -0.55412453 0.21614785 -0.17787932
v -0.55412453 0.22400779 -0.17789598
v -0.55412453 0.23186770 -0.17793629
v -0.55412453 0.23972763 -0.17798203
v -0.55412453 0.24758755 -0.17802940
v -0.55412453 0.25544748 -0.17808266
v -0.55412453 0.26330739 -0.17813388
v -0.55412453 0.27116731 -0.17817686
v -0.55412453 0.27902722 -0.17821608
v -0.55412453 0.28688717 -0.17825057
v -0.55412453 0.29474708 -0.17828120
v -0.55412453 0.30260700 -0.17830351
v -0.55412453 0.31046692 -0.17833991
v -0.55412453 0.31832686 -0.17837973
v -0.55412453 0.32618678 -0.17843598
v -0.55412453 0.33404669 -0.17849176
v -0.55412453 0.34190661 -0.17854559
v -0.55412453 0.34976652 -0.17859639
v -0.55412453 0.35762647 -0.17864977
v -0.55412453 0.36548638 -0.17870799
v -0.55412453 0.37334630 -0.17875446
v -0.55412453 0.38120621 -0.17880130
v -0.55412453 0.38906616 -0.17883566
v -0.55412453 0.39692608 -0.17884885
v -0.55412453 0.40478599 -0.17885910
v -0.55412453 0.41264591 -0.17888436
v -0.55412453 0.42050582 -0.17892753
v -0.55412453 0.42836577 -0.17898947
v -0.55412453 0.43622568 -0.17905897
v -0.55412453 0.44408560 -0.17913285
v -0.55412453 0.45194551 -0.17921633
v -0.55412453 0.45980546 -0.17930742
v -0.55412453 0.46766537 -0.17941584
v -0.55412453 0.47552529 -0.17951700
v -0.55412453 0.48338521 -0.17962410
v -0.55412453 0.49124515 -0.17971753
v -0.55412453 0.49910507 -0.17982768
v -0.55412453 0.50696498 -0.17999145
v -0.55412453 0.51482493 -0.18026945
v -0.55412453 0.52268481 -0.18067075
v -0.55412453 0.53054476 -0.18128619
v -0.55412453 0.53840464 -0.18218850
v -0.55412453 0.54626459 -0.18335035
v -0.55643505 0.55412453 -0.18470818
v -0.55412453 0.55397457 -0.18470818
v -0.55412453 0.55412453 -0.18473594
v -0.55412453 0.56198442 -0.18688664
v -0.55412453 0.56984437 -0.19068545
v -0.55412453 0.57218879 -0.19256809
v -0.55412453 0.57770425 -0.19741507
v -0.55412453 0.58556420 -0.20032248
v -0.54626459 -0.59342414 -0.18145151
v -0.54626459 -0.58556420 -0.18209746
v -0.54626459 -0.57770425 -0.18102863
v -0.54626459 -0.56984437 -0.18033080
v -0.54626459 -0.56198442 -0.17995164
v -0.54626459 -0.55412453 -0.17983170
v -0.54626459 -0.54626459 -0.17977852
v -0.54626459 -0.53840464 -0.17967226
v -0.54626459 -0.53054476 -0.17955297
v -0.54626459 -0.52268481 -0.17946440
v -0.54626459 -0.51482493 -0.17937961
v -0.54626459 -0.50696498 -0.17936318
v -0.54626459 -0.49910507 -0.17942639
v -0.54626459 -0.49124515 -0.17940725
v -0.54626459 -0.48338521 -0.17932157
v -0.54626459 -0.47552529 -0.17921434
v -0.54626459 -0.46766537 -0.17915107
v -0.54626459 -0.45980546 -0.17909855
v -0.54626459 -0.45194551 -0.17904614
v -0.54626459 -0.44408560 -0.17900188
v -0.54626459 -0.43622568 -0.17895259
v -0.54626459 -0.42836577 -0.17889695
v -0.54626459 -0.42050582 -0.17883451
v -0.54626459 -0.41264591 -0.17876604
v -0.54626459 -0.40478599 -0.17877497
v -0.54626459 -0.39692608 -0.17879620
v -0.54626459 -0.38906616 -0.17874409
v -0.54626459 -0.38120621 -0.17864755
v -0.54626459 -0.37334630 -0.17855634
v -0.54626459 -0.36548638 -0.17848839
v -0.54626459 -0.35762647 -0.17843539
v -0.54626459 -0.34976652 -0.17838070
v -0.54626459 -0.34190661 -0.17833355
v -0.54626459 -0.33404669 -0.17829254
v -0.54626459 -0.32618678 -0.17824133
v -0.54626459 -0.31832686 -0.17817387
v -0.54626459 -0.31046692 -0.17811576
v -0.54626459 -0.30260700 -0.17807481
v -0.54626459 -0.29474708 -0.17802203
v -0.54626459 -0.28688717 -0.17795487
v -0.54626459 -0.27902722 -0.17788368
v -0.54626459 -0.27116731 -0.17783110
v -0.54626459 -0.26330739 -0.17778432
v -0.54626459 -0.25544748 -0.17773858
v -0.54626459 -0.24758755 -0.17771050
v -0.54626459 -0.23972763 -0.17768592
v -0.54626459 -0.23186770 -0.17766230
v -0.54626459 -0.22400779 -0.17762002
v -0.54626459 -0.21614785 -0.17756437
v -0.54626459 -0.20828794 -0.17758098
v -0.54626459 -0.20042801 -0.17759369
v -0.54626459 -0.19256809 -0.17754081
v -0.54626459 -0.18470818 -0.17745624
v -0.54626459 -0.17684825 -0.17739797
v -0.54626459 -0.16898833 -0.17735742
v -0.54626459 -0.16112840 -0.17733283
v -0.54626459 -0.15326849 -0.17732324
v -0.54626459 -0.14540856 -0.17731982
v -0.54626459 -0.13754864 -0.17730226
v -0.54626459 -0.12968871 -0.17729399
v -0.54626459 -0.12182879 -0.17727023
v -0.54626459 -0.11396887 -0.17727257
v -0.54626459 -0.10610895 -0.17726082
v -0.54626459 -0.09824903 -0.17725003
v -0.54626459 -0.09038910 -0.17723809
v -0.54626459 -0.08252918 -0.17723474
v -0.54626459 -0.07466926 -0.17725416
v -0.54626459 -0.06680934 -0.17726621
v -0.54626459 -0.05894941 -0.17728211
v -0.54626459 -0.05108950 -0.17731310
v -0.54626459 -0.04322957 -0.17734057
v -0.54626459 -0.03536965 -0.17736594
v -0.54626459 -0.02750973 -0.17736894
v -0.54626459 -0.01964981 -0.17738837
v -0.54626459 -0.01178988 -0.17740786
v -0.54626459 -0.00392996 -0.17738980
v -0.54626459 0.00392996 -0.17736648
v -0.54626459 0.01178988 -0.17734453
v -0.54626459 0.01964981 -0.17732865
v -0.54626459 0.02750973 -0.17733493
v -0.54626459 0.03536965 -0.17736210
v -0.54626459 0.04322957 -0.17740072
v -0.54626459 0.05108950 -0.17743915
v -0.54626459 0.05894941 -0.17747010
v -0.54626459 0.06680934 -0.17749679
v -0.54626459 0.07466926 -0.17753528
v -0.54626459 0.08252918 -0.17756312
v -0.54626459 0.09038910 -0.17760053
v -0.54626459 0.09824903 -0.17761517
v -0.54626459 0.10610895 -0.17763698
v -0.54626459 0.11396887 -0.17764707
v -0.54626459 0.12182879 -0.17768298
v -0.54626459 0.12968871 -0.17771068
v -0.54626459 0.13754864 -0.17774343
v -0.54626459 0.14540856 -0.17777455
v -0.54626459 0.15326849 -0.17781575
v -0.54626459 0.16112840 -0.17785370
v -0.54626459 0.16898833 -0.17785838
v -0.54626459 0.17684825 -0.17786229
v -0.54626459 0.18470818 -0.17795181
v -0.54626459 0.19256809 -0.17801052
v -0.54626459 0.20042801 -0.17798150
v -0.54626459 0.20828794 -0.17794329
v -0.54626459 0.21614785 -0.17791864
v -0.54626459 0.22400779 -0.17793424
v -0.54626459 0.23186770 -0.17797220
v -0.54626459 0.23972763 -0.17802246
v -0.54626459 0.24758755 -0.17806928
v -0.54626459 0.25544748 -0.17812091
v -0.54626459 0.26330739 -0.17816775
v -0.54626459 0.27116731 -0.17821662
v -0.54626459 0.27902722 -0.17825608
v -0.54626459 0.28688717 -0.17829320
v -0.54626459 0.29474708 -0.17831953
v -0.54626459 0.30260700 -0.17834087
v -0.54626459 0.31046692 -0.17837434
v -0.54626459 0.31832686 -0.17841493
v -0.54626459 0.32618678 -0.17846537
v -0.54626459 0.33404669 -0.17852598
v -0.54626459 0.34190661 -0.17858469
v -0.54626459 0.34976652 -0.17864239
v -0.54626459 0.35762647 -0.17869078
v -0.54626459 0.36548638 -0.17874978
v -0.54626459 0.37334630 -0.17879374
v -0.54626459 0.38120621 -0.17883998
v -0.54626459 0.38906616 -0.17887068
v -0.54626459 0.39692608 -0.17888249
v -0.54626459 0.40478599 -0.17889808
v -0.54626459 0.41264591 -0.17892975
v -0.54626459 0.42050582 -0.17897268
v -0.54626459 0.42836577 -0.17902683
v -0.54626459 0.43622568 -0.17910095
v -0.54626459 0.44408560 -0.17917764
v -0.54626459 0.45194551 -0.17926094
v -0.54626459 0.45980546 -0.17935857
v -0.54626459 0.46766537 -0.17945319
v -0.54626459 0.47552529 -0.17956473
v -0.54626459 0.48338521 -0.17966199
v -0.54626459 0.49124515 -0.17976886
v -0.54626459 0.49910507 -0.17988117
v -0.54626459 0.50696498 -0.18004614
v -0.54626459 0.51482493 -0.18031599
v -0.54626459 0.52268481 -0.18073294
v -0.54626459 0.53054476 -0.18134502
v -0.54626459 0.53840464 -0.18225351
v -0.54626459 0.54626459 -0.18343292
v -0.54626459 0.55354536 -0.18470818
v -0.54626459 0.55412453 -0.18481527
v -0.54626459 0.56198442 -0.18703049
v -0.54626459 0.56984437 -0.19086204
v -0.54626459 0.57195914 -0.19256809
v -0.54626459 0.57770425 -0.19771436
v -0.55159211 0.58556420 -0.20042801
v -0.54626459 0.58486557 -0.20042801
v -0.54626459 0.58556420 -0.20063376
v -0.53840464 -0.59342414 -0.18166187
v -0.53840464 -0.58556420 -0.18222149
v -0.53840464 -0.57770425 -0.18114425
v -0.53840464 -0.56984437 -0.18045996
v -0.53840464 -0.56198442 -0.18008356
v -0.53840464 -0.55412453 -0.17996867
v -0.53840464 -0.54626459 -0.17989707
v -0.53840464 -0.53840464 -0.17976376
v -0.53840464 -0.53054476 -0.17963974
v -0.53840464 -0.52268481 -0.17954500
v -0.53840464 -0.51482493 -0.17945930
v -0.53840464 -0.50696498 -0.17942764
v -0.53840464 -0.49910507 -0.17948480
v -0.53840464 -0.49124515 -0.17947459
v -0.53840464 -0.48338521 -0.17937422
v -0.53840464 -0.47552529 -0.17927209
v -0.53840464 -0.46766537 -0.17920056
v -0.53840464 -0.45980546 -0.17915533
v -0.53840464 -0.45194551 -0.17910047
v -0.53840464 -0.44408560 -0.17905675
v -0.53840464 -0.43622568 -0.17901255
v -0.53840464 -0.42836577 -0.17895181
v -0.53840464 -0.42050582 -0.17888753
v -0.53840464 -0.41264591 -0.17882888
v -0.53840464 -0.40478599 -0.17883739
v -0.53840464 -0.39692608 -0.17885971
v -0.53840464 -0.38906616 -0.17880237
v -0.53840464 -0.38120621 -0.17870164
v -0.53840464 -0.37334630 -0.17861541
v -0.53840464 -0.36548638 -0.17854841
v -0.53840464 -0.35762647 -0.17848779
v -0.53840464 -0.34976652 -0.17843921
v -0.53840464 -0.34190661 -0.17838447
v -0.53840464 -0.33404669 -0.17833416
v -0.53840464 -0.32618678 -0.17828318
v -0.53840464 -0.31832686 -0.17822459
v -0.53840464 -0.31046692 -0.17816344
v -0.53840464 -0.30260700 -0.17811510
v -0.53840464 -0.29474708 -0.17804968
v -0.53840464 -0.28688717 -0.17798629
v -0.53840464 -0.27902722 -0.17792518
v -0.53840464 -0.27116731 -0.17786996
v -0.53840464 -0.26330739 -0.17781024
v -0.53840464 -0.25544748 -0.17777425
v -0.53840464 -0.24758755 -0.17773864
v -0.53840464 -0.23972763 -0.17771092
v -0.53840464 -0.23186770 -0.17769054
v -0.53840464 -0.22400779 -0.17764005
v -0.53840464 -0.21614785 -0.17759310
v -0.53840464 -0.20828794 -0.17760652
v -0.53840464 -0.20042801 -0.17762601
v -0.53840464 -0.19256809 -0.17755088
v -0.53840464 -0.18470818 -0.17746848
v -0.53840464 -0.17684825 -0.17740546
v -0.53840464 -0.16898833 -0.17736936
v -0.53840464 -0.16112840 -0.17734352
v -0.53840464 -0.15326849 -0.17734352
v -0.53840464 -0.14540856 -0.17734100
v -0.53840464 -0.13754864 -0.17732169
v -0.53840464 -0.12968871 -0.17730969
v -0.53840464 -0.12182879 -0.17729399
v -0.53840464 -0.11396887 -0.17728618
v -0.53840464 -0.10610895 -0.17727646
v -0.53840464 -0.09824903 -0.17727450
v -0.53840464 -0.09038910 -0.17726526
v -0.53840464 -0.08252918 -0.17726387
v -0.53840464 -0.07466926 -0.17727666
v -0.53840464 -0.06680934 -0.17729212
v -0.53840464 -0.05894941 -0.17732798
v -0.53840464 -0.05108950 -0.17736313
v -0.53840464 -0.04322957 -0.17737602
v -0.53840464 -0.03536965 -0.17740162
v -0.53840464 -0.02750973 -0.17741752
v -0.53840464 -0.01964981 -0.17743796
v -0.53840464 -0.01178988 -0.17743808
v -0.53840464 -0.00392996 -0.17744480
v -0.53840464 0.00392996 -0.17741092
v -0.53840464 0.01178988 -0.17739539
v -0.53840464 0.01964981 -0.17737919
v -0.53840464 0.02750973 -0.17738722
v -0.53840464 0.03536965 -0.17741391
v -0.53840464 0.04322957 -0.17744875
v -0.53840464 0.05108950 -0.17749336
v -0.53840464 0.05894941 -0.17751946
v -0.53840464 0.06680934 -0.17755568
v -0.53840464 0.07466926 -0.17758997
v -0.53840464 0.08252918 -0.17763357
v -0.53840464 0.09038910 -0.17767315
v -0.53840464 0.09824903 -0.17768461
v -0.53840464 0.10610895 -0.17770253
v -0.53840464 0.11396887 -0.17772377
v -0.53840464 0.12182879 -0.17775559
v -0.53840464 0.12968871 -0.17778492
v -0.53840464 0.13754864 -0.17782547
v -0.53840464 0.14540856 -0.17786534
v -0.53840464 0.15326849 -0.17789766
v -0.53840464 0.16112840 -0.17794065
v -0.53840464 0.16898833 -0.17794906
v -0.53840464 0.17684825 -0.17796603
v -0.53840464 0.18470818 -0.17803517
v -0.53840464 0.19256809 -0.17809537
v -0.53840464 0.20042801 -0.17805375
v -0.53840464 0.20828794 -0.17802233
v -0.53840464 0.21614785 -0.17800105
v -0.53840464 0.22400779 -0.17800704
v -0.53840464 0.23186770 -0.17803799
v -0.53840464 0.23972763 -0.17808260
v -0.53840464 0.24758755 -0.17813477
v -0.53840464 0.25544748 -0.17818646
v -0.53840464 0.26330739 -0.17823498
v -0.53840464 0.27116731 -0.17828187
v -0.53840464 0.27902722 -0.17831635
v -0.53840464 0.28688717 -0.17835778
v -0.53840464 0.29474708 -0.17838070
v -0.53840464 0.30260700 -0.17840120
v -0.53840464 0.31046692 -0.17843382
v -0.53840464 0.31832686 -0.17847088
v -0.53840464 0.32618678 -0.17852029
v -0.53840464 0.33404669 -0.17857157
v -0.53840464 0.34190661 -0.17864263
v -0.53840464 0.34976652 -0.17869516
v -0.53840464 0.35762647 -0.17874955
v -0.53840464 0.36548638 -0.17880370
v -0.53840464 0.37334630 -0.17885095
v -0.53840464 0.38120621 -0.17889749
v -0.53840464 0.38906616 -0.17893383
v -0.53840464 0.39692608 -0.17894426
v -0.53840464 0.40478599 -0.17895211
v -0.53840464 0.41264591 -0.17898011
v -0.53840464 0.42050582 -0.17902875
v -0.53840464 0.42836577 -0.17909099
v -0.53840464 0.43622568 -0.17915756
v -0.53840464 0.44408560 -0.17923288
v -0.53840464 0.45194551 -0.17932270
v -0.53840464 0.45980546 -0.17940438
v -0.53840464 0.46766537 -0.17950957
v -0.53840464 0.47552529 -0.17961186
v -0.53840464 0.48338521 -0.17972173
v -0.53840464 0.49124515 -0.17982006
v -0.53840464 0.49910507 -0.17993292
v -0.53840464 0.50696498 -0.18009938
v -0.53840464 0.51482493 -0.18037896
v -0.53840464 0.52268481 -0.18078955
v -0.53840464 0.53054476 -0.18140888
v -0.53840464 0.53840464 -0.18231815
v -0.53840464 0.54626459 -0.18348983
v -0.53840464 0.55319202 -0.18470818
v -0.53840464 0.55412453 -0.18488213
v -0.53840464 0.56198442 -0.18711108
v -0.53840464 0.56984437 -0.19099319
v -0.53840464 0.57177633 -0.19256809
v -0.53840464 0.57770425 -0.19804801
v -0.53840464 0.58375490 -0.20042801
v -0.53840464 0.58556420 -0.20098120
v -0.53054476 -0.59342414 -0.18189892
v -0.53054476 -0.58556420 -0.18239947
v -0.53054476 -0.57770425 -0.18131246
v -0.53054476 -0.56984437 -0.18063009
v -0.53054476 -0.56198442 -0.18025368
v -0.53054476 -0.55412453 -0.18012895
v -0.53054476 -0.54626459 -0.18003145
v -0.53054476 -0.53840464 -0.17988843
v -0.53054476 -0.53054476 -0.17975260
v -0.53054476 -0.52268481 -0.17964610
v -0.53054476 -0.51482493 -0.17954746
v -0.53054476 -0.50696498 -0.17951807
v -0.53054476 -0.49910507 -0.17957576
v -0.53054476 -0.49124515 -0.17954746
v -0.53054476 -0.48338521 -0.17943640
v -0.53054476 -0.47552529 -0.17933373
v -0.53054476 -0.46766537 -0.17926286
v -0.53054476 -0.45980546 -0.17920889
v -0.53054476 -0.45194551 -0.17915528
v -0.53054476 -0.44408560 -0.17911863
v -0.53054476 -0.43622568 -0.17906700
v -0.53054476 -0.42836577 -0.17901886
v -0.53054476 -0.42050582 -0.17894408
v -0.53054476 -0.41264591 -0.17889431
v -0.53054476 -0.40478599 -0.17890744
v -0.53054476 -0.39692608 -0.17893143
v -0.53054476 -0.38906616 -0.17886300
v -0.53054476 -0.38120621 -0.17876256
v -0.53054476 -0.37334630 -0.17867416
v -0.53054476 -0.36548638 -0.17860490
v -0.53054476 -0.35762647 -0.17854272
v -0.53054476 -0.34976652 -0.17850171
v -0.53054476 -0.34190661 -0.17844617
v -0.53054476 -0.33404669 -0.17839274
v -0.53054476 -0.32618678 -0.17834099
v -0.53054476 -0.31832686 -0.17827696
v -0.53054476 -0.31046692 -0.17821854
v -0.53054476 -0.30260700 -0.17816535
v -0.53054476 -0.29474708 -0.17810586
v -0.53054476 -0.28688717 -0.17803936
v -0.53054476 -0.27902722 -0.17797136
v -0.53054476 -0.27116731 -0.17791218
v -0.53054476 -0.26330739 -0.17785928
v -0.53054476 -0.25544748 -0.17781773
v -0.53054476 -0.24758755 -0.17778397
v -0.53054476 -0.23972763 -0.17775020
v -0.53054476 -0.23186770 -0.17773011
v -0.53054476 -0.22400779 -0.17766829
v -0.53054476 -0.21614785 -0.17763256
v -0.53054476 -0.20828794 -0.17764245
v -0.53054476 -0.20042801 -0.17766660
v -0.53054476 -0.19256809 -0.17758656
v -0.53054476 -0.18470818 -0.17749883
v -0.53054476 -0.17684825 -0.17743976
v -0.53054476 -0.16898833 -0.17739646
v -0.53054476 -0.16112840 -0.17738183
v -0.53054476 -0.15326849 -0.17737140
v -0.53054476 -0.14540856 -0.17736079
v -0.53054476 -0.13754864 -0.17735280
v -0.53054476 -0.12968871 -0.17734118
v -0.53054476 -0.12182879 -0.17732948
v -0.53054476 -0.11396887 -0.17731443
v -0.53054476 -0.10610895 -0.17731485
v -0.53054476 -0.09824903 -0.17732228
v -0.53054476 -0.09038910 -0.17731443
v -0.53054476 -0.08252918 -0.17730993
v -0.53054476 -0.07466926 -0.17732270
v -0.53054476 -0.06680934 -0.17734100
v -0.53054476 -0.05894941 -0.17738003
v -0.53054476 -0.05108950 -0.17741302
v -0.53054476 -0.04322957 -0.17744371
v -0.53054476 -0.03536965 -0.17746429
v -0.53054476 -0.02750973 -0.17748713
v -0.53054476 -0.01964981 -0.17750242
v -0.53054476 -0.01178988 -0.17752197
v -0.53054476 -0.00392996 -0.17750488
v -0.53054476 0.00392996 -0.17749025
v -0.53054476 0.01178988 -0.17746753
v -0.53054476 0.01964981 -0.17745151
v -0.53054476 0.02750973 -0.17745727
v -0.53054476 0.03536965 -0.17748749
v -0.53054476 0.04322957 -0.17752396
v -0.53054476 0.05108950 -0.17756706
v -0.53054476 0.05894941 -0.17759950
v -0.53054476 0.06680934 -0.17763357
v -0.53054476 0.07466926 -0.17768209
v -0.53054476 0.08252918 -0.17771435
v -0.53054476 0.09038910 -0.17775284
v -0.53054476 0.09824903 -0.17777629
v -0.53054476 0.10610895 -0.17779943
v -0.53054476 0.11396887 -0.17781845
v -0.53054476 0.12182879 -0.17785005
v -0.53054476 0.12968871 -0.17788939
v -0.53054476 0.13754864 -0.17793040
v -0.53054476 0.14540856 -0.17796345
v -0.53054476 0.15326849 -0.17799607
v -0.53054476 0.16112840 -0.17803757
v -0.53054476 0.16898833 -0.17804717
v -0.53054476 0.17684825 -0.17805938
v -0.53054476 0.18470818 -0.17813596
v -0.53054476 0.19256809 -0.17818551
v -0.53054476 0.20042801 -0.17814887
v -0.53054476 0.20828794 -0.17810413
v -0.53054476 0.21614785 -0.17807642
v -0.53054476 0.22400779 -0.17807864
v -0.53054476 0.23186770 -0.17811498
v -0.53054476 0.23972763 -0.17815486
v -0.53054476 0.24758755 -0.17820421
v -0.53054476 0.25544748 -0.17825614
v -0.53054476 0.26330739 -0.17830884
v -0.53054476 0.27116731 -0.17834909
v -0.53054476 0.27902722 -0.17839119
v -0.53054476 0.28688717 -0.17842327
v -0.53054476 0.29474708 -0.17844467
v -0.53054476 0.30260700 -0.17845450
v -0.53054476 0.31046692 -0.17848407
v -0.53054476 0.31832686 -0.17852654
v -0.53054476 0.32618678 -0.17858265
v -0.53054476 0.33404669 -0.17863292
v -0.53054476 0.34190661 -0.17868251
v -0.53054476 0.34976652 -0.17874564
v -0.53054476 0.35762647 -0.17880705
v -0.53054476 0.36548638 -0.17885430
v -0.53054476 0.37334630 -0.17890030
v -0.53054476 0.38120621 -0.17894858
v -0.53054476 0.38906616 -0.17898384
v -0.53054476 0.39692608 -0.17898521
v -0.53054476 0.40478599 -0.17900434
v -0.53054476 0.41264591 -0.17903577
v -0.53054476 0.42050582 -0.17907523
v -0.53054476 0.42836577 -0.17913519
v -0.53054476 0.43622568 -0.17920715
v -0.53054476 0.44408560 -0.17928271
v -0.53054476 0.45194551 -0.17937014
v -0.53054476 0.45980546 -0.17946194
v -0.53054476 0.46766537 -0.17955868
v -0.53054476 0.47552529 -0.17966980
v -0.53054476 0.48338521 -0.17976849
v -0.53054476 0.49124515 -0.17987187
v -0.53054476 0.49910507 -0.17999373
v -0.53054476 0.50696498 -0.18015762
v -0.53054476 0.51482493 -0.18043928
v -0.53054476 0.52268481 -0.18084364
v -0.53054476 0.53054476 -0.18146770
v -0.53054476 0.53840464 -0.18237482
v -0.53054476 0.54626459 -0.18354596
v -0.53054476 0.55285656 -0.18470818
v -0.53054476 0.55412453 -0.18494473
v -0.53054476 0.56198442 -0.18717939
v -0.53054476 0.56984437 -0.19109586
v -0.53054476 0.57162356 -0.19256809
v -0.53054476 0.57770425 -0.19831510
v -0.53054476 0.58285105 -0.20042801
v -0.53054476 0.58556420 -0.20130137
v -0.52268481 -0.59342414 -0.18219611
v -0.52268481 -0.58556420 -0.18260743
v -0.52268481 -0.57770425 -0.18148851
v -0.52268481 -0.56984437 -0.18078780
v -0.52268481 -0.56198442 -0.18039899
v -0.52268481 -0.55412453 -0.18024486
v -0.52268481 -0.54626459 -0.18013670
v -0.52268481 -0.53840464 -0.17997736
v -0.52268481 -0.53054476 -0.17982408
v -0.52268481 -0.52268481 -0.17970900
v -0.52268481 -0.51482493 -0.17960671
v -0.52268481 -0.50696498 -0.17958614
v -0.52268481 -0.49910507 -0.17964125
v -0.52268481 -0.49124515 -0.17960268
v -0.52268481 -0.48338521 -0.17948611
v -0.52268481 -0.47552529 -0.17937805
v -0.52268481 -0.46766537 -0.17930460
v -0.52268481 -0.45980546 -0.17924781
v -0.52268481 -0.45194551 -0.17919444
v -0.52268481 -0.44408560 -0.17915078
v -0.52268481 -0.43622568 -0.17910101
v -0.52268481 -0.42836577 -0.17904860
v -0.52268481 -0.42050582 -0.17898810
v -0.52268481 -0.41264591 -0.17893167
v -0.52268481 -0.40478599 -0.17894384
v -0.52268481 -0.39692608 -0.17896980
v -0.52268481 -0.38906616 -0.17889808
v -0.52268481 -0.38120621 -0.17880423
v -0.52268481 -0.37334630 -0.17872274
v -0.52268481 -0.36548638 -0.17865042
v -0.52268481 -0.35762647 -0.17859586
v -0.52268481 -0.34976652 -0.17854284
v -0.52268481 -0.34190661 -0.17849427
v -0.52268481 -0.33404669 -0.17843400
v -0.52268481 -0.32618678 -0.17837985
v -0.52268481 -0.31832686 -0.17831737
v -0.52268481 -0.31046692 -0.17825980
v -0.52268481 -0.30260700 -0.17820613
v -0.52268481 -0.29474708 -0.17814431
v -0.52268481 -0.28688717 -0.17808188
v -0.52268481 -0.27902722 -0.17801538
v -0.52268481 -0.27116731 -0.17795685
v -0.52268481 -0.26330739 -0.17790186
v -0.52268481 -0.25544748 -0.17785941
v -0.52268481 -0.24758755 -0.17781503
v -0.52268481 -0.23972763 -0.17778918
v -0.52268481 -0.23186770 -0.17775787
v -0.52268481 -0.22400779 -0.17770834
v -0.52268481 -0.21614785 -0.17766511
v -0.52268481 -0.20828794 -0.17768604
v -0.52268481 -0.20042801 -0.17769521
v -0.52268481 -0.19256809 -0.17762314
v -0.52268481 -0.18470818 -0.17753480
v -0.52268481 -0.17684825 -0.17747268
v -0.52268481 -0.16898833 -0.17743281
v -0.52268481 -0.16112840 -0.17741488
v -0.52268481 -0.15326849 -0.17740306
v -0.52268481 -0.14540856 -0.17739616
v -0.52268481 -0.13754864 -0.17738914
v -0.52268481 -0.12968871 -0.17736912
v -0.52268481 -0.12182879 -0.17736000
v -0.52268481 -0.11396887 -0.17735970
v -0.52268481 -0.10610895 -0.17735796
v -0.52268481 -0.09824903 -0.17735611
v -0.52268481 -0.09038910 -0.17736030
v -0.52268481 -0.08252918 -0.17735928
v -0.52268481 -0.07466926 -0.17737013
v -0.52268481 -0.06680934 -0.17739987
v -0.52268481 -0.05894941 -0.17743705
v -0.52268481 -0.05108950 -0.17746554
v -0.52268481 -0.04322957 -0.17750260
v -0.52268481 -0.03536965 -0.17753516
v -0.52268481 -0.02750973 -0.17754878
v -0.52268481 -0.01964981 -0.17756893
v -0.52268481 -0.01178988 -0.17759663
v -0.52268481 -0.00392996 -0.17758854
v -0.52268481 0.00392996 -0.17756887
v -0.52268481 0.01178988 -0.17754440
v -0.52268481 0.01964981 -0.17752923
v -0.52268481 0.02750973 -0.17754200
v -0.52268481 0.03536965 -0.17756718
v -0.52268481 0.04322957 -0.17760922
v -0.52268481 0.05108950 -0.17763795
v -0.52268481 0.05894941 -0.17768556
v -0.52268481 0.06680934 -0.17772028
v -0.52268481 0.07466926 -0.17776142
v -0.52268481 0.08252918 -0.17780334
v -0.52268481 0.09038910 -0.17784639
v -0.52268481 0.09824903 -0.17787428
v -0.52268481 0.10610895 -0.17789604
v -0.52268481 0.11396887 -0.17791949
v -0.52268481 0.12182879 -0.17794923
v -0.52268481 0.12968871 -0.17798743
v -0.52268481 0.13754864 -0.17802359
v -0.52268481 0.14540856 -0.17805825
v -0.52268481 0.15326849 -0.17809682
v -0.52268481 0.16112840 -0.17813273
v -0.52268481 0.16898833 -0.17814407
v -0.52268481 0.17684825 -0.17815331
v -0.52268481 0.18470818 -0.17823599
v -0.52268481 0.19256809 -0.17827839
v -0.52268481 0.20042801 -0.17823042
v -0.52268481 0.20828794 -0.17817956
v -0.52268481 0.21614785 -0.17814736
v -0.52268481 0.22400779 -0.17814857
v -0.52268481 0.23186770 -0.17816824
v -0.52268481 0.23972763 -0.17821087
v -0.52268481 0.24758755 -0.17826873
v -0.52268481 0.25544748 -0.17831083
v -0.52268481 0.26330739 -0.17836732
v -0.52268481 0.27116731 -0.17840186
v -0.52268481 0.27902722 -0.17843933
v -0.52268481 0.28688717 -0.17846453
v -0.52268481 0.29474708 -0.17848599
v -0.52268481 0.30260700 -0.17850699
v -0.52268481 0.31046692 -0.17853865
v -0.52268481 0.31832686 -0.17857414
v -0.52268481 0.32618678 -0.17862451
v -0.52268481 0.33404669 -0.17867351
v -0.52268481 0.34190661 -0.17873077
v -0.52268481 0.34976652 -0.17878817
v -0.52268481 0.35762647 -0.17884280
v -0.52268481 0.36548638 -0.17889334
v -0.52268481 0.37334630 -0.17893597
v -0.52268481 0.38120621 -0.17897928
v -0.52268481 0.38906616 -0.17901604
v -0.52268481 0.39692608 -0.17903402
v -0.52268481 0.40478599 -0.17904080
v -0.52268481 0.41264591 -0.17906347
v -0.52268481 0.42050582 -0.17910971
v -0.52268481 0.42836577 -0.17917770
v -0.52268481 0.43622568 -0.17924038
v -0.52268481 0.44408560 -0.17931809
v -0.52268481 0.45194551 -0.17940539
v -0.52268481 0.45980546 -0.17949457
v -0.52268481 0.46766537 -0.17959622
v -0.52268481 0.47552529 -0.17970020
v -0.52268481 0.48338521 -0.17980711
v -0.52268481 0.49124515 -0.17991775
v -0.52268481 0.49910507 -0.18004116
v -0.52268481 0.50696498 -0.18020318
v -0.52268481 0.51482493 -0.18048467
v -0.52268481 0.52268481 -0.18088081
v -0.52268481 0.53054476 -0.18150333
v -0.52268481 0.53840464 -0.18241218
v -0.52268481 0.54626459 -0.18358038
v -0.52268481 0.55258483 -0.18470818
v -0.52268481 0.55412453 -0.18499793
v -0.52268481 0.56198442 -0.18724212
v -0.52268481 0.56984437 -0.19122508
v -0.52268481 0.57145745 -0.19256809
v -0.52268481 0.57770425 -0.19849266
v -0.52268481 0.58220631 -0.20042801
v -0.52268481 0.58556420 -0.20156401
v -0.51482493 -0.59342414 -0.18257150
v -0.51482493 -0.58556420 -0.18283260
v -0.51482493 -0.57770425 -0.18164946
v -0.51482493 -0.56984437 -0.18091278
v -0.51482493 -0.56198442 -0.18049049
v -0.51482493 -0.55412453 -0.18032312
v -0.51482493 -0.54626459 -0.18017560
v -0.51482493 -0.53840464 -0.18000591
v -0.51482493 -0.53054476 -0.17984286
v -0.51482493 -0.52268481 -0.17972310
v -0.51482493 -0.51482493 -0.17962800
v -0.51482493 -0.50696498 -0.17961240
v -0.51482493 -0.49910507 -0.17966554
v -0.51482493 -0.49124515 -0.17962164
v -0.51482493 -0.48338521 -0.17951028
v -0.51482493 -0.47552529 -0.17939454
v -0.51482493 -0.46766537 -0.17932025
v -0.51482493 -0.45980546 -0.17925967
v -0.51482493 -0.45194551 -0.17921002
v -0.51482493 -0.44408560 -0.17916763
v -0.51482493 -0.43622568 -0.17911756
v -0.51482493 -0.42836577 -0.17906436
v -0.51482493 -0.42050582 -0.17900188
v -0.51482493 -0.41264591 -0.17895259
v -0.51482493 -0.40478599 -0.17896909
v -0.51482493 -0.39692608 -0.17898810
v -0.51482493 -0.38906616 -0.17892620
v -0.51482493 -0.38120621 -0.17883445
v -0.51482493 -0.37334630 -0.17874919
v -0.51482493 -0.36548638 -0.17867878
v -0.51482493 -0.35762647 -0.17862542
v -0.51482493 -0.34976652 -0.17857343
v -0.51482493 -0.34190661 -0.17852893
v -0.51482493 -0.33404669 -0.17847197
v -0.51482493 -0.32618678 -0.17840959
v -0.51482493 -0.31832686 -0.17834885
v -0.51482493 -0.31046692 -0.17829062
v -0.51482493 -0.30260700 -0.17823833
v -0.51482493 -0.29474708 -0.17817548
v -0.51482493 -0.28688717 -0.17812295
v -0.51482493 -0.27902722 -0.17805435
v -0.51482493 -0.27116731 -0.17799228
v -0.51482493 -0.26330739 -0.17793952
v -0.51482493 -0.25544748 -0.17789538
v -0.51482493 -0.24758755 -0.17785953
v -0.51482493 -0.23972763 -0.17782073
v -0.51482493 -0.23186770 -0.17780159
v -0.51482493 -0.22400779 -0.17774552
v -0.51482493 -0.21614785 -0.17770194
v -0.51482493 -0.20828794 -0.17772934
v -0.51482493 -0.20042801 -0.17773888
v -0.51482493 -0.19256809 -0.17766601
v -0.51482493 -0.18470818 -0.17757912
v -0.51482493 -0.17684825 -0.17752215
v -0.51482493 -0.16898833 -0.17747706
v -0.51482493 -0.16112840 -0.17745271
v -0.51482493 -0.15326849 -0.17744456
v -0.51482493 -0.14540856 -0.17744401
v -0.51482493 -0.13754864 -0.17743005
v -0.51482493 -0.12968871 -0.17741655
v -0.51482493 -0.12182879 -0.17741092
v -0.51482493 -0.11396887 -0.17740750
v -0.51482493 -0.10610895 -0.17741290
v -0.51482493 -0.09824903 -0.17741325
v -0.51482493 -0.09038910 -0.17740935
v -0.51482493 -0.08252918 -0.17741308
v -0.51482493 -0.07466926 -0.17743263
v -0.51482493 -0.06680934 -0.17746824
v -0.51482493 -0.05894941 -0.17750032
v -0.51482493 -0.05108950 -0.17754008
v -0.51482493 -0.04322957 -0.17757024
v -0.51482493 -0.03536965 -0.17760167
v -0.51482493 -0.02750973 -0.17762560
v -0.51482493 -0.01964981 -0.17764328
v -0.51482493 -0.01178988 -0.17766823
v -0.51482493 -0.00392996 -0.17766488
v -0.51482493 0.00392996 -0.17764436
v -0.51482493 0.01178988 -0.17762548
v -0.51482493 0.01964981 -0.17761888
v -0.51482493 0.02750973 -0.17762889
v -0.51482493 0.03536965 -0.17765318
v -0.51482493 0.04322957 -0.17768562
v -0.51482493 0.05108950 -0.17772874
v -0.51482493 0.05894941 -0.17777383
v -0.51482493 0.06680934 -0.17780861
v -0.51482493 0.07466926 -0.17785329
v -0.51482493 0.08252918 -0.17789970
v -0.51482493 0.09038910 -0.17794077
v -0.51482493 0.09824903 -0.17796585
v -0.51482493 0.10610895 -0.17799373
v -0.51482493 0.11396887 -0.17801532
v -0.51482493 0.12182879 -0.17804943
v -0.51482493 0.12968871 -0.17808391
v -0.51482493 0.13754864 -0.17812307
v -0.51482493 0.14540856 -0.17814623
v -0.51482493 0.15326849 -0.17819864
v -0.51482493 0.16112840 -0.17822891
v -0.51482493 0.16898833 -0.17823911
v -0.51482493 0.17684825 -0.17826135
v -0.51482493 0.18470818 -0.17834471
v -0.51482493 0.19256809 -0.17838603
v -0.51482493 0.20042801 -0.17832726
v -0.51482493 0.20828794 -0.17827617
v -0.51482493 0.21614785 -0.17823970
v -0.51482493 0.22400779 -0.17823473
v -0.51482493 0.23186770 -0.17824708
v -0.51482493 0.23972763 -0.17828822
v -0.51482493 0.24758755 -0.17833085
v -0.51482493 0.25544748 -0.17838189
v -0.51482493 0.26330739 -0.17842022
v -0.51482493 0.27116731 -0.17846902
v -0.51482493 0.27902722 -0.17849199
v -0.51482493 0.28688717 -0.17852180
v -0.51482493 0.29474708 -0.17854056
v -0.51482493 0.30260700 -0.17855166
v -0.51482493 0.31046692 -0.17857720
v -0.51482493 0.31832686 -0.17860976
v -0.51482493 0.32618678 -0.17865990
v -0.51482493 0.33404669 -0.17870642
v -0.51482493 0.34190661 -0.17876753
v -0.51482493 0.34976652 -0.17881754
v -0.51482493 0.35762647 -0.17887266
v -0.51482493 0.36548638 -0.17892584
v -0.51482493 0.37334630 -0.17896482
v -0.51482493 0.38120621 -0.17901136
v -0.51482493 0.38906616 -0.17905441
v -0.51482493 0.39692608 -0.17906389
v -0.51482493 0.40478599 -0.17907523
v -0.51482493 0.41264591 -0.17909884
v -0.51482493 0.42050582 -0.17914191
v -0.51482493 0.42836577 -0.17920397
v -0.51482493 0.43622568 -0.17927720
v -0.51482493 0.44408560 -0.17935233
v -0.51482493 0.45194551 -0.17943940
v -0.51482493 0.45980546 -0.17952821
v -0.51482493 0.46766537 -0.17961480
v -0.51482493 0.47552529 -0.17972454
v -0.51482493 0.48338521 -0.17983457
v -0.51482493 0.49124515 -0.17994516
v -0.51482493 0.49910507 -0.18005969
v -0.51482493 0.50696498 -0.18022442
v -0.51482493 0.51482493 -0.18049745
v -0.51482493 0.52268481 -0.18088573
v -0.51482493 0.53054476 -0.18149655
v -0.51482493 0.53840464 -0.18239935
v -0.51482493 0.54626459 -0.18358062
v -0.51482493 0.55259138 -0.18470818
v -0.51482493 0.55412453 -0.18499458
v -0.51482493 0.56198442 -0.18725477
v -0.51482493 0.56984437 -0.19127509
v -0.51482493 0.57140094 -0.19256809
v -0.51482493 0.57770425 -0.19852839
v -0.51482493 0.58193970 -0.20042801
v -0.51482493 0.58556420 -0.20170416
v -0.50696498 -0.59342414 -0.18296926
v -0.50696498 -0.58556420 -0.18305051
v -0.50696498 -0.57770425 -0.18174715
v -0.50696498 -0.56984437 -0.18096915
v -0.50696498 -0.56198442 -0.18052916
v -0.50696498 -0.55412453 -0.18034579
v -0.50696498 -0.54626459 -0.18019959
v -0.50696498 -0.53840464 -0.18001358
v -0.50696498 -0.53054476 -0.17985430
v -0.50696498 -0.52268481 -0.17972802
v -0.50696498 -0.51482493 -0.17963998
v -0.50696498 -0.50696498 -0.17961583
v -0.50696498 -0.49910507 -0.17967279
v -0.50696498 -0.49124515 -0.17963544
v -0.50696498 -0.48338521 -0.17951526
v -0.50696498 -0.47552529 -0.17940743
v -0.50696498 -0.46766537 -0.17933182
v -0.50696498 -0.45980546 -0.17927107
v -0.50696498 -0.45194551 -0.17921896
v -0.50696498 -0.44408560 -0.17917340
v -0.50696498 -0.43622568 -0.17912674
v -0.50696498 -0.42836577 -0.17907174
v -0.50696498 -0.42050582 -0.17901999
v -0.50696498 -0.41264591 -0.17897610
v -0.50696498 -0.40478599 -0.17898983
v -0.50696498 -0.39692608 -0.17901489
v -0.50696498 -0.38906616 -0.17894144
v -0.50696498 -0.38120621 -0.17884526
v -0.50696498 -0.37334630 -0.17876646
v -0.50696498 -0.36548638 -0.17869738
v -0.50696498 -0.35762647 -0.17864743
v -0.50696498 -0.34976652 -0.17860022
v -0.50696498 -0.34190661 -0.17855430
v -0.50696498 -0.33404669 -0.17849828
v -0.50696498 -0.32618678 -0.17844449
v -0.50696498 -0.31832686 -0.17838615
v -0.50696498 -0.31046692 -0.17832090
v -0.50696498 -0.30260700 -0.17827791
v -0.50696498 -0.29474708 -0.17822459
v -0.50696498 -0.28688717 -0.17815666
v -0.50696498 -0.27902722 -0.17809676
v -0.50696498 -0.27116731 -0.17803450
v -0.50696498 -0.26330739 -0.17798653
v -0.50696498 -0.25544748 -0.17795157
v -0.50696498 -0.24758755 -0.17790599
v -0.50696498 -0.23972763 -0.17787613
v -0.50696498 -0.23186770 -0.17784603
v -0.50696498 -0.22400779 -0.17780009
v -0.50696498 -0.21614785 -0.17776316
v -0.50696498 -0.20828794 -0.17778264
v -0.50696498 -0.20042801 -0.17780663
v -0.50696498 -0.19256809 -0.17772160
v -0.50696498 -0.18470818 -0.17763603
v -0.50696498 -0.17684825 -0.17756809
v -0.50696498 -0.16898833 -0.17752905
v -0.50696498 -0.16112840 -0.17751125
v -0.50696498 -0.15326849 -0.17750302
v -0.50696498 -0.14540856 -0.17749415
v -0.50696498 -0.13754864 -0.17748731
v -0.50696498 -0.12968871 -0.17747250
v -0.50696498 -0.12182879 -0.17746854
v -0.50696498 -0.11396887 -0.17746338
v -0.50696498 -0.10610895 -0.17746207
v -0.50696498 -0.09824903 -0.17746705
v -0.50696498 -0.09038910 -0.17746776
v -0.50696498 -0.08252918 -0.17747796
v -0.50696498 -0.07466926 -0.17749360
v -0.50696498 -0.06680934 -0.17753030
v -0.50696498 -0.05894941 -0.17756017
v -0.50696498 -0.05108950 -0.17760472
v -0.50696498 -0.04322957 -0.17762427
v -0.50696498 -0.03536965 -0.17766511
v -0.50696498 -0.02750973 -0.17768671
v -0.50696498 -0.01964981 -0.17770392
v -0.50696498 -0.01178988 -0.17772658
v -0.50696498 -0.00392996 -0.17772868
v -0.50696498 0.00392996 -0.17770816
v -0.50696498 0.01178988 -0.17769648
v -0.50696498 0.01964981 -0.17768683
v -0.50696498 0.02750973 -0.17769593
v -0.50696498 0.03536965 -0.17772412
v -0.50696498 0.04322957 -0.17775819
v -0.50696498 0.05108950 -0.17780147
v -0.50696498 0.05894941 -0.17784123
v -0.50696498 0.06680934 -0.17788675
v -0.50696498 0.07466926 -0.17793088
v -0.50696498 0.08252918 -0.17797568
v -0.50696498 0.09038910 -0.17800410
v -0.50696498 0.09824903 -0.17803192
v -0.50696498 0.10610895 -0.17805706
v -0.50696498 0.11396887 -0.17808440
v -0.50696498 0.12182879 -0.17811720
v -0.50696498 0.12968871 -0.17815840
v -0.50696498 0.13754864 -0.17818850
v -0.50696498 0.14540856 -0.17822477
v -0.50696498 0.15326849 -0.17826873
v -0.50696498 0.16112840 -0.17830898
v -0.50696498 0.16898833 -0.17831358
v -0.50696498 0.17684825 -0.17834309
v -0.50696498 0.18470818 -0.17842022
v -0.50696498 0.19256809 -0.17846699
v -0.50696498 0.20042801 -0.17840372
v -0.50696498 0.20828794 -0.17834567
v -0.50696498 0.21614785 -0.17830609
v -0.50696498 0.22400779 -0.17830093
v -0.50696498 0.23186770 -0.17831647
v -0.50696498 0.23972763 -0.17834567
v -0.50696498 0.24758755 -0.17838573
v -0.50696498 0.25544748 -0.17842938
v -0.50696498 0.26330739 -0.17847574
v -0.50696498 0.27116731 -0.17851430
v -0.50696498 0.27902722 -0.17854182
v -0.50696498 0.28688717 -0.17856970
v -0.50696498 0.29474708 -0.17858416
v -0.50696498 0.30260700 -0.17859741
v -0.50696498 0.31046692 -0.17861965
v -0.50696498 0.31832686 -0.17865235
v -0.50696498 0.32618678 -0.17869012
v -0.50696498 0.33404669 -0.17874709
v -0.50696498 0.34190661 -0.17879757
v -0.50696498 0.34976652 -0.17884974
v -0.50696498 0.35762647 -0.17890647
v -0.50696498 0.36548638 -0.17895810
v -0.50696498 0.37334630 -0.17899978
v -0.50696498 0.38120621 -0.17905118
v -0.50696498 0.38906616 -0.17908464
v -0.50696498 0.39692608 -0.17909448
v -0.50696498 0.40478599 -0.17910886
v -0.50696498 0.41264591 -0.17913063
v -0.50696498 0.42050582 -0.17916822
v -0.50696498 0.42836577 -0.17922610
v -0.50696498 0.43622568 -0.17929788
v -0.50696498 0.44408560 -0.17937547
v -0.50696498 0.45194551 -0.17946200
v -0.50696498 0.45980546 -0.17955051
v -0.50696498 0.46766537 -0.17963699
v -0.50696498 0.47552529 -0.17974541
v -0.50696498 0.48338521 -0.17985880
v -0.50696498 0.49124515 -0.17996338
v -0.50696498 0.49910507 -0.18008044
v -0.50696498 0.50696498 -0.18023251
v -0.50696498 0.51482493 -0.18050225
v -0.50696498 0.52268481 -0.18088920
v -0.50696498 0.53054476 -0.18149337
v -0.50696498 0.53840464 -0.18238339
v -0.50696498 0.54626459 -0.18354446
v -0.50696498 0.55280656 -0.18470818
v -0.50696498 0.55412453 -0.18495344
v -0.50696498 0.56198442 -0.18720074
v -0.50696498 0.56984437 -0.19124410
v -0.50696498 0.57144701 -0.19256809
v -0.50696498 0.57770425 -0.19851251
v -0.50696498 0.58193982 -0.20042801
v -0.50696498 0.58556420 -0.20170519
v -0.49910507 -0.59342414 -0.18335269
v -0.49910507 -0.58556420 -0.18330772
v -0.49910507 -0.57770425 -0.18186948
v -0.49910507 -0.56984437 -0.18101004
v -0.49910507 -0.56198442 -0.18055148
v -0.49910507 -0.55412453 -0.18036918
v -0.49910507 -0.54626459 -0.18022622
v -0.49910507 -0.53840464 -0.18003103
v -0.49910507 -0.53054476 -0.17986354
v -0.49910507 -0.52268481 -0.17974661
v -0.49910507 -0.51482493 -0.17964856
v -0.49910507 -0.50696498 -0.17963207
v -0.49910507 -0.49910507 -0.17968550
v -0.49910507 -0.49124515 -0.17965180
v -0.49910507 -0.48338521 -0.17952533
v -0.49910507 -0.47552529 -0.17941505
v -0.49910507 -0.46766537 -0.17933799
v -0.49910507 -0.45980546 -0.17927916
v -0.49910507 -0.45194551 -0.17922574
v -0.49910507 -0.44408560 -0.17918670
v -0.49910507 -0.43622568 -0.17914149
v -0.49910507 -0.42836577 -0.17908397
v -0.49910507 -0.42050582 -0.17903775
v -0.49910507 -0.41264591 -0.17898911
v -0.49910507 -0.40478599 -0.17901519
v -0.49910507 -0.39692608 -0.17902964
v -0.49910507 -0.38906616 -0.17895757
v -0.49910507 -0.38120621 -0.17886636
v -0.49910507 -0.37334630 -0.17878744
v -0.49910507 -0.36548638 -0.17871590
v -0.49910507 -0.35762647 -0.17866684
v -0.49910507 -0.34976652 -0.17862841
v -0.49910507 -0.34190661 -0.17857966
v -0.49910507 -0.33404669 -0.17853060
v -0.49910507 -0.32618678 -0.17848377
v -0.49910507 -0.31832686 -0.17842932
v -0.49910507 -0.31046692 -0.17836876
v -0.49910507 -0.30260700 -0.17832120
v -0.49910507 -0.29474708 -0.17826657
v -0.49910507 -0.28688717 -0.17820433
v -0.49910507 -0.27902722 -0.17814532
v -0.49910507 -0.27116731 -0.17809351
v -0.49910507 -0.26330739 -0.17803997
v -0.49910507 -0.25544748 -0.17800596
v -0.49910507 -0.24758755 -0.17796254
v -0.49910507 -0.23972763 -0.17793226
v -0.49910507 -0.23186770 -0.17790690
v -0.49910507 -0.22400779 -0.17785676
v -0.49910507 -0.21614785 -0.17782870
v -0.49910507 -0.20828794 -0.17786469
v -0.49910507 -0.20042801 -0.17787415
v -0.49910507 -0.19256809 -0.17778343
v -0.49910507 -0.18470818 -0.17769851
v -0.49910507 -0.17684825 -0.17763129
v -0.49910507 -0.16898833 -0.17759790
v -0.49910507 -0.16112840 -0.17758104
v -0.49910507 -0.15326849 -0.17756827
v -0.49910507 -0.14540856 -0.17755789
v -0.49910507 -0.13754864 -0.17755255
v -0.49910507 -0.12968871 -0.17754020
v -0.49910507 -0.12182879 -0.17752612
v -0.49910507 -0.11396887 -0.17753109
v -0.49910507 -0.10610895 -0.17753462
v -0.49910507 -0.09824903 -0.17753409
v -0.49910507 -0.09038910 -0.17753762
v -0.49910507 -0.08252918 -0.17754932
v -0.49910507 -0.07466926 -0.17755933
v -0.49910507 -0.06680934 -0.17759334
v -0.49910507 -0.05894941 -0.17762655
v -0.49910507 -0.05108950 -0.17765594
v -0.49910507 -0.04322957 -0.17769335
v -0.49910507 -0.03536965 -0.17771859
v -0.49910507 -0.02750973 -0.17774546
v -0.49910507 -0.01964981 -0.17776844
v -0.49910507 -0.01178988 -0.17778894
v -0.49910507 -0.00392996 -0.17778835
v -0.49910507 0.00392996 -0.17777576
v -0.49910507 0.01178988 -0.17775075
v -0.49910507 0.01964981 -0.17774829
v -0.49910507 0.02750973 -0.17775296
v -0.49910507 0.03536965 -0.17778240
v -0.49910507 0.04322957 -0.17781515
v -0.49910507 0.05108950 -0.17786066
v -0.49910507 0.05894941 -0.17789899
v -0.49910507 0.06680934 -0.17793880
v -0.49910507 0.07466926 -0.17798185
v -0.49910507 0.08252918 -0.17802389
v -0.49910507 0.09038910 -0.17805405
v -0.49910507 0.09824903 -0.17808907
v -0.49910507 0.10610895 -0.17810766
v -0.49910507 0.11396887 -0.17812704
v -0.49910507 0.12182879 -0.17816259
v -0.49910507 0.12968871 -0.17819467
v -0.49910507 0.13754864 -0.17824115
v -0.49910507 0.14540856 -0.17827557
v -0.49910507 0.15326849 -0.17832012
v -0.49910507 0.16112840 -0.17836103
v -0.49910507 0.16898833 -0.17838512
v -0.49910507 0.17684825 -0.17840618
v -0.49910507 0.18470818 -0.17848875
v -0.49910507 0.19256809 -0.17853546
v -0.49910507 0.20042801 -0.17846951
v -0.49910507 0.20828794 -0.17840017
v -0.49910507 0.21614785 -0.17836036
v -0.49910507 0.22400779 -0.17835046
v -0.49910507 0.23186770 -0.17836900
v -0.49910507 0.23972763 -0.17839724
v -0.49910507 0.24758755 -0.17843550
v -0.49910507 0.25544748 -0.17848323
v -0.49910507 0.26330739 -0.17853510
v -0.49910507 0.27116731 -0.17856126
v -0.49910507 0.27902722 -0.17859544
v -0.49910507 0.28688717 -0.17861150
v -0.49910507 0.29474708 -0.17862967
v -0.49910507 0.30260700 -0.17863891
v -0.49910507 0.31046692 -0.17865510
v -0.49910507 0.31832686 -0.17868532
v -0.49910507 0.32618678 -0.17872843
v -0.49910507 0.33404669 -0.17877994
v -0.49910507 0.34190661 -0.17883782
v -0.49910507 0.34976652 -0.17888656
v -0.49910507 0.35762647 -0.17894281
v -0.49910507 0.36548638 -0.17899738
v -0.49910507 0.37334630 -0.17904794
v -0.49910507 0.38120621 -0.17909531
v -0.49910507 0.38906616 -0.17913374
v -0.49910507 0.39692608 -0.17913435
v -0.49910507 0.40478599 -0.17915089
v -0.49910507 0.41264591 -0.17916709
v -0.49910507 0.42050582 -0.17919701
v -0.49910507 0.42836577 -0.17926435
v -0.49910507 0.43622568 -0.17934123
v -0.49910507 0.44408560 -0.17941181
v -0.49910507 0.45194551 -0.17950183
v -0.49910507 0.45980546 -0.17958896
v -0.49910507 0.46766537 -0.17968005
v -0.49910507 0.47552529 -0.17979147
v -0.49910507 0.48338521 -0.17989977
v -0.49910507 0.49124515 -0.18000434
v -0.49910507 0.49910507 -0.18010761
v -0.49910507 0.50696498 -0.18026280
v -0.49910507 0.51482493 -0.18052456
v -0.49910507 0.52268481 -0.18090972
v -0.49910507 0.53054476 -0.18150489
v -0.49910507 0.53840464 -0.18238632
v -0.49910507 0.54626459 -0.18353882
v -0.49910507 0.55290002 -0.18470818
v -0.49910507 0.55412453 -0.18493329
v -0.49910507 0.56198442 -0.18715984
v -0.49910507 0.56984437 -0.19121477
v -0.49910507 0.57148218 -0.19256809
v -0.49910507 0.57770425 -0.19846897
v -0.49910507 0.58206058 -0.20042801
v -0.49910507 0.58556420 -0.20164971
v -0.49124515 -0.59342414 -0.18370715
v -0.49124515 -0.58556420 -0.18354386
v -0.49124515 -0.57770425 -0.18200213
v -0.49124515 -0.56984437 -0.18110065
v -0.49124515 -0.56198442 -0.18063459
v -0.49124515 -0.55412453 -0.18044215
v -0.49124515 -0.54626459 -0.18026550
v -0.49124515 -0.53840464 -0.18007894
v -0.49124515 -0.53054476 -0.17991230
v -0.49124515 -0.52268481 -0.17977852
v -0.49124515 -0.51482493 -0.17969149
v -0.49124515 -0.50696498 -0.17966607
v -0.49124515 -0.49910507 -0.17972466
v -0.49124515 -0.49124515 -0.17968503
v -0.49124515 -0.48338521 -0.17955700
v -0.49124515 -0.47552529 -0.17944162
v -0.49124515 -0.46766537 -0.17936084
v -0.49124515 -0.45980546 -0.17930922
v -0.49124515 -0.45194551 -0.17925243
v -0.49124515 -0.44408560 -0.17920415
v -0.49124515 -0.43622568 -0.17916241
v -0.49124515 -0.42836577 -0.17910826
v -0.49124515 -0.42050582 -0.17905250
v -0.49124515 -0.41264591 -0.17901346
v -0.49124515 -0.40478599 -0.17904164
v -0.49124515 -0.39692608 -0.17906095
v -0.49124515 -0.38906616 -0.17898671
v -0.49124515 -0.38120621 -0.17889215
v -0.49124515 -0.37334630 -0.17881419
v -0.49124515 -0.36548638 -0.17874528
v -0.49124515 -0.35762647 -0.17869180
v -0.49124515 -0.34976652 -0.17866379
v -0.49124515 -0.34190661 -0.17862247
v -0.49124515 -0.33404669 -0.17857210
v -0.49124515 -0.32618678 -0.17852455
v -0.49124515 -0.31832686 -0.17846854
v -0.49124515 -0.31046692 -0.17842022
v -0.49124515 -0.30260700 -0.17837194
v -0.49124515 -0.29474708 -0.17832252
v -0.49124515 -0.28688717 -0.17827000
v -0.49124515 -0.27902722 -0.17820133
v -0.49124515 -0.27116731 -0.17815521
v -0.49124515 -0.26330739 -0.17810479
v -0.49124515 -0.25544748 -0.17806773
v -0.49124515 -0.24758755 -0.17804056
v -0.49124515 -0.23972763 -0.17801741
v -0.49124515 -0.23186770 -0.17798503
v -0.49124515 -0.22400779 -0.17793496
v -0.49124515 -0.21614785 -0.17790397
v -0.49124515 -0.20828794 -0.17794293
v -0.49124515 -0.20042801 -0.17795001
v -0.49124515 -0.19256809 -0.17786810
v -0.49124515 -0.18470818 -0.17777090
v -0.49124515 -0.17684825 -0.17770331
v -0.49124515 -0.16898833 -0.17766565
v -0.49124515 -0.16112840 -0.17765306
v -0.49124515 -0.15326849 -0.17764202
v -0.49124515 -0.14540856 -0.17763478
v -0.49124515 -0.13754864 -0.17762217
v -0.49124515 -0.12968871 -0.17760886
v -0.49124515 -0.12182879 -0.17759734
v -0.49124515 -0.11396887 -0.17760646
v -0.49124515 -0.10610895 -0.17760389
v -0.49124515 -0.09824903 -0.17760611
v -0.49124515 -0.09038910 -0.17760593
v -0.49124515 -0.08252918 -0.17762068
v -0.49124515 -0.07466926 -0.17763466
v -0.49124515 -0.06680934 -0.17766523
v -0.49124515 -0.05894941 -0.17768568
v -0.49124515 -0.05108950 -0.17772748
v -0.49124515 -0.04322957 -0.17776154
v -0.49124515 -0.03536965 -0.17778492
v -0.49124515 -0.02750973 -0.17780441
v -0.49124515 -0.01964981 -0.17782757
v -0.49124515 -0.01178988 -0.17784357
v -0.49124515 -0.00392996 -0.17785209
v -0.49124515 0.00392996 -0.17783134
v -0.49124515 0.01178988 -0.17781563
v -0.49124515 0.01964981 -0.17780417
v -0.49124515 0.02750973 -0.17780772
v -0.49124515 0.03536965 -0.17783931
v -0.49124515 0.04322957 -0.17786720
v -0.49124515 0.05108950 -0.17791589
v -0.49124515 0.05894941 -0.17795385
v -0.49124515 0.06680934 -0.17798749
v -0.49124515 0.07466926 -0.17803654
v -0.49124515 0.08252918 -0.17808151
v -0.49124515 0.09038910 -0.17811930
v -0.49124515 0.09824903 -0.17813453
v -0.49124515 0.10610895 -0.17815678
v -0.49124515 0.11396887 -0.17817722
v -0.49124515 0.12182879 -0.17820738
v -0.49124515 0.12968871 -0.17824991
v -0.49124515 0.13754864 -0.17828673
v -0.49124515 0.14540856 -0.17833734
v -0.49124515 0.15326849 -0.17838357
v -0.49124515 0.16112840 -0.17842099
v -0.49124515 0.16898833 -0.17844665
v -0.49124515 0.17684825 -0.17848101
v -0.49124515 0.18470818 -0.17856923
v -0.49124515 0.19256809 -0.17861228
v -0.49124515 0.20042801 -0.17854236
v -0.49124515 0.20828794 -0.17846794
v -0.49124515 0.21614785 -0.17842944
v -0.49124515 0.22400779 -0.17841721
v -0.49124515 0.23186770 -0.17843089
v -0.49124515 0.23972763 -0.17846291
v -0.49124515 0.24758755 -0.17850165
v -0.49124515 0.25544748 -0.17854159
v -0.49124515 0.26330739 -0.17858703
v -0.49124515 0.27116731 -0.17862026
v -0.49124515 0.27902722 -0.17864634
v -0.49124515 0.28688717 -0.17866427
v -0.49124515 0.29474708 -0.17867932
v -0.49124515 0.30260700 -0.17868221
v -0.49124515 0.31046692 -0.17870247
v -0.49124515 0.31832686 -0.17873341
v -0.49124515 0.32618678 -0.17877707
v -0.49124515 0.33404669 -0.17882876
v -0.49124515 0.34190661 -0.17888404
v -0.49124515 0.34976652 -0.17893706
v -0.49124515 0.35762647 -0.17899457
v -0.49124515 0.36548638 -0.17905129
v -0.49124515 0.37334630 -0.17910011
v -0.49124515 0.38120621 -0.17914461
v -0.49124515 0.38906616 -0.17917657
v -0.49124515 0.39692608 -0.17918004
v -0.49124515 0.40478599 -0.17918700
v -0.49124515 0.41264591 -0.17921543
v -0.49124515 0.42050582 -0.17925249
v -0.49124515 0.42836577 -0.17931388
v -0.49124515 0.43622568 -0.17938800
v -0.49124515 0.44408560 -0.17946321
v -0.49124515 0.45194551 -0.17954908
v -0.49124515 0.45980546 -0.17964353
v -0.49124515 0.46766537 -0.17973611
v -0.49124515 0.47552529 -0.17984153
v -0.49124515 0.48338521 -0.17995487
v -0.49124515 0.49124515 -0.18006484
v -0.49124515 0.49910507 -0.18016866
v -0.49124515 0.50696498 -0.18031311
v -0.49124515 0.51482493 -0.18056402
v -0.49124515 0.52268481 -0.18094762
v -0.49124515 0.53054476 -0.18154225
v -0.49124515 0.53840464 -0.18242075
v -0.49124515 0.54626459 -0.18356676
v -0.49124515 0.55285108 -0.18470818
v -0.49124515 0.55412453 -0.18493815
v -0.49124515 0.56198442 -0.18715103
v -0.49124515 0.56984437 -0.19118826
v -0.49124515 0.57151824 -0.19256809
v -0.49124515 0.57770425 -0.19840397
v -0.49124515 0.58230466 -0.20042801
v -0.49124515 0.58556420 -0.20153746
v -0.48338521 -0.59342414 -0.18405274
v -0.48338521 -0.58556420 -0.18372622
v -0.48338521 -0.57770425 -0.18214107
v -0.48338521 -0.56984437 -0.18122712
v -0.48338521 -0.56198442 -0.18074217
v -0.48338521 -0.55412453 -0.18053031
v -0.48338521 -0.54626459 -0.18034741
v -0.48338521 -0.53840464 -0.18013681
v -0.48338521 -0.53054476 -0.17996518
v -0.48338521 -0.52268481 -0.17983662
v -0.48338521 -0.51482493 -0.17974342
v -0.48338521 -0.50696498 -0.17973222
v -0.48338521 -0.49910507 -0.17978732
v -0.48338521 -0.49124515 -0.17973839
v -0.48338521 -0.48338521 -0.17960653
v -0.48338521 -0.47552529 -0.17948468
v -0.48338521 -0.46766537 -0.17940755
v -0.48338521 -0.45980546 -0.17935082
v -0.48338521 -0.45194551 -0.17928493
v -0.48338521 -0.44408560 -0.17924307
v -0.48338521 -0.43622568 -0.17920056
v -0.48338521 -0.42836577 -0.17914712
v -0.48338521 -0.42050582 -0.17908883
v -0.48338521 -0.41264591 -0.17905627
v -0.48338521 -0.40478599 -0.17908098
v -0.48338521 -0.39692608 -0.17910364
v -0.48338521 -0.38906616 -0.17902443
v -0.48338521 -0.38120621 -0.17892753
v -0.48338521 -0.37334630 -0.17884843
v -0.48338521 -0.36548638 -0.17878403
v -0.48338521 -0.35762647 -0.17873797
v -0.48338521 -0.34976652 -0.17869809
v -0.48338521 -0.34190661 -0.17867135
v -0.48338521 -0.33404669 -0.17862110
v -0.48338521 -0.32618678 -0.17857450
v -0.48338521 -0.31832686 -0.17852071
v -0.48338521 -0.31046692 -0.17847675
v -0.48338521 -0.30260700 -0.17843610
v -0.48338521 -0.29474708 -0.17839232
v -0.48338521 -0.28688717 -0.17833079
v -0.48338521 -0.27902722 -0.17827258
v -0.48338521 -0.27116731 -0.17822844
v -0.48338521 -0.26330739 -0.17818880
v -0.48338521 -0.25544748 -0.17814550
v -0.48338521 -0.24758755 -0.17812458
v -0.48338521 -0.23972763 -0.17809777
v -0.48338521 -0.23186770 -0.17807055
v -0.48338521 -0.22400779 -0.17802107
v -0.48338521 -0.21614785 -0.17799516
v -0.48338521 -0.20828794 -0.17803271
v -0.48338521 -0.20042801 -0.17804746
v -0.48338521 -0.19256809 -0.17795631
v -0.48338521 -0.18470818 -0.17786019
v -0.48338521 -0.17684825 -0.17780009
v -0.48338521 -0.16898833 -0.17775950
v -0.48338521 -0.16112840 -0.17773971
v -0.48338521 -0.15326849 -0.17772327
v -0.48338521 -0.14540856 -0.17772119
v -0.48338521 -0.13754864 -0.17771021
v -0.48338521 -0.12968871 -0.17769420
v -0.48338521 -0.12182879 -0.17768370
v -0.48338521 -0.11396887 -0.17768298
v -0.48338521 -0.10610895 -0.17769347
v -0.48338521 -0.09824903 -0.17769228
v -0.48338521 -0.09038910 -0.17769396
v -0.48338521 -0.08252918 -0.17770571
v -0.48338521 -0.07466926 -0.17772119
v -0.48338521 -0.06680934 -0.17774589
v -0.48338521 -0.05894941 -0.17777748
v -0.48338521 -0.05108950 -0.17780207
v -0.48338521 -0.04322957 -0.17783134
v -0.48338521 -0.03536965 -0.17785101
v -0.48338521 -0.02750973 -0.17787674
v -0.48338521 -0.01964981 -0.17789437
v -0.48338521 -0.01178988 -0.17791691
v -0.48338521 -0.00392996 -0.17792003
v -0.48338521 0.00392996 -0.17790563
v -0.48338521 0.01178988 -0.17787932
v -0.48338521 0.01964981 -0.17786659
v -0.48338521 0.02750973 -0.17787541
v -0.48338521 0.03536965 -0.17790084
v -0.48338521 0.04322957 -0.17793605
v -0.48338521 0.05108950 -0.17797220
v -0.48338521 0.05894941 -0.17800854
v -0.48338521 0.06680934 -0.17805597
v -0.48338521 0.07466926 -0.17810118
v -0.48338521 0.08252918 -0.17813867
v -0.48338521 0.09038910 -0.17818178
v -0.48338521 0.09824903 -0.17820013
v -0.48338521 0.10610895 -0.17821813
v -0.48338521 0.11396887 -0.17823641
v -0.48338521 0.12182879 -0.17827125
v -0.48338521 0.12968871 -0.17831305
v -0.48338521 0.13754864 -0.17836246
v -0.48338521 0.14540856 -0.17841086
v -0.48338521 0.15326849 -0.17845450
v -0.48338521 0.16112840 -0.17850038
v -0.48338521 0.16898833 -0.17852654
v -0.48338521 0.17684825 -0.17856485
v -0.48338521 0.18470818 -0.17864820
v -0.48338521 0.19256809 -0.17868322
v -0.48338521 0.20042801 -0.17861594
v -0.48338521 0.20828794 -0.17853715
v -0.48338521 0.21614785 -0.17850278
v -0.48338521 0.22400779 -0.17849337
v -0.48338521 0.23186770 -0.17850758
v -0.48338521 0.23972763 -0.17853804
v -0.48338521 0.24758755 -0.17858182
v -0.48338521 0.25544748 -0.17861906
v -0.48338521 0.26330739 -0.17865312
v -0.48338521 0.27116731 -0.17868645
v -0.48338521 0.27902722 -0.17871770
v -0.48338521 0.28688717 -0.17873059
v -0.48338521 0.29474708 -0.17873839
v -0.48338521 0.30260700 -0.17874199
v -0.48338521 0.31046692 -0.17875944
v -0.48338521 0.31832686 -0.17878655
v -0.48338521 0.32618678 -0.17882822
v -0.48338521 0.33404669 -0.17888238
v -0.48338521 0.34190661 -0.17894258
v -0.48338521 0.34976652 -0.17899835
v -0.48338521 0.35762647 -0.17905502
v -0.48338521 0.36548638 -0.17910467
v -0.48338521 0.37334630 -0.17915599
v -0.48338521 0.38120621 -0.17920774
v -0.48338521 0.38906616 -0.17923179
v -0.48338521 0.39692608 -0.17924026
v -0.48338521 0.40478599 -0.17924757
v -0.48338521 0.41264591 -0.17926826
v -0.48338521 0.42050582 -0.17931455
v -0.48338521 0.42836577 -0.17937949
v -0.48338521 0.43622568 -0.17945823
v -0.48338521 0.44408560 -0.17953055
v -0.48338521 0.45194551 -0.17961732
v -0.48338521 0.45980546 -0.17970894
v -0.48338521 0.46766537 -0.17980412
v -0.48338521 0.47552529 -0.17991373
v -0.48338521 0.48338521 -0.18002431
v -0.48338521 0.49124515 -0.18013033
v -0.48338521 0.49910507 -0.18023461
v -0.48338521 0.50696498 -0.18038584
v -0.48338521 0.51482493 -0.18063782
v -0.48338521 0.52268481 -0.18101184
v -0.48338521 0.53054476 -0.18160760
v -0.48338521 0.53840464 -0.18247575
v -0.48338521 0.54626459 -0.18360551
v -0.48338521 0.55267346 -0.18470818
v -0.48338521 0.55412453 -0.18496825
v -0.48338521 0.56198442 -0.18714917
v -0.48338521 0.56984437 -0.19116992
v -0.48338521 0.57155365 -0.19256809
v -0.48338521 0.57770425 -0.19827941
v -0.48338521 0.58270538 -0.20042801
v -0.48338521 0.58556420 -0.20137921
v -0.47552529 -0.59342414 -0.18446441
v -0.47552529 -0.58556420 -0.18392693
v -0.47552529 -0.57770425 -0.18231066
v -0.47552529 -0.56984437 -0.18138885
v -0.47552529 -0.56198442 -0.18088016
v -0.47552529 -0.55412453 -0.18063962
v -0.47552529 -0.54626459 -0.18043682
v -0.47552529 -0.53840464 -0.18022676
v -0.47552529 -0.53054476 -0.18004344
v -0.47552529 -0.52268481 -0.17991325
v -0.47552529 -0.51482493 -0.17981665
v -0.47552529 -0.50696498 -0.17980999
v -0.47552529 -0.49910507 -0.17985922
v -0.47552529 -0.49124515 -0.17979573
v -0.47552529 -0.48338521 -0.17966092
v -0.47552529 -0.47552529 -0.17954536
v -0.47552529 -0.46766537 -0.17946573
v -0.47552529 -0.45980546 -0.17940012
v -0.47552529 -0.45194551 -0.17934459
v -0.47552529 -0.44408560 -0.17929092
v -0.47552529 -0.43622568 -0.17923695
v -0.47552529 -0.42836577 -0.17919275
v -0.47552529 -0.42050582 -0.17913309
v -0.47552529 -0.41264591 -0.17909718
v -0.47552529 -0.40478599 -0.17912541
v -0.47552529 -0.39692608 -0.17914502
v -0.47552529 -0.38906616 -0.17906640
v -0.47552529 -0.38120621 -0.17895798
v -0.47552529 -0.37334630 -0.17887962
v -0.47552529 -0.36548638 -0.17882924
v -0.47552529 -0.35762647 -0.17878313
v -0.47552529 -0.34976652 -0.17874481
v -0.47552529 -0.34190661 -0.17871284
v -0.47552529 -0.33404669 -0.17866601
v -0.47552529 -0.32618678 -0.17862284
v -0.47552529 -0.31832686 -0.17858787
v -0.47552529 -0.31046692 -0.17853877
v -0.47552529 -0.30260700 -0.17849648
v -0.47552529 -0.29474708 -0.17845948
v -0.47552529 -0.28688717 -0.17840509
v -0.47552529 -0.27902722 -0.17834951
v -0.47552529 -0.27116731 -0.17831293
v -0.47552529 -0.26330739 -0.17827462
v -0.47552529 -0.25544748 -0.17824882
v -0.47552529 -0.24758755 -0.17821680
v -0.47552529 -0.23972763 -0.17819037
v -0.47552529 -0.23186770 -0.17816842
v -0.47552529 -0.22400779 -0.17812476
v -0.47552529 -0.21614785 -0.17810796
v -0.47552529 -0.20828794 -0.17814173
v -0.47552529 -0.20042801 -0.17815065
v -0.47552529 -0.19256809 -0.17804925
v -0.47552529 -0.18470818 -0.17795265
v -0.47552529 -0.17684825 -0.17789802
v -0.47552529 -0.16898833 -0.17786247
v -0.47552529 -0.16112840 -0.17783691
v -0.47552529 -0.15326849 -0.17782444
v -0.47552529 -0.14540856 -0.17781880
v -0.47552529 -0.13754864 -0.17780046
v -0.47552529 -0.12968871 -0.17779757
v -0.47552529 -0.12182879 -0.17778367
v -0.47552529 -0.11396887 -0.17777982
v -0.47552529 -0.10610895 -0.17778187
v -0.47552529 -0.09824903 -0.17778841
v -0.47552529 -0.09038910 -0.17778756
v -0.47552529 -0.08252918 -0.17779554
v -0.47552529 -0.07466926 -0.17781359
v -0.47552529 -0.06680934 -0.17783602
v -0.47552529 -0.05894941 -0.17786984
v -0.47552529 -0.05108950 -0.17789257
v -0.47552529 -0.04322957 -0.17792110
v -0.47552529 -0.03536965 -0.17793742
v -0.47552529 -0.02750973 -0.17795415
v -0.47552529 -0.01964981 -0.17797513
v -0.47552529 -0.01178988 -0.17799044
v -0.47552529 -0.00392996 -0.17799871
v -0.47552529 0.00392996 -0.17797562
v -0.47552529 0.01178988 -0.17796123
v -0.47552529 0.01964981 -0.17794533
v -0.47552529 0.02750973 -0.17795146
v -0.47552529 0.03536965 -0.17797729
v -0.47552529 0.04322957 -0.17801082
v -0.47552529 0.05108950 -0.17804626
v -0.47552529 0.05894941 -0.17808871
v -0.47552529 0.06680934 -0.17813165
v -0.47552529 0.07466926 -0.17816961
v -0.47552529 0.08252918 -0.17821842
v -0.47552529 0.09038910 -0.17825794
v -0.47552529 0.09824903 -0.17828636
v -0.47552529 0.10610895 -0.17830022
v -0.47552529 0.11396887 -0.17832288
v -0.47552529 0.12182879 -0.17834957
v -0.47552529 0.12968871 -0.17839999
v -0.47552529 0.13754864 -0.17844833
v -0.47552529 0.14540856 -0.17849913
v -0.47552529 0.15326849 -0.17854805
v -0.47552529 0.16112840 -0.17859568
v -0.47552529 0.16898833 -0.17862841
v -0.47552529 0.17684825 -0.17866163
v -0.47552529 0.18470818 -0.17874889
v -0.47552529 0.19256809 -0.17879339
v -0.47552529 0.20042801 -0.17871596
v -0.47552529 0.20828794 -0.17863680
v -0.47552529 0.21614785 -0.17858896
v -0.47552529 0.22400779 -0.17858547
v -0.47552529 0.23186770 -0.17859310
v -0.47552529 0.23972763 -0.17862824
v -0.47552529 0.24758755 -0.17865990
v -0.47552529 0.25544748 -0.17870410
v -0.47552529 0.26330739 -0.17872790
v -0.47552529 0.27116731 -0.17876460
v -0.47552529 0.27902722 -0.17879309
v -0.47552529 0.28688717 -0.17880429
v -0.47552529 0.29474708 -0.17881137
v -0.47552529 0.30260700 -0.17880856
v -0.47552529 0.31046692 -0.17882822
v -0.47552529 0.31832686 -0.17885065
v -0.47552529 0.32618678 -0.17889197
v -0.47552529 0.33404669 -0.17895259
v -0.47552529 0.34190661 -0.17900831
v -0.47552529 0.34976652 -0.17906767
v -0.47552529 0.35762647 -0.17912361
v -0.47552529 0.36548638 -0.17917255
v -0.47552529 0.37334630 -0.17921789
v -0.47552529 0.38120621 -0.17926465
v -0.47552529 0.38906616 -0.17929788
v -0.47552529 0.39692608 -0.17929716
v -0.47552529 0.40478599 -0.17930555
v -0.47552529 0.41264591 -0.17933595
v -0.47552529 0.42050582 -0.17938219
v -0.47552529 0.42836577 -0.17944822
v -0.47552529 0.43622568 -0.17953558
v -0.47552529 0.44408560 -0.17960641
v -0.47552529 0.45194551 -0.17969371
v -0.47552529 0.45980546 -0.17978691
v -0.47552529 0.46766537 -0.17988250
v -0.47552529 0.47552529 -0.17999259
v -0.47552529 0.48338521 -0.18010953
v -0.47552529 0.49124515 -0.18021248
v -0.47552529 0.49910507 -0.18032096
v -0.47552529 0.50696498 -0.18047287
v -0.47552529 0.51482493 -0.18072340
v -0.47552529 0.52268481 -0.18108992
v -0.47552529 0.53054476 -0.18166146
v -0.47552529 0.53840464 -0.18251963
v -0.47552529 0.54626459 -0.18364449
v -0.47552529 0.55247158 -0.18470818
v -0.47552529 0.55412453 -0.18500392
v -0.47552529 0.56198442 -0.18717574
v -0.47552529 0.56984437 -0.19113958
v -0.47552529 0.57161421 -0.19256809
v -0.47552529 0.57770425 -0.19807877
v -0.47552529 0.58323669 -0.20042801
v -0.47552529 0.58556420 -0.20119624
v -0.47063178 -0.59342414 -0.18470818
v -0.46766537 -0.59342414 -0.18483201
v -0.46766537 -0.59208155 -0.18470818
v -0.46766537 -0.58556420 -0.18416026
v -0.46766537 -0.57770425 -0.18249504
v -0.46766537 -0.56984437 -0.18154266
v -0.46766537 -0.56198442 -0.18102443
v -0.46766537 -0.55412453 -0.18076472
v -0.46766537 -0.54626459 -0.18053427
v -0.46766537 -0.53840464 -0.18030849
v -0.46766537 -0.53054476 -0.18012547
v -0.46766537 -0.52268481 -0.18000363
v -0.46766537 -0.51482493 -0.17990161
v -0.46766537 -0.50696498 -0.17989551
v -0.46766537 -0.49910507 -0.17993946
v -0.46766537 -0.49124515 -0.17987601
v -0.46766537 -0.48338521 -0.17973264
v -0.46766537 -0.47552529 -0.17961313
v -0.46766537 -0.46766537 -0.17952868
v -0.46766537 -0.45980546 -0.17946824
v -0.46766537 -0.45194551 -0.17940384
v -0.46766537 -0.44408560 -0.17935058
v -0.46766537 -0.43622568 -0.17929092
v -0.46766537 -0.42836577 -0.17923959
v -0.46766537 -0.42050582 -0.17918161
v -0.46766537 -0.41264591 -0.17914772
v -0.46766537 -0.40478599 -0.17917314
v -0.46766537 -0.39692608 -0.17919269
v -0.46766537 -0.38906616 -0.17910449
v -0.46766537 -0.38120621 -0.17900662
v -0.46766537 -0.37334630 -0.17892717
v -0.46766537 -0.36548638 -0.17886648
v -0.46766537 -0.35762647 -0.17882600
v -0.46766537 -0.34976652 -0.17879434
v -0.46766537 -0.34190661 -0.17876214
v -0.46766537 -0.33404669 -0.17873138
v -0.46766537 -0.32618678 -0.17868418
v -0.46766537 -0.31832686 -0.17863573
v -0.46766537 -0.31046692 -0.17860760
v -0.46766537 -0.30260700 -0.17856582
v -0.46766537 -0.29474708 -0.17852965
v -0.46766537 -0.28688717 -0.17847778
v -0.46766537 -0.27902722 -0.17842783
v -0.46766537 -0.27116731 -0.17839514
v -0.46766537 -0.26330739 -0.17835712
v -0.46766537 -0.25544748 -0.17833500
v -0.46766537 -0.24758755 -0.17831124
v -0.46766537 -0.23972763 -0.17829236
v -0.46766537 -0.23186770 -0.17825937
v -0.46766537 -0.22400779 -0.17823006
v -0.46766537 -0.21614785 -0.17820907
v -0.46766537 -0.20828794 -0.17824601
v -0.46766537 -0.20042801 -0.17824973
v -0.46766537 -0.19256809 -0.17815281
v -0.46766537 -0.18470818 -0.17805585
v -0.46766537 -0.17684825 -0.17799978
v -0.46766537 -0.16898833 -0.17796758
v -0.46766537 -0.16112840 -0.17794521
v -0.46766537 -0.15326849 -0.17793220
v -0.46766537 -0.14540856 -0.17792189
v -0.46766537 -0.13754864 -0.17791571
v -0.46766537 -0.12968871 -0.17789616
v -0.46766537 -0.12182879 -0.17787758
v -0.46766537 -0.11396887 -0.17788021
v -0.46766537 -0.10610895 -0.17787938
v -0.46766537 -0.09824903 -0.17788380
v -0.46766537 -0.09038910 -0.17788327
v -0.46766537 -0.08252918 -0.17788741
v -0.46766537 -0.07466926 -0.17791019
v -0.46766537 -0.06680934 -0.17792699
v -0.46766537 -0.05894941 -0.17795619
v -0.46766537 -0.05108950 -0.17799091
v -0.46766537 -0.04322957 -0.17801094
v -0.46766537 -0.03536965 -0.17803265
v -0.46766537 -0.02750973 -0.17805333
v -0.46766537 -0.01964981 -0.17806467
v -0.46766537 -0.01178988 -0.17808098
v -0.46766537 -0.00392996 -0.17808200
v -0.46766537 0.00392996 -0.17805843
v -0.46766537 0.01178988 -0.17803822
v -0.46766537 0.01964981 -0.17802498
v -0.46766537 0.02750973 -0.17803432
v -0.46766537 0.03536965 -0.17805639
v -0.46766537 0.04322957 -0.17809387
v -0.46766537 0.05108950 -0.17812884
v -0.46766537 0.05894941 -0.17816457
v -0.46766537 0.06680934 -0.17821464
v -0.46766537 0.07466926 -0.17825931
v -0.46766537 0.08252918 -0.17831293
v -0.46766537 0.09038910 -0.17834836
v -0.46766537 0.09824903 -0.17837116
v -0.46766537 0.10610895 -0.17839095
v -0.46766537 0.11396887 -0.17841247
v -0.46766537 0.12182879 -0.17844282
v -0.46766537 0.12968871 -0.17848107
v -0.46766537 0.13754864 -0.17853433
v -0.46766537 0.14540856 -0.17858002
v -0.46766537 0.15326849 -0.17864184
v -0.46766537 0.16112840 -0.17868796
v -0.46766537 0.16898833 -0.17871854
v -0.46766537 0.17684825 -0.17875038
v -0.46766537 0.18470818 -0.17884819
v -0.46766537 0.19256809 -0.17889227
v -0.46766537 0.20042801 -0.17881881
v -0.46766537 0.20828794 -0.17872958
v -0.46766537 0.21614785 -0.17868106
v -0.46766537 0.22400779 -0.17866823
v -0.46766537 0.23186770 -0.17868496
v -0.46766537 0.23972763 -0.17871368
v -0.46766537 0.24758755 -0.17875105
v -0.46766537 0.25544748 -0.17879063
v -0.46766537 0.26330739 -0.17881791
v -0.46766537 0.27116731 -0.17885539
v -0.46766537 0.27902722 -0.17887685
v -0.46766537 0.28688717 -0.17888963
v -0.46766537 0.29474708 -0.17888460
v -0.46766537 0.30260700 -0.17888363
v -0.46766537 0.31046692 -0.17889376
v -0.46766537 0.31832686 -0.17891686
v -0.46766537 0.32618678 -0.17896423
v -0.46766537 0.33404669 -0.17902257
v -0.46766537 0.34190661 -0.17907757
v -0.46766537 0.34976652 -0.17913333
v -0.46766537 0.35762647 -0.17918994
v -0.46766537 0.36548638 -0.17924444
v -0.46766537 0.37334630 -0.17928343
v -0.46766537 0.38120621 -0.17933032
v -0.46766537 0.38906616 -0.17935617
v -0.46766537 0.39692608 -0.17936264
v -0.46766537 0.40478599 -0.17936815
v -0.46766537 0.41264591 -0.17940228
v -0.46766537 0.42050582 -0.17945702
v -0.46766537 0.42836577 -0.17952311
v -0.46766537 0.43622568 -0.17961138
v -0.46766537 0.44408560 -0.17969199
v -0.46766537 0.45194551 -0.17978480
v -0.46766537 0.45980546 -0.17987356
v -0.46766537 0.46766537 -0.17998029
v -0.46766537 0.47552529 -0.18009087
v -0.46766537 0.48338521 -0.18019797
v -0.46766537 0.49124515 -0.18030964
v -0.46766537 0.49910507 -0.18042609
v -0.46766537 0.50696498 -0.18057433
v -0.46766537 0.51482493 -0.18081407
v -0.46766537 0.52268481 -0.18117620
v -0.46766537 0.53054476 -0.18175015
v -0.46766537 0.53840464 -0.18258920
v -0.46766537 0.54626459 -0.18370548
v -0.46766537 0.55215675 -0.18470818
v -0.46766537 0.55412453 -0.18505730
v -0.46766537 0.56198442 -0.18720824
v -0.46766537 0.56984437 -0.19113706
v -0.46766537 0.57164490 -0.19256809
v -0.46766537 0.57770425 -0.19788298
v -0.46766537 0.58375454 -0.20042801
v -0.46766537 0.58556420 -0.20102228
v -0.45980546 -0.59342414 -0.18516296
v -0.45980546 -0.58893472 -0.18470818
v -0.45980546 -0.58556420 -0.18439658
v -0.45980546 -0.57770425 -0.18265870
v -0.45980546 -0.56984437 -0.18169756
v -0.45980546 -0.56198442 -0.18115954
v -0.45980546 -0.55412453 -0.18087649
v -0.45980546 -0.54626459 -0.18065156
v -0.45980546 -0.53840464 -0.18040660
v -0.45980546 -0.53054476 -0.18021950
v -0.45980546 -0.52268481 -0.18009472
v -0.45980546 -0.51482493 -0.18000428
v -0.45980546 -0.50696498 -0.17999978
v -0.45980546 -0.49910507 -0.18002653
v -0.45980546 -0.49124515 -0.17995457
v -0.45980546 -0.48338521 -0.17981839
v -0.45980546 -0.47552529 -0.17969234
v -0.45980546 -0.46766537 -0.17961067
v -0.45980546 -0.45980546 -0.17954373
v -0.45980546 -0.45194551 -0.17948084
v -0.45980546 -0.44408560 -0.17941631
v -0.45980546 -0.43622568 -0.17936181
v -0.45980546 -0.42836577 -0.17931005
v -0.45980546 -0.42050582 -0.17924438
v -0.45980546 -0.41264591 -0.17920415
v -0.45980546 -0.40478599 -0.17923689
v -0.45980546 -0.39692608 -0.17925848
v -0.45980546 -0.38906616 -0.17916487
v -0.45980546 -0.38120621 -0.17905778
v -0.45980546 -0.37334630 -0.17898017
v -0.45980546 -0.36548638 -0.17892279
v -0.45980546 -0.35762647 -0.17888165
v -0.45980546 -0.34976652 -0.17885388
v -0.45980546 -0.34190661 -0.17882743
v -0.45980546 -0.33404669 -0.17878577
v -0.45980546 -0.32618678 -0.17874745
v -0.45980546 -0.31832686 -0.17870846
v -0.45980546 -0.31046692 -0.17866684
v -0.45980546 -0.30260700 -0.17864376
v -0.45980546 -0.29474708 -0.17860299
v -0.45980546 -0.28688717 -0.17855801
v -0.45980546 -0.27902722 -0.17851129
v -0.45980546 -0.27116731 -0.17847568
v -0.45980546 -0.26330739 -0.17844984
v -0.45980546 -0.25544748 -0.17842177
v -0.45980546 -0.24758755 -0.17840120
v -0.45980546 -0.23972763 -0.17838219
v -0.45980546 -0.23186770 -0.17835706
v -0.45980546 -0.22400779 -0.17832217
v -0.45980546 -0.21614785 -0.17831197
v -0.45980546 -0.20828794 -0.17835875
v -0.45980546 -0.20042801 -0.17835923
v -0.45980546 -0.19256809 -0.17825368
v -0.45980546 -0.18470818 -0.17816775
v -0.45980546 -0.17684825 -0.17810707
v -0.45980546 -0.16898833 -0.17807715
v -0.45980546 -0.16112840 -0.17805621
v -0.45980546 -0.15326849 -0.17804421
v -0.45980546 -0.14540856 -0.17803960
v -0.45980546 -0.13754864 -0.17801669
v -0.45980546 -0.12968871 -0.17800499
v -0.45980546 -0.12182879 -0.17799547
v -0.45980546 -0.11396887 -0.17799355
v -0.45980546 -0.10610895 -0.17798869
v -0.45980546 -0.09824903 -0.17799462
v -0.45980546 -0.09038910 -0.17799571
v -0.45980546 -0.08252918 -0.17799541
v -0.45980546 -0.07466926 -0.17801526
v -0.45980546 -0.06680934 -0.17803168
v -0.45980546 -0.05894941 -0.17806725
v -0.45980546 -0.05108950 -0.17809694
v -0.45980546 -0.04322957 -0.17812115
v -0.45980546 -0.03536965 -0.17814101
v -0.45980546 -0.02750973 -0.17815349
v -0.45980546 -0.01964981 -0.17816854
v -0.45980546 -0.01178988 -0.17818694
v -0.45980546 -0.00392996 -0.17818545
v -0.45980546 0.00392996 -0.17815696
v -0.45980546 0.01178988 -0.17813136
v -0.45980546 0.01964981 -0.17811696
v -0.45980546 0.02750973 -0.17812361
v -0.45980546 0.03536965 -0.17814161
v -0.45980546 0.04322957 -0.17817843
v -0.45980546 0.05108950 -0.17821771
v -0.45980546 0.05894941 -0.17825668
v -0.45980546 0.06680934 -0.17829835
v -0.45980546 0.07466926 -0.17835623
v -0.45980546 0.08252918 -0.17839886
v -0.45980546 0.09038910 -0.17844246
v -0.45980546 0.09824903 -0.17846267
v -0.45980546 0.10610895 -0.17847976
v -0.45980546 0.11396887 -0.17850032
v -0.45980546 0.12182879 -0.17852701
v -0.45980546 0.12968871 -0.17857169
v -0.45980546 0.13754864 -0.17862356
v -0.45980546 0.14540856 -0.17868328
v -0.45980546 0.15326849 -0.17873065
v -0.45980546 0.16112840 -0.17877653
v -0.45980546 0.16898833 -0.17881347
v -0.45980546 0.17684825 -0.17885359
v -0.45980546 0.18470818 -0.17894018
v -0.45980546 0.19256809 -0.17898971
v -0.45980546 0.20042801 -0.17890576
v -0.45980546 0.20828794 -0.17882240
v -0.45980546 0.21614785 -0.17877138
v -0.45980546 0.22400779 -0.17875764
v -0.45980546 0.23186770 -0.17877485
v -0.45980546 0.23972763 -0.17880177
v -0.45980546 0.24758755 -0.17883320
v -0.45980546 0.25544748 -0.17887565
v -0.45980546 0.26330739 -0.17890875
v -0.45980546 0.27116731 -0.17893322
v -0.45980546 0.27902722 -0.17895475
v -0.45980546 0.28688717 -0.17896554
v -0.45980546 0.29474708 -0.17896518
v -0.45980546 0.30260700 -0.17895798
v -0.45980546 0.31046692 -0.17897101
v -0.45980546 0.31832686 -0.17899901
v -0.45980546 0.32618678 -0.17903696
v -0.45980546 0.33404669 -0.17909531
v -0.45980546 0.34190661 -0.17916283
v -0.45980546 0.34976652 -0.17920794
v -0.45980546 0.35762647 -0.17927647
v -0.45980546 0.36548638 -0.17931634
v -0.45980546 0.37334630 -0.17936096
v -0.45980546 0.38120621 -0.17940293
v -0.45980546 0.38906616 -0.17943041
v -0.45980546 0.39692608 -0.17942801
v -0.45980546 0.40478599 -0.17943940
v -0.45980546 0.41264591 -0.17947693
v -0.45980546 0.42050582 -0.17953552
v -0.45980546 0.42836577 -0.17962253
v -0.45980546 0.43622568 -0.17970553
v -0.45980546 0.44408560 -0.17979224
v -0.45980546 0.45194551 -0.17988129
v -0.45980546 0.45980546 -0.17996512
v -0.45980546 0.46766537 -0.18007720
v -0.45980546 0.47552529 -0.18018413
v -0.45980546 0.48338521 -0.18030724
v -0.45980546 0.49124515 -0.18042782
v -0.45980546 0.49910507 -0.18054116
v -0.45980546 0.50696498 -0.18068761
v -0.45980546 0.51482493 -0.18093298
v -0.45980546 0.52268481 -0.18128960
v -0.45980546 0.53054476 -0.18183751
v -0.45980546 0.53840464 -0.18267153
v -0.45980546 0.54626459 -0.18378325
v -0.45980546 0.55165905 -0.18470818
v -0.45980546 0.55412453 -0.18514946
v -0.45980546 0.56198442 -0.18729344
v -0.45980546 0.56984437 -0.19113903
v -0.45980546 0.57167774 -0.19256809
v -0.45980546 0.57770425 -0.19770920
v -0.45980546 0.58410150 -0.20042801
v -0.45980546 0.58556420 -0.20091709
v -0.45194551 -0.59342414 -0.18546332
v -0.45194551 -0.58617979 -0.18470818
v -0.45194551 -0.58556420 -0.18464953
v -0.45194551 -0.57770425 -0.18282685
v -0.45194551 -0.56984437 -0.18181953
v -0.45194551 -0.56198442 -0.18127497
v -0.45194551 -0.55412453 -0.18098366
v -0.45194551 -0.54626459 -0.18073659
v -0.45194551 -0.53840464 -0.18050285
v -0.45194551 -0.53054476 -0.18031713
v -0.45194551 -0.52268481 -0.18017723
v -0.45194551 -0.51482493 -0.18009958
v -0.45194551 -0.50696498 -0.18009496
v -0.45194551 -0.49910507 -0.18013735
v -0.45194551 -0.49124515 -0.18004860
v -0.45194551 -0.48338521 -0.17990480
v -0.45194551 -0.47552529 -0.17978649
v -0.45194551 -0.46766537 -0.17970037
v -0.45194551 -0.45980546 -0.17963123
v -0.45194551 -0.45194551 -0.17957336
v -0.45194551 -0.44408560 -0.17951520
v -0.45194551 -0.43622568 -0.17945427
v -0.45194551 -0.42836577 -0.17939208
v -0.45194551 -0.42050582 -0.17933656
v -0.45194551 -0.41264591 -0.17930208
v -0.45194551 -0.40478599 -0.17933458
v -0.45194551 -0.39692608 -0.17935497
v -0.45194551 -0.38906616 -0.17925955
v -0.45194551 -0.38120621 -0.17913909
v -0.45194551 -0.37334630 -0.17906234
v -0.45194551 -0.36548638 -0.17900801
v -0.45194551 -0.35762647 -0.17896609
v -0.45194551 -0.34976652 -0.17893358
v -0.45194551 -0.34190661 -0.17890990
v -0.45194551 -0.33404669 -0.17887548
v -0.45194551 -0.32618678 -0.17883506
v -0.45194551 -0.31832686 -0.17879902
v -0.45194551 -0.31046692 -0.17876537
v -0.45194551 -0.30260700 -0.17873515
v -0.45194551 -0.29474708 -0.17868657
v -0.45194551 -0.28688717 -0.17864951
v -0.45194551 -0.27902722 -0.17859957
v -0.45194551 -0.27116731 -0.17856330
v -0.45194551 -0.26330739 -0.17853960
v -0.45194551 -0.25544748 -0.17851987
v -0.45194551 -0.24758755 -0.17850098
v -0.45194551 -0.23972763 -0.17847970
v -0.45194551 -0.23186770 -0.17846134
v -0.45194551 -0.22400779 -0.17842327
v -0.45194551 -0.21614785 -0.17841487
v -0.45194551 -0.20828794 -0.17845955
v -0.45194551 -0.20042801 -0.17846975
v -0.45194551 -0.19256809 -0.17836870
v -0.45194551 -0.18470818 -0.17826970
v -0.45194551 -0.17684825 -0.17821950
v -0.45194551 -0.16898833 -0.17817879
v -0.45194551 -0.16112840 -0.17817135
v -0.45194551 -0.15326849 -0.17814700
v -0.45194551 -0.14540856 -0.17813645
v -0.45194551 -0.13754864 -0.17812656
v -0.45194551 -0.12968871 -0.17811294
v -0.45194551 -0.12182879 -0.17811030
v -0.45194551 -0.11396887 -0.17809969
v -0.45194551 -0.10610895 -0.17809573
v -0.45194551 -0.09824903 -0.17809927
v -0.45194551 -0.09038910 -0.17809208
v -0.45194551 -0.08252918 -0.17810473
v -0.45194551 -0.07466926 -0.17811942
v -0.45194551 -0.06680934 -0.17814058
v -0.45194551 -0.05894941 -0.17817926
v -0.45194551 -0.05108950 -0.17819114
v -0.45194551 -0.04322957 -0.17822292
v -0.45194551 -0.03536965 -0.17824505
v -0.45194551 -0.02750973 -0.17826153
v -0.45194551 -0.01964981 -0.17827317
v -0.45194551 -0.01178988 -0.17829062
v -0.45194551 -0.00392996 -0.17828703
v -0.45194551 0.00392996 -0.17825705
v -0.45194551 0.01178988 -0.17822652
v -0.45194551 0.01964981 -0.17820355
v -0.45194551 0.02750973 -0.17821662
v -0.45194551 0.03536965 -0.17823318
v -0.45194551 0.04322957 -0.17826657
v -0.45194551 0.05108950 -0.17830016
v -0.45194551 0.05894941 -0.17834622
v -0.45194551 0.06680934 -0.17838201
v -0.45194551 0.07466926 -0.17844084
v -0.45194551 0.08252918 -0.17849132
v -0.45194551 0.09038910 -0.17853019
v -0.45194551 0.09824903 -0.17856058
v -0.45194551 0.10610895 -0.17856754
v -0.45194551 0.11396887 -0.17859039
v -0.45194551 0.12182879 -0.17861402
v -0.45194551 0.12968871 -0.17866056
v -0.45194551 0.13754864 -0.17870733
v -0.45194551 0.14540856 -0.17876640
v -0.45194551 0.15326849 -0.17882156
v -0.45194551 0.16112840 -0.17886582
v -0.45194551 0.16898833 -0.17889808
v -0.45194551 0.17684825 -0.17894305
v -0.45194551 0.18470818 -0.17904320
v -0.45194551 0.19256809 -0.17908829
v -0.45194551 0.20042801 -0.17899433
v -0.45194551 0.20828794 -0.17890833
v -0.45194551 0.21614785 -0.17886025
v -0.45194551 0.22400779 -0.17885053
v -0.45194551 0.23186770 -0.17885725
v -0.45194551 0.23972763 -0.17889011
v -0.45194551 0.24758755 -0.17892189
v -0.45194551 0.25544748 -0.17895398
v -0.45194551 0.26330739 -0.17899288
v -0.45194551 0.27116731 -0.17902227
v -0.45194551 0.27902722 -0.17904931
v -0.45194551 0.28688717 -0.17905675
v -0.45194551 0.29474708 -0.17905328
v -0.45194551 0.30260700 -0.17904314
v -0.45194551 0.31046692 -0.17904674
v -0.45194551 0.31832686 -0.17907511
v -0.45194551 0.32618678 -0.17911384
v -0.45194551 0.33404669 -0.17917465
v -0.45194551 0.34190661 -0.17924204
v -0.45194551 0.34976652 -0.17930286
v -0.45194551 0.35762647 -0.17935328
v -0.45194551 0.36548638 -0.17940708
v -0.45194551 0.37334630 -0.17944576
v -0.45194551 0.38120621 -0.17947951
v -0.45194551 0.38906616 -0.17951244
v -0.45194551 0.39692608 -0.17951982
v -0.45194551 0.40478599 -0.17952593
v -0.45194551 0.41264591 -0.17957084
v -0.45194551 0.42050582 -0.17962697
v -0.45194551 0.42836577 -0.17971933
v -0.45194551 0.43622568 -0.17980160
v -0.45194551 0.44408560 -0.17988561
v -0.45194551 0.45194551 -0.17997694
v -0.45194551 0.45980546 -0.18007636
v -0.45194551 0.46766537 -0.18017782
v -0.45194551 0.47552529 -0.18029200
v -0.45194551 0.48338521 -0.18041991
v -0.45194551 0.49124515 -0.18053745
v -0.45194551 0.49910507 -0.18064190
v -0.45194551 0.50696498 -0.18080087
v -0.45194551 0.51482493 -0.18104099
v -0.45194551 0.52268481 -0.18138705
v -0.45194551 0.53054476 -0.18193886
v -0.45194551 0.53840464 -0.18276867
v -0.45194551 0.54626459 -0.18386847
v -0.45194551 0.55112994 -0.18470818
v -0.45194551 0.55412453 -0.18524686
v -0.45194551 0.56198442 -0.18741116
v -0.45194551 0.56984437 -0.19117315
v -0.45194551 0.57166564 -0.19256809
v -0.45194551 0.57770425 -0.19761643
v -0.45194551 0.58429438 -0.20042801
v -0.45194551 0.58556420 -0.20085707
v -0.44408560 -0.59342414 -0.18573144
v -0.45012063 -0.58556420 -0.18470818
v -0.44408560 -0.58556420 -0.18491146
v -0.44408560 -0.58478022 -0.18470818
v -0.44408560 -0.57770425 -0.18302239
v -0.44408560 -0.56984437 -0.18197970
v -0.44408560 -0.56198442 -0.18140601
v -0.44408560 -0.55412453 -0.18110731
v -0.44408560 -0.54626459 -0.18084322
v -0.44408560 -0.53840464 -0.18060245
v -0.44408560 -0.53054476 -0.18040071
v -0.44408560 -0.52268481 -0.18026184
v -0.44408560 -0.51482493 -0.18019240
v -0.44408560 -0.50696498 -0.18019834
v -0.44408560 -0.49910507 -0.18023971
v -0.44408560 -0.49124515 -0.18015246
v -0.44408560 -0.48338521 -0.18000321
v -0.44408560 -0.47552529 -0.17988212
v -0.44408560 -0.46766537 -0.17979573
v -0.44408560 -0.45980546 -0.17972040
v -0.44408560 -0.45194551 -0.17966518
v -0.44408560 -0.44408560 -0.17960221
v -0.44408560 -0.43622568 -0.17954338
v -0.44408560 -0.42836577 -0.17948480
v -0.44408560 -0.42050582 -0.17943136
v -0.44408560 -0.41264591 -0.17939052
v -0.44408560 -0.40478599 -0.17943628
v -0.44408560 -0.39692608 -0.17945799
v -0.44408560 -0.38906616 -0.17935893
v -0.44408560 -0.38120621 -0.17924187
v -0.44408560 -0.37334630 -0.17915618
v -0.44408560 -0.36548638 -0.17910263
v -0.44408560 -0.35762647 -0.17906407
v -0.44408560 -0.34976652 -0.17903505
v -0.44408560 -0.34190661 -0.17901088
v -0.44408560 -0.33404669 -0.17896867
v -0.44408560 -0.32618678 -0.17893712
v -0.44408560 -0.31832686 -0.17889802
v -0.44408560 -0.31046692 -0.17885934
v -0.44408560 -0.30260700 -0.17882799
v -0.44408560 -0.29474708 -0.17879422
v -0.44408560 -0.28688717 -0.17875068
v -0.44408560 -0.27902722 -0.17870422
v -0.44408560 -0.27116731 -0.17866577
v -0.44408560 -0.26330739 -0.17863980
v -0.44408560 -0.25544748 -0.17861840
v -0.44408560 -0.24758755 -0.17859903
v -0.44408560 -0.23972763 -0.17857984
v -0.44408560 -0.23186770 -0.17856090
v -0.44408560 -0.22400779 -0.17852503
v -0.44408560 -0.21614785 -0.17852449
v -0.44408560 -0.20828794 -0.17857660
v -0.44408560 -0.20042801 -0.17860419
v -0.44408560 -0.19256809 -0.17848450
v -0.44408560 -0.18470818 -0.17838585
v -0.44408560 -0.17684825 -0.17831719
v -0.44408560 -0.16898833 -0.17828846
v -0.44408560 -0.16112840 -0.17826742
v -0.44408560 -0.15326849 -0.17826322
v -0.44408560 -0.14540856 -0.17824438
v -0.44408560 -0.13754864 -0.17822675
v -0.44408560 -0.12968871 -0.17820643
v -0.44408560 -0.12182879 -0.17820169
v -0.44408560 -0.11396887 -0.17819786
v -0.44408560 -0.10610895 -0.17819126
v -0.44408560 -0.09824903 -0.17819455
v -0.44408560 -0.09038910 -0.17818531
v -0.44408560 -0.08252918 -0.17819233
v -0.44408560 -0.07466926 -0.17820805
v -0.44408560 -0.06680934 -0.17823540
v -0.44408560 -0.05894941 -0.17825878
v -0.44408560 -0.05108950 -0.17828876
v -0.44408560 -0.04322957 -0.17831130
v -0.44408560 -0.03536965 -0.17832851
v -0.44408560 -0.02750973 -0.17834477
v -0.44408560 -0.01964981 -0.17836852
v -0.44408560 -0.01178988 -0.17837541
v -0.44408560 -0.00392996 -0.17836636
v -0.44408560 0.00392996 -0.17833698
v -0.44408560 0.01178988 -0.17831130
v -0.44408560 0.01964981 -0.17829177
v -0.44408560 0.02750973 -0.17829812
v -0.44408560 0.03536965 -0.17831616
v -0.44408560 0.04322957 -0.17834352
v -0.44408560 0.05108950 -0.17838334
v -0.44408560 0.05894941 -0.17842866
v -0.44408560 0.06680934 -0.17847994
v -0.44408560 0.07466926 -0.17852826
v -0.44408560 0.08252918 -0.17858128
v -0.44408560 0.09038910 -0.17862596
v -0.44408560 0.09824903 -0.17864376
v -0.44408560 0.10610895 -0.17866205
v -0.44408560 0.11396887 -0.17867860
v -0.44408560 0.12182879 -0.17870396
v -0.44408560 0.12968871 -0.17874588
v -0.44408560 0.13754864 -0.17879872
v -0.44408560 0.14540856 -0.17885533
v -0.44408560 0.15326849 -0.17891710
v -0.44408560 0.16112840 -0.17896986
v -0.44408560 0.16898833 -0.17899960
v -0.44408560 0.17684825 -0.17904218
v -0.44408560 0.18470818 -0.17914796
v -0.44408560 0.19256809 -0.17920445
v -0.44408560 0.20042801 -0.17910628
v -0.44408560 0.20828794 -0.17900597
v -0.44408560 0.21614785 -0.17895439
v -0.44408560 0.22400779 -0.17894156
v -0.44408560 0.23186770 -0.17895307
v -0.44408560 0.23972763 -0.17898209
v -0.44408560 0.24758755 -0.17901862
v -0.44408560 0.25544748 -0.17905585
v -0.44408560 0.26330739 -0.17909123
v -0.44408560 0.27116731 -0.17911629
v -0.44408560 0.27902722 -0.17913842
v -0.44408560 0.28688717 -0.17914730
v -0.44408560 0.29474708 -0.17913836
v -0.44408560 0.30260700 -0.17913321
v -0.44408560 0.31046692 -0.17913590
v -0.44408560 0.31832686 -0.17915864
v -0.44408560 0.32618678 -0.17920282
v -0.44408560 0.33404669 -0.17926699
v -0.44408560 0.34190661 -0.17932913
v -0.44408560 0.34976652 -0.17939016
v -0.44408560 0.35762647 -0.17944695
v -0.44408560 0.36548638 -0.17949709
v -0.44408560 0.37334630 -0.17953229
v -0.44408560 0.38120621 -0.17957684
v -0.44408560 0.38906616 -0.17960286
v -0.44408560 0.39692608 -0.17959112
v -0.44408560 0.40478599 -0.17961708
v -0.44408560 0.41264591 -0.17966320
v -0.44408560 0.42050582 -0.17972897
v -0.44408560 0.42836577 -0.17981857
v -0.44408560 0.43622568 -0.17990144
v -0.44408560 0.44408560 -0.17998809
v -0.44408560 0.45194551 -0.18008205
v -0.44408560 0.45980546 -0.18017237
v -0.44408560 0.46766537 -0.18027641
v -0.44408560 0.47552529 -0.18039826
v -0.44408560 0.48338521 -0.18051645
v -0.44408560 0.49124515 -0.18063790
v -0.44408560 0.49910507 -0.18075350
v -0.44408560 0.50696498 -0.18089041
v -0.44408560 0.51482493 -0.18113723
v -0.44408560 0.52268481 -0.18148959
v -0.44408560 0.53054476 -0.18202642
v -0.44408560 0.53840464 -0.18284903
v -0.44408560 0.54626459 -0.18393587
v -0.44408560 0.55071312 -0.18470818
v -0.44408560 0.55412453 -0.18532421
v -0.44408560 0.56198442 -0.18747628
v -0.44408560 0.56984437 -0.19123264
v -0.44408560 0.57160485 -0.19256809
v -0.44408560 0.57770425 -0.19756293
v -0.44408560 0.58448106 -0.20042801
v -0.44408560 0.58556420 -0.20079549
v -0.43622568 -0.59342414 -0.18604104
v -0.43622568 -0.58556420 -0.18525003
v -0.43622568 -0.58350009 -0.18470818
v -0.43622568 -0.57770425 -0.18330058
v -0.43622568 -0.56984437 -0.18222478
v -0.43622568 -0.56198442 -0.18161361
v -0.43622568 -0.55412453 -0.18129039
v -0.43622568 -0.54626459 -0.18100470
v -0.43622568 -0.53840464 -0.18071350
v -0.43622568 -0.53054476 -0.18050525
v -0.43622568 -0.52268481 -0.18037638
v -0.43622568 -0.51482493 -0.18030736
v -0.43622568 -0.50696498 -0.18031089
v -0.43622568 -0.49910507 -0.18036415
v -0.43622568 -0.49124515 -0.18027581
v -0.43622568 -0.48338521 -0.18010910
v -0.43622568 -0.47552529 -0.17997970
v -0.43622568 -0.46766537 -0.17989910
v -0.43622568 -0.45980546 -0.17983344
v -0.43622568 -0.45194551 -0.17976940
v -0.43622568 -0.44408560 -0.17971392
v -0.43622568 -0.43622568 -0.17965893
v -0.43622568 -0.42836577 -0.17959346
v -0.43622568 -0.42050582 -0.17953967
v -0.43622568 -0.41264591 -0.17949888
v -0.43622568 -0.40478599 -0.17955022
v -0.43622568 -0.39692608 -0.17958668
v -0.43622568 -0.38906616 -0.17947459
v -0.43622568 -0.38120621 -0.17935041
v -0.43622568 -0.37334630 -0.17926681
v -0.43622568 -0.36548638 -0.17921081
v -0.43622568 -0.35762647 -0.17917345
v -0.43622568 -0.34976652 -0.17915575
v -0.43622568 -0.34190661 -0.17912452
v -0.43622568 -0.33404669 -0.17909093
v -0.43622568 -0.32618678 -0.17905100
v -0.43622568 -0.31832686 -0.17900716
v -0.43622568 -0.31046692 -0.17898144
v -0.43622568 -0.30260700 -0.17894743
v -0.43622568 -0.29474708 -0.17891625
v -0.43622568 -0.28688717 -0.17887014
v -0.43622568 -0.27902722 -0.17881659
v -0.43622568 -0.27116731 -0.17878643
v -0.43622568 -0.26330739 -0.17876537
v -0.43622568 -0.25544748 -0.17874607
v -0.43622568 -0.24758755 -0.17873894
v -0.43622568 -0.23972763 -0.17870925
v -0.43622568 -0.23186770 -0.17868316
v -0.43622568 -0.22400779 -0.17865635
v -0.43622568 -0.21614785 -0.17864196
v -0.43622568 -0.20828794 -0.17871074
v -0.43622568 -0.20042801 -0.17874834
v -0.43622568 -0.19256809 -0.17861491
v -0.43622568 -0.18470818 -0.17850704
v -0.43622568 -0.17684825 -0.17843933
v -0.43622568 -0.16898833 -0.17840648
v -0.43622568 -0.16112840 -0.17838740
v -0.43622568 -0.15326849 -0.17837055
v -0.43622568 -0.14540856 -0.17834963
v -0.43622568 -0.13754864 -0.17833500
v -0.43622568 -0.12968871 -0.17831586
v -0.43622568 -0.12182879 -0.17830507
v -0.43622568 -0.11396887 -0.17830208
v -0.43622568 -0.10610895 -0.17830123
v -0.43622568 -0.09824903 -0.17829584
v -0.43622568 -0.09038910 -0.17829902
v -0.43622568 -0.08252918 -0.17829278
v -0.43622568 -0.07466926 -0.17830873
v -0.43622568 -0.06680934 -0.17833014
v -0.43622568 -0.05894941 -0.17836331
v -0.43622568 -0.05108950 -0.17839016
v -0.43622568 -0.04322957 -0.17840251
v -0.43622568 -0.03536965 -0.17842256
v -0.43622568 -0.02750973 -0.17843477
v -0.43622568 -0.01964981 -0.17845529
v -0.43622568 -0.01178988 -0.17847346
v -0.43622568 -0.00392996 -0.17846356
v -0.43622568 0.00392996 -0.17843772
v -0.43622568 0.01178988 -0.17840126
v -0.43622568 0.01964981 -0.17838669
v -0.43622568 0.02750973 -0.17839190
v -0.43622568 0.03536965 -0.17841026
v -0.43622568 0.04322957 -0.17843868
v -0.43622568 0.05108950 -0.17847885
v -0.43622568 0.05894941 -0.17852820
v -0.43622568 0.06680934 -0.17857714
v -0.43622568 0.07466926 -0.17863470
v -0.43622568 0.08252918 -0.17868903
v -0.43622568 0.09038910 -0.17874762
v -0.43622568 0.09824903 -0.17876297
v -0.43622568 0.10610895 -0.17876442
v -0.43622568 0.11396887 -0.17878577
v -0.43622568 0.12182879 -0.17881419
v -0.43622568 0.12968871 -0.17885958
v -0.43622568 0.13754864 -0.17890851
v -0.43622568 0.14540856 -0.17896962
v -0.43622568 0.15326849 -0.17903408
v -0.43622568 0.16112840 -0.17908219
v -0.43622568 0.16898833 -0.17911594
v -0.43622568 0.17684825 -0.17915978
v -0.43622568 0.18470818 -0.17927869
v -0.43622568 0.19256809 -0.17932919
v -0.43622568 0.20042801 -0.17922670
v -0.43622568 0.20828794 -0.17912038
v -0.43622568 0.21614785 -0.17906407
v -0.43622568 0.22400779 -0.17904949
v -0.43622568 0.23186770 -0.17906305
v -0.43622568 0.23972763 -0.17909700
v -0.43622568 0.24758755 -0.17912109
v -0.43622568 0.25544748 -0.17915186
v -0.43622568 0.26330739 -0.17919822
v -0.43622568 0.27116731 -0.17922311
v -0.43622568 0.27902722 -0.17924684
v -0.43622568 0.28688717 -0.17924732
v -0.43622568 0.29474708 -0.17924157
v -0.43622568 0.30260700 -0.17922910
v -0.43622568 0.31046692 -0.17923312
v -0.43622568 0.31832686 -0.17926082
v -0.43622568 0.32618678 -0.17930016
v -0.43622568 0.33404669 -0.17936391
v -0.43622568 0.34190661 -0.17942500
v -0.43622568 0.34976652 -0.17949355
v -0.43622568 0.35762647 -0.17954387
v -0.43622568 0.36548638 -0.17958920
v -0.43622568 0.37334630 -0.17963615
v -0.43622568 0.38120621 -0.17966026
v -0.43622568 0.38906616 -0.17969024
v -0.43622568 0.39692608 -0.17969353
v -0.43622568 0.40478599 -0.17971435
v -0.43622568 0.41264591 -0.17975159
v -0.43622568 0.42050582 -0.17982583
v -0.43622568 0.42836577 -0.17991266
v -0.43622568 0.43622568 -0.18000692
v -0.43622568 0.44408560 -0.18009046
v -0.43622568 0.45194551 -0.18018724
v -0.43622568 0.45980546 -0.18028121
v -0.43622568 0.46766537 -0.18038519
v -0.43622568 0.47552529 -0.18050531
v -0.43622568 0.48338521 -0.18062229
v -0.43622568 0.49124515 -0.18073989
v -0.43622568 0.49910507 -0.18085191
v -0.43622568 0.50696498 -0.18099229
v -0.43622568 0.51482493 -0.18122359
v -0.43622568 0.52268481 -0.18156874
v -0.43622568 0.53054476 -0.18210718
v -0.43622568 0.53840464 -0.18292268
v -0.43622568 0.54626459 -0.18398851
v -0.43622568 0.55043739 -0.18470818
v -0.43622568 0.55412453 -0.18537003
v -0.43622568 0.56198442 -0.18751970
v -0.43622568 0.56984437 -0.19125891
v -0.43622568 0.57158589 -0.19256809
v -0.43622568 0.57770425 -0.19746076
v -0.43622568 0.58479822 -0.20042801
v -0.43622568 0.58556420 -0.20068748
v -0.42836577 -0.59342414 -0.18644768
v -0.42836577 -0.58556420 -0.18568665
v -0.42836577 -0.58182138 -0.18470818
v -0.42836577 -0.57770425 -0.18369959
v -0.42836577 -0.56984437 -0.18253882
v -0.42836577 -0.56198442 -0.18188669
v -0.42836577 -0.55412453 -0.18149595
v -0.42836577 -0.54626459 -0.18117362
v -0.42836577 -0.53840464 -0.18085730
v -0.42836577 -0.53054476 -0.18063278
v -0.42836577 -0.52268481 -0.18050380
v -0.42836577 -0.51482493 -0.18043646
v -0.42836577 -0.50696498 -0.18045007
v -0.42836577 -0.49910507 -0.18050548
v -0.42836577 -0.49124515 -0.18040390
v -0.42836577 -0.48338521 -0.18023312
v -0.42836577 -0.47552529 -0.18010323
v -0.42836577 -0.46766537 -0.18002269
v -0.42836577 -0.45980546 -0.17995673
v -0.42836577 -0.45194551 -0.17989340
v -0.42836577 -0.44408560 -0.17984034
v -0.42836577 -0.43622568 -0.17977864
v -0.42836577 -0.42836577 -0.17972316
v -0.42836577 -0.42050582 -0.17966266
v -0.42836577 -0.41264591 -0.17962211
v -0.42836577 -0.40478599 -0.17967285
v -0.42836577 -0.39692608 -0.17971447
v -0.42836577 -0.38906616 -0.17960250
v -0.42836577 -0.38120621 -0.17947844
v -0.42836577 -0.37334630 -0.17938177
v -0.42836577 -0.36548638 -0.17933092
v -0.42836577 -0.35762647 -0.17929740
v -0.42836577 -0.34976652 -0.17927185
v -0.42836577 -0.34190661 -0.17924787
v -0.42836577 -0.33404669 -0.17921674
v -0.42836577 -0.32618678 -0.17917243
v -0.42836577 -0.31832686 -0.17913039
v -0.42836577 -0.31046692 -0.17910269
v -0.42836577 -0.30260700 -0.17908026
v -0.42836577 -0.29474708 -0.17905100
v -0.42836577 -0.28688717 -0.17899780
v -0.42836577 -0.27902722 -0.17895877
v -0.42836577 -0.27116731 -0.17891864
v -0.42836577 -0.26330739 -0.17890090
v -0.42836577 -0.25544748 -0.17888603
v -0.42836577 -0.24758755 -0.17887169
v -0.42836577 -0.23972763 -0.17885779
v -0.42836577 -0.23186770 -0.17881994
v -0.42836577 -0.22400779 -0.17879093
v -0.42836577 -0.21614785 -0.17879128
v -0.42836577 -0.20828794 -0.17886493
v -0.42836577 -0.20042801 -0.17889719
v -0.42836577 -0.19256809 -0.17876537
v -0.42836577 -0.18470818 -0.17864281
v -0.42836577 -0.17684825 -0.17858164
v -0.42836577 -0.16898833 -0.17854932
v -0.42836577 -0.16112840 -0.17852642
v -0.42836577 -0.15326849 -0.17850602
v -0.42836577 -0.14540856 -0.17849085
v -0.42836577 -0.13754864 -0.17847022
v -0.42836577 -0.12968871 -0.17845103
v -0.42836577 -0.12182879 -0.17844096
v -0.42836577 -0.11396887 -0.17843257
v -0.42836577 -0.10610895 -0.17842638
v -0.42836577 -0.09824903 -0.17842411
v -0.42836577 -0.09038910 -0.17841715
v -0.42836577 -0.08252918 -0.17842716
v -0.42836577 -0.07466926 -0.17843178
v -0.42836577 -0.06680934 -0.17845649
v -0.42836577 -0.05894941 -0.17847964
v -0.42836577 -0.05108950 -0.17850146
v -0.42836577 -0.04322957 -0.17852281
v -0.42836577 -0.03536965 -0.17853487
v -0.42836577 -0.02750973 -0.17855220
v -0.42836577 -0.01964981 -0.17856725
v -0.42836577 -0.01178988 -0.17858608
v -0.42836577 -0.00392996 -0.17857882
v -0.42836577 0.00392996 -0.17854668
v -0.42836577 0.01178988 -0.17851867
v -0.42836577 0.01964981 -0.17850447
v -0.42836577 0.02750973 -0.17850026
v -0.42836577 0.03536965 -0.17851928
v -0.42836577 0.04322957 -0.17855033
v -0.42836577 0.05108950 -0.17859310
v -0.42836577 0.05894941 -0.17864628
v -0.42836577 0.06680934 -0.17870307
v -0.42836577 0.07466926 -0.17876418
v -0.42836577 0.08252918 -0.17882769
v -0.42836577 0.09038910 -0.17887092
v -0.42836577 0.09824903 -0.17890143
v -0.42836577 0.10610895 -0.17890078
v -0.42836577 0.11396887 -0.17891103
v -0.42836577 0.12182879 -0.17894053
v -0.42836577 0.12968871 -0.17898251
v -0.42836577 0.13754864 -0.17903936
v -0.42836577 0.14540856 -0.17909537
v -0.42836577 0.15326849 -0.17915089
v -0.42836577 0.16112840 -0.17919858
v -0.42836577 0.16898833 -0.17923647
v -0.42836577 0.17684825 -0.17927240
v -0.42836577 0.18470818 -0.17940354
v -0.42836577 0.19256809 -0.17944959
v -0.42836577 0.20042801 -0.17934039
v -0.42836577 0.20828794 -0.17923768
v -0.42836577 0.21614785 -0.17918424
v -0.42836577 0.22400779 -0.17916709
v -0.42836577 0.23186770 -0.17917639
v -0.42836577 0.23972763 -0.17920625
v -0.42836577 0.24758755 -0.17923923
v -0.42836577 0.25544748 -0.17927125
v -0.42836577 0.26330739 -0.17930268
v -0.42836577 0.27116731 -0.17933254
v -0.42836577 0.27902722 -0.17935275
v -0.42836577 0.28688717 -0.17935863
v -0.42836577 0.29474708 -0.17934693
v -0.42836577 0.30260700 -0.17933121
v -0.42836577 0.31046692 -0.17933770
v -0.42836577 0.31832686 -0.17936204
v -0.42836577 0.32618678 -0.17940558
v -0.42836577 0.33404669 -0.17946309
v -0.42836577 0.34190661 -0.17952305
v -0.42836577 0.34976652 -0.17958511
v -0.42836577 0.35762647 -0.17964287
v -0.42836577 0.36548638 -0.17968796
v -0.42836577 0.37334630 -0.17972106
v -0.42836577 0.38120621 -0.17975627
v -0.42836577 0.38906616 -0.17978324
v -0.42836577 0.39692608 -0.17977269
v -0.42836577 0.40478599 -0.17980142
v -0.42836577 0.41264591 -0.17985287
v -0.42836577 0.42050582 -0.17991661
v -0.42836577 0.42836577 -0.18001874
v -0.42836577 0.43622568 -0.18010713
v -0.42836577 0.44408560 -0.18019468
v -0.42836577 0.45194551 -0.18029051
v -0.42836577 0.45980546 -0.18038939
v -0.42836577 0.46766537 -0.18048798
v -0.42836577 0.47552529 -0.18061085
v -0.42836577 0.48338521 -0.18073708
v -0.42836577 0.49124515 -0.18085502
v -0.42836577 0.49910507 -0.18095739
v -0.42836577 0.50696498 -0.18109760
v -0.42836577 0.51482493 -0.18132487
v -0.42836577 0.52268481 -0.18166751
v -0.42836577 0.53054476 -0.18218707
v -0.42836577 0.53840464 -0.18297946
v -0.42836577 0.54626459 -0.18404494
v -0.42836577 0.55011672 -0.18470818
v -0.42836577 0.55412453 -0.18542345
v -0.42836577 0.56198442 -0.18754800
v -0.42836577 0.56984437 -0.19128750
v -0.42836577 0.57156146 -0.19256809
v -0.42836577 0.57770425 -0.19732973
v -0.42836577 0.58525175 -0.20042801
v -0.42836577 0.58556420 -0.20053266
v -0.42050582 -0.59342414 -0.18693562
v -0.42050582 -0.58556420 -0.18618160
v -0.42050582 -0.58005214 -0.18470818
v -0.42050582 -0.57770425 -0.18411210
v -0.42050582 -0.56984437 -0.18286109
v -0.42050582 -0.56198442 -0.18212709
v -0.42050582 -0.55412453 -0.18167117
v -0.42050582 -0.54626459 -0.18131252
v -0.42050582 -0.53840464 -0.18099175
v -0.42050582 -0.53054476 -0.18075344
v -0.42050582 -0.52268481 -0.18062019
v -0.42050582 -0.51482493 -0.18055202
v -0.42050582 -0.50696498 -0.18057199
v -0.42050582 -0.49910507 -0.18061732
v -0.42050582 -0.49124515 -0.18051645
v -0.42050582 -0.48338521 -0.18033883
v -0.42050582 -0.47552529 -0.18022113
v -0.42050582 -0.46766537 -0.18013909
v -0.42050582 -0.45980546 -0.18007594
v -0.42050582 -0.45194551 -0.18001898
v -0.42050582 -0.44408560 -0.17996344
v -0.42050582 -0.43622568 -0.17990685
v -0.42050582 -0.42836577 -0.17984825
v -0.42050582 -0.42050582 -0.17979524
v -0.42050582 -0.41264591 -0.17974624
v -0.42050582 -0.40478599 -0.17980100
v -0.42050582 -0.39692608 -0.17983374
v -0.42050582 -0.38906616 -0.17971669
v -0.42050582 -0.38120621 -0.17959806
v -0.42050582 -0.37334630 -0.17950003
v -0.42050582 -0.36548638 -0.17944917
v -0.42050582 -0.35762647 -0.17941350
v -0.42050582 -0.34976652 -0.17939430
v -0.42050582 -0.34190661 -0.17936516
v -0.42050582 -0.33404669 -0.17933176
v -0.42050582 -0.32618678 -0.17930147
v -0.42050582 -0.31832686 -0.17925104
v -0.42050582 -0.31046692 -0.17921908
v -0.42050582 -0.30260700 -0.17920163
v -0.42050582 -0.29474708 -0.17916469
v -0.42050582 -0.28688717 -0.17911474
v -0.42050582 -0.27902722 -0.17907396
v -0.42050582 -0.27116731 -0.17904200
v -0.42050582 -0.26330739 -0.17901933
v -0.42050582 -0.25544748 -0.17901273
v -0.42050582 -0.24758755 -0.17899948
v -0.42050582 -0.23972763 -0.17897652
v -0.42050582 -0.23186770 -0.17896266
v -0.42050582 -0.22400779 -0.17892350
v -0.42050582 -0.21614785 -0.17891949
v -0.42050582 -0.20828794 -0.17901100
v -0.42050582 -0.20042801 -0.17904182
v -0.42050582 -0.19256809 -0.17890641
v -0.42050582 -0.18470818 -0.17879044
v -0.42050582 -0.17684825 -0.17872910
v -0.42050582 -0.16898833 -0.17868707
v -0.42050582 -0.16112840 -0.17867398
v -0.42050582 -0.15326849 -0.17865828
v -0.42050582 -0.14540856 -0.17864485
v -0.42050582 -0.13754864 -0.17861319
v -0.42050582 -0.12968871 -0.17860022
v -0.42050582 -0.12182879 -0.17858787
v -0.42050582 -0.11396887 -0.17858356
v -0.42050582 -0.10610895 -0.17857589
v -0.42050582 -0.09824903 -0.17857361
v -0.42050582 -0.09038910 -0.17855819
v -0.42050582 -0.08252918 -0.17856304
v -0.42050582 -0.07466926 -0.17857331
v -0.42050582 -0.06680934 -0.17860341
v -0.42050582 -0.05894941 -0.17860982
v -0.42050582 -0.05108950 -0.17863987
v -0.42050582 -0.04322957 -0.17864928
v -0.42050582 -0.03536965 -0.17867140
v -0.42050582 -0.02750973 -0.17868562
v -0.42050582 -0.01964981 -0.17869492
v -0.42050582 -0.01178988 -0.17871711
v -0.42050582 -0.00392996 -0.17870709
v -0.42050582 0.00392996 -0.17867680
v -0.42050582 0.01178988 -0.17863789
v -0.42050582 0.01964981 -0.17861900
v -0.42050582 0.02750973 -0.17862368
v -0.42050582 0.03536965 -0.17864370
v -0.42050582 0.04322957 -0.17867747
v -0.42050582 0.05108950 -0.17872298
v -0.42050582 0.05894941 -0.17876640
v -0.42050582 0.06680934 -0.17882876
v -0.42050582 0.07466926 -0.17889245
v -0.42050582 0.08252918 -0.17895457
v -0.42050582 0.09038910 -0.17899649
v -0.42050582 0.09824903 -0.17903684
v -0.42050582 0.10610895 -0.17903787
v -0.42050582 0.11396887 -0.17904590
v -0.42050582 0.12182879 -0.17907162
v -0.42050582 0.12968871 -0.17911738
v -0.42050582 0.13754864 -0.17916907
v -0.42050582 0.14540856 -0.17921992
v -0.42050582 0.15326849 -0.17927749
v -0.42050582 0.16112840 -0.17932288
v -0.42050582 0.16898833 -0.17934807
v -0.42050582 0.17684825 -0.17939238
v -0.42050582 0.18470818 -0.17952634
v -0.42050582 0.19256809 -0.17957474
v -0.42050582 0.20042801 -0.17946824
v -0.42050582 0.20828794 -0.17935592
v -0.42050582 0.21614785 -0.17929812
v -0.42050582 0.22400779 -0.17928781
v -0.42050582 0.23186770 -0.17929465
v -0.42050582 0.23972763 -0.17932060
v -0.42050582 0.24758755 -0.17935598
v -0.42050582 0.25544748 -0.17938615
v -0.42050582 0.26330739 -0.17942105
v -0.42050582 0.27116731 -0.17944276
v -0.42050582 0.27902722 -0.17946824
v -0.42050582 0.28688717 -0.17947592
v -0.42050582 0.29474708 -0.17945799
v -0.42050582 0.30260700 -0.17944132
v -0.42050582 0.31046692 -0.17943993
v -0.42050582 0.31832686 -0.17946182
v -0.42050582 0.32618678 -0.17950284
v -0.42050582 0.33404669 -0.17955916
v -0.42050582 0.34190661 -0.17961918
v -0.42050582 0.34976652 -0.17967321
v -0.42050582 0.35762647 -0.17972820
v -0.42050582 0.36548638 -0.17976741
v -0.42050582 0.37334630 -0.17980213
v -0.42050582 0.38120621 -0.17984243
v -0.42050582 0.38906616 -0.17986684
v -0.42050582 0.39692608 -0.17986804
v -0.42050582 0.40478599 -0.17989041
v -0.42050582 0.41264591 -0.17993879
v -0.42050582 0.42050582 -0.18001658
v -0.42050582 0.42836577 -0.18011419
v -0.42050582 0.43622568 -0.18021357
v -0.42050582 0.44408560 -0.18030466
v -0.42050582 0.45194551 -0.18039970
v -0.42050582 0.45980546 -0.18050069
v -0.42050582 0.46766537 -0.18060814
v -0.42050582 0.47552529 -0.18073252
v -0.42050582 0.48338521 -0.18085785
v -0.42050582 0.49124515 -0.18097718
v -0.42050582 0.49910507 -0.18108170
v -0.42050582 0.50696498 -0.18121974
v -0.42050582 0.51482493 -0.18143736
v -0.42050582 0.52268481 -0.18175638
v -0.42050582 0.53054476 -0.18226826
v -0.42050582 0.53840464 -0.18302678
v -0.42050582 0.54626459 -0.18408746
v -0.42050582 0.54995286 -0.18470818
v -0.42050582 0.55412453 -0.18543425
v -0.42050582 0.56198442 -0.18755321
v -0.42050582 0.56984437 -0.19124655
v -0.42050582 0.57163954 -0.19256809
v -0.42050582 0.57770425 -0.19714947
v -0.42330921 0.58556420 -0.20042801
v -0.42050582 0.58556420 -0.20036463
v -0.41264591 -0.59342414 -0.18743137
v -0.41264591 -0.58556420 -0.18663988
v -0.41264591 -0.57854944 -0.18470818
v -0.41264591 -0.57770425 -0.18448497
v -0.41264591 -0.56984437 -0.18312415
v -0.41264591 -0.56198442 -0.18231113
v -0.41264591 -0.55412453 -0.18181203
v -0.41264591 -0.54626459 -0.18141691
v -0.41264591 -0.53840464 -0.18109004
v -0.41264591 -0.53054476 -0.18084933
v -0.41264591 -0.52268481 -0.18071975
v -0.41264591 -0.51482493 -0.18065204
v -0.41264591 -0.50696498 -0.18067686
v -0.41264591 -0.49910507 -0.18073809
v -0.41264591 -0.49124515 -0.18062955
v -0.41264591 -0.48338521 -0.18045504
v -0.41264591 -0.47552529 -0.18032679
v -0.41264591 -0.46766537 -0.18025579
v -0.41264591 -0.45980546 -0.18019719
v -0.41264591 -0.45194551 -0.18014334
v -0.41264591 -0.44408560 -0.18008853
v -0.41264591 -0.43622568 -0.18003264
v -0.41264591 -0.42836577 -0.17998569
v -0.41264591 -0.42050582 -0.17991032
v -0.41264591 -0.41264591 -0.17987601
v -0.41264591 -0.40478599 -0.17991950
v -0.41264591 -0.39692608 -0.17995691
v -0.41264591 -0.38906616 -0.17984939
v -0.41264591 -0.38120621 -0.17971542
v -0.41264591 -0.37334630 -0.17962973
v -0.41264591 -0.36548638 -0.17956245
v -0.41264591 -0.35762647 -0.17953439
v -0.41264591 -0.34976652 -0.17950386
v -0.41264591 -0.34190661 -0.17948222
v -0.41264591 -0.33404669 -0.17944653
v -0.41264591 -0.32618678 -0.17941596
v -0.41264591 -0.31832686 -0.17937374
v -0.41264591 -0.31046692 -0.17934321
v -0.41264591 -0.30260700 -0.17931797
v -0.41264591 -0.29474708 -0.17928739
v -0.41264591 -0.28688717 -0.17923144
v -0.41264591 -0.27902722 -0.17918922
v -0.41264591 -0.27116731 -0.17916001
v -0.41264591 -0.26330739 -0.17913795
v -0.41264591 -0.25544748 -0.17913350
v -0.41264591 -0.24758755 -0.17912044
v -0.41264591 -0.23972763 -0.17910239
v -0.41264591 -0.23186770 -0.17908572
v -0.41264591 -0.22400779 -0.17905316
v -0.41264591 -0.21614785 -0.17905843
v -0.41264591 -0.20828794 -0.17914712
v -0.41264591 -0.20042801 -0.17917776
v -0.41264591 -0.19256809 -0.17905742
v -0.41264591 -0.18470818 -0.17895386
v -0.41264591 -0.17684825 -0.17888825
v -0.41264591 -0.16898833 -0.17885670
v -0.41264591 -0.16112840 -0.17884381
v -0.41264591 -0.15326849 -0.17882474
v -0.41264591 -0.14540856 -0.17880820
v -0.41264591 -0.13754864 -0.17878534
v -0.41264591 -0.12968871 -0.17876945
v -0.41264591 -0.12182879 -0.17876250
v -0.41264591 -0.11396887 -0.17876220
v -0.41264591 -0.10610895 -0.17875458
v -0.41264591 -0.09824903 -0.17875201
v -0.41264591 -0.09038910 -0.17873731
v -0.41264591 -0.08252918 -0.17873767
v -0.41264591 -0.07466926 -0.17874235
v -0.41264591 -0.06680934 -0.17875470
v -0.41264591 -0.05894941 -0.17877683
v -0.41264591 -0.05108950 -0.17879722
v -0.41264591 -0.04322957 -0.17880838
v -0.41264591 -0.03536965 -0.17882192
v -0.41264591 -0.02750973 -0.17883877
v -0.41264591 -0.01964981 -0.17885400
v -0.41264591 -0.01178988 -0.17887133
v -0.41264591 -0.00392996 -0.17885983
v -0.41264591 0.00392996 -0.17882571
v -0.41264591 0.01178988 -0.17878054
v -0.41264591 0.01964981 -0.17876598
v -0.41264591 0.02750973 -0.17876095
v -0.41264591 0.03536965 -0.17878823
v -0.41264591 0.04322957 -0.17881419
v -0.41264591 0.05108950 -0.17886283
v -0.41264591 0.05894941 -0.17890684
v -0.41264591 0.06680934 -0.17897075
v -0.41264591 0.07466926 -0.17903577
v -0.41264591 0.08252918 -0.17910251
v -0.41264591 0.09038910 -0.17914221
v -0.41264591 0.09824903 -0.17917003
v -0.41264591 0.10610895 -0.17917980
v -0.41264591 0.11396887 -0.17918538
v -0.41264591 0.12182879 -0.17920780
v -0.41264591 0.12968871 -0.17924589
v -0.41264591 0.13754864 -0.17929421
v -0.41264591 0.14540856 -0.17934969
v -0.41264591 0.15326849 -0.17939472
v -0.41264591 0.16112840 -0.17943946
v -0.41264591 0.16898833 -0.17946170
v -0.41264591 0.17684825 -0.17951910
v -0.41264591 0.18470818 -0.17965156
v -0.41264591 0.19256809 -0.17969504
v -0.41264591 0.20042801 -0.17959309
v -0.41264591 0.20828794 -0.17948905
v -0.41264591 0.21614785 -0.17943059
v -0.41264591 0.22400779 -0.17941391
v -0.41264591 0.23186770 -0.17942159
v -0.41264591 0.23972763 -0.17944624
v -0.41264591 0.24758755 -0.17947724
v -0.41264591 0.25544748 -0.17951298
v -0.41264591 0.26330739 -0.17954086
v -0.41264591 0.27116731 -0.17956612
v -0.41264591 0.27902722 -0.17958902
v -0.41264591 0.28688717 -0.17958973
v -0.41264591 0.29474708 -0.17957595
v -0.41264591 0.30260700 -0.17956316
v -0.41264591 0.31046692 -0.17955291
v -0.41264591 0.31832686 -0.17956455
v -0.41264591 0.32618678 -0.17960940
v -0.41264591 0.33404669 -0.17966457
v -0.41264591 0.34190661 -0.17972179
v -0.41264591 0.34976652 -0.17977275
v -0.41264591 0.35762647 -0.17982355
v -0.41264591 0.36548638 -0.17985988
v -0.41264591 0.37334630 -0.17988975
v -0.41264591 0.38120621 -0.17992854
v -0.41264591 0.38906616 -0.17995834
v -0.41264591 0.39692608 -0.17995612
v -0.41264591 0.40478599 -0.17998114
v -0.41264591 0.41264591 -0.18003841
v -0.41264591 0.42050582 -0.18012385
v -0.41264591 0.42836577 -0.18021734
v -0.41264591 0.43622568 -0.18032072
v -0.41264591 0.44408560 -0.18041787
v -0.41264591 0.45194551 -0.18052071
v -0.41264591 0.45980546 -0.18061996
v -0.41264591 0.46766537 -0.18073665
v -0.41264591 0.47552529 -0.18086006
v -0.41264591 0.48338521 -0.18099697
v -0.41264591 0.49124515 -0.18110749
v -0.41264591 0.49910507 -0.18122448
v -0.41264591 0.50696498 -0.18134837
v -0.41264591 0.51482493 -0.18156227
v -0.41264591 0.52268481 -0.18186684
v -0.41264591 0.53054476 -0.18235971
v -0.41264591 0.53840464 -0.18309477
v -0.41264591 0.54626459 -0.18410689
v -0.41264591 0.54981327 -0.18470818
v -0.41264591 0.55412453 -0.18545817
v -0.41264591 0.56198442 -0.18751484
v -0.41264591 0.56984437 -0.19114263
v -0.41264591 0.57180852 -0.19256809
v -0.41264591 0.57770425 -0.19693221
v -0.41264591 0.58556420 -0.20018402
v -0.40478599 -0.59342414 -0.18790078
v -0.40478599 -0.58556420 -0.18709226
v -0.40711641 -0.57770425 -0.18470818
v -0.40478599 -0.57770425 -0.18480496
v -0.40478599 -0.57723171 -0.18470818
v -0.40478599 -0.56984437 -0.18329979
v -0.40478599 -0.56198442 -0.18245055
v -0.40478599 -0.55412453 -0.18192472
v -0.40478599 -0.54626459 -0.18151790
v -0.40478599 -0.53840464 -0.18118383
v -0.40478599 -0.53054476 -0.18095434
v -0.40478599 -0.52268481 -0.18081953
v -0.40478599 -0.51482493 -0.18076316
v -0.40478599 -0.50696498 -0.18078768
v -0.40478599 -0.49910507 -0.18083914
v -0.40478599 -0.49124515 -0.18073450
v -0.40478599 -0.48338521 -0.18056144
v -0.40478599 -0.47552529 -0.18043748
v -0.40478599 -0.46766537 -0.18036330
v -0.40478599 -0.45980546 -0.18031149
v -0.40478599 -0.45194551 -0.18026441
v -0.40478599 -0.44408560 -0.18021734
v -0.40478599 -0.43622568 -0.18017159
v -0.40478599 -0.42836577 -0.18011762
v -0.40478599 -0.42050582 -0.18006060
v -0.40478599 -0.41264591 -0.18002509
v -0.40478599 -0.40478599 -0.18006478
v -0.40478599 -0.39692608 -0.18010281
v -0.40478599 -0.38906616 -0.17999181
v -0.40478599 -0.38120621 -0.17985569
v -0.40478599 -0.37334630 -0.17975734
v -0.40478599 -0.36548638 -0.17969821
v -0.40478599 -0.35762647 -0.17965893
v -0.40478599 -0.34976652 -0.17963339
v -0.40478599 -0.34190661 -0.17961408
v -0.40478599 -0.33404669 -0.17957948
v -0.40478599 -0.32618678 -0.17953354
v -0.40478599 -0.31832686 -0.17949505
v -0.40478599 -0.31046692 -0.17945541
v -0.40478599 -0.30260700 -0.17943370
v -0.40478599 -0.29474708 -0.17940073
v -0.40478599 -0.28688717 -0.17935088
v -0.40478599 -0.27902722 -0.17930736
v -0.40478599 -0.27116731 -0.17927569
v -0.40478599 -0.26330739 -0.17925140
v -0.40478599 -0.25544748 -0.17925285
v -0.40478599 -0.24758755 -0.17924139
v -0.40478599 -0.23972763 -0.17921926
v -0.40478599 -0.23186770 -0.17920451
v -0.40478599 -0.22400779 -0.17916878
v -0.40478599 -0.21614785 -0.17918040
v -0.40478599 -0.20828794 -0.17927389
v -0.40478599 -0.20042801 -0.17931047
v -0.40478599 -0.19256809 -0.17919983
v -0.40478599 -0.18470818 -0.17910191
v -0.40478599 -0.17684825 -0.17903847
v -0.40478599 -0.16898833 -0.17901933
v -0.40478599 -0.16112840 -0.17900440
v -0.40478599 -0.15326849 -0.17898840
v -0.40478599 -0.14540856 -0.17898108
v -0.40478599 -0.13754864 -0.17895487
v -0.40478599 -0.12968871 -0.17894498
v -0.40478599 -0.12182879 -0.17893586
v -0.40478599 -0.11396887 -0.17893124
v -0.40478599 -0.10610895 -0.17894036
v -0.40478599 -0.09824903 -0.17893431
v -0.40478599 -0.09038910 -0.17891176
v -0.40478599 -0.08252918 -0.17892033
v -0.40478599 -0.07466926 -0.17891870
v -0.40478599 -0.06680934 -0.17894150
v -0.40478599 -0.05894941 -0.17895739
v -0.40478599 -0.05108950 -0.17896615
v -0.40478599 -0.04322957 -0.17898029
v -0.40478599 -0.03536965 -0.17899151
v -0.40478599 -0.02750973 -0.17900585
v -0.40478599 -0.01964981 -0.17902048
v -0.40478599 -0.01178988 -0.17903061
v -0.40478599 -0.00392996 -0.17901939
v -0.40478599 0.00392996 -0.17898731
v -0.40478599 0.01178988 -0.17895001
v -0.40478599 0.01964981 -0.17892818
v -0.40478599 0.02750973 -0.17892866
v -0.40478599 0.03536965 -0.17893904
v -0.40478599 0.04322957 -0.17898372
v -0.40478599 0.05108950 -0.17902143
v -0.40478599 0.05894941 -0.17906880
v -0.40478599 0.06680934 -0.17912398
v -0.40478599 0.07466926 -0.17918916
v -0.40478599 0.08252918 -0.17925146
v -0.40478599 0.09038910 -0.17929338
v -0.40478599 0.09824903 -0.17932612
v -0.40478599 0.10610895 -0.17932697
v -0.40478599 0.11396887 -0.17933260
v -0.40478599 0.12182879 -0.17934418
v -0.40478599 0.12968871 -0.17938441
v -0.40478599 0.13754864 -0.17943545
v -0.40478599 0.14540856 -0.17948659
v -0.40478599 0.15326849 -0.17953084
v -0.40478599 0.16112840 -0.17956808
v -0.40478599 0.16898833 -0.17960016
v -0.40478599 0.17684825 -0.17965493
v -0.40478599 0.18470818 -0.17978199
v -0.40478599 0.19256809 -0.17982930
v -0.40478599 0.20042801 -0.17974114
v -0.40478599 0.20828794 -0.17963777
v -0.40478599 0.21614785 -0.17958578
v -0.40478599 0.22400779 -0.17957000
v -0.40478599 0.23186770 -0.17958541
v -0.40478599 0.23972763 -0.17961246
v -0.40478599 0.24758755 -0.17964232
v -0.40478599 0.25544748 -0.17967416
v -0.40478599 0.26330739 -0.17970020
v -0.40478599 0.27116731 -0.17972940
v -0.40478599 0.27902722 -0.17975225
v -0.40478599 0.28688717 -0.17974840
v -0.40478599 0.29474708 -0.17972484
v -0.40478599 0.30260700 -0.17970864
v -0.40478599 0.31046692 -0.17969611
v -0.40478599 0.31832686 -0.17971045
v -0.40478599 0.32618678 -0.17975171
v -0.40478599 0.33404669 -0.17979716
v -0.40478599 0.34190661 -0.17985803
v -0.40478599 0.34976652 -0.17989886
v -0.40478599 0.35762647 -0.17994851
v -0.40478599 0.36548638 -0.17997436
v -0.40478599 0.37334630 -0.18000668
v -0.40478599 0.38120621 -0.18004632
v -0.40478599 0.38906616 -0.18006569
v -0.40478599 0.39692608 -0.18007067
v -0.40478599 0.40478599 -0.18010154
v -0.40478599 0.41264591 -0.18013830
v -0.40478599 0.42050582 -0.18022880
v -0.40478599 0.42836577 -0.18032996
v -0.40478599 0.43622568 -0.18042782
v -0.40478599 0.44408560 -0.18053709
v -0.40478599 0.45194551 -0.18063807
v -0.40478599 0.45980546 -0.18075380
v -0.40478599 0.46766537 -0.18086216
v -0.40478599 0.47552529 -0.18099564
v -0.40478599 0.48338521 -0.18113759
v -0.40478599 0.49124515 -0.18126382
v -0.40478599 0.49910507 -0.18136869
v -0.40478599 0.50696498 -0.18149720
v -0.40478599 0.51482493 -0.18171783
v -0.40478599 0.52268481 -0.18201807
v -0.40478599 0.53054476 -0.18249625
v -0.40478599 0.53840464 -0.18319324
v -0.40478599 0.54626459 -0.18417908
v -0.40478599 0.54950386 -0.18470818
v -0.40478599 0.55412453 -0.18547730
v -0.40478599 0.56198442 -0.18753175
v -0.40478599 0.56984437 -0.19104740
v -0.40478599 0.57197195 -0.19256809
v -0.40478599 0.57770425 -0.19675381
v -0.40478599 0.58556420 -0.20001934
v -0.39692608 -0.59342414 -0.18821213
v -0.39692608 -0.58556420 -0.18758014
v -0.39692608 -0.57770425 -0.18509789
v -0.39692608 -0.57588542 -0.18470818
v -0.39692608 -0.56984437 -0.18350236
v -0.39692608 -0.56198442 -0.18258595
v -0.39692608 -0.55412453 -0.18204488
v -0.39692608 -0.54626459 -0.18161865
v -0.39692608 -0.53840464 -0.18127917
v -0.39692608 -0.53054476 -0.18104722
v -0.39692608 -0.52268481 -0.18090534
v -0.39692608 -0.51482493 -0.18083812
v -0.39692608 -0.50696498 -0.18087608
v -0.39692608 -0.49910507 -0.18094102
v -0.39692608 -0.49124515 -0.18083973
v -0.39692608 -0.48338521 -0.18066595
v -0.39692608 -0.47552529 -0.18054794
v -0.39692608 -0.46766537 -0.18048845
v -0.39692608 -0.45980546 -0.18042782
v -0.39692608 -0.45194551 -0.18039347
v -0.39692608 -0.44408560 -0.18035521
v -0.39692608 -0.43622568 -0.18029782
v -0.39692608 -0.42836577 -0.18025212
v -0.39692608 -0.42050582 -0.18019743
v -0.39692608 -0.41264591 -0.18015696
v -0.39692608 -0.40478599 -0.18020901
v -0.39692608 -0.39692608 -0.18023132
v -0.39692608 -0.38906616 -0.18012320
v -0.39692608 -0.38120621 -0.17998761
v -0.39692608 -0.37334630 -0.17988519
v -0.39692608 -0.36548638 -0.17982480
v -0.39692608 -0.35762647 -0.17978054
v -0.39692608 -0.34976652 -0.17975272
v -0.39692608 -0.34190661 -0.17972843
v -0.39692608 -0.33404669 -0.17968754
v -0.39692608 -0.32618678 -0.17963873
v -0.39692608 -0.31832686 -0.17959519
v -0.39692608 -0.31046692 -0.17955783
v -0.39692608 -0.30260700 -0.17953078
v -0.39692608 -0.29474708 -0.17949373
v -0.39692608 -0.28688717 -0.17943256
v -0.39692608 -0.27902722 -0.17938794
v -0.39692608 -0.27116731 -0.17935209
v -0.39692608 -0.26330739 -0.17933434
v -0.39692608 -0.25544748 -0.17932703
v -0.39692608 -0.24758755 -0.17931394
v -0.39692608 -0.23972763 -0.17929704
v -0.39692608 -0.23186770 -0.17927833
v -0.39692608 -0.22400779 -0.17924559
v -0.39692608 -0.21614785 -0.17927335
v -0.39692608 -0.20828794 -0.17935838
v -0.39692608 -0.20042801 -0.17940325
v -0.39692608 -0.19256809 -0.17930970
v -0.39692608 -0.18470818 -0.17922501
v -0.39692608 -0.17684825 -0.17917165
v -0.39692608 -0.16898833 -0.17914677
v -0.39692608 -0.16112840 -0.17914653
v -0.39692608 -0.15326849 -0.17912805
v -0.39692608 -0.14540856 -0.17912398
v -0.39692608 -0.13754864 -0.17911175
v -0.39692608 -0.12968871 -0.17910023
v -0.39692608 -0.12182879 -0.17909369
v -0.39692608 -0.11396887 -0.17910083
v -0.39692608 -0.10610895 -0.17910160
v -0.39692608 -0.09824903 -0.17909890
v -0.39692608 -0.09038910 -0.17909531
v -0.39692608 -0.08252918 -0.17908572
v -0.39692608 -0.07466926 -0.17908871
v -0.39692608 -0.06680934 -0.17911072
v -0.39692608 -0.05894941 -0.17912343
v -0.39692608 -0.05108950 -0.17913350
v -0.39692608 -0.04322957 -0.17914118
v -0.39692608 -0.03536965 -0.17915186
v -0.39692608 -0.02750973 -0.17917302
v -0.39692608 -0.01964981 -0.17918377
v -0.39692608 -0.01178988 -0.17919384
v -0.39692608 -0.00392996 -0.17918910
v -0.39692608 0.00392996 -0.17915978
v -0.39692608 0.01178988 -0.17912044
v -0.39692608 0.01964981 -0.17910767
v -0.39692608 0.02750973 -0.17911042
v -0.39692608 0.03536965 -0.17912979
v -0.39692608 0.04322957 -0.17917728
v -0.39692608 0.05108950 -0.17921123
v -0.39692608 0.05894941 -0.17926399
v -0.39692608 0.06680934 -0.17932378
v -0.39692608 0.07466926 -0.17937757
v -0.39692608 0.08252918 -0.17944911
v -0.39692608 0.09038910 -0.17950140
v -0.39692608 0.09824903 -0.17952210
v -0.39692608 0.10610895 -0.17952240
v -0.39692608 0.11396887 -0.17952892
v -0.39692608 0.12182879 -0.17955117
v -0.39692608 0.12968871 -0.17958283
v -0.39692608 0.13754864 -0.17963231
v -0.39692608 0.14540856 -0.17968436
v -0.39692608 0.15326849 -0.17971969
v -0.39692608 0.16112840 -0.17975050
v -0.39692608 0.16898833 -0.17978343
v -0.39692608 0.17684825 -0.17985521
v -0.39692608 0.18470818 -0.17997819
v -0.39692608 0.19256809 -0.18002833
v -0.39692608 0.20042801 -0.17995638
v -0.39692608 0.20828794 -0.17986564
v -0.39692608 0.21614785 -0.17981778
v -0.39692608 0.22400779 -0.17981155
v -0.39692608 0.23186770 -0.17982547
v -0.39692608 0.23972763 -0.17985208
v -0.39692608 0.24758755 -0.17987368
v -0.39692608 0.25544748 -0.17990036
v -0.39692608 0.26330739 -0.17992848
v -0.39692608 0.27116731 -0.17996578
v -0.39692608 0.27902722 -0.17998959
v -0.39692608 0.28688717 -0.17998533
v -0.39692608 0.29474708 -0.17997389
v -0.39692608 0.30260700 -0.17993401
v -0.39692608 0.31046692 -0.17992201
v -0.39692608 0.31832686 -0.17992735
v -0.39692608 0.32618678 -0.17994851
v -0.39692608 0.33404669 -0.17999990
v -0.39692608 0.34190661 -0.18003726
v -0.39692608 0.34976652 -0.18008421
v -0.39692608 0.35762647 -0.18011925
v -0.39692608 0.36548638 -0.18014970
v -0.39692608 0.37334630 -0.18017717
v -0.39692608 0.38120621 -0.18021734
v -0.39692608 0.38906616 -0.18023989
v -0.39692608 0.39692608 -0.18023929
v -0.39692608 0.40478599 -0.18025777
v -0.39692608 0.41264591 -0.18030466
v -0.39692608 0.42050582 -0.18038358
v -0.39692608 0.42836577 -0.18048665
v -0.39692608 0.43622568 -0.18058847
v -0.39692608 0.44408560 -0.18068700
v -0.39692608 0.45194551 -0.18077636
v -0.39692608 0.45980546 -0.18088052
v -0.39692608 0.46766537 -0.18100829
v -0.39692608 0.47552529 -0.18114580
v -0.39692608 0.48338521 -0.18128775
v -0.39692608 0.49124515 -0.18141307
v -0.39692608 0.49910507 -0.18152060
v -0.39692608 0.50696498 -0.18166661
v -0.39692608 0.51482493 -0.18187051
v -0.39692608 0.52268481 -0.18218233
v -0.39692608 0.53054476 -0.18263112
v -0.39692608 0.53840464 -0.18331353
v -0.39692608 0.54626459 -0.18425399
v -0.39692608 0.54898167 -0.18470818
v -0.39692608 0.55412453 -0.18557882
v -0.39692608 0.56198442 -0.18762422
v -0.39692608 0.56984437 -0.19106953
v -0.39692608 0.57198733 -0.19256809
v -0.39692608 0.57770425 -0.19666871
v -0.39692608 0.58556420 -0.19984154
v -0.38906616 -0.59342414 -0.18855424
v -0.38906616 -0.58556420 -0.18832523
v -0.38906616 -0.57770425 -0.18556479
v -0.38906616 -0.57402909 -0.18470818
v -0.38906616 -0.56984437 -0.18379927
v -0.38906616 -0.56198442 -0.18284687
v -0.38906616 -0.55412453 -0.18223935
v -0.38906616 -0.54626459 -0.18180142
v -0.38906616 -0.53840464 -0.18144186
v -0.38906616 -0.53054476 -0.18119587
v -0.38906616 -0.52268481 -0.18104044
v -0.38906616 -0.51482493 -0.18097407
v -0.38906616 -0.50696498 -0.18101946
v -0.38906616 -0.49910507 -0.18109022
v -0.38906616 -0.49124515 -0.18099751
v -0.38906616 -0.48338521 -0.18085137
v -0.38906616 -0.47552529 -0.18073881
v -0.38906616 -0.46766537 -0.18067183
v -0.38906616 -0.45980546 -0.18062806
v -0.38906616 -0.45194551 -0.18058440
v -0.38906616 -0.44408560 -0.18054423
v -0.38906616 -0.43622568 -0.18048774
v -0.38906616 -0.42836577 -0.18044227
v -0.38906616 -0.42050582 -0.18038099
v -0.38906616 -0.41264591 -0.18034220
v -0.38906616 -0.40478599 -0.18039341
v -0.38906616 -0.39692608 -0.18041883
v -0.38906616 -0.38906616 -0.18031731
v -0.38906616 -0.38120621 -0.18017669
v -0.38906616 -0.37334630 -0.18007565
v -0.38906616 -0.36548638 -0.18000837
v -0.38906616 -0.35762647 -0.17995331
v -0.38906616 -0.34976652 -0.17992134
v -0.38906616 -0.34190661 -0.17989053
v -0.38906616 -0.33404669 -0.17984734
v -0.38906616 -0.32618678 -0.17980820
v -0.38906616 -0.31832686 -0.17974541
v -0.38906616 -0.31046692 -0.17970452
v -0.38906616 -0.30260700 -0.17967458
v -0.38906616 -0.29474708 -0.17962493
v -0.38906616 -0.28688717 -0.17957486
v -0.38906616 -0.27902722 -0.17952053
v -0.38906616 -0.27116731 -0.17947459
v -0.38906616 -0.26330739 -0.17946315
v -0.38906616 -0.25544748 -0.17945427
v -0.38906616 -0.24758755 -0.17944025
v -0.38906616 -0.23972763 -0.17942111
v -0.38906616 -0.23186770 -0.17939688
v -0.38906616 -0.22400779 -0.17938136
v -0.38906616 -0.21614785 -0.17940162
v -0.38906616 -0.20828794 -0.17949787
v -0.38906616 -0.20042801 -0.17955345
v -0.38906616 -0.19256809 -0.17948107
v -0.38906616 -0.18470818 -0.17941973
v -0.38906616 -0.17684825 -0.17937541
v -0.38906616 -0.16898833 -0.17936030
v -0.38906616 -0.16112840 -0.17936797
v -0.38906616 -0.15326849 -0.17936403
v -0.38906616 -0.14540856 -0.17936006
v -0.38906616 -0.13754864 -0.17935748
v -0.38906616 -0.12968871 -0.17935227
v -0.38906616 -0.12182879 -0.17936240
v -0.38906616 -0.11396887 -0.17937644
v -0.38906616 -0.10610895 -0.17937751
v -0.38906616 -0.09824903 -0.17938752
v -0.38906616 -0.09038910 -0.17938381
v -0.38906616 -0.08252918 -0.17938249
v -0.38906616 -0.07466926 -0.17938879
v -0.38906616 -0.06680934 -0.17940672
v -0.38906616 -0.05894941 -0.17942986
v -0.38906616 -0.05108950 -0.17943370
v -0.38906616 -0.04322957 -0.17943892
v -0.38906616 -0.03536965 -0.17944792
v -0.38906616 -0.02750973 -0.17945936
v -0.38906616 -0.01964981 -0.17947453
v -0.38906616 -0.01178988 -0.17948845
v -0.38906616 -0.00392996 -0.17948210
v -0.38906616 0.00392996 -0.17945433
v -0.38906616 0.01178988 -0.17942633
v -0.38906616 0.01964981 -0.17942627
v -0.38906616 0.02750973 -0.17943761
v -0.38906616 0.03536965 -0.17946692
v -0.38906616 0.04322957 -0.17951448
v -0.38906616 0.05108950 -0.17955682
v -0.38906616 0.05894941 -0.17960784
v -0.38906616 0.06680934 -0.17967656
v -0.38906616 0.07466926 -0.17974241
v -0.38906616 0.08252918 -0.17981365
v -0.38906616 0.09038910 -0.17987722
v -0.38906616 0.09824903 -0.17990714
v -0.38906616 0.10610895 -0.17992471
v -0.38906616 0.11396887 -0.17992945
v -0.38906616 0.12182879 -0.17994708
v -0.38906616 0.12968871 -0.17998557
v -0.38906616 0.13754864 -0.18002976
v -0.38906616 0.14540856 -0.18005808
v -0.38906616 0.15326849 -0.18009932
v -0.38906616 0.16112840 -0.18012500
v -0.38906616 0.16898833 -0.18015228
v -0.38906616 0.17684825 -0.18022400
v -0.38906616 0.18470818 -0.18037583
v -0.38906616 0.19256809 -0.18042699
v -0.38906616 0.20042801 -0.18036643
v -0.38906616 0.20828794 -0.18029086
v -0.38906616 0.21614785 -0.18025146
v -0.38906616 0.22400779 -0.18024325
v -0.38906616 0.23186770 -0.18026796
v -0.38906616 0.23972763 -0.18029889
v -0.38906616 0.24758755 -0.18032126
v -0.38906616 0.25544748 -0.18034495
v -0.38906616 0.26330739 -0.18037248
v -0.38906616 0.27116731 -0.18040366
v -0.38906616 0.27902722 -0.18042304
v -0.38906616 0.28688717 -0.18042476
v -0.38906616 0.29474708 -0.18040521
v -0.38906616 0.30260700 -0.18037392
v -0.38906616 0.31046692 -0.18034670
v -0.38906616 0.31832686 -0.18033619
v -0.38906616 0.32618678 -0.18034644
v -0.38906616 0.33404669 -0.18037523
v -0.38906616 0.34190661 -0.18040809
v -0.38906616 0.34976652 -0.18044618
v -0.38906616 0.35762647 -0.18047471
v -0.38906616 0.36548638 -0.18048845
v -0.38906616 0.37334630 -0.18052863
v -0.38906616 0.38120621 -0.18055783
v -0.38906616 0.38906616 -0.18058878
v -0.38906616 0.39692608 -0.18059447
v -0.38906616 0.40478599 -0.18060149
v -0.38906616 0.41264591 -0.18063758
v -0.38906616 0.42050582 -0.18070488
v -0.38906616 0.42836577 -0.18080285
v -0.38906616 0.43622568 -0.18090203
v -0.38906616 0.44408560 -0.18098702
v -0.38906616 0.45194551 -0.18108092
v -0.38906616 0.45980546 -0.18118088
v -0.38906616 0.46766537 -0.18129015
v -0.38906616 0.47552529 -0.18143131
v -0.38906616 0.48338521 -0.18156646
v -0.38906616 0.49124515 -0.18168041
v -0.38906616 0.49910507 -0.18179074
v -0.38906616 0.50696498 -0.18193352
v -0.38906616 0.51482493 -0.18214640
v -0.38906616 0.52268481 -0.18243359
v -0.38906616 0.53054476 -0.18288207
v -0.38906616 0.53840464 -0.18352546
v -0.38906616 0.54626459 -0.18446621
v -0.38906616 0.54772311 -0.18470818
v -0.38906616 0.55412453 -0.18578216
v -0.38906616 0.56198442 -0.18782829
v -0.38906616 0.56984437 -0.19120559
v -0.38906616 0.57188672 -0.19256809
v -0.38906616 0.57770425 -0.19653878
v -0.38906616 0.58556420 -0.19970800
v -0.38120621 -0.59342414 -0.18929188
v -0.38120621 -0.58556420 -0.18964443
v -0.38120621 -0.57770425 -0.18643874
v -0.38120621 -0.57091147 -0.18470818
v -0.38120621 -0.56984437 -0.18445247
v -0.38120621 -0.56198442 -0.18341416
v -0.38120621 -0.55412453 -0.18278882
v -0.38120621 -0.54626459 -0.18230574
v -0.38120621 -0.53840464 -0.18196195
v -0.38120621 -0.53054476 -0.18172784
v -0.38120621 -0.52268481 -0.18159543
v -0.38120621 -0.51482493 -0.18153337
v -0.38120621 -0.50696498 -0.18157060
v -0.38120621 -0.49910507 -0.18160988
v -0.38120621 -0.49124515 -0.18151784
v -0.38120621 -0.48338521 -0.18136060
v -0.38120621 -0.47552529 -0.18125357
v -0.38120621 -0.46766537 -0.18117110
v -0.38120621 -0.45980546 -0.18111935
v -0.38120621 -0.45194551 -0.18106928
v -0.38120621 -0.44408560 -0.18100992
v -0.38120621 -0.43622568 -0.18095559
v -0.38120621 -0.42836577 -0.18089148
v -0.38120621 -0.42050582 -0.18083499
v -0.38120621 -0.41264591 -0.18080045
v -0.38120621 -0.40478599 -0.18086565
v -0.38120621 -0.39692608 -0.18088903
v -0.38120621 -0.38906616 -0.18078594
v -0.38120621 -0.38120621 -0.18065678
v -0.38120621 -0.37334630 -0.18055214
v -0.38120621 -0.36548638 -0.18048288
v -0.38120621 -0.35762647 -0.18042968
v -0.38120621 -0.34976652 -0.18038628
v -0.38120621 -0.34190661 -0.18034777
v -0.38120621 -0.33404669 -0.18030567
v -0.38120621 -0.32618678 -0.18025896
v -0.38120621 -0.31832686 -0.18020584
v -0.38120621 -0.31046692 -0.18016703
v -0.38120621 -0.30260700 -0.18013878
v -0.38120621 -0.29474708 -0.18010509
v -0.38120621 -0.28688717 -0.18006048
v -0.38120621 -0.27902722 -0.18001208
v -0.38120621 -0.27116731 -0.17998114
v -0.38120621 -0.26330739 -0.17997268
v -0.38120621 -0.25544748 -0.17996848
v -0.38120621 -0.24758755 -0.17996627
v -0.38120621 -0.23972763 -0.17994623
v -0.38120621 -0.23186770 -0.17992537
v -0.38120621 -0.22400779 -0.17991853
v -0.38120621 -0.21614785 -0.17995398
v -0.38120621 -0.20828794 -0.18007378
v -0.38120621 -0.20042801 -0.18015000
v -0.38120621 -0.19256809 -0.18011402
v -0.38120621 -0.18470818 -0.18006203
v -0.38120621 -0.17684825 -0.18004362
v -0.38120621 -0.16898833 -0.18004008
v -0.38120621 -0.16112840 -0.18005118
v -0.38120621 -0.15326849 -0.18006779
v -0.38120621 -0.14540856 -0.18007001
v -0.38120621 -0.13754864 -0.18006510
v -0.38120621 -0.12968871 -0.18007091
v -0.38120621 -0.12182879 -0.18009327
v -0.38120621 -0.11396887 -0.18012127
v -0.38120621 -0.10610895 -0.18014868
v -0.38120621 -0.09824903 -0.18015306
v -0.38120621 -0.09038910 -0.18015558
v -0.38120621 -0.08252918 -0.18016535
v -0.38120621 -0.07466926 -0.18017471
v -0.38120621 -0.06680934 -0.18019132
v -0.38120621 -0.05894941 -0.18020463
v -0.38120621 -0.05108950 -0.18020631
v -0.38120621 -0.04322957 -0.18019815
v -0.38120621 -0.03536965 -0.18020368
v -0.38120621 -0.02750973 -0.18020859
v -0.38120621 -0.01964981 -0.18022820
v -0.38120621 -0.01178988 -0.18025267
v -0.38120621 -0.00392996 -0.18025327
v -0.38120621 0.00392996 -0.18022442
v -0.38120621 0.01178988 -0.18020421
v -0.38120621 0.01964981 -0.18021183
v -0.38120621 0.02750973 -0.18024211
v -0.38120621 0.03536965 -0.18027970
v -0.38120621 0.04322957 -0.18032457
v -0.38120621 0.05108950 -0.18036421
v -0.38120621 0.05894941 -0.18041812
v -0.38120621 0.06680934 -0.18048276
v -0.38120621 0.07466926 -0.18055063
v -0.38120621 0.08252918 -0.18063579
v -0.38120621 0.09038910 -0.18070002
v -0.38120621 0.09824903 -0.18073563
v -0.38120621 0.10610895 -0.18075386
v -0.38120621 0.11396887 -0.18075962
v -0.38120621 0.12182879 -0.18079194
v -0.38120621 0.12968871 -0.18082157
v -0.38120621 0.13754864 -0.18085010
v -0.38120621 0.14540856 -0.18087859
v -0.38120621 0.15326849 -0.18089803
v -0.38120621 0.16112840 -0.18090042
v -0.38120621 0.16898833 -0.18094161
v -0.38120621 0.17684825 -0.18102185
v -0.38120621 0.18470818 -0.18118449
v -0.38120621 0.19256809 -0.18127455
v -0.38120621 0.20042801 -0.18123426
v -0.38120621 0.20828794 -0.18115516
v -0.38120621 0.21614785 -0.18111342
v -0.38120621 0.22400779 -0.18110952
v -0.38120621 0.23186770 -0.18112907
v -0.38120621 0.23972763 -0.18117207
v -0.38120621 0.24758755 -0.18117842
v -0.38120621 0.25544748 -0.18118635
v -0.38120621 0.26330739 -0.18121141
v -0.38120621 0.27116731 -0.18124750
v -0.38120621 0.27902722 -0.18126945
v -0.38120621 0.28688717 -0.18127798
v -0.38120621 0.29474708 -0.18125026
v -0.38120621 0.30260700 -0.18121207
v -0.38120621 0.31046692 -0.18117866
v -0.38120621 0.31832686 -0.18116355
v -0.38120621 0.32618678 -0.18116385
v -0.38120621 0.33404669 -0.18118568
v -0.38120621 0.34190661 -0.18120798
v -0.38120621 0.34976652 -0.18122555
v -0.38120621 0.35762647 -0.18124966
v -0.38120621 0.36548638 -0.18126933
v -0.38120621 0.37334630 -0.18129440
v -0.38120621 0.38120621 -0.18134519
v -0.38120621 0.38906616 -0.18137974
v -0.38120621 0.39692608 -0.18138921
v -0.38120621 0.40478599 -0.18139179
v -0.38120621 0.41264591 -0.18141836
v -0.38120621 0.42050582 -0.18148828
v -0.38120621 0.42836577 -0.18157685
v -0.38120621 0.43622568 -0.18166398
v -0.38120621 0.44408560 -0.18173996
v -0.38120621 0.45194551 -0.18183105
v -0.38120621 0.45980546 -0.18192297
v -0.38120621 0.46766537 -0.18203631
v -0.38120621 0.47552529 -0.18217184
v -0.38120621 0.48338521 -0.18230808
v -0.38120621 0.49124515 -0.18241529
v -0.38120621 0.49910507 -0.18251880
v -0.38120621 0.50696498 -0.18264496
v -0.38120621 0.51482493 -0.18284723
v -0.38120621 0.52268481 -0.18312788
v -0.38120621 0.53054476 -0.18353745
v -0.38120621 0.53840464 -0.18414946
v -0.38608083 0.54626459 -0.18470818
v -0.38120621 0.54306346 -0.18470818
v -0.38120621 0.54626459 -0.18511012
v -0.38120621 0.55412453 -0.18642807
v -0.38120621 0.56198442 -0.18843767
v -0.38120621 0.56984437 -0.19155695
v -0.38120621 0.57151943 -0.19256809
v -0.38120621 0.57770425 -0.19640829
v -0.38120621 0.58556420 -0.19974308
v -0.37334630 -0.59342414 -0.19250669
v -0.37334630 -0.58556420 -0.19180268
v -0.37334630 -0.57770425 -0.18814935
v -0.37967774 -0.56984437 -0.18470818
v -0.37334630 -0.56984437 -0.18584484
v -0.37334630 -0.56267595 -0.18470818
v -0.37334630 -0.56198442 -0.18460593
v -0.37334630 -0.55412453 -0.18396129
v -0.37334630 -0.54626459 -0.18348618
v -0.37334630 -0.53840464 -0.18315941
v -0.37334630 -0.53054476 -0.18295074
v -0.37334630 -0.52268481 -0.18282600
v -0.37334630 -0.51482493 -0.18276238
v -0.37334630 -0.50696498 -0.18278499
v -0.37334630 -0.49910507 -0.18277863
v -0.37334630 -0.49124515 -0.18263957
v -0.37334630 -0.48338521 -0.18247178
v -0.37334630 -0.47552529 -0.18234615
v -0.37334630 -0.46766537 -0.18225974
v -0.37334630 -0.45980546 -0.18217531
v -0.37334630 -0.45194551 -0.18210359
v -0.37334630 -0.44408560 -0.18202630
v -0.37334630 -0.43622568 -0.18195236
v -0.37334630 -0.42836577 -0.18187007
v -0.37334630 -0.42050582 -0.18181551
v -0.37334630 -0.41264591 -0.18178901
v -0.37334630 -0.40478599 -0.18186732
v -0.37334630 -0.39692608 -0.18190780
v -0.37334630 -0.38906616 -0.18182679
v -0.37334630 -0.38120621 -0.18168604
v -0.37334630 -0.37334630 -0.18159291
v -0.37334630 -0.36548638 -0.18150051
v -0.37334630 -0.35762647 -0.18145181
v -0.37334630 -0.34976652 -0.18140791
v -0.37334630 -0.34190661 -0.18137458
v -0.37334630 -0.33404669 -0.18133631
v -0.37334630 -0.32618678 -0.18129973
v -0.37334630 -0.31832686 -0.18125831
v -0.37334630 -0.31046692 -0.18124469
v -0.37334630 -0.30260700 -0.18124919
v -0.37334630 -0.29474708 -0.18123822
v -0.37334630 -0.28688717 -0.18122371
v -0.37334630 -0.27902722 -0.18120350
v -0.37334630 -0.27116731 -0.18119121
v -0.37334630 -0.26330739 -0.18120342
v -0.37334630 -0.25544748 -0.18121639
v -0.37334630 -0.24758755 -0.18122178
v -0.37334630 -0.23972763 -0.18122202
v -0.37334630 -0.23186770 -0.18121788
v -0.37334630 -0.22400779 -0.18123648
v -0.37334630 -0.21614785 -0.18130538
v -0.37334630 -0.20828794 -0.18145362
v -0.37334630 -0.20042801 -0.18156701
v -0.37334630 -0.19256809 -0.18157013
v -0.37334630 -0.18470818 -0.18153751
v -0.37334630 -0.17684825 -0.18151873
v -0.37334630 -0.16898833 -0.18152629
v -0.37334630 -0.16112840 -0.18155172
v -0.37334630 -0.15326849 -0.18155682
v -0.37334630 -0.14540856 -0.18156575
v -0.37334630 -0.13754864 -0.18156539
v -0.37334630 -0.12968871 -0.18158367
v -0.37334630 -0.12182879 -0.18160227
v -0.37334630 -0.11396887 -0.18163998
v -0.37334630 -0.10610895 -0.18167076
v -0.37334630 -0.09824903 -0.18168724
v -0.37334630 -0.09038910 -0.18170199
v -0.37334630 -0.08252918 -0.18171291
v -0.37334630 -0.07466926 -0.18172927
v -0.37334630 -0.06680934 -0.18174991
v -0.37334630 -0.05894941 -0.18175729
v -0.37334630 -0.05108950 -0.18174289
v -0.37334630 -0.04322957 -0.18173365
v -0.37334630 -0.03536965 -0.18172041
v -0.37334630 -0.02750973 -0.18172951
v -0.37334630 -0.01964981 -0.18175465
v -0.37334630 -0.01178988 -0.18177666
v -0.37334630 -0.00392996 -0.18178025
v -0.37334630 0.00392996 -0.18178007
v -0.37334630 0.01178988 -0.18176772
v -0.37334630 0.01964981 -0.18179423
v -0.37334630 0.02750973 -0.18180957
v -0.37334630 0.03536965 -0.18184844
v -0.37334630 0.04322957 -0.18189119
v -0.37334630 0.05108950 -0.18192597
v -0.37334630 0.05894941 -0.18194702
v -0.37334630 0.06680934 -0.18197586
v -0.37334630 0.07466926 -0.18203133
v -0.37334630 0.08252918 -0.18209597
v -0.37334630 0.09038910 -0.18214400
v -0.37334630 0.09824903 -0.18218479
v -0.37334630 0.10610895 -0.18220121
v -0.37334630 0.11396887 -0.18222412
v -0.37334630 0.12182879 -0.18225171
v -0.37334630 0.12968871 -0.18227713
v -0.37334630 0.13754864 -0.18230471
v -0.37334630 0.14540856 -0.18231305
v -0.37334630 0.15326849 -0.18230435
v -0.37334630 0.16112840 -0.18230975
v -0.37334630 0.16898833 -0.18235965
v -0.37334630 0.17684825 -0.18249492
v -0.37334630 0.18470818 -0.18267345
v -0.37334630 0.19256809 -0.18276568
v -0.37334630 0.20042801 -0.18271753
v -0.37334630 0.20828794 -0.18261798
v -0.37334630 0.21614785 -0.18254344
v -0.37334630 0.22400779 -0.18253216
v -0.37334630 0.23186770 -0.18253379
v -0.37334630 0.23972763 -0.18255766
v -0.37334630 0.24758755 -0.18254039
v -0.37334630 0.25544748 -0.18253799
v -0.37334630 0.26330739 -0.18257211
v -0.37334630 0.27116731 -0.18258637
v -0.37334630 0.27902722 -0.18264203
v -0.37334630 0.28688717 -0.18265666
v -0.37334630 0.29474708 -0.18263723
v -0.37334630 0.30260700 -0.18260592
v -0.37334630 0.31046692 -0.18257691
v -0.37334630 0.31832686 -0.18257001
v -0.37334630 0.32618678 -0.18258668
v -0.37334630 0.33404669 -0.18261300
v -0.37334630 0.34190661 -0.18264040
v -0.37334630 0.34976652 -0.18265246
v -0.37334630 0.35762647 -0.18269096
v -0.37334630 0.36548638 -0.18271464
v -0.37334630 0.37334630 -0.18274739
v -0.37334630 0.38120621 -0.18281083
v -0.37334630 0.38906616 -0.18285407
v -0.37334630 0.39692608 -0.18285707
v -0.37334630 0.40478599 -0.18286996
v -0.37334630 0.41264591 -0.18289940
v -0.37334630 0.42050582 -0.18295769
v -0.37334630 0.42836577 -0.18304878
v -0.37334630 0.43622568 -0.18311504
v -0.37334630 0.44408560 -0.18319798
v -0.37334630 0.45194551 -0.18327023
v -0.37334630 0.45980546 -0.18336307
v -0.37334630 0.46766537 -0.18348773
v -0.37334630 0.47552529 -0.18363759
v -0.37334630 0.48338521 -0.18379015
v -0.37334630 0.49124515 -0.18391031
v -0.37334630 0.49910507 -0.18399319
v -0.37334630 0.50696498 -0.18411781
v -0.37334630 0.51482493 -0.18431564
v -0.37334630 0.52268481 -0.18460269
v -0.37497908 0.53054476 -0.18470818
v -0.37334630 0.52463084 -0.18470818
v -0.37334630 0.53054476 -0.18503900
v -0.37829581 0.53840464 -0.18470818
v -0.37334630 0.53840464 -0.18570895
v -0.37334630 0.54626459 -0.18671015
v -0.37334630 0.55412453 -0.18807793
v -0.37334630 0.56198442 -0.19003493
v -0.37459528 0.56984437 -0.19256809
v -0.37334630 0.56932634 -0.19256809
v -0.37334630 0.56984437 -0.19275416
v -0.37334630 0.57770425 -0.19697173
v -0.37334630 0.58556420 -0.20042376
v -0.37328646 -0.59342414 -0.19256809
v -0.36548638 -0.59342414 -0.20036404
v -0.37159151 -0.58556420 -0.19256809
v -0.36548638 -0.58556420 -0.19572353
v -0.36548638 -0.58049893 -0.19256809
v -0.36548638 -0.57770425 -0.19105676
v -0.36548638 -0.56984437 -0.18835215
v -0.37295964 -0.56198442 -0.18470818
v -0.36548638 -0.56198442 -0.18683656
v -0.37036496 -0.55412453 -0.18470818
v -0.36548638 -0.55412453 -0.18601269
v -0.36836147 -0.54626459 -0.18470818
v -0.36548638 -0.54626459 -0.18545829
v -0.36708030 -0.53840464 -0.18470818
v -0.36548638 -0.53840464 -0.18512549
v -0.36621085 -0.53054476 -0.18470818
v -0.36548638 -0.53054476 -0.18489851
v -0.36577591 -0.52268481 -0.18470818
v -0.36548638 -0.52268481 -0.18478517
v -0.36554837 -0.51482493 -0.18470818
v -0.36548638 -0.51482493 -0.18472478
v -0.36557153 -0.50696498 -0.18470818
v -0.36548638 -0.50696498 -0.18473078
v -0.36548638 -0.50348628 -0.18470818
v -0.36548638 -0.49910507 -0.18468034
v -0.36548638 -0.49124515 -0.18449338
v -0.36548638 -0.48338521 -0.18432121
v -0.36548638 -0.47552529 -0.18421404
v -0.36548638 -0.46766537 -0.18411307
v -0.36548638 -0.45980546 -0.18403403
v -0.36548638 -0.45194551 -0.18393682
v -0.36548638 -0.44408560 -0.18386462
v -0.36548638 -0.43622568 -0.18378367
v -0.36548638 -0.42836577 -0.18370990
v -0.36548638 -0.42050582 -0.18365240
v -0.36548638 -0.41264591 -0.18366356
v -0.36548638 -0.40478599 -0.18374313
v -0.36548638 -0.39692608 -0.18376316
v -0.36548638 -0.38906616 -0.18367657
v -0.36548638 -0.38120621 -0.18357174
v -0.36548638 -0.37334630 -0.18347964
v -0.36548638 -0.36548638 -0.18340546
v -0.36548638 -0.35762647 -0.18332240
v -0.36548638 -0.34976652 -0.18330304
v -0.36548638 -0.34190661 -0.18328732
v -0.36548638 -0.33404669 -0.18327449
v -0.36548638 -0.32618678 -0.18325207
v -0.36548638 -0.31832686 -0.18323521
v -0.36548638 -0.31046692 -0.18323930
v -0.36548638 -0.30260700 -0.18327162
v -0.36548638 -0.29474708 -0.18328649
v -0.36548638 -0.28688717 -0.18329801
v -0.36548638 -0.27902722 -0.18331467
v -0.36548638 -0.27116731 -0.18331958
v -0.36548638 -0.26330739 -0.18333398
v -0.36548638 -0.25544748 -0.18334988
v -0.36548638 -0.24758755 -0.18337800
v -0.36548638 -0.23972763 -0.18338135
v -0.36548638 -0.23186770 -0.18339616
v -0.36548638 -0.22400779 -0.18343982
v -0.36548638 -0.21614785 -0.18355909
v -0.36548638 -0.20828794 -0.18370841
v -0.36548638 -0.20042801 -0.18381868
v -0.36548638 -0.19256809 -0.18382768
v -0.36548638 -0.18470818 -0.18380232
v -0.36548638 -0.17684825 -0.18377629
v -0.36548638 -0.16898833 -0.18378271
v -0.36548638 -0.16112840 -0.18379560
v -0.36548638 -0.15326849 -0.18377569
v -0.36548638 -0.14540856 -0.18378097
v -0.36548638 -0.13754864 -0.18376790
v -0.36548638 -0.12968871 -0.18376257
v -0.36548638 -0.12182879 -0.18378828
v -0.36548638 -0.11396887 -0.18380873
v -0.36548638 -0.10610895 -0.18382961
v -0.36548638 -0.09824903 -0.18384795
v -0.36548638 -0.09038910 -0.18386072
v -0.36548638 -0.08252918 -0.18389066
v -0.36548638 -0.07466926 -0.18390696
v -0.36548638 -0.06680934 -0.18391386
v -0.36548638 -0.05894941 -0.18390583
v -0.36548638 -0.05108950 -0.18388243
v -0.36548638 -0.04322957 -0.18387313
v -0.36548638 -0.03536965 -0.18386738
v -0.36548638 -0.02750973 -0.18387721
v -0.36548638 -0.01964981 -0.18391788
v -0.36548638 -0.01178988 -0.18394947
v -0.36548638 -0.00392996 -0.18397082
v -0.36548638 0.00392996 -0.18400362
v -0.36548638 0.01178988 -0.18403840
v -0.36548638 0.01964981 -0.18409868
v -0.36548638 0.02750973 -0.18415582
v -0.36548638 0.03536965 -0.18422461
v -0.36548638 0.04322957 -0.18428092
v -0.36548638 0.05108950 -0.18431929
v -0.36548638 0.05894941 -0.18434195
v -0.36548638 0.06680934 -0.18435995
v -0.36548638 0.07466926 -0.18437907
v -0.36548638 0.08252918 -0.18439856
v -0.36548638 0.09038910 -0.18443538
v -0.36548638 0.09824903 -0.18446039
v -0.36548638 0.10610895 -0.18447946
v -0.36548638 0.11396887 -0.18451490
v -0.36548638 0.12182879 -0.18456276
v -0.36548638 0.12968871 -0.18460456
v -0.36548638 0.13754864 -0.18461870
v -0.36548638 0.14540856 -0.18460850
v -0.36548638 0.15326849 -0.18460467
v -0.36548638 0.16112840 -0.18460725
v -0.36555299 0.16898833 -0.18470818
v -0.36548638 0.16761306 -0.18470818
v -0.36548638 0.16898833 -0.18473072
v -0.36615026 0.17684825 -0.18470818
v -0.36548638 0.17684825 -0.18493821
v -0.36670819 0.18470818 -0.18470818
v -0.36548638 0.18470818 -0.18513855
v -0.36690724 0.19256809 -0.18470818
v -0.36548638 0.19256809 -0.18520181
v -0.36665609 0.20042801 -0.18470818
v -0.36548638 0.20042801 -0.18510485
v -0.36617371 0.20828794 -0.18470818
v -0.36548638 0.20828794 -0.18493436
v -0.36571229 0.21614785 -0.18470818
v -0.36548638 0.21614785 -0.18478020
v -0.36553717 0.22400779 -0.18470818
v -0.36548638 0.22400779 -0.18472400
v -0.36553308 0.23186770 -0.18470818
v -0.36548638 0.23186770 -0.18472280
v -0.36548638 0.23573518 -0.18470818
v -0.36548638 0.23972763 -0.18469372
v -0.36548638 0.24758755 -0.18462950
v -0.36548638 0.25544748 -0.18459657
v -0.36548638 0.26330739 -0.18459807
v -0.36548638 0.27116731 -0.18464911
v -0.36548638 0.27902722 -0.18469186
v -0.36550364 0.28688717 -0.18470818
v -0.36548638 0.28508493 -0.18470818
v -0.36548638 0.28688717 -0.18471333
v -0.36548638 0.29074469 -0.18470818
v -0.36548638 0.29474708 -0.18470307
v -0.36548638 0.30260700 -0.18468730
v -0.36548638 0.31046692 -0.18468605
v -0.36552864 0.31832686 -0.18470818
v -0.36548638 0.31551045 -0.18470818
v -0.36548638 0.31832686 -0.18472125
v -0.36572066 0.32618678 -0.18470818
v -0.36548638 0.32618678 -0.18478133
v -0.36586919 0.33404669 -0.18470818
v -0.36548638 0.33404669 -0.18482846
v -0.36597773 0.34190661 -0.18470818
v -0.36548638 0.34190661 -0.18486217
v -0.36605451 0.34976652 -0.18470818
v -0.36548638 0.34976652 -0.18488616
v -0.36621067 0.35762647 -0.18470818
v -0.36548638 0.35762647 -0.18493383
v -0.36628214 0.36548638 -0.18470818
v -0.36548638 0.36548638 -0.18495572
v -0.36650515 0.37334630 -0.18470818
v -0.36548638 0.37334630 -0.18502936
v -0.36670101 0.38120621 -0.18470818
v -0.36548638 0.38120621 -0.18509142
v -0.36688930 0.38906616 -0.18470818
v -0.36548638 0.38906616 -0.18515240
v -0.36693338 0.39692608 -0.18470818
v -0.36548638 0.39692608 -0.18516818
v -0.36692685 0.40478599 -0.18470818
v -0.36548638 0.40478599 -0.18516001
v -0.36698219 0.41264591 -0.18470818
v -0.36548638 0.41264591 -0.18517333
v -0.36714649 0.42050582 -0.18470818
v -0.36548638 0.42050582 -0.18522166
v -0.36741707 0.42836577 -0.18470818
v -0.36548638 0.42836577 -0.18530051
v -0.36763924 0.43622568 -0.18470818
v -0.36548638 0.43622568 -0.18536852
v -0.36787376 0.44408560 -0.18470818
v -0.36548638 0.44408560 -0.18543209
v -0.36810753 0.45194551 -0.18470818
v -0.36548638 0.45194551 -0.18550260
v -0.36845484 0.45980546 -0.18470818
v -0.36548638 0.45980546 -0.18561156
v -0.36895761 0.46766537 -0.18470818
v -0.36548638 0.46766537 -0.18577905
v -0.36960512 0.47552529 -0.18470818
v -0.36548638 0.47552529 -0.18601292
v -0.37017941 0.48338521 -0.18470818
v -0.36548638 0.48338521 -0.18621609
v -0.37059978 0.49124515 -0.18470818
v -0.36548638 0.49124515 -0.18636186
v -0.37091503 0.49910507 -0.18470818
v -0.36548638 0.49910507 -0.18648371
v -0.37135375 0.50696498 -0.18470818
v -0.36548638 0.50696498 -0.18662296
v -0.37205458 0.51482493 -0.18470818
v -0.36548638 0.51482493 -0.18688597
v -0.37300941 0.52268481 -0.18470818
v -0.36548638 0.52268481 -0.18722616
v -0.36548638 0.53054476 -0.18773054
v -0.36548638 0.53840464 -0.18845782
v -0.36548638 0.54626459 -0.18949266
v -0.36548638 0.55412453 -0.19091703
v -0.36610967 0.56198442 -0.19256809
v -0.36548638 0.56106192 -0.19256809
v -0.36548638 0.56198442 -0.19278523
v -0.36548638 0.56984437 -0.19515055
v -0.36548638 0.57770425 -0.19898361
v -0.37332863 0.58556420 -0.20042801
v -0.36548638 0.58097351 -0.20042801
v -0.36548638 0.58556420 -0.20233831
v -0.35884047 -0.59342414 -0.20828794
v -0.35762647 -0.59342414 -0.21026701
v -0.36543331 -0.59342414 -0.20042801
v -0.35762647 -0.59194487 -0.20828794
v -0.35762647 -0.58556420 -0.20139533
v -0.35870299 -0.58556420 -0.20042801
v -0.35762647 -0.58453828 -0.20042801
v -0.36240429 -0.57770425 -0.19256809
v -0.35762647 -0.57770425 -0.19533278
v -0.35762647 -0.57116300 -0.19256809
v -0.35762647 -0.56984437 -0.19208008
v -0.35762647 -0.56198442 -0.19028595
v -0.35762647 -0.55412453 -0.18924139
v -0.35762647 -0.54626459 -0.18860845
v -0.35762647 -0.53840464 -0.18824331
v -0.35762647 -0.53054476 -0.18806276
v -0.35762647 -0.52268481 -0.18795559
v -0.35762647 -0.51482493 -0.18793286
v -0.35762647 -0.50696498 -0.18792255
v -0.36541387 -0.49910507 -0.18470818
v -0.35762647 -0.49910507 -0.18787308
v -0.36492684 -0.49124515 -0.18470818
v -0.35762647 -0.49124515 -0.18771675
v -0.36448920 -0.48338521 -0.18470818
v -0.35762647 -0.48338521 -0.18756671
v -0.36421305 -0.47552529 -0.18470818
v -0.35762647 -0.47552529 -0.18746363
v -0.36397108 -0.46766537 -0.18470818
v -0.35762647 -0.46766537 -0.18738945
v -0.36377338 -0.45980546 -0.18470818
v -0.35762647 -0.45980546 -0.18731666
v -0.36354586 -0.45194551 -0.18470818
v -0.35762647 -0.45194551 -0.18724355
v -0.36336562 -0.44408560 -0.18470818
v -0.35762647 -0.44408560 -0.18717003
v -0.36318752 -0.43622568 -0.18470818
v -0.35762647 -0.43622568 -0.18711157
v -0.36300564 -0.42836577 -0.18470818
v -0.35762647 -0.42836577 -0.18703817
v -0.36287138 -0.42050582 -0.18470818
v -0.35762647 -0.42050582 -0.18699187
v -0.36291915 -0.41264591 -0.18470818
v -0.35762647 -0.41264591 -0.18703529
v -0.36309204 -0.40478599 -0.18470818
v -0.35762647 -0.40478599 -0.18709801
v -0.36312431 -0.39692608 -0.18470818
v -0.35762647 -0.39692608 -0.18710414
v -0.36291599 -0.38906616 -0.18470818
v -0.35762647 -0.38906616 -0.18703192
v -0.36266801 -0.38120621 -0.18470818
v -0.35762647 -0.38120621 -0.18694293
v -0.36246672 -0.37334630 -0.18470818
v -0.35762647 -0.37334630 -0.18688525
v -0.36230066 -0.36548638 -0.18470818
v -0.35762647 -0.36548638 -0.18683410
v -0.36212778 -0.35762647 -0.18470818
v -0.35762647 -0.35762647 -0.18679357
v -0.36208209 -0.34976652 -0.18470818
v -0.35762647 -0.34976652 -0.18676999
v -0.36206728 -0.34190661 -0.18470818
v -0.35762647 -0.34190661 -0.18677209
v -0.36206296 -0.33404669 -0.18470818
v -0.35762647 -0.33404669 -0.18677773
v -0.36201727 -0.32618678 -0.18470818
v -0.35762647 -0.32618678 -0.18676910
v -0.36202127 -0.31832686 -0.18470818
v -0.35762647 -0.31832686 -0.18679428
v -0.36204726 -0.31046692 -0.18470818
v -0.35762647 -0.31046692 -0.18681917
v -0.36211818 -0.30260700 -0.18470818
v -0.35762647 -0.30260700 -0.18685059
v -0.36217377 -0.29474708 -0.18470818
v -0.35762647 -0.29474708 -0.18688916
v -0.36220586 -0.28688717 -0.18470818
v -0.35762647 -0.28688717 -0.18691026
v -0.36224842 -0.27902722 -0.18470818
v -0.35762647 -0.27902722 -0.18693490
v -0.36227369 -0.27116731 -0.18470818
v -0.35762647 -0.27116731 -0.18696076
v -0.36231607 -0.26330739 -0.18470818
v -0.35762647 -0.26330739 -0.18698120
v -0.36233267 -0.25544748 -0.18470818
v -0.35762647 -0.25544748 -0.18699397
v -0.36239499 -0.24758755 -0.18470818
v -0.35762647 -0.24758755 -0.18701328
v -0.36240429 -0.23972763 -0.18470818
v -0.35762647 -0.23972763 -0.18702312
v -0.36245191 -0.23186770 -0.18470818
v -0.35762647 -0.23186770 -0.18705574
v -0.36256674 -0.22400779 -0.18470818
v -0.35762647 -0.22400779 -0.18713255
v -0.36284941 -0.21614785 -0.18470818
v -0.35762647 -0.21614785 -0.18728547
v -0.36318150 -0.20828794 -0.18470818
v -0.35762647 -0.20828794 -0.18743664
v -0.36341387 -0.20042801 -0.18470818
v -0.35762647 -0.20042801 -0.18752545
v -0.36342469 -0.19256809 -0.18470818
v -0.35762647 -0.19256809 -0.18752527
v -0.36336118 -0.18470818 -0.18470818
v -0.35762647 -0.18470818 -0.18747652
v -0.36328316 -0.17684825 -0.18470818
v -0.35762647 -0.17684825 -0.18742484
v -0.36328560 -0.16898833 -0.18470818
v -0.35762647 -0.16898833 -0.18740936
v -0.36329994 -0.16112840 -0.18470818
v -0.35762647 -0.16112840 -0.18739419
v -0.36323133 -0.15326849 -0.18470818
v -0.35762647 -0.15326849 -0.18734460
v -0.36322108 -0.14540856 -0.18470818
v -0.35762647 -0.14540856 -0.18731618
v -0.36317462 -0.13754864 -0.18470818
v -0.35762647 -0.13754864 -0.18728469
v -0.36314031 -0.12968871 -0.18470818
v -0.35762647 -0.12968871 -0.18726502
v -0.36320496 -0.12182879 -0.18470818
v -0.35762647 -0.12182879 -0.18729512
v -0.36325353 -0.11396887 -0.18470818
v -0.35762647 -0.11396887 -0.18732211
v -0.36328670 -0.10610895 -0.18470818
v -0.35762647 -0.10610895 -0.18732661
v -0.36333072 -0.09824903 -0.18470818
v -0.35762647 -0.09824903 -0.18734939
v -0.36335492 -0.09038910 -0.18470818
v -0.35762647 -0.09038910 -0.18736649
v -0.36343744 -0.08252918 -0.18470818
v -0.35762647 -0.08252918 -0.18741433
v -0.36347643 -0.07466926 -0.18470818
v -0.35762647 -0.07466926 -0.18744911
v -0.36349916 -0.06680934 -0.18470818
v -0.35762647 -0.06680934 -0.18747568
v -0.36346298 -0.05894941 -0.18470818
v -0.35762647 -0.05894941 -0.18745776
v -0.36339876 -0.05108950 -0.18470818
v -0.35762647 -0.05108950 -0.18743125
v -0.36338097 -0.04322957 -0.18470818
v -0.35762647 -0.04322957 -0.18743424
v -0.36337832 -0.03536965 -0.18470818
v -0.35762647 -0.03536965 -0.18744774
v -0.36341208 -0.02750973 -0.18470818
v -0.35762647 -0.02750973 -0.18747526
v -0.36353225 -0.01964981 -0.18470818
v -0.35762647 -0.01964981 -0.18754548
v -0.36362952 -0.01178988 -0.18470818
v -0.35762647 -0.01178988 -0.18760221
v -0.36371431 -0.00392996 -0.18470818
v -0.35762647 -0.00392996 -0.18766764
v -0.36381969 0.00392996 -0.18470818
v -0.35762647 0.00392996 -0.18773684
v -0.36394620 0.01178988 -0.18470818
v -0.35762647 0.01178988 -0.18784316
v -0.36411273 0.01964981 -0.18470818
v -0.35762647 0.01964981 -0.18795224
v -0.36427116 0.02750973 -0.18470818
v -0.35762647 0.02750973 -0.18806089
v -0.36443877 0.03536965 -0.18470818
v -0.35762647 0.03536965 -0.18816230
v -0.36458179 0.04322957 -0.18470818
v -0.35762647 0.04322957 -0.18827786
v -0.36467400 0.05108950 -0.18470818
v -0.35762647 0.05108950 -0.18836954
v -0.36472797 0.05894941 -0.18470818
v -0.35762647 0.05894941 -0.18843490
v -0.36476186 0.06680934 -0.18470818
v -0.35762647 0.06680934 -0.18846729
v -0.36480257 0.07466926 -0.18470818
v -0.35762647 0.07466926 -0.18853372
v -0.36483809 0.08252918 -0.18470818
v -0.35762647 0.08252918 -0.18858553
v -0.36491364 0.09038910 -0.18470818
v -0.35762647 0.09038910 -0.18865210
v -0.36496228 0.09824903 -0.18470818
v -0.35762647 0.09824903 -0.18869498
v -0.36499849 0.10610895 -0.18470818
v -0.35762647 0.10610895 -0.18872136
v -0.36507443 0.11396887 -0.18470818
v -0.35762647 0.11396887 -0.18879230
v -0.36517623 0.12182879 -0.18470818
v -0.35762647 0.12182879 -0.18885653
v -0.36526343 0.12968871 -0.18470818
v -0.35762647 0.12968871 -0.18887439
v -0.36529359 0.13754864 -0.18470818
v -0.35762647 0.13754864 -0.18889198
v -0.36526948 0.14540856 -0.18470818
v -0.35762647 0.14540856 -0.18887495
v -0.36526236 0.15326849 -0.18470818
v -0.35762647 0.15326849 -0.18890792
v -0.36526901 0.16112840 -0.18470818
v -0.35762647 0.16112840 -0.18897784
v -0.35762647 0.16898833 -0.18921843
v -0.35762647 0.17684825 -0.18957235
v -0.35762647 0.18470818 -0.18987668
v -0.35762647 0.19256809 -0.18997310
v -0.35762647 0.20042801 -0.18987824
v -0.35762647 0.20828794 -0.18966644
v -0.35762647 0.21614785 -0.18941949
v -0.35762647 0.22400779 -0.18931714
v -0.35762647 0.23186770 -0.18926933
v -0.36545587 0.23972763 -0.18470818
v -0.35762647 0.23972763 -0.18917154
v -0.36531463 0.24758755 -0.18470818
v -0.35762647 0.24758755 -0.18901551
v -0.36523867 0.25544748 -0.18470818
v -0.35762647 0.25544748 -0.18892099
v -0.36524165 0.26330739 -0.18470818
v -0.35762647 0.26330739 -0.18892561
v -0.36535463 0.27116731 -0.18470818
v -0.35762647 0.27116731 -0.18897454
v -0.36544988 0.27902722 -0.18470818
v -0.35762647 0.27902722 -0.18901299
v -0.35762647 0.28688717 -0.18900207
v -0.36547482 0.29474708 -0.18470818
v -0.35762647 0.29474708 -0.18893743
v -0.36543816 0.30260700 -0.18470818
v -0.35762647 0.30260700 -0.18888484
v -0.36543524 0.31046692 -0.18470818
v -0.35762647 0.31046692 -0.18884885
v -0.35762647 0.31832686 -0.18881659
v -0.35762647 0.32618678 -0.18879873
v -0.35762647 0.33404669 -0.18880735
v -0.35762647 0.34190661 -0.18878499
v -0.35762647 0.34976652 -0.18877222
v -0.35762647 0.35762647 -0.18878661
v -0.35762647 0.36548638 -0.18885472
v -0.35762647 0.37334630 -0.18896148
v -0.35762647 0.38120621 -0.18906006
v -0.35762647 0.38906616 -0.18912435
v -0.35762647 0.39692608 -0.18912140
v -0.35762647 0.40478599 -0.18909052
v -0.35762647 0.41264591 -0.18906492
v -0.35762647 0.42050582 -0.18907942
v -0.35762647 0.42836577 -0.18913963
v -0.35762647 0.43622568 -0.18919115
v -0.35762647 0.44408560 -0.18923689
v -0.35762647 0.45194551 -0.18930514
v -0.35762647 0.45980546 -0.18942705
v -0.35762647 0.46766537 -0.18964528
v -0.35762647 0.47552529 -0.18989700
v -0.35762647 0.48338521 -0.19015978
v -0.35762647 0.49124515 -0.19033717
v -0.35762647 0.49910507 -0.19046201
v -0.35762647 0.50696498 -0.19059172
v -0.35762647 0.51482493 -0.19081743
v -0.35762647 0.52268481 -0.19115816
v -0.35762647 0.53054476 -0.19162811
v -0.35762647 0.53840464 -0.19232948
v -0.35913211 0.54626459 -0.19256809
v -0.35762647 0.54025221 -0.19256809
v -0.35762647 0.54626459 -0.19335084
v -0.36194140 0.55412453 -0.19256809
v -0.35762647 0.55412453 -0.19461624
v -0.35762647 0.56198442 -0.19632602
v -0.35762647 0.56984437 -0.19874159
v -0.36240050 0.57770425 -0.20042801
v -0.35762647 0.57320821 -0.20042801
v -0.35762647 0.57770425 -0.20386247
v -0.35762647 0.58556420 -0.20706277
v -0.35397199 -0.59342414 -0.21614785
v -0.34976652 -0.59342414 -0.22370586
v -0.34976652 -0.58869177 -0.21614785
v -0.35149428 -0.58556420 -0.20828794
v -0.34976652 -0.58556420 -0.21103656
v -0.34976652 -0.58316708 -0.20828794
v -0.35182178 -0.57770425 -0.20042801
v -0.34976652 -0.57770425 -0.20310162
v -0.34976652 -0.57343787 -0.20042801
v -0.35688898 -0.56984437 -0.19256809
v -0.34976652 -0.56984437 -0.19869769
v -0.35379693 -0.56198442 -0.19256809
v -0.34976652 -0.56198442 -0.19561805
v -0.35148561 -0.55412453 -0.19256809
v -0.34976652 -0.55412453 -0.19368173
v -0.34996605 -0.54626459 -0.19256809
v -0.34976652 -0.54626459 -0.19268821
v -0.34976652 -0.54413897 -0.19256809
v -0.34976652 -0.53840464 -0.19227210
v -0.34976652 -0.53054476 -0.19207302
v -0.34976652 -0.52268481 -0.19197154
v -0.34976652 -0.51482493 -0.19194372
v -0.34976652 -0.50696498 -0.19193995
v -0.34976652 -0.49910507 -0.19187440
v -0.34976652 -0.49124515 -0.19175220
v -0.34976652 -0.48338521 -0.19165468
v -0.34976652 -0.47552529 -0.19160107
v -0.34976652 -0.46766537 -0.19156341
v -0.34976652 -0.45980546 -0.19151995
v -0.34976652 -0.45194551 -0.19147785
v -0.34976652 -0.44408560 -0.19144312
v -0.34976652 -0.43622568 -0.19140169
v -0.34976652 -0.42836577 -0.19137956
v -0.34976652 -0.42050582 -0.19143407
v -0.34976652 -0.41264591 -0.19151352
v -0.34976652 -0.40478599 -0.19159801
v -0.34976652 -0.39692608 -0.19158362
v -0.34976652 -0.38906616 -0.19154969
v -0.34976652 -0.38120621 -0.19152413
v -0.34976652 -0.37334630 -0.19153127
v -0.34976652 -0.36548638 -0.19153666
v -0.34976652 -0.35762647 -0.19154549
v -0.34976652 -0.34976652 -0.19156395
v -0.34976652 -0.34190661 -0.19157876
v -0.34976652 -0.33404669 -0.19159280
v -0.34976652 -0.32618678 -0.19163406
v -0.34976652 -0.31832686 -0.19170655
v -0.34976652 -0.31046692 -0.19178014
v -0.34976652 -0.30260700 -0.19186307
v -0.34976652 -0.29474708 -0.19192514
v -0.34976652 -0.28688717 -0.19198647
v -0.34976652 -0.27902722 -0.19208920
v -0.34976652 -0.27116731 -0.19217381
v -0.34976652 -0.26330739 -0.19222952
v -0.34976652 -0.25544748 -0.19227533
v -0.34976652 -0.24758755 -0.19231276
v -0.34976652 -0.23972763 -0.19237074
v -0.34976652 -0.23186770 -0.19247365
v -0.34989822 -0.22400779 -0.19256809
v -0.34976652 -0.22811422 -0.19256809
v -0.34976652 -0.22400779 -0.19267717
v -0.35017064 -0.21614785 -0.19256809
v -0.34976652 -0.21614785 -0.19290619
v -0.35040909 -0.20828794 -0.19256809
v -0.34976652 -0.20828794 -0.19310863
v -0.35051623 -0.20042801 -0.19256809
v -0.34976652 -0.20042801 -0.19319972
v -0.35054687 -0.19256809 -0.19256809
v -0.34976652 -0.19256809 -0.19322844
v -0.35046598 -0.18470818 -0.19256809
v -0.34976652 -0.18470818 -0.19316518
v -0.35042012 -0.17684825 -0.19256809
v -0.34976652 -0.17684825 -0.19312806
v -0.35039631 -0.16898833 -0.19256809
v -0.34976652 -0.16898833 -0.19310719
v -0.35034961 -0.16112840 -0.19256809
v -0.34976652 -0.16112840 -0.19306917
v -0.35029814 -0.15326849 -0.19256809
v -0.34976652 -0.15326849 -0.19302851
v -0.35022667 -0.14540856 -0.19256809
v -0.34976652 -0.14540856 -0.19296692
v -0.35016784 -0.13754864 -0.19256809
v -0.34976652 -0.13754864 -0.19291697
v -0.35019469 -0.12968871 -0.19256809
v -0.34976652 -0.12968871 -0.19294372
v -0.35025707 -0.12182879 -0.19256809
v -0.34976652 -0.12182879 -0.19300009
v -0.35029274 -0.11396887 -0.19256809
v -0.34976652 -0.11396887 -0.19303271
v -0.35031402 -0.10610895 -0.19256809
v -0.34976652 -0.10610895 -0.19305389
v -0.35030857 -0.09824903 -0.19256809
v -0.34976652 -0.09824903 -0.19304842
v -0.35033706 -0.09038910 -0.19256809
v -0.34976652 -0.09038910 -0.19307457
v -0.35042107 -0.08252918 -0.19256809
v -0.34976652 -0.08252918 -0.19315210
v -0.35049987 -0.07466926 -0.19256809
v -0.34976652 -0.07466926 -0.19322701
v -0.35055101 -0.06680934 -0.19256809
v -0.34976652 -0.06680934 -0.19327936
v -0.35056978 -0.05894941 -0.19256809
v -0.34976652 -0.05894941 -0.19330466
v -0.35053748 -0.05108950 -0.19256809
v -0.34976652 -0.05108950 -0.19328368
v -0.35054263 -0.04322957 -0.19256809
v -0.34976652 -0.04322957 -0.19329746
v -0.35058862 -0.03536965 -0.19256809
v -0.34976652 -0.03536965 -0.19335492
v -0.35070440 -0.02750973 -0.19256809
v -0.34976652 -0.02750973 -0.19347605
v -0.35081890 -0.01964981 -0.19256809
v -0.34976652 -0.01964981 -0.19359826
v -0.35094938 -0.01178988 -0.19256809
v -0.34976652 -0.01178988 -0.19373174
v -0.35104665 -0.00392996 -0.19256809
v -0.34976652 -0.00392996 -0.19382949
v -0.35116610 0.00392996 -0.19256809
v -0.34976652 0.00392996 -0.19395691
v -0.35132772 0.01178988 -0.19256809
v -0.34976652 0.01178988 -0.19412099
v -0.35147431 0.01964981 -0.19256809
v -0.34976652 0.01964981 -0.19427329
v -0.35160109 0.02750973 -0.19256809
v -0.34976652 0.02750973 -0.19440193
v -0.35174218 0.03536965 -0.19256809
v -0.34976652 0.03536965 -0.19455341
v -0.35190776 0.04322957 -0.19256809
v -0.34976652 0.04322957 -0.19472454
v -0.35205173 0.05108950 -0.19256809
v -0.34976652 0.05108950 -0.19488940
v -0.35220292 0.05894941 -0.19256809
v -0.34976652 0.05894941 -0.19508195
v -0.35234940 0.06680934 -0.19256809
v -0.34976652 0.06680934 -0.19527690
v -0.35251635 0.07466926 -0.19256809
v -0.34976652 0.07466926 -0.19548576
v -0.35267204 0.08252918 -0.19256809
v -0.34976652 0.08252918 -0.19569552
v -0.35282448 0.09038910 -0.19256809
v -0.34976652 0.09038910 -0.19587027
v -0.35295051 0.09824903 -0.19256809
v -0.34976652 0.09824903 -0.19600585
v -0.35305774 0.10610895 -0.19256809
v -0.34976652 0.10610895 -0.19614047
v -0.35320023 0.11396887 -0.19256809
v -0.34976652 0.11396887 -0.19630598
v -0.35329309 0.12182879 -0.19256809
v -0.34976652 0.12182879 -0.19641632
v -0.35334629 0.12968871 -0.19256809
v -0.34976652 0.12968871 -0.19650279
v -0.35340962 0.13754864 -0.19256809
v -0.34976652 0.13754864 -0.19658020
v -0.35348037 0.14540856 -0.19256809
v -0.34976652 0.14540856 -0.19669391
v -0.35355490 0.15326849 -0.19256809
v -0.34976652 0.15326849 -0.19683620
v -0.35369369 0.16112840 -0.19256809
v -0.34976652 0.16112840 -0.19702247
v -0.35401365 0.16898833 -0.19256809
v -0.34976652 0.16898833 -0.19739036
v -0.35444680 0.17684825 -0.19256809
v -0.34976652 0.17684825 -0.19790451
v -0.35482034 0.18470818 -0.19256809
v -0.34976652 0.18470818 -0.19829878
v -0.35495135 0.19256809 -0.19256809
v -0.34976652 0.19256809 -0.19842838
v -0.35486573 0.20042801 -0.19256809
v -0.34976652 0.20042801 -0.19830221
v -0.35466465 0.20828794 -0.19256809
v -0.34976652 0.20828794 -0.19806372
v -0.35438970 0.21614785 -0.19256809
v -0.34976652 0.21614785 -0.19775945
v -0.35426667 0.22400779 -0.19256809
v -0.34976652 0.22400779 -0.19755004
v -0.35419992 0.23186770 -0.19256809
v -0.34976652 0.23186770 -0.19744198
v -0.35408556 0.23972763 -0.19256809
v -0.34976652 0.23972763 -0.19730766
v -0.35392046 0.24758755 -0.19256809
v -0.34976652 0.24758755 -0.19713016
v -0.35382819 0.25544748 -0.19256809
v -0.34976652 0.25544748 -0.19701700
v -0.35381889 0.26330739 -0.19256809
v -0.34976652 0.26330739 -0.19698744
v -0.35385391 0.27116731 -0.19256809
v -0.34976652 0.27116731 -0.19695333
v -0.35387826 0.27902722 -0.19256809
v -0.34976652 0.27902722 -0.19691272
v -0.35384017 0.28688717 -0.19256809
v -0.34976652 0.28688717 -0.19681354
v -0.35372749 0.29474708 -0.19256809
v -0.34976652 0.29474708 -0.19666272
v -0.35362190 0.30260700 -0.19256809
v -0.34976652 0.30260700 -0.19651125
v -0.35348213 0.31046692 -0.19256809
v -0.34976652 0.31046692 -0.19633681
v -0.35334894 0.31832686 -0.19256809
v -0.34976652 0.31832686 -0.19615456
v -0.35319847 0.32618678 -0.19256809
v -0.34976652 0.32618678 -0.19597389
v -0.35307795 0.33404669 -0.19256809
v -0.34976652 0.33404669 -0.19581342
v -0.35296863 0.34190661 -0.19256809
v -0.34976652 0.34190661 -0.19569397
v -0.35288569 0.34976652 -0.19256809
v -0.34976652 0.34976652 -0.19560929
v -0.35285398 0.35762647 -0.19256809
v -0.34976652 0.35762647 -0.19556156
v -0.35290861 0.36548638 -0.19256809
v -0.34976652 0.36548638 -0.19559862
v -0.35305491 0.37334630 -0.19256809
v -0.34976652 0.37334630 -0.19573210
v -0.35318625 0.38120621 -0.19256809
v -0.34976652 0.38120621 -0.19584382
v -0.35323998 0.38906616 -0.19256809
v -0.34976652 0.38906616 -0.19588394
v -0.35324496 0.39692608 -0.19256809
v -0.34976652 0.39692608 -0.19586194
v -0.35311440 0.40478599 -0.19256809
v -0.34976652 0.40478599 -0.19570541
v -0.35301059 0.41264591 -0.19256809
v -0.34976652 0.41264591 -0.19556780
v -0.35296568 0.42050582 -0.19256809
v -0.34976652 0.42050582 -0.19548228
v -0.35299987 0.42836577 -0.19256809
v -0.34976652 0.42836577 -0.19550021
v -0.35306421 0.43622568 -0.19256809
v -0.34976652 0.43622568 -0.19556114
v -0.35312513 0.44408560 -0.19256809
v -0.34976652 0.44408560 -0.19561438
v -0.35324088 0.45194551 -0.19256809
v -0.34976652 0.45194551 -0.19571441
v -0.35338739 0.45980546 -0.19256809
v -0.34976652 0.45980546 -0.19583543
v -0.35362908 0.46766537 -0.19256809
v -0.34976652 0.46766537 -0.19604398
v -0.35396418 0.47552529 -0.19256809
v -0.34976652 0.47552529 -0.19635719
v -0.35430127 0.48338521 -0.19256809
v -0.34976652 0.48338521 -0.19667567
v -0.35457134 0.49124515 -0.19256809
v -0.34976652 0.49124515 -0.19693935
v -0.35473871 0.49910507 -0.19256809
v -0.34976652 0.49910507 -0.19710144
v -0.35488641 0.50696498 -0.19256809
v -0.34976652 0.50696498 -0.19722563
v -0.35514638 0.51482493 -0.19256809
v -0.34976652 0.51482493 -0.19737369
v -0.35559127 0.52268481 -0.19256809
v -0.34976652 0.52268481 -0.19767214
v -0.35625845 0.53054476 -0.19256809
v -0.34976652 0.53054476 -0.19813274
v -0.35727987 0.53840464 -0.19256809
v -0.34976652 0.53840464 -0.19877942
v -0.34976652 0.54626459 -0.19955233
v -0.34987131 0.55412453 -0.20042801
v -0.34976652 0.55337328 -0.20042801
v -0.34976652 0.55412453 -0.20054981
v -0.35184240 0.56198442 -0.20042801
v -0.34976652 0.56198442 -0.20287032
v -0.35526282 0.56984437 -0.20042801
v -0.34976652 0.56984437 -0.20738617
v -0.35022396 0.57770425 -0.21614785
v -0.34976652 0.57686412 -0.21614785
v -0.34976652 0.57770425 -0.21730407
v -0.35426456 0.57770425 -0.20828794
v -0.34976652 0.57075346 -0.20828794
v -0.34976652 0.58072227 -0.21614785
v -0.34976652 0.58556420 -0.21452919
v -0.35557055 0.58556420 -0.20828794
v -0.34957889 -0.59342414 -0.22400779
v -0.34190661 -0.59342414 -0.23173469
v -0.34190661 -0.58652103 -0.22400779
v -0.34669793 -0.58556420 -0.21614785
v -0.34190661 -0.58556420 -0.22259353
v -0.34190661 -0.57826519 -0.21614785
v -0.34663358 -0.57770425 -0.20828794
v -0.34190661 -0.57770425 -0.21566884
v -0.34349146 -0.56984437 -0.20828794
v -0.34190661 -0.56984437 -0.21076953
v -0.34839571 -0.56984437 -0.20042801
v -0.34190661 -0.56557018 -0.20828794
v -0.34190661 -0.56198442 -0.20589809
v -0.34536117 -0.56198442 -0.20042801
v -0.34268481 -0.55412453 -0.20042801
v -0.34190661 -0.55412453 -0.20142910
v -0.34190661 -0.55031419 -0.20042801
v -0.34190661 -0.54626459 -0.19956930
v -0.34932193 -0.53840464 -0.19256809
v -0.34190661 -0.53840464 -0.19887392
v -0.34900731 -0.53054476 -0.19256809
v -0.34190661 -0.53054476 -0.19853571
v -0.34883377 -0.52268481 -0.19256809
v -0.34190661 -0.52268481 -0.19830748
v -0.34876499 -0.51482493 -0.19256809
v -0.34190661 -0.51482493 -0.19808003
v -0.34874213 -0.50696498 -0.19256809
v -0.34190661 -0.50696498 -0.19796592
v -0.34863383 -0.49910507 -0.19256809
v -0.34190661 -0.49910507 -0.19788766
v -0.34844062 -0.49124515 -0.19256809
v -0.34190661 -0.49124515 -0.19780605
v -0.34829599 -0.48338521 -0.19256809
v -0.34190661 -0.48338521 -0.19778007
v -0.34822667 -0.47552529 -0.19256809
v -0.34190661 -0.47552529 -0.19782726
v -0.34818295 -0.46766537 -0.19256809
v -0.34190661 -0.46766537 -0.19789732
v -0.34813994 -0.45980546 -0.19256809
v -0.34190661 -0.45980546 -0.19796987
v -0.34810704 -0.45194551 -0.19256809
v -0.34190661 -0.45194551 -0.19805473
v -0.34807625 -0.44408560 -0.19256809
v -0.34190661 -0.44408560 -0.19810581
v -0.34805289 -0.43622568 -0.19256809
v -0.34190661 -0.43622568 -0.19817016
v -0.34805846 -0.42836577 -0.19256809
v -0.34190661 -0.42836577 -0.19826977
v -0.34816352 -0.42050582 -0.19256809
v -0.34190661 -0.42050582 -0.19841518
v -0.34829399 -0.41264591 -0.19256809
v -0.34190661 -0.41264591 -0.19859190
v -0.34842336 -0.40478599 -0.19256809
v -0.34190661 -0.40478599 -0.19871843
v -0.34841383 -0.39692608 -0.19256809
v -0.34190661 -0.39692608 -0.19878158
v -0.34837887 -0.38906616 -0.19256809
v -0.34190661 -0.38906616 -0.19877827
v -0.34835881 -0.38120621 -0.19256809
v -0.34190661 -0.38120621 -0.19880611
v -0.34837830 -0.37334630 -0.19256809
v -0.34190661 -0.37334630 -0.19883159
v -0.34839785 -0.36548638 -0.19256809
v -0.34190661 -0.36548638 -0.19885845
v -0.34841833 -0.35762647 -0.19256809
v -0.34190661 -0.35762647 -0.19890079
v -0.34844393 -0.34976652 -0.19256809
v -0.34190661 -0.34976652 -0.19890757
v -0.34847113 -0.34190661 -0.19256809
v -0.34190661 -0.34190661 -0.19890469
v -0.34848788 -0.33404669 -0.19256809
v -0.34190661 -0.33404669 -0.19892688
v -0.34855175 -0.32618678 -0.19256809
v -0.34190661 -0.32618678 -0.19899590
v -0.34865567 -0.31832686 -0.19256809
v -0.34190661 -0.31832686 -0.19914491
v -0.34875551 -0.31046692 -0.19256809
v -0.34190661 -0.31046692 -0.19927870
v -0.34886992 -0.30260700 -0.19256809
v -0.34190661 -0.30260700 -0.19937824
v -0.34895405 -0.29474708 -0.19256809
v -0.34190661 -0.29474708 -0.19948493
v -0.34903693 -0.28688717 -0.19256809
v -0.34190661 -0.28688717 -0.19958411
v -0.34917238 -0.27902722 -0.19256809
v -0.34190661 -0.27902722 -0.19968155
v -0.34928146 -0.27116731 -0.19256809
v -0.34190661 -0.27116731 -0.19979142
v -0.34935188 -0.26330739 -0.19256809
v -0.34190661 -0.26330739 -0.19988023
v -0.34940955 -0.25544748 -0.19256809
v -0.34190661 -0.25544748 -0.19994618
v -0.34945831 -0.24758755 -0.19256809
v -0.34190661 -0.24758755 -0.20002186
v -0.34953219 -0.23972763 -0.19256809
v -0.34190661 -0.23972763 -0.20012975
v -0.34965637 -0.23186770 -0.19256809
v -0.34190661 -0.23186770 -0.20028260
v -0.34200567 -0.22400779 -0.20042801
v -0.34190661 -0.22737268 -0.20042801
v -0.34190661 -0.22400779 -0.20057523
v -0.34224853 -0.21614785 -0.20042801
v -0.34190661 -0.21614785 -0.20093480
v -0.34243131 -0.20828794 -0.20042801
v -0.34190661 -0.20828794 -0.20120314
v -0.34255049 -0.20042801 -0.20042801
v -0.34190661 -0.20042801 -0.20138052
v -0.34260601 -0.19256809 -0.20042801
v -0.34190661 -0.19256809 -0.20146562
v -0.34261039 -0.18470818 -0.20042801
v -0.34190661 -0.18470818 -0.20147280
v -0.34257483 -0.17684825 -0.20042801
v -0.34190661 -0.17684825 -0.20143299
v -0.34258878 -0.16898833 -0.20042801
v -0.34190661 -0.16898833 -0.20147467
v -0.34260875 -0.16112840 -0.20042801
v -0.34190661 -0.16112840 -0.20151886
v -0.34259316 -0.15326849 -0.20042801
v -0.34190661 -0.15326849 -0.20151238
v -0.34254712 -0.14540856 -0.20042801
v -0.34190661 -0.14540856 -0.20145266
v -0.34253219 -0.13754864 -0.20042801
v -0.34190661 -0.13754864 -0.20143491
v -0.34255990 -0.12968871 -0.20042801
v -0.34190661 -0.12968871 -0.20147479
v -0.34261620 -0.12182879 -0.20042801
v -0.34190661 -0.12182879 -0.20156276
v -0.34268144 -0.11396887 -0.20042801
v -0.34190661 -0.11396887 -0.20165768
v -0.34274495 -0.10610895 -0.20042801
v -0.34190661 -0.10610895 -0.20174782
v -0.34278712 -0.09824903 -0.20042801
v -0.34190661 -0.09824903 -0.20180707
v -0.34284046 -0.09038910 -0.20042801
v -0.34190661 -0.09038910 -0.20189336
v -0.34296364 -0.08252918 -0.20042801
v -0.34190661 -0.08252918 -0.20208704
v -0.34311855 -0.07466926 -0.20042801
v -0.34190661 -0.07466926 -0.20234311
v -0.34325904 -0.06680934 -0.20042801
v -0.34190661 -0.06680934 -0.20258093
v -0.34338939 -0.05894941 -0.20042801
v -0.34190661 -0.05894941 -0.20279004
v -0.34349230 -0.05108950 -0.20042801
v -0.34190661 -0.05108950 -0.20297323
v -0.34365439 -0.04322957 -0.20042801
v -0.34190661 -0.04322957 -0.20323901
v -0.34384885 -0.03536965 -0.20042801
v -0.34190661 -0.03536965 -0.20356576
v -0.34405342 -0.02750973 -0.20042801
v -0.34190661 -0.02750973 -0.20393431
v -0.34424895 -0.01964981 -0.20042801
v -0.34190661 -0.01964981 -0.20423996
v -0.34439248 -0.01178988 -0.20042801
v -0.34190661 -0.01178988 -0.20446999
v -0.34449926 -0.00392996 -0.20042801
v -0.34190661 -0.00392996 -0.20465378
v -0.34461769 0.00392996 -0.20042801
v -0.34190661 0.00392996 -0.20481792
v -0.34473926 0.01178988 -0.20042801
v -0.34190661 0.01178988 -0.20502876
v -0.34484816 0.01964981 -0.20042801
v -0.34190661 0.01964981 -0.20522732
v -0.34495094 0.02750973 -0.20042801
v -0.34190661 0.02750973 -0.20542748
v -0.34506103 0.03536965 -0.20042801
v -0.34190661 0.03536965 -0.20562375
v -0.34517094 0.04322957 -0.20042801
v -0.34190661 0.04322957 -0.20583135
v -0.34530276 0.05108950 -0.20042801
v -0.34190661 0.05108950 -0.20603380
v -0.34545374 0.05894941 -0.20042801
v -0.34190661 0.05894941 -0.20630556
v -0.34563604 0.06680934 -0.20042801
v -0.34190661 0.06680934 -0.20665500
v -0.34582698 0.07466926 -0.20042801
v -0.34190661 0.07466926 -0.20704561
v -0.34603238 0.08252918 -0.20042801
v -0.34190661 0.08252918 -0.20741369
v -0.34617820 0.09038910 -0.20042801
v -0.34190661 0.09038910 -0.20772888
v -0.34629771 0.09824903 -0.20042801
v -0.34190661 0.09824903 -0.20802702
v -0.34192923 0.10610895 -0.20828794
v -0.34190661 0.10503111 -0.20828794
v -0.34190661 0.10610895 -0.20832716
v -0.34642634 0.10610895 -0.20042801
v -0.34206787 0.11396887 -0.20828794
v -0.34190661 0.11396887 -0.20856546
v -0.34657124 0.11396887 -0.20042801
v -0.34221444 0.12182879 -0.20828794
v -0.34190661 0.12182879 -0.20881426
v -0.34669194 0.12182879 -0.20042801
v -0.34235349 0.12968871 -0.20828794
v -0.34190661 0.12968871 -0.20904645
v -0.34678477 0.12968871 -0.20042801
v -0.34246731 0.13754864 -0.20828794
v -0.34190661 0.13754864 -0.20923918
v -0.34686199 0.13754864 -0.20042801
v -0.34258932 0.14540856 -0.20828794
v -0.34190661 0.14540856 -0.20944391
v -0.34696484 0.14540856 -0.20042801
v -0.34271634 0.15326849 -0.20828794
v -0.34190661 0.15326849 -0.20965800
v -0.34710881 0.15326849 -0.20042801
v -0.34287819 0.16112840 -0.20828794
v -0.34190661 0.16112840 -0.20991452
v -0.34725958 0.16112840 -0.20042801
v -0.34307441 0.16898833 -0.20828794
v -0.34190661 0.16898833 -0.21021856
v -0.34750617 0.16898833 -0.20042801
v -0.34327516 0.17684825 -0.20828794
v -0.34190661 0.17684825 -0.21054615
v -0.34786937 0.17684825 -0.20042801
v -0.34341261 0.18470818 -0.20828794
v -0.34190661 0.18470818 -0.21080701
v -0.34813437 0.18470818 -0.20042801
v -0.34342936 0.19256809 -0.20828794
v -0.34190661 0.19256809 -0.21085666
v -0.34820038 0.19256809 -0.20042801
v -0.34332505 0.20042801 -0.20828794
v -0.34190661 0.20042801 -0.21067502
v -0.34807357 0.20042801 -0.20042801
v -0.34318095 0.20828794 -0.20828794
v -0.34190661 0.20828794 -0.21045585
v -0.34786367 0.20828794 -0.20042801
v -0.34302413 0.21614785 -0.20828794
v -0.34190661 0.21614785 -0.21022305
v -0.34761855 0.21614785 -0.20042801
v -0.34291044 0.22400779 -0.20828794
v -0.34190661 0.22400779 -0.21003638
v -0.34743005 0.22400779 -0.20042801
v -0.34281787 0.23186770 -0.20828794
v -0.34190661 0.23186770 -0.20988287
v -0.34733614 0.23186770 -0.20042801
v -0.34273770 0.23972763 -0.20828794
v -0.34190661 0.23972763 -0.20975789
v -0.34723914 0.23972763 -0.20042801
v -0.34267718 0.24758755 -0.20828794
v -0.34190661 0.24758755 -0.20966434
v -0.34712586 0.24758755 -0.20042801
v -0.34262982 0.25544748 -0.20828794
v -0.34190661 0.25544748 -0.20958015
v -0.34703711 0.25544748 -0.20042801
v -0.34260061 0.26330739 -0.20828794
v -0.34190661 0.26330739 -0.20952469
v -0.34699523 0.26330739 -0.20042801
v -0.34257495 0.27116731 -0.20828794
v -0.34190661 0.27116731 -0.20948301
v -0.34693947 0.27116731 -0.20042801
v -0.34251490 0.27902722 -0.20828794
v -0.34190661 0.27902722 -0.20938647
v -0.34687003 0.27902722 -0.20042801
v -0.34244859 0.28688717 -0.20828794
v -0.34190661 0.28688717 -0.20927870
v -0.34678429 0.28688717 -0.20042801
v -0.34237874 0.29474708 -0.20828794
v -0.34190661 0.29474708 -0.20915811
v -0.34666386 0.29474708 -0.20042801
v -0.34232116 0.30260700 -0.20828794
v -0.34190661 0.30260700 -0.20906313
v -0.34654388 0.30260700 -0.20042801
v -0.34226924 0.31046692 -0.20828794
v -0.34190661 0.31046692 -0.20897569
v -0.34642184 0.31046692 -0.20042801
v -0.34222013 0.31832686 -0.20828794
v -0.34190661 0.31832686 -0.20889156
v -0.34627512 0.31832686 -0.20042801
v -0.34216011 0.32618678 -0.20828794
v -0.34190661 0.32618678 -0.20878440
v -0.34614691 0.32618678 -0.20042801
v -0.34210619 0.33404669 -0.20828794
v -0.34190661 0.33404669 -0.20868401
v -0.34603417 0.33404669 -0.20042801
v -0.34204897 0.34190661 -0.20828794
v -0.34190661 0.34190661 -0.20857331
v -0.34594494 0.34190661 -0.20042801
v -0.34200352 0.34976652 -0.20828794
v -0.34190661 0.34976652 -0.20848408
v -0.34589487 0.34976652 -0.20042801
v -0.34199530 0.35762647 -0.20828794
v -0.34190661 0.35762647 -0.20846820
v -0.34587172 0.35762647 -0.20042801
v -0.34202048 0.36548638 -0.20828794
v -0.34190661 0.36548638 -0.20851965
v -0.34589133 0.36548638 -0.20042801
v -0.34204221 0.37334630 -0.20828794
v -0.34190661 0.37334630 -0.20856450
v -0.34596550 0.37334630 -0.20042801
v -0.34205371 0.38120621 -0.20828794
v -0.34190661 0.38120621 -0.20858867
v -0.34603080 0.38120621 -0.20042801
v -0.34203002 0.38906616 -0.20828794
v -0.34190661 0.38906616 -0.20854135
v -0.34604970 0.38906616 -0.20042801
v -0.34199056 0.39692608 -0.20828794
v -0.34190661 0.39692608 -0.20845944
v -0.34599146 0.39692608 -0.20042801
v -0.34192100 0.40478599 -0.20828794
v -0.34190661 0.40478599 -0.20831768
v -0.34585780 0.40478599 -0.20042801
v -0.34190661 0.40710610 -0.20828794
v -0.34190661 0.41264591 -0.20820807
v -0.34571892 0.41264591 -0.20042801
v -0.34562880 0.42050582 -0.20042801
v -0.34190661 0.42050582 -0.20812267
v -0.34563130 0.42836577 -0.20042801
v -0.34190661 0.42836577 -0.20807578
v -0.34567383 0.43622568 -0.20042801
v -0.34190661 0.43622568 -0.20808004
v -0.34573498 0.44408560 -0.20042801
v -0.34190661 0.44408560 -0.20810816
v -0.34581044 0.45194551 -0.20042801
v -0.34190661 0.45194551 -0.20818299
v -0.34194583 0.45980546 -0.20828794
v -0.34190661 0.45619488 -0.20828794
v -0.34190661 0.45980546 -0.20836991
v -0.34591332 0.45980546 -0.20042801
v -0.34206608 0.46766537 -0.20828794
v -0.34190661 0.46766537 -0.20861751
v -0.34610355 0.46766537 -0.20042801
v -0.34221363 0.47552529 -0.20828794
v -0.34190661 0.47552529 -0.20891075
v -0.34635791 0.47552529 -0.20042801
v -0.34234312 0.48338521 -0.20828794
v -0.34190661 0.48338521 -0.20915103
v -0.34661505 0.48338521 -0.20042801
v -0.34245652 0.49124515 -0.20828794
v -0.34190661 0.49124515 -0.20933357
v -0.34681404 0.49124515 -0.20042801
v -0.34257993 0.49910507 -0.20828794
v -0.34190661 0.49910507 -0.20952900
v -0.34697133 0.49910507 -0.20042801
v -0.34271324 0.50696498 -0.20828794
v -0.34190661 0.50696498 -0.20976000
v -0.34710732 0.50696498 -0.20042801
v -0.34291446 0.51482493 -0.20828794
v -0.34190661 0.51482493 -0.21010330
v -0.34725106 0.51482493 -0.20042801
v -0.34313366 0.52268481 -0.20828794
v -0.34190661 0.52268481 -0.21046934
v -0.34750977 0.52268481 -0.20042801
v -0.34331906 0.53054476 -0.20828794
v -0.34190661 0.53054476 -0.21071927
v -0.34786284 0.53054476 -0.20042801
v -0.34357274 0.53840464 -0.20828794
v -0.34190661 0.53840464 -0.21129526
v -0.34834918 0.53840464 -0.20042801
v -0.34408963 0.54626459 -0.20828794
v -0.34190661 0.54626459 -0.21323955
v -0.34897906 0.54626459 -0.20042801
v -0.34489638 0.55412453 -0.20828794
v -0.34190661 0.55412453 -0.21570291
v -0.34301996 0.56198442 -0.21614785
v -0.34190661 0.55526930 -0.21614785
v -0.34190661 0.56198442 -0.21832134
v -0.34648660 0.56198442 -0.20828794
v -0.34258753 0.56984437 -0.22400779
v -0.34190661 0.56849605 -0.22400779
v -0.34190661 0.56984437 -0.22523379
v -0.34577355 0.56984437 -0.21614785
v -0.34924382 0.56984437 -0.20828794
v -0.34213826 0.57770425 -0.23186770
v -0.34190661 0.57723916 -0.23186770
v -0.34190661 0.57770425 -0.23208220
v -0.34709534 0.57770425 -0.22400779
v -0.34190661 0.57812238 -0.23186770
v -0.34190661 0.58515513 -0.22400779
v -0.34748697 0.58556420 -0.21614785
v -0.33404669 -0.58803755 -0.22400779
v -0.33404669 -0.58556420 -0.22256613
v -0.34029034 -0.57770425 -0.21614785
v -0.33404669 -0.57770425 -0.21729897
v -0.33404669 -0.57376778 -0.21614785
v -0.33404669 -0.56984437 -0.21486698
v -0.33937016 -0.56198442 -0.20828794
v -0.33404669 -0.56198442 -0.21130748
v -0.33404669 -0.55553263 -0.20828794
v -0.33404669 -0.55412453 -0.20765331
v -0.34099379 -0.54626459 -0.20042801
v -0.33404669 -0.54626459 -0.20531121
v -0.34030259 -0.53840464 -0.20042801
v -0.33404669 -0.53840464 -0.20485893
v -0.34007111 -0.53054476 -0.20042801
v -0.33404669 -0.53054476 -0.20513454
v -0.33997360 -0.52268481 -0.20042801
v -0.33404669 -0.52268481 -0.20554543
v -0.33988348 -0.51482493 -0.20042801
v -0.33404669 -0.51482493 -0.20601234
v -0.33987802 -0.50696498 -0.20042801
v -0.33404669 -0.50696498 -0.20644198
v -0.33989942 -0.49910507 -0.20042801
v -0.33404669 -0.49910507 -0.20686667
v -0.33992928 -0.49124515 -0.20042801
v -0.33404669 -0.49124515 -0.20732619
v -0.33998170 -0.48338521 -0.20042801
v -0.33404669 -0.48338521 -0.20776509
v -0.34006953 -0.47552529 -0.20042801
v -0.33404669 -0.47552529 -0.20813635
v -0.33412164 -0.46766537 -0.20828794
v -0.33404669 -0.47016916 -0.20828794
v -0.33404669 -0.46766537 -0.20834233
v -0.34015283 -0.46766537 -0.20042801
v -0.33422312 -0.45980546 -0.20828794
v -0.33404669 -0.45980546 -0.20841518
v -0.34022480 -0.45980546 -0.20042801
v -0.33423319 -0.45194551 -0.20828794
v -0.33404669 -0.45194551 -0.20842154
v -0.34028950 -0.45194551 -0.20042801
v -0.33423954 -0.44408560 -0.20828794
v -0.33404669 -0.44408560 -0.20842646
v -0.34033293 -0.44408560 -0.20042801
v -0.33428177 -0.43622568 -0.20828794
v -0.33404669 -0.43622568 -0.20845747
v -0.34037831 -0.43622568 -0.20042801
v -0.33436668 -0.42836577 -0.20828794
v -0.33404669 -0.42836577 -0.20851815
v -0.34044674 -0.42836577 -0.20042801
v -0.33445787 -0.42050582 -0.20828794
v -0.33404669 -0.42050582 -0.20858094
v -0.34054729 -0.42050582 -0.20042801
v -0.33457434 -0.41264591 -0.20828794
v -0.33404669 -0.41264591 -0.20865954
v -0.34066382 -0.41264591 -0.20042801
v -0.33465680 -0.40478599 -0.20828794
v -0.33404669 -0.40478599 -0.20871837
v -0.34074026 -0.40478599 -0.20042801
v -0.33474362 -0.39692608 -0.20828794
v -0.33404669 -0.39692608 -0.20878692
v -0.34078825 -0.39692608 -0.20042801
v -0.33482367 -0.38906616 -0.20828794
v -0.33404669 -0.38906616 -0.20884886
v -0.34078729 -0.38906616 -0.20042801
v -0.33488414 -0.38120621 -0.20828794
v -0.33404669 -0.38120621 -0.20889191
v -0.34080964 -0.38120621 -0.20042801
v -0.33493954 -0.37334630 -0.20828794
v -0.33404669 -0.37334630 -0.20893432
v -0.34082657 -0.37334630 -0.20042801
v -0.33498919 -0.36548638 -0.20828794
v -0.33404669 -0.36548638 -0.20897366
v -0.34084412 -0.36548638 -0.20042801
v -0.33504099 -0.35762647 -0.20828794
v -0.33404669 -0.35762647 -0.20901617
v -0.34087065 -0.35762647 -0.20042801
v -0.33517137 -0.34976652 -0.20828794
v -0.33404669 -0.34976652 -0.20912436
v -0.34088054 -0.34976652 -0.20042801
v -0.33531013 -0.34190661 -0.20828794
v -0.33404669 -0.34190661 -0.20924896
v -0.34087712 -0.34190661 -0.20042801
v -0.33543763 -0.33404669 -0.20828794
v -0.33404669 -0.33404669 -0.20935948
v -0.34089234 -0.33404669 -0.20042801
v -0.33550891 -0.32618678 -0.20828794
v -0.33404669 -0.32618678 -0.20941621
v -0.34093407 -0.32618678 -0.20042801
v -0.33557147 -0.31832686 -0.20828794
v -0.33404669 -0.31832686 -0.20945555
v -0.34103465 -0.31832686 -0.20042801
v -0.33562970 -0.31046692 -0.20828794
v -0.33404669 -0.31046692 -0.20948577
v -0.34112591 -0.31046692 -0.20042801
v -0.33570507 -0.30260700 -0.20828794
v -0.33404669 -0.30260700 -0.20954621
v -0.34119102 -0.30260700 -0.20042801
v -0.33576888 -0.29474708 -0.20828794
v -0.33404669 -0.29474708 -0.20960175
v -0.34126168 -0.29474708 -0.20042801
v -0.33583027 -0.28688717 -0.20828794
v -0.33404669 -0.28688717 -0.20965098
v -0.34132710 -0.28688717 -0.20042801
v -0.33586681 -0.27902722 -0.20828794
v -0.33404669 -0.27902722 -0.20967939
v -0.34138903 -0.27902722 -0.20042801
v -0.33591032 -0.27116731 -0.20828794
v -0.33404669 -0.27116731 -0.20971370
v -0.34146395 -0.27116731 -0.20042801
v -0.33598953 -0.26330739 -0.20828794
v -0.33404669 -0.26330739 -0.20978349
v -0.34152547 -0.26330739 -0.20042801
v -0.33609250 -0.25544748 -0.20828794
v -0.33404669 -0.25544748 -0.20987765
v -0.34157038 -0.25544748 -0.20042801
v -0.33624244 -0.24758755 -0.20828794
v -0.33404669 -0.24758755 -0.21003188
v -0.34162155 -0.24758755 -0.20042801
v -0.33639732 -0.23972763 -0.20828794
v -0.33404669 -0.23972763 -0.21018642
v -0.34169579 -0.23972763 -0.20042801
v -0.33656073 -0.23186770 -0.20828794
v -0.33404669 -0.23186770 -0.21034640
v -0.34180245 -0.23186770 -0.20042801
v -0.33680293 -0.22400779 -0.20828794
v -0.33404669 -0.22400779 -0.21056126
v -0.33707783 -0.21614785 -0.20828794
v -0.33404669 -0.21614785 -0.21081036
v -0.33729574 -0.20828794 -0.20828794
v -0.33404669 -0.20828794 -0.21107854
v -0.33747283 -0.20042801 -0.20828794
v -0.33404669 -0.20042801 -0.21135150
v -0.33754227 -0.19256809 -0.20828794
v -0.33404669 -0.19256809 -0.21139534
v -0.33753830 -0.18470818 -0.20828794
v -0.33404669 -0.18470818 -0.21136434
v -0.33758125 -0.17684825 -0.20828794
v -0.33404669 -0.17684825 -0.21142736
v -0.33766070 -0.16898833 -0.20828794
v -0.33404669 -0.16898833 -0.21151534
v -0.33775869 -0.16112840 -0.20828794
v -0.33404669 -0.16112840 -0.21162735
v -0.33786198 -0.15326849 -0.20828794
v -0.33404669 -0.15326849 -0.21178098
v -0.33796075 -0.14540856 -0.20828794
v -0.33404669 -0.14540856 -0.21195620
v -0.33804771 -0.13754864 -0.20828794
v -0.33404669 -0.13754864 -0.21212322
v -0.33813527 -0.12968871 -0.20828794
v -0.33404669 -0.12968871 -0.21228500
v -0.33821899 -0.12182879 -0.20828794
v -0.33404669 -0.12182879 -0.21245405
v -0.33829832 -0.11396887 -0.20828794
v -0.33404669 -0.11396887 -0.21264827
v -0.33837903 -0.10610895 -0.20828794
v -0.33404669 -0.10610895 -0.21284094
v -0.33847138 -0.09824903 -0.20828794
v -0.33404669 -0.09824903 -0.21308441
v -0.33859384 -0.09038910 -0.20828794
v -0.33404669 -0.09038910 -0.21332392
v -0.33872756 -0.08252918 -0.20828794
v -0.33404669 -0.08252918 -0.21357524
v -0.33888358 -0.07466926 -0.20828794
v -0.33404669 -0.07466926 -0.21379675
v -0.33902937 -0.06680934 -0.20828794
v -0.33404669 -0.06680934 -0.21401317
v -0.33914053 -0.05894941 -0.20828794
v -0.33404669 -0.05894941 -0.21420513
v -0.33925286 -0.05108950 -0.20828794
v -0.33404669 -0.05108950 -0.21440314
v -0.33936933 -0.04322957 -0.20828794
v -0.33404669 -0.04322957 -0.21458082
v -0.33951592 -0.03536965 -0.20828794
v -0.33404669 -0.03536965 -0.21474321
v -0.33967862 -0.02750973 -0.20828794
v -0.33404669 -0.02750973 -0.21490499
v -0.33980864 -0.01964981 -0.20828794
v -0.33404669 -0.01964981 -0.21509665
v -0.33991104 -0.01178988 -0.20828794
v -0.33404669 -0.01178988 -0.21529382
v -0.34000063 -0.00392996 -0.20828794
v -0.33404669 -0.00392996 -0.21548840
v -0.34007770 0.00392996 -0.20828794
v -0.33404669 0.00392996 -0.21565637
v -0.34017706 0.01178988 -0.20828794
v -0.33404669 0.01178988 -0.21578801
v -0.34028110 0.01964981 -0.20828794
v -0.33404669 0.01964981 -0.21589570
v -0.34038258 0.02750973 -0.20828794
v -0.33404669 0.02750973 -0.21600154
v -0.34048906 0.03536965 -0.20828794
v -0.33404669 0.03536965 -0.21608075
v -0.34059438 0.04322957 -0.20828794
v -0.33404669 0.04322957 -0.21612081
v -0.34069303 0.05108950 -0.20828794
v -0.33404669 0.05108950 -0.21613286
v -0.34083155 0.05894941 -0.20828794
v -0.33404669 0.05894941 -0.21610366
v -0.34100831 0.06680934 -0.20828794
v -0.33404669 0.06680934 -0.21611553
v -0.34121388 0.07466926 -0.20828794
v -0.33404669 0.07466926 -0.21611992
v -0.34141153 0.08252918 -0.20828794
v -0.33404669 0.08252918 -0.21614575
v -0.33411002 0.09038910 -0.21614785
v -0.33404669 0.08290493 -0.21614785
v -0.33404669 0.09038910 -0.21618132
v -0.34158766 0.09038910 -0.20828794
v -0.33414325 0.09824903 -0.21614785
v -0.33404669 0.09824903 -0.21619727
v -0.34175658 0.09824903 -0.20828794
v -0.33413532 0.10610895 -0.21614785
v -0.33404669 0.10610895 -0.21619175
v -0.33412015 0.11396887 -0.21614785
v -0.33404669 0.11396887 -0.21618336
v -0.33405948 0.12182879 -0.21614785
v -0.33404669 0.12182879 -0.21615386
v -0.33404669 0.12352920 -0.21614785
v -0.33404669 0.12968871 -0.21612021
v -0.33404669 0.13754864 -0.21610433
v -0.33404669 0.14540856 -0.21608166
v -0.33404669 0.15326849 -0.21606265
v -0.33404669 0.16112840 -0.21602973
v -0.33404669 0.16898833 -0.21605282
v -0.33408201 0.17684825 -0.21614785
v -0.33404669 0.17566523 -0.21614785
v -0.33404669 0.17684825 -0.21616147
v -0.33459389 0.18470818 -0.21614785
v -0.33404669 0.18470818 -0.21637100
v -0.33493355 0.19256809 -0.21614785
v -0.33404669 0.19256809 -0.21652775
v -0.33480510 0.20042801 -0.21614785
v -0.33404669 0.20042801 -0.21646802
v -0.33459419 0.20828794 -0.21614785
v -0.33404669 0.20828794 -0.21637765
v -0.33441976 0.21614785 -0.21614785
v -0.33404669 0.21614785 -0.21630450
v -0.33418888 0.22400779 -0.21614785
v -0.33404669 0.22400779 -0.21620680
v -0.33405292 0.23186770 -0.21614785
v -0.33404669 0.23186770 -0.21615043
v -0.33404669 0.23293319 -0.21614785
v -0.33404669 0.23972763 -0.21612699
v -0.33404669 0.24758755 -0.21613875
v -0.33404669 0.25544748 -0.21611601
v -0.33404669 0.26330739 -0.21607968
v -0.33404669 0.27116731 -0.21607728
v -0.33404669 0.27902722 -0.21611296
v -0.33407846 0.28688717 -0.21614785
v -0.33404669 0.28422946 -0.21614785
v -0.33404669 0.28688717 -0.21616165
v -0.33413029 0.29474708 -0.21614785
v -0.33404669 0.29474708 -0.21618474
v -0.33421803 0.30260700 -0.21614785
v -0.33404669 0.30260700 -0.21622390
v -0.33424565 0.31046692 -0.21614785
v -0.33404669 0.31046692 -0.21623679
v -0.33427638 0.31832686 -0.21614785
v -0.33404669 0.31832686 -0.21625094
v -0.33428013 0.32618678 -0.21614785
v -0.33404669 0.32618678 -0.21625298
v -0.33429143 0.33404669 -0.21614785
v -0.33404669 0.33404669 -0.21625903
v -0.33429009 0.34190661 -0.21614785
v -0.33404669 0.34190661 -0.21625921
v -0.33431774 0.34976652 -0.21614785
v -0.33404669 0.34976652 -0.21627253
v -0.33431157 0.35762647 -0.21614785
v -0.33404669 0.35762647 -0.21626978
v -0.33430204 0.36548638 -0.21614785
v -0.33404669 0.36548638 -0.21626456
v -0.33435667 0.37334630 -0.21614785
v -0.33404669 0.37334630 -0.21628968
v -0.33446035 0.38120621 -0.21614785
v -0.33404669 0.38120621 -0.21633993
v -0.33449709 0.38906616 -0.21614785
v -0.33404669 0.38906616 -0.21635684
v -0.33438447 0.39692608 -0.21614785
v -0.33404669 0.39692608 -0.21630257
v -0.33436877 0.40478599 -0.21614785
v -0.33404669 0.40478599 -0.21629550
v -0.33443689 0.41264591 -0.21614785
v -0.33404669 0.41264591 -0.21632878
v -0.34186661 0.41264591 -0.20828794
v -0.33447713 0.42050582 -0.21614785
v -0.33404669 0.42050582 -0.21635030
v -0.34182525 0.42050582 -0.20828794
v -0.33451772 0.42836577 -0.21614785
v -0.33404669 0.42836577 -0.21637388
v -0.34180221 0.42836577 -0.20828794
v -0.33453956 0.43622568 -0.21614785
v -0.33404669 0.43622568 -0.21638778
v -0.34180370 0.43622568 -0.20828794
v -0.33460480 0.44408560 -0.21614785
v -0.33404669 0.44408560 -0.21642232
v -0.34181631 0.44408560 -0.20828794
v -0.33467075 0.45194551 -0.21614785
v -0.33404669 0.45194551 -0.21645477
v -0.34185305 0.45194551 -0.20828794
v -0.33475173 0.45980546 -0.21614785
v -0.33404669 0.45980546 -0.21649201
v -0.33480459 0.46766537 -0.21614785
v -0.33404669 0.46766537 -0.21651390
v -0.33486158 0.47552529 -0.21614785
v -0.33404669 0.47552529 -0.21653716
v -0.33485168 0.48338521 -0.21614785
v -0.33404669 0.48338521 -0.21652631
v -0.33464137 0.49124515 -0.21614785
v -0.33404669 0.49124515 -0.21641813
v -0.33447304 0.49910507 -0.21614785
v -0.33404669 0.49910507 -0.21633646
v -0.33443305 0.50696498 -0.21614785
v -0.33404669 0.50696498 -0.21631439
v -0.33442622 0.51482493 -0.21614785
v -0.33404669 0.51482493 -0.21630545
v -0.33442327 0.52268481 -0.21614785
v -0.33404669 0.52268481 -0.21629664
v -0.33425134 0.53054476 -0.21614785
v -0.33404669 0.53054476 -0.21622665
v -0.33540109 0.53840464 -0.21614785
v -0.33404669 0.53840464 -0.21671695
v -0.33894348 0.54626459 -0.21614785
v -0.33404669 0.54626459 -0.21873900
v -0.34148878 0.55412453 -0.21614785
v -0.33404669 0.55412453 -0.22030191
v -0.33404669 0.56198442 -0.22155917
f 2 7 6
f 1 7 2
f 1 8 7
f 1 3 8
f 4 8 3
f 9 8 4
f 5 9 4
f 11 6 7
f 10 6 11
f 8 14 7
f 15 14 8
f 15 8 16
f 16 8 9
f 12 9 5
f 12 17 9
f 17 16 9
f 13 17 12
f 14 18 11
f 7 14 11
f 19 14 15
f 18 14 19
f 16 22 15
f 23 22 16
f 23 16 24
f 24 16 17
f 21 17 13
f 24 17 21
f 22 25 19
f 15 22 19
f 26 22 23
f 25 22 26
f 27 28 20
f 24 179 23
f 24 180 179
f 21 180 24
f 21 181 180
f 21 177 181
f 178 181 177
f 179 182 183
f 179 183 23
f 23 183 26
f 180 182 179
f 184 186 187
f 184 187 27
f 27 187 28
f 185 186 184
f 28 187 188
f 29 28 188
f 188 30 29
f 189 30 188
f 30 189 31
f 189 190 31
f 31 190 32
f 190 191 32
f 32 191 33
f 191 192 33
f 33 192 34
f 192 193 34
f 34 193 35
f 193 194 35
f 35 194 36
f 194 195 36
f 36 195 37
f 195 196 37
f 37 196 38
f 196 197 38
f 38 197 39
f 197 198 39
f 39 198 40
f 198 199 40
f 40 199 41
f 199 200 41
f 41 200 42
f 200 201 42
f 42 201 43
f 201 202 43
f 43 202 44
f 202 203 44
f 44 203 45
f 203 204 45
f 45 204 46
f 204 205 46
f 46 205 47
f 205 206 47
f 47 206 48
f 206 207 48
f 48 207 49
f 207 208 49
f 49 208 50
f 208 209 50
f 50 209 51
f 209 210 51
f 51 210 52
f 210 211 52
f 52 211 53
f 211 212 53
f 53 212 54
f 212 213 54
f 54 213 55
f 213 214 55
f 55 214 56
f 214 215 56
f 56 215 57
f 215 216 57
f 57 216 58
f 216 217 58
f 58 217 59
f 217 218 59
f 59 218 60
f 218 219 60
f 60 219 61
f 219 220 61
f 61 220 62
f 220 221 62
f 62 221 63
f 221 222 63
f 63 222 64
f 222 223 64
f 64 223 65
f 223 224 65
f 65 224 66
f 224 225 66
f 66 225 67
f 225 226 67
f 67 226 68
f 226 227 68
f 68 227 69
f 227 228 69
f 69 228 70
f 228 229 70
f 70 229 71
f 229 230 71
f 71 230 72
f 230 231 72
f 72 231 73
f 231 232 73
f 73 232 74
f 232 233 74
f 74 233 75
f 233 234 75
f 75 234 76
f 234 235 76
f 76 235 77
f 235 236 77
f 77 236 78
f 236 237 78
f 78 237 79
f 237 238 79
f 79 238 80
f 238 239 80
f 80 239 81
f 239 240 81
f 81 240 82
f 240 241 82
f 82 241 83
f 241 242 83
f 83 242 84
f 242 243 84
f 84 243 85
f 243 244 85
f 85 244 86
f 244 245 86
f 86 245 87
f 245 246 87
f 87 246 88
f 246 247 88
f 88 247 89
f 247 248 89
f 89 248 90
f 248 249 90
f 90 249 91
f 249 250 91
f 91 250 92
f 250 251 92
f 92 251 93
f 251 252 93
f 93 252 94
f 252 253 94
f 94 253 95
f 253 254 95
f 95 254 96
f 254 255 96
f 96 255 97
f 255 256 97
f 97 256 98
f 256 257 98
f 98 257 99
f 257 258 99
f 99 258 100
f 258 259 100
f 100 259 101
f 259 260 101
f 101 260 102
f 260 261 102
f 102 261 103
f 261 262 103
f 103 262 104
f 262 263 104
f 104 263 105
f 263 264 105
f 105 264 106
f 264 265 106
f 106 265 107
f 265 266 107
f 107 266 108
f 266 267 108
f 108 267 109
f 267 268 109
f 109 268 110
f 268 269 110
f 110 269 111
f 269 270 111
f 111 270 112
f 270 271 112
f 112 271 113
f 271 272 113
f 113 272 114
f 272 273 114
f 114 273 115
f 273 274 115
f 115 274 116
f 274 275 116
f 116 275 117
f 275 276 117
f 117 276 118
f 276 277 118
f 118 277 119
f 277 278 119
f 119 278 120
f 278 279 120
f 120 279 121
f 279 280 121
f 121 280 122
f 280 281 122
f 122 281 123
f 281 282 123
f 123 282 124
f 282 283 124
f 124 283 125
f 283 284 125
f 125 284 126
f 284 285 126
f 126 285 127
f 285 286 127
f 127 286 128
f 286 287 128
f 128 287 129
f 287 288 129
f 129 288 130
f 288 289 130
f 130 289 131
f 289 290 131
f 131 290 132
f 290 291 132
f 132 291 133
f 291 292 133
f 133 292 134
f 292 293 134
f 134 293 135
f 293 294 135
f 135 294 136
f 294 295 136
f 136 295 137
f 295 296 137
f 137 296 138
f 296 297 138
f 138 297 139
f 297 298 139
f 139 298 140
f 298 299 140
f 140 299 141
f 299 300 141
f 141 300 142
f 300 301 142
f 142 301 143
f 301 302 143
f 143 302 144
f 302 303 144
f 144 303 145
f 303 304 145
f 145 304 146
f 304 305 146
f 146 305 147
f 305 306 147
f 147 306 148
f 306 307 148
f 148 307 149
f 307 308 149
f 149 308 150
f 308 309 150
f 150 309 151
f 309 310 151
f 151 310 152
f 310 311 152
f 152 311 153
f 311 312 153
f 153 312 154
f 312 313 154
f 154 313 155
f 313 314 155
f 155 314 156
f 314 315 156
f 156 315 157
f 315 316 157
f 157 316 158
f 316 317 158
f 158 317 159
f 317 318 159
f 159 318 160
f 318 319 160
f 160 319 161
f 319 320 161
f 161 320 162
f 320 321 162
f 162 321 163
f 321 322 163
f 163 322 164
f 322 323 164
f 164 323 165
f 323 324 165
f 165 324 166
f 324 325 166
f 166 325 167
f 325 326 167
f 167 326 168
f 326 327 168
f 168 327 169
f 327 328 169
f 169 328 170
f 328 329 170
f 170 329 171
f 329 330 171
f 171 330 172
f 330 331 172
f 173 332 174
f 173 333 332
f 173 172 333
f 172 331 333
f 332 334 335
f 332 335 174
f 174 335 175
f 333 334 332
f 175 335 176
f 335 336 176
f 176 336 178
f 336 337 178
f 181 338 339
f 180 181 339
f 337 181 178
f 338 181 337
f 182 340 341
f 183 182 341
f 339 182 180
f 340 182 339
f 186 343 187
f 186 344 343
f 186 185 344
f 185 342 344
f 187 343 188
f 343 189 188
f 343 344 189
f 344 345 189
f 189 345 190
f 345 346 190
f 190 346 191
f 346 347 191
f 191 347 192
f 347 348 192
f 192 348 193
f 348 349 193
f 193 349 194
f 349 350 194
f 194 350 195
f 350 351 195
f 195 351 196
f 351 352 196
f 196 352 197
f 352 353 197
f 197 353 198
f 353 354 198
f 198 354 199
f 354 355 199
f 199 355 200
f 355 356 200
f 200 356 201
f 356 357 201
f 201 357 202
f 357 358 202
f 202 358 203
f 358 359 203
f 203 359 204
f 359 360 204
f 204 360 205
f 360 361 205
f 205 361 206
f 361 362 206
f 206 362 207
f 362 363 207
f 207 363 208
f 363 364 208
f 208 364 209
f 364 365 209
f 209 365 210
f 365 366 210
f 210 366 211
f 366 367 211
f 211 367 212
f 367 368 212
f 212 368 213
f 368 369 213
f 213 369 214
f 369 370 214
f 214 370 215
f 370 371 215
f 215 371 216
f 371 372 216
f 216 372 217
f 372 373 217
f 217 373 218
f 373 374 218
f 218 374 219
f 374 375 219
f 219 375 220
f 375 376 220
f 220 376 221
f 376 377 221
f 221 377 222
f 377 378 222
f 222 378 223
f 378 379 223
f 223 379 224
f 379 380 224
f 224 380 225
f 380 381 225
f 225 381 226
f 381 382 226
f 226 382 227
f 382 383 227
f 227 383 228
f 383 384 228
f 228 384 229
f 384 385 229
f 229 385 230
f 385 386 230
f 230 386 231
f 386 387 231
f 231 387 232
f 387 388 232
f 232 388 233
f 388 389 233
f 233 389 234
f 389 390 234
f 234 390 235
f 390 391 235
f 235 391 236
f 391 392 236
f 236 392 237
f 392 393 237
f 237 393 238
f 393 394 238
f 238 394 239
f 394 395 239
f 239 395 240
f 395 396 240
f 240 396 241
f 396 397 241
f 241 397 242
f 397 398 242
f 242 398 243
f 398 399 243
f 243 399 244
f 399 400 244
f 244 400 245
f 400 401 245
f 245 401 246
f 401 402 246
f 246 402 247
f 402 403 247
f 247 403 248
f 403 404 248
f 248 404 249
f 404 405 249
f 249 405 250
f 405 406 250
f 250 406 251
f 406 407 251
f 251 407 252
f 407 408 252
f 252 408 253
f 408 409 253
f 253 409 254
f 409 410 254
f 254 410 255
f 410 411 255
f 255 411 256
f 411 412 256
f 256 412 257
f 412 413 257
f 257 413 258
f 413 414 258
f 258 414 259
f 414 415 259
f 259 415 260
f 415 416 260
f 260 416 261
f 416 417 261
f 261 417 262
f 417 418 262
f 262 418 263
f 418 419 263
f 263 419 264
f 419 420 264
f 264 420 265
f 420 421 265
f 265 421 266
f 421 422 266
f 266 422 267
f 422 423 267
f 267 423 268
f 423 424 268
f 268 424 269
f 424 425 269
f 269 425 270
f 425 426 270
f 270 426 271
f 426 427 271
f 271 427 272
f 427 428 272
f 272 428 273
f 428 429 273
f 273 429 274
f 429 430 274
f 274 430 275
f 430 431 275
f 275 431 276
f 431 432 276
f 276 432 277
f 432 433 277
f 277 433 278
f 433 434 278
f 278 434 279
f 434 435 279
f 279 435 280
f 435 436 280
f 280 436 281
f 436 437 281
f 281 437 282
f 437 438 282
f 282 438 283
f 438 439 283
f 283 439 284
f 439 440 284
f 284 440 285
f 440 441 285
f 285 441 286
f 441 442 286
f 286 442 287
f 442 443 287
f 287 443 288
f 443 444 288
f 288 444 289
f 444 445 289
f 289 445 290
f 445 446 290
f 290 446 291
f 446 447 291
f 291 447 292
f 447 448 292
f 292 448 293
f 448 449 293
f 293 449 294
f 449 450 294
f 294 450 295
f 450 451 295
f 295 451 296
f 451 452 296
f 296 452 297
f 452 453 297
f 297 453 298
f 453 454 298
f 298 454 299
f 454 455 299
f 299 455 300
f 455 456 300
f 300 456 301
f 456 457 301
f 301 457 302
f 457 458 302
f 302 458 303
f 458 459 303
f 303 459 304
f 459 460 304
f 304 460 305
f 460 461 305
f 305 461 306
f 461 462 306
f 306 462 307
f 462 463 307
f 307 463 308
f 463 464 308
f 308 464 309
f 464 465 309
f 309 465 310
f 465 466 310
f 310 466 311
f 466 467 311
f 311 467 312
f 467 468 312
f 312 468 313
f 468 469 313
f 313 469 314
f 469 470 314
f 314 470 315
f 470 471 315
f 315 471 316
f 471 472 316
f 316 472 317
f 472 473 317
f 317 473 318
f 473 474 318
f 318 474 319
f 474 475 319
f 319 475 320
f 475 476 320
f 320 476 321
f 476 477 321
f 321 477 322
f 477 478 322
f 322 478 323
f 478 479 323
f 323 479 324
f 479 480 324
f 324 480 325
f 480 481 325
f 325 481 326
f 481 482 326
f 326 482 327
f 482 483 327
f 327 483 328
f 483 484 328
f 328 484 329
f 484 485 329
f 329 485 330
f 485 486 330
f 330 486 331
f 486 487 331
f 331 487 333
f 487 488 333
f 334 489 490
f 335 334 490
f 488 334 333
f 489 334 488
f 335 490 336
f 490 491 336
f 336 491 337
f 491 492 337
f 338 493 494
f 339 338 494
f 492 338 337
f 493 338 492
f 340 495 496
f 341 340 496
f 494 340 339
f 495 340 494
f 342 497 344
f 497 498 344
f 344 498 345
f 498 499 345
f 345 499 346
f 499 500 346
f 346 500 347
f 500 501 347
f 347 501 348
f 501 502 348
f 348 502 349
f 502 503 349
f 349 503 350
f 503 504 350
f 350 504 351
f 504 505 351
f 351 505 352
f 505 506 352
f 352 506 353
f 506 507 353
f 353 507 354
f 507 508 354
f 354 508 355
f 508 509 355
f 355 509 356
f 509 510 356
f 356 510 357
f 510 511 357
f 357 511 358
f 511 512 358
f 358 512 359
f 512 513 359
f 359 513 360
f 513 514 360
f 360 514 361
f 514 515 361
f 361 515 362
f 515 516 362
f 362 516 363
f 516 517 363
f 363 517 364
f 517 518 364
f 364 518 365
f 518 519 365
f 365 519 366
f 519 520 366
f 366 520 367
f 520 521 367
f 367 521 368
f 521 522 368
f 368 522 369
f 522 523 369
f 369 523 370
f 523 524 370
f 370 524 371
f 524 525 371
f 371 525 372
f 525 526 372
f 372 526 373
f 526 527 373
f 373 527 374
f 527 528 374
f 374 528 375
f 528 529 375
f 375 529 376
f 529 530 376
f 376 530 377
f 530 531 377
f 377 531 378
f 531 532 378
f 378 532 379
f 532 533 379
f 379 533 380
f 533 534 380
f 380 534 381
f 534 535 381
f 381 535 382
f 535 536 382
f 382 536 383
f 536 537 383
f 383 537 384
f 537 538 384
f 384 538 385
f 538 539 385
f 385 539 386
f 539 540 386
f 386 540 387
f 540 541 387
f 387 541 388
f 541 542 388
f 388 542 389
f 542 543 389
f 389 543 390
f 543 544 390
f 390 544 391
f 544 545 391
f 391 545 392
f 545 546 392
f 392 546 393
f 546 547 393
f 393 547 394
f 547 548 394
f 394 548 395
f 548 549 395
f 395 549 396
f 549 550 396
f 396 550 397
f 550 551 397
f 397 551 398
f 551 552 398
f 398 552 399
f 552 553 399
f 399 553 400
f 553 554 400
f 400 554 401
f 554 555 401
f 401 555 402
f 555 556 402
f 402 556 403
f 556 557 403
f 403 557 404
f 557 558 404
f 404 558 405
f 558 559 405
f 405 559 406
f 559 560 406
f 406 560 407
f 560 561 407
f 407 561 408
f 561 562 408
f 408 562 409
f 562 563 409
f 409 563 410
f 563 564 410
f 410 564 411
f 564 565 411
f 411 565 412
f 565 566 412
f 412 566 413
f 566 567 413
f 413 567 414
f 567 568 414
f 414 568 415
f 568 569 415
f 415 569 416
f 569 570 416
f 416 570 417
f 570 571 417
f 417 571 418
f 571 572 418
f 418 572 419
f 572 573 419
f 419 573 420
f 573 574 420
f 420 574 421
f 574 575 421
f 421 575 422
f 575 576 422
f 422 576 423
f 576 577 423
f 423 577 424
f 577 578 424
f 424 578 425
f 578 579 425
f 425 579 426
f 579 580 426
f 426 580 427
f 580 581 427
f 427 581 428
f 581 582 428
f 428 582 429
f 582 583 429
f 429 583 430
f 583 584 430
f 430 584 431
f 584 585 431
f 431 585 432
f 585 586 432
f 432 586 433
f 586 587 433
f 433 587 434
f 587 588 434
f 434 588 435
f 588 589 435
f 435 589 436
f 589 590 436
f 436 590 437
f 590 591 437
f 437 591 438
f 591 592 438
f 438 592 439
f 592 593 439
f 439 593 440
f 593 594 440
f 440 594 441
f 594 595 441
f 441 595 442
f 595 596 442
f 442 596 443
f 596 597 443
f 443 597 444
f 597 598 444
f 444 598 445
f 598 599 445
f 445 599 446
f 599 600 446
f 446 600 447
f 600 601 447
f 447 601 448
f 601 602 448
f 448 602 449
f 602 603 449
f 449 603 450
f 603 604 450
f 450 604 451
f 604 605 451
f 451 605 452
f 605 606 452
f 452 606 453
f 606 607 453
f 453 607 454
f 607 608 454
f 454 608 455
f 608 609 455
f 455 609 456
f 609 610 456
f 456 610 457
f 610 611 457
f 457 611 458
f 611 612 458
f 458 612 459
f 612 613 459
f 459 613 460
f 613 614 460
f 460 614 461
f 614 615 461
f 461 615 462
f 615 616 462
f 462 616 463
f 616 617 463
f 463 617 464
f 617 618 464
f 464 618 465
f 618 619 465
f 465 619 466
f 619 620 466
f 466 620 467
f 620 621 467
f 467 621 468
f 621 622 468
f 468 622 469
f 622 623 469
f 469 623 470
f 623 624 470
f 470 624 471
f 624 625 471
f 471 625 472
f 625 626 472
f 472 626 473
f 626 627 473
f 473 627 474
f 627 628 474
f 474 628 475
f 628 629 475
f 475 629 476
f 629 630 476
f 476 630 477
f 630 631 477
f 477 631 478
f 631 632 478
f 478 632 479
f 632 633 479
f 479 633 480
f 633 634 480
f 480 634 481
f 634 635 481
f 481 635 482
f 635 636 482
f 482 636 483
f 636 637 483
f 483 637 484
f 637 638 484
f 484 638 485
f 638 639 485
f 485 639 486
f 639 640 486
f 486 640 487
f 640 641 487
f 487 641 488
f 641 642 488
f 489 643 644
f 490 489 644
f 642 489 488
f 643 489 642
f 490 644 491
f 644 645 491
f 491 645 492
f 645 646 492
f 493 647 648
f 494 493 648
f 646 493 492
f 647 493 646
f 495 649 650
f 496 495 650
f 648 495 494
f 649 495 648
f 497 651 498
f 651 652 498
f 498 652 499
f 652 653 499
f 499 653 500
f 653 654 500
f 500 654 501
f 654 655 501
f 501 655 502
f 655 656 502
f 502 656 503
f 656 657 503
f 503 657 504
f 657 658 504
f 504 658 505
f 658 659 505
f 505 659 506
f 659 660 506
f 506 660 507
f 660 661 507
f 507 661 508
f 661 662 508
f 508 662 509
f 662 663 509
f 509 663 510
f 663 664 510
f 510 664 511
f 664 665 511
f 511 665 512
f 665 666 512
f 512 666 513
f 666 667 513
f 513 667 514
f 667 668 514
f 514 668 515
f 668 669 515
f 515 669 516
f 669 670 516
f 516 670 517
f 670 671 517
f 517 671 518
f 671 672 518
f 518 672 519
f 672 673 519
f 519 673 520
f 673 674 520
f 520 674 521
f 674 675 521
f 521 675 522
f 675 676 522
f 522 676 523
f 676 677 523
f 523 677 524
f 677 678 524
f 524 678 525
f 678 679 525
f 525 679 526
f 679 680 526
f 526 680 527
f 680 681 527
f 527 681 528
f 681 682 528
f 528 682 529
f 682 683 529
f 529 683 530
f 683 684 530
f 530 684 531
f 684 685 531
f 531 685 532
f 685 686 532
f 532 686 533
f 686 687 533
f 533 687 534
f 687 688 534
f 534 688 535
f 688 689 535
f 535 689 536
f 689 690 536
f 536 690 537
f 690 691 537
f 537 691 538
f 691 692 538
f 538 692 539
f 692 693 539
f 539 693 540
f 693 694 540
f 540 694 541
f 694 695 541
f 541 695 542
f 695 696 542
f 542 696 543
f 696 697 543
f 543 697 544
f 697 698 544
f 544 698 545
f 698 699 545
f 545 699 546
f 699 700 546
f 546 700 547
f 700 701 547
f 547 701 548
f 701 702 548
f 548 702 549
f 702 703 549
f 549 703 550
f 703 704 550
f 550 704 551
f 704 705 551
f 551 705 552
f 705 706 552
f 552 706 553
f 706 707 553
f 553 707 554
f 707 708 554
f 554 708 555
f 708 709 555
f 555 709 556
f 709 710 556
f 556 710 557
f 710 711 557
f 557 711 558
f 711 712 558
f 558 712 559
f 712 713 559
f 559 713 560
f 713 714 560
f 560 714 561
f 714 715 561
f 561 715 562
f 715 716 562
f 562 716 563
f 716 717 563
f 563 717 564
f 717 718 564
f 564 718 565
f 718 719 565
f 565 719 566
f 719 720 566
f 566 720 567
f 720 721 567
f 567 721 568
f 721 722 568
f 568 722 569
f 722 723 569
f 569 723 570
f 723 724 570
f 570 724 571
f 724 725 571
f 571 725 572
f 725 726 572
f 572 726 573
f 726 727 573
f 573 727 574
f 727 728 574
f 574 728 575
f 728 729 575
f 575 729 576
f 729 730 576
f 576 730 577
f 730 731 577
f 577 731 578
f 731 732 578
f 578 732 579
f 732 733 579
f 579 733 580
f 733 734 580
f 580 734 581
f 734 735 581
f 581 735 582
f 735 736 582
f 582 736 583
f 736 737 583
f 583 737 584
f 737 738 584
f 584 738 585
f 738 739 585
f 585 739 586
f 739 740 586
f 586 740 587
f 740 741 587
f 587 741 588
f 741 742 588
f 588 742 589
f 742 743 589
f 589 743 590
f 743 744 590
f 590 744 591
f 744 745 591
f 591 745 592
f 745 746 592
f 592 746 593
f 746 747 593
f 593 747 594
f 747 748 594
f 594 748 595
f 748 749 595
f 595 749 596
f 749 750 596
f 596 750 597
f 750 751 597
f 597 751 598
f 751 752 598
f 598 752 599
f 752 753 599
f 599 753 600
f 753 754 600
f 600 754 601
f 754 755 601
f 601 755 602
f 755 756 602
f 602 756 603
f 756 757 603
f 603 757 604
f 757 758 604
f 604 758 605
f 758 759 605
f 605 759 606
f 759 760 606
f 606 760 607
f 760 761 607
f 607 761 608
f 761 762 608
f 608 762 609
f 762 763 609
f 609 763 610
f 763 764 610
f 610 764 611
f 764 765 611
f 611 765 612
f 765 766 612
f 612 766 613
f 766 767 613
f 613 767 614
f 767 768 614
f 614 768 615
f 768 769 615
f 615 769 616
f 769 770 616
f 616 770 617
f 770 771 617
f 617 771 618
f 771 772 618
f 618 772 619
f 772 773 619
f 619 773 620
f 773 774 620
f 620 774 621
f 774 775 621
f 621 775 622
f 775 776 622
f 622 776 623
f 776 777 623
f 623 777 624
f 777 778 624
f 624 778 625
f 778 779 625
f 625 779 626
f 779 780 626
f 626 780 627
f 780 781 627
f 627 781 628
f 781 782 628
f 628 782 629
f 782 783 629
f 629 783 630
f 783 784 630
f 630 784 631
f 784 785 631
f 631 785 632
f 785 786 632
f 632 786 633
f 786 787 633
f 633 787 634
f 787 788 634
f 634 788 635
f 788 789 635
f 635 789 636
f 789 790 636
f 636 790 637
f 790 791 637
f 637 791 638
f 791 792 638
f 638 792 639
f 792 793 639
f 639 793 640
f 793 794 640
f 640 794 641
f 794 795 641
f 641 795 642
f 795 796 642
f 643 797 798
f 644 643 798
f 796 643 642
f 797 643 796
f 644 798 645
f 798 799 645
f 645 799 646
f 799 800 646
f 647 801 802
f 648 647 802
f 800 647 646
f 801 647 800
f 649 803 804
f 650 649 804
f 802 649 648
f 803 649 802
f 651 805 652
f 805 806 652
f 652 806 653
f 806 807 653
f 653 807 654
f 807 808 654
f 654 808 655
f 808 809 655
f 655 809 656
f 809 810 656
f 656 810 657
f 810 811 657
f 657 811 658
f 811 812 658
f 658 812 659
f 812 813 659
f 659 813 660
f 813 814 660
f 660 814 661
f 814 815 661
f 661 815 662
f 815 816 662
f 662 816 663
f 816 817 663
f 663 817 664
f 817 818 664
f 664 818 665
f 818 819 665
f 665 819 666
f 819 820 666
f 666 820 667
f 820 821 667
f 667 821 668
f 821 822 668
f 668 822 669
f 822 823 669
f 669 823 670
f 823 824 670
f 670 824 671
f 824 825 671
f 671 825 672
f 825 826 672
f 672 826 673
f 826 827 673
f 673 827 674
f 827 828 674
f 674 828 675
f 828 829 675
f 675 829 676
f 829 830 676
f 676 830 677
f 830 831 677
f 677 831 678
f 831 832 678
f 678 832 679
f 832 833 679
f 679 833 680
f 833 834 680
f 680 834 681
f 834 835 681
f 681 835 682
f 835 836 682
f 682 836 683
f 836 837 683
f 683 837 684
f 837 838 684
f 684 838 685
f 838 839 685
f 685 839 686
f 839 840 686
f 686 840 687
f 840 841 687
f 687 841 688
f 841 842 688
f 688 842 689
f 842 843 689
f 689 843 690
f 843 844 690
f 690 844 691
f 844 845 691
f 691 845 692
f 845 846 692
f 692 846 693
f 846 847 693
f 693 847 694
f 847 848 694
f 694 848 695
f 848 849 695
f 695 849 696
f 849 850 696
f 696 850 697
f 850 851 697
f 697 851 698
f 851 852 698
f 698 852 699
f 852 853 699
f 699 853 700
f 853 854 700
f 700 854 701
f 854 855 701
f 701 855 702
f 855 856 702
f 702 856 703
f 856 857 703
f 703 857 704
f 857 858 704
f 704 858 705
f 858 859 705
f 705 859 706
f 859 860 706
f 706 860 707
f 860 861 707
f 707 861 708
f 861 862 708
f 708 862 709
f 862 863 709
f 709 863 710
f 863 864 710
f 710 864 711
f 864 865 711
f 711 865 712
f 865 866 712
f 712 866 713
f 866 867 713
f 713 867 714
f 867 868 714
f 714 868 715
f 868 869 715
f 715 869 716
f 869 870 716
f 716 870 717
f 870 871 717
f 717 871 718
f 871 872 718
f 718 872 719
f 872 873 719
f 719 873 720
f 873 874 720
f 720 874 721
f 874 875 721
f 721 875 722
f 875 876 722
f 722 876 723
f 876 877 723
f 723 877 724
f 877 878 724
f 724 878 725
f 878 879 725
f 725 879 726
f 879 880 726
f 726 880 727
f 880 881 727
f 727 881 728
f 881 882 728
f 728 882 729
f 882 883 729
f 729 883 730
f 883 884 730
f 730 884 731
f 884 885 731
f 731 885 732
f 885 886 732
f 732 886 733
f 886 887 733
f 733 887 734
f 887 888 734
f 734 888 735
f 888 889 735
f 735 889 736
f 889 890 736
f 736 890 737
f 890 891 737
f 737 891 738
f 891 892 738
f 738 892 739
f 892 893 739
f 739 893 740
f 893 894 740
f 740 894 741
f 894 895 741
f 741 895 742
f 895 896 742
f 742 896 743
f 896 897 743
f 743 897 744
f 897 898 744
f 744 898 745
f 898 899 745
f 745 899 746
f 899 900 746
f 746 900 747
f 900 901 747
f 747 901 748
f 901 902 748
f 748 902 749
f 902 903 749
f 749 903 750
f 903 904 750
f 750 904 751
f 904 905 751
f 751 905 752
f 905 906 752
f 752 906 753
f 906 907 753
f 753 907 754
f 907 908 754
f 754 908 755
f 908 909 755
f 755 909 756
f 909 910 756
f 756 910 757
f 910 911 757
f 757 911 758
f 911 912 758
f 758 912 759
f 912 913 759
f 759 913 760
f 913 914 760
f 760 914 761
f 914 915 761
f 761 915 762
f 915 916 762
f 762 916 763
f 916 917 763
f 763 917 764
f 917 918 764
f 764 918 765
f 918 919 765
f 765 919 766
f 919 920 766
f 766 920 767
f 920 921 767
f 767 921 768
f 921 922 768
f 768 922 769
f 922 923 769
f 769 923 770
f 923 924 770
f 770 924 771
f 924 925 771
f 771 925 772
f 925 926 772
f 772 926 773
f 926 927 773
f 773 927 774
f 927 928 774
f 774 928 775
f 928 929 775
f 775 929 776
f 929 930 776
f 776 930 777
f 930 931 777
f 777 931 778
f 931 932 778
f 778 932 779
f 932 933 779
f 779 933 780
f 933 934 780
f 780 934 781
f 934 935 781
f 781 935 782
f 935 936 782
f 782 936 783
f 936 937 783
f 783 937 784
f 937 938 784
f 784 938 785
f 938 939 785
f 785 939 786
f 939 940 786
f 786 940 787
f 940 941 787
f 787 941 788
f 941 942 788
f 788 942 789
f 942 943 789
f 789 943 790
f 943 944 790
f 790 944 791
f 944 945 791
f 791 945 792
f 945 946 792
f 792 946 793
f 946 947 793
f 793 947 794
f 947 948 794
f 794 948 795
f 948 949 795
f 795 949 796
f 949 950 796
f 797 951 952
f 798 797 952
f 950 797 796
f 951 797 950
f 798 952 799
f 952 953 799
f 799 953 800
f 953 954 800
f 801 955 956
f 802 801 956
f 954 801 800
f 955 801 954
f 803 957 958
f 804 803 958
f 956 803 802
f 957 803 956
f 805 959 806
f 959 960 806
f 806 960 807
f 960 961 807
f 807 961 808
f 961 962 808
f 808 962 809
f 962 963 809
f 809 963 810
f 963 964 810
f 810 964 811
f 964 965 811
f 811 965 812
f 965 966 812
f 812 966 813
f 966 967 813
f 813 967 814
f 967 968 814
f 814 968 815
f 968 969 815
f 815 969 816
f 969 970 816
f 816 970 817
f 970 971 817
f 817 971 818
f 971 972 818
f 818 972 819
f 972 973 819
f 819 973 820
f 973 974 820
f 820 974 821
f 974 975 821
f 821 975 822
f 975 976 822
f 822 976 823
f 976 977 823
f 823 977 824
f 977 978 824
f 824 978 825
f 978 979 825
f 825 979 826
f 979 980 826
f 826 980 827
f 980 981 827
f 827 981 828
f 981 982 828
f 828 982 829
f 982 983 829
f 829 983 830
f 983 984 830
f 830 984 831
f 984 985 831
f 831 985 832
f 985 986 832
f 832 986 833
f 986 987 833
f 833 987 834
f 987 988 834
f 834 988 835
f 988 989 835
f 835 989 836
f 989 990 836
f 836 990 837
f 990 991 837
f 837 991 838
f 991 992 838
f 838 992 839
f 992 993 839
f 839 993 840
f 993 994 840
f 840 994 841
f 994 995 841
f 841 995 842
f 995 996 842
f 842 996 843
f 996 997 843
f 843 997 844
f 997 998 844
f 844 998 845
f 998 999 845
f 845 999 846
f 999 1000 846
f 846 1000 847
f 1000 1001 847
f 847 1001 848
f 1001 1002 848
f 848 1002 849
f 1002 1003 849
f 849 1003 850
f 1003 1004 850
f 850 1004 851
f 1004 1005 851
f 851 1005 852
f 1005 1006 852
f 852 1006 853
f 1006 1007 853
f 853 1007 854
f 1007 1008 854
f 854 1008 855
f 1008 1009 855
f 855 1009 856
f 1009 1010 856
f 856 1010 857
f 1010 1011 857
f 857 1011 858
f 1011 1012 858
f 858 1012 859
f 1012 1013 859
f 859 1013 860
f 1013 1014 860
f 860 1014 861
f 1014 1015 861
f 861 1015 862
f 1015 1016 862
f 862 1016 863
f 1016 1017 863
f 863 1017 864
f 1017 1018 864
f 864 1018 865
f 1018 1019 865
f 865 1019 866
f 1019 1020 866
f 866 1020 867
f 1020 1021 867
f 867 1021 868
f 1021 1022 868
f 868 1022 869
f 1022 1023 869
f 869 1023 870
f 1023 1024 870
f 870 1024 871
f 1024 1025 871
f 871 1025 872
f 1025 1026 872
f 872 1026 873
f 1026 1027 873
f 873 1027 874
f 1027 1028 874
f 874 1028 875
f 1028 1029 875
f 875 1029 876
f 1029 1030 876
f 876 1030 877
f 1030 1031 877
f 877 1031 878
f 1031 1032 878
f 878 1032 879
f 1032 1033 879
f 879 1033 880
f 1033 1034 880
f 880 1034 881
f 1034 1035 881
f 881 1035 882
f 1035 1036 882
f 882 1036 883
f 1036 1037 883
f 883 1037 884
f 1037 1038 884
f 884 1038 885
f 1038 1039 885
f 885 1039 886
f 1039 1040 886
f 886 1040 887
f 1040 1041 887
f 887 1041 888
f 1041 1042 888
f 888 1042 889
f 1042 1043 889
f 889 1043 890
f 1043 1044 890
f 890 1044 891
f 1044 1045 891
f 891 1045 892
f 1045 1046 892
f 892 1046 893
f 1046 1047 893
f 893 1047 894
f 1047 1048 894
f 894 1048 895
f 1048 1049 895
f 895 1049 896
f 1049 1050 896
f 896 1050 897
f 1050 1051 897
f 897 1051 898
f 1051 1052 898
f 898 1052 899
f 1052 1053 899
f 899 1053 900
f 1053 1054 900
f 900 1054 901
f 1054 1055 901
f 901 1055 902
f 1055 1056 902
f 902 1056 903
f 1056 1057 903
f 903 1057 904
f 1057 1058 904
f 904 1058 905
f 1058 1059 905
f 905 1059 906
f 1059 1060 906
f 906 1060 907
f 1060 1061 907
f 907 1061 908
f 1061 1062 908
f 908 1062 909
f 1062 1063 909
f 909 1063 910
f 1063 1064 910
f 910 1064 911
f 1064 1065 911
f 911 1065 912
f 1065 1066 912
f 912 1066 913
f 1066 1067 913
f 913 1067 914
f 1067 1068 914
f 914 1068 915
f 1068 1069 915
f 915 1069 916
f 1069 1070 916
f 916 1070 917
f 1070 1071 917
f 917 1071 918
f 1071 1072 918
f 918 1072 919
f 1072 1073 919
f 919 1073 920
f 1073 1074 920
f 920 1074 921
f 1074 1075 921
f 921 1075 922
f 1075 1076 922
f 922 1076 923
f 1076 1077 923
f 923 1077 924
f 1077 1078 924
f 924 1078 925
f 1078 1079 925
f 925 1079 926
f 1079 1080 926
f 926 1080 927
f 1080 1081 927
f 927 1081 928
f 1081 1082 928
f 928 1082 929
f 1082 1083 929
f 929 1083 930
f 1083 1084 930
f 930 1084 931
f 1084 1085 931
f 931 1085 932
f 1085 1086 932
f 932 1086 933
f 1086 1087 933
f 933 1087 934
f 1087 1088 934
f 934 1088 935
f 1088 1089 935
f 935 1089 936
f 1089 1090 936
f 936 1090 937
f 1090 1091 937
f 937 1091 938
f 1091 1092 938
f 938 1092 939
f 1092 1093 939
f 939 1093 940
f 1093 1094 940
f 940 1094 941
f 1094 1095 941
f 941 1095 942
f 1095 1096 942
f 942 1096 943
f 1096 1097 943
f 943 1097 944
f 1097 1098 944
f 944 1098 945
f 1098 1099 945
f 945 1099 946
f 1099 1100 946
f 946 1100 947
f 1100 1101 947
f 947 1101 948
f 1101 1102 948
f 948 1102 949
f 1102 1103 949
f 949 1103 950
f 1103 1104 950
f 951 1105 1106
f 952 951 1106
f 1104 951 950
f 1105 951 1104
f 952 1106 953
f 1106 1107 953
f 953 1107 954
f 1107 1108 954
f 955 1109 1110
f 956 955 1110
f 1108 955 954
f 1109 955 1108
f 957 1111 1112
f 958 957 1112
f 1110 957 956
f 1111 957 1110
f 959 1113 960
f 1113 1114 960
f 960 1114 961
f 1114 1115 961
f 961 1115 962
f 1115 1116 962
f 962 1116 963
f 1116 1117 963
f 963 1117 964
f 1117 1118 964
f 964 1118 965
f 1118 1119 965
f 965 1119 966
f 1119 1120 966
f 966 1120 967
f 1120 1121 967
f 967 1121 968
f 1121 1122 968
f 968 1122 969
f 1122 1123 969
f 969 1123 970
f 1123 1124 970
f 970 1124 971
f 1124 1125 971
f 971 1125 972
f 1125 1126 972
f 972 1126 973
f 1126 1127 973
f 973 1127 974
f 1127 1128 974
f 974 1128 975
f 1128 1129 975
f 975 1129 976
f 1129 1130 976
f 976 1130 977
f 1130 1131 977
f 977 1131 978
f 1131 1132 978
f 978 1132 979
f 1132 1133 979
f 979 1133 980
f 1133 1134 980
f 980 1134 981
f 1134 1135 981
f 981 1135 982
f 1135 1136 982
f 982 1136 983
f 1136 1137 983
f 983 1137 984
f 1137 1138 984
f 984 1138 985
f 1138 1139 985
f 985 1139 986
f 1139 1140 986
f 986 1140 987
f 1140 1141 987
f 987 1141 988
f 1141 1142 988
f 988 1142 989
f 1142 1143 989
f 989 1143 990
f 1143 1144 990
f 990 1144 991
f 1144 1145 991
f 991 1145 992
f 1145 1146 992
f 992 1146 993
f 1146 1147 993
f 993 1147 994
f 1147 1148 994
f 994 1148 995
f 1148 1149 995
f 995 1149 996
f 1149 1150 996
f 996 1150 997
f 1150 1151 997
f 997 1151 998
f 1151 1152 998
f 998 1152 999
f 1152 1153 999
f 999 1153 1000
f 1153 1154 1000
f 1000 1154 1001
f 1154 1155 1001
f 1001 1155 1002
f 1155 1156 1002
f 1002 1156 1003
f 1156 1157 1003
f 1003 1157 1004
f 1157 1158 1004
f 1004 1158 1005
f 1158 1159 1005
f 1005 1159 1006
f 1159 1160 1006
f 1006 1160 1007
f 1160 1161 1007
f 1007 1161 1008
f 1161 1162 1008
f 1008 1162 1009
f 1162 1163 1009
f 1009 1163 1010
f 1163 1164 1010
f 1010 1164 1011
f 1164 1165 1011
f 1011 1165 1012
f 1165 1166 1012
f 1012 1166 1013
f 1166 1167 1013
f 1013 1167 1014
f 1167 1168 1014
f 1014 1168 1015
f 1168 1169 1015
f 1015 1169 1016
f 1169 1170 1016
f 1016 1170 1017
f 1170 1171 1017
f 1017 1171 1018
f 1171 1172 1018
f 1018 1172 1019
f 1172 1173 1019
f 1019 1173 1020
f 1173 1174 1020
f 1020 1174 1021
f 1174 1175 1021
f 1021 1175 1022
f 1175 1176 1022
f 1022 1176 1023
f 1176 1177 1023
f 1023 1177 1024
f 1177 1178 1024
f 1024 1178 1025
f 1178 1179 1025
f 1025 1179 1026
f 1179 1180 1026
f 1026 1180 1027
f 1180 1181 1027
f 1027 1181 1028
f 1181 1182 1028
f 1028 1182 1029
f 1182 1183 1029
f 1029 1183 1030
f 1183 1184 1030
f 1030 1184 1031
f 1184 1185 1031
f 1031 1185 1032
f 1185 1186 1032
f 1032 1186 1033
f 1186 1187 1033
f 1033 1187 1034
f 1187 1188 1034
f 1034 1188 1035
f 1188 1189 1035
f 1035 1189 1036
f 1189 1190 1036
f 1036 1190 1037
f 1190 1191 1037
f 1037 1191 1038
f 1191 1192 1038
f 1038 1192 1039
f 1192 1193 1039
f 1039 1193 1040
f 1193 1194 1040
f 1040 1194 1041
f 1194 1195 1041
f 1041 1195 1042
f 1195 1196 1042
f 1042 1196 1043
f 1196 1197 1043
f 1043 1197 1044
f 1197 1198 1044
f 1044 1198 1045
f 1198 1199 1045
f 1045 1199 1046
f 1199 1200 1046
f 1046 1200 1047
f 1200 1201 1047
f 1047 1201 1048
f 1201 1202 1048
f 1048 1202 1049
f 1202 1203 1049
f 1049 1203 1050
f 1203 1204 1050
f 1050 1204 1051
f 1204 1205 1051
f 1051 1205 1052
f 1205 1206 1052
f 1052 1206 1053
f 1206 1207 1053
f 1053 1207 1054
f 1207 1208 1054
f 1054 1208 1055
f 1208 1209 1055
f 1055 1209 1056
f 1209 1210 1056
f 1056 1210 1057
f 1210 1211 1057
f 1057 1211 1058
f 1211 1212 1058
f 1058 1212 1059
f 1212 1213 1059
f 1059 1213 1060
f 1213 1214 1060
f 1060 1214 1061
f 1214 1215 1061
f 1061 1215 1062
f 1215 1216 1062
f 1062 1216 1063
f 1216 1217 1063
f 1063 1217 1064
f 1217 1218 1064
f 1064 1218 1065
f 1218 1219 1065
f 1065 1219 1066
f 1219 1220 1066
f 1066 1220 1067
f 1220 1221 1067
f 1067 1221 1068
f 1221 1222 1068
f 1068 1222 1069
f 1222 1223 1069
f 1069 1223 1070
f 1223 1224 1070
f 1070 1224 1071
f 1224 1225 1071
f 1071 1225 1072
f 1225 1226 1072
f 1072 1226 1073
f 1226 1227 1073
f 1073 1227 1074
f 1227 1228 1074
f 1074 1228 1075
f 1228 1229 1075
f 1075 1229 1076
f 1229 1230 1076
f 1076 1230 1077
f 1230 1231 1077
f 1077 1231 1078
f 1231 1232 1078
f 1078 1232 1079
f 1232 1233 1079
f 1079 1233 1080
f 1233 1234 1080
f 1080 1234 1081
f 1234 1235 1081
f 1081 1235 1082
f 1235 1236 1082
f 1082 1236 1083
f 1236 1237 1083
f 1083 1237 1084
f 1237 1238 1084
f 1084 1238 1085
f 1238 1239 1085
f 1085 1239 1086
f 1239 1240 1086
f 1086 1240 1087
f 1240 1241 1087
f 1087 1241 1088
f 1241 1242 1088
f 1088 1242 1089
f 1242 1243 1089
f 1089 1243 1090
f 1243 1244 1090
f 1090 1244 1091
f 1244 1245 1091
f 1091 1245 1092
f 1245 1246 1092
f 1092 1246 1093
f 1246 1247 1093
f 1093 1247 1094
f 1247 1248 1094
f 1094 1248 1095
f 1248 1249 1095
f 1095 1249 1096
f 1249 1250 1096
f 1096 1250 1097
f 1250 1251 1097
f 1097 1251 1098
f 1251 1252 1098
f 1098 1252 1099
f 1252 1253 1099
f 1099 1253 1100
f 1253 1254 1100
f 1100 1254 1101
f 1254 1255 1101
f 1101 1255 1102
f 1255 1256 1102
f 1102 1256 1103
f 1256 1257 1103
f 1103 1257 1104
f 1257 1258 1104
f 1105 1259 1260
f 1106 1105 1260
f 1258 1105 1104
f 1259 1105 1258
f 1106 1260 1107
f 1260 1261 1107
f 1107 1261 1108
f 1261 1262 1108
f 1109 1263 1264
f 1110 1109 1264
f 1262 1109 1108
f 1263 1109 1262
f 1111 1265 1266
f 1112 1111 1266
f 1264 1111 1110
f 1265 1111 1264
f 1113 1267 1114
f 1267 1268 1114
f 1114 1268 1115
f 1268 1269 1115
f 1115 1269 1116
f 1269 1270 1116
f 1116 1270 1117
f 1270 1271 1117
f 1117 1271 1118
f 1271 1272 1118
f 1118 1272 1119
f 1272 1273 1119
f 1119 1273 1120
f 1273 1274 1120
f 1120 1274 1121
f 1274 1275 1121
f 1121 1275 1122
f 1275 1276 1122
f 1122 1276 1123
f 1276 1277 1123
f 1123 1277 1124
f 1277 1278 1124
f 1124 1278 1125
f 1278 1279 1125
f 1125 1279 1126
f 1279 1280 1126
f 1126 1280 1127
f 1280 1281 1127
f 1127 1281 1128
f 1281 1282 1128
f 1128 1282 1129
f 1282 1283 1129
f 1129 1283 1130
f 1283 1284 1130
f 1130 1284 1131
f 1284 1285 1131
f 1131 1285 1132
f 1285 1286 1132
f 1132 1286 1133
f 1286 1287 1133
f 1133 1287 1134
f 1287 1288 1134
f 1134 1288 1135
f 1288 1289 1135
f 1135 1289 1136
f 1289 1290 1136
f 1136 1290 1137
f 1290 1291 1137
f 1137 1291 1138
f 1291 1292 1138
f 1138 1292 1139
f 1292 1293 1139
f 1139 1293 1140
f 1293 1294 1140
f 1140 1294 1141
f 1294 1295 1141
f 1141 1295 1142
f 1295 1296 1142
f 1142 1296 1143
f 1296 1297 1143
f 1143 1297 1144
f 1297 1298 1144
f 1144 1298 1145
f 1298 1299 1145
f 1145 1299 1146
f 1299 1300 1146
f 1146 1300 1147
f 1300 1301 1147
f 1147 1301 1148
f 1301 1302 1148
f 1148 1302 1149
f 1302 1303 1149
f 1149 1303 1150
f 1303 1304 1150
f 1150 1304 1151
f 1304 1305 1151
f 1151 1305 1152
f 1305 1306 1152
f 1152 1306 1153
f 1306 1307 1153
f 1153 1307 1154
f 1307 1308 1154
f 1154 1308 1155
f 1308 1309 1155
f 1155 1309 1156
f 1309 1310 1156
f 1156 1310 1157
f 1310 1311 1157
f 1157 1311 1158
f 1311 1312 1158
f 1158 1312 1159
f 1312 1313 1159
f 1159 1313 1160
f 1313 1314 1160
f 1160 1314 1161
f 1314 1315 1161
f 1161 1315 1162
f 1315 1316 1162
f 1162 1316 1163
f 1316 1317 1163
f 1163 1317 1164
f 1317 1318 1164
f 1164 1318 1165
f 1318 1319 1165
f 1165 1319 1166
f 1319 1320 1166
f 1166 1320 1167
f 1320 1321 1167
f 1167 1321 1168
f 1321 1322 1168
f 1168 1322 1169
f 1322 1323 1169
f 1169 1323 1170
f 1323 1324 1170
f 1170 1324 1171
f 1324 1325 1171
f 1171 1325 1172
f 1325 1326 1172
f 1172 1326 1173
f 1326 1327 1173
f 1173 1327 1174
f 1327 1328 1174
f 1174 1328 1175
f 1328 1329 1175
f 1175 1329 1176
f 1329 1330 1176
f 1176 1330 1177
f 1330 1331 1177
f 1177 1331 1178
f 1331 1332 1178
f 1178 1332 1179
f 1332 1333 1179
f 1179 1333 1180
f 1333 1334 1180
f 1180 1334 1181
f 1334 1335 1181
f 1181 1335 1182
f 1335 1336 1182
f 1182 1336 1183
f 1336 1337 1183
f 1183 1337 1184
f 1337 1338 1184
f 1184 1338 1185
f 1338 1339 1185
f 1185 1339 1186
f 1339 1340 1186
f 1186 1340 1187
f 1340 1341 1187
f 1187 1341 1188
f 1341 1342 1188
f 1188 1342 1189
f 1342 1343 1189
f 1189 1343 1190
f 1343 1344 1190
f 1190 1344 1191
f 1344 1345 1191
f 1191 1345 1192
f 1345 1346 1192
f 1192 1346 1193
f 1346 1347 1193
f 1193 1347 1194
f 1347 1348 1194
f 1194 1348 1195
f 1348 1349 1195
f 1195 1349 1196
f 1349 1350 1196
f 1196 1350 1197
f 1350 1351 1197
f 1197 1351 1198
f 1351 1352 1198
f 1198 1352 1199
f 1352 1353 1199
f 1199 1353 1200
f 1353 1354 1200
f 1200 1354 1201
f 1354 1355 1201
f 1201 1355 1202
f 1355 1356 1202
f 1202 1356 1203
f 1356 1357 1203
f 1203 1357 1204
f 1357 1358 1204
f 1204 1358 1205
f 1358 1359 1205
f 1205 1359 1206
f 1359 1360 1206
f 1206 1360 1207
f 1360 1361 1207
f 1207 1361 1208
f 1361 1362 1208
f 1208 1362 1209
f 1362 1363 1209
f 1209 1363 1210
f 1363 1364 1210
f 1210 1364 1211
f 1364 1365 1211
f 1211 1365 1212
f 1365 1366 1212
f 1212 1366 1213
f 1366 1367 1213
f 1213 1367 1214
f 1367 1368 1214
f 1214 1368 1215
f 1368 1369 1215
f 1215 1369 1216
f 1369 1370 1216
f 1216 1370 1217
f 1370 1371 1217
f 1217 1371 1218
f 1371 1372 1218
f 1218 1372 1219
f 1372 1373 1219
f 1219 1373 1220
f 1373 1374 1220
f 1220 1374 1221
f 1374 1375 1221
f 1221 1375 1222
f 1375 1376 1222
f 1222 1376 1223
f 1376 1377 1223
f 1223 1377 1224
f 1377 1378 1224
f 1224 1378 1225
f 1378 1379 1225
f 1225 1379 1226
f 1379 1380 1226
f 1226 1380 1227
f 1380 1381 1227
f 1227 1381 1228
f 1381 1382 1228
f 1228 1382 1229
f 1382 1383 1229
f 1229 1383 1230
f 1383 1384 1230
f 1230 1384 1231
f 1384 1385 1231
f 1231 1385 1232
f 1385 1386 1232
f 1232 1386 1233
f 1386 1387 1233
f 1233 1387 1234
f 1387 1388 1234
f 1234 1388 1235
f 1388 1389 1235
f 1235 1389 1236
f 1389 1390 1236
f 1236 1390 1237
f 1390 1391 1237
f 1237 1391 1238
f 1391 1392 1238
f 1238 1392 1239
f 1392 1393 1239
f 1239 1393 1240
f 1393 1394 1240
f 1240 1394 1241
f 1394 1395 1241
f 1241 1395 1242
f 1395 1396 1242
f 1242 1396 1243
f 1396 1397 1243
f 1243 1397 1244
f 1397 1398 1244
f 1244 1398 1245
f 1398 1399 1245
f 1245 1399 1246
f 1399 1400 1246
f 1246 1400 1247
f 1400 1401 1247
f 1247 1401 1248
f 1401 1402 1248
f 1248 1402 1249
f 1402 1403 1249
f 1249 1403 1250
f 1403 1404 1250
f 1250 1404 1251
f 1404 1405 1251
f 1251 1405 1252
f 1405 1406 1252
f 1252 1406 1253
f 1406 1407 1253
f 1253 1407 1254
f 1407 1408 1254
f 1254 1408 1255
f 1408 1409 1255
f 1255 1409 1256
f 1409 1410 1256
f 1256 1410 1257
f 1410 1411 1257
f 1257 1411 1258
f 1411 1412 1258
f 1259 1413 1414
f 1260 1259 1414
f 1412 1259 1258
f 1413 1259 1412
f 1260 1414 1261
f 1414 1415 1261
f 1261 1415 1262
f 1415 1416 1262
f 1263 1417 1418
f 1264 1263 1418
f 1416 1263 1262
f 1417 1263 1416
f 1265 1419 1420
f 1266 1265 1420
f 1418 1265 1264
f 1419 1265 1418
f 1267 1421 1268
f 1421 1422 1268
f 1268 1422 1269
f 1422 1423 1269
f 1269 1423 1270
f 1423 1424 1270
f 1270 1424 1271
f 1424 1425 1271
f 1271 1425 1272
f 1425 1426 1272
f 1272 1426 1273
f 1426 1427 1273
f 1273 1427 1274
f 1427 1428 1274
f 1274 1428 1275
f 1428 1429 1275
f 1275 1429 1276
f 1429 1430 1276
f 1276 1430 1277
f 1430 1431 1277
f 1277 1431 1278
f 1431 1432 1278
f 1278 1432 1279
f 1432 1433 1279
f 1279 1433 1280
f 1433 1434 1280
f 1280 1434 1281
f 1434 1435 1281
f 1281 1435 1282
f 1435 1436 1282
f 1282 1436 1283
f 1436 1437 1283
f 1283 1437 1284
f 1437 1438 1284
f 1284 1438 1285
f 1438 1439 1285
f 1285 1439 1286
f 1439 1440 1286
f 1286 1440 1287
f 1440 1441 1287
f 1287 1441 1288
f 1441 1442 1288
f 1288 1442 1289
f 1442 1443 1289
f 1289 1443 1290
f 1443 1444 1290
f 1290 1444 1291
f 1444 1445 1291
f 1291 1445 1292
f 1445 1446 1292
f 1292 1446 1293
f 1446 1447 1293
f 1293 1447 1294
f 1447 1448 1294
f 1294 1448 1295
f 1448 1449 1295
f 1295 1449 1296
f 1449 1450 1296
f 1296 1450 1297
f 1450 1451 1297
f 1297 1451 1298
f 1451 1452 1298
f 1298 1452 1299
f 1452 1453 1299
f 1299 1453 1300
f 1453 1454 1300
f 1300 1454 1301
f 1454 1455 1301
f 1301 1455 1302
f 1455 1456 1302
f 1302 1456 1303
f 1456 1457 1303
f 1303 1457 1304
f 1457 1458 1304
f 1304 1458 1305
f 1458 1459 1305
f 1305 1459 1306
f 1459 1460 1306
f 1306 1460 1307
f 1460 1461 1307
f 1307 1461 1308
f 1461 1462 1308
f 1308 1462 1309
f 1462 1463 1309
f 1309 1463 1310
f 1463 1464 1310
f 1310 1464 1311
f 1464 1465 1311
f 1311 1465 1312
f 1465 1466 1312
f 1312 1466 1313
f 1466 1467 1313
f 1313 1467 1314
f 1467 1468 1314
f 1314 1468 1315
f 1468 1469 1315
f 1315 1469 1316
f 1469 1470 1316
f 1316 1470 1317
f 1470 1471 1317
f 1317 1471 1318
f 1471 1472 1318
f 1318 1472 1319
f 1472 1473 1319
f 1319 1473 1320
f 1473 1474 1320
f 1320 1474 1321
f 1474 1475 1321
f 1321 1475 1322
f 1475 1476 1322
f 1322 1476 1323
f 1476 1477 1323
f 1323 1477 1324
f 1477 1478 1324
f 1324 1478 1325
f 1478 1479 1325
f 1325 1479 1326
f 1479 1480 1326
f 1326 1480 1327
f 1480 1481 1327
f 1327 1481 1328
f 1481 1482 1328
f 1328 1482 1329
f 1482 1483 1329
f 1329 1483 1330
f 1483 1484 1330
f 1330 1484 1331
f 1484 1485 1331
f 1331 1485 1332
f 1485 1486 1332
f 1332 1486 1333
f 1486 1487 1333
f 1333 1487 1334
f 1487 1488 1334
f 1334 1488 1335
f 1488 1489 1335
f 1335 1489 1336
f 1489 1490 1336
f 1336 1490 1337
f 1490 1491 1337
f 1337 1491 1338
f 1491 1492 1338
f 1338 1492 1339
f 1492 1493 1339
f 1339 1493 1340
f 1493 1494 1340
f 1340 1494 1341
f 1494 1495 1341
f 1341 1495 1342
f 1495 1496 1342
f 1342 1496 1343
f 1496 1497 1343
f 1343 1497 1344
f 1497 1498 1344
f 1344 1498 1345
f 1498 1499 1345
f 1345 1499 1346
f 1499 1500 1346
f 1346 1500 1347
f 1500 1501 1347
f 1347 1501 1348
f 1501 1502 1348
f 1348 1502 1349
f 1502 1503 1349
f 1349 1503 1350
f 1503 1504 1350
f 1350 1504 1351
f 1504 1505 1351
f 1351 1505 1352
f 1505 1506 1352
f 1352 1506 1353
f 1506 1507 1353
f 1353 1507 1354
f 1507 1508 1354
f 1354 1508 1355
f 1508 1509 1355
f 1355 1509 1356
f 1509 1510 1356
f 1356 1510 1357
f 1510 1511 1357
f 1357 1511 1358
f 1511 1512 1358
f 1358 1512 1359
f 1512 1513 1359
f 1359 1513 1360
f 1513 1514 1360
f 1360 1514 1361
f 1514 1515 1361
f 1361 1515 1362
f 1515 1516 1362
f 1362 1516 1363
f 1516 1517 1363
f 1363 1517 1364
f 1517 1518 1364
f 1364 1518 1365
f 1518 1519 1365
f 1365 1519 1366
f 1519 1520 1366
f 1366 1520 1367
f 1520 1521 1367
f 1367 1521 1368
f 1521 1522 1368
f 1368 1522 1369
f 1522 1523 1369
f 1369 1523 1370
f 1523 1524 1370
f 1370 1524 1371
f 1524 1525 1371
f 1371 1525 1372
f 1525 1526 1372
f 1372 1526 1373
f 1526 1527 1373
f 1373 1527 1374
f 1527 1528 1374
f 1374 1528 1375
f 1528 1529 1375
f 1375 1529 1376
f 1529 1530 1376
f 1376 1530 1377
f 1530 1531 1377
f 1377 1531 1378
f 1531 1532 1378
f 1378 1532 1379
f 1532 1533 1379
f 1379 1533 1380
f 1533 1534 1380
f 1380 1534 1381
f 1534 1535 1381
f 1381 1535 1382
f 1535 1536 1382
f 1382 1536 1383
f 1536 1537 1383
f 1383 1537 1384
f 1537 1538 1384
f 1384 1538 1385
f 1538 1539 1385
f 1385 1539 1386
f 1539 1540 1386
f 1386 1540 1387
f 1540 1541 1387
f 1387 1541 1388
f 1541 1542 1388
f 1388 1542 1389
f 1542 1543 1389
f 1389 1543 1390
f 1543 1544 1390
f 1390 1544 1391
f 1544 1545 1391
f 1391 1545 1392
f 1545 1546 1392
f 1392 1546 1393
f 1546 1547 1393
f 1393 1547 1394
f 1547 1548 1394
f 1394 1548 1395
f 1548 1549 1395
f 1395 1549 1396
f 1549 1550 1396
f 1396 1550 1397
f 1550 1551 1397
f 1397 1551 1398
f 1551 1552 1398
f 1398 1552 1399
f 1552 1553 1399
f 1399 1553 1400
f 1553 1554 1400
f 1400 1554 1401
f 1554 1555 1401
f 1401 1555 1402
f 1555 1556 1402
f 1402 1556 1403
f 1556 1557 1403
f 1403 1557 1404
f 1557 1558 1404
f 1404 1558 1405
f 1558 1559 1405
f 1405 1559 1406
f 1559 1560 1406
f 1406 1560 1407
f 1560 1561 1407
f 1407 1561 1408
f 1561 1562 1408
f 1408 1562 1409
f 1562 1563 1409
f 1409 1563 1410
f 1563 1564 1410
f 1410 1564 1411
f 1564 1565 1411
f 1411 1565 1412
f 1565 1566 1412
f 1413 1567 1568
f 1414 1413 1568
f 1566 1413 1412
f 1567 1413 1566
f 1414 1568 1415
f 1568 1569 1415
f 1415 1569 1416
f 1569 1570 1416
f 1417 1571 1572
f 1418 1417 1572
f 1570 1417 1416
f 1571 1417 1570
f 1419 1573 1574
f 1420 1419 1574
f 1572 1419 1418
f 1573 1419 1572
f 1421 1575 1422
f 1575 1576 1422
f 1422 1576 1423
f 1576 1577 1423
f 1423 1577 1424
f 1577 1578 1424
f 1424 1578 1425
f 1578 1579 1425
f 1425 1579 1426
f 1579 1580 1426
f 1426 1580 1427
f 1580 1581 1427
f 1427 1581 1428
f 1581 1582 1428
f 1428 1582 1429
f 1582 1583 1429
f 1429 1583 1430
f 1583 1584 1430
f 1430 1584 1431
f 1584 1585 1431
f 1431 1585 1432
f 1585 1586 1432
f 1432 1586 1433
f 1586 1587 1433
f 1433 1587 1434
f 1587 1588 1434
f 1434 1588 1435
f 1588 1589 1435
f 1435 1589 1436
f 1589 1590 1436
f 1436 1590 1437
f 1590 1591 1437
f 1437 1591 1438
f 1591 1592 1438
f 1438 1592 1439
f 1592 1593 1439
f 1439 1593 1440
f 1593 1594 1440
f 1440 1594 1441
f 1594 1595 1441
f 1441 1595 1442
f 1595 1596 1442
f 1442 1596 1443
f 1596 1597 1443
f 1443 1597 1444
f 1597 1598 1444
f 1444 1598 1445
f 1598 1599 1445
f 1445 1599 1446
f 1599 1600 1446
f 1446 1600 1447
f 1600 1601 1447
f 1447 1601 1448
f 1601 1602 1448
f 1448 1602 1449
f 1602 1603 1449
f 1449 1603 1450
f 1603 1604 1450
f 1450 1604 1451
f 1604 1605 1451
f 1451 1605 1452
f 1605 1606 1452
f 1452 1606 1453
f 1606 1607 1453
f 1453 1607 1454
f 1607 1608 1454
f 1454 1608 1455
f 1608 1609 1455
f 1455 1609 1456
f 1609 1610 1456
f 1456 1610 1457
f 1610 1611 1457
f 1457 1611 1458
f 1611 1612 1458
f 1458 1612 1459
f 1612 1613 1459
f 1459 1613 1460
f 1613 1614 1460
f 1460 1614 1461
f 1614 1615 1461
f 1461 1615 1462
f 1615 1616 1462
f 1462 1616 1463
f 1616 1617 1463
f 1463 1617 1464
f 1617 1618 1464
f 1464 1618 1465
f 1618 1619 1465
f 1465 1619 1466
f 1619 1620 1466
f 1466 1620 1467
f 1620 1621 1467
f 1467 1621 1468
f 1621 1622 1468
f 1468 1622 1469
f 1622 1623 1469
f 1469 1623 1470
f 1623 1624 1470
f 1470 1624 1471
f 1624 1625 1471
f 1471 1625 1472
f 1625 1626 1472
f 1472 1626 1473
f 1626 1627 1473
f 1473 1627 1474
f 1627 1628 1474
f 1474 1628 1475
f 1628 1629 1475
f 1475 1629 1476
f 1629 1630 1476
f 1476 1630 1477
f 1630 1631 1477
f 1477 1631 1478
f 1631 1632 1478
f 1478 1632 1479
f 1632 1633 1479
f 1479 1633 1480
f 1633 1634 1480
f 1480 1634 1481
f 1634 1635 1481
f 1481 1635 1482
f 1635 1636 1482
f 1482 1636 1483
f 1636 1637 1483
f 1483 1637 1484
f 1637 1638 1484
f 1484 1638 1485
f 1638 1639 1485
f 1485 1639 1486
f 1639 1640 1486
f 1486 1640 1487
f 1640 1641 1487
f 1487 1641 1488
f 1641 1642 1488
f 1488 1642 1489
f 1642 1643 1489
f 1489 1643 1490
f 1643 1644 1490
f 1490 1644 1491
f 1644 1645 1491
f 1491 1645 1492
f 1645 1646 1492
f 1492 1646 1493
f 1646 1647 1493
f 1493 1647 1494
f 1647 1648 1494
f 1494 1648 1495
f 1648 1649 1495
f 1495 1649 1496
f 1649 1650 1496
f 1496 1650 1497
f 1650 1651 1497
f 1497 1651 1498
f 1651 1652 1498
f 1498 1652 1499
f 1652 1653 1499
f 1499 1653 1500
f 1653 1654 1500
f 1500 1654 1501
f 1654 1655 1501
f 1501 1655 1502
f 1655 1656 1502
f 1502 1656 1503
f 1656 1657 1503
f 1503 1657 1504
f 1657 1658 1504
f 1504 1658 1505
f 1658 1659 1505
f 1505 1659 1506
f 1659 1660 1506
f 1506 1660 1507
f 1660 1661 1507
f 1507 1661 1508
f 1661 1662 1508
f 1508 1662 1509
f 1662 1663 1509
f 1509 1663 1510
f 1663 1664 1510
f 1510 1664 1511
f 1664 1665 1511
f 1511 1665 1512
f 1665 1666 1512
f 1512 1666 1513
f 1666 1667 1513
f 1513 1667 1514
f 1667 1668 1514
f 1514 1668 1515
f 1668 1669 1515
f 1515 1669 1516
f 1669 1670 1516
f 1516 1670 1517
f 1670 1671 1517
f 1517 1671 1518
f 1671 1672 1518
f 1518 1672 1519
f 1672 1673 1519
f 1519 1673 1520
f 1673 1674 1520
f 1520 1674 1521
f 1674 1675 1521
f 1521 1675 1522
f 1675 1676 1522
f 1522 1676 1523
f 1676 1677 1523
f 1523 1677 1524
f 1677 1678 1524
f 1524 1678 1525
f 1678 1679 1525
f 1525 1679 1526
f 1679 1680 1526
f 1526 1680 1527
f 1680 1681 1527
f 1527 1681 1528
f 1681 1682 1528
f 1528 1682 1529
f 1682 1683 1529
f 1529 1683 1530
f 1683 1684 1530
f 1530 1684 1531
f 1684 1685 1531
f 1531 1685 1532
f 1685 1686 1532
f 1532 1686 1533
f 1686 1687 1533
f 1533 1687 1534
f 1687 1688 1534
f 1534 1688 1535
f 1688 1689 1535
f 1535 1689 1536
f 1689 1690 1536
f 1536 1690 1537
f 1690 1691 1537
f 1537 1691 1538
f 1691 1692 1538
f 1538 1692 1539
f 1692 1693 1539
f 1539 1693 1540
f 1693 1694 1540
f 1540 1694 1541
f 1694 1695 1541
f 1541 1695 1542
f 1695 1696 1542
f 1542 1696 1543
f 1696 1697 1543
f 1543 1697 1544
f 1697 1698 1544
f 1544 1698 1545
f 1698 1699 1545
f 1545 1699 1546
f 1699 1700 1546
f 1546 1700 1547
f 1700 1701 1547
f 1547 1701 1548
f 1701 1702 1548
f 1548 1702 1549
f 1702 1703 1549
f 1549 1703 1550
f 1703 1704 1550
f 1550 1704 1551
f 1704 1705 1551
f 1551 1705 1552
f 1705 1706 1552
f 1552 1706 1553
f 1706 1707 1553
f 1553 1707 1554
f 1707 1708 1554
f 1554 1708 1555
f 1708 1709 1555
f 1555 1709 1556
f 1709 1710 1556
f 1556 1710 1557
f 1710 1711 1557
f 1557 1711 1558
f 1711 1712 1558
f 1558 1712 1559
f 1712 1713 1559
f 1559 1713 1560
f 1713 1714 1560
f 1560 1714 1561
f 1714 1715 1561
f 1561 1715 1562
f 1715 1716 1562
f 1562 1716 1563
f 1716 1717 1563
f 1563 1717 1564
f 1717 1718 1564
f 1564 1718 1565
f 1718 1719 1565
f 1565 1719 1566
f 1719 1720 1566
f 1567 1721 1722
f 1568 1567 1722
f 1720 1567 1566
f 1721 1567 1720
f 1568 1722 1569
f 1722 1723 1569
f 1569 1723 1570
f 1723 1724 1570
f 1571 1725 1726
f 1572 1571 1726
f 1724 1571 1570
f 1725 1571 1724
f 1573 1727 1728
f 1574 1573 1728
f 1726 1573 1572
f 1727 1573 1726
f 1575 1729 1576
f 1729 1730 1576
f 1576 1730 1577
f 1730 1731 1577
f 1577 1731 1578
f 1731 1732 1578
f 1578 1732 1579
f 1732 1733 1579
f 1579 1733 1580
f 1733 1734 1580
f 1580 1734 1581
f 1734 1735 1581
f 1581 1735 1582
f 1735 1736 1582
f 1582 1736 1583
f 1736 1737 1583
f 1583 1737 1584
f 1737 1738 1584
f 1584 1738 1585
f 1738 1739 1585
f 1585 1739 1586
f 1739 1740 1586
f 1586 1740 1587
f 1740 1741 1587
f 1587 1741 1588
f 1741 1742 1588
f 1588 1742 1589
f 1742 1743 1589
f 1589 1743 1590
f 1743 1744 1590
f 1590 1744 1591
f 1744 1745 1591
f 1591 1745 1592
f 1745 1746 1592
f 1592 1746 1593
f 1746 1747 1593
f 1593 1747 1594
f 1747 1748 1594
f 1594 1748 1595
f 1748 1749 1595
f 1595 1749 1596
f 1749 1750 1596
f 1596 1750 1597
f 1750 1751 1597
f 1597 1751 1598
f 1751 1752 1598
f 1598 1752 1599
f 1752 1753 1599
f 1599 1753 1600
f 1753 1754 1600
f 1600 1754 1601
f 1754 1755 1601
f 1601 1755 1602
f 1755 1756 1602
f 1602 1756 1603
f 1756 1757 1603
f 1603 1757 1604
f 1757 1758 1604
f 1604 1758 1605
f 1758 1759 1605
f 1605 1759 1606
f 1759 1760 1606
f 1606 1760 1607
f 1760 1761 1607
f 1607 1761 1608
f 1761 1762 1608
f 1608 1762 1609
f 1762 1763 1609
f 1609 1763 1610
f 1763 1764 1610
f 1610 1764 1611
f 1764 1765 1611
f 1611 1765 1612
f 1765 1766 1612
f 1612 1766 1613
f 1766 1767 1613
f 1613 1767 1614
f 1767 1768 1614
f 1614 1768 1615
f 1768 1769 1615
f 1615 1769 1616
f 1769 1770 1616
f 1616 1770 1617
f 1770 1771 1617
f 1617 1771 1618
f 1771 1772 1618
f 1618 1772 1619
f 1772 1773 1619
f 1619 1773 1620
f 1773 1774 1620
f 1620 1774 1621
f 1774 1775 1621
f 1621 1775 1622
f 1775 1776 1622
f 1622 1776 1623
f 1776 1777 1623
f 1623 1777 1624
f 1777 1778 1624
f 1624 1778 1625
f 1778 1779 1625
f 1625 1779 1626
f 1779 1780 1626
f 1626 1780 1627
f 1780 1781 1627
f 1627 1781 1628
f 1781 1782 1628
f 1628 1782 1629
f 1782 1783 1629
f 1629 1783 1630
f 1783 1784 1630
f 1630 1784 1631
f 1784 1785 1631
f 1631 1785 1632
f 1785 1786 1632
f 1632 1786 1633
f 1786 1787 1633
f 1633 1787 1634
f 1787 1788 1634
f 1634 1788 1635
f 1788 1789 1635
f 1635 1789 1636
f 1789 1790 1636
f 1636 1790 1637
f 1790 1791 1637
f 1637 1791 1638
f 1791 1792 1638
f 1638 1792 1639
f 1792 1793 1639
f 1639 1793 1640
f 1793 1794 1640
f 1640 1794 1641
f 1794 1795 1641
f 1641 1795 1642
f 1795 1796 1642
f 1642 1796 1643
f 1796 1797 1643
f 1643 1797 1644
f 1797 1798 1644
f 1644 1798 1645
f 1798 1799 1645
f 1645 1799 1646
f 1799 1800 1646
f 1646 1800 1647
f 1800 1801 1647
f 1647 1801 1648
f 1801 1802 1648
f 1648 1802 1649
f 1802 1803 1649
f 1649 1803 1650
f 1803 1804 1650
f 1650 1804 1651
f 1804 1805 1651
f 1651 1805 1652
f 1805 1806 1652
f 1652 1806 1653
f 1806 1807 1653
f 1653 1807 1654
f 1807 1808 1654
f 1654 1808 1655
f 1808 1809 1655
f 1655 1809 1656
f 1809 1810 1656
f 1656 1810 1657
f 1810 1811 1657
f 1657 1811 1658
f 1811 1812 1658
f 1658 1812 1659
f 1812 1813 1659
f 1659 1813 1660
f 1813 1814 1660
f 1660 1814 1661
f 1814 1815 1661
f 1661 1815 1662
f 1815 1816 1662
f 1662 1816 1663
f 1816 1817 1663
f 1663 1817 1664
f 1817 1818 1664
f 1664 1818 1665
f 1818 1819 1665
f 1665 1819 1666
f 1819 1820 1666
f 1666 1820 1667
f 1820 1821 1667
f 1667 1821 1668
f 1821 1822 1668
f 1668 1822 1669
f 1822 1823 1669
f 1669 1823 1670
f 1823 1824 1670
f 1670 1824 1671
f 1824 1825 1671
f 1671 1825 1672
f 1825 1826 1672
f 1672 1826 1673
f 1826 1827 1673
f 1673 1827 1674
f 1827 1828 1674
f 1674 1828 1675
f 1828 1829 1675
f 1675 1829 1676
f 1829 1830 1676
f 1676 1830 1677
f 1830 1831 1677
f 1677 1831 1678
f 1831 1832 1678
f 1678 1832 1679
f 1832 1833 1679
f 1679 1833 1680
f 1833 1834 1680
f 1680 1834 1681
f 1834 1835 1681
f 1681 1835 1682
f 1835 1836 1682
f 1682 1836 1683
f 1836 1837 1683
f 1683 1837 1684
f 1837 1838 1684
f 1684 1838 1685
f 1838 1839 1685
f 1685 1839 1686
f 1839 1840 1686
f 1686 1840 1687
f 1840 1841 1687
f 1687 1841 1688
f 1841 1842 1688
f 1688 1842 1689
f 1842 1843 1689
f 1689 1843 1690
f 1843 1844 1690
f 1690 1844 1691
f 1844 1845 1691
f 1691 1845 1692
f 1845 1846 1692
f 1692 1846 1693
f 1846 1847 1693
f 1693 1847 1694
f 1847 1848 1694
f 1694 1848 1695
f 1848 1849 1695
f 1695 1849 1696
f 1849 1850 1696
f 1696 1850 1697
f 1850 1851 1697
f 1697 1851 1698
f 1851 1852 1698
f 1698 1852 1699
f 1852 1853 1699
f 1699 1853 1700
f 1853 1854 1700
f 1700 1854 1701
f 1854 1855 1701
f 1701 1855 1702
f 1855 1856 1702
f 1702 1856 1703
f 1856 1857 1703
f 1703 1857 1704
f 1857 1858 1704
f 1704 1858 1705
f 1858 1859 1705
f 1705 1859 1706
f 1859 1860 1706
f 1706 1860 1707
f 1860 1861 1707
f 1707 1861 1708
f 1861 1862 1708
f 1708 1862 1709
f 1862 1863 1709
f 1709 1863 1710
f 1863 1864 1710
f 1710 1864 1711
f 1864 1865 1711
f 1711 1865 1712
f 1865 1866 1712
f 1712 1866 1713
f 1866 1867 1713
f 1713 1867 1714
f 1867 1868 1714
f 1714 1868 1715
f 1868 1869 1715
f 1715 1869 1716
f 1869 1870 1716
f 1716 1870 1717
f 1870 1871 1717
f 1717 1871 1718
f 1871 1872 1718
f 1718 1872 1719
f 1872 1873 1719
f 1719 1873 1720
f 1873 1874 1720
f 1721 1875 1722
f 1721 1876 1875
f 1721 1720 1876
f 1720 1874 1876
f 1875 1877 1878
f 1875 1878 1722
f 1722 1878 1723
f 1876 1877 1875
f 1723 1878 1724
f 1878 1879 1724
f 1725 1880 1881
f 1726 1725 1881
f 1879 1725 1724
f 1880 1725 1879
f 1727 1882 1728
f 1727 1883 1882
f 1727 1726 1883
f 1726 1881 1883
f 1729 1884 1730
f 1884 1885 1730
f 1730 1885 1731
f 1885 1886 1731
f 1731 1886 1732
f 1886 1887 1732
f 1732 1887 1733
f 1887 1888 1733
f 1733 1888 1734
f 1888 1889 1734
f 1734 1889 1735
f 1889 1890 1735
f 1735 1890 1736
f 1890 1891 1736
f 1736 1891 1737
f 1891 1892 1737
f 1737 1892 1738
f 1892 1893 1738
f 1738 1893 1739
f 1893 1894 1739
f 1739 1894 1740
f 1894 1895 1740
f 1740 1895 1741
f 1895 1896 1741
f 1741 1896 1742
f 1896 1897 1742
f 1742 1897 1743
f 1897 1898 1743
f 1743 1898 1744
f 1898 1899 1744
f 1744 1899 1745
f 1899 1900 1745
f 1745 1900 1746
f 1900 1901 1746
f 1746 1901 1747
f 1901 1902 1747
f 1747 1902 1748
f 1902 1903 1748
f 1748 1903 1749
f 1903 1904 1749
f 1749 1904 1750
f 1904 1905 1750
f 1750 1905 1751
f 1905 1906 1751
f 1751 1906 1752
f 1906 1907 1752
f 1752 1907 1753
f 1907 1908 1753
f 1753 1908 1754
f 1908 1909 1754
f 1754 1909 1755
f 1909 1910 1755
f 1755 1910 1756
f 1910 1911 1756
f 1756 1911 1757
f 1911 1912 1757
f 1757 1912 1758
f 1912 1913 1758
f 1758 1913 1759
f 1913 1914 1759
f 1759 1914 1760
f 1914 1915 1760
f 1760 1915 1761
f 1915 1916 1761
f 1761 1916 1762
f 1916 1917 1762
f 1762 1917 1763
f 1917 1918 1763
f 1763 1918 1764
f 1918 1919 1764
f 1764 1919 1765
f 1919 1920 1765
f 1765 1920 1766
f 1920 1921 1766
f 1766 1921 1767
f 1921 1922 1767
f 1767 1922 1768
f 1922 1923 1768
f 1768 1923 1769
f 1923 1924 1769
f 1769 1924 1770
f 1924 1925 1770
f 1770 1925 1771
f 1925 1926 1771
f 1771 1926 1772
f 1926 1927 1772
f 1772 1927 1773
f 1927 1928 1773
f 1773 1928 1774
f 1928 1929 1774
f 1774 1929 1775
f 1929 1930 1775
f 1775 1930 1776
f 1930 1931 1776
f 1776 1931 1777
f 1931 1932 1777
f 1777 1932 1778
f 1932 1933 1778
f 1778 1933 1779
f 1933 1934 1779
f 1779 1934 1780
f 1934 1935 1780
f 1780 1935 1781
f 1935 1936 1781
f 1781 1936 1782
f 1936 1937 1782
f 1782 1937 1783
f 1937 1938 1783
f 1783 1938 1784
f 1938 1939 1784
f 1784 1939 1785
f 1939 1940 1785
f 1785 1940 1786
f 1940 1941 1786
f 1786 1941 1787
f 1941 1942 1787
f 1787 1942 1788
f 1942 1943 1788
f 1788 1943 1789
f 1943 1944 1789
f 1789 1944 1790
f 1944 1945 1790
f 1790 1945 1791
f 1945 1946 1791
f 1791 1946 1792
f 1946 1947 1792
f 1792 1947 1793
f 1947 1948 1793
f 1793 1948 1794
f 1948 1949 1794
f 1794 1949 1795
f 1949 1950 1795
f 1795 1950 1796
f 1950 1951 1796
f 1796 1951 1797
f 1951 1952 1797
f 1797 1952 1798
f 1952 1953 1798
f 1798 1953 1799
f 1953 1954 1799
f 1799 1954 1800
f 1954 1955 1800
f 1800 1955 1801
f 1955 1956 1801
f 1801 1956 1802
f 1956 1957 1802
f 1802 1957 1803
f 1957 1958 1803
f 1803 1958 1804
f 1958 1959 1804
f 1804 1959 1805
f 1959 1960 1805
f 1805 1960 1806
f 1960 1961 1806
f 1806 1961 1807
f 1961 1962 1807
f 1807 1962 1808
f 1962 1963 1808
f 1808 1963 1809
f 1963 1964 1809
f 1809 1964 1810
f 1964 1965 1810
f 1810 1965 1811
f 1965 1966 1811
f 1811 1966 1812
f 1966 1967 1812
f 1812 1967 1813
f 1967 1968 1813
f 1813 1968 1814
f 1968 1969 1814
f 1814 1969 1815
f 1969 1970 1815
f 1815 1970 1816
f 1970 1971 1816
f 1816 1971 1817
f 1971 1972 1817
f 1817 1972 1818
f 1972 1973 1818
f 1818 1973 1819
f 1973 1974 1819
f 1819 1974 1820
f 1974 1975 1820
f 1820 1975 1821
f 1975 1976 1821
f 1821 1976 1822
f 1976 1977 1822
f 1822 1977 1823
f 1977 1978 1823
f 1823 1978 1824
f 1978 1979 1824
f 1824 1979 1825
f 1979 1980 1825
f 1825 1980 1826
f 1980 1981 1826
f 1826 1981 1827
f 1981 1982 1827
f 1827 1982 1828
f 1982 1983 1828
f 1828 1983 1829
f 1983 1984 1829
f 1829 1984 1830
f 1984 1985 1830
f 1830 1985 1831
f 1985 1986 1831
f 1831 1986 1832
f 1986 1987 1832
f 1832 1987 1833
f 1987 1988 1833
f 1833 1988 1834
f 1988 1989 1834
f 1834 1989 1835
f 1989 1990 1835
f 1835 1990 1836
f 1990 1991 1836
f 1836 1991 1837
f 1991 1992 1837
f 1837 1992 1838
f 1992 1993 1838
f 1838 1993 1839
f 1993 1994 1839
f 1839 1994 1840
f 1994 1995 1840
f 1840 1995 1841
f 1995 1996 1841
f 1841 1996 1842
f 1996 1997 1842
f 1842 1997 1843
f 1997 1998 1843
f 1843 1998 1844
f 1998 1999 1844
f 1844 1999 1845
f 1999 2000 1845
f 1845 2000 1846
f 2000 2001 1846
f 1846 2001 1847
f 2001 2002 1847
f 1847 2002 1848
f 2002 2003 1848
f 1848 2003 1849
f 2003 2004 1849
f 1849 2004 1850
f 2004 2005 1850
f 1850 2005 1851
f 2005 2006 1851
f 1851 2006 1852
f 2006 2007 1852
f 1852 2007 1853
f 2007 2008 1853
f 1853 2008 1854
f 2008 2009 1854
f 1854 2009 1855
f 2009 2010 1855
f 1855 2010 1856
f 2010 2011 1856
f 1856 2011 1857
f 2011 2012 1857
f 1857 2012 1858
f 2012 2013 1858
f 1858 2013 1859
f 2013 2014 1859
f 1859 2014 1860
f 2014 2015 1860
f 1860 2015 1861
f 2015 2016 1861
f 1861 2016 1862
f 2016 2017 1862
f 1862 2017 1863
f 2017 2018 1863
f 1863 2018 1864
f 2018 2019 1864
f 1864 2019 1865
f 2019 2020 1865
f 1865 2020 1866
f 2020 2021 1866
f 1866 2021 1867
f 2021 2022 1867
f 1867 2022 1868
f 2022 2023 1868
f 1868 2023 1869
f 2023 2024 1869
f 1869 2024 1870
f 2024 2025 1870
f 1870 2025 1871
f 2025 2026 1871
f 1871 2026 1872
f 2026 2027 1872
f 1872 2027 1873
f 2027 2028 1873
f 1873 2028 1874
f 2028 2029 1874
f 1874 2029 1876
f 2029 2030 1876
f 1877 2031 2032
f 1878 1877 2032
f 2030 1877 1876
f 2031 1877 2030
f 1878 2032 1879
f 2032 2033 1879
f 1880 2034 2035
f 1881 1880 2035
f 2033 1880 1879
f 2034 1880 2033
f 1881 2035 1883
f 2035 2036 1883
f 1884 2037 1885
f 2037 2038 1885
f 1885 2038 1886
f 2038 2039 1886
f 1886 2039 1887
f 2039 2040 1887
f 1887 2040 1888
f 2040 2041 1888
f 1888 2041 1889
f 2041 2042 1889
f 1889 2042 1890
f 2042 2043 1890
f 1890 2043 1891
f 2043 2044 1891
f 1891 2044 1892
f 2044 2045 1892
f 1892 2045 1893
f 2045 2046 1893
f 1893 2046 1894
f 2046 2047 1894
f 1894 2047 1895
f 2047 2048 1895
f 1895 2048 1896
f 2048 2049 1896
f 1896 2049 1897
f 2049 2050 1897
f 1897 2050 1898
f 2050 2051 1898
f 1898 2051 1899
f 2051 2052 1899
f 1899 2052 1900
f 2052 2053 1900
f 1900 2053 1901
f 2053 2054 1901
f 1901 2054 1902
f 2054 2055 1902
f 1902 2055 1903
f 2055 2056 1903
f 1903 2056 1904
f 2056 2057 1904
f 1904 2057 1905
f 2057 2058 1905
f 1905 2058 1906
f 2058 2059 1906
f 1906 2059 1907
f 2059 2060 1907
f 1907 2060 1908
f 2060 2061 1908
f 1908 2061 1909
f 2061 2062 1909
f 1909 2062 1910
f 2062 2063 1910
f 1910 2063 1911
f 2063 2064 1911
f 1911 2064 1912
f 2064 2065 1912
f 1912 2065 1913
f 2065 2066 1913
f 1913 2066 1914
f 2066 2067 1914
f 1914 2067 1915
f 2067 2068 1915
f 1915 2068 1916
f 2068 2069 1916
f 1916 2069 1917
f 2069 2070 1917
f 1917 2070 1918
f 2070 2071 1918
f 1918 2071 1919
f 2071 2072 1919
f 1919 2072 1920
f 2072 2073 1920
f 1920 2073 1921
f 2073 2074 1921
f 1921 2074 1922
f 2074 2075 1922
f 1922 2075 1923
f 2075 2076 1923
f 1923 2076 1924
f 2076 2077 1924
f 1924 2077 1925
f 2077 2078 1925
f 1925 2078 1926
f 2078 2079 1926
f 1926 2079 1927
f 2079 2080 1927
f 1927 2080 1928
f 2080 2081 1928
f 1928 2081 1929
f 2081 2082 1929
f 1929 2082 1930
f 2082 2083 1930
f 1930 2083 1931
f 2083 2084 1931
f 1931 2084 1932
f 2084 2085 1932
f 1932 2085 1933
f 2085 2086 1933
f 1933 2086 1934
f 2086 2087 1934
f 1934 2087 1935
f 2087 2088 1935
f 1935 2088 1936
f 2088 2089 1936
f 1936 2089 1937
f 2089 2090 1937
f 1937 2090 1938
f 2090 2091 1938
f 1938 2091 1939
f 2091 2092 1939
f 1939 2092 1940
f 2092 2093 1940
f 1940 2093 1941
f 2093 2094 1941
f 1941 2094 1942
f 2094 2095 1942
f 1942 2095 1943
f 2095 2096 1943
f 1943 2096 1944
f 2096 2097 1944
f 1944 2097 1945
f 2097 2098 1945
f 1945 2098 1946
f 2098 2099 1946
f 1946 2099 1947
f 2099 2100 1947
f 1947 2100 1948
f 2100 2101 1948
f 1948 2101 1949
f 2101 2102 1949
f 1949 2102 1950
f 2102 2103 1950
f 1950 2103 1951
f 2103 2104 1951
f 1951 2104 1952
f 2104 2105 1952
f 1952 2105 1953
f 2105 2106 1953
f 1953 2106 1954
f 2106 2107 1954
f 1954 2107 1955
f 2107 2108 1955
f 1955 2108 1956
f 2108 2109 1956
f 1956 2109 1957
f 2109 2110 1957
f 1957 2110 1958
f 2110 2111 1958
f 1958 2111 1959
f 2111 2112 1959
f 1959 2112 1960
f 2112 2113 1960
f 1960 2113 1961
f 2113 2114 1961
f 1961 2114 1962
f 2114 2115 1962
f 1962 2115 1963
f 2115 2116 1963
f 1963 2116 1964
f 2116 2117 1964
f 1964 2117 1965
f 2117 2118 1965
f 1965 2118 1966
f 2118 2119 1966
f 1966 2119 1967
f 2119 2120 1967
f 1967 2120 1968
f 2120 2121 1968
f 1968 2121 1969
f 2121 2122 1969
f 1969 2122 1970
f 2122 2123 1970
f 1970 2123 1971
f 2123 2124 1971
f 1971 2124 1972
f 2124 2125 1972
f 1972 2125 1973
f 2125 2126 1973
f 1973 2126 1974
f 2126 2127 1974
f 1974 2127 1975
f 2127 2128 1975
f 1975 2128 1976
f 2128 2129 1976
f 1976 2129 1977
f 2129 2130 1977
f 1977 2130 1978
f 2130 2131 1978
f 1978 2131 1979
f 2131 2132 1979
f 1979 2132 1980
f 2132 2133 1980
f 1980 2133 1981
f 2133 2134 1981
f 1981 2134 1982
f 2134 2135 1982
f 1982 2135 1983
f 2135 2136 1983
f 1983 2136 1984
f 2136 2137 1984
f 1984 2137 1985
f 2137 2138 1985
f 1985 2138 1986
f 2138 2139 1986
f 1986 2139 1987
f 2139 2140 1987
f 1987 2140 1988
f 2140 2141 1988
f 1988 2141 1989
f 2141 2142 1989
f 1989 2142 1990
f 2142 2143 1990
f 1990 2143 1991
f 2143 2144 1991
f 1991 2144 1992
f 2144 2145 1992
f 1992 2145 1993
f 2145 2146 1993
f 1993 2146 1994
f 2146 2147 1994
f 1994 2147 1995
f 2147 2148 1995
f 1995 2148 1996
f 2148 2149 1996
f 1996 2149 1997
f 2149 2150 1997
f 1997 2150 1998
f 2150 2151 1998
f 1998 2151 1999
f 2151 2152 1999
f 1999 2152 2000
f 2152 2153 2000
f 2000 2153 2001
f 2153 2154 2001
f 2001 2154 2002
f 2154 2155 2002
f 2002 2155 2003
f 2155 2156 2003
f 2003 2156 2004
f 2156 2157 2004
f 2004 2157 2005
f 2157 2158 2005
f 2005 2158 2006
f 2158 2159 2006
f 2006 2159 2007
f 2159 2160 2007
f 2007 2160 2008
f 2160 2161 2008
f 2008 2161 2009
f 2161 2162 2009
f 2009 2162 2010
f 2162 2163 2010
f 2010 2163 2011
f 2163 2164 2011
f 2011 2164 2012
f 2164 2165 2012
f 2012 2165 2013
f 2165 2166 2013
f 2013 2166 2014
f 2166 2167 2014
f 2014 2167 2015
f 2167 2168 2015
f 2015 2168 2016
f 2168 2169 2016
f 2016 2169 2017
f 2169 2170 2017
f 2017 2170 2018
f 2170 2171 2018
f 2018 2171 2019
f 2171 2172 2019
f 2019 2172 2020
f 2172 2173 2020
f 2020 2173 2021
f 2173 2174 2021
f 2021 2174 2022
f 2174 2175 2022
f 2022 2175 2023
f 2175 2176 2023
f 2023 2176 2024
f 2176 2177 2024
f 2024 2177 2025
f 2177 2178 2025
f 2025 2178 2026
f 2178 2179 2026
f 2026 2179 2027
f 2179 2180 2027
f 2027 2180 2028
f 2180 2181 2028
f 2028 2181 2029
f 2181 2182 2029
f 2029 2182 2030
f 2182 2183 2030
f 2031 2184 2185
f 2032 2031 2185
f 2183 2031 2030
f 2184 2031 2183
f 2032 2185 2033
f 2185 2186 2033
f 2034 2187 2188
f 2035 2034 2188
f 2186 2034 2033
f 2187 2034 2186
f 2035 2188 2036
f 2188 2189 2036
f 2037 2190 2038
f 2190 2191 2038
f 2038 2191 2039
f 2191 2192 2039
f 2039 2192 2040
f 2192 2193 2040
f 2040 2193 2041
f 2193 2194 2041
f 2041 2194 2042
f 2194 2195 2042
f 2042 2195 2043
f 2195 2196 2043
f 2043 2196 2044
f 2196 2197 2044
f 2044 2197 2045
f 2197 2198 2045
f 2045 2198 2046
f 2198 2199 2046
f 2046 2199 2047
f 2199 2200 2047
f 2047 2200 2048
f 2200 2201 2048
f 2048 2201 2049
f 2201 2202 2049
f 2049 2202 2050
f 2202 2203 2050
f 2050 2203 2051
f 2203 2204 2051
f 2051 2204 2052
f 2204 2205 2052
f 2052 2205 2053
f 2205 2206 2053
f 2053 2206 2054
f 2206 2207 2054
f 2054 2207 2055
f 2207 2208 2055
f 2055 2208 2056
f 2208 2209 2056
f 2056 2209 2057
f 2209 2210 2057
f 2057 2210 2058
f 2210 2211 2058
f 2058 2211 2059
f 2211 2212 2059
f 2059 2212 2060
f 2212 2213 2060
f 2060 2213 2061
f 2213 2214 2061
f 2061 2214 2062
f 2214 2215 2062
f 2062 2215 2063
f 2215 2216 2063
f 2063 2216 2064
f 2216 2217 2064
f 2064 2217 2065
f 2217 2218 2065
f 2065 2218 2066
f 2218 2219 2066
f 2066 2219 2067
f 2219 2220 2067
f 2067 2220 2068
f 2220 2221 2068
f 2068 2221 2069
f 2221 2222 2069
f 2069 2222 2070
f 2222 2223 2070
f 2070 2223 2071
f 2223 2224 2071
f 2071 2224 2072
f 2224 2225 2072
f 2072 2225 2073
f 2225 2226 2073
f 2073 2226 2074
f 2226 2227 2074
f 2074 2227 2075
f 2227 2228 2075
f 2075 2228 2076
f 2228 2229 2076
f 2076 2229 2077
f 2229 2230 2077
f 2077 2230 2078
f 2230 2231 2078
f 2078 2231 2079
f 2231 2232 2079
f 2079 2232 2080
f 2232 2233 2080
f 2080 2233 2081
f 2233 2234 2081
f 2081 2234 2082
f 2234 2235 2082
f 2082 2235 2083
f 2235 2236 2083
f 2083 2236 2084
f 2236 2237 2084
f 2084 2237 2085
f 2237 2238 2085
f 2085 2238 2086
f 2238 2239 2086
f 2086 2239 2087
f 2239 2240 2087
f 2087 2240 2088
f 2240 2241 2088
f 2088 2241 2089
f 2241 2242 2089
f 2089 2242 2090
f 2242 2243 2090
f 2090 2243 2091
f 2243 2244 2091
f 2091 2244 2092
f 2244 2245 2092
f 2092 2245 2093
f 2245 2246 2093
f 2093 2246 2094
f 2246 2247 2094
f 2094 2247 2095
f 2247 2248 2095
f 2095 2248 2096
f 2248 2249 2096
f 2096 2249 2097
f 2249 2250 2097
f 2097 2250 2098
f 2250 2251 2098
f 2098 2251 2099
f 2251 2252 2099
f 2099 2252 2100
f 2252 2253 2100
f 2100 2253 2101
f 2253 2254 2101
f 2101 2254 2102
f 2254 2255 2102
f 2102 2255 2103
f 2255 2256 2103
f 2103 2256 2104
f 2256 2257 2104
f 2104 2257 2105
f 2257 2258 2105
f 2105 2258 2106
f 2258 2259 2106
f 2106 2259 2107
f 2259 2260 2107
f 2107 2260 2108
f 2260 2261 2108
f 2108 2261 2109
f 2261 2262 2109
f 2109 2262 2110
f 2262 2263 2110
f 2110 2263 2111
f 2263 2264 2111
f 2111 2264 2112
f 2264 2265 2112
f 2112 2265 2113
f 2265 2266 2113
f 2113 2266 2114
f 2266 2267 2114
f 2114 2267 2115
f 2267 2268 2115
f 2115 2268 2116
f 2268 2269 2116
f 2116 2269 2117
f 2269 2270 2117
f 2117 2270 2118
f 2270 2271 2118
f 2118 2271 2119
f 2271 2272 2119
f 2119 2272 2120
f 2272 2273 2120
f 2120 2273 2121
f 2273 2274 2121
f 2121 2274 2122
f 2274 2275 2122
f 2122 2275 2123
f 2275 2276 2123
f 2123 2276 2124
f 2276 2277 2124
f 2124 2277 2125
f 2277 2278 2125
f 2125 2278 2126
f 2278 2279 2126
f 2126 2279 2127
f 2279 2280 2127
f 2127 2280 2128
f 2280 2281 2128
f 2128 2281 2129
f 2281 2282 2129
f 2129 2282 2130
f 2282 2283 2130
f 2130 2283 2131
f 2283 2284 2131
f 2131 2284 2132
f 2284 2285 2132
f 2132 2285 2133
f 2285 2286 2133
f 2133 2286 2134
f 2286 2287 2134
f 2134 2287 2135
f 2287 2288 2135
f 2135 2288 2136
f 2288 2289 2136
f 2136 2289 2137
f 2289 2290 2137
f 2137 2290 2138
f 2290 2291 2138
f 2138 2291 2139
f 2291 2292 2139
f 2139 2292 2140
f 2292 2293 2140
f 2140 2293 2141
f 2293 2294 2141
f 2141 2294 2142
f 2294 2295 2142
f 2142 2295 2143
f 2295 2296 2143
f 2143 2296 2144
f 2296 2297 2144
f 2144 2297 2145
f 2297 2298 2145
f 2145 2298 2146
f 2298 2299 2146
f 2146 2299 2147
f 2299 2300 2147
f 2147 2300 2148
f 2300 2301 2148
f 2148 2301 2149
f 2301 2302 2149
f 2149 2302 2150
f 2302 2303 2150
f 2150 2303 2151
f 2303 2304 2151
f 2151 2304 2152
f 2304 2305 2152
f 2152 2305 2153
f 2305 2306 2153
f 2153 2306 2154
f 2306 2307 2154
f 2154 2307 2155
f 2307 2308 2155
f 2155 2308 2156
f 2308 2309 2156
f 2156 2309 2157
f 2309 2310 2157
f 2157 2310 2158
f 2310 2311 2158
f 2158 2311 2159
f 2311 2312 2159
f 2159 2312 2160
f 2312 2313 2160
f 2160 2313 2161
f 2313 2314 2161
f 2161 2314 2162
f 2314 2315 2162
f 2162 2315 2163
f 2315 2316 2163
f 2163 2316 2164
f 2316 2317 2164
f 2164 2317 2165
f 2317 2318 2165
f 2165 2318 2166
f 2318 2319 2166
f 2166 2319 2167
f 2319 2320 2167
f 2167 2320 2168
f 2320 2321 2168
f 2168 2321 2169
f 2321 2322 2169
f 2169 2322 2170
f 2322 2323 2170
f 2170 2323 2171
f 2323 2324 2171
f 2171 2324 2172
f 2324 2325 2172
f 2172 2325 2173
f 2325 2326 2173
f 2173 2326 2174
f 2326 2327 2174
f 2174 2327 2175
f 2327 2328 2175
f 2175 2328 2176
f 2328 2329 2176
f 2176 2329 2177
f 2329 2330 2177
f 2177 2330 2178
f 2330 2331 2178
f 2178 2331 2179
f 2331 2332 2179
f 2179 2332 2180
f 2332 2333 2180
f 2180 2333 2181
f 2333 2334 2181
f 2181 2334 2182
f 2334 2335 2182
f 2182 2335 2183
f 2335 2336 2183
f 2184 2337 2338
f 2185 2184 2338
f 2336 2184 2183
f 2337 2184 2336
f 2185 2338 2186
f 2338 2339 2186
f 2187 2340 2341
f 2188 2187 2341
f 2339 2187 2186
f 2340 2187 2339
f 2188 2341 2189
f 2341 2342 2189
f 2190 2343 2191
f 2343 2344 2191
f 2191 2344 2192
f 2344 2345 2192
f 2192 2345 2193
f 2345 2346 2193
f 2193 2346 2194
f 2346 2347 2194
f 2194 2347 2195
f 2347 2348 2195
f 2195 2348 2196
f 2348 2349 2196
f 2196 2349 2197
f 2349 2350 2197
f 2197 2350 2198
f 2350 2351 2198
f 2198 2351 2199
f 2351 2352 2199
f 2199 2352 2200
f 2352 2353 2200
f 2200 2353 2201
f 2353 2354 2201
f 2201 2354 2202
f 2354 2355 2202
f 2202 2355 2203
f 2355 2356 2203
f 2203 2356 2204
f 2356 2357 2204
f 2204 2357 2205
f 2357 2358 2205
f 2205 2358 2206
f 2358 2359 2206
f 2206 2359 2207
f 2359 2360 2207
f 2207 2360 2208
f 2360 2361 2208
f 2208 2361 2209
f 2361 2362 2209
f 2209 2362 2210
f 2362 2363 2210
f 2210 2363 2211
f 2363 2364 2211
f 2211 2364 2212
f 2364 2365 2212
f 2212 2365 2213
f 2365 2366 2213
f 2213 2366 2214
f 2366 2367 2214
f 2214 2367 2215
f 2367 2368 2215
f 2215 2368 2216
f 2368 2369 2216
f 2216 2369 2217
f 2369 2370 2217
f 2217 2370 2218
f 2370 2371 2218
f 2218 2371 2219
f 2371 2372 2219
f 2219 2372 2220
f 2372 2373 2220
f 2220 2373 2221
f 2373 2374 2221
f 2221 2374 2222
f 2374 2375 2222
f 2222 2375 2223
f 2375 2376 2223
f 2223 2376 2224
f 2376 2377 2224
f 2224 2377 2225
f 2377 2378 2225
f 2225 2378 2226
f 2378 2379 2226
f 2226 2379 2227
f 2379 2380 2227
f 2227 2380 2228
f 2380 2381 2228
f 2228 2381 2229
f 2381 2382 2229
f 2229 2382 2230
f 2382 2383 2230
f 2230 2383 2231
f 2383 2384 2231
f 2231 2384 2232
f 2384 2385 2232
f 2232 2385 2233
f 2385 2386 2233
f 2233 2386 2234
f 2386 2387 2234
f 2234 2387 2235
f 2387 2388 2235
f 2235 2388 2236
f 2388 2389 2236
f 2236 2389 2237
f 2389 2390 2237
f 2237 2390 2238
f 2390 2391 2238
f 2238 2391 2239
f 2391 2392 2239
f 2239 2392 2240
f 2392 2393 2240
f 2240 2393 2241
f 2393 2394 2241
f 2241 2394 2242
f 2394 2395 2242
f 2242 2395 2243
f 2395 2396 2243
f 2243 2396 2244
f 2396 2397 2244
f 2244 2397 2245
f 2397 2398 2245
f 2245 2398 2246
f 2398 2399 2246
f 2246 2399 2247
f 2399 2400 2247
f 2247 2400 2248
f 2400 2401 2248
f 2248 2401 2249
f 2401 2402 2249
f 2249 2402 2250
f 2402 2403 2250
f 2250 2403 2251
f 2403 2404 2251
f 2251 2404 2252
f 2404 2405 2252
f 2252 2405 2253
f 2405 2406 2253
f 2253 2406 2254
f 2406 2407 2254
f 2254 2407 2255
f 2407 2408 2255
f 2255 2408 2256
f 2408 2409 2256
f 2256 2409 2257
f 2409 2410 2257
f 2257 2410 2258
f 2410 2411 2258
f 2258 2411 2259
f 2411 2412 2259
f 2259 2412 2260
f 2412 2413 2260
f 2260 2413 2261
f 2413 2414 2261
f 2261 2414 2262
f 2414 2415 2262
f 2262 2415 2263
f 2415 2416 2263
f 2263 2416 2264
f 2416 2417 2264
f 2264 2417 2265
f 2417 2418 2265
f 2265 2418 2266
f 2418 2419 2266
f 2266 2419 2267
f 2419 2420 2267
f 2267 2420 2268
f 2420 2421 2268
f 2268 2421 2269
f 2421 2422 2269
f 2269 2422 2270
f 2422 2423 2270
f 2270 2423 2271
f 2423 2424 2271
f 2271 2424 2272
f 2424 2425 2272
f 2272 2425 2273
f 2425 2426 2273
f 2273 2426 2274
f 2426 2427 2274
f 2274 2427 2275
f 2427 2428 2275
f 2275 2428 2276
f 2428 2429 2276
f 2276 2429 2277
f 2429 2430 2277
f 2277 2430 2278
f 2430 2431 2278
f 2278 2431 2279
f 2431 2432 2279
f 2279 2432 2280
f 2432 2433 2280
f 2280 2433 2281
f 2433 2434 2281
f 2281 2434 2282
f 2434 2435 2282
f 2282 2435 2283
f 2435 2436 2283
f 2283 2436 2284
f 2436 2437 2284
f 2284 2437 2285
f 2437 2438 2285
f 2285 2438 2286
f 2438 2439 2286
f 2286 2439 2287
f 2439 2440 2287
f 2287 2440 2288
f 2440 2441 2288
f 2288 2441 2289
f 2441 2442 2289
f 2289 2442 2290
f 2442 2443 2290
f 2290 2443 2291
f 2443 2444 2291
f 2291 2444 2292
f 2444 2445 2292
f 2292 2445 2293
f 2445 2446 2293
f 2293 2446 2294
f 2446 2447 2294
f 2294 2447 2295
f 2447 2448 2295
f 2295 2448 2296
f 2448 2449 2296
f 2296 2449 2297
f 2449 2450 2297
f 2297 2450 2298
f 2450 2451 2298
f 2298 2451 2299
f 2451 2452 2299
f 2299 2452 2300
f 2452 2453 2300
f 2300 2453 2301
f 2453 2454 2301
f 2301 2454 2302
f 2454 2455 2302
f 2302 2455 2303
f 2455 2456 2303
f 2303 2456 2304
f 2456 2457 2304
f 2304 2457 2305
f 2457 2458 2305
f 2305 2458 2306
f 2458 2459 2306
f 2306 2459 2307
f 2459 2460 2307
f 2307 2460 2308
f 2460 2461 2308
f 2308 2461 2309
f 2461 2462 2309
f 2309 2462 2310
f 2462 2463 2310
f 2310 2463 2311
f 2463 2464 2311
f 2311 2464 2312
f 2464 2465 2312
f 2312 2465 2313
f 2465 2466 2313
f 2313 2466 2314
f 2466 2467 2314
f 2314 2467 2315
f 2467 2468 2315
f 2315 2468 2316
f 2468 2469 2316
f 2316 2469 2317
f 2469 2470 2317
f 2317 2470 2318
f 2470 2471 2318
f 2318 2471 2319
f 2471 2472 2319
f 2319 2472 2320
f 2472 2473 2320
f 2320 2473 2321
f 2473 2474 2321
f 2321 2474 2322
f 2474 2475 2322
f 2322 2475 2323
f 2475 2476 2323
f 2323 2476 2324
f 2476 2477 2324
f 2324 2477 2325
f 2477 2478 2325
f 2325 2478 2326
f 2478 2479 2326
f 2326 2479 2327
f 2479 2480 2327
f 2327 2480 2328
f 2480 2481 2328
f 2328 2481 2329
f 2481 2482 2329
f 2329 2482 2330
f 2482 2483 2330
f 2330 2483 2331
f 2483 2484 2331
f 2331 2484 2332
f 2484 2485 2332
f 2332 2485 2333
f 2485 2486 2333
f 2333 2486 2334
f 2486 2487 2334
f 2334 2487 2335
f 2487 2488 2335
f 2335 2488 2336
f 2488 2489 2336
f 2337 2490 2491
f 2338 2337 2491
f 2489 2337 2336
f 2490 2337 2489
f 2338 2491 2339
f 2491 2492 2339
f 2340 2493 2494
f 2341 2340 2494
f 2492 2340 2339
f 2493 2340 2492
f 2341 2494 2342
f 2494 2495 2342
f 2343 2496 2344
f 2496 2497 2344
f 2344 2497 2345
f 2497 2498 2345
f 2345 2498 2346
f 2498 2499 2346
f 2346 2499 2347
f 2499 2500 2347
f 2347 2500 2348
f 2500 2501 2348
f 2348 2501 2349
f 2501 2502 2349
f 2349 2502 2350
f 2502 2503 2350
f 2350 2503 2351
f 2503 2504 2351
f 2351 2504 2352
f 2504 2505 2352
f 2352 2505 2353
f 2505 2506 2353
f 2353 2506 2354
f 2506 2507 2354
f 2354 2507 2355
f 2507 2508 2355
f 2355 2508 2356
f 2508 2509 2356
f 2356 2509 2357
f 2509 2510 2357
f 2357 2510 2358
f 2510 2511 2358
f 2358 2511 2359
f 2511 2512 2359
f 2359 2512 2360
f 2512 2513 2360
f 2360 2513 2361
f 2513 2514 2361
f 2361 2514 2362
f 2514 2515 2362
f 2362 2515 2363
f 2515 2516 2363
f 2363 2516 2364
f 2516 2517 2364
f 2364 2517 2365
f 2517 2518 2365
f 2365 2518 2366
f 2518 2519 2366
f 2366 2519 2367
f 2519 2520 2367
f 2367 2520 2368
f 2520 2521 2368
f 2368 2521 2369
f 2521 2522 2369
f 2369 2522 2370
f 2522 2523 2370
f 2370 2523 2371
f 2523 2524 2371
f 2371 2524 2372
f 2524 2525 2372
f 2372 2525 2373
f 2525 2526 2373
f 2373 2526 2374
f 2526 2527 2374
f 2374 2527 2375
f 2527 2528 2375
f 2375 2528 2376
f 2528 2529 2376
f 2376 2529 2377
f 2529 2530 2377
f 2377 2530 2378
f 2530 2531 2378
f 2378 2531 2379
f 2531 2532 2379
f 2379 2532 2380
f 2532 2533 2380
f 2380 2533 2381
f 2533 2534 2381
f 2381 2534 2382
f 2534 2535 2382
f 2382 2535 2383
f 2535 2536 2383
f 2383 2536 2384
f 2536 2537 2384
f 2384 2537 2385
f 2537 2538 2385
f 2385 2538 2386
f 2538 2539 2386
f 2386 2539 2387
f 2539 2540 2387
f 2387 2540 2388
f 2540 2541 2388
f 2388 2541 2389
f 2541 2542 2389
f 2389 2542 2390
f 2542 2543 2390
f 2390 2543 2391
f 2543 2544 2391
f 2391 2544 2392
f 2544 2545 2392
f 2392 2545 2393
f 2545 2546 2393
f 2393 2546 2394
f 2546 2547 2394
f 2394 2547 2395
f 2547 2548 2395
f 2395 2548 2396
f 2548 2549 2396
f 2396 2549 2397
f 2549 2550 2397
f 2397 2550 2398
f 2550 2551 2398
f 2398 2551 2399
f 2551 2552 2399
f 2399 2552 2400
f 2552 2553 2400
f 2400 2553 2401
f 2553 2554 2401
f 2401 2554 2402
f 2554 2555 2402
f 2402 2555 2403
f 2555 2556 2403
f 2403 2556 2404
f 2556 2557 2404
f 2404 2557 2405
f 2557 2558 2405
f 2405 2558 2406
f 2558 2559 2406
f 2406 2559 2407
f 2559 2560 2407
f 2407 2560 2408
f 2560 2561 2408
f 2408 2561 2409
f 2561 2562 2409
f 2409 2562 2410
f 2562 2563 2410
f 2410 2563 2411
f 2563 2564 2411
f 2411 2564 2412
f 2564 2565 2412
f 2412 2565 2413
f 2565 2566 2413
f 2413 2566 2414
f 2566 2567 2414
f 2414 2567 2415
f 2567 2568 2415
f 2415 2568 2416
f 2568 2569 2416
f 2416 2569 2417
f 2569 2570 2417
f 2417 2570 2418
f 2570 2571 2418
f 2418 2571 2419
f 2571 2572 2419
f 2419 2572 2420
f 2572 2573 2420
f 2420 2573 2421
f 2573 2574 2421
f 2421 2574 2422
f 2574 2575 2422
f 2422 2575 2423
f 2575 2576 2423
f 2423 2576 2424
f 2576 2577 2424
f 2424 2577 2425
f 2577 2578 2425
f 2425 2578 2426
f 2578 2579 2426
f 2426 2579 2427
f 2579 2580 2427
f 2427 2580 2428
f 2580 2581 2428
f 2428 2581 2429
f 2581 2582 2429
f 2429 2582 2430
f 2582 2583 2430
f 2430 2583 2431
f 2583 2584 2431
f 2431 2584 2432
f 2584 2585 2432
f 2432 2585 2433
f 2585 2586 2433
f 2433 2586 2434
f 2586 2587 2434
f 2434 2587 2435
f 2587 2588 2435
f 2435 2588 2436
f 2588 2589 2436
f 2436 2589 2437
f 2589 2590 2437
f 2437 2590 2438
f 2590 2591 2438
f 2438 2591 2439
f 2591 2592 2439
f 2439 2592 2440
f 2592 2593 2440
f 2440 2593 2441
f 2593 2594 2441
f 2441 2594 2442
f 2594 2595 2442
f 2442 2595 2443
f 2595 2596 2443
f 2443 2596 2444
f 2596 2597 2444
f 2444 2597 2445
f 2597 2598 2445
f 2445 2598 2446
f 2598 2599 2446
f 2446 2599 2447
f 2599 2600 2447
f 2447 2600 2448
f 2600 2601 2448
f 2448 2601 2449
f 2601 2602 2449
f 2449 2602 2450
f 2602 2603 2450
f 2450 2603 2451
f 2603 2604 2451
f 2451 2604 2452
f 2604 2605 2452
f 2452 2605 2453
f 2605 2606 2453
f 2453 2606 2454
f 2606 2607 2454
f 2454 2607 2455
f 2607 2608 2455
f 2455 2608 2456
f 2608 2609 2456
f 2456 2609 2457
f 2609 2610 2457
f 2457 2610 2458
f 2610 2611 2458
f 2458 2611 2459
f 2611 2612 2459
f 2459 2612 2460
f 2612 2613 2460
f 2460 2613 2461
f 2613 2614 2461
f 2461 2614 2462
f 2614 2615 2462
f 2462 2615 2463
f 2615 2616 2463
f 2463 2616 2464
f 2616 2617 2464
f 2464 2617 2465
f 2617 2618 2465
f 2465 2618 2466
f 2618 2619 2466
f 2466 2619 2467
f 2619 2620 2467
f 2467 2620 2468
f 2620 2621 2468
f 2468 2621 2469
f 2621 2622 2469
f 2469 2622 2470
f 2622 2623 2470
f 2470 2623 2471
f 2623 2624 2471
f 2471 2624 2472
f 2624 2625 2472
f 2472 2625 2473
f 2625 2626 2473
f 2473 2626 2474
f 2626 2627 2474
f 2474 2627 2475
f 2627 2628 2475
f 2475 2628 2476
f 2628 2629 2476
f 2476 2629 2477
f 2629 2630 2477
f 2477 2630 2478
f 2630 2631 2478
f 2478 2631 2479
f 2631 2632 2479
f 2479 2632 2480
f 2632 2633 2480
f 2480 2633 2481
f 2633 2634 2481
f 2481 2634 2482
f 2634 2635 2482
f 2482 2635 2483
f 2635 2636 2483
f 2483 2636 2484
f 2636 2637 2484
f 2484 2637 2485
f 2637 2638 2485
f 2485 2638 2486
f 2638 2639 2486
f 2486 2639 2487
f 2639 2640 2487
f 2487 2640 2488
f 2640 2641 2488
f 2488 2641 2489
f 2641 2642 2489
f 2490 2643 2644
f 2491 2490 2644
f 2642 2490 2489
f 2643 2490 2642
f 2491 2644 2492
f 2644 2645 2492
f 2493 2646 2647
f 2494 2493 2647
f 2645 2493 2492
f 2646 2493 2645
f 2494 2647 2495
f 2647 2648 2495
f 2496 2649 2497
f 2649 2650 2497
f 2497 2650 2498
f 2650 2651 2498
f 2498 2651 2499
f 2651 2652 2499
f 2499 2652 2500
f 2652 2653 2500
f 2500 2653 2501
f 2653 2654 2501
f 2501 2654 2502
f 2654 2655 2502
f 2502 2655 2503
f 2655 2656 2503
f 2503 2656 2504
f 2656 2657 2504
f 2504 2657 2505
f 2657 2658 2505
f 2505 2658 2506
f 2658 2659 2506
f 2506 2659 2507
f 2659 2660 2507
f 2507 2660 2508
f 2660 2661 2508
f 2508 2661 2509
f 2661 2662 2509
f 2509 2662 2510
f 2662 2663 2510
f 2510 2663 2511
f 2663 2664 2511
f 2511 2664 2512
f 2664 2665 2512
f 2512 2665 2513
f 2665 2666 2513
f 2513 2666 2514
f 2666 2667 2514
f 2514 2667 2515
f 2667 2668 2515
f 2515 2668 2516
f 2668 2669 2516
f 2516 2669 2517
f 2669 2670 2517
f 2517 2670 2518
f 2670 2671 2518
f 2518 2671 2519
f 2671 2672 2519
f 2519 2672 2520
f 2672 2673 2520
f 2520 2673 2521
f 2673 2674 2521
f 2521 2674 2522
f 2674 2675 2522
f 2522 2675 2523
f 2675 2676 2523
f 2523 2676 2524
f 2676 2677 2524
f 2524 2677 2525
f 2677 2678 2525
f 2525 2678 2526
f 2678 2679 2526
f 2526 2679 2527
f 2679 2680 2527
f 2527 2680 2528
f 2680 2681 2528
f 2528 2681 2529
f 2681 2682 2529
f 2529 2682 2530
f 2682 2683 2530
f 2530 2683 2531
f 2683 2684 2531
f 2531 2684 2532
f 2684 2685 2532
f 2532 2685 2533
f 2685 2686 2533
f 2533 2686 2534
f 2686 2687 2534
f 2534 2687 2535
f 2687 2688 2535
f 2535 2688 2536
f 2688 2689 2536
f 2536 2689 2537
f 2689 2690 2537
f 2537 2690 2538
f 2690 2691 2538
f 2538 2691 2539
f 2691 2692 2539
f 2539 2692 2540
f 2692 2693 2540
f 2540 2693 2541
f 2693 2694 2541
f 2541 2694 2542
f 2694 2695 2542
f 2542 2695 2543
f 2695 2696 2543
f 2543 2696 2544
f 2696 2697 2544
f 2544 2697 2545
f 2697 2698 2545
f 2545 2698 2546
f 2698 2699 2546
f 2546 2699 2547
f 2699 2700 2547
f 2547 2700 2548
f 2700 2701 2548
f 2548 2701 2549
f 2701 2702 2549
f 2549 2702 2550
f 2702 2703 2550
f 2550 2703 2551
f 2703 2704 2551
f 2551 2704 2552
f 2704 2705 2552
f 2552 2705 2553
f 2705 2706 2553
f 2553 2706 2554
f 2706 2707 2554
f 2554 2707 2555
f 2707 2708 2555
f 2555 2708 2556
f 2708 2709 2556
f 2556 2709 2557
f 2709 2710 2557
f 2557 2710 2558
f 2710 2711 2558
f 2558 2711 2559
f 2711 2712 2559
f 2559 2712 2560
f 2712 2713 2560
f 2560 2713 2561
f 2713 2714 2561
f 2561 2714 2562
f 2714 2715 2562
f 2562 2715 2563
f 2715 2716 2563
f 2563 2716 2564
f 2716 2717 2564
f 2564 2717 2565
f 2717 2718 2565
f 2565 2718 2566
f 2718 2719 2566
f 2566 2719 2567
f 2719 2720 2567
f 2567 2720 2568
f 2720 2721 2568
f 2568 2721 2569
f 2721 2722 2569
f 2569 2722 2570
f 2722 2723 2570
f 2570 2723 2571
f 2723 2724 2571
f 2571 2724 2572
f 2724 2725 2572
f 2572 2725 2573
f 2725 2726 2573
f 2573 2726 2574
f 2726 2727 2574
f 2574 2727 2575
f 2727 2728 2575
f 2575 2728 2576
f 2728 2729 2576
f 2576 2729 2577
f 2729 2730 2577
f 2577 2730 2578
f 2730 2731 2578
f 2578 2731 2579
f 2731 2732 2579
f 2579 2732 2580
f 2732 2733 2580
f 2580 2733 2581
f 2733 2734 2581
f 2581 2734 2582
f 2734 2735 2582
f 2582 2735 2583
f 2735 2736 2583
f 2583 2736 2584
f 2736 2737 2584
f 2584 2737 2585
f 2737 2738 2585
f 2585 2738 2586
f 2738 2739 2586
f 2586 2739 2587
f 2739 2740 2587
f 2587 2740 2588
f 2740 2741 2588
f 2588 2741 2589
f 2741 2742 2589
f 2589 2742 2590
f 2742 2743 2590
f 2590 2743 2591
f 2743 2744 2591
f 2591 2744 2592
f 2744 2745 2592
f 2592 2745 2593
f 2745 2746 2593
f 2593 2746 2594
f 2746 2747 2594
f 2594 2747 2595
f 2747 2748 2595
f 2595 2748 2596
f 2748 2749 2596
f 2596 2749 2597
f 2749 2750 2597
f 2597 2750 2598
f 2750 2751 2598
f 2598 2751 2599
f 2751 2752 2599
f 2599 2752 2600
f 2752 2753 2600
f 2600 2753 2601
f 2753 2754 2601
f 2601 2754 2602
f 2754 2755 2602
f 2602 2755 2603
f 2755 2756 2603
f 2603 2756 2604
f 2756 2757 2604
f 2604 2757 2605
f 2757 2758 2605
f 2605 2758 2606
f 2758 2759 2606
f 2606 2759 2607
f 2759 2760 2607
f 2607 2760 2608
f 2760 2761 2608
f 2608 2761 2609
f 2761 2762 2609
f 2609 2762 2610
f 2762 2763 2610
f 2610 2763 2611
f 2763 2764 2611
f 2611 2764 2612
f 2764 2765 2612
f 2612 2765 2613
f 2765 2766 2613
f 2613 2766 2614
f 2766 2767 2614
f 2614 2767 2615
f 2767 2768 2615
f 2615 2768 2616
f 2768 2769 2616
f 2616 2769 2617
f 2769 2770 2617
f 2617 2770 2618
f 2770 2771 2618
f 2618 2771 2619
f 2771 2772 2619
f 2619 2772 2620
f 2772 2773 2620
f 2620 2773 2621
f 2773 2774 2621
f 2621 2774 2622
f 2774 2775 2622
f 2622 2775 2623
f 2775 2776 2623
f 2623 2776 2624
f 2776 2777 2624
f 2624 2777 2625
f 2777 2778 2625
f 2625 2778 2626
f 2778 2779 2626
f 2626 2779 2627
f 2779 2780 2627
f 2627 2780 2628
f 2780 2781 2628
f 2628 2781 2629
f 2781 2782 2629
f 2629 2782 2630
f 2782 2783 2630
f 2630 2783 2631
f 2783 2784 2631
f 2631 2784 2632
f 2784 2785 2632
f 2632 2785 2633
f 2785 2786 2633
f 2633 2786 2634
f 2786 2787 2634
f 2634 2787 2635
f 2787 2788 2635
f 2635 2788 2636
f 2788 2789 2636
f 2636 2789 2637
f 2789 2790 2637
f 2637 2790 2638
f 2790 2791 2638
f 2638 2791 2639
f 2791 2792 2639
f 2639 2792 2640
f 2792 2793 2640
f 2640 2793 2641
f 2793 2794 2641
f 2795 2796 2797
f 2795 2794 2796
f 2795 2642 2794
f 2642 2641 2794
f 2643 2795 2797
f 2643 2797 2644
f 2644 2797 2798
f 2642 2795 2643
f 2644 2798 2645
f 2798 2799 2645
f 2646 2800 2801
f 2647 2646 2801
f 2799 2646 2645
f 2800 2646 2799
f 2647 2801 2648
f 2801 2802 2648
f 2649 2803 2650
f 2803 2804 2650
f 2650 2804 2651
f 2804 2805 2651
f 2651 2805 2652
f 2805 2806 2652
f 2652 2806 2653
f 2806 2807 2653
f 2653 2807 2654
f 2807 2808 2654
f 2654 2808 2655
f 2808 2809 2655
f 2655 2809 2656
f 2809 2810 2656
f 2656 2810 2657
f 2810 2811 2657
f 2657 2811 2658
f 2811 2812 2658
f 2658 2812 2659
f 2812 2813 2659
f 2659 2813 2660
f 2813 2814 2660
f 2660 2814 2661
f 2814 2815 2661
f 2661 2815 2662
f 2815 2816 2662
f 2662 2816 2663
f 2816 2817 2663
f 2663 2817 2664
f 2817 2818 2664
f 2664 2818 2665
f 2818 2819 2665
f 2665 2819 2666
f 2819 2820 2666
f 2666 2820 2667
f 2820 2821 2667
f 2667 2821 2668
f 2821 2822 2668
f 2668 2822 2669
f 2822 2823 2669
f 2669 2823 2670
f 2823 2824 2670
f 2670 2824 2671
f 2824 2825 2671
f 2671 2825 2672
f 2825 2826 2672
f 2672 2826 2673
f 2826 2827 2673
f 2673 2827 2674
f 2827 2828 2674
f 2674 2828 2675
f 2828 2829 2675
f 2675 2829 2676
f 2829 2830 2676
f 2676 2830 2677
f 2830 2831 2677
f 2677 2831 2678
f 2831 2832 2678
f 2678 2832 2679
f 2832 2833 2679
f 2679 2833 2680
f 2833 2834 2680
f 2680 2834 2681
f 2834 2835 2681
f 2681 2835 2682
f 2835 2836 2682
f 2682 2836 2683
f 2836 2837 2683
f 2683 2837 2684
f 2837 2838 2684
f 2684 2838 2685
f 2838 2839 2685
f 2685 2839 2686
f 2839 2840 2686
f 2686 2840 2687
f 2840 2841 2687
f 2687 2841 2688
f 2841 2842 2688
f 2688 2842 2689
f 2842 2843 2689
f 2689 2843 2690
f 2843 2844 2690
f 2690 2844 2691
f 2844 2845 2691
f 2691 2845 2692
f 2845 2846 2692
f 2692 2846 2693
f 2846 2847 2693
f 2693 2847 2694
f 2847 2848 2694
f 2694 2848 2695
f 2848 2849 2695
f 2695 2849 2696
f 2849 2850 2696
f 2696 2850 2697
f 2850 2851 2697
f 2697 2851 2698
f 2851 2852 2698
f 2698 2852 2699
f 2852 2853 2699
f 2699 2853 2700
f 2853 2854 2700
f 2700 2854 2701
f 2854 2855 2701
f 2701 2855 2702
f 2855 2856 2702
f 2702 2856 2703
f 2856 2857 2703
f 2703 2857 2704
f 2857 2858 2704
f 2704 2858 2705
f 2858 2859 2705
f 2705 2859 2706
f 2859 2860 2706
f 2706 2860 2707
f 2860 2861 2707
f 2707 2861 2708
f 2861 2862 2708
f 2708 2862 2709
f 2862 2863 2709
f 2709 2863 2710
f 2863 2864 2710
f 2710 2864 2711
f 2864 2865 2711
f 2711 2865 2712
f 2865 2866 2712
f 2712 2866 2713
f 2866 2867 2713
f 2713 2867 2714
f 2867 2868 2714
f 2714 2868 2715
f 2868 2869 2715
f 2715 2869 2716
f 2869 2870 2716
f 2716 2870 2717
f 2870 2871 2717
f 2717 2871 2718
f 2871 2872 2718
f 2718 2872 2719
f 2872 2873 2719
f 2719 2873 2720
f 2873 2874 2720
f 2720 2874 2721
f 2874 2875 2721
f 2721 2875 2722
f 2875 2876 2722
f 2722 2876 2723
f 2876 2877 2723
f 2723 2877 2724
f 2877 2878 2724
f 2724 2878 2725
f 2878 2879 2725
f 2725 2879 2726
f 2879 2880 2726
f 2726 2880 2727
f 2880 2881 2727
f 2727 2881 2728
f 2881 2882 2728
f 2728 2882 2729
f 2882 2883 2729
f 2729 2883 2730
f 2883 2884 2730
f 2730 2884 2731
f 2884 2885 2731
f 2731 2885 2732
f 2885 2886 2732
f 2732 2886 2733
f 2886 2887 2733
f 2733 2887 2734
f 2887 2888 2734
f 2734 2888 2735
f 2888 2889 2735
f 2735 2889 2736
f 2889 2890 2736
f 2736 2890 2737
f 2890 2891 2737
f 2737 2891 2738
f 2891 2892 2738
f 2738 2892 2739
f 2892 2893 2739
f 2739 2893 2740
f 2893 2894 2740
f 2740 2894 2741
f 2894 2895 2741
f 2741 2895 2742
f 2895 2896 2742
f 2742 2896 2743
f 2896 2897 2743
f 2743 2897 2744
f 2897 2898 2744
f 2744 2898 2745
f 2898 2899 2745
f 2745 2899 2746
f 2899 2900 2746
f 2746 2900 2747
f 2900 2901 2747
f 2747 2901 2748
f 2901 2902 2748
f 2748 2902 2749
f 2902 2903 2749
f 2749 2903 2750
f 2903 2904 2750
f 2750 2904 2751
f 2904 2905 2751
f 2751 2905 2752
f 2905 2906 2752
f 2752 2906 2753
f 2906 2907 2753
f 2753 2907 2754
f 2907 2908 2754
f 2754 2908 2755
f 2908 2909 2755
f 2755 2909 2756
f 2909 2910 2756
f 2756 2910 2757
f 2910 2911 2757
f 2757 2911 2758
f 2911 2912 2758
f 2758 2912 2759
f 2912 2913 2759
f 2759 2913 2760
f 2913 2914 2760
f 2760 2914 2761
f 2914 2915 2761
f 2761 2915 2762
f 2915 2916 2762
f 2762 2916 2763
f 2916 2917 2763
f 2763 2917 2764
f 2917 2918 2764
f 2764 2918 2765
f 2918 2919 2765
f 2765 2919 2766
f 2919 2920 2766
f 2766 2920 2767
f 2920 2921 2767
f 2767 2921 2768
f 2921 2922 2768
f 2768 2922 2769
f 2922 2923 2769
f 2769 2923 2770
f 2923 2924 2770
f 2770 2924 2771
f 2924 2925 2771
f 2771 2925 2772
f 2925 2926 2772
f 2772 2926 2773
f 2926 2927 2773
f 2773 2927 2774
f 2927 2928 2774
f 2774 2928 2775
f 2928 2929 2775
f 2775 2929 2776
f 2929 2930 2776
f 2776 2930 2777
f 2930 2931 2777
f 2777 2931 2778
f 2931 2932 2778
f 2778 2932 2779
f 2932 2933 2779
f 2779 2933 2780
f 2933 2934 2780
f 2780 2934 2781
f 2934 2935 2781
f 2781 2935 2782
f 2935 2936 2782
f 2782 2936 2783
f 2936 2937 2783
f 2783 2937 2784
f 2937 2938 2784
f 2784 2938 2785
f 2938 2939 2785
f 2785 2939 2786
f 2939 2940 2786
f 2786 2940 2787
f 2940 2941 2787
f 2787 2941 2788
f 2941 2942 2788
f 2788 2942 2789
f 2942 2943 2789
f 2789 2943 2790
f 2943 2944 2790
f 2790 2944 2791
f 2944 2945 2791
f 2791 2945 2792
f 2945 2946 2792
f 2792 2946 2793
f 2946 2947 2793
f 2793 2947 2794
f 2947 2948 2794
f 2796 2949 2950
f 2797 2796 2950
f 2948 2796 2794
f 2949 2796 2948
f 2797 2950 2798
f 2950 2951 2798
f 2798 2951 2799
f 2951 2952 2799
f 2800 2953 2954
f 2801 2800 2954
f 2952 2800 2799
f 2953 2800 2952
f 2955 2956 2957
f 2955 2954 2956
f 2955 2802 2954
f 2802 2801 2954
f 2803 2958 2804
f 2958 2959 2804
f 2804 2959 2805
f 2959 2960 2805
f 2805 2960 2806
f 2960 2961 2806
f 2806 2961 2807
f 2961 2962 2807
f 2807 2962 2808
f 2962 2963 2808
f 2808 2963 2809
f 2963 2964 2809
f 2809 2964 2810
f 2964 2965 2810
f 2810 2965 2811
f 2965 2966 2811
f 2811 2966 2812
f 2966 2967 2812
f 2812 2967 2813
f 2967 2968 2813
f 2813 2968 2814
f 2968 2969 2814
f 2814 2969 2815
f 2969 2970 2815
f 2815 2970 2816
f 2970 2971 2816
f 2816 2971 2817
f 2971 2972 2817
f 2817 2972 2818
f 2972 2973 2818
f 2818 2973 2819
f 2973 2974 2819
f 2819 2974 2820
f 2974 2975 2820
f 2820 2975 2821
f 2975 2976 2821
f 2821 2976 2822
f 2976 2977 2822
f 2822 2977 2823
f 2977 2978 2823
f 2823 2978 2824
f 2978 2979 2824
f 2824 2979 2825
f 2979 2980 2825
f 2825 2980 2826
f 2980 2981 2826
f 2826 2981 2827
f 2981 2982 2827
f 2827 2982 2828
f 2982 2983 2828
f 2828 2983 2829
f 2983 2984 2829
f 2829 2984 2830
f 2984 2985 2830
f 2830 2985 2831
f 2985 2986 2831
f 2831 2986 2832
f 2986 2987 2832
f 2832 2987 2833
f 2987 2988 2833
f 2833 2988 2834
f 2988 2989 2834
f 2834 2989 2835
f 2989 2990 2835
f 2835 2990 2836
f 2990 2991 2836
f 2836 2991 2837
f 2991 2992 2837
f 2837 2992 2838
f 2992 2993 2838
f 2838 2993 2839
f 2993 2994 2839
f 2839 2994 2840
f 2994 2995 2840
f 2840 2995 2841
f 2995 2996 2841
f 2841 2996 2842
f 2996 2997 2842
f 2842 2997 2843
f 2997 2998 2843
f 2843 2998 2844
f 2998 2999 2844
f 2844 2999 2845
f 2999 3000 2845
f 2845 3000 2846
f 3000 3001 2846
f 2846 3001 2847
f 3001 3002 2847
f 2847 3002 2848
f 3002 3003 2848
f 2848 3003 2849
f 3003 3004 2849
f 2849 3004 2850
f 3004 3005 2850
f 2850 3005 2851
f 3005 3006 2851
f 2851 3006 2852
f 3006 3007 2852
f 2852 3007 2853
f 3007 3008 2853
f 2853 3008 2854
f 3008 3009 2854
f 2854 3009 2855
f 3009 3010 2855
f 2855 3010 2856
f 3010 3011 2856
f 2856 3011 2857
f 3011 3012 2857
f 2857 3012 2858
f 3012 3013 2858
f 2858 3013 2859
f 3013 3014 2859
f 2859 3014 2860
f 3014 3015 2860
f 2860 3015 2861
f 3015 3016 2861
f 2861 3016 2862
f 3016 3017 2862
f 2862 3017 2863
f 3017 3018 2863
f 2863 3018 2864
f 3018 3019 2864
f 2864 3019 2865
f 3019 3020 2865
f 2865 3020 2866
f 3020 3021 2866
f 2866 3021 2867
f 3021 3022 2867
f 2867 3022 2868
f 3022 3023 2868
f 2868 3023 2869
f 3023 3024 2869
f 2869 3024 2870
f 3024 3025 2870
f 2870 3025 2871
f 3025 3026 2871
f 2871 3026 2872
f 3026 3027 2872
f 2872 3027 2873
f 3027 3028 2873
f 2873 3028 2874
f 3028 3029 2874
f 2874 3029 2875
f 3029 3030 2875
f 2875 3030 2876
f 3030 3031 2876
f 2876 3031 2877
f 3031 3032 2877
f 2877 3032 2878
f 3032 3033 2878
f 2878 3033 2879
f 3033 3034 2879
f 2879 3034 2880
f 3034 3035 2880
f 2880 3035 2881
f 3035 3036 2881
f 2881 3036 2882
f 3036 3037 2882
f 2882 3037 2883
f 3037 3038 2883
f 2883 3038 2884
f 3038 3039 2884
f 2884 3039 2885
f 3039 3040 2885
f 2885 3040 2886
f 3040 3041 2886
f 2886 3041 2887
f 3041 3042 2887
f 2887 3042 2888
f 3042 3043 2888
f 2888 3043 2889
f 3043 3044 2889
f 2889 3044 2890
f 3044 3045 2890
f 2890 3045 2891
f 3045 3046 2891
f 2891 3046 2892
f 3046 3047 2892
f 2892 3047 2893
f 3047 3048 2893
f 2893 3048 2894
f 3048 3049 2894
f 2894 3049 2895
f 3049 3050 2895
f 2895 3050 2896
f 3050 3051 2896
f 2896 3051 2897
f 3051 3052 2897
f 2897 3052 2898
f 3052 3053 2898
f 2898 3053 2899
f 3053 3054 2899
f 2899 3054 2900
f 3054 3055 2900
f 2900 3055 2901
f 3055 3056 2901
f 2901 3056 2902
f 3056 3057 2902
f 2902 3057 2903
f 3057 3058 2903
f 2903 3058 2904
f 3058 3059 2904
f 2904 3059 2905
f 3059 3060 2905
f 2905 3060 2906
f 3060 3061 2906
f 2906 3061 2907
f 3061 3062 2907
f 2907 3062 2908
f 3062 3063 2908
f 2908 3063 2909
f 3063 3064 2909
f 2909 3064 2910
f 3064 3065 2910
f 2910 3065 2911
f 3065 3066 2911
f 2911 3066 2912
f 3066 3067 2912
f 2912 3067 2913
f 3067 3068 2913
f 2913 3068 2914
f 3068 3069 2914
f 2914 3069 2915
f 3069 3070 2915
f 2915 3070 2916
f 3070 3071 2916
f 2916 3071 2917
f 3071 3072 2917
f 2917 3072 2918
f 3072 3073 2918
f 2918 3073 2919
f 3073 3074 2919
f 2919 3074 2920
f 3074 3075 2920
f 2920 3075 2921
f 3075 3076 2921
f 2921 3076 2922
f 3076 3077 2922
f 2922 3077 2923
f 3077 3078 2923
f 2923 3078 2924
f 3078 3079 2924
f 2924 3079 2925
f 3079 3080 2925
f 2925 3080 2926
f 3080 3081 2926
f 2926 3081 2927
f 3081 3082 2927
f 2927 3082 2928
f 3082 3083 2928
f 2928 3083 2929
f 3083 3084 2929
f 2929 3084 2930
f 3084 3085 2930
f 2930 3085 2931
f 3085 3086 2931
f 2931 3086 2932
f 3086 3087 2932
f 2932 3087 2933
f 3087 3088 2933
f 2933 3088 2934
f 3088 3089 2934
f 2934 3089 2935
f 3089 3090 2935
f 2935 3090 2936
f 3090 3091 2936
f 2936 3091 2937
f 3091 3092 2937
f 2937 3092 2938
f 3092 3093 2938
f 2938 3093 2939
f 3093 3094 2939
f 2939 3094 2940
f 3094 3095 2940
f 2940 3095 2941
f 3095 3096 2941
f 2941 3096 2942
f 3096 3097 2942
f 2942 3097 2943
f 3097 3098 2943
f 2943 3098 2944
f 3098 3099 2944
f 2944 3099 2945
f 3099 3100 2945
f 2945 3100 2946
f 3100 3101 2946
f 2946 3101 2947
f 3101 3102 2947
f 2947 3102 2948
f 3102 3103 2948
f 2949 3104 3105
f 2950 2949 3105
f 3103 2949 2948
f 3104 2949 3103
f 2950 3105 2951
f 3105 3106 2951
f 2951 3106 2952
f 3106 3107 2952
f 2953 3108 3109
f 2954 2953 3109
f 3107 2953 2952
f 3108 2953 3107
f 2956 3110 3111
f 2957 2956 3111
f 3109 2956 2954
f 3110 2956 3109
f 2958 3112 2959
f 3112 3113 2959
f 2959 3113 2960
f 3113 3114 2960
f 2960 3114 2961
f 3114 3115 2961
f 2961 3115 2962
f 3115 3116 2962
f 2962 3116 2963
f 3116 3117 2963
f 2963 3117 2964
f 3117 3118 2964
f 2964 3118 2965
f 3118 3119 2965
f 2965 3119 2966
f 3119 3120 2966
f 2966 3120 2967
f 3120 3121 2967
f 2967 3121 2968
f 3121 3122 2968
f 2968 3122 2969
f 3122 3123 2969
f 2969 3123 2970
f 3123 3124 2970
f 2970 3124 2971
f 3124 3125 2971
f 2971 3125 2972
f 3125 3126 2972
f 2972 3126 2973
f 3126 3127 2973
f 2973 3127 2974
f 3127 3128 2974
f 2974 3128 2975
f 3128 3129 2975
f 2975 3129 2976
f 3129 3130 2976
f 2976 3130 2977
f 3130 3131 2977
f 2977 3131 2978
f 3131 3132 2978
f 2978 3132 2979
f 3132 3133 2979
f 2979 3133 2980
f 3133 3134 2980
f 2980 3134 2981
f 3134 3135 2981
f 2981 3135 2982
f 3135 3136 2982
f 2982 3136 2983
f 3136 3137 2983
f 2983 3137 2984
f 3137 3138 2984
f 2984 3138 2985
f 3138 3139 2985
f 2985 3139 2986
f 3139 3140 2986
f 2986 3140 2987
f 3140 3141 2987
f 2987 3141 2988
f 3141 3142 2988
f 2988 3142 2989
f 3142 3143 2989
f 2989 3143 2990
f 3143 3144 2990
f 2990 3144 2991
f 3144 3145 2991
f 2991 3145 2992
f 3145 3146 2992
f 2992 3146 2993
f 3146 3147 2993
f 2993 3147 2994
f 3147 3148 2994
f 2994 3148 2995
f 3148 3149 2995
f 2995 3149 2996
f 3149 3150 2996
f 2996 3150 2997
f 3150 3151 2997
f 2997 3151 2998
f 3151 3152 2998
f 2998 3152 2999
f 3152 3153 2999
f 2999 3153 3000
f 3153 3154 3000
f 3000 3154 3001
f 3154 3155 3001
f 3001 3155 3002
f 3155 3156 3002
f 3002 3156 3003
f 3156 3157 3003
f 3003 3157 3004
f 3157 3158 3004
f 3004 3158 3005
f 3158 3159 3005
f 3005 3159 3006
f 3159 3160 3006
f 3006 3160 3007
f 3160 3161 3007
f 3007 3161 3008
f 3161 3162 3008
f 3008 3162 3009
f 3162 3163 3009
f 3009 3163 3010
f 3163 3164 3010
f 3010 3164 3011
f 3164 3165 3011
f 3011 3165 3012
f 3165 3166 3012
f 3012 3166 3013
f 3166 3167 3013
f 3013 3167 3014
f 3167 3168 3014
f 3014 3168 3015
f 3168 3169 3015
f 3015 3169 3016
f 3169 3170 3016
f 3016 3170 3017
f 3170 3171 3017
f 3017 3171 3018
f 3171 3172 3018
f 3018 3172 3019
f 3172 3173 3019
f 3019 3173 3020
f 3173 3174 3020
f 3020 3174 3021
f 3174 3175 3021
f 3021 3175 3022
f 3175 3176 3022
f 3022 3176 3023
f 3176 3177 3023
f 3023 3177 3024
f 3177 3178 3024
f 3024 3178 3025
f 3178 3179 3025
f 3025 3179 3026
f 3179 3180 3026
f 3026 3180 3027
f 3180 3181 3027
f 3027 3181 3028
f 3181 3182 3028
f 3028 3182 3029
f 3182 3183 3029
f 3029 3183 3030
f 3183 3184 3030
f 3030 3184 3031
f 3184 3185 3031
f 3031 3185 3032
f 3185 3186 3032
f 3032 3186 3033
f 3186 3187 3033
f 3033 3187 3034
f 3187 3188 3034
f 3034 3188 3035
f 3188 3189 3035
f 3035 3189 3036
f 3189 3190 3036
f 3036 3190 3037
f 3190 3191 3037
f 3037 3191 3038
f 3191 3192 3038
f 3038 3192 3039
f 3192 3193 3039
f 3039 3193 3040
f 3193 3194 3040
f 3040 3194 3041
f 3194 3195 3041
f 3041 3195 3042
f 3195 3196 3042
f 3042 3196 3043
f 3196 3197 3043
f 3043 3197 3044
f 3197 3198 3044
f 3044 3198 3045
f 3198 3199 3045
f 3045 3199 3046
f 3199 3200 3046
f 3046 3200 3047
f 3200 3201 3047
f 3047 3201 3048
f 3201 3202 3048
f 3048 3202 3049
f 3202 3203 3049
f 3049 3203 3050
f 3203 3204 3050
f 3050 3204 3051
f 3204 3205 3051
f 3051 3205 3052
f 3205 3206 3052
f 3052 3206 3053
f 3206 3207 3053
f 3053 3207 3054
f 3207 3208 3054
f 3054 3208 3055
f 3208 3209 3055
f 3055 3209 3056
f 3209 3210 3056
f 3056 3210 3057
f 3210 3211 3057
f 3057 3211 3058
f 3211 3212 3058
f 3058 3212 3059
f 3212 3213 3059
f 3059 3213 3060
f 3213 3214 3060
f 3060 3214 3061
f 3214 3215 3061
f 3061 3215 3062
f 3215 3216 3062
f 3062 3216 3063
f 3216 3217 3063
f 3063 3217 3064
f 3217 3218 3064
f 3064 3218 3065
f 3218 3219 3065
f 3065 3219 3066
f 3219 3220 3066
f 3066 3220 3067
f 3220 3221 3067
f 3067 3221 3068
f 3221 3222 3068
f 3068 3222 3069
f 3222 3223 3069
f 3069 3223 3070
f 3223 3224 3070
f 3070 3224 3071
f 3224 3225 3071
f 3071 3225 3072
f 3225 3226 3072
f 3072 3226 3073
f 3226 3227 3073
f 3073 3227 3074
f 3227 3228 3074
f 3074 3228 3075
f 3228 3229 3075
f 3075 3229 3076
f 3229 3230 3076
f 3076 3230 3077
f 3230 3231 3077
f 3077 3231 3078
f 3231 3232 3078
f 3078 3232 3079
f 3232 3233 3079
f 3079 3233 3080
f 3233 3234 3080
f 3080 3234 3081
f 3234 3235 3081
f 3081 3235 3082
f 3235 3236 3082
f 3082 3236 3083
f 3236 3237 3083
f 3083 3237 3084
f 3237 3238 3084
f 3084 3238 3085
f 3238 3239 3085
f 3085 3239 3086
f 3239 3240 3086
f 3086 3240 3087
f 3240 3241 3087
f 3087 3241 3088
f 3241 3242 3088
f 3088 3242 3089
f 3242 3243 3089
f 3089 3243 3090
f 3243 3244 3090
f 3090 3244 3091
f 3244 3245 3091
f 3091 3245 3092
f 3245 3246 3092
f 3092 3246 3093
f 3246 3247 3093
f 3093 3247 3094
f 3247 3248 3094
f 3094 3248 3095
f 3248 3249 3095
f 3095 3249 3096
f 3249 3250 3096
f 3096 3250 3097
f 3250 3251 3097
f 3097 3251 3098
f 3251 3252 3098
f 3098 3252 3099
f 3252 3253 3099
f 3099 3253 3100
f 3253 3254 3100
f 3100 3254 3101
f 3254 3255 3101
f 3101 3255 3102
f 3255 3256 3102
f 3102 3256 3103
f 3256 3257 3103
f 3104 3258 3259
f 3105 3104 3259
f 3257 3104 3103
f 3258 3104 3257
f 3105 3259 3106
f 3259 3260 3106
f 3106 3260 3107
f 3260 3261 3107
f 3108 3262 3263
f 3109 3108 3263
f 3261 3108 3107
f 3262 3108 3261
f 3110 3264 3265
f 3111 3110 3265
f 3263 3110 3109
f 3264 3110 3263
f 3112 3266 3113
f 3266 3267 3113
f 3113 3267 3114
f 3267 3268 3114
f 3114 3268 3115
f 3268 3269 3115
f 3115 3269 3116
f 3269 3270 3116
f 3116 3270 3117
f 3270 3271 3117
f 3117 3271 3118
f 3271 3272 3118
f 3118 3272 3119
f 3272 3273 3119
f 3119 3273 3120
f 3273 3274 3120
f 3120 3274 3121
f 3274 3275 3121
f 3121 3275 3122
f 3275 3276 3122
f 3122 3276 3123
f 3276 3277 3123
f 3123 3277 3124
f 3277 3278 3124
f 3124 3278 3125
f 3278 3279 3125
f 3125 3279 3126
f 3279 3280 3126
f 3126 3280 3127
f 3280 3281 3127
f 3127 3281 3128
f 3281 3282 3128
f 3128 3282 3129
f 3282 3283 3129
f 3129 3283 3130
f 3283 3284 3130
f 3130 3284 3131
f 3284 3285 3131
f 3131 3285 3132
f 3285 3286 3132
f 3132 3286 3133
f 3286 3287 3133
f 3133 3287 3134
f 3287 3288 3134
f 3134 3288 3135
f 3288 3289 3135
f 3135 3289 3136
f 3289 3290 3136
f 3136 3290 3137
f 3290 3291 3137
f 3137 3291 3138
f 3291 3292 3138
f 3138 3292 3139
f 3292 3293 3139
f 3139 3293 3140
f 3293 3294 3140
f 3140 3294 3141
f 3294 3295 3141
f 3141 3295 3142
f 3295 3296 3142
f 3142 3296 3143
f 3296 3297 3143
f 3143 3297 3144
f 3297 3298 3144
f 3144 3298 3145
f 3298 3299 3145
f 3145 3299 3146
f 3299 3300 3146
f 3146 3300 3147
f 3300 3301 3147
f 3147 3301 3148
f 3301 3302 3148
f 3148 3302 3149
f 3302 3303 3149
f 3149 3303 3150
f 3303 3304 3150
f 3150 3304 3151
f 3304 3305 3151
f 3151 3305 3152
f 3305 3306 3152
f 3152 3306 3153
f 3306 3307 3153
f 3153 3307 3154
f 3307 3308 3154
f 3154 3308 3155
f 3308 3309 3155
f 3155 3309 3156
f 3309 3310 3156
f 3156 3310 3157
f 3310 3311 3157
f 3157 3311 3158
f 3311 3312 3158
f 3158 3312 3159
f 3312 3313 3159
f 3159 3313 3160
f 3313 3314 3160
f 3160 3314 3161
f 3314 3315 3161
f 3161 3315 3162
f 3315 3316 3162
f 3162 3316 3163
f 3316 3317 3163
f 3163 3317 3164
f 3317 3318 3164
f 3164 3318 3165
f 3318 3319 3165
f 3165 3319 3166
f 3319 3320 3166
f 3166 3320 3167
f 3320 3321 3167
f 3167 3321 3168
f 3321 3322 3168
f 3168 3322 3169
f 3322 3323 3169
f 3169 3323 3170
f 3323 3324 3170
f 3170 3324 3171
f 3324 3325 3171
f 3171 3325 3172
f 3325 3326 3172
f 3172 3326 3173
f 3326 3327 3173
f 3173 3327 3174
f 3327 3328 3174
f 3174 3328 3175
f 3328 3329 3175
f 3175 3329 3176
f 3329 3330 3176
f 3176 3330 3177
f 3330 3331 3177
f 3177 3331 3178
f 3331 3332 3178
f 3178 3332 3179
f 3332 3333 3179
f 3179 3333 3180
f 3333 3334 3180
f 3180 3334 3181
f 3334 3335 3181
f 3181 3335 3182
f 3335 3336 3182
f 3182 3336 3183
f 3336 3337 3183
f 3183 3337 3184
f 3337 3338 3184
f 3184 3338 3185
f 3338 3339 3185
f 3185 3339 3186
f 3339 3340 3186
f 3186 3340 3187
f 3340 3341 3187
f 3187 3341 3188
f 3341 3342 3188
f 3188 3342 3189
f 3342 3343 3189
f 3189 3343 3190
f 3343 3344 3190
f 3190 3344 3191
f 3344 3345 3191
f 3191 3345 3192
f 3345 3346 3192
f 3192 3346 3193
f 3346 3347 3193
f 3193 3347 3194
f 3347 3348 3194
f 3194 3348 3195
f 3348 3349 3195
f 3195 3349 3196
f 3349 3350 3196
f 3196 3350 3197
f 3350 3351 3197
f 3197 3351 3198
f 3351 3352 3198
f 3198 3352 3199
f 3352 3353 3199
f 3199 3353 3200
f 3353 3354 3200
f 3200 3354 3201
f 3354 3355 3201
f 3201 3355 3202
f 3355 3356 3202
f 3202 3356 3203
f 3356 3357 3203
f 3203 3357 3204
f 3357 3358 3204
f 3204 3358 3205
f 3358 3359 3205
f 3205 3359 3206
f 3359 3360 3206
f 3206 3360 3207
f 3360 3361 3207
f 3207 3361 3208
f 3361 3362 3208
f 3208 3362 3209
f 3362 3363 3209
f 3209 3363 3210
f 3363 3364 3210
f 3210 3364 3211
f 3364 3365 3211
f 3211 3365 3212
f 3365 3366 3212
f 3212 3366 3213
f 3366 3367 3213
f 3213 3367 3214
f 3367 3368 3214
f 3214 3368 3215
f 3368 3369 3215
f 3215 3369 3216
f 3369 3370 3216
f 3216 3370 3217
f 3370 3371 3217
f 3217 3371 3218
f 3371 3372 3218
f 3218 3372 3219
f 3372 3373 3219
f 3219 3373 3220
f 3373 3374 3220
f 3220 3374 3221
f 3374 3375 3221
f 3221 3375 3222
f 3375 3376 3222
f 3222 3376 3223
f 3376 3377 3223
f 3223 3377 3224
f 3377 3378 3224
f 3224 3378 3225
f 3378 3379 3225
f 3225 3379 3226
f 3379 3380 3226
f 3226 3380 3227
f 3380 3381 3227
f 3227 3381 3228
f 3381 3382 3228
f 3228 3382 3229
f 3382 3383 3229
f 3229 3383 3230
f 3383 3384 3230
f 3230 3384 3231
f 3384 3385 3231
f 3231 3385 3232
f 3385 3386 3232
f 3232 3386 3233
f 3386 3387 3233
f 3233 3387 3234
f 3387 3388 3234
f 3234 3388 3235
f 3388 3389 3235
f 3235 3389 3236
f 3389 3390 3236
f 3236 3390 3237
f 3390 3391 3237
f 3237 3391 3238
f 3391 3392 3238
f 3238 3392 3239
f 3392 3393 3239
f 3239 3393 3240
f 3393 3394 3240
f 3240 3394 3241
f 3394 3395 3241
f 3241 3395 3242
f 3395 3396 3242
f 3242 3396 3243
f 3396 3397 3243
f 3243 3397 3244
f 3397 3398 3244
f 3244 3398 3245
f 3398 3399 3245
f 3245 3399 3246
f 3399 3400 3246
f 3246 3400 3247
f 3400 3401 3247
f 3247 3401 3248
f 3401 3402 3248
f 3248 3402 3249
f 3402 3403 3249
f 3249 3403 3250
f 3403 3404 3250
f 3250 3404 3251
f 3404 3405 3251
f 3251 3405 3252
f 3405 3406 3252
f 3252 3406 3253
f 3406 3407 3253
f 3253 3407 3254
f 3407 3408 3254
f 3254 3408 3255
f 3408 3409 3255
f 3255 3409 3256
f 3409 3410 3256
f 3256 3410 3257
f 3410 3411 3257
f 3258 3412 3413
f 3259 3258 3413
f 3411 3258 3257
f 3412 3258 3411
f 3259 3413 3260
f 3413 3414 3260
f 3260 3414 3261
f 3414 3415 3261
f 3262 3416 3417
f 3263 3262 3417
f 3415 3262 3261
f 3416 3262 3415
f 3264 3418 3419
f 3265 3264 3419
f 3417 3264 3263
f 3418 3264 3417
f 3266 3420 3267
f 3420 3421 3267
f 3267 3421 3268
f 3421 3422 3268
f 3268 3422 3269
f 3422 3423 3269
f 3269 3423 3270
f 3423 3424 3270
f 3270 3424 3271
f 3424 3425 3271
f 3271 3425 3272
f 3425 3426 3272
f 3272 3426 3273
f 3426 3427 3273
f 3273 3427 3274
f 3427 3428 3274
f 3274 3428 3275
f 3428 3429 3275
f 3275 3429 3276
f 3429 3430 3276
f 3276 3430 3277
f 3430 3431 3277
f 3277 3431 3278
f 3431 3432 3278
f 3278 3432 3279
f 3432 3433 3279
f 3279 3433 3280
f 3433 3434 3280
f 3280 3434 3281
f 3434 3435 3281
f 3281 3435 3282
f 3435 3436 3282
f 3282 3436 3283
f 3436 3437 3283
f 3283 3437 3284
f 3437 3438 3284
f 3284 3438 3285
f 3438 3439 3285
f 3285 3439 3286
f 3439 3440 3286
f 3286 3440 3287
f 3440 3441 3287
f 3287 3441 3288
f 3441 3442 3288
f 3288 3442 3289
f 3442 3443 3289
f 3289 3443 3290
f 3443 3444 3290
f 3290 3444 3291
f 3444 3445 3291
f 3291 3445 3292
f 3445 3446 3292
f 3292 3446 3293
f 3446 3447 3293
f 3293 3447 3294
f 3447 3448 3294
f 3294 3448 3295
f 3448 3449 3295
f 3295 3449 3296
f 3449 3450 3296
f 3296 3450 3297
f 3450 3451 3297
f 3297 3451 3298
f 3451 3452 3298
f 3298 3452 3299
f 3452 3453 3299
f 3299 3453 3300
f 3453 3454 3300
f 3300 3454 3301
f 3454 3455 3301
f 3301 3455 3302
f 3455 3456 3302
f 3302 3456 3303
f 3456 3457 3303
f 3303 3457 3304
f 3457 3458 3304
f 3304 3458 3305
f 3458 3459 3305
f 3305 3459 3306
f 3459 3460 3306
f 3306 3460 3307
f 3460 3461 3307
f 3307 3461 3308
f 3461 3462 3308
f 3308 3462 3309
f 3462 3463 3309
f 3309 3463 3310
f 3463 3464 3310
f 3310 3464 3311
f 3464 3465 3311
f 3311 3465 3312
f 3465 3466 3312
f 3312 3466 3313
f 3466 3467 3313
f 3313 3467 3314
f 3467 3468 3314
f 3314 3468 3315
f 3468 3469 3315
f 3315 3469 3316
f 3469 3470 3316
f 3316 3470 3317
f 3470 3471 3317
f 3317 3471 3318
f 3471 3472 3318
f 3318 3472 3319
f 3472 3473 3319
f 3319 3473 3320
f 3473 3474 3320
f 3320 3474 3321
f 3474 3475 3321
f 3321 3475 3322
f 3475 3476 3322
f 3322 3476 3323
f 3476 3477 3323
f 3323 3477 3324
f 3477 3478 3324
f 3324 3478 3325
f 3478 3479 3325
f 3325 3479 3326
f 3479 3480 3326
f 3326 3480 3327
f 3480 3481 3327
f 3327 3481 3328
f 3481 3482 3328
f 3328 3482 3329
f 3482 3483 3329
f 3329 3483 3330
f 3483 3484 3330
f 3330 3484 3331
f 3484 3485 3331
f 3331 3485 3332
f 3485 3486 3332
f 3332 3486 3333
f 3486 3487 3333
f 3333 3487 3334
f 3487 3488 3334
f 3334 3488 3335
f 3488 3489 3335
f 3335 3489 3336
f 3489 3490 3336
f 3336 3490 3337
f 3490 3491 3337
f 3337 3491 3338
f 3491 3492 3338
f 3338 3492 3339
f 3492 3493 3339
f 3339 3493 3340
f 3493 3494 3340
f 3340 3494 3341
f 3494 3495 3341
f 3341 3495 3342
f 3495 3496 3342
f 3342 3496 3343
f 3496 3497 3343
f 3343 3497 3344
f 3497 3498 3344
f 3344 3498 3345
f 3498 3499 3345
f 3345 3499 3346
f 3499 3500 3346
f 3346 3500 3347
f 3500 3501 3347
f 3347 3501 3348
f 3501 3502 3348
f 3348 3502 3349
f 3502 3503 3349
f 3349 3503 3350
f 3503 3504 3350
f 3350 3504 3351
f 3504 3505 3351
f 3351 3505 3352
f 3505 3506 3352
f 3352 3506 3353
f 3506 3507 3353
f 3353 3507 3354
f 3507 3508 3354
f 3354 3508 3355
f 3508 3509 3355
f 3355 3509 3356
f 3509 3510 3356
f 3356 3510 3357
f 3510 3511 3357
f 3357 3511 3358
f 3511 3512 3358
f 3358 3512 3359
f 3512 3513 3359
f 3359 3513 3360
f 3513 3514 3360
f 3360 3514 3361
f 3514 3515 3361
f 3361 3515 3362
f 3515 3516 3362
f 3362 3516 3363
f 3516 3517 3363
f 3363 3517 3364
f 3517 3518 3364
f 3364 3518 3365
f 3518 3519 3365
f 3365 3519 3366
f 3519 3520 3366
f 3366 3520 3367
f 3520 3521 3367
f 3367 3521 3368
f 3521 3522 3368
f 3368 3522 3369
f 3522 3523 3369
f 3369 3523 3370
f 3523 3524 3370
f 3370 3524 3371
f 3524 3525 3371
f 3371 3525 3372
f 3525 3526 3372
f 3372 3526 3373
f 3526 3527 3373
f 3373 3527 3374
f 3527 3528 3374
f 3374 3528 3375
f 3528 3529 3375
f 3375 3529 3376
f 3529 3530 3376
f 3376 3530 3377
f 3530 3531 3377
f 3377 3531 3378
f 3531 3532 3378
f 3378 3532 3379
f 3532 3533 3379
f 3379 3533 3380
f 3533 3534 3380
f 3380 3534 3381
f 3534 3535 3381
f 3381 3535 3382
f 3535 3536 3382
f 3382 3536 3383
f 3536 3537 3383
f 3383 3537 3384
f 3537 3538 3384
f 3384 3538 3385
f 3538 3539 3385
f 3385 3539 3386
f 3539 3540 3386
f 3386 3540 3387
f 3540 3541 3387
f 3387 3541 3388
f 3541 3542 3388
f 3388 3542 3389
f 3542 3543 3389
f 3389 3543 3390
f 3543 3544 3390
f 3390 3544 3391
f 3544 3545 3391
f 3391 3545 3392
f 3545 3546 3392
f 3392 3546 3393
f 3546 3547 3393
f 3393 3547 3394
f 3547 3548 3394
f 3394 3548 3395
f 3548 3549 3395
f 3395 3549 3396
f 3549 3550 3396
f 3396 3550 3397
f 3550 3551 3397
f 3397 3551 3398
f 3551 3552 3398
f 3398 3552 3399
f 3552 3553 3399
f 3399 3553 3400
f 3553 3554 3400
f 3400 3554 3401
f 3554 3555 3401
f 3401 3555 3402
f 3555 3556 3402
f 3402 3556 3403
f 3556 3557 3403
f 3403 3557 3404
f 3557 3558 3404
f 3404 3558 3405
f 3558 3559 3405
f 3405 3559 3406
f 3559 3560 3406
f 3406 3560 3407
f 3560 3561 3407
f 3407 3561 3408
f 3561 3562 3408
f 3408 3562 3409
f 3562 3563 3409
f 3409 3563 3410
f 3563 3564 3410
f 3410 3564 3411
f 3564 3565 3411
f 3412 3566 3567
f 3413 3412 3567
f 3565 3412 3411
f 3566 3412 3565
f 3413 3567 3414
f 3567 3568 3414
f 3414 3568 3415
f 3568 3569 3415
f 3416 3570 3571
f 3417 3416 3571
f 3569 3416 3415
f 3570 3416 3569
f 3418 3572 3573
f 3419 3418 3573
f 3571 3418 3417
f 3572 3418 3571
f 3420 3574 3421
f 3574 3575 3421
f 3421 3575 3422
f 3575 3576 3422
f 3422 3576 3423
f 3576 3577 3423
f 3423 3577 3424
f 3577 3578 3424
f 3424 3578 3425
f 3578 3579 3425
f 3425 3579 3426
f 3579 3580 3426
f 3426 3580 3427
f 3580 3581 3427
f 3427 3581 3428
f 3581 3582 3428
f 3428 3582 3429
f 3582 3583 3429
f 3429 3583 3430
f 3583 3584 3430
f 3430 3584 3431
f 3584 3585 3431
f 3431 3585 3432
f 3585 3586 3432
f 3432 3586 3433
f 3586 3587 3433
f 3433 3587 3434
f 3587 3588 3434
f 3434 3588 3435
f 3588 3589 3435
f 3435 3589 3436
f 3589 3590 3436
f 3436 3590 3437
f 3590 3591 3437
f 3437 3591 3438
f 3591 3592 3438
f 3438 3592 3439
f 3592 3593 3439
f 3439 3593 3440
f 3593 3594 3440
f 3440 3594 3441
f 3594 3595 3441
f 3441 3595 3442
f 3595 3596 3442
f 3442 3596 3443
f 3596 3597 3443
f 3443 3597 3444
f 3597 3598 3444
f 3444 3598 3445
f 3598 3599 3445
f 3445 3599 3446
f 3599 3600 3446
f 3446 3600 3447
f 3600 3601 3447
f 3447 3601 3448
f 3601 3602 3448
f 3448 3602 3449
f 3602 3603 3449
f 3449 3603 3450
f 3603 3604 3450
f 3450 3604 3451
f 3604 3605 3451
f 3451 3605 3452
f 3605 3606 3452
f 3452 3606 3453
f 3606 3607 3453
f 3453 3607 3454
f 3607 3608 3454
f 3454 3608 3455
f 3608 3609 3455
f 3455 3609 3456
f 3609 3610 3456
f 3456 3610 3457
f 3610 3611 3457
f 3457 3611 3458
f 3611 3612 3458
f 3458 3612 3459
f 3612 3613 3459
f 3459 3613 3460
f 3613 3614 3460
f 3460 3614 3461
f 3614 3615 3461
f 3461 3615 3462
f 3615 3616 3462
f 3462 3616 3463
f 3616 3617 3463
f 3463 3617 3464
f 3617 3618 3464
f 3464 3618 3465
f 3618 3619 3465
f 3465 3619 3466
f 3619 3620 3466
f 3466 3620 3467
f 3620 3621 3467
f 3467 3621 3468
f 3621 3622 3468
f 3468 3622 3469
f 3622 3623 3469
f 3469 3623 3470
f 3623 3624 3470
f 3470 3624 3471
f 3624 3625 3471
f 3471 3625 3472
f 3625 3626 3472
f 3472 3626 3473
f 3626 3627 3473
f 3473 3627 3474
f 3627 3628 3474
f 3474 3628 3475
f 3628 3629 3475
f 3475 3629 3476
f 3629 3630 3476
f 3476 3630 3477
f 3630 3631 3477
f 3477 3631 3478
f 3631 3632 3478
f 3478 3632 3479
f 3632 3633 3479
f 3479 3633 3480
f 3633 3634 3480
f 3480 3634 3481
f 3634 3635 3481
f 3481 3635 3482
f 3635 3636 3482
f 3482 3636 3483
f 3636 3637 3483
f 3483 3637 3484
f 3637 3638 3484
f 3484 3638 3485
f 3638 3639 3485
f 3485 3639 3486
f 3639 3640 3486
f 3486 3640 3487
f 3640 3641 3487
f 3487 3641 3488
f 3641 3642 3488
f 3488 3642 3489
f 3642 3643 3489
f 3489 3643 3490
f 3643 3644 3490
f 3490 3644 3491
f 3644 3645 3491
f 3491 3645 3492
f 3645 3646 3492
f 3492 3646 3493
f 3646 3647 3493
f 3493 3647 3494
f 3647 3648 3494
f 3494 3648 3495
f 3648 3649 3495
f 3495 3649 3496
f 3649 3650 3496
f 3496 3650 3497
f 3650 3651 3497
f 3497 3651 3498
f 3651 3652 3498
f 3498 3652 3499
f 3652 3653 3499
f 3499 3653 3500
f 3653 3654 3500
f 3500 3654 3501
f 3654 3655 3501
f 3501 3655 3502
f 3655 3656 3502
f 3502 3656 3503
f 3656 3657 3503
f 3503 3657 3504
f 3657 3658 3504
f 3504 3658 3505
f 3658 3659 3505
f 3505 3659 3506
f 3659 3660 3506
f 3506 3660 3507
f 3660 3661 3507
f 3507 3661 3508
f 3661 3662 3508
f 3508 3662 3509
f 3662 3663 3509
f 3509 3663 3510
f 3663 3664 3510
f 3510 3664 3511
f 3664 3665 3511
f 3511 3665 3512
f 3665 3666 3512
f 3512 3666 3513
f 3666 3667 3513
f 3513 3667 3514
f 3667 3668 3514
f 3514 3668 3515
f 3668 3669 3515
f 3515 3669 3516
f 3669 3670 3516
f 3516 3670 3517
f 3670 3671 3517
f 3517 3671 3518
f 3671 3672 3518
f 3518 3672 3519
f 3672 3673 3519
f 3519 3673 3520
f 3673 3674 3520
f 3520 3674 3521
f 3674 3675 3521
f 3521 3675 3522
f 3675 3676 3522
f 3522 3676 3523
f 3676 3677 3523
f 3523 3677 3524
f 3677 3678 3524
f 3524 3678 3525
f 3678 3679 3525
f 3525 3679 3526
f 3679 3680 3526
f 3526 3680 3527
f 3680 3681 3527
f 3527 3681 3528
f 3681 3682 3528
f 3528 3682 3529
f 3682 3683 3529
f 3529 3683 3530
f 3683 3684 3530
f 3530 3684 3531
f 3684 3685 3531
f 3531 3685 3532
f 3685 3686 3532
f 3532 3686 3533
f 3686 3687 3533
f 3533 3687 3534
f 3687 3688 3534
f 3534 3688 3535
f 3688 3689 3535
f 3535 3689 3536
f 3689 3690 3536
f 3536 3690 3537
f 3690 3691 3537
f 3537 3691 3538
f 3691 3692 3538
f 3538 3692 3539
f 3692 3693 3539
f 3539 3693 3540
f 3693 3694 3540
f 3540 3694 3541
f 3694 3695 3541
f 3541 3695 3542
f 3695 3696 3542
f 3542 3696 3543
f 3696 3697 3543
f 3543 3697 3544
f 3697 3698 3544
f 3544 3698 3545
f 3698 3699 3545
f 3545 3699 3546
f 3699 3700 3546
f 3546 3700 3547
f 3700 3701 3547
f 3547 3701 3548
f 3701 3702 3548
f 3548 3702 3549
f 3702 3703 3549
f 3549 3703 3550
f 3703 3704 3550
f 3550 3704 3551
f 3704 3705 3551
f 3551 3705 3552
f 3705 3706 3552
f 3552 3706 3553
f 3706 3707 3553
f 3553 3707 3554
f 3707 3708 3554
f 3554 3708 3555
f 3708 3709 3555
f 3555 3709 3556
f 3709 3710 3556
f 3556 3710 3557
f 3710 3711 3557
f 3557 3711 3558
f 3711 3712 3558
f 3558 3712 3559
f 3712 3713 3559
f 3559 3713 3560
f 3713 3714 3560
f 3560 3714 3561
f 3714 3715 3561
f 3561 3715 3562
f 3715 3716 3562
f 3562 3716 3563
f 3716 3717 3563
f 3563 3717 3564
f 3717 3718 3564
f 3564 3718 3565
f 3718 3719 3565
f 3566 3720 3721
f 3567 3566 3721
f 3719 3566 3565
f 3720 3566 3719
f 3567 3721 3568
f 3721 3722 3568
f 3568 3722 3569
f 3722 3723 3569
f 3570 3724 3725
f 3571 3570 3725
f 3723 3570 3569
f 3724 3570 3723
f 3572 3726 3727
f 3573 3572 3727
f 3725 3572 3571
f 3726 3572 3725
f 3574 3728 3575
f 3728 3729 3575
f 3575 3729 3576
f 3729 3730 3576
f 3576 3730 3577
f 3730 3731 3577
f 3577 3731 3578
f 3731 3732 3578
f 3578 3732 3579
f 3732 3733 3579
f 3579 3733 3580
f 3733 3734 3580
f 3580 3734 3581
f 3734 3735 3581
f 3581 3735 3582
f 3735 3736 3582
f 3582 3736 3583
f 3736 3737 3583
f 3583 3737 3584
f 3737 3738 3584
f 3584 3738 3585
f 3738 3739 3585
f 3585 3739 3586
f 3739 3740 3586
f 3586 3740 3587
f 3740 3741 3587
f 3587 3741 3588
f 3741 3742 3588
f 3588 3742 3589
f 3742 3743 3589
f 3589 3743 3590
f 3743 3744 3590
f 3590 3744 3591
f 3744 3745 3591
f 3591 3745 3592
f 3745 3746 3592
f 3592 3746 3593
f 3746 3747 3593
f 3593 3747 3594
f 3747 3748 3594
f 3594 3748 3595
f 3748 3749 3595
f 3595 3749 3596
f 3749 3750 3596
f 3596 3750 3597
f 3750 3751 3597
f 3597 3751 3598
f 3751 3752 3598
f 3598 3752 3599
f 3752 3753 3599
f 3599 3753 3600
f 3753 3754 3600
f 3600 3754 3601
f 3754 3755 3601
f 3601 3755 3602
f 3755 3756 3602
f 3602 3756 3603
f 3756 3757 3603
f 3603 3757 3604
f 3757 3758 3604
f 3604 3758 3605
f 3758 3759 3605
f 3605 3759 3606
f 3759 3760 3606
f 3606 3760 3607
f 3760 3761 3607
f 3607 3761 3608
f 3761 3762 3608
f 3608 3762 3609
f 3762 3763 3609
f 3609 3763 3610
f 3763 3764 3610
f 3610 3764 3611
f 3764 3765 3611
f 3611 3765 3612
f 3765 3766 3612
f 3612 3766 3613
f 3766 3767 3613
f 3613 3767 3614
f 3767 3768 3614
f 3614 3768 3615
f 3768 3769 3615
f 3615 3769 3616
f 3769 3770 3616
f 3616 3770 3617
f 3770 3771 3617
f 3617 3771 3618
f 3771 3772 3618
f 3618 3772 3619
f 3772 3773 3619
f 3619 3773 3620
f 3773 3774 3620
f 3620 3774 3621
f 3774 3775 3621
f 3621 3775 3622
f 3775 3776 3622
f 3622 3776 3623
f 3776 3777 3623
f 3623 3777 3624
f 3777 3778 3624
f 3624 3778 3625
f 3778 3779 3625
f 3625 3779 3626
f 3779 3780 3626
f 3626 3780 3627
f 3780 3781 3627
f 3627 3781 3628
f 3781 3782 3628
f 3628 3782 3629
f 3782 3783 3629
f 3629 3783 3630
f 3783 3784 3630
f 3630 3784 3631
f 3784 3785 3631
f 3631 3785 3632
f 3785 3786 3632
f 3632 3786 3633
f 3786 3787 3633
f 3633 3787 3634
f 3787 3788 3634
f 3634 3788 3635
f 3788 3789 3635
f 3635 3789 3636
f 3789 3790 3636
f 3636 3790 3637
f 3790 3791 3637
f 3637 3791 3638
f 3791 3792 3638
f 3638 3792 3639
f 3792 3793 3639
f 3639 3793 3640
f 3793 3794 3640
f 3640 3794 3641
f 3794 3795 3641
f 3641 3795 3642
f 3795 3796 3642
f 3642 3796 3643
f 3796 3797 3643
f 3643 3797 3644
f 3797 3798 3644
f 3644 3798 3645
f 3798 3799 3645
f 3645 3799 3646
f 3799 3800 3646
f 3646 3800 3647
f 3800 3801 3647
f 3647 3801 3648
f 3801 3802 3648
f 3648 3802 3649
f 3802 3803 3649
f 3649 3803 3650
f 3803 3804 3650
f 3650 3804 3651
f 3804 3805 3651
f 3651 3805 3652
f 3805 3806 3652
f 3652 3806 3653
f 3806 3807 3653
f 3653 3807 3654
f 3807 3808 3654
f 3654 3808 3655
f 3808 3809 3655
f 3655 3809 3656
f 3809 3810 3656
f 3656 3810 3657
f 3810 3811 3657
f 3657 3811 3658
f 3811 3812 3658
f 3658 3812 3659
f 3812 3813 3659
f 3659 3813 3660
f 3813 3814 3660
f 3660 3814 3661
f 3814 3815 3661
f 3661 3815 3662
f 3815 3816 3662
f 3662 3816 3663
f 3816 3817 3663
f 3663 3817 3664
f 3817 3818 3664
f 3664 3818 3665
f 3818 3819 3665
f 3665 3819 3666
f 3819 3820 3666
f 3666 3820 3667
f 3820 3821 3667
f 3667 3821 3668
f 3821 3822 3668
f 3668 3822 3669
f 3822 3823 3669
f 3669 3823 3670
f 3823 3824 3670
f 3670 3824 3671
f 3824 3825 3671
f 3671 3825 3672
f 3825 3826 3672
f 3672 3826 3673
f 3826 3827 3673
f 3673 3827 3674
f 3827 3828 3674
f 3674 3828 3675
f 3828 3829 3675
f 3675 3829 3676
f 3829 3830 3676
f 3676 3830 3677
f 3830 3831 3677
f 3677 3831 3678
f 3831 3832 3678
f 3678 3832 3679
f 3832 3833 3679
f 3679 3833 3680
f 3833 3834 3680
f 3680 3834 3681
f 3834 3835 3681
f 3681 3835 3682
f 3835 3836 3682
f 3682 3836 3683
f 3836 3837 3683
f 3683 3837 3684
f 3837 3838 3684
f 3684 3838 3685
f 3838 3839 3685
f 3685 3839 3686
f 3839 3840 3686
f 3686 3840 3687
f 3840 3841 3687
f 3687 3841 3688
f 3841 3842 3688
f 3688 3842 3689
f 3842 3843 3689
f 3689 3843 3690
f 3843 3844 3690
f 3690 3844 3691
f 3844 3845 3691
f 3691 3845 3692
f 3845 3846 3692
f 3692 3846 3693
f 3846 3847 3693
f 3693 3847 3694
f 3847 3848 3694
f 3694 3848 3695
f 3848 3849 3695
f 3695 3849 3696
f 3849 3850 3696
f 3696 3850 3697
f 3850 3851 3697
f 3697 3851 3698
f 3851 3852 3698
f 3698 3852 3699
f 3852 3853 3699
f 3699 3853 3700
f 3853 3854 3700
f 3700 3854 3701
f 3854 3855 3701
f 3701 3855 3702
f 3855 3856 3702
f 3702 3856 3703
f 3856 3857 3703
f 3703 3857 3704
f 3857 3858 3704
f 3704 3858 3705
f 3858 3859 3705
f 3705 3859 3706
f 3859 3860 3706
f 3706 3860 3707
f 3860 3861 3707
f 3707 3861 3708
f 3861 3862 3708
f 3708 3862 3709
f 3862 3863 3709
f 3709 3863 3710
f 3863 3864 3710
f 3710 3864 3711
f 3864 3865 3711
f 3711 3865 3712
f 3865 3866 3712
f 3712 3866 3713
f 3866 3867 3713
f 3713 3867 3714
f 3867 3868 3714
f 3714 3868 3715
f 3868 3869 3715
f 3715 3869 3716
f 3869 3870 3716
f 3716 3870 3717
f 3870 3871 3717
f 3717 3871 3718
f 3871 3872 3718
f 3718 3872 3719
f 3872 3873 3719
f 3720 3874 3875
f 3721 3720 3875
f 3873 3720 3719
f 3874 3720 3873
f 3721 3875 3722
f 3875 3876 3722
f 3722 3876 3723
f 3876 3877 3723
f 3724 3878 3879
f 3725 3724 3879
f 3877 3724 3723
f 3878 3724 3877
f 3726 3880 3881
f 3727 3726 3881
f 3879 3726 3725
f 3880 3726 3879
f 3728 3882 3729
f 3882 3883 3729
f 3729 3883 3730
f 3883 3884 3730
f 3730 3884 3731
f 3884 3885 3731
f 3731 3885 3732
f 3885 3886 3732
f 3732 3886 3733
f 3886 3887 3733
f 3733 3887 3734
f 3887 3888 3734
f 3734 3888 3735
f 3888 3889 3735
f 3735 3889 3736
f 3889 3890 3736
f 3736 3890 3737
f 3890 3891 3737
f 3737 3891 3738
f 3891 3892 3738
f 3738 3892 3739
f 3892 3893 3739
f 3739 3893 3740
f 3893 3894 3740
f 3740 3894 3741
f 3894 3895 3741
f 3741 3895 3742
f 3895 3896 3742
f 3742 3896 3743
f 3896 3897 3743
f 3743 3897 3744
f 3897 3898 3744
f 3744 3898 3745
f 3898 3899 3745
f 3745 3899 3746
f 3899 3900 3746
f 3746 3900 3747
f 3900 3901 3747
f 3747 3901 3748
f 3901 3902 3748
f 3748 3902 3749
f 3902 3903 3749
f 3749 3903 3750
f 3903 3904 3750
f 3750 3904 3751
f 3904 3905 3751
f 3751 3905 3752
f 3905 3906 3752
f 3752 3906 3753
f 3906 3907 3753
f 3753 3907 3754
f 3907 3908 3754
f 3754 3908 3755
f 3908 3909 3755
f 3755 3909 3756
f 3909 3910 3756
f 3756 3910 3757
f 3910 3911 3757
f 3757 3911 3758
f 3911 3912 3758
f 3758 3912 3759
f 3912 3913 3759
f 3759 3913 3760
f 3913 3914 3760
f 3760 3914 3761
f 3914 3915 3761
f 3761 3915 3762
f 3915 3916 3762
f 3762 3916 3763
f 3916 3917 3763
f 3763 3917 3764
f 3917 3918 3764
f 3764 3918 3765
f 3918 3919 3765
f 3765 3919 3766
f 3919 3920 3766
f 3766 3920 3767
f 3920 3921 3767
f 3767 3921 3768
f 3921 3922 3768
f 3768 3922 3769
f 3922 3923 3769
f 3769 3923 3770
f 3923 3924 3770
f 3770 3924 3771
f 3924 3925 3771
f 3771 3925 3772
f 3925 3926 3772
f 3772 3926 3773
f 3926 3927 3773
f 3773 3927 3774
f 3927 3928 3774
f 3774 3928 3775
f 3928 3929 3775
f 3775 3929 3776
f 3929 3930 3776
f 3776 3930 3777
f 3930 3931 3777
f 3777 3931 3778
f 3931 3932 3778
f 3778 3932 3779
f 3932 3933 3779
f 3779 3933 3780
f 3933 3934 3780
f 3780 3934 3781
f 3934 3935 3781
f 3781 3935 3782
f 3935 3936 3782
f 3782 3936 3783
f 3936 3937 3783
f 3783 3937 3784
f 3937 3938 3784
f 3784 3938 3785
f 3938 3939 3785
f 3785 3939 3786
f 3939 3940 3786
f 3786 3940 3787
f 3940 3941 3787
f 3787 3941 3788
f 3941 3942 3788
f 3788 3942 3789
f 3942 3943 3789
f 3789 3943 3790
f 3943 3944 3790
f 3790 3944 3791
f 3944 3945 3791
f 3791 3945 3792
f 3945 3946 3792
f 3792 3946 3793
f 3946 3947 3793
f 3793 3947 3794
f 3947 3948 3794
f 3794 3948 3795
f 3948 3949 3795
f 3795 3949 3796
f 3949 3950 3796
f 3796 3950 3797
f 3950 3951 3797
f 3797 3951 3798
f 3951 3952 3798
f 3798 3952 3799
f 3952 3953 3799
f 3799 3953 3800
f 3953 3954 3800
f 3800 3954 3801
f 3954 3955 3801
f 3801 3955 3802
f 3955 3956 3802
f 3802 3956 3803
f 3956 3957 3803
f 3803 3957 3804
f 3957 3958 3804
f 3804 3958 3805
f 3958 3959 3805
f 3805 3959 3806
f 3959 3960 3806
f 3806 3960 3807
f 3960 3961 3807
f 3807 3961 3808
f 3961 3962 3808
f 3808 3962 3809
f 3962 3963 3809
f 3809 3963 3810
f 3963 3964 3810
f 3810 3964 3811
f 3964 3965 3811
f 3811 3965 3812
f 3965 3966 3812
f 3812 3966 3813
f 3966 3967 3813
f 3813 3967 3814
f 3967 3968 3814
f 3814 3968 3815
f 3968 3969 3815
f 3815 3969 3816
f 3969 3970 3816
f 3816 3970 3817
f 3970 3971 3817
f 3817 3971 3818
f 3971 3972 3818
f 3818 3972 3819
f 3972 3973 3819
f 3819 3973 3820
f 3973 3974 3820
f 3820 3974 3821
f 3974 3975 3821
f 3821 3975 3822
f 3975 3976 3822
f 3822 3976 3823
f 3976 3977 3823
f 3823 3977 3824
f 3977 3978 3824
f 3824 3978 3825
f 3978 3979 3825
f 3825 3979 3826
f 3979 3980 3826
f 3826 3980 3827
f 3980 3981 3827
f 3827 3981 3828
f 3981 3982 3828
f 3828 3982 3829
f 3982 3983 3829
f 3829 3983 3830
f 3983 3984 3830
f 3830 3984 3831
f 3984 3985 3831
f 3831 3985 3832
f 3985 3986 3832
f 3832 3986 3833
f 3986 3987 3833
f 3833 3987 3834
f 3987 3988 3834
f 3834 3988 3835
f 3988 3989 3835
f 3835 3989 3836
f 3989 3990 3836
f 3836 3990 3837
f 3990 3991 3837
f 3837 3991 3838
f 3991 3992 3838
f 3838 3992 3839
f 3992 3993 3839
f 3839 3993 3840
f 3993 3994 3840
f 3840 3994 3841
f 3994 3995 3841
f 3841 3995 3842
f 3995 3996 3842
f 3842 3996 3843
f 3996 3997 3843
f 3843 3997 3844
f 3997 3998 3844
f 3844 3998 3845
f 3998 3999 3845
f 3845 3999 3846
f 3999 4000 3846
f 3846 4000 3847
f 4000 4001 3847
f 3847 4001 3848
f 4001 4002 3848
f 3848 4002 3849
f 4002 4003 3849
f 3849 4003 3850
f 4003 4004 3850
f 3850 4004 3851
f 4004 4005 3851
f 3851 4005 3852
f 4005 4006 3852
f 3852 4006 3853
f 4006 4007 3853
f 3853 4007 3854
f 4007 4008 3854
f 3854 4008 3855
f 4008 4009 3855
f 3855 4009 3856
f 4009 4010 3856
f 3856 4010 3857
f 4010 4011 3857
f 3857 4011 3858
f 4011 4012 3858
f 3858 4012 3859
f 4012 4013 3859
f 3859 4013 3860
f 4013 4014 3860
f 3860 4014 3861
f 4014 4015 3861
f 3861 4015 3862
f 4015 4016 3862
f 3862 4016 3863
f 4016 4017 3863
f 3863 4017 3864
f 4017 4018 3864
f 3864 4018 3865
f 4018 4019 3865
f 3865 4019 3866
f 4019 4020 3866
f 3866 4020 3867
f 4020 4021 3867
f 3867 4021 3868
f 4021 4022 3868
f 3868 4022 3869
f 4022 4023 3869
f 3869 4023 3870
f 4023 4024 3870
f 3870 4024 3871
f 4024 4025 3871
f 3871 4025 3872
f 4025 4026 3872
f 3872 4026 3873
f 4026 4027 3873
f 3874 4028 4029
f 3875 3874 4029
f 4027 3874 3873
f 4028 3874 4027
f 3875 4029 3876
f 4029 4030 3876
f 3876 4030 3877
f 4030 4031 3877
f 3878 4032 4033
f 3879 3878 4033
f 4031 3878 3877
f 4032 3878 4031
f 3880 4034 4035
f 3881 3880 4035
f 4033 3880 3879
f 4034 3880 4033
f 3882 4036 3883
f 4036 4037 3883
f 3883 4037 3884
f 4037 4038 3884
f 3884 4038 3885
f 4038 4039 3885
f 3885 4039 3886
f 4039 4040 3886
f 3886 4040 3887
f 4040 4041 3887
f 3887 4041 3888
f 4041 4042 3888
f 3888 4042 3889
f 4042 4043 3889
f 3889 4043 3890
f 4043 4044 3890
f 3890 4044 3891
f 4044 4045 3891
f 3891 4045 3892
f 4045 4046 3892
f 3892 4046 3893
f 4046 4047 3893
f 3893 4047 3894
f 4047 4048 3894
f 3894 4048 3895
f 4048 4049 3895
f 3895 4049 3896
f 4049 4050 3896
f 3896 4050 3897
f 4050 4051 3897
f 3897 4051 3898
f 4051 4052 3898
f 3898 4052 3899
f 4052 4053 3899
f 3899 4053 3900
f 4053 4054 3900
f 3900 4054 3901
f 4054 4055 3901
f 3901 4055 3902
f 4055 4056 3902
f 3902 4056 3903
f 4056 4057 3903
f 3903 4057 3904
f 4057 4058 3904
f 3904 4058 3905
f 4058 4059 3905
f 3905 4059 3906
f 4059 4060 3906
f 3906 4060 3907
f 4060 4061 3907
f 3907 4061 3908
f 4061 4062 3908
f 3908 4062 3909
f 4062 4063 3909
f 3909 4063 3910
f 4063 4064 3910
f 3910 4064 3911
f 4064 4065 3911
f 3911 4065 3912
f 4065 4066 3912
f 3912 4066 3913
f 4066 4067 3913
f 3913 4067 3914
f 4067 4068 3914
f 3914 4068 3915
f 4068 4069 3915
f 3915 4069 3916
f 4069 4070 3916
f 3916 4070 3917
f 4070 4071 3917
f 3917 4071 3918
f 4071 4072 3918
f 3918 4072 3919
f 4072 4073 3919
f 3919 4073 3920
f 4073 4074 3920
f 3920 4074 3921
f 4074 4075 3921
f 3921 4075 3922
f 4075 4076 3922
f 3922 4076 3923
f 4076 4077 3923
f 3923 4077 3924
f 4077 4078 3924
f 3924 4078 3925
f 4078 4079 3925
f 3925 4079 3926
f 4079 4080 3926
f 3926 4080 3927
f 4080 4081 3927
f 3927 4081 3928
f 4081 4082 3928
f 3928 4082 3929
f 4082 4083 3929
f 3929 4083 3930
f 4083 4084 3930
f 3930 4084 3931
f 4084 4085 3931
f 3931 4085 3932
f 4085 4086 3932
f 3932 4086 3933
f 4086 4087 3933
f 3933 4087 3934
f 4087 4088 3934
f 3934 4088 3935
f 4088 4089 3935
f 3935 4089 3936
f 4089 4090 3936
f 3936 4090 3937
f 4090 4091 3937
f 3937 4091 3938
f 4091 4092 3938
f 3938 4092 3939
f 4092 4093 3939
f 3939 4093 3940
f 4093 4094 3940
f 3940 4094 3941
f 4094 4095 3941
f 3941 4095 3942
f 4095 4096 3942
f 3942 4096 3943
f 4096 4097 3943
f 3943 4097 3944
f 4097 4098 3944
f 3944 4098 3945
f 4098 4099 3945
f 3945 4099 3946
f 4099 4100 3946
f 3946 4100 3947
f 4100 4101 3947
f 3947 4101 3948
f 4101 4102 3948
f 3948 4102 3949
f 4102 4103 3949
f 3949 4103 3950
f 4103 4104 3950
f 3950 4104 3951
f 4104 4105 3951
f 3951 4105 3952
f 4105 4106 3952
f 3952 4106 3953
f 4106 4107 3953
f 3953 4107 3954
f 4107 4108 3954
f 3954 4108 3955
f 4108 4109 3955
f 3955 4109 3956
f 4109 4110 3956
f 3956 4110 3957
f 4110 4111 3957
f 3957 4111 3958
f 4111 4112 3958
f 3958 4112 3959
f 4112 4113 3959
f 3959 4113 3960
f 4113 4114 3960
f 3960 4114 3961
f 4114 4115 3961
f 3961 4115 3962
f 4115 4116 3962
f 3962 4116 3963
f 4116 4117 3963
f 3963 4117 3964
f 4117 4118 3964
f 3964 4118 3965
f 4118 4119 3965
f 3965 4119 3966
f 4119 4120 3966
f 3966 4120 3967
f 4120 4121 3967
f 3967 4121 3968
f 4121 4122 3968
f 3968 4122 3969
f 4122 4123 3969
f 3969 4123 3970
f 4123 4124 3970
f 3970 4124 3971
f 4124 4125 3971
f 3971 4125 3972
f 4125 4126 3972
f 3972 4126 3973
f 4126 4127 3973
f 3973 4127 3974
f 4127 4128 3974
f 3974 4128 3975
f 4128 4129 3975
f 3975 4129 3976
f 4129 4130 3976
f 3976 4130 3977
f 4130 4131 3977
f 3977 4131 3978
f 4131 4132 3978
f 3978 4132 3979
f 4132 4133 3979
f 3979 4133 3980
f 4133 4134 3980
f 3980 4134 3981
f 4134 4135 3981
f 3981 4135 3982
f 4135 4136 3982
f 3982 4136 3983
f 4136 4137 3983
f 3983 4137 3984
f 4137 4138 3984
f 3984 4138 3985
f 4138 4139 3985
f 3985 4139 3986
f 4139 4140 3986
f 3986 4140 3987
f 4140 4141 3987
f 3987 4141 3988
f 4141 4142 3988
f 3988 4142 3989
f 4142 4143 3989
f 3989 4143 3990
f 4143 4144 3990
f 3990 4144 3991
f 4144 4145 3991
f 3991 4145 3992
f 4145 4146 3992
f 3992 4146 3993
f 4146 4147 3993
f 3993 4147 3994
f 4147 4148 3994
f 3994 4148 3995
f 4148 4149 3995
f 3995 4149 3996
f 4149 4150 3996
f 3996 4150 3997
f 4150 4151 3997
f 3997 4151 3998
f 4151 4152 3998
f 3998 4152 3999
f 4152 4153 3999
f 3999 4153 4000
f 4153 4154 4000
f 4000 4154 4001
f 4154 4155 4001
f 4001 4155 4002
f 4155 4156 4002
f 4002 4156 4003
f 4156 4157 4003
f 4003 4157 4004
f 4157 4158 4004
f 4004 4158 4005
f 4158 4159 4005
f 4005 4159 4006
f 4159 4160 4006
f 4006 4160 4007
f 4160 4161 4007
f 4007 4161 4008
f 4161 4162 4008
f 4008 4162 4009
f 4162 4163 4009
f 4009 4163 4010
f 4163 4164 4010
f 4010 4164 4011
f 4164 4165 4011
f 4011 4165 4012
f 4165 4166 4012
f 4012 4166 4013
f 4166 4167 4013
f 4013 4167 4014
f 4167 4168 4014
f 4014 4168 4015
f 4168 4169 4015
f 4015 4169 4016
f 4169 4170 4016
f 4016 4170 4017
f 4170 4171 4017
f 4017 4171 4018
f 4171 4172 4018
f 4018 4172 4019
f 4172 4173 4019
f 4019 4173 4020
f 4173 4174 4020
f 4020 4174 4021
f 4174 4175 4021
f 4021 4175 4022
f 4175 4176 4022
f 4022 4176 4023
f 4176 4177 4023
f 4023 4177 4024
f 4177 4178 4024
f 4024 4178 4025
f 4178 4179 4025
f 4025 4179 4026
f 4179 4180 4026
f 4026 4180 4027
f 4180 4181 4027
f 4028 4182 4183
f 4029 4028 4183
f 4181 4028 4027
f 4182 4028 4181
f 4029 4183 4030
f 4183 4184 4030
f 4030 4184 4031
f 4184 4185 4031
f 4032 4186 4187
f 4033 4032 4187
f 4185 4032 4031
f 4186 4032 4185
f 4034 4188 4189
f 4035 4034 4189
f 4187 4034 4033
f 4188 4034 4187
f 4036 4190 4037
f 4190 4191 4037
f 4037 4191 4038
f 4191 4192 4038
f 4038 4192 4039
f 4192 4193 4039
f 4039 4193 4040
f 4193 4194 4040
f 4040 4194 4041
f 4194 4195 4041
f 4041 4195 4042
f 4195 4196 4042
f 4042 4196 4043
f 4196 4197 4043
f 4043 4197 4044
f 4197 4198 4044
f 4044 4198 4045
f 4198 4199 4045
f 4045 4199 4046
f 4199 4200 4046
f 4046 4200 4047
f 4200 4201 4047
f 4047 4201 4048
f 4201 4202 4048
f 4048 4202 4049
f 4202 4203 4049
f 4049 4203 4050
f 4203 4204 4050
f 4050 4204 4051
f 4204 4205 4051
f 4051 4205 4052
f 4205 4206 4052
f 4052 4206 4053
f 4206 4207 4053
f 4053 4207 4054
f 4207 4208 4054
f 4054 4208 4055
f 4208 4209 4055
f 4055 4209 4056
f 4209 4210 4056
f 4056 4210 4057
f 4210 4211 4057
f 4057 4211 4058
f 4211 4212 4058
f 4058 4212 4059
f 4212 4213 4059
f 4059 4213 4060
f 4213 4214 4060
f 4060 4214 4061
f 4214 4215 4061
f 4061 4215 4062
f 4215 4216 4062
f 4062 4216 4063
f 4216 4217 4063
f 4063 4217 4064
f 4217 4218 4064
f 4064 4218 4065
f 4218 4219 4065
f 4065 4219 4066
f 4219 4220 4066
f 4066 4220 4067
f 4220 4221 4067
f 4067 4221 4068
f 4221 4222 4068
f 4068 4222 4069
f 4222 4223 4069
f 4069 4223 4070
f 4223 4224 4070
f 4070 4224 4071
f 4224 4225 4071
f 4071 4225 4072
f 4225 4226 4072
f 4072 4226 4073
f 4226 4227 4073
f 4073 4227 4074
f 4227 4228 4074
f 4074 4228 4075
f 4228 4229 4075
f 4075 4229 4076
f 4229 4230 4076
f 4076 4230 4077
f 4230 4231 4077
f 4077 4231 4078
f 4231 4232 4078
f 4078 4232 4079
f 4232 4233 4079
f 4079 4233 4080
f 4233 4234 4080
f 4080 4234 4081
f 4234 4235 4081
f 4081 4235 4082
f 4235 4236 4082
f 4082 4236 4083
f 4236 4237 4083
f 4083 4237 4084
f 4237 4238 4084
f 4084 4238 4085
f 4238 4239 4085
f 4085 4239 4086
f 4239 4240 4086
f 4086 4240 4087
f 4240 4241 4087
f 4087 4241 4088
f 4241 4242 4088
f 4088 4242 4089
f 4242 4243 4089
f 4089 4243 4090
f 4243 4244 4090
f 4090 4244 4091
f 4244 4245 4091
f 4091 4245 4092
f 4245 4246 4092
f 4092 4246 4093
f 4246 4247 4093
f 4093 4247 4094
f 4247 4248 4094
f 4094 4248 4095
f 4248 4249 4095
f 4095 4249 4096
f 4249 4250 4096
f 4096 4250 4097
f 4250 4251 4097
f 4097 4251 4098
f 4251 4252 4098
f 4098 4252 4099
f 4252 4253 4099
f 4099 4253 4100
f 4253 4254 4100
f 4100 4254 4101
f 4254 4255 4101
f 4101 4255 4102
f 4255 4256 4102
f 4102 4256 4103
f 4256 4257 4103
f 4103 4257 4104
f 4257 4258 4104
f 4104 4258 4105
f 4258 4259 4105
f 4105 4259 4106
f 4259 4260 4106
f 4106 4260 4107
f 4260 4261 4107
f 4107 4261 4108
f 4261 4262 4108
f 4108 4262 4109
f 4262 4263 4109
f 4109 4263 4110
f 4263 4264 4110
f 4110 4264 4111
f 4264 4265 4111
f 4111 4265 4112
f 4265 4266 4112
f 4112 4266 4113
f 4266 4267 4113
f 4113 4267 4114
f 4267 4268 4114
f 4114 4268 4115
f 4268 4269 4115
f 4115 4269 4116
f 4269 4270 4116
f 4116 4270 4117
f 4270 4271 4117
f 4117 4271 4118
f 4271 4272 4118
f 4118 4272 4119
f 4272 4273 4119
f 4119 4273 4120
f 4273 4274 4120
f 4120 4274 4121
f 4274 4275 4121
f 4121 4275 4122
f 4275 4276 4122
f 4122 4276 4123
f 4276 4277 4123
f 4123 4277 4124
f 4277 4278 4124
f 4124 4278 4125
f 4278 4279 4125
f 4125 4279 4126
f 4279 4280 4126
f 4126 4280 4127
f 4280 4281 4127
f 4127 4281 4128
f 4281 4282 4128
f 4128 4282 4129
f 4282 4283 4129
f 4129 4283 4130
f 4283 4284 4130
f 4130 4284 4131
f 4284 4285 4131
f 4131 4285 4132
f 4285 4286 4132
f 4132 4286 4133
f 4286 4287 4133
f 4133 4287 4134
f 4287 4288 4134
f 4134 4288 4135
f 4288 4289 4135
f 4135 4289 4136
f 4289 4290 4136
f 4136 4290 4137
f 4290 4291 4137
f 4137 4291 4138
f 4291 4292 4138
f 4138 4292 4139
f 4292 4293 4139
f 4139 4293 4140
f 4293 4294 4140
f 4140 4294 4141
f 4294 4295 4141
f 4141 4295 4142
f 4295 4296 4142
f 4142 4296 4143
f 4296 4297 4143
f 4143 4297 4144
f 4297 4298 4144
f 4144 4298 4145
f 4298 4299 4145
f 4145 4299 4146
f 4299 4300 4146
f 4146 4300 4147
f 4300 4301 4147
f 4147 4301 4148
f 4301 4302 4148
f 4148 4302 4149
f 4302 4303 4149
f 4149 4303 4150
f 4303 4304 4150
f 4150 4304 4151
f 4304 4305 4151
f 4151 4305 4152
f 4305 4306 4152
f 4152 4306 4153
f 4306 4307 4153
f 4153 4307 4154
f 4307 4308 4154
f 4154 4308 4155
f 4308 4309 4155
f 4155 4309 4156
f 4309 4310 4156
f 4156 4310 4157
f 4310 4311 4157
f 4157 4311 4158
f 4311 4312 4158
f 4158 4312 4159
f 4312 4313 4159
f 4159 4313 4160
f 4313 4314 4160
f 4160 4314 4161
f 4314 4315 4161
f 4161 4315 4162
f 4315 4316 4162
f 4162 4316 4163
f 4316 4317 4163
f 4163 4317 4164
f 4317 4318 4164
f 4164 4318 4165
f 4318 4319 4165
f 4165 4319 4166
f 4319 4320 4166
f 4166 4320 4167
f 4320 4321 4167
f 4167 4321 4168
f 4321 4322 4168
f 4168 4322 4169
f 4322 4323 4169
f 4169 4323 4170
f 4323 4324 4170
f 4170 4324 4171
f 4324 4325 4171
f 4171 4325 4172
f 4325 4326 4172
f 4172 4326 4173
f 4326 4327 4173
f 4173 4327 4174
f 4327 4328 4174
f 4174 4328 4175
f 4328 4329 4175
f 4175 4329 4176
f 4329 4330 4176
f 4176 4330 4177
f 4330 4331 4177
f 4177 4331 4178
f 4331 4332 4178
f 4178 4332 4179
f 4332 4333 4179
f 4179 4333 4180
f 4333 4334 4180
f 4180 4334 4181
f 4334 4335 4181
f 4182 4336 4337
f 4183 4182 4337
f 4335 4182 4181
f 4336 4182 4335
f 4183 4337 4184
f 4337 4338 4184
f 4184 4338 4185
f 4338 4339 4185
f 4186 4340 4341
f 4187 4186 4341
f 4339 4186 4185
f 4340 4186 4339
f 4188 4342 4343
f 4189 4188 4343
f 4341 4188 4187
f 4342 4188 4341
f 4344 4345 4346
f 4346 4190 4344
f 4346 4347 4190
f 4347 4191 4190
f 4191 4347 4192
f 4347 4348 4192
f 4192 4348 4193
f 4348 4349 4193
f 4193 4349 4194
f 4349 4350 4194
f 4194 4350 4195
f 4350 4351 4195
f 4195 4351 4196
f 4351 4352 4196
f 4196 4352 4197
f 4352 4353 4197
f 4197 4353 4198
f 4353 4354 4198
f 4198 4354 4199
f 4354 4355 4199
f 4199 4355 4200
f 4355 4356 4200
f 4200 4356 4201
f 4356 4357 4201
f 4201 4357 4202
f 4357 4358 4202
f 4202 4358 4203
f 4358 4359 4203
f 4203 4359 4204
f 4359 4360 4204
f 4204 4360 4205
f 4360 4361 4205
f 4205 4361 4206
f 4361 4362 4206
f 4206 4362 4207
f 4362 4363 4207
f 4207 4363 4208
f 4363 4364 4208
f 4208 4364 4209
f 4364 4365 4209
f 4209 4365 4210
f 4365 4366 4210
f 4210 4366 4211
f 4366 4367 4211
f 4211 4367 4212
f 4367 4368 4212
f 4212 4368 4213
f 4368 4369 4213
f 4213 4369 4214
f 4369 4370 4214
f 4214 4370 4215
f 4370 4371 4215
f 4215 4371 4216
f 4371 4372 4216
f 4216 4372 4217
f 4372 4373 4217
f 4217 4373 4218
f 4373 4374 4218
f 4218 4374 4219
f 4374 4375 4219
f 4219 4375 4220
f 4375 4376 4220
f 4220 4376 4221
f 4376 4377 4221
f 4221 4377 4222
f 4377 4378 4222
f 4222 4378 4223
f 4378 4379 4223
f 4223 4379 4224
f 4379 4380 4224
f 4224 4380 4225
f 4380 4381 4225
f 4225 4381 4226
f 4381 4382 4226
f 4226 4382 4227
f 4382 4383 4227
f 4227 4383 4228
f 4383 4384 4228
f 4228 4384 4229
f 4384 4385 4229
f 4229 4385 4230
f 4385 4386 4230
f 4230 4386 4231
f 4386 4387 4231
f 4231 4387 4232
f 4387 4388 4232
f 4232 4388 4233
f 4388 4389 4233
f 4233 4389 4234
f 4389 4390 4234
f 4234 4390 4235
f 4390 4391 4235
f 4235 4391 4236
f 4391 4392 4236
f 4236 4392 4237
f 4392 4393 4237
f 4237 4393 4238
f 4393 4394 4238
f 4238 4394 4239
f 4394 4395 4239
f 4239 4395 4240
f 4395 4396 4240
f 4240 4396 4241
f 4396 4397 4241
f 4241 4397 4242
f 4397 4398 4242
f 4242 4398 4243
f 4398 4399 4243
f 4243 4399 4244
f 4399 4400 4244
f 4244 4400 4245
f 4400 4401 4245
f 4245 4401 4246
f 4401 4402 4246
f 4246 4402 4247
f 4402 4403 4247
f 4247 4403 4248
f 4403 4404 4248
f 4248 4404 4249
f 4404 4405 4249
f 4249 4405 4250
f 4405 4406 4250
f 4250 4406 4251
f 4406 4407 4251
f 4251 4407 4252
f 4407 4408 4252
f 4252 4408 4253
f 4408 4409 4253
f 4253 4409 4254
f 4409 4410 4254
f 4254 4410 4255
f 4410 4411 4255
f 4255 4411 4256
f 4411 4412 4256
f 4256 4412 4257
f 4412 4413 4257
f 4257 4413 4258
f 4413 4414 4258
f 4258 4414 4259
f 4414 4415 4259
f 4259 4415 4260
f 4415 4416 4260
f 4260 4416 4261
f 4416 4417 4261
f 4261 4417 4262
f 4417 4418 4262
f 4262 4418 4263
f 4418 4419 4263
f 4263 4419 4264
f 4419 4420 4264
f 4264 4420 4265
f 4420 4421 4265
f 4265 4421 4266
f 4421 4422 4266
f 4266 4422 4267
f 4422 4423 4267
f 4267 4423 4268
f 4423 4424 4268
f 4268 4424 4269
f 4424 4425 4269
f 4269 4425 4270
f 4425 4426 4270
f 4270 4426 4271
f 4426 4427 4271
f 4271 4427 4272
f 4427 4428 4272
f 4272 4428 4273
f 4428 4429 4273
f 4273 4429 4274
f 4429 4430 4274
f 4274 4430 4275
f 4430 4431 4275
f 4275 4431 4276
f 4431 4432 4276
f 4276 4432 4277
f 4432 4433 4277
f 4277 4433 4278
f 4433 4434 4278
f 4278 4434 4279
f 4434 4435 4279
f 4279 4435 4280
f 4435 4436 4280
f 4280 4436 4281
f 4436 4437 4281
f 4281 4437 4282
f 4437 4438 4282
f 4282 4438 4283
f 4438 4439 4283
f 4283 4439 4284
f 4439 4440 4284
f 4284 4440 4285
f 4440 4441 4285
f 4285 4441 4286
f 4441 4442 4286
f 4286 4442 4287
f 4442 4443 4287
f 4287 4443 4288
f 4443 4444 4288
f 4288 4444 4289
f 4444 4445 4289
f 4289 4445 4290
f 4445 4446 4290
f 4290 4446 4291
f 4446 4447 4291
f 4291 4447 4292
f 4447 4448 4292
f 4292 4448 4293
f 4448 4449 4293
f 4293 4449 4294
f 4449 4450 4294
f 4294 4450 4295
f 4450 4451 4295
f 4295 4451 4296
f 4451 4452 4296
f 4296 4452 4297
f 4452 4453 4297
f 4297 4453 4298
f 4453 4454 4298
f 4298 4454 4299
f 4454 4455 4299
f 4299 4455 4300
f 4455 4456 4300
f 4300 4456 4301
f 4456 4457 4301
f 4301 4457 4302
f 4457 4458 4302
f 4302 4458 4303
f 4458 4459 4303
f 4303 4459 4304
f 4459 4460 4304
f 4304 4460 4305
f 4460 4461 4305
f 4305 4461 4306
f 4461 4462 4306
f 4306 4462 4307
f 4462 4463 4307
f 4307 4463 4308
f 4463 4464 4308
f 4308 4464 4309
f 4464 4465 4309
f 4309 4465 4310
f 4465 4466 4310
f 4310 4466 4311
f 4466 4467 4311
f 4311 4467 4312
f 4467 4468 4312
f 4312 4468 4313
f 4468 4469 4313
f 4313 4469 4314
f 4469 4470 4314
f 4314 4470 4315
f 4470 4471 4315
f 4315 4471 4316
f 4471 4472 4316
f 4316 4472 4317
f 4472 4473 4317
f 4317 4473 4318
f 4473 4474 4318
f 4318 4474 4319
f 4474 4475 4319
f 4319 4475 4320
f 4475 4476 4320
f 4320 4476 4321
f 4476 4477 4321
f 4321 4477 4322
f 4477 4478 4322
f 4322 4478 4323
f 4478 4479 4323
f 4323 4479 4324
f 4479 4480 4324
f 4324 4480 4325
f 4480 4481 4325
f 4325 4481 4326
f 4481 4482 4326
f 4326 4482 4327
f 4482 4483 4327
f 4327 4483 4328
f 4483 4484 4328
f 4328 4484 4329
f 4484 4485 4329
f 4329 4485 4330
f 4485 4486 4330
f 4330 4486 4331
f 4486 4487 4331
f 4331 4487 4332
f 4487 4488 4332
f 4332 4488 4333
f 4488 4489 4333
f 4333 4489 4334
f 4489 4490 4334
f 4334 4490 4335
f 4490 4491 4335
f 4336 4492 4493
f 4337 4336 4493
f 4491 4336 4335
f 4492 4336 4491
f 4337 4493 4338
f 4493 4494 4338
f 4338 4494 4339
f 4494 4495 4339
f 4340 4496 4497
f 4341 4340 4497
f 4495 4340 4339
f 4496 4340 4495
f 4342 4498 4499
f 4343 4342 4499
f 4497 4342 4341
f 4498 4342 4497
f 4345 4500 4501
f 4346 4345 4501
f 4501 4347 4346
f 4502 4347 4501
f 4347 4502 4348
f 4502 4503 4348
f 4348 4503 4349
f 4503 4504 4349
f 4349 4504 4350
f 4504 4505 4350
f 4350 4505 4351
f 4505 4506 4351
f 4351 4506 4352
f 4506 4507 4352
f 4352 4507 4353
f 4507 4508 4353
f 4353 4508 4354
f 4508 4509 4354
f 4354 4509 4355
f 4509 4510 4355
f 4355 4510 4356
f 4510 4511 4356
f 4356 4511 4357
f 4511 4512 4357
f 4357 4512 4358
f 4512 4513 4358
f 4358 4513 4359
f 4513 4514 4359
f 4359 4514 4360
f 4514 4515 4360
f 4360 4515 4361
f 4515 4516 4361
f 4361 4516 4362
f 4516 4517 4362
f 4362 4517 4363
f 4517 4518 4363
f 4363 4518 4364
f 4518 4519 4364
f 4364 4519 4365
f 4519 4520 4365
f 4365 4520 4366
f 4520 4521 4366
f 4366 4521 4367
f 4521 4522 4367
f 4367 4522 4368
f 4522 4523 4368
f 4368 4523 4369
f 4523 4524 4369
f 4369 4524 4370
f 4524 4525 4370
f 4370 4525 4371
f 4525 4526 4371
f 4371 4526 4372
f 4526 4527 4372
f 4372 4527 4373
f 4527 4528 4373
f 4373 4528 4374
f 4528 4529 4374
f 4374 4529 4375
f 4529 4530 4375
f 4375 4530 4376
f 4530 4531 4376
f 4376 4531 4377
f 4531 4532 4377
f 4377 4532 4378
f 4532 4533 4378
f 4378 4533 4379
f 4533 4534 4379
f 4379 4534 4380
f 4534 4535 4380
f 4380 4535 4381
f 4535 4536 4381
f 4381 4536 4382
f 4536 4537 4382
f 4382 4537 4383
f 4537 4538 4383
f 4383 4538 4384
f 4538 4539 4384
f 4384 4539 4385
f 4539 4540 4385
f 4385 4540 4386
f 4540 4541 4386
f 4386 4541 4387
f 4541 4542 4387
f 4387 4542 4388
f 4542 4543 4388
f 4388 4543 4389
f 4543 4544 4389
f 4389 4544 4390
f 4544 4545 4390
f 4390 4545 4391
f 4545 4546 4391
f 4391 4546 4392
f 4546 4547 4392
f 4392 4547 4393
f 4547 4548 4393
f 4393 4548 4394
f 4548 4549 4394
f 4394 4549 4395
f 4549 4550 4395
f 4395 4550 4396
f 4550 4551 4396
f 4396 4551 4397
f 4551 4552 4397
f 4397 4552 4398
f 4552 4553 4398
f 4398 4553 4399
f 4553 4554 4399
f 4399 4554 4400
f 4554 4555 4400
f 4400 4555 4401
f 4555 4556 4401
f 4401 4556 4402
f 4556 4557 4402
f 4402 4557 4403
f 4557 4558 4403
f 4403 4558 4404
f 4558 4559 4404
f 4404 4559 4405
f 4559 4560 4405
f 4405 4560 4406
f 4560 4561 4406
f 4406 4561 4407
f 4561 4562 4407
f 4407 4562 4408
f 4562 4563 4408
f 4408 4563 4409
f 4563 4564 4409
f 4409 4564 4410
f 4564 4565 4410
f 4410 4565 4411
f 4565 4566 4411
f 4411 4566 4412
f 4566 4567 4412
f 4412 4567 4413
f 4567 4568 4413
f 4413 4568 4414
f 4568 4569 4414
f 4414 4569 4415
f 4569 4570 4415
f 4415 4570 4416
f 4570 4571 4416
f 4416 4571 4417
f 4571 4572 4417
f 4417 4572 4418
f 4572 4573 4418
f 4418 4573 4419
f 4573 4574 4419
f 4419 4574 4420
f 4574 4575 4420
f 4420 4575 4421
f 4575 4576 4421
f 4421 4576 4422
f 4576 4577 4422
f 4422 4577 4423
f 4577 4578 4423
f 4423 4578 4424
f 4578 4579 4424
f 4424 4579 4425
f 4579 4580 4425
f 4425 4580 4426
f 4580 4581 4426
f 4426 4581 4427
f 4581 4582 4427
f 4427 4582 4428
f 4582 4583 4428
f 4428 4583 4429
f 4583 4584 4429
f 4429 4584 4430
f 4584 4585 4430
f 4430 4585 4431
f 4585 4586 4431
f 4431 4586 4432
f 4586 4587 4432
f 4432 4587 4433
f 4587 4588 4433
f 4433 4588 4434
f 4588 4589 4434
f 4434 4589 4435
f 4589 4590 4435
f 4435 4590 4436
f 4590 4591 4436
f 4436 4591 4437
f 4591 4592 4437
f 4437 4592 4438
f 4592 4593 4438
f 4438 4593 4439
f 4593 4594 4439
f 4439 4594 4440
f 4594 4595 4440
f 4440 4595 4441
f 4595 4596 4441
f 4441 4596 4442
f 4596 4597 4442
f 4442 4597 4443
f 4597 4598 4443
f 4443 4598 4444
f 4598 4599 4444
f 4444 4599 4445
f 4599 4600 4445
f 4445 4600 4446
f 4600 4601 4446
f 4446 4601 4447
f 4601 4602 4447
f 4447 4602 4448
f 4602 4603 4448
f 4448 4603 4449
f 4603 4604 4449
f 4449 4604 4450
f 4604 4605 4450
f 4450 4605 4451
f 4605 4606 4451
f 4451 4606 4452
f 4606 4607 4452
f 4452 4607 4453
f 4607 4608 4453
f 4453 4608 4454
f 4608 4609 4454
f 4454 4609 4455
f 4609 4610 4455
f 4455 4610 4456
f 4610 4611 4456
f 4456 4611 4457
f 4611 4612 4457
f 4457 4612 4458
f 4612 4613 4458
f 4458 4613 4459
f 4613 4614 4459
f 4459 4614 4460
f 4614 4615 4460
f 4460 4615 4461
f 4615 4616 4461
f 4461 4616 4462
f 4616 4617 4462
f 4462 4617 4463
f 4617 4618 4463
f 4463 4618 4464
f 4618 4619 4464
f 4464 4619 4465
f 4619 4620 4465
f 4465 4620 4466
f 4620 4621 4466
f 4466 4621 4467
f 4621 4622 4467
f 4467 4622 4468
f 4622 4623 4468
f 4468 4623 4469
f 4623 4624 4469
f 4469 4624 4470
f 4624 4625 4470
f 4470 4625 4471
f 4625 4626 4471
f 4471 4626 4472
f 4626 4627 4472
f 4472 4627 4473
f 4627 4628 4473
f 4473 4628 4474
f 4628 4629 4474
f 4474 4629 4475
f 4629 4630 4475
f 4475 4630 4476
f 4630 4631 4476
f 4476 4631 4477
f 4631 4632 4477
f 4477 4632 4478
f 4632 4633 4478
f 4478 4633 4479
f 4633 4634 4479
f 4479 4634 4480
f 4634 4635 4480
f 4480 4635 4481
f 4635 4636 4481
f 4481 4636 4482
f 4636 4637 4482
f 4482 4637 4483
f 4637 4638 4483
f 4483 4638 4484
f 4638 4639 4484
f 4484 4639 4485
f 4639 4640 4485
f 4485 4640 4486
f 4640 4641 4486
f 4486 4641 4487
f 4641 4642 4487
f 4487 4642 4488
f 4642 4643 4488
f 4488 4643 4489
f 4643 4644 4489
f 4489 4644 4490
f 4644 4645 4490
f 4490 4645 4491
f 4645 4646 4491
f 4492 4647 4648
f 4493 4492 4648
f 4646 4492 4491
f 4647 4492 4646
f 4493 4648 4494
f 4648 4649 4494
f 4494 4649 4495
f 4649 4650 4495
f 4496 4651 4652
f 4497 4496 4652
f 4650 4496 4495
f 4651 4496 4650
f 4498 4653 4654
f 4499 4498 4654
f 4652 4498 4497
f 4653 4498 4652
f 4500 4655 4656
f 4501 4500 4656
f 4656 4502 4501
f 4657 4502 4656
f 4502 4657 4503
f 4657 4658 4503
f 4503 4658 4504
f 4658 4659 4504
f 4504 4659 4505
f 4659 4660 4505
f 4505 4660 4506
f 4660 4661 4506
f 4506 4661 4507
f 4661 4662 4507
f 4507 4662 4508
f 4662 4663 4508
f 4508 4663 4509
f 4663 4664 4509
f 4509 4664 4510
f 4664 4665 4510
f 4510 4665 4511
f 4665 4666 4511
f 4511 4666 4512
f 4666 4667 4512
f 4512 4667 4513
f 4667 4668 4513
f 4513 4668 4514
f 4668 4669 4514
f 4514 4669 4515
f 4669 4670 4515
f 4515 4670 4516
f 4670 4671 4516
f 4516 4671 4517
f 4671 4672 4517
f 4517 4672 4518
f 4672 4673 4518
f 4518 4673 4519
f 4673 4674 4519
f 4519 4674 4520
f 4674 4675 4520
f 4520 4675 4521
f 4675 4676 4521
f 4521 4676 4522
f 4676 4677 4522
f 4522 4677 4523
f 4677 4678 4523
f 4523 4678 4524
f 4678 4679 4524
f 4524 4679 4525
f 4679 4680 4525
f 4525 4680 4526
f 4680 4681 4526
f 4526 4681 4527
f 4681 4682 4527
f 4527 4682 4528
f 4682 4683 4528
f 4528 4683 4529
f 4683 4684 4529
f 4529 4684 4530
f 4684 4685 4530
f 4530 4685 4531
f 4685 4686 4531
f 4531 4686 4532
f 4686 4687 4532
f 4532 4687 4533
f 4687 4688 4533
f 4533 4688 4534
f 4688 4689 4534
f 4534 4689 4535
f 4689 4690 4535
f 4535 4690 4536
f 4690 4691 4536
f 4536 4691 4537
f 4691 4692 4537
f 4537 4692 4538
f 4692 4693 4538
f 4538 4693 4539
f 4693 4694 4539
f 4539 4694 4540
f 4694 4695 4540
f 4540 4695 4541
f 4695 4696 4541
f 4541 4696 4542
f 4696 4697 4542
f 4542 4697 4543
f 4697 4698 4543
f 4543 4698 4544
f 4698 4699 4544
f 4544 4699 4545
f 4699 4700 4545
f 4545 4700 4546
f 4700 4701 4546
f 4546 4701 4547
f 4701 4702 4547
f 4547 4702 4548
f 4702 4703 4548
f 4548 4703 4549
f 4703 4704 4549
f 4549 4704 4550
f 4704 4705 4550
f 4550 4705 4551
f 4705 4706 4551
f 4551 4706 4552
f 4706 4707 4552
f 4552 4707 4553
f 4707 4708 4553
f 4553 4708 4554
f 4708 4709 4554
f 4554 4709 4555
f 4709 4710 4555
f 4555 4710 4556
f 4710 4711 4556
f 4556 4711 4557
f 4711 4712 4557
f 4557 4712 4558
f 4712 4713 4558
f 4558 4713 4559
f 4713 4714 4559
f 4559 4714 4560
f 4714 4715 4560
f 4560 4715 4561
f 4715 4716 4561
f 4561 4716 4562
f 4716 4717 4562
f 4562 4717 4563
f 4717 4718 4563
f 4563 4718 4564
f 4718 4719 4564
f 4564 4719 4565
f 4719 4720 4565
f 4565 4720 4566
f 4720 4721 4566
f 4566 4721 4567
f 4721 4722 4567
f 4567 4722 4568
f 4722 4723 4568
f 4568 4723 4569
f 4723 4724 4569
f 4569 4724 4570
f 4724 4725 4570
f 4570 4725 4571
f 4725 4726 4571
f 4571 4726 4572
f 4726 4727 4572
f 4572 4727 4573
f 4727 4728 4573
f 4573 4728 4574
f 4728 4729 4574
f 4574 4729 4575
f 4729 4730 4575
f 4575 4730 4576
f 4730 4731 4576
f 4576 4731 4577
f 4731 4732 4577
f 4577 4732 4578
f 4732 4733 4578
f 4578 4733 4579
f 4733 4734 4579
f 4579 4734 4580
f 4734 4735 4580
f 4580 4735 4581
f 4735 4736 4581
f 4581 4736 4582
f 4736 4737 4582
f 4582 4737 4583
f 4737 4738 4583
f 4583 4738 4584
f 4738 4739 4584
f 4584 4739 4585
f 4739 4740 4585
f 4585 4740 4586
f 4740 4741 4586
f 4586 4741 4587
f 4741 4742 4587
f 4587 4742 4588
f 4742 4743 4588
f 4588 4743 4589
f 4743 4744 4589
f 4589 4744 4590
f 4744 4745 4590
f 4590 4745 4591
f 4745 4746 4591
f 4591 4746 4592
f 4746 4747 4592
f 4592 4747 4593
f 4747 4748 4593
f 4593 4748 4594
f 4748 4749 4594
f 4594 4749 4595
f 4749 4750 4595
f 4595 4750 4596
f 4750 4751 4596
f 4596 4751 4597
f 4751 4752 4597
f 4597 4752 4598
f 4752 4753 4598
f 4598 4753 4599
f 4753 4754 4599
f 4599 4754 4600
f 4754 4755 4600
f 4600 4755 4601
f 4755 4756 4601
f 4601 4756 4602
f 4756 4757 4602
f 4602 4757 4603
f 4757 4758 4603
f 4603 4758 4604
f 4758 4759 4604
f 4604 4759 4605
f 4759 4760 4605
f 4605 4760 4606
f 4760 4761 4606
f 4606 4761 4607
f 4761 4762 4607
f 4607 4762 4608
f 4762 4763 4608
f 4608 4763 4609
f 4763 4764 4609
f 4609 4764 4610
f 4764 4765 4610
f 4610 4765 4611
f 4765 4766 4611
f 4611 4766 4612
f 4766 4767 4612
f 4612 4767 4613
f 4767 4768 4613
f 4613 4768 4614
f 4768 4769 4614
f 4614 4769 4615
f 4769 4770 4615
f 4615 4770 4616
f 4770 4771 4616
f 4616 4771 4617
f 4771 4772 4617
f 4617 4772 4618
f 4772 4773 4618
f 4618 4773 4619
f 4773 4774 4619
f 4619 4774 4620
f 4774 4775 4620
f 4620 4775 4621
f 4775 4776 4621
f 4621 4776 4622
f 4776 4777 4622
f 4622 4777 4623
f 4777 4778 4623
f 4623 4778 4624
f 4778 4779 4624
f 4624 4779 4625
f 4779 4780 4625
f 4625 4780 4626
f 4780 4781 4626
f 4626 4781 4627
f 4781 4782 4627
f 4627 4782 4628
f 4782 4783 4628
f 4628 4783 4629
f 4783 4784 4629
f 4629 4784 4630
f 4784 4785 4630
f 4630 4785 4631
f 4785 4786 4631
f 4631 4786 4632
f 4786 4787 4632
f 4632 4787 4633
f 4787 4788 4633
f 4633 4788 4634
f 4788 4789 4634
f 4634 4789 4635
f 4789 4790 4635
f 4635 4790 4636
f 4790 4791 4636
f 4636 4791 4637
f 4791 4792 4637
f 4637 4792 4638
f 4792 4793 4638
f 4638 4793 4639
f 4793 4794 4639
f 4639 4794 4640
f 4794 4795 4640
f 4640 4795 4641
f 4795 4796 4641
f 4641 4796 4642
f 4796 4797 4642
f 4642 4797 4643
f 4797 4798 4643
f 4643 4798 4644
f 4798 4799 4644
f 4644 4799 4645
f 4799 4800 4645
f 4645 4800 4646
f 4800 4801 4646
f 4647 4802 4803
f 4648 4647 4803
f 4801 4647 4646
f 4802 4647 4801
f 4648 4803 4649
f 4803 4804 4649
f 4649 4804 4650
f 4804 4805 4650
f 4651 4806 4807
f 4652 4651 4807
f 4805 4651 4650
f 4806 4651 4805
f 4653 4808 4809
f 4654 4653 4809
f 4807 4653 4652
f 4808 4653 4807
f 4811 4656 4655
f 4811 4655 4812
f 4812 4655 4810
f 4656 4811 4657
f 4811 4812 4813
f 4813 4657 4811
f 4813 4814 4657
f 4814 4658 4657
f 4658 4814 4659
f 4814 4815 4659
f 4659 4815 4660
f 4815 4816 4660
f 4660 4816 4661
f 4816 4817 4661
f 4661 4817 4662
f 4817 4818 4662
f 4662 4818 4663
f 4818 4819 4663
f 4663 4819 4664
f 4819 4820 4664
f 4664 4820 4665
f 4820 4821 4665
f 4665 4821 4666
f 4821 4822 4666
f 4666 4822 4667
f 4822 4823 4667
f 4667 4823 4668
f 4823 4824 4668
f 4668 4824 4669
f 4824 4825 4669
f 4669 4825 4670
f 4825 4826 4670
f 4670 4826 4671
f 4826 4827 4671
f 4671 4827 4672
f 4827 4828 4672
f 4672 4828 4673
f 4828 4829 4673
f 4673 4829 4674
f 4829 4830 4674
f 4674 4830 4675
f 4830 4831 4675
f 4675 4831 4676
f 4831 4832 4676
f 4676 4832 4677
f 4832 4833 4677
f 4677 4833 4678
f 4833 4834 4678
f 4678 4834 4679
f 4834 4835 4679
f 4679 4835 4680
f 4835 4836 4680
f 4680 4836 4681
f 4836 4837 4681
f 4681 4837 4682
f 4837 4838 4682
f 4682 4838 4683
f 4838 4839 4683
f 4683 4839 4684
f 4839 4840 4684
f 4684 4840 4685
f 4840 4841 4685
f 4685 4841 4686
f 4841 4842 4686
f 4686 4842 4687
f 4842 4843 4687
f 4687 4843 4688
f 4843 4844 4688
f 4688 4844 4689
f 4844 4845 4689
f 4689 4845 4690
f 4845 4846 4690
f 4690 4846 4691
f 4846 4847 4691
f 4691 4847 4692
f 4847 4848 4692
f 4692 4848 4693
f 4848 4849 4693
f 4693 4849 4694
f 4849 4850 4694
f 4694 4850 4695
f 4850 4851 4695
f 4695 4851 4696
f 4851 4852 4696
f 4696 4852 4697
f 4852 4853 4697
f 4697 4853 4698
f 4853 4854 4698
f 4698 4854 4699
f 4854 4855 4699
f 4699 4855 4700
f 4855 4856 4700
f 4700 4856 4701
f 4856 4857 4701
f 4701 4857 4702
f 4857 4858 4702
f 4702 4858 4703
f 4858 4859 4703
f 4703 4859 4704
f 4859 4860 4704
f 4704 4860 4705
f 4860 4861 4705
f 4705 4861 4706
f 4861 4862 4706
f 4706 4862 4707
f 4862 4863 4707
f 4707 4863 4708
f 4863 4864 4708
f 4708 4864 4709
f 4864 4865 4709
f 4709 4865 4710
f 4865 4866 4710
f 4710 4866 4711
f 4866 4867 4711
f 4711 4867 4712
f 4867 4868 4712
f 4712 4868 4713
f 4868 4869 4713
f 4713 4869 4714
f 4869 4870 4714
f 4714 4870 4715
f 4870 4871 4715
f 4715 4871 4716
f 4871 4872 4716
f 4716 4872 4717
f 4872 4873 4717
f 4717 4873 4718
f 4873 4874 4718
f 4718 4874 4719
f 4874 4875 4719
f 4719 4875 4720
f 4875 4876 4720
f 4720 4876 4721
f 4876 4877 4721
f 4721 4877 4722
f 4877 4878 4722
f 4722 4878 4723
f 4878 4879 4723
f 4723 4879 4724
f 4879 4880 4724
f 4724 4880 4725
f 4880 4881 4725
f 4725 4881 4726
f 4881 4882 4726
f 4726 4882 4727
f 4882 4883 4727
f 4727 4883 4728
f 4883 4884 4728
f 4728 4884 4729
f 4884 4885 4729
f 4729 4885 4730
f 4885 4886 4730
f 4730 4886 4731
f 4886 4887 4731
f 4731 4887 4732
f 4887 4888 4732
f 4732 4888 4733
f 4888 4889 4733
f 4733 4889 4734
f 4889 4890 4734
f 4734 4890 4735
f 4890 4891 4735
f 4735 4891 4736
f 4891 4892 4736
f 4736 4892 4737
f 4892 4893 4737
f 4737 4893 4738
f 4893 4894 4738
f 4738 4894 4739
f 4894 4895 4739
f 4739 4895 4740
f 4895 4896 4740
f 4740 4896 4741
f 4896 4897 4741
f 4741 4897 4742
f 4897 4898 4742
f 4742 4898 4743
f 4898 4899 4743
f 4743 4899 4744
f 4899 4900 4744
f 4744 4900 4745
f 4900 4901 4745
f 4745 4901 4746
f 4901 4902 4746
f 4746 4902 4747
f 4902 4903 4747
f 4747 4903 4748
f 4903 4904 4748
f 4748 4904 4749
f 4904 4905 4749
f 4749 4905 4750
f 4905 4906 4750
f 4750 4906 4751
f 4906 4907 4751
f 4751 4907 4752
f 4907 4908 4752
f 4752 4908 4753
f 4908 4909 4753
f 4753 4909 4754
f 4909 4910 4754
f 4754 4910 4755
f 4910 4911 4755
f 4755 4911 4756
f 4911 4912 4756
f 4756 4912 4757
f 4912 4913 4757
f 4757 4913 4758
f 4913 4914 4758
f 4758 4914 4759
f 4914 4915 4759
f 4759 4915 4760
f 4915 4916 4760
f 4760 4916 4761
f 4916 4917 4761
f 4761 4917 4762
f 4917 4918 4762
f 4762 4918 4763
f 4918 4919 4763
f 4763 4919 4764
f 4919 4920 4764
f 4764 4920 4765
f 4920 4921 4765
f 4765 4921 4766
f 4921 4922 4766
f 4766 4922 4767
f 4922 4923 4767
f 4767 4923 4768
f 4923 4924 4768
f 4768 4924 4769
f 4924 4925 4769
f 4769 4925 4770
f 4925 4926 4770
f 4770 4926 4771
f 4926 4927 4771
f 4771 4927 4772
f 4927 4928 4772
f 4772 4928 4773
f 4928 4929 4773
f 4773 4929 4774
f 4929 4930 4774
f 4774 4930 4775
f 4930 4931 4775
f 4775 4931 4776
f 4931 4932 4776
f 4776 4932 4777
f 4932 4933 4777
f 4777 4933 4778
f 4933 4934 4778
f 4778 4934 4779
f 4934 4935 4779
f 4779 4935 4780
f 4935 4936 4780
f 4780 4936 4781
f 4936 4937 4781
f 4781 4937 4782
f 4937 4938 4782
f 4782 4938 4783
f 4938 4939 4783
f 4783 4939 4784
f 4939 4940 4784
f 4784 4940 4785
f 4940 4941 4785
f 4785 4941 4786
f 4941 4942 4786
f 4786 4942 4787
f 4942 4943 4787
f 4787 4943 4788
f 4943 4944 4788
f 4788 4944 4789
f 4944 4945 4789
f 4789 4945 4790
f 4945 4946 4790
f 4790 4946 4791
f 4946 4947 4791
f 4791 4947 4792
f 4947 4948 4792
f 4792 4948 4793
f 4948 4949 4793
f 4793 4949 4794
f 4949 4950 4794
f 4794 4950 4795
f 4950 4951 4795
f 4795 4951 4796
f 4951 4952 4796
f 4796 4952 4797
f 4952 4953 4797
f 4797 4953 4798
f 4953 4954 4798
f 4798 4954 4799
f 4954 4955 4799
f 4799 4955 4800
f 4955 4956 4800
f 4800 4956 4801
f 4956 4957 4801
f 4802 4958 4959
f 4803 4802 4959
f 4957 4802 4801
f 4958 4802 4957
f 4803 4959 4804
f 4959 4960 4804
f 4804 4960 4805
f 4960 4961 4805
f 4806 4962 4963
f 4807 4806 4963
f 4961 4806 4805
f 4962 4806 4961
f 4808 4964 4965
f 4809 4808 4965
f 4963 4808 4807
f 4964 4808 4963
f 4810 4966 4812
f 4966 4967 4812
f 4812 4967 4968
f 4813 4812 4968
f 4968 4814 4813
f 4969 4814 4968
f 4814 4969 4815
f 4969 4970 4815
f 4815 4970 4816
f 4970 4971 4816
f 4816 4971 4817
f 4971 4972 4817
f 4817 4972 4818
f 4972 4973 4818
f 4818 4973 4819
f 4973 4974 4819
f 4819 4974 4820
f 4974 4975 4820
f 4820 4975 4821
f 4975 4976 4821
f 4821 4976 4822
f 4976 4977 4822
f 4822 4977 4823
f 4977 4978 4823
f 4823 4978 4824
f 4978 4979 4824
f 4824 4979 4825
f 4979 4980 4825
f 4825 4980 4826
f 4980 4981 4826
f 4826 4981 4827
f 4981 4982 4827
f 4827 4982 4828
f 4982 4983 4828
f 4828 4983 4829
f 4983 4984 4829
f 4829 4984 4830
f 4984 4985 4830
f 4830 4985 4831
f 4985 4986 4831
f 4831 4986 4832
f 4986 4987 4832
f 4832 4987 4833
f 4987 4988 4833
f 4833 4988 4834
f 4988 4989 4834
f 4834 4989 4835
f 4989 4990 4835
f 4835 4990 4836
f 4990 4991 4836
f 4836 4991 4837
f 4991 4992 4837
f 4837 4992 4838
f 4992 4993 4838
f 4838 4993 4839
f 4993 4994 4839
f 4839 4994 4840
f 4994 4995 4840
f 4840 4995 4841
f 4995 4996 4841
f 4841 4996 4842
f 4996 4997 4842
f 4842 4997 4843
f 4997 4998 4843
f 4843 4998 4844
f 4998 4999 4844
f 4844 4999 4845
f 4999 5000 4845
f 4845 5000 4846
f 5000 5001 4846
f 4846 5001 4847
f 5001 5002 4847
f 4847 5002 4848
f 5002 5003 4848
f 4848 5003 4849
f 5003 5004 4849
f 4849 5004 4850
f 5004 5005 4850
f 4850 5005 4851
f 5005 5006 4851
f 4851 5006 4852
f 5006 5007 4852
f 4852 5007 4853
f 5007 5008 4853
f 4853 5008 4854
f 5008 5009 4854
f 4854 5009 4855
f 5009 5010 4855
f 4855 5010 4856
f 5010 5011 4856
f 4856 5011 4857
f 5011 5012 4857
f 4857 5012 4858
f 5012 5013 4858
f 4858 5013 4859
f 5013 5014 4859
f 4859 5014 4860
f 5014 5015 4860
f 4860 5015 4861
f 5015 5016 4861
f 4861 5016 4862
f 5016 5017 4862
f 4862 5017 4863
f 5017 5018 4863
f 4863 5018 4864
f 5018 5019 4864
f 4864 5019 4865
f 5019 5020 4865
f 4865 5020 4866
f 5020 5021 4866
f 4866 5021 4867
f 5021 5022 4867
f 4867 5022 4868
f 5022 5023 4868
f 4868 5023 4869
f 5023 5024 4869
f 4869 5024 4870
f 5024 5025 4870
f 4870 5025 4871
f 5025 5026 4871
f 4871 5026 4872
f 5026 5027 4872
f 4872 5027 4873
f 5027 5028 4873
f 4873 5028 4874
f 5028 5029 4874
f 4874 5029 4875
f 5029 5030 4875
f 4875 5030 4876
f 5030 5031 4876
f 4876 5031 4877
f 5031 5032 4877
f 4877 5032 4878
f 5032 5033 4878
f 4878 5033 4879
f 5033 5034 4879
f 4879 5034 4880
f 5034 5035 4880
f 4880 5035 4881
f 5035 5036 4881
f 4881 5036 4882
f 5036 5037 4882
f 4882 5037 4883
f 5037 5038 4883
f 4883 5038 4884
f 5038 5039 4884
f 4884 5039 4885
f 5039 5040 4885
f 4885 5040 4886
f 5040 5041 4886
f 4886 5041 4887
f 5041 5042 4887
f 4887 5042 4888
f 5042 5043 4888
f 4888 5043 4889
f 5043 5044 4889
f 4889 5044 4890
f 5044 5045 4890
f 4890 5045 4891
f 5045 5046 4891
f 4891 5046 4892
f 5046 5047 4892
f 4892 5047 4893
f 5047 5048 4893
f 4893 5048 4894
f 5048 5049 4894
f 4894 5049 4895
f 5049 5050 4895
f 4895 5050 4896
f 5050 5051 4896
f 4896 5051 4897
f 5051 5052 4897
f 4897 5052 4898
f 5052 5053 4898
f 4898 5053 4899
f 5053 5054 4899
f 4899 5054 4900
f 5054 5055 4900
f 4900 5055 4901
f 5055 5056 4901
f 4901 5056 4902
f 5056 5057 4902
f 4902 5057 4903
f 5057 5058 4903
f 4903 5058 4904
f 5058 5059 4904
f 4904 5059 4905
f 5059 5060 4905
f 4905 5060 4906
f 5060 5061 4906
f 4906 5061 4907
f 5061 5062 4907
f 4907 5062 4908
f 5062 5063 4908
f 4908 5063 4909
f 5063 5064 4909
f 4909 5064 4910
f 5064 5065 4910
f 4910 5065 4911
f 5065 5066 4911
f 4911 5066 4912
f 5066 5067 4912
f 4912 5067 4913
f 5067 5068 4913
f 4913 5068 4914
f 5068 5069 4914
f 4914 5069 4915
f 5069 5070 4915
f 4915 5070 4916
f 5070 5071 4916
f 4916 5071 4917
f 5071 5072 4917
f 4917 5072 4918
f 5072 5073 4918
f 4918 5073 4919
f 5073 5074 4919
f 4919 5074 4920
f 5074 5075 4920
f 4920 5075 4921
f 5075 5076 4921
f 4921 5076 4922
f 5076 5077 4922
f 4922 5077 4923
f 5077 5078 4923
f 4923 5078 4924
f 5078 5079 4924
f 4924 5079 4925
f 5079 5080 4925
f 4925 5080 4926
f 5080 5081 4926
f 4926 5081 4927
f 5081 5082 4927
f 4927 5082 4928
f 5082 5083 4928
f 4928 5083 4929
f 5083 5084 4929
f 4929 5084 4930
f 5084 5085 4930
f 4930 5085 4931
f 5085 5086 4931
f 4931 5086 4932
f 5086 5087 4932
f 4932 5087 4933
f 5087 5088 4933
f 4933 5088 4934
f 5088 5089 4934
f 4934 5089 4935
f 5089 5090 4935
f 4935 5090 4936
f 5090 5091 4936
f 4936 5091 4937
f 5091 5092 4937
f 4937 5092 4938
f 5092 5093 4938
f 4938 5093 4939
f 5093 5094 4939
f 4939 5094 4940
f 5094 5095 4940
f 4940 5095 4941
f 5095 5096 4941
f 4941 5096 4942
f 5096 5097 4942
f 4942 5097 4943
f 5097 5098 4943
f 4943 5098 4944
f 5098 5099 4944
f 4944 5099 4945
f 5099 5100 4945
f 4945 5100 4946
f 5100 5101 4946
f 4946 5101 4947
f 5101 5102 4947
f 4947 5102 4948
f 5102 5103 4948
f 4948 5103 4949
f 5103 5104 4949
f 4949 5104 4950
f 5104 5105 4950
f 4950 5105 4951
f 5105 5106 4951
f 4951 5106 4952
f 5106 5107 4952
f 4952 5107 4953
f 5107 5108 4953
f 4953 5108 4954
f 5108 5109 4954
f 4954 5109 4955
f 5109 5110 4955
f 4955 5110 4956
f 5110 5111 4956
f 4956 5111 4957
f 5111 5112 4957
f 4958 5113 5114
f 4959 4958 5114
f 5112 4958 4957
f 5113 4958 5112
f 4959 5114 4960
f 5114 5115 4960
f 4960 5115 4961
f 5115 5116 4961
f 4962 5117 5118
f 4963 4962 5118
f 5116 4962 4961
f 5117 4962 5116
f 4964 5119 5120
f 4965 4964 5120
f 5118 4964 4963
f 5119 4964 5118
f 4966 5121 4967
f 5121 5122 4967
f 4967 5122 5123
f 4968 4967 5123
f 5123 4969 4968
f 5124 4969 5123
f 4969 5124 4970
f 5124 5125 4970
f 4970 5125 4971
f 5125 5126 4971
f 4971 5126 4972
f 5126 5127 4972
f 4972 5127 4973
f 5127 5128 4973
f 4973 5128 4974
f 5128 5129 4974
f 4974 5129 4975
f 5129 5130 4975
f 4975 5130 4976
f 5130 5131 4976
f 4976 5131 4977
f 5131 5132 4977
f 4977 5132 4978
f 5132 5133 4978
f 4978 5133 4979
f 5133 5134 4979
f 4979 5134 4980
f 5134 5135 4980
f 4980 5135 4981
f 5135 5136 4981
f 4981 5136 4982
f 5136 5137 4982
f 4982 5137 4983
f 5137 5138 4983
f 4983 5138 4984
f 5138 5139 4984
f 4984 5139 4985
f 5139 5140 4985
f 4985 5140 4986
f 5140 5141 4986
f 4986 5141 4987
f 5141 5142 4987
f 4987 5142 4988
f 5142 5143 4988
f 4988 5143 4989
f 5143 5144 4989
f 4989 5144 4990
f 5144 5145 4990
f 4990 5145 4991
f 5145 5146 4991
f 4991 5146 4992
f 5146 5147 4992
f 4992 5147 4993
f 5147 5148 4993
f 4993 5148 4994
f 5148 5149 4994
f 4994 5149 4995
f 5149 5150 4995
f 4995 5150 4996
f 5150 5151 4996
f 4996 5151 4997
f 5151 5152 4997
f 4997 5152 4998
f 5152 5153 4998
f 4998 5153 4999
f 5153 5154 4999
f 4999 5154 5000
f 5154 5155 5000
f 5000 5155 5001
f 5155 5156 5001
f 5001 5156 5002
f 5156 5157 5002
f 5002 5157 5003
f 5157 5158 5003
f 5003 5158 5004
f 5158 5159 5004
f 5004 5159 5005
f 5159 5160 5005
f 5005 5160 5006
f 5160 5161 5006
f 5006 5161 5007
f 5161 5162 5007
f 5007 5162 5008
f 5162 5163 5008
f 5008 5163 5009
f 5163 5164 5009
f 5009 5164 5010
f 5164 5165 5010
f 5010 5165 5011
f 5165 5166 5011
f 5011 5166 5012
f 5166 5167 5012
f 5012 5167 5013
f 5167 5168 5013
f 5013 5168 5014
f 5168 5169 5014
f 5014 5169 5015
f 5169 5170 5015
f 5015 5170 5016
f 5170 5171 5016
f 5016 5171 5017
f 5171 5172 5017
f 5017 5172 5018
f 5172 5173 5018
f 5018 5173 5019
f 5173 5174 5019
f 5019 5174 5020
f 5174 5175 5020
f 5020 5175 5021
f 5175 5176 5021
f 5021 5176 5022
f 5176 5177 5022
f 5022 5177 5023
f 5177 5178 5023
f 5023 5178 5024
f 5178 5179 5024
f 5024 5179 5025
f 5179 5180 5025
f 5025 5180 5026
f 5180 5181 5026
f 5026 5181 5027
f 5181 5182 5027
f 5027 5182 5028
f 5182 5183 5028
f 5028 5183 5029
f 5183 5184 5029
f 5029 5184 5030
f 5184 5185 5030
f 5030 5185 5031
f 5185 5186 5031
f 5031 5186 5032
f 5186 5187 5032
f 5032 5187 5033
f 5187 5188 5033
f 5033 5188 5034
f 5188 5189 5034
f 5034 5189 5035
f 5189 5190 5035
f 5035 5190 5036
f 5190 5191 5036
f 5036 5191 5037
f 5191 5192 5037
f 5037 5192 5038
f 5192 5193 5038
f 5038 5193 5039
f 5193 5194 5039
f 5039 5194 5040
f 5194 5195 5040
f 5040 5195 5041
f 5195 5196 5041
f 5041 5196 5042
f 5196 5197 5042
f 5042 5197 5043
f 5197 5198 5043
f 5043 5198 5044
f 5198 5199 5044
f 5044 5199 5045
f 5199 5200 5045
f 5045 5200 5046
f 5200 5201 5046
f 5046 5201 5047
f 5201 5202 5047
f 5047 5202 5048
f 5202 5203 5048
f 5048 5203 5049
f 5203 5204 5049
f 5049 5204 5050
f 5204 5205 5050
f 5050 5205 5051
f 5205 5206 5051
f 5051 5206 5052
f 5206 5207 5052
f 5052 5207 5053
f 5207 5208 5053
f 5053 5208 5054
f 5208 5209 5054
f 5054 5209 5055
f 5209 5210 5055
f 5055 5210 5056
f 5210 5211 5056
f 5056 5211 5057
f 5211 5212 5057
f 5057 5212 5058
f 5212 5213 5058
f 5058 5213 5059
f 5213 5214 5059
f 5059 5214 5060
f 5214 5215 5060
f 5060 5215 5061
f 5215 5216 5061
f 5061 5216 5062
f 5216 5217 5062
f 5062 5217 5063
f 5217 5218 5063
f 5063 5218 5064
f 5218 5219 5064
f 5064 5219 5065
f 5219 5220 5065
f 5065 5220 5066
f 5220 5221 5066
f 5066 5221 5067
f 5221 5222 5067
f 5067 5222 5068
f 5222 5223 5068
f 5068 5223 5069
f 5223 5224 5069
f 5069 5224 5070
f 5224 5225 5070
f 5070 5225 5071
f 5225 5226 5071
f 5071 5226 5072
f 5226 5227 5072
f 5072 5227 5073
f 5227 5228 5073
f 5073 5228 5074
f 5228 5229 5074
f 5074 5229 5075
f 5229 5230 5075
f 5075 5230 5076
f 5230 5231 5076
f 5076 5231 5077
f 5231 5232 5077
f 5077 5232 5078
f 5232 5233 5078
f 5078 5233 5079
f 5233 5234 5079
f 5079 5234 5080
f 5234 5235 5080
f 5080 5235 5081
f 5235 5236 5081
f 5081 5236 5082
f 5236 5237 5082
f 5082 5237 5083
f 5237 5238 5083
f 5083 5238 5084
f 5238 5239 5084
f 5084 5239 5085
f 5239 5240 5085
f 5085 5240 5086
f 5240 5241 5086
f 5086 5241 5087
f 5241 5242 5087
f 5087 5242 5088
f 5242 5243 5088
f 5088 5243 5089
f 5243 5244 5089
f 5089 5244 5090
f 5244 5245 5090
f 5090 5245 5091
f 5245 5246 5091
f 5091 5246 5092
f 5246 5247 5092
f 5092 5247 5093
f 5247 5248 5093
f 5093 5248 5094
f 5248 5249 5094
f 5094 5249 5095
f 5249 5250 5095
f 5095 5250 5096
f 5250 5251 5096
f 5096 5251 5097
f 5251 5252 5097
f 5097 5252 5098
f 5252 5253 5098
f 5098 5253 5099
f 5253 5254 5099
f 5099 5254 5100
f 5254 5255 5100
f 5100 5255 5101
f 5255 5256 5101
f 5101 5256 5102
f 5256 5257 5102
f 5102 5257 5103
f 5257 5258 5103
f 5103 5258 5104
f 5258 5259 5104
f 5104 5259 5105
f 5259 5260 5105
f 5105 5260 5106
f 5260 5261 5106
f 5106 5261 5107
f 5261 5262 5107
f 5107 5262 5108
f 5262 5263 5108
f 5108 5263 5109
f 5263 5264 5109
f 5109 5264 5110
f 5264 5265 5110
f 5110 5265 5111
f 5265 5266 5111
f 5111 5266 5112
f 5266 5267 5112
f 5113 5268 5269
f 5114 5113 5269
f 5267 5113 5112
f 5268 5113 5267
f 5114 5269 5115
f 5269 5270 5115
f 5115 5270 5116
f 5270 5271 5116
f 5117 5272 5273
f 5118 5117 5273
f 5271 5117 5116
f 5272 5117 5271
f 5119 5274 5275
f 5120 5119 5275
f 5273 5119 5118
f 5274 5119 5273
f 5121 5276 5122
f 5276 5277 5122
f 5122 5277 5278
f 5123 5122 5278
f 5278 5124 5123
f 5279 5124 5278
f 5124 5279 5125
f 5279 5280 5125
f 5125 5280 5126
f 5280 5281 5126
f 5126 5281 5127
f 5281 5282 5127
f 5127 5282 5128
f 5282 5283 5128
f 5128 5283 5129
f 5283 5284 5129
f 5129 5284 5130
f 5284 5285 5130
f 5130 5285 5131
f 5285 5286 5131
f 5131 5286 5132
f 5286 5287 5132
f 5132 5287 5133
f 5287 5288 5133
f 5133 5288 5134
f 5288 5289 5134
f 5134 5289 5135
f 5289 5290 5135
f 5135 5290 5136
f 5290 5291 5136
f 5136 5291 5137
f 5291 5292 5137
f 5137 5292 5138
f 5292 5293 5138
f 5138 5293 5139
f 5293 5294 5139
f 5139 5294 5140
f 5294 5295 5140
f 5140 5295 5141
f 5295 5296 5141
f 5141 5296 5142
f 5296 5297 5142
f 5142 5297 5143
f 5297 5298 5143
f 5143 5298 5144
f 5298 5299 5144
f 5144 5299 5145
f 5299 5300 5145
f 5145 5300 5146
f 5300 5301 5146
f 5146 5301 5147
f 5301 5302 5147
f 5147 5302 5148
f 5302 5303 5148
f 5148 5303 5149
f 5303 5304 5149
f 5149 5304 5150
f 5304 5305 5150
f 5150 5305 5151
f 5305 5306 5151
f 5151 5306 5152
f 5306 5307 5152
f 5152 5307 5153
f 5307 5308 5153
f 5153 5308 5154
f 5308 5309 5154
f 5154 5309 5155
f 5309 5310 5155
f 5155 5310 5156
f 5310 5311 5156
f 5156 5311 5157
f 5311 5312 5157
f 5157 5312 5158
f 5312 5313 5158
f 5158 5313 5159
f 5313 5314 5159
f 5159 5314 5160
f 5314 5315 5160
f 5160 5315 5161
f 5315 5316 5161
f 5161 5316 5162
f 5316 5317 5162
f 5162 5317 5163
f 5317 5318 5163
f 5163 5318 5164
f 5318 5319 5164
f 5164 5319 5165
f 5319 5320 5165
f 5165 5320 5166
f 5320 5321 5166
f 5166 5321 5167
f 5321 5322 5167
f 5167 5322 5168
f 5322 5323 5168
f 5168 5323 5169
f 5323 5324 5169
f 5169 5324 5170
f 5324 5325 5170
f 5170 5325 5171
f 5325 5326 5171
f 5171 5326 5172
f 5326 5327 5172
f 5172 5327 5173
f 5327 5328 5173
f 5173 5328 5174
f 5328 5329 5174
f 5174 5329 5175
f 5329 5330 5175
f 5175 5330 5176
f 5330 5331 5176
f 5176 5331 5177
f 5331 5332 5177
f 5177 5332 5178
f 5332 5333 5178
f 5178 5333 5179
f 5333 5334 5179
f 5179 5334 5180
f 5334 5335 5180
f 5180 5335 5181
f 5335 5336 5181
f 5181 5336 5182
f 5336 5337 5182
f 5182 5337 5183
f 5337 5338 5183
f 5183 5338 5184
f 5338 5339 5184
f 5184 5339 5185
f 5339 5340 5185
f 5185 5340 5186
f 5340 5341 5186
f 5186 5341 5187
f 5341 5342 5187
f 5187 5342 5188
f 5342 5343 5188
f 5188 5343 5189
f 5343 5344 5189
f 5189 5344 5190
f 5344 5345 5190
f 5190 5345 5191
f 5345 5346 5191
f 5191 5346 5192
f 5346 5347 5192
f 5192 5347 5193
f 5347 5348 5193
f 5193 5348 5194
f 5348 5349 5194
f 5194 5349 5195
f 5349 5350 5195
f 5195 5350 5196
f 5350 5351 5196
f 5196 5351 5197
f 5351 5352 5197
f 5197 5352 5198
f 5352 5353 5198
f 5198 5353 5199
f 5353 5354 5199
f 5199 5354 5200
f 5354 5355 5200
f 5200 5355 5201
f 5355 5356 5201
f 5201 5356 5202
f 5356 5357 5202
f 5202 5357 5203
f 5357 5358 5203
f 5203 5358 5204
f 5358 5359 5204
f 5204 5359 5205
f 5359 5360 5205
f 5205 5360 5206
f 5360 5361 5206
f 5206 5361 5207
f 5361 5362 5207
f 5207 5362 5208
f 5362 5363 5208
f 5208 5363 5209
f 5363 5364 5209
f 5209 5364 5210
f 5364 5365 5210
f 5210 5365 5211
f 5365 5366 5211
f 5211 5366 5212
f 5366 5367 5212
f 5212 5367 5213
f 5367 5368 5213
f 5213 5368 5214
f 5368 5369 5214
f 5214 5369 5215
f 5369 5370 5215
f 5215 5370 5216
f 5370 5371 5216
f 5216 5371 5217
f 5371 5372 5217
f 5217 5372 5218
f 5372 5373 5218
f 5218 5373 5219
f 5373 5374 5219
f 5219 5374 5220
f 5374 5375 5220
f 5220 5375 5221
f 5375 5376 5221
f 5221 5376 5222
f 5376 5377 5222
f 5222 5377 5223
f 5377 5378 5223
f 5223 5378 5224
f 5378 5379 5224
f 5224 5379 5225
f 5379 5380 5225
f 5225 5380 5226
f 5380 5381 5226
f 5226 5381 5227
f 5381 5382 5227
f 5227 5382 5228
f 5382 5383 5228
f 5228 5383 5229
f 5383 5384 5229
f 5229 5384 5230
f 5384 5385 5230
f 5230 5385 5231
f 5385 5386 5231
f 5231 5386 5232
f 5386 5387 5232
f 5232 5387 5233
f 5387 5388 5233
f 5233 5388 5234
f 5388 5389 5234
f 5234 5389 5235
f 5389 5390 5235
f 5235 5390 5236
f 5390 5391 5236
f 5236 5391 5237
f 5391 5392 5237
f 5237 5392 5238
f 5392 5393 5238
f 5238 5393 5239
f 5393 5394 5239
f 5239 5394 5240
f 5394 5395 5240
f 5240 5395 5241
f 5395 5396 5241
f 5241 5396 5242
f 5396 5397 5242
f 5242 5397 5243
f 5397 5398 5243
f 5243 5398 5244
f 5398 5399 5244
f 5244 5399 5245
f 5399 5400 5245
f 5245 5400 5246
f 5400 5401 5246
f 5246 5401 5247
f 5401 5402 5247
f 5247 5402 5248
f 5402 5403 5248
f 5248 5403 5249
f 5403 5404 5249
f 5249 5404 5250
f 5404 5405 5250
f 5250 5405 5251
f 5405 5406 5251
f 5251 5406 5252
f 5406 5407 5252
f 5252 5407 5253
f 5407 5408 5253
f 5253 5408 5254
f 5408 5409 5254
f 5254 5409 5255
f 5409 5410 5255
f 5255 5410 5256
f 5410 5411 5256
f 5256 5411 5257
f 5411 5412 5257
f 5257 5412 5258
f 5412 5413 5258
f 5258 5413 5259
f 5413 5414 5259
f 5259 5414 5260
f 5414 5415 5260
f 5260 5415 5261
f 5415 5416 5261
f 5261 5416 5262
f 5416 5417 5262
f 5262 5417 5263
f 5417 5418 5263
f 5263 5418 5264
f 5418 5419 5264
f 5264 5419 5265
f 5419 5420 5265
f 5265 5420 5266
f 5420 5421 5266
f 5266 5421 5267
f 5421 5422 5267
f 5268 5423 5424
f 5269 5268 5424
f 5422 5268 5267
f 5423 5268 5422
f 5269 5424 5270
f 5424 5425 5270
f 5270 5425 5271
f 5425 5426 5271
f 5272 5427 5428
f 5273 5272 5428
f 5426 5272 5271
f 5427 5272 5426
f 5274 5429 5275
f 5274 5430 5429
f 5274 5273 5430
f 5273 5428 5430
f 5276 5431 5277
f 5431 5432 5277
f 5277 5432 5433
f 5278 5277 5433
f 5433 5279 5278
f 5434 5279 5433
f 5279 5434 5280
f 5434 5435 5280
f 5280 5435 5281
f 5435 5436 5281
f 5281 5436 5282
f 5436 5437 5282
f 5282 5437 5283
f 5437 5438 5283
f 5283 5438 5284
f 5438 5439 5284
f 5284 5439 5285
f 5439 5440 5285
f 5285 5440 5286
f 5440 5441 5286
f 5286 5441 5287
f 5441 5442 5287
f 5287 5442 5288
f 5442 5443 5288
f 5288 5443 5289
f 5443 5444 5289
f 5289 5444 5290
f 5444 5445 5290
f 5290 5445 5291
f 5445 5446 5291
f 5291 5446 5292
f 5446 5447 5292
f 5292 5447 5293
f 5447 5448 5293
f 5293 5448 5294
f 5448 5449 5294
f 5294 5449 5295
f 5449 5450 5295
f 5295 5450 5296
f 5450 5451 5296
f 5296 5451 5297
f 5451 5452 5297
f 5297 5452 5298
f 5452 5453 5298
f 5298 5453 5299
f 5453 5454 5299
f 5299 5454 5300
f 5454 5455 5300
f 5300 5455 5301
f 5455 5456 5301
f 5301 5456 5302
f 5456 5457 5302
f 5302 5457 5303
f 5457 5458 5303
f 5303 5458 5304
f 5458 5459 5304
f 5304 5459 5305
f 5459 5460 5305
f 5305 5460 5306
f 5460 5461 5306
f 5306 5461 5307
f 5461 5462 5307
f 5307 5462 5308
f 5462 5463 5308
f 5308 5463 5309
f 5463 5464 5309
f 5309 5464 5310
f 5464 5465 5310
f 5310 5465 5311
f 5465 5466 5311
f 5311 5466 5312
f 5466 5467 5312
f 5312 5467 5313
f 5467 5468 5313
f 5313 5468 5314
f 5468 5469 5314
f 5314 5469 5315
f 5469 5470 5315
f 5315 5470 5316
f 5470 5471 5316
f 5316 5471 5317
f 5471 5472 5317
f 5317 5472 5318
f 5472 5473 5318
f 5318 5473 5319
f 5473 5474 5319
f 5319 5474 5320
f 5474 5475 5320
f 5320 5475 5321
f 5475 5476 5321
f 5321 5476 5322
f 5476 5477 5322
f 5322 5477 5323
f 5477 5478 5323
f 5323 5478 5324
f 5478 5479 5324
f 5324 5479 5325
f 5479 5480 5325
f 5325 5480 5326
f 5480 5481 5326
f 5326 5481 5327
f 5481 5482 5327
f 5327 5482 5328
f 5482 5483 5328
f 5328 5483 5329
f 5483 5484 5329
f 5329 5484 5330
f 5484 5485 5330
f 5330 5485 5331
f 5485 5486 5331
f 5331 5486 5332
f 5486 5487 5332
f 5332 5487 5333
f 5487 5488 5333
f 5333 5488 5334
f 5488 5489 5334
f 5334 5489 5335
f 5489 5490 5335
f 5335 5490 5336
f 5490 5491 5336
f 5336 5491 5337
f 5491 5492 5337
f 5337 5492 5338
f 5492 5493 5338
f 5338 5493 5339
f 5493 5494 5339
f 5339 5494 5340
f 5494 5495 5340
f 5340 5495 5341
f 5495 5496 5341
f 5341 5496 5342
f 5496 5497 5342
f 5342 5497 5343
f 5497 5498 5343
f 5343 5498 5344
f 5498 5499 5344
f 5344 5499 5345
f 5499 5500 5345
f 5345 5500 5346
f 5500 5501 5346
f 5346 5501 5347
f 5501 5502 5347
f 5347 5502 5348
f 5502 5503 5348
f 5348 5503 5349
f 5503 5504 5349
f 5349 5504 5350
f 5504 5505 5350
f 5350 5505 5351
f 5505 5506 5351
f 5351 5506 5352
f 5506 5507 5352
f 5352 5507 5353
f 5507 5508 5353
f 5353 5508 5354
f 5508 5509 5354
f 5354 5509 5355
f 5509 5510 5355
f 5355 5510 5356
f 5510 5511 5356
f 5356 5511 5357
f 5511 5512 5357
f 5357 5512 5358
f 5512 5513 5358
f 5358 5513 5359
f 5513 5514 5359
f 5359 5514 5360
f 5514 5515 5360
f 5360 5515 5361
f 5515 5516 5361
f 5361 5516 5362
f 5516 5517 5362
f 5362 5517 5363
f 5517 5518 5363
f 5363 5518 5364
f 5518 5519 5364
f 5364 5519 5365
f 5519 5520 5365
f 5365 5520 5366
f 5520 5521 5366
f 5366 5521 5367
f 5521 5522 5367
f 5367 5522 5368
f 5522 5523 5368
f 5368 5523 5369
f 5523 5524 5369
f 5369 5524 5370
f 5524 5525 5370
f 5370 5525 5371
f 5525 5526 5371
f 5371 5526 5372
f 5526 5527 5372
f 5372 5527 5373
f 5527 5528 5373
f 5373 5528 5374
f 5528 5529 5374
f 5374 5529 5375
f 5529 5530 5375
f 5375 5530 5376
f 5530 5531 5376
f 5376 5531 5377
f 5531 5532 5377
f 5377 5532 5378
f 5532 5533 5378
f 5378 5533 5379
f 5533 5534 5379
f 5379 5534 5380
f 5534 5535 5380
f 5380 5535 5381
f 5535 5536 5381
f 5381 5536 5382
f 5536 5537 5382
f 5382 5537 5383
f 5537 5538 5383
f 5383 5538 5384
f 5538 5539 5384
f 5384 5539 5385
f 5539 5540 5385
f 5385 5540 5386
f 5540 5541 5386
f 5386 5541 5387
f 5541 5542 5387
f 5387 5542 5388
f 5542 5543 5388
f 5388 5543 5389
f 5543 5544 5389
f 5389 5544 5390
f 5544 5545 5390
f 5390 5545 5391
f 5545 5546 5391
f 5391 5546 5392
f 5546 5547 5392
f 5392 5547 5393
f 5547 5548 5393
f 5393 5548 5394
f 5548 5549 5394
f 5394 5549 5395
f 5549 5550 5395
f 5395 5550 5396
f 5550 5551 5396
f 5396 5551 5397
f 5551 5552 5397
f 5397 5552 5398
f 5552 5553 5398
f 5398 5553 5399
f 5553 5554 5399
f 5399 5554 5400
f 5554 5555 5400
f 5400 5555 5401
f 5555 5556 5401
f 5401 5556 5402
f 5556 5557 5402
f 5402 5557 5403
f 5557 5558 5403
f 5403 5558 5404
f 5558 5559 5404
f 5404 5559 5405
f 5559 5560 5405
f 5405 5560 5406
f 5560 5561 5406
f 5406 5561 5407
f 5561 5562 5407
f 5407 5562 5408
f 5562 5563 5408
f 5408 5563 5409
f 5563 5564 5409
f 5409 5564 5410
f 5564 5565 5410
f 5410 5565 5411
f 5565 5566 5411
f 5411 5566 5412
f 5566 5567 5412
f 5412 5567 5413
f 5567 5568 5413
f 5413 5568 5414
f 5568 5569 5414
f 5414 5569 5415
f 5569 5570 5415
f 5415 5570 5416
f 5570 5571 5416
f 5416 5571 5417
f 5571 5572 5417
f 5417 5572 5418
f 5572 5573 5418
f 5418 5573 5419
f 5573 5574 5419
f 5419 5574 5420
f 5574 5575 5420
f 5420 5575 5421
f 5575 5576 5421
f 5421 5576 5422
f 5576 5577 5422
f 5423 5578 5579
f 5424 5423 5579
f 5577 5423 5422
f 5578 5423 5577
f 5424 5579 5425
f 5579 5580 5425
f 5425 5580 5426
f 5580 5581 5426
f 5427 5582 5583
f 5428 5427 5583
f 5581 5427 5426
f 5582 5427 5581
f 5428 5583 5430
f 5583 5584 5430
f 5431 5585 5432
f 5585 5586 5432
f 5587 5433 5432
f 5587 5432 5588
f 5588 5432 5586
f 5433 5587 5434
f 5587 5588 5589
f 5589 5434 5587
f 5589 5590 5434
f 5590 5435 5434
f 5435 5590 5436
f 5590 5591 5436
f 5436 5591 5437
f 5591 5592 5437
f 5437 5592 5438
f 5592 5593 5438
f 5438 5593 5439
f 5593 5594 5439
f 5439 5594 5440
f 5594 5595 5440
f 5440 5595 5441
f 5595 5596 5441
f 5441 5596 5442
f 5596 5597 5442
f 5442 5597 5443
f 5597 5598 5443
f 5443 5598 5444
f 5598 5599 5444
f 5444 5599 5445
f 5599 5600 5445
f 5445 5600 5446
f 5600 5601 5446
f 5446 5601 5447
f 5601 5602 5447
f 5447 5602 5448
f 5602 5603 5448
f 5448 5603 5449
f 5603 5604 5449
f 5449 5604 5450
f 5604 5605 5450
f 5450 5605 5451
f 5605 5606 5451
f 5451 5606 5452
f 5606 5607 5452
f 5452 5607 5453
f 5607 5608 5453
f 5453 5608 5454
f 5608 5609 5454
f 5454 5609 5455
f 5609 5610 5455
f 5455 5610 5456
f 5610 5611 5456
f 5456 5611 5457
f 5611 5612 5457
f 5457 5612 5458
f 5612 5613 5458
f 5458 5613 5459
f 5613 5614 5459
f 5459 5614 5460
f 5614 5615 5460
f 5460 5615 5461
f 5615 5616 5461
f 5461 5616 5462
f 5616 5617 5462
f 5462 5617 5463
f 5617 5618 5463
f 5463 5618 5464
f 5618 5619 5464
f 5464 5619 5465
f 5619 5620 5465
f 5465 5620 5466
f 5620 5621 5466
f 5466 5621 5467
f 5621 5622 5467
f 5467 5622 5468
f 5622 5623 5468
f 5468 5623 5469
f 5623 5624 5469
f 5469 5624 5470
f 5624 5625 5470
f 5470 5625 5471
f 5625 5626 5471
f 5471 5626 5472
f 5626 5627 5472
f 5472 5627 5473
f 5627 5628 5473
f 5473 5628 5474
f 5628 5629 5474
f 5474 5629 5475
f 5629 5630 5475
f 5475 5630 5476
f 5630 5631 5476
f 5476 5631 5477
f 5631 5632 5477
f 5477 5632 5478
f 5632 5633 5478
f 5478 5633 5479
f 5633 5634 5479
f 5479 5634 5480
f 5634 5635 5480
f 5480 5635 5481
f 5635 5636 5481
f 5481 5636 5482
f 5636 5637 5482
f 5482 5637 5483
f 5637 5638 5483
f 5483 5638 5484
f 5638 5639 5484
f 5484 5639 5485
f 5639 5640 5485
f 5485 5640 5486
f 5640 5641 5486
f 5486 5641 5487
f 5641 5642 5487
f 5487 5642 5488
f 5642 5643 5488
f 5488 5643 5489
f 5643 5644 5489
f 5489 5644 5490
f 5644 5645 5490
f 5490 5645 5491
f 5645 5646 5491
f 5491 5646 5492
f 5646 5647 5492
f 5492 5647 5493
f 5647 5648 5493
f 5493 5648 5494
f 5648 5649 5494
f 5494 5649 5495
f 5649 5650 5495
f 5495 5650 5496
f 5650 5651 5496
f 5496 5651 5497
f 5651 5652 5497
f 5497 5652 5498
f 5652 5653 5498
f 5498 5653 5499
f 5653 5654 5499
f 5499 5654 5500
f 5654 5655 5500
f 5500 5655 5501
f 5655 5656 5501
f 5501 5656 5502
f 5656 5657 5502
f 5502 5657 5503
f 5657 5658 5503
f 5503 5658 5504
f 5658 5659 5504
f 5504 5659 5505
f 5659 5660 5505
f 5505 5660 5506
f 5660 5661 5506
f 5506 5661 5507
f 5661 5662 5507
f 5507 5662 5508
f 5662 5663 5508
f 5508 5663 5509
f 5663 5664 5509
f 5509 5664 5510
f 5664 5665 5510
f 5510 5665 5511
f 5665 5666 5511
f 5511 5666 5512
f 5666 5667 5512
f 5512 5667 5513
f 5667 5668 5513
f 5513 5668 5514
f 5668 5669 5514
f 5514 5669 5515
f 5669 5670 5515
f 5515 5670 5516
f 5670 5671 5516
f 5516 5671 5517
f 5671 5672 5517
f 5517 5672 5518
f 5672 5673 5518
f 5518 5673 5519
f 5673 5674 5519
f 5519 5674 5520
f 5674 5675 5520
f 5520 5675 5521
f 5675 5676 5521
f 5521 5676 5522
f 5676 5677 5522
f 5522 5677 5523
f 5677 5678 5523
f 5523 5678 5524
f 5678 5679 5524
f 5524 5679 5525
f 5679 5680 5525
f 5525 5680 5526
f 5680 5681 5526
f 5526 5681 5527
f 5681 5682 5527
f 5527 5682 5528
f 5682 5683 5528
f 5528 5683 5529
f 5683 5684 5529
f 5529 5684 5530
f 5684 5685 5530
f 5530 5685 5531
f 5685 5686 5531
f 5531 5686 5532
f 5686 5687 5532
f 5532 5687 5533
f 5687 5688 5533
f 5533 5688 5534
f 5688 5689 5534
f 5534 5689 5535
f 5689 5690 5535
f 5535 5690 5536
f 5690 5691 5536
f 5536 5691 5537
f 5691 5692 5537
f 5537 5692 5538
f 5692 5693 5538
f 5538 5693 5539
f 5693 5694 5539
f 5539 5694 5540
f 5694 5695 5540
f 5540 5695 5541
f 5695 5696 5541
f 5541 5696 5542
f 5696 5697 5542
f 5542 5697 5543
f 5697 5698 5543
f 5543 5698 5544
f 5698 5699 5544
f 5544 5699 5545
f 5699 5700 5545
f 5545 5700 5546
f 5700 5701 5546
f 5546 5701 5547
f 5701 5702 5547
f 5547 5702 5548
f 5702 5703 5548
f 5548 5703 5549
f 5703 5704 5549
f 5549 5704 5550
f 5704 5705 5550
f 5550 5705 5551
f 5705 5706 5551
f 5551 5706 5552
f 5706 5707 5552
f 5552 5707 5553
f 5707 5708 5553
f 5553 5708 5554
f 5708 5709 5554
f 5554 5709 5555
f 5709 5710 5555
f 5555 5710 5556
f 5710 5711 5556
f 5556 5711 5557
f 5711 5712 5557
f 5557 5712 5558
f 5712 5713 5558
f 5558 5713 5559
f 5713 5714 5559
f 5559 5714 5560
f 5714 5715 5560
f 5560 5715 5561
f 5715 5716 5561
f 5561 5716 5562
f 5716 5717 5562
f 5562 5717 5563
f 5717 5718 5563
f 5563 5718 5564
f 5718 5719 5564
f 5564 5719 5565
f 5719 5720 5565
f 5565 5720 5566
f 5720 5721 5566
f 5566 5721 5567
f 5721 5722 5567
f 5567 5722 5568
f 5722 5723 5568
f 5568 5723 5569
f 5723 5724 5569
f 5569 5724 5570
f 5724 5725 5570
f 5570 5725 5571
f 5725 5726 5571
f 5571 5726 5572
f 5726 5727 5572
f 5572 5727 5573
f 5727 5728 5573
f 5573 5728 5574
f 5728 5729 5574
f 5574 5729 5575
f 5729 5730 5575
f 5575 5730 5576
f 5730 5731 5576
f 5576 5731 5577
f 5731 5732 5577
f 5578 5733 5734
f 5579 5578 5734
f 5732 5578 5577
f 5733 5578 5732
f 5579 5734 5580
f 5734 5735 5580
f 5580 5735 5581
f 5735 5736 5581
f 5582 5737 5738
f 5583 5582 5738
f 5736 5582 5581
f 5737 5582 5736
f 5583 5738 5584
f 5738 5739 5584
f 5585 5740 5586
f 5740 5741 5586
f 5586 5741 5588
f 5741 5742 5588
f 5588 5742 5743
f 5589 5588 5743
f 5743 5590 5589
f 5744 5590 5743
f 5590 5744 5591
f 5744 5745 5591
f 5591 5745 5592
f 5745 5746 5592
f 5592 5746 5593
f 5746 5747 5593
f 5593 5747 5594
f 5747 5748 5594
f 5594 5748 5595
f 5748 5749 5595
f 5595 5749 5596
f 5749 5750 5596
f 5596 5750 5597
f 5750 5751 5597
f 5597 5751 5598
f 5751 5752 5598
f 5598 5752 5599
f 5752 5753 5599
f 5599 5753 5600
f 5753 5754 5600
f 5600 5754 5601
f 5754 5755 5601
f 5601 5755 5602
f 5755 5756 5602
f 5602 5756 5603
f 5756 5757 5603
f 5603 5757 5604
f 5757 5758 5604
f 5604 5758 5605
f 5758 5759 5605
f 5605 5759 5606
f 5759 5760 5606
f 5606 5760 5607
f 5760 5761 5607
f 5607 5761 5608
f 5761 5762 5608
f 5608 5762 5609
f 5762 5763 5609
f 5609 5763 5610
f 5763 5764 5610
f 5610 5764 5611
f 5764 5765 5611
f 5611 5765 5612
f 5765 5766 5612
f 5612 5766 5613
f 5766 5767 5613
f 5613 5767 5614
f 5767 5768 5614
f 5614 5768 5615
f 5768 5769 5615
f 5615 5769 5616
f 5769 5770 5616
f 5616 5770 5617
f 5770 5771 5617
f 5617 5771 5618
f 5771 5772 5618
f 5618 5772 5619
f 5772 5773 5619
f 5619 5773 5620
f 5773 5774 5620
f 5620 5774 5621
f 5774 5775 5621
f 5621 5775 5622
f 5775 5776 5622
f 5622 5776 5623
f 5776 5777 5623
f 5623 5777 5624
f 5777 5778 5624
f 5624 5778 5625
f 5778 5779 5625
f 5625 5779 5626
f 5779 5780 5626
f 5626 5780 5627
f 5780 5781 5627
f 5627 5781 5628
f 5781 5782 5628
f 5628 5782 5629
f 5782 5783 5629
f 5629 5783 5630
f 5783 5784 5630
f 5630 5784 5631
f 5784 5785 5631
f 5631 5785 5632
f 5785 5786 5632
f 5632 5786 5633
f 5786 5787 5633
f 5633 5787 5634
f 5787 5788 5634
f 5634 5788 5635
f 5788 5789 5635
f 5635 5789 5636
f 5789 5790 5636
f 5636 5790 5637
f 5790 5791 5637
f 5637 5791 5638
f 5791 5792 5638
f 5638 5792 5639
f 5792 5793 5639
f 5639 5793 5640
f 5793 5794 5640
f 5640 5794 5641
f 5794 5795 5641
f 5641 5795 5642
f 5795 5796 5642
f 5642 5796 5643
f 5796 5797 5643
f 5643 5797 5644
f 5797 5798 5644
f 5644 5798 5645
f 5798 5799 5645
f 5645 5799 5646
f 5799 5800 5646
f 5646 5800 5647
f 5800 5801 5647
f 5647 5801 5648
f 5801 5802 5648
f 5648 5802 5649
f 5802 5803 5649
f 5649 5803 5650
f 5803 5804 5650
f 5650 5804 5651
f 5804 5805 5651
f 5651 5805 5652
f 5805 5806 5652
f 5652 5806 5653
f 5806 5807 5653
f 5653 5807 5654
f 5807 5808 5654
f 5654 5808 5655
f 5808 5809 5655
f 5655 5809 5656
f 5809 5810 5656
f 5656 5810 5657
f 5810 5811 5657
f 5657 5811 5658
f 5811 5812 5658
f 5658 5812 5659
f 5812 5813 5659
f 5659 5813 5660
f 5813 5814 5660
f 5660 5814 5661
f 5814 5815 5661
f 5661 5815 5662
f 5815 5816 5662
f 5662 5816 5663
f 5816 5817 5663
f 5663 5817 5664
f 5817 5818 5664
f 5664 5818 5665
f 5818 5819 5665
f 5665 5819 5666
f 5819 5820 5666
f 5666 5820 5667
f 5820 5821 5667
f 5667 5821 5668
f 5821 5822 5668
f 5668 5822 5669
f 5822 5823 5669
f 5669 5823 5670
f 5823 5824 5670
f 5670 5824 5671
f 5824 5825 5671
f 5671 5825 5672
f 5825 5826 5672
f 5672 5826 5673
f 5826 5827 5673
f 5673 5827 5674
f 5827 5828 5674
f 5674 5828 5675
f 5828 5829 5675
f 5675 5829 5676
f 5829 5830 5676
f 5676 5830 5677
f 5830 5831 5677
f 5677 5831 5678
f 5831 5832 5678
f 5678 5832 5679
f 5832 5833 5679
f 5679 5833 5680
f 5833 5834 5680
f 5680 5834 5681
f 5834 5835 5681
f 5681 5835 5682
f 5835 5836 5682
f 5682 5836 5683
f 5836 5837 5683
f 5683 5837 5684
f 5837 5838 5684
f 5684 5838 5685
f 5838 5839 5685
f 5685 5839 5686
f 5839 5840 5686
f 5686 5840 5687
f 5840 5841 5687
f 5687 5841 5688
f 5841 5842 5688
f 5688 5842 5689
f 5842 5843 5689
f 5689 5843 5690
f 5843 5844 5690
f 5690 5844 5691
f 5844 5845 5691
f 5691 5845 5692
f 5845 5846 5692
f 5692 5846 5693
f 5846 5847 5693
f 5693 5847 5694
f 5847 5848 5694
f 5694 5848 5695
f 5848 5849 5695
f 5695 5849 5696
f 5849 5850 5696
f 5696 5850 5697
f 5850 5851 5697
f 5697 5851 5698
f 5851 5852 5698
f 5698 5852 5699
f 5852 5853 5699
f 5699 5853 5700
f 5853 5854 5700
f 5700 5854 5701
f 5854 5855 5701
f 5701 5855 5702
f 5855 5856 5702
f 5702 5856 5703
f 5856 5857 5703
f 5703 5857 5704
f 5857 5858 5704
f 5704 5858 5705
f 5858 5859 5705
f 5705 5859 5706
f 5859 5860 5706
f 5706 5860 5707
f 5860 5861 5707
f 5707 5861 5708
f 5861 5862 5708
f 5708 5862 5709
f 5862 5863 5709
f 5709 5863 5710
f 5863 5864 5710
f 5710 5864 5711
f 5864 5865 5711
f 5711 5865 5712
f 5865 5866 5712
f 5712 5866 5713
f 5866 5867 5713
f 5713 5867 5714
f 5867 5868 5714
f 5714 5868 5715
f 5868 5869 5715
f 5715 5869 5716
f 5869 5870 5716
f 5716 5870 5717
f 5870 5871 5717
f 5717 5871 5718
f 5871 5872 5718
f 5718 5872 5719
f 5872 5873 5719
f 5719 5873 5720
f 5873 5874 5720
f 5720 5874 5721
f 5874 5875 5721
f 5721 5875 5722
f 5875 5876 5722
f 5722 5876 5723
f 5876 5877 5723
f 5723 5877 5724
f 5877 5878 5724
f 5724 5878 5725
f 5878 5879 5725
f 5725 5879 5726
f 5879 5880 5726
f 5726 5880 5727
f 5880 5881 5727
f 5727 5881 5728
f 5881 5882 5728
f 5728 5882 5729
f 5882 5883 5729
f 5729 5883 5730
f 5883 5884 5730
f 5730 5884 5731
f 5884 5885 5731
f 5731 5885 5732
f 5885 5886 5732
f 5733 5887 5888
f 5734 5733 5888
f 5886 5733 5732
f 5887 5733 5886
f 5734 5888 5735
f 5888 5889 5735
f 5735 5889 5736
f 5889 5890 5736
f 5737 5891 5892
f 5738 5737 5892
f 5890 5737 5736
f 5891 5737 5890
f 5738 5892 5739
f 5892 5893 5739
f 5740 5894 5741
f 5894 5895 5741
f 5741 5895 5742
f 5895 5896 5742
f 5742 5896 5897
f 5743 5742 5897
f 5897 5744 5743
f 5898 5744 5897
f 5744 5898 5745
f 5898 5899 5745
f 5745 5899 5746
f 5899 5900 5746
f 5746 5900 5747
f 5900 5901 5747
f 5747 5901 5748
f 5901 5902 5748
f 5748 5902 5749
f 5902 5903 5749
f 5749 5903 5750
f 5903 5904 5750
f 5750 5904 5751
f 5904 5905 5751
f 5751 5905 5752
f 5905 5906 5752
f 5752 5906 5753
f 5906 5907 5753
f 5753 5907 5754
f 5907 5908 5754
f 5754 5908 5755
f 5908 5909 5755
f 5755 5909 5756
f 5909 5910 5756
f 5756 5910 5757
f 5910 5911 5757
f 5757 5911 5758
f 5911 5912 5758
f 5758 5912 5759
f 5912 5913 5759
f 5759 5913 5760
f 5913 5914 5760
f 5760 5914 5761
f 5914 5915 5761
f 5761 5915 5762
f 5915 5916 5762
f 5762 5916 5763
f 5916 5917 5763
f 5763 5917 5764
f 5917 5918 5764
f 5764 5918 5765
f 5918 5919 5765
f 5765 5919 5766
f 5919 5920 5766
f 5766 5920 5767
f 5920 5921 5767
f 5767 5921 5768
f 5921 5922 5768
f 5768 5922 5769
f 5922 5923 5769
f 5769 5923 5770
f 5923 5924 5770
f 5770 5924 5771
f 5924 5925 5771
f 5771 5925 5772
f 5925 5926 5772
f 5772 5926 5773
f 5926 5927 5773
f 5773 5927 5774
f 5927 5928 5774
f 5774 5928 5775
f 5928 5929 5775
f 5775 5929 5776
f 5929 5930 5776
f 5776 5930 5777
f 5930 5931 5777
f 5777 5931 5778
f 5931 5932 5778
f 5778 5932 5779
f 5932 5933 5779
f 5779 5933 5780
f 5933 5934 5780
f 5780 5934 5781
f 5934 5935 5781
f 5781 5935 5782
f 5935 5936 5782
f 5782 5936 5783
f 5936 5937 5783
f 5783 5937 5784
f 5937 5938 5784
f 5784 5938 5785
f 5938 5939 5785
f 5785 5939 5786
f 5939 5940 5786
f 5786 5940 5787
f 5940 5941 5787
f 5787 5941 5788
f 5941 5942 5788
f 5788 5942 5789
f 5942 5943 5789
f 5789 5943 5790
f 5943 5944 5790
f 5790 5944 5791
f 5944 5945 5791
f 5791 5945 5792
f 5945 5946 5792
f 5792 5946 5793
f 5946 5947 5793
f 5793 5947 5794
f 5947 5948 5794
f 5794 5948 5795
f 5948 5949 5795
f 5795 5949 5796
f 5949 5950 5796
f 5796 5950 5797
f 5950 5951 5797
f 5797 5951 5798
f 5951 5952 5798
f 5798 5952 5799
f 5952 5953 5799
f 5799 5953 5800
f 5953 5954 5800
f 5800 5954 5801
f 5954 5955 5801
f 5801 5955 5802
f 5955 5956 5802
f 5802 5956 5803
f 5956 5957 5803
f 5803 5957 5804
f 5957 5958 5804
f 5804 5958 5805
f 5958 5959 5805
f 5805 5959 5806
f 5959 5960 5806
f 5806 5960 5807
f 5960 5961 5807
f 5807 5961 5808
f 5961 5962 5808
f 5808 5962 5809
f 5962 5963 5809
f 5809 5963 5810
f 5963 5964 5810
f 5810 5964 5811
f 5964 5965 5811
f 5811 5965 5812
f 5965 5966 5812
f 5812 5966 5813
f 5966 5967 5813
f 5813 5967 5814
f 5967 5968 5814
f 5814 5968 5815
f 5968 5969 5815
f 5815 5969 5816
f 5969 5970 5816
f 5816 5970 5817
f 5970 5971 5817
f 5817 5971 5818
f 5971 5972 5818
f 5818 5972 5819
f 5972 5973 5819
f 5819 5973 5820
f 5973 5974 5820
f 5820 5974 5821
f 5974 5975 5821
f 5821 5975 5822
f 5975 5976 5822
f 5822 5976 5823
f 5976 5977 5823
f 5823 5977 5824
f 5977 5978 5824
f 5824 5978 5825
f 5978 5979 5825
f 5825 5979 5826
f 5979 5980 5826
f 5826 5980 5827
f 5980 5981 5827
f 5827 5981 5828
f 5981 5982 5828
f 5828 5982 5829
f 5982 5983 5829
f 5829 5983 5830
f 5983 5984 5830
f 5830 5984 5831
f 5984 5985 5831
f 5831 5985 5832
f 5985 5986 5832
f 5832 5986 5833
f 5986 5987 5833
f 5833 5987 5834
f 5987 5988 5834
f 5834 5988 5835
f 5988 5989 5835
f 5835 5989 5836
f 5989 5990 5836
f 5836 5990 5837
f 5990 5991 5837
f 5837 5991 5838
f 5991 5992 5838
f 5838 5992 5839
f 5992 5993 5839
f 5839 5993 5840
f 5993 5994 5840
f 5840 5994 5841
f 5994 5995 5841
f 5841 5995 5842
f 5995 5996 5842
f 5842 5996 5843
f 5996 5997 5843
f 5843 5997 5844
f 5997 5998 5844
f 5844 5998 5845
f 5998 5999 5845
f 5845 5999 5846
f 5999 6000 5846
f 5846 6000 5847
f 6000 6001 5847
f 5847 6001 5848
f 6001 6002 5848
f 5848 6002 5849
f 6002 6003 5849
f 5849 6003 5850
f 6003 6004 5850
f 5850 6004 5851
f 6004 6005 5851
f 5851 6005 5852
f 6005 6006 5852
f 5852 6006 5853
f 6006 6007 5853
f 5853 6007 5854
f 6007 6008 5854
f 5854 6008 5855
f 6008 6009 5855
f 5855 6009 5856
f 6009 6010 5856
f 5856 6010 5857
f 6010 6011 5857
f 5857 6011 5858
f 6011 6012 5858
f 5858 6012 5859
f 6012 6013 5859
f 5859 6013 5860
f 6013 6014 5860
f 5860 6014 5861
f 6014 6015 5861
f 5861 6015 5862
f 6015 6016 5862
f 5862 6016 5863
f 6016 6017 5863
f 5863 6017 5864
f 6017 6018 5864
f 5864 6018 5865
f 6018 6019 5865
f 5865 6019 5866
f 6019 6020 5866
f 5866 6020 5867
f 6020 6021 5867
f 5867 6021 5868
f 6021 6022 5868
f 5868 6022 5869
f 6022 6023 5869
f 5869 6023 5870
f 6023 6024 5870
f 5870 6024 5871
f 6024 6025 5871
f 5871 6025 5872
f 6025 6026 5872
f 5872 6026 5873
f 6026 6027 5873
f 5873 6027 5874
f 6027 6028 5874
f 5874 6028 5875
f 6028 6029 5875
f 5875 6029 5876
f 6029 6030 5876
f 5876 6030 5877
f 6030 6031 5877
f 5877 6031 5878
f 6031 6032 5878
f 5878 6032 5879
f 6032 6033 5879
f 5879 6033 5880
f 6033 6034 5880
f 5880 6034 5881
f 6034 6035 5881
f 5881 6035 5882
f 6035 6036 5882
f 5882 6036 5883
f 6036 6037 5883
f 5883 6037 5884
f 6037 6038 5884
f 5884 6038 5885
f 6038 6039 5885
f 5885 6039 5886
f 6039 6040 5886
f 5887 6041 6042
f 5888 5887 6042
f 6040 5887 5886
f 6041 5887 6040
f 5888 6042 5889
f 6042 6043 5889
f 5889 6043 5890
f 6043 6044 5890
f 5891 6045 6046
f 5892 5891 6046
f 6044 5891 5890
f 6045 5891 6044
f 5892 6046 5893
f 6046 6047 5893
f 5894 6048 5895
f 6048 6049 5895
f 5895 6049 5896
f 6049 6050 5896
f 5896 6050 6051
f 5897 5896 6051
f 6051 5898 5897
f 6052 5898 6051
f 5898 6052 5899
f 6052 6053 5899
f 5899 6053 5900
f 6053 6054 5900
f 5900 6054 5901
f 6054 6055 5901
f 5901 6055 5902
f 6055 6056 5902
f 5902 6056 5903
f 6056 6057 5903
f 5903 6057 5904
f 6057 6058 5904
f 5904 6058 5905
f 6058 6059 5905
f 5905 6059 5906
f 6059 6060 5906
f 5906 6060 5907
f 6060 6061 5907
f 5907 6061 5908
f 6061 6062 5908
f 5908 6062 5909
f 6062 6063 5909
f 5909 6063 5910
f 6063 6064 5910
f 5910 6064 5911
f 6064 6065 5911
f 5911 6065 5912
f 6065 6066 5912
f 5912 6066 5913
f 6066 6067 5913
f 5913 6067 5914
f 6067 6068 5914
f 5914 6068 5915
f 6068 6069 5915
f 5915 6069 5916
f 6069 6070 5916
f 5916 6070 5917
f 6070 6071 5917
f 5917 6071 5918
f 6071 6072 5918
f 5918 6072 5919
f 6072 6073 5919
f 5919 6073 5920
f 6073 6074 5920
f 5920 6074 5921
f 6074 6075 5921
f 5921 6075 5922
f 6075 6076 5922
f 5922 6076 5923
f 6076 6077 5923
f 5923 6077 5924
f 6077 6078 5924
f 5924 6078 5925
f 6078 6079 5925
f 5925 6079 5926
f 6079 6080 5926
f 5926 6080 5927
f 6080 6081 5927
f 5927 6081 5928
f 6081 6082 5928
f 5928 6082 5929
f 6082 6083 5929
f 5929 6083 5930
f 6083 6084 5930
f 5930 6084 5931
f 6084 6085 5931
f 5931 6085 5932
f 6085 6086 5932
f 5932 6086 5933
f 6086 6087 5933
f 5933 6087 5934
f 6087 6088 5934
f 5934 6088 5935
f 6088 6089 5935
f 5935 6089 5936
f 6089 6090 5936
f 5936 6090 5937
f 6090 6091 5937
f 5937 6091 5938
f 6091 6092 5938
f 5938 6092 5939
f 6092 6093 5939
f 5939 6093 5940
f 6093 6094 5940
f 5940 6094 5941
f 6094 6095 5941
f 5941 6095 5942
f 6095 6096 5942
f 5942 6096 5943
f 6096 6097 5943
f 5943 6097 5944
f 6097 6098 5944
f 5944 6098 5945
f 6098 6099 5945
f 5945 6099 5946
f 6099 6100 5946
f 5946 6100 5947
f 6100 6101 5947
f 5947 6101 5948
f 6101 6102 5948
f 5948 6102 5949
f 6102 6103 5949
f 5949 6103 5950
f 6103 6104 5950
f 5950 6104 5951
f 6104 6105 5951
f 5951 6105 5952
f 6105 6106 5952
f 5952 6106 5953
f 6106 6107 5953
f 5953 6107 5954
f 6107 6108 5954
f 5954 6108 5955
f 6108 6109 5955
f 5955 6109 5956
f 6109 6110 5956
f 5956 6110 5957
f 6110 6111 5957
f 5957 6111 5958
f 6111 6112 5958
f 5958 6112 5959
f 6112 6113 5959
f 5959 6113 5960
f 6113 6114 5960
f 5960 6114 5961
f 6114 6115 5961
f 5961 6115 5962
f 6115 6116 5962
f 5962 6116 5963
f 6116 6117 5963
f 5963 6117 5964
f 6117 6118 5964
f 5964 6118 5965
f 6118 6119 5965
f 5965 6119 5966
f 6119 6120 5966
f 5966 6120 5967
f 6120 6121 5967
f 5967 6121 5968
f 6121 6122 5968
f 5968 6122 5969
f 6122 6123 5969
f 5969 6123 5970
f 6123 6124 5970
f 5970 6124 5971
f 6124 6125 5971
f 5971 6125 5972
f 6125 6126 5972
f 5972 6126 5973
f 6126 6127 5973
f 5973 6127 5974
f 6127 6128 5974
f 5974 6128 5975
f 6128 6129 5975
f 5975 6129 5976
f 6129 6130 5976
f 5976 6130 5977
f 6130 6131 5977
f 5977 6131 5978
f 6131 6132 5978
f 5978 6132 5979
f 6132 6133 5979
f 5979 6133 5980
f 6133 6134 5980
f 5980 6134 5981
f 6134 6135 5981
f 5981 6135 5982
f 6135 6136 5982
f 5982 6136 5983
f 6136 6137 5983
f 5983 6137 5984
f 6137 6138 5984
f 5984 6138 5985
f 6138 6139 5985
f 5985 6139 5986
f 6139 6140 5986
f 5986 6140 5987
f 6140 6141 5987
f 5987 6141 5988
f 6141 6142 5988
f 5988 6142 5989
f 6142 6143 5989
f 5989 6143 5990
f 6143 6144 5990
f 5990 6144 5991
f 6144 6145 5991
f 5991 6145 5992
f 6145 6146 5992
f 5992 6146 5993
f 6146 6147 5993
f 5993 6147 5994
f 6147 6148 5994
f 5994 6148 5995
f 6148 6149 5995
f 5995 6149 5996
f 6149 6150 5996
f 5996 6150 5997
f 6150 6151 5997
f 5997 6151 5998
f 6151 6152 5998
f 5998 6152 5999
f 6152 6153 5999
f 5999 6153 6000
f 6153 6154 6000
f 6000 6154 6001
f 6154 6155 6001
f 6001 6155 6002
f 6155 6156 6002
f 6002 6156 6003
f 6156 6157 6003
f 6003 6157 6004
f 6157 6158 6004
f 6004 6158 6005
f 6158 6159 6005
f 6005 6159 6006
f 6159 6160 6006
f 6006 6160 6007
f 6160 6161 6007
f 6007 6161 6008
f 6161 6162 6008
f 6008 6162 6009
f 6162 6163 6009
f 6009 6163 6010
f 6163 6164 6010
f 6010 6164 6011
f 6164 6165 6011
f 6011 6165 6012
f 6165 6166 6012
f 6012 6166 6013
f 6166 6167 6013
f 6013 6167 6014
f 6167 6168 6014
f 6014 6168 6015
f 6168 6169 6015
f 6015 6169 6016
f 6169 6170 6016
f 6016 6170 6017
f 6170 6171 6017
f 6017 6171 6018
f 6171 6172 6018
f 6018 6172 6019
f 6172 6173 6019
f 6019 6173 6020
f 6173 6174 6020
f 6020 6174 6021
f 6174 6175 6021
f 6021 6175 6022
f 6175 6176 6022
f 6022 6176 6023
f 6176 6177 6023
f 6023 6177 6024
f 6177 6178 6024
f 6024 6178 6025
f 6178 6179 6025
f 6025 6179 6026
f 6179 6180 6026
f 6026 6180 6027
f 6180 6181 6027
f 6027 6181 6028
f 6181 6182 6028
f 6028 6182 6029
f 6182 6183 6029
f 6029 6183 6030
f 6183 6184 6030
f 6030 6184 6031
f 6184 6185 6031
f 6031 6185 6032
f 6185 6186 6032
f 6032 6186 6033
f 6186 6187 6033
f 6033 6187 6034
f 6187 6188 6034
f 6034 6188 6035
f 6188 6189 6035
f 6035 6189 6036
f 6189 6190 6036
f 6036 6190 6037
f 6190 6191 6037
f 6037 6191 6038
f 6191 6192 6038
f 6038 6192 6039
f 6192 6193 6039
f 6194 6195 6196
f 6194 6193 6195
f 6194 6040 6193
f 6040 6039 6193
f 6041 6194 6196
f 6041 6196 6042
f 6042 6196 6197
f 6040 6194 6041
f 6042 6197 6043
f 6197 6198 6043
f 6043 6198 6044
f 6198 6199 6044
f 6045 6200 6201
f 6046 6045 6201
f 6199 6045 6044
f 6200 6045 6199
f 6046 6201 6047
f 6201 6202 6047
f 6048 6203 6049
f 6203 6204 6049
f 6049 6204 6050
f 6204 6205 6050
f 6206 6051 6050
f 6206 6050 6207
f 6207 6050 6205
f 6051 6206 6052
f 6206 6207 6208
f 6208 6052 6206
f 6208 6209 6052
f 6209 6053 6052
f 6053 6209 6054
f 6209 6210 6054
f 6054 6210 6055
f 6210 6211 6055
f 6055 6211 6056
f 6211 6212 6056
f 6056 6212 6057
f 6212 6213 6057
f 6057 6213 6058
f 6213 6214 6058
f 6058 6214 6059
f 6214 6215 6059
f 6059 6215 6060
f 6215 6216 6060
f 6060 6216 6061
f 6216 6217 6061
f 6061 6217 6062
f 6217 6218 6062
f 6062 6218 6063
f 6218 6219 6063
f 6063 6219 6064
f 6219 6220 6064
f 6064 6220 6065
f 6220 6221 6065
f 6065 6221 6066
f 6221 6222 6066
f 6066 6222 6067
f 6222 6223 6067
f 6067 6223 6068
f 6223 6224 6068
f 6068 6224 6069
f 6224 6225 6069
f 6069 6225 6070
f 6225 6226 6070
f 6070 6226 6071
f 6226 6227 6071
f 6071 6227 6072
f 6227 6228 6072
f 6072 6228 6073
f 6228 6229 6073
f 6073 6229 6074
f 6229 6230 6074
f 6074 6230 6075
f 6230 6231 6075
f 6075 6231 6076
f 6231 6232 6076
f 6076 6232 6077
f 6232 6233 6077
f 6077 6233 6078
f 6233 6234 6078
f 6078 6234 6079
f 6234 6235 6079
f 6079 6235 6080
f 6235 6236 6080
f 6080 6236 6081
f 6236 6237 6081
f 6081 6237 6082
f 6237 6238 6082
f 6082 6238 6083
f 6238 6239 6083
f 6083 6239 6084
f 6239 6240 6084
f 6084 6240 6085
f 6240 6241 6085
f 6085 6241 6086
f 6241 6242 6086
f 6086 6242 6087
f 6242 6243 6087
f 6087 6243 6088
f 6243 6244 6088
f 6088 6244 6089
f 6244 6245 6089
f 6089 6245 6090
f 6245 6246 6090
f 6090 6246 6091
f 6246 6247 6091
f 6091 6247 6092
f 6247 6248 6092
f 6092 6248 6093
f 6248 6249 6093
f 6093 6249 6094
f 6249 6250 6094
f 6094 6250 6095
f 6250 6251 6095
f 6095 6251 6096
f 6251 6252 6096
f 6096 6252 6097
f 6252 6253 6097
f 6097 6253 6098
f 6253 6254 6098
f 6098 6254 6099
f 6254 6255 6099
f 6099 6255 6100
f 6255 6256 6100
f 6100 6256 6101
f 6256 6257 6101
f 6101 6257 6102
f 6257 6258 6102
f 6102 6258 6103
f 6258 6259 6103
f 6103 6259 6104
f 6259 6260 6104
f 6104 6260 6105
f 6260 6261 6105
f 6105 6261 6106
f 6261 6262 6106
f 6106 6262 6107
f 6262 6263 6107
f 6107 6263 6108
f 6263 6264 6108
f 6108 6264 6109
f 6264 6265 6109
f 6109 6265 6110
f 6265 6266 6110
f 6110 6266 6111
f 6266 6267 6111
f 6111 6267 6112
f 6267 6268 6112
f 6112 6268 6113
f 6268 6269 6113
f 6113 6269 6114
f 6269 6270 6114
f 6114 6270 6115
f 6270 6271 6115
f 6115 6271 6116
f 6271 6272 6116
f 6116 6272 6117
f 6272 6273 6117
f 6117 6273 6118
f 6273 6274 6118
f 6118 6274 6119
f 6274 6275 6119
f 6119 6275 6120
f 6275 6276 6120
f 6120 6276 6121
f 6276 6277 6121
f 6121 6277 6122
f 6277 6278 6122
f 6122 6278 6123
f 6278 6279 6123
f 6123 6279 6124
f 6279 6280 6124
f 6124 6280 6125
f 6280 6281 6125
f 6125 6281 6126
f 6281 6282 6126
f 6126 6282 6127
f 6282 6283 6127
f 6127 6283 6128
f 6283 6284 6128
f 6128 6284 6129
f 6284 6285 6129
f 6129 6285 6130
f 6285 6286 6130
f 6130 6286 6131
f 6286 6287 6131
f 6131 6287 6132
f 6287 6288 6132
f 6132 6288 6133
f 6288 6289 6133
f 6133 6289 6134
f 6289 6290 6134
f 6134 6290 6135
f 6290 6291 6135
f 6135 6291 6136
f 6291 6292 6136
f 6136 6292 6137
f 6292 6293 6137
f 6137 6293 6138
f 6293 6294 6138
f 6138 6294 6139
f 6294 6295 6139
f 6139 6295 6140
f 6295 6296 6140
f 6140 6296 6141
f 6296 6297 6141
f 6141 6297 6142
f 6297 6298 6142
f 6142 6298 6143
f 6298 6299 6143
f 6143 6299 6144
f 6299 6300 6144
f 6144 6300 6145
f 6300 6301 6145
f 6145 6301 6146
f 6301 6302 6146
f 6146 6302 6147
f 6302 6303 6147
f 6147 6303 6148
f 6303 6304 6148
f 6148 6304 6149
f 6304 6305 6149
f 6149 6305 6150
f 6305 6306 6150
f 6150 6306 6151
f 6306 6307 6151
f 6151 6307 6152
f 6307 6308 6152
f 6152 6308 6153
f 6308 6309 6153
f 6153 6309 6154
f 6309 6310 6154
f 6154 6310 6155
f 6310 6311 6155
f 6155 6311 6156
f 6311 6312 6156
f 6156 6312 6157
f 6312 6313 6157
f 6157 6313 6158
f 6313 6314 6158
f 6158 6314 6159
f 6314 6315 6159
f 6159 6315 6160
f 6315 6316 6160
f 6160 6316 6161
f 6316 6317 6161
f 6161 6317 6162
f 6317 6318 6162
f 6162 6318 6163
f 6318 6319 6163
f 6163 6319 6164
f 6319 6320 6164
f 6164 6320 6165
f 6320 6321 6165
f 6165 6321 6166
f 6321 6322 6166
f 6166 6322 6167
f 6322 6323 6167
f 6167 6323 6168
f 6323 6324 6168
f 6168 6324 6169
f 6324 6325 6169
f 6169 6325 6170
f 6325 6326 6170
f 6170 6326 6171
f 6326 6327 6171
f 6171 6327 6172
f 6327 6328 6172
f 6172 6328 6173
f 6328 6329 6173
f 6173 6329 6174
f 6329 6330 6174
f 6174 6330 6175
f 6330 6331 6175
f 6175 6331 6176
f 6331 6332 6176
f 6176 6332 6177
f 6332 6333 6177
f 6177 6333 6178
f 6333 6334 6178
f 6178 6334 6179
f 6334 6335 6179
f 6179 6335 6180
f 6335 6336 6180
f 6180 6336 6181
f 6336 6337 6181
f 6181 6337 6182
f 6337 6338 6182
f 6182 6338 6183
f 6338 6339 6183
f 6183 6339 6184
f 6339 6340 6184
f 6184 6340 6185
f 6340 6341 6185
f 6185 6341 6186
f 6341 6342 6186
f 6186 6342 6187
f 6342 6343 6187
f 6187 6343 6188
f 6343 6344 6188
f 6188 6344 6189
f 6344 6345 6189
f 6189 6345 6190
f 6345 6346 6190
f 6190 6346 6191
f 6346 6347 6191
f 6348 6349 6350
f 6348 6347 6349
f 6348 6192 6347
f 6192 6191 6347
f 6351 6348 6350
f 6352 6351 6350
f 6192 6351 6193
f 6348 6351 6192
f 6195 6351 6352
f 6195 6352 6196
f 6196 6352 6353
f 6193 6351 6195
f 6196 6353 6197
f 6353 6354 6197
f 6197 6354 6198
f 6354 6355 6198
f 6356 6357 6358
f 6356 6355 6357
f 6356 6199 6355
f 6199 6198 6355
f 6200 6356 6358
f 6200 6358 6201
f 6201 6358 6359
f 6199 6356 6200
f 6201 6359 6202
f 6359 6360 6202
f 6363 6361 6362
f 6364 6363 6362
f 6203 6363 6204
f 6361 6363 6203
f 6363 6364 6365
f 6365 6204 6363
f 6365 6366 6204
f 6366 6205 6204
f 6205 6366 6207
f 6366 6367 6207
f 6368 6208 6207
f 6368 6207 6369
f 6369 6207 6367
f 6208 6368 6209
f 6370 6368 6369
f 6371 6370 6369
f 6209 6370 6210
f 6368 6370 6209
f 6372 6370 6371
f 6373 6372 6371
f 6210 6372 6211
f 6370 6372 6210
f 6374 6372 6373
f 6375 6374 6373
f 6211 6374 6212
f 6372 6374 6211
f 6376 6374 6375
f 6377 6376 6375
f 6212 6376 6213
f 6374 6376 6212
f 6378 6376 6377
f 6379 6378 6377
f 6213 6378 6214
f 6376 6378 6213
f 6380 6378 6379
f 6381 6380 6379
f 6214 6380 6215
f 6378 6380 6214
f 6382 6380 6381
f 6383 6382 6381
f 6215 6382 6216
f 6380 6382 6215
f 6382 6383 6384
f 6384 6216 6382
f 6384 6385 6216
f 6385 6217 6216
f 6217 6385 6218
f 6385 6386 6218
f 6218 6386 6219
f 6386 6387 6219
f 6219 6387 6220
f 6387 6388 6220
f 6220 6388 6221
f 6388 6389 6221
f 6221 6389 6222
f 6389 6390 6222
f 6222 6390 6223
f 6390 6391 6223
f 6223 6391 6224
f 6391 6392 6224
f 6224 6392 6225
f 6392 6393 6225
f 6225 6393 6226
f 6393 6394 6226
f 6226 6394 6227
f 6394 6395 6227
f 6227 6395 6228
f 6395 6396 6228
f 6228 6396 6229
f 6396 6397 6229
f 6229 6397 6230
f 6397 6398 6230
f 6230 6398 6231
f 6398 6399 6231
f 6231 6399 6232
f 6399 6400 6232
f 6232 6400 6233
f 6400 6401 6233
f 6233 6401 6234
f 6401 6402 6234
f 6234 6402 6235
f 6402 6403 6235
f 6235 6403 6236
f 6403 6404 6236
f 6236 6404 6237
f 6404 6405 6237
f 6237 6405 6238
f 6405 6406 6238
f 6238 6406 6239
f 6406 6407 6239
f 6239 6407 6240
f 6407 6408 6240
f 6240 6408 6241
f 6408 6409 6241
f 6241 6409 6242
f 6409 6410 6242
f 6242 6410 6243
f 6410 6411 6243
f 6243 6411 6244
f 6411 6412 6244
f 6244 6412 6245
f 6412 6413 6245
f 6245 6413 6246
f 6413 6414 6246
f 6246 6414 6247
f 6414 6415 6247
f 6247 6415 6248
f 6415 6416 6248
f 6248 6416 6249
f 6416 6417 6249
f 6249 6417 6250
f 6417 6418 6250
f 6250 6418 6251
f 6418 6419 6251
f 6251 6419 6252
f 6419 6420 6252
f 6252 6420 6253
f 6420 6421 6253
f 6253 6421 6254
f 6421 6422 6254
f 6254 6422 6255
f 6422 6423 6255
f 6255 6423 6256
f 6423 6424 6256
f 6256 6424 6257
f 6424 6425 6257
f 6257 6425 6258
f 6425 6426 6258
f 6258 6426 6259
f 6426 6427 6259
f 6259 6427 6260
f 6427 6428 6260
f 6260 6428 6261
f 6428 6429 6261
f 6261 6429 6262
f 6429 6430 6262
f 6262 6430 6263
f 6430 6431 6263
f 6263 6431 6264
f 6431 6432 6264
f 6264 6432 6265
f 6432 6433 6265
f 6265 6433 6266
f 6433 6434 6266
f 6266 6434 6267
f 6434 6435 6267
f 6267 6435 6268
f 6435 6436 6268
f 6268 6436 6269
f 6436 6437 6269
f 6269 6437 6270
f 6437 6438 6270
f 6270 6438 6271
f 6438 6439 6271
f 6271 6439 6272
f 6439 6440 6272
f 6272 6440 6273
f 6440 6441 6273
f 6273 6441 6274
f 6441 6442 6274
f 6274 6442 6275
f 6442 6443 6275
f 6275 6443 6276
f 6443 6444 6276
f 6276 6444 6277
f 6444 6445 6277
f 6277 6445 6278
f 6445 6446 6278
f 6278 6446 6279
f 6446 6447 6279
f 6279 6447 6280
f 6447 6448 6280
f 6280 6448 6281
f 6448 6449 6281
f 6281 6449 6282
f 6449 6450 6282
f 6282 6450 6283
f 6450 6451 6283
f 6283 6451 6284
f 6451 6452 6284
f 6284 6452 6285
f 6452 6453 6285
f 6285 6453 6286
f 6453 6454 6286
f 6286 6454 6287
f 6454 6455 6287
f 6287 6455 6288
f 6455 6456 6288
f 6288 6456 6289
f 6456 6457 6289
f 6289 6457 6290
f 6457 6458 6290
f 6290 6458 6291
f 6458 6459 6291
f 6291 6459 6292
f 6459 6460 6292
f 6292 6460 6293
f 6460 6461 6293
f 6293 6461 6294
f 6461 6462 6294
f 6294 6462 6295
f 6462 6463 6295
f 6295 6463 6296
f 6463 6464 6296
f 6296 6464 6297
f 6464 6465 6297
f 6297 6465 6298
f 6465 6466 6298
f 6298 6466 6299
f 6466 6467 6299
f 6299 6467 6300
f 6467 6468 6300
f 6300 6468 6301
f 6468 6469 6301
f 6470 6471 6472
f 6470 6469 6471
f 6470 6302 6469
f 6302 6301 6469
f 6473 6470 6472
f 6474 6473 6472
f 6302 6473 6303
f 6470 6473 6302
f 6475 6473 6474
f 6476 6475 6474
f 6303 6475 6304
f 6473 6475 6303
f 6477 6475 6476
f 6478 6477 6476
f 6304 6477 6305
f 6475 6477 6304
f 6479 6477 6478
f 6480 6479 6478
f 6305 6479 6306
f 6477 6479 6305
f 6481 6479 6480
f 6482 6481 6480
f 6306 6481 6307
f 6479 6481 6306
f 6483 6481 6482
f 6484 6483 6482
f 6307 6483 6308
f 6481 6483 6307
f 6485 6483 6484
f 6486 6485 6484
f 6308 6485 6309
f 6483 6485 6308
f 6487 6485 6486
f 6488 6487 6486
f 6309 6487 6310
f 6485 6487 6309
f 6487 6488 6489
f 6489 6310 6487
f 6489 6490 6310
f 6490 6311 6310
f 6311 6490 6312
f 6490 6491 6312
f 6312 6491 6313
f 6491 6492 6313
f 6313 6492 6314
f 6492 6493 6314
f 6314 6493 6315
f 6493 6494 6315
f 6315 6494 6316
f 6494 6495 6316
f 6496 6497 6498
f 6496 6495 6497
f 6496 6317 6495
f 6317 6316 6495
f 6496 6498 6499
f 6499 6317 6496
f 6499 6500 6317
f 6500 6318 6317
f 6318 6500 6319
f 6500 6501 6319
f 6319 6501 6320
f 6501 6502 6320
f 6503 6504 6505
f 6503 6502 6504
f 6503 6321 6502
f 6321 6320 6502
f 6506 6503 6505
f 6507 6506 6505
f 6321 6506 6322
f 6503 6506 6321
f 6508 6506 6507
f 6509 6508 6507
f 6322 6508 6323
f 6506 6508 6322
f 6510 6508 6509
f 6511 6510 6509
f 6323 6510 6324
f 6508 6510 6323
f 6512 6510 6511
f 6513 6512 6511
f 6324 6512 6325
f 6510 6512 6324
f 6514 6512 6513
f 6515 6514 6513
f 6325 6514 6326
f 6512 6514 6325
f 6516 6514 6515
f 6517 6516 6515
f 6326 6516 6327
f 6514 6516 6326
f 6518 6516 6517
f 6519 6518 6517
f 6327 6518 6328
f 6516 6518 6327
f 6520 6518 6519
f 6521 6520 6519
f 6328 6520 6329
f 6518 6520 6328
f 6522 6520 6521
f 6523 6522 6521
f 6329 6522 6330
f 6520 6522 6329
f 6524 6522 6523
f 6525 6524 6523
f 6330 6524 6331
f 6522 6524 6330
f 6526 6524 6525
f 6527 6526 6525
f 6331 6526 6332
f 6524 6526 6331
f 6528 6526 6527
f 6529 6528 6527
f 6332 6528 6333
f 6526 6528 6332
f 6530 6528 6529
f 6531 6530 6529
f 6333 6530 6334
f 6528 6530 6333
f 6532 6530 6531
f 6533 6532 6531
f 6334 6532 6335
f 6530 6532 6334
f 6534 6532 6533
f 6535 6534 6533
f 6335 6534 6336
f 6532 6534 6335
f 6536 6534 6535
f 6537 6536 6535
f 6336 6536 6337
f 6534 6536 6336
f 6538 6536 6537
f 6539 6538 6537
f 6337 6538 6338
f 6536 6538 6337
f 6540 6538 6539
f 6541 6540 6539
f 6338 6540 6339
f 6538 6540 6338
f 6542 6540 6541
f 6543 6542 6541
f 6339 6542 6340
f 6540 6542 6339
f 6544 6542 6543
f 6545 6544 6543
f 6340 6544 6341
f 6542 6544 6340
f 6546 6544 6545
f 6547 6546 6545
f 6341 6546 6342
f 6544 6546 6341
f 6548 6546 6547
f 6549 6548 6547
f 6342 6548 6343
f 6546 6548 6342
f 6550 6548 6549
f 6551 6550 6549
f 6343 6550 6344
f 6548 6550 6343
f 6552 6550 6551
f 6553 6552 6551
f 6344 6552 6345
f 6550 6552 6344
f 6554 6552 6553
f 6555 6554 6553
f 6345 6554 6346
f 6552 6554 6345
f 6556 6554 6555
f 6557 6556 6555
f 6346 6556 6347
f 6554 6556 6346
f 6349 6556 6557
f 6349 6557 6350
f 6350 6557 6558
f 6347 6556 6349
f 6350 6558 6352
f 6558 6559 6352
f 6352 6559 6353
f 6559 6560 6353
f 6353 6560 6354
f 6560 6561 6354
f 6562 6563 6564
f 6562 6561 6563
f 6562 6355 6561
f 6355 6354 6561
f 6357 6562 6564
f 6357 6564 6358
f 6358 6564 6565
f 6355 6562 6357
f 6358 6565 6359
f 6565 6566 6359
f 6567 6568 6569
f 6567 6566 6568
f 6567 6360 6566
f 6360 6359 6566
f 6570 6571 6573
f 6573 6574 6575
f 6573 6575 6570
f 6570 6575 6572
f 6362 6575 6364
f 6572 6575 6362
f 6575 6574 6576
f 6577 6576 6578
f 6365 6576 6577
f 6365 6575 6576
f 6365 6364 6575
f 6365 6577 6366
f 6577 6578 6579
f 6579 6366 6577
f 6579 6580 6366
f 6580 6367 6366
f 6367 6580 6369
f 6580 6581 6369
f 6369 6581 6371
f 6581 6582 6371
f 6371 6582 6373
f 6582 6583 6373
f 6373 6583 6375
f 6583 6584 6375
f 6375 6584 6377
f 6584 6585 6377
f 6377 6585 6379
f 6585 6586 6379
f 6379 6586 6381
f 6586 6587 6381
f 6381 6587 6383
f 6587 6588 6383
f 6589 6384 6383
f 6589 6383 6590
f 6590 6383 6588
f 6384 6589 6385
f 6591 6589 6590
f 6592 6591 6590
f 6385 6591 6386
f 6589 6591 6385
f 6593 6591 6592
f 6594 6593 6592
f 6386 6593 6387
f 6591 6593 6386
f 6595 6593 6594
f 6596 6595 6594
f 6387 6595 6388
f 6593 6595 6387
f 6597 6595 6596
f 6598 6597 6596
f 6388 6597 6389
f 6595 6597 6388
f 6599 6597 6598
f 6600 6599 6598
f 6389 6599 6390
f 6597 6599 6389
f 6601 6599 6600
f 6602 6601 6600
f 6390 6601 6391
f 6599 6601 6390
f 6603 6601 6602
f 6604 6603 6602
f 6391 6603 6392
f 6601 6603 6391
f 6605 6603 6604
f 6606 6605 6604
f 6392 6605 6393
f 6603 6605 6392
f 6607 6605 6606
f 6608 6607 6606
f 6393 6607 6394
f 6605 6607 6393
f 6609 6607 6608
f 6610 6609 6608
f 6394 6609 6395
f 6607 6609 6394
f 6611 6609 6610
f 6612 6611 6610
f 6395 6611 6396
f 6609 6611 6395
f 6613 6611 6612
f 6614 6613 6612
f 6396 6613 6397
f 6611 6613 6396
f 6615 6613 6614
f 6616 6615 6614
f 6397 6615 6398
f 6613 6615 6397
f 6617 6615 6616
f 6618 6617 6616
f 6398 6617 6399
f 6615 6617 6398
f 6619 6617 6618
f 6620 6619 6618
f 6399 6619 6400
f 6617 6619 6399
f 6621 6619 6620
f 6622 6621 6620
f 6400 6621 6401
f 6619 6621 6400
f 6623 6621 6622
f 6624 6623 6622
f 6401 6623 6402
f 6621 6623 6401
f 6625 6623 6624
f 6626 6625 6624
f 6402 6625 6403
f 6623 6625 6402
f 6627 6625 6626
f 6628 6627 6626
f 6403 6627 6404
f 6625 6627 6403
f 6629 6627 6628
f 6630 6629 6628
f 6404 6629 6405
f 6627 6629 6404
f 6631 6629 6630
f 6632 6631 6630
f 6405 6631 6406
f 6629 6631 6405
f 6633 6631 6632
f 6634 6633 6632
f 6406 6633 6407
f 6631 6633 6406
f 6635 6633 6634
f 6636 6635 6634
f 6407 6635 6408
f 6633 6635 6407
f 6637 6635 6636
f 6638 6637 6636
f 6408 6637 6409
f 6635 6637 6408
f 6639 6637 6638
f 6640 6639 6638
f 6409 6639 6410
f 6637 6639 6409
f 6641 6639 6640
f 6642 6641 6640
f 6410 6641 6411
f 6639 6641 6410
f 6643 6641 6642
f 6644 6643 6642
f 6411 6643 6412
f 6641 6643 6411
f 6645 6643 6644
f 6646 6645 6644
f 6412 6645 6413
f 6643 6645 6412
f 6647 6645 6646
f 6648 6647 6646
f 6413 6647 6414
f 6645 6647 6413
f 6649 6647 6648
f 6650 6649 6648
f 6414 6649 6415
f 6647 6649 6414
f 6651 6649 6650
f 6652 6651 6650
f 6415 6651 6416
f 6649 6651 6415
f 6653 6651 6652
f 6654 6653 6652
f 6416 6653 6417
f 6651 6653 6416
f 6655 6653 6654
f 6656 6655 6654
f 6417 6655 6418
f 6653 6655 6417
f 6657 6655 6656
f 6658 6657 6656
f 6418 6657 6419
f 6655 6657 6418
f 6659 6657 6658
f 6660 6659 6658
f 6419 6659 6420
f 6657 6659 6419
f 6661 6659 6660
f 6662 6661 6660
f 6420 6661 6421
f 6659 6661 6420
f 6663 6661 6662
f 6664 6663 6662
f 6421 6663 6422
f 6661 6663 6421
f 6665 6663 6664
f 6666 6665 6664
f 6422 6665 6423
f 6663 6665 6422
f 6667 6665 6666
f 6668 6667 6666
f 6423 6667 6424
f 6665 6667 6423
f 6669 6667 6668
f 6670 6669 6668
f 6424 6669 6425
f 6667 6669 6424
f 6671 6669 6670
f 6672 6671 6670
f 6425 6671 6426
f 6669 6671 6425
f 6673 6671 6672
f 6674 6673 6672
f 6426 6673 6427
f 6671 6673 6426
f 6675 6673 6674
f 6676 6675 6674
f 6427 6675 6428
f 6673 6675 6427
f 6677 6675 6676
f 6678 6677 6676
f 6428 6677 6429
f 6675 6677 6428
f 6679 6677 6678
f 6680 6679 6678
f 6429 6679 6430
f 6677 6679 6429
f 6681 6679 6680
f 6682 6681 6680
f 6430 6681 6431
f 6679 6681 6430
f 6683 6681 6682
f 6684 6683 6682
f 6431 6683 6432
f 6681 6683 6431
f 6685 6683 6684
f 6686 6685 6684
f 6432 6685 6433
f 6683 6685 6432
f 6687 6685 6686
f 6688 6687 6686
f 6433 6687 6434
f 6685 6687 6433
f 6689 6687 6688
f 6690 6689 6688
f 6434 6689 6435
f 6687 6689 6434
f 6691 6689 6690
f 6692 6691 6690
f 6435 6691 6436
f 6689 6691 6435
f 6693 6691 6692
f 6694 6693 6692
f 6436 6693 6437
f 6691 6693 6436
f 6695 6693 6694
f 6696 6695 6694
f 6437 6695 6438
f 6693 6695 6437
f 6697 6695 6696
f 6698 6697 6696
f 6438 6697 6439
f 6695 6697 6438
f 6699 6697 6698
f 6700 6699 6698
f 6439 6699 6440
f 6697 6699 6439
f 6701 6699 6700
f 6702 6701 6700
f 6440 6701 6441
f 6699 6701 6440
f 6703 6701 6702
f 6704 6703 6702
f 6441 6703 6442
f 6701 6703 6441
f 6705 6703 6704
f 6706 6705 6704
f 6442 6705 6443
f 6703 6705 6442
f 6707 6705 6706
f 6708 6707 6706
f 6443 6707 6444
f 6705 6707 6443
f 6709 6707 6708
f 6710 6709 6708
f 6444 6709 6445
f 6707 6709 6444
f 6711 6709 6710
f 6712 6711 6710
f 6445 6711 6446
f 6709 6711 6445
f 6713 6711 6712
f 6714 6713 6712
f 6446 6713 6447
f 6711 6713 6446
f 6715 6713 6714
f 6716 6715 6714
f 6447 6715 6448
f 6713 6715 6447
f 6717 6715 6716
f 6718 6717 6716
f 6448 6717 6449
f 6715 6717 6448
f 6719 6717 6718
f 6720 6719 6718
f 6449 6719 6450
f 6717 6719 6449
f 6721 6719 6720
f 6722 6721 6720
f 6450 6721 6451
f 6719 6721 6450
f 6723 6721 6722
f 6724 6723 6722
f 6451 6723 6452
f 6721 6723 6451
f 6725 6723 6724
f 6726 6725 6724
f 6452 6725 6453
f 6723 6725 6452
f 6727 6725 6726
f 6728 6727 6726
f 6453 6727 6454
f 6725 6727 6453
f 6729 6727 6728
f 6730 6729 6728
f 6454 6729 6455
f 6727 6729 6454
f 6731 6729 6730
f 6732 6731 6730
f 6455 6731 6456
f 6729 6731 6455
f 6733 6731 6732
f 6734 6733 6732
f 6456 6733 6457
f 6731 6733 6456
f 6735 6733 6734
f 6736 6735 6734
f 6457 6735 6458
f 6733 6735 6457
f 6737 6735 6736
f 6738 6737 6736
f 6458 6737 6459
f 6735 6737 6458
f 6739 6737 6738
f 6740 6739 6738
f 6459 6739 6460
f 6737 6739 6459
f 6741 6739 6740
f 6742 6741 6740
f 6460 6741 6461
f 6739 6741 6460
f 6743 6741 6742
f 6744 6743 6742
f 6461 6743 6462
f 6741 6743 6461
f 6745 6743 6744
f 6746 6745 6744
f 6462 6745 6463
f 6743 6745 6462
f 6747 6745 6746
f 6748 6747 6746
f 6463 6747 6464
f 6745 6747 6463
f 6749 6747 6748
f 6750 6749 6748
f 6464 6749 6465
f 6747 6749 6464
f 6751 6749 6750
f 6752 6751 6750
f 6465 6751 6466
f 6749 6751 6465
f 6753 6751 6752
f 6754 6753 6752
f 6466 6753 6467
f 6751 6753 6466
f 6755 6753 6754
f 6756 6755 6754
f 6467 6755 6468
f 6753 6755 6467
f 6757 6755 6756
f 6758 6757 6756
f 6468 6757 6469
f 6755 6757 6468
f 6471 6757 6758
f 6471 6758 6472
f 6472 6758 6759
f 6469 6757 6471
f 6472 6759 6474
f 6759 6760 6474
f 6474 6760 6476
f 6760 6761 6476
f 6476 6761 6478
f 6761 6762 6478
f 6478 6762 6480
f 6762 6763 6480
f 6480 6763 6482
f 6763 6764 6482
f 6482 6764 6484
f 6764 6765 6484
f 6484 6765 6486
f 6765 6766 6486
f 6486 6766 6488
f 6766 6767 6488
f 6768 6489 6488
f 6768 6488 6769
f 6769 6488 6767
f 6489 6768 6490
f 6770 6768 6769
f 6771 6770 6769
f 6490 6770 6491
f 6768 6770 6490
f 6772 6770 6771
f 6773 6772 6771
f 6491 6772 6492
f 6770 6772 6491
f 6774 6772 6773
f 6775 6774 6773
f 6492 6774 6493
f 6772 6774 6492
f 6776 6774 6775
f 6777 6776 6775
f 6493 6776 6494
f 6774 6776 6493
f 6778 6776 6777
f 6779 6778 6777
f 6494 6778 6495
f 6776 6778 6494
f 6497 6778 6779
f 6497 6779 6498
f 6498 6779 6780
f 6495 6778 6497
f 6781 6499 6498
f 6781 6498 6782
f 6782 6498 6780
f 6499 6781 6500
f 6783 6781 6782
f 6784 6783 6782
f 6500 6783 6501
f 6781 6783 6500
f 6785 6783 6784
f 6786 6785 6784
f 6501 6785 6502
f 6783 6785 6501
f 6504 6785 6786
f 6504 6786 6505
f 6505 6786 6787
f 6502 6785 6504
f 6505 6787 6507
f 6787 6788 6507
f 6507 6788 6509
f 6788 6789 6509
f 6509 6789 6511
f 6789 6790 6511
f 6511 6790 6513
f 6790 6791 6513
f 6513 6791 6515
f 6791 6792 6515
f 6515 6792 6517
f 6792 6793 6517
f 6517 6793 6519
f 6793 6794 6519
f 6519 6794 6521
f 6794 6795 6521
f 6521 6795 6523
f 6795 6796 6523
f 6523 6796 6525
f 6796 6797 6525
f 6525 6797 6527
f 6797 6798 6527
f 6527 6798 6529
f 6798 6799 6529
f 6529 6799 6531
f 6799 6800 6531
f 6531 6800 6533
f 6800 6801 6533
f 6533 6801 6535
f 6801 6802 6535
f 6535 6802 6537
f 6802 6803 6537
f 6537 6803 6539
f 6803 6804 6539
f 6539 6804 6541
f 6804 6805 6541
f 6541 6805 6543
f 6805 6806 6543
f 6543 6806 6545
f 6806 6807 6545
f 6545 6807 6547
f 6807 6808 6547
f 6547 6808 6549
f 6808 6809 6549
f 6549 6809 6551
f 6809 6810 6551
f 6551 6810 6553
f 6810 6811 6553
f 6553 6811 6555
f 6811 6812 6555
f 6555 6812 6557
f 6812 6813 6557
f 6557 6813 6558
f 6813 6814 6558
f 6558 6814 6559
f 6814 6815 6559
f 6816 6817 6818
f 6816 6815 6817
f 6816 6560 6815
f 6560 6559 6815
f 6819 6816 6818
f 6820 6819 6818
f 6560 6819 6561
f 6816 6819 6560
f 6563 6819 6820
f 6563 6820 6564
f 6564 6820 6821
f 6561 6819 6563
f 6564 6821 6565
f 6821 6822 6565
f 6823 6824 6825
f 6823 6822 6824
f 6823 6566 6822
f 6566 6565 6822
f 6568 6823 6825
f 6568 6825 6569
f 6569 6825 6826
f 6566 6823 6568
f 6827 6828 6829
f 6830 6829 6831
f 6573 6829 6830
f 6573 6827 6829
f 6573 6571 6827
f 6573 6830 6574
f 6830 6831 6832
f 6833 6832 6834
f 6576 6832 6833
f 6576 6830 6832
f 6576 6574 6830
f 6576 6833 6578
f 6833 6834 6835
f 6836 6835 6837
f 6579 6835 6836
f 6579 6833 6835
f 6579 6578 6833
f 6579 6836 6580
f 6838 6836 6837
f 6839 6838 6837
f 6580 6838 6581
f 6836 6838 6580
f 6840 6838 6839
f 6841 6840 6839
f 6581 6840 6582
f 6838 6840 6581
f 6842 6840 6841
f 6843 6842 6841
f 6582 6842 6583
f 6840 6842 6582
f 6842 6843 6844
f 6844 6583 6842
f 6844 6845 6583
f 6845 6584 6583
f 6584 6845 6585
f 6845 6846 6585
f 6585 6846 6586
f 6846 6847 6586
f 6586 6847 6587
f 6847 6848 6587
f 6587 6848 6588
f 6848 6849 6588
f 6588 6849 6590
f 6849 6850 6590
f 6590 6850 6592
f 6850 6851 6592
f 6592 6851 6594
f 6851 6852 6594
f 6594 6852 6596
f 6852 6853 6596
f 6596 6853 6598
f 6853 6854 6598
f 6598 6854 6600
f 6854 6855 6600
f 6600 6855 6602
f 6855 6856 6602
f 6602 6856 6604
f 6856 6857 6604
f 6604 6857 6606
f 6857 6858 6606
f 6606 6858 6608
f 6858 6859 6608
f 6608 6859 6610
f 6859 6860 6610
f 6610 6860 6612
f 6860 6861 6612
f 6612 6861 6614
f 6861 6862 6614
f 6614 6862 6616
f 6862 6863 6616
f 6616 6863 6618
f 6863 6864 6618
f 6618 6864 6620
f 6864 6865 6620
f 6620 6865 6622
f 6865 6866 6622
f 6622 6866 6624
f 6866 6867 6624
f 6624 6867 6626
f 6867 6868 6626
f 6626 6868 6628
f 6868 6869 6628
f 6628 6869 6630
f 6869 6870 6630
f 6630 6870 6632
f 6870 6871 6632
f 6632 6871 6634
f 6871 6872 6634
f 6634 6872 6636
f 6872 6873 6636
f 6636 6873 6638
f 6873 6874 6638
f 6638 6874 6640
f 6874 6875 6640
f 6640 6875 6642
f 6875 6876 6642
f 6642 6876 6644
f 6876 6877 6644
f 6644 6877 6646
f 6877 6878 6646
f 6646 6878 6648
f 6878 6879 6648
f 6648 6879 6650
f 6879 6880 6650
f 6650 6880 6652
f 6880 6881 6652
f 6652 6881 6654
f 6881 6882 6654
f 6654 6882 6656
f 6882 6883 6656
f 6656 6883 6658
f 6883 6884 6658
f 6885 6886 6887
f 6885 6884 6886
f 6885 6660 6884
f 6660 6658 6884
f 6888 6885 6887
f 6889 6888 6887
f 6660 6888 6662
f 6885 6888 6660
f 6890 6888 6889
f 6891 6890 6889
f 6662 6890 6664
f 6888 6890 6662
f 6892 6890 6891
f 6893 6892 6891
f 6664 6892 6666
f 6890 6892 6664
f 6894 6892 6893
f 6895 6894 6893
f 6666 6894 6668
f 6892 6894 6666
f 6896 6894 6895
f 6897 6896 6895
f 6668 6896 6670
f 6894 6896 6668
f 6898 6896 6897
f 6899 6898 6897
f 6670 6898 6672
f 6896 6898 6670
f 6900 6898 6899
f 6901 6900 6899
f 6672 6900 6674
f 6898 6900 6672
f 6902 6900 6901
f 6903 6902 6901
f 6674 6902 6676
f 6900 6902 6674
f 6904 6902 6903
f 6905 6904 6903
f 6676 6904 6678
f 6902 6904 6676
f 6906 6904 6905
f 6907 6906 6905
f 6678 6906 6680
f 6904 6906 6678
f 6908 6906 6907
f 6909 6908 6907
f 6680 6908 6682
f 6906 6908 6680
f 6910 6908 6909
f 6911 6910 6909
f 6682 6910 6684
f 6908 6910 6682
f 6912 6910 6911
f 6913 6912 6911
f 6684 6912 6686
f 6910 6912 6684
f 6914 6912 6913
f 6915 6914 6913
f 6686 6914 6688
f 6912 6914 6686
f 6916 6914 6915
f 6917 6916 6915
f 6688 6916 6690
f 6914 6916 6688
f 6918 6916 6917
f 6919 6918 6917
f 6690 6918 6692
f 6916 6918 6690
f 6920 6918 6919
f 6921 6920 6919
f 6692 6920 6694
f 6918 6920 6692
f 6922 6920 6921
f 6923 6922 6921
f 6694 6922 6696
f 6920 6922 6694
f 6924 6922 6923
f 6925 6924 6923
f 6696 6924 6698
f 6922 6924 6696
f 6926 6924 6925
f 6927 6926 6925
f 6698 6926 6700
f 6924 6926 6698
f 6928 6926 6927
f 6929 6928 6927
f 6700 6928 6702
f 6926 6928 6700
f 6930 6928 6929
f 6931 6930 6929
f 6702 6930 6704
f 6928 6930 6702
f 6932 6930 6931
f 6933 6932 6931
f 6704 6932 6706
f 6930 6932 6704
f 6934 6932 6933
f 6935 6934 6933
f 6706 6934 6708
f 6932 6934 6706
f 6936 6934 6935
f 6937 6936 6935
f 6708 6936 6710
f 6934 6936 6708
f 6938 6936 6937
f 6939 6938 6937
f 6710 6938 6712
f 6936 6938 6710
f 6940 6938 6939
f 6941 6940 6939
f 6712 6940 6714
f 6938 6940 6712
f 6942 6940 6941
f 6943 6942 6941
f 6714 6942 6716
f 6940 6942 6714
f 6944 6942 6943
f 6945 6944 6943
f 6716 6944 6718
f 6942 6944 6716
f 6946 6944 6945
f 6947 6946 6945
f 6718 6946 6720
f 6944 6946 6718
f 6948 6946 6947
f 6949 6948 6947
f 6720 6948 6722
f 6946 6948 6720
f 6950 6948 6949
f 6951 6950 6949
f 6722 6950 6724
f 6948 6950 6722
f 6952 6950 6951
f 6953 6952 6951
f 6724 6952 6726
f 6950 6952 6724
f 6954 6952 6953
f 6955 6954 6953
f 6726 6954 6728
f 6952 6954 6726
f 6956 6954 6955
f 6957 6956 6955
f 6728 6956 6730
f 6954 6956 6728
f 6958 6956 6957
f 6959 6958 6957
f 6730 6958 6732
f 6956 6958 6730
f 6960 6958 6959
f 6961 6960 6959
f 6732 6960 6734
f 6958 6960 6732
f 6962 6960 6961
f 6963 6962 6961
f 6734 6962 6736
f 6960 6962 6734
f 6964 6962 6963
f 6965 6964 6963
f 6736 6964 6738
f 6962 6964 6736
f 6966 6964 6965
f 6967 6966 6965
f 6738 6966 6740
f 6964 6966 6738
f 6968 6966 6967
f 6969 6968 6967
f 6740 6968 6742
f 6966 6968 6740
f 6970 6968 6969
f 6971 6970 6969
f 6742 6970 6744
f 6968 6970 6742
f 6972 6970 6971
f 6973 6972 6971
f 6744 6972 6746
f 6970 6972 6744
f 6974 6972 6973
f 6975 6974 6973
f 6746 6974 6748
f 6972 6974 6746
f 6976 6974 6975
f 6977 6976 6975
f 6748 6976 6750
f 6974 6976 6748
f 6978 6976 6977
f 6979 6978 6977
f 6750 6978 6752
f 6976 6978 6750
f 6980 6978 6979
f 6981 6980 6979
f 6752 6980 6754
f 6978 6980 6752
f 6982 6980 6981
f 6983 6982 6981
f 6754 6982 6756
f 6980 6982 6754
f 6984 6982 6983
f 6985 6984 6983
f 6756 6984 6758
f 6982 6984 6756
f 6986 6984 6985
f 6987 6986 6985
f 6758 6986 6759
f 6984 6986 6758
f 6988 6986 6987
f 6989 6988 6987
f 6759 6988 6760
f 6986 6988 6759
f 6990 6988 6989
f 6991 6990 6989
f 6760 6990 6761
f 6988 6990 6760
f 6992 6990 6991
f 6993 6992 6991
f 6761 6992 6762
f 6990 6992 6761
f 6994 6992 6993
f 6995 6994 6993
f 6762 6994 6763
f 6992 6994 6762
f 6996 6994 6995
f 6997 6996 6995
f 6763 6996 6764
f 6994 6996 6763
f 6998 6996 6997
f 6999 6998 6997
f 6764 6998 6765
f 6996 6998 6764
f 7000 6998 6999
f 7001 7000 6999
f 6765 7000 6766
f 6998 7000 6765
f 7002 7000 7001
f 7003 7002 7001
f 6766 7002 6767
f 7000 7002 6766
f 7004 7002 7003
f 7005 7004 7003
f 6767 7004 6769
f 7002 7004 6767
f 7006 7004 7005
f 7007 7006 7005
f 6769 7006 6771
f 7004 7006 6769
f 7008 7006 7007
f 7009 7008 7007
f 6771 7008 6773
f 7006 7008 6771
f 7010 7008 7009
f 7011 7010 7009
f 6773 7010 6775
f 7008 7010 6773
f 7012 7010 7011
f 7013 7012 7011
f 6775 7012 6777
f 7010 7012 6775
f 7014 7012 7013
f 7015 7014 7013
f 6777 7014 6779
f 7012 7014 6777
f 7016 7014 7015
f 7017 7016 7015
f 6779 7016 6780
f 7014 7016 6779
f 7018 7016 7017
f 7019 7018 7017
f 6780 7018 6782
f 7016 7018 6780
f 7020 7018 7019
f 7021 7020 7019
f 6782 7020 6784
f 7018 7020 6782
f 7022 7020 7021
f 7023 7022 7021
f 6784 7022 6786
f 7020 7022 6784
f 7024 7022 7023
f 7025 7024 7023
f 6786 7024 6787
f 7022 7024 6786
f 7026 7024 7025
f 7027 7026 7025
f 6787 7026 6788
f 7024 7026 6787
f 7028 7026 7027
f 7029 7028 7027
f 6788 7028 6789
f 7026 7028 6788
f 7030 7028 7029
f 7031 7030 7029
f 6789 7030 6790
f 7028 7030 6789
f 7032 7030 7031
f 7033 7032 7031
f 6790 7032 6791
f 7030 7032 6790
f 7034 7032 7033
f 7035 7034 7033
f 6791 7034 6792
f 7032 7034 6791
f 7036 7034 7035
f 7037 7036 7035
f 6792 7036 6793
f 7034 7036 6792
f 7038 7036 7037
f 7039 7038 7037
f 6793 7038 6794
f 7036 7038 6793
f 7040 7038 7039
f 7041 7040 7039
f 6794 7040 6795
f 7038 7040 6794
f 7042 7040 7041
f 7043 7042 7041
f 6795 7042 6796
f 7040 7042 6795
f 7044 7042 7043
f 7045 7044 7043
f 6796 7044 6797
f 7042 7044 6796
f 7046 7044 7045
f 7047 7046 7045
f 6797 7046 6798
f 7044 7046 6797
f 7048 7046 7047
f 7049 7048 7047
f 6798 7048 6799
f 7046 7048 6798
f 7050 7048 7049
f 7051 7050 7049
f 6799 7050 6800
f 7048 7050 6799
f 7052 7050 7051
f 7053 7052 7051
f 6800 7052 6801
f 7050 7052 6800
f 7054 7052 7053
f 7055 7054 7053
f 6801 7054 6802
f 7052 7054 6801
f 7056 7054 7055
f 7057 7056 7055
f 6802 7056 6803
f 7054 7056 6802
f 7058 7056 7057
f 7059 7058 7057
f 6803 7058 6804
f 7056 7058 6803
f 7060 7058 7059
f 7061 7060 7059
f 6804 7060 6805
f 7058 7060 6804
f 7062 7060 7061
f 7063 7062 7061
f 6805 7062 6806
f 7060 7062 6805
f 7064 7062 7063
f 7065 7064 7063
f 6806 7064 6807
f 7062 7064 6806
f 7066 7064 7065
f 7067 7066 7065
f 6807 7066 6808
f 7064 7066 6807
f 7068 7066 7067
f 7069 7068 7067
f 6808 7068 6809
f 7066 7068 6808
f 7070 7068 7069
f 7071 7070 7069
f 6809 7070 6810
f 7068 7070 6809
f 7072 7070 7071
f 7073 7072 7071
f 6810 7072 6811
f 7070 7072 6810
f 7074 7072 7073
f 7075 7074 7073
f 6811 7074 6812
f 7072 7074 6811
f 7076 7074 7075
f 7077 7076 7075
f 6812 7076 6813
f 7074 7076 6812
f 7078 7076 7077
f 7079 7078 7077
f 6813 7078 6814
f 7076 7078 6813
f 7080 7078 7079
f 7081 7080 7079
f 6814 7080 6815
f 7078 7080 6814
f 6817 7080 7081
f 6817 7081 6818
f 6818 7081 7082
f 6815 7080 6817
f 7083 7084 7085
f 7083 7082 7084
f 7083 6820 7082
f 6820 6818 7082
f 7086 7083 7085
f 7087 7086 7085
f 6820 7086 6821
f 7083 7086 6820
f 7088 7086 7087
f 7089 7088 7087
f 6821 7088 6822
f 7086 7088 6821
f 7090 7091 7092
f 7090 7093 7094
f 7091 7090 7094
f 7089 7094 7093
f 7088 7089 7093
f 7088 7093 6825
f 7088 6825 6824
f 6822 7088 6824
f 7090 7092 7095
f 7095 7096 7097
f 7095 7097 7090
f 7090 7097 7093
f 6825 7097 6826
f 7093 7097 6825
f 7098 7099 7100
f 7101 7100 7102
f 6829 7100 7101
f 6829 7098 7100
f 6829 6828 7098
f 6829 7101 6831
f 7101 7102 7103
f 7104 7103 7105
f 6832 7103 7104
f 6832 7101 7103
f 6832 6831 7101
f 6832 7104 6834
f 7106 7104 7105
f 7107 7106 7105
f 6834 7108 6835
f 6834 7104 7108
f 7104 7106 7108
f 6835 7108 6837
f 7106 7107 7109
f 7109 7110 7111
f 7109 7111 7106
f 7106 7111 7108
f 6837 7111 6839
f 7108 7111 6837
f 7112 7111 7110
f 7113 7112 7110
f 6839 7112 6841
f 7111 7112 6839
f 7112 7113 7114
f 7114 6841 7112
f 7114 7115 6841
f 7115 6843 6841
f 7116 6844 6843
f 7116 6843 7117
f 7117 6843 7115
f 6844 7116 6845
f 7118 7116 7117
f 7119 7118 7117
f 6845 7118 6846
f 7116 7118 6845
f 7120 7118 7119
f 7121 7120 7119
f 6846 7120 6847
f 7118 7120 6846
f 7122 7120 7121
f 7123 7122 7121
f 6847 7122 6848
f 7120 7122 6847
f 7124 7122 7123
f 7125 7124 7123
f 6848 7124 6849
f 7122 7124 6848
f 7126 7124 7125
f 7127 7126 7125
f 6849 7126 6850
f 7124 7126 6849
f 7128 7126 7127
f 7129 7128 7127
f 6850 7128 6851
f 7126 7128 6850
f 7130 7128 7129
f 7131 7130 7129
f 6851 7130 6852
f 7128 7130 6851
f 7132 7130 7131
f 7133 7132 7131
f 6852 7132 6853
f 7130 7132 6852
f 7134 7132 7133
f 7135 7134 7133
f 6853 7134 6854
f 7132 7134 6853
f 7136 7134 7135
f 7137 7136 7135
f 6854 7136 6855
f 7134 7136 6854
f 7138 7136 7137
f 7139 7138 7137
f 6855 7138 6856
f 7136 7138 6855
f 7140 7138 7139
f 7141 7140 7139
f 6856 7140 6857
f 7138 7140 6856
f 7142 7140 7141
f 7143 7142 7141
f 6857 7142 6858
f 7140 7142 6857
f 7144 7142 7143
f 7145 7144 7143
f 6858 7144 6859
f 7142 7144 6858
f 7146 7144 7145
f 7147 7146 7145
f 6859 7146 6860
f 7144 7146 6859
f 7148 7146 7147
f 7149 7148 7147
f 6860 7148 6861
f 7146 7148 6860
f 7150 7148 7149
f 7151 7150 7149
f 6861 7150 6862
f 7148 7150 6861
f 7152 7150 7151
f 7153 7152 7151
f 6862 7152 6863
f 7150 7152 6862
f 7154 7152 7153
f 7155 7154 7153
f 6863 7154 6864
f 7152 7154 6863
f 7156 7154 7155
f 7157 7156 7155
f 6864 7156 6865
f 7154 7156 6864
f 7158 7156 7157
f 7159 7158 7157
f 6865 7158 6866
f 7156 7158 6865
f 7160 7158 7159
f 7161 7160 7159
f 6866 7160 6867
f 7158 7160 6866
f 7162 7160 7161
f 7163 7162 7161
f 6867 7162 6868
f 7160 7162 6867
f 7164 7162 7163
f 7165 7164 7163
f 6868 7164 6869
f 7162 7164 6868
f 7166 7164 7165
f 7167 7166 7165
f 6869 7166 6870
f 7164 7166 6869
f 7168 7166 7167
f 7169 7168 7167
f 6870 7168 6871
f 7166 7168 6870
f 7170 7168 7169
f 7171 7170 7169
f 6871 7170 6872
f 7168 7170 6871
f 7172 7170 7171
f 7173 7172 7171
f 6872 7172 6873
f 7170 7172 6872
f 7174 7172 7173
f 7175 7174 7173
f 6873 7174 6874
f 7172 7174 6873
f 7176 7174 7175
f 7177 7176 7175
f 6874 7176 6875
f 7174 7176 6874
f 7178 7176 7177
f 7179 7178 7177
f 6875 7178 6876
f 7176 7178 6875
f 7180 7178 7179
f 7181 7180 7179
f 6876 7180 6877
f 7178 7180 6876
f 7182 7180 7181
f 7183 7182 7181
f 6877 7182 6878
f 7180 7182 6877
f 7184 7182 7183
f 7185 7184 7183
f 6878 7184 6879
f 7182 7184 6878
f 7186 7184 7185
f 7187 7186 7185
f 6879 7186 6880
f 7184 7186 6879
f 7188 7186 7187
f 7189 7188 7187
f 6880 7188 6881
f 7186 7188 6880
f 7190 7188 7189
f 7191 7190 7189
f 6881 7190 6882
f 7188 7190 6881
f 7192 7190 7191
f 7193 7192 7191
f 6882 7192 6883
f 7190 7192 6882
f 7194 7192 7193
f 7195 7194 7193
f 6883 7194 6884
f 7192 7194 6883
f 7196 7197 7198
f 7195 7197 7196
f 7194 7195 7196
f 7194 7196 6887
f 7194 6887 6886
f 6884 7194 6886
f 7199 7196 7198
f 7200 7199 7198
f 6887 7199 6889
f 7196 7199 6887
f 7201 7199 7200
f 7202 7201 7200
f 6889 7201 6891
f 7199 7201 6889
f 7203 7201 7202
f 7204 7203 7202
f 6891 7203 6893
f 7201 7203 6891
f 7205 7203 7204
f 7206 7205 7204
f 6893 7205 6895
f 7203 7205 6893
f 7207 7205 7206
f 7208 7207 7206
f 6895 7207 6897
f 7205 7207 6895
f 7209 7207 7208
f 7210 7209 7208
f 6897 7209 6899
f 7207 7209 6897
f 7211 7209 7210
f 7212 7211 7210
f 6899 7211 6901
f 7209 7211 6899
f 7213 7211 7212
f 7214 7213 7212
f 6901 7213 6903
f 7211 7213 6901
f 7215 7213 7214
f 7216 7215 7214
f 6903 7215 6905
f 7213 7215 6903
f 7217 7215 7216
f 7218 7217 7216
f 6905 7217 6907
f 7215 7217 6905
f 7219 7217 7218
f 7220 7219 7218
f 6907 7219 6909
f 7217 7219 6907
f 7221 7219 7220
f 7222 7221 7220
f 6909 7221 6911
f 7219 7221 6909
f 7223 7221 7222
f 7224 7223 7222
f 6911 7223 6913
f 7221 7223 6911
f 7225 7223 7224
f 7226 7225 7224
f 6913 7225 6915
f 7223 7225 6913
f 7227 7225 7226
f 7228 7227 7226
f 6915 7227 6917
f 7225 7227 6915
f 7229 7227 7228
f 7230 7229 7228
f 6917 7229 6919
f 7227 7229 6917
f 7231 7229 7230
f 7232 7231 7230
f 6919 7231 6921
f 7229 7231 6919
f 7233 7231 7232
f 7234 7233 7232
f 6921 7233 6923
f 7231 7233 6921
f 7235 7233 7234
f 7236 7235 7234
f 6923 7235 6925
f 7233 7235 6923
f 7237 7235 7236
f 7238 7237 7236
f 6925 7237 6927
f 7235 7237 6925
f 7239 7237 7238
f 7240 7239 7238
f 6927 7239 6929
f 7237 7239 6927
f 7241 7239 7240
f 7242 7241 7240
f 6929 7241 6931
f 7239 7241 6929
f 7243 7241 7242
f 7244 7243 7242
f 6931 7243 6933
f 7241 7243 6931
f 7245 7243 7244
f 7246 7245 7244
f 6933 7245 6935
f 7243 7245 6933
f 7247 7245 7246
f 7248 7247 7246
f 6935 7247 6937
f 7245 7247 6935
f 7249 7247 7248
f 7250 7249 7248
f 6937 7249 6939
f 7247 7249 6937
f 7251 7249 7250
f 7252 7251 7250
f 6939 7251 6941
f 7249 7251 6939
f 7253 7251 7252
f 7254 7253 7252
f 6941 7253 6943
f 7251 7253 6941
f 7255 7253 7254
f 7256 7255 7254
f 6943 7255 6945
f 7253 7255 6943
f 7257 7255 7256
f 7258 7257 7256
f 6945 7257 6947
f 7255 7257 6945
f 7259 7257 7258
f 7260 7259 7258
f 6947 7259 6949
f 7257 7259 6947
f 7261 7259 7260
f 7262 7261 7260
f 6949 7261 6951
f 7259 7261 6949
f 7263 7261 7262
f 7264 7263 7262
f 6951 7263 6953
f 7261 7263 6951
f 7265 7263 7264
f 7266 7265 7264
f 6953 7265 6955
f 7263 7265 6953
f 7267 7265 7266
f 7268 7267 7266
f 6955 7267 6957
f 7265 7267 6955
f 7269 7267 7268
f 7270 7269 7268
f 6957 7269 6959
f 7267 7269 6957
f 7271 7269 7270
f 7272 7271 7270
f 6959 7271 6961
f 7269 7271 6959
f 7273 7271 7272
f 7274 7273 7272
f 6961 7273 6963
f 7271 7273 6961
f 7275 7273 7274
f 7276 7275 7274
f 6963 7275 6965
f 7273 7275 6963
f 7277 7275 7276
f 7278 7277 7276
f 6965 7277 6967
f 7275 7277 6965
f 7279 7277 7278
f 7280 7279 7278
f 6967 7279 6969
f 7277 7279 6967
f 7281 7282 7283
f 7280 7282 7281
f 7280 7281 7279
f 7279 7281 7284
f 6969 7284 6971
f 7279 7284 6969
f 7285 7281 7283
f 7286 7285 7283
f 7284 7281 7287
f 7287 7281 7285
f 6971 7287 6973
f 7284 7287 6971
f 7288 7285 7286
f 7289 7288 7286
f 7287 7285 7290
f 7290 7285 7288
f 6973 7290 6975
f 7287 7290 6973
f 7291 7288 7289
f 7292 7291 7289
f 7290 7288 7293
f 7293 7288 7291
f 6975 7293 6977
f 7290 7293 6975
f 7294 7291 7292
f 7295 7294 7292
f 7293 7291 7296
f 7296 7291 7294
f 6977 7296 6979
f 7293 7296 6977
f 7297 7294 7295
f 7298 7297 7295
f 7296 7294 7299
f 7299 7294 7297
f 6979 7299 6981
f 7296 7299 6979
f 7300 7297 7298
f 7301 7300 7298
f 7299 7297 7302
f 7302 7297 7300
f 6981 7302 6983
f 7299 7302 6981
f 7303 7300 7301
f 7304 7303 7301
f 7302 7300 7305
f 7305 7300 7303
f 6983 7305 6985
f 7302 7305 6983
f 7306 7303 7304
f 7307 7306 7304
f 7305 7303 7308
f 7308 7303 7306
f 6985 7308 6987
f 7305 7308 6985
f 7309 7306 7307
f 7310 7309 7307
f 7308 7306 7311
f 7311 7306 7309
f 6987 7311 6989
f 7308 7311 6987
f 7312 7309 7310
f 7313 7312 7310
f 7311 7309 7314
f 7314 7309 7312
f 6989 7314 6991
f 7311 7314 6989
f 7315 7312 7313
f 7316 7315 7313
f 7314 7312 7317
f 7317 7312 7315
f 6991 7317 6993
f 7314 7317 6991
f 7318 7315 7316
f 7319 7318 7316
f 7317 7315 7320
f 7320 7315 7318
f 6993 7320 6995
f 7317 7320 6993
f 7321 7318 7319
f 7322 7321 7319
f 7320 7318 7323
f 7323 7318 7321
f 6995 7323 6997
f 7320 7323 6995
f 7324 7321 7322
f 7325 7324 7322
f 7323 7321 7326
f 7326 7321 7324
f 6997 7326 6999
f 7323 7326 6997
f 7327 7324 7325
f 7328 7327 7325
f 7326 7324 7329
f 7329 7324 7327
f 6999 7329 7001
f 7326 7329 6999
f 7330 7327 7328
f 7331 7330 7328
f 7329 7327 7332
f 7332 7327 7330
f 7001 7332 7003
f 7329 7332 7001
f 7333 7330 7331
f 7334 7333 7331
f 7332 7330 7335
f 7335 7330 7333
f 7003 7335 7005
f 7332 7335 7003
f 7336 7333 7334
f 7337 7336 7334
f 7335 7333 7338
f 7338 7333 7336
f 7005 7338 7007
f 7335 7338 7005
f 7339 7336 7337
f 7340 7339 7337
f 7338 7336 7341
f 7341 7336 7339
f 7007 7341 7009
f 7338 7341 7007
f 7342 7339 7340
f 7343 7342 7340
f 7341 7339 7344
f 7344 7339 7342
f 7009 7344 7011
f 7341 7344 7009
f 7345 7342 7343
f 7346 7345 7343
f 7344 7342 7347
f 7347 7342 7345
f 7011 7347 7013
f 7344 7347 7011
f 7348 7345 7346
f 7349 7348 7346
f 7347 7345 7350
f 7350 7345 7348
f 7013 7350 7015
f 7347 7350 7013
f 7351 7348 7349
f 7352 7351 7349
f 7350 7348 7353
f 7353 7348 7351
f 7015 7353 7017
f 7350 7353 7015
f 7354 7351 7352
f 7355 7354 7352
f 7353 7351 7356
f 7356 7351 7354
f 7017 7356 7019
f 7353 7356 7017
f 7357 7354 7355
f 7358 7357 7355
f 7356 7354 7359
f 7359 7354 7357
f 7019 7359 7021
f 7356 7359 7019
f 7360 7357 7358
f 7361 7360 7358
f 7359 7357 7362
f 7362 7357 7360
f 7021 7362 7023
f 7359 7362 7021
f 7363 7360 7361
f 7364 7363 7361
f 7362 7360 7365
f 7365 7360 7363
f 7023 7365 7025
f 7362 7365 7023
f 7366 7363 7364
f 7367 7366 7364
f 7365 7363 7368
f 7368 7363 7366
f 7025 7368 7027
f 7365 7368 7025
f 7369 7366 7367
f 7370 7369 7367
f 7368 7366 7371
f 7371 7366 7369
f 7027 7371 7029
f 7368 7371 7027
f 7372 7369 7370
f 7373 7372 7370
f 7371 7369 7374
f 7374 7369 7372
f 7029 7374 7031
f 7371 7374 7029
f 7375 7372 7373
f 7376 7375 7373
f 7374 7372 7377
f 7377 7372 7375
f 7031 7377 7033
f 7374 7377 7031
f 7378 7375 7376
f 7379 7378 7376
f 7377 7375 7380
f 7380 7375 7378
f 7033 7380 7035
f 7377 7380 7033
f 7381 7378 7379
f 7382 7381 7379
f 7380 7378 7383
f 7383 7378 7381
f 7035 7383 7037
f 7380 7383 7035
f 7384 7381 7382
f 7385 7384 7382
f 7383 7381 7386
f 7386 7381 7384
f 7037 7386 7039
f 7383 7386 7037
f 7387 7384 7385
f 7388 7387 7385
f 7386 7384 7389
f 7389 7384 7387
f 7039 7389 7041
f 7386 7389 7039
f 7390 7387 7388
f 7391 7390 7388
f 7389 7387 7392
f 7392 7387 7390
f 7041 7392 7043
f 7389 7392 7041
f 7393 7390 7391
f 7394 7393 7391
f 7392 7390 7395
f 7395 7390 7393
f 7043 7395 7045
f 7392 7395 7043
f 7396 7393 7394
f 7397 7396 7394
f 7395 7393 7398
f 7398 7393 7396
f 7045 7398 7047
f 7395 7398 7045
f 7396 7397 7399
f 7399 7400 7401
f 7399 7401 7396
f 7396 7401 7398
f 7047 7401 7049
f 7398 7401 7047
f 7402 7401 7400
f 7403 7402 7400
f 7049 7402 7051
f 7401 7402 7049
f 7404 7402 7403
f 7405 7404 7403
f 7051 7404 7053
f 7402 7404 7051
f 7406 7404 7405
f 7407 7406 7405
f 7053 7406 7055
f 7404 7406 7053
f 7408 7406 7407
f 7409 7408 7407
f 7055 7408 7057
f 7406 7408 7055
f 7410 7408 7409
f 7411 7410 7409
f 7057 7410 7059
f 7408 7410 7057
f 7412 7413 7414
f 7411 7413 7412
f 7411 7412 7410
f 7410 7412 7415
f 7059 7415 7061
f 7410 7415 7059
f 7416 7412 7414
f 7417 7416 7414
f 7415 7412 7418
f 7418 7412 7416
f 7061 7418 7063
f 7415 7418 7061
f 7419 7416 7417
f 7420 7419 7417
f 7418 7416 7421
f 7421 7416 7419
f 7063 7421 7065
f 7418 7421 7063
f 7422 7419 7420
f 7423 7422 7420
f 7421 7419 7424
f 7424 7419 7422
f 7065 7424 7067
f 7421 7424 7065
f 7425 7422 7423
f 7426 7425 7423
f 7424 7422 7427
f 7427 7422 7425
f 7067 7427 7069
f 7424 7427 7067
f 7428 7425 7426
f 7429 7428 7426
f 7427 7425 7430
f 7430 7425 7428
f 7069 7430 7071
f 7427 7430 7069
f 7431 7428 7429
f 7432 7431 7429
f 7430 7428 7433
f 7433 7428 7431
f 7071 7433 7073
f 7430 7433 7071
f 7434 7431 7432
f 7435 7434 7432
f 7433 7431 7436
f 7436 7431 7434
f 7073 7436 7075
f 7433 7436 7073
f 7437 7434 7435
f 7438 7437 7435
f 7436 7434 7439
f 7439 7434 7437
f 7075 7439 7077
f 7436 7439 7075
f 7440 7437 7438
f 7441 7440 7438
f 7439 7437 7442
f 7442 7437 7440
f 7077 7442 7079
f 7439 7442 7077
f 7443 7440 7441
f 7444 7443 7441
f 7442 7440 7445
f 7445 7440 7443
f 7079 7445 7081
f 7442 7445 7079
f 7446 7443 7444
f 7447 7446 7444
f 7445 7443 7448
f 7448 7443 7446
f 7081 7448 7082
f 7445 7448 7081
f 7449 7446 7447
f 7450 7449 7447
f 7084 7449 7085
f 7084 7448 7449
f 7448 7446 7449
f 7082 7448 7084
f 7451 7452 7453
f 7450 7452 7451
f 7450 7451 7449
f 7449 7451 7454
f 7085 7454 7087
f 7449 7454 7085
f 7455 7456 7457
f 7453 7456 7455
f 7453 7455 7451
f 7451 7455 7458
f 7454 7451 7459
f 7459 7451 7458
f 7087 7459 7089
f 7454 7459 7087
f 7460 7461 7462
f 7457 7461 7460
f 7457 7460 7455
f 7455 7460 7463
f 7091 7463 7092
f 7091 7458 7463
f 7458 7455 7463
f 7094 7458 7091
f 7459 7458 7094
f 7089 7459 7094
f 7460 7462 7464
f 7463 7460 7464
f 7465 7463 7464
f 7095 7465 7466
f 7095 7463 7465
f 7095 7092 7463
f 7095 7466 7096
f 7468 7102 7467
f 7469 7103 7102
f 7469 7102 7470
f 7470 7102 7468
f 7103 7469 7105
f 7469 7470 7471
f 7471 7105 7469
f 7471 7472 7105
f 7472 7107 7105
f 7473 7109 7107
f 7473 7107 7474
f 7474 7107 7472
f 7109 7473 7110
f 7473 7474 7475
f 7475 7110 7473
f 7475 7476 7110
f 7476 7113 7110
f 7477 7114 7113
f 7477 7113 7478
f 7478 7113 7476
f 7114 7477 7115
f 7479 7477 7478
f 7480 7479 7478
f 7115 7479 7117
f 7477 7479 7115
f 7481 7479 7480
f 7482 7481 7480
f 7117 7481 7119
f 7479 7481 7117
f 7483 7481 7482
f 7484 7483 7482
f 7119 7483 7121
f 7481 7483 7119
f 7485 7483 7484
f 7486 7485 7484
f 7121 7485 7123
f 7483 7485 7121
f 7487 7485 7486
f 7488 7487 7486
f 7123 7487 7125
f 7485 7487 7123
f 7489 7487 7488
f 7490 7489 7488
f 7125 7489 7127
f 7487 7489 7125
f 7491 7489 7490
f 7492 7491 7490
f 7127 7491 7129
f 7489 7491 7127
f 7493 7491 7492
f 7494 7493 7492
f 7129 7493 7131
f 7491 7493 7129
f 7495 7493 7494
f 7496 7495 7494
f 7131 7495 7133
f 7493 7495 7131
f 7497 7498 7499
f 7496 7498 7497
f 7496 7497 7495
f 7495 7497 7500
f 7133 7500 7135
f 7495 7500 7133
f 7501 7497 7499
f 7502 7501 7499
f 7500 7497 7503
f 7503 7497 7501
f 7135 7503 7137
f 7500 7503 7135
f 7504 7501 7502
f 7505 7504 7502
f 7503 7501 7506
f 7506 7501 7504
f 7137 7506 7139
f 7503 7506 7137
f 7507 7504 7505
f 7508 7507 7505
f 7506 7504 7509
f 7509 7504 7507
f 7139 7509 7141
f 7506 7509 7139
f 7510 7507 7508
f 7511 7510 7508
f 7509 7507 7512
f 7512 7507 7510
f 7141 7512 7143
f 7509 7512 7141
f 7513 7510 7511
f 7514 7513 7511
f 7512 7510 7515
f 7515 7510 7513
f 7143 7515 7145
f 7512 7515 7143
f 7516 7513 7514
f 7517 7516 7514
f 7515 7513 7518
f 7518 7513 7516
f 7145 7518 7147
f 7515 7518 7145
f 7519 7516 7517
f 7520 7519 7517
f 7518 7516 7521
f 7521 7516 7519
f 7147 7521 7149
f 7518 7521 7147
f 7522 7519 7520
f 7523 7522 7520
f 7521 7519 7524
f 7524 7519 7522
f 7149 7524 7151
f 7521 7524 7149
f 7525 7522 7523
f 7526 7525 7523
f 7524 7522 7527
f 7527 7522 7525
f 7151 7527 7153
f 7524 7527 7151
f 7528 7525 7526
f 7529 7528 7526
f 7527 7525 7530
f 7530 7525 7528
f 7153 7530 7155
f 7527 7530 7153
f 7531 7528 7529
f 7532 7531 7529
f 7530 7528 7533
f 7533 7528 7531
f 7155 7533 7157
f 7530 7533 7155
f 7534 7531 7532
f 7535 7534 7532
f 7533 7531 7536
f 7536 7531 7534
f 7157 7536 7159
f 7533 7536 7157
f 7537 7534 7535
f 7538 7537 7535
f 7536 7534 7539
f 7539 7534 7537
f 7159 7539 7161
f 7536 7539 7159
f 7540 7537 7538
f 7541 7540 7538
f 7539 7537 7542
f 7542 7537 7540
f 7161 7542 7163
f 7539 7542 7161
f 7543 7540 7541
f 7544 7543 7541
f 7542 7540 7545
f 7545 7540 7543
f 7163 7545 7165
f 7542 7545 7163
f 7546 7543 7544
f 7547 7546 7544
f 7545 7543 7548
f 7548 7543 7546
f 7165 7548 7167
f 7545 7548 7165
f 7549 7546 7547
f 7550 7549 7547
f 7548 7546 7551
f 7551 7546 7549
f 7167 7551 7169
f 7548 7551 7167
f 7552 7549 7550
f 7553 7552 7550
f 7551 7549 7554
f 7554 7549 7552
f 7169 7554 7171
f 7551 7554 7169
f 7555 7552 7553
f 7556 7555 7553
f 7554 7552 7557
f 7557 7552 7555
f 7171 7557 7173
f 7554 7557 7171
f 7558 7555 7556
f 7559 7558 7556
f 7557 7555 7560
f 7560 7555 7558
f 7173 7560 7175
f 7557 7560 7173
f 7561 7558 7559
f 7562 7561 7559
f 7560 7558 7563
f 7563 7558 7561
f 7175 7563 7177
f 7560 7563 7175
f 7564 7561 7562
f 7565 7564 7562
f 7563 7561 7566
f 7566 7561 7564
f 7177 7566 7179
f 7563 7566 7177
f 7567 7564 7565
f 7568 7567 7565
f 7566 7564 7569
f 7569 7564 7567
f 7179 7569 7181
f 7566 7569 7179
f 7570 7567 7568
f 7571 7570 7568
f 7569 7567 7572
f 7572 7567 7570
f 7181 7572 7183
f 7569 7572 7181
f 7573 7570 7571
f 7574 7573 7571
f 7572 7570 7575
f 7575 7570 7573
f 7183 7575 7185
f 7572 7575 7183
f 7576 7573 7574
f 7577 7576 7574
f 7575 7573 7578
f 7578 7573 7576
f 7185 7578 7187
f 7575 7578 7185
f 7579 7576 7577
f 7580 7579 7577
f 7578 7576 7581
f 7581 7576 7579
f 7187 7581 7189
f 7578 7581 7187
f 7582 7579 7580
f 7583 7582 7580
f 7581 7579 7584
f 7584 7579 7582
f 7189 7584 7191
f 7581 7584 7189
f 7585 7582 7583
f 7586 7585 7583
f 7584 7582 7587
f 7587 7582 7585
f 7191 7587 7193
f 7584 7587 7191
f 7588 7585 7586
f 7589 7588 7586
f 7587 7585 7590
f 7590 7585 7588
f 7193 7590 7195
f 7587 7590 7193
f 7591 7588 7589
f 7592 7591 7589
f 7197 7591 7198
f 7197 7590 7591
f 7590 7588 7591
f 7195 7590 7197
f 7593 7591 7592
f 7594 7593 7592
f 7198 7593 7200
f 7591 7593 7198
f 7595 7593 7594
f 7596 7595 7594
f 7200 7595 7202
f 7593 7595 7200
f 7597 7595 7596
f 7598 7597 7596
f 7202 7597 7204
f 7595 7597 7202
f 7599 7597 7598
f 7600 7599 7598
f 7204 7599 7206
f 7597 7599 7204
f 7601 7599 7600
f 7602 7601 7600
f 7206 7601 7208
f 7599 7601 7206
f 7603 7601 7602
f 7604 7603 7602
f 7208 7603 7210
f 7601 7603 7208
f 7605 7603 7604
f 7606 7605 7604
f 7210 7605 7212
f 7603 7605 7210
f 7607 7605 7606
f 7608 7607 7606
f 7212 7607 7214
f 7605 7607 7212
f 7609 7607 7608
f 7610 7609 7608
f 7214 7609 7216
f 7607 7609 7214
f 7611 7609 7610
f 7612 7611 7610
f 7216 7611 7218
f 7609 7611 7216
f 7613 7611 7612
f 7614 7613 7612
f 7218 7613 7220
f 7611 7613 7218
f 7615 7613 7614
f 7616 7615 7614
f 7220 7615 7222
f 7613 7615 7220
f 7617 7615 7616
f 7618 7617 7616
f 7222 7617 7224
f 7615 7617 7222
f 7619 7617 7618
f 7620 7619 7618
f 7224 7619 7226
f 7617 7619 7224
f 7621 7619 7620
f 7622 7621 7620
f 7226 7621 7228
f 7619 7621 7226
f 7623 7621 7622
f 7624 7623 7622
f 7228 7623 7230
f 7621 7623 7228
f 7625 7623 7624
f 7626 7625 7624
f 7230 7625 7232
f 7623 7625 7230
f 7627 7625 7626
f 7628 7627 7626
f 7232 7627 7234
f 7625 7627 7232
f 7629 7627 7628
f 7630 7629 7628
f 7234 7629 7236
f 7627 7629 7234
f 7631 7629 7630
f 7632 7631 7630
f 7236 7631 7238
f 7629 7631 7236
f 7633 7631 7632
f 7634 7633 7632
f 7238 7633 7240
f 7631 7633 7238
f 7635 7633 7634
f 7636 7635 7634
f 7240 7635 7242
f 7633 7635 7240
f 7637 7635 7636
f 7638 7637 7636
f 7242 7637 7244
f 7635 7637 7242
f 7639 7637 7638
f 7640 7639 7638
f 7244 7639 7246
f 7637 7639 7244
f 7641 7639 7640
f 7642 7641 7640
f 7246 7641 7248
f 7639 7641 7246
f 7643 7641 7642
f 7644 7643 7642
f 7248 7643 7250
f 7641 7643 7248
f 7645 7643 7644
f 7646 7645 7644
f 7250 7645 7252
f 7643 7645 7250
f 7647 7645 7646
f 7648 7647 7646
f 7252 7647 7254
f 7645 7647 7252
f 7649 7647 7648
f 7650 7649 7648
f 7254 7649 7256
f 7647 7649 7254
f 7651 7649 7650
f 7652 7651 7650
f 7256 7651 7258
f 7649 7651 7256
f 7653 7651 7652
f 7654 7653 7652
f 7258 7653 7260
f 7651 7653 7258
f 7655 7653 7654
f 7656 7655 7654
f 7260 7655 7262
f 7653 7655 7260
f 7657 7655 7656
f 7658 7657 7656
f 7262 7657 7264
f 7655 7657 7262
f 7659 7657 7658
f 7660 7659 7658
f 7264 7659 7266
f 7657 7659 7264
f 7661 7659 7660
f 7662 7661 7660
f 7266 7661 7268
f 7659 7661 7266
f 7663 7661 7662
f 7664 7663 7662
f 7268 7663 7270
f 7661 7663 7268
f 7665 7663 7664
f 7666 7665 7664
f 7270 7665 7272
f 7663 7665 7270
f 7667 7665 7666
f 7668 7667 7666
f 7272 7667 7274
f 7665 7667 7272
f 7669 7667 7668
f 7670 7669 7668
f 7274 7669 7276
f 7667 7669 7274
f 7671 7672 7673
f 7670 7672 7671
f 7670 7671 7669
f 7669 7671 7674
f 7276 7674 7278
f 7669 7674 7276
f 7675 7671 7673
f 7676 7675 7673
f 7674 7671 7677
f 7677 7671 7675
f 7278 7677 7280
f 7674 7677 7278
f 7678 7675 7676
f 7679 7678 7676
f 7282 7678 7283
f 7282 7677 7678
f 7677 7675 7678
f 7280 7677 7282
f 7680 7678 7679
f 7681 7680 7679
f 7283 7680 7286
f 7678 7680 7283
f 7682 7680 7681
f 7683 7682 7681
f 7286 7682 7289
f 7680 7682 7286
f 7682 7683 7684
f 7684 7289 7682
f 7684 7685 7289
f 7685 7292 7289
f 7292 7685 7295
f 7685 7686 7295
f 7295 7686 7298
f 7686 7687 7298
f 7298 7687 7301
f 7687 7688 7301
f 7301 7688 7304
f 7688 7689 7304
f 7304 7689 7307
f 7689 7690 7307
f 7691 7692 7693
f 7691 7690 7692
f 7691 7310 7690
f 7310 7307 7690
f 7694 7691 7693
f 7695 7694 7693
f 7310 7694 7313
f 7691 7694 7310
f 7696 7694 7695
f 7697 7696 7695
f 7313 7696 7316
f 7694 7696 7313
f 7698 7696 7697
f 7699 7698 7697
f 7316 7698 7319
f 7696 7698 7316
f 7700 7698 7699
f 7701 7700 7699
f 7319 7700 7322
f 7698 7700 7319
f 7702 7700 7701
f 7703 7702 7701
f 7322 7702 7325
f 7700 7702 7322
f 7704 7702 7703
f 7705 7704 7703
f 7325 7704 7328
f 7702 7704 7325
f 7706 7704 7705
f 7707 7706 7705
f 7328 7706 7331
f 7704 7706 7328
f 7706 7707 7708
f 7708 7331 7706
f 7708 7709 7331
f 7709 7334 7331
f 7334 7709 7337
f 7709 7710 7337
f 7337 7710 7340
f 7710 7711 7340
f 7340 7711 7343
f 7711 7712 7343
f 7343 7712 7346
f 7712 7713 7346
f 7346 7713 7349
f 7713 7714 7349
f 7715 7716 7717
f 7715 7714 7716
f 7715 7352 7714
f 7352 7349 7714
f 7718 7715 7717
f 7719 7718 7717
f 7352 7718 7355
f 7715 7718 7352
f 7720 7718 7719
f 7721 7720 7719
f 7355 7720 7358
f 7718 7720 7355
f 7722 7720 7721
f 7723 7722 7721
f 7358 7722 7361
f 7720 7722 7358
f 7724 7722 7723
f 7725 7724 7723
f 7361 7724 7364
f 7722 7724 7361
f 7726 7724 7725
f 7727 7726 7725
f 7364 7726 7367
f 7724 7726 7364
f 7728 7726 7727
f 7729 7728 7727
f 7367 7728 7370
f 7726 7728 7367
f 7730 7728 7729
f 7731 7730 7729
f 7370 7730 7373
f 7728 7730 7370
f 7732 7730 7731
f 7733 7732 7731
f 7373 7732 7376
f 7730 7732 7373
f 7734 7732 7733
f 7735 7734 7733
f 7376 7734 7379
f 7732 7734 7376
f 7736 7734 7735
f 7737 7736 7735
f 7379 7736 7382
f 7734 7736 7379
f 7738 7736 7737
f 7739 7738 7737
f 7382 7738 7385
f 7736 7738 7382
f 7740 7738 7739
f 7741 7740 7739
f 7385 7740 7388
f 7738 7740 7385
f 7742 7740 7741
f 7743 7742 7741
f 7388 7742 7391
f 7740 7742 7388
f 7744 7742 7743
f 7745 7744 7743
f 7391 7744 7394
f 7742 7744 7391
f 7746 7744 7745
f 7747 7746 7745
f 7394 7746 7397
f 7744 7746 7394
f 7748 7746 7747
f 7749 7748 7747
f 7397 7750 7399
f 7397 7746 7750
f 7746 7748 7750
f 7399 7750 7400
f 7751 7748 7749
f 7752 7751 7749
f 7750 7748 7753
f 7753 7748 7751
f 7400 7753 7403
f 7750 7753 7400
f 7754 7751 7752
f 7755 7754 7752
f 7753 7751 7756
f 7756 7751 7754
f 7403 7756 7405
f 7753 7756 7403
f 7757 7754 7755
f 7758 7757 7755
f 7756 7754 7759
f 7759 7754 7757
f 7405 7759 7407
f 7756 7759 7405
f 7760 7757 7758
f 7761 7760 7758
f 7759 7757 7762
f 7762 7757 7760
f 7407 7762 7409
f 7759 7762 7407
f 7763 7760 7761
f 7764 7763 7761
f 7762 7760 7765
f 7765 7760 7763
f 7409 7765 7411
f 7762 7765 7409
f 7766 7763 7764
f 7767 7766 7764
f 7413 7766 7414
f 7413 7765 7766
f 7765 7763 7766
f 7411 7765 7413
f 7768 7766 7767
f 7769 7768 7767
f 7414 7768 7417
f 7766 7768 7414
f 7770 7768 7769
f 7771 7770 7769
f 7417 7770 7420
f 7768 7770 7417
f 7772 7770 7771
f 7773 7772 7771
f 7420 7772 7423
f 7770 7772 7420
f 7774 7772 7773
f 7775 7774 7773
f 7423 7774 7426
f 7772 7774 7423
f 7776 7774 7775
f 7777 7776 7775
f 7426 7776 7429
f 7774 7776 7426
f 7778 7776 7777
f 7779 7778 7777
f 7429 7778 7432
f 7776 7778 7429
f 7780 7778 7779
f 7781 7780 7779
f 7432 7780 7435
f 7778 7780 7432
f 7782 7780 7781
f 7783 7782 7781
f 7435 7782 7438
f 7780 7782 7435
f 7784 7782 7783
f 7785 7784 7783
f 7438 7784 7441
f 7782 7784 7438
f 7786 7784 7785
f 7787 7786 7785
f 7441 7786 7444
f 7784 7786 7441
f 7788 7786 7787
f 7789 7788 7787
f 7444 7788 7447
f 7786 7788 7444
f 7790 7788 7789
f 7791 7790 7789
f 7447 7790 7450
f 7788 7790 7447
f 7452 7790 7791
f 7452 7791 7453
f 7453 7791 7792
f 7450 7790 7452

