# https://github.com/mikedh/trimesh
v -0.34190661 -0.59342414 -0.23173469
v -0.34190661 -0.58652103 -0.22400779
v -0.34190661 -0.58556420 -0.22259353
v -0.33404669 -0.59342414 -0.22720045
v -0.33404669 -0.58803755 -0.22400779
v -0.33404669 -0.58556420 -0.22256613
v -0.33404669 -0.57770425 -0.21729897
v -0.33404669 -0.57376778 -0.21614785
v -0.33404669 -0.56984437 -0.21486698
v -0.33404669 -0.56198442 -0.21130748
v -0.33404669 -0.55553263 -0.20828794
v -0.33404669 -0.55412453 -0.20765331
v -0.33404669 -0.54626459 -0.20531121
v -0.33404669 -0.53840464 -0.20485893
v -0.33404669 -0.53054476 -0.20513454
v -0.33404669 -0.52268481 -0.20554543
v -0.33404669 -0.51482493 -0.20601234
v -0.33404669 -0.50696498 -0.20644198
v -0.33404669 -0.49910507 -0.20686667
v -0.33404669 -0.49124515 -0.20732619
v -0.33404669 -0.48338521 -0.20776509
v -0.33404669 -0.47552529 -0.20813635
v -0.33404669 -0.47016916 -0.20828794
v -0.33404669 -0.46766537 -0.20834233
v -0.33404669 -0.45980546 -0.20841518
v -0.33404669 -0.45194551 -0.20842154
v -0.33404669 -0.44408560 -0.20842646
v -0.33404669 -0.43622568 -0.20845747
v -0.33404669 -0.42836577 -0.20851815
v -0.33404669 -0.42050582 -0.20858094
v -0.33404669 -0.41264591 -0.20865954
v -0.33404669 -0.40478599 -0.20871837
v -0.33404669 -0.39692608 -0.20878692
v -0.33404669 -0.38906616 -0.20884886
v -0.33404669 -0.38120621 -0.20889191
v -0.33404669 -0.37334630 -0.20893432
v -0.33404669 -0.36548638 -0.20897366
v -0.33404669 -0.35762647 -0.20901617
v -0.33404669 -0.34976652 -0.20912436
v -0.33404669 -0.34190661 -0.20924896
v -0.33404669 -0.33404669 -0.20935948
v -0.33404669 -0.32618678 -0.20941621
v -0.33404669 -0.31832686 -0.20945555
v -0.33404669 -0.31046692 -0.20948577
v -0.33404669 -0.30260700 -0.20954621
v -0.33404669 -0.29474708 -0.20960175
v -0.33404669 -0.28688717 -0.20965098
v -0.33404669 -0.27902722 -0.20967939
v -0.33404669 -0.27116731 -0.20971370
v -0.33404669 -0.26330739 -0.20978349
v -0.33404669 -0.25544748 -0.20987765
v -0.33404669 -0.24758755 -0.21003188
v -0.33404669 -0.23972763 -0.21018642
v -0.33404669 -0.23186770 -0.21034640
v -0.33404669 -0.22400779 -0.21056126
v -0.33404669 -0.21614785 -0.21081036
v -0.33404669 -0.20828794 -0.21107854
v -0.33404669 -0.20042801 -0.21135150
v -0.33404669 -0.19256809 -0.21139534
v -0.33404669 -0.18470818 -0.21136434
v -0.33404669 -0.17684825 -0.21142736
v -0.33404669 -0.16898833 -0.21151534
v -0.33404669 -0.16112840 -0.21162735
v -0.33404669 -0.15326849 -0.21178098
v -0.33404669 -0.14540856 -0.21195620
v -0.33404669 -0.13754864 -0.21212322
v -0.33404669 -0.12968871 -0.21228500
v -0.33404669 -0.12182879 -0.21245405
v -0.33404669 -0.11396887 -0.21264827
v -0.33404669 -0.10610895 -0.21284094
v -0.33404669 -0.09824903 -0.21308441
v -0.33404669 -0.09038910 -0.21332392
v -0.33404669 -0.08252918 -0.21357524
v -0.33404669 -0.07466926 -0.21379675
v -0.33404669 -0.06680934 -0.21401317
v -0.33404669 -0.05894941 -0.21420513
v -0.33404669 -0.05108950 -0.21440314
v -0.33404669 -0.04322957 -0.21458082
v -0.33404669 -0.03536965 -0.21474321
v -0.33404669 -0.02750973 -0.21490499
v -0.33404669 -0.01964981 -0.21509665
v -0.33404669 -0.01178988 -0.21529382
v -0.33404669 -0.00392996 -0.21548840
v -0.33404669 0.00392996 -0.21565637
v -0.33404669 0.01178988 -0.21578801
v -0.33404669 0.01964981 -0.21589570
v -0.33404669 0.02750973 -0.21600154
v -0.33404669 0.03536965 -0.21608075
v -0.33404669 0.04322957 -0.21612081
v -0.33404669 0.05108950 -0.21613286
v -0.33404669 0.05894941 -0.21610366
v -0.33404669 0.06680934 -0.21611553
v -0.33404669 0.07466926 -0.21611992
v -0.33404669 0.08252918 -0.21614575
v -0.33404669 0.08290493 -0.21614785
v -0.33404669 0.09038910 -0.21618132
v -0.33404669 0.09824903 -0.21619727
v -0.33404669 0.10610895 -0.21619175
v -0.33404669 0.11396887 -0.21618336
v -0.33404669 0.12182879 -0.21615386
v -0.33404669 0.12352920 -0.21614785
v -0.33404669 0.12968871 -0.21612021
v -0.33404669 0.13754864 -0.21610433
v -0.33404669 0.14540856 -0.21608166
v -0.33404669 0.15326849 -0.21606265
v -0.33404669 0.16112840 -0.21602973
v -0.33404669 0.16898833 -0.21605282
v -0.33404669 0.17566523 -0.21614785
v -0.33404669 0.17684825 -0.21616147
v -0.33404669 0.18470818 -0.21637100
v -0.33404669 0.19256809 -0.21652775
v -0.33404669 0.20042801 -0.21646802
v -0.33404669 0.20828794 -0.21637765
v -0.33404669 0.21614785 -0.21630450
v -0.33404669 0.22400779 -0.21620680
v -0.33404669 0.23186770 -0.21615043
v -0.33404669 0.23293319 -0.21614785
v -0.33404669 0.23972763 -0.21612699
v -0.33404669 0.24758755 -0.21613875
v -0.33404669 0.25544748 -0.21611601
v -0.33404669 0.26330739 -0.21607968
v -0.33404669 0.27116731 -0.21607728
v -0.33404669 0.27902722 -0.21611296
v -0.33404669 0.28422946 -0.21614785
v -0.33404669 0.28688717 -0.21616165
v -0.33404669 0.29474708 -0.21618474
v -0.33404669 0.30260700 -0.21622390
v -0.33404669 0.31046692 -0.21623679
v -0.33404669 0.31832686 -0.21625094
v -0.33404669 0.32618678 -0.21625298
v -0.33404669 0.33404669 -0.21625903
v -0.33404669 0.34190661 -0.21625921
v -0.33404669 0.34976652 -0.21627253
v -0.33404669 0.35762647 -0.21626978
v -0.33404669 0.36548638 -0.21626456
v -0.33404669 0.37334630 -0.21628968
v -0.33404669 0.38120621 -0.21633993
v -0.33404669 0.38906616 -0.21635684
v -0.33404669 0.39692608 -0.21630257
v -0.33404669 0.40478599 -0.21629550
v -0.33404669 0.41264591 -0.21632878
v -0.33404669 0.42050582 -0.21635030
v -0.33404669 0.42836577 -0.21637388
v -0.33404669 0.43622568 -0.21638778
v -0.33404669 0.44408560 -0.21642232
v -0.33404669 0.45194551 -0.21645477
v -0.33404669 0.45980546 -0.21649201
v -0.33404669 0.46766537 -0.21651390
v -0.33404669 0.47552529 -0.21653716
v -0.33404669 0.48338521 -0.21652631
v -0.33404669 0.49124515 -0.21641813
v -0.33404669 0.49910507 -0.21633646
v -0.33404669 0.50696498 -0.21631439
v -0.33404669 0.51482493 -0.21630545
v -0.33404669 0.52268481 -0.21629664
v -0.33404669 0.53054476 -0.21622665
v -0.33404669 0.53840464 -0.21671695
v -0.33404669 0.54626459 -0.21873900
v -0.33404669 0.55412453 -0.22030191
v -0.33404669 0.56198442 -0.22155917
v -0.33404669 0.56769723 -0.22400779
v -0.33404669 0.56984437 -0.22505696
v -0.33404669 0.57770425 -0.22963659
v -0.33404669 0.58500433 -0.22400779
v -0.33404669 0.58556420 -0.22309378
v -0.33086926 -0.59342414 -0.22400779
v -0.32618678 -0.59342414 -0.21963887
v -0.32618678 -0.58814597 -0.21614785
v -0.32791460 -0.58556420 -0.21614785
v -0.32618678 -0.58556420 -0.21369410
v -0.33275568 -0.57770425 -0.21614785
v -0.32618678 -0.57942939 -0.20828794
v -0.32698300 -0.57770425 -0.20828794
v -0.32618678 -0.57770425 -0.20675483
v -0.32888275 -0.56984437 -0.20828794
v -0.32618678 -0.56984437 -0.20299681
v -0.33118066 -0.56198442 -0.20828794
v -0.32618678 -0.56198442 -0.20085582
v -0.32618678 -0.55703914 -0.20042801
v -0.32636943 -0.55412453 -0.20042801
v -0.32618678 -0.55412453 -0.20024703
v -0.32618678 -0.54835749 -0.20042801
v -0.32618678 -0.54626459 -0.20048781
v -0.32618678 -0.53840464 -0.20091045
v -0.32618678 -0.53054476 -0.20145734
v -0.32618678 -0.52268481 -0.20211799
v -0.32618678 -0.51482493 -0.20275956
v -0.32618678 -0.50696498 -0.20324494
v -0.32618678 -0.49910507 -0.20358327
v -0.32618678 -0.49124515 -0.20378157
v -0.32618678 -0.48338521 -0.20390043
v -0.32618678 -0.47552529 -0.20395458
v -0.33389449 -0.46766537 -0.20828794
v -0.32618678 -0.46766537 -0.20399146
v -0.33370340 -0.45980546 -0.20828794
v -0.32618678 -0.45980546 -0.20396286
v -0.33369607 -0.45194551 -0.20828794
v -0.32618678 -0.45194551 -0.20388970
v -0.33369115 -0.44408560 -0.20828794
v -0.32618678 -0.44408560 -0.20385630
v -0.33361679 -0.43622568 -0.20828794
v -0.32618678 -0.43622568 -0.20384455
v -0.33347076 -0.42836577 -0.20828794
v -0.32618678 -0.42836577 -0.20388155
v -0.33332258 -0.42050582 -0.20828794
v -0.32618678 -0.42050582 -0.20391890
v -0.33313605 -0.41264591 -0.20828794
v -0.32618678 -0.41264591 -0.20397353
v -0.33300406 -0.40478599 -0.20828794
v -0.32618678 -0.40478599 -0.20401628
v -0.33285767 -0.39692608 -0.20828794
v -0.32618678 -0.39692608 -0.20401131
v -0.33273709 -0.38906616 -0.20828794
v -0.32618678 -0.38906616 -0.20395944
v -0.33265385 -0.38120621 -0.20828794
v -0.32618678 -0.38120621 -0.20389894
v -0.33258507 -0.37334630 -0.20828794
v -0.32618678 -0.37334630 -0.20384622
v -0.33252144 -0.36548638 -0.20828794
v -0.32618678 -0.36548638 -0.20380352
v -0.33244655 -0.35762647 -0.20828794
v -0.32618678 -0.35762647 -0.20378302
v -0.33225086 -0.34976652 -0.20828794
v -0.32618678 -0.34976652 -0.20377858
v -0.33204094 -0.34190661 -0.20828794
v -0.32618678 -0.34190661 -0.20381851
v -0.33185235 -0.33404669 -0.20828794
v -0.32618678 -0.33404669 -0.20385894
v -0.33176246 -0.32618678 -0.20828794
v -0.32618678 -0.32618678 -0.20386313
v -0.33168209 -0.31832686 -0.20828794
v -0.32618678 -0.31832686 -0.20388095
v -0.33162987 -0.31046692 -0.20828794
v -0.32618678 -0.31046692 -0.20386343
v -0.33153045 -0.30260700 -0.20828794
v -0.32618678 -0.30260700 -0.20387003
v -0.33143222 -0.29474708 -0.20828794
v -0.32618678 -0.29474708 -0.20391272
v -0.33132890 -0.28688717 -0.20828794
v -0.32618678 -0.28688717 -0.20399758
v -0.33126456 -0.27902722 -0.20828794
v -0.32618678 -0.27902722 -0.20408243
v -0.33120465 -0.27116731 -0.20828794
v -0.32618678 -0.27116731 -0.20415026
v -0.33109844 -0.26330739 -0.20828794
v -0.32618678 -0.26330739 -0.20420134
v -0.33096093 -0.25544748 -0.20828794
v -0.32618678 -0.25544748 -0.20423985
v -0.33074602 -0.24758755 -0.20828794
v -0.32618678 -0.24758755 -0.20431589
v -0.33055538 -0.23972763 -0.20828794
v -0.32618678 -0.23972763 -0.20440373
v -0.33036762 -0.23186770 -0.20828794
v -0.32618678 -0.23186770 -0.20446946
v -0.33010355 -0.22400779 -0.20828794
v -0.32618678 -0.22400779 -0.20457104
v -0.32980850 -0.21614785 -0.20828794
v -0.32618678 -0.21614785 -0.20471622
v -0.32955167 -0.20828794 -0.20828794
v -0.32618678 -0.20828794 -0.20488544
v -0.32930928 -0.20042801 -0.20828794
v -0.32618678 -0.20042801 -0.20507337
v -0.32922071 -0.19256809 -0.20828794
v -0.32618678 -0.19256809 -0.20515643
v -0.32922882 -0.18470818 -0.20828794
v -0.32618678 -0.18470818 -0.20512381
v -0.32918778 -0.17684825 -0.20828794
v -0.32618678 -0.17684825 -0.20511325
v -0.32912147 -0.16898833 -0.20828794
v -0.32618678 -0.16898833 -0.20512044
v -0.32900634 -0.16112840 -0.20828794
v -0.32618678 -0.16112840 -0.20519942
v -0.32883057 -0.15326849 -0.20828794
v -0.32618678 -0.15326849 -0.20534851
v -0.32862699 -0.14540856 -0.20828794
v -0.32618678 -0.14540856 -0.20553535
v -0.32841334 -0.13754864 -0.20828794
v -0.32618678 -0.13754864 -0.20573409
v -0.32824206 -0.12968871 -0.20828794
v -0.32618678 -0.12968871 -0.20588419
v -0.32809159 -0.12182879 -0.20828794
v -0.32618678 -0.12182879 -0.20602979
v -0.32791829 -0.11396887 -0.20828794
v -0.32618678 -0.11396887 -0.20620608
v -0.32774290 -0.10610895 -0.20828794
v -0.32618678 -0.10610895 -0.20639491
v -0.32754916 -0.09824903 -0.20828794
v -0.32618678 -0.09824903 -0.20660114
v -0.32734725 -0.09038910 -0.20828794
v -0.32618678 -0.09038910 -0.20682205
v -0.32717323 -0.08252918 -0.20828794
v -0.32618678 -0.08252918 -0.20701227
v -0.32702738 -0.07466926 -0.20828794
v -0.32618678 -0.07466926 -0.20718072
v -0.32688725 -0.06680934 -0.20828794
v -0.32618678 -0.06680934 -0.20734407
v -0.32676047 -0.05894941 -0.20828794
v -0.32618678 -0.05894941 -0.20750754
v -0.32662824 -0.05108950 -0.20828794
v -0.32618678 -0.05108950 -0.20768192
v -0.32647118 -0.04322957 -0.20828794
v -0.32618678 -0.04322957 -0.20789534
v -0.32632619 -0.03536965 -0.20828794
v -0.32618678 -0.03536965 -0.20809509
v -0.32618743 -0.02750973 -0.20828794
v -0.32618678 -0.02750973 -0.20828705
v -0.32618678 -0.02746367 -0.20828794
v -0.32618678 -0.01964981 -0.20841363
v -0.32618678 -0.01178988 -0.20855749
v -0.32618678 -0.00392996 -0.20865841
v -0.32618678 0.00392996 -0.20878848
v -0.32618678 0.01178988 -0.20885684
v -0.32618678 0.01964981 -0.20886925
v -0.32618678 0.02750973 -0.20885971
v -0.32618678 0.03536965 -0.20877193
v -0.32618678 0.04322957 -0.20863563
v -0.32618678 0.05108950 -0.20851785
v -0.32618678 0.05894941 -0.20839971
v -0.32618678 0.06651083 -0.20828794
v -0.32618982 0.06680934 -0.20828794
v -0.32618678 0.06680934 -0.20828326
v -0.32627204 0.07466926 -0.20828794
v -0.32618678 0.07466926 -0.20815529
v -0.32637376 0.08252918 -0.20828794
v -0.32618678 0.08252918 -0.20799381
v -0.33398888 0.09038910 -0.21614785
v -0.32649463 0.09038910 -0.20828794
v -0.32618678 0.09038910 -0.20779741
v -0.33396310 0.09824903 -0.21614785
v -0.32659569 0.09824903 -0.20828794
v -0.32618678 0.09824903 -0.20762609
v -0.33397371 0.10610895 -0.21614785
v -0.32668024 0.10610895 -0.20828794
v -0.32618678 0.10610895 -0.20748721
v -0.33398864 0.11396887 -0.21614785
v -0.32677737 0.11396887 -0.20828794
v -0.32618678 0.11396887 -0.20732428
v -0.33403704 0.12182879 -0.21614785
v -0.32688549 0.12182879 -0.20828794
v -0.32618678 0.12182879 -0.20714827
v -0.32697317 0.12968871 -0.20828794
v -0.32618678 0.12968871 -0.20700382
v -0.32706559 0.13754864 -0.20828794
v -0.32618678 0.13754864 -0.20684785
v -0.32712740 0.14540856 -0.20828794
v -0.32618678 0.14540856 -0.20673943
v -0.32715192 0.15326849 -0.20828794
v -0.32618678 0.15326849 -0.20670716
v -0.32714599 0.16112840 -0.20828794
v -0.32618678 0.16112840 -0.20671597
v -0.32707945 0.16898833 -0.20828794
v -0.32618678 0.16898833 -0.20682350
v -0.33402589 0.17684825 -0.21614785
v -0.32698306 0.17684825 -0.20828794
v -0.32618678 0.17684825 -0.20697354
v -0.33372718 0.18470818 -0.21614785
v -0.32685682 0.18470818 -0.20828794
v -0.32618678 0.18470818 -0.20715949
v -0.33350453 0.19256809 -0.21614785
v -0.32672575 0.19256809 -0.20828794
v -0.32618678 0.19256809 -0.20736697
v -0.33355442 0.20042801 -0.21614785
v -0.32663107 0.20042801 -0.20828794
v -0.32618678 0.20042801 -0.20753290
v -0.33368397 0.20828794 -0.21614785
v -0.32666513 0.20828794 -0.20828794
v -0.32618678 0.20828794 -0.20747989
v -0.33380282 0.21614785 -0.21614785
v -0.32683459 0.21614785 -0.20828794
v -0.32618678 0.21614785 -0.20719181
v -0.33395562 0.22400779 -0.21614785
v -0.32700232 0.22400779 -0.20828794
v -0.32618678 0.22400779 -0.20690624
v -0.33404273 0.23186770 -0.21614785
v -0.32713521 0.23186770 -0.20828794
v -0.32618678 0.23186770 -0.20668180
v -0.32724789 0.23972763 -0.20828794
v -0.32618678 0.23972763 -0.20649956
v -0.32733613 0.24758755 -0.20828794
v -0.32618678 0.24758755 -0.20636182
v -0.32739666 0.25544748 -0.20828794
v -0.32618678 0.25544748 -0.20625724
v -0.32744467 0.26330739 -0.20828794
v -0.32618678 0.26330739 -0.20617053
v -0.32748833 0.27116731 -0.20828794
v -0.32618678 0.27116731 -0.20606822
v -0.32752398 0.27902722 -0.20828794
v -0.32618678 0.27902722 -0.20598637
v -0.33402625 0.28688717 -0.21614785
v -0.32755274 0.28688717 -0.20828794
v -0.32618678 0.28688717 -0.20592022
v -0.33399230 0.29474708 -0.21614785
v -0.32758248 0.29474708 -0.20828794
v -0.32618678 0.29474708 -0.20586894
v -0.33393514 0.30260700 -0.21614785
v -0.32758704 0.30260700 -0.20828794
v -0.32618678 0.30260700 -0.20586121
v -0.33391711 0.31046692 -0.21614785
v -0.32763797 0.31046692 -0.20828794
v -0.32618678 0.31046692 -0.20577912
v -0.33389750 0.31832686 -0.21614785
v -0.32768011 0.31832686 -0.20828794
v -0.32618678 0.31832686 -0.20568377
v -0.33389539 0.32618678 -0.21614785
v -0.32772204 0.32618678 -0.20828794
v -0.32618678 0.32618678 -0.20559226
v -0.33388737 0.33404669 -0.21614785
v -0.32776791 0.33404669 -0.20828794
v -0.32618678 0.33404669 -0.20550364
v -0.33388731 0.34190661 -0.21614785
v -0.32777455 0.34190661 -0.20828794
v -0.32618678 0.34190661 -0.20549230
v -0.33386871 0.34976652 -0.21614785
v -0.32777619 0.34976652 -0.20828794
v -0.32618678 0.34976652 -0.20548739
v -0.33387256 0.35762647 -0.21614785
v -0.32776791 0.35762647 -0.20828794
v -0.32618678 0.35762647 -0.20552613
v -0.33388010 0.36548638 -0.21614785
v -0.32774878 0.36548638 -0.20828794
v -0.32618678 0.36548638 -0.20555371
v -0.33384567 0.37334630 -0.21614785
v -0.32772964 0.37334630 -0.20828794
v -0.32618678 0.37334630 -0.20557782
v -0.33377859 0.38120621 -0.21614785
v -0.32768235 0.38120621 -0.20828794
v -0.32618678 0.38120621 -0.20567401
v -0.33375323 0.38906616 -0.21614785
v -0.32763040 0.38906616 -0.20828794
v -0.32618678 0.38906616 -0.20579052
v -0.33382511 0.39692608 -0.21614785
v -0.32761613 0.39692608 -0.20828794
v -0.32618678 0.39692608 -0.20584053
v -0.33383560 0.40478599 -0.21614785
v -0.32763723 0.40478599 -0.20828794
v -0.32618678 0.40478599 -0.20582134
v -0.33379021 0.41264591 -0.21614785
v -0.32766524 0.41264591 -0.20828794
v -0.32618678 0.41264591 -0.20576641
v -0.33376130 0.42050582 -0.21614785
v -0.32767609 0.42050582 -0.20828794
v -0.32618678 0.42050582 -0.20573241
v -0.33372846 0.42836577 -0.21614785
v -0.32766494 0.42836577 -0.20828794
v -0.32618678 0.42836577 -0.20574482
v -0.33370951 0.43622568 -0.21614785
v -0.32764995 0.43622568 -0.20828794
v -0.32618678 0.43622568 -0.20577684
v -0.33366448 0.44408560 -0.21614785
v -0.32764623 0.44408560 -0.20828794
v -0.32618678 0.44408560 -0.20580839
v -0.33362308 0.45194551 -0.21614785
v -0.32761398 0.45194551 -0.20828794
v -0.32618678 0.45194551 -0.20589684
v -0.33357444 0.45980546 -0.21614785
v -0.32757199 0.45980546 -0.20828794
v -0.32618678 0.45980546 -0.20598252
v -0.33354914 0.46766537 -0.21614785
v -0.32754567 0.46766537 -0.20828794
v -0.32618678 0.46766537 -0.20605575
v -0.33352175 0.47552529 -0.21614785
v -0.32749799 0.47552529 -0.20828794
v -0.32618678 0.47552529 -0.20616597
v -0.33353692 0.48338521 -0.21614785
v -0.32741171 0.48338521 -0.20828794
v -0.32618678 0.48338521 -0.20633604
v -0.33367372 0.49124515 -0.21614785
v -0.32732895 0.49124515 -0.20828794
v -0.32618678 0.49124515 -0.20651893
v -0.33378375 0.49910507 -0.21614785
v -0.32729790 0.49910507 -0.20828794
v -0.32618678 0.49910507 -0.20660295
v -0.33381504 0.50696498 -0.21614785
v -0.32727119 0.50696498 -0.20828794
v -0.32618678 0.50696498 -0.20665835
v -0.33382723 0.51482493 -0.21614785
v -0.32723713 0.51482493 -0.20828794
v -0.32618678 0.51482493 -0.20670417
v -0.33383808 0.52268481 -0.21614785
v -0.32716283 0.52268481 -0.20828794
v -0.32618678 0.52268481 -0.20680791
v -0.33393526 0.53054476 -0.21614785
v -0.32708409 0.53054476 -0.20828794
v -0.32618678 0.53054476 -0.20693474
v -0.33334047 0.53840464 -0.21614785
v -0.32694277 0.53840464 -0.20828794
v -0.32618678 0.53840464 -0.20715733
v -0.33167201 0.54626459 -0.21614785
v -0.32659405 0.54626459 -0.20828794
v -0.32618678 0.54626459 -0.20766339
v -0.33062848 0.55412453 -0.21614785
v -0.32618678 0.55412453 -0.20836553
v -0.32618678 0.55341524 -0.20828794
v -0.32992077 0.56198442 -0.21614785
v -0.32618678 0.56198442 -0.20949267
v -0.33325297 0.56984437 -0.22400779
v -0.32807866 0.56984437 -0.21614785
v -0.32618678 0.56984437 -0.21240331
v -0.32966092 0.57770425 -0.22400779
v -0.32618678 0.57770425 -0.21789517
v -0.32618678 0.57520187 -0.21614785
v -0.32618678 0.58285540 -0.21614785
v -0.32752013 0.58556420 -0.21614785
v -0.32618678 0.58556420 -0.21522354
v -0.32207656 -0.59342414 -0.21614785
v -0.31832686 -0.59342414 -0.21230239
v -0.31832686 -0.58986562 -0.20828794
v -0.32238644 -0.58556420 -0.20828794
v -0.31832686 -0.58556420 -0.20313767
v -0.31832686 -0.58221614 -0.20042801
v -0.32143077 -0.57770425 -0.20042801
v -0.31832686 -0.57770425 -0.19815271
v -0.32428002 -0.56984437 -0.20042801
v -0.31832686 -0.56984437 -0.19636697
v -0.32581612 -0.56198442 -0.20042801
v -0.31832686 -0.56198442 -0.19530191
v -0.31832686 -0.55412453 -0.19465499
v -0.32611284 -0.54626459 -0.20042801
v -0.31832686 -0.54626459 -0.19443323
v -0.32562393 -0.53840464 -0.20042801
v -0.31832686 -0.53840464 -0.19437291
v -0.32507715 -0.53054476 -0.20042801
v -0.31832686 -0.53054476 -0.19442028
v -0.32448301 -0.52268481 -0.20042801
v -0.31832686 -0.52268481 -0.19466014
v -0.32397354 -0.51482493 -0.20042801
v -0.31832686 -0.51482493 -0.19494073
v -0.32364574 -0.50696498 -0.20042801
v -0.31832686 -0.50696498 -0.19512650
v -0.32348913 -0.49910507 -0.20042801
v -0.31832686 -0.49910507 -0.19516398
v -0.32346857 -0.49124515 -0.20042801
v -0.31832686 -0.49124515 -0.19509652
v -0.32347551 -0.48338521 -0.20042801
v -0.31832686 -0.48338521 -0.19505112
v -0.32346812 -0.47552529 -0.20042801
v -0.31832686 -0.47552529 -0.19513556
v -0.32344097 -0.46766537 -0.20042801
v -0.31832686 -0.46766537 -0.19527569
v -0.32339922 -0.45980546 -0.20042801
v -0.31832686 -0.45980546 -0.19544025
v -0.32336625 -0.45194551 -0.20042801
v -0.31832686 -0.45194551 -0.19561049
v -0.32332626 -0.44408560 -0.20042801
v -0.31832686 -0.44408560 -0.19573571
v -0.32332289 -0.43622568 -0.20042801
v -0.31832686 -0.43622568 -0.19578788
v -0.32327929 -0.42836577 -0.20042801
v -0.31832686 -0.42836577 -0.19583128
v -0.32323930 -0.42050582 -0.20042801
v -0.31832686 -0.42050582 -0.19586816
v -0.32321057 -0.41264591 -0.20042801
v -0.31832686 -0.41264591 -0.19588280
v -0.32318681 -0.40478599 -0.20042801
v -0.31832686 -0.40478599 -0.19588190
v -0.32325190 -0.39692608 -0.20042801
v -0.31832686 -0.39692608 -0.19579513
v -0.32334813 -0.38906616 -0.20042801
v -0.31832686 -0.38906616 -0.19563706
v -0.32344109 -0.38120621 -0.20042801
v -0.31832686 -0.38120621 -0.19551617
v -0.32350963 -0.37334630 -0.20042801
v -0.31832686 -0.37334630 -0.19543880
v -0.32355329 -0.36548638 -0.20042801
v -0.31832686 -0.36548638 -0.19541764
v -0.32358873 -0.35762647 -0.20042801
v -0.31832686 -0.35762647 -0.19540541
v -0.32361847 -0.34976652 -0.20042801
v -0.31832686 -0.34976652 -0.19542208
v -0.32361665 -0.34190661 -0.20042801
v -0.31832686 -0.34190661 -0.19543689
v -0.32361415 -0.33404669 -0.20042801
v -0.31832686 -0.33404669 -0.19548534
v -0.32362428 -0.32618678 -0.20042801
v -0.31832686 -0.32618678 -0.19550705
v -0.32362008 -0.31832686 -0.20042801
v -0.31832686 -0.31832686 -0.19551173
v -0.32362872 -0.31046692 -0.20042801
v -0.31832686 -0.31046692 -0.19552378
v -0.32362884 -0.30260700 -0.20042801
v -0.31832686 -0.30260700 -0.19555365
v -0.32360509 -0.29474708 -0.20042801
v -0.31832686 -0.29474708 -0.19562471
v -0.32353258 -0.28688717 -0.20042801
v -0.31832686 -0.28688717 -0.19573379
v -0.32345435 -0.27902722 -0.20042801
v -0.31832686 -0.27902722 -0.19586158
v -0.32338226 -0.27116731 -0.20042801
v -0.31832686 -0.27116731 -0.19597760
v -0.32333243 -0.26330739 -0.20042801
v -0.31832686 -0.26330739 -0.19608074
v -0.32330593 -0.25544748 -0.20042801
v -0.31832686 -0.25544748 -0.19618233
v -0.32325748 -0.24758755 -0.20042801
v -0.31832686 -0.24758755 -0.19629177
v -0.32317561 -0.23972763 -0.20042801
v -0.31832686 -0.23972763 -0.19644660
v -0.32310331 -0.23186770 -0.20042801
v -0.31832686 -0.23186770 -0.19660084
v -0.32298917 -0.22400779 -0.20042801
v -0.31832686 -0.22400779 -0.19677120
v -0.32282308 -0.21614785 -0.20042801
v -0.31832686 -0.21614785 -0.19696100
v -0.32263160 -0.20828794 -0.20042801
v -0.31832686 -0.20828794 -0.19716926
v -0.32248816 -0.20042801 -0.20042801
v -0.31832686 -0.20042801 -0.19729681
v -0.32242161 -0.19256809 -0.20042801
v -0.31832686 -0.19256809 -0.19733171
v -0.32247299 -0.18470818 -0.20042801
v -0.31832686 -0.18470818 -0.19728974
v -0.32254830 -0.17684825 -0.20042801
v -0.31832686 -0.17684825 -0.19721855
v -0.32257968 -0.16898833 -0.20042801
v -0.31832686 -0.16898833 -0.19719414
v -0.32254434 -0.16112840 -0.20042801
v -0.31832686 -0.16112840 -0.19719367
v -0.32249686 -0.15326849 -0.20042801
v -0.31832686 -0.15326849 -0.19720320
v -0.32243928 -0.14540856 -0.20042801
v -0.31832686 -0.14540856 -0.19719805
v -0.32239714 -0.13754864 -0.20042801
v -0.31832686 -0.13754864 -0.19717802
v -0.32235208 -0.12968871 -0.20042801
v -0.31832686 -0.12968871 -0.19718845
v -0.32230213 -0.12182879 -0.20042801
v -0.31832686 -0.12182879 -0.19720338
v -0.32222396 -0.11396887 -0.20042801
v -0.31832686 -0.11396887 -0.19725280
v -0.32214120 -0.10610895 -0.20042801
v -0.31832686 -0.10610895 -0.19730455
v -0.32206091 -0.09824903 -0.20042801
v -0.31832686 -0.09824903 -0.19734561
v -0.32197165 -0.09038910 -0.20042801
v -0.31832686 -0.09038910 -0.19739635
v -0.32189023 -0.08252918 -0.20042801
v -0.31832686 -0.08252918 -0.19745225
v -0.32179508 -0.07466926 -0.20042801
v -0.31832686 -0.07466926 -0.19752163
v -0.32172066 -0.06680934 -0.20042801
v -0.31832686 -0.06680934 -0.19757517
v -0.32162914 -0.05894941 -0.20042801
v -0.31832686 -0.05894941 -0.19763364
v -0.32153913 -0.05108950 -0.20042801
v -0.31832686 -0.05108950 -0.19769384
v -0.32142448 -0.04322957 -0.20042801
v -0.31832686 -0.04322957 -0.19776730
v -0.32131466 -0.03536965 -0.20042801
v -0.31832686 -0.03536965 -0.19783813
v -0.32119769 -0.02750973 -0.20042801
v -0.31832686 -0.02750973 -0.19791086
v -0.32610479 -0.01964981 -0.20828794
v -0.32111079 -0.01964981 -0.20042801
v -0.31832686 -0.01964981 -0.19797023
v -0.32601324 -0.01178988 -0.20828794
v -0.32103300 -0.01178988 -0.20042801
v -0.31832686 -0.01178988 -0.19801785
v -0.32595387 -0.00392996 -0.20828794
v -0.32096717 -0.00392996 -0.20042801
v -0.31832686 -0.00392996 -0.19805083
v -0.32587704 0.00392996 -0.20828794
v -0.32092327 0.00392996 -0.20042801
v -0.31832686 0.00392996 -0.19806384
v -0.32584023 0.01178988 -0.20828794
v -0.32090336 0.01178988 -0.20042801
v -0.31832686 0.01178988 -0.19806407
v -0.32583728 0.01964981 -0.20828794
v -0.32089505 0.01964981 -0.20042801
v -0.31832686 0.01964981 -0.19805916
v -0.32584575 0.02750973 -0.20828794
v -0.32090673 0.02750973 -0.20042801
v -0.31832686 0.02750973 -0.19803445
v -0.32590002 0.03536965 -0.20828794
v -0.32093012 0.03536965 -0.20042801
v -0.31832686 0.03536965 -0.19801868
v -0.32598013 0.04322957 -0.20828794
v -0.32094347 0.04322957 -0.20042801
v -0.31832686 0.04322957 -0.19800776
v -0.32604945 0.05108950 -0.20828794
v -0.32098684 0.05108950 -0.20042801
v -0.31832686 0.05108950 -0.19797982
v -0.32611960 0.05894941 -0.20828794
v -0.32100028 0.05894941 -0.20042801
v -0.31832686 0.05894941 -0.19799218
v -0.32102713 0.06680934 -0.20042801
v -0.31832686 0.06680934 -0.19798936
v -0.32107073 0.07466926 -0.20042801
v -0.31832686 0.07466926 -0.19798797
v -0.32113779 0.08252918 -0.20042801
v -0.31832686 0.08252918 -0.19795518
v -0.32121068 0.09038910 -0.20042801
v -0.31832686 0.09038910 -0.19791734
v -0.32132050 0.09824903 -0.20042801
v -0.31832686 0.09824903 -0.19785617
v -0.32135954 0.10610895 -0.20042801
v -0.31832686 0.10610895 -0.19783999
v -0.32140282 0.11396887 -0.20042801
v -0.31832686 0.11396887 -0.19782978
v -0.32144955 0.12182879 -0.20042801
v -0.31832686 0.12182879 -0.19781816
v -0.32149908 0.12968871 -0.20042801
v -0.31832686 0.12968871 -0.19780371
v -0.32154080 0.13754864 -0.20042801
v -0.31832686 0.13754864 -0.19780803
v -0.32157794 0.14540856 -0.20042801
v -0.31832686 0.14540856 -0.19782379
v -0.32156774 0.15326849 -0.20042801
v -0.31832686 0.15326849 -0.19786482
v -0.32149756 0.16112840 -0.20042801
v -0.31832686 0.16112840 -0.19796237
v -0.32139125 0.16898833 -0.20042801
v -0.31832686 0.16898833 -0.19805454
v -0.32125291 0.17684825 -0.20042801
v -0.31832686 0.17684825 -0.19816583
v -0.32112134 0.18470818 -0.20042801
v -0.31832686 0.18470818 -0.19827774
v -0.32102233 0.19256809 -0.20042801
v -0.31832686 0.19256809 -0.19834262
v -0.32090661 0.20042801 -0.20042801
v -0.31832686 0.20042801 -0.19842574
v -0.32091022 0.20828794 -0.20042801
v -0.31832686 0.20828794 -0.19843534
v -0.32110605 0.21614785 -0.20042801
v -0.31832686 0.21614785 -0.19830118
v -0.32130316 0.22400779 -0.20042801
v -0.31832686 0.22400779 -0.19817196
v -0.32141471 0.23186770 -0.20042801
v -0.31832686 0.23186770 -0.19810395
v -0.32149979 0.23972763 -0.20042801
v -0.31832686 0.23972763 -0.19805838
v -0.32154915 0.24758755 -0.20042801
v -0.31832686 0.24758755 -0.19805509
v -0.32158670 0.25544748 -0.20042801
v -0.31832686 0.25544748 -0.19805557
v -0.32162452 0.26330739 -0.20042801
v -0.31832686 0.26330739 -0.19803788
v -0.32168198 0.27116731 -0.20042801
v -0.31832686 0.27116731 -0.19801478
v -0.32173613 0.27902722 -0.20042801
v -0.31832686 0.27902722 -0.19798246
v -0.32177427 0.28688717 -0.20042801
v -0.31832686 0.28688717 -0.19796813
v -0.32179195 0.29474708 -0.20042801
v -0.31832686 0.29474708 -0.19796471
v -0.32178572 0.30260700 -0.20042801
v -0.31832686 0.30260700 -0.19797035
v -0.32179734 0.31046692 -0.20042801
v -0.31832686 0.31046692 -0.19797347
v -0.32184225 0.31832686 -0.20042801
v -0.31832686 0.31832686 -0.19796039
v -0.32190284 0.32618678 -0.20042801
v -0.31832686 0.32618678 -0.19792297
v -0.32195050 0.33404669 -0.20042801
v -0.31832686 0.33404669 -0.19789468
v -0.32201731 0.34190661 -0.20042801
v -0.31832686 0.34190661 -0.19784322
v -0.32201695 0.34976652 -0.20042801
v -0.31832686 0.34976652 -0.19784880
v -0.32198721 0.35762647 -0.20042801
v -0.31832686 0.35762647 -0.19783495
v -0.32195914 0.36548638 -0.20042801
v -0.31832686 0.36548638 -0.19784088
v -0.32191086 0.37334630 -0.20042801
v -0.31832686 0.37334630 -0.19785738
v -0.32181844 0.38120621 -0.20042801
v -0.31832686 0.38120621 -0.19789575
v -0.32169881 0.38906616 -0.20042801
v -0.31832686 0.38906616 -0.19796795
v -0.32164750 0.39692608 -0.20042801
v -0.31832686 0.39692608 -0.19798294
v -0.32165289 0.40478599 -0.20042801
v -0.31832686 0.40478599 -0.19796519
v -0.32171243 0.41264591 -0.20042801
v -0.31832686 0.41264591 -0.19792280
v -0.32175568 0.42050582 -0.20042801
v -0.31832686 0.42050582 -0.19789785
v -0.32178733 0.42836577 -0.20042801
v -0.31832686 0.42836577 -0.19786397
v -0.32179722 0.43622568 -0.20042801
v -0.31832686 0.43622568 -0.19784604
v -0.32175046 0.44408560 -0.20042801
v -0.31832686 0.44408560 -0.19786912
v -0.32165787 0.45194551 -0.20042801
v -0.31832686 0.45194551 -0.19790846
v -0.32158411 0.45980546 -0.20042801
v -0.31832686 0.45980546 -0.19794948
v -0.32149601 0.46766537 -0.20042801
v -0.31832686 0.46766537 -0.19797899
v -0.32141992 0.47552529 -0.20042801
v -0.31832686 0.47552529 -0.19799075
v -0.32127994 0.48338521 -0.20042801
v -0.31832686 0.48338521 -0.19805880
v -0.32110059 0.49124515 -0.20042801
v -0.31832686 0.49124515 -0.19817004
v -0.32097641 0.49910507 -0.20042801
v -0.31832686 0.49910507 -0.19826755
v -0.32091451 0.50696498 -0.20042801
v -0.31832686 0.50696498 -0.19830994
v -0.32090074 0.51482493 -0.20042801
v -0.31832686 0.51482493 -0.19830880
v -0.32083118 0.52268481 -0.20042801
v -0.31832686 0.52268481 -0.19834407
v -0.32072639 0.53054476 -0.20042801
v -0.31832686 0.53054476 -0.19841146
v -0.32048091 0.53840464 -0.20042801
v -0.31832686 0.53840464 -0.19860689
v -0.32011098 0.54626459 -0.20042801
v -0.31832686 0.54626459 -0.19889048
v -0.32614240 0.55412453 -0.20828794
v -0.31969091 0.55412453 -0.20042801
v -0.31832686 0.55412453 -0.19923252
v -0.32551023 0.56198442 -0.20828794
v -0.31914616 0.56198442 -0.20042801
v -0.31832686 0.56198442 -0.19969936
v -0.32404014 0.56984437 -0.20828794
v -0.31832686 0.56984437 -0.20079501
v -0.31832686 0.56761706 -0.20042801
v -0.32527024 0.57770425 -0.21614785
v -0.32101479 0.57770425 -0.20828794
v -0.31832686 0.57770425 -0.20434551
v -0.32058069 0.58556420 -0.20828794
v -0.31832686 0.58556420 -0.20651479
v -0.31832686 0.59342414 -0.19926515
v -0.31625196 -0.60128403 -0.20828794
v -0.31046692 -0.60128403 -0.20699297
v -0.31431419 -0.59342414 -0.20828794
v -0.31046692 -0.59342414 -0.20480700
v -0.31046692 -0.58871704 -0.20042801
v -0.31486487 -0.58556420 -0.20042801
v -0.31046692 -0.58556420 -0.19821495
v -0.31046692 -0.57770425 -0.19481504
v -0.31046692 -0.56984437 -0.19351089
v -0.31046692 -0.56270862 -0.19256809
v -0.31074905 -0.56198442 -0.19256809
v -0.31046692 -0.56198442 -0.19246675
v -0.31303415 -0.55412453 -0.19256809
v -0.31046692 -0.55412453 -0.19161391
v -0.31410053 -0.54626459 -0.19256809
v -0.31046692 -0.54626459 -0.19110689
v -0.31459028 -0.53840464 -0.19256809
v -0.31046692 -0.53840464 -0.19080339
v -0.31476125 -0.53054476 -0.19256809
v -0.31046692 -0.53054476 -0.19064833
v -0.31453452 -0.52268481 -0.19256809
v -0.31046692 -0.52268481 -0.19066691
v -0.31421345 -0.51482493 -0.19256809
v -0.31046692 -0.51482493 -0.19074482
v -0.31399980 -0.50696498 -0.19256809
v -0.31046692 -0.50696498 -0.19080262
v -0.31402329 -0.49910507 -0.19256809
v -0.31046692 -0.49910507 -0.19076610
v -0.31415540 -0.49124515 -0.19256809
v -0.31046692 -0.49124515 -0.19070308
v -0.31424183 -0.48338521 -0.19256809
v -0.31046692 -0.48338521 -0.19067112
v -0.31412092 -0.47552529 -0.19256809
v -0.31046692 -0.47552529 -0.19071567
v -0.31389222 -0.46766537 -0.19256809
v -0.31046692 -0.46766537 -0.19081467
v -0.31361505 -0.45980546 -0.19256809
v -0.31046692 -0.45980546 -0.19093965
v -0.31334898 -0.45194551 -0.19256809
v -0.31046692 -0.45194551 -0.19105430
v -0.31316715 -0.44408560 -0.19256809
v -0.31046692 -0.44408560 -0.19113028
v -0.31309089 -0.43622568 -0.19256809
v -0.31046692 -0.43622568 -0.19116530
v -0.31303692 -0.42836577 -0.19256809
v -0.31046692 -0.42836577 -0.19118989
v -0.31301382 -0.42050582 -0.19256809
v -0.31046692 -0.42050582 -0.19119756
v -0.31296897 -0.41264591 -0.19256809
v -0.31046692 -0.41264591 -0.19122052
v -0.31294557 -0.40478599 -0.19256809
v -0.31046692 -0.40478599 -0.19124134
v -0.31309476 -0.39692608 -0.19256809
v -0.31046692 -0.39692608 -0.19116734
v -0.31332001 -0.38906616 -0.19256809
v -0.31046692 -0.38906616 -0.19106875
v -0.31347862 -0.38120621 -0.19256809
v -0.31046692 -0.38120621 -0.19100027
v -0.31358883 -0.37334630 -0.19256809
v -0.31046692 -0.37334630 -0.19095385
v -0.31358951 -0.36548638 -0.19256809
v -0.31046692 -0.36548638 -0.19096465
v -0.31358591 -0.35762647 -0.19256809
v -0.31046692 -0.35762647 -0.19097047
v -0.31353006 -0.34976652 -0.19256809
v -0.31046692 -0.34976652 -0.19100106
v -0.31347531 -0.34190661 -0.19256809
v -0.31046692 -0.34190661 -0.19103572
v -0.31337157 -0.33404669 -0.19256809
v -0.31046692 -0.33404669 -0.19108422
v -0.31326550 -0.32618678 -0.19256809
v -0.31046692 -0.32618678 -0.19115439
v -0.31318167 -0.31832686 -0.19256809
v -0.31046692 -0.31832686 -0.19120896
v -0.31309664 -0.31046692 -0.19256809
v -0.31046692 -0.31046692 -0.19126172
v -0.31299201 -0.30260700 -0.19256809
v -0.31046692 -0.30260700 -0.19131726
v -0.31282493 -0.29474708 -0.19256809
v -0.31046692 -0.29474708 -0.19139905
v -0.31258500 -0.28688717 -0.19256809
v -0.31046692 -0.28688717 -0.19151832
v -0.31235418 -0.27902722 -0.19256809
v -0.31046692 -0.27902722 -0.19162302
v -0.31208727 -0.27116731 -0.19256809
v -0.31046692 -0.27116731 -0.19175303
v -0.31187949 -0.26330739 -0.19256809
v -0.31046692 -0.26330739 -0.19185419
v -0.31165972 -0.25544748 -0.19256809
v -0.31046692 -0.25544748 -0.19196135
v -0.31137386 -0.24758755 -0.19256809
v -0.31046692 -0.24758755 -0.19210671
v -0.31108350 -0.23972763 -0.19256809
v -0.31046692 -0.23972763 -0.19224896
v -0.31073648 -0.23186770 -0.19256809
v -0.31046692 -0.23186770 -0.19242705
v -0.31046692 -0.22575077 -0.19256809
v -0.31046692 -0.22400779 -0.19260755
v -0.31046692 -0.21614785 -0.19278266
v -0.31046692 -0.20828794 -0.19294846
v -0.31046692 -0.20042801 -0.19304879
v -0.31046692 -0.19256809 -0.19308171
v -0.31046692 -0.18470818 -0.19303170
v -0.31046692 -0.17684825 -0.19295236
v -0.31046692 -0.16898833 -0.19288550
v -0.31046692 -0.16112840 -0.19283926
v -0.31046692 -0.15326849 -0.19283123
v -0.31046692 -0.14540856 -0.19278055
v -0.31046692 -0.13754864 -0.19276190
v -0.31046692 -0.12968871 -0.19274601
v -0.31046692 -0.12182879 -0.19274758
v -0.31046692 -0.11396887 -0.19279172
v -0.31046692 -0.10610895 -0.19281216
v -0.31046692 -0.09824903 -0.19285096
v -0.31046692 -0.09038910 -0.19287609
v -0.31046692 -0.08252918 -0.19290912
v -0.31046692 -0.07466926 -0.19296837
v -0.31046692 -0.06680934 -0.19300267
v -0.31046692 -0.05894941 -0.19302648
v -0.31046692 -0.05108950 -0.19304141
v -0.31046692 -0.04322957 -0.19307667
v -0.31046692 -0.03536965 -0.19313256
v -0.31046692 -0.02750973 -0.19318263
v -0.31046692 -0.01964981 -0.19320349
v -0.31046692 -0.01178988 -0.19326280
v -0.31046692 -0.00392996 -0.19328241
v -0.31046692 0.00392996 -0.19330293
v -0.31046692 0.01178988 -0.19334424
v -0.31046692 0.01964981 -0.19334699
v -0.31046692 0.02750973 -0.19337249
v -0.31046692 0.03536965 -0.19341038
v -0.31046692 0.04322957 -0.19345529
v -0.31046692 0.05108950 -0.19349584
v -0.31046692 0.05894941 -0.19357163
v -0.31046692 0.06680934 -0.19363286
v -0.31046692 0.07466926 -0.19370481
v -0.31046692 0.08252918 -0.19374931
v -0.31046692 0.09038910 -0.19379140
v -0.31046692 0.09824903 -0.19382787
v -0.31046692 0.10610895 -0.19386828
v -0.31046692 0.11396887 -0.19390661
v -0.31046692 0.12182879 -0.19395487
v -0.31046692 0.12968871 -0.19399433
v -0.31046692 0.13754864 -0.19402353
v -0.31046692 0.14540856 -0.19407295
v -0.31046692 0.15326849 -0.19416679
v -0.31046692 0.16112840 -0.19425794
v -0.31046692 0.16898833 -0.19436648
v -0.31046692 0.17684825 -0.19451004
v -0.31046692 0.18470818 -0.19462249
v -0.31046692 0.19256809 -0.19469504
v -0.31046692 0.20042801 -0.19480239
v -0.31046692 0.20828794 -0.19482853
v -0.31046692 0.21614785 -0.19471776
v -0.31046692 0.22400779 -0.19459358
v -0.31046692 0.23186770 -0.19451647
v -0.31046692 0.23972763 -0.19447173
v -0.31046692 0.24758755 -0.19445980
v -0.31046692 0.25544748 -0.19444895
v -0.31046692 0.26330739 -0.19443293
v -0.31046692 0.27116731 -0.19440457
v -0.31046692 0.27902722 -0.19435005
v -0.31046692 0.28688717 -0.19431257
v -0.31046692 0.29474708 -0.19430131
v -0.31046692 0.30260700 -0.19429524
v -0.31046692 0.31046692 -0.19425441
v -0.31046692 0.31832686 -0.19422808
v -0.31046692 0.32618678 -0.19416021
v -0.31046692 0.33404669 -0.19411492
v -0.31046692 0.34190661 -0.19409592
v -0.31046692 0.34976652 -0.19408782
v -0.31046692 0.35762647 -0.19407362
v -0.31046692 0.36548638 -0.19406551
v -0.31046692 0.37334630 -0.19404987
v -0.31046692 0.38120621 -0.19405010
v -0.31046692 0.38906616 -0.19408908
v -0.31046692 0.39692608 -0.19409412
v -0.31046692 0.40478599 -0.19402954
v -0.31046692 0.41264591 -0.19394751
v -0.31046692 0.42050582 -0.19387668
v -0.31046692 0.42836577 -0.19381113
v -0.31046692 0.43622568 -0.19378968
v -0.31046692 0.44408560 -0.19377738
v -0.31046692 0.45194551 -0.19376928
v -0.31046692 0.45980546 -0.19377647
v -0.31046692 0.46766537 -0.19372617
v -0.31046692 0.47552529 -0.19370063
v -0.31046692 0.48338521 -0.19368821
v -0.31046692 0.49124515 -0.19374542
v -0.31046692 0.49910507 -0.19380166
v -0.31046692 0.50696498 -0.19379693
v -0.31046692 0.51482493 -0.19377241
v -0.31046692 0.52268481 -0.19374572
v -0.31046692 0.53054476 -0.19381492
v -0.31046692 0.53840464 -0.19402336
v -0.31046692 0.54626459 -0.19434963
v -0.31046692 0.55412453 -0.19471729
v -0.31046692 0.56198442 -0.19516321
v -0.31787679 0.56984437 -0.20042801
v -0.31046692 0.56984437 -0.19609298
v -0.31409177 0.57770425 -0.20042801
v -0.31046692 0.57770425 -0.19828397
v -0.31046692 0.58335429 -0.20042801
v -0.31046692 0.58556420 -0.20124698
v -0.31046692 0.58867061 -0.20042801
v -0.31046692 0.59342414 -0.19896021
v -0.30260700 -0.60128403 -0.20556024
v -0.30260700 -0.59342414 -0.20070344
v -0.30260700 -0.59307098 -0.20042801
v -0.30260700 -0.58556420 -0.19531725
v -0.30260700 -0.57770425 -0.19258626
v -0.30260700 -0.57759726 -0.19256809
v -0.30717009 -0.56984437 -0.19256809
v -0.30260700 -0.56984437 -0.19122851
v -0.30260700 -0.56198442 -0.19011043
v -0.30260700 -0.55412453 -0.18932673
v -0.30260700 -0.54626459 -0.18881875
v -0.30260700 -0.53840464 -0.18850812
v -0.30260700 -0.53054476 -0.18832523
v -0.30260700 -0.52268481 -0.18827318
v -0.30260700 -0.51482493 -0.18828307
v -0.30260700 -0.50696498 -0.18825267
v -0.30260700 -0.49910507 -0.18818250
v -0.30260700 -0.49124515 -0.18810394
v -0.30260700 -0.48338521 -0.18806688
v -0.30260700 -0.47552529 -0.18807727
v -0.30260700 -0.46766537 -0.18810329
v -0.30260700 -0.45980546 -0.18814905
v -0.30260700 -0.45194551 -0.18818286
v -0.30260700 -0.44408560 -0.18823239
v -0.30260700 -0.43622568 -0.18826988
v -0.30260700 -0.42836577 -0.18830381
v -0.30260700 -0.42050582 -0.18832979
v -0.30260700 -0.41264591 -0.18836996
v -0.30260700 -0.40478599 -0.18838255
v -0.30260700 -0.39692608 -0.18835144
v -0.30260700 -0.38906616 -0.18832055
v -0.30260700 -0.38120621 -0.18828301
v -0.30260700 -0.37334630 -0.18826610
v -0.30260700 -0.36548638 -0.18826316
v -0.30260700 -0.35762647 -0.18830328
v -0.30260700 -0.34976652 -0.18832709
v -0.30260700 -0.34190661 -0.18838273
v -0.30260700 -0.33404669 -0.18844420
v -0.30260700 -0.32618678 -0.18850650
v -0.30260700 -0.31832686 -0.18855371
v -0.30260700 -0.31046692 -0.18860425
v -0.30260700 -0.30260700 -0.18865108
v -0.30260700 -0.29474708 -0.18870698
v -0.30260700 -0.28688717 -0.18878798
v -0.30260700 -0.27902722 -0.18888627
v -0.30260700 -0.27116731 -0.18896297
v -0.30260700 -0.26330739 -0.18905538
v -0.30260700 -0.25544748 -0.18914616
v -0.30260700 -0.24758755 -0.18924296
v -0.30260700 -0.23972763 -0.18936972
v -0.30260700 -0.23186770 -0.18947856
v -0.31036744 -0.22400779 -0.19256809
v -0.30260700 -0.22400779 -0.18960120
v -0.30992952 -0.21614785 -0.19256809
v -0.30260700 -0.21614785 -0.18973756
v -0.30951941 -0.20828794 -0.19256809
v -0.30260700 -0.20828794 -0.18987009
v -0.30928192 -0.20042801 -0.19256809
v -0.30260700 -0.20042801 -0.18993443
v -0.30919778 -0.19256809 -0.19256809
v -0.30260700 -0.19256809 -0.18996854
v -0.30932593 -0.18470818 -0.19256809
v -0.30260700 -0.18470818 -0.18991020
v -0.30952376 -0.17684825 -0.19256809
v -0.30260700 -0.17684825 -0.18982522
v -0.30969179 -0.16898833 -0.19256809
v -0.30260700 -0.16898833 -0.18976197
v -0.30980292 -0.16112840 -0.19256809
v -0.30260700 -0.16112840 -0.18974194
v -0.30982515 -0.15326849 -0.19256809
v -0.30260700 -0.15326849 -0.18972316
v -0.30994505 -0.14540856 -0.19256809
v -0.30260700 -0.14540856 -0.18970811
v -0.30999115 -0.13754864 -0.19256809
v -0.30260700 -0.13754864 -0.18969636
v -0.31002995 -0.12968871 -0.19256809
v -0.30260700 -0.12968871 -0.18968719
v -0.31002244 -0.12182879 -0.19256809
v -0.30260700 -0.12182879 -0.18970847
v -0.30991924 -0.11396887 -0.19256809
v -0.30260700 -0.11396887 -0.18971890
v -0.30986816 -0.10610895 -0.19256809
v -0.30260700 -0.10610895 -0.18975711
v -0.30977467 -0.09824903 -0.19256809
v -0.30260700 -0.09824903 -0.18978810
v -0.30971441 -0.09038910 -0.19256809
v -0.30260700 -0.09038910 -0.18981366
v -0.30963591 -0.08252918 -0.19256809
v -0.30260700 -0.08252918 -0.18982625
v -0.30949703 -0.07466926 -0.19256809
v -0.30260700 -0.07466926 -0.18985558
v -0.30941716 -0.06680934 -0.19256809
v -0.30260700 -0.06680934 -0.18987291
v -0.30936527 -0.05894941 -0.19256809
v -0.30260700 -0.05894941 -0.18988226
v -0.30933398 -0.05108950 -0.19256809
v -0.30260700 -0.05108950 -0.18988766
v -0.30925193 -0.04322957 -0.19256809
v -0.30260700 -0.04322957 -0.18990906
v -0.30912146 -0.03536965 -0.19256809
v -0.30260700 -0.03536965 -0.18994810
v -0.30900556 -0.02750973 -0.19256809
v -0.30260700 -0.02750973 -0.18997929
v -0.30896729 -0.01964981 -0.19256809
v -0.30260700 -0.01964981 -0.18998618
v -0.30884123 -0.01178988 -0.19256809
v -0.30260700 -0.01178988 -0.19000806
v -0.30879423 -0.00392996 -0.19256809
v -0.30260700 -0.00392996 -0.19002594
v -0.30875033 0.00392996 -0.19256809
v -0.30260700 0.00392996 -0.19003715
v -0.30867189 0.01178988 -0.19256809
v -0.30260700 0.01178988 -0.19003865
v -0.30867022 0.01964981 -0.19256809
v -0.30260700 0.01964981 -0.19003895
v -0.30862698 0.02750973 -0.19256809
v -0.30260700 0.02750973 -0.19004051
v -0.30855292 0.03536965 -0.19256809
v -0.30260700 0.03536965 -0.19004884
v -0.30846086 0.04322957 -0.19256809
v -0.30260700 0.04322957 -0.19007787
v -0.30836576 0.05108950 -0.19256809
v -0.30260700 0.05108950 -0.19011523
v -0.30820408 0.05894941 -0.19256809
v -0.30260700 0.05894941 -0.19015649
v -0.30805892 0.06680934 -0.19256809
v -0.30260700 0.06680934 -0.19021219
v -0.30791637 0.07466926 -0.19256809
v -0.30260700 0.07466926 -0.19024001
v -0.30779475 0.08252918 -0.19256809
v -0.30260700 0.08252918 -0.19029087
v -0.30770776 0.09038910 -0.19256809
v -0.30260700 0.09038910 -0.19031437
v -0.30761066 0.09824903 -0.19256809
v -0.30260700 0.09824903 -0.19035503
v -0.30752444 0.10610895 -0.19256809
v -0.30260700 0.10610895 -0.19038412
v -0.30743238 0.11396887 -0.19256809
v -0.30260700 0.11396887 -0.19040853
v -0.30733511 0.12182879 -0.19256809
v -0.30260700 0.12182879 -0.19043976
v -0.30724007 0.12968871 -0.19256809
v -0.30260700 0.12968871 -0.19046633
v -0.30716422 0.13754864 -0.19256809
v -0.30260700 0.13754864 -0.19049679
v -0.30704218 0.14540856 -0.19256809
v -0.30260700 0.14540856 -0.19055147
v -0.30681473 0.15326849 -0.19256809
v -0.30260700 0.15326849 -0.19063447
v -0.30662027 0.16112840 -0.19256809
v -0.30260700 0.16112840 -0.19072203
v -0.30638140 0.16898833 -0.19256809
v -0.30260700 0.16898833 -0.19083308
v -0.30608788 0.17684825 -0.19256809
v -0.30260700 0.17684825 -0.19096866
v -0.30583212 0.18470818 -0.19256809
v -0.30260700 0.18470818 -0.19109225
v -0.30565995 0.19256809 -0.19256809
v -0.30260700 0.19256809 -0.19118269
v -0.30543089 0.20042801 -0.19256809
v -0.30260700 0.20042801 -0.19129117
v -0.30539095 0.20828794 -0.19256809
v -0.30260700 0.20828794 -0.19130717
v -0.30559093 0.21614785 -0.19256809
v -0.30260700 0.21614785 -0.19122131
v -0.30583349 0.22400779 -0.19256809
v -0.30260700 0.22400779 -0.19111757
v -0.30597994 0.23186770 -0.19256809
v -0.30260700 0.23186770 -0.19106737
v -0.30607000 0.23972763 -0.19256809
v -0.30260700 0.23972763 -0.19103362
v -0.30610418 0.24758755 -0.19256809
v -0.30260700 0.24758755 -0.19101766
v -0.30612007 0.25544748 -0.19256809
v -0.30260700 0.25544748 -0.19102085
v -0.30614957 0.26330739 -0.19256809
v -0.30260700 0.26330739 -0.19101341
v -0.30621278 0.27116731 -0.19256809
v -0.30260700 0.27116731 -0.19099200
v -0.30632949 0.27902722 -0.19256809
v -0.30260700 0.27902722 -0.19095668
v -0.30642691 0.28688717 -0.19256809
v -0.30260700 0.28688717 -0.19091584
v -0.30647093 0.29474708 -0.19256809
v -0.30260700 0.29474708 -0.19088249
v -0.30652526 0.30260700 -0.19256809
v -0.30260700 0.30260700 -0.19083722
v -0.30665293 0.31046692 -0.19256809
v -0.30260700 0.31046692 -0.19076665
v -0.30674416 0.31832686 -0.19256809
v -0.30260700 0.31832686 -0.19069906
v -0.30690169 0.32618678 -0.19256809
v -0.30260700 0.32618678 -0.19063033
v -0.30701521 0.33404669 -0.19256809
v -0.30260700 0.33404669 -0.19056623
v -0.30706388 0.34190661 -0.19256809
v -0.30260700 0.34190661 -0.19053428
v -0.30704877 0.34976652 -0.19256809
v -0.30260700 0.34976652 -0.19053949
v -0.30709010 0.35762647 -0.19256809
v -0.30260700 0.35762647 -0.19051598
v -0.30711481 0.36548638 -0.19256809
v -0.30260700 0.36548638 -0.19050069
v -0.30715623 0.37334630 -0.19256809
v -0.30260700 0.37334630 -0.19047874
v -0.30715060 0.38120621 -0.19256809
v -0.30260700 0.38120621 -0.19048731
v -0.30707264 0.38906616 -0.19256809
v -0.30260700 0.38906616 -0.19051257
v -0.30703864 0.39692608 -0.19256809
v -0.30260700 0.39692608 -0.19053601
v -0.30720678 0.40478599 -0.19256809
v -0.30260700 0.40478599 -0.19045265
v -0.30740988 0.41264591 -0.19256809
v -0.30260700 0.41264591 -0.19034538
v -0.30760029 0.42050582 -0.19256809
v -0.30260700 0.42050582 -0.19024794
v -0.30774644 0.42836577 -0.19256809
v -0.30260700 0.42836577 -0.19018082
v -0.30779019 0.43622568 -0.19256809
v -0.30260700 0.43622568 -0.19015132
v -0.30781174 0.44408560 -0.19256809
v -0.30260700 0.44408560 -0.19014503
v -0.30782548 0.45194551 -0.19256809
v -0.30260700 0.45194551 -0.19014077
v -0.30782253 0.45980546 -0.19256809
v -0.30260700 0.45980546 -0.19013220
v -0.30791655 0.46766537 -0.19256809
v -0.30260700 0.46766537 -0.19011535
v -0.30797994 0.47552529 -0.19256809
v -0.30260700 0.47552529 -0.19008537
v -0.30799589 0.48338521 -0.19256809
v -0.30260700 0.48338521 -0.19009621
v -0.30784693 0.49124515 -0.19256809
v -0.30260700 0.49124515 -0.19018635
v -0.30769709 0.49910507 -0.19256809
v -0.30260700 0.49910507 -0.19026712
v -0.30771908 0.50696498 -0.19256809
v -0.30260700 0.50696498 -0.19025609
v -0.30776981 0.51482493 -0.19256809
v -0.30260700 0.51482493 -0.19025482
v -0.30778444 0.52268481 -0.19256809
v -0.30260700 0.52268481 -0.19030730
v -0.30756280 0.53054476 -0.19256809
v -0.30260700 0.53054476 -0.19047083
v -0.30692676 0.53840464 -0.19256809
v -0.30260700 0.53840464 -0.19081162
v -0.30587626 0.54626459 -0.19256809
v -0.30260700 0.54626459 -0.19130148
v -0.30455202 0.55412453 -0.19256809
v -0.30260700 0.55412453 -0.19185509
v -0.30294424 0.56198442 -0.19256809
v -0.30260700 0.56198442 -0.19245182
v -0.30260700 0.56303096 -0.19256809
v -0.30260700 0.56984437 -0.19329891
v -0.30260700 0.57770425 -0.19504021
v -0.30816111 0.58556420 -0.20042801
v -0.30260700 0.58556420 -0.19845021
v -0.30260700 0.59342414 -0.19820620
v -0.29474708 -0.60128403 -0.20419511
v -0.29474708 -0.59586918 -0.20042801
v -0.30165917 -0.59342414 -0.20042801
v -0.29474708 -0.59342414 -0.19853601
v -0.29474708 -0.58556420 -0.19350716
v -0.29474708 -0.58271289 -0.19256809
v -0.30251825 -0.57770425 -0.19256809
v -0.29474708 -0.57770425 -0.19099271
v -0.29474708 -0.56984437 -0.18959016
v -0.29474708 -0.56198442 -0.18855448
v -0.29474708 -0.55412453 -0.18786997
v -0.29474708 -0.54626459 -0.18746454
v -0.29474708 -0.53840464 -0.18724199
v -0.29474708 -0.53054476 -0.18711576
v -0.29474708 -0.52268481 -0.18705885
v -0.29474708 -0.51482493 -0.18703343
v -0.29474708 -0.50696498 -0.18699758
v -0.29474708 -0.49910507 -0.18691595
v -0.29474708 -0.49124515 -0.18684238
v -0.29474708 -0.48338521 -0.18680124
v -0.29474708 -0.47552529 -0.18678536
v -0.29474708 -0.46766537 -0.18676274
v -0.29474708 -0.45980546 -0.18676376
v -0.29474708 -0.45194551 -0.18676586
v -0.29474708 -0.44408560 -0.18677846
v -0.29474708 -0.43622568 -0.18679686
v -0.29474708 -0.42836577 -0.18682402
v -0.29474708 -0.42050582 -0.18685575
v -0.29474708 -0.41264591 -0.18687379
v -0.29474708 -0.40478599 -0.18687308
v -0.29474708 -0.39692608 -0.18685755
v -0.29474708 -0.38906616 -0.18682247
v -0.29474708 -0.38120621 -0.18679105
v -0.29474708 -0.37334630 -0.18677534
v -0.29474708 -0.36548638 -0.18677197
v -0.29474708 -0.35762647 -0.18678907
v -0.29474708 -0.34976652 -0.18682985
v -0.29474708 -0.34190661 -0.18687332
v -0.29474708 -0.33404669 -0.18693328
v -0.29474708 -0.32618678 -0.18697587
v -0.29474708 -0.31832686 -0.18702155
v -0.29474708 -0.31046692 -0.18705526
v -0.29474708 -0.30260700 -0.18709160
v -0.29474708 -0.29474708 -0.18713507
v -0.29474708 -0.28688717 -0.18719025
v -0.29474708 -0.27902722 -0.18724529
v -0.29474708 -0.27116731 -0.18730310
v -0.29474708 -0.26330739 -0.18736115
v -0.29474708 -0.25544748 -0.18744126
v -0.29474708 -0.24758755 -0.18751712
v -0.29474708 -0.23972763 -0.18760353
v -0.29474708 -0.23186770 -0.18768790
v -0.29474708 -0.22400779 -0.18775100
v -0.29474708 -0.21614785 -0.18784657
v -0.29474708 -0.20828794 -0.18791482
v -0.29474708 -0.20042801 -0.18796542
v -0.29474708 -0.19256809 -0.18796927
v -0.29474708 -0.18470818 -0.18793023
v -0.29474708 -0.17684825 -0.18786043
v -0.29474708 -0.16898833 -0.18779615
v -0.29474708 -0.16112840 -0.18778583
v -0.29474708 -0.15326849 -0.18777677
v -0.29474708 -0.14540856 -0.18778001
v -0.29474708 -0.13754864 -0.18777485
v -0.29474708 -0.12968871 -0.18779063
v -0.29474708 -0.12182879 -0.18781239
v -0.29474708 -0.11396887 -0.18784040
v -0.29474708 -0.10610895 -0.18787554
v -0.29474708 -0.09824903 -0.18789485
v -0.29474708 -0.09038910 -0.18791625
v -0.29474708 -0.08252918 -0.18793082
v -0.29474708 -0.07466926 -0.18792945
v -0.29474708 -0.06680934 -0.18792759
v -0.29474708 -0.05894941 -0.18794000
v -0.29474708 -0.05108950 -0.18794252
v -0.29474708 -0.04322957 -0.18795907
v -0.29474708 -0.03536965 -0.18796717
v -0.29474708 -0.02750973 -0.18797544
v -0.29474708 -0.01964981 -0.18798852
v -0.29474708 -0.01178988 -0.18799247
v -0.29474708 -0.00392996 -0.18797970
v -0.29474708 0.00392996 -0.18796334
v -0.29474708 0.01178988 -0.18793467
v -0.29474708 0.01964981 -0.18789071
v -0.29474708 0.02750973 -0.18787386
v -0.29474708 0.03536965 -0.18785448
v -0.29474708 0.04322957 -0.18785803
v -0.29474708 0.05108950 -0.18785448
v -0.29474708 0.05894941 -0.18787560
v -0.29474708 0.06680934 -0.18787687
v -0.29474708 0.07466926 -0.18787643
v -0.29474708 0.08252918 -0.18788309
v -0.29474708 0.09038910 -0.18787518
v -0.29474708 0.09824903 -0.18786348
v -0.29474708 0.10610895 -0.18786192
v -0.29474708 0.11396887 -0.18783721
v -0.29474708 0.12182879 -0.18783356
v -0.29474708 0.12968871 -0.18783309
v -0.29474708 0.13754864 -0.18786600
v -0.29474708 0.14540856 -0.18790126
v -0.29474708 0.15326849 -0.18795043
v -0.29474708 0.16112840 -0.18801814
v -0.29474708 0.16898833 -0.18810983
v -0.29474708 0.17684825 -0.18822269
v -0.29474708 0.18470818 -0.18833584
v -0.29474708 0.19256809 -0.18841895
v -0.29474708 0.20042801 -0.18850207
v -0.29474708 0.20828794 -0.18851393
v -0.29474708 0.21614785 -0.18841217
v -0.29474708 0.22400779 -0.18829465
v -0.29474708 0.23186770 -0.18822244
v -0.29474708 0.23972763 -0.18818676
v -0.29474708 0.24758755 -0.18816325
v -0.29474708 0.25544748 -0.18816307
v -0.29474708 0.26330739 -0.18814935
v -0.29474708 0.27116731 -0.18812458
v -0.29474708 0.27902722 -0.18809117
v -0.29474708 0.28688717 -0.18804944
v -0.29474708 0.29474708 -0.18799092
v -0.29474708 0.30260700 -0.18791853
v -0.29474708 0.31046692 -0.18783878
v -0.29474708 0.31832686 -0.18774007
v -0.29474708 0.32618678 -0.18765762
v -0.29474708 0.33404669 -0.18758662
v -0.29474708 0.34190661 -0.18757492
v -0.29474708 0.34976652 -0.18756689
v -0.29474708 0.35762647 -0.18756521
v -0.29474708 0.36548638 -0.18756840
v -0.29474708 0.37334630 -0.18755057
v -0.29474708 0.38120621 -0.18755616
v -0.29474708 0.38906616 -0.18759669
v -0.29474708 0.39692608 -0.18763417
v -0.29474708 0.40478599 -0.18758608
v -0.29474708 0.41264591 -0.18751173
v -0.29474708 0.42050582 -0.18745008
v -0.29474708 0.42836577 -0.18741794
v -0.29474708 0.43622568 -0.18741925
v -0.29474708 0.44408560 -0.18743400
v -0.29474708 0.45194551 -0.18746375
v -0.29474708 0.45980546 -0.18749601
v -0.29474708 0.46766537 -0.18751454
v -0.29474708 0.47552529 -0.18755652
v -0.29474708 0.48338521 -0.18760911
v -0.29474708 0.49124515 -0.18770559
v -0.29474708 0.49910507 -0.18781042
v -0.29474708 0.50696498 -0.18785258
v -0.29474708 0.51482493 -0.18790810
v -0.29474708 0.52268481 -0.18801910
v -0.29474708 0.53054476 -0.18821669
v -0.29474708 0.53840464 -0.18852048
v -0.29474708 0.54626459 -0.18895380
v -0.29474708 0.55412453 -0.18948744
v -0.29474708 0.56198442 -0.19017969
v -0.29995373 0.56984437 -0.19256809
v -0.29474708 0.56984437 -0.19115241
v -0.29474708 0.57699871 -0.19256809
v -0.29474708 0.57770425 -0.19271280
v -0.29474708 0.58556420 -0.19569054
v -0.29474708 0.59342414 -0.19708423
v -0.28688717 -0.60128403 -0.20289239
v -0.28688717 -0.59794807 -0.20042801
v -0.28688717 -0.59342414 -0.19689654
v -0.28688717 -0.58597058 -0.19256809
v -0.28837749 -0.58556420 -0.19256809
v -0.28688717 -0.58556420 -0.19235240
v -0.28688717 -0.57770425 -0.19006570
v -0.28688717 -0.56984437 -0.18875249
v -0.28688717 -0.56198442 -0.18778996
v -0.28688717 -0.55412453 -0.18719079
v -0.28688717 -0.54626459 -0.18686534
v -0.28688717 -0.53840464 -0.18669288
v -0.28688717 -0.53054476 -0.18660131
v -0.28688717 -0.52268481 -0.18655021
v -0.28688717 -0.51482493 -0.18652186
v -0.28688717 -0.50696498 -0.18647239
v -0.28688717 -0.49910507 -0.18641098
v -0.28688717 -0.49124515 -0.18634340
v -0.28688717 -0.48338521 -0.18630628
v -0.28688717 -0.47552529 -0.18628097
v -0.28688717 -0.46766537 -0.18625626
v -0.28688717 -0.45980546 -0.18622983
v -0.28688717 -0.45194551 -0.18621717
v -0.28688717 -0.44408560 -0.18621315
v -0.28688717 -0.43622568 -0.18621573
v -0.28688717 -0.42836577 -0.18622755
v -0.28688717 -0.42050582 -0.18624666
v -0.28688717 -0.41264591 -0.18625543
v -0.28688717 -0.40478599 -0.18624829
v -0.28688717 -0.39692608 -0.18622412
v -0.28688717 -0.38906616 -0.18619277
v -0.28688717 -0.38120621 -0.18615779
v -0.28688717 -0.37334630 -0.18612482
v -0.28688717 -0.36548638 -0.18610725
v -0.28688717 -0.35762647 -0.18612961
v -0.28688717 -0.34976652 -0.18615977
v -0.28688717 -0.34190661 -0.18618755
v -0.28688717 -0.33404669 -0.18623827
v -0.28688717 -0.32618678 -0.18627305
v -0.28688717 -0.31832686 -0.18630862
v -0.28688717 -0.31046692 -0.18633404
v -0.28688717 -0.30260700 -0.18635215
v -0.28688717 -0.29474708 -0.18638195
v -0.28688717 -0.28688717 -0.18642440
v -0.28688717 -0.27902722 -0.18645523
v -0.28688717 -0.27116731 -0.18649745
v -0.28688717 -0.26330739 -0.18653744
v -0.28688717 -0.25544748 -0.18659016
v -0.28688717 -0.24758755 -0.18665366
v -0.28688717 -0.23972763 -0.18671231
v -0.28688717 -0.23186770 -0.18677635
v -0.28688717 -0.22400779 -0.18682002
v -0.28688717 -0.21614785 -0.18688039
v -0.28688717 -0.20828794 -0.18691230
v -0.28688717 -0.20042801 -0.18695074
v -0.28688717 -0.19256809 -0.18696322
v -0.28688717 -0.18470818 -0.18692237
v -0.28688717 -0.17684825 -0.18684891
v -0.28688717 -0.16898833 -0.18679902
v -0.28688717 -0.16112840 -0.18678133
v -0.28688717 -0.15326849 -0.18676658
v -0.28688717 -0.14540856 -0.18679152
v -0.28688717 -0.13754864 -0.18679836
v -0.28688717 -0.12968871 -0.18681383
v -0.28688717 -0.12182879 -0.18685071
v -0.28688717 -0.11396887 -0.18687740
v -0.28688717 -0.10610895 -0.18692806
v -0.28688717 -0.09824903 -0.18696159
v -0.28688717 -0.09038910 -0.18697934
v -0.28688717 -0.08252918 -0.18698798
v -0.28688717 -0.07466926 -0.18699007
v -0.28688717 -0.06680934 -0.18699764
v -0.28688717 -0.05894941 -0.18699853
v -0.28688717 -0.05108950 -0.18701394
v -0.28688717 -0.04322957 -0.18703248
v -0.28688717 -0.03536965 -0.18704765
v -0.28688717 -0.02750973 -0.18706012
v -0.28688717 -0.01964981 -0.18705831
v -0.28688717 -0.01178988 -0.18707277
v -0.28688717 -0.00392996 -0.18704668
v -0.28688717 0.00392996 -0.18703295
v -0.28688717 0.01178988 -0.18699948
v -0.28688717 0.01964981 -0.18695967
v -0.28688717 0.02750973 -0.18693155
v -0.28688717 0.03536965 -0.18691878
v -0.28688717 0.04322957 -0.18692201
v -0.28688717 0.05108950 -0.18693250
v -0.28688717 0.05894941 -0.18693922
v -0.28688717 0.06680934 -0.18694006
v -0.28688717 0.07466926 -0.18693532
v -0.28688717 0.08252918 -0.18693262
v -0.28688717 0.09038910 -0.18692207
v -0.28688717 0.09824903 -0.18691278
v -0.28688717 0.10610895 -0.18689461
v -0.28688717 0.11396887 -0.18687254
v -0.28688717 0.12182879 -0.18686979
v -0.28688717 0.12968871 -0.18688291
v -0.28688717 0.13754864 -0.18690972
v -0.28688717 0.14540856 -0.18694942
v -0.28688717 0.15326849 -0.18698983
v -0.28688717 0.16112840 -0.18704231
v -0.28688717 0.16898833 -0.18711253
v -0.28688717 0.17684825 -0.18719606
v -0.28688717 0.18470818 -0.18726532
v -0.28688717 0.19256809 -0.18733074
v -0.28688717 0.20042801 -0.18741901
v -0.28688717 0.20828794 -0.18739569
v -0.28688717 0.21614785 -0.18729009
v -0.28688717 0.22400779 -0.18717544
v -0.28688717 0.23186770 -0.18709916
v -0.28688717 0.23972763 -0.18705718
v -0.28688717 0.24758755 -0.18702173
v -0.28688717 0.25544748 -0.18699744
v -0.28688717 0.26330739 -0.18697371
v -0.28688717 0.27116731 -0.18695001
v -0.28688717 0.27902722 -0.18691662
v -0.28688717 0.28688717 -0.18685773
v -0.28688717 0.29474708 -0.18679890
v -0.28688717 0.30260700 -0.18674092
v -0.28688717 0.31046692 -0.18665636
v -0.28688717 0.31832686 -0.18657732
v -0.28688717 0.32618678 -0.18650728
v -0.28688717 0.33404669 -0.18644726
v -0.28688717 0.34190661 -0.18642141
v -0.28688717 0.34976652 -0.18640126
v -0.28688717 0.35762647 -0.18638028
v -0.28688717 0.36548638 -0.18634556
v -0.28688717 0.37334630 -0.18633524
v -0.28688717 0.38120621 -0.18631755
v -0.28688717 0.38906616 -0.18633668
v -0.28688717 0.39692608 -0.18636750
v -0.28688717 0.40478599 -0.18633848
v -0.28688717 0.41264591 -0.18628505
v -0.28688717 0.42050582 -0.18625075
v -0.28688717 0.42836577 -0.18624912
v -0.28688717 0.43622568 -0.18627281
v -0.28688717 0.44408560 -0.18631820
v -0.28688717 0.45194551 -0.18635191
v -0.28688717 0.45980546 -0.18639089
v -0.28688717 0.46766537 -0.18644498
v -0.28688717 0.47552529 -0.18649217
v -0.28688717 0.48338521 -0.18655244
v -0.28688717 0.49124515 -0.18663561
v -0.28688717 0.49910507 -0.18673648
v -0.28688717 0.50696498 -0.18679141
v -0.28688717 0.51482493 -0.18684423
v -0.28688717 0.52268481 -0.18695584
v -0.28688717 0.53054476 -0.18711828
v -0.28688717 0.53840464 -0.18733734
v -0.28688717 0.54626459 -0.18766601
v -0.28688717 0.55412453 -0.18809916
v -0.28688717 0.56198442 -0.18873468
v -0.28688717 0.56984437 -0.18966098
v -0.29404762 0.57770425 -0.19256809
v -0.28688717 0.57770425 -0.19115402
v -0.28688717 0.58189631 -0.19256809
v -0.28688717 0.58556420 -0.19387242
v -0.28688717 0.59342414 -0.19608308
v -0.27902722 -0.60128403 -0.20199452
v -0.27902722 -0.59924364 -0.20042801
v -0.27902722 -0.59342414 -0.19589761
v -0.27902722 -0.58727211 -0.19256809
v -0.27902722 -0.58556420 -0.19172251
v -0.27902722 -0.57770425 -0.18960233
v -0.27902722 -0.56984437 -0.18834244
v -0.27902722 -0.56198442 -0.18742135
v -0.27902722 -0.55412453 -0.18686594
v -0.27902722 -0.54626459 -0.18658128
v -0.27902722 -0.53840464 -0.18642706
v -0.27902722 -0.53054476 -0.18634400
v -0.27902722 -0.52268481 -0.18628955
v -0.27902722 -0.51482493 -0.18626676
v -0.27902722 -0.50696498 -0.18621051
v -0.27902722 -0.49910507 -0.18615367
v -0.27902722 -0.49124515 -0.18610790
v -0.27902722 -0.48338521 -0.18607529
v -0.27902722 -0.47552529 -0.18604818
v -0.27902722 -0.46766537 -0.18602084
v -0.27902722 -0.45980546 -0.18599427
v -0.27902722 -0.45194551 -0.18597646
v -0.27902722 -0.44408560 -0.18595782
v -0.27902722 -0.43622568 -0.18596034
v -0.27902722 -0.42836577 -0.18596321
v -0.27902722 -0.42050582 -0.18597358
v -0.27902722 -0.41264591 -0.18598276
v -0.27902722 -0.40478599 -0.18597616
v -0.27902722 -0.39692608 -0.18594527
v -0.27902722 -0.38906616 -0.18591620
v -0.27902722 -0.38120621 -0.18587740
v -0.27902722 -0.37334630 -0.18584369
v -0.27902722 -0.36548638 -0.18583471
v -0.27902722 -0.35762647 -0.18583944
v -0.27902722 -0.34976652 -0.18585719
v -0.27902722 -0.34190661 -0.18589395
v -0.27902722 -0.33404669 -0.18593101
v -0.27902722 -0.32618678 -0.18596393
v -0.27902722 -0.31832686 -0.18598923
v -0.27902722 -0.31046692 -0.18600206
v -0.27902722 -0.30260700 -0.18602107
v -0.27902722 -0.29474708 -0.18604860
v -0.27902722 -0.28688717 -0.18607685
v -0.27902722 -0.27902722 -0.18609093
v -0.27902722 -0.27116731 -0.18611234
v -0.27902722 -0.26330739 -0.18614227
v -0.27902722 -0.25544748 -0.18618922
v -0.27902722 -0.24758755 -0.18624002
v -0.27902722 -0.23972763 -0.18628331
v -0.27902722 -0.23186770 -0.18632756
v -0.27902722 -0.22400779 -0.18635251
v -0.27902722 -0.21614785 -0.18639365
v -0.27902722 -0.20828794 -0.18641865
v -0.27902722 -0.20042801 -0.18644084
v -0.27902722 -0.19256809 -0.18645415
v -0.27902722 -0.18470818 -0.18641667
v -0.27902722 -0.17684825 -0.18634076
v -0.27902722 -0.16898833 -0.18627305
v -0.27902722 -0.16112840 -0.18625326
v -0.27902722 -0.15326849 -0.18625249
v -0.27902722 -0.14540856 -0.18627305
v -0.27902722 -0.13754864 -0.18628643
v -0.27902722 -0.12968871 -0.18630843
v -0.27902722 -0.12182879 -0.18633825
v -0.27902722 -0.11396887 -0.18638477
v -0.27902722 -0.10610895 -0.18642531
v -0.27902722 -0.09824903 -0.18646213
v -0.27902722 -0.09038910 -0.18648702
v -0.27902722 -0.08252918 -0.18649176
v -0.27902722 -0.07466926 -0.18649103
v -0.27902722 -0.06680934 -0.18650998
v -0.27902722 -0.05894941 -0.18651617
v -0.27902722 -0.05108950 -0.18653865
v -0.27902722 -0.04322957 -0.18655083
v -0.27902722 -0.03536965 -0.18656766
v -0.27902722 -0.02750973 -0.18659148
v -0.27902722 -0.01964981 -0.18660191
v -0.27902722 -0.01178988 -0.18660887
v -0.27902722 -0.00392996 -0.18659219
v -0.27902722 0.00392996 -0.18657678
v -0.27902722 0.01178988 -0.18654680
v -0.27902722 0.01964981 -0.18651526
v -0.27902722 0.02750973 -0.18649295
v -0.27902722 0.03536965 -0.18649313
v -0.27902722 0.04322957 -0.18650615
v -0.27902722 0.05108950 -0.18652947
v -0.27902722 0.05894941 -0.18654081
v -0.27902722 0.06680934 -0.18654831
v -0.27902722 0.07466926 -0.18654548
v -0.27902722 0.08252918 -0.18654518
v -0.27902722 0.09038910 -0.18654038
v -0.27902722 0.09824903 -0.18653326
v -0.27902722 0.10610895 -0.18652114
v -0.27902722 0.11396887 -0.18650897
v -0.27902722 0.12182879 -0.18649721
v -0.27902722 0.12968871 -0.18651119
v -0.27902722 0.13754864 -0.18654926
v -0.27902722 0.14540856 -0.18658505
v -0.27902722 0.15326849 -0.18663657
v -0.27902722 0.16112840 -0.18667291
v -0.27902722 0.16898833 -0.18673815
v -0.27902722 0.17684825 -0.18680064
v -0.27902722 0.18470818 -0.18685389
v -0.27902722 0.19256809 -0.18690205
v -0.27902722 0.20042801 -0.18696992
v -0.27902722 0.20828794 -0.18695727
v -0.27902722 0.21614785 -0.18682204
v -0.27902722 0.22400779 -0.18671572
v -0.27902722 0.23186770 -0.18664023
v -0.27902722 0.23972763 -0.18659717
v -0.27902722 0.24758755 -0.18655586
v -0.27902722 0.25544748 -0.18652755
v -0.27902722 0.26330739 -0.18650098
v -0.27902722 0.27116731 -0.18647562
v -0.27902722 0.27902722 -0.18643959
v -0.27902722 0.28688717 -0.18640150
v -0.27902722 0.29474708 -0.18634987
v -0.27902722 0.30260700 -0.18629800
v -0.27902722 0.31046692 -0.18623881
v -0.27902722 0.31832686 -0.18618125
v -0.27902722 0.32618678 -0.18612541
v -0.27902722 0.33404669 -0.18607846
v -0.27902722 0.34190661 -0.18605022
v -0.27902722 0.34976652 -0.18603721
v -0.27902722 0.35762647 -0.18602282
v -0.27902722 0.36548638 -0.18601316
v -0.27902722 0.37334630 -0.18598534
v -0.27902722 0.38120621 -0.18597898
v -0.27902722 0.38906616 -0.18600200
v -0.27902722 0.39692608 -0.18603067
v -0.27902722 0.40478599 -0.18601005
v -0.27902722 0.41264591 -0.18596470
v -0.27902722 0.42050582 -0.18594521
v -0.27902722 0.42836577 -0.18594438
v -0.27902722 0.43622568 -0.18597071
v -0.27902722 0.44408560 -0.18600404
v -0.27902722 0.45194551 -0.18603253
v -0.27902722 0.45980546 -0.18608242
v -0.27902722 0.46766537 -0.18611601
v -0.27902722 0.47552529 -0.18616380
v -0.27902722 0.48338521 -0.18621860
v -0.27902722 0.49124515 -0.18629032
v -0.27902722 0.49910507 -0.18636079
v -0.27902722 0.50696498 -0.18640108
v -0.27902722 0.51482493 -0.18644606
v -0.27902722 0.52268481 -0.18653589
v -0.27902722 0.53054476 -0.18666151
v -0.27902722 0.53840464 -0.18683986
v -0.27902722 0.54626459 -0.18711199
v -0.27902722 0.55412453 -0.18750687
v -0.27902722 0.56198442 -0.18811715
v -0.27902722 0.56984437 -0.18896207
v -0.27902722 0.57770425 -0.19040264
v -0.27902722 0.58443022 -0.19256809
v -0.27902722 0.58556420 -0.19296555
v -0.27902722 0.59342414 -0.19560114
v -0.27116731 -0.60128403 -0.20158951
v -0.27116731 -0.59980422 -0.20042801
v -0.27116731 -0.59342414 -0.19544043
v -0.27116731 -0.58793575 -0.19256809
v -0.27116731 -0.58556420 -0.19143330
v -0.27116731 -0.57770425 -0.18934742
v -0.27116731 -0.56984437 -0.18807672
v -0.27116731 -0.56198442 -0.18719091
v -0.27116731 -0.55412453 -0.18668155
v -0.27116731 -0.54626459 -0.18642303
v -0.27116731 -0.53840464 -0.18630502
v -0.27116731 -0.53054476 -0.18622971
v -0.27116731 -0.52268481 -0.18617807
v -0.27116731 -0.51482493 -0.18613063
v -0.27116731 -0.50696498 -0.18607132
v -0.27116731 -0.49910507 -0.18602143
v -0.27116731 -0.49124515 -0.18597676
v -0.27116731 -0.48338521 -0.18594588
v -0.27116731 -0.47552529 -0.18592340
v -0.27116731 -0.46766537 -0.18588842
v -0.27116731 -0.45980546 -0.18586403
v -0.27116731 -0.45194551 -0.18584897
v -0.27116731 -0.44408560 -0.18583728
v -0.27116731 -0.43622568 -0.18583219
v -0.27116731 -0.42836577 -0.18585233
v -0.27116731 -0.42050582 -0.18585041
v -0.27116731 -0.41264591 -0.18585959
v -0.27116731 -0.40478599 -0.18585539
v -0.27116731 -0.39692608 -0.18581498
v -0.27116731 -0.38906616 -0.18579122
v -0.27116731 -0.38120621 -0.18575458
v -0.27116731 -0.37334630 -0.18571320
v -0.27116731 -0.36548638 -0.18570229
v -0.27116731 -0.35762647 -0.18570739
v -0.27116731 -0.34976652 -0.18573576
v -0.27116731 -0.34190661 -0.18576089
v -0.27116731 -0.33404669 -0.18579566
v -0.27116731 -0.32618678 -0.18582487
v -0.27116731 -0.31832686 -0.18584561
v -0.27116731 -0.31046692 -0.18586138
v -0.27116731 -0.30260700 -0.18588087
v -0.27116731 -0.29474708 -0.18590786
v -0.27116731 -0.28688717 -0.18592530
v -0.27116731 -0.27902722 -0.18593490
v -0.27116731 -0.27116731 -0.18595169
v -0.27116731 -0.26330739 -0.18596795
v -0.27116731 -0.25544748 -0.18600386
v -0.27116731 -0.24758755 -0.18604770
v -0.27116731 -0.23972763 -0.18608338
v -0.27116731 -0.23186770 -0.18612541
v -0.27116731 -0.22400779 -0.18613634
v -0.27116731 -0.21614785 -0.18617885
v -0.27116731 -0.20828794 -0.18618652
v -0.27116731 -0.20042801 -0.18620913
v -0.27116731 -0.19256809 -0.18620667
v -0.27116731 -0.18470818 -0.18616967
v -0.27116731 -0.17684825 -0.18608829
v -0.27116731 -0.16898833 -0.18602671
v -0.27116731 -0.16112840 -0.18600932
v -0.27116731 -0.15326849 -0.18600723
v -0.27116731 -0.14540856 -0.18601196
v -0.27116731 -0.13754864 -0.18602371
v -0.27116731 -0.12968871 -0.18604146
v -0.27116731 -0.12182879 -0.18607667
v -0.27116731 -0.11396887 -0.18610905
v -0.27116731 -0.10610895 -0.18616104
v -0.27116731 -0.09824903 -0.18619233
v -0.27116731 -0.09038910 -0.18621220
v -0.27116731 -0.08252918 -0.18621351
v -0.27116731 -0.07466926 -0.18621944
v -0.27116731 -0.06680934 -0.18622719
v -0.27116731 -0.05894941 -0.18624511
v -0.27116731 -0.05108950 -0.18626070
v -0.27116731 -0.04322957 -0.18628170
v -0.27116731 -0.03536965 -0.18629962
v -0.27116731 -0.02750973 -0.18630981
v -0.27116731 -0.01964981 -0.18631917
v -0.27116731 -0.01178988 -0.18631911
v -0.27116731 -0.00392996 -0.18632361
v -0.27116731 0.00392996 -0.18629879
v -0.27116731 0.01178988 -0.18626460
v -0.27116731 0.01964981 -0.18624361
v -0.27116731 0.02750973 -0.18622491
v -0.27116731 0.03536965 -0.18623126
v -0.27116731 0.04322957 -0.18625069
v -0.27116731 0.05108950 -0.18627246
v -0.27116731 0.05894941 -0.18629248
v -0.27116731 0.06680934 -0.18630022
v -0.27116731 0.07466926 -0.18630178
v -0.27116731 0.08252918 -0.18631023
v -0.27116731 0.09038910 -0.18631017
v -0.27116731 0.09824903 -0.18629704
v -0.27116731 0.10610895 -0.18627863
v -0.27116731 0.11396887 -0.18626556
v -0.27116731 0.12182879 -0.18626627
v -0.27116731 0.12968871 -0.18628404
v -0.27116731 0.13754864 -0.18632169
v -0.27116731 0.14540856 -0.18636091
v -0.27116731 0.15326849 -0.18639688
v -0.27116731 0.16112840 -0.18644179
v -0.27116731 0.16898833 -0.18650159
v -0.27116731 0.17684825 -0.18655945
v -0.27116731 0.18470818 -0.18659334
v -0.27116731 0.19256809 -0.18662842
v -0.27116731 0.20042801 -0.18669294
v -0.27116731 0.20828794 -0.18666992
v -0.27116731 0.21614785 -0.18654075
v -0.27116731 0.22400779 -0.18643947
v -0.27116731 0.23186770 -0.18637303
v -0.27116731 0.23972763 -0.18631449
v -0.27116731 0.24758755 -0.18627468
v -0.27116731 0.25544748 -0.18623966
v -0.27116731 0.26330739 -0.18621238
v -0.27116731 0.27116731 -0.18619378
v -0.27116731 0.27902722 -0.18617567
v -0.27116731 0.28688717 -0.18613945
v -0.27116731 0.29474708 -0.18610455
v -0.27116731 0.30260700 -0.18606575
v -0.27116731 0.31046692 -0.18601035
v -0.27116731 0.31832686 -0.18595788
v -0.27116731 0.32618678 -0.18592261
v -0.27116731 0.33404669 -0.18588963
v -0.27116731 0.34190661 -0.18587530
v -0.27116731 0.34976652 -0.18586372
v -0.27116731 0.35762647 -0.18586403
v -0.27116731 0.36548638 -0.18585677
v -0.27116731 0.37334630 -0.18585053
v -0.27116731 0.38120621 -0.18585227
v -0.27116731 0.38906616 -0.18587135
v -0.27116731 0.39692608 -0.18591313
v -0.27116731 0.40478599 -0.18590492
v -0.27116731 0.41264591 -0.18586576
v -0.27116731 0.42050582 -0.18584742
v -0.27116731 0.42836577 -0.18585174
v -0.27116731 0.43622568 -0.18587343
v -0.27116731 0.44408560 -0.18590157
v -0.27116731 0.45194551 -0.18592826
v -0.27116731 0.45980546 -0.18597293
v -0.27116731 0.46766537 -0.18602107
v -0.27116731 0.47552529 -0.18605718
v -0.27116731 0.48338521 -0.18609999
v -0.27116731 0.49124515 -0.18616572
v -0.27116731 0.49910507 -0.18622808
v -0.27116731 0.50696498 -0.18625225
v -0.27116731 0.51482493 -0.18628559
v -0.27116731 0.52268481 -0.18637469
v -0.27116731 0.53054476 -0.18649872
v -0.27116731 0.53840464 -0.18665019
v -0.27116731 0.54626459 -0.18690570
v -0.27116731 0.55412453 -0.18728979
v -0.27116731 0.56198442 -0.18787530
v -0.27116731 0.56984437 -0.18870085
v -0.27116731 0.57770425 -0.19011775
v -0.27116731 0.58525240 -0.19256809
v -0.27116731 0.58556420 -0.19268078
v -0.27116731 0.59342414 -0.19557559
v -0.26330739 -0.60128403 -0.20137693
v -0.26330739 -0.60009992 -0.20042801
v -0.26330739 -0.59342414 -0.19517586
v -0.26330739 -0.58833450 -0.19256809
v -0.26330739 -0.58556420 -0.19127390
v -0.26330739 -0.57770425 -0.18917759
v -0.26330739 -0.56984437 -0.18792339
v -0.26330739 -0.56198442 -0.18705088
v -0.26330739 -0.55412453 -0.18658333
v -0.26330739 -0.54626459 -0.18635988
v -0.26330739 -0.53840464 -0.18624894
v -0.26330739 -0.53054476 -0.18618970
v -0.26330739 -0.52268481 -0.18613663
v -0.26330739 -0.51482493 -0.18607709
v -0.26330739 -0.50696498 -0.18601832
v -0.26330739 -0.49910507 -0.18595169
v -0.26330739 -0.49124515 -0.18590726
v -0.26330739 -0.48338521 -0.18588309
v -0.26330739 -0.47552529 -0.18585911
v -0.26330739 -0.46766537 -0.18584159
v -0.26330739 -0.45980546 -0.18581419
v -0.26330739 -0.45194551 -0.18579759
v -0.26330739 -0.44408560 -0.18579075
v -0.26330739 -0.43622568 -0.18578649
v -0.26330739 -0.42836577 -0.18579446
v -0.26330739 -0.42050582 -0.18580838
v -0.26330739 -0.41264591 -0.18581641
v -0.26330739 -0.40478599 -0.18580423
v -0.26330739 -0.39692608 -0.18577288
v -0.26330739 -0.38906616 -0.18573354
v -0.26330739 -0.38120621 -0.18570745
v -0.26330739 -0.37334630 -0.18567069
v -0.26330739 -0.36548638 -0.18566331
v -0.26330739 -0.35762647 -0.18566224
v -0.26330739 -0.34976652 -0.18567879
v -0.26330739 -0.34190661 -0.18570440
v -0.26330739 -0.33404669 -0.18573816
v -0.26330739 -0.32618678 -0.18575686
v -0.26330739 -0.31832686 -0.18577839
v -0.26330739 -0.31046692 -0.18579674
v -0.26330739 -0.30260700 -0.18581647
v -0.26330739 -0.29474708 -0.18582624
v -0.26330739 -0.28688717 -0.18585035
v -0.26330739 -0.27902722 -0.18585557
v -0.26330739 -0.27116731 -0.18587764
v -0.26330739 -0.26330739 -0.18588898
v -0.26330739 -0.25544748 -0.18592118
v -0.26330739 -0.24758755 -0.18595481
v -0.26330739 -0.23972763 -0.18599091
v -0.26330739 -0.23186770 -0.18601286
v -0.26330739 -0.22400779 -0.18603073
v -0.26330739 -0.21614785 -0.18605262
v -0.26330739 -0.20828794 -0.18607330
v -0.26330739 -0.20042801 -0.18607745
v -0.26330739 -0.19256809 -0.18608387
v -0.26330739 -0.18470818 -0.18605196
v -0.26330739 -0.17684825 -0.18595745
v -0.26330739 -0.16898833 -0.18589683
v -0.26330739 -0.16112840 -0.18586738
v -0.26330739 -0.15326849 -0.18586151
v -0.26330739 -0.14540856 -0.18586756
v -0.26330739 -0.13754864 -0.18587008
v -0.26330739 -0.12968871 -0.18588591
v -0.26330739 -0.12182879 -0.18590204
v -0.26330739 -0.11396887 -0.18594287
v -0.26330739 -0.10610895 -0.18597928
v -0.26330739 -0.09824903 -0.18601497
v -0.26330739 -0.09038910 -0.18602425
v -0.26330739 -0.08252918 -0.18602863
v -0.26330739 -0.07466926 -0.18602383
v -0.26330739 -0.06680934 -0.18603823
v -0.26330739 -0.05894941 -0.18604183
v -0.26330739 -0.05108950 -0.18606228
v -0.26330739 -0.04322957 -0.18607864
v -0.26330739 -0.03536965 -0.18609099
v -0.26330739 -0.02750973 -0.18610413
v -0.26330739 -0.01964981 -0.18611175
v -0.26330739 -0.01178988 -0.18611462
v -0.26330739 -0.00392996 -0.18610491
v -0.26330739 0.00392996 -0.18608974
v -0.26330739 0.01178988 -0.18607241
v -0.26330739 0.01964981 -0.18604051
v -0.26330739 0.02750973 -0.18603739
v -0.26330739 0.03536965 -0.18603206
v -0.26330739 0.04322957 -0.18606347
v -0.26330739 0.05108950 -0.18608817
v -0.26330739 0.05894941 -0.18609898
v -0.26330739 0.06680934 -0.18611853
v -0.26330739 0.07466926 -0.18611673
v -0.26330739 0.08252918 -0.18612704
v -0.26330739 0.09038910 -0.18612422
v -0.26330739 0.09824903 -0.18611528
v -0.26330739 0.10610895 -0.18610413
v -0.26330739 0.11396887 -0.18608890
v -0.26330739 0.12182879 -0.18608405
v -0.26330739 0.12968871 -0.18610305
v -0.26330739 0.13754864 -0.18614484
v -0.26330739 0.14540856 -0.18617094
v -0.26330739 0.15326849 -0.18621027
v -0.26330739 0.16112840 -0.18624085
v -0.26330739 0.16898833 -0.18629494
v -0.26330739 0.17684825 -0.18635455
v -0.26330739 0.18470818 -0.18637620
v -0.26330739 0.19256809 -0.18640144
v -0.26330739 0.20042801 -0.18646009
v -0.26330739 0.20828794 -0.18642969
v -0.26330739 0.21614785 -0.18631701
v -0.26330739 0.22400779 -0.18622082
v -0.26330739 0.23186770 -0.18615396
v -0.26330739 0.23972763 -0.18610647
v -0.26330739 0.24758755 -0.18606521
v -0.26330739 0.25544748 -0.18603115
v -0.26330739 0.26330739 -0.18600680
v -0.26330739 0.27116731 -0.18599421
v -0.26330739 0.27902722 -0.18597364
v -0.26330739 0.28688717 -0.18594576
v -0.26330739 0.29474708 -0.18592951
v -0.26330739 0.30260700 -0.18589263
v -0.26330739 0.31046692 -0.18585767
v -0.26330739 0.31832686 -0.18582600
v -0.26330739 0.32618678 -0.18578829
v -0.26330739 0.33404669 -0.18576945
v -0.26330739 0.34190661 -0.18575639
v -0.26330739 0.34976652 -0.18575129
v -0.26330739 0.35762647 -0.18575770
v -0.26330739 0.36548638 -0.18575644
v -0.26330739 0.37334630 -0.18576489
v -0.26330739 0.38120621 -0.18576999
v -0.26330739 0.38906616 -0.18580094
v -0.26330739 0.39692608 -0.18584885
v -0.26330739 0.40478599 -0.18584970
v -0.26330739 0.41264591 -0.18580508
v -0.26330739 0.42050582 -0.18579231
v -0.26330739 0.42836577 -0.18579975
v -0.26330739 0.43622568 -0.18582343
v -0.26330739 0.44408560 -0.18585575
v -0.26330739 0.45194551 -0.18589088
v -0.26330739 0.45980546 -0.18592106
v -0.26330739 0.46766537 -0.18595961
v -0.26330739 0.47552529 -0.18599758
v -0.26330739 0.48338521 -0.18604620
v -0.26330739 0.49124515 -0.18609783
v -0.26330739 0.49910507 -0.18616302
v -0.26330739 0.50696498 -0.18618886
v -0.26330739 0.51482493 -0.18623318
v -0.26330739 0.52268481 -0.18630771
v -0.26330739 0.53054476 -0.18642069
v -0.26330739 0.53840464 -0.18659046
v -0.26330739 0.54626459 -0.18682948
v -0.26330739 0.55412453 -0.18719906
v -0.26330739 0.56198442 -0.18776742
v -0.26330739 0.56984437 -0.18856820
v -0.26330739 0.57770425 -0.18995734
v -0.26330739 0.58550042 -0.19256809
v -0.26330739 0.58556420 -0.19259208
v -0.26330739 0.59342414 -0.19569691
v -0.25544748 -0.60128403 -0.20125376
v -0.25544748 -0.60026777 -0.20042801
v -0.25544748 -0.59342414 -0.19501701
v -0.25544748 -0.58862007 -0.19256809
v -0.25544748 -0.58556420 -0.19115037
v -0.25544748 -0.57770425 -0.18908896
v -0.25544748 -0.56984437 -0.18783878
v -0.25544748 -0.56198442 -0.18699913
v -0.25544748 -0.55412453 -0.18654908
v -0.25544748 -0.54626459 -0.18633111
v -0.25544748 -0.53840464 -0.18623714
v -0.25544748 -0.53054476 -0.18617687
v -0.25544748 -0.52268481 -0.18611930
v -0.25544748 -0.51482493 -0.18606906
v -0.25544748 -0.50696498 -0.18600644
v -0.25544748 -0.49910507 -0.18593863
v -0.25544748 -0.49124515 -0.18589094
v -0.25544748 -0.48338521 -0.18585983
v -0.25544748 -0.47552529 -0.18584292
v -0.25544748 -0.46766537 -0.18581899
v -0.25544748 -0.45980546 -0.18580352
v -0.25544748 -0.45194551 -0.18578595
v -0.25544748 -0.44408560 -0.18578547
v -0.25544748 -0.43622568 -0.18578289
v -0.25544748 -0.42836577 -0.18578637
v -0.25544748 -0.42050582 -0.18580177
v -0.25544748 -0.41264591 -0.18580891
v -0.25544748 -0.40478599 -0.18579404
v -0.25544748 -0.39692608 -0.18576688
v -0.25544748 -0.38906616 -0.18573047
v -0.25544748 -0.38120621 -0.18568736
v -0.25544748 -0.37334630 -0.18565869
v -0.25544748 -0.36548638 -0.18563615
v -0.25544748 -0.35762647 -0.18564437
v -0.25544748 -0.34976652 -0.18566038
v -0.25544748 -0.34190661 -0.18568689
v -0.25544748 -0.33404669 -0.18571483
v -0.25544748 -0.32618678 -0.18573804
v -0.25544748 -0.31832686 -0.18575411
v -0.25544748 -0.31046692 -0.18575872
v -0.25544748 -0.30260700 -0.18577719
v -0.25544748 -0.29474708 -0.18580844
v -0.25544748 -0.28688717 -0.18581563
v -0.25544748 -0.27902722 -0.18582594
v -0.25544748 -0.27116731 -0.18583128
v -0.25544748 -0.26330739 -0.18583128
v -0.25544748 -0.25544748 -0.18586481
v -0.25544748 -0.24758755 -0.18589287
v -0.25544748 -0.23972763 -0.18592063
v -0.25544748 -0.23186770 -0.18593676
v -0.25544748 -0.22400779 -0.18595715
v -0.25544748 -0.21614785 -0.18598233
v -0.25544748 -0.20828794 -0.18598852
v -0.25544748 -0.20042801 -0.18598881
v -0.25544748 -0.19256809 -0.18599811
v -0.25544748 -0.18470818 -0.18596986
v -0.25544748 -0.17684825 -0.18587914
v -0.25544748 -0.16898833 -0.18581960
v -0.25544748 -0.16112840 -0.18577161
v -0.25544748 -0.15326849 -0.18576747
v -0.25544748 -0.14540856 -0.18575849
v -0.25544748 -0.13754864 -0.18577401
v -0.25544748 -0.12968871 -0.18577066
v -0.25544748 -0.12182879 -0.18578912
v -0.25544748 -0.11396887 -0.18582493
v -0.25544748 -0.10610895 -0.18585107
v -0.25544748 -0.09824903 -0.18588279
v -0.25544748 -0.09038910 -0.18588999
v -0.25544748 -0.08252918 -0.18589191
v -0.25544748 -0.07466926 -0.18588111
v -0.25544748 -0.06680934 -0.18588789
v -0.25544748 -0.05894941 -0.18590625
v -0.25544748 -0.05108950 -0.18591319
v -0.25544748 -0.04322957 -0.18592747
v -0.25544748 -0.03536965 -0.18594085
v -0.25544748 -0.02750973 -0.18594983
v -0.25544748 -0.01964981 -0.18596399
v -0.25544748 -0.01178988 -0.18597454
v -0.25544748 -0.00392996 -0.18596429
v -0.25544748 0.00392996 -0.18594737
v -0.25544748 0.01178988 -0.18593232
v -0.25544748 0.01964981 -0.18590420
v -0.25544748 0.02750973 -0.18589965
v -0.25544748 0.03536965 -0.18590625
v -0.25544748 0.04322957 -0.18592681
v -0.25544748 0.05108950 -0.18594779
v -0.25544748 0.05894941 -0.18596746
v -0.25544748 0.06680934 -0.18597963
v -0.25544748 0.07466926 -0.18598635
v -0.25544748 0.08252918 -0.18598893
v -0.25544748 0.09038910 -0.18600297
v -0.25544748 0.09824903 -0.18598780
v -0.25544748 0.10610895 -0.18597670
v -0.25544748 0.11396887 -0.18596254
v -0.25544748 0.12182879 -0.18596159
v -0.25544748 0.12968871 -0.18597478
v -0.25544748 0.13754864 -0.18600549
v -0.25544748 0.14540856 -0.18603343
v -0.25544748 0.15326849 -0.18606029
v -0.25544748 0.16112840 -0.18609747
v -0.25544748 0.16898833 -0.18615133
v -0.25544748 0.17684825 -0.18620794
v -0.25544748 0.18470818 -0.18621753
v -0.25544748 0.19256809 -0.18623318
v -0.25544748 0.20042801 -0.18627383
v -0.25544748 0.20828794 -0.18625723
v -0.25544748 0.21614785 -0.18614689
v -0.25544748 0.22400779 -0.18606186
v -0.25544748 0.23186770 -0.18600434
v -0.25544748 0.23972763 -0.18594924
v -0.25544748 0.24758755 -0.18591242
v -0.25544748 0.25544748 -0.18588465
v -0.25544748 0.26330739 -0.18586324
v -0.25544748 0.27116731 -0.18585509
v -0.25544748 0.27902722 -0.18584153
v -0.25544748 0.28688717 -0.18583128
v -0.25544748 0.29474708 -0.18581504
v -0.25544748 0.30260700 -0.18579741
v -0.25544748 0.31046692 -0.18576886
v -0.25544748 0.31832686 -0.18573168
v -0.25544748 0.32618678 -0.18569654
v -0.25544748 0.33404669 -0.18568958
v -0.25544748 0.34190661 -0.18567806
v -0.25544748 0.34976652 -0.18568869
v -0.25544748 0.35762647 -0.18569402
v -0.25544748 0.36548638 -0.18571027
v -0.25544748 0.37334630 -0.18571663
v -0.25544748 0.38120621 -0.18572016
v -0.25544748 0.38906616 -0.18577288
v -0.25544748 0.39692608 -0.18580621
v -0.25544748 0.40478599 -0.18581270
v -0.25544748 0.41264591 -0.18577617
v -0.25544748 0.42050582 -0.18576987
v -0.25544748 0.42836577 -0.18576778
v -0.25544748 0.43622568 -0.18579824
v -0.25544748 0.44408560 -0.18583693
v -0.25544748 0.45194551 -0.18586960
v -0.25544748 0.45980546 -0.18590072
v -0.25544748 0.46766537 -0.18594186
v -0.25544748 0.47552529 -0.18597545
v -0.25544748 0.48338521 -0.18601719
v -0.25544748 0.49124515 -0.18608589
v -0.25544748 0.49910507 -0.18613969
v -0.25544748 0.50696498 -0.18617088
v -0.25544748 0.51482493 -0.18619996
v -0.25544748 0.52268481 -0.18627018
v -0.25544748 0.53054476 -0.18640001
v -0.25544748 0.53840464 -0.18655065
v -0.25544748 0.54626459 -0.18678367
v -0.25544748 0.55412453 -0.18714881
v -0.25544748 0.56198442 -0.18769558
v -0.25544748 0.56984437 -0.18847053
v -0.25544748 0.57770425 -0.18985797
v -0.26024029 0.58556420 -0.19256809
v -0.25544748 0.58556420 -0.19253278
v -0.25544748 0.58564562 -0.19256809
v -0.25544748 0.59342414 -0.19582787
v -0.24758755 -0.60128403 -0.20120835
v -0.24758755 -0.60033393 -0.20042801
v -0.24758755 -0.59342414 -0.19491392
v -0.24758755 -0.58876520 -0.19256809
v -0.24758755 -0.58556420 -0.19111079
v -0.24758755 -0.57770425 -0.18909754
v -0.24758755 -0.56984437 -0.18785623
v -0.24758755 -0.56198442 -0.18701184
v -0.24758755 -0.55412453 -0.18654908
v -0.24758755 -0.54626459 -0.18633763
v -0.24758755 -0.53840464 -0.18623774
v -0.24758755 -0.53054476 -0.18617447
v -0.24758755 -0.52268481 -0.18613070
v -0.24758755 -0.51482493 -0.18607157
v -0.24758755 -0.50696498 -0.18600309
v -0.24758755 -0.49910507 -0.18593010
v -0.24758755 -0.49124515 -0.18587722
v -0.24758755 -0.48338521 -0.18585874
v -0.24758755 -0.47552529 -0.18583788
v -0.24758755 -0.46766537 -0.18583104
v -0.24758755 -0.45980546 -0.18581125
v -0.24758755 -0.45194551 -0.18580058
v -0.24758755 -0.44408560 -0.18579075
v -0.24758755 -0.43622568 -0.18578823
v -0.24758755 -0.42836577 -0.18579721
v -0.24758755 -0.42050582 -0.18581726
v -0.24758755 -0.41264591 -0.18582325
v -0.24758755 -0.40478599 -0.18581197
v -0.24758755 -0.39692608 -0.18577713
v -0.24758755 -0.38906616 -0.18573079
v -0.24758755 -0.38120621 -0.18570295
v -0.24758755 -0.37334630 -0.18566734
v -0.24758755 -0.36548638 -0.18565018
v -0.24758755 -0.35762647 -0.18563958
v -0.24758755 -0.34976652 -0.18565306
v -0.24758755 -0.34190661 -0.18568401
v -0.24758755 -0.33404669 -0.18570073
v -0.24758755 -0.32618678 -0.18572976
v -0.24758755 -0.31832686 -0.18573198
v -0.24758755 -0.31046692 -0.18575579
v -0.24758755 -0.30260700 -0.18577372
v -0.24758755 -0.29474708 -0.18580064
v -0.24758755 -0.28688717 -0.18580532
v -0.24758755 -0.27902722 -0.18580183
v -0.24758755 -0.27116731 -0.18580484
v -0.24758755 -0.26330739 -0.18581437
v -0.24758755 -0.25544748 -0.18583386
v -0.24758755 -0.24758755 -0.18584988
v -0.24758755 -0.23972763 -0.18587260
v -0.24758755 -0.23186770 -0.18589832
v -0.24758755 -0.22400779 -0.18590342
v -0.24758755 -0.21614785 -0.18592705
v -0.24758755 -0.20828794 -0.18593149
v -0.24758755 -0.20042801 -0.18594132
v -0.24758755 -0.19256809 -0.18595356
v -0.24758755 -0.18470818 -0.18592525
v -0.24758755 -0.17684825 -0.18583128
v -0.24758755 -0.16898833 -0.18576802
v -0.24758755 -0.16112840 -0.18573150
v -0.24758755 -0.15326849 -0.18571962
v -0.24758755 -0.14540856 -0.18571831
v -0.24758755 -0.13754864 -0.18572071
v -0.24758755 -0.12968871 -0.18571764
v -0.24758755 -0.12182879 -0.18573287
v -0.24758755 -0.11396887 -0.18575656
v -0.24758755 -0.10610895 -0.18578595
v -0.24758755 -0.09824903 -0.18581155
v -0.24758755 -0.09038910 -0.18581431
v -0.24758755 -0.08252918 -0.18580897
v -0.24758755 -0.07466926 -0.18580310
v -0.24758755 -0.06680934 -0.18579489
v -0.24758755 -0.05894941 -0.18580736
v -0.24758755 -0.05108950 -0.18582684
v -0.24758755 -0.04322957 -0.18583380
v -0.24758755 -0.03536965 -0.18584442
v -0.24758755 -0.02750973 -0.18585977
v -0.24758755 -0.01964981 -0.18587506
v -0.24758755 -0.01178988 -0.18589155
v -0.24758755 -0.00392996 -0.18588418
v -0.24758755 0.00392996 -0.18587938
v -0.24758755 0.01178988 -0.18586253
v -0.24758755 0.01964981 -0.18584208
v -0.24758755 0.02750973 -0.18583848
v -0.24758755 0.03536965 -0.18584706
v -0.24758755 0.04322957 -0.18586834
v -0.24758755 0.05108950 -0.18588465
v -0.24758755 0.05894941 -0.18590318
v -0.24758755 0.06680934 -0.18591158
v -0.24758755 0.07466926 -0.18592849
v -0.24758755 0.08252918 -0.18594269
v -0.24758755 0.09038910 -0.18594696
v -0.24758755 0.09824903 -0.18593910
v -0.24758755 0.10610895 -0.18591781
v -0.24758755 0.11396887 -0.18591146
v -0.24758755 0.12182879 -0.18590833
v -0.24758755 0.12968871 -0.18591535
v -0.24758755 0.13754864 -0.18594246
v -0.24758755 0.14540856 -0.18597083
v -0.24758755 0.15326849 -0.18599553
v -0.24758755 0.16112840 -0.18601699
v -0.24758755 0.16898833 -0.18606755
v -0.24758755 0.17684825 -0.18611792
v -0.24758755 0.18470818 -0.18612716
v -0.24758755 0.19256809 -0.18612878
v -0.24758755 0.20042801 -0.18616872
v -0.24758755 0.20828794 -0.18614227
v -0.24758755 0.21614785 -0.18604711
v -0.24758755 0.22400779 -0.18596014
v -0.24758755 0.23186770 -0.18590336
v -0.24758755 0.23972763 -0.18586151
v -0.24758755 0.24758755 -0.18583693
v -0.24758755 0.25544748 -0.18580921
v -0.24758755 0.26330739 -0.18579279
v -0.24758755 0.27116731 -0.18578474
v -0.24758755 0.27902722 -0.18577209
v -0.24758755 0.28688717 -0.18576658
v -0.24758755 0.29474708 -0.18575914
v -0.24758755 0.30260700 -0.18574919
v -0.24758755 0.31046692 -0.18572173
v -0.24758755 0.31832686 -0.18569276
v -0.24758755 0.32618678 -0.18567315
v -0.24758755 0.33404669 -0.18566367
v -0.24758755 0.34190661 -0.18566464
v -0.24758755 0.34976652 -0.18567519
v -0.24758755 0.35762647 -0.18568718
v -0.24758755 0.36548638 -0.18570392
v -0.24758755 0.37334630 -0.18571129
v -0.24758755 0.38120621 -0.18572575
v -0.24758755 0.38906616 -0.18576670
v -0.24758755 0.39692608 -0.18581359
v -0.24758755 0.40478599 -0.18581185
v -0.24758755 0.41264591 -0.18577965
v -0.24758755 0.42050582 -0.18576406
v -0.24758755 0.42836577 -0.18577443
v -0.24758755 0.43622568 -0.18580490
v -0.24758755 0.44408560 -0.18583213
v -0.24758755 0.45194551 -0.18587674
v -0.24758755 0.45980546 -0.18590510
v -0.24758755 0.46766537 -0.18592992
v -0.24758755 0.47552529 -0.18596597
v -0.24758755 0.48338521 -0.18601784
v -0.24758755 0.49124515 -0.18606563
v -0.24758755 0.49910507 -0.18614016
v -0.24758755 0.50696498 -0.18617363
v -0.24758755 0.51482493 -0.18620278
v -0.24758755 0.52268481 -0.18626550
v -0.24758755 0.53054476 -0.18638369
v -0.24758755 0.53840464 -0.18652965
v -0.24758755 0.54626459 -0.18676154
v -0.24758755 0.55412453 -0.18709777
v -0.24758755 0.56198442 -0.18764418
v -0.24758755 0.56984437 -0.18838616
v -0.24758755 0.57770425 -0.18976419
v -0.24758755 0.58556420 -0.19250891
v -0.24758755 0.58569783 -0.19256809
v -0.24758755 0.59342414 -0.19592783
v -0.23972763 -0.60128403 -0.20119883
v -0.23972763 -0.60034788 -0.20042801
v -0.23972763 -0.59342414 -0.19490883
v -0.23972763 -0.58869982 -0.19256809
v -0.23972763 -0.58556420 -0.19116344
v -0.23972763 -0.57770425 -0.18917406
v -0.23972763 -0.56984437 -0.18793857
v -0.23972763 -0.56198442 -0.18706755
v -0.23972763 -0.55412453 -0.18659334
v -0.23972763 -0.54626459 -0.18635558
v -0.23972763 -0.53840464 -0.18624918
v -0.23972763 -0.53054476 -0.18618424
v -0.23972763 -0.52268481 -0.18614641
v -0.23972763 -0.51482493 -0.18609789
v -0.23972763 -0.50696498 -0.18602948
v -0.23972763 -0.49910507 -0.18595362
v -0.23972763 -0.49124515 -0.18590121
v -0.23972763 -0.48338521 -0.18587962
v -0.23972763 -0.47552529 -0.18586007
v -0.23972763 -0.46766537 -0.18583560
v -0.23972763 -0.45980546 -0.18582007
v -0.23972763 -0.45194551 -0.18581377
v -0.23972763 -0.44408560 -0.18580280
v -0.23972763 -0.43622568 -0.18580514
v -0.23972763 -0.42836577 -0.18581983
v -0.23972763 -0.42050582 -0.18582642
v -0.23972763 -0.41264591 -0.18583901
v -0.23972763 -0.40478599 -0.18582103
v -0.23972763 -0.39692608 -0.18578696
v -0.23972763 -0.38906616 -0.18574572
v -0.23972763 -0.38120621 -0.18571447
v -0.23972763 -0.37334630 -0.18567495
v -0.23972763 -0.36548638 -0.18565594
v -0.23972763 -0.35762647 -0.18565276
v -0.23972763 -0.34976652 -0.18566398
v -0.23972763 -0.34190661 -0.18568328
v -0.23972763 -0.33404669 -0.18570787
v -0.23972763 -0.32618678 -0.18572220
v -0.23972763 -0.31832686 -0.18573731
v -0.23972763 -0.31046692 -0.18575855
v -0.23972763 -0.30260700 -0.18578379
v -0.23972763 -0.29474708 -0.18579668
v -0.23972763 -0.28688717 -0.18580166
v -0.23972763 -0.27902722 -0.18580663
v -0.23972763 -0.27116731 -0.18580028
v -0.23972763 -0.26330739 -0.18580502
v -0.23972763 -0.25544748 -0.18581492
v -0.23972763 -0.24758755 -0.18583074
v -0.23972763 -0.23972763 -0.18584454
v -0.23972763 -0.23186770 -0.18586606
v -0.23972763 -0.22400779 -0.18588124
v -0.23972763 -0.21614785 -0.18589023
v -0.23972763 -0.20828794 -0.18590000
v -0.23972763 -0.20042801 -0.18591170
v -0.23972763 -0.19256809 -0.18591854
v -0.23972763 -0.18470818 -0.18588831
v -0.23972763 -0.17684825 -0.18580028
v -0.23972763 -0.16898833 -0.18574391
v -0.23972763 -0.16112840 -0.18571369
v -0.23972763 -0.15326849 -0.18569426
v -0.23972763 -0.14540856 -0.18570577
v -0.23972763 -0.13754864 -0.18570043
v -0.23972763 -0.12968871 -0.18569613
v -0.23972763 -0.12182879 -0.18569773
v -0.23972763 -0.11396887 -0.18573053
v -0.23972763 -0.10610895 -0.18574895
v -0.23972763 -0.09824903 -0.18577227
v -0.23972763 -0.09038910 -0.18577497
v -0.23972763 -0.08252918 -0.18576095
v -0.23972763 -0.07466926 -0.18576287
v -0.23972763 -0.06680934 -0.18576160
v -0.23972763 -0.05894941 -0.18576545
v -0.23972763 -0.05108950 -0.18577923
v -0.23972763 -0.04322957 -0.18579914
v -0.23972763 -0.03536965 -0.18580633
v -0.23972763 -0.02750973 -0.18581839
v -0.23972763 -0.01964981 -0.18583494
v -0.23972763 -0.01178988 -0.18584603
v -0.23972763 -0.00392996 -0.18585844
v -0.23972763 0.00392996 -0.18585287
v -0.23972763 0.01178988 -0.18584399
v -0.23972763 0.01964981 -0.18582739
v -0.23972763 0.02750973 -0.18583243
v -0.23972763 0.03536965 -0.18583548
v -0.23972763 0.04322957 -0.18585347
v -0.23972763 0.05108950 -0.18586655
v -0.23972763 0.05894941 -0.18588753
v -0.23972763 0.06680934 -0.18590024
v -0.23972763 0.07466926 -0.18591428
v -0.23972763 0.08252918 -0.18592112
v -0.23972763 0.09038910 -0.18593095
v -0.23972763 0.09824903 -0.18592387
v -0.23972763 0.10610895 -0.18590841
v -0.23972763 0.11396887 -0.18589863
v -0.23972763 0.12182879 -0.18589298
v -0.23972763 0.12968871 -0.18591025
v -0.23972763 0.13754864 -0.18593286
v -0.23972763 0.14540856 -0.18594018
v -0.23972763 0.15326849 -0.18596561
v -0.23972763 0.16112840 -0.18598677
v -0.23972763 0.16898833 -0.18602605
v -0.23972763 0.17684825 -0.18607780
v -0.23972763 0.18470818 -0.18608494
v -0.23972763 0.19256809 -0.18608171
v -0.23972763 0.20042801 -0.18611738
v -0.23972763 0.20828794 -0.18608476
v -0.23972763 0.21614785 -0.18599361
v -0.23972763 0.22400779 -0.18591866
v -0.23972763 0.23186770 -0.18587410
v -0.23972763 0.23972763 -0.18583326
v -0.23972763 0.24758755 -0.18579422
v -0.23972763 0.25544748 -0.18577881
v -0.23972763 0.26330739 -0.18576142
v -0.23972763 0.27116731 -0.18576388
v -0.23972763 0.27902722 -0.18575801
v -0.23972763 0.28688717 -0.18574829
v -0.23972763 0.29474708 -0.18575446
v -0.23972763 0.30260700 -0.18574794
v -0.23972763 0.31046692 -0.18572137
v -0.23972763 0.31832686 -0.18569240
v -0.23972763 0.32618678 -0.18568088
v -0.23972763 0.33404669 -0.18566728
v -0.23972763 0.34190661 -0.18567376
v -0.23972763 0.34976652 -0.18568550
v -0.23972763 0.35762647 -0.18570164
v -0.23972763 0.36548638 -0.18570487
v -0.23972763 0.37334630 -0.18572760
v -0.23972763 0.38120621 -0.18573612
v -0.23972763 0.38906616 -0.18577150
v -0.23972763 0.39692608 -0.18582451
v -0.23972763 0.40478599 -0.18582678
v -0.23972763 0.41264591 -0.18578228
v -0.23972763 0.42050582 -0.18577534
v -0.23972763 0.42836577 -0.18578799
v -0.23972763 0.43622568 -0.18581749
v -0.23972763 0.44408560 -0.18584514
v -0.23972763 0.45194551 -0.18588436
v -0.23972763 0.45980546 -0.18591926
v -0.23972763 0.46766537 -0.18595211
v -0.23972763 0.47552529 -0.18597077
v -0.23972763 0.48338521 -0.18601508
v -0.23972763 0.49124515 -0.18607384
v -0.23972763 0.49910507 -0.18614179
v -0.23972763 0.50696498 -0.18616362
v -0.23972763 0.51482493 -0.18619049
v -0.23972763 0.52268481 -0.18626310
v -0.23972763 0.53054476 -0.18637200
v -0.23972763 0.53840464 -0.18652317
v -0.23972763 0.54626459 -0.18674307
v -0.23972763 0.55412453 -0.18706924
v -0.23972763 0.56198442 -0.18757817
v -0.23972763 0.56984437 -0.18831581
v -0.23972763 0.57770425 -0.18968605
v -0.23972763 0.58556420 -0.19247760
v -0.23972763 0.58576268 -0.19256809
v -0.23972763 0.59342414 -0.19601670
v -0.23186770 -0.60128403 -0.20125172
v -0.23186770 -0.60028589 -0.20042801
v -0.23186770 -0.59342414 -0.19492388
v -0.23186770 -0.58858234 -0.19256809
v -0.23186770 -0.58556420 -0.19123234
v -0.23186770 -0.57770425 -0.18925771
v -0.23186770 -0.56984437 -0.18800399
v -0.23186770 -0.56198442 -0.18709478
v -0.23186770 -0.55412453 -0.18660504
v -0.23186770 -0.54626459 -0.18634945
v -0.23186770 -0.53840464 -0.18623966
v -0.23186770 -0.53054476 -0.18617849
v -0.23186770 -0.52268481 -0.18612884
v -0.23186770 -0.51482493 -0.18609616
v -0.23186770 -0.50696498 -0.18602468
v -0.23186770 -0.49910507 -0.18596111
v -0.23186770 -0.49124515 -0.18590575
v -0.23186770 -0.48338521 -0.18587379
v -0.23186770 -0.47552529 -0.18585947
v -0.23186770 -0.46766537 -0.18584135
v -0.23186770 -0.45980546 -0.18582469
v -0.23186770 -0.45194551 -0.18581294
v -0.23186770 -0.44408560 -0.18580718
v -0.23186770 -0.43622568 -0.18580034
v -0.23186770 -0.42836577 -0.18580867
v -0.23186770 -0.42050582 -0.18582217
v -0.23186770 -0.41264591 -0.18582499
v -0.23186770 -0.40478599 -0.18580429
v -0.23186770 -0.39692608 -0.18577215
v -0.23186770 -0.38906616 -0.18573307
v -0.23186770 -0.38120621 -0.18570146
v -0.23186770 -0.37334630 -0.18566446
v -0.23186770 -0.36548638 -0.18563603
v -0.23186770 -0.35762647 -0.18563321
v -0.23186770 -0.34976652 -0.18564419
v -0.23186770 -0.34190661 -0.18565816
v -0.23186770 -0.33404669 -0.18567957
v -0.23186770 -0.32618678 -0.18569145
v -0.23186770 -0.31832686 -0.18571045
v -0.23186770 -0.31046692 -0.18573354
v -0.23186770 -0.30260700 -0.18574750
v -0.23186770 -0.29474708 -0.18576735
v -0.23186770 -0.28688717 -0.18578008
v -0.23186770 -0.27902722 -0.18577731
v -0.23186770 -0.27116731 -0.18577354
v -0.23186770 -0.26330739 -0.18577558
v -0.23186770 -0.25544748 -0.18578985
v -0.23186770 -0.24758755 -0.18579914
v -0.23186770 -0.23972763 -0.18580844
v -0.23186770 -0.23186770 -0.18583158
v -0.23186770 -0.22400779 -0.18583471
v -0.23186770 -0.21614785 -0.18585376
v -0.23186770 -0.20828794 -0.18586726
v -0.23186770 -0.20042801 -0.18587656
v -0.23186770 -0.19256809 -0.18588807
v -0.23186770 -0.18470818 -0.18585856
v -0.23186770 -0.17684825 -0.18577965
v -0.23186770 -0.16898833 -0.18572083
v -0.23186770 -0.16112840 -0.18568940
v -0.23186770 -0.15326849 -0.18568431
v -0.23186770 -0.14540856 -0.18568070
v -0.23186770 -0.13754864 -0.18567927
v -0.23186770 -0.12968871 -0.18568568
v -0.23186770 -0.12182879 -0.18569101
v -0.23186770 -0.11396887 -0.18571255
v -0.23186770 -0.10610895 -0.18573408
v -0.23186770 -0.09824903 -0.18574877
v -0.23186770 -0.09038910 -0.18575327
v -0.23186770 -0.08252918 -0.18574697
v -0.23186770 -0.07466926 -0.18573456
v -0.23186770 -0.06680934 -0.18573810
v -0.23186770 -0.05894941 -0.18574528
v -0.23186770 -0.05108950 -0.18575807
v -0.23186770 -0.04322957 -0.18577869
v -0.23186770 -0.03536965 -0.18578985
v -0.23186770 -0.02750973 -0.18579993
v -0.23186770 -0.01964981 -0.18581899
v -0.23186770 -0.01178988 -0.18583296
v -0.23186770 -0.00392996 -0.18584292
v -0.23186770 0.00392996 -0.18584016
v -0.23186770 0.01178988 -0.18584208
v -0.23186770 0.01964981 -0.18582852
v -0.23186770 0.02750973 -0.18582799
v -0.23186770 0.03536965 -0.18582660
v -0.23186770 0.04322957 -0.18584958
v -0.23186770 0.05108950 -0.18587506
v -0.23186770 0.05894941 -0.18588910
v -0.23186770 0.06680934 -0.18590048
v -0.23186770 0.07466926 -0.18590726
v -0.23186770 0.08252918 -0.18591991
v -0.23186770 0.09038910 -0.18592909
v -0.23186770 0.09824903 -0.18593179
v -0.23186770 0.10610895 -0.18590744
v -0.23186770 0.11396887 -0.18589532
v -0.23186770 0.12182879 -0.18589766
v -0.23186770 0.12968871 -0.18591002
v -0.23186770 0.13754864 -0.18592322
v -0.23186770 0.14540856 -0.18593833
v -0.23186770 0.15326849 -0.18595247
v -0.23186770 0.16112840 -0.18597269
v -0.23186770 0.16898833 -0.18602060
v -0.23186770 0.17684825 -0.18604860
v -0.23186770 0.18470818 -0.18606113
v -0.23186770 0.19256809 -0.18606251
v -0.23186770 0.20042801 -0.18608500
v -0.23186770 0.20828794 -0.18605159
v -0.23186770 0.21614785 -0.18596926
v -0.23186770 0.22400779 -0.18591002
v -0.23186770 0.23186770 -0.18586193
v -0.23186770 0.23972763 -0.18583296
v -0.23186770 0.24758755 -0.18579783
v -0.23186770 0.25544748 -0.18577863
v -0.23186770 0.26330739 -0.18576214
v -0.23186770 0.27116731 -0.18576448
v -0.23186770 0.27902722 -0.18577401
v -0.23186770 0.28688717 -0.18576735
v -0.23186770 0.29474708 -0.18576328
v -0.23186770 0.30260700 -0.18575014
v -0.23186770 0.31046692 -0.18573426
v -0.23186770 0.31832686 -0.18571512
v -0.23186770 0.32618678 -0.18569803
v -0.23186770 0.33404669 -0.18568239
v -0.23186770 0.34190661 -0.18569101
v -0.23186770 0.34976652 -0.18569948
v -0.23186770 0.35762647 -0.18571597
v -0.23186770 0.36548638 -0.18572892
v -0.23186770 0.37334630 -0.18574516
v -0.23186770 0.38120621 -0.18574972
v -0.23186770 0.38906616 -0.18578714
v -0.23186770 0.39692608 -0.18583104
v -0.23186770 0.40478599 -0.18582366
v -0.23186770 0.41264591 -0.18578655
v -0.23186770 0.42050582 -0.18576670
v -0.23186770 0.42836577 -0.18578781
v -0.23186770 0.43622568 -0.18581688
v -0.23186770 0.44408560 -0.18584093
v -0.23186770 0.45194551 -0.18587680
v -0.23186770 0.45980546 -0.18591194
v -0.23186770 0.46766537 -0.18593970
v -0.23186770 0.47552529 -0.18596339
v -0.23186770 0.48338521 -0.18600452
v -0.23186770 0.49124515 -0.18605724
v -0.23186770 0.49910507 -0.18612218
v -0.23186770 0.50696498 -0.18614143
v -0.23186770 0.51482493 -0.18616860
v -0.23186770 0.52268481 -0.18623348
v -0.23186770 0.53054476 -0.18634124
v -0.23186770 0.53840464 -0.18648198
v -0.23186770 0.54626459 -0.18670331
v -0.23186770 0.55412453 -0.18702173
v -0.23186770 0.56198442 -0.18753330
v -0.23186770 0.56984437 -0.18825339
v -0.23186770 0.57770425 -0.18962722
v -0.23186770 0.58556420 -0.19245093
v -0.23186770 0.58581585 -0.19256809
v -0.23186770 0.59342414 -0.19607319
v -0.22400779 -0.60128403 -0.20127743
v -0.22400779 -0.60026336 -0.20042801
v -0.22400779 -0.59342414 -0.19487242
v -0.22400779 -0.58864677 -0.19256809
v -0.22400779 -0.58556420 -0.19122095
v -0.22400779 -0.57770425 -0.18925974
v -0.22400779 -0.56984437 -0.18798293
v -0.22400779 -0.56198442 -0.18705940
v -0.22400779 -0.55412453 -0.18655531
v -0.22400779 -0.54626459 -0.18631354
v -0.22400779 -0.53840464 -0.18619372
v -0.22400779 -0.53054476 -0.18612745
v -0.22400779 -0.52268481 -0.18607661
v -0.22400779 -0.51482493 -0.18603139
v -0.22400779 -0.50696498 -0.18598828
v -0.22400779 -0.49910507 -0.18592225
v -0.22400779 -0.49124515 -0.18587434
v -0.22400779 -0.48338521 -0.18585107
v -0.22400779 -0.47552529 -0.18583584
v -0.22400779 -0.46766537 -0.18581419
v -0.22400779 -0.45980546 -0.18579501
v -0.22400779 -0.45194551 -0.18578732
v -0.22400779 -0.44408560 -0.18577132
v -0.22400779 -0.43622568 -0.18577348
v -0.22400779 -0.42836577 -0.18577582
v -0.22400779 -0.42050582 -0.18578517
v -0.22400779 -0.41264591 -0.18579578
v -0.22400779 -0.40478599 -0.18577516
v -0.22400779 -0.39692608 -0.18573971
v -0.22400779 -0.38906616 -0.18569888
v -0.22400779 -0.38120621 -0.18565913
v -0.22400779 -0.37334630 -0.18562740
v -0.22400779 -0.36548638 -0.18559855
v -0.22400779 -0.35762647 -0.18558674
v -0.22400779 -0.34976652 -0.18559591
v -0.22400779 -0.34190661 -0.18561985
v -0.22400779 -0.33404669 -0.18563303
v -0.22400779 -0.32618678 -0.18565144
v -0.22400779 -0.31832686 -0.18566446
v -0.22400779 -0.31046692 -0.18569168
v -0.22400779 -0.30260700 -0.18570547
v -0.22400779 -0.29474708 -0.18573029
v -0.22400779 -0.28688717 -0.18574865
v -0.22400779 -0.27902722 -0.18573011
v -0.22400779 -0.27116731 -0.18573612
v -0.22400779 -0.26330739 -0.18574332
v -0.22400779 -0.25544748 -0.18575206
v -0.22400779 -0.24758755 -0.18575686
v -0.22400779 -0.23972763 -0.18577179
v -0.22400779 -0.23186770 -0.18578751
v -0.22400779 -0.22400779 -0.18580292
v -0.22400779 -0.21614785 -0.18581653
v -0.22400779 -0.20828794 -0.18583836
v -0.22400779 -0.20042801 -0.18584532
v -0.22400779 -0.19256809 -0.18586025
v -0.22400779 -0.18470818 -0.18582769
v -0.22400779 -0.17684825 -0.18574865
v -0.22400779 -0.16898833 -0.18569204
v -0.22400779 -0.16112840 -0.18567196
v -0.22400779 -0.15326849 -0.18566674
v -0.22400779 -0.14540856 -0.18566668
v -0.22400779 -0.13754864 -0.18566410
v -0.22400779 -0.12968871 -0.18566704
v -0.22400779 -0.12182879 -0.18566871
v -0.22400779 -0.11396887 -0.18569960
v -0.22400779 -0.10610895 -0.18571633
v -0.22400779 -0.09824903 -0.18573174
v -0.22400779 -0.09038910 -0.18573408
v -0.22400779 -0.08252918 -0.18572448
v -0.22400779 -0.07466926 -0.18573035
v -0.22400779 -0.06680934 -0.18572694
v -0.22400779 -0.05894941 -0.18572898
v -0.22400779 -0.05108950 -0.18574560
v -0.22400779 -0.04322957 -0.18576142
v -0.22400779 -0.03536965 -0.18577485
v -0.22400779 -0.02750973 -0.18578151
v -0.22400779 -0.01964981 -0.18580005
v -0.22400779 -0.01178988 -0.18582547
v -0.22400779 -0.00392996 -0.18582438
v -0.22400779 0.00392996 -0.18583901
v -0.22400779 0.01178988 -0.18583901
v -0.22400779 0.01964981 -0.18582882
v -0.22400779 0.02750973 -0.18582354
v -0.22400779 0.03536965 -0.18583710
v -0.22400779 0.04322957 -0.18585394
v -0.22400779 0.05108950 -0.18587632
v -0.22400779 0.05894941 -0.18589497
v -0.22400779 0.06680934 -0.18590084
v -0.22400779 0.07466926 -0.18590960
v -0.22400779 0.08252918 -0.18592812
v -0.22400779 0.09038910 -0.18593833
v -0.22400779 0.09824903 -0.18592758
v -0.22400779 0.10610895 -0.18590595
v -0.22400779 0.11396887 -0.18589298
v -0.22400779 0.12182879 -0.18589425
v -0.22400779 0.12968871 -0.18591008
v -0.22400779 0.13754864 -0.18592021
v -0.22400779 0.14540856 -0.18593736
v -0.22400779 0.15326849 -0.18595247
v -0.22400779 0.16112840 -0.18597053
v -0.22400779 0.16898833 -0.18600525
v -0.22400779 0.17684825 -0.18604907
v -0.22400779 0.18470818 -0.18606479
v -0.22400779 0.19256809 -0.18606131
v -0.22400779 0.20042801 -0.18607624
v -0.22400779 0.20828794 -0.18604146
v -0.22400779 0.21614785 -0.18596573
v -0.22400779 0.22400779 -0.18591061
v -0.22400779 0.23186770 -0.18587476
v -0.22400779 0.23972763 -0.18583189
v -0.22400779 0.24758755 -0.18581048
v -0.22400779 0.25544748 -0.18578991
v -0.22400779 0.26330739 -0.18578234
v -0.22400779 0.27116731 -0.18578835
v -0.22400779 0.27902722 -0.18577768
v -0.22400779 0.28688717 -0.18578272
v -0.22400779 0.29474708 -0.18578523
v -0.22400779 0.30260700 -0.18576705
v -0.22400779 0.31046692 -0.18575026
v -0.22400779 0.31832686 -0.18573029
v -0.22400779 0.32618678 -0.18570721
v -0.22400779 0.33404669 -0.18570110
v -0.22400779 0.34190661 -0.18569726
v -0.22400779 0.34976652 -0.18571213
v -0.22400779 0.35762647 -0.18573029
v -0.22400779 0.36548638 -0.18573456
v -0.22400779 0.37334630 -0.18574756
v -0.22400779 0.38120621 -0.18575855
v -0.22400779 0.38906616 -0.18579386
v -0.22400779 0.39692608 -0.18583104
v -0.22400779 0.40478599 -0.18581431
v -0.22400779 0.41264591 -0.18577857
v -0.22400779 0.42050582 -0.18575825
v -0.22400779 0.42836577 -0.18576927
v -0.22400779 0.43622568 -0.18579344
v -0.22400779 0.44408560 -0.18583356
v -0.22400779 0.45194551 -0.18586312
v -0.22400779 0.45980546 -0.18588999
v -0.22400779 0.46766537 -0.18591295
v -0.22400779 0.47552529 -0.18593730
v -0.22400779 0.48338521 -0.18597335
v -0.22400779 0.49124515 -0.18603085
v -0.22400779 0.49910507 -0.18609004
v -0.22400779 0.50696498 -0.18610869
v -0.22400779 0.51482493 -0.18612111
v -0.22400779 0.52268481 -0.18618700
v -0.22400779 0.53054476 -0.18628943
v -0.22400779 0.53840464 -0.18643287
v -0.22400779 0.54626459 -0.18664743
v -0.22400779 0.55412453 -0.18698108
v -0.22400779 0.56198442 -0.18747923
v -0.22400779 0.56984437 -0.18817933
v -0.22400779 0.57770425 -0.18955082
v -0.22400779 0.58556420 -0.19237386
v -0.22400779 0.58597630 -0.19256809
v -0.22400779 0.59342414 -0.19603781
v -0.21614785 -0.60128403 -0.20126300
v -0.21614785 -0.60029525 -0.20042801
v -0.21614785 -0.59342414 -0.19476785
v -0.21614785 -0.58894396 -0.19256809
v -0.21614785 -0.58556420 -0.19108158
v -0.21614785 -0.57770425 -0.18914784
v -0.21614785 -0.56984437 -0.18787518
v -0.21614785 -0.56198442 -0.18698017
v -0.21614785 -0.55412453 -0.18649745
v -0.21614785 -0.54626459 -0.18626118
v -0.21614785 -0.53840464 -0.18615109
v -0.21614785 -0.53054476 -0.18607990
v -0.21614785 -0.52268481 -0.18603162
v -0.21614785 -0.51482493 -0.18598846
v -0.21614785 -0.50696498 -0.18594840
v -0.21614785 -0.49910507 -0.18588860
v -0.21614785 -0.49124515 -0.18583889
v -0.21614785 -0.48338521 -0.18582624
v -0.21614785 -0.47552529 -0.18580130
v -0.21614785 -0.46766537 -0.18578841
v -0.21614785 -0.45980546 -0.18576741
v -0.21614785 -0.45194551 -0.18575093
v -0.21614785 -0.44408560 -0.18573947
v -0.21614785 -0.43622568 -0.18574756
v -0.21614785 -0.42836577 -0.18575045
v -0.21614785 -0.42050582 -0.18575272
v -0.21614785 -0.41264591 -0.18575938
v -0.21614785 -0.40478599 -0.18574283
v -0.21614785 -0.39692608 -0.18570673
v -0.21614785 -0.38906616 -0.18566787
v -0.21614785 -0.38120621 -0.18562806
v -0.21614785 -0.37334630 -0.18559112
v -0.21614785 -0.36548638 -0.18556617
v -0.21614785 -0.35762647 -0.18555796
v -0.21614785 -0.34976652 -0.18557367
v -0.21614785 -0.34190661 -0.18558326
v -0.21614785 -0.33404669 -0.18560635
v -0.21614785 -0.32618678 -0.18561949
v -0.21614785 -0.31832686 -0.18564047
v -0.21614785 -0.31046692 -0.18566050
v -0.21614785 -0.30260700 -0.18568334
v -0.21614785 -0.29474708 -0.18570727
v -0.21614785 -0.28688717 -0.18571243
v -0.21614785 -0.27902722 -0.18571633
v -0.21614785 -0.27116731 -0.18571112
v -0.21614785 -0.26330739 -0.18571320
v -0.21614785 -0.25544748 -0.18572496
v -0.21614785 -0.24758755 -0.18573198
v -0.21614785 -0.23972763 -0.18574163
v -0.21614785 -0.23186770 -0.18576178
v -0.21614785 -0.22400779 -0.18577743
v -0.21614785 -0.21614785 -0.18579578
v -0.21614785 -0.20828794 -0.18581323
v -0.21614785 -0.20042801 -0.18582541
v -0.21614785 -0.19256809 -0.18583578
v -0.21614785 -0.18470818 -0.18580610
v -0.21614785 -0.17684825 -0.18574205
v -0.21614785 -0.16898833 -0.18568550
v -0.21614785 -0.16112840 -0.18566115
v -0.21614785 -0.15326849 -0.18565480
v -0.21614785 -0.14540856 -0.18566158
v -0.21614785 -0.13754864 -0.18566589
v -0.21614785 -0.12968871 -0.18566962
v -0.21614785 -0.12182879 -0.18567897
v -0.21614785 -0.11396887 -0.18568905
v -0.21614785 -0.10610895 -0.18571346
v -0.21614785 -0.09824903 -0.18573521
v -0.21614785 -0.09038910 -0.18573372
v -0.21614785 -0.08252918 -0.18572634
v -0.21614785 -0.07466926 -0.18572107
v -0.21614785 -0.06680934 -0.18571903
v -0.21614785 -0.05894941 -0.18572815
v -0.21614785 -0.05108950 -0.18574086
v -0.21614785 -0.04322957 -0.18575531
v -0.21614785 -0.03536965 -0.18576957
v -0.21614785 -0.02750973 -0.18579721
v -0.21614785 -0.01964981 -0.18580736
v -0.21614785 -0.01178988 -0.18583243
v -0.21614785 -0.00392996 -0.18583710
v -0.21614785 0.00392996 -0.18585059
v -0.21614785 0.01178988 -0.18584867
v -0.21614785 0.01964981 -0.18584232
v -0.21614785 0.02750973 -0.18584454
v -0.21614785 0.03536965 -0.18584760
v -0.21614785 0.04322957 -0.18587020
v -0.21614785 0.05108950 -0.18589346
v -0.21614785 0.05894941 -0.18590888
v -0.21614785 0.06680934 -0.18591577
v -0.21614785 0.07466926 -0.18592507
v -0.21614785 0.08252918 -0.18594114
v -0.21614785 0.09038910 -0.18594378
v -0.21614785 0.09824903 -0.18593670
v -0.21614785 0.10610895 -0.18591535
v -0.21614785 0.11396887 -0.18590522
v -0.21614785 0.12182879 -0.18589509
v -0.21614785 0.12968871 -0.18590373
v -0.21614785 0.13754864 -0.18591854
v -0.21614785 0.14540856 -0.18593046
v -0.21614785 0.15326849 -0.18593796
v -0.21614785 0.16112840 -0.18596555
v -0.21614785 0.16898833 -0.18599799
v -0.21614785 0.17684825 -0.18603979
v -0.21614785 0.18470818 -0.18605603
v -0.21614785 0.19256809 -0.18605094
v -0.21614785 0.20042801 -0.18606551
v -0.21614785 0.20828794 -0.18603235
v -0.21614785 0.21614785 -0.18595824
v -0.21614785 0.22400779 -0.18591061
v -0.21614785 0.23186770 -0.18587680
v -0.21614785 0.23972763 -0.18583356
v -0.21614785 0.24758755 -0.18581054
v -0.21614785 0.25544748 -0.18579039
v -0.21614785 0.26330739 -0.18577828
v -0.21614785 0.27116731 -0.18578289
v -0.21614785 0.27902722 -0.18578355
v -0.21614785 0.28688717 -0.18578056
v -0.21614785 0.29474708 -0.18577611
v -0.21614785 0.30260700 -0.18576664
v -0.21614785 0.31046692 -0.18574595
v -0.21614785 0.31832686 -0.18572161
v -0.21614785 0.32618678 -0.18570662
v -0.21614785 0.33404669 -0.18569708
v -0.21614785 0.34190661 -0.18569210
v -0.21614785 0.34976652 -0.18570188
v -0.21614785 0.35762647 -0.18572280
v -0.21614785 0.36548638 -0.18572143
v -0.21614785 0.37334630 -0.18572778
v -0.21614785 0.38120621 -0.18575002
v -0.21614785 0.38906616 -0.18577497
v -0.21614785 0.39692608 -0.18580393
v -0.21614785 0.40478599 -0.18579188
v -0.21614785 0.41264591 -0.18575081
v -0.21614785 0.42050582 -0.18572982
v -0.21614785 0.42836577 -0.18574362
v -0.21614785 0.43622568 -0.18576501
v -0.21614785 0.44408560 -0.18579021
v -0.21614785 0.45194551 -0.18583021
v -0.21614785 0.45980546 -0.18585509
v -0.21614785 0.46766537 -0.18587974
v -0.21614785 0.47552529 -0.18590403
v -0.21614785 0.48338521 -0.18592753
v -0.21614785 0.49124515 -0.18599026
v -0.21614785 0.49910507 -0.18605292
v -0.21614785 0.50696498 -0.18606174
v -0.21614785 0.51482493 -0.18607901
v -0.21614785 0.52268481 -0.18613999
v -0.21614785 0.53054476 -0.18624319
v -0.21614785 0.53840464 -0.18638633
v -0.21614785 0.54626459 -0.18660557
v -0.21614785 0.55412453 -0.18692087
v -0.21614785 0.56198442 -0.18740234
v -0.21614785 0.56984437 -0.18809891
v -0.21614785 0.57770425 -0.18943238
v -0.21614785 0.58556420 -0.19225758
v -0.21614785 0.58621448 -0.19256809
v -0.21614785 0.59342414 -0.19594853
v -0.20828794 -0.60128403 -0.20120224
v -0.20828794 -0.60037553 -0.20042801
v -0.20828794 -0.59342414 -0.19464628
v -0.20828794 -0.58916777 -0.19256809
v -0.20828794 -0.58556420 -0.19100364
v -0.20828794 -0.57770425 -0.18906300
v -0.20828794 -0.56984437 -0.18780562
v -0.20828794 -0.56198442 -0.18693407
v -0.20828794 -0.55412453 -0.18647082
v -0.20828794 -0.54626459 -0.18624061
v -0.20828794 -0.53840464 -0.18612440
v -0.20828794 -0.53054476 -0.18606131
v -0.20828794 -0.52268481 -0.18601736
v -0.20828794 -0.51482493 -0.18597232
v -0.20828794 -0.50696498 -0.18592681
v -0.20828794 -0.49910507 -0.18586552
v -0.20828794 -0.49124515 -0.18582709
v -0.20828794 -0.48338521 -0.18580322
v -0.20828794 -0.47552529 -0.18578936
v -0.20828794 -0.46766537 -0.18577959
v -0.20828794 -0.45980546 -0.18575974
v -0.20828794 -0.45194551 -0.18575212
v -0.20828794 -0.44408560 -0.18574205
v -0.20828794 -0.43622568 -0.18574151
v -0.20828794 -0.42836577 -0.18574187
v -0.20828794 -0.42050582 -0.18574788
v -0.20828794 -0.41264591 -0.18575327
v -0.20828794 -0.40478599 -0.18574193
v -0.20828794 -0.39692608 -0.18570709
v -0.20828794 -0.38906616 -0.18566956
v -0.20828794 -0.38120621 -0.18563460
v -0.20828794 -0.37334630 -0.18559328
v -0.20828794 -0.36548638 -0.18555519
v -0.20828794 -0.35762647 -0.18555526
v -0.20828794 -0.34976652 -0.18556048
v -0.20828794 -0.34190661 -0.18558194
v -0.20828794 -0.33404669 -0.18559988
v -0.20828794 -0.32618678 -0.18561870
v -0.20828794 -0.31832686 -0.18562794
v -0.20828794 -0.31046692 -0.18566710
v -0.20828794 -0.30260700 -0.18567741
v -0.20828794 -0.29474708 -0.18570061
v -0.20828794 -0.28688717 -0.18572077
v -0.20828794 -0.27902722 -0.18572298
v -0.20828794 -0.27116731 -0.18571915
v -0.20828794 -0.26330739 -0.18571290
v -0.20828794 -0.25544748 -0.18571921
v -0.20828794 -0.24758755 -0.18572958
v -0.20828794 -0.23972763 -0.18574025
v -0.20828794 -0.23186770 -0.18576196
v -0.20828794 -0.22400779 -0.18577173
v -0.20828794 -0.21614785 -0.18579884
v -0.20828794 -0.20828794 -0.18581036
v -0.20828794 -0.20042801 -0.18582396
v -0.20828794 -0.19256809 -0.18584393
v -0.20828794 -0.18470818 -0.18581726
v -0.20828794 -0.17684825 -0.18574750
v -0.20828794 -0.16898833 -0.18570428
v -0.20828794 -0.16112840 -0.18568437
v -0.20828794 -0.15326849 -0.18567602
v -0.20828794 -0.14540856 -0.18568389
v -0.20828794 -0.13754864 -0.18568167
v -0.20828794 -0.12968871 -0.18568748
v -0.20828794 -0.12182879 -0.18569738
v -0.20828794 -0.11396887 -0.18572496
v -0.20828794 -0.10610895 -0.18573438
v -0.20828794 -0.09824903 -0.18575567
v -0.20828794 -0.09038910 -0.18576352
v -0.20828794 -0.08252918 -0.18574931
v -0.20828794 -0.07466926 -0.18573894
v -0.20828794 -0.06680934 -0.18573269
v -0.20828794 -0.05894941 -0.18573834
v -0.20828794 -0.05108950 -0.18575297
v -0.20828794 -0.04322957 -0.18576340
v -0.20828794 -0.03536965 -0.18578535
v -0.20828794 -0.02750973 -0.18580526
v -0.20828794 -0.01964981 -0.18581647
v -0.20828794 -0.01178988 -0.18584298
v -0.20828794 -0.00392996 -0.18585180
v -0.20828794 0.00392996 -0.18586996
v -0.20828794 0.01178988 -0.18587212
v -0.20828794 0.01964981 -0.18586498
v -0.20828794 0.02750973 -0.18586750
v -0.20828794 0.03536965 -0.18588267
v -0.20828794 0.04322957 -0.18589838
v -0.20828794 0.05108950 -0.18591955
v -0.20828794 0.05894941 -0.18592201
v -0.20828794 0.06680934 -0.18593724
v -0.20828794 0.07466926 -0.18593581
v -0.20828794 0.08252918 -0.18594798
v -0.20828794 0.09038910 -0.18594779
v -0.20828794 0.09824903 -0.18594378
v -0.20828794 0.10610895 -0.18593004
v -0.20828794 0.11396887 -0.18590127
v -0.20828794 0.12182879 -0.18589863
v -0.20828794 0.12968871 -0.18590258
v -0.20828794 0.13754864 -0.18592094
v -0.20828794 0.14540856 -0.18592849
v -0.20828794 0.15326849 -0.18593286
v -0.20828794 0.16112840 -0.18595757
v -0.20828794 0.16898833 -0.18598725
v -0.20828794 0.17684825 -0.18602288
v -0.20828794 0.18470818 -0.18603961
v -0.20828794 0.19256809 -0.18603985
v -0.20828794 0.20042801 -0.18605167
v -0.20828794 0.20828794 -0.18599980
v -0.20828794 0.21614785 -0.18595205
v -0.20828794 0.22400779 -0.18589251
v -0.20828794 0.23186770 -0.18585689
v -0.20828794 0.23972763 -0.18582487
v -0.20828794 0.24758755 -0.18579051
v -0.20828794 0.25544748 -0.18577845
v -0.20828794 0.26330739 -0.18576916
v -0.20828794 0.27116731 -0.18576580
v -0.20828794 0.27902722 -0.18576622
v -0.20828794 0.28688717 -0.18577138
v -0.20828794 0.29474708 -0.18577221
v -0.20828794 0.30260700 -0.18575531
v -0.20828794 0.31046692 -0.18573269
v -0.20828794 0.31832686 -0.18570386
v -0.20828794 0.32618678 -0.18568946
v -0.20828794 0.33404669 -0.18567309
v -0.20828794 0.34190661 -0.18567836
v -0.20828794 0.34976652 -0.18568586
v -0.20828794 0.35762647 -0.18570091
v -0.20828794 0.36548638 -0.18570793
v -0.20828794 0.37334630 -0.18571542
v -0.20828794 0.38120621 -0.18571933
v -0.20828794 0.38906616 -0.18574865
v -0.20828794 0.39692608 -0.18577947
v -0.20828794 0.40478599 -0.18575861
v -0.20828794 0.41264591 -0.18571867
v -0.20828794 0.42050582 -0.18570140
v -0.20828794 0.42836577 -0.18570049
v -0.20828794 0.43622568 -0.18573067
v -0.20828794 0.44408560 -0.18576047
v -0.20828794 0.45194551 -0.18580724
v -0.20828794 0.45980546 -0.18582600
v -0.20828794 0.46766537 -0.18585485
v -0.20828794 0.47552529 -0.18587393
v -0.20828794 0.48338521 -0.18590726
v -0.20828794 0.49124515 -0.18596028
v -0.20828794 0.49910507 -0.18603085
v -0.20828794 0.50696498 -0.18604632
v -0.20828794 0.51482493 -0.18606216
v -0.20828794 0.52268481 -0.18611240
v -0.20828794 0.53054476 -0.18621339
v -0.20828794 0.53840464 -0.18635766
v -0.20828794 0.54626459 -0.18657535
v -0.20828794 0.55412453 -0.18688093
v -0.20828794 0.56198442 -0.18734856
v -0.20828794 0.56984437 -0.18800266
v -0.20828794 0.57770425 -0.18928248
v -0.20828794 0.58556420 -0.19208783
v -0.20828794 0.58656466 -0.19256809
v -0.20828794 0.59342414 -0.19579914
v -0.20042801 -0.60128403 -0.20108476
v -0.20042801 -0.60051215 -0.20042801
v -0.20042801 -0.59342414 -0.19454482
v -0.20042801 -0.58935112 -0.19256809
v -0.20042801 -0.58556420 -0.19094282
v -0.20042801 -0.57770425 -0.18902564
v -0.20042801 -0.56984437 -0.18778379
v -0.20042801 -0.56198442 -0.18691553
v -0.20042801 -0.55412453 -0.18645601
v -0.20042801 -0.54626459 -0.18622005
v -0.20042801 -0.53840464 -0.18611649
v -0.20042801 -0.53054476 -0.18605597
v -0.20042801 -0.52268481 -0.18600135
v -0.20042801 -0.51482493 -0.18596298
v -0.20042801 -0.50696498 -0.18592909
v -0.20042801 -0.49910507 -0.18586384
v -0.20042801 -0.49124515 -0.18582571
v -0.20042801 -0.48338521 -0.18581383
v -0.20042801 -0.47552529 -0.18579392
v -0.20042801 -0.46766537 -0.18578894
v -0.20042801 -0.45980546 -0.18577905
v -0.20042801 -0.45194551 -0.18576501
v -0.20042801 -0.44408560 -0.18575543
v -0.20042801 -0.43622568 -0.18576148
v -0.20042801 -0.42836577 -0.18576160
v -0.20042801 -0.42050582 -0.18577084
v -0.20042801 -0.41264591 -0.18577623
v -0.20042801 -0.40478599 -0.18576382
v -0.20042801 -0.39692608 -0.18571764
v -0.20042801 -0.38906616 -0.18568467
v -0.20042801 -0.38120621 -0.18564533
v -0.20042801 -0.37334630 -0.18560779
v -0.20042801 -0.36548638 -0.18557972
v -0.20042801 -0.35762647 -0.18557402
v -0.20042801 -0.34976652 -0.18557799
v -0.20042801 -0.34190661 -0.18559250
v -0.20042801 -0.33404669 -0.18561265
v -0.20042801 -0.32618678 -0.18563069
v -0.20042801 -0.31832686 -0.18564209
v -0.20042801 -0.31046692 -0.18567136
v -0.20042801 -0.30260700 -0.18569779
v -0.20042801 -0.29474708 -0.18571855
v -0.20042801 -0.28688717 -0.18572862
v -0.20042801 -0.27902722 -0.18572946
v -0.20042801 -0.27116731 -0.18572143
v -0.20042801 -0.26330739 -0.18571639
v -0.20042801 -0.25544748 -0.18572448
v -0.20042801 -0.24758755 -0.18574181
v -0.20042801 -0.23972763 -0.18574457
v -0.20042801 -0.23186770 -0.18575914
v -0.20042801 -0.22400779 -0.18577947
v -0.20042801 -0.21614785 -0.18579938
v -0.20042801 -0.20828794 -0.18582337
v -0.20042801 -0.20042801 -0.18583524
v -0.20042801 -0.19256809 -0.18585725
v -0.20042801 -0.18470818 -0.18583326
v -0.20042801 -0.17684825 -0.18576598
v -0.20042801 -0.16898833 -0.18571633
v -0.20042801 -0.16112840 -0.18569534
v -0.20042801 -0.15326849 -0.18569557
v -0.20042801 -0.14540856 -0.18569960
v -0.20042801 -0.13754864 -0.18570577
v -0.20042801 -0.12968871 -0.18571639
v -0.20042801 -0.12182879 -0.18573251
v -0.20042801 -0.11396887 -0.18574572
v -0.20042801 -0.10610895 -0.18575650
v -0.20042801 -0.09824903 -0.18576856
v -0.20042801 -0.09038910 -0.18577911
v -0.20042801 -0.08252918 -0.18577042
v -0.20042801 -0.07466926 -0.18576261
v -0.20042801 -0.06680934 -0.18575224
v -0.20042801 -0.05894941 -0.18575512
v -0.20042801 -0.05108950 -0.18576065
v -0.20042801 -0.04322957 -0.18577671
v -0.20042801 -0.03536965 -0.18578565
v -0.20042801 -0.02750973 -0.18580393
v -0.20042801 -0.01964981 -0.18582174
v -0.20042801 -0.01178988 -0.18584304
v -0.20042801 -0.00392996 -0.18585832
v -0.20042801 0.00392996 -0.18587692
v -0.20042801 0.01178988 -0.18588519
v -0.20042801 0.01964981 -0.18588184
v -0.20042801 0.02750973 -0.18588717
v -0.20042801 0.03536965 -0.18589520
v -0.20042801 0.04322957 -0.18590660
v -0.20042801 0.05108950 -0.18592548
v -0.20042801 0.05894941 -0.18593532
v -0.20042801 0.06680934 -0.18594348
v -0.20042801 0.07466926 -0.18595001
v -0.20042801 0.08252918 -0.18595205
v -0.20042801 0.09038910 -0.18595996
v -0.20042801 0.09824903 -0.18594636
v -0.20042801 0.10610895 -0.18592717
v -0.20042801 0.11396887 -0.18591152
v -0.20042801 0.12182879 -0.18590109
v -0.20042801 0.12968871 -0.18590234
v -0.20042801 0.13754864 -0.18591620
v -0.20042801 0.14540856 -0.18592776
v -0.20042801 0.15326849 -0.18592921
v -0.20042801 0.16112840 -0.18594533
v -0.20042801 0.16898833 -0.18597868
v -0.20042801 0.17684825 -0.18601274
v -0.20042801 0.18470818 -0.18602665
v -0.20042801 0.19256809 -0.18602563
v -0.20042801 0.20042801 -0.18602839
v -0.20042801 0.20828794 -0.18598695
v -0.20042801 0.21614785 -0.18592435
v -0.20042801 0.22400779 -0.18587230
v -0.20042801 0.23186770 -0.18582876
v -0.20042801 0.23972763 -0.18580148
v -0.20042801 0.24758755 -0.18577276
v -0.20042801 0.25544748 -0.18575069
v -0.20042801 0.26330739 -0.18574199
v -0.20042801 0.27116731 -0.18574625
v -0.20042801 0.27902722 -0.18574080
v -0.20042801 0.28688717 -0.18575272
v -0.20042801 0.29474708 -0.18575105
v -0.20042801 0.30260700 -0.18574080
v -0.20042801 0.31046692 -0.18570925
v -0.20042801 0.31832686 -0.18569282
v -0.20042801 0.32618678 -0.18567657
v -0.20042801 0.33404669 -0.18566367
v -0.20042801 0.34190661 -0.18567105
v -0.20042801 0.34976652 -0.18567531
v -0.20042801 0.35762647 -0.18569198
v -0.20042801 0.36548638 -0.18569779
v -0.20042801 0.37334630 -0.18570523
v -0.20042801 0.38120621 -0.18571489
v -0.20042801 0.38906616 -0.18574487
v -0.20042801 0.39692608 -0.18576892
v -0.20042801 0.40478599 -0.18574679
v -0.20042801 0.41264591 -0.18570110
v -0.20042801 0.42050582 -0.18568119
v -0.20042801 0.42836577 -0.18568407
v -0.20042801 0.43622568 -0.18570997
v -0.20042801 0.44408560 -0.18574800
v -0.20042801 0.45194551 -0.18578666
v -0.20042801 0.45980546 -0.18581989
v -0.20042801 0.46766537 -0.18583710
v -0.20042801 0.47552529 -0.18586834
v -0.20042801 0.48338521 -0.18589623
v -0.20042801 0.49124515 -0.18595247
v -0.20042801 0.49910507 -0.18602155
v -0.20042801 0.50696498 -0.18602954
v -0.20042801 0.51482493 -0.18605250
v -0.20042801 0.52268481 -0.18611336
v -0.20042801 0.53054476 -0.18621105
v -0.20042801 0.53840464 -0.18635233
v -0.20042801 0.54626459 -0.18655969
v -0.20042801 0.55412453 -0.18686306
v -0.20042801 0.56198442 -0.18730772
v -0.20042801 0.56984437 -0.18793419
v -0.20042801 0.57770425 -0.18914150
v -0.20042801 0.58556420 -0.19192730
v -0.20042801 0.58689606 -0.19256809
v -0.20042801 0.59342414 -0.19566441
v -0.19256809 -0.60128403 -0.20098990
v -0.19256809 -0.60062003 -0.20042801
v -0.19256809 -0.59342414 -0.19447035
v -0.19256809 -0.58945626 -0.19256809
v -0.19256809 -0.58556420 -0.19092508
v -0.19256809 -0.57770425 -0.18901563
v -0.19256809 -0.56984437 -0.18777642
v -0.19256809 -0.56198442 -0.18691152
v -0.19256809 -0.55412453 -0.18644588
v -0.19256809 -0.54626459 -0.18621472
v -0.19256809 -0.53840464 -0.18610857
v -0.19256809 -0.53054476 -0.18605609
v -0.19256809 -0.52268481 -0.18599972
v -0.19256809 -0.51482493 -0.18596254
v -0.19256809 -0.50696498 -0.18593113
v -0.19256809 -0.49910507 -0.18586804
v -0.19256809 -0.49124515 -0.18583243
v -0.19256809 -0.48338521 -0.18581893
v -0.19256809 -0.47552529 -0.18580838
v -0.19256809 -0.46766537 -0.18580681
v -0.19256809 -0.45980546 -0.18579908
v -0.19256809 -0.45194551 -0.18578991
v -0.19256809 -0.44408560 -0.18578619
v -0.19256809 -0.43622568 -0.18578278
v -0.19256809 -0.42836577 -0.18579146
v -0.19256809 -0.42050582 -0.18580370
v -0.19256809 -0.41264591 -0.18580484
v -0.19256809 -0.40478599 -0.18579452
v -0.19256809 -0.39692608 -0.18575680
v -0.19256809 -0.38906616 -0.18570565
v -0.19256809 -0.38120621 -0.18567267
v -0.19256809 -0.37334630 -0.18563297
v -0.19256809 -0.36548638 -0.18560486
v -0.19256809 -0.35762647 -0.18560305
v -0.19256809 -0.34976652 -0.18560222
v -0.19256809 -0.34190661 -0.18561235
v -0.19256809 -0.33404669 -0.18563484
v -0.19256809 -0.32618678 -0.18564995
v -0.19256809 -0.31832686 -0.18566668
v -0.19256809 -0.31046692 -0.18569222
v -0.19256809 -0.30260700 -0.18571100
v -0.19256809 -0.29474708 -0.18573251
v -0.19256809 -0.28688717 -0.18574691
v -0.19256809 -0.27902722 -0.18574578
v -0.19256809 -0.27116731 -0.18574235
v -0.19256809 -0.26330739 -0.18573876
v -0.19256809 -0.25544748 -0.18573755
v -0.19256809 -0.24758755 -0.18574356
v -0.19256809 -0.23972763 -0.18575464
v -0.19256809 -0.23186770 -0.18576495
v -0.19256809 -0.22400779 -0.18578133
v -0.19256809 -0.21614785 -0.18581216
v -0.19256809 -0.20828794 -0.18583272
v -0.19256809 -0.20042801 -0.18584712
v -0.19256809 -0.19256809 -0.18587343
v -0.19256809 -0.18470818 -0.18585131
v -0.19256809 -0.17684825 -0.18578331
v -0.19256809 -0.16898833 -0.18573594
v -0.19256809 -0.16112840 -0.18571909
v -0.19256809 -0.15326849 -0.18571956
v -0.19256809 -0.14540856 -0.18573132
v -0.19256809 -0.13754864 -0.18573731
v -0.19256809 -0.12968871 -0.18574780
v -0.19256809 -0.12182879 -0.18575579
v -0.19256809 -0.11396887 -0.18576844
v -0.19256809 -0.10610895 -0.18577893
v -0.19256809 -0.09824903 -0.18578228
v -0.19256809 -0.09038910 -0.18578888
v -0.19256809 -0.08252918 -0.18578409
v -0.19256809 -0.07466926 -0.18576539
v -0.19256809 -0.06680934 -0.18576489
v -0.19256809 -0.05894941 -0.18576232
v -0.19256809 -0.05108950 -0.18577203
v -0.19256809 -0.04322957 -0.18578486
v -0.19256809 -0.03536965 -0.18578853
v -0.19256809 -0.02750973 -0.18579955
v -0.19256809 -0.01964981 -0.18582565
v -0.19256809 -0.01178988 -0.18583974
v -0.19256809 -0.00392996 -0.18586157
v -0.19256809 0.00392996 -0.18587379
v -0.19256809 0.01178988 -0.18589659
v -0.19256809 0.01964981 -0.18589269
v -0.19256809 0.02750973 -0.18589491
v -0.19256809 0.03536965 -0.18590522
v -0.19256809 0.04322957 -0.18591380
v -0.19256809 0.05108950 -0.18593191
v -0.19256809 0.05894941 -0.18594714
v -0.19256809 0.06680934 -0.18594180
v -0.19256809 0.07466926 -0.18595475
v -0.19256809 0.08252918 -0.18596081
v -0.19256809 0.09038910 -0.18595919
v -0.19256809 0.09824903 -0.18594210
v -0.19256809 0.10610895 -0.18593046
v -0.19256809 0.11396887 -0.18590833
v -0.19256809 0.12182879 -0.18590420
v -0.19256809 0.12968871 -0.18590942
v -0.19256809 0.13754864 -0.18590954
v -0.19256809 0.14540856 -0.18591523
v -0.19256809 0.15326849 -0.18592423
v -0.19256809 0.16112840 -0.18594696
v -0.19256809 0.16898833 -0.18596783
v -0.19256809 0.17684825 -0.18600141
v -0.19256809 0.18470818 -0.18600573
v -0.19256809 0.19256809 -0.18601245
v -0.19256809 0.20042801 -0.18601574
v -0.19256809 0.20828794 -0.18596974
v -0.19256809 0.21614785 -0.18589826
v -0.19256809 0.22400779 -0.18585041
v -0.19256809 0.23186770 -0.18580879
v -0.19256809 0.23972763 -0.18577737
v -0.19256809 0.24758755 -0.18575470
v -0.19256809 0.25544748 -0.18572898
v -0.19256809 0.26330739 -0.18572173
v -0.19256809 0.27116731 -0.18572395
v -0.19256809 0.27902722 -0.18573491
v -0.19256809 0.28688717 -0.18573642
v -0.19256809 0.29474708 -0.18574199
v -0.19256809 0.30260700 -0.18572851
v -0.19256809 0.31046692 -0.18570691
v -0.19256809 0.31832686 -0.18568988
v -0.19256809 0.32618678 -0.18567646
v -0.19256809 0.33404669 -0.18566529
v -0.19256809 0.34190661 -0.18566740
v -0.19256809 0.34976652 -0.18567519
v -0.19256809 0.35762647 -0.18568502
v -0.19256809 0.36548638 -0.18570091
v -0.19256809 0.37334630 -0.18570967
v -0.19256809 0.38120621 -0.18571112
v -0.19256809 0.38906616 -0.18573761
v -0.19256809 0.39692608 -0.18576670
v -0.19256809 0.40478599 -0.18575171
v -0.19256809 0.41264591 -0.18569072
v -0.19256809 0.42050582 -0.18567418
v -0.19256809 0.42836577 -0.18567963
v -0.19256809 0.43622568 -0.18570469
v -0.19256809 0.44408560 -0.18574865
v -0.19256809 0.45194551 -0.18578859
v -0.19256809 0.45980546 -0.18581934
v -0.19256809 0.46766537 -0.18583962
v -0.19256809 0.47552529 -0.18585953
v -0.19256809 0.48338521 -0.18588969
v -0.19256809 0.49124515 -0.18595415
v -0.19256809 0.49910507 -0.18601748
v -0.19256809 0.50696498 -0.18603846
v -0.19256809 0.51482493 -0.18606198
v -0.19256809 0.52268481 -0.18611516
v -0.19256809 0.53054476 -0.18621321
v -0.19256809 0.53840464 -0.18634802
v -0.19256809 0.54626459 -0.18656203
v -0.19256809 0.55412453 -0.18686733
v -0.19256809 0.56198442 -0.18731414
v -0.19256809 0.56984437 -0.18790744
v -0.19256809 0.57770425 -0.18905178
v -0.19256809 0.58556420 -0.19180292
v -0.19256809 0.58715439 -0.19256809
v -0.19256809 0.59342414 -0.19554549
v -0.18470818 -0.60128403 -0.20095207
v -0.18470818 -0.60066003 -0.20042801
v -0.18470818 -0.59342414 -0.19447820
v -0.18470818 -0.58943564 -0.19256809
v -0.18470818 -0.58556420 -0.19093610
v -0.18470818 -0.57770425 -0.18904021
v -0.18470818 -0.56984437 -0.18777533
v -0.18470818 -0.56198442 -0.18690558
v -0.18470818 -0.55412453 -0.18643449
v -0.18470818 -0.54626459 -0.18620673
v -0.18470818 -0.53840464 -0.18611276
v -0.18470818 -0.53054476 -0.18605448
v -0.18470818 -0.52268481 -0.18600860
v -0.18470818 -0.51482493 -0.18598078
v -0.18470818 -0.50696498 -0.18594234
v -0.18470818 -0.49910507 -0.18588513
v -0.18470818 -0.49124515 -0.18585119
v -0.18470818 -0.48338521 -0.18583608
v -0.18470818 -0.47552529 -0.18583386
v -0.18470818 -0.46766537 -0.18583044
v -0.18470818 -0.45980546 -0.18583415
v -0.18470818 -0.45194551 -0.18582073
v -0.18470818 -0.44408560 -0.18581155
v -0.18470818 -0.43622568 -0.18581845
v -0.18470818 -0.42836577 -0.18582186
v -0.18470818 -0.42050582 -0.18583758
v -0.18470818 -0.41264591 -0.18584411
v -0.18470818 -0.40478599 -0.18582337
v -0.18470818 -0.39692608 -0.18577756
v -0.18470818 -0.38906616 -0.18574110
v -0.18470818 -0.38120621 -0.18569978
v -0.18470818 -0.37334630 -0.18566877
v -0.18470818 -0.36548638 -0.18564029
v -0.18470818 -0.35762647 -0.18562655
v -0.18470818 -0.34976652 -0.18563232
v -0.18470818 -0.34190661 -0.18563718
v -0.18470818 -0.33404669 -0.18565978
v -0.18470818 -0.32618678 -0.18566908
v -0.18470818 -0.31832686 -0.18567921
v -0.18470818 -0.31046692 -0.18570469
v -0.18470818 -0.30260700 -0.18571873
v -0.18470818 -0.29474708 -0.18574607
v -0.18470818 -0.28688717 -0.18576244
v -0.18470818 -0.27902722 -0.18576933
v -0.18470818 -0.27116731 -0.18575740
v -0.18470818 -0.26330739 -0.18575224
v -0.18470818 -0.25544748 -0.18575434
v -0.18470818 -0.24758755 -0.18575105
v -0.18470818 -0.23972763 -0.18575764
v -0.18470818 -0.23186770 -0.18577185
v -0.18470818 -0.22400779 -0.18579303
v -0.18470818 -0.21614785 -0.18581641
v -0.18470818 -0.20828794 -0.18584411
v -0.18470818 -0.20042801 -0.18585761
v -0.18470818 -0.19256809 -0.18588345
v -0.18470818 -0.18470818 -0.18585616
v -0.18470818 -0.17684825 -0.18579710
v -0.18470818 -0.16898833 -0.18576196
v -0.18470818 -0.16112840 -0.18574175
v -0.18470818 -0.15326849 -0.18573864
v -0.18470818 -0.14540856 -0.18575008
v -0.18470818 -0.13754864 -0.18576364
v -0.18470818 -0.12968871 -0.18577294
v -0.18470818 -0.12182879 -0.18577665
v -0.18470818 -0.11396887 -0.18578883
v -0.18470818 -0.10610895 -0.18579747
v -0.18470818 -0.09824903 -0.18580417
v -0.18470818 -0.09038910 -0.18580580
v -0.18470818 -0.08252918 -0.18579680
v -0.18470818 -0.07466926 -0.18578331
v -0.18470818 -0.06680934 -0.18577719
v -0.18470818 -0.05894941 -0.18577150
v -0.18470818 -0.05108950 -0.18577833
v -0.18470818 -0.04322957 -0.18578020
v -0.18470818 -0.03536965 -0.18578900
v -0.18470818 -0.02750973 -0.18580496
v -0.18470818 -0.01964981 -0.18582055
v -0.18470818 -0.01178988 -0.18584202
v -0.18470818 -0.00392996 -0.18586384
v -0.18470818 0.00392996 -0.18588860
v -0.18470818 0.01178988 -0.18589790
v -0.18470818 0.01964981 -0.18590462
v -0.18470818 0.02750973 -0.18590738
v -0.18470818 0.03536965 -0.18591949
v -0.18470818 0.04322957 -0.18592939
v -0.18470818 0.05108950 -0.18594325
v -0.18470818 0.05894941 -0.18594959
v -0.18470818 0.06680934 -0.18595104
v -0.18470818 0.07466926 -0.18595314
v -0.18470818 0.08252918 -0.18595925
v -0.18470818 0.09038910 -0.18595943
v -0.18470818 0.09824903 -0.18594414
v -0.18470818 0.10610895 -0.18592130
v -0.18470818 0.11396887 -0.18591002
v -0.18470818 0.12182879 -0.18590468
v -0.18470818 0.12968871 -0.18590498
v -0.18470818 0.13754864 -0.18591194
v -0.18470818 0.14540856 -0.18591805
v -0.18470818 0.15326849 -0.18591751
v -0.18470818 0.16112840 -0.18592076
v -0.18470818 0.16898833 -0.18595314
v -0.18470818 0.17684825 -0.18599074
v -0.18470818 0.18470818 -0.18600021
v -0.18470818 0.19256809 -0.18599175
v -0.18470818 0.20042801 -0.18599272
v -0.18470818 0.20828794 -0.18594816
v -0.18470818 0.21614785 -0.18588471
v -0.18470818 0.22400779 -0.18584375
v -0.18470818 0.23186770 -0.18580802
v -0.18470818 0.23972763 -0.18577431
v -0.18470818 0.24758755 -0.18574253
v -0.18470818 0.25544748 -0.18572472
v -0.18470818 0.26330739 -0.18573186
v -0.18470818 0.27116731 -0.18572508
v -0.18470818 0.27902722 -0.18573929
v -0.18470818 0.28688717 -0.18574619
v -0.18470818 0.29474708 -0.18573456
v -0.18470818 0.30260700 -0.18573456
v -0.18470818 0.31046692 -0.18571284
v -0.18470818 0.31832686 -0.18569821
v -0.18470818 0.32618678 -0.18568574
v -0.18470818 0.33404669 -0.18567693
v -0.18470818 0.34190661 -0.18567963
v -0.18470818 0.34976652 -0.18568707
v -0.18470818 0.35762647 -0.18570122
v -0.18470818 0.36548638 -0.18570644
v -0.18470818 0.37334630 -0.18571675
v -0.18470818 0.38120621 -0.18572143
v -0.18470818 0.38906616 -0.18573965
v -0.18470818 0.39692608 -0.18577126
v -0.18470818 0.40478599 -0.18574847
v -0.18470818 0.41264591 -0.18569335
v -0.18470818 0.42050582 -0.18567154
v -0.18470818 0.42836577 -0.18567237
v -0.18470818 0.43622568 -0.18570650
v -0.18470818 0.44408560 -0.18573324
v -0.18470818 0.45194551 -0.18578494
v -0.18470818 0.45980546 -0.18582097
v -0.18470818 0.46766537 -0.18584543
v -0.18470818 0.47552529 -0.18585785
v -0.18470818 0.48338521 -0.18589623
v -0.18470818 0.49124515 -0.18594924
v -0.18470818 0.49910507 -0.18602389
v -0.18470818 0.50696498 -0.18604453
v -0.18470818 0.51482493 -0.18606263
v -0.18470818 0.52268481 -0.18613622
v -0.18470818 0.53054476 -0.18623552
v -0.18470818 0.53840464 -0.18637475
v -0.18470818 0.54626459 -0.18658398
v -0.18470818 0.55412453 -0.18689556
v -0.18470818 0.56198442 -0.18733326
v -0.18470818 0.56984437 -0.18790869
v -0.18470818 0.57770425 -0.18902977
v -0.18470818 0.58556420 -0.19172485
v -0.18470818 0.58731627 -0.19256809
v -0.18470818 0.59342414 -0.19547665
v -0.17684825 -0.60128403 -0.20096508
v -0.17684825 -0.60063601 -0.20042801
v -0.17684825 -0.59342414 -0.19454242
v -0.17684825 -0.58928627 -0.19256809
v -0.17684825 -0.58556420 -0.19100350
v -0.17684825 -0.57770425 -0.18907031
v -0.17684825 -0.56984437 -0.18777378
v -0.17684825 -0.56198442 -0.18688916
v -0.17684825 -0.55412453 -0.18642969
v -0.17684825 -0.54626459 -0.18620193
v -0.17684825 -0.53840464 -0.18610731
v -0.17684825 -0.53054476 -0.18605351
v -0.17684825 -0.52268481 -0.18601485
v -0.17684825 -0.51482493 -0.18598725
v -0.17684825 -0.50696498 -0.18595853
v -0.17684825 -0.49910507 -0.18590228
v -0.17684825 -0.49124515 -0.18587127
v -0.17684825 -0.48338521 -0.18586229
v -0.17684825 -0.47552529 -0.18586102
v -0.17684825 -0.46766537 -0.18585917
v -0.17684825 -0.45980546 -0.18586151
v -0.17684825 -0.45194551 -0.18585125
v -0.17684825 -0.44408560 -0.18584615
v -0.17684825 -0.43622568 -0.18584159
v -0.17684825 -0.42836577 -0.18585180
v -0.17684825 -0.42050582 -0.18585743
v -0.17684825 -0.41264591 -0.18586655
v -0.17684825 -0.40478599 -0.18584345
v -0.17684825 -0.39692608 -0.18580171
v -0.17684825 -0.38906616 -0.18576154
v -0.17684825 -0.38120621 -0.18572652
v -0.17684825 -0.37334630 -0.18568976
v -0.17684825 -0.36548638 -0.18565834
v -0.17684825 -0.35762647 -0.18565294
v -0.17684825 -0.34976652 -0.18564689
v -0.17684825 -0.34190661 -0.18565661
v -0.17684825 -0.33404669 -0.18567291
v -0.17684825 -0.32618678 -0.18567795
v -0.17684825 -0.31832686 -0.18569601
v -0.17684825 -0.31046692 -0.18571255
v -0.17684825 -0.30260700 -0.18573971
v -0.17684825 -0.29474708 -0.18576533
v -0.17684825 -0.28688717 -0.18577905
v -0.17684825 -0.27902722 -0.18578295
v -0.17684825 -0.27116731 -0.18576539
v -0.17684825 -0.26330739 -0.18576160
v -0.17684825 -0.25544748 -0.18575837
v -0.17684825 -0.24758755 -0.18575591
v -0.17684825 -0.23972763 -0.18576130
v -0.17684825 -0.23186770 -0.18577828
v -0.17684825 -0.22400779 -0.18578954
v -0.17684825 -0.21614785 -0.18582961
v -0.17684825 -0.20828794 -0.18584520
v -0.17684825 -0.20042801 -0.18586157
v -0.17684825 -0.19256809 -0.18588921
v -0.17684825 -0.18470818 -0.18586846
v -0.17684825 -0.17684825 -0.18581030
v -0.17684825 -0.16898833 -0.18576610
v -0.17684825 -0.16112840 -0.18575974
v -0.17684825 -0.15326849 -0.18576305
v -0.17684825 -0.14540856 -0.18577066
v -0.17684825 -0.13754864 -0.18577929
v -0.17684825 -0.12968871 -0.18578248
v -0.17684825 -0.12182879 -0.18579596
v -0.17684825 -0.11396887 -0.18581383
v -0.17684825 -0.10610895 -0.18581659
v -0.17684825 -0.09824903 -0.18582186
v -0.17684825 -0.09038910 -0.18581749
v -0.17684825 -0.08252918 -0.18581270
v -0.17684825 -0.07466926 -0.18579176
v -0.17684825 -0.06680934 -0.18578343
v -0.17684825 -0.05894941 -0.18577522
v -0.17684825 -0.05108950 -0.18577641
v -0.17684825 -0.04322957 -0.18579338
v -0.17684825 -0.03536965 -0.18579273
v -0.17684825 -0.02750973 -0.18581294
v -0.17684825 -0.01964981 -0.18582366
v -0.17684825 -0.01178988 -0.18584508
v -0.17684825 -0.00392996 -0.18586498
v -0.17684825 0.00392996 -0.18588993
v -0.17684825 0.01178988 -0.18590240
v -0.17684825 0.01964981 -0.18592015
v -0.17684825 0.02750973 -0.18591830
v -0.17684825 0.03536965 -0.18593292
v -0.17684825 0.04322957 -0.18594156
v -0.17684825 0.05108950 -0.18595253
v -0.17684825 0.05894941 -0.18595271
v -0.17684825 0.06680934 -0.18595560
v -0.17684825 0.07466926 -0.18594672
v -0.17684825 0.08252918 -0.18595596
v -0.17684825 0.09038910 -0.18595961
v -0.17684825 0.09824903 -0.18593550
v -0.17684825 0.10610895 -0.18591464
v -0.17684825 0.11396887 -0.18589544
v -0.17684825 0.12182879 -0.18589826
v -0.17684825 0.12968871 -0.18590157
v -0.17684825 0.13754864 -0.18590924
v -0.17684825 0.14540856 -0.18590379
v -0.17684825 0.15326849 -0.18591043
v -0.17684825 0.16112840 -0.18592633
v -0.17684825 0.16898833 -0.18594527
v -0.17684825 0.17684825 -0.18598491
v -0.17684825 0.18470818 -0.18599097
v -0.17684825 0.19256809 -0.18599343
v -0.17684825 0.20042801 -0.18599026
v -0.17684825 0.20828794 -0.18594204
v -0.17684825 0.21614785 -0.18588285
v -0.17684825 0.22400779 -0.18584399
v -0.17684825 0.23186770 -0.18580639
v -0.17684825 0.23972763 -0.18577570
v -0.17684825 0.24758755 -0.18574847
v -0.17684825 0.25544748 -0.18574265
v -0.17684825 0.26330739 -0.18573828
v -0.17684825 0.27116731 -0.18573521
v -0.17684825 0.27902722 -0.18574788
v -0.17684825 0.28688717 -0.18574667
v -0.17684825 0.29474708 -0.18575200
v -0.17684825 0.30260700 -0.18574350
v -0.17684825 0.31046692 -0.18572783
v -0.17684825 0.31832686 -0.18571818
v -0.17684825 0.32618678 -0.18569738
v -0.17684825 0.33404669 -0.18568508
v -0.17684825 0.34190661 -0.18568748
v -0.17684825 0.34976652 -0.18570380
v -0.17684825 0.35762647 -0.18570644
v -0.17684825 0.36548638 -0.18571921
v -0.17684825 0.37334630 -0.18572083
v -0.17684825 0.38120621 -0.18572196
v -0.17684825 0.38906616 -0.18574499
v -0.17684825 0.39692608 -0.18576454
v -0.17684825 0.40478599 -0.18573810
v -0.17684825 0.41264591 -0.18568899
v -0.17684825 0.42050582 -0.18566535
v -0.17684825 0.42836577 -0.18567321
v -0.17684825 0.43622568 -0.18569054
v -0.17684825 0.44408560 -0.18573558
v -0.17684825 0.45194551 -0.18577389
v -0.17684825 0.45980546 -0.18581323
v -0.17684825 0.46766537 -0.18584153
v -0.17684825 0.47552529 -0.18585622
v -0.17684825 0.48338521 -0.18589556
v -0.17684825 0.49124515 -0.18594900
v -0.17684825 0.49910507 -0.18602222
v -0.17684825 0.50696498 -0.18604974
v -0.17684825 0.51482493 -0.18608129
v -0.17684825 0.52268481 -0.18615817
v -0.17684825 0.53054476 -0.18626627
v -0.17684825 0.53840464 -0.18640390
v -0.17684825 0.54626459 -0.18661295
v -0.17684825 0.55412453 -0.18692338
v -0.17684825 0.56198442 -0.18736379
v -0.17684825 0.56984437 -0.18793316
v -0.17684825 0.57770425 -0.18903181
v -0.17684825 0.58556420 -0.19169757
v -0.17684825 0.58739102 -0.19256809
v -0.17684825 0.59342414 -0.19543017
v -0.16898833 -0.60128403 -0.20105958
v -0.16898833 -0.60052121 -0.20042801
v -0.16898833 -0.59342414 -0.19463627
v -0.16898833 -0.58913249 -0.19256809
v -0.16898833 -0.58556420 -0.19104722
v -0.16898833 -0.57770425 -0.18907906
v -0.16898833 -0.56984437 -0.18775639
v -0.16898833 -0.56198442 -0.18688585
v -0.16898833 -0.55412453 -0.18642262
v -0.16898833 -0.54626459 -0.18621393
v -0.16898833 -0.53840464 -0.18610719
v -0.16898833 -0.53054476 -0.18606018
v -0.16898833 -0.52268481 -0.18602456
v -0.16898833 -0.51482493 -0.18599547
v -0.16898833 -0.50696498 -0.18596224
v -0.16898833 -0.49910507 -0.18591247
v -0.16898833 -0.49124515 -0.18589137
v -0.16898833 -0.48338521 -0.18588015
v -0.16898833 -0.47552529 -0.18587565
v -0.16898833 -0.46766537 -0.18588015
v -0.16898833 -0.45980546 -0.18587817
v -0.16898833 -0.45194551 -0.18587710
v -0.16898833 -0.44408560 -0.18586715
v -0.16898833 -0.43622568 -0.18586397
v -0.16898833 -0.42836577 -0.18587103
v -0.16898833 -0.42050582 -0.18587865
v -0.16898833 -0.41264591 -0.18588345
v -0.16898833 -0.40478599 -0.18585856
v -0.16898833 -0.39692608 -0.18582349
v -0.16898833 -0.38906616 -0.18578151
v -0.16898833 -0.38120621 -0.18574996
v -0.16898833 -0.37334630 -0.18570164
v -0.16898833 -0.36548638 -0.18567818
v -0.16898833 -0.35762647 -0.18566284
v -0.16898833 -0.34976652 -0.18566164
v -0.16898833 -0.34190661 -0.18566091
v -0.16898833 -0.33404669 -0.18567806
v -0.16898833 -0.32618678 -0.18568443
v -0.16898833 -0.31832686 -0.18570037
v -0.16898833 -0.31046692 -0.18572268
v -0.16898833 -0.30260700 -0.18575861
v -0.16898833 -0.29474708 -0.18578067
v -0.16898833 -0.28688717 -0.18578696
v -0.16898833 -0.27902722 -0.18579404
v -0.16898833 -0.27116731 -0.18578254
v -0.16898833 -0.26330739 -0.18578222
v -0.16898833 -0.25544748 -0.18577540
v -0.16898833 -0.24758755 -0.18577869
v -0.16898833 -0.23972763 -0.18577161
v -0.16898833 -0.23186770 -0.18579063
v -0.16898833 -0.22400779 -0.18580627
v -0.16898833 -0.21614785 -0.18583015
v -0.16898833 -0.20828794 -0.18584916
v -0.16898833 -0.20042801 -0.18588039
v -0.16898833 -0.19256809 -0.18590121
v -0.16898833 -0.18470818 -0.18587577
v -0.16898833 -0.17684825 -0.18582402
v -0.16898833 -0.16898833 -0.18578415
v -0.16898833 -0.16112840 -0.18577635
v -0.16898833 -0.15326849 -0.18577330
v -0.16898833 -0.14540856 -0.18578506
v -0.16898833 -0.13754864 -0.18579561
v -0.16898833 -0.12968871 -0.18580796
v -0.16898833 -0.12182879 -0.18581522
v -0.16898833 -0.11396887 -0.18582463
v -0.16898833 -0.10610895 -0.18582715
v -0.16898833 -0.09824903 -0.18582937
v -0.16898833 -0.09038910 -0.18582660
v -0.16898833 -0.08252918 -0.18581940
v -0.16898833 -0.07466926 -0.18580244
v -0.16898833 -0.06680934 -0.18579057
v -0.16898833 -0.05894941 -0.18578349
v -0.16898833 -0.05108950 -0.18577768
v -0.16898833 -0.04322957 -0.18578751
v -0.16898833 -0.03536965 -0.18579057
v -0.16898833 -0.02750973 -0.18580957
v -0.16898833 -0.01964981 -0.18582511
v -0.16898833 -0.01178988 -0.18585011
v -0.16898833 -0.00392996 -0.18587127
v -0.16898833 0.00392996 -0.18588957
v -0.16898833 0.01178988 -0.18590738
v -0.16898833 0.01964981 -0.18592100
v -0.16898833 0.02750973 -0.18592657
v -0.16898833 0.03536965 -0.18593827
v -0.16898833 0.04322957 -0.18595187
v -0.16898833 0.05108950 -0.18595931
v -0.16898833 0.05894941 -0.18596286
v -0.16898833 0.06680934 -0.18596321
v -0.16898833 0.07466926 -0.18595703
v -0.16898833 0.08252918 -0.18596274
v -0.16898833 0.09038910 -0.18594983
v -0.16898833 0.09824903 -0.18594331
v -0.16898833 0.10610895 -0.18592015
v -0.16898833 0.11396887 -0.18589497
v -0.16898833 0.12182879 -0.18589185
v -0.16898833 0.12968871 -0.18589425
v -0.16898833 0.13754864 -0.18589635
v -0.16898833 0.14540856 -0.18589467
v -0.16898833 0.15326849 -0.18589790
v -0.16898833 0.16112840 -0.18591283
v -0.16898833 0.16898833 -0.18593532
v -0.16898833 0.17684825 -0.18597521
v -0.16898833 0.18470818 -0.18597820
v -0.16898833 0.19256809 -0.18597868
v -0.16898833 0.20042801 -0.18598078
v -0.16898833 0.20828794 -0.18594390
v -0.16898833 0.21614785 -0.18588249
v -0.16898833 0.22400779 -0.18584813
v -0.16898833 0.23186770 -0.18581191
v -0.16898833 0.23972763 -0.18578301
v -0.16898833 0.24758755 -0.18575878
v -0.16898833 0.25544748 -0.18575248
v -0.16898833 0.26330739 -0.18574534
v -0.16898833 0.27116731 -0.18575567
v -0.16898833 0.27902722 -0.18576334
v -0.16898833 0.28688717 -0.18576604
v -0.16898833 0.29474708 -0.18577276
v -0.16898833 0.30260700 -0.18576226
v -0.16898833 0.31046692 -0.18574554
v -0.16898833 0.31832686 -0.18573251
v -0.16898833 0.32618678 -0.18572052
v -0.16898833 0.33404669 -0.18571123
v -0.16898833 0.34190661 -0.18571800
v -0.16898833 0.34976652 -0.18572460
v -0.16898833 0.35762647 -0.18572395
v -0.16898833 0.36548638 -0.18573539
v -0.16898833 0.37334630 -0.18573858
v -0.16898833 0.38120621 -0.18573654
v -0.16898833 0.38906616 -0.18575884
v -0.16898833 0.39692608 -0.18577108
v -0.16898833 0.40478599 -0.18573995
v -0.16898833 0.41264591 -0.18568437
v -0.16898833 0.42050582 -0.18566926
v -0.16898833 0.42836577 -0.18567172
v -0.16898833 0.43622568 -0.18569306
v -0.16898833 0.44408560 -0.18572795
v -0.16898833 0.45194551 -0.18578103
v -0.16898833 0.45980546 -0.18581744
v -0.16898833 0.46766537 -0.18584897
v -0.16898833 0.47552529 -0.18587074
v -0.16898833 0.48338521 -0.18589088
v -0.16898833 0.49124515 -0.18596008
v -0.16898833 0.49910507 -0.18604243
v -0.16898833 0.50696498 -0.18606977
v -0.16898833 0.51482493 -0.18610869
v -0.16898833 0.52268481 -0.18618970
v -0.16898833 0.53054476 -0.18630478
v -0.16898833 0.53840464 -0.18644390
v -0.16898833 0.54626459 -0.18666080
v -0.16898833 0.55412453 -0.18698072
v -0.16898833 0.56198442 -0.18742771
v -0.16898833 0.56984437 -0.18799031
v -0.16898833 0.57770425 -0.18906137
v -0.16898833 0.58556420 -0.19169474
v -0.16898833 0.58740985 -0.19256809
v -0.16898833 0.59342414 -0.19540523
v -0.16112840 -0.60128403 -0.20119031
v -0.16112840 -0.60036772 -0.20042801
v -0.16112840 -0.59342414 -0.19474895
v -0.16112840 -0.58897948 -0.19256809
v -0.16112840 -0.58556420 -0.19108739
v -0.16112840 -0.57770425 -0.18908243
v -0.16112840 -0.56984437 -0.18776010
v -0.16112840 -0.56198442 -0.18689527
v -0.16112840 -0.55412453 -0.18643934
v -0.16112840 -0.54626459 -0.18622017
v -0.16112840 -0.53840464 -0.18611498
v -0.16112840 -0.53054476 -0.18607013
v -0.16112840 -0.52268481 -0.18603985
v -0.16112840 -0.51482493 -0.18601538
v -0.16112840 -0.50696498 -0.18598413
v -0.16112840 -0.49910507 -0.18593419
v -0.16112840 -0.49124515 -0.18590847
v -0.16112840 -0.48338521 -0.18589893
v -0.16112840 -0.47552529 -0.18589988
v -0.16112840 -0.46766537 -0.18589988
v -0.16112840 -0.45980546 -0.18589784
v -0.16112840 -0.45194551 -0.18589520
v -0.16112840 -0.44408560 -0.18589257
v -0.16112840 -0.43622568 -0.18588693
v -0.16112840 -0.42836577 -0.18589665
v -0.16112840 -0.42050582 -0.18590420
v -0.16112840 -0.41264591 -0.18590768
v -0.16112840 -0.40478599 -0.18588489
v -0.16112840 -0.39692608 -0.18584603
v -0.16112840 -0.38906616 -0.18580538
v -0.16112840 -0.38120621 -0.18576735
v -0.16112840 -0.37334630 -0.18572298
v -0.16112840 -0.36548638 -0.18570098
v -0.16112840 -0.35762647 -0.18568191
v -0.16112840 -0.34976652 -0.18567854
v -0.16112840 -0.34190661 -0.18569432
v -0.16112840 -0.33404669 -0.18569498
v -0.16112840 -0.32618678 -0.18571056
v -0.16112840 -0.31832686 -0.18572682
v -0.16112840 -0.31046692 -0.18574043
v -0.16112840 -0.30260700 -0.18578067
v -0.16112840 -0.29474708 -0.18580467
v -0.16112840 -0.28688717 -0.18582259
v -0.16112840 -0.27902722 -0.18581977
v -0.16112840 -0.27116731 -0.18581095
v -0.16112840 -0.26330739 -0.18580046
v -0.16112840 -0.25544748 -0.18580352
v -0.16112840 -0.24758755 -0.18580322
v -0.16112840 -0.23972763 -0.18579812
v -0.16112840 -0.23186770 -0.18580574
v -0.16112840 -0.22400779 -0.18582763
v -0.16112840 -0.21614785 -0.18586144
v -0.16112840 -0.20828794 -0.18588081
v -0.16112840 -0.20042801 -0.18589526
v -0.16112840 -0.19256809 -0.18590900
v -0.16112840 -0.18470818 -0.18589635
v -0.16112840 -0.17684825 -0.18584579
v -0.16112840 -0.16898833 -0.18581071
v -0.16112840 -0.16112840 -0.18580183
v -0.16112840 -0.15326849 -0.18579759
v -0.16112840 -0.14540856 -0.18581569
v -0.16112840 -0.13754864 -0.18581653
v -0.16112840 -0.12968871 -0.18582600
v -0.16112840 -0.12182879 -0.18584016
v -0.16112840 -0.11396887 -0.18583986
v -0.16112840 -0.10610895 -0.18584286
v -0.16112840 -0.09824903 -0.18584891
v -0.16112840 -0.09038910 -0.18584532
v -0.16112840 -0.08252918 -0.18583596
v -0.16112840 -0.07466926 -0.18581353
v -0.16112840 -0.06680934 -0.18580538
v -0.16112840 -0.05894941 -0.18579572
v -0.16112840 -0.05108950 -0.18578823
v -0.16112840 -0.04322957 -0.18579578
v -0.16112840 -0.03536965 -0.18580310
v -0.16112840 -0.02750973 -0.18581522
v -0.16112840 -0.01964981 -0.18583104
v -0.16112840 -0.01178988 -0.18585622
v -0.16112840 -0.00392996 -0.18587410
v -0.16112840 0.00392996 -0.18590462
v -0.16112840 0.01178988 -0.18591632
v -0.16112840 0.01964981 -0.18593191
v -0.16112840 0.02750973 -0.18593563
v -0.16112840 0.03536965 -0.18594486
v -0.16112840 0.04322957 -0.18595643
v -0.16112840 0.05108950 -0.18596224
v -0.16112840 0.05894941 -0.18596698
v -0.16112840 0.06680934 -0.18596902
v -0.16112840 0.07466926 -0.18596609
v -0.16112840 0.08252918 -0.18596992
v -0.16112840 0.09038910 -0.18596579
v -0.16112840 0.09824903 -0.18594144
v -0.16112840 0.10610895 -0.18592136
v -0.16112840 0.11396887 -0.18590708
v -0.16112840 0.12182879 -0.18588699
v -0.16112840 0.12968871 -0.18589328
v -0.16112840 0.13754864 -0.18589635
v -0.16112840 0.14540856 -0.18588945
v -0.16112840 0.15326849 -0.18590048
v -0.16112840 0.16112840 -0.18590906
v -0.16112840 0.16898833 -0.18593718
v -0.16112840 0.17684825 -0.18597250
v -0.16112840 0.18470818 -0.18598318
v -0.16112840 0.19256809 -0.18598959
v -0.16112840 0.20042801 -0.18599068
v -0.16112840 0.20828794 -0.18594366
v -0.16112840 0.21614785 -0.18589251
v -0.16112840 0.22400779 -0.18585539
v -0.16112840 0.23186770 -0.18583104
v -0.16112840 0.23972763 -0.18579680
v -0.16112840 0.24758755 -0.18577762
v -0.16112840 0.25544748 -0.18577150
v -0.16112840 0.26330739 -0.18577828
v -0.16112840 0.27116731 -0.18578061
v -0.16112840 0.27902722 -0.18579344
v -0.16112840 0.28688717 -0.18579285
v -0.16112840 0.29474708 -0.18580316
v -0.16112840 0.30260700 -0.18579896
v -0.16112840 0.31046692 -0.18578319
v -0.16112840 0.31832686 -0.18576436
v -0.16112840 0.32618678 -0.18574823
v -0.16112840 0.33404669 -0.18574235
v -0.16112840 0.34190661 -0.18573929
v -0.16112840 0.34976652 -0.18575093
v -0.16112840 0.35762647 -0.18576249
v -0.16112840 0.36548638 -0.18576424
v -0.16112840 0.37334630 -0.18576717
v -0.16112840 0.38120621 -0.18576190
v -0.16112840 0.38906616 -0.18577707
v -0.16112840 0.39692608 -0.18579224
v -0.16112840 0.40478599 -0.18575123
v -0.16112840 0.41264591 -0.18570380
v -0.16112840 0.42050582 -0.18568586
v -0.16112840 0.42836577 -0.18568526
v -0.16112840 0.43622568 -0.18571112
v -0.16112840 0.44408560 -0.18575057
v -0.16112840 0.45194551 -0.18579476
v -0.16112840 0.45980546 -0.18584262
v -0.16112840 0.46766537 -0.18586439
v -0.16112840 0.47552529 -0.18589629
v -0.16112840 0.48338521 -0.18591325
v -0.16112840 0.49124515 -0.18599260
v -0.16112840 0.49910507 -0.18606995
v -0.16112840 0.50696498 -0.18611024
v -0.16112840 0.51482493 -0.18615510
v -0.16112840 0.52268481 -0.18623762
v -0.16112840 0.53054476 -0.18635635
v -0.16112840 0.53840464 -0.18650885
v -0.16112840 0.54626459 -0.18672244
v -0.16112840 0.55412453 -0.18704039
v -0.16112840 0.56198442 -0.18750723
v -0.16112840 0.56984437 -0.18804027
v -0.16112840 0.57770425 -0.18909076
v -0.16112840 0.58556420 -0.19169571
v -0.16112840 0.58742350 -0.19256809
v -0.16112840 0.59342414 -0.19538400
v -0.15326849 -0.60128403 -0.20133615
v -0.15326849 -0.60019422 -0.20042801
v -0.15326849 -0.59342414 -0.19488969
v -0.15326849 -0.58872235 -0.19256809
v -0.15326849 -0.58556420 -0.19118322
v -0.15326849 -0.57770425 -0.18915151
v -0.15326849 -0.56984437 -0.18781324
v -0.15326849 -0.56198442 -0.18692957
v -0.15326849 -0.55412453 -0.18647023
v -0.15326849 -0.54626459 -0.18624049
v -0.15326849 -0.53840464 -0.18615337
v -0.15326849 -0.53054476 -0.18609963
v -0.15326849 -0.52268481 -0.18606468
v -0.15326849 -0.51482493 -0.18603894
v -0.15326849 -0.50696498 -0.18601245
v -0.15326849 -0.49910507 -0.18596488
v -0.15326849 -0.49124515 -0.18593274
v -0.15326849 -0.48338521 -0.18592705
v -0.15326849 -0.47552529 -0.18592717
v -0.15326849 -0.46766537 -0.18593460
v -0.15326849 -0.45980546 -0.18593016
v -0.15326849 -0.45194551 -0.18592621
v -0.15326849 -0.44408560 -0.18592261
v -0.15326849 -0.43622568 -0.18592291
v -0.15326849 -0.42836577 -0.18593004
v -0.15326849 -0.42050582 -0.18593760
v -0.15326849 -0.41264591 -0.18594342
v -0.15326849 -0.40478599 -0.18591686
v -0.15326849 -0.39692608 -0.18587853
v -0.15326849 -0.38906616 -0.18583854
v -0.15326849 -0.38120621 -0.18580346
v -0.15326849 -0.37334630 -0.18576916
v -0.15326849 -0.36548638 -0.18573233
v -0.15326849 -0.35762647 -0.18572329
v -0.15326849 -0.34976652 -0.18571879
v -0.15326849 -0.34190661 -0.18572304
v -0.15326849 -0.33404669 -0.18573287
v -0.15326849 -0.32618678 -0.18574835
v -0.15326849 -0.31832686 -0.18577276
v -0.15326849 -0.31046692 -0.18578847
v -0.15326849 -0.30260700 -0.18582031
v -0.15326849 -0.29474708 -0.18584196
v -0.15326849 -0.28688717 -0.18586415
v -0.15326849 -0.27902722 -0.18586588
v -0.15326849 -0.27116731 -0.18586342
v -0.15326849 -0.26330739 -0.18585311
v -0.15326849 -0.25544748 -0.18584801
v -0.15326849 -0.24758755 -0.18585083
v -0.15326849 -0.23972763 -0.18584633
v -0.15326849 -0.23186770 -0.18585341
v -0.15326849 -0.22400779 -0.18587500
v -0.15326849 -0.21614785 -0.18588945
v -0.15326849 -0.20828794 -0.18591116
v -0.15326849 -0.20042801 -0.18593784
v -0.15326849 -0.19256809 -0.18595187
v -0.15326849 -0.18470818 -0.18592837
v -0.15326849 -0.17684825 -0.18588388
v -0.15326849 -0.16898833 -0.18585047
v -0.15326849 -0.16112840 -0.18583266
v -0.15326849 -0.15326849 -0.18584184
v -0.15326849 -0.14540856 -0.18585269
v -0.15326849 -0.13754864 -0.18586181
v -0.15326849 -0.12968871 -0.18587032
v -0.15326849 -0.12182879 -0.18587577
v -0.15326849 -0.11396887 -0.18587871
v -0.15326849 -0.10610895 -0.18586792
v -0.15326849 -0.09824903 -0.18587153
v -0.15326849 -0.09038910 -0.18587153
v -0.15326849 -0.08252918 -0.18586409
v -0.15326849 -0.07466926 -0.18585204
v -0.15326849 -0.06680934 -0.18583465
v -0.15326849 -0.05894941 -0.18582289
v -0.15326849 -0.05108950 -0.18582457
v -0.15326849 -0.04322957 -0.18582594
v -0.15326849 -0.03536965 -0.18583524
v -0.15326849 -0.02750973 -0.18584315
v -0.15326849 -0.01964981 -0.18586025
v -0.15326849 -0.01178988 -0.18588099
v -0.15326849 -0.00392996 -0.18590415
v -0.15326849 0.00392996 -0.18592159
v -0.15326849 0.01178988 -0.18594696
v -0.15326849 0.01964981 -0.18594840
v -0.15326849 0.02750973 -0.18595356
v -0.15326849 0.03536965 -0.18597071
v -0.15326849 0.04322957 -0.18597472
v -0.15326849 0.05108950 -0.18598570
v -0.15326849 0.05894941 -0.18598996
v -0.15326849 0.06680934 -0.18599014
v -0.15326849 0.07466926 -0.18599044
v -0.15326849 0.08252918 -0.18598606
v -0.15326849 0.09038910 -0.18597688
v -0.15326849 0.09824903 -0.18596087
v -0.15326849 0.10610895 -0.18594061
v -0.15326849 0.11396887 -0.18591505
v -0.15326849 0.12182879 -0.18591055
v -0.15326849 0.12968871 -0.18591277
v -0.15326849 0.13754864 -0.18590797
v -0.15326849 0.14540856 -0.18590966
v -0.15326849 0.15326849 -0.18592542
v -0.15326849 0.16112840 -0.18593383
v -0.15326849 0.16898833 -0.18596213
v -0.15326849 0.17684825 -0.18599649
v -0.15326849 0.18470818 -0.18600501
v -0.15326849 0.19256809 -0.18600123
v -0.15326849 0.20042801 -0.18600962
v -0.15326849 0.20828794 -0.18598203
v -0.15326849 0.21614785 -0.18592291
v -0.15326849 0.22400779 -0.18589659
v -0.15326849 0.23186770 -0.18585533
v -0.15326849 0.23972763 -0.18582937
v -0.15326849 0.24758755 -0.18582013
v -0.15326849 0.25544748 -0.18580556
v -0.15326849 0.26330739 -0.18581821
v -0.15326849 0.27116731 -0.18583104
v -0.15326849 0.27902722 -0.18583296
v -0.15326849 0.28688717 -0.18584129
v -0.15326849 0.29474708 -0.18584129
v -0.15326849 0.30260700 -0.18583710
v -0.15326849 0.31046692 -0.18582211
v -0.15326849 0.31832686 -0.18581437
v -0.15326849 0.32618678 -0.18579668
v -0.15326849 0.33404669 -0.18578500
v -0.15326849 0.34190661 -0.18578805
v -0.15326849 0.34976652 -0.18579872
v -0.15326849 0.35762647 -0.18580221
v -0.15326849 0.36548638 -0.18580808
v -0.15326849 0.37334630 -0.18580262
v -0.15326849 0.38120621 -0.18580358
v -0.15326849 0.38906616 -0.18581113
v -0.15326849 0.39692608 -0.18583266
v -0.15326849 0.40478599 -0.18579344
v -0.15326849 0.41264591 -0.18574978
v -0.15326849 0.42050582 -0.18573420
v -0.15326849 0.42836577 -0.18573168
v -0.15326849 0.43622568 -0.18575740
v -0.15326849 0.44408560 -0.18579231
v -0.15326849 0.45194551 -0.18584105
v -0.15326849 0.45980546 -0.18587847
v -0.15326849 0.46766537 -0.18591043
v -0.15326849 0.47552529 -0.18593803
v -0.15326849 0.48338521 -0.18597382
v -0.15326849 0.49124515 -0.18603769
v -0.15326849 0.49910507 -0.18612476
v -0.15326849 0.50696498 -0.18616824
v -0.15326849 0.51482493 -0.18622023
v -0.15326849 0.52268481 -0.18631041
v -0.15326849 0.53054476 -0.18642357
v -0.15326849 0.53840464 -0.18657666
v -0.15326849 0.54626459 -0.18679392
v -0.15326849 0.55412453 -0.18711211
v -0.15326849 0.56198442 -0.18755724
v -0.15326849 0.56984437 -0.18808314
v -0.15326849 0.57770425 -0.18909813
v -0.15326849 0.58556420 -0.19170386
v -0.15326849 0.58742738 -0.19256809
v -0.15326849 0.59342414 -0.19536211
v -0.14540856 -0.60128403 -0.20143594
v -0.14540856 -0.60006022 -0.20042801
v -0.14540856 -0.59342414 -0.19505627
v -0.14540856 -0.58838511 -0.19256809
v -0.14540856 -0.58556420 -0.19131695
v -0.14540856 -0.57770425 -0.18923096
v -0.14540856 -0.56984437 -0.18787992
v -0.14540856 -0.56198442 -0.18698905
v -0.14540856 -0.55412453 -0.18651724
v -0.14540856 -0.54626459 -0.18629615
v -0.14540856 -0.53840464 -0.18619882
v -0.14540856 -0.53054476 -0.18614484
v -0.14540856 -0.52268481 -0.18611984
v -0.14540856 -0.51482493 -0.18609022
v -0.14540856 -0.50696498 -0.18605682
v -0.14540856 -0.49910507 -0.18600164
v -0.14540856 -0.49124515 -0.18596944
v -0.14540856 -0.48338521 -0.18596081
v -0.14540856 -0.47552529 -0.18595631
v -0.14540856 -0.46766537 -0.18595715
v -0.14540856 -0.45980546 -0.18596242
v -0.14540856 -0.45194551 -0.18595842
v -0.14540856 -0.44408560 -0.18596159
v -0.14540856 -0.43622568 -0.18595445
v -0.14540856 -0.42836577 -0.18597010
v -0.14540856 -0.42050582 -0.18597148
v -0.14540856 -0.41264591 -0.18597580
v -0.14540856 -0.40478599 -0.18595847
v -0.14540856 -0.39692608 -0.18591854
v -0.14540856 -0.38906616 -0.18587656
v -0.14540856 -0.38120621 -0.18584244
v -0.14540856 -0.37334630 -0.18580748
v -0.14540856 -0.36548638 -0.18578468
v -0.14540856 -0.35762647 -0.18576933
v -0.14540856 -0.34976652 -0.18576927
v -0.14540856 -0.34190661 -0.18577419
v -0.14540856 -0.33404669 -0.18578234
v -0.14540856 -0.32618678 -0.18579955
v -0.14540856 -0.31832686 -0.18581119
v -0.14540856 -0.31046692 -0.18584849
v -0.14540856 -0.30260700 -0.18587230
v -0.14540856 -0.29474708 -0.18589766
v -0.14540856 -0.28688717 -0.18592447
v -0.14540856 -0.27902722 -0.18593083
v -0.14540856 -0.27116731 -0.18592346
v -0.14540856 -0.26330739 -0.18591967
v -0.14540856 -0.25544748 -0.18590498
v -0.14540856 -0.24758755 -0.18590438
v -0.14540856 -0.23972763 -0.18590607
v -0.14540856 -0.23186770 -0.18591836
v -0.14540856 -0.22400779 -0.18592308
v -0.14540856 -0.21614785 -0.18594755
v -0.14540856 -0.20828794 -0.18597119
v -0.14540856 -0.20042801 -0.18597563
v -0.14540856 -0.19256809 -0.18598744
v -0.14540856 -0.18470818 -0.18596219
v -0.14540856 -0.17684825 -0.18592237
v -0.14540856 -0.16898833 -0.18588951
v -0.14540856 -0.16112840 -0.18587847
v -0.14540856 -0.15326849 -0.18588789
v -0.14540856 -0.14540856 -0.18588880
v -0.14540856 -0.13754864 -0.18589550
v -0.14540856 -0.12968871 -0.18590797
v -0.14540856 -0.12182879 -0.18591230
v -0.14540856 -0.11396887 -0.18591362
v -0.14540856 -0.10610895 -0.18591775
v -0.14540856 -0.09824903 -0.18591416
v -0.14540856 -0.09038910 -0.18591902
v -0.14540856 -0.08252918 -0.18590084
v -0.14540856 -0.07466926 -0.18588951
v -0.14540856 -0.06680934 -0.18587638
v -0.14540856 -0.05894941 -0.18586102
v -0.14540856 -0.05108950 -0.18585521
v -0.14540856 -0.04322957 -0.18586403
v -0.14540856 -0.03536965 -0.18586721
v -0.14540856 -0.02750973 -0.18588579
v -0.14540856 -0.01964981 -0.18590300
v -0.14540856 -0.01178988 -0.18592477
v -0.14540856 -0.00392996 -0.18594468
v -0.14540856 0.00392996 -0.18596795
v -0.14540856 0.01178988 -0.18598467
v -0.14540856 0.01964981 -0.18598540
v -0.14540856 0.02750973 -0.18599913
v -0.14540856 0.03536965 -0.18600321
v -0.14540856 0.04322957 -0.18601868
v -0.14540856 0.05108950 -0.18601945
v -0.14540856 0.05894941 -0.18602605
v -0.14540856 0.06680934 -0.18602294
v -0.14540856 0.07466926 -0.18602587
v -0.14540856 0.08252918 -0.18602210
v -0.14540856 0.09038910 -0.18600182
v -0.14540856 0.09824903 -0.18599062
v -0.14540856 0.10610895 -0.18596675
v -0.14540856 0.11396887 -0.18594570
v -0.14540856 0.12182879 -0.18594114
v -0.14540856 0.12968871 -0.18594360
v -0.14540856 0.13754864 -0.18594882
v -0.14540856 0.14540856 -0.18594672
v -0.14540856 0.15326849 -0.18595877
v -0.14540856 0.16112840 -0.18596447
v -0.14540856 0.16898833 -0.18599032
v -0.14540856 0.17684825 -0.18603325
v -0.14540856 0.18470818 -0.18603787
v -0.14540856 0.19256809 -0.18604290
v -0.14540856 0.20042801 -0.18605129
v -0.14540856 0.20828794 -0.18600716
v -0.14540856 0.21614785 -0.18596159
v -0.14540856 0.22400779 -0.18593682
v -0.14540856 0.23186770 -0.18590966
v -0.14540856 0.23972763 -0.18587710
v -0.14540856 0.24758755 -0.18586199
v -0.14540856 0.25544748 -0.18586138
v -0.14540856 0.26330739 -0.18586552
v -0.14540856 0.27116731 -0.18587218
v -0.14540856 0.27902722 -0.18588927
v -0.14540856 0.28688717 -0.18589754
v -0.14540856 0.29474708 -0.18590084
v -0.14540856 0.30260700 -0.18589479
v -0.14540856 0.31046692 -0.18587422
v -0.14540856 0.31832686 -0.18586205
v -0.14540856 0.32618678 -0.18586037
v -0.14540856 0.33404669 -0.18584724
v -0.14540856 0.34190661 -0.18583944
v -0.14540856 0.34976652 -0.18584748
v -0.14540856 0.35762647 -0.18585911
v -0.14540856 0.36548638 -0.18586235
v -0.14540856 0.37334630 -0.18585533
v -0.14540856 0.38120621 -0.18584976
v -0.14540856 0.38906616 -0.18585683
v -0.14540856 0.39692608 -0.18586774
v -0.14540856 0.40478599 -0.18583044
v -0.14540856 0.41264591 -0.18580286
v -0.14540856 0.42050582 -0.18577947
v -0.14540856 0.42836577 -0.18578337
v -0.14540856 0.43622568 -0.18580699
v -0.14540856 0.44408560 -0.18584333
v -0.14540856 0.45194551 -0.18589360
v -0.14540856 0.45980546 -0.18592758
v -0.14540856 0.46766537 -0.18596070
v -0.14540856 0.47552529 -0.18598402
v -0.14540856 0.48338521 -0.18601927
v -0.14540856 0.49124515 -0.18609478
v -0.14540856 0.49910507 -0.18618767
v -0.14540856 0.50696498 -0.18624079
v -0.14540856 0.51482493 -0.18629506
v -0.14540856 0.52268481 -0.18638009
v -0.14540856 0.53054476 -0.18649529
v -0.14540856 0.53840464 -0.18665084
v -0.14540856 0.54626459 -0.18686564
v -0.14540856 0.55412453 -0.18716949
v -0.14540856 0.56198442 -0.18760233
v -0.14540856 0.56984437 -0.18813892
v -0.14540856 0.57770425 -0.18917279
v -0.14540856 0.58556420 -0.19176497
v -0.14540856 0.58730876 -0.19256809
v -0.14540856 0.59342414 -0.19538802
v -0.13754864 -0.60128403 -0.20152037
v -0.13754864 -0.59992528 -0.20042801
v -0.13754864 -0.59342414 -0.19523905
v -0.13754864 -0.58805680 -0.19256809
v -0.13754864 -0.58556420 -0.19144222
v -0.13754864 -0.57770425 -0.18931744
v -0.13754864 -0.56984437 -0.18795085
v -0.13754864 -0.56198442 -0.18702587
v -0.13754864 -0.55412453 -0.18655616
v -0.13754864 -0.54626459 -0.18632253
v -0.13754864 -0.53840464 -0.18622263
v -0.13754864 -0.53054476 -0.18618131
v -0.13754864 -0.52268481 -0.18614323
v -0.13754864 -0.51482493 -0.18612932
v -0.13754864 -0.50696498 -0.18609111
v -0.13754864 -0.49910507 -0.18604249
v -0.13754864 -0.49124515 -0.18600279
v -0.13754864 -0.48338521 -0.18599145
v -0.13754864 -0.47552529 -0.18598048
v -0.13754864 -0.46766537 -0.18597706
v -0.13754864 -0.45980546 -0.18598048
v -0.13754864 -0.45194551 -0.18598084
v -0.13754864 -0.44408560 -0.18597730
v -0.13754864 -0.43622568 -0.18597329
v -0.13754864 -0.42836577 -0.18598048
v -0.13754864 -0.42050582 -0.18598558
v -0.13754864 -0.41264591 -0.18599421
v -0.13754864 -0.40478599 -0.18598090
v -0.13754864 -0.39692608 -0.18593676
v -0.13754864 -0.38906616 -0.18589754
v -0.13754864 -0.38120621 -0.18586300
v -0.13754864 -0.37334630 -0.18582709
v -0.13754864 -0.36548638 -0.18580802
v -0.13754864 -0.35762647 -0.18579501
v -0.13754864 -0.34976652 -0.18579356
v -0.13754864 -0.34190661 -0.18579489
v -0.13754864 -0.33404669 -0.18581468
v -0.13754864 -0.32618678 -0.18582793
v -0.13754864 -0.31832686 -0.18584315
v -0.13754864 -0.31046692 -0.18588394
v -0.13754864 -0.30260700 -0.18591499
v -0.13754864 -0.29474708 -0.18594018
v -0.13754864 -0.28688717 -0.18596135
v -0.13754864 -0.27902722 -0.18596555
v -0.13754864 -0.27116731 -0.18596183
v -0.13754864 -0.26330739 -0.18595937
v -0.13754864 -0.25544748 -0.18595001
v -0.13754864 -0.24758755 -0.18595001
v -0.13754864 -0.23972763 -0.18594527
v -0.13754864 -0.23186770 -0.18595631
v -0.13754864 -0.22400779 -0.18595590
v -0.13754864 -0.21614785 -0.18598114
v -0.13754864 -0.20828794 -0.18599127
v -0.13754864 -0.20042801 -0.18601082
v -0.13754864 -0.19256809 -0.18601964
v -0.13754864 -0.18470818 -0.18599506
v -0.13754864 -0.17684825 -0.18594553
v -0.13754864 -0.16898833 -0.18591626
v -0.13754864 -0.16112840 -0.18591079
v -0.13754864 -0.15326849 -0.18590294
v -0.13754864 -0.14540856 -0.18591973
v -0.13754864 -0.13754864 -0.18592237
v -0.13754864 -0.12968871 -0.18593550
v -0.13754864 -0.12182879 -0.18594390
v -0.13754864 -0.11396887 -0.18594858
v -0.13754864 -0.10610895 -0.18594840
v -0.13754864 -0.09824903 -0.18595529
v -0.13754864 -0.09038910 -0.18594432
v -0.13754864 -0.08252918 -0.18594737
v -0.13754864 -0.07466926 -0.18593389
v -0.13754864 -0.06680934 -0.18591470
v -0.13754864 -0.05894941 -0.18590228
v -0.13754864 -0.05108950 -0.18589881
v -0.13754864 -0.04322957 -0.18589929
v -0.13754864 -0.03536965 -0.18591093
v -0.13754864 -0.02750973 -0.18592489
v -0.13754864 -0.01964981 -0.18593532
v -0.13754864 -0.01178988 -0.18596861
v -0.13754864 -0.00392996 -0.18598834
v -0.13754864 0.00392996 -0.18600692
v -0.13754864 0.01178988 -0.18601017
v -0.13754864 0.01964981 -0.18601634
v -0.13754864 0.02750973 -0.18603115
v -0.13754864 0.03536965 -0.18603678
v -0.13754864 0.04322957 -0.18603577
v -0.13754864 0.05108950 -0.18604110
v -0.13754864 0.05894941 -0.18604945
v -0.13754864 0.06680934 -0.18604267
v -0.13754864 0.07466926 -0.18605340
v -0.13754864 0.08252918 -0.18604626
v -0.13754864 0.09038910 -0.18602780
v -0.13754864 0.09824903 -0.18601453
v -0.13754864 0.10610895 -0.18598941
v -0.13754864 0.11396887 -0.18595937
v -0.13754864 0.12182879 -0.18595271
v -0.13754864 0.12968871 -0.18594924
v -0.13754864 0.13754864 -0.18596476
v -0.13754864 0.14540856 -0.18596274
v -0.13754864 0.15326849 -0.18597755
v -0.13754864 0.16112840 -0.18599284
v -0.13754864 0.16898833 -0.18601364
v -0.13754864 0.17684825 -0.18604913
v -0.13754864 0.18470818 -0.18605988
v -0.13754864 0.19256809 -0.18606389
v -0.13754864 0.20042801 -0.18606947
v -0.13754864 0.20828794 -0.18603133
v -0.13754864 0.21614785 -0.18597610
v -0.13754864 0.22400779 -0.18595044
v -0.13754864 0.23186770 -0.18592806
v -0.13754864 0.23972763 -0.18590204
v -0.13754864 0.24758755 -0.18588723
v -0.13754864 0.25544748 -0.18588795
v -0.13754864 0.26330739 -0.18589574
v -0.13754864 0.27116731 -0.18591416
v -0.13754864 0.27902722 -0.18592387
v -0.13754864 0.28688717 -0.18592741
v -0.13754864 0.29474708 -0.18592969
v -0.13754864 0.30260700 -0.18592867
v -0.13754864 0.31046692 -0.18591733
v -0.13754864 0.31832686 -0.18590324
v -0.13754864 0.32618678 -0.18588400
v -0.13754864 0.33404669 -0.18587770
v -0.13754864 0.34190661 -0.18587536
v -0.13754864 0.34976652 -0.18588004
v -0.13754864 0.35762647 -0.18588436
v -0.13754864 0.36548638 -0.18588999
v -0.13754864 0.37334630 -0.18588705
v -0.13754864 0.38120621 -0.18587781
v -0.13754864 0.38906616 -0.18588963
v -0.13754864 0.39692608 -0.18589221
v -0.13754864 0.40478599 -0.18586421
v -0.13754864 0.41264591 -0.18582126
v -0.13754864 0.42050582 -0.18581131
v -0.13754864 0.42836577 -0.18580171
v -0.13754864 0.43622568 -0.18582709
v -0.13754864 0.44408560 -0.18587109
v -0.13754864 0.45194551 -0.18591404
v -0.13754864 0.45980546 -0.18595271
v -0.13754864 0.46766537 -0.18598971
v -0.13754864 0.47552529 -0.18601508
v -0.13754864 0.48338521 -0.18604758
v -0.13754864 0.49124515 -0.18612356
v -0.13754864 0.49910507 -0.18621291
v -0.13754864 0.50696498 -0.18626358
v -0.13754864 0.51482493 -0.18631791
v -0.13754864 0.52268481 -0.18641338
v -0.13754864 0.53054476 -0.18652257
v -0.13754864 0.53840464 -0.18667921
v -0.13754864 0.54626459 -0.18690330
v -0.13754864 0.55412453 -0.18720818
v -0.13754864 0.56198442 -0.18764113
v -0.13754864 0.56984437 -0.18820146
v -0.13754864 0.57770425 -0.18929650
v -0.13754864 0.58556420 -0.19187140
v -0.13754864 0.58710736 -0.19256809
v -0.13754864 0.59342414 -0.19541830
v -0.12968871 -0.60128403 -0.20158830
v -0.12968871 -0.59981751 -0.20042801
v -0.12968871 -0.59342414 -0.19538231
v -0.12968871 -0.58782369 -0.19256809
v -0.12968871 -0.58556420 -0.19152869
v -0.12968871 -0.57770425 -0.18936133
v -0.12968871 -0.56984437 -0.18795092
v -0.12968871 -0.56198442 -0.18701376
v -0.12968871 -0.55412453 -0.18654266
v -0.12968871 -0.54626459 -0.18630567
v -0.12968871 -0.53840464 -0.18620361
v -0.12968871 -0.53054476 -0.18615864
v -0.12968871 -0.52268481 -0.18612979
v -0.12968871 -0.51482493 -0.18611103
v -0.12968871 -0.50696498 -0.18608680
v -0.12968871 -0.49910507 -0.18604116
v -0.12968871 -0.49124515 -0.18600117
v -0.12968871 -0.48338521 -0.18597478
v -0.12968871 -0.47552529 -0.18597376
v -0.12968871 -0.46766537 -0.18597010
v -0.12968871 -0.45980546 -0.18596153
v -0.12968871 -0.45194551 -0.18595907
v -0.12968871 -0.44408560 -0.18594630
v -0.12968871 -0.43622568 -0.18595631
v -0.12968871 -0.42836577 -0.18595296
v -0.12968871 -0.42050582 -0.18596081
v -0.12968871 -0.41264591 -0.18596506
v -0.12968871 -0.40478599 -0.18594840
v -0.12968871 -0.39692608 -0.18590738
v -0.12968871 -0.38906616 -0.18587020
v -0.12968871 -0.38120621 -0.18583320
v -0.12968871 -0.37334630 -0.18579380
v -0.12968871 -0.36548638 -0.18577072
v -0.12968871 -0.35762647 -0.18576364
v -0.12968871 -0.34976652 -0.18575867
v -0.12968871 -0.34190661 -0.18577300
v -0.12968871 -0.33404669 -0.18578468
v -0.12968871 -0.32618678 -0.18580657
v -0.12968871 -0.31832686 -0.18583044
v -0.12968871 -0.31046692 -0.18587331
v -0.12968871 -0.30260700 -0.18590498
v -0.12968871 -0.29474708 -0.18593629
v -0.12968871 -0.28688717 -0.18596561
v -0.12968871 -0.27902722 -0.18595619
v -0.12968871 -0.27116731 -0.18595542
v -0.12968871 -0.26330739 -0.18595296
v -0.12968871 -0.25544748 -0.18595481
v -0.12968871 -0.24758755 -0.18595439
v -0.12968871 -0.23972763 -0.18594858
v -0.12968871 -0.23186770 -0.18596274
v -0.12968871 -0.22400779 -0.18596752
v -0.12968871 -0.21614785 -0.18598971
v -0.12968871 -0.20828794 -0.18600357
v -0.12968871 -0.20042801 -0.18601802
v -0.12968871 -0.19256809 -0.18603133
v -0.12968871 -0.18470818 -0.18599913
v -0.12968871 -0.17684825 -0.18595493
v -0.12968871 -0.16898833 -0.18591565
v -0.12968871 -0.16112840 -0.18590833
v -0.12968871 -0.15326849 -0.18590792
v -0.12968871 -0.14540856 -0.18592297
v -0.12968871 -0.13754864 -0.18592651
v -0.12968871 -0.12968871 -0.18594474
v -0.12968871 -0.12182879 -0.18595836
v -0.12968871 -0.11396887 -0.18595836
v -0.12968871 -0.10610895 -0.18596177
v -0.12968871 -0.09824903 -0.18595044
v -0.12968871 -0.09038910 -0.18595751
v -0.12968871 -0.08252918 -0.18595128
v -0.12968871 -0.07466926 -0.18594126
v -0.12968871 -0.06680934 -0.18592723
v -0.12968871 -0.05894941 -0.18591404
v -0.12968871 -0.05108950 -0.18590696
v -0.12968871 -0.04322957 -0.18590432
v -0.12968871 -0.03536965 -0.18592393
v -0.12968871 -0.02750973 -0.18593760
v -0.12968871 -0.01964981 -0.18595338
v -0.12968871 -0.01178988 -0.18597724
v -0.12968871 -0.00392996 -0.18599097
v -0.12968871 0.00392996 -0.18601508
v -0.12968871 0.01178988 -0.18601736
v -0.12968871 0.01964981 -0.18601802
v -0.12968871 0.02750973 -0.18602096
v -0.12968871 0.03536965 -0.18601719
v -0.12968871 0.04322957 -0.18603194
v -0.12968871 0.05108950 -0.18604146
v -0.12968871 0.05894941 -0.18603967
v -0.12968871 0.06680934 -0.18604158
v -0.12968871 0.07466926 -0.18603912
v -0.12968871 0.08252918 -0.18604003
v -0.12968871 0.09038910 -0.18602306
v -0.12968871 0.09824903 -0.18600938
v -0.12968871 0.10610895 -0.18598461
v -0.12968871 0.11396887 -0.18596405
v -0.12968871 0.12182879 -0.18594773
v -0.12968871 0.12968871 -0.18595415
v -0.12968871 0.13754864 -0.18594882
v -0.12968871 0.14540856 -0.18595774
v -0.12968871 0.15326849 -0.18596710
v -0.12968871 0.16112840 -0.18597551
v -0.12968871 0.16898833 -0.18600039
v -0.12968871 0.17684825 -0.18604489
v -0.12968871 0.18470818 -0.18605706
v -0.12968871 0.19256809 -0.18606485
v -0.12968871 0.20042801 -0.18607961
v -0.12968871 0.20828794 -0.18604021
v -0.12968871 0.21614785 -0.18598516
v -0.12968871 0.22400779 -0.18596447
v -0.12968871 0.23186770 -0.18593304
v -0.12968871 0.23972763 -0.18591170
v -0.12968871 0.24758755 -0.18589893
v -0.12968871 0.25544748 -0.18590504
v -0.12968871 0.26330739 -0.18591547
v -0.12968871 0.27116731 -0.18592711
v -0.12968871 0.27902722 -0.18594714
v -0.12968871 0.28688717 -0.18594983
v -0.12968871 0.29474708 -0.18595187
v -0.12968871 0.30260700 -0.18594468
v -0.12968871 0.31046692 -0.18593131
v -0.12968871 0.31832686 -0.18590978
v -0.12968871 0.32618678 -0.18590300
v -0.12968871 0.33404669 -0.18589082
v -0.12968871 0.34190661 -0.18588993
v -0.12968871 0.34976652 -0.18589322
v -0.12968871 0.35762647 -0.18589778
v -0.12968871 0.36548638 -0.18590865
v -0.12968871 0.37334630 -0.18589838
v -0.12968871 0.38120621 -0.18589227
v -0.12968871 0.38906616 -0.18589473
v -0.12968871 0.39692608 -0.18590619
v -0.12968871 0.40478599 -0.18586108
v -0.12968871 0.41264591 -0.18582630
v -0.12968871 0.42050582 -0.18581018
v -0.12968871 0.42836577 -0.18581510
v -0.12968871 0.43622568 -0.18583356
v -0.12968871 0.44408560 -0.18586960
v -0.12968871 0.45194551 -0.18591745
v -0.12968871 0.45980546 -0.18595187
v -0.12968871 0.46766537 -0.18599008
v -0.12968871 0.47552529 -0.18601508
v -0.12968871 0.48338521 -0.18604913
v -0.12968871 0.49124515 -0.18612579
v -0.12968871 0.49910507 -0.18619660
v -0.12968871 0.50696498 -0.18625584
v -0.12968871 0.51482493 -0.18631215
v -0.12968871 0.52268481 -0.18639478
v -0.12968871 0.53054476 -0.18651694
v -0.12968871 0.53840464 -0.18667729
v -0.12968871 0.54626459 -0.18689832
v -0.12968871 0.55412453 -0.18721099
v -0.12968871 0.56198442 -0.18767069
v -0.12968871 0.56984437 -0.18827605
v -0.12968871 0.57770425 -0.18944731
v -0.12968871 0.58556420 -0.19200554
v -0.12968871 0.58684510 -0.19256809
v -0.12968871 0.59342414 -0.19543234
v -0.12182879 -0.60128403 -0.20167658
v -0.12182879 -0.59969920 -0.20042801
v -0.12182879 -0.59342414 -0.19549026
v -0.12182879 -0.58770782 -0.19256809
v -0.12182879 -0.58556420 -0.19155592
v -0.12182879 -0.57770425 -0.18935077
v -0.12182879 -0.56984437 -0.18790641
v -0.12182879 -0.56198442 -0.18698660
v -0.12182879 -0.55412453 -0.18651184
v -0.12182879 -0.54626459 -0.18627936
v -0.12182879 -0.53840464 -0.18617909
v -0.12182879 -0.53054476 -0.18612500
v -0.12182879 -0.52268481 -0.18608770
v -0.12182879 -0.51482493 -0.18608002
v -0.12182879 -0.50696498 -0.18605597
v -0.12182879 -0.49910507 -0.18599924
v -0.12182879 -0.49124515 -0.18594559
v -0.12182879 -0.48338521 -0.18592939
v -0.12182879 -0.47552529 -0.18594222
v -0.12182879 -0.46766537 -0.18593712
v -0.12182879 -0.45980546 -0.18593419
v -0.12182879 -0.45194551 -0.18592045
v -0.12182879 -0.44408560 -0.18592405
v -0.12182879 -0.43622568 -0.18591662
v -0.12182879 -0.42836577 -0.18591775
v -0.12182879 -0.42050582 -0.18592100
v -0.12182879 -0.41264591 -0.18592747
v -0.12182879 -0.40478599 -0.18590587
v -0.12182879 -0.39692608 -0.18586996
v -0.12182879 -0.38906616 -0.18582660
v -0.12182879 -0.38120621 -0.18578805
v -0.12182879 -0.37334630 -0.18575087
v -0.12182879 -0.36548638 -0.18573204
v -0.12182879 -0.35762647 -0.18571728
v -0.12182879 -0.34976652 -0.18572101
v -0.12182879 -0.34190661 -0.18573810
v -0.12182879 -0.33404669 -0.18575236
v -0.12182879 -0.32618678 -0.18577330
v -0.12182879 -0.31832686 -0.18580957
v -0.12182879 -0.31046692 -0.18584718
v -0.12182879 -0.30260700 -0.18588729
v -0.12182879 -0.29474708 -0.18592615
v -0.12182879 -0.28688717 -0.18594168
v -0.12182879 -0.27902722 -0.18595392
v -0.12182879 -0.27116731 -0.18594924
v -0.12182879 -0.26330739 -0.18594737
v -0.12182879 -0.25544748 -0.18594360
v -0.12182879 -0.24758755 -0.18594198
v -0.12182879 -0.23972763 -0.18594426
v -0.12182879 -0.23186770 -0.18595481
v -0.12182879 -0.22400779 -0.18595937
v -0.12182879 -0.21614785 -0.18598923
v -0.12182879 -0.20828794 -0.18601160
v -0.12182879 -0.20042801 -0.18602222
v -0.12182879 -0.19256809 -0.18602222
v -0.12182879 -0.18470818 -0.18600027
v -0.12182879 -0.17684825 -0.18594553
v -0.12182879 -0.16898833 -0.18591410
v -0.12182879 -0.16112840 -0.18589731
v -0.12182879 -0.15326849 -0.18590426
v -0.12182879 -0.14540856 -0.18590744
v -0.12182879 -0.13754864 -0.18592015
v -0.12182879 -0.12968871 -0.18593593
v -0.12182879 -0.12182879 -0.18594594
v -0.12182879 -0.11396887 -0.18595409
v -0.12182879 -0.10610895 -0.18595631
v -0.12182879 -0.09824903 -0.18595445
v -0.12182879 -0.09038910 -0.18595529
v -0.12182879 -0.08252918 -0.18594798
v -0.12182879 -0.07466926 -0.18593718
v -0.12182879 -0.06680934 -0.18592171
v -0.12182879 -0.05894941 -0.18590942
v -0.12182879 -0.05108950 -0.18590954
v -0.12182879 -0.04322957 -0.18590738
v -0.12182879 -0.03536965 -0.18591547
v -0.12182879 -0.02750973 -0.18593286
v -0.12182879 -0.01964981 -0.18594798
v -0.12182879 -0.01178988 -0.18597610
v -0.12182879 -0.00392996 -0.18599175
v -0.12182879 0.00392996 -0.18599889
v -0.12182879 0.01178988 -0.18600519
v -0.12182879 0.01964981 -0.18599506
v -0.12182879 0.02750973 -0.18599799
v -0.12182879 0.03536965 -0.18599625
v -0.12182879 0.04322957 -0.18600674
v -0.12182879 0.05108950 -0.18601748
v -0.12182879 0.05894941 -0.18602222
v -0.12182879 0.06680934 -0.18602893
v -0.12182879 0.07466926 -0.18602857
v -0.12182879 0.08252918 -0.18603325
v -0.12182879 0.09038910 -0.18602689
v -0.12182879 0.09824903 -0.18599793
v -0.12182879 0.10610895 -0.18597767
v -0.12182879 0.11396887 -0.18595350
v -0.12182879 0.12182879 -0.18594366
v -0.12182879 0.12968871 -0.18593647
v -0.12182879 0.13754864 -0.18594342
v -0.12182879 0.14540856 -0.18594444
v -0.12182879 0.15326849 -0.18595271
v -0.12182879 0.16112840 -0.18596500
v -0.12182879 0.16898833 -0.18599421
v -0.12182879 0.17684825 -0.18603139
v -0.12182879 0.18470818 -0.18605490
v -0.12182879 0.19256809 -0.18606222
v -0.12182879 0.20042801 -0.18607643
v -0.12182879 0.20828794 -0.18603553
v -0.12182879 0.21614785 -0.18598324
v -0.12182879 0.22400779 -0.18596117
v -0.12182879 0.23186770 -0.18594156
v -0.12182879 0.23972763 -0.18591823
v -0.12182879 0.24758755 -0.18591386
v -0.12182879 0.25544748 -0.18591037
v -0.12182879 0.26330739 -0.18592118
v -0.12182879 0.27116731 -0.18594816
v -0.12182879 0.27902722 -0.18595721
v -0.12182879 0.28688717 -0.18596230
v -0.12182879 0.29474708 -0.18596885
v -0.12182879 0.30260700 -0.18596254
v -0.12182879 0.31046692 -0.18594325
v -0.12182879 0.31832686 -0.18592621
v -0.12182879 0.32618678 -0.18591416
v -0.12182879 0.33404669 -0.18589659
v -0.12182879 0.34190661 -0.18590012
v -0.12182879 0.34976652 -0.18589479
v -0.12182879 0.35762647 -0.18590181
v -0.12182879 0.36548638 -0.18590792
v -0.12182879 0.37334630 -0.18590637
v -0.12182879 0.38120621 -0.18590210
v -0.12182879 0.38906616 -0.18590462
v -0.12182879 0.39692608 -0.18590936
v -0.12182879 0.40478599 -0.18587050
v -0.12182879 0.41264591 -0.18582937
v -0.12182879 0.42050582 -0.18581545
v -0.12182879 0.42836577 -0.18582349
v -0.12182879 0.43622568 -0.18583907
v -0.12182879 0.44408560 -0.18587284
v -0.12182879 0.45194551 -0.18591104
v -0.12182879 0.45980546 -0.18594959
v -0.12182879 0.46766537 -0.18598713
v -0.12182879 0.47552529 -0.18601076
v -0.12182879 0.48338521 -0.18603835
v -0.12182879 0.49124515 -0.18611433
v -0.12182879 0.49910507 -0.18618317
v -0.12182879 0.50696498 -0.18623881
v -0.12182879 0.51482493 -0.18629494
v -0.12182879 0.52268481 -0.18637013
v -0.12182879 0.53054476 -0.18649182
v -0.12182879 0.53840464 -0.18665288
v -0.12182879 0.54626459 -0.18688315
v -0.12182879 0.55412453 -0.18719852
v -0.12182879 0.56198442 -0.18768364
v -0.12182879 0.56984437 -0.18832487
v -0.12182879 0.57770425 -0.18958578
v -0.12182879 0.58556420 -0.19212572
v -0.12182879 0.58658868 -0.19256809
v -0.12182879 0.59342414 -0.19545944
v -0.11396887 -0.60128403 -0.20175262
v -0.11396887 -0.59960812 -0.20042801
v -0.11396887 -0.59342414 -0.19556749
v -0.11396887 -0.58765930 -0.19256809
v -0.11396887 -0.58556420 -0.19155988
v -0.11396887 -0.57770425 -0.18934016
v -0.11396887 -0.56984437 -0.18789101
v -0.11396887 -0.56198442 -0.18695469
v -0.11396887 -0.55412453 -0.18649535
v -0.11396887 -0.54626459 -0.18626052
v -0.11396887 -0.53840464 -0.18615989
v -0.11396887 -0.53054476 -0.18611258
v -0.11396887 -0.52268481 -0.18607798
v -0.11396887 -0.51482493 -0.18606468
v -0.11396887 -0.50696498 -0.18604717
v -0.11396887 -0.49910507 -0.18599278
v -0.11396887 -0.49124515 -0.18587236
v -0.11396887 -0.48338521 -0.18583824
v -0.11396887 -0.47552529 -0.18590984
v -0.11396887 -0.46766537 -0.18592867
v -0.11396887 -0.45980546 -0.18592219
v -0.11396887 -0.45194551 -0.18591206
v -0.11396887 -0.44408560 -0.18590409
v -0.11396887 -0.43622568 -0.18590288
v -0.11396887 -0.42836577 -0.18590349
v -0.11396887 -0.42050582 -0.18591277
v -0.11396887 -0.41264591 -0.18590859
v -0.11396887 -0.40478599 -0.18589665
v -0.11396887 -0.39692608 -0.18585695
v -0.11396887 -0.38906616 -0.18581216
v -0.11396887 -0.38120621 -0.18577239
v -0.11396887 -0.37334630 -0.18573923
v -0.11396887 -0.36548638 -0.18571177
v -0.11396887 -0.35762647 -0.18570055
v -0.11396887 -0.34976652 -0.18570884
v -0.11396887 -0.34190661 -0.18571837
v -0.11396887 -0.33404669 -0.18574619
v -0.11396887 -0.32618678 -0.18577360
v -0.11396887 -0.31832686 -0.18580718
v -0.11396887 -0.31046692 -0.18584238
v -0.11396887 -0.30260700 -0.18588549
v -0.11396887 -0.29474708 -0.18592094
v -0.11396887 -0.28688717 -0.18594414
v -0.11396887 -0.27902722 -0.18595409
v -0.11396887 -0.27116731 -0.18595392
v -0.11396887 -0.26330739 -0.18595044
v -0.11396887 -0.25544748 -0.18594816
v -0.11396887 -0.24758755 -0.18595853
v -0.11396887 -0.23972763 -0.18595625
v -0.11396887 -0.23186770 -0.18597214
v -0.11396887 -0.22400779 -0.18598402
v -0.11396887 -0.21614785 -0.18600765
v -0.11396887 -0.20828794 -0.18602683
v -0.11396887 -0.20042801 -0.18603894
v -0.11396887 -0.19256809 -0.18604758
v -0.11396887 -0.18470818 -0.18601412
v -0.11396887 -0.17684825 -0.18595757
v -0.11396887 -0.16898833 -0.18592045
v -0.11396887 -0.16112840 -0.18590882
v -0.11396887 -0.15326849 -0.18591344
v -0.11396887 -0.14540856 -0.18591854
v -0.11396887 -0.13754864 -0.18593383
v -0.11396887 -0.12968871 -0.18594553
v -0.11396887 -0.12182879 -0.18595025
v -0.11396887 -0.11396887 -0.18596423
v -0.11396887 -0.10610895 -0.18596363
v -0.11396887 -0.09824903 -0.18596280
v -0.11396887 -0.09038910 -0.18596099
v -0.11396887 -0.08252918 -0.18595025
v -0.11396887 -0.07466926 -0.18595062
v -0.11396887 -0.06680934 -0.18593383
v -0.11396887 -0.05894941 -0.18591319
v -0.11396887 -0.05108950 -0.18591830
v -0.11396887 -0.04322957 -0.18591037
v -0.11396887 -0.03536965 -0.18591644
v -0.11396887 -0.02750973 -0.18593892
v -0.11396887 -0.01964981 -0.18595475
v -0.11396887 -0.01178988 -0.18597747
v -0.11396887 -0.00392996 -0.18599847
v -0.11396887 0.00392996 -0.18600398
v -0.11396887 0.01178988 -0.18600507
v -0.11396887 0.01964981 -0.18599601
v -0.11396887 0.02750973 -0.18599565
v -0.11396887 0.03536965 -0.18599883
v -0.11396887 0.04322957 -0.18599997
v -0.11396887 0.05108950 -0.18601005
v -0.11396887 0.05894941 -0.18601802
v -0.11396887 0.06680934 -0.18601994
v -0.11396887 0.07466926 -0.18603384
v -0.11396887 0.08252918 -0.18603379
v -0.11396887 0.09038910 -0.18602119
v -0.11396887 0.09824903 -0.18599865
v -0.11396887 0.10610895 -0.18597287
v -0.11396887 0.11396887 -0.18594348
v -0.11396887 0.12182879 -0.18593778
v -0.11396887 0.12968871 -0.18593197
v -0.11396887 0.13754864 -0.18594450
v -0.11396887 0.14540856 -0.18594018
v -0.11396887 0.15326849 -0.18594468
v -0.11396887 0.16112840 -0.18595913
v -0.11396887 0.16898833 -0.18598923
v -0.11396887 0.17684825 -0.18603709
v -0.11396887 0.18470818 -0.18605153
v -0.11396887 0.19256809 -0.18605970
v -0.11396887 0.20042801 -0.18607457
v -0.11396887 0.20828794 -0.18604717
v -0.11396887 0.21614785 -0.18599097
v -0.11396887 0.22400779 -0.18597460
v -0.11396887 0.23186770 -0.18594491
v -0.11396887 0.23972763 -0.18593401
v -0.11396887 0.24758755 -0.18592153
v -0.11396887 0.25544748 -0.18592435
v -0.11396887 0.26330739 -0.18593508
v -0.11396887 0.27116731 -0.18595715
v -0.11396887 0.27902722 -0.18596837
v -0.11396887 0.28688717 -0.18597575
v -0.11396887 0.29474708 -0.18597406
v -0.11396887 0.30260700 -0.18596531
v -0.11396887 0.31046692 -0.18594390
v -0.11396887 0.31832686 -0.18593778
v -0.11396887 0.32618678 -0.18591559
v -0.11396887 0.33404669 -0.18589683
v -0.11396887 0.34190661 -0.18589574
v -0.11396887 0.34976652 -0.18589881
v -0.11396887 0.35762647 -0.18591002
v -0.11396887 0.36548638 -0.18591152
v -0.11396887 0.37334630 -0.18590306
v -0.11396887 0.38120621 -0.18590096
v -0.11396887 0.38906616 -0.18590210
v -0.11396887 0.39692608 -0.18590234
v -0.11396887 0.40478599 -0.18587254
v -0.11396887 0.41264591 -0.18582660
v -0.11396887 0.42050582 -0.18580867
v -0.11396887 0.42836577 -0.18580772
v -0.11396887 0.43622568 -0.18583710
v -0.11396887 0.44408560 -0.18587704
v -0.11396887 0.45194551 -0.18591529
v -0.11396887 0.45980546 -0.18596141
v -0.11396887 0.46766537 -0.18599708
v -0.11396887 0.47552529 -0.18601945
v -0.11396887 0.48338521 -0.18605058
v -0.11396887 0.49124515 -0.18611528
v -0.11396887 0.49910507 -0.18618466
v -0.11396887 0.50696498 -0.18623534
v -0.11396887 0.51482493 -0.18628404
v -0.11396887 0.52268481 -0.18637326
v -0.11396887 0.53054476 -0.18649164
v -0.11396887 0.53840464 -0.18664983
v -0.11396887 0.54626459 -0.18687284
v -0.11396887 0.55412453 -0.18719156
v -0.11396887 0.56198442 -0.18767585
v -0.11396887 0.56984437 -0.18834418
v -0.11396887 0.57770425 -0.18964557
v -0.11396887 0.58556420 -0.19222899
v -0.11396887 0.58635372 -0.19256809
v -0.11396887 0.59342414 -0.19553080
v -0.10610895 -0.60128403 -0.20185144
v -0.10610895 -0.59948057 -0.20042801
v -0.10610895 -0.59342414 -0.19566889
v -0.10610895 -0.58749872 -0.19256809
v -0.10610895 -0.58556420 -0.19162793
v -0.10610895 -0.57770425 -0.18938634
v -0.10610895 -0.56984437 -0.18792909
v -0.10610895 -0.56198442 -0.18698372
v -0.10610895 -0.55412453 -0.18652228
v -0.10610895 -0.54626459 -0.18628721
v -0.10610895 -0.53840464 -0.18618071
v -0.10610895 -0.53054476 -0.18611421
v -0.10610895 -0.52268481 -0.18608926
v -0.10610895 -0.51482493 -0.18607259
v -0.10610895 -0.50696498 -0.18605748
v -0.10610895 -0.49910507 -0.18601322
v -0.10610895 -0.49124515 -0.18590865
v -0.10610895 -0.48338521 -0.18587086
v -0.10610895 -0.47552529 -0.18593173
v -0.10610895 -0.46766537 -0.18594882
v -0.10610895 -0.45980546 -0.18593262
v -0.10610895 -0.45194551 -0.18593226
v -0.10610895 -0.44408560 -0.18592130
v -0.10610895 -0.43622568 -0.18592201
v -0.10610895 -0.42836577 -0.18592225
v -0.10610895 -0.42050582 -0.18593119
v -0.10610895 -0.41264591 -0.18592764
v -0.10610895 -0.40478599 -0.18590474
v -0.10610895 -0.39692608 -0.18587135
v -0.10610895 -0.38906616 -0.18582991
v -0.10610895 -0.38120621 -0.18578240
v -0.10610895 -0.37334630 -0.18575123
v -0.10610895 -0.36548638 -0.18572718
v -0.10610895 -0.35762647 -0.18571915
v -0.10610895 -0.34976652 -0.18572581
v -0.10610895 -0.34190661 -0.18573977
v -0.10610895 -0.33404669 -0.18577233
v -0.10610895 -0.32618678 -0.18578918
v -0.10610895 -0.31832686 -0.18582354
v -0.10610895 -0.31046692 -0.18586864
v -0.10610895 -0.30260700 -0.18591836
v -0.10610895 -0.29474708 -0.18594983
v -0.10610895 -0.28688717 -0.18597539
v -0.10610895 -0.27902722 -0.18599139
v -0.10610895 -0.27116731 -0.18599530
v -0.10610895 -0.26330739 -0.18598540
v -0.10610895 -0.25544748 -0.18598858
v -0.10610895 -0.24758755 -0.18598822
v -0.10610895 -0.23972763 -0.18599740
v -0.10610895 -0.23186770 -0.18600914
v -0.10610895 -0.22400779 -0.18602569
v -0.10610895 -0.21614785 -0.18604374
v -0.10610895 -0.20828794 -0.18607019
v -0.10610895 -0.20042801 -0.18606995
v -0.10610895 -0.19256809 -0.18608086
v -0.10610895 -0.18470818 -0.18604788
v -0.10610895 -0.17684825 -0.18598905
v -0.10610895 -0.16898833 -0.18595205
v -0.10610895 -0.16112840 -0.18592346
v -0.10610895 -0.15326849 -0.18593425
v -0.10610895 -0.14540856 -0.18594450
v -0.10610895 -0.13754864 -0.18595824
v -0.10610895 -0.12968871 -0.18596663
v -0.10610895 -0.12182879 -0.18597963
v -0.10610895 -0.11396887 -0.18599397
v -0.10610895 -0.10610895 -0.18599109
v -0.10610895 -0.09824903 -0.18598822
v -0.10610895 -0.09038910 -0.18598618
v -0.10610895 -0.08252918 -0.18597826
v -0.10610895 -0.07466926 -0.18596470
v -0.10610895 -0.06680934 -0.18595451
v -0.10610895 -0.05894941 -0.18593046
v -0.10610895 -0.05108950 -0.18592669
v -0.10610895 -0.04322957 -0.18592897
v -0.10610895 -0.03536965 -0.18594079
v -0.10610895 -0.02750973 -0.18595763
v -0.10610895 -0.01964981 -0.18597856
v -0.10610895 -0.01178988 -0.18599391
v -0.10610895 -0.00392996 -0.18601172
v -0.10610895 0.00392996 -0.18602137
v -0.10610895 0.01178988 -0.18601802
v -0.10610895 0.01964981 -0.18601382
v -0.10610895 0.02750973 -0.18599954
v -0.10610895 0.03536965 -0.18600194
v -0.10610895 0.04322957 -0.18601687
v -0.10610895 0.05108950 -0.18602413
v -0.10610895 0.05894941 -0.18603212
v -0.10610895 0.06680934 -0.18603757
v -0.10610895 0.07466926 -0.18604140
v -0.10610895 0.08252918 -0.18604441
v -0.10610895 0.09038910 -0.18603595
v -0.10610895 0.09824903 -0.18601382
v -0.10610895 0.10610895 -0.18598869
v -0.10610895 0.11396887 -0.18596429
v -0.10610895 0.12182879 -0.18594882
v -0.10610895 0.12968871 -0.18594798
v -0.10610895 0.13754864 -0.18595392
v -0.10610895 0.14540856 -0.18595602
v -0.10610895 0.15326849 -0.18596531
v -0.10610895 0.16112840 -0.18597832
v -0.10610895 0.16898833 -0.18600753
v -0.10610895 0.17684825 -0.18604362
v -0.10610895 0.18470818 -0.18606725
v -0.10610895 0.19256809 -0.18608429
v -0.10610895 0.20042801 -0.18609753
v -0.10610895 0.20828794 -0.18606725
v -0.10610895 0.21614785 -0.18602270
v -0.10610895 0.22400779 -0.18598875
v -0.10610895 0.23186770 -0.18597166
v -0.10610895 0.23972763 -0.18594450
v -0.10610895 0.24758755 -0.18593653
v -0.10610895 0.25544748 -0.18593286
v -0.10610895 0.26330739 -0.18595368
v -0.10610895 0.27116731 -0.18597160
v -0.10610895 0.27902722 -0.18599086
v -0.10610895 0.28688717 -0.18599229
v -0.10610895 0.29474708 -0.18599050
v -0.10610895 0.30260700 -0.18598437
v -0.10610895 0.31046692 -0.18596956
v -0.10610895 0.31832686 -0.18594331
v -0.10610895 0.32618678 -0.18592776
v -0.10610895 0.33404669 -0.18591565
v -0.10610895 0.34190661 -0.18591295
v -0.10610895 0.34976652 -0.18591037
v -0.10610895 0.35762647 -0.18591781
v -0.10610895 0.36548638 -0.18592441
v -0.10610895 0.37334630 -0.18592063
v -0.10610895 0.38120621 -0.18591301
v -0.10610895 0.38906616 -0.18591553
v -0.10610895 0.39692608 -0.18591553
v -0.10610895 0.40478599 -0.18587986
v -0.10610895 0.41264591 -0.18584339
v -0.10610895 0.42050582 -0.18581726
v -0.10610895 0.42836577 -0.18582469
v -0.10610895 0.43622568 -0.18585815
v -0.10610895 0.44408560 -0.18588729
v -0.10610895 0.45194551 -0.18593904
v -0.10610895 0.45980546 -0.18597424
v -0.10610895 0.46766537 -0.18601257
v -0.10610895 0.47552529 -0.18603733
v -0.10610895 0.48338521 -0.18606107
v -0.10610895 0.49124515 -0.18613051
v -0.10610895 0.49910507 -0.18620758
v -0.10610895 0.50696498 -0.18624932
v -0.10610895 0.51482493 -0.18629859
v -0.10610895 0.52268481 -0.18637680
v -0.10610895 0.53054476 -0.18650788
v -0.10610895 0.53840464 -0.18666314
v -0.10610895 0.54626459 -0.18688878
v -0.10610895 0.55412453 -0.18720469
v -0.10610895 0.56198442 -0.18769427
v -0.10610895 0.56984437 -0.18837944
v -0.10610895 0.57770425 -0.18971896
v -0.10610895 0.58556420 -0.19236402
v -0.10610895 0.58603638 -0.19256809
v -0.10610895 0.59342414 -0.19567831
v -0.09824903 -0.60128403 -0.20193240
v -0.09824903 -0.59935945 -0.20042801
v -0.09824903 -0.59342414 -0.19581389
v -0.09824903 -0.58721811 -0.19256809
v -0.09824903 -0.58556420 -0.19176112
v -0.09824903 -0.57770425 -0.18949157
v -0.09824903 -0.56984437 -0.18800531
v -0.09824903 -0.56198442 -0.18704158
v -0.09824903 -0.55412453 -0.18656881
v -0.09824903 -0.54626459 -0.18632625
v -0.09824903 -0.53840464 -0.18621440
v -0.09824903 -0.53054476 -0.18616457
v -0.09824903 -0.52268481 -0.18611804
v -0.09824903 -0.51482493 -0.18611006
v -0.09824903 -0.50696498 -0.18609202
v -0.09824903 -0.49910507 -0.18605813
v -0.09824903 -0.49124515 -0.18602264
v -0.09824903 -0.48338521 -0.18600458
v -0.09824903 -0.47552529 -0.18599133
v -0.09824903 -0.46766537 -0.18597874
v -0.09824903 -0.45980546 -0.18597755
v -0.09824903 -0.45194551 -0.18596512
v -0.09824903 -0.44408560 -0.18596369
v -0.09824903 -0.43622568 -0.18596464
v -0.09824903 -0.42836577 -0.18596357
v -0.09824903 -0.42050582 -0.18596861
v -0.09824903 -0.41264591 -0.18596992
v -0.09824903 -0.40478599 -0.18594293
v -0.09824903 -0.39692608 -0.18590648
v -0.09824903 -0.38906616 -0.18586606
v -0.09824903 -0.38120621 -0.18582612
v -0.09824903 -0.37334630 -0.18579572
v -0.09824903 -0.36548638 -0.18577084
v -0.09824903 -0.35762647 -0.18576424
v -0.09824903 -0.34976652 -0.18577689
v -0.09824903 -0.34190661 -0.18579093
v -0.09824903 -0.33404669 -0.18581635
v -0.09824903 -0.32618678 -0.18584430
v -0.09824903 -0.31832686 -0.18587068
v -0.09824903 -0.31046692 -0.18591577
v -0.09824903 -0.30260700 -0.18595919
v -0.09824903 -0.29474708 -0.18599595
v -0.09824903 -0.28688717 -0.18602107
v -0.09824903 -0.27902722 -0.18603432
v -0.09824903 -0.27116731 -0.18604134
v -0.09824903 -0.26330739 -0.18603265
v -0.09824903 -0.25544748 -0.18604068
v -0.09824903 -0.24758755 -0.18604362
v -0.09824903 -0.23972763 -0.18603924
v -0.09824903 -0.23186770 -0.18605046
v -0.09824903 -0.22400779 -0.18606444
v -0.09824903 -0.21614785 -0.18608944
v -0.09824903 -0.20828794 -0.18610366
v -0.09824903 -0.20042801 -0.18611133
v -0.09824903 -0.19256809 -0.18612602
v -0.09824903 -0.18470818 -0.18608423
v -0.09824903 -0.17684825 -0.18602480
v -0.09824903 -0.16898833 -0.18598066
v -0.09824903 -0.16112840 -0.18595967
v -0.09824903 -0.15326849 -0.18595824
v -0.09824903 -0.14540856 -0.18597634
v -0.09824903 -0.13754864 -0.18598060
v -0.09824903 -0.12968871 -0.18599512
v -0.09824903 -0.12182879 -0.18600345
v -0.09824903 -0.11396887 -0.18601364
v -0.09824903 -0.10610895 -0.18601239
v -0.09824903 -0.09824903 -0.18601094
v -0.09824903 -0.09038910 -0.18600999
v -0.09824903 -0.08252918 -0.18601298
v -0.09824903 -0.07466926 -0.18598588
v -0.09824903 -0.06680934 -0.18597952
v -0.09824903 -0.05894941 -0.18596135
v -0.09824903 -0.05108950 -0.18595806
v -0.09824903 -0.04322957 -0.18595211
v -0.09824903 -0.03536965 -0.18596429
v -0.09824903 -0.02750973 -0.18598215
v -0.09824903 -0.01964981 -0.18599883
v -0.09824903 -0.01178988 -0.18602510
v -0.09824903 -0.00392996 -0.18603426
v -0.09824903 0.00392996 -0.18603870
v -0.09824903 0.01178988 -0.18604392
v -0.09824903 0.01964981 -0.18603007
v -0.09824903 0.02750973 -0.18602671
v -0.09824903 0.03536965 -0.18603253
v -0.09824903 0.04322957 -0.18604644
v -0.09824903 0.05108950 -0.18605167
v -0.09824903 0.05894941 -0.18605298
v -0.09824903 0.06680934 -0.18606977
v -0.09824903 0.07466926 -0.18607253
v -0.09824903 0.08252918 -0.18607295
v -0.09824903 0.09038910 -0.18606995
v -0.09824903 0.09824903 -0.18604501
v -0.09824903 0.10610895 -0.18602012
v -0.09824903 0.11396887 -0.18599302
v -0.09824903 0.12182879 -0.18598102
v -0.09824903 0.12968871 -0.18598312
v -0.09824903 0.13754864 -0.18598977
v -0.09824903 0.14540856 -0.18599524
v -0.09824903 0.15326849 -0.18599679
v -0.09824903 0.16112840 -0.18601766
v -0.09824903 0.16898833 -0.18605058
v -0.09824903 0.17684825 -0.18609118
v -0.09824903 0.18470818 -0.18610191
v -0.09824903 0.19256809 -0.18612194
v -0.09824903 0.20042801 -0.18613645
v -0.09824903 0.20828794 -0.18610473
v -0.09824903 0.21614785 -0.18604980
v -0.09824903 0.22400779 -0.18602480
v -0.09824903 0.23186770 -0.18600200
v -0.09824903 0.23972763 -0.18597820
v -0.09824903 0.24758755 -0.18597208
v -0.09824903 0.25544748 -0.18597083
v -0.09824903 0.26330739 -0.18598804
v -0.09824903 0.27116731 -0.18600464
v -0.09824903 0.27902722 -0.18601508
v -0.09824903 0.28688717 -0.18602119
v -0.09824903 0.29474708 -0.18602012
v -0.09824903 0.30260700 -0.18601640
v -0.09824903 0.31046692 -0.18599175
v -0.09824903 0.31832686 -0.18597850
v -0.09824903 0.32618678 -0.18595697
v -0.09824903 0.33404669 -0.18594000
v -0.09824903 0.34190661 -0.18593940
v -0.09824903 0.34976652 -0.18593323
v -0.09824903 0.35762647 -0.18594168
v -0.09824903 0.36548638 -0.18594822
v -0.09824903 0.37334630 -0.18593538
v -0.09824903 0.38120621 -0.18593401
v -0.09824903 0.38906616 -0.18594024
v -0.09824903 0.39692608 -0.18594228
v -0.09824903 0.40478599 -0.18590859
v -0.09824903 0.41264591 -0.18587488
v -0.09824903 0.42050582 -0.18584399
v -0.09824903 0.42836577 -0.18585622
v -0.09824903 0.43622568 -0.18588214
v -0.09824903 0.44408560 -0.18592627
v -0.09824903 0.45194551 -0.18596615
v -0.09824903 0.45980546 -0.18601041
v -0.09824903 0.46766537 -0.18605034
v -0.09824903 0.47552529 -0.18606545
v -0.09824903 0.48338521 -0.18610580
v -0.09824903 0.49124515 -0.18616302
v -0.09824903 0.49910507 -0.18622670
v -0.09824903 0.50696498 -0.18627708
v -0.09824903 0.51482493 -0.18632786
v -0.09824903 0.52268481 -0.18641596
v -0.09824903 0.53054476 -0.18653534
v -0.09824903 0.53840464 -0.18669468
v -0.09824903 0.54626459 -0.18691541
v -0.09824903 0.55412453 -0.18723546
v -0.09824903 0.56198442 -0.18775903
v -0.09824903 0.56984437 -0.18846327
v -0.09824903 0.57770425 -0.18985137
v -0.09828380 0.58556420 -0.19256809
v -0.09824903 0.58556169 -0.19256809
v -0.09824903 0.58556420 -0.19256905
v -0.09824903 0.59342414 -0.19598234
v -0.09038910 -0.60128403 -0.20203337
v -0.09038910 -0.59920269 -0.20042801
v -0.09038910 -0.59342414 -0.19599193
v -0.09038910 -0.58692616 -0.19256809
v -0.09038910 -0.58556420 -0.19189659
v -0.09038910 -0.57770425 -0.18960449
v -0.09038910 -0.56984437 -0.18807325
v -0.09038910 -0.56198442 -0.18709688
v -0.09038910 -0.55412453 -0.18661456
v -0.09038910 -0.54626459 -0.18638159
v -0.09038910 -0.53840464 -0.18626922
v -0.09038910 -0.53054476 -0.18621212
v -0.09038910 -0.52268481 -0.18617482
v -0.09038910 -0.51482493 -0.18616644
v -0.09038910 -0.50696498 -0.18615319
v -0.09038910 -0.49910507 -0.18611972
v -0.09038910 -0.49124515 -0.18608968
v -0.09038910 -0.48338521 -0.18606198
v -0.09038910 -0.47552529 -0.18604566
v -0.09038910 -0.46766537 -0.18603858
v -0.09038910 -0.45980546 -0.18603025
v -0.09038910 -0.45194551 -0.18602665
v -0.09038910 -0.44408560 -0.18603061
v -0.09038910 -0.43622568 -0.18602780
v -0.09038910 -0.42836577 -0.18602546
v -0.09038910 -0.42050582 -0.18602252
v -0.09038910 -0.41264591 -0.18603188
v -0.09038910 -0.40478599 -0.18600567
v -0.09038910 -0.39692608 -0.18596165
v -0.09038910 -0.38906616 -0.18591745
v -0.09038910 -0.38120621 -0.18586907
v -0.09038910 -0.37334630 -0.18583956
v -0.09038910 -0.36548638 -0.18582469
v -0.09038910 -0.35762647 -0.18582325
v -0.09038910 -0.34976652 -0.18582882
v -0.09038910 -0.34190661 -0.18584748
v -0.09038910 -0.33404669 -0.18586697
v -0.09038910 -0.32618678 -0.18589814
v -0.09038910 -0.31832686 -0.18593262
v -0.09038910 -0.31046692 -0.18597029
v -0.09038910 -0.30260700 -0.18601298
v -0.09038910 -0.29474708 -0.18604608
v -0.09038910 -0.28688717 -0.18608350
v -0.09038910 -0.27902722 -0.18609051
v -0.09038910 -0.27116731 -0.18609202
v -0.09038910 -0.26330739 -0.18608764
v -0.09038910 -0.25544748 -0.18608619
v -0.09038910 -0.24758755 -0.18608542
v -0.09038910 -0.23972763 -0.18608853
v -0.09038910 -0.23186770 -0.18609928
v -0.09038910 -0.22400779 -0.18610485
v -0.09038910 -0.21614785 -0.18612686
v -0.09038910 -0.20828794 -0.18613771
v -0.09038910 -0.20042801 -0.18614052
v -0.09038910 -0.19256809 -0.18615367
v -0.09038910 -0.18470818 -0.18611109
v -0.09038910 -0.17684825 -0.18604764
v -0.09038910 -0.16898833 -0.18600765
v -0.09038910 -0.16112840 -0.18599367
v -0.09038910 -0.15326849 -0.18599086
v -0.09038910 -0.14540856 -0.18600123
v -0.09038910 -0.13754864 -0.18601376
v -0.09038910 -0.12968871 -0.18602611
v -0.09038910 -0.12182879 -0.18603745
v -0.09038910 -0.11396887 -0.18604225
v -0.09038910 -0.10610895 -0.18603636
v -0.09038910 -0.09824903 -0.18604231
v -0.09038910 -0.09038910 -0.18603618
v -0.09038910 -0.08252918 -0.18603618
v -0.09038910 -0.07466926 -0.18601574
v -0.09038910 -0.06680934 -0.18600537
v -0.09038910 -0.05894941 -0.18599080
v -0.09038910 -0.05108950 -0.18597957
v -0.09038910 -0.04322957 -0.18598612
v -0.09038910 -0.03536965 -0.18599302
v -0.09038910 -0.02750973 -0.18601473
v -0.09038910 -0.01964981 -0.18604051
v -0.09038910 -0.01178988 -0.18605532
v -0.09038910 -0.00392996 -0.18606468
v -0.09038910 0.00392996 -0.18607451
v -0.09038910 0.01178988 -0.18606335
v -0.09038910 0.01964981 -0.18605760
v -0.09038910 0.02750973 -0.18605682
v -0.09038910 0.03536965 -0.18606107
v -0.09038910 0.04322957 -0.18606545
v -0.09038910 0.05108950 -0.18607534
v -0.09038910 0.05894941 -0.18608722
v -0.09038910 0.06680934 -0.18609034
v -0.09038910 0.07466926 -0.18610761
v -0.09038910 0.08252918 -0.18610497
v -0.09038910 0.09038910 -0.18609454
v -0.09038910 0.09824903 -0.18607949
v -0.09038910 0.10610895 -0.18605496
v -0.09038910 0.11396887 -0.18603230
v -0.09038910 0.12182879 -0.18601394
v -0.09038910 0.12968871 -0.18602024
v -0.09038910 0.13754864 -0.18602335
v -0.09038910 0.14540856 -0.18602839
v -0.09038910 0.15326849 -0.18603769
v -0.09038910 0.16112840 -0.18605754
v -0.09038910 0.16898833 -0.18609279
v -0.09038910 0.17684825 -0.18612452
v -0.09038910 0.18470818 -0.18614724
v -0.09038910 0.19256809 -0.18616943
v -0.09038910 0.20042801 -0.18619120
v -0.09038910 0.20828794 -0.18615648
v -0.09038910 0.21614785 -0.18609910
v -0.09038910 0.22400779 -0.18607415
v -0.09038910 0.23186770 -0.18605185
v -0.09038910 0.23972763 -0.18603031
v -0.09038910 0.24758755 -0.18601491
v -0.09038910 0.25544748 -0.18601964
v -0.09038910 0.26330739 -0.18603618
v -0.09038910 0.27116731 -0.18604872
v -0.09038910 0.27902722 -0.18606198
v -0.09038910 0.28688717 -0.18606755
v -0.09038910 0.29474708 -0.18606983
v -0.09038910 0.30260700 -0.18605694
v -0.09038910 0.31046692 -0.18604362
v -0.09038910 0.31832686 -0.18602797
v -0.09038910 0.32618678 -0.18600783
v -0.09038910 0.33404669 -0.18598929
v -0.09038910 0.34190661 -0.18597628
v -0.09038910 0.34976652 -0.18597928
v -0.09038910 0.35762647 -0.18598354
v -0.09038910 0.36548638 -0.18599319
v -0.09038910 0.37334630 -0.18597987
v -0.09038910 0.38120621 -0.18597604
v -0.09038910 0.38906616 -0.18597922
v -0.09038910 0.39692608 -0.18598156
v -0.09038910 0.40478599 -0.18594594
v -0.09038910 0.41264591 -0.18590222
v -0.09038910 0.42050582 -0.18588339
v -0.09038910 0.42836577 -0.18590294
v -0.09038910 0.43622568 -0.18592764
v -0.09038910 0.44408560 -0.18597136
v -0.09038910 0.45194551 -0.18600680
v -0.09038910 0.45980546 -0.18605076
v -0.09038910 0.46766537 -0.18608171
v -0.09038910 0.47552529 -0.18611072
v -0.09038910 0.48338521 -0.18613832
v -0.09038910 0.49124515 -0.18621363
v -0.09038910 0.49910507 -0.18627863
v -0.09038910 0.50696498 -0.18632276
v -0.09038910 0.51482493 -0.18637668
v -0.09038910 0.52268481 -0.18645944
v -0.09038910 0.53054476 -0.18657097
v -0.09038910 0.53840464 -0.18673882
v -0.09038910 0.54626459 -0.18696603
v -0.09038910 0.55412453 -0.18730873
v -0.09038910 0.56198442 -0.18785018
v -0.09038910 0.56984437 -0.18858728
v -0.09038910 0.57770425 -0.19001892
v -0.09038910 0.58483452 -0.19256809
v -0.09038910 0.58556420 -0.19285971
v -0.09038910 0.59342414 -0.19631864
v -0.08252918 -0.60128403 -0.20213208
v -0.08252918 -0.59903747 -0.20042801
v -0.08252918 -0.59342414 -0.19616769
v -0.08252918 -0.58653241 -0.19256809
v -0.08252918 -0.58556420 -0.19209009
v -0.08252918 -0.57770425 -0.18972227
v -0.08252918 -0.56984437 -0.18816523
v -0.08252918 -0.56198442 -0.18717471
v -0.08252918 -0.55412453 -0.18666950
v -0.08252918 -0.54626459 -0.18644162
v -0.08252918 -0.53840464 -0.18632714
v -0.08252918 -0.53054476 -0.18627000
v -0.08252918 -0.52268481 -0.18623558
v -0.08252918 -0.51482493 -0.18622707
v -0.08252918 -0.50696498 -0.18621016
v -0.08252918 -0.49910507 -0.18617897
v -0.08252918 -0.49124515 -0.18615313
v -0.08252918 -0.48338521 -0.18612044
v -0.08252918 -0.47552529 -0.18610257
v -0.08252918 -0.46766537 -0.18608956
v -0.08252918 -0.45980546 -0.18608411
v -0.08252918 -0.45194551 -0.18608260
v -0.08252918 -0.44408560 -0.18608560
v -0.08252918 -0.43622568 -0.18607876
v -0.08252918 -0.42836577 -0.18608344
v -0.08252918 -0.42050582 -0.18608026
v -0.08252918 -0.41264591 -0.18608674
v -0.08252918 -0.40478599 -0.18606041
v -0.08252918 -0.39692608 -0.18601017
v -0.08252918 -0.38906616 -0.18595889
v -0.08252918 -0.38120621 -0.18592148
v -0.08252918 -0.37334630 -0.18588735
v -0.08252918 -0.36548638 -0.18586709
v -0.08252918 -0.35762647 -0.18586726
v -0.08252918 -0.34976652 -0.18587662
v -0.08252918 -0.34190661 -0.18589574
v -0.08252918 -0.33404669 -0.18591884
v -0.08252918 -0.32618678 -0.18594553
v -0.08252918 -0.31832686 -0.18597773
v -0.08252918 -0.31046692 -0.18601453
v -0.08252918 -0.30260700 -0.18606228
v -0.08252918 -0.29474708 -0.18610334
v -0.08252918 -0.28688717 -0.18613279
v -0.08252918 -0.27902722 -0.18614107
v -0.08252918 -0.27116731 -0.18614143
v -0.08252918 -0.26330739 -0.18613759
v -0.08252918 -0.25544748 -0.18614629
v -0.08252918 -0.24758755 -0.18614005
v -0.08252918 -0.23972763 -0.18613261
v -0.08252918 -0.23186770 -0.18613543
v -0.08252918 -0.22400779 -0.18614538
v -0.08252918 -0.21614785 -0.18616505
v -0.08252918 -0.20828794 -0.18617992
v -0.08252918 -0.20042801 -0.18618172
v -0.08252918 -0.19256809 -0.18619432
v -0.08252918 -0.18470818 -0.18615313
v -0.08252918 -0.17684825 -0.18608272
v -0.08252918 -0.16898833 -0.18603793
v -0.08252918 -0.16112840 -0.18602191
v -0.08252918 -0.15326849 -0.18602107
v -0.08252918 -0.14540856 -0.18603218
v -0.08252918 -0.13754864 -0.18604308
v -0.08252918 -0.12968871 -0.18606047
v -0.08252918 -0.12182879 -0.18607061
v -0.08252918 -0.11396887 -0.18608595
v -0.08252918 -0.10610895 -0.18608201
v -0.08252918 -0.09824903 -0.18608361
v -0.08252918 -0.09038910 -0.18607996
v -0.08252918 -0.08252918 -0.18606971
v -0.08252918 -0.07466926 -0.18605796
v -0.08252918 -0.06680934 -0.18604951
v -0.08252918 -0.05894941 -0.18602762
v -0.08252918 -0.05108950 -0.18602942
v -0.08252918 -0.04322957 -0.18603253
v -0.08252918 -0.03536965 -0.18603805
v -0.08252918 -0.02750973 -0.18606317
v -0.08252918 -0.01964981 -0.18608446
v -0.08252918 -0.01178988 -0.18609682
v -0.08252918 -0.00392996 -0.18610838
v -0.08252918 0.00392996 -0.18611558
v -0.08252918 0.01178988 -0.18610755
v -0.08252918 0.01964981 -0.18609418
v -0.08252918 0.02750973 -0.18609658
v -0.08252918 0.03536965 -0.18609862
v -0.08252918 0.04322957 -0.18610533
v -0.08252918 0.05108950 -0.18611024
v -0.08252918 0.05894941 -0.18612093
v -0.08252918 0.06680934 -0.18613112
v -0.08252918 0.07466926 -0.18614066
v -0.08252918 0.08252918 -0.18614466
v -0.08252918 0.09038910 -0.18613033
v -0.08252918 0.09824903 -0.18611193
v -0.08252918 0.10610895 -0.18609160
v -0.08252918 0.11396887 -0.18606654
v -0.08252918 0.12182879 -0.18604735
v -0.08252918 0.12968871 -0.18605736
v -0.08252918 0.13754864 -0.18606305
v -0.08252918 0.14540856 -0.18606293
v -0.08252918 0.15326849 -0.18607301
v -0.08252918 0.16112840 -0.18608716
v -0.08252918 0.16898833 -0.18612722
v -0.08252918 0.17684825 -0.18617986
v -0.08252918 0.18470818 -0.18619192
v -0.08252918 0.19256809 -0.18621963
v -0.08252918 0.20042801 -0.18624625
v -0.08252918 0.20828794 -0.18622293
v -0.08252918 0.21614785 -0.18616691
v -0.08252918 0.22400779 -0.18613771
v -0.08252918 0.23186770 -0.18610899
v -0.08252918 0.23972763 -0.18608566
v -0.08252918 0.24758755 -0.18607870
v -0.08252918 0.25544748 -0.18607667
v -0.08252918 0.26330739 -0.18609190
v -0.08252918 0.27116731 -0.18610767
v -0.08252918 0.27902722 -0.18612313
v -0.08252918 0.28688717 -0.18612398
v -0.08252918 0.29474708 -0.18611990
v -0.08252918 0.30260700 -0.18611474
v -0.08252918 0.31046692 -0.18609454
v -0.08252918 0.31832686 -0.18608026
v -0.08252918 0.32618678 -0.18606371
v -0.08252918 0.33404669 -0.18604524
v -0.08252918 0.34190661 -0.18602917
v -0.08252918 0.34976652 -0.18602450
v -0.08252918 0.35762647 -0.18602996
v -0.08252918 0.36548638 -0.18602480
v -0.08252918 0.37334630 -0.18602329
v -0.08252918 0.38120621 -0.18601412
v -0.08252918 0.38906616 -0.18602042
v -0.08252918 0.39692608 -0.18602905
v -0.08252918 0.40478599 -0.18599439
v -0.08252918 0.41264591 -0.18595433
v -0.08252918 0.42050582 -0.18594000
v -0.08252918 0.42836577 -0.18594426
v -0.08252918 0.43622568 -0.18597862
v -0.08252918 0.44408560 -0.18600950
v -0.08252918 0.45194551 -0.18605891
v -0.08252918 0.45980546 -0.18609466
v -0.08252918 0.46766537 -0.18613021
v -0.08252918 0.47552529 -0.18615672
v -0.08252918 0.48338521 -0.18617663
v -0.08252918 0.49124515 -0.18625687
v -0.08252918 0.49910507 -0.18633236
v -0.08252918 0.50696498 -0.18638268
v -0.08252918 0.51482493 -0.18643172
v -0.08252918 0.52268481 -0.18651298
v -0.08252918 0.53054476 -0.18663087
v -0.08252918 0.53840464 -0.18679117
v -0.08252918 0.54626459 -0.18703589
v -0.08252918 0.55412453 -0.18739851
v -0.08252918 0.56198442 -0.18796962
v -0.08252918 0.56984437 -0.18875326
v -0.08252918 0.57770425 -0.19021885
v -0.08252918 0.58425164 -0.19256809
v -0.08252918 0.58556420 -0.19308692
v -0.08252918 0.59342414 -0.19660570
v -0.07466926 -0.60128403 -0.20222017
v -0.07466926 -0.59889722 -0.20042801
v -0.07466926 -0.59342414 -0.19632398
v -0.07466926 -0.58628267 -0.19256809
v -0.07466926 -0.58556420 -0.19220656
v -0.07466926 -0.57770425 -0.18986924
v -0.07466926 -0.56984437 -0.18828163
v -0.07466926 -0.56198442 -0.18724829
v -0.07466926 -0.55412453 -0.18674523
v -0.07466926 -0.54626459 -0.18648966
v -0.07466926 -0.53840464 -0.18638435
v -0.07466926 -0.53054476 -0.18633260
v -0.07466926 -0.52268481 -0.18630208
v -0.07466926 -0.51482493 -0.18629578
v -0.07466926 -0.50696498 -0.18627623
v -0.07466926 -0.49910507 -0.18624295
v -0.07466926 -0.49124515 -0.18621129
v -0.07466926 -0.48338521 -0.18617879
v -0.07466926 -0.47552529 -0.18615606
v -0.07466926 -0.46766537 -0.18613616
v -0.07466926 -0.45980546 -0.18613340
v -0.07466926 -0.45194551 -0.18613106
v -0.07466926 -0.44408560 -0.18612961
v -0.07466926 -0.43622568 -0.18612559
v -0.07466926 -0.42836577 -0.18612488
v -0.07466926 -0.42050582 -0.18613154
v -0.07466926 -0.41264591 -0.18612997
v -0.07466926 -0.40478599 -0.18609771
v -0.07466926 -0.39692608 -0.18604957
v -0.07466926 -0.38906616 -0.18600243
v -0.07466926 -0.38120621 -0.18595877
v -0.07466926 -0.37334630 -0.18592308
v -0.07466926 -0.36548638 -0.18591025
v -0.07466926 -0.35762647 -0.18591541
v -0.07466926 -0.34976652 -0.18592334
v -0.07466926 -0.34190661 -0.18593736
v -0.07466926 -0.33404669 -0.18596669
v -0.07466926 -0.32618678 -0.18599002
v -0.07466926 -0.31832686 -0.18602803
v -0.07466926 -0.31046692 -0.18606468
v -0.07466926 -0.30260700 -0.18612026
v -0.07466926 -0.29474708 -0.18615589
v -0.07466926 -0.28688717 -0.18618250
v -0.07466926 -0.27902722 -0.18619318
v -0.07466926 -0.27116731 -0.18619762
v -0.07466926 -0.26330739 -0.18618791
v -0.07466926 -0.25544748 -0.18619090
v -0.07466926 -0.24758755 -0.18618208
v -0.07466926 -0.23972763 -0.18618442
v -0.07466926 -0.23186770 -0.18619138
v -0.07466926 -0.22400779 -0.18619671
v -0.07466926 -0.21614785 -0.18622124
v -0.07466926 -0.20828794 -0.18622628
v -0.07466926 -0.20042801 -0.18623048
v -0.07466926 -0.19256809 -0.18623905
v -0.07466926 -0.18470818 -0.18620931
v -0.07466926 -0.17684825 -0.18613628
v -0.07466926 -0.16898833 -0.18608589
v -0.07466926 -0.16112840 -0.18607612
v -0.07466926 -0.15326849 -0.18607739
v -0.07466926 -0.14540856 -0.18608494
v -0.07466926 -0.13754864 -0.18610707
v -0.07466926 -0.12968871 -0.18612224
v -0.07466926 -0.12182879 -0.18613423
v -0.07466926 -0.11396887 -0.18614635
v -0.07466926 -0.10610895 -0.18615595
v -0.07466926 -0.09824903 -0.18614833
v -0.07466926 -0.09038910 -0.18614544
v -0.07466926 -0.08252918 -0.18613189
v -0.07466926 -0.07466926 -0.18612559
v -0.07466926 -0.06680934 -0.18612105
v -0.07466926 -0.05894941 -0.18610778
v -0.07466926 -0.05108950 -0.18610606
v -0.07466926 -0.04322957 -0.18610065
v -0.07466926 -0.03536965 -0.18610203
v -0.07466926 -0.02750973 -0.18612811
v -0.07466926 -0.01964981 -0.18615912
v -0.07466926 -0.01178988 -0.18617681
v -0.07466926 -0.00392996 -0.18618406
v -0.07466926 0.00392996 -0.18618250
v -0.07466926 0.01178988 -0.18617195
v -0.07466926 0.01964981 -0.18615858
v -0.07466926 0.02750973 -0.18615618
v -0.07466926 0.03536965 -0.18615600
v -0.07466926 0.04322957 -0.18616530
v -0.07466926 0.05108950 -0.18616374
v -0.07466926 0.05894941 -0.18617357
v -0.07466926 0.06680934 -0.18617520
v -0.07466926 0.07466926 -0.18618472
v -0.07466926 0.08252918 -0.18618730
v -0.07466926 0.09038910 -0.18618670
v -0.07466926 0.09824903 -0.18616374
v -0.07466926 0.10610895 -0.18612956
v -0.07466926 0.11396887 -0.18610221
v -0.07466926 0.12182879 -0.18608248
v -0.07466926 0.12968871 -0.18609771
v -0.07466926 0.13754864 -0.18608950
v -0.07466926 0.14540856 -0.18610126
v -0.07466926 0.15326849 -0.18610820
v -0.07466926 0.16112840 -0.18612579
v -0.07466926 0.16898833 -0.18616655
v -0.07466926 0.17684825 -0.18622160
v -0.07466926 0.18470818 -0.18623522
v -0.07466926 0.19256809 -0.18627545
v -0.07466926 0.20042801 -0.18631335
v -0.07466926 0.20828794 -0.18628487
v -0.07466926 0.21614785 -0.18622880
v -0.07466926 0.22400779 -0.18619239
v -0.07466926 0.23186770 -0.18617111
v -0.07466926 0.23972763 -0.18614706
v -0.07466926 0.24758755 -0.18613628
v -0.07466926 0.25544748 -0.18614587
v -0.07466926 0.26330739 -0.18616158
v -0.07466926 0.27116731 -0.18617260
v -0.07466926 0.27902722 -0.18617722
v -0.07466926 0.28688717 -0.18618791
v -0.07466926 0.29474708 -0.18618017
v -0.07466926 0.30260700 -0.18616584
v -0.07466926 0.31046692 -0.18615276
v -0.07466926 0.31832686 -0.18613574
v -0.07466926 0.32618678 -0.18611990
v -0.07466926 0.33404669 -0.18608560
v -0.07466926 0.34190661 -0.18607907
v -0.07466926 0.34976652 -0.18607217
v -0.07466926 0.35762647 -0.18607001
v -0.07466926 0.36548638 -0.18607403
v -0.07466926 0.37334630 -0.18607840
v -0.07466926 0.38120621 -0.18606143
v -0.07466926 0.38906616 -0.18606599
v -0.07466926 0.39692608 -0.18607481
v -0.07466926 0.40478599 -0.18603672
v -0.07466926 0.41264591 -0.18599512
v -0.07466926 0.42050582 -0.18598245
v -0.07466926 0.42836577 -0.18599421
v -0.07466926 0.43622568 -0.18601274
v -0.07466926 0.44408560 -0.18605682
v -0.07466926 0.45194551 -0.18610713
v -0.07466926 0.45980546 -0.18615222
v -0.07466926 0.46766537 -0.18618365
v -0.07466926 0.47552529 -0.18620776
v -0.07466926 0.48338521 -0.18623845
v -0.07466926 0.49124515 -0.18630964
v -0.07466926 0.49910507 -0.18639581
v -0.07466926 0.50696498 -0.18644173
v -0.07466926 0.51482493 -0.18649283
v -0.07466926 0.52268481 -0.18657222
v -0.07466926 0.53054476 -0.18668953
v -0.07466926 0.53840464 -0.18685809
v -0.07466926 0.54626459 -0.18710725
v -0.07466926 0.55412453 -0.18749680
v -0.07466926 0.56198442 -0.18810245
v -0.07466926 0.56984437 -0.18892632
v -0.07466926 0.57770425 -0.19042663
v -0.07466926 0.58361363 -0.19256809
v -0.07466926 0.58556420 -0.19332889
v -0.07466926 0.59342414 -0.19682673
v -0.06680934 -0.60128403 -0.20225777
v -0.06680934 -0.59883100 -0.20042801
v -0.06680934 -0.59342414 -0.19637446
v -0.06680934 -0.58619708 -0.19256809
v -0.06680934 -0.58556420 -0.19224925
v -0.06680934 -0.57770425 -0.18992004
v -0.06680934 -0.56984437 -0.18835402
v -0.06680934 -0.56198442 -0.18731485
v -0.06680934 -0.55412453 -0.18679176
v -0.06680934 -0.54626459 -0.18653937
v -0.06680934 -0.53840464 -0.18644235
v -0.06680934 -0.53054476 -0.18638885
v -0.06680934 -0.52268481 -0.18636853
v -0.06680934 -0.51482493 -0.18635911
v -0.06680934 -0.50696498 -0.18634328
v -0.06680934 -0.49910507 -0.18630958
v -0.06680934 -0.49124515 -0.18627474
v -0.06680934 -0.48338521 -0.18623498
v -0.06680934 -0.47552529 -0.18621045
v -0.06680934 -0.46766537 -0.18619192
v -0.06680934 -0.45980546 -0.18618244
v -0.06680934 -0.45194551 -0.18617621
v -0.06680934 -0.44408560 -0.18617375
v -0.06680934 -0.43622568 -0.18617399
v -0.06680934 -0.42836577 -0.18617351
v -0.06680934 -0.42050582 -0.18617778
v -0.06680934 -0.41264591 -0.18618214
v -0.06680934 -0.40478599 -0.18614881
v -0.06680934 -0.39692608 -0.18609723
v -0.06680934 -0.38906616 -0.18604620
v -0.06680934 -0.38120621 -0.18600626
v -0.06680934 -0.37334630 -0.18597388
v -0.06680934 -0.36548638 -0.18595314
v -0.06680934 -0.35762647 -0.18596387
v -0.06680934 -0.34976652 -0.18597718
v -0.06680934 -0.34190661 -0.18599805
v -0.06680934 -0.33404669 -0.18602587
v -0.06680934 -0.32618678 -0.18605256
v -0.06680934 -0.31832686 -0.18608212
v -0.06680934 -0.31046692 -0.18612956
v -0.06680934 -0.30260700 -0.18618202
v -0.06680934 -0.29474708 -0.18621525
v -0.06680934 -0.28688717 -0.18624103
v -0.06680934 -0.27902722 -0.18625663
v -0.06680934 -0.27116731 -0.18625812
v -0.06680934 -0.26330739 -0.18626046
v -0.06680934 -0.25544748 -0.18625489
v -0.06680934 -0.24758755 -0.18625255
v -0.06680934 -0.23972763 -0.18624938
v -0.06680934 -0.23186770 -0.18625878
v -0.06680934 -0.22400779 -0.18626982
v -0.06680934 -0.21614785 -0.18629524
v -0.06680934 -0.20828794 -0.18629998
v -0.06680934 -0.20042801 -0.18630226
v -0.06680934 -0.19256809 -0.18631569
v -0.06680934 -0.18470818 -0.18628176
v -0.06680934 -0.17684825 -0.18621206
v -0.06680934 -0.16898833 -0.18617076
v -0.06680934 -0.16112840 -0.18615204
v -0.06680934 -0.15326849 -0.18615648
v -0.06680934 -0.14540856 -0.18617292
v -0.06680934 -0.13754864 -0.18619552
v -0.06680934 -0.12968871 -0.18621446
v -0.06680934 -0.12182879 -0.18623012
v -0.06680934 -0.11396887 -0.18624511
v -0.06680934 -0.10610895 -0.18625687
v -0.06680934 -0.09824903 -0.18624680
v -0.06680934 -0.09038910 -0.18623984
v -0.06680934 -0.08252918 -0.18624218
v -0.06680934 -0.07466926 -0.18623587
v -0.06680934 -0.06680934 -0.18622550
v -0.06680934 -0.05894941 -0.18621351
v -0.06680934 -0.05108950 -0.18621428
v -0.06680934 -0.04322957 -0.18620877
v -0.06680934 -0.03536965 -0.18622467
v -0.06680934 -0.02750973 -0.18623887
v -0.06680934 -0.01964981 -0.18626387
v -0.06680934 -0.01178988 -0.18628013
v -0.06680934 -0.00392996 -0.18628247
v -0.06680934 0.00392996 -0.18627942
v -0.06680934 0.01178988 -0.18626328
v -0.06680934 0.01964981 -0.18624781
v -0.06680934 0.02750973 -0.18624637
v -0.06680934 0.03536965 -0.18624091
v -0.06680934 0.04322957 -0.18624085
v -0.06680934 0.05108950 -0.18625164
v -0.06680934 0.05894941 -0.18624932
v -0.06680934 0.06680934 -0.18625398
v -0.06680934 0.07466926 -0.18626016
v -0.06680934 0.08252918 -0.18626250
v -0.06680934 0.09038910 -0.18625723
v -0.06680934 0.09824903 -0.18622658
v -0.06680934 0.10610895 -0.18618718
v -0.06680934 0.11396887 -0.18616308
v -0.06680934 0.12182879 -0.18613645
v -0.06680934 0.12968871 -0.18614233
v -0.06680934 0.13754864 -0.18614191
v -0.06680934 0.14540856 -0.18614131
v -0.06680934 0.15326849 -0.18615012
v -0.06680934 0.16112840 -0.18617555
v -0.06680934 0.16898833 -0.18621452
v -0.06680934 0.17684825 -0.18626028
v -0.06680934 0.18470818 -0.18628727
v -0.06680934 0.19256809 -0.18632522
v -0.06680934 0.20042801 -0.18637703
v -0.06680934 0.20828794 -0.18636145
v -0.06680934 0.21614785 -0.18630202
v -0.06680934 0.22400779 -0.18626700
v -0.06680934 0.23186770 -0.18624373
v -0.06680934 0.23972763 -0.18622221
v -0.06680934 0.24758755 -0.18620290
v -0.06680934 0.25544748 -0.18620619
v -0.06680934 0.26330739 -0.18622166
v -0.06680934 0.27116731 -0.18623330
v -0.06680934 0.27902722 -0.18624949
v -0.06680934 0.28688717 -0.18625021
v -0.06680934 0.29474708 -0.18624254
v -0.06680934 0.30260700 -0.18623318
v -0.06680934 0.31046692 -0.18621626
v -0.06680934 0.31832686 -0.18619049
v -0.06680934 0.32618678 -0.18617159
v -0.06680934 0.33404669 -0.18614575
v -0.06680934 0.34190661 -0.18612650
v -0.06680934 0.34976652 -0.18611954
v -0.06680934 0.35762647 -0.18612500
v -0.06680934 0.36548638 -0.18612938
v -0.06680934 0.37334630 -0.18611942
v -0.06680934 0.38120621 -0.18611223
v -0.06680934 0.38906616 -0.18612327
v -0.06680934 0.39692608 -0.18612505
v -0.06680934 0.40478599 -0.18609184
v -0.06680934 0.41264591 -0.18605280
v -0.06680934 0.42050582 -0.18604201
v -0.06680934 0.42836577 -0.18605603
v -0.06680934 0.43622568 -0.18608008
v -0.06680934 0.44408560 -0.18612584
v -0.06680934 0.45194551 -0.18617177
v -0.06680934 0.45980546 -0.18621807
v -0.06680934 0.46766537 -0.18624698
v -0.06680934 0.47552529 -0.18627551
v -0.06680934 0.48338521 -0.18631023
v -0.06680934 0.49124515 -0.18637782
v -0.06680934 0.49910507 -0.18645805
v -0.06680934 0.50696498 -0.18651706
v -0.06680934 0.51482493 -0.18656857
v -0.06680934 0.52268481 -0.18664598
v -0.06680934 0.53054476 -0.18675542
v -0.06680934 0.53840464 -0.18690895
v -0.06680934 0.54626459 -0.18715480
v -0.06680934 0.55412453 -0.18755244
v -0.06680934 0.56198442 -0.18818215
v -0.06680934 0.56984437 -0.18904789
v -0.06680934 0.57770425 -0.19060586
v -0.06680934 0.58316880 -0.19256809
v -0.06680934 0.58556420 -0.19347905
v -0.06680934 0.59342414 -0.19695272
v -0.05894941 -0.60128403 -0.20233890
v -0.05894941 -0.59872180 -0.20042801
v -0.05894941 -0.59342414 -0.19646165
v -0.05894941 -0.58611840 -0.19256809
v -0.05894941 -0.58556420 -0.19228469
v -0.05894941 -0.57770425 -0.18996339
v -0.05894941 -0.56984437 -0.18842088
v -0.05894941 -0.56198442 -0.18736252
v -0.05894941 -0.55412453 -0.18683656
v -0.05894941 -0.54626459 -0.18659598
v -0.05894941 -0.53840464 -0.18649212
v -0.05894941 -0.53054476 -0.18645668
v -0.05894941 -0.52268481 -0.18643047
v -0.05894941 -0.51482493 -0.18643221
v -0.05894941 -0.50696498 -0.18641746
v -0.05894941 -0.49910507 -0.18638363
v -0.05894941 -0.49124515 -0.18634735
v -0.05894941 -0.48338521 -0.18630034
v -0.05894941 -0.47552529 -0.18626449
v -0.05894941 -0.46766537 -0.18624799
v -0.05894941 -0.45980546 -0.18623936
v -0.05894941 -0.45194551 -0.18623696
v -0.05894941 -0.44408560 -0.18623611
v -0.05894941 -0.43622568 -0.18623143
v -0.05894941 -0.42836577 -0.18623708
v -0.05894941 -0.42050582 -0.18624115
v -0.05894941 -0.41264591 -0.18624440
v -0.05894941 -0.40478599 -0.18622310
v -0.05894941 -0.39692608 -0.18617351
v -0.05894941 -0.38906616 -0.18612505
v -0.05894941 -0.38120621 -0.18607810
v -0.05894941 -0.37334630 -0.18604878
v -0.05894941 -0.36548638 -0.18604267
v -0.05894941 -0.35762647 -0.18605052
v -0.05894941 -0.34976652 -0.18607132
v -0.05894941 -0.34190661 -0.18609616
v -0.05894941 -0.33404669 -0.18612500
v -0.05894941 -0.32618678 -0.18615204
v -0.05894941 -0.31832686 -0.18618454
v -0.05894941 -0.31046692 -0.18623528
v -0.05894941 -0.30260700 -0.18627857
v -0.05894941 -0.29474708 -0.18631215
v -0.05894941 -0.28688717 -0.18633553
v -0.05894941 -0.27902722 -0.18634729
v -0.05894941 -0.27116731 -0.18634975
v -0.05894941 -0.26330739 -0.18634604
v -0.05894941 -0.25544748 -0.18634310
v -0.05894941 -0.24758755 -0.18634376
v -0.05894941 -0.23972763 -0.18634543
v -0.05894941 -0.23186770 -0.18634957
v -0.05894941 -0.22400779 -0.18636163
v -0.05894941 -0.21614785 -0.18639521
v -0.05894941 -0.20828794 -0.18640390
v -0.05894941 -0.20042801 -0.18641590
v -0.05894941 -0.19256809 -0.18641643
v -0.05894941 -0.18470818 -0.18638225
v -0.05894941 -0.17684825 -0.18631144
v -0.05894941 -0.16898833 -0.18627156
v -0.05894941 -0.16112840 -0.18626142
v -0.05894941 -0.15326849 -0.18626298
v -0.05894941 -0.14540856 -0.18628176
v -0.05894941 -0.13754864 -0.18631071
v -0.05894941 -0.12968871 -0.18632936
v -0.05894941 -0.12182879 -0.18635431
v -0.05894941 -0.11396887 -0.18636972
v -0.05894941 -0.10610895 -0.18636577
v -0.05894941 -0.09824903 -0.18636870
v -0.05894941 -0.09038910 -0.18635623
v -0.05894941 -0.08252918 -0.18635863
v -0.05894941 -0.07466926 -0.18635401
v -0.05894941 -0.06680934 -0.18634255
v -0.05894941 -0.05894941 -0.18634358
v -0.05894941 -0.05108950 -0.18632714
v -0.05894941 -0.04322957 -0.18632552
v -0.05894941 -0.03536965 -0.18634963
v -0.05894941 -0.02750973 -0.18636654
v -0.05894941 -0.01964981 -0.18638790
v -0.05894941 -0.01178988 -0.18641403
v -0.05894941 -0.00392996 -0.18640210
v -0.05894941 0.00392996 -0.18639976
v -0.05894941 0.01178988 -0.18637997
v -0.05894941 0.01964981 -0.18635947
v -0.05894941 0.02750973 -0.18634723
v -0.05894941 0.03536965 -0.18633962
v -0.05894941 0.04322957 -0.18634501
v -0.05894941 0.05108950 -0.18634501
v -0.05894941 0.05894941 -0.18634969
v -0.05894941 0.06680934 -0.18634723
v -0.05894941 0.07466926 -0.18635719
v -0.05894941 0.08252918 -0.18636541
v -0.05894941 0.09038910 -0.18634316
v -0.05894941 0.09824903 -0.18630783
v -0.05894941 0.10610895 -0.18627708
v -0.05894941 0.11396887 -0.18624218
v -0.05894941 0.12182879 -0.18622275
v -0.05894941 0.12968871 -0.18621466
v -0.05894941 0.13754864 -0.18622304
v -0.05894941 0.14540856 -0.18622221
v -0.05894941 0.15326849 -0.18623210
v -0.05894941 0.16112840 -0.18625326
v -0.05894941 0.16898833 -0.18629530
v -0.05894941 0.17684825 -0.18634741
v -0.05894941 0.18470818 -0.18636787
v -0.05894941 0.19256809 -0.18640499
v -0.05894941 0.20042801 -0.18645751
v -0.05894941 0.20828794 -0.18646123
v -0.05894941 0.21614785 -0.18640096
v -0.05894941 0.22400779 -0.18635425
v -0.05894941 0.23186770 -0.18632133
v -0.05894941 0.23972763 -0.18629488
v -0.05894941 0.24758755 -0.18628481
v -0.05894941 0.25544748 -0.18628247
v -0.05894941 0.26330739 -0.18629171
v -0.05894941 0.27116731 -0.18630783
v -0.05894941 0.27902722 -0.18631858
v -0.05894941 0.28688717 -0.18631473
v -0.05894941 0.29474708 -0.18630712
v -0.05894941 0.30260700 -0.18630706
v -0.05894941 0.31046692 -0.18628709
v -0.05894941 0.31832686 -0.18626004
v -0.05894941 0.32618678 -0.18623120
v -0.05894941 0.33404669 -0.18620758
v -0.05894941 0.34190661 -0.18619102
v -0.05894941 0.34976652 -0.18618125
v -0.05894941 0.35762647 -0.18619558
v -0.05894941 0.36548638 -0.18619959
v -0.05894941 0.37334630 -0.18620127
v -0.05894941 0.38120621 -0.18619648
v -0.05894941 0.38906616 -0.18620217
v -0.05894941 0.39692608 -0.18621273
v -0.05894941 0.40478599 -0.18617693
v -0.05894941 0.41264591 -0.18613681
v -0.05894941 0.42050582 -0.18612704
v -0.05894941 0.42836577 -0.18613915
v -0.05894941 0.43622568 -0.18617506
v -0.05894941 0.44408560 -0.18620998
v -0.05894941 0.45194551 -0.18626526
v -0.05894941 0.45980546 -0.18630898
v -0.05894941 0.46766537 -0.18633680
v -0.05894941 0.47552529 -0.18636595
v -0.05894941 0.48338521 -0.18639071
v -0.05894941 0.49124515 -0.18645912
v -0.05894941 0.49910507 -0.18654554
v -0.05894941 0.50696498 -0.18659675
v -0.05894941 0.51482493 -0.18664233
v -0.05894941 0.52268481 -0.18670529
v -0.05894941 0.53054476 -0.18680975
v -0.05894941 0.53840464 -0.18695439
v -0.05894941 0.54626459 -0.18720338
v -0.05894941 0.55412453 -0.18760863
v -0.05894941 0.56198442 -0.18824728
v -0.05894941 0.56984437 -0.18915546
v -0.05894941 0.57770425 -0.19073564
v -0.05894941 0.58282107 -0.19256809
v -0.05894941 0.58556420 -0.19359177
v -0.05894941 0.59342414 -0.19699691
v -0.05108950 -0.60128403 -0.20239270
v -0.05108950 -0.59859598 -0.20042801
v -0.05108950 -0.59342414 -0.19659886
v -0.05108950 -0.58593971 -0.19256809
v -0.05108950 -0.58556420 -0.19237620
v -0.05108950 -0.57770425 -0.19008842
v -0.05108950 -0.56984437 -0.18853804
v -0.05108950 -0.56198442 -0.18746369
v -0.05108950 -0.55412453 -0.18692039
v -0.05108950 -0.54626459 -0.18666542
v -0.05108950 -0.53840464 -0.18657073
v -0.05108950 -0.53054476 -0.18652767
v -0.05108950 -0.52268481 -0.18651736
v -0.05108950 -0.51482493 -0.18652827
v -0.05108950 -0.50696498 -0.18652660
v -0.05108950 -0.49910507 -0.18648833
v -0.05108950 -0.49124515 -0.18643358
v -0.05108950 -0.48338521 -0.18638729
v -0.05108950 -0.47552529 -0.18634658
v -0.05108950 -0.46766537 -0.18632877
v -0.05108950 -0.45980546 -0.18631864
v -0.05108950 -0.45194551 -0.18632492
v -0.05108950 -0.44408560 -0.18633686
v -0.05108950 -0.43622568 -0.18633381
v -0.05108950 -0.42836577 -0.18634382
v -0.05108950 -0.42050582 -0.18635599
v -0.05108950 -0.41264591 -0.18636888
v -0.05108950 -0.40478599 -0.18634424
v -0.05108950 -0.39692608 -0.18629399
v -0.05108950 -0.38906616 -0.18624932
v -0.05108950 -0.38120621 -0.18620524
v -0.05108950 -0.37334630 -0.18618208
v -0.05108950 -0.36548638 -0.18617831
v -0.05108950 -0.35762647 -0.18620308
v -0.05108950 -0.34976652 -0.18623024
v -0.05108950 -0.34190661 -0.18626112
v -0.05108950 -0.33404669 -0.18629362
v -0.05108950 -0.32618678 -0.18631826
v -0.05108950 -0.31832686 -0.18634993
v -0.05108950 -0.31046692 -0.18638207
v -0.05108950 -0.30260700 -0.18642549
v -0.05108950 -0.29474708 -0.18644756
v -0.05108950 -0.28688717 -0.18645787
v -0.05108950 -0.27902722 -0.18646489
v -0.05108950 -0.27116731 -0.18646957
v -0.05108950 -0.26330739 -0.18646525
v -0.05108950 -0.25544748 -0.18645307
v -0.05108950 -0.24758755 -0.18645458
v -0.05108950 -0.23972763 -0.18645571
v -0.05108950 -0.23186770 -0.18646963
v -0.05108950 -0.22400779 -0.18648438
v -0.05108950 -0.21614785 -0.18651970
v -0.05108950 -0.20828794 -0.18651371
v -0.05108950 -0.20042801 -0.18651807
v -0.05108950 -0.19256809 -0.18652773
v -0.05108950 -0.18470818 -0.18649223
v -0.05108950 -0.17684825 -0.18641356
v -0.05108950 -0.16898833 -0.18637057
v -0.05108950 -0.16112840 -0.18634963
v -0.05108950 -0.15326849 -0.18635455
v -0.05108950 -0.14540856 -0.18637320
v -0.05108950 -0.13754864 -0.18640144
v -0.05108950 -0.12968871 -0.18643095
v -0.05108950 -0.12182879 -0.18646398
v -0.05108950 -0.11396887 -0.18647610
v -0.05108950 -0.10610895 -0.18646507
v -0.05108950 -0.09824903 -0.18646939
v -0.05108950 -0.09038910 -0.18644546
v -0.05108950 -0.08252918 -0.18645571
v -0.05108950 -0.07466926 -0.18645722
v -0.05108950 -0.06680934 -0.18644659
v -0.05108950 -0.05894941 -0.18644810
v -0.05108950 -0.05108950 -0.18645056
v -0.05108950 -0.04322957 -0.18645535
v -0.05108950 -0.03536965 -0.18646578
v -0.05108950 -0.02750973 -0.18648690
v -0.05108950 -0.01964981 -0.18650950
v -0.05108950 -0.01178988 -0.18652287
v -0.05108950 -0.00392996 -0.18652438
v -0.05108950 0.00392996 -0.18651184
v -0.05108950 0.01178988 -0.18650308
v -0.05108950 0.01964981 -0.18647526
v -0.05108950 0.02750973 -0.18646297
v -0.05108950 0.03536965 -0.18645829
v -0.05108950 0.04322957 -0.18645523
v -0.05108950 0.05108950 -0.18645278
v -0.05108950 0.05894941 -0.18645900
v -0.05108950 0.06680934 -0.18646087
v -0.05108950 0.07466926 -0.18646753
v -0.05108950 0.08252918 -0.18646267
v -0.05108950 0.09038910 -0.18644641
v -0.05108950 0.09824903 -0.18642189
v -0.05108950 0.10610895 -0.18638118
v -0.05108950 0.11396887 -0.18634814
v -0.05108950 0.12182879 -0.18632954
v -0.05108950 0.12968871 -0.18633369
v -0.05108950 0.13754864 -0.18633081
v -0.05108950 0.14540856 -0.18633254
v -0.05108950 0.15326849 -0.18633908
v -0.05108950 0.16112840 -0.18635713
v -0.05108950 0.16898833 -0.18640582
v -0.05108950 0.17684825 -0.18644911
v -0.05108950 0.18470818 -0.18645841
v -0.05108950 0.19256809 -0.18649206
v -0.05108950 0.20042801 -0.18655676
v -0.05108950 0.20828794 -0.18655880
v -0.05108950 0.21614785 -0.18650800
v -0.05108950 0.22400779 -0.18645920
v -0.05108950 0.23186770 -0.18643124
v -0.05108950 0.23972763 -0.18639563
v -0.05108950 0.24758755 -0.18638591
v -0.05108950 0.25544748 -0.18637566
v -0.05108950 0.26330739 -0.18639238
v -0.05108950 0.27116731 -0.18640007
v -0.05108950 0.27902722 -0.18641146
v -0.05108950 0.28688717 -0.18641014
v -0.05108950 0.29474708 -0.18640013
v -0.05108950 0.30260700 -0.18639472
v -0.05108950 0.31046692 -0.18637644
v -0.05108950 0.31832686 -0.18635269
v -0.05108950 0.32618678 -0.18633032
v -0.05108950 0.33404669 -0.18629590
v -0.05108950 0.34190661 -0.18628410
v -0.05108950 0.34976652 -0.18628097
v -0.05108950 0.35762647 -0.18629044
v -0.05108950 0.36548638 -0.18630549
v -0.05108950 0.37334630 -0.18631420
v -0.05108950 0.38120621 -0.18630795
v -0.05108950 0.38906616 -0.18631858
v -0.05108950 0.39692608 -0.18634064
v -0.05108950 0.40478599 -0.18630843
v -0.05108950 0.41264591 -0.18628661
v -0.05108950 0.42050582 -0.18625602
v -0.05108950 0.42836577 -0.18626490
v -0.05108950 0.43622568 -0.18629621
v -0.05108950 0.44408560 -0.18633440
v -0.05108950 0.45194551 -0.18639275
v -0.05108950 0.45980546 -0.18642884
v -0.05108950 0.46766537 -0.18645680
v -0.05108950 0.47552529 -0.18648036
v -0.05108950 0.48338521 -0.18650824
v -0.05108950 0.49124515 -0.18656132
v -0.05108950 0.49910507 -0.18663718
v -0.05108950 0.50696498 -0.18668850
v -0.05108950 0.51482493 -0.18672401
v -0.05108950 0.52268481 -0.18679093
v -0.05108950 0.53054476 -0.18688831
v -0.05108950 0.53840464 -0.18702780
v -0.05108950 0.54626459 -0.18727912
v -0.05108950 0.55412453 -0.18768562
v -0.05108950 0.56198442 -0.18834478
v -0.05108950 0.56984437 -0.18927012
v -0.05108950 0.57770425 -0.19086456
v -0.05108950 0.58260655 -0.19256809
v -0.05108950 0.58556420 -0.19363502
v -0.05108950 0.59342414 -0.19699128
v -0.04322957 -0.60128403 -0.20243672
v -0.04322957 -0.59845775 -0.20042801
v -0.04322957 -0.59342414 -0.19675297
v -0.04322957 -0.58562970 -0.19256809
v -0.04322957 -0.58556420 -0.19253506
v -0.04322957 -0.57770425 -0.19025058
v -0.04322957 -0.56984437 -0.18869168
v -0.04322957 -0.56198442 -0.18759477
v -0.04322957 -0.55412453 -0.18702449
v -0.04322957 -0.54626459 -0.18677005
v -0.04322957 -0.53840464 -0.18667531
v -0.04322957 -0.53054476 -0.18664838
v -0.04322957 -0.52268481 -0.18665102
v -0.04322957 -0.51482493 -0.18667459
v -0.04322957 -0.50696498 -0.18667093
v -0.04322957 -0.49910507 -0.18662859
v -0.04322957 -0.49124515 -0.18658638
v -0.04322957 -0.48338521 -0.18653326
v -0.04322957 -0.47552529 -0.18648995
v -0.04322957 -0.46766537 -0.18647425
v -0.04322957 -0.45980546 -0.18647802
v -0.04322957 -0.45194551 -0.18648833
v -0.04322957 -0.44408560 -0.18650338
v -0.04322957 -0.43622568 -0.18651573
v -0.04322957 -0.42836577 -0.18653721
v -0.04322957 -0.42050582 -0.18655460
v -0.04322957 -0.41264591 -0.18657006
v -0.04322957 -0.40478599 -0.18655495
v -0.04322957 -0.39692608 -0.18650572
v -0.04322957 -0.38906616 -0.18646333
v -0.04322957 -0.38120621 -0.18642440
v -0.04322957 -0.37334630 -0.18640150
v -0.04322957 -0.36548638 -0.18641169
v -0.04322957 -0.35762647 -0.18645337
v -0.04322957 -0.34976652 -0.18650141
v -0.04322957 -0.34190661 -0.18654200
v -0.04322957 -0.33404669 -0.18657199
v -0.04322957 -0.32618678 -0.18659514
v -0.04322957 -0.31832686 -0.18661660
v -0.04322957 -0.31046692 -0.18664192
v -0.04322957 -0.30260700 -0.18665911
v -0.04322957 -0.29474708 -0.18667243
v -0.04322957 -0.28688717 -0.18667729
v -0.04322957 -0.27902722 -0.18666290
v -0.04322957 -0.27116731 -0.18664628
v -0.04322957 -0.26330739 -0.18663010
v -0.04322957 -0.25544748 -0.18661793
v -0.04322957 -0.24758755 -0.18660599
v -0.04322957 -0.23972763 -0.18659879
v -0.04322957 -0.23186770 -0.18660845
v -0.04322957 -0.22400779 -0.18662332
v -0.04322957 -0.21614785 -0.18663399
v -0.04322957 -0.20828794 -0.18663903
v -0.04322957 -0.20042801 -0.18662320
v -0.04322957 -0.19256809 -0.18662728
v -0.04322957 -0.18470818 -0.18659064
v -0.04322957 -0.17684825 -0.18650363
v -0.04322957 -0.16898833 -0.18645452
v -0.04322957 -0.16112840 -0.18642585
v -0.04322957 -0.15326849 -0.18642771
v -0.04322957 -0.14540856 -0.18644013
v -0.04322957 -0.13754864 -0.18646291
v -0.04322957 -0.12968871 -0.18648882
v -0.04322957 -0.12182879 -0.18651508
v -0.04322957 -0.11396887 -0.18653499
v -0.04322957 -0.10610895 -0.18653679
v -0.04322957 -0.09824903 -0.18652366
v -0.04322957 -0.09038910 -0.18652426
v -0.04322957 -0.08252918 -0.18652606
v -0.04322957 -0.07466926 -0.18653007
v -0.04322957 -0.06680934 -0.18653439
v -0.04322957 -0.05894941 -0.18653128
v -0.04322957 -0.05108950 -0.18653505
v -0.04322957 -0.04322957 -0.18654849
v -0.04322957 -0.03536965 -0.18656072
v -0.04322957 -0.02750973 -0.18658398
v -0.04322957 -0.01964981 -0.18660773
v -0.04322957 -0.01178988 -0.18661529
v -0.04322957 -0.00392996 -0.18660647
v -0.04322957 0.00392996 -0.18659580
v -0.04322957 0.01178988 -0.18658584
v -0.04322957 0.01964981 -0.18656209
v -0.04322957 0.02750973 -0.18654242
v -0.04322957 0.03536965 -0.18654615
v -0.04322957 0.04322957 -0.18654980
v -0.04322957 0.05108950 -0.18654399
v -0.04322957 0.05894941 -0.18654434
v -0.04322957 0.06680934 -0.18655285
v -0.04322957 0.07466926 -0.18656126
v -0.04322957 0.08252918 -0.18657270
v -0.04322957 0.09038910 -0.18655382
v -0.04322957 0.09824903 -0.18653157
v -0.04322957 0.10610895 -0.18649626
v -0.04322957 0.11396887 -0.18647310
v -0.04322957 0.12182879 -0.18646128
v -0.04322957 0.12968871 -0.18645734
v -0.04322957 0.13754864 -0.18646111
v -0.04322957 0.14540856 -0.18646105
v -0.04322957 0.15326849 -0.18647251
v -0.04322957 0.16112840 -0.18648912
v -0.04322957 0.16898833 -0.18652120
v -0.04322957 0.17684825 -0.18656389
v -0.04322957 0.18470818 -0.18657283
v -0.04322957 0.19256809 -0.18659136
v -0.04322957 0.20042801 -0.18664892
v -0.04322957 0.20828794 -0.18666841
v -0.04322957 0.21614785 -0.18662409
v -0.04322957 0.22400779 -0.18657018
v -0.04322957 0.23186770 -0.18654536
v -0.04322957 0.23972763 -0.18651190
v -0.04322957 0.24758755 -0.18650381
v -0.04322957 0.25544748 -0.18649757
v -0.04322957 0.26330739 -0.18651964
v -0.04322957 0.27116731 -0.18652287
v -0.04322957 0.27902722 -0.18653619
v -0.04322957 0.28688717 -0.18653229
v -0.04322957 0.29474708 -0.18653871
v -0.04322957 0.30260700 -0.18652606
v -0.04322957 0.31046692 -0.18652575
v -0.04322957 0.31832686 -0.18650272
v -0.04322957 0.32618678 -0.18647346
v -0.04322957 0.33404669 -0.18645020
v -0.04322957 0.34190661 -0.18643983
v -0.04322957 0.34976652 -0.18644193
v -0.04322957 0.35762647 -0.18646519
v -0.04322957 0.36548638 -0.18648377
v -0.04322957 0.37334630 -0.18649961
v -0.04322957 0.38120621 -0.18650261
v -0.04322957 0.38906616 -0.18650903
v -0.04322957 0.39692608 -0.18654278
v -0.04322957 0.40478599 -0.18652059
v -0.04322957 0.41264591 -0.18647665
v -0.04322957 0.42050582 -0.18645218
v -0.04322957 0.42836577 -0.18646003
v -0.04322957 0.43622568 -0.18647946
v -0.04322957 0.44408560 -0.18651004
v -0.04322957 0.45194551 -0.18654387
v -0.04322957 0.45980546 -0.18658279
v -0.04322957 0.46766537 -0.18660226
v -0.04322957 0.47552529 -0.18663298
v -0.04322957 0.48338521 -0.18664640
v -0.04322957 0.49124515 -0.18669966
v -0.04322957 0.49910507 -0.18675788
v -0.04322957 0.50696498 -0.18679591
v -0.04322957 0.51482493 -0.18684298
v -0.04322957 0.52268481 -0.18690276
v -0.04322957 0.53054476 -0.18699566
v -0.04322957 0.53840464 -0.18714730
v -0.04322957 0.54626459 -0.18740186
v -0.04322957 0.55412453 -0.18782133
v -0.04322957 0.56198442 -0.18850069
v -0.04322957 0.56984437 -0.18943875
v -0.04322957 0.57770425 -0.19101167
v -0.04322957 0.58230764 -0.19256809
v -0.04322957 0.58556420 -0.19370973
v -0.04322957 0.59342414 -0.19696346
v -0.03536965 -0.60128403 -0.20287591
v -0.03536965 -0.59767461 -0.20042801
v -0.03536965 -0.59342414 -0.19740696
v -0.04278132 -0.58556420 -0.19256809
v -0.03536965 -0.58556420 -0.19313352
v -0.03536965 -0.58375257 -0.19256809
v -0.03536965 -0.57770425 -0.19082098
v -0.03536965 -0.56984437 -0.18918905
v -0.03536965 -0.56198442 -0.18800363
v -0.03536965 -0.55412453 -0.18740799
v -0.03536965 -0.54626459 -0.18714544
v -0.03536965 -0.53840464 -0.18705171
v -0.03536965 -0.53054476 -0.18702635
v -0.03536965 -0.52268481 -0.18704596
v -0.03536965 -0.51482493 -0.18706125
v -0.03536965 -0.50696498 -0.18707223
v -0.03536965 -0.49910507 -0.18703026
v -0.03536965 -0.49124515 -0.18697335
v -0.03536965 -0.48338521 -0.18691914
v -0.03536965 -0.47552529 -0.18687613
v -0.03536965 -0.46766537 -0.18686295
v -0.03536965 -0.45980546 -0.18687128
v -0.03536965 -0.45194551 -0.18690114
v -0.03536965 -0.44408560 -0.18692669
v -0.03536965 -0.43622568 -0.18695445
v -0.03536965 -0.42836577 -0.18697670
v -0.03536965 -0.42050582 -0.18699859
v -0.03536965 -0.41264591 -0.18702552
v -0.03536965 -0.40478599 -0.18701832
v -0.03536965 -0.39692608 -0.18697874
v -0.03536965 -0.38906616 -0.18694492
v -0.03536965 -0.38120621 -0.18691242
v -0.03536965 -0.37334630 -0.18689947
v -0.03536965 -0.36548638 -0.18692009
v -0.03536965 -0.35762647 -0.18698102
v -0.03536965 -0.34976652 -0.18705004
v -0.03536965 -0.34190661 -0.18710329
v -0.03536965 -0.33404669 -0.18713436
v -0.03536965 -0.32618678 -0.18715595
v -0.03536965 -0.31832686 -0.18716842
v -0.03536965 -0.31046692 -0.18717165
v -0.03536965 -0.30260700 -0.18717273
v -0.03536965 -0.29474708 -0.18716170
v -0.03536965 -0.28688717 -0.18715042
v -0.03536965 -0.27902722 -0.18712950
v -0.03536965 -0.27116731 -0.18708590
v -0.03536965 -0.26330739 -0.18705645
v -0.03536965 -0.25544748 -0.18702641
v -0.03536965 -0.24758755 -0.18700716
v -0.03536965 -0.23972763 -0.18698576
v -0.03536965 -0.23186770 -0.18698665
v -0.03536965 -0.22400779 -0.18699943
v -0.03536965 -0.21614785 -0.18701382
v -0.03536965 -0.20828794 -0.18699673
v -0.03536965 -0.20042801 -0.18697844
v -0.03536965 -0.19256809 -0.18696435
v -0.03536965 -0.18470818 -0.18692465
v -0.03536965 -0.17684825 -0.18682517
v -0.03536965 -0.16898833 -0.18675867
v -0.03536965 -0.16112840 -0.18671314
v -0.03536965 -0.15326849 -0.18670404
v -0.03536965 -0.14540856 -0.18672328
v -0.03536965 -0.13754864 -0.18672460
v -0.03536965 -0.12968871 -0.18676130
v -0.03536965 -0.12182879 -0.18678787
v -0.03536965 -0.11396887 -0.18679482
v -0.03536965 -0.10610895 -0.18678696
v -0.03536965 -0.09824903 -0.18677431
v -0.03536965 -0.09038910 -0.18677126
v -0.03536965 -0.08252918 -0.18676700
v -0.03536965 -0.07466926 -0.18677618
v -0.03536965 -0.06680934 -0.18678127
v -0.03536965 -0.05894941 -0.18678518
v -0.03536965 -0.05108950 -0.18678068
v -0.03536965 -0.04322957 -0.18678127
v -0.03536965 -0.03536965 -0.18680029
v -0.03536965 -0.02750973 -0.18681809
v -0.03536965 -0.01964981 -0.18682690
v -0.03536965 -0.01178988 -0.18682979
v -0.03536965 -0.00392996 -0.18681209
v -0.03536965 0.00392996 -0.18679632
v -0.03536965 0.01178988 -0.18677719
v -0.03536965 0.01964981 -0.18676113
v -0.03536965 0.02750973 -0.18676130
v -0.03536965 0.03536965 -0.18675327
v -0.03536965 0.04322957 -0.18675879
v -0.03536965 0.05108950 -0.18676382
v -0.03536965 0.05894941 -0.18677719
v -0.03536965 0.06680934 -0.18680418
v -0.03536965 0.07466926 -0.18682763
v -0.03536965 0.08252918 -0.18685107
v -0.03536965 0.09038910 -0.18684681
v -0.03536965 0.09824903 -0.18684292
v -0.03536965 0.10610895 -0.18682355
v -0.03536965 0.11396887 -0.18682091
v -0.03536965 0.12182879 -0.18682505
v -0.03536965 0.12968871 -0.18683800
v -0.03536965 0.13754864 -0.18684454
v -0.03536965 0.14540856 -0.18685617
v -0.03536965 0.15326849 -0.18686679
v -0.03536965 0.16112840 -0.18687050
v -0.03536965 0.16898833 -0.18691541
v -0.03536965 0.17684825 -0.18694660
v -0.03536965 0.18470818 -0.18695098
v -0.03536965 0.19256809 -0.18695332
v -0.03536965 0.20042801 -0.18699865
v -0.03536965 0.20828794 -0.18701503
v -0.03536965 0.21614785 -0.18696651
v -0.03536965 0.22400779 -0.18692087
v -0.03536965 0.23186770 -0.18688387
v -0.03536965 0.23972763 -0.18685713
v -0.03536965 0.24758755 -0.18684183
v -0.03536965 0.25544748 -0.18684718
v -0.03536965 0.26330739 -0.18686624
v -0.03536965 0.27116731 -0.18687782
v -0.03536965 0.27902722 -0.18689118
v -0.03536965 0.28688717 -0.18688910
v -0.03536965 0.29474708 -0.18688706
v -0.03536965 0.30260700 -0.18688717
v -0.03536965 0.31046692 -0.18688507
v -0.03536965 0.31832686 -0.18687992
v -0.03536965 0.32618678 -0.18686187
v -0.03536965 0.33404669 -0.18684454
v -0.03536965 0.34190661 -0.18683392
v -0.03536965 0.34976652 -0.18685761
v -0.03536965 0.35762647 -0.18687338
v -0.03536965 0.36548638 -0.18689755
v -0.03536965 0.37334630 -0.18691751
v -0.03536965 0.38120621 -0.18692933
v -0.03536965 0.38906616 -0.18694516
v -0.03536965 0.39692608 -0.18695973
v -0.03536965 0.40478599 -0.18693238
v -0.03536965 0.41264591 -0.18689641
v -0.03536965 0.42050582 -0.18688321
v -0.03536965 0.42836577 -0.18687344
v -0.03536965 0.43622568 -0.18686588
v -0.03536965 0.44408560 -0.18689635
v -0.03536965 0.45194551 -0.18691632
v -0.03536965 0.45980546 -0.18694624
v -0.03536965 0.46766537 -0.18695217
v -0.03536965 0.47552529 -0.18695332
v -0.03536965 0.48338521 -0.18696482
v -0.03536965 0.49124515 -0.18700650
v -0.03536965 0.49910507 -0.18705694
v -0.03536965 0.50696498 -0.18709898
v -0.03536965 0.51482493 -0.18713321
v -0.03536965 0.52268481 -0.18721206
v -0.03536965 0.53054476 -0.18730111
v -0.03536965 0.53840464 -0.18745403
v -0.03536965 0.54626459 -0.18771003
v -0.03536965 0.55412453 -0.18814701
v -0.03536965 0.56198442 -0.18883362
v -0.03536965 0.56984437 -0.18982655
v -0.03536965 0.57770425 -0.19140379
v -0.03536965 0.58119351 -0.19256809
v -0.03536965 0.58556420 -0.19409077
v -0.03536965 0.59342414 -0.19717322
v -0.02750973 -0.60128403 -0.20453025
v -0.02750973 -0.59504151 -0.20042801
v -0.02750973 -0.59342414 -0.19931528
v -0.02750973 -0.58556420 -0.19503500
v -0.02757953 -0.57770425 -0.19256809
v -0.02750973 -0.57770425 -0.19258477
v -0.02750973 -0.57762772 -0.19256809
v -0.02750973 -0.56984437 -0.19094594
v -0.02750973 -0.56198442 -0.18963213
v -0.02750973 -0.55412453 -0.18889892
v -0.02750973 -0.54626459 -0.18854909
v -0.02750973 -0.53840464 -0.18841499
v -0.02750973 -0.53054476 -0.18834555
v -0.02750973 -0.52268481 -0.18833399
v -0.02750973 -0.51482493 -0.18832961
v -0.02750973 -0.50696498 -0.18830585
v -0.02750973 -0.49910507 -0.18824793
v -0.02750973 -0.49124515 -0.18816704
v -0.02750973 -0.48338521 -0.18808302
v -0.02750973 -0.47552529 -0.18803343
v -0.02750973 -0.46766537 -0.18802114
v -0.02750973 -0.45980546 -0.18804483
v -0.02750973 -0.45194551 -0.18807319
v -0.02750973 -0.44408560 -0.18811637
v -0.02750973 -0.43622568 -0.18814623
v -0.02750973 -0.42836577 -0.18817471
v -0.02750973 -0.42050582 -0.18821573
v -0.02750973 -0.41264591 -0.18824613
v -0.02750973 -0.40478599 -0.18826544
v -0.02750973 -0.39692608 -0.18825537
v -0.02750973 -0.38906616 -0.18823215
v -0.02750973 -0.38120621 -0.18820284
v -0.02750973 -0.37334630 -0.18820038
v -0.02750973 -0.36548638 -0.18825243
v -0.02750973 -0.35762647 -0.18833596
v -0.02750973 -0.34976652 -0.18841884
v -0.02750973 -0.34190661 -0.18847927
v -0.02750973 -0.33404669 -0.18853354
v -0.02750973 -0.32618678 -0.18854704
v -0.02750973 -0.31832686 -0.18856773
v -0.02750973 -0.31046692 -0.18857403
v -0.02750973 -0.30260700 -0.18857732
v -0.02750973 -0.29474708 -0.18857042
v -0.02750973 -0.28688717 -0.18854399
v -0.02750973 -0.27902722 -0.18852648
v -0.02750973 -0.27116731 -0.18849577
v -0.02750973 -0.26330739 -0.18846446
v -0.02750973 -0.25544748 -0.18844689
v -0.02750973 -0.24758755 -0.18843688
v -0.02750973 -0.23972763 -0.18843335
v -0.02750973 -0.23186770 -0.18844959
v -0.02750973 -0.22400779 -0.18848199
v -0.02750973 -0.21614785 -0.18851988
v -0.02750973 -0.20828794 -0.18850842
v -0.02750973 -0.20042801 -0.18848540
v -0.02750973 -0.19256809 -0.18846698
v -0.02750973 -0.18470818 -0.18840414
v -0.02750973 -0.17684825 -0.18829921
v -0.02750973 -0.16898833 -0.18821357
v -0.02750973 -0.16112840 -0.18816212
v -0.02750973 -0.15326849 -0.18812224
v -0.02750973 -0.14540856 -0.18811283
v -0.02750973 -0.13754864 -0.18810515
v -0.02750973 -0.12968871 -0.18812121
v -0.02750973 -0.12182879 -0.18813412
v -0.02750973 -0.11396887 -0.18813285
v -0.02750973 -0.10610895 -0.18811043
v -0.02750973 -0.09824903 -0.18808980
v -0.02750973 -0.09038910 -0.18806989
v -0.02750973 -0.08252918 -0.18806989
v -0.02750973 -0.07466926 -0.18808015
v -0.02750973 -0.06680934 -0.18808584
v -0.02750973 -0.05894941 -0.18809040
v -0.02750973 -0.05108950 -0.18807325
v -0.02750973 -0.04322957 -0.18808872
v -0.02750973 -0.03536965 -0.18809159
v -0.02750973 -0.02750973 -0.18809843
v -0.02750973 -0.01964981 -0.18809430
v -0.02750973 -0.01178988 -0.18806371
v -0.02750973 -0.00392996 -0.18802522
v -0.02750973 0.00392996 -0.18800429
v -0.02750973 0.01178988 -0.18797898
v -0.02750973 0.01964981 -0.18797916
v -0.02750973 0.02750973 -0.18798497
v -0.02750973 0.03536965 -0.18799715
v -0.02750973 0.04322957 -0.18801484
v -0.02750973 0.05108950 -0.18804224
v -0.02750973 0.05894941 -0.18807612
v -0.02750973 0.06680934 -0.18811306
v -0.02750973 0.07466926 -0.18815809
v -0.02750973 0.08252918 -0.18819180
v -0.02750973 0.09038910 -0.18820997
v -0.02750973 0.09824903 -0.18821968
v -0.02750973 0.10610895 -0.18822515
v -0.02750973 0.11396887 -0.18824272
v -0.02750973 0.12182879 -0.18826376
v -0.02750973 0.12968871 -0.18828979
v -0.02750973 0.13754864 -0.18829735
v -0.02750973 0.14540856 -0.18830849
v -0.02750973 0.15326849 -0.18831281
v -0.02750973 0.16112840 -0.18832409
v -0.02750973 0.16898833 -0.18835334
v -0.02750973 0.17684825 -0.18837363
v -0.02750973 0.18470818 -0.18836667
v -0.02750973 0.19256809 -0.18838219
v -0.02750973 0.20042801 -0.18839899
v -0.02750973 0.20828794 -0.18838261
v -0.02750973 0.21614785 -0.18828739
v -0.02750973 0.22400779 -0.18820679
v -0.02750973 0.23186770 -0.18816049
v -0.02750973 0.23972763 -0.18811576
v -0.02750973 0.24758755 -0.18809700
v -0.02750973 0.25544748 -0.18807001
v -0.02750973 0.26330739 -0.18806551
v -0.02750973 0.27116731 -0.18808842
v -0.02750973 0.27902722 -0.18808734
v -0.02750973 0.28688717 -0.18807559
v -0.02750973 0.29474708 -0.18806101
v -0.02750973 0.30260700 -0.18805376
v -0.02750973 0.31046692 -0.18804567
v -0.02750973 0.31832686 -0.18802449
v -0.02750973 0.32618678 -0.18802923
v -0.02750973 0.33404669 -0.18801610
v -0.02750973 0.34190661 -0.18801059
v -0.02750973 0.34976652 -0.18801975
v -0.02750973 0.35762647 -0.18805520
v -0.02750973 0.36548638 -0.18807144
v -0.02750973 0.37334630 -0.18807440
v -0.02750973 0.38120621 -0.18807672
v -0.02750973 0.38906616 -0.18807440
v -0.02750973 0.39692608 -0.18809976
v -0.02750973 0.40478599 -0.18807019
v -0.02750973 0.41264591 -0.18801574
v -0.02750973 0.42050582 -0.18798539
v -0.02750973 0.42836577 -0.18797208
v -0.02750973 0.43622568 -0.18796586
v -0.02750973 0.44408560 -0.18796495
v -0.02750973 0.45194551 -0.18798804
v -0.02750973 0.45980546 -0.18798301
v -0.02750973 0.46766537 -0.18799110
v -0.02750973 0.47552529 -0.18797605
v -0.02750973 0.48338521 -0.18798840
v -0.02750973 0.49124515 -0.18802534
v -0.02750973 0.49910507 -0.18808350
v -0.02750973 0.50696498 -0.18812633
v -0.02750973 0.51482493 -0.18817987
v -0.02750973 0.52268481 -0.18824740
v -0.02750973 0.53054476 -0.18834561
v -0.02750973 0.53840464 -0.18848036
v -0.02750973 0.54626459 -0.18873563
v -0.02750973 0.55412453 -0.18916392
v -0.02750973 0.56198442 -0.18984886
v -0.02750973 0.56984437 -0.19089220
v -0.02750973 0.57770425 -0.19250710
v -0.02750973 0.57787806 -0.19256809
v -0.02750973 0.58556420 -0.19538423
v -0.02750973 0.59342414 -0.19797191
v -0.01964981 -0.60128403 -0.20700687
v -0.02466204 -0.59342414 -0.20042801
v -0.01964981 -0.59342414 -0.20241711
v -0.01964981 -0.58989006 -0.20042801
v -0.01964981 -0.58556420 -0.19816644
v -0.01964981 -0.57770425 -0.19554585
v -0.02305920 -0.56984437 -0.19256809
v -0.01964981 -0.56984437 -0.19383915
v -0.01964981 -0.56219214 -0.19256809
v -0.01964981 -0.56198442 -0.19253367
v -0.01964981 -0.55412453 -0.19175813
v -0.01964981 -0.54626459 -0.19132055
v -0.01964981 -0.53840464 -0.19109011
v -0.01964981 -0.53054476 -0.19094288
v -0.01964981 -0.52268481 -0.19087248
v -0.01964981 -0.51482493 -0.19084688
v -0.01964981 -0.50696498 -0.19082169
v -0.01964981 -0.49910507 -0.19075657
v -0.01964981 -0.49124515 -0.19065018
v -0.01964981 -0.48338521 -0.19052143
v -0.01964981 -0.47552529 -0.19042873
v -0.01964981 -0.46766537 -0.19041008
v -0.01964981 -0.45980546 -0.19045374
v -0.01964981 -0.45194551 -0.19051184
v -0.01964981 -0.44408560 -0.19057330
v -0.01964981 -0.43622568 -0.19061451
v -0.01964981 -0.42836577 -0.19065295
v -0.01964981 -0.42050582 -0.19070224
v -0.01964981 -0.41264591 -0.19077642
v -0.01964981 -0.40478599 -0.19085558
v -0.01964981 -0.39692608 -0.19088987
v -0.01964981 -0.38906616 -0.19083585
v -0.01964981 -0.38120621 -0.19080321
v -0.01964981 -0.37334630 -0.19079177
v -0.01964981 -0.36548638 -0.19083446
v -0.01964981 -0.35762647 -0.19091187
v -0.01964981 -0.34976652 -0.19100465
v -0.01964981 -0.34190661 -0.19106725
v -0.01964981 -0.33404669 -0.19109975
v -0.01964981 -0.32618678 -0.19111715
v -0.01964981 -0.31832686 -0.19112673
v -0.01964981 -0.31046692 -0.19111702
v -0.01964981 -0.30260700 -0.19112146
v -0.01964981 -0.29474708 -0.19110137
v -0.01964981 -0.28688717 -0.19106197
v -0.01964981 -0.27902722 -0.19105107
v -0.01964981 -0.27116731 -0.19103086
v -0.01964981 -0.26330739 -0.19103092
v -0.01964981 -0.25544748 -0.19102828
v -0.01964981 -0.24758755 -0.19103768
v -0.01964981 -0.23972763 -0.19108698
v -0.01964981 -0.23186770 -0.19111757
v -0.01964981 -0.22400779 -0.19117063
v -0.01964981 -0.21614785 -0.19120662
v -0.01964981 -0.20828794 -0.19123216
v -0.01964981 -0.20042801 -0.19122244
v -0.01964981 -0.19256809 -0.19119534
v -0.01964981 -0.18470818 -0.19112806
v -0.01964981 -0.17684825 -0.19101478
v -0.01964981 -0.16898833 -0.19091254
v -0.01964981 -0.16112840 -0.19083627
v -0.01964981 -0.15326849 -0.19079123
v -0.01964981 -0.14540856 -0.19075669
v -0.01964981 -0.13754864 -0.19074367
v -0.01964981 -0.12968871 -0.19074512
v -0.01964981 -0.12182879 -0.19074103
v -0.01964981 -0.11396887 -0.19073468
v -0.01964981 -0.10610895 -0.19069450
v -0.01964981 -0.09824903 -0.19066392
v -0.01964981 -0.09038910 -0.19065289
v -0.01964981 -0.08252918 -0.19065924
v -0.01964981 -0.07466926 -0.19066626
v -0.01964981 -0.06680934 -0.19069511
v -0.01964981 -0.05894941 -0.19070613
v -0.01964981 -0.05108950 -0.19070002
v -0.01964981 -0.04322957 -0.19070931
v -0.01964981 -0.03536965 -0.19072293
v -0.01964981 -0.02750973 -0.19072442
v -0.01964981 -0.01964981 -0.19072755
v -0.01964981 -0.01178988 -0.19071771
v -0.01964981 -0.00392996 -0.19068179
v -0.01964981 0.00392996 -0.19064143
v -0.01964981 0.01178988 -0.19063862
v -0.01964981 0.01964981 -0.19064552
v -0.01964981 0.02750973 -0.19068521
v -0.01964981 0.03536965 -0.19072251
v -0.01964981 0.04322957 -0.19077210
v -0.01964981 0.05108950 -0.19082306
v -0.01964981 0.05894941 -0.19086133
v -0.01964981 0.06680934 -0.19092099
v -0.01964981 0.07466926 -0.19098169
v -0.01964981 0.08252918 -0.19101988
v -0.01964981 0.09038910 -0.19103421
v -0.01964981 0.09824903 -0.19103163
v -0.01964981 0.10610895 -0.19103768
v -0.01964981 0.11396887 -0.19104117
v -0.01964981 0.12182879 -0.19104722
v -0.01964981 0.12968871 -0.19106257
v -0.01964981 0.13754864 -0.19108404
v -0.01964981 0.14540856 -0.19107895
v -0.01964981 0.15326849 -0.19106713
v -0.01964981 0.16112840 -0.19105856
v -0.01964981 0.16898833 -0.19106995
v -0.01964981 0.17684825 -0.19106995
v -0.01964981 0.18470818 -0.19106857
v -0.01964981 0.19256809 -0.19106245
v -0.01964981 0.20042801 -0.19107565
v -0.01964981 0.20828794 -0.19098605
v -0.01964981 0.21614785 -0.19082804
v -0.01964981 0.22400779 -0.19069529
v -0.01964981 0.23186770 -0.19061397
v -0.01964981 0.23972763 -0.19053446
v -0.01964981 0.24758755 -0.19046274
v -0.01964981 0.25544748 -0.19041890
v -0.01964981 0.26330739 -0.19039527
v -0.01964981 0.27116731 -0.19037530
v -0.01964981 0.27902722 -0.19036013
v -0.01964981 0.28688717 -0.19034070
v -0.01964981 0.29474708 -0.19030550
v -0.01964981 0.30260700 -0.19028740
v -0.01964981 0.31046692 -0.19025633
v -0.01964981 0.31832686 -0.19024350
v -0.01964981 0.32618678 -0.19023654
v -0.01964981 0.33404669 -0.19023666
v -0.01964981 0.34190661 -0.19023114
v -0.01964981 0.34976652 -0.19023684
v -0.01964981 0.35762647 -0.19025609
v -0.01964981 0.36548638 -0.19025218
v -0.01964981 0.37334630 -0.19025292
v -0.01964981 0.38120621 -0.19023485
v -0.01964981 0.38906616 -0.19024116
v -0.01964981 0.39692608 -0.19022815
v -0.01964981 0.40478599 -0.19017351
v -0.01964981 0.41264591 -0.19011840
v -0.01964981 0.42050582 -0.19006623
v -0.01964981 0.42836577 -0.19004026
v -0.01964981 0.43622568 -0.19002695
v -0.01964981 0.44408560 -0.19001946
v -0.01964981 0.45194551 -0.19000639
v -0.01964981 0.45980546 -0.18999085
v -0.01964981 0.46766537 -0.18995494
v -0.01964981 0.47552529 -0.18994132
v -0.01964981 0.48338521 -0.18996178
v -0.01964981 0.49124515 -0.19001898
v -0.01964981 0.49910507 -0.19009784
v -0.01964981 0.50696498 -0.19014497
v -0.01964981 0.51482493 -0.19020590
v -0.01964981 0.52268481 -0.19029836
v -0.01964981 0.53054476 -0.19039065
v -0.01964981 0.53840464 -0.19053200
v -0.01964981 0.54626459 -0.19077912
v -0.01964981 0.55412453 -0.19118334
v -0.01964981 0.56198442 -0.19186121
v -0.02092025 0.56984437 -0.19256809
v -0.01964981 0.56735468 -0.19256809
v -0.01964981 0.56984437 -0.19289701
v -0.02728755 0.57770425 -0.19256809
v -0.01964981 0.57770425 -0.19470973
v -0.01964981 0.58556420 -0.19793551
v -0.01964981 0.59342414 -0.19931822
v -0.01485789 -0.60128403 -0.20828794
v -0.01178988 -0.60128403 -0.20919786
v -0.01178988 -0.59786612 -0.20828794
v -0.01178988 -0.59342414 -0.20697887
v -0.01403035 -0.58556420 -0.20042801
v -0.01178988 -0.58556420 -0.20141879
v -0.01178988 -0.58300221 -0.20042801
v -0.01178988 -0.57770425 -0.19862434
v -0.01178988 -0.56984437 -0.19693281
v -0.01956369 -0.56198442 -0.19256809
v -0.01178988 -0.56198442 -0.19565348
v -0.01763277 -0.55412453 -0.19256809
v -0.01178988 -0.55412453 -0.19488604
v -0.01655794 -0.54626459 -0.19256809
v -0.01178988 -0.54626459 -0.19445500
v -0.01597764 -0.53840464 -0.19256809
v -0.01178988 -0.53840464 -0.19420764
v -0.01556729 -0.53054476 -0.19256809
v -0.01178988 -0.53054476 -0.19402924
v -0.01538871 -0.52268481 -0.19256809
v -0.01178988 -0.52268481 -0.19395770
v -0.01539729 -0.51482493 -0.19256809
v -0.01178988 -0.51482493 -0.19398235
v -0.01539147 -0.50696498 -0.19256809
v -0.01178988 -0.50696498 -0.19400454
v -0.01528287 -0.49910507 -0.19256809
v -0.01178988 -0.49910507 -0.19397035
v -0.01501356 -0.49124515 -0.19256809
v -0.01178988 -0.49124515 -0.19385234
v -0.01463133 -0.48338521 -0.19256809
v -0.01178988 -0.48338521 -0.19368976
v -0.01436047 -0.47552529 -0.19256809
v -0.01178988 -0.47552529 -0.19358297
v -0.01436706 -0.46766537 -0.19256809
v -0.01178988 -0.46766537 -0.19359897
v -0.01455715 -0.45980546 -0.19256809
v -0.01178988 -0.45980546 -0.19369726
v -0.01477183 -0.45194551 -0.19256809
v -0.01178988 -0.45194551 -0.19380580
v -0.01500498 -0.44408560 -0.19256809
v -0.01178988 -0.44408560 -0.19391890
v -0.01511298 -0.43622568 -0.19256809
v -0.01178988 -0.43622568 -0.19397053
v -0.01520581 -0.42836577 -0.19256809
v -0.01178988 -0.42836577 -0.19401959
v -0.01535033 -0.42050582 -0.19256809
v -0.01178988 -0.42050582 -0.19409634
v -0.01553875 -0.41264591 -0.19256809
v -0.01178988 -0.41264591 -0.19419612
v -0.01574443 -0.40478599 -0.19256809
v -0.01178988 -0.40478599 -0.19429272
v -0.01581645 -0.39692608 -0.19256809
v -0.01178988 -0.39692608 -0.19429171
v -0.01567235 -0.38906616 -0.19256809
v -0.01178988 -0.38906616 -0.19421268
v -0.01553491 -0.38120621 -0.19256809
v -0.01178988 -0.38120621 -0.19411966
v -0.01545036 -0.37334630 -0.19256809
v -0.01178988 -0.37334630 -0.19405647
v -0.01552345 -0.36548638 -0.19256809
v -0.01178988 -0.36548638 -0.19406731
v -0.01568932 -0.35762647 -0.19256809
v -0.01178988 -0.35762647 -0.19411030
v -0.01588343 -0.34976652 -0.19256809
v -0.01178988 -0.34976652 -0.19416338
v -0.01601674 -0.34190661 -0.19256809
v -0.01178988 -0.34190661 -0.19419600
v -0.01605662 -0.33404669 -0.19256809
v -0.01178988 -0.33404669 -0.19419444
v -0.01610525 -0.32618678 -0.19256809
v -0.01178988 -0.32618678 -0.19420950
v -0.01609949 -0.31832686 -0.19256809
v -0.01178988 -0.31832686 -0.19419354
v -0.01603976 -0.31046692 -0.19256809
v -0.01178988 -0.31046692 -0.19416170
v -0.01599083 -0.30260700 -0.19256809
v -0.01178988 -0.30260700 -0.19412728
v -0.01589381 -0.29474708 -0.19256809
v -0.01178988 -0.29474708 -0.19408308
v -0.01576074 -0.28688717 -0.19256809
v -0.01178988 -0.28688717 -0.19403085
v -0.01569226 -0.27902722 -0.19256809
v -0.01178988 -0.27902722 -0.19399266
v -0.01563691 -0.27116731 -0.19256809
v -0.01178988 -0.27116731 -0.19397515
v -0.01566899 -0.26330739 -0.19256809
v -0.01178988 -0.26330739 -0.19399752
v -0.01568440 -0.25544748 -0.19256809
v -0.01178988 -0.25544748 -0.19401532
v -0.01576296 -0.24758755 -0.19256809
v -0.01178988 -0.24758755 -0.19405460
v -0.01588709 -0.23972763 -0.19256809
v -0.01178988 -0.23972763 -0.19409424
v -0.01601890 -0.23186770 -0.19256809
v -0.01178988 -0.23186770 -0.19415846
v -0.01614675 -0.22400779 -0.19256809
v -0.01178988 -0.22400779 -0.19420667
v -0.01624821 -0.21614785 -0.19256809
v -0.01178988 -0.21614785 -0.19425447
v -0.01631207 -0.20828794 -0.19256809
v -0.01178988 -0.20828794 -0.19428211
v -0.01628737 -0.20042801 -0.19256809
v -0.01178988 -0.20042801 -0.19426784
v -0.01621043 -0.19256809 -0.19256809
v -0.01178988 -0.19256809 -0.19422820
v -0.01604492 -0.18470818 -0.19256809
v -0.01178988 -0.18470818 -0.19416080
v -0.01577022 -0.17684825 -0.19256809
v -0.01178988 -0.17684825 -0.19406587
v -0.01553359 -0.16898833 -0.19256809
v -0.01178988 -0.16898833 -0.19399308
v -0.01534619 -0.16112840 -0.19256809
v -0.01178988 -0.16112840 -0.19393305
v -0.01519934 -0.15326849 -0.19256809
v -0.01178988 -0.15326849 -0.19387621
v -0.01510855 -0.14540856 -0.19256809
v -0.01178988 -0.14540856 -0.19385053
v -0.01508144 -0.13754864 -0.19256809
v -0.01178988 -0.13754864 -0.19384922
v -0.01507664 -0.12968871 -0.19256809
v -0.01178988 -0.12968871 -0.19384772
v -0.01505158 -0.12182879 -0.19256809
v -0.01178988 -0.12182879 -0.19384544
v -0.01501080 -0.11396887 -0.19256809
v -0.01178988 -0.11396887 -0.19382481
v -0.01489357 -0.10610895 -0.19256809
v -0.01178988 -0.10610895 -0.19378115
v -0.01483540 -0.09824903 -0.19256809
v -0.01178988 -0.09824903 -0.19376430
v -0.01479744 -0.09038910 -0.19256809
v -0.01178988 -0.09038910 -0.19374865
v -0.01480692 -0.08252918 -0.19256809
v -0.01178988 -0.08252918 -0.19375280
v -0.01482239 -0.07466926 -0.19256809
v -0.01178988 -0.07466926 -0.19375999
v -0.01485897 -0.06680934 -0.19256809
v -0.01178988 -0.06680934 -0.19376874
v -0.01486700 -0.05894941 -0.19256809
v -0.01178988 -0.05894941 -0.19376652
v -0.01484829 -0.05108950 -0.19256809
v -0.01178988 -0.05108950 -0.19375926
v -0.01485363 -0.04322957 -0.19256809
v -0.01178988 -0.04322957 -0.19375674
v -0.01488955 -0.03536965 -0.19256809
v -0.01178988 -0.03536965 -0.19377179
v -0.01487827 -0.02750973 -0.19256809
v -0.01178988 -0.02750973 -0.19376364
v -0.01488247 -0.01964981 -0.19256809
v -0.01178988 -0.01964981 -0.19376491
v -0.01481291 -0.01178988 -0.19256809
v -0.01178988 -0.01178988 -0.19373006
v -0.01473166 -0.00392996 -0.19256809
v -0.01178988 -0.00392996 -0.19370487
v -0.01464752 0.00392996 -0.19256809
v -0.01178988 0.00392996 -0.19367789
v -0.01463805 0.01178988 -0.19256809
v -0.01178988 0.01178988 -0.19367693
v -0.01471079 0.01964981 -0.19256809
v -0.01178988 0.01964981 -0.19371231
v -0.01481705 0.02750973 -0.19256809
v -0.01178988 0.02750973 -0.19375016
v -0.01499227 0.03536965 -0.19256809
v -0.01178988 0.03536965 -0.19383051
v -0.01513853 0.04322957 -0.19256809
v -0.01178988 0.04322957 -0.19388771
v -0.01528959 0.05108950 -0.19256809
v -0.01178988 0.05108950 -0.19394588
v -0.01541695 0.05894941 -0.19256809
v -0.01178988 0.05894941 -0.19400063
v -0.01558306 0.06680934 -0.19256809
v -0.01178988 0.06680934 -0.19406444
v -0.01574851 0.07466926 -0.19256809
v -0.01178988 0.07466926 -0.19412775
v -0.01587630 0.08252918 -0.19256809
v -0.01178988 0.08252918 -0.19418089
v -0.01590820 0.09038910 -0.19256809
v -0.01178988 0.09038910 -0.19419469
v -0.01588811 0.09824903 -0.19256809
v -0.01178988 0.09824903 -0.19418587
v -0.01590052 0.10610895 -0.19256809
v -0.01178988 0.10610895 -0.19418006
v -0.01588625 0.11396887 -0.19256809
v -0.01178988 0.11396887 -0.19416457
v -0.01593069 0.12182879 -0.19256809
v -0.01178988 0.12182879 -0.19418563
v -0.01598064 0.12968871 -0.19256809
v -0.01178988 0.12968871 -0.19420074
v -0.01601752 0.13754864 -0.19256809
v -0.01178988 0.13754864 -0.19420308
v -0.01601554 0.14540856 -0.19256809
v -0.01178988 0.14540856 -0.19419630
v -0.01599467 0.15326849 -0.19256809
v -0.01178988 0.15326849 -0.19418910
v -0.01598580 0.16112840 -0.19256809
v -0.01178988 0.16112840 -0.19419396
v -0.01599107 0.16898833 -0.19256809
v -0.01178988 0.16898833 -0.19419277
v -0.01600570 0.17684825 -0.19256809
v -0.01178988 0.17684825 -0.19421513
v -0.01595983 0.18470818 -0.19256809
v -0.01178988 0.18470818 -0.19420260
v -0.01591252 0.19256809 -0.19256809
v -0.01178988 0.19256809 -0.19417465
v -0.01584913 0.20042801 -0.19256809
v -0.01178988 0.20042801 -0.19412440
v -0.01558246 0.20828794 -0.19256809
v -0.01178988 0.20828794 -0.19401209
v -0.01514651 0.21614785 -0.19256809
v -0.01178988 0.21614785 -0.19382805
v -0.01482257 0.22400779 -0.19256809
v -0.01178988 0.22400779 -0.19370721
v -0.01463745 0.23186770 -0.19256809
v -0.01178988 0.23186770 -0.19363321
v -0.01441515 0.23972763 -0.19256809
v -0.01178988 0.23972763 -0.19355568
v -0.01422938 0.24758755 -0.19256809
v -0.01178988 0.24758755 -0.19348858
v -0.01409325 0.25544748 -0.19256809
v -0.01178988 0.25544748 -0.19343437
v -0.01399743 0.26330739 -0.19256809
v -0.01178988 0.26330739 -0.19339773
v -0.01393350 0.27116731 -0.19256809
v -0.01178988 0.27116731 -0.19337243
v -0.01394592 0.27902722 -0.19256809
v -0.01178988 0.27902722 -0.19338484
v -0.01388043 0.28688717 -0.19256809
v -0.01178988 0.28688717 -0.19336157
v -0.01382377 0.29474708 -0.19256809
v -0.01178988 0.29474708 -0.19334598
v -0.01373501 0.30260700 -0.19256809
v -0.01178988 0.30260700 -0.19330981
v -0.01372074 0.31046692 -0.19256809
v -0.01178988 0.31046692 -0.19331282
v -0.01370149 0.31832686 -0.19256809
v -0.01178988 0.31832686 -0.19330424
v -0.01372350 0.32618678 -0.19256809
v -0.01178988 0.32618678 -0.19331138
v -0.01372734 0.33404669 -0.19256809
v -0.01178988 0.33404669 -0.19331336
v -0.01374323 0.34190661 -0.19256809
v -0.01178988 0.34190661 -0.19332050
v -0.01373621 0.34976652 -0.19256809
v -0.01178988 0.34976652 -0.19331497
v -0.01375486 0.35762647 -0.19256809
v -0.01178988 0.35762647 -0.19331869
v -0.01369946 0.36548638 -0.19256809
v -0.01178988 0.36548638 -0.19329464
v -0.01366336 0.37334630 -0.19256809
v -0.01178988 0.37334630 -0.19327576
v -0.01363865 0.38120621 -0.19256809
v -0.01178988 0.38120621 -0.19327030
v -0.01364543 0.38906616 -0.19256809
v -0.01178988 0.38906616 -0.19327366
v -0.01363661 0.39692608 -0.19256809
v -0.01178988 0.39692608 -0.19327156
v -0.01350061 0.40478599 -0.19256809
v -0.01178988 0.40478599 -0.19322059
v -0.01328221 0.41264591 -0.19256809
v -0.01178988 0.41264591 -0.19313262
v -0.01312414 0.42050582 -0.19256809
v -0.01178988 0.42050582 -0.19306906
v -0.01298166 0.42836577 -0.19256809
v -0.01178988 0.42836577 -0.19301316
v -0.01284793 0.43622568 -0.19256809
v -0.01178988 0.43622568 -0.19295955
v -0.01271271 0.44408560 -0.19256809
v -0.01178988 0.44408560 -0.19290547
v -0.01258282 0.45194551 -0.19256809
v -0.01178988 0.45194551 -0.19285527
v -0.01242703 0.45980546 -0.19256809
v -0.01178988 0.45980546 -0.19279644
v -0.01233282 0.46766537 -0.19256809
v -0.01178988 0.46766537 -0.19276388
v -0.01217942 0.47552529 -0.19256809
v -0.01178988 0.47552529 -0.19270638
v -0.01221001 0.48338521 -0.19256809
v -0.01178988 0.48338521 -0.19271722
v -0.01240934 0.49124515 -0.19256809
v -0.01178988 0.49124515 -0.19279027
v -0.01257814 0.49910507 -0.19256809
v -0.01178988 0.49910507 -0.19284922
v -0.01271756 0.50696498 -0.19256809
v -0.01178988 0.50696498 -0.19289827
v -0.01284145 0.51482493 -0.19256809
v -0.01178988 0.51482493 -0.19294031
v -0.01307634 0.52268481 -0.19256809
v -0.01178988 0.52268481 -0.19301766
v -0.01338049 0.53054476 -0.19256809
v -0.01178988 0.53054476 -0.19312470
v -0.01378671 0.53840464 -0.19256809
v -0.01178988 0.53840464 -0.19326022
v -0.01444730 0.54626459 -0.19256809
v -0.01178988 0.54626459 -0.19348018
v -0.01553701 0.55412453 -0.19256809
v -0.01178988 0.55412453 -0.19381252
v -0.01746103 0.56198442 -0.19256809
v -0.01178988 0.56198442 -0.19436271
v -0.01178988 0.56984437 -0.19539149
v -0.01178988 0.57770425 -0.19755724
v -0.01254054 0.58556420 -0.20042801
v -0.01178988 0.58492446 -0.20042801
v -0.01178988 0.58556420 -0.20066668
v -0.01188931 0.59342414 -0.20042801
v -0.01178988 0.59342414 -0.20044127
v -0.00392996 -0.60128403 -0.21304202
v -0.01019831 -0.59342414 -0.20828794
v -0.00392996 -0.58631504 -0.20828794
v -0.00392996 -0.58556420 -0.20760870
v -0.00749695 -0.57770425 -0.20042801
v -0.00392996 -0.57770425 -0.20239948
v -0.00401823 -0.56984437 -0.20042801
v -0.00392996 -0.56984437 -0.20047881
v -0.00392996 -0.56949484 -0.20042801
v -0.00392996 -0.56198442 -0.19950849
v -0.00392996 -0.55412453 -0.19882774
v -0.00392996 -0.54626459 -0.19844571
v -0.00392996 -0.53840464 -0.19819252
v -0.00392996 -0.53054476 -0.19803320
v -0.00392996 -0.52268481 -0.19801508
v -0.00392996 -0.51482493 -0.19812393
v -0.00392996 -0.50696498 -0.19823781
v -0.00392996 -0.49910507 -0.19822575
v -0.00392996 -0.49124515 -0.19807787
v -0.00392996 -0.48338521 -0.19788221
v -0.00392996 -0.47552529 -0.19775172
v -0.00392996 -0.46766537 -0.19776496
v -0.00392996 -0.45980546 -0.19790852
v -0.00392996 -0.45194551 -0.19803590
v -0.00392996 -0.44408560 -0.19814000
v -0.00392996 -0.43622568 -0.19821064
v -0.00392996 -0.42836577 -0.19819139
v -0.00392996 -0.42050582 -0.19823763
v -0.00392996 -0.41264591 -0.19831833
v -0.00392996 -0.40478599 -0.19839174
v -0.00392996 -0.39692608 -0.19831714
v -0.00392996 -0.38906616 -0.19815253
v -0.00392996 -0.38120621 -0.19798060
v -0.00392996 -0.37334630 -0.19786307
v -0.00392996 -0.36548638 -0.19782530
v -0.00392996 -0.35762647 -0.19783759
v -0.00392996 -0.34976652 -0.19788544
v -0.00392996 -0.34190661 -0.19793041
v -0.00392996 -0.33404669 -0.19795470
v -0.00392996 -0.32618678 -0.19797689
v -0.00392996 -0.31832686 -0.19800027
v -0.00392996 -0.31046692 -0.19798936
v -0.00392996 -0.30260700 -0.19798619
v -0.00392996 -0.29474708 -0.19793701
v -0.00392996 -0.28688717 -0.19791465
v -0.00392996 -0.27902722 -0.19790360
v -0.00392996 -0.27116731 -0.19790043
v -0.00392996 -0.26330739 -0.19794901
v -0.00392996 -0.25544748 -0.19798276
v -0.00392996 -0.24758755 -0.19800831
v -0.00392996 -0.23972763 -0.19804069
v -0.00392996 -0.23186770 -0.19809029
v -0.00392996 -0.22400779 -0.19815181
v -0.00392996 -0.21614785 -0.19822359
v -0.00392996 -0.20828794 -0.19825825
v -0.00392996 -0.20042801 -0.19825339
v -0.00392996 -0.19256809 -0.19821183
v -0.00392996 -0.18470818 -0.19814929
v -0.00392996 -0.17684825 -0.19808134
v -0.00392996 -0.16898833 -0.19805737
v -0.00392996 -0.16112840 -0.19804597
v -0.00392996 -0.15326849 -0.19804381
v -0.00392996 -0.14540856 -0.19802473
v -0.00392996 -0.13754864 -0.19802749
v -0.00392996 -0.12968871 -0.19803169
v -0.00392996 -0.12182879 -0.19802757
v -0.00392996 -0.11396887 -0.19800225
v -0.00392996 -0.10610895 -0.19796525
v -0.00392996 -0.09824903 -0.19793683
v -0.00392996 -0.09038910 -0.19790529
v -0.00392996 -0.08252918 -0.19789791
v -0.00392996 -0.07466926 -0.19791356
v -0.00392996 -0.06680934 -0.19790733
v -0.00392996 -0.05894941 -0.19790433
v -0.00392996 -0.05108950 -0.19786601
v -0.00392996 -0.04322957 -0.19783393
v -0.00392996 -0.03536965 -0.19778679
v -0.00392996 -0.02750973 -0.19775806
v -0.00392996 -0.01964981 -0.19774020
v -0.00392996 -0.01178988 -0.19769834
v -0.00392996 -0.00392996 -0.19765247
v -0.00392996 0.00392996 -0.19762009
v -0.00392996 0.01178988 -0.19762285
v -0.00392996 0.01964981 -0.19764365
v -0.00392996 0.02750973 -0.19768617
v -0.00392996 0.03536965 -0.19777115
v -0.00392996 0.04322957 -0.19782560
v -0.00392996 0.05108950 -0.19786470
v -0.00392996 0.05894941 -0.19790798
v -0.00392996 0.06680934 -0.19795518
v -0.00392996 0.07466926 -0.19800213
v -0.00392996 0.08252918 -0.19802947
v -0.00392996 0.09038910 -0.19801964
v -0.00392996 0.09824903 -0.19798121
v -0.00392996 0.10610895 -0.19794889
v -0.00392996 0.11396887 -0.19789684
v -0.00392996 0.12182879 -0.19788712
v -0.00392996 0.12968871 -0.19786678
v -0.00392996 0.13754864 -0.19784497
v -0.00392996 0.14540856 -0.19784065
v -0.00392996 0.15326849 -0.19780946
v -0.00392996 0.16112840 -0.19779813
v -0.00392996 0.16898833 -0.19780232
v -0.00392996 0.17684825 -0.19782098
v -0.00392996 0.18470818 -0.19781378
v -0.00392996 0.19256809 -0.19774926
v -0.00392996 0.20042801 -0.19763957
v -0.00392996 0.20828794 -0.19746256
v -0.00392996 0.21614785 -0.19726743
v -0.00392996 0.22400779 -0.19713561
v -0.00392996 0.23186770 -0.19707283
v -0.00392996 0.23972763 -0.19701335
v -0.00392996 0.24758755 -0.19695134
v -0.00392996 0.25544748 -0.19688867
v -0.00392996 0.26330739 -0.19684909
v -0.00392996 0.27116731 -0.19680993
v -0.00392996 0.27902722 -0.19679525
v -0.00392996 0.28688717 -0.19677337
v -0.00392996 0.29474708 -0.19670968
v -0.00392996 0.30260700 -0.19666572
v -0.00392996 0.31046692 -0.19662422
v -0.00392996 0.31832686 -0.19661462
v -0.00392996 0.32618678 -0.19660929
v -0.00392996 0.33404669 -0.19660270
v -0.00392996 0.34190661 -0.19659489
v -0.00392996 0.34976652 -0.19660756
v -0.00392996 0.35762647 -0.19658147
v -0.00392996 0.36548638 -0.19657679
v -0.00392996 0.37334630 -0.19655940
v -0.00392996 0.38120621 -0.19654363
v -0.00392996 0.38906616 -0.19655167
v -0.00392996 0.39692608 -0.19654100
v -0.00392996 0.40478599 -0.19645169
v -0.00392996 0.41264591 -0.19638053
v -0.00392996 0.42050582 -0.19634670
v -0.00392996 0.42836577 -0.19631258
v -0.00392996 0.43622568 -0.19628139
v -0.00392996 0.44408560 -0.19624734
v -0.00392996 0.45194551 -0.19620824
v -0.00392996 0.45980546 -0.19617364
v -0.00392996 0.46766537 -0.19610924
v -0.00392996 0.47552529 -0.19608620
v -0.00392996 0.48338521 -0.19611235
v -0.00392996 0.49124515 -0.19621232
v -0.00392996 0.49910507 -0.19630647
v -0.00392996 0.50696498 -0.19635330
v -0.00392996 0.51482493 -0.19644138
v -0.00392996 0.52268481 -0.19652924
v -0.00392996 0.53054476 -0.19660905
v -0.00392996 0.53840464 -0.19670746
v -0.00392996 0.54626459 -0.19687356
v -0.00392996 0.55412453 -0.19707182
v -0.00392996 0.56198442 -0.19749121
v -0.00392996 0.56984437 -0.19855334
v -0.00468104 0.57770425 -0.20042801
v -0.00392996 0.57663125 -0.20042801
v -0.00392996 0.57770425 -0.20076646
v -0.00392996 0.58556420 -0.20343767
f 1 4 5
f 2 1 5
f 5 3 2
f 4 166 5
f 6 168 169
f 5 168 6
f 5 167 168
f 5 166 167
f 168 170 169
f 169 171 7
f 6 169 7
f 172 169 170
f 172 173 169
f 173 171 169
f 172 174 173
f 7 171 8
f 9 8 171
f 9 171 175
f 175 171 173
f 176 173 174
f 175 173 176
f 175 177 10
f 9 175 10
f 178 175 176
f 177 175 178
f 10 177 11
f 12 179 180
f 11 179 12
f 11 178 179
f 11 177 178
f 179 181 180
f 180 182 183
f 180 183 12
f 12 183 13
f 181 182 180
f 13 183 14
f 183 184 14
f 14 184 15
f 184 185 15
f 15 185 16
f 185 186 16
f 16 186 17
f 186 187 17
f 17 187 18
f 187 188 18
f 18 188 19
f 188 189 19
f 19 189 20
f 189 190 20
f 20 190 21
f 190 191 21
f 21 191 22
f 191 192 22
f 23 193 24
f 23 194 193
f 23 22 194
f 22 192 194
f 193 195 25
f 24 193 25
f 196 193 194
f 195 193 196
f 195 197 26
f 25 195 26
f 198 195 196
f 197 195 198
f 197 199 27
f 26 197 27
f 200 197 198
f 199 197 200
f 199 201 28
f 27 199 28
f 202 199 200
f 201 199 202
f 201 203 29
f 28 201 29
f 204 201 202
f 203 201 204
f 203 205 30
f 29 203 30
f 206 203 204
f 205 203 206
f 205 207 31
f 30 205 31
f 208 205 206
f 207 205 208
f 207 209 32
f 31 207 32
f 210 207 208
f 209 207 210
f 209 211 33
f 32 209 33
f 212 209 210
f 211 209 212
f 211 213 34
f 33 211 34
f 214 211 212
f 213 211 214
f 213 215 35
f 34 213 35
f 216 213 214
f 215 213 216
f 215 217 36
f 35 215 36
f 218 215 216
f 217 215 218
f 217 219 37
f 36 217 37
f 220 217 218
f 219 217 220
f 219 221 38
f 37 219 38
f 222 219 220
f 221 219 222
f 221 223 39
f 38 221 39
f 224 221 222
f 223 221 224
f 223 225 40
f 39 223 40
f 226 223 224
f 225 223 226
f 225 227 41
f 40 225 41
f 228 225 226
f 227 225 228
f 227 229 42
f 41 227 42
f 230 227 228
f 229 227 230
f 229 231 43
f 42 229 43
f 232 229 230
f 231 229 232
f 231 233 44
f 43 231 44
f 234 231 232
f 233 231 234
f 233 235 45
f 44 233 45
f 236 233 234
f 235 233 236
f 235 237 46
f 45 235 46
f 238 235 236
f 237 235 238
f 237 239 47
f 46 237 47
f 240 237 238
f 239 237 240
f 239 241 48
f 47 239 48
f 242 239 240
f 241 239 242
f 241 243 49
f 48 241 49
f 244 241 242
f 243 241 244
f 243 245 50
f 49 243 50
f 246 243 244
f 245 243 246
f 245 247 51
f 50 245 51
f 248 245 246
f 247 245 248
f 247 249 52
f 51 247 52
f 250 247 248
f 249 247 250
f 249 251 53
f 52 249 53
f 252 249 250
f 251 249 252
f 251 253 54
f 53 251 54
f 254 251 252
f 253 251 254
f 253 255 55
f 54 253 55
f 256 253 254
f 255 253 256
f 255 257 56
f 55 255 56
f 258 255 256
f 257 255 258
f 257 259 57
f 56 257 57
f 260 257 258
f 259 257 260
f 259 261 58
f 57 259 58
f 262 259 260
f 261 259 262
f 261 263 59
f 58 261 59
f 264 261 262
f 263 261 264
f 263 265 60
f 59 263 60
f 266 263 264
f 265 263 266
f 265 267 61
f 60 265 61
f 268 265 266
f 267 265 268
f 267 269 62
f 61 267 62
f 270 267 268
f 269 267 270
f 269 271 63
f 62 269 63
f 272 269 270
f 271 269 272
f 271 273 64
f 63 271 64
f 274 271 272
f 273 271 274
f 273 275 65
f 64 273 65
f 276 273 274
f 275 273 276
f 275 277 66
f 65 275 66
f 278 275 276
f 277 275 278
f 277 279 67
f 66 277 67
f 280 277 278
f 279 277 280
f 279 281 68
f 67 279 68
f 282 279 280
f 281 279 282
f 281 283 69
f 68 281 69
f 284 281 282
f 283 281 284
f 283 285 70
f 69 283 70
f 286 283 284
f 285 283 286
f 285 287 71
f 70 285 71
f 288 285 286
f 287 285 288
f 287 289 72
f 71 287 72
f 290 287 288
f 289 287 290
f 289 291 73
f 72 289 73
f 292 289 290
f 291 289 292
f 291 293 74
f 73 291 74
f 294 291 292
f 293 291 294
f 293 295 75
f 74 293 75
f 296 293 294
f 295 293 296
f 295 297 76
f 75 295 76
f 298 295 296
f 297 295 298
f 297 299 77
f 76 297 77
f 300 297 298
f 299 297 300
f 299 301 78
f 77 299 78
f 302 299 300
f 301 299 302
f 301 303 79
f 78 301 79
f 304 301 302
f 303 301 304
f 303 305 80
f 79 303 80
f 306 303 304
f 305 303 306
f 305 307 308
f 305 308 80
f 80 308 81
f 306 307 305
f 81 308 82
f 308 309 82
f 82 309 83
f 309 310 83
f 83 310 84
f 310 311 84
f 84 311 85
f 311 312 85
f 85 312 86
f 312 313 86
f 86 313 87
f 313 314 87
f 87 314 88
f 314 315 88
f 88 315 89
f 315 316 89
f 89 316 90
f 316 317 90
f 90 317 91
f 317 318 91
f 319 320 92
f 319 92 318
f 318 92 91
f 319 321 320
f 320 322 93
f 92 320 93
f 323 320 321
f 322 320 323
f 322 324 94
f 93 322 94
f 325 322 323
f 324 322 325
f 95 326 96
f 95 94 324
f 95 324 326
f 326 324 327
f 328 324 325
f 327 324 328
f 326 329 97
f 96 326 97
f 327 330 326
f 330 329 326
f 331 327 328
f 330 327 331
f 329 332 98
f 97 329 98
f 330 333 329
f 333 332 329
f 334 330 331
f 333 330 334
f 332 335 99
f 98 332 99
f 333 336 332
f 336 335 332
f 337 333 334
f 336 333 337
f 335 338 100
f 99 335 100
f 336 339 335
f 339 338 335
f 340 336 337
f 339 336 340
f 100 338 101
f 102 101 338
f 102 338 341
f 341 338 339
f 342 339 340
f 341 339 342
f 341 343 103
f 102 341 103
f 344 341 342
f 343 341 344
f 343 345 104
f 103 343 104
f 346 343 344
f 345 343 346
f 345 347 105
f 104 345 105
f 348 345 346
f 347 345 348
f 347 349 106
f 105 347 106
f 350 347 348
f 349 347 350
f 349 351 107
f 106 349 107
f 352 349 350
f 351 349 352
f 108 353 109
f 108 107 351
f 108 351 353
f 353 351 354
f 355 351 352
f 354 351 355
f 353 356 110
f 109 353 110
f 354 357 353
f 357 356 353
f 358 354 355
f 357 354 358
f 356 359 111
f 110 356 111
f 357 360 356
f 360 359 356
f 361 357 358
f 360 357 361
f 359 362 112
f 111 359 112
f 360 363 359
f 363 362 359
f 364 360 361
f 363 360 364
f 362 365 113
f 112 362 113
f 363 366 362
f 366 365 362
f 367 363 364
f 366 363 367
f 365 368 114
f 113 365 114
f 366 369 365
f 369 368 365
f 370 366 367
f 369 366 370
f 368 371 115
f 114 368 115
f 369 372 368
f 372 371 368
f 373 369 370
f 372 369 373
f 371 374 116
f 115 371 116
f 372 375 371
f 375 374 371
f 376 372 373
f 375 372 376
f 116 374 117
f 118 117 374
f 118 374 377
f 377 374 375
f 378 375 376
f 377 375 378
f 377 379 119
f 118 377 119
f 380 377 378
f 379 377 380
f 379 381 120
f 119 379 120
f 382 379 380
f 381 379 382
f 381 383 121
f 120 381 121
f 384 381 382
f 383 381 384
f 383 385 122
f 121 383 122
f 386 383 384
f 385 383 386
f 385 387 123
f 122 385 123
f 388 385 386
f 387 385 388
f 124 389 125
f 124 123 387
f 124 387 389
f 389 387 390
f 391 387 388
f 390 387 391
f 389 392 126
f 125 389 126
f 390 393 389
f 393 392 389
f 394 390 391
f 393 390 394
f 392 395 127
f 126 392 127
f 393 396 392
f 396 395 392
f 397 393 394
f 396 393 397
f 395 398 128
f 127 395 128
f 396 399 395
f 399 398 395
f 400 396 397
f 399 396 400
f 398 401 129
f 128 398 129
f 399 402 398
f 402 401 398
f 403 399 400
f 402 399 403
f 401 404 130
f 129 401 130
f 402 405 401
f 405 404 401
f 406 402 403
f 405 402 406
f 404 407 131
f 130 404 131
f 405 408 404
f 408 407 404
f 409 405 406
f 408 405 409
f 407 410 132
f 131 407 132
f 408 411 407
f 411 410 407
f 412 408 409
f 411 408 412
f 410 413 133
f 132 410 133
f 411 414 410
f 414 413 410
f 415 411 412
f 414 411 415
f 413 416 134
f 133 413 134
f 414 417 413
f 417 416 413
f 418 414 415
f 417 414 418
f 416 419 135
f 134 416 135
f 417 420 416
f 420 419 416
f 421 417 418
f 420 417 421
f 419 422 136
f 135 419 136
f 420 423 419
f 423 422 419
f 424 420 421
f 423 420 424
f 422 425 137
f 136 422 137
f 423 426 422
f 426 425 422
f 427 423 424
f 426 423 427
f 425 428 138
f 137 425 138
f 426 429 425
f 429 428 425
f 430 426 427
f 429 426 430
f 428 431 139
f 138 428 139
f 429 432 428
f 432 431 428
f 433 429 430
f 432 429 433
f 431 434 140
f 139 431 140
f 432 435 431
f 435 434 431
f 436 432 433
f 435 432 436
f 434 437 141
f 140 434 141
f 435 438 434
f 438 437 434
f 439 435 436
f 438 435 439
f 437 440 142
f 141 437 142
f 438 441 437
f 441 440 437
f 442 438 439
f 441 438 442
f 440 443 143
f 142 440 143
f 441 444 440
f 444 443 440
f 445 441 442
f 444 441 445
f 443 446 144
f 143 443 144
f 444 447 443
f 447 446 443
f 448 444 445
f 447 444 448
f 446 449 145
f 144 446 145
f 447 450 446
f 450 449 446
f 451 447 448
f 450 447 451
f 449 452 146
f 145 449 146
f 450 453 449
f 453 452 449
f 454 450 451
f 453 450 454
f 452 455 147
f 146 452 147
f 453 456 452
f 456 455 452
f 457 453 454
f 456 453 457
f 455 458 148
f 147 455 148
f 456 459 455
f 459 458 455
f 460 456 457
f 459 456 460
f 458 461 149
f 148 458 149
f 459 462 458
f 462 461 458
f 463 459 460
f 462 459 463
f 461 464 150
f 149 461 150
f 462 465 461
f 465 464 461
f 466 462 463
f 465 462 466
f 464 467 151
f 150 464 151
f 465 468 464
f 468 467 464
f 469 465 466
f 468 465 469
f 467 470 152
f 151 467 152
f 468 471 467
f 471 470 467
f 472 468 469
f 471 468 472
f 470 473 153
f 152 470 153
f 471 474 470
f 474 473 470
f 475 471 472
f 474 471 475
f 473 476 154
f 153 473 154
f 474 477 473
f 477 476 473
f 478 474 475
f 477 474 478
f 476 479 155
f 154 476 155
f 477 480 476
f 480 479 476
f 481 477 478
f 480 477 481
f 479 482 156
f 155 479 156
f 480 483 479
f 483 482 479
f 484 480 481
f 483 480 484
f 482 485 157
f 156 482 157
f 483 486 482
f 486 485 482
f 487 483 484
f 486 483 487
f 485 488 158
f 157 485 158
f 486 489 485
f 489 488 485
f 490 486 487
f 489 486 490
f 488 491 159
f 158 488 159
f 492 489 493
f 492 491 489
f 491 488 489
f 490 493 489
f 491 494 160
f 159 491 160
f 495 491 492
f 494 491 495
f 161 496 162
f 161 160 494
f 161 494 496
f 496 494 497
f 498 494 495
f 497 494 498
f 496 499 163
f 162 496 163
f 500 497 501
f 500 499 497
f 499 496 497
f 498 501 497
f 163 499 164
f 165 502 503
f 164 502 165
f 164 500 502
f 164 499 500
f 502 504 503
f 167 505 168
f 170 507 508
f 168 507 170
f 168 506 507
f 168 505 506
f 507 509 508
f 170 508 172
f 174 510 511
f 172 510 174
f 172 509 510
f 172 508 509
f 510 512 511
f 511 513 176
f 174 511 176
f 514 511 512
f 513 511 514
f 513 515 178
f 176 513 178
f 516 513 514
f 515 513 516
f 178 515 179
f 515 181 179
f 515 516 181
f 516 517 181
f 182 518 183
f 182 519 518
f 182 181 519
f 181 517 519
f 518 520 184
f 183 518 184
f 521 518 519
f 520 518 521
f 520 522 185
f 184 520 185
f 523 520 521
f 522 520 523
f 522 524 186
f 185 522 186
f 525 522 523
f 524 522 525
f 524 526 187
f 186 524 187
f 527 524 525
f 526 524 527
f 526 528 188
f 187 526 188
f 529 526 527
f 528 526 529
f 528 530 189
f 188 528 189
f 531 528 529
f 530 528 531
f 530 532 190
f 189 530 190
f 533 530 531
f 532 530 533
f 532 534 191
f 190 532 191
f 535 532 533
f 534 532 535
f 534 536 192
f 191 534 192
f 537 534 535
f 536 534 537
f 536 538 194
f 192 536 194
f 539 536 537
f 538 536 539
f 538 540 196
f 194 538 196
f 541 538 539
f 540 538 541
f 540 542 198
f 196 540 198
f 543 540 541
f 542 540 543
f 542 544 200
f 198 542 200
f 545 542 543
f 544 542 545
f 544 546 202
f 200 544 202
f 547 544 545
f 546 544 547
f 546 548 204
f 202 546 204
f 549 546 547
f 548 546 549
f 548 550 206
f 204 548 206
f 551 548 549
f 550 548 551
f 550 552 208
f 206 550 208
f 553 550 551
f 552 550 553
f 552 554 210
f 208 552 210
f 555 552 553
f 554 552 555
f 554 556 212
f 210 554 212
f 557 554 555
f 556 554 557
f 556 558 214
f 212 556 214
f 559 556 557
f 558 556 559
f 558 560 216
f 214 558 216
f 561 558 559
f 560 558 561
f 560 562 218
f 216 560 218
f 563 560 561
f 562 560 563
f 562 564 220
f 218 562 220
f 565 562 563
f 564 562 565
f 564 566 222
f 220 564 222
f 567 564 565
f 566 564 567
f 566 568 224
f 222 566 224
f 569 566 567
f 568 566 569
f 568 570 226
f 224 568 226
f 571 568 569
f 570 568 571
f 570 572 228
f 226 570 228
f 573 570 571
f 572 570 573
f 572 574 230
f 228 572 230
f 575 572 573
f 574 572 575
f 574 576 232
f 230 574 232
f 577 574 575
f 576 574 577
f 576 578 234
f 232 576 234
f 579 576 577
f 578 576 579
f 578 580 236
f 234 578 236
f 581 578 579
f 580 578 581
f 580 582 238
f 236 580 238
f 583 580 581
f 582 580 583
f 582 584 240
f 238 582 240
f 585 582 583
f 584 582 585
f 584 586 242
f 240 584 242
f 587 584 585
f 586 584 587
f 586 588 244
f 242 586 244
f 589 586 587
f 588 586 589
f 588 590 246
f 244 588 246
f 591 588 589
f 590 588 591
f 590 592 248
f 246 590 248
f 593 590 591
f 592 590 593
f 592 594 250
f 248 592 250
f 595 592 593
f 594 592 595
f 594 596 252
f 250 594 252
f 597 594 595
f 596 594 597
f 596 598 254
f 252 596 254
f 599 596 597
f 598 596 599
f 598 600 256
f 254 598 256
f 601 598 599
f 600 598 601
f 600 602 258
f 256 600 258
f 603 600 601
f 602 600 603
f 602 604 260
f 258 602 260
f 605 602 603
f 604 602 605
f 604 606 262
f 260 604 262
f 607 604 605
f 606 604 607
f 606 608 264
f 262 606 264
f 609 606 607
f 608 606 609
f 608 610 266
f 264 608 266
f 611 608 609
f 610 608 611
f 610 612 268
f 266 610 268
f 613 610 611
f 612 610 613
f 612 614 270
f 268 612 270
f 615 612 613
f 614 612 615
f 614 616 272
f 270 614 272
f 617 614 615
f 616 614 617
f 616 618 274
f 272 616 274
f 619 616 617
f 618 616 619
f 618 620 276
f 274 618 276
f 621 618 619
f 620 618 621
f 620 622 278
f 276 620 278
f 623 620 621
f 622 620 623
f 622 624 280
f 278 622 280
f 625 622 623
f 624 622 625
f 624 626 282
f 280 624 282
f 627 624 625
f 626 624 627
f 626 628 284
f 282 626 284
f 629 626 627
f 628 626 629
f 628 630 286
f 284 628 286
f 631 628 629
f 630 628 631
f 630 632 288
f 286 630 288
f 633 630 631
f 632 630 633
f 632 634 290
f 288 632 290
f 635 632 633
f 634 632 635
f 634 636 292
f 290 634 292
f 637 634 635
f 636 634 637
f 636 638 294
f 292 636 294
f 639 636 637
f 638 636 639
f 638 640 296
f 294 638 296
f 641 638 639
f 640 638 641
f 640 642 298
f 296 640 298
f 643 640 641
f 642 640 643
f 642 644 300
f 298 642 300
f 645 642 643
f 644 642 645
f 644 646 302
f 300 644 302
f 647 644 645
f 646 644 647
f 646 648 304
f 302 646 304
f 649 646 647
f 648 646 649
f 648 650 306
f 304 648 306
f 651 648 649
f 650 648 651
f 307 652 308
f 307 306 650
f 307 650 652
f 652 650 653
f 654 650 651
f 653 650 654
f 652 655 309
f 308 652 309
f 653 656 652
f 656 655 652
f 657 653 654
f 656 653 657
f 655 658 310
f 309 655 310
f 656 659 655
f 659 658 655
f 660 656 657
f 659 656 660
f 658 661 311
f 310 658 311
f 659 662 658
f 662 661 658
f 663 659 660
f 662 659 663
f 661 664 312
f 311 661 312
f 662 665 661
f 665 664 661
f 666 662 663
f 665 662 666
f 664 667 313
f 312 664 313
f 665 668 664
f 668 667 664
f 669 665 666
f 668 665 669
f 667 670 314
f 313 667 314
f 668 671 667
f 671 670 667
f 672 668 669
f 671 668 672
f 670 673 315
f 314 670 315
f 671 674 670
f 674 673 670
f 675 671 672
f 674 671 675
f 673 676 316
f 315 673 316
f 674 677 673
f 677 676 673
f 678 674 675
f 677 674 678
f 676 679 317
f 316 676 317
f 677 680 676
f 680 679 676
f 681 677 678
f 680 677 681
f 679 682 318
f 317 679 318
f 680 683 679
f 683 682 679
f 684 680 681
f 683 680 684
f 318 682 319
f 321 319 682
f 321 682 685
f 685 682 683
f 686 683 684
f 685 683 686
f 685 687 323
f 321 685 323
f 688 685 686
f 687 685 688
f 687 689 325
f 323 687 325
f 690 687 688
f 689 687 690
f 689 691 328
f 325 689 328
f 692 689 690
f 691 689 692
f 691 693 331
f 328 691 331
f 694 691 692
f 693 691 694
f 693 695 334
f 331 693 334
f 696 693 694
f 695 693 696
f 695 697 337
f 334 695 337
f 698 695 696
f 697 695 698
f 697 699 340
f 337 697 340
f 700 697 698
f 699 697 700
f 699 701 342
f 340 699 342
f 702 699 700
f 701 699 702
f 701 703 344
f 342 701 344
f 704 701 702
f 703 701 704
f 703 705 346
f 344 703 346
f 706 703 704
f 705 703 706
f 705 707 348
f 346 705 348
f 708 705 706
f 707 705 708
f 707 709 350
f 348 707 350
f 710 707 708
f 709 707 710
f 709 711 352
f 350 709 352
f 712 709 710
f 711 709 712
f 711 713 355
f 352 711 355
f 714 711 712
f 713 711 714
f 713 715 358
f 355 713 358
f 716 713 714
f 715 713 716
f 715 717 361
f 358 715 361
f 718 715 716
f 717 715 718
f 717 719 364
f 361 717 364
f 720 717 718
f 719 717 720
f 719 721 367
f 364 719 367
f 722 719 720
f 721 719 722
f 721 723 370
f 367 721 370
f 724 721 722
f 723 721 724
f 723 725 373
f 370 723 373
f 726 723 724
f 725 723 726
f 725 727 376
f 373 725 376
f 728 725 726
f 727 725 728
f 727 729 378
f 376 727 378
f 730 727 728
f 729 727 730
f 729 731 380
f 378 729 380
f 732 729 730
f 731 729 732
f 731 733 382
f 380 731 382
f 734 731 732
f 733 731 734
f 733 735 384
f 382 733 384
f 736 733 734
f 735 733 736
f 735 737 386
f 384 735 386
f 738 735 736
f 737 735 738
f 737 739 388
f 386 737 388
f 740 737 738
f 739 737 740
f 739 741 391
f 388 739 391
f 742 739 740
f 741 739 742
f 741 743 394
f 391 741 394
f 744 741 742
f 743 741 744
f 743 745 397
f 394 743 397
f 746 743 744
f 745 743 746
f 745 747 400
f 397 745 400
f 748 745 746
f 747 745 748
f 747 749 403
f 400 747 403
f 750 747 748
f 749 747 750
f 749 751 406
f 403 749 406
f 752 749 750
f 751 749 752
f 751 753 409
f 406 751 409
f 754 751 752
f 753 751 754
f 753 755 412
f 409 753 412
f 756 753 754
f 755 753 756
f 755 757 415
f 412 755 415
f 758 755 756
f 757 755 758
f 757 759 418
f 415 757 418
f 760 757 758
f 759 757 760
f 759 761 421
f 418 759 421
f 762 759 760
f 761 759 762
f 761 763 424
f 421 761 424
f 764 761 762
f 763 761 764
f 763 765 427
f 424 763 427
f 766 763 764
f 765 763 766
f 765 767 430
f 427 765 430
f 768 765 766
f 767 765 768
f 767 769 433
f 430 767 433
f 770 767 768
f 769 767 770
f 769 771 436
f 433 769 436
f 772 769 770
f 771 769 772
f 771 773 439
f 436 771 439
f 774 771 772
f 773 771 774
f 773 775 442
f 439 773 442
f 776 773 774
f 775 773 776
f 775 777 445
f 442 775 445
f 778 775 776
f 777 775 778
f 777 779 448
f 445 777 448
f 780 777 778
f 779 777 780
f 779 781 451
f 448 779 451
f 782 779 780
f 781 779 782
f 781 783 454
f 451 781 454
f 784 781 782
f 783 781 784
f 783 785 457
f 454 783 457
f 786 783 784
f 785 783 786
f 785 787 460
f 457 785 460
f 788 785 786
f 787 785 788
f 787 789 463
f 460 787 463
f 790 787 788
f 789 787 790
f 789 791 466
f 463 789 466
f 792 789 790
f 791 789 792
f 791 793 469
f 466 791 469
f 794 791 792
f 793 791 794
f 793 795 472
f 469 793 472
f 796 793 794
f 795 793 796
f 795 797 475
f 472 795 475
f 798 795 796
f 797 795 798
f 797 799 478
f 475 797 478
f 800 797 798
f 799 797 800
f 799 801 481
f 478 799 481
f 802 799 800
f 801 799 802
f 801 803 484
f 481 801 484
f 804 801 802
f 803 801 804
f 803 805 487
f 484 803 487
f 806 803 804
f 805 803 806
f 805 807 490
f 487 805 490
f 808 805 806
f 807 805 808
f 493 809 492
f 493 490 807
f 493 807 809
f 809 807 810
f 811 807 808
f 810 807 811
f 809 812 495
f 492 809 495
f 810 813 809
f 813 812 809
f 814 810 811
f 813 810 814
f 812 815 498
f 495 812 498
f 816 813 817
f 816 815 813
f 815 812 813
f 814 817 813
f 501 818 500
f 501 498 815
f 501 815 818
f 818 815 819
f 820 815 816
f 819 815 820
f 500 818 502
f 504 502 818
f 504 818 821
f 821 818 819
f 822 819 820
f 821 819 822
f 827 824 825
f 506 826 507
f 509 828 829
f 507 828 509
f 507 827 828
f 507 826 827
f 828 830 829
f 509 829 510
f 829 512 510
f 829 830 512
f 830 831 512
f 512 831 514
f 831 832 514
f 833 834 516
f 833 516 832
f 832 516 514
f 833 835 834
f 834 836 517
f 516 834 517
f 837 834 835
f 836 834 837
f 836 838 519
f 517 836 519
f 839 836 837
f 838 836 839
f 838 840 521
f 519 838 521
f 841 838 839
f 840 838 841
f 840 842 523
f 521 840 523
f 843 840 841
f 842 840 843
f 842 844 525
f 523 842 525
f 845 842 843
f 844 842 845
f 844 846 527
f 525 844 527
f 847 844 845
f 846 844 847
f 846 848 529
f 527 846 529
f 849 846 847
f 848 846 849
f 848 850 531
f 529 848 531
f 851 848 849
f 850 848 851
f 850 852 533
f 531 850 533
f 853 850 851
f 852 850 853
f 852 854 535
f 533 852 535
f 855 852 853
f 854 852 855
f 854 856 537
f 535 854 537
f 857 854 855
f 856 854 857
f 856 858 539
f 537 856 539
f 859 856 857
f 858 856 859
f 858 860 541
f 539 858 541
f 861 858 859
f 860 858 861
f 860 862 543
f 541 860 543
f 863 860 861
f 862 860 863
f 862 864 545
f 543 862 545
f 865 862 863
f 864 862 865
f 864 866 547
f 545 864 547
f 867 864 865
f 866 864 867
f 866 868 549
f 547 866 549
f 869 866 867
f 868 866 869
f 868 870 551
f 549 868 551
f 871 868 869
f 870 868 871
f 870 872 553
f 551 870 553
f 873 870 871
f 872 870 873
f 872 874 555
f 553 872 555
f 875 872 873
f 874 872 875
f 874 876 557
f 555 874 557
f 877 874 875
f 876 874 877
f 876 878 559
f 557 876 559
f 879 876 877
f 878 876 879
f 878 880 561
f 559 878 561
f 881 878 879
f 880 878 881
f 880 882 563
f 561 880 563
f 883 880 881
f 882 880 883
f 882 884 565
f 563 882 565
f 885 882 883
f 884 882 885
f 884 886 567
f 565 884 567
f 887 884 885
f 886 884 887
f 886 888 569
f 567 886 569
f 889 886 887
f 888 886 889
f 888 890 571
f 569 888 571
f 891 888 889
f 890 888 891
f 890 892 573
f 571 890 573
f 893 890 891
f 892 890 893
f 892 894 575
f 573 892 575
f 895 892 893
f 894 892 895
f 894 896 577
f 575 894 577
f 897 894 895
f 896 894 897
f 896 898 579
f 577 896 579
f 899 896 897
f 898 896 899
f 898 900 581
f 579 898 581
f 901 898 899
f 900 898 901
f 900 902 583
f 581 900 583
f 903 900 901
f 902 900 903
f 902 904 585
f 583 902 585
f 905 902 903
f 904 902 905
f 904 906 587
f 585 904 587
f 907 904 905
f 906 904 907
f 906 908 589
f 587 906 589
f 909 906 907
f 908 906 909
f 908 910 591
f 589 908 591
f 911 908 909
f 910 908 911
f 910 912 593
f 591 910 593
f 913 910 911
f 912 910 913
f 912 914 595
f 593 912 595
f 915 912 913
f 914 912 915
f 914 916 597
f 595 914 597
f 917 914 915
f 916 914 917
f 916 918 599
f 597 916 599
f 919 916 917
f 918 916 919
f 918 920 921
f 918 921 599
f 599 921 601
f 919 920 918
f 601 921 603
f 921 922 603
f 603 922 605
f 922 923 605
f 605 923 607
f 923 924 607
f 607 924 609
f 924 925 609
f 609 925 611
f 925 926 611
f 611 926 613
f 926 927 613
f 613 927 615
f 927 928 615
f 615 928 617
f 928 929 617
f 617 929 619
f 929 930 619
f 619 930 621
f 930 931 621
f 621 931 623
f 931 932 623
f 623 932 625
f 932 933 625
f 625 933 627
f 933 934 627
f 627 934 629
f 934 935 629
f 629 935 631
f 935 936 631
f 631 936 633
f 936 937 633
f 633 937 635
f 937 938 635
f 635 938 637
f 938 939 637
f 637 939 639
f 939 940 639
f 639 940 641
f 940 941 641
f 641 941 643
f 941 942 643
f 643 942 645
f 942 943 645
f 645 943 647
f 943 944 647
f 647 944 649
f 944 945 649
f 649 945 651
f 945 946 651
f 651 946 654
f 946 947 654
f 654 947 657
f 947 948 657
f 657 948 660
f 948 949 660
f 660 949 663
f 949 950 663
f 663 950 666
f 950 951 666
f 666 951 669
f 951 952 669
f 669 952 672
f 952 953 672
f 672 953 675
f 953 954 675
f 675 954 678
f 954 955 678
f 678 955 681
f 955 956 681
f 681 956 684
f 956 957 684
f 684 957 686
f 957 958 686
f 686 958 688
f 958 959 688
f 688 959 690
f 959 960 690
f 690 960 692
f 960 961 692
f 692 961 694
f 961 962 694
f 694 962 696
f 962 963 696
f 696 963 698
f 963 964 698
f 698 964 700
f 964 965 700
f 700 965 702
f 965 966 702
f 702 966 704
f 966 967 704
f 704 967 706
f 967 968 706
f 706 968 708
f 968 969 708
f 708 969 710
f 969 970 710
f 710 970 712
f 970 971 712
f 712 971 714
f 971 972 714
f 714 972 716
f 972 973 716
f 716 973 718
f 973 974 718
f 718 974 720
f 974 975 720
f 720 975 722
f 975 976 722
f 722 976 724
f 976 977 724
f 724 977 726
f 977 978 726
f 726 978 728
f 978 979 728
f 728 979 730
f 979 980 730
f 730 980 732
f 980 981 732
f 732 981 734
f 981 982 734
f 734 982 736
f 982 983 736
f 736 983 738
f 983 984 738
f 738 984 740
f 984 985 740
f 740 985 742
f 985 986 742
f 742 986 744
f 986 987 744
f 744 987 746
f 987 988 746
f 746 988 748
f 988 989 748
f 748 989 750
f 989 990 750
f 750 990 752
f 990 991 752
f 752 991 754
f 991 992 754
f 754 992 756
f 992 993 756
f 756 993 758
f 993 994 758
f 758 994 760
f 994 995 760
f 760 995 762
f 995 996 762
f 762 996 764
f 996 997 764
f 764 997 766
f 997 998 766
f 766 998 768
f 998 999 768
f 768 999 770
f 999 1000 770
f 770 1000 772
f 1000 1001 772
f 772 1001 774
f 1001 1002 774
f 774 1002 776
f 1002 1003 776
f 776 1003 778
f 1003 1004 778
f 778 1004 780
f 1004 1005 780
f 780 1005 782
f 1005 1006 782
f 782 1006 784
f 1006 1007 784
f 784 1007 786
f 1007 1008 786
f 786 1008 788
f 1008 1009 788
f 788 1009 790
f 1009 1010 790
f 790 1010 792
f 1010 1011 792
f 792 1011 794
f 1011 1012 794
f 794 1012 796
f 1012 1013 796
f 796 1013 798
f 1013 1014 798
f 798 1014 800
f 1014 1015 800
f 800 1015 802
f 1015 1016 802
f 802 1016 804
f 1016 1017 804
f 804 1017 806
f 1017 1018 806
f 806 1018 808
f 1018 1019 808
f 808 1019 811
f 1019 1020 811
f 811 1020 814
f 1020 1021 814
f 817 1022 816
f 817 1023 1022
f 817 814 1023
f 814 1021 1023
f 1022 1024 820
f 816 1022 820
f 1025 1022 1023
f 1024 1022 1025
f 1024 1026 1027
f 1024 1027 820
f 820 1027 822
f 1025 1026 1024
f 822 1027 1028
f 1029 823 1028
f 825 1030 827
f 1030 1031 827
f 827 1031 1032
f 828 827 1032
f 1032 830 828
f 1033 830 1032
f 830 1033 831
f 1033 1034 831
f 1035 1036 832
f 1035 832 1034
f 1034 832 831
f 1035 1037 1036
f 832 1036 833
f 1036 835 833
f 1036 1037 835
f 1037 1038 835
f 835 1038 837
f 1038 1039 837
f 837 1039 839
f 1039 1040 839
f 839 1040 841
f 1040 1041 841
f 841 1041 843
f 1041 1042 843
f 843 1042 845
f 1042 1043 845
f 845 1043 847
f 1043 1044 847
f 847 1044 849
f 1044 1045 849
f 849 1045 851
f 1045 1046 851
f 851 1046 853
f 1046 1047 853
f 853 1047 855
f 1047 1048 855
f 855 1048 857
f 1048 1049 857
f 857 1049 859
f 1049 1050 859
f 859 1050 861
f 1050 1051 861
f 861 1051 863
f 1051 1052 863
f 863 1052 865
f 1052 1053 865
f 865 1053 867
f 1053 1054 867
f 867 1054 869
f 1054 1055 869
f 869 1055 871
f 1055 1056 871
f 871 1056 873
f 1056 1057 873
f 873 1057 875
f 1057 1058 875
f 875 1058 877
f 1058 1059 877
f 877 1059 879
f 1059 1060 879
f 879 1060 881
f 1060 1061 881
f 881 1061 883
f 1061 1062 883
f 883 1062 885
f 1062 1063 885
f 885 1063 887
f 1063 1064 887
f 887 1064 889
f 1064 1065 889
f 889 1065 891
f 1065 1066 891
f 891 1066 893
f 1066 1067 893
f 893 1067 895
f 1067 1068 895
f 895 1068 897
f 1068 1069 897
f 897 1069 899
f 1069 1070 899
f 899 1070 901
f 1070 1071 901
f 901 1071 903
f 1071 1072 903
f 903 1072 905
f 1072 1073 905
f 905 1073 907
f 1073 1074 907
f 907 1074 909
f 1074 1075 909
f 909 1075 911
f 1075 1076 911
f 911 1076 913
f 1076 1077 913
f 913 1077 915
f 1077 1078 915
f 915 1078 917
f 1078 1079 917
f 917 1079 919
f 1079 1080 919
f 920 1081 921
f 920 1082 1081
f 920 919 1082
f 919 1080 1082
f 1081 1083 922
f 921 1081 922
f 1084 1081 1082
f 1083 1081 1084
f 1083 1085 923
f 922 1083 923
f 1086 1083 1084
f 1085 1083 1086
f 1085 1087 924
f 923 1085 924
f 1088 1085 1086
f 1087 1085 1088
f 1087 1089 925
f 924 1087 925
f 1090 1087 1088
f 1089 1087 1090
f 1089 1091 926
f 925 1089 926
f 1092 1089 1090
f 1091 1089 1092
f 1091 1093 927
f 926 1091 927
f 1094 1091 1092
f 1093 1091 1094
f 1093 1095 928
f 927 1093 928
f 1096 1093 1094
f 1095 1093 1096
f 1095 1097 929
f 928 1095 929
f 1098 1095 1096
f 1097 1095 1098
f 1097 1099 930
f 929 1097 930
f 1100 1097 1098
f 1099 1097 1100
f 1099 1101 931
f 930 1099 931
f 1102 1099 1100
f 1101 1099 1102
f 1101 1103 932
f 931 1101 932
f 1104 1101 1102
f 1103 1101 1104
f 1103 1105 933
f 932 1103 933
f 1106 1103 1104
f 1105 1103 1106
f 1105 1107 934
f 933 1105 934
f 1108 1105 1106
f 1107 1105 1108
f 1107 1109 935
f 934 1107 935
f 1110 1107 1108
f 1109 1107 1110
f 1109 1111 936
f 935 1109 936
f 1112 1109 1110
f 1111 1109 1112
f 1111 1113 937
f 936 1111 937
f 1114 1111 1112
f 1113 1111 1114
f 1113 1115 938
f 937 1113 938
f 1116 1113 1114
f 1115 1113 1116
f 1115 1117 939
f 938 1115 939
f 1118 1115 1116
f 1117 1115 1118
f 1117 1119 940
f 939 1117 940
f 1120 1117 1118
f 1119 1117 1120
f 1119 1121 941
f 940 1119 941
f 1122 1119 1120
f 1121 1119 1122
f 1121 1123 942
f 941 1121 942
f 1124 1121 1122
f 1123 1121 1124
f 1123 1125 943
f 942 1123 943
f 1126 1123 1124
f 1125 1123 1126
f 1125 1127 944
f 943 1125 944
f 1128 1125 1126
f 1127 1125 1128
f 1127 1129 945
f 944 1127 945
f 1130 1127 1128
f 1129 1127 1130
f 1129 1131 946
f 945 1129 946
f 1132 1129 1130
f 1131 1129 1132
f 1131 1133 947
f 946 1131 947
f 1134 1131 1132
f 1133 1131 1134
f 1133 1135 948
f 947 1133 948
f 1136 1133 1134
f 1135 1133 1136
f 1135 1137 949
f 948 1135 949
f 1138 1135 1136
f 1137 1135 1138
f 1137 1139 950
f 949 1137 950
f 1140 1137 1138
f 1139 1137 1140
f 1139 1141 951
f 950 1139 951
f 1142 1139 1140
f 1141 1139 1142
f 1141 1143 952
f 951 1141 952
f 1144 1141 1142
f 1143 1141 1144
f 1143 1145 953
f 952 1143 953
f 1146 1143 1144
f 1145 1143 1146
f 1145 1147 954
f 953 1145 954
f 1148 1145 1146
f 1147 1145 1148
f 1147 1149 955
f 954 1147 955
f 1150 1147 1148
f 1149 1147 1150
f 1149 1151 956
f 955 1149 956
f 1152 1149 1150
f 1151 1149 1152
f 1151 1153 957
f 956 1151 957
f 1154 1151 1152
f 1153 1151 1154
f 1153 1155 958
f 957 1153 958
f 1156 1153 1154
f 1155 1153 1156
f 1155 1157 959
f 958 1155 959
f 1158 1155 1156
f 1157 1155 1158
f 1157 1159 960
f 959 1157 960
f 1160 1157 1158
f 1159 1157 1160
f 1159 1161 961
f 960 1159 961
f 1162 1159 1160
f 1161 1159 1162
f 1161 1163 962
f 961 1161 962
f 1164 1161 1162
f 1163 1161 1164
f 1163 1165 963
f 962 1163 963
f 1166 1163 1164
f 1165 1163 1166
f 1165 1167 964
f 963 1165 964
f 1168 1165 1166
f 1167 1165 1168
f 1167 1169 965
f 964 1167 965
f 1170 1167 1168
f 1169 1167 1170
f 1169 1171 966
f 965 1169 966
f 1172 1169 1170
f 1171 1169 1172
f 1171 1173 967
f 966 1171 967
f 1174 1171 1172
f 1173 1171 1174
f 1173 1175 968
f 967 1173 968
f 1176 1173 1174
f 1175 1173 1176
f 1175 1177 969
f 968 1175 969
f 1178 1175 1176
f 1177 1175 1178
f 1177 1179 970
f 969 1177 970
f 1180 1177 1178
f 1179 1177 1180
f 1179 1181 971
f 970 1179 971
f 1182 1179 1180
f 1181 1179 1182
f 1181 1183 972
f 971 1181 972
f 1184 1181 1182
f 1183 1181 1184
f 1183 1185 973
f 972 1183 973
f 1186 1183 1184
f 1185 1183 1186
f 1185 1187 974
f 973 1185 974
f 1188 1185 1186
f 1187 1185 1188
f 1187 1189 975
f 974 1187 975
f 1190 1187 1188
f 1189 1187 1190
f 1189 1191 976
f 975 1189 976
f 1192 1189 1190
f 1191 1189 1192
f 1191 1193 977
f 976 1191 977
f 1194 1191 1192
f 1193 1191 1194
f 1193 1195 978
f 977 1193 978
f 1196 1193 1194
f 1195 1193 1196
f 1195 1197 979
f 978 1195 979
f 1198 1195 1196
f 1197 1195 1198
f 1197 1199 980
f 979 1197 980
f 1200 1197 1198
f 1199 1197 1200
f 1199 1201 981
f 980 1199 981
f 1202 1199 1200
f 1201 1199 1202
f 1201 1203 982
f 981 1201 982
f 1204 1201 1202
f 1203 1201 1204
f 1203 1205 983
f 982 1203 983
f 1206 1203 1204
f 1205 1203 1206
f 1205 1207 984
f 983 1205 984
f 1208 1205 1206
f 1207 1205 1208
f 1207 1209 985
f 984 1207 985
f 1210 1207 1208
f 1209 1207 1210
f 1209 1211 986
f 985 1209 986
f 1212 1209 1210
f 1211 1209 1212
f 1211 1213 987
f 986 1211 987
f 1214 1211 1212
f 1213 1211 1214
f 1213 1215 988
f 987 1213 988
f 1216 1213 1214
f 1215 1213 1216
f 1215 1217 989
f 988 1215 989
f 1218 1215 1216
f 1217 1215 1218
f 1217 1219 990
f 989 1217 990
f 1220 1217 1218
f 1219 1217 1220
f 1219 1221 991
f 990 1219 991
f 1222 1219 1220
f 1221 1219 1222
f 1221 1223 992
f 991 1221 992
f 1224 1221 1222
f 1223 1221 1224
f 1223 1225 993
f 992 1223 993
f 1226 1223 1224
f 1225 1223 1226
f 1225 1227 994
f 993 1225 994
f 1228 1225 1226
f 1227 1225 1228
f 1227 1229 995
f 994 1227 995
f 1230 1227 1228
f 1229 1227 1230
f 1229 1231 996
f 995 1229 996
f 1232 1229 1230
f 1231 1229 1232
f 1231 1233 997
f 996 1231 997
f 1234 1231 1232
f 1233 1231 1234
f 1233 1235 998
f 997 1233 998
f 1236 1233 1234
f 1235 1233 1236
f 1235 1237 999
f 998 1235 999
f 1238 1235 1236
f 1237 1235 1238
f 1237 1239 1000
f 999 1237 1000
f 1240 1237 1238
f 1239 1237 1240
f 1239 1241 1001
f 1000 1239 1001
f 1242 1239 1240
f 1241 1239 1242
f 1241 1243 1002
f 1001 1241 1002
f 1244 1241 1242
f 1243 1241 1244
f 1243 1245 1003
f 1002 1243 1003
f 1246 1243 1244
f 1245 1243 1246
f 1245 1247 1004
f 1003 1245 1004
f 1248 1245 1246
f 1247 1245 1248
f 1247 1249 1005
f 1004 1247 1005
f 1250 1247 1248
f 1249 1247 1250
f 1249 1251 1006
f 1005 1249 1006
f 1252 1249 1250
f 1251 1249 1252
f 1251 1253 1007
f 1006 1251 1007
f 1254 1251 1252
f 1253 1251 1254
f 1253 1255 1008
f 1007 1253 1008
f 1256 1253 1254
f 1255 1253 1256
f 1255 1257 1009
f 1008 1255 1009
f 1258 1255 1256
f 1257 1255 1258
f 1257 1259 1010
f 1009 1257 1010
f 1260 1257 1258
f 1259 1257 1260
f 1259 1261 1011
f 1010 1259 1011
f 1262 1259 1260
f 1261 1259 1262
f 1261 1263 1012
f 1011 1261 1012
f 1264 1261 1262
f 1263 1261 1264
f 1263 1265 1013
f 1012 1263 1013
f 1266 1263 1264
f 1265 1263 1266
f 1265 1267 1014
f 1013 1265 1014
f 1268 1265 1266
f 1267 1265 1268
f 1267 1269 1015
f 1014 1267 1015
f 1270 1267 1268
f 1269 1267 1270
f 1269 1271 1016
f 1015 1269 1016
f 1272 1269 1270
f 1271 1269 1272
f 1271 1273 1017
f 1016 1271 1017
f 1274 1271 1272
f 1273 1271 1274
f 1273 1275 1018
f 1017 1273 1018
f 1276 1273 1274
f 1275 1273 1276
f 1275 1277 1019
f 1018 1275 1019
f 1278 1275 1276
f 1277 1275 1278
f 1277 1279 1020
f 1019 1277 1020
f 1280 1277 1278
f 1279 1277 1280
f 1279 1281 1021
f 1020 1279 1021
f 1282 1279 1280
f 1281 1279 1282
f 1281 1283 1284
f 1281 1284 1021
f 1021 1284 1023
f 1282 1283 1281
f 1023 1284 1025
f 1284 1285 1025
f 1026 1286 1027
f 1026 1287 1286
f 1026 1025 1287
f 1025 1285 1287
f 1027 1286 1028
f 1286 1029 1028
f 1286 1287 1029
f 1287 1288 1029
f 1290 1291 1031
f 1290 1031 1289
f 1289 1031 1030
f 1290 1292 1291
f 1031 1291 1032
f 1291 1033 1032
f 1291 1292 1033
f 1292 1293 1033
f 1294 1295 1034
f 1294 1034 1293
f 1293 1034 1033
f 1294 1296 1295
f 1034 1295 1035
f 1295 1037 1035
f 1295 1296 1037
f 1296 1297 1037
f 1037 1297 1038
f 1297 1298 1038
f 1038 1298 1039
f 1298 1299 1039
f 1039 1299 1040
f 1299 1300 1040
f 1040 1300 1041
f 1300 1301 1041
f 1041 1301 1042
f 1301 1302 1042
f 1042 1302 1043
f 1302 1303 1043
f 1043 1303 1044
f 1303 1304 1044
f 1044 1304 1045
f 1304 1305 1045
f 1045 1305 1046
f 1305 1306 1046
f 1046 1306 1047
f 1306 1307 1047
f 1047 1307 1048
f 1307 1308 1048
f 1048 1308 1049
f 1308 1309 1049
f 1049 1309 1050
f 1309 1310 1050
f 1050 1310 1051
f 1310 1311 1051
f 1051 1311 1052
f 1311 1312 1052
f 1052 1312 1053
f 1312 1313 1053
f 1053 1313 1054
f 1313 1314 1054
f 1054 1314 1055
f 1314 1315 1055
f 1055 1315 1056
f 1315 1316 1056
f 1056 1316 1057
f 1316 1317 1057
f 1057 1317 1058
f 1317 1318 1058
f 1058 1318 1059
f 1318 1319 1059
f 1059 1319 1060
f 1319 1320 1060
f 1060 1320 1061
f 1320 1321 1061
f 1061 1321 1062
f 1321 1322 1062
f 1062 1322 1063
f 1322 1323 1063
f 1063 1323 1064
f 1323 1324 1064
f 1064 1324 1065
f 1324 1325 1065
f 1065 1325 1066
f 1325 1326 1066
f 1066 1326 1067
f 1326 1327 1067
f 1067 1327 1068
f 1327 1328 1068
f 1068 1328 1069
f 1328 1329 1069
f 1069 1329 1070
f 1329 1330 1070
f 1070 1330 1071
f 1330 1331 1071
f 1071 1331 1072
f 1331 1332 1072
f 1072 1332 1073
f 1332 1333 1073
f 1073 1333 1074
f 1333 1334 1074
f 1074 1334 1075
f 1334 1335 1075
f 1075 1335 1076
f 1335 1336 1076
f 1076 1336 1077
f 1336 1337 1077
f 1077 1337 1078
f 1337 1338 1078
f 1078 1338 1079
f 1338 1339 1079
f 1079 1339 1080
f 1339 1340 1080
f 1080 1340 1082
f 1340 1341 1082
f 1082 1341 1084
f 1341 1342 1084
f 1084 1342 1086
f 1342 1343 1086
f 1086 1343 1088
f 1343 1344 1088
f 1088 1344 1090
f 1344 1345 1090
f 1090 1345 1092
f 1345 1346 1092
f 1092 1346 1094
f 1346 1347 1094
f 1094 1347 1096
f 1347 1348 1096
f 1096 1348 1098
f 1348 1349 1098
f 1098 1349 1100
f 1349 1350 1100
f 1100 1350 1102
f 1350 1351 1102
f 1102 1351 1104
f 1351 1352 1104
f 1104 1352 1106
f 1352 1353 1106
f 1106 1353 1108
f 1353 1354 1108
f 1108 1354 1110
f 1354 1355 1110
f 1110 1355 1112
f 1355 1356 1112
f 1112 1356 1114
f 1356 1357 1114
f 1114 1357 1116
f 1357 1358 1116
f 1116 1358 1118
f 1358 1359 1118
f 1118 1359 1120
f 1359 1360 1120
f 1120 1360 1122
f 1360 1361 1122
f 1122 1361 1124
f 1361 1362 1124
f 1124 1362 1126
f 1362 1363 1126
f 1126 1363 1128
f 1363 1364 1128
f 1128 1364 1130
f 1364 1365 1130
f 1130 1365 1132
f 1365 1366 1132
f 1132 1366 1134
f 1366 1367 1134
f 1134 1367 1136
f 1367 1368 1136
f 1136 1368 1138
f 1368 1369 1138
f 1138 1369 1140
f 1369 1370 1140
f 1140 1370 1142
f 1370 1371 1142
f 1142 1371 1144
f 1371 1372 1144
f 1144 1372 1146
f 1372 1373 1146
f 1146 1373 1148
f 1373 1374 1148
f 1148 1374 1150
f 1374 1375 1150
f 1150 1375 1152
f 1375 1376 1152
f 1152 1376 1154
f 1376 1377 1154
f 1154 1377 1156
f 1377 1378 1156
f 1156 1378 1158
f 1378 1379 1158
f 1158 1379 1160
f 1379 1380 1160
f 1160 1380 1162
f 1380 1381 1162
f 1162 1381 1164
f 1381 1382 1164
f 1164 1382 1166
f 1382 1383 1166
f 1166 1383 1168
f 1383 1384 1168
f 1168 1384 1170
f 1384 1385 1170
f 1170 1385 1172
f 1385 1386 1172
f 1172 1386 1174
f 1386 1387 1174
f 1174 1387 1176
f 1387 1388 1176
f 1176 1388 1178
f 1388 1389 1178
f 1178 1389 1180
f 1389 1390 1180
f 1180 1390 1182
f 1390 1391 1182
f 1182 1391 1184
f 1391 1392 1184
f 1184 1392 1186
f 1392 1393 1186
f 1186 1393 1188
f 1393 1394 1188
f 1188 1394 1190
f 1394 1395 1190
f 1190 1395 1192
f 1395 1396 1192
f 1192 1396 1194
f 1396 1397 1194
f 1194 1397 1196
f 1397 1398 1196
f 1196 1398 1198
f 1398 1399 1198
f 1198 1399 1200
f 1399 1400 1200
f 1200 1400 1202
f 1400 1401 1202
f 1202 1401 1204
f 1401 1402 1204
f 1204 1402 1206
f 1402 1403 1206
f 1206 1403 1208
f 1403 1404 1208
f 1208 1404 1210
f 1404 1405 1210
f 1210 1405 1212
f 1405 1406 1212
f 1212 1406 1214
f 1406 1407 1214
f 1214 1407 1216
f 1407 1408 1216
f 1216 1408 1218
f 1408 1409 1218
f 1218 1409 1220
f 1409 1410 1220
f 1220 1410 1222
f 1410 1411 1222
f 1222 1411 1224
f 1411 1412 1224
f 1224 1412 1226
f 1412 1413 1226
f 1226 1413 1228
f 1413 1414 1228
f 1228 1414 1230
f 1414 1415 1230
f 1230 1415 1232
f 1415 1416 1232
f 1232 1416 1234
f 1416 1417 1234
f 1234 1417 1236
f 1417 1418 1236
f 1236 1418 1238
f 1418 1419 1238
f 1238 1419 1240
f 1419 1420 1240
f 1240 1420 1242
f 1420 1421 1242
f 1242 1421 1244
f 1421 1422 1244
f 1244 1422 1246
f 1422 1423 1246
f 1246 1423 1248
f 1423 1424 1248
f 1248 1424 1250
f 1424 1425 1250
f 1250 1425 1252
f 1425 1426 1252
f 1252 1426 1254
f 1426 1427 1254
f 1254 1427 1256
f 1427 1428 1256
f 1256 1428 1258
f 1428 1429 1258
f 1258 1429 1260
f 1429 1430 1260
f 1260 1430 1262
f 1430 1431 1262
f 1262 1431 1264
f 1431 1432 1264
f 1264 1432 1266
f 1432 1433 1266
f 1266 1433 1268
f 1433 1434 1268
f 1268 1434 1270
f 1434 1435 1270
f 1270 1435 1272
f 1435 1436 1272
f 1272 1436 1274
f 1436 1437 1274
f 1274 1437 1276
f 1437 1438 1276
f 1276 1438 1278
f 1438 1439 1278
f 1278 1439 1280
f 1439 1440 1280
f 1280 1440 1282
f 1440 1441 1282
f 1283 1442 1284
f 1283 1443 1442
f 1283 1282 1443
f 1282 1441 1443
f 1442 1444 1445
f 1442 1445 1284
f 1284 1445 1285
f 1443 1444 1442
f 1285 1445 1287
f 1445 1446 1287
f 1287 1446 1288
f 1446 1447 1288
f 1289 1448 1449
f 1290 1289 1449
f 1449 1292 1290
f 1450 1292 1449
f 1451 1452 1293
f 1451 1293 1450
f 1450 1293 1292
f 1451 1453 1452
f 1293 1452 1294
f 1452 1296 1294
f 1452 1453 1296
f 1453 1454 1296
f 1296 1454 1297
f 1454 1455 1297
f 1297 1455 1298
f 1455 1456 1298
f 1298 1456 1299
f 1456 1457 1299
f 1299 1457 1300
f 1457 1458 1300
f 1300 1458 1301
f 1458 1459 1301
f 1301 1459 1302
f 1459 1460 1302
f 1302 1460 1303
f 1460 1461 1303
f 1303 1461 1304
f 1461 1462 1304
f 1304 1462 1305
f 1462 1463 1305
f 1305 1463 1306
f 1463 1464 1306
f 1306 1464 1307
f 1464 1465 1307
f 1307 1465 1308
f 1465 1466 1308
f 1308 1466 1309
f 1466 1467 1309
f 1309 1467 1310
f 1467 1468 1310
f 1310 1468 1311
f 1468 1469 1311
f 1311 1469 1312
f 1469 1470 1312
f 1312 1470 1313
f 1470 1471 1313
f 1313 1471 1314
f 1471 1472 1314
f 1314 1472 1315
f 1472 1473 1315
f 1315 1473 1316
f 1473 1474 1316
f 1316 1474 1317
f 1474 1475 1317
f 1317 1475 1318
f 1475 1476 1318
f 1318 1476 1319
f 1476 1477 1319
f 1319 1477 1320
f 1477 1478 1320
f 1320 1478 1321
f 1478 1479 1321
f 1321 1479 1322
f 1479 1480 1322
f 1322 1480 1323
f 1480 1481 1323
f 1323 1481 1324
f 1481 1482 1324
f 1324 1482 1325
f 1482 1483 1325
f 1325 1483 1326
f 1483 1484 1326
f 1326 1484 1327
f 1484 1485 1327
f 1327 1485 1328
f 1485 1486 1328
f 1328 1486 1329
f 1486 1487 1329
f 1329 1487 1330
f 1487 1488 1330
f 1330 1488 1331
f 1488 1489 1331
f 1331 1489 1332
f 1489 1490 1332
f 1332 1490 1333
f 1490 1491 1333
f 1333 1491 1334
f 1491 1492 1334
f 1334 1492 1335
f 1492 1493 1335
f 1335 1493 1336
f 1493 1494 1336
f 1336 1494 1337
f 1494 1495 1337
f 1337 1495 1338
f 1495 1496 1338
f 1338 1496 1339
f 1496 1497 1339
f 1339 1497 1340
f 1497 1498 1340
f 1340 1498 1341
f 1498 1499 1341
f 1341 1499 1342
f 1499 1500 1342
f 1342 1500 1343
f 1500 1501 1343
f 1343 1501 1344
f 1501 1502 1344
f 1344 1502 1345
f 1502 1503 1345
f 1345 1503 1346
f 1503 1504 1346
f 1346 1504 1347
f 1504 1505 1347
f 1347 1505 1348
f 1505 1506 1348
f 1348 1506 1349
f 1506 1507 1349
f 1349 1507 1350
f 1507 1508 1350
f 1350 1508 1351
f 1508 1509 1351
f 1351 1509 1352
f 1509 1510 1352
f 1352 1510 1353
f 1510 1511 1353
f 1353 1511 1354
f 1511 1512 1354
f 1354 1512 1355
f 1512 1513 1355
f 1355 1513 1356
f 1513 1514 1356
f 1356 1514 1357
f 1514 1515 1357
f 1357 1515 1358
f 1515 1516 1358
f 1358 1516 1359
f 1516 1517 1359
f 1359 1517 1360
f 1517 1518 1360
f 1360 1518 1361
f 1518 1519 1361
f 1361 1519 1362
f 1519 1520 1362
f 1362 1520 1363
f 1520 1521 1363
f 1363 1521 1364
f 1521 1522 1364
f 1364 1522 1365
f 1522 1523 1365
f 1365 1523 1366
f 1523 1524 1366
f 1366 1524 1367
f 1524 1525 1367
f 1367 1525 1368
f 1525 1526 1368
f 1368 1526 1369
f 1526 1527 1369
f 1369 1527 1370
f 1527 1528 1370
f 1370 1528 1371
f 1528 1529 1371
f 1371 1529 1372
f 1529 1530 1372
f 1372 1530 1373
f 1530 1531 1373
f 1373 1531 1374
f 1531 1532 1374
f 1374 1532 1375
f 1532 1533 1375
f 1375 1533 1376
f 1533 1534 1376
f 1376 1534 1377
f 1534 1535 1377
f 1377 1535 1378
f 1535 1536 1378
f 1378 1536 1379
f 1536 1537 1379
f 1379 1537 1380
f 1537 1538 1380
f 1380 1538 1381
f 1538 1539 1381
f 1381 1539 1382
f 1539 1540 1382
f 1382 1540 1383
f 1540 1541 1383
f 1383 1541 1384
f 1541 1542 1384
f 1384 1542 1385
f 1542 1543 1385
f 1385 1543 1386
f 1543 1544 1386
f 1386 1544 1387
f 1544 1545 1387
f 1387 1545 1388
f 1545 1546 1388
f 1388 1546 1389
f 1546 1547 1389
f 1389 1547 1390
f 1547 1548 1390
f 1390 1548 1391
f 1548 1549 1391
f 1391 1549 1392
f 1549 1550 1392
f 1392 1550 1393
f 1550 1551 1393
f 1393 1551 1394
f 1551 1552 1394
f 1394 1552 1395
f 1552 1553 1395
f 1395 1553 1396
f 1553 1554 1396
f 1396 1554 1397
f 1554 1555 1397
f 1397 1555 1398
f 1555 1556 1398
f 1398 1556 1399
f 1556 1557 1399
f 1399 1557 1400
f 1557 1558 1400
f 1400 1558 1401
f 1558 1559 1401
f 1401 1559 1402
f 1559 1560 1402
f 1402 1560 1403
f 1560 1561 1403
f 1403 1561 1404
f 1561 1562 1404
f 1404 1562 1405
f 1562 1563 1405
f 1405 1563 1406
f 1563 1564 1406
f 1406 1564 1407
f 1564 1565 1407
f 1407 1565 1408
f 1565 1566 1408
f 1408 1566 1409
f 1566 1567 1409
f 1409 1567 1410
f 1567 1568 1410
f 1410 1568 1411
f 1568 1569 1411
f 1411 1569 1412
f 1569 1570 1412
f 1412 1570 1413
f 1570 1571 1413
f 1413 1571 1414
f 1571 1572 1414
f 1414 1572 1415
f 1572 1573 1415
f 1415 1573 1416
f 1573 1574 1416
f 1416 1574 1417
f 1574 1575 1417
f 1417 1575 1418
f 1575 1576 1418
f 1418 1576 1419
f 1576 1577 1419
f 1419 1577 1420
f 1577 1578 1420
f 1420 1578 1421
f 1578 1579 1421
f 1421 1579 1422
f 1579 1580 1422
f 1422 1580 1423
f 1580 1581 1423
f 1423 1581 1424
f 1581 1582 1424
f 1424 1582 1425
f 1582 1583 1425
f 1425 1583 1426
f 1583 1584 1426
f 1426 1584 1427
f 1584 1585 1427
f 1427 1585 1428
f 1585 1586 1428
f 1428 1586 1429
f 1586 1587 1429
f 1429 1587 1430
f 1587 1588 1430
f 1430 1588 1431
f 1588 1589 1431
f 1431 1589 1432
f 1589 1590 1432
f 1432 1590 1433
f 1590 1591 1433
f 1433 1591 1434
f 1591 1592 1434
f 1434 1592 1435
f 1592 1593 1435
f 1435 1593 1436
f 1593 1594 1436
f 1436 1594 1437
f 1594 1595 1437
f 1437 1595 1438
f 1595 1596 1438
f 1438 1596 1439
f 1596 1597 1439
f 1439 1597 1440
f 1597 1598 1440
f 1440 1598 1441
f 1598 1599 1441
f 1441 1599 1443
f 1599 1600 1443
f 1444 1601 1445
f 1444 1602 1601
f 1444 1443 1602
f 1443 1600 1602
f 1601 1603 1604
f 1601 1604 1445
f 1445 1604 1446
f 1602 1603 1601
f 1446 1604 1447
f 1604 1605 1447
f 1448 1606 1607
f 1449 1448 1607
f 1607 1450 1449
f 1608 1450 1607
f 1450 1608 1609
f 1451 1450 1609
f 1609 1453 1451
f 1610 1453 1609
f 1453 1610 1454
f 1610 1611 1454
f 1454 1611 1455
f 1611 1612 1455
f 1455 1612 1456
f 1612 1613 1456
f 1456 1613 1457
f 1613 1614 1457
f 1457 1614 1458
f 1614 1615 1458
f 1458 1615 1459
f 1615 1616 1459
f 1459 1616 1460
f 1616 1617 1460
f 1460 1617 1461
f 1617 1618 1461
f 1461 1618 1462
f 1618 1619 1462
f 1462 1619 1463
f 1619 1620 1463
f 1463 1620 1464
f 1620 1621 1464
f 1464 1621 1465
f 1621 1622 1465
f 1465 1622 1466
f 1622 1623 1466
f 1466 1623 1467
f 1623 1624 1467
f 1467 1624 1468
f 1624 1625 1468
f 1468 1625 1469
f 1625 1626 1469
f 1469 1626 1470
f 1626 1627 1470
f 1470 1627 1471
f 1627 1628 1471
f 1471 1628 1472
f 1628 1629 1472
f 1472 1629 1473
f 1629 1630 1473
f 1473 1630 1474
f 1630 1631 1474
f 1474 1631 1475
f 1631 1632 1475
f 1475 1632 1476
f 1632 1633 1476
f 1476 1633 1477
f 1633 1634 1477
f 1477 1634 1478
f 1634 1635 1478
f 1478 1635 1479
f 1635 1636 1479
f 1479 1636 1480
f 1636 1637 1480
f 1480 1637 1481
f 1637 1638 1481
f 1481 1638 1482
f 1638 1639 1482
f 1482 1639 1483
f 1639 1640 1483
f 1483 1640 1484
f 1640 1641 1484
f 1484 1641 1485
f 1641 1642 1485
f 1485 1642 1486
f 1642 1643 1486
f 1486 1643 1487
f 1643 1644 1487
f 1487 1644 1488
f 1644 1645 1488
f 1488 1645 1489
f 1645 1646 1489
f 1489 1646 1490
f 1646 1647 1490
f 1490 1647 1491
f 1647 1648 1491
f 1491 1648 1492
f 1648 1649 1492
f 1492 1649 1493
f 1649 1650 1493
f 1493 1650 1494
f 1650 1651 1494
f 1494 1651 1495
f 1651 1652 1495
f 1495 1652 1496
f 1652 1653 1496
f 1496 1653 1497
f 1653 1654 1497
f 1497 1654 1498
f 1654 1655 1498
f 1498 1655 1499
f 1655 1656 1499
f 1499 1656 1500
f 1656 1657 1500
f 1500 1657 1501
f 1657 1658 1501
f 1501 1658 1502
f 1658 1659 1502
f 1502 1659 1503
f 1659 1660 1503
f 1503 1660 1504
f 1660 1661 1504
f 1504 1661 1505
f 1661 1662 1505
f 1505 1662 1506
f 1662 1663 1506
f 1506 1663 1507
f 1663 1664 1507
f 1507 1664 1508
f 1664 1665 1508
f 1508 1665 1509
f 1665 1666 1509
f 1509 1666 1510
f 1666 1667 1510
f 1510 1667 1511
f 1667 1668 1511
f 1511 1668 1512
f 1668 1669 1512
f 1512 1669 1513
f 1669 1670 1513
f 1513 1670 1514
f 1670 1671 1514
f 1514 1671 1515
f 1671 1672 1515
f 1515 1672 1516
f 1672 1673 1516
f 1516 1673 1517
f 1673 1674 1517
f 1517 1674 1518
f 1674 1675 1518
f 1518 1675 1519
f 1675 1676 1519
f 1519 1676 1520
f 1676 1677 1520
f 1520 1677 1521
f 1677 1678 1521
f 1521 1678 1522
f 1678 1679 1522
f 1522 1679 1523
f 1679 1680 1523
f 1523 1680 1524
f 1680 1681 1524
f 1524 1681 1525
f 1681 1682 1525
f 1525 1682 1526
f 1682 1683 1526
f 1526 1683 1527
f 1683 1684 1527
f 1527 1684 1528
f 1684 1685 1528
f 1528 1685 1529
f 1685 1686 1529
f 1529 1686 1530
f 1686 1687 1530
f 1530 1687 1531
f 1687 1688 1531
f 1531 1688 1532
f 1688 1689 1532
f 1532 1689 1533
f 1689 1690 1533
f 1533 1690 1534
f 1690 1691 1534
f 1534 1691 1535
f 1691 1692 1535
f 1535 1692 1536
f 1692 1693 1536
f 1536 1693 1537
f 1693 1694 1537
f 1537 1694 1538
f 1694 1695 1538
f 1538 1695 1539
f 1695 1696 1539
f 1539 1696 1540
f 1696 1697 1540
f 1540 1697 1541
f 1697 1698 1541
f 1541 1698 1542
f 1698 1699 1542
f 1542 1699 1543
f 1699 1700 1543
f 1543 1700 1544
f 1700 1701 1544
f 1544 1701 1545
f 1701 1702 1545
f 1545 1702 1546
f 1702 1703 1546
f 1546 1703 1547
f 1703 1704 1547
f 1547 1704 1548
f 1704 1705 1548
f 1548 1705 1549
f 1705 1706 1549
f 1549 1706 1550
f 1706 1707 1550
f 1550 1707 1551
f 1707 1708 1551
f 1551 1708 1552
f 1708 1709 1552
f 1552 1709 1553
f 1709 1710 1553
f 1553 1710 1554
f 1710 1711 1554
f 1554 1711 1555
f 1711 1712 1555
f 1555 1712 1556
f 1712 1713 1556
f 1556 1713 1557
f 1713 1714 1557
f 1557 1714 1558
f 1714 1715 1558
f 1558 1715 1559
f 1715 1716 1559
f 1559 1716 1560
f 1716 1717 1560
f 1560 1717 1561
f 1717 1718 1561
f 1561 1718 1562
f 1718 1719 1562
f 1562 1719 1563
f 1719 1720 1563
f 1563 1720 1564
f 1720 1721 1564
f 1564 1721 1565
f 1721 1722 1565
f 1565 1722 1566
f 1722 1723 1566
f 1566 1723 1567
f 1723 1724 1567
f 1567 1724 1568
f 1724 1725 1568
f 1568 1725 1569
f 1725 1726 1569
f 1569 1726 1570
f 1726 1727 1570
f 1570 1727 1571
f 1727 1728 1571
f 1571 1728 1572
f 1728 1729 1572
f 1572 1729 1573
f 1729 1730 1573
f 1573 1730 1574
f 1730 1731 1574
f 1574 1731 1575
f 1731 1732 1575
f 1575 1732 1576
f 1732 1733 1576
f 1576 1733 1577
f 1733 1734 1577
f 1577 1734 1578
f 1734 1735 1578
f 1578 1735 1579
f 1735 1736 1579
f 1579 1736 1580
f 1736 1737 1580
f 1580 1737 1581
f 1737 1738 1581
f 1581 1738 1582
f 1738 1739 1582
f 1582 1739 1583
f 1739 1740 1583
f 1583 1740 1584
f 1740 1741 1584
f 1584 1741 1585
f 1741 1742 1585
f 1585 1742 1586
f 1742 1743 1586
f 1586 1743 1587
f 1743 1744 1587
f 1587 1744 1588
f 1744 1745 1588
f 1588 1745 1589
f 1745 1746 1589
f 1589 1746 1590
f 1746 1747 1590
f 1590 1747 1591
f 1747 1748 1591
f 1591 1748 1592
f 1748 1749 1592
f 1592 1749 1593
f 1749 1750 1593
f 1593 1750 1594
f 1750 1751 1594
f 1594 1751 1595
f 1751 1752 1595
f 1595 1752 1596
f 1752 1753 1596
f 1596 1753 1597
f 1753 1754 1597
f 1597 1754 1598
f 1754 1755 1598
f 1598 1755 1599
f 1755 1756 1599
f 1599 1756 1600
f 1756 1757 1600
f 1600 1757 1602
f 1757 1758 1602
f 1603 1759 1760
f 1604 1603 1760
f 1758 1603 1602
f 1759 1603 1758
f 1604 1760 1605
f 1760 1761 1605
f 1606 1762 1763
f 1607 1606 1763
f 1763 1608 1607
f 1764 1608 1763
f 1608 1764 1765
f 1609 1608 1765
f 1765 1610 1609
f 1766 1610 1765
f 1610 1766 1611
f 1766 1767 1611
f 1611 1767 1612
f 1767 1768 1612
f 1612 1768 1613
f 1768 1769 1613
f 1613 1769 1614
f 1769 1770 1614
f 1614 1770 1615
f 1770 1771 1615
f 1615 1771 1616
f 1771 1772 1616
f 1616 1772 1617
f 1772 1773 1617
f 1617 1773 1618
f 1773 1774 1618
f 1618 1774 1619
f 1774 1775 1619
f 1619 1775 1620
f 1775 1776 1620
f 1620 1776 1621
f 1776 1777 1621
f 1621 1777 1622
f 1777 1778 1622
f 1622 1778 1623
f 1778 1779 1623
f 1623 1779 1624
f 1779 1780 1624
f 1624 1780 1625
f 1780 1781 1625
f 1625 1781 1626
f 1781 1782 1626
f 1626 1782 1627
f 1782 1783 1627
f 1627 1783 1628
f 1783 1784 1628
f 1628 1784 1629
f 1784 1785 1629
f 1629 1785 1630
f 1785 1786 1630
f 1630 1786 1631
f 1786 1787 1631
f 1631 1787 1632
f 1787 1788 1632
f 1632 1788 1633
f 1788 1789 1633
f 1633 1789 1634
f 1789 1790 1634
f 1634 1790 1635
f 1790 1791 1635
f 1635 1791 1636
f 1791 1792 1636
f 1636 1792 1637
f 1792 1793 1637
f 1637 1793 1638
f 1793 1794 1638
f 1638 1794 1639
f 1794 1795 1639
f 1639 1795 1640
f 1795 1796 1640
f 1640 1796 1641
f 1796 1797 1641
f 1641 1797 1642
f 1797 1798 1642
f 1642 1798 1643
f 1798 1799 1643
f 1643 1799 1644
f 1799 1800 1644
f 1644 1800 1645
f 1800 1801 1645
f 1645 1801 1646
f 1801 1802 1646
f 1646 1802 1647
f 1802 1803 1647
f 1647 1803 1648
f 1803 1804 1648
f 1648 1804 1649
f 1804 1805 1649
f 1649 1805 1650
f 1805 1806 1650
f 1650 1806 1651
f 1806 1807 1651
f 1651 1807 1652
f 1807 1808 1652
f 1652 1808 1653
f 1808 1809 1653
f 1653 1809 1654
f 1809 1810 1654
f 1654 1810 1655
f 1810 1811 1655
f 1655 1811 1656
f 1811 1812 1656
f 1656 1812 1657
f 1812 1813 1657
f 1657 1813 1658
f 1813 1814 1658
f 1658 1814 1659
f 1814 1815 1659
f 1659 1815 1660
f 1815 1816 1660
f 1660 1816 1661
f 1816 1817 1661
f 1661 1817 1662
f 1817 1818 1662
f 1662 1818 1663
f 1818 1819 1663
f 1663 1819 1664
f 1819 1820 1664
f 1664 1820 1665
f 1820 1821 1665
f 1665 1821 1666
f 1821 1822 1666
f 1666 1822 1667
f 1822 1823 1667
f 1667 1823 1668
f 1823 1824 1668
f 1668 1824 1669
f 1824 1825 1669
f 1669 1825 1670
f 1825 1826 1670
f 1670 1826 1671
f 1826 1827 1671
f 1671 1827 1672
f 1827 1828 1672
f 1672 1828 1673
f 1828 1829 1673
f 1673 1829 1674
f 1829 1830 1674
f 1674 1830 1675
f 1830 1831 1675
f 1675 1831 1676
f 1831 1832 1676
f 1676 1832 1677
f 1832 1833 1677
f 1677 1833 1678
f 1833 1834 1678
f 1678 1834 1679
f 1834 1835 1679
f 1679 1835 1680
f 1835 1836 1680
f 1680 1836 1681
f 1836 1837 1681
f 1681 1837 1682
f 1837 1838 1682
f 1682 1838 1683
f 1838 1839 1683
f 1683 1839 1684
f 1839 1840 1684
f 1684 1840 1685
f 1840 1841 1685
f 1685 1841 1686
f 1841 1842 1686
f 1686 1842 1687
f 1842 1843 1687
f 1687 1843 1688
f 1843 1844 1688
f 1688 1844 1689
f 1844 1845 1689
f 1689 1845 1690
f 1845 1846 1690
f 1690 1846 1691
f 1846 1847 1691
f 1691 1847 1692
f 1847 1848 1692
f 1692 1848 1693
f 1848 1849 1693
f 1693 1849 1694
f 1849 1850 1694
f 1694 1850 1695
f 1850 1851 1695
f 1695 1851 1696
f 1851 1852 1696
f 1696 1852 1697
f 1852 1853 1697
f 1697 1853 1698
f 1853 1854 1698
f 1698 1854 1699
f 1854 1855 1699
f 1699 1855 1700
f 1855 1856 1700
f 1700 1856 1701
f 1856 1857 1701
f 1701 1857 1702
f 1857 1858 1702
f 1702 1858 1703
f 1858 1859 1703
f 1703 1859 1704
f 1859 1860 1704
f 1704 1860 1705
f 1860 1861 1705
f 1705 1861 1706
f 1861 1862 1706
f 1706 1862 1707
f 1862 1863 1707
f 1707 1863 1708
f 1863 1864 1708
f 1708 1864 1709
f 1864 1865 1709
f 1709 1865 1710
f 1865 1866 1710
f 1710 1866 1711
f 1866 1867 1711
f 1711 1867 1712
f 1867 1868 1712
f 1712 1868 1713
f 1868 1869 1713
f 1713 1869 1714
f 1869 1870 1714
f 1714 1870 1715
f 1870 1871 1715
f 1715 1871 1716
f 1871 1872 1716
f 1716 1872 1717
f 1872 1873 1717
f 1717 1873 1718
f 1873 1874 1718
f 1718 1874 1719
f 1874 1875 1719
f 1719 1875 1720
f 1875 1876 1720
f 1720 1876 1721
f 1876 1877 1721
f 1721 1877 1722
f 1877 1878 1722
f 1722 1878 1723
f 1878 1879 1723
f 1723 1879 1724
f 1879 1880 1724
f 1724 1880 1725
f 1880 1881 1725
f 1725 1881 1726
f 1881 1882 1726
f 1726 1882 1727
f 1882 1883 1727
f 1727 1883 1728
f 1883 1884 1728
f 1728 1884 1729
f 1884 1885 1729
f 1729 1885 1730
f 1885 1886 1730
f 1730 1886 1731
f 1886 1887 1731
f 1731 1887 1732
f 1887 1888 1732
f 1732 1888 1733
f 1888 1889 1733
f 1733 1889 1734
f 1889 1890 1734
f 1734 1890 1735
f 1890 1891 1735
f 1735 1891 1736
f 1891 1892 1736
f 1736 1892 1737
f 1892 1893 1737
f 1737 1893 1738
f 1893 1894 1738
f 1738 1894 1739
f 1894 1895 1739
f 1739 1895 1740
f 1895 1896 1740
f 1740 1896 1741
f 1896 1897 1741
f 1741 1897 1742
f 1897 1898 1742
f 1742 1898 1743
f 1898 1899 1743
f 1743 1899 1744
f 1899 1900 1744
f 1744 1900 1745
f 1900 1901 1745
f 1745 1901 1746
f 1901 1902 1746
f 1746 1902 1747
f 1902 1903 1747
f 1747 1903 1748
f 1903 1904 1748
f 1748 1904 1749
f 1904 1905 1749
f 1749 1905 1750
f 1905 1906 1750
f 1750 1906 1751
f 1906 1907 1751
f 1751 1907 1752
f 1907 1908 1752
f 1752 1908 1753
f 1908 1909 1753
f 1753 1909 1754
f 1909 1910 1754
f 1754 1910 1755
f 1910 1911 1755
f 1755 1911 1756
f 1911 1912 1756
f 1756 1912 1757
f 1912 1913 1757
f 1757 1913 1758
f 1913 1914 1758
f 1759 1915 1916
f 1760 1759 1916
f 1914 1759 1758
f 1915 1759 1914
f 1760 1916 1761
f 1916 1917 1761
f 1762 1918 1919
f 1763 1762 1919
f 1919 1764 1763
f 1920 1764 1919
f 1764 1920 1921
f 1765 1764 1921
f 1921 1766 1765
f 1922 1766 1921
f 1766 1922 1767
f 1922 1923 1767
f 1767 1923 1768
f 1923 1924 1768
f 1768 1924 1769
f 1924 1925 1769
f 1769 1925 1770
f 1925 1926 1770
f 1770 1926 1771
f 1926 1927 1771
f 1771 1927 1772
f 1927 1928 1772
f 1772 1928 1773
f 1928 1929 1773
f 1773 1929 1774
f 1929 1930 1774
f 1774 1930 1775
f 1930 1931 1775
f 1775 1931 1776
f 1931 1932 1776
f 1776 1932 1777
f 1932 1933 1777
f 1777 1933 1778
f 1933 1934 1778
f 1778 1934 1779
f 1934 1935 1779
f 1779 1935 1780
f 1935 1936 1780
f 1780 1936 1781
f 1936 1937 1781
f 1781 1937 1782
f 1937 1938 1782
f 1782 1938 1783
f 1938 1939 1783
f 1783 1939 1784
f 1939 1940 1784
f 1784 1940 1785
f 1940 1941 1785
f 1785 1941 1786
f 1941 1942 1786
f 1786 1942 1787
f 1942 1943 1787
f 1787 1943 1788
f 1943 1944 1788
f 1788 1944 1789
f 1944 1945 1789
f 1789 1945 1790
f 1945 1946 1790
f 1790 1946 1791
f 1946 1947 1791
f 1791 1947 1792
f 1947 1948 1792
f 1792 1948 1793
f 1948 1949 1793
f 1793 1949 1794
f 1949 1950 1794
f 1794 1950 1795
f 1950 1951 1795
f 1795 1951 1796
f 1951 1952 1796
f 1796 1952 1797
f 1952 1953 1797
f 1797 1953 1798
f 1953 1954 1798
f 1798 1954 1799
f 1954 1955 1799
f 1799 1955 1800
f 1955 1956 1800
f 1800 1956 1801
f 1956 1957 1801
f 1801 1957 1802
f 1957 1958 1802
f 1802 1958 1803
f 1958 1959 1803
f 1803 1959 1804
f 1959 1960 1804
f 1804 1960 1805
f 1960 1961 1805
f 1805 1961 1806
f 1961 1962 1806
f 1806 1962 1807
f 1962 1963 1807
f 1807 1963 1808
f 1963 1964 1808
f 1808 1964 1809
f 1964 1965 1809
f 1809 1965 1810
f 1965 1966 1810
f 1810 1966 1811
f 1966 1967 1811
f 1811 1967 1812
f 1967 1968 1812
f 1812 1968 1813
f 1968 1969 1813
f 1813 1969 1814
f 1969 1970 1814
f 1814 1970 1815
f 1970 1971 1815
f 1815 1971 1816
f 1971 1972 1816
f 1816 1972 1817
f 1972 1973 1817
f 1817 1973 1818
f 1973 1974 1818
f 1818 1974 1819
f 1974 1975 1819
f 1819 1975 1820
f 1975 1976 1820
f 1820 1976 1821
f 1976 1977 1821
f 1821 1977 1822
f 1977 1978 1822
f 1822 1978 1823
f 1978 1979 1823
f 1823 1979 1824
f 1979 1980 1824
f 1824 1980 1825
f 1980 1981 1825
f 1825 1981 1826
f 1981 1982 1826
f 1826 1982 1827
f 1982 1983 1827
f 1827 1983 1828
f 1983 1984 1828
f 1828 1984 1829
f 1984 1985 1829
f 1829 1985 1830
f 1985 1986 1830
f 1830 1986 1831
f 1986 1987 1831
f 1831 1987 1832
f 1987 1988 1832
f 1832 1988 1833
f 1988 1989 1833
f 1833 1989 1834
f 1989 1990 1834
f 1834 1990 1835
f 1990 1991 1835
f 1835 1991 1836
f 1991 1992 1836
f 1836 1992 1837
f 1992 1993 1837
f 1837 1993 1838
f 1993 1994 1838
f 1838 1994 1839
f 1994 1995 1839
f 1839 1995 1840
f 1995 1996 1840
f 1840 1996 1841
f 1996 1997 1841
f 1841 1997 1842
f 1997 1998 1842
f 1842 1998 1843
f 1998 1999 1843
f 1843 1999 1844
f 1999 2000 1844
f 1844 2000 1845
f 2000 2001 1845
f 1845 2001 1846
f 2001 2002 1846
f 1846 2002 1847
f 2002 2003 1847
f 1847 2003 1848
f 2003 2004 1848
f 1848 2004 1849
f 2004 2005 1849
f 1849 2005 1850
f 2005 2006 1850
f 1850 2006 1851
f 2006 2007 1851
f 1851 2007 1852
f 2007 2008 1852
f 1852 2008 1853
f 2008 2009 1853
f 1853 2009 1854
f 2009 2010 1854
f 1854 2010 1855
f 2010 2011 1855
f 1855 2011 1856
f 2011 2012 1856
f 1856 2012 1857
f 2012 2013 1857
f 1857 2013 1858
f 2013 2014 1858
f 1858 2014 1859
f 2014 2015 1859
f 1859 2015 1860
f 2015 2016 1860
f 1860 2016 1861
f 2016 2017 1861
f 1861 2017 1862
f 2017 2018 1862
f 1862 2018 1863
f 2018 2019 1863
f 1863 2019 1864
f 2019 2020 1864
f 1864 2020 1865
f 2020 2021 1865
f 1865 2021 1866
f 2021 2022 1866
f 1866 2022 1867
f 2022 2023 1867
f 1867 2023 1868
f 2023 2024 1868
f 1868 2024 1869
f 2024 2025 1869
f 1869 2025 1870
f 2025 2026 1870
f 1870 2026 1871
f 2026 2027 1871
f 1871 2027 1872
f 2027 2028 1872
f 1872 2028 1873
f 2028 2029 1873
f 1873 2029 1874
f 2029 2030 1874
f 1874 2030 1875
f 2030 2031 1875
f 1875 2031 1876
f 2031 2032 1876
f 1876 2032 1877
f 2032 2033 1877
f 1877 2033 1878
f 2033 2034 1878
f 1878 2034 1879
f 2034 2035 1879
f 1879 2035 1880
f 2035 2036 1880
f 1880 2036 1881
f 2036 2037 1881
f 1881 2037 1882
f 2037 2038 1882
f 1882 2038 1883
f 2038 2039 1883
f 1883 2039 1884
f 2039 2040 1884
f 1884 2040 1885
f 2040 2041 1885
f 1885 2041 1886
f 2041 2042 1886
f 1886 2042 1887
f 2042 2043 1887
f 1887 2043 1888
f 2043 2044 1888
f 1888 2044 1889
f 2044 2045 1889
f 1889 2045 1890
f 2045 2046 1890
f 1890 2046 1891
f 2046 2047 1891
f 1891 2047 1892
f 2047 2048 1892
f 1892 2048 1893
f 2048 2049 1893
f 1893 2049 1894
f 2049 2050 1894
f 1894 2050 1895
f 2050 2051 1895
f 1895 2051 1896
f 2051 2052 1896
f 1896 2052 1897
f 2052 2053 1897
f 1897 2053 1898
f 2053 2054 1898
f 1898 2054 1899
f 2054 2055 1899
f 1899 2055 1900
f 2055 2056 1900
f 1900 2056 1901
f 2056 2057 1901
f 1901 2057 1902
f 2057 2058 1902
f 1902 2058 1903
f 2058 2059 1903
f 1903 2059 1904
f 2059 2060 1904
f 1904 2060 1905
f 2060 2061 1905
f 1905 2061 1906
f 2061 2062 1906
f 1906 2062 1907
f 2062 2063 1907
f 1907 2063 1908
f 2063 2064 1908
f 1908 2064 1909
f 2064 2065 1909
f 1909 2065 1910
f 2065 2066 1910
f 1910 2066 1911
f 2066 2067 1911
f 1911 2067 1912
f 2067 2068 1912
f 1912 2068 1913
f 2068 2069 1913
f 1913 2069 1914
f 2069 2070 1914
f 1915 2071 2072
f 1916 1915 2072
f 2070 1915 1914
f 2071 1915 2070
f 1916 2072 1917
f 2072 2073 1917
f 1918 2074 2075
f 1919 1918 2075
f 2075 1920 1919
f 2076 1920 2075
f 1920 2076 2077
f 1921 1920 2077
f 2077 1922 1921
f 2078 1922 2077
f 1922 2078 1923
f 2078 2079 1923
f 1923 2079 1924
f 2079 2080 1924
f 1924 2080 1925
f 2080 2081 1925
f 1925 2081 1926
f 2081 2082 1926
f 1926 2082 1927
f 2082 2083 1927
f 1927 2083 1928
f 2083 2084 1928
f 1928 2084 1929
f 2084 2085 1929
f 1929 2085 1930
f 2085 2086 1930
f 1930 2086 1931
f 2086 2087 1931
f 1931 2087 1932
f 2087 2088 1932
f 1932 2088 1933
f 2088 2089 1933
f 1933 2089 1934
f 2089 2090 1934
f 1934 2090 1935
f 2090 2091 1935
f 1935 2091 1936
f 2091 2092 1936
f 1936 2092 1937
f 2092 2093 1937
f 1937 2093 1938
f 2093 2094 1938
f 1938 2094 1939
f 2094 2095 1939
f 1939 2095 1940
f 2095 2096 1940
f 1940 2096 1941
f 2096 2097 1941
f 1941 2097 1942
f 2097 2098 1942
f 1942 2098 1943
f 2098 2099 1943
f 1943 2099 1944
f 2099 2100 1944
f 1944 2100 1945
f 2100 2101 1945
f 1945 2101 1946
f 2101 2102 1946
f 1946 2102 1947
f 2102 2103 1947
f 1947 2103 1948
f 2103 2104 1948
f 1948 2104 1949
f 2104 2105 1949
f 1949 2105 1950
f 2105 2106 1950
f 1950 2106 1951
f 2106 2107 1951
f 1951 2107 1952
f 2107 2108 1952
f 1952 2108 1953
f 2108 2109 1953
f 1953 2109 1954
f 2109 2110 1954
f 1954 2110 1955
f 2110 2111 1955
f 1955 2111 1956
f 2111 2112 1956
f 1956 2112 1957
f 2112 2113 1957
f 1957 2113 1958
f 2113 2114 1958
f 1958 2114 1959
f 2114 2115 1959
f 1959 2115 1960
f 2115 2116 1960
f 1960 2116 1961
f 2116 2117 1961
f 1961 2117 1962
f 2117 2118 1962
f 1962 2118 1963
f 2118 2119 1963
f 1963 2119 1964
f 2119 2120 1964
f 1964 2120 1965
f 2120 2121 1965
f 1965 2121 1966
f 2121 2122 1966
f 1966 2122 1967
f 2122 2123 1967
f 1967 2123 1968
f 2123 2124 1968
f 1968 2124 1969
f 2124 2125 1969
f 1969 2125 1970
f 2125 2126 1970
f 1970 2126 1971
f 2126 2127 1971
f 1971 2127 1972
f 2127 2128 1972
f 1972 2128 1973
f 2128 2129 1973
f 1973 2129 1974
f 2129 2130 1974
f 1974 2130 1975
f 2130 2131 1975
f 1975 2131 1976
f 2131 2132 1976
f 1976 2132 1977
f 2132 2133 1977
f 1977 2133 1978
f 2133 2134 1978
f 1978 2134 1979
f 2134 2135 1979
f 1979 2135 1980
f 2135 2136 1980
f 1980 2136 1981
f 2136 2137 1981
f 1981 2137 1982
f 2137 2138 1982
f 1982 2138 1983
f 2138 2139 1983
f 1983 2139 1984
f 2139 2140 1984
f 1984 2140 1985
f 2140 2141 1985
f 1985 2141 1986
f 2141 2142 1986
f 1986 2142 1987
f 2142 2143 1987
f 1987 2143 1988
f 2143 2144 1988
f 1988 2144 1989
f 2144 2145 1989
f 1989 2145 1990
f 2145 2146 1990
f 1990 2146 1991
f 2146 2147 1991
f 1991 2147 1992
f 2147 2148 1992
f 1992 2148 1993
f 2148 2149 1993
f 1993 2149 1994
f 2149 2150 1994
f 1994 2150 1995
f 2150 2151 1995
f 1995 2151 1996
f 2151 2152 1996
f 1996 2152 1997
f 2152 2153 1997
f 1997 2153 1998
f 2153 2154 1998
f 1998 2154 1999
f 2154 2155 1999
f 1999 2155 2000
f 2155 2156 2000
f 2000 2156 2001
f 2156 2157 2001
f 2001 2157 2002
f 2157 2158 2002
f 2002 2158 2003
f 2158 2159 2003
f 2003 2159 2004
f 2159 2160 2004
f 2004 2160 2005
f 2160 2161 2005
f 2005 2161 2006
f 2161 2162 2006
f 2006 2162 2007
f 2162 2163 2007
f 2007 2163 2008
f 2163 2164 2008
f 2008 2164 2009
f 2164 2165 2009
f 2009 2165 2010
f 2165 2166 2010
f 2010 2166 2011
f 2166 2167 2011
f 2011 2167 2012
f 2167 2168 2012
f 2012 2168 2013
f 2168 2169 2013
f 2013 2169 2014
f 2169 2170 2014
f 2014 2170 2015
f 2170 2171 2015
f 2015 2171 2016
f 2171 2172 2016
f 2016 2172 2017
f 2172 2173 2017
f 2017 2173 2018
f 2173 2174 2018
f 2018 2174 2019
f 2174 2175 2019
f 2019 2175 2020
f 2175 2176 2020
f 2020 2176 2021
f 2176 2177 2021
f 2021 2177 2022
f 2177 2178 2022
f 2022 2178 2023
f 2178 2179 2023
f 2023 2179 2024
f 2179 2180 2024
f 2024 2180 2025
f 2180 2181 2025
f 2025 2181 2026
f 2181 2182 2026
f 2026 2182 2027
f 2182 2183 2027
f 2027 2183 2028
f 2183 2184 2028
f 2028 2184 2029
f 2184 2185 2029
f 2029 2185 2030
f 2185 2186 2030
f 2030 2186 2031
f 2186 2187 2031
f 2031 2187 2032
f 2187 2188 2032
f 2032 2188 2033
f 2188 2189 2033
f 2033 2189 2034
f 2189 2190 2034
f 2034 2190 2035
f 2190 2191 2035
f 2035 2191 2036
f 2191 2192 2036
f 2036 2192 2037
f 2192 2193 2037
f 2037 2193 2038
f 2193 2194 2038
f 2038 2194 2039
f 2194 2195 2039
f 2039 2195 2040
f 2195 2196 2040
f 2040 2196 2041
f 2196 2197 2041
f 2041 2197 2042
f 2197 2198 2042
f 2042 2198 2043
f 2198 2199 2043
f 2043 2199 2044
f 2199 2200 2044
f 2044 2200 2045
f 2200 2201 2045
f 2045 2201 2046
f 2201 2202 2046
f 2046 2202 2047
f 2202 2203 2047
f 2047 2203 2048
f 2203 2204 2048
f 2048 2204 2049
f 2204 2205 2049
f 2049 2205 2050
f 2205 2206 2050
f 2050 2206 2051
f 2206 2207 2051
f 2051 2207 2052
f 2207 2208 2052
f 2052 2208 2053
f 2208 2209 2053
f 2053 2209 2054
f 2209 2210 2054
f 2054 2210 2055
f 2210 2211 2055
f 2055 2211 2056
f 2211 2212 2056
f 2056 2212 2057
f 2212 2213 2057
f 2057 2213 2058
f 2213 2214 2058
f 2058 2214 2059
f 2214 2215 2059
f 2059 2215 2060
f 2215 2216 2060
f 2060 2216 2061
f 2216 2217 2061
f 2061 2217 2062
f 2217 2218 2062
f 2062 2218 2063
f 2218 2219 2063
f 2063 2219 2064
f 2219 2220 2064
f 2064 2220 2065
f 2220 2221 2065
f 2065 2221 2066
f 2221 2222 2066
f 2066 2222 2067
f 2222 2223 2067
f 2067 2223 2068
f 2223 2224 2068
f 2068 2224 2069
f 2224 2225 2069
f 2069 2225 2070
f 2225 2226 2070
f 2071 2227 2072
f 2071 2228 2227
f 2071 2070 2228
f 2070 2226 2228
f 2227 2229 2230
f 2227 2230 2072
f 2072 2230 2073
f 2228 2229 2227
f 2074 2231 2232
f 2075 2074 2232
f 2232 2076 2075
f 2233 2076 2232
f 2076 2233 2234
f 2077 2076 2234
f 2234 2078 2077
f 2235 2078 2234
f 2078 2235 2079
f 2235 2236 2079
f 2079 2236 2080
f 2236 2237 2080
f 2080 2237 2081
f 2237 2238 2081
f 2081 2238 2082
f 2238 2239 2082
f 2082 2239 2083
f 2239 2240 2083
f 2083 2240 2084
f 2240 2241 2084
f 2084 2241 2085
f 2241 2242 2085
f 2085 2242 2086
f 2242 2243 2086
f 2086 2243 2087
f 2243 2244 2087
f 2087 2244 2088
f 2244 2245 2088
f 2088 2245 2089
f 2245 2246 2089
f 2089 2246 2090
f 2246 2247 2090
f 2090 2247 2091
f 2247 2248 2091
f 2091 2248 2092
f 2248 2249 2092
f 2092 2249 2093
f 2249 2250 2093
f 2093 2250 2094
f 2250 2251 2094
f 2094 2251 2095
f 2251 2252 2095
f 2095 2252 2096
f 2252 2253 2096
f 2096 2253 2097
f 2253 2254 2097
f 2097 2254 2098
f 2254 2255 2098
f 2098 2255 2099
f 2255 2256 2099
f 2099 2256 2100
f 2256 2257 2100
f 2100 2257 2101
f 2257 2258 2101
f 2101 2258 2102
f 2258 2259 2102
f 2102 2259 2103
f 2259 2260 2103
f 2103 2260 2104
f 2260 2261 2104
f 2104 2261 2105
f 2261 2262 2105
f 2105 2262 2106
f 2262 2263 2106
f 2106 2263 2107
f 2263 2264 2107
f 2107 2264 2108
f 2264 2265 2108
f 2108 2265 2109
f 2265 2266 2109
f 2109 2266 2110
f 2266 2267 2110
f 2110 2267 2111
f 2267 2268 2111
f 2111 2268 2112
f 2268 2269 2112
f 2112 2269 2113
f 2269 2270 2113
f 2113 2270 2114
f 2270 2271 2114
f 2114 2271 2115
f 2271 2272 2115
f 2115 2272 2116
f 2272 2273 2116
f 2116 2273 2117
f 2273 2274 2117
f 2117 2274 2118
f 2274 2275 2118
f 2118 2275 2119
f 2275 2276 2119
f 2119 2276 2120
f 2276 2277 2120
f 2120 2277 2121
f 2277 2278 2121
f 2121 2278 2122
f 2278 2279 2122
f 2122 2279 2123
f 2279 2280 2123
f 2123 2280 2124
f 2280 2281 2124
f 2124 2281 2125
f 2281 2282 2125
f 2125 2282 2126
f 2282 2283 2126
f 2126 2283 2127
f 2283 2284 2127
f 2127 2284 2128
f 2284 2285 2128
f 2128 2285 2129
f 2285 2286 2129
f 2129 2286 2130
f 2286 2287 2130
f 2130 2287 2131
f 2287 2288 2131
f 2131 2288 2132
f 2288 2289 2132
f 2132 2289 2133
f 2289 2290 2133
f 2133 2290 2134
f 2290 2291 2134
f 2134 2291 2135
f 2291 2292 2135
f 2135 2292 2136
f 2292 2293 2136
f 2136 2293 2137
f 2293 2294 2137
f 2137 2294 2138
f 2294 2295 2138
f 2138 2295 2139
f 2295 2296 2139
f 2139 2296 2140
f 2296 2297 2140
f 2140 2297 2141
f 2297 2298 2141
f 2141 2298 2142
f 2298 2299 2142
f 2142 2299 2143
f 2299 2300 2143
f 2143 2300 2144
f 2300 2301 2144
f 2144 2301 2145
f 2301 2302 2145
f 2145 2302 2146
f 2302 2303 2146
f 2146 2303 2147
f 2303 2304 2147
f 2147 2304 2148
f 2304 2305 2148
f 2148 2305 2149
f 2305 2306 2149
f 2149 2306 2150
f 2306 2307 2150
f 2150 2307 2151
f 2307 2308 2151
f 2151 2308 2152
f 2308 2309 2152
f 2152 2309 2153
f 2309 2310 2153
f 2153 2310 2154
f 2310 2311 2154
f 2154 2311 2155
f 2311 2312 2155
f 2155 2312 2156
f 2312 2313 2156
f 2156 2313 2157
f 2313 2314 2157
f 2157 2314 2158
f 2314 2315 2158
f 2158 2315 2159
f 2315 2316 2159
f 2159 2316 2160
f 2316 2317 2160
f 2160 2317 2161
f 2317 2318 2161
f 2161 2318 2162
f 2318 2319 2162
f 2162 2319 2163
f 2319 2320 2163
f 2163 2320 2164
f 2320 2321 2164
f 2164 2321 2165
f 2321 2322 2165
f 2165 2322 2166
f 2322 2323 2166
f 2166 2323 2167
f 2323 2324 2167
f 2167 2324 2168
f 2324 2325 2168
f 2168 2325 2169
f 2325 2326 2169
f 2169 2326 2170
f 2326 2327 2170
f 2170 2327 2171
f 2327 2328 2171
f 2171 2328 2172
f 2328 2329 2172
f 2172 2329 2173
f 2329 2330 2173
f 2173 2330 2174
f 2330 2331 2174
f 2174 2331 2175
f 2331 2332 2175
f 2175 2332 2176
f 2332 2333 2176
f 2176 2333 2177
f 2333 2334 2177
f 2177 2334 2178
f 2334 2335 2178
f 2178 2335 2179
f 2335 2336 2179
f 2179 2336 2180
f 2336 2337 2180
f 2180 2337 2181
f 2337 2338 2181
f 2181 2338 2182
f 2338 2339 2182
f 2182 2339 2183
f 2339 2340 2183
f 2183 2340 2184
f 2340 2341 2184
f 2184 2341 2185
f 2341 2342 2185
f 2185 2342 2186
f 2342 2343 2186
f 2186 2343 2187
f 2343 2344 2187
f 2187 2344 2188
f 2344 2345 2188
f 2188 2345 2189
f 2345 2346 2189
f 2189 2346 2190
f 2346 2347 2190
f 2190 2347 2191
f 2347 2348 2191
f 2191 2348 2192
f 2348 2349 2192
f 2192 2349 2193
f 2349 2350 2193
f 2193 2350 2194
f 2350 2351 2194
f 2194 2351 2195
f 2351 2352 2195
f 2195 2352 2196
f 2352 2353 2196
f 2196 2353 2197
f 2353 2354 2197
f 2197 2354 2198
f 2354 2355 2198
f 2198 2355 2199
f 2355 2356 2199
f 2199 2356 2200
f 2356 2357 2200
f 2200 2357 2201
f 2357 2358 2201
f 2201 2358 2202
f 2358 2359 2202
f 2202 2359 2203
f 2359 2360 2203
f 2203 2360 2204
f 2360 2361 2204
f 2204 2361 2205
f 2361 2362 2205
f 2205 2362 2206
f 2362 2363 2206
f 2206 2363 2207
f 2363 2364 2207
f 2207 2364 2208
f 2364 2365 2208
f 2208 2365 2209
f 2365 2366 2209
f 2209 2366 2210
f 2366 2367 2210
f 2210 2367 2211
f 2367 2368 2211
f 2211 2368 2212
f 2368 2369 2212
f 2212 2369 2213
f 2369 2370 2213
f 2213 2370 2214
f 2370 2371 2214
f 2214 2371 2215
f 2371 2372 2215
f 2215 2372 2216
f 2372 2373 2216
f 2216 2373 2217
f 2373 2374 2217
f 2217 2374 2218
f 2374 2375 2218
f 2218 2375 2219
f 2375 2376 2219
f 2219 2376 2220
f 2376 2377 2220
f 2220 2377 2221
f 2377 2378 2221
f 2221 2378 2222
f 2378 2379 2222
f 2222 2379 2223
f 2379 2380 2223
f 2223 2380 2224
f 2380 2381 2224
f 2224 2381 2225
f 2381 2382 2225
f 2225 2382 2226
f 2382 2383 2226
f 2226 2383 2228
f 2383 2384 2228
f 2229 2385 2386
f 2230 2229 2386
f 2384 2229 2228
f 2385 2229 2384
f 2231 2387 2388
f 2232 2231 2388
f 2388 2233 2232
f 2389 2233 2388
f 2233 2389 2390
f 2234 2233 2390
f 2390 2235 2234
f 2391 2235 2390
f 2235 2391 2236
f 2391 2392 2236
f 2236 2392 2237
f 2392 2393 2237
f 2237 2393 2238
f 2393 2394 2238
f 2238 2394 2239
f 2394 2395 2239
f 2239 2395 2240
f 2395 2396 2240
f 2240 2396 2241
f 2396 2397 2241
f 2241 2397 2242
f 2397 2398 2242
f 2242 2398 2243
f 2398 2399 2243
f 2243 2399 2244
f 2399 2400 2244
f 2244 2400 2245
f 2400 2401 2245
f 2245 2401 2246
f 2401 2402 2246
f 2246 2402 2247
f 2402 2403 2247
f 2247 2403 2248
f 2403 2404 2248
f 2248 2404 2249
f 2404 2405 2249
f 2249 2405 2250
f 2405 2406 2250
f 2250 2406 2251
f 2406 2407 2251
f 2251 2407 2252
f 2407 2408 2252
f 2252 2408 2253
f 2408 2409 2253
f 2253 2409 2254
f 2409 2410 2254
f 2254 2410 2255
f 2410 2411 2255
f 2255 2411 2256
f 2411 2412 2256
f 2256 2412 2257
f 2412 2413 2257
f 2257 2413 2258
f 2413 2414 2258
f 2258 2414 2259
f 2414 2415 2259
f 2259 2415 2260
f 2415 2416 2260
f 2260 2416 2261
f 2416 2417 2261
f 2261 2417 2262
f 2417 2418 2262
f 2262 2418 2263
f 2418 2419 2263
f 2263 2419 2264
f 2419 2420 2264
f 2264 2420 2265
f 2420 2421 2265
f 2265 2421 2266
f 2421 2422 2266
f 2266 2422 2267
f 2422 2423 2267
f 2267 2423 2268
f 2423 2424 2268
f 2268 2424 2269
f 2424 2425 2269
f 2269 2425 2270
f 2425 2426 2270
f 2270 2426 2271
f 2426 2427 2271
f 2271 2427 2272
f 2427 2428 2272
f 2272 2428 2273
f 2428 2429 2273
f 2273 2429 2274
f 2429 2430 2274
f 2274 2430 2275
f 2430 2431 2275
f 2275 2431 2276
f 2431 2432 2276
f 2276 2432 2277
f 2432 2433 2277
f 2277 2433 2278
f 2433 2434 2278
f 2278 2434 2279
f 2434 2435 2279
f 2279 2435 2280
f 2435 2436 2280
f 2280 2436 2281
f 2436 2437 2281
f 2281 2437 2282
f 2437 2438 2282
f 2282 2438 2283
f 2438 2439 2283
f 2283 2439 2284
f 2439 2440 2284
f 2284 2440 2285
f 2440 2441 2285
f 2285 2441 2286
f 2441 2442 2286
f 2286 2442 2287
f 2442 2443 2287
f 2287 2443 2288
f 2443 2444 2288
f 2288 2444 2289
f 2444 2445 2289
f 2289 2445 2290
f 2445 2446 2290
f 2290 2446 2291
f 2446 2447 2291
f 2291 2447 2292
f 2447 2448 2292
f 2292 2448 2293
f 2448 2449 2293
f 2293 2449 2294
f 2449 2450 2294
f 2294 2450 2295
f 2450 2451 2295
f 2295 2451 2296
f 2451 2452 2296
f 2296 2452 2297
f 2452 2453 2297
f 2297 2453 2298
f 2453 2454 2298
f 2298 2454 2299
f 2454 2455 2299
f 2299 2455 2300
f 2455 2456 2300
f 2300 2456 2301
f 2456 2457 2301
f 2301 2457 2302
f 2457 2458 2302
f 2302 2458 2303
f 2458 2459 2303
f 2303 2459 2304
f 2459 2460 2304
f 2304 2460 2305
f 2460 2461 2305
f 2305 2461 2306
f 2461 2462 2306
f 2306 2462 2307
f 2462 2463 2307
f 2307 2463 2308
f 2463 2464 2308
f 2308 2464 2309
f 2464 2465 2309
f 2309 2465 2310
f 2465 2466 2310
f 2310 2466 2311
f 2466 2467 2311
f 2311 2467 2312
f 2467 2468 2312
f 2312 2468 2313
f 2468 2469 2313
f 2313 2469 2314
f 2469 2470 2314
f 2314 2470 2315
f 2470 2471 2315
f 2315 2471 2316
f 2471 2472 2316
f 2316 2472 2317
f 2472 2473 2317
f 2317 2473 2318
f 2473 2474 2318
f 2318 2474 2319
f 2474 2475 2319
f 2319 2475 2320
f 2475 2476 2320
f 2320 2476 2321
f 2476 2477 2321
f 2321 2477 2322
f 2477 2478 2322
f 2322 2478 2323
f 2478 2479 2323
f 2323 2479 2324
f 2479 2480 2324
f 2324 2480 2325
f 2480 2481 2325
f 2325 2481 2326
f 2481 2482 2326
f 2326 2482 2327
f 2482 2483 2327
f 2327 2483 2328
f 2483 2484 2328
f 2328 2484 2329
f 2484 2485 2329
f 2329 2485 2330
f 2485 2486 2330
f 2330 2486 2331
f 2486 2487 2331
f 2331 2487 2332
f 2487 2488 2332
f 2332 2488 2333
f 2488 2489 2333
f 2333 2489 2334
f 2489 2490 2334
f 2334 2490 2335
f 2490 2491 2335
f 2335 2491 2336
f 2491 2492 2336
f 2336 2492 2337
f 2492 2493 2337
f 2337 2493 2338
f 2493 2494 2338
f 2338 2494 2339
f 2494 2495 2339
f 2339 2495 2340
f 2495 2496 2340
f 2340 2496 2341
f 2496 2497 2341
f 2341 2497 2342
f 2497 2498 2342
f 2342 2498 2343
f 2498 2499 2343
f 2343 2499 2344
f 2499 2500 2344
f 2344 2500 2345
f 2500 2501 2345
f 2345 2501 2346
f 2501 2502 2346
f 2346 2502 2347
f 2502 2503 2347
f 2347 2503 2348
f 2503 2504 2348
f 2348 2504 2349
f 2504 2505 2349
f 2349 2505 2350
f 2505 2506 2350
f 2350 2506 2351
f 2506 2507 2351
f 2351 2507 2352
f 2507 2508 2352
f 2352 2508 2353
f 2508 2509 2353
f 2353 2509 2354
f 2509 2510 2354
f 2354 2510 2355
f 2510 2511 2355
f 2355 2511 2356
f 2511 2512 2356
f 2356 2512 2357
f 2512 2513 2357
f 2357 2513 2358
f 2513 2514 2358
f 2358 2514 2359
f 2514 2515 2359
f 2359 2515 2360
f 2515 2516 2360
f 2360 2516 2361
f 2516 2517 2361
f 2361 2517 2362
f 2517 2518 2362
f 2362 2518 2363
f 2518 2519 2363
f 2363 2519 2364
f 2519 2520 2364
f 2364 2520 2365
f 2520 2521 2365
f 2365 2521 2366
f 2521 2522 2366
f 2366 2522 2367
f 2522 2523 2367
f 2367 2523 2368
f 2523 2524 2368
f 2368 2524 2369
f 2524 2525 2369
f 2369 2525 2370
f 2525 2526 2370
f 2370 2526 2371
f 2526 2527 2371
f 2371 2527 2372
f 2527 2528 2372
f 2372 2528 2373
f 2528 2529 2373
f 2373 2529 2374
f 2529 2530 2374
f 2374 2530 2375
f 2530 2531 2375
f 2375 2531 2376
f 2531 2532 2376
f 2376 2532 2377
f 2532 2533 2377
f 2377 2533 2378
f 2533 2534 2378
f 2378 2534 2379
f 2534 2535 2379
f 2379 2535 2380
f 2535 2536 2380
f 2380 2536 2381
f 2536 2537 2381
f 2381 2537 2382
f 2537 2538 2382
f 2382 2538 2383
f 2538 2539 2383
f 2383 2539 2384
f 2539 2540 2384
f 2385 2541 2542
f 2386 2385 2542
f 2540 2385 2384
f 2541 2385 2540
f 2387 2543 2544
f 2388 2387 2544
f 2544 2389 2388
f 2545 2389 2544
f 2389 2545 2546
f 2390 2389 2546
f 2546 2391 2390
f 2547 2391 2546
f 2391 2547 2392
f 2547 2548 2392
f 2392 2548 2393
f 2548 2549 2393
f 2393 2549 2394
f 2549 2550 2394
f 2394 2550 2395
f 2550 2551 2395
f 2395 2551 2396
f 2551 2552 2396
f 2396 2552 2397
f 2552 2553 2397
f 2397 2553 2398
f 2553 2554 2398
f 2398 2554 2399
f 2554 2555 2399
f 2399 2555 2400
f 2555 2556 2400
f 2400 2556 2401
f 2556 2557 2401
f 2401 2557 2402
f 2557 2558 2402
f 2402 2558 2403
f 2558 2559 2403
f 2403 2559 2404
f 2559 2560 2404
f 2404 2560 2405
f 2560 2561 2405
f 2405 2561 2406
f 2561 2562 2406
f 2406 2562 2407
f 2562 2563 2407
f 2407 2563 2408
f 2563 2564 2408
f 2408 2564 2409
f 2564 2565 2409
f 2409 2565 2410
f 2565 2566 2410
f 2410 2566 2411
f 2566 2567 2411
f 2411 2567 2412
f 2567 2568 2412
f 2412 2568 2413
f 2568 2569 2413
f 2413 2569 2414
f 2569 2570 2414
f 2414 2570 2415
f 2570 2571 2415
f 2415 2571 2416
f 2571 2572 2416
f 2416 2572 2417
f 2572 2573 2417
f 2417 2573 2418
f 2573 2574 2418
f 2418 2574 2419
f 2574 2575 2419
f 2419 2575 2420
f 2575 2576 2420
f 2420 2576 2421
f 2576 2577 2421
f 2421 2577 2422
f 2577 2578 2422
f 2422 2578 2423
f 2578 2579 2423
f 2423 2579 2424
f 2579 2580 2424
f 2424 2580 2425
f 2580 2581 2425
f 2425 2581 2426
f 2581 2582 2426
f 2426 2582 2427
f 2582 2583 2427
f 2427 2583 2428
f 2583 2584 2428
f 2428 2584 2429
f 2584 2585 2429
f 2429 2585 2430
f 2585 2586 2430
f 2430 2586 2431
f 2586 2587 2431
f 2431 2587 2432
f 2587 2588 2432
f 2432 2588 2433
f 2588 2589 2433
f 2433 2589 2434
f 2589 2590 2434
f 2434 2590 2435
f 2590 2591 2435
f 2435 2591 2436
f 2591 2592 2436
f 2436 2592 2437
f 2592 2593 2437
f 2437 2593 2438
f 2593 2594 2438
f 2438 2594 2439
f 2594 2595 2439
f 2439 2595 2440
f 2595 2596 2440
f 2440 2596 2441
f 2596 2597 2441
f 2441 2597 2442
f 2597 2598 2442
f 2442 2598 2443
f 2598 2599 2443
f 2443 2599 2444
f 2599 2600 2444
f 2444 2600 2445
f 2600 2601 2445
f 2445 2601 2446
f 2601 2602 2446
f 2446 2602 2447
f 2602 2603 2447
f 2447 2603 2448
f 2603 2604 2448
f 2448 2604 2449
f 2604 2605 2449
f 2449 2605 2450
f 2605 2606 2450
f 2450 2606 2451
f 2606 2607 2451
f 2451 2607 2452
f 2607 2608 2452
f 2452 2608 2453
f 2608 2609 2453
f 2453 2609 2454
f 2609 2610 2454
f 2454 2610 2455
f 2610 2611 2455
f 2455 2611 2456
f 2611 2612 2456
f 2456 2612 2457
f 2612 2613 2457
f 2457 2613 2458
f 2613 2614 2458
f 2458 2614 2459
f 2614 2615 2459
f 2459 2615 2460
f 2615 2616 2460
f 2460 2616 2461
f 2616 2617 2461
f 2461 2617 2462
f 2617 2618 2462
f 2462 2618 2463
f 2618 2619 2463
f 2463 2619 2464
f 2619 2620 2464
f 2464 2620 2465
f 2620 2621 2465
f 2465 2621 2466
f 2621 2622 2466
f 2466 2622 2467
f 2622 2623 2467
f 2467 2623 2468
f 2623 2624 2468
f 2468 2624 2469
f 2624 2625 2469
f 2469 2625 2470
f 2625 2626 2470
f 2470 2626 2471
f 2626 2627 2471
f 2471 2627 2472
f 2627 2628 2472
f 2472 2628 2473
f 2628 2629 2473
f 2473 2629 2474
f 2629 2630 2474
f 2474 2630 2475
f 2630 2631 2475
f 2475 2631 2476
f 2631 2632 2476
f 2476 2632 2477
f 2632 2633 2477
f 2477 2633 2478
f 2633 2634 2478
f 2478 2634 2479
f 2634 2635 2479
f 2479 2635 2480
f 2635 2636 2480
f 2480 2636 2481
f 2636 2637 2481
f 2481 2637 2482
f 2637 2638 2482
f 2482 2638 2483
f 2638 2639 2483
f 2483 2639 2484
f 2639 2640 2484
f 2484 2640 2485
f 2640 2641 2485
f 2485 2641 2486
f 2641 2642 2486
f 2486 2642 2487
f 2642 2643 2487
f 2487 2643 2488
f 2643 2644 2488
f 2488 2644 2489
f 2644 2645 2489
f 2489 2645 2490
f 2645 2646 2490
f 2490 2646 2491
f 2646 2647 2491
f 2491 2647 2492
f 2647 2648 2492
f 2492 2648 2493
f 2648 2649 2493
f 2493 2649 2494
f 2649 2650 2494
f 2494 2650 2495
f 2650 2651 2495
f 2495 2651 2496
f 2651 2652 2496
f 2496 2652 2497
f 2652 2653 2497
f 2497 2653 2498
f 2653 2654 2498
f 2498 2654 2499
f 2654 2655 2499
f 2499 2655 2500
f 2655 2656 2500
f 2500 2656 2501
f 2656 2657 2501
f 2501 2657 2502
f 2657 2658 2502
f 2502 2658 2503
f 2658 2659 2503
f 2503 2659 2504
f 2659 2660 2504
f 2504 2660 2505
f 2660 2661 2505
f 2505 2661 2506
f 2661 2662 2506
f 2506 2662 2507
f 2662 2663 2507
f 2507 2663 2508
f 2663 2664 2508
f 2508 2664 2509
f 2664 2665 2509
f 2509 2665 2510
f 2665 2666 2510
f 2510 2666 2511
f 2666 2667 2511
f 2511 2667 2512
f 2667 2668 2512
f 2512 2668 2513
f 2668 2669 2513
f 2513 2669 2514
f 2669 2670 2514
f 2514 2670 2515
f 2670 2671 2515
f 2515 2671 2516
f 2671 2672 2516
f 2516 2672 2517
f 2672 2673 2517
f 2517 2673 2518
f 2673 2674 2518
f 2518 2674 2519
f 2674 2675 2519
f 2519 2675 2520
f 2675 2676 2520
f 2520 2676 2521
f 2676 2677 2521
f 2521 2677 2522
f 2677 2678 2522
f 2522 2678 2523
f 2678 2679 2523
f 2523 2679 2524
f 2679 2680 2524
f 2524 2680 2525
f 2680 2681 2525
f 2525 2681 2526
f 2681 2682 2526
f 2526 2682 2527
f 2682 2683 2527
f 2527 2683 2528
f 2683 2684 2528
f 2528 2684 2529
f 2684 2685 2529
f 2529 2685 2530
f 2685 2686 2530
f 2530 2686 2531
f 2686 2687 2531
f 2531 2687 2532
f 2687 2688 2532
f 2532 2688 2533
f 2688 2689 2533
f 2533 2689 2534
f 2689 2690 2534
f 2534 2690 2535
f 2690 2691 2535
f 2535 2691 2536
f 2691 2692 2536
f 2536 2692 2537
f 2692 2693 2537
f 2537 2693 2538
f 2693 2694 2538
f 2538 2694 2539
f 2694 2695 2539
f 2539 2695 2540
f 2695 2696 2540
f 2541 2697 2698
f 2542 2541 2698
f 2696 2541 2540
f 2697 2541 2696
f 2543 2699 2700
f 2544 2543 2700
f 2700 2545 2544
f 2701 2545 2700
f 2545 2701 2702
f 2546 2545 2702
f 2702 2547 2546
f 2703 2547 2702
f 2547 2703 2548
f 2703 2704 2548
f 2548 2704 2549
f 2704 2705 2549
f 2549 2705 2550
f 2705 2706 2550
f 2550 2706 2551
f 2706 2707 2551
f 2551 2707 2552
f 2707 2708 2552
f 2552 2708 2553
f 2708 2709 2553
f 2553 2709 2554
f 2709 2710 2554
f 2554 2710 2555
f 2710 2711 2555
f 2555 2711 2556
f 2711 2712 2556
f 2556 2712 2557
f 2712 2713 2557
f 2557 2713 2558
f 2713 2714 2558
f 2558 2714 2559
f 2714 2715 2559
f 2559 2715 2560
f 2715 2716 2560
f 2560 2716 2561
f 2716 2717 2561
f 2561 2717 2562
f 2717 2718 2562
f 2562 2718 2563
f 2718 2719 2563
f 2563 2719 2564
f 2719 2720 2564
f 2564 2720 2565
f 2720 2721 2565
f 2565 2721 2566
f 2721 2722 2566
f 2566 2722 2567
f 2722 2723 2567
f 2567 2723 2568
f 2723 2724 2568
f 2568 2724 2569
f 2724 2725 2569
f 2569 2725 2570
f 2725 2726 2570
f 2570 2726 2571
f 2726 2727 2571
f 2571 2727 2572
f 2727 2728 2572
f 2572 2728 2573
f 2728 2729 2573
f 2573 2729 2574
f 2729 2730 2574
f 2574 2730 2575
f 2730 2731 2575
f 2575 2731 2576
f 2731 2732 2576
f 2576 2732 2577
f 2732 2733 2577
f 2577 2733 2578
f 2733 2734 2578
f 2578 2734 2579
f 2734 2735 2579
f 2579 2735 2580
f 2735 2736 2580
f 2580 2736 2581
f 2736 2737 2581
f 2581 2737 2582
f 2737 2738 2582
f 2582 2738 2583
f 2738 2739 2583
f 2583 2739 2584
f 2739 2740 2584
f 2584 2740 2585
f 2740 2741 2585
f 2585 2741 2586
f 2741 2742 2586
f 2586 2742 2587
f 2742 2743 2587
f 2587 2743 2588
f 2743 2744 2588
f 2588 2744 2589
f 2744 2745 2589
f 2589 2745 2590
f 2745 2746 2590
f 2590 2746 2591
f 2746 2747 2591
f 2591 2747 2592
f 2747 2748 2592
f 2592 2748 2593
f 2748 2749 2593
f 2593 2749 2594
f 2749 2750 2594
f 2594 2750 2595
f 2750 2751 2595
f 2595 2751 2596
f 2751 2752 2596
f 2596 2752 2597
f 2752 2753 2597
f 2597 2753 2598
f 2753 2754 2598
f 2598 2754 2599
f 2754 2755 2599
f 2599 2755 2600
f 2755 2756 2600
f 2600 2756 2601
f 2756 2757 2601
f 2601 2757 2602
f 2757 2758 2602
f 2602 2758 2603
f 2758 2759 2603
f 2603 2759 2604
f 2759 2760 2604
f 2604 2760 2605
f 2760 2761 2605
f 2605 2761 2606
f 2761 2762 2606
f 2606 2762 2607
f 2762 2763 2607
f 2607 2763 2608
f 2763 2764 2608
f 2608 2764 2609
f 2764 2765 2609
f 2609 2765 2610
f 2765 2766 2610
f 2610 2766 2611
f 2766 2767 2611
f 2611 2767 2612
f 2767 2768 2612
f 2612 2768 2613
f 2768 2769 2613
f 2613 2769 2614
f 2769 2770 2614
f 2614 2770 2615
f 2770 2771 2615
f 2615 2771 2616
f 2771 2772 2616
f 2616 2772 2617
f 2772 2773 2617
f 2617 2773 2618
f 2773 2774 2618
f 2618 2774 2619
f 2774 2775 2619
f 2619 2775 2620
f 2775 2776 2620
f 2620 2776 2621
f 2776 2777 2621
f 2621 2777 2622
f 2777 2778 2622
f 2622 2778 2623
f 2778 2779 2623
f 2623 2779 2624
f 2779 2780 2624
f 2624 2780 2625
f 2780 2781 2625
f 2625 2781 2626
f 2781 2782 2626
f 2626 2782 2627
f 2782 2783 2627
f 2627 2783 2628
f 2783 2784 2628
f 2628 2784 2629
f 2784 2785 2629
f 2629 2785 2630
f 2785 2786 2630
f 2630 2786 2631
f 2786 2787 2631
f 2631 2787 2632
f 2787 2788 2632
f 2632 2788 2633
f 2788 2789 2633
f 2633 2789 2634
f 2789 2790 2634
f 2634 2790 2635
f 2790 2791 2635
f 2635 2791 2636
f 2791 2792 2636
f 2636 2792 2637
f 2792 2793 2637
f 2637 2793 2638
f 2793 2794 2638
f 2638 2794 2639
f 2794 2795 2639
f 2639 2795 2640
f 2795 2796 2640
f 2640 2796 2641
f 2796 2797 2641
f 2641 2797 2642
f 2797 2798 2642
f 2642 2798 2643
f 2798 2799 2643
f 2643 2799 2644
f 2799 2800 2644
f 2644 2800 2645
f 2800 2801 2645
f 2645 2801 2646
f 2801 2802 2646
f 2646 2802 2647
f 2802 2803 2647
f 2647 2803 2648
f 2803 2804 2648
f 2648 2804 2649
f 2804 2805 2649
f 2649 2805 2650
f 2805 2806 2650
f 2650 2806 2651
f 2806 2807 2651
f 2651 2807 2652
f 2807 2808 2652
f 2652 2808 2653
f 2808 2809 2653
f 2653 2809 2654
f 2809 2810 2654
f 2654 2810 2655
f 2810 2811 2655
f 2655 2811 2656
f 2811 2812 2656
f 2656 2812 2657
f 2812 2813 2657
f 2657 2813 2658
f 2813 2814 2658
f 2658 2814 2659
f 2814 2815 2659
f 2659 2815 2660
f 2815 2816 2660
f 2660 2816 2661
f 2816 2817 2661
f 2661 2817 2662
f 2817 2818 2662
f 2662 2818 2663
f 2818 2819 2663
f 2663 2819 2664
f 2819 2820 2664
f 2664 2820 2665
f 2820 2821 2665
f 2665 2821 2666
f 2821 2822 2666
f 2666 2822 2667
f 2822 2823 2667
f 2667 2823 2668
f 2823 2824 2668
f 2668 2824 2669
f 2824 2825 2669
f 2669 2825 2670
f 2825 2826 2670
f 2670 2826 2671
f 2826 2827 2671
f 2671 2827 2672
f 2827 2828 2672
f 2672 2828 2673
f 2828 2829 2673
f 2673 2829 2674
f 2829 2830 2674
f 2674 2830 2675
f 2830 2831 2675
f 2675 2831 2676
f 2831 2832 2676
f 2676 2832 2677
f 2832 2833 2677
f 2677 2833 2678
f 2833 2834 2678
f 2678 2834 2679
f 2834 2835 2679
f 2679 2835 2680
f 2835 2836 2680
f 2680 2836 2681
f 2836 2837 2681
f 2681 2837 2682
f 2837 2838 2682
f 2682 2838 2683
f 2838 2839 2683
f 2683 2839 2684
f 2839 2840 2684
f 2684 2840 2685
f 2840 2841 2685
f 2685 2841 2686
f 2841 2842 2686
f 2686 2842 2687
f 2842 2843 2687
f 2687 2843 2688
f 2843 2844 2688
f 2688 2844 2689
f 2844 2845 2689
f 2689 2845 2690
f 2845 2846 2690
f 2690 2846 2691
f 2846 2847 2691
f 2691 2847 2692
f 2847 2848 2692
f 2692 2848 2693
f 2848 2849 2693
f 2693 2849 2694
f 2849 2850 2694
f 2694 2850 2695
f 2850 2851 2695
f 2695 2851 2696
f 2851 2852 2696
f 2697 2853 2854
f 2698 2697 2854
f 2852 2697 2696
f 2853 2697 2852
f 2699 2855 2856
f 2700 2699 2856
f 2856 2701 2700
f 2857 2701 2856
f 2701 2857 2858
f 2702 2701 2858
f 2858 2703 2702
f 2859 2703 2858
f 2703 2859 2704
f 2859 2860 2704
f 2704 2860 2705
f 2860 2861 2705
f 2705 2861 2706
f 2861 2862 2706
f 2706 2862 2707
f 2862 2863 2707
f 2707 2863 2708
f 2863 2864 2708
f 2708 2864 2709
f 2864 2865 2709
f 2709 2865 2710
f 2865 2866 2710
f 2710 2866 2711
f 2866 2867 2711
f 2711 2867 2712
f 2867 2868 2712
f 2712 2868 2713
f 2868 2869 2713
f 2713 2869 2714
f 2869 2870 2714
f 2714 2870 2715
f 2870 2871 2715
f 2715 2871 2716
f 2871 2872 2716
f 2716 2872 2717
f 2872 2873 2717
f 2717 2873 2718
f 2873 2874 2718
f 2718 2874 2719
f 2874 2875 2719
f 2719 2875 2720
f 2875 2876 2720
f 2720 2876 2721
f 2876 2877 2721
f 2721 2877 2722
f 2877 2878 2722
f 2722 2878 2723
f 2878 2879 2723
f 2723 2879 2724
f 2879 2880 2724
f 2724 2880 2725
f 2880 2881 2725
f 2725 2881 2726
f 2881 2882 2726
f 2726 2882 2727
f 2882 2883 2727
f 2727 2883 2728
f 2883 2884 2728
f 2728 2884 2729
f 2884 2885 2729
f 2729 2885 2730
f 2885 2886 2730
f 2730 2886 2731
f 2886 2887 2731
f 2731 2887 2732
f 2887 2888 2732
f 2732 2888 2733
f 2888 2889 2733
f 2733 2889 2734
f 2889 2890 2734
f 2734 2890 2735
f 2890 2891 2735
f 2735 2891 2736
f 2891 2892 2736
f 2736 2892 2737
f 2892 2893 2737
f 2737 2893 2738
f 2893 2894 2738
f 2738 2894 2739
f 2894 2895 2739
f 2739 2895 2740
f 2895 2896 2740
f 2740 2896 2741
f 2896 2897 2741
f 2741 2897 2742
f 2897 2898 2742
f 2742 2898 2743
f 2898 2899 2743
f 2743 2899 2744
f 2899 2900 2744
f 2744 2900 2745
f 2900 2901 2745
f 2745 2901 2746
f 2901 2902 2746
f 2746 2902 2747
f 2902 2903 2747
f 2747 2903 2748
f 2903 2904 2748
f 2748 2904 2749
f 2904 2905 2749
f 2749 2905 2750
f 2905 2906 2750
f 2750 2906 2751
f 2906 2907 2751
f 2751 2907 2752
f 2907 2908 2752
f 2752 2908 2753
f 2908 2909 2753
f 2753 2909 2754
f 2909 2910 2754
f 2754 2910 2755
f 2910 2911 2755
f 2755 2911 2756
f 2911 2912 2756
f 2756 2912 2757
f 2912 2913 2757
f 2757 2913 2758
f 2913 2914 2758
f 2758 2914 2759
f 2914 2915 2759
f 2759 2915 2760
f 2915 2916 2760
f 2760 2916 2761
f 2916 2917 2761
f 2761 2917 2762
f 2917 2918 2762
f 2762 2918 2763
f 2918 2919 2763
f 2763 2919 2764
f 2919 2920 2764
f 2764 2920 2765
f 2920 2921 2765
f 2765 2921 2766
f 2921 2922 2766
f 2766 2922 2767
f 2922 2923 2767
f 2767 2923 2768
f 2923 2924 2768
f 2768 2924 2769
f 2924 2925 2769
f 2769 2925 2770
f 2925 2926 2770
f 2770 2926 2771
f 2926 2927 2771
f 2771 2927 2772
f 2927 2928 2772
f 2772 2928 2773
f 2928 2929 2773
f 2773 2929 2774
f 2929 2930 2774
f 2774 2930 2775
f 2930 2931 2775
f 2775 2931 2776
f 2931 2932 2776
f 2776 2932 2777
f 2932 2933 2777
f 2777 2933 2778
f 2933 2934 2778
f 2778 2934 2779
f 2934 2935 2779
f 2779 2935 2780
f 2935 2936 2780
f 2780 2936 2781
f 2936 2937 2781
f 2781 2937 2782
f 2937 2938 2782
f 2782 2938 2783
f 2938 2939 2783
f 2783 2939 2784
f 2939 2940 2784
f 2784 2940 2785
f 2940 2941 2785
f 2785 2941 2786
f 2941 2942 2786
f 2786 2942 2787
f 2942 2943 2787
f 2787 2943 2788
f 2943 2944 2788
f 2788 2944 2789
f 2944 2945 2789
f 2789 2945 2790
f 2945 2946 2790
f 2790 2946 2791
f 2946 2947 2791
f 2791 2947 2792
f 2947 2948 2792
f 2792 2948 2793
f 2948 2949 2793
f 2793 2949 2794
f 2949 2950 2794
f 2794 2950 2795
f 2950 2951 2795
f 2795 2951 2796
f 2951 2952 2796
f 2796 2952 2797
f 2952 2953 2797
f 2797 2953 2798
f 2953 2954 2798
f 2798 2954 2799
f 2954 2955 2799
f 2799 2955 2800
f 2955 2956 2800
f 2800 2956 2801
f 2956 2957 2801
f 2801 2957 2802
f 2957 2958 2802
f 2802 2958 2803
f 2958 2959 2803
f 2803 2959 2804
f 2959 2960 2804
f 2804 2960 2805
f 2960 2961 2805
f 2805 2961 2806
f 2961 2962 2806
f 2806 2962 2807
f 2962 2963 2807
f 2807 2963 2808
f 2963 2964 2808
f 2808 2964 2809
f 2964 2965 2809
f 2809 2965 2810
f 2965 2966 2810
f 2810 2966 2811
f 2966 2967 2811
f 2811 2967 2812
f 2967 2968 2812
f 2812 2968 2813
f 2968 2969 2813
f 2813 2969 2814
f 2969 2970 2814
f 2814 2970 2815
f 2970 2971 2815
f 2815 2971 2816
f 2971 2972 2816
f 2816 2972 2817
f 2972 2973 2817
f 2817 2973 2818
f 2973 2974 2818
f 2818 2974 2819
f 2974 2975 2819
f 2819 2975 2820
f 2975 2976 2820
f 2820 2976 2821
f 2976 2977 2821
f 2821 2977 2822
f 2977 2978 2822
f 2822 2978 2823
f 2978 2979 2823
f 2823 2979 2824
f 2979 2980 2824
f 2824 2980 2825
f 2980 2981 2825
f 2825 2981 2826
f 2981 2982 2826
f 2826 2982 2827
f 2982 2983 2827
f 2827 2983 2828
f 2983 2984 2828
f 2828 2984 2829
f 2984 2985 2829
f 2829 2985 2830
f 2985 2986 2830
f 2830 2986 2831
f 2986 2987 2831
f 2831 2987 2832
f 2987 2988 2832
f 2832 2988 2833
f 2988 2989 2833
f 2833 2989 2834
f 2989 2990 2834
f 2834 2990 2835
f 2990 2991 2835
f 2835 2991 2836
f 2991 2992 2836
f 2836 2992 2837
f 2992 2993 2837
f 2837 2993 2838
f 2993 2994 2838
f 2838 2994 2839
f 2994 2995 2839
f 2839 2995 2840
f 2995 2996 2840
f 2840 2996 2841
f 2996 2997 2841
f 2841 2997 2842
f 2997 2998 2842
f 2842 2998 2843
f 2998 2999 2843
f 2843 2999 2844
f 2999 3000 2844
f 2844 3000 2845
f 3000 3001 2845
f 2845 3001 2846
f 3001 3002 2846
f 2846 3002 2847
f 3002 3003 2847
f 2847 3003 2848
f 3003 3004 2848
f 2848 3004 2849
f 3004 3005 2849
f 2849 3005 2850
f 3005 3006 2850
f 2850 3006 2851
f 3006 3007 2851
f 2851 3007 2852
f 3007 3008 2852
f 2853 3009 3010
f 2854 2853 3010
f 3008 2853 2852
f 3009 2853 3008
f 2855 3011 3012
f 2856 2855 3012
f 3012 2857 2856
f 3013 2857 3012
f 2857 3013 3014
f 2858 2857 3014
f 3014 2859 2858
f 3015 2859 3014
f 2859 3015 2860
f 3015 3016 2860
f 2860 3016 2861
f 3016 3017 2861
f 2861 3017 2862
f 3017 3018 2862
f 2862 3018 2863
f 3018 3019 2863
f 2863 3019 2864
f 3019 3020 2864
f 2864 3020 2865
f 3020 3021 2865
f 2865 3021 2866
f 3021 3022 2866
f 2866 3022 2867
f 3022 3023 2867
f 2867 3023 2868
f 3023 3024 2868
f 2868 3024 2869
f 3024 3025 2869
f 2869 3025 2870
f 3025 3026 2870
f 2870 3026 2871
f 3026 3027 2871
f 2871 3027 2872
f 3027 3028 2872
f 2872 3028 2873
f 3028 3029 2873
f 2873 3029 2874
f 3029 3030 2874
f 2874 3030 2875
f 3030 3031 2875
f 2875 3031 2876
f 3031 3032 2876
f 2876 3032 2877
f 3032 3033 2877
f 2877 3033 2878
f 3033 3034 2878
f 2878 3034 2879
f 3034 3035 2879
f 2879 3035 2880
f 3035 3036 2880
f 2880 3036 2881
f 3036 3037 2881
f 2881 3037 2882
f 3037 3038 2882
f 2882 3038 2883
f 3038 3039 2883
f 2883 3039 2884
f 3039 3040 2884
f 2884 3040 2885
f 3040 3041 2885
f 2885 3041 2886
f 3041 3042 2886
f 2886 3042 2887
f 3042 3043 2887
f 2887 3043 2888
f 3043 3044 2888
f 2888 3044 2889
f 3044 3045 2889
f 2889 3045 2890
f 3045 3046 2890
f 2890 3046 2891
f 3046 3047 2891
f 2891 3047 2892
f 3047 3048 2892
f 2892 3048 2893
f 3048 3049 2893
f 2893 3049 2894
f 3049 3050 2894
f 2894 3050 2895
f 3050 3051 2895
f 2895 3051 2896
f 3051 3052 2896
f 2896 3052 2897
f 3052 3053 2897
f 2897 3053 2898
f 3053 3054 2898
f 2898 3054 2899
f 3054 3055 2899
f 2899 3055 2900
f 3055 3056 2900
f 2900 3056 2901
f 3056 3057 2901
f 2901 3057 2902
f 3057 3058 2902
f 2902 3058 2903
f 3058 3059 2903
f 2903 3059 2904
f 3059 3060 2904
f 2904 3060 2905
f 3060 3061 2905
f 2905 3061 2906
f 3061 3062 2906
f 2906 3062 2907
f 3062 3063 2907
f 2907 3063 2908
f 3063 3064 2908
f 2908 3064 2909
f 3064 3065 2909
f 2909 3065 2910
f 3065 3066 2910
f 2910 3066 2911
f 3066 3067 2911
f 2911 3067 2912
f 3067 3068 2912
f 2912 3068 2913
f 3068 3069 2913
f 2913 3069 2914
f 3069 3070 2914
f 2914 3070 2915
f 3070 3071 2915
f 2915 3071 2916
f 3071 3072 2916
f 2916 3072 2917
f 3072 3073 2917
f 2917 3073 2918
f 3073 3074 2918
f 2918 3074 2919
f 3074 3075 2919
f 2919 3075 2920
f 3075 3076 2920
f 2920 3076 2921
f 3076 3077 2921
f 2921 3077 2922
f 3077 3078 2922
f 2922 3078 2923
f 3078 3079 2923
f 2923 3079 2924
f 3079 3080 2924
f 2924 3080 2925
f 3080 3081 2925
f 2925 3081 2926
f 3081 3082 2926
f 2926 3082 2927
f 3082 3083 2927
f 2927 3083 2928
f 3083 3084 2928
f 2928 3084 2929
f 3084 3085 2929
f 2929 3085 2930
f 3085 3086 2930
f 2930 3086 2931
f 3086 3087 2931
f 2931 3087 2932
f 3087 3088 2932
f 2932 3088 2933
f 3088 3089 2933
f 2933 3089 2934
f 3089 3090 2934
f 2934 3090 2935
f 3090 3091 2935
f 2935 3091 2936
f 3091 3092 2936
f 2936 3092 2937
f 3092 3093 2937
f 2937 3093 2938
f 3093 3094 2938
f 2938 3094 2939
f 3094 3095 2939
f 2939 3095 2940
f 3095 3096 2940
f 2940 3096 2941
f 3096 3097 2941
f 2941 3097 2942
f 3097 3098 2942
f 2942 3098 2943
f 3098 3099 2943
f 2943 3099 2944
f 3099 3100 2944
f 2944 3100 2945
f 3100 3101 2945
f 2945 3101 2946
f 3101 3102 2946
f 2946 3102 2947
f 3102 3103 2947
f 2947 3103 2948
f 3103 3104 2948
f 2948 3104 2949
f 3104 3105 2949
f 2949 3105 2950
f 3105 3106 2950
f 2950 3106 2951
f 3106 3107 2951
f 2951 3107 2952
f 3107 3108 2952
f 2952 3108 2953
f 3108 3109 2953
f 2953 3109 2954
f 3109 3110 2954
f 2954 3110 2955
f 3110 3111 2955
f 2955 3111 2956
f 3111 3112 2956
f 2956 3112 2957
f 3112 3113 2957
f 2957 3113 2958
f 3113 3114 2958
f 2958 3114 2959
f 3114 3115 2959
f 2959 3115 2960
f 3115 3116 2960
f 2960 3116 2961
f 3116 3117 2961
f 2961 3117 2962
f 3117 3118 2962
f 2962 3118 2963
f 3118 3119 2963
f 2963 3119 2964
f 3119 3120 2964
f 2964 3120 2965
f 3120 3121 2965
f 2965 3121 2966
f 3121 3122 2966
f 2966 3122 2967
f 3122 3123 2967
f 2967 3123 2968
f 3123 3124 2968
f 2968 3124 2969
f 3124 3125 2969
f 2969 3125 2970
f 3125 3126 2970
f 2970 3126 2971
f 3126 3127 2971
f 2971 3127 2972
f 3127 3128 2972
f 2972 3128 2973
f 3128 3129 2973
f 2973 3129 2974
f 3129 3130 2974
f 2974 3130 2975
f 3130 3131 2975
f 2975 3131 2976
f 3131 3132 2976
f 2976 3132 2977
f 3132 3133 2977
f 2977 3133 2978
f 3133 3134 2978
f 2978 3134 2979
f 3134 3135 2979
f 2979 3135 2980
f 3135 3136 2980
f 2980 3136 2981
f 3136 3137 2981
f 2981 3137 2982
f 3137 3138 2982
f 2982 3138 2983
f 3138 3139 2983
f 2983 3139 2984
f 3139 3140 2984
f 2984 3140 2985
f 3140 3141 2985
f 2985 3141 2986
f 3141 3142 2986
f 2986 3142 2987
f 3142 3143 2987
f 2987 3143 2988
f 3143 3144 2988
f 2988 3144 2989
f 3144 3145 2989
f 2989 3145 2990
f 3145 3146 2990
f 2990 3146 2991
f 3146 3147 2991
f 2991 3147 2992
f 3147 3148 2992
f 2992 3148 2993
f 3148 3149 2993
f 2993 3149 2994
f 3149 3150 2994
f 2994 3150 2995
f 3150 3151 2995
f 2995 3151 2996
f 3151 3152 2996
f 2996 3152 2997
f 3152 3153 2997
f 2997 3153 2998
f 3153 3154 2998
f 2998 3154 2999
f 3154 3155 2999
f 2999 3155 3000
f 3155 3156 3000
f 3000 3156 3001
f 3156 3157 3001
f 3001 3157 3002
f 3157 3158 3002
f 3002 3158 3003
f 3158 3159 3003
f 3003 3159 3004
f 3159 3160 3004
f 3004 3160 3005
f 3160 3161 3005
f 3005 3161 3006
f 3161 3162 3006
f 3006 3162 3007
f 3162 3163 3007
f 3007 3163 3008
f 3163 3164 3008
f 3009 3165 3166
f 3010 3009 3166
f 3164 3009 3008
f 3165 3009 3164
f 3011 3167 3168
f 3012 3011 3168
f 3168 3013 3012
f 3169 3013 3168
f 3013 3169 3170
f 3014 3013 3170
f 3170 3015 3014
f 3171 3015 3170
f 3015 3171 3016
f 3171 3172 3016
f 3016 3172 3017
f 3172 3173 3017
f 3017 3173 3018
f 3173 3174 3018
f 3018 3174 3019
f 3174 3175 3019
f 3019 3175 3020
f 3175 3176 3020
f 3020 3176 3021
f 3176 3177 3021
f 3021 3177 3022
f 3177 3178 3022
f 3022 3178 3023
f 3178 3179 3023
f 3023 3179 3024
f 3179 3180 3024
f 3024 3180 3025
f 3180 3181 3025
f 3025 3181 3026
f 3181 3182 3026
f 3026 3182 3027
f 3182 3183 3027
f 3027 3183 3028
f 3183 3184 3028
f 3028 3184 3029
f 3184 3185 3029
f 3029 3185 3030
f 3185 3186 3030
f 3030 3186 3031
f 3186 3187 3031
f 3031 3187 3032
f 3187 3188 3032
f 3032 3188 3033
f 3188 3189 3033
f 3033 3189 3034
f 3189 3190 3034
f 3034 3190 3035
f 3190 3191 3035
f 3035 3191 3036
f 3191 3192 3036
f 3036 3192 3037
f 3192 3193 3037
f 3037 3193 3038
f 3193 3194 3038
f 3038 3194 3039
f 3194 3195 3039
f 3039 3195 3040
f 3195 3196 3040
f 3040 3196 3041
f 3196 3197 3041
f 3041 3197 3042
f 3197 3198 3042
f 3042 3198 3043
f 3198 3199 3043
f 3043 3199 3044
f 3199 3200 3044
f 3044 3200 3045
f 3200 3201 3045
f 3045 3201 3046
f 3201 3202 3046
f 3046 3202 3047
f 3202 3203 3047
f 3047 3203 3048
f 3203 3204 3048
f 3048 3204 3049
f 3204 3205 3049
f 3049 3205 3050
f 3205 3206 3050
f 3050 3206 3051
f 3206 3207 3051
f 3051 3207 3052
f 3207 3208 3052
f 3052 3208 3053
f 3208 3209 3053
f 3053 3209 3054
f 3209 3210 3054
f 3054 3210 3055
f 3210 3211 3055
f 3055 3211 3056
f 3211 3212 3056
f 3056 3212 3057
f 3212 3213 3057
f 3057 3213 3058
f 3213 3214 3058
f 3058 3214 3059
f 3214 3215 3059
f 3059 3215 3060
f 3215 3216 3060
f 3060 3216 3061
f 3216 3217 3061
f 3061 3217 3062
f 3217 3218 3062
f 3062 3218 3063
f 3218 3219 3063
f 3063 3219 3064
f 3219 3220 3064
f 3064 3220 3065
f 3220 3221 3065
f 3065 3221 3066
f 3221 3222 3066
f 3066 3222 3067
f 3222 3223 3067
f 3067 3223 3068
f 3223 3224 3068
f 3068 3224 3069
f 3224 3225 3069
f 3069 3225 3070
f 3225 3226 3070
f 3070 3226 3071
f 3226 3227 3071
f 3071 3227 3072
f 3227 3228 3072
f 3072 3228 3073
f 3228 3229 3073
f 3073 3229 3074
f 3229 3230 3074
f 3074 3230 3075
f 3230 3231 3075
f 3075 3231 3076
f 3231 3232 3076
f 3076 3232 3077
f 3232 3233 3077
f 3077 3233 3078
f 3233 3234 3078
f 3078 3234 3079
f 3234 3235 3079
f 3079 3235 3080
f 3235 3236 3080
f 3080 3236 3081
f 3236 3237 3081
f 3081 3237 3082
f 3237 3238 3082
f 3082 3238 3083
f 3238 3239 3083
f 3083 3239 3084
f 3239 3240 3084
f 3084 3240 3085
f 3240 3241 3085
f 3085 3241 3086
f 3241 3242 3086
f 3086 3242 3087
f 3242 3243 3087
f 3087 3243 3088
f 3243 3244 3088
f 3088 3244 3089
f 3244 3245 3089
f 3089 3245 3090
f 3245 3246 3090
f 3090 3246 3091
f 3246 3247 3091
f 3091 3247 3092
f 3247 3248 3092
f 3092 3248 3093
f 3248 3249 3093
f 3093 3249 3094
f 3249 3250 3094
f 3094 3250 3095
f 3250 3251 3095
f 3095 3251 3096
f 3251 3252 3096
f 3096 3252 3097
f 3252 3253 3097
f 3097 3253 3098
f 3253 3254 3098
f 3098 3254 3099
f 3254 3255 3099
f 3099 3255 3100
f 3255 3256 3100
f 3100 3256 3101
f 3256 3257 3101
f 3101 3257 3102
f 3257 3258 3102
f 3102 3258 3103
f 3258 3259 3103
f 3103 3259 3104
f 3259 3260 3104
f 3104 3260 3105
f 3260 3261 3105
f 3105 3261 3106
f 3261 3262 3106
f 3106 3262 3107
f 3262 3263 3107
f 3107 3263 3108
f 3263 3264 3108
f 3108 3264 3109
f 3264 3265 3109
f 3109 3265 3110
f 3265 3266 3110
f 3110 3266 3111
f 3266 3267 3111
f 3111 3267 3112
f 3267 3268 3112
f 3112 3268 3113
f 3268 3269 3113
f 3113 3269 3114
f 3269 3270 3114
f 3114 3270 3115
f 3270 3271 3115
f 3115 3271 3116
f 3271 3272 3116
f 3116 3272 3117
f 3272 3273 3117
f 3117 3273 3118
f 3273 3274 3118
f 3118 3274 3119
f 3274 3275 3119
f 3119 3275 3120
f 3275 3276 3120
f 3120 3276 3121
f 3276 3277 3121
f 3121 3277 3122
f 3277 3278 3122
f 3122 3278 3123
f 3278 3279 3123
f 3123 3279 3124
f 3279 3280 3124
f 3124 3280 3125
f 3280 3281 3125
f 3125 3281 3126
f 3281 3282 3126
f 3126 3282 3127
f 3282 3283 3127
f 3127 3283 3128
f 3283 3284 3128
f 3128 3284 3129
f 3284 3285 3129
f 3129 3285 3130
f 3285 3286 3130
f 3130 3286 3131
f 3286 3287 3131
f 3131 3287 3132
f 3287 3288 3132
f 3132 3288 3133
f 3288 3289 3133
f 3133 3289 3134
f 3289 3290 3134
f 3134 3290 3135
f 3290 3291 3135
f 3135 3291 3136
f 3291 3292 3136
f 3136 3292 3137
f 3292 3293 3137
f 3137 3293 3138
f 3293 3294 3138
f 3138 3294 3139
f 3294 3295 3139
f 3139 3295 3140
f 3295 3296 3140
f 3140 3296 3141
f 3296 3297 3141
f 3141 3297 3142
f 3297 3298 3142
f 3142 3298 3143
f 3298 3299 3143
f 3143 3299 3144
f 3299 3300 3144
f 3144 3300 3145
f 3300 3301 3145
f 3145 3301 3146
f 3301 3302 3146
f 3146 3302 3147
f 3302 3303 3147
f 3147 3303 3148
f 3303 3304 3148
f 3148 3304 3149
f 3304 3305 3149
f 3149 3305 3150
f 3305 3306 3150
f 3150 3306 3151
f 3306 3307 3151
f 3151 3307 3152
f 3307 3308 3152
f 3152 3308 3153
f 3308 3309 3153
f 3153 3309 3154
f 3309 3310 3154
f 3154 3310 3155
f 3310 3311 3155
f 3155 3311 3156
f 3311 3312 3156
f 3156 3312 3157
f 3312 3313 3157
f 3157 3313 3158
f 3313 3314 3158
f 3158 3314 3159
f 3314 3315 3159
f 3159 3315 3160
f 3315 3316 3160
f 3160 3316 3161
f 3316 3317 3161
f 3161 3317 3162
f 3317 3318 3162
f 3162 3318 3163
f 3318 3319 3163
f 3163 3319 3164
f 3319 3320 3164
f 3165 3321 3322
f 3166 3165 3322
f 3320 3165 3164
f 3321 3165 3320
f 3167 3323 3324
f 3168 3167 3324
f 3324 3169 3168
f 3325 3169 3324
f 3169 3325 3326
f 3170 3169 3326
f 3326 3171 3170
f 3327 3171 3326
f 3171 3327 3172
f 3327 3328 3172
f 3172 3328 3173
f 3328 3329 3173
f 3173 3329 3174
f 3329 3330 3174
f 3174 3330 3175
f 3330 3331 3175
f 3175 3331 3176
f 3331 3332 3176
f 3176 3332 3177
f 3332 3333 3177
f 3177 3333 3178
f 3333 3334 3178
f 3178 3334 3179
f 3334 3335 3179
f 3179 3335 3180
f 3335 3336 3180
f 3180 3336 3181
f 3336 3337 3181
f 3181 3337 3182
f 3337 3338 3182
f 3182 3338 3183
f 3338 3339 3183
f 3183 3339 3184
f 3339 3340 3184
f 3184 3340 3185
f 3340 3341 3185
f 3185 3341 3186
f 3341 3342 3186
f 3186 3342 3187
f 3342 3343 3187
f 3187 3343 3188
f 3343 3344 3188
f 3188 3344 3189
f 3344 3345 3189
f 3189 3345 3190
f 3345 3346 3190
f 3190 3346 3191
f 3346 3347 3191
f 3191 3347 3192
f 3347 3348 3192
f 3192 3348 3193
f 3348 3349 3193
f 3193 3349 3194
f 3349 3350 3194
f 3194 3350 3195
f 3350 3351 3195
f 3195 3351 3196
f 3351 3352 3196
f 3196 3352 3197
f 3352 3353 3197
f 3197 3353 3198
f 3353 3354 3198
f 3198 3354 3199
f 3354 3355 3199
f 3199 3355 3200
f 3355 3356 3200
f 3200 3356 3201
f 3356 3357 3201
f 3201 3357 3202
f 3357 3358 3202
f 3202 3358 3203
f 3358 3359 3203
f 3203 3359 3204
f 3359 3360 3204
f 3204 3360 3205
f 3360 3361 3205
f 3205 3361 3206
f 3361 3362 3206
f 3206 3362 3207
f 3362 3363 3207
f 3207 3363 3208
f 3363 3364 3208
f 3208 3364 3209
f 3364 3365 3209
f 3209 3365 3210
f 3365 3366 3210
f 3210 3366 3211
f 3366 3367 3211
f 3211 3367 3212
f 3367 3368 3212
f 3212 3368 3213
f 3368 3369 3213
f 3213 3369 3214
f 3369 3370 3214
f 3214 3370 3215
f 3370 3371 3215
f 3215 3371 3216
f 3371 3372 3216
f 3216 3372 3217
f 3372 3373 3217
f 3217 3373 3218
f 3373 3374 3218
f 3218 3374 3219
f 3374 3375 3219
f 3219 3375 3220
f 3375 3376 3220
f 3220 3376 3221
f 3376 3377 3221
f 3221 3377 3222
f 3377 3378 3222
f 3222 3378 3223
f 3378 3379 3223
f 3223 3379 3224
f 3379 3380 3224
f 3224 3380 3225
f 3380 3381 3225
f 3225 3381 3226
f 3381 3382 3226
f 3226 3382 3227
f 3382 3383 3227
f 3227 3383 3228
f 3383 3384 3228
f 3228 3384 3229
f 3384 3385 3229
f 3229 3385 3230
f 3385 3386 3230
f 3230 3386 3231
f 3386 3387 3231
f 3231 3387 3232
f 3387 3388 3232
f 3232 3388 3233
f 3388 3389 3233
f 3233 3389 3234
f 3389 3390 3234
f 3234 3390 3235
f 3390 3391 3235
f 3235 3391 3236
f 3391 3392 3236
f 3236 3392 3237
f 3392 3393 3237
f 3237 3393 3238
f 3393 3394 3238
f 3238 3394 3239
f 3394 3395 3239
f 3239 3395 3240
f 3395 3396 3240
f 3240 3396 3241
f 3396 3397 3241
f 3241 3397 3242
f 3397 3398 3242
f 3242 3398 3243
f 3398 3399 3243
f 3243 3399 3244
f 3399 3400 3244
f 3244 3400 3245
f 3400 3401 3245
f 3245 3401 3246
f 3401 3402 3246
f 3246 3402 3247
f 3402 3403 3247
f 3247 3403 3248
f 3403 3404 3248
f 3248 3404 3249
f 3404 3405 3249
f 3249 3405 3250
f 3405 3406 3250
f 3250 3406 3251
f 3406 3407 3251
f 3251 3407 3252
f 3407 3408 3252
f 3252 3408 3253
f 3408 3409 3253
f 3253 3409 3254
f 3409 3410 3254
f 3254 3410 3255
f 3410 3411 3255
f 3255 3411 3256
f 3411 3412 3256
f 3256 3412 3257
f 3412 3413 3257
f 3257 3413 3258
f 3413 3414 3258
f 3258 3414 3259
f 3414 3415 3259
f 3259 3415 3260
f 3415 3416 3260
f 3260 3416 3261
f 3416 3417 3261
f 3261 3417 3262
f 3417 3418 3262
f 3262 3418 3263
f 3418 3419 3263
f 3263 3419 3264
f 3419 3420 3264
f 3264 3420 3265
f 3420 3421 3265
f 3265 3421 3266
f 3421 3422 3266
f 3266 3422 3267
f 3422 3423 3267
f 3267 3423 3268
f 3423 3424 3268
f 3268 3424 3269
f 3424 3425 3269
f 3269 3425 3270
f 3425 3426 3270
f 3270 3426 3271
f 3426 3427 3271
f 3271 3427 3272
f 3427 3428 3272
f 3272 3428 3273
f 3428 3429 3273
f 3273 3429 3274
f 3429 3430 3274
f 3274 3430 3275
f 3430 3431 3275
f 3275 3431 3276
f 3431 3432 3276
f 3276 3432 3277
f 3432 3433 3277
f 3277 3433 3278
f 3433 3434 3278
f 3278 3434 3279
f 3434 3435 3279
f 3279 3435 3280
f 3435 3436 3280
f 3280 3436 3281
f 3436 3437 3281
f 3281 3437 3282
f 3437 3438 3282
f 3282 3438 3283
f 3438 3439 3283
f 3283 3439 3284
f 3439 3440 3284
f 3284 3440 3285
f 3440 3441 3285
f 3285 3441 3286
f 3441 3442 3286
f 3286 3442 3287
f 3442 3443 3287
f 3287 3443 3288
f 3443 3444 3288
f 3288 3444 3289
f 3444 3445 3289
f 3289 3445 3290
f 3445 3446 3290
f 3290 3446 3291
f 3446 3447 3291
f 3291 3447 3292
f 3447 3448 3292
f 3292 3448 3293
f 3448 3449 3293
f 3293 3449 3294
f 3449 3450 3294
f 3294 3450 3295
f 3450 3451 3295
f 3295 3451 3296
f 3451 3452 3296
f 3296 3452 3297
f 3452 3453 3297
f 3297 3453 3298
f 3453 3454 3298
f 3298 3454 3299
f 3454 3455 3299
f 3299 3455 3300
f 3455 3456 3300
f 3300 3456 3301
f 3456 3457 3301
f 3301 3457 3302
f 3457 3458 3302
f 3302 3458 3303
f 3458 3459 3303
f 3303 3459 3304
f 3459 3460 3304
f 3304 3460 3305
f 3460 3461 3305
f 3305 3461 3306
f 3461 3462 3306
f 3306 3462 3307
f 3462 3463 3307
f 3307 3463 3308
f 3463 3464 3308
f 3308 3464 3309
f 3464 3465 3309
f 3309 3465 3310
f 3465 3466 3310
f 3310 3466 3311
f 3466 3467 3311
f 3311 3467 3312
f 3467 3468 3312
f 3312 3468 3313
f 3468 3469 3313
f 3313 3469 3314
f 3469 3470 3314
f 3314 3470 3315
f 3470 3471 3315
f 3315 3471 3316
f 3471 3472 3316
f 3316 3472 3317
f 3472 3473 3317
f 3317 3473 3318
f 3473 3474 3318
f 3318 3474 3319
f 3474 3475 3319
f 3319 3475 3320
f 3475 3476 3320
f 3321 3477 3478
f 3322 3321 3478
f 3476 3321 3320
f 3477 3321 3476
f 3323 3479 3480
f 3324 3323 3480
f 3480 3325 3324
f 3481 3325 3480
f 3325 3481 3482
f 3326 3325 3482
f 3482 3327 3326
f 3483 3327 3482
f 3327 3483 3328
f 3483 3484 3328
f 3328 3484 3329
f 3484 3485 3329
f 3329 3485 3330
f 3485 3486 3330
f 3330 3486 3331
f 3486 3487 3331
f 3331 3487 3332
f 3487 3488 3332
f 3332 3488 3333
f 3488 3489 3333
f 3333 3489 3334
f 3489 3490 3334
f 3334 3490 3335
f 3490 3491 3335
f 3335 3491 3336
f 3491 3492 3336
f 3336 3492 3337
f 3492 3493 3337
f 3337 3493 3338
f 3493 3494 3338
f 3338 3494 3339
f 3494 3495 3339
f 3339 3495 3340
f 3495 3496 3340
f 3340 3496 3341
f 3496 3497 3341
f 3341 3497 3342
f 3497 3498 3342
f 3342 3498 3343
f 3498 3499 3343
f 3343 3499 3344
f 3499 3500 3344
f 3344 3500 3345
f 3500 3501 3345
f 3345 3501 3346
f 3501 3502 3346
f 3346 3502 3347
f 3502 3503 3347
f 3347 3503 3348
f 3503 3504 3348
f 3348 3504 3349
f 3504 3505 3349
f 3349 3505 3350
f 3505 3506 3350
f 3350 3506 3351
f 3506 3507 3351
f 3351 3507 3352
f 3507 3508 3352
f 3352 3508 3353
f 3508 3509 3353
f 3353 3509 3354
f 3509 3510 3354
f 3354 3510 3355
f 3510 3511 3355
f 3355 3511 3356
f 3511 3512 3356
f 3356 3512 3357
f 3512 3513 3357
f 3357 3513 3358
f 3513 3514 3358
f 3358 3514 3359
f 3514 3515 3359
f 3359 3515 3360
f 3515 3516 3360
f 3360 3516 3361
f 3516 3517 3361
f 3361 3517 3362
f 3517 3518 3362
f 3362 3518 3363
f 3518 3519 3363
f 3363 3519 3364
f 3519 3520 3364
f 3364 3520 3365
f 3520 3521 3365
f 3365 3521 3366
f 3521 3522 3366
f 3366 3522 3367
f 3522 3523 3367
f 3367 3523 3368
f 3523 3524 3368
f 3368 3524 3369
f 3524 3525 3369
f 3369 3525 3370
f 3525 3526 3370
f 3370 3526 3371
f 3526 3527 3371
f 3371 3527 3372
f 3527 3528 3372
f 3372 3528 3373
f 3528 3529 3373
f 3373 3529 3374
f 3529 3530 3374
f 3374 3530 3375
f 3530 3531 3375
f 3375 3531 3376
f 3531 3532 3376
f 3376 3532 3377
f 3532 3533 3377
f 3377 3533 3378
f 3533 3534 3378
f 3378 3534 3379
f 3534 3535 3379
f 3379 3535 3380
f 3535 3536 3380
f 3380 3536 3381
f 3536 3537 3381
f 3381 3537 3382
f 3537 3538 3382
f 3382 3538 3383
f 3538 3539 3383
f 3383 3539 3384
f 3539 3540 3384
f 3384 3540 3385
f 3540 3541 3385
f 3385 3541 3386
f 3541 3542 3386
f 3386 3542 3387
f 3542 3543 3387
f 3387 3543 3388
f 3543 3544 3388
f 3388 3544 3389
f 3544 3545 3389
f 3389 3545 3390
f 3545 3546 3390
f 3390 3546 3391
f 3546 3547 3391
f 3391 3547 3392
f 3547 3548 3392
f 3392 3548 3393
f 3548 3549 3393
f 3393 3549 3394
f 3549 3550 3394
f 3394 3550 3395
f 3550 3551 3395
f 3395 3551 3396
f 3551 3552 3396
f 3396 3552 3397
f 3552 3553 3397
f 3397 3553 3398
f 3553 3554 3398
f 3398 3554 3399
f 3554 3555 3399
f 3399 3555 3400
f 3555 3556 3400
f 3400 3556 3401
f 3556 3557 3401
f 3401 3557 3402
f 3557 3558 3402
f 3402 3558 3403
f 3558 3559 3403
f 3403 3559 3404
f 3559 3560 3404
f 3404 3560 3405
f 3560 3561 3405
f 3405 3561 3406
f 3561 3562 3406
f 3406 3562 3407
f 3562 3563 3407
f 3407 3563 3408
f 3563 3564 3408
f 3408 3564 3409
f 3564 3565 3409
f 3409 3565 3410
f 3565 3566 3410
f 3410 3566 3411
f 3566 3567 3411
f 3411 3567 3412
f 3567 3568 3412
f 3412 3568 3413
f 3568 3569 3413
f 3413 3569 3414
f 3569 3570 3414
f 3414 3570 3415
f 3570 3571 3415
f 3415 3571 3416
f 3571 3572 3416
f 3416 3572 3417
f 3572 3573 3417
f 3417 3573 3418
f 3573 3574 3418
f 3418 3574 3419
f 3574 3575 3419
f 3419 3575 3420
f 3575 3576 3420
f 3420 3576 3421
f 3576 3577 3421
f 3421 3577 3422
f 3577 3578 3422
f 3422 3578 3423
f 3578 3579 3423
f 3423 3579 3424
f 3579 3580 3424
f 3424 3580 3425
f 3580 3581 3425
f 3425 3581 3426
f 3581 3582 3426
f 3426 3582 3427
f 3582 3583 3427
f 3427 3583 3428
f 3583 3584 3428
f 3428 3584 3429
f 3584 3585 3429
f 3429 3585 3430
f 3585 3586 3430
f 3430 3586 3431
f 3586 3587 3431
f 3431 3587 3432
f 3587 3588 3432
f 3432 3588 3433
f 3588 3589 3433
f 3433 3589 3434
f 3589 3590 3434
f 3434 3590 3435
f 3590 3591 3435
f 3435 3591 3436
f 3591 3592 3436
f 3436 3592 3437
f 3592 3593 3437
f 3437 3593 3438
f 3593 3594 3438
f 3438 3594 3439
f 3594 3595 3439
f 3439 3595 3440
f 3595 3596 3440
f 3440 3596 3441
f 3596 3597 3441
f 3441 3597 3442
f 3597 3598 3442
f 3442 3598 3443
f 3598 3599 3443
f 3443 3599 3444
f 3599 3600 3444
f 3444 3600 3445
f 3600 3601 3445
f 3445 3601 3446
f 3601 3602 3446
f 3446 3602 3447
f 3602 3603 3447
f 3447 3603 3448
f 3603 3604 3448
f 3448 3604 3449
f 3604 3605 3449
f 3449 3605 3450
f 3605 3606 3450
f 3450 3606 3451
f 3606 3607 3451
f 3451 3607 3452
f 3607 3608 3452
f 3452 3608 3453
f 3608 3609 3453
f 3453 3609 3454
f 3609 3610 3454
f 3454 3610 3455
f 3610 3611 3455
f 3455 3611 3456
f 3611 3612 3456
f 3456 3612 3457
f 3612 3613 3457
f 3457 3613 3458
f 3613 3614 3458
f 3458 3614 3459
f 3614 3615 3459
f 3459 3615 3460
f 3615 3616 3460
f 3460 3616 3461
f 3616 3617 3461
f 3461 3617 3462
f 3617 3618 3462
f 3462 3618 3463
f 3618 3619 3463
f 3463 3619 3464
f 3619 3620 3464
f 3464 3620 3465
f 3620 3621 3465
f 3465 3621 3466
f 3621 3622 3466
f 3466 3622 3467
f 3622 3623 3467
f 3467 3623 3468
f 3623 3624 3468
f 3468 3624 3469
f 3624 3625 3469
f 3469 3625 3470
f 3625 3626 3470
f 3470 3626 3471
f 3626 3627 3471
f 3471 3627 3472
f 3627 3628 3472
f 3472 3628 3473
f 3628 3629 3473
f 3473 3629 3474
f 3629 3630 3474
f 3474 3630 3475
f 3630 3631 3475
f 3475 3631 3476
f 3631 3632 3476
f 3477 3633 3634
f 3478 3477 3634
f 3632 3477 3476
f 3633 3477 3632
f 3479 3635 3636
f 3480 3479 3636
f 3636 3481 3480
f 3637 3481 3636
f 3481 3637 3638
f 3482 3481 3638
f 3638 3483 3482
f 3639 3483 3638
f 3483 3639 3484
f 3639 3640 3484
f 3484 3640 3485
f 3640 3641 3485
f 3485 3641 3486
f 3641 3642 3486
f 3486 3642 3487
f 3642 3643 3487
f 3487 3643 3488
f 3643 3644 3488
f 3488 3644 3489
f 3644 3645 3489
f 3489 3645 3490
f 3645 3646 3490
f 3490 3646 3491
f 3646 3647 3491
f 3491 3647 3492
f 3647 3648 3492
f 3492 3648 3493
f 3648 3649 3493
f 3493 3649 3494
f 3649 3650 3494
f 3494 3650 3495
f 3650 3651 3495
f 3495 3651 3496
f 3651 3652 3496
f 3496 3652 3497
f 3652 3653 3497
f 3497 3653 3498
f 3653 3654 3498
f 3498 3654 3499
f 3654 3655 3499
f 3499 3655 3500
f 3655 3656 3500
f 3500 3656 3501
f 3656 3657 3501
f 3501 3657 3502
f 3657 3658 3502
f 3502 3658 3503
f 3658 3659 3503
f 3503 3659 3504
f 3659 3660 3504
f 3504 3660 3505
f 3660 3661 3505
f 3505 3661 3506
f 3661 3662 3506
f 3506 3662 3507
f 3662 3663 3507
f 3507 3663 3508
f 3663 3664 3508
f 3508 3664 3509
f 3664 3665 3509
f 3509 3665 3510
f 3665 3666 3510
f 3510 3666 3511
f 3666 3667 3511
f 3511 3667 3512
f 3667 3668 3512
f 3512 3668 3513
f 3668 3669 3513
f 3513 3669 3514
f 3669 3670 3514
f 3514 3670 3515
f 3670 3671 3515
f 3515 3671 3516
f 3671 3672 3516
f 3516 3672 3517
f 3672 3673 3517
f 3517 3673 3518
f 3673 3674 3518
f 3518 3674 3519
f 3674 3675 3519
f 3519 3675 3520
f 3675 3676 3520
f 3520 3676 3521
f 3676 3677 3521
f 3521 3677 3522
f 3677 3678 3522
f 3522 3678 3523
f 3678 3679 3523
f 3523 3679 3524
f 3679 3680 3524
f 3524 3680 3525
f 3680 3681 3525
f 3525 3681 3526
f 3681 3682 3526
f 3526 3682 3527
f 3682 3683 3527
f 3527 3683 3528
f 3683 3684 3528
f 3528 3684 3529
f 3684 3685 3529
f 3529 3685 3530
f 3685 3686 3530
f 3530 3686 3531
f 3686 3687 3531
f 3531 3687 3532
f 3687 3688 3532
f 3532 3688 3533
f 3688 3689 3533
f 3533 3689 3534
f 3689 3690 3534
f 3534 3690 3535
f 3690 3691 3535
f 3535 3691 3536
f 3691 3692 3536
f 3536 3692 3537
f 3692 3693 3537
f 3537 3693 3538
f 3693 3694 3538
f 3538 3694 3539
f 3694 3695 3539
f 3539 3695 3540
f 3695 3696 3540
f 3540 3696 3541
f 3696 3697 3541
f 3541 3697 3542
f 3697 3698 3542
f 3542 3698 3543
f 3698 3699 3543
f 3543 3699 3544
f 3699 3700 3544
f 3544 3700 3545
f 3700 3701 3545
f 3545 3701 3546
f 3701 3702 3546
f 3546 3702 3547
f 3702 3703 3547
f 3547 3703 3548
f 3703 3704 3548
f 3548 3704 3549
f 3704 3705 3549
f 3549 3705 3550
f 3705 3706 3550
f 3550 3706 3551
f 3706 3707 3551
f 3551 3707 3552
f 3707 3708 3552
f 3552 3708 3553
f 3708 3709 3553
f 3553 3709 3554
f 3709 3710 3554
f 3554 3710 3555
f 3710 3711 3555
f 3555 3711 3556
f 3711 3712 3556
f 3556 3712 3557
f 3712 3713 3557
f 3557 3713 3558
f 3713 3714 3558
f 3558 3714 3559
f 3714 3715 3559
f 3559 3715 3560
f 3715 3716 3560
f 3560 3716 3561
f 3716 3717 3561
f 3561 3717 3562
f 3717 3718 3562
f 3562 3718 3563
f 3718 3719 3563
f 3563 3719 3564
f 3719 3720 3564
f 3564 3720 3565
f 3720 3721 3565
f 3565 3721 3566
f 3721 3722 3566
f 3566 3722 3567
f 3722 3723 3567
f 3567 3723 3568
f 3723 3724 3568
f 3568 3724 3569
f 3724 3725 3569
f 3569 3725 3570
f 3725 3726 3570
f 3570 3726 3571
f 3726 3727 3571
f 3571 3727 3572
f 3727 3728 3572
f 3572 3728 3573
f 3728 3729 3573
f 3573 3729 3574
f 3729 3730 3574
f 3574 3730 3575
f 3730 3731 3575
f 3575 3731 3576
f 3731 3732 3576
f 3576 3732 3577
f 3732 3733 3577
f 3577 3733 3578
f 3733 3734 3578
f 3578 3734 3579
f 3734 3735 3579
f 3579 3735 3580
f 3735 3736 3580
f 3580 3736 3581
f 3736 3737 3581
f 3581 3737 3582
f 3737 3738 3582
f 3582 3738 3583
f 3738 3739 3583
f 3583 3739 3584
f 3739 3740 3584
f 3584 3740 3585
f 3740 3741 3585
f 3585 3741 3586
f 3741 3742 3586
f 3586 3742 3587
f 3742 3743 3587
f 3587 3743 3588
f 3743 3744 3588
f 3588 3744 3589
f 3744 3745 3589
f 3589 3745 3590
f 3745 3746 3590
f 3590 3746 3591
f 3746 3747 3591
f 3591 3747 3592
f 3747 3748 3592
f 3592 3748 3593
f 3748 3749 3593
f 3593 3749 3594
f 3749 3750 3594
f 3594 3750 3595
f 3750 3751 3595
f 3595 3751 3596
f 3751 3752 3596
f 3596 3752 3597
f 3752 3753 3597
f 3597 3753 3598
f 3753 3754 3598
f 3598 3754 3599
f 3754 3755 3599
f 3599 3755 3600
f 3755 3756 3600
f 3600 3756 3601
f 3756 3757 3601
f 3601 3757 3602
f 3757 3758 3602
f 3602 3758 3603
f 3758 3759 3603
f 3603 3759 3604
f 3759 3760 3604
f 3604 3760 3605
f 3760 3761 3605
f 3605 3761 3606
f 3761 3762 3606
f 3606 3762 3607
f 3762 3763 3607
f 3607 3763 3608
f 3763 3764 3608
f 3608 3764 3609
f 3764 3765 3609
f 3609 3765 3610
f 3765 3766 3610
f 3610 3766 3611
f 3766 3767 3611
f 3611 3767 3612
f 3767 3768 3612
f 3612 3768 3613
f 3768 3769 3613
f 3613 3769 3614
f 3769 3770 3614
f 3614 3770 3615
f 3770 3771 3615
f 3615 3771 3616
f 3771 3772 3616
f 3616 3772 3617
f 3772 3773 3617
f 3617 3773 3618
f 3773 3774 3618
f 3618 3774 3619
f 3774 3775 3619
f 3619 3775 3620
f 3775 3776 3620
f 3620 3776 3621
f 3776 3777 3621
f 3621 3777 3622
f 3777 3778 3622
f 3622 3778 3623
f 3778 3779 3623
f 3623 3779 3624
f 3779 3780 3624
f 3624 3780 3625
f 3780 3781 3625
f 3625 3781 3626
f 3781 3782 3626
f 3626 3782 3627
f 3782 3783 3627
f 3627 3783 3628
f 3783 3784 3628
f 3628 3784 3629
f 3784 3785 3629
f 3629 3785 3630
f 3785 3786 3630
f 3630 3786 3631
f 3786 3787 3631
f 3631 3787 3632
f 3787 3788 3632
f 3633 3789 3790
f 3634 3633 3790
f 3788 3633 3632
f 3789 3633 3788
f 3635 3791 3792
f 3636 3635 3792
f 3792 3637 3636
f 3793 3637 3792
f 3637 3793 3794
f 3638 3637 3794
f 3794 3639 3638
f 3795 3639 3794
f 3639 3795 3640
f 3795 3796 3640
f 3640 3796 3641
f 3796 3797 3641
f 3641 3797 3642
f 3797 3798 3642
f 3642 3798 3643
f 3798 3799 3643
f 3643 3799 3644
f 3799 3800 3644
f 3644 3800 3645
f 3800 3801 3645
f 3645 3801 3646
f 3801 3802 3646
f 3646 3802 3647
f 3802 3803 3647
f 3647 3803 3648
f 3803 3804 3648
f 3648 3804 3649
f 3804 3805 3649
f 3649 3805 3650
f 3805 3806 3650
f 3650 3806 3651
f 3806 3807 3651
f 3651 3807 3652
f 3807 3808 3652
f 3652 3808 3653
f 3808 3809 3653
f 3653 3809 3654
f 3809 3810 3654
f 3654 3810 3655
f 3810 3811 3655
f 3655 3811 3656
f 3811 3812 3656
f 3656 3812 3657
f 3812 3813 3657
f 3657 3813 3658
f 3813 3814 3658
f 3658 3814 3659
f 3814 3815 3659
f 3659 3815 3660
f 3815 3816 3660
f 3660 3816 3661
f 3816 3817 3661
f 3661 3817 3662
f 3817 3818 3662
f 3662 3818 3663
f 3818 3819 3663
f 3663 3819 3664
f 3819 3820 3664
f 3664 3820 3665
f 3820 3821 3665
f 3665 3821 3666
f 3821 3822 3666
f 3666 3822 3667
f 3822 3823 3667
f 3667 3823 3668
f 3823 3824 3668
f 3668 3824 3669
f 3824 3825 3669
f 3669 3825 3670
f 3825 3826 3670
f 3670 3826 3671
f 3826 3827 3671
f 3671 3827 3672
f 3827 3828 3672
f 3672 3828 3673
f 3828 3829 3673
f 3673 3829 3674
f 3829 3830 3674
f 3674 3830 3675
f 3830 3831 3675
f 3675 3831 3676
f 3831 3832 3676
f 3676 3832 3677
f 3832 3833 3677
f 3677 3833 3678
f 3833 3834 3678
f 3678 3834 3679
f 3834 3835 3679
f 3679 3835 3680
f 3835 3836 3680
f 3680 3836 3681
f 3836 3837 3681
f 3681 3837 3682
f 3837 3838 3682
f 3682 3838 3683
f 3838 3839 3683
f 3683 3839 3684
f 3839 3840 3684
f 3684 3840 3685
f 3840 3841 3685
f 3685 3841 3686
f 3841 3842 3686
f 3686 3842 3687
f 3842 3843 3687
f 3687 3843 3688
f 3843 3844 3688
f 3688 3844 3689
f 3844 3845 3689
f 3689 3845 3690
f 3845 3846 3690
f 3690 3846 3691
f 3846 3847 3691
f 3691 3847 3692
f 3847 3848 3692
f 3692 3848 3693
f 3848 3849 3693
f 3693 3849 3694
f 3849 3850 3694
f 3694 3850 3695
f 3850 3851 3695
f 3695 3851 3696
f 3851 3852 3696
f 3696 3852 3697
f 3852 3853 3697
f 3697 3853 3698
f 3853 3854 3698
f 3698 3854 3699
f 3854 3855 3699
f 3699 3855 3700
f 3855 3856 3700
f 3700 3856 3701
f 3856 3857 3701
f 3701 3857 3702
f 3857 3858 3702
f 3702 3858 3703
f 3858 3859 3703
f 3703 3859 3704
f 3859 3860 3704
f 3704 3860 3705
f 3860 3861 3705
f 3705 3861 3706
f 3861 3862 3706
f 3706 3862 3707
f 3862 3863 3707
f 3707 3863 3708
f 3863 3864 3708
f 3708 3864 3709
f 3864 3865 3709
f 3709 3865 3710
f 3865 3866 3710
f 3710 3866 3711
f 3866 3867 3711
f 3711 3867 3712
f 3867 3868 3712
f 3712 3868 3713
f 3868 3869 3713
f 3713 3869 3714
f 3869 3870 3714
f 3714 3870 3715
f 3870 3871 3715
f 3715 3871 3716
f 3871 3872 3716
f 3716 3872 3717
f 3872 3873 3717
f 3717 3873 3718
f 3873 3874 3718
f 3718 3874 3719
f 3874 3875 3719
f 3719 3875 3720
f 3875 3876 3720
f 3720 3876 3721
f 3876 3877 3721
f 3721 3877 3722
f 3877 3878 3722
f 3722 3878 3723
f 3878 3879 3723
f 3723 3879 3724
f 3879 3880 3724
f 3724 3880 3725
f 3880 3881 3725
f 3725 3881 3726
f 3881 3882 3726
f 3726 3882 3727
f 3882 3883 3727
f 3727 3883 3728
f 3883 3884 3728
f 3728 3884 3729
f 3884 3885 3729
f 3729 3885 3730
f 3885 3886 3730
f 3730 3886 3731
f 3886 3887 3731
f 3731 3887 3732
f 3887 3888 3732
f 3732 3888 3733
f 3888 3889 3733
f 3733 3889 3734
f 3889 3890 3734
f 3734 3890 3735
f 3890 3891 3735
f 3735 3891 3736
f 3891 3892 3736
f 3736 3892 3737
f 3892 3893 3737
f 3737 3893 3738
f 3893 3894 3738
f 3738 3894 3739
f 3894 3895 3739
f 3739 3895 3740
f 3895 3896 3740
f 3740 3896 3741
f 3896 3897 3741
f 3741 3897 3742
f 3897 3898 3742
f 3742 3898 3743
f 3898 3899 3743
f 3743 3899 3744
f 3899 3900 3744
f 3744 3900 3745
f 3900 3901 3745
f 3745 3901 3746
f 3901 3902 3746
f 3746 3902 3747
f 3902 3903 3747
f 3747 3903 3748
f 3903 3904 3748
f 3748 3904 3749
f 3904 3905 3749
f 3749 3905 3750
f 3905 3906 3750
f 3750 3906 3751
f 3906 3907 3751
f 3751 3907 3752
f 3907 3908 3752
f 3752 3908 3753
f 3908 3909 3753
f 3753 3909 3754
f 3909 3910 3754
f 3754 3910 3755
f 3910 3911 3755
f 3755 3911 3756
f 3911 3912 3756
f 3756 3912 3757
f 3912 3913 3757
f 3757 3913 3758
f 3913 3914 3758
f 3758 3914 3759
f 3914 3915 3759
f 3759 3915 3760
f 3915 3916 3760
f 3760 3916 3761
f 3916 3917 3761
f 3761 3917 3762
f 3917 3918 3762
f 3762 3918 3763
f 3918 3919 3763
f 3763 3919 3764
f 3919 3920 3764
f 3764 3920 3765
f 3920 3921 3765
f 3765 3921 3766
f 3921 3922 3766
f 3766 3922 3767
f 3922 3923 3767
f 3767 3923 3768
f 3923 3924 3768
f 3768 3924 3769
f 3924 3925 3769
f 3769 3925 3770
f 3925 3926 3770
f 3770 3926 3771
f 3926 3927 3771
f 3771 3927 3772
f 3927 3928 3772
f 3772 3928 3773
f 3928 3929 3773
f 3773 3929 3774
f 3929 3930 3774
f 3774 3930 3775
f 3930 3931 3775
f 3775 3931 3776
f 3931 3932 3776
f 3776 3932 3777
f 3932 3933 3777
f 3777 3933 3778
f 3933 3934 3778
f 3778 3934 3779
f 3934 3935 3779
f 3779 3935 3780
f 3935 3936 3780
f 3780 3936 3781
f 3936 3937 3781
f 3781 3937 3782
f 3937 3938 3782
f 3782 3938 3783
f 3938 3939 3783
f 3783 3939 3784
f 3939 3940 3784
f 3784 3940 3785
f 3940 3941 3785
f 3785 3941 3786
f 3941 3942 3786
f 3786 3942 3787
f 3942 3943 3787
f 3787 3943 3788
f 3943 3944 3788
f 3789 3945 3946
f 3790 3789 3946
f 3944 3789 3788
f 3945 3789 3944
f 3791 3947 3948
f 3792 3791 3948
f 3948 3793 3792
f 3949 3793 3948
f 3793 3949 3950
f 3794 3793 3950
f 3950 3795 3794
f 3951 3795 3950
f 3795 3951 3796
f 3951 3952 3796
f 3796 3952 3797
f 3952 3953 3797
f 3797 3953 3798
f 3953 3954 3798
f 3798 3954 3799
f 3954 3955 3799
f 3799 3955 3800
f 3955 3956 3800
f 3800 3956 3801
f 3956 3957 3801
f 3801 3957 3802
f 3957 3958 3802
f 3802 3958 3803
f 3958 3959 3803
f 3803 3959 3804
f 3959 3960 3804
f 3804 3960 3805
f 3960 3961 3805
f 3805 3961 3806
f 3961 3962 3806
f 3806 3962 3807
f 3962 3963 3807
f 3807 3963 3808
f 3963 3964 3808
f 3808 3964 3809
f 3964 3965 3809
f 3809 3965 3810
f 3965 3966 3810
f 3810 3966 3811
f 3966 3967 3811
f 3811 3967 3812
f 3967 3968 3812
f 3812 3968 3813
f 3968 3969 3813
f 3813 3969 3814
f 3969 3970 3814
f 3814 3970 3815
f 3970 3971 3815
f 3815 3971 3816
f 3971 3972 3816
f 3816 3972 3817
f 3972 3973 3817
f 3817 3973 3818
f 3973 3974 3818
f 3818 3974 3819
f 3974 3975 3819
f 3819 3975 3820
f 3975 3976 3820
f 3820 3976 3821
f 3976 3977 3821
f 3821 3977 3822
f 3977 3978 3822
f 3822 3978 3823
f 3978 3979 3823
f 3823 3979 3824
f 3979 3980 3824
f 3824 3980 3825
f 3980 3981 3825
f 3825 3981 3826
f 3981 3982 3826
f 3826 3982 3827
f 3982 3983 3827
f 3827 3983 3828
f 3983 3984 3828
f 3828 3984 3829
f 3984 3985 3829
f 3829 3985 3830
f 3985 3986 3830
f 3830 3986 3831
f 3986 3987 3831
f 3831 3987 3832
f 3987 3988 3832
f 3832 3988 3833
f 3988 3989 3833
f 3833 3989 3834
f 3989 3990 3834
f 3834 3990 3835
f 3990 3991 3835
f 3835 3991 3836
f 3991 3992 3836
f 3836 3992 3837
f 3992 3993 3837
f 3837 3993 3838
f 3993 3994 3838
f 3838 3994 3839
f 3994 3995 3839
f 3839 3995 3840
f 3995 3996 3840
f 3840 3996 3841
f 3996 3997 3841
f 3841 3997 3842
f 3997 3998 3842
f 3842 3998 3843
f 3998 3999 3843
f 3843 3999 3844
f 3999 4000 3844
f 3844 4000 3845
f 4000 4001 3845
f 3845 4001 3846
f 4001 4002 3846
f 3846 4002 3847
f 4002 4003 3847
f 3847 4003 3848
f 4003 4004 3848
f 3848 4004 3849
f 4004 4005 3849
f 3849 4005 3850
f 4005 4006 3850
f 3850 4006 3851
f 4006 4007 3851
f 3851 4007 3852
f 4007 4008 3852
f 3852 4008 3853
f 4008 4009 3853
f 3853 4009 3854
f 4009 4010 3854
f 3854 4010 3855
f 4010 4011 3855
f 3855 4011 3856
f 4011 4012 3856
f 3856 4012 3857
f 4012 4013 3857
f 3857 4013 3858
f 4013 4014 3858
f 3858 4014 3859
f 4014 4015 3859
f 3859 4015 3860
f 4015 4016 3860
f 3860 4016 3861
f 4016 4017 3861
f 3861 4017 3862
f 4017 4018 3862
f 3862 4018 3863
f 4018 4019 3863
f 3863 4019 3864
f 4019 4020 3864
f 3864 4020 3865
f 4020 4021 3865
f 3865 4021 3866
f 4021 4022 3866
f 3866 4022 3867
f 4022 4023 3867
f 3867 4023 3868
f 4023 4024 3868
f 3868 4024 3869
f 4024 4025 3869
f 3869 4025 3870
f 4025 4026 3870
f 3870 4026 3871
f 4026 4027 3871
f 3871 4027 3872
f 4027 4028 3872
f 3872 4028 3873
f 4028 4029 3873
f 3873 4029 3874
f 4029 4030 3874
f 3874 4030 3875
f 4030 4031 3875
f 3875 4031 3876
f 4031 4032 3876
f 3876 4032 3877
f 4032 4033 3877
f 3877 4033 3878
f 4033 4034 3878
f 3878 4034 3879
f 4034 4035 3879
f 3879 4035 3880
f 4035 4036 3880
f 3880 4036 3881
f 4036 4037 3881
f 3881 4037 3882
f 4037 4038 3882
f 3882 4038 3883
f 4038 4039 3883
f 3883 4039 3884
f 4039 4040 3884
f 3884 4040 3885
f 4040 4041 3885
f 3885 4041 3886
f 4041 4042 3886
f 3886 4042 3887
f 4042 4043 3887
f 3887 4043 3888
f 4043 4044 3888
f 3888 4044 3889
f 4044 4045 3889
f 3889 4045 3890
f 4045 4046 3890
f 3890 4046 3891
f 4046 4047 3891
f 3891 4047 3892
f 4047 4048 3892
f 3892 4048 3893
f 4048 4049 3893
f 3893 4049 3894
f 4049 4050 3894
f 3894 4050 3895
f 4050 4051 3895
f 3895 4051 3896
f 4051 4052 3896
f 3896 4052 3897
f 4052 4053 3897
f 3897 4053 3898
f 4053 4054 3898
f 3898 4054 3899
f 4054 4055 3899
f 3899 4055 3900
f 4055 4056 3900
f 3900 4056 3901
f 4056 4057 3901
f 3901 4057 3902
f 4057 4058 3902
f 3902 4058 3903
f 4058 4059 3903
f 3903 4059 3904
f 4059 4060 3904
f 3904 4060 3905
f 4060 4061 3905
f 3905 4061 3906
f 4061 4062 3906
f 3906 4062 3907
f 4062 4063 3907
f 3907 4063 3908
f 4063 4064 3908
f 3908 4064 3909
f 4064 4065 3909
f 3909 4065 3910
f 4065 4066 3910
f 3910 4066 3911
f 4066 4067 3911
f 3911 4067 3912
f 4067 4068 3912
f 3912 4068 3913
f 4068 4069 3913
f 3913 4069 3914
f 4069 4070 3914
f 3914 4070 3915
f 4070 4071 3915
f 3915 4071 3916
f 4071 4072 3916
f 3916 4072 3917
f 4072 4073 3917
f 3917 4073 3918
f 4073 4074 3918
f 3918 4074 3919
f 4074 4075 3919
f 3919 4075 3920
f 4075 4076 3920
f 3920 4076 3921
f 4076 4077 3921
f 3921 4077 3922
f 4077 4078 3922
f 3922 4078 3923
f 4078 4079 3923
f 3923 4079 3924
f 4079 4080 3924
f 3924 4080 3925
f 4080 4081 3925
f 3925 4081 3926
f 4081 4082 3926
f 3926 4082 3927
f 4082 4083 3927
f 3927 4083 3928
f 4083 4084 3928
f 3928 4084 3929
f 4084 4085 3929
f 3929 4085 3930
f 4085 4086 3930
f 3930 4086 3931
f 4086 4087 3931
f 3931 4087 3932
f 4087 4088 3932
f 3932 4088 3933
f 4088 4089 3933
f 3933 4089 3934
f 4089 4090 3934
f 3934 4090 3935
f 4090 4091 3935
f 3935 4091 3936
f 4091 4092 3936
f 3936 4092 3937
f 4092 4093 3937
f 3937 4093 3938
f 4093 4094 3938
f 3938 4094 3939
f 4094 4095 3939
f 3939 4095 3940
f 4095 4096 3940
f 3940 4096 3941
f 4096 4097 3941
f 3941 4097 3942
f 4097 4098 3942
f 3942 4098 3943
f 4098 4099 3943
f 3943 4099 3944
f 4099 4100 3944
f 3945 4101 4102
f 3946 3945 4102
f 4100 3945 3944
f 4101 3945 4100
f 3947 4103 4104
f 3948 3947 4104
f 4104 3949 3948
f 4105 3949 4104
f 3949 4105 4106
f 3950 3949 4106
f 4106 3951 3950
f 4107 3951 4106
f 3951 4107 3952
f 4107 4108 3952
f 3952 4108 3953
f 4108 4109 3953
f 3953 4109 3954
f 4109 4110 3954
f 3954 4110 3955
f 4110 4111 3955
f 3955 4111 3956
f 4111 4112 3956
f 3956 4112 3957
f 4112 4113 3957
f 3957 4113 3958
f 4113 4114 3958
f 3958 4114 3959
f 4114 4115 3959
f 3959 4115 3960
f 4115 4116 3960
f 3960 4116 3961
f 4116 4117 3961
f 3961 4117 3962
f 4117 4118 3962
f 3962 4118 3963
f 4118 4119 3963
f 3963 4119 3964
f 4119 4120 3964
f 3964 4120 3965
f 4120 4121 3965
f 3965 4121 3966
f 4121 4122 3966
f 3966 4122 3967
f 4122 4123 3967
f 3967 4123 3968
f 4123 4124 3968
f 3968 4124 3969
f 4124 4125 3969
f 3969 4125 3970
f 4125 4126 3970
f 3970 4126 3971
f 4126 4127 3971
f 3971 4127 3972
f 4127 4128 3972
f 3972 4128 3973
f 4128 4129 3973
f 3973 4129 3974
f 4129 4130 3974
f 3974 4130 3975
f 4130 4131 3975
f 3975 4131 3976
f 4131 4132 3976
f 3976 4132 3977
f 4132 4133 3977
f 3977 4133 3978
f 4133 4134 3978
f 3978 4134 3979
f 4134 4135 3979
f 3979 4135 3980
f 4135 4136 3980
f 3980 4136 3981
f 4136 4137 3981
f 3981 4137 3982
f 4137 4138 3982
f 3982 4138 3983
f 4138 4139 3983
f 3983 4139 3984
f 4139 4140 3984
f 3984 4140 3985
f 4140 4141 3985
f 3985 4141 3986
f 4141 4142 3986
f 3986 4142 3987
f 4142 4143 3987
f 3987 4143 3988
f 4143 4144 3988
f 3988 4144 3989
f 4144 4145 3989
f 3989 4145 3990
f 4145 4146 3990
f 3990 4146 3991
f 4146 4147 3991
f 3991 4147 3992
f 4147 4148 3992
f 3992 4148 3993
f 4148 4149 3993
f 3993 4149 3994
f 4149 4150 3994
f 3994 4150 3995
f 4150 4151 3995
f 3995 4151 3996
f 4151 4152 3996
f 3996 4152 3997
f 4152 4153 3997
f 3997 4153 3998
f 4153 4154 3998
f 3998 4154 3999
f 4154 4155 3999
f 3999 4155 4000
f 4155 4156 4000
f 4000 4156 4001
f 4156 4157 4001
f 4001 4157 4002
f 4157 4158 4002
f 4002 4158 4003
f 4158 4159 4003
f 4003 4159 4004
f 4159 4160 4004
f 4004 4160 4005
f 4160 4161 4005
f 4005 4161 4006
f 4161 4162 4006
f 4006 4162 4007
f 4162 4163 4007
f 4007 4163 4008
f 4163 4164 4008
f 4008 4164 4009
f 4164 4165 4009
f 4009 4165 4010
f 4165 4166 4010
f 4010 4166 4011
f 4166 4167 4011
f 4011 4167 4012
f 4167 4168 4012
f 4012 4168 4013
f 4168 4169 4013
f 4013 4169 4014
f 4169 4170 4014
f 4014 4170 4015
f 4170 4171 4015
f 4015 4171 4016
f 4171 4172 4016
f 4016 4172 4017
f 4172 4173 4017
f 4017 4173 4018
f 4173 4174 4018
f 4018 4174 4019
f 4174 4175 4019
f 4019 4175 4020
f 4175 4176 4020
f 4020 4176 4021
f 4176 4177 4021
f 4021 4177 4022
f 4177 4178 4022
f 4022 4178 4023
f 4178 4179 4023
f 4023 4179 4024
f 4179 4180 4024
f 4024 4180 4025
f 4180 4181 4025
f 4025 4181 4026
f 4181 4182 4026
f 4026 4182 4027
f 4182 4183 4027
f 4027 4183 4028
f 4183 4184 4028
f 4028 4184 4029
f 4184 4185 4029
f 4029 4185 4030
f 4185 4186 4030
f 4030 4186 4031
f 4186 4187 4031
f 4031 4187 4032
f 4187 4188 4032
f 4032 4188 4033
f 4188 4189 4033
f 4033 4189 4034
f 4189 4190 4034
f 4034 4190 4035
f 4190 4191 4035
f 4035 4191 4036
f 4191 4192 4036
f 4036 4192 4037
f 4192 4193 4037
f 4037 4193 4038
f 4193 4194 4038
f 4038 4194 4039
f 4194 4195 4039
f 4039 4195 4040
f 4195 4196 4040
f 4040 4196 4041
f 4196 4197 4041
f 4041 4197 4042
f 4197 4198 4042
f 4042 4198 4043
f 4198 4199 4043
f 4043 4199 4044
f 4199 4200 4044
f 4044 4200 4045
f 4200 4201 4045
f 4045 4201 4046
f 4201 4202 4046
f 4046 4202 4047
f 4202 4203 4047
f 4047 4203 4048
f 4203 4204 4048
f 4048 4204 4049
f 4204 4205 4049
f 4049 4205 4050
f 4205 4206 4050
f 4050 4206 4051
f 4206 4207 4051
f 4051 4207 4052
f 4207 4208 4052
f 4052 4208 4053
f 4208 4209 4053
f 4053 4209 4054
f 4209 4210 4054
f 4054 4210 4055
f 4210 4211 4055
f 4055 4211 4056
f 4211 4212 4056
f 4056 4212 4057
f 4212 4213 4057
f 4057 4213 4058
f 4213 4214 4058
f 4058 4214 4059
f 4214 4215 4059
f 4059 4215 4060
f 4215 4216 4060
f 4060 4216 4061
f 4216 4217 4061
f 4061 4217 4062
f 4217 4218 4062
f 4062 4218 4063
f 4218 4219 4063
f 4063 4219 4064
f 4219 4220 4064
f 4064 4220 4065
f 4220 4221 4065
f 4065 4221 4066
f 4221 4222 4066
f 4066 4222 4067
f 4222 4223 4067
f 4067 4223 4068
f 4223 4224 4068
f 4068 4224 4069
f 4224 4225 4069
f 4069 4225 4070
f 4225 4226 4070
f 4070 4226 4071
f 4226 4227 4071
f 4071 4227 4072
f 4227 4228 4072
f 4072 4228 4073
f 4228 4229 4073
f 4073 4229 4074
f 4229 4230 4074
f 4074 4230 4075
f 4230 4231 4075
f 4075 4231 4076
f 4231 4232 4076
f 4076 4232 4077
f 4232 4233 4077
f 4077 4233 4078
f 4233 4234 4078
f 4078 4234 4079
f 4234 4235 4079
f 4079 4235 4080
f 4235 4236 4080
f 4080 4236 4081
f 4236 4237 4081
f 4081 4237 4082
f 4237 4238 4082
f 4082 4238 4083
f 4238 4239 4083
f 4083 4239 4084
f 4239 4240 4084
f 4084 4240 4085
f 4240 4241 4085
f 4085 4241 4086
f 4241 4242 4086
f 4086 4242 4087
f 4242 4243 4087
f 4087 4243 4088
f 4243 4244 4088
f 4088 4244 4089
f 4244 4245 4089
f 4089 4245 4090
f 4245 4246 4090
f 4090 4246 4091
f 4246 4247 4091
f 4091 4247 4092
f 4247 4248 4092
f 4092 4248 4093
f 4248 4249 4093
f 4093 4249 4094
f 4249 4250 4094
f 4094 4250 4095
f 4250 4251 4095
f 4095 4251 4096
f 4251 4252 4096
f 4096 4252 4097
f 4252 4253 4097
f 4097 4253 4098
f 4253 4254 4098
f 4098 4254 4099
f 4254 4255 4099
f 4099 4255 4100
f 4255 4256 4100
f 4101 4257 4258
f 4102 4101 4258
f 4256 4101 4100
f 4257 4101 4256
f 4103 4259 4260
f 4104 4103 4260
f 4260 4105 4104
f 4261 4105 4260
f 4105 4261 4262
f 4106 4105 4262
f 4262 4107 4106
f 4263 4107 4262
f 4107 4263 4108
f 4263 4264 4108
f 4108 4264 4109
f 4264 4265 4109
f 4109 4265 4110
f 4265 4266 4110
f 4110 4266 4111
f 4266 4267 4111
f 4111 4267 4112
f 4267 4268 4112
f 4112 4268 4113
f 4268 4269 4113
f 4113 4269 4114
f 4269 4270 4114
f 4114 4270 4115
f 4270 4271 4115
f 4115 4271 4116
f 4271 4272 4116
f 4116 4272 4117
f 4272 4273 4117
f 4117 4273 4118
f 4273 4274 4118
f 4118 4274 4119
f 4274 4275 4119
f 4119 4275 4120
f 4275 4276 4120
f 4120 4276 4121
f 4276 4277 4121
f 4121 4277 4122
f 4277 4278 4122
f 4122 4278 4123
f 4278 4279 4123
f 4123 4279 4124
f 4279 4280 4124
f 4124 4280 4125
f 4280 4281 4125
f 4125 4281 4126
f 4281 4282 4126
f 4126 4282 4127
f 4282 4283 4127
f 4127 4283 4128
f 4283 4284 4128
f 4128 4284 4129
f 4284 4285 4129
f 4129 4285 4130
f 4285 4286 4130
f 4130 4286 4131
f 4286 4287 4131
f 4131 4287 4132
f 4287 4288 4132
f 4132 4288 4133
f 4288 4289 4133
f 4133 4289 4134
f 4289 4290 4134
f 4134 4290 4135
f 4290 4291 4135
f 4135 4291 4136
f 4291 4292 4136
f 4136 4292 4137
f 4292 4293 4137
f 4137 4293 4138
f 4293 4294 4138
f 4138 4294 4139
f 4294 4295 4139
f 4139 4295 4140
f 4295 4296 4140
f 4140 4296 4141
f 4296 4297 4141
f 4141 4297 4142
f 4297 4298 4142
f 4142 4298 4143
f 4298 4299 4143
f 4143 4299 4144
f 4299 4300 4144
f 4144 4300 4145
f 4300 4301 4145
f 4145 4301 4146
f 4301 4302 4146
f 4146 4302 4147
f 4302 4303 4147
f 4147 4303 4148
f 4303 4304 4148
f 4148 4304 4149
f 4304 4305 4149
f 4149 4305 4150
f 4305 4306 4150
f 4150 4306 4151
f 4306 4307 4151
f 4151 4307 4152
f 4307 4308 4152
f 4152 4308 4153
f 4308 4309 4153
f 4153 4309 4154
f 4309 4310 4154
f 4154 4310 4155
f 4310 4311 4155
f 4155 4311 4156
f 4311 4312 4156
f 4156 4312 4157
f 4312 4313 4157
f 4157 4313 4158
f 4313 4314 4158
f 4158 4314 4159
f 4314 4315 4159
f 4159 4315 4160
f 4315 4316 4160
f 4160 4316 4161
f 4316 4317 4161
f 4161 4317 4162
f 4317 4318 4162
f 4162 4318 4163
f 4318 4319 4163
f 4163 4319 4164
f 4319 4320 4164
f 4164 4320 4165
f 4320 4321 4165
f 4165 4321 4166
f 4321 4322 4166
f 4166 4322 4167
f 4322 4323 4167
f 4167 4323 4168
f 4323 4324 4168
f 4168 4324 4169
f 4324 4325 4169
f 4169 4325 4170
f 4325 4326 4170
f 4170 4326 4171
f 4326 4327 4171
f 4171 4327 4172
f 4327 4328 4172
f 4172 4328 4173
f 4328 4329 4173
f 4173 4329 4174
f 4329 4330 4174
f 4174 4330 4175
f 4330 4331 4175
f 4175 4331 4176
f 4331 4332 4176
f 4176 4332 4177
f 4332 4333 4177
f 4177 4333 4178
f 4333 4334 4178
f 4178 4334 4179
f 4334 4335 4179
f 4179 4335 4180
f 4335 4336 4180
f 4180 4336 4181
f 4336 4337 4181
f 4181 4337 4182
f 4337 4338 4182
f 4182 4338 4183
f 4338 4339 4183
f 4183 4339 4184
f 4339 4340 4184
f 4184 4340 4185
f 4340 4341 4185
f 4185 4341 4186
f 4341 4342 4186
f 4186 4342 4187
f 4342 4343 4187
f 4187 4343 4188
f 4343 4344 4188
f 4188 4344 4189
f 4344 4345 4189
f 4189 4345 4190
f 4345 4346 4190
f 4190 4346 4191
f 4346 4347 4191
f 4191 4347 4192
f 4347 4348 4192
f 4192 4348 4193
f 4348 4349 4193
f 4193 4349 4194
f 4349 4350 4194
f 4194 4350 4195
f 4350 4351 4195
f 4195 4351 4196
f 4351 4352 4196
f 4196 4352 4197
f 4352 4353 4197
f 4197 4353 4198
f 4353 4354 4198
f 4198 4354 4199
f 4354 4355 4199
f 4199 4355 4200
f 4355 4356 4200
f 4200 4356 4201
f 4356 4357 4201
f 4201 4357 4202
f 4357 4358 4202
f 4202 4358 4203
f 4358 4359 4203
f 4203 4359 4204
f 4359 4360 4204
f 4204 4360 4205
f 4360 4361 4205
f 4205 4361 4206
f 4361 4362 4206
f 4206 4362 4207
f 4362 4363 4207
f 4207 4363 4208
f 4363 4364 4208
f 4208 4364 4209
f 4364 4365 4209
f 4209 4365 4210
f 4365 4366 4210
f 4210 4366 4211
f 4366 4367 4211
f 4211 4367 4212
f 4367 4368 4212
f 4212 4368 4213
f 4368 4369 4213
f 4213 4369 4214
f 4369 4370 4214
f 4214 4370 4215
f 4370 4371 4215
f 4215 4371 4216
f 4371 4372 4216
f 4216 4372 4217
f 4372 4373 4217
f 4217 4373 4218
f 4373 4374 4218
f 4218 4374 4219
f 4374 4375 4219
f 4219 4375 4220
f 4375 4376 4220
f 4220 4376 4221
f 4376 4377 4221
f 4221 4377 4222
f 4377 4378 4222
f 4222 4378 4223
f 4378 4379 4223
f 4223 4379 4224
f 4379 4380 4224
f 4224 4380 4225
f 4380 4381 4225
f 4225 4381 4226
f 4381 4382 4226
f 4226 4382 4227
f 4382 4383 4227
f 4227 4383 4228
f 4383 4384 4228
f 4228 4384 4229
f 4384 4385 4229
f 4229 4385 4230
f 4385 4386 4230
f 4230 4386 4231
f 4386 4387 4231
f 4231 4387 4232
f 4387 4388 4232
f 4232 4388 4233
f 4388 4389 4233
f 4233 4389 4234
f 4389 4390 4234
f 4234 4390 4235
f 4390 4391 4235
f 4235 4391 4236
f 4391 4392 4236
f 4236 4392 4237
f 4392 4393 4237
f 4237 4393 4238
f 4393 4394 4238
f 4238 4394 4239
f 4394 4395 4239
f 4239 4395 4240
f 4395 4396 4240
f 4240 4396 4241
f 4396 4397 4241
f 4241 4397 4242
f 4397 4398 4242
f 4242 4398 4243
f 4398 4399 4243
f 4243 4399 4244
f 4399 4400 4244
f 4244 4400 4245
f 4400 4401 4245
f 4245 4401 4246
f 4401 4402 4246
f 4246 4402 4247
f 4402 4403 4247
f 4247 4403 4248
f 4403 4404 4248
f 4248 4404 4249
f 4404 4405 4249
f 4249 4405 4250
f 4405 4406 4250
f 4250 4406 4251
f 4406 4407 4251
f 4251 4407 4252
f 4407 4408 4252
f 4252 4408 4253
f 4408 4409 4253
f 4253 4409 4254
f 4409 4410 4254
f 4254 4410 4255
f 4410 4411 4255
f 4255 4411 4256
f 4411 4412 4256
f 4257 4413 4414
f 4258 4257 4414
f 4412 4257 4256
f 4413 4257 4412
f 4259 4415 4416
f 4260 4259 4416
f 4416 4261 4260
f 4417 4261 4416
f 4261 4417 4418
f 4262 4261 4418
f 4418 4263 4262
f 4419 4263 4418
f 4263 4419 4264
f 4419 4420 4264
f 4264 4420 4265
f 4420 4421 4265
f 4265 4421 4266
f 4421 4422 4266
f 4266 4422 4267
f 4422 4423 4267
f 4267 4423 4268
f 4423 4424 4268
f 4268 4424 4269
f 4424 4425 4269
f 4269 4425 4270
f 4425 4426 4270
f 4270 4426 4271
f 4426 4427 4271
f 4271 4427 4272
f 4427 4428 4272
f 4272 4428 4273
f 4428 4429 4273
f 4273 4429 4274
f 4429 4430 4274
f 4274 4430 4275
f 4430 4431 4275
f 4275 4431 4276
f 4431 4432 4276
f 4276 4432 4277
f 4432 4433 4277
f 4277 4433 4278
f 4433 4434 4278
f 4278 4434 4279
f 4434 4435 4279
f 4279 4435 4280
f 4435 4436 4280
f 4280 4436 4281
f 4436 4437 4281
f 4281 4437 4282
f 4437 4438 4282
f 4282 4438 4283
f 4438 4439 4283
f 4283 4439 4284
f 4439 4440 4284
f 4284 4440 4285
f 4440 4441 4285
f 4285 4441 4286
f 4441 4442 4286
f 4286 4442 4287
f 4442 4443 4287
f 4287 4443 4288
f 4443 4444 4288
f 4288 4444 4289
f 4444 4445 4289
f 4289 4445 4290
f 4445 4446 4290
f 4290 4446 4291
f 4446 4447 4291
f 4291 4447 4292
f 4447 4448 4292
f 4292 4448 4293
f 4448 4449 4293
f 4293 4449 4294
f 4449 4450 4294
f 4294 4450 4295
f 4450 4451 4295
f 4295 4451 4296
f 4451 4452 4296
f 4296 4452 4297
f 4452 4453 4297
f 4297 4453 4298
f 4453 4454 4298
f 4298 4454 4299
f 4454 4455 4299
f 4299 4455 4300
f 4455 4456 4300
f 4300 4456 4301
f 4456 4457 4301
f 4301 4457 4302
f 4457 4458 4302
f 4302 4458 4303
f 4458 4459 4303
f 4303 4459 4304
f 4459 4460 4304
f 4304 4460 4305
f 4460 4461 4305
f 4305 4461 4306
f 4461 4462 4306
f 4306 4462 4307
f 4462 4463 4307
f 4307 4463 4308
f 4463 4464 4308
f 4308 4464 4309
f 4464 4465 4309
f 4309 4465 4310
f 4465 4466 4310
f 4310 4466 4311
f 4466 4467 4311
f 4311 4467 4312
f 4467 4468 4312
f 4312 4468 4313
f 4468 4469 4313
f 4313 4469 4314
f 4469 4470 4314
f 4314 4470 4315
f 4470 4471 4315
f 4315 4471 4316
f 4471 4472 4316
f 4316 4472 4317
f 4472 4473 4317
f 4317 4473 4318
f 4473 4474 4318
f 4318 4474 4319
f 4474 4475 4319
f 4319 4475 4320
f 4475 4476 4320
f 4320 4476 4321
f 4476 4477 4321
f 4321 4477 4322
f 4477 4478 4322
f 4322 4478 4323
f 4478 4479 4323
f 4323 4479 4324
f 4479 4480 4324
f 4324 4480 4325
f 4480 4481 4325
f 4325 4481 4326
f 4481 4482 4326
f 4326 4482 4327
f 4482 4483 4327
f 4327 4483 4328
f 4483 4484 4328
f 4328 4484 4329
f 4484 4485 4329
f 4329 4485 4330
f 4485 4486 4330
f 4330 4486 4331
f 4486 4487 4331
f 4331 4487 4332
f 4487 4488 4332
f 4332 4488 4333
f 4488 4489 4333
f 4333 4489 4334
f 4489 4490 4334
f 4334 4490 4335
f 4490 4491 4335
f 4335 4491 4336
f 4491 4492 4336
f 4336 4492 4337
f 4492 4493 4337
f 4337 4493 4338
f 4493 4494 4338
f 4338 4494 4339
f 4494 4495 4339
f 4339 4495 4340
f 4495 4496 4340
f 4340 4496 4341
f 4496 4497 4341
f 4341 4497 4342
f 4497 4498 4342
f 4342 4498 4343
f 4498 4499 4343
f 4343 4499 4344
f 4499 4500 4344
f 4344 4500 4345
f 4500 4501 4345
f 4345 4501 4346
f 4501 4502 4346
f 4346 4502 4347
f 4502 4503 4347
f 4347 4503 4348
f 4503 4504 4348
f 4348 4504 4349
f 4504 4505 4349
f 4349 4505 4350
f 4505 4506 4350
f 4350 4506 4351
f 4506 4507 4351
f 4351 4507 4352
f 4507 4508 4352
f 4352 4508 4353
f 4508 4509 4353
f 4353 4509 4354
f 4509 4510 4354
f 4354 4510 4355
f 4510 4511 4355
f 4355 4511 4356
f 4511 4512 4356
f 4356 4512 4357
f 4512 4513 4357
f 4357 4513 4358
f 4513 4514 4358
f 4358 4514 4359
f 4514 4515 4359
f 4359 4515 4360
f 4515 4516 4360
f 4360 4516 4361
f 4516 4517 4361
f 4361 4517 4362
f 4517 4518 4362
f 4362 4518 4363
f 4518 4519 4363
f 4363 4519 4364
f 4519 4520 4364
f 4364 4520 4365
f 4520 4521 4365
f 4365 4521 4366
f 4521 4522 4366
f 4366 4522 4367
f 4522 4523 4367
f 4367 4523 4368
f 4523 4524 4368
f 4368 4524 4369
f 4524 4525 4369
f 4369 4525 4370
f 4525 4526 4370
f 4370 4526 4371
f 4526 4527 4371
f 4371 4527 4372
f 4527 4528 4372
f 4372 4528 4373
f 4528 4529 4373
f 4373 4529 4374
f 4529 4530 4374
f 4374 4530 4375
f 4530 4531 4375
f 4375 4531 4376
f 4531 4532 4376
f 4376 4532 4377
f 4532 4533 4377
f 4377 4533 4378
f 4533 4534 4378
f 4378 4534 4379
f 4534 4535 4379
f 4379 4535 4380
f 4535 4536 4380
f 4380 4536 4381
f 4536 4537 4381
f 4381 4537 4382
f 4537 4538 4382
f 4382 4538 4383
f 4538 4539 4383
f 4383 4539 4384
f 4539 4540 4384
f 4384 4540 4385
f 4540 4541 4385
f 4385 4541 4386
f 4541 4542 4386
f 4386 4542 4387
f 4542 4543 4387
f 4387 4543 4388
f 4543 4544 4388
f 4388 4544 4389
f 4544 4545 4389
f 4389 4545 4390
f 4545 4546 4390
f 4390 4546 4391
f 4546 4547 4391
f 4391 4547 4392
f 4547 4548 4392
f 4392 4548 4393
f 4548 4549 4393
f 4393 4549 4394
f 4549 4550 4394
f 4394 4550 4395
f 4550 4551 4395
f 4395 4551 4396
f 4551 4552 4396
f 4396 4552 4397
f 4552 4553 4397
f 4397 4553 4398
f 4553 4554 4398
f 4398 4554 4399
f 4554 4555 4399
f 4399 4555 4400
f 4555 4556 4400
f 4400 4556 4401
f 4556 4557 4401
f 4401 4557 4402
f 4557 4558 4402
f 4402 4558 4403
f 4558 4559 4403
f 4403 4559 4404
f 4559 4560 4404
f 4404 4560 4405
f 4560 4561 4405
f 4405 4561 4406
f 4561 4562 4406
f 4406 4562 4407
f 4562 4563 4407
f 4407 4563 4408
f 4563 4564 4408
f 4408 4564 4409
f 4564 4565 4409
f 4409 4565 4410
f 4565 4566 4410
f 4410 4566 4411
f 4566 4567 4411
f 4411 4567 4412
f 4567 4568 4412
f 4413 4569 4570
f 4414 4413 4570
f 4568 4413 4412
f 4569 4413 4568
f 4415 4571 4572
f 4416 4415 4572
f 4572 4417 4416
f 4573 4417 4572
f 4417 4573 4574
f 4418 4417 4574
f 4574 4419 4418
f 4575 4419 4574
f 4419 4575 4420
f 4575 4576 4420
f 4420 4576 4421
f 4576 4577 4421
f 4421 4577 4422
f 4577 4578 4422
f 4422 4578 4423
f 4578 4579 4423
f 4423 4579 4424
f 4579 4580 4424
f 4424 4580 4425
f 4580 4581 4425
f 4425 4581 4426
f 4581 4582 4426
f 4426 4582 4427
f 4582 4583 4427
f 4427 4583 4428
f 4583 4584 4428
f 4428 4584 4429
f 4584 4585 4429
f 4429 4585 4430
f 4585 4586 4430
f 4430 4586 4431
f 4586 4587 4431
f 4431 4587 4432
f 4587 4588 4432
f 4432 4588 4433
f 4588 4589 4433
f 4433 4589 4434
f 4589 4590 4434
f 4434 4590 4435
f 4590 4591 4435
f 4435 4591 4436
f 4591 4592 4436
f 4436 4592 4437
f 4592 4593 4437
f 4437 4593 4438
f 4593 4594 4438
f 4438 4594 4439
f 4594 4595 4439
f 4439 4595 4440
f 4595 4596 4440
f 4440 4596 4441
f 4596 4597 4441
f 4441 4597 4442
f 4597 4598 4442
f 4442 4598 4443
f 4598 4599 4443
f 4443 4599 4444
f 4599 4600 4444
f 4444 4600 4445
f 4600 4601 4445
f 4445 4601 4446
f 4601 4602 4446
f 4446 4602 4447
f 4602 4603 4447
f 4447 4603 4448
f 4603 4604 4448
f 4448 4604 4449
f 4604 4605 4449
f 4449 4605 4450
f 4605 4606 4450
f 4450 4606 4451
f 4606 4607 4451
f 4451 4607 4452
f 4607 4608 4452
f 4452 4608 4453
f 4608 4609 4453
f 4453 4609 4454
f 4609 4610 4454
f 4454 4610 4455
f 4610 4611 4455
f 4455 4611 4456
f 4611 4612 4456
f 4456 4612 4457
f 4612 4613 4457
f 4457 4613 4458
f 4613 4614 4458
f 4458 4614 4459
f 4614 4615 4459
f 4459 4615 4460
f 4615 4616 4460
f 4460 4616 4461
f 4616 4617 4461
f 4461 4617 4462
f 4617 4618 4462
f 4462 4618 4463
f 4618 4619 4463
f 4463 4619 4464
f 4619 4620 4464
f 4464 4620 4465
f 4620 4621 4465
f 4465 4621 4466
f 4621 4622 4466
f 4466 4622 4467
f 4622 4623 4467
f 4467 4623 4468
f 4623 4624 4468
f 4468 4624 4469
f 4624 4625 4469
f 4469 4625 4470
f 4625 4626 4470
f 4470 4626 4471
f 4626 4627 4471
f 4471 4627 4472
f 4627 4628 4472
f 4472 4628 4473
f 4628 4629 4473
f 4473 4629 4474
f 4629 4630 4474
f 4474 4630 4475
f 4630 4631 4475
f 4475 4631 4476
f 4631 4632 4476
f 4476 4632 4477
f 4632 4633 4477
f 4477 4633 4478
f 4633 4634 4478
f 4478 4634 4479
f 4634 4635 4479
f 4479 4635 4480
f 4635 4636 4480
f 4480 4636 4481
f 4636 4637 4481
f 4481 4637 4482
f 4637 4638 4482
f 4482 4638 4483
f 4638 4639 4483
f 4483 4639 4484
f 4639 4640 4484
f 4484 4640 4485
f 4640 4641 4485
f 4485 4641 4486
f 4641 4642 4486
f 4486 4642 4487
f 4642 4643 4487
f 4487 4643 4488
f 4643 4644 4488
f 4488 4644 4489
f 4644 4645 4489
f 4489 4645 4490
f 4645 4646 4490
f 4490 4646 4491
f 4646 4647 4491
f 4491 4647 4492
f 4647 4648 4492
f 4492 4648 4493
f 4648 4649 4493
f 4493 4649 4494
f 4649 4650 4494
f 4494 4650 4495
f 4650 4651 4495
f 4495 4651 4496
f 4651 4652 4496
f 4496 4652 4497
f 4652 4653 4497
f 4497 4653 4498
f 4653 4654 4498
f 4498 4654 4499
f 4654 4655 4499
f 4499 4655 4500
f 4655 4656 4500
f 4500 4656 4501
f 4656 4657 4501
f 4501 4657 4502
f 4657 4658 4502
f 4502 4658 4503
f 4658 4659 4503
f 4503 4659 4504
f 4659 4660 4504
f 4504 4660 4505
f 4660 4661 4505
f 4505 4661 4506
f 4661 4662 4506
f 4506 4662 4507
f 4662 4663 4507
f 4507 4663 4508
f 4663 4664 4508
f 4508 4664 4509
f 4664 4665 4509
f 4509 4665 4510
f 4665 4666 4510
f 4510 4666 4511
f 4666 4667 4511
f 4511 4667 4512
f 4667 4668 4512
f 4512 4668 4513
f 4668 4669 4513
f 4513 4669 4514
f 4669 4670 4514
f 4514 4670 4515
f 4670 4671 4515
f 4515 4671 4516
f 4671 4672 4516
f 4516 4672 4517
f 4672 4673 4517
f 4517 4673 4518
f 4673 4674 4518
f 4518 4674 4519
f 4674 4675 4519
f 4519 4675 4520
f 4675 4676 4520
f 4520 4676 4521
f 4676 4677 4521
f 4521 4677 4522
f 4677 4678 4522
f 4522 4678 4523
f 4678 4679 4523
f 4523 4679 4524
f 4679 4680 4524
f 4524 4680 4525
f 4680 4681 4525
f 4525 4681 4526
f 4681 4682 4526
f 4526 4682 4527
f 4682 4683 4527
f 4527 4683 4528
f 4683 4684 4528
f 4528 4684 4529
f 4684 4685 4529
f 4529 4685 4530
f 4685 4686 4530
f 4530 4686 4531
f 4686 4687 4531
f 4531 4687 4532
f 4687 4688 4532
f 4532 4688 4533
f 4688 4689 4533
f 4533 4689 4534
f 4689 4690 4534
f 4534 4690 4535
f 4690 4691 4535
f 4535 4691 4536
f 4691 4692 4536
f 4536 4692 4537
f 4692 4693 4537
f 4537 4693 4538
f 4693 4694 4538
f 4538 4694 4539
f 4694 4695 4539
f 4539 4695 4540
f 4695 4696 4540
f 4540 4696 4541
f 4696 4697 4541
f 4541 4697 4542
f 4697 4698 4542
f 4542 4698 4543
f 4698 4699 4543
f 4543 4699 4544
f 4699 4700 4544
f 4544 4700 4545
f 4700 4701 4545
f 4545 4701 4546
f 4701 4702 4546
f 4546 4702 4547
f 4702 4703 4547
f 4547 4703 4548
f 4703 4704 4548
f 4548 4704 4549
f 4704 4705 4549
f 4549 4705 4550
f 4705 4706 4550
f 4550 4706 4551
f 4706 4707 4551
f 4551 4707 4552
f 4707 4708 4552
f 4552 4708 4553
f 4708 4709 4553
f 4553 4709 4554
f 4709 4710 4554
f 4554 4710 4555
f 4710 4711 4555
f 4555 4711 4556
f 4711 4712 4556
f 4556 4712 4557
f 4712 4713 4557
f 4557 4713 4558
f 4713 4714 4558
f 4558 4714 4559
f 4714 4715 4559
f 4559 4715 4560
f 4715 4716 4560
f 4560 4716 4561
f 4716 4717 4561
f 4561 4717 4562
f 4717 4718 4562
f 4562 4718 4563
f 4718 4719 4563
f 4563 4719 4564
f 4719 4720 4564
f 4564 4720 4565
f 4720 4721 4565
f 4565 4721 4566
f 4721 4722 4566
f 4566 4722 4567
f 4722 4723 4567
f 4567 4723 4568
f 4723 4724 4568
f 4569 4725 4726
f 4570 4569 4726
f 4724 4569 4568
f 4725 4569 4724
f 4571 4727 4728
f 4572 4571 4728
f 4728 4573 4572
f 4729 4573 4728
f 4573 4729 4730
f 4574 4573 4730
f 4730 4575 4574
f 4731 4575 4730
f 4575 4731 4576
f 4731 4732 4576
f 4576 4732 4577
f 4732 4733 4577
f 4577 4733 4578
f 4733 4734 4578
f 4578 4734 4579
f 4734 4735 4579
f 4579 4735 4580
f 4735 4736 4580
f 4580 4736 4581
f 4736 4737 4581
f 4581 4737 4582
f 4737 4738 4582
f 4582 4738 4583
f 4738 4739 4583
f 4583 4739 4584
f 4739 4740 4584
f 4584 4740 4585
f 4740 4741 4585
f 4585 4741 4586
f 4741 4742 4586
f 4586 4742 4587
f 4742 4743 4587
f 4587 4743 4588
f 4743 4744 4588
f 4588 4744 4589
f 4744 4745 4589
f 4589 4745 4590
f 4745 4746 4590
f 4590 4746 4591
f 4746 4747 4591
f 4591 4747 4592
f 4747 4748 4592
f 4592 4748 4593
f 4748 4749 4593
f 4593 4749 4594
f 4749 4750 4594
f 4594 4750 4595
f 4750 4751 4595
f 4595 4751 4596
f 4751 4752 4596
f 4596 4752 4597
f 4752 4753 4597
f 4597 4753 4598
f 4753 4754 4598
f 4598 4754 4599
f 4754 4755 4599
f 4599 4755 4600
f 4755 4756 4600
f 4600 4756 4601
f 4756 4757 4601
f 4601 4757 4602
f 4757 4758 4602
f 4602 4758 4603
f 4758 4759 4603
f 4603 4759 4604
f 4759 4760 4604
f 4604 4760 4605
f 4760 4761 4605
f 4605 4761 4606
f 4761 4762 4606
f 4606 4762 4607
f 4762 4763 4607
f 4607 4763 4608
f 4763 4764 4608
f 4608 4764 4609
f 4764 4765 4609
f 4609 4765 4610
f 4765 4766 4610
f 4610 4766 4611
f 4766 4767 4611
f 4611 4767 4612
f 4767 4768 4612
f 4612 4768 4613
f 4768 4769 4613
f 4613 4769 4614
f 4769 4770 4614
f 4614 4770 4615
f 4770 4771 4615
f 4615 4771 4616
f 4771 4772 4616
f 4616 4772 4617
f 4772 4773 4617
f 4617 4773 4618
f 4773 4774 4618
f 4618 4774 4619
f 4774 4775 4619
f 4619 4775 4620
f 4775 4776 4620
f 4620 4776 4621
f 4776 4777 4621
f 4621 4777 4622
f 4777 4778 4622
f 4622 4778 4623
f 4778 4779 4623
f 4623 4779 4624
f 4779 4780 4624
f 4624 4780 4625
f 4780 4781 4625
f 4625 4781 4626
f 4781 4782 4626
f 4626 4782 4627
f 4782 4783 4627
f 4627 4783 4628
f 4783 4784 4628
f 4628 4784 4629
f 4784 4785 4629
f 4629 4785 4630
f 4785 4786 4630
f 4630 4786 4631
f 4786 4787 4631
f 4631 4787 4632
f 4787 4788 4632
f 4632 4788 4633
f 4788 4789 4633
f 4633 4789 4634
f 4789 4790 4634
f 4634 4790 4635
f 4790 4791 4635
f 4635 4791 4636
f 4791 4792 4636
f 4636 4792 4637
f 4792 4793 4637
f 4637 4793 4638
f 4793 4794 4638
f 4638 4794 4639
f 4794 4795 4639
f 4639 4795 4640
f 4795 4796 4640
f 4640 4796 4641
f 4796 4797 4641
f 4641 4797 4642
f 4797 4798 4642
f 4642 4798 4643
f 4798 4799 4643
f 4643 4799 4644
f 4799 4800 4644
f 4644 4800 4645
f 4800 4801 4645
f 4645 4801 4646
f 4801 4802 4646
f 4646 4802 4647
f 4802 4803 4647
f 4647 4803 4648
f 4803 4804 4648
f 4648 4804 4649
f 4804 4805 4649
f 4649 4805 4650
f 4805 4806 4650
f 4650 4806 4651
f 4806 4807 4651
f 4651 4807 4652
f 4807 4808 4652
f 4652 4808 4653
f 4808 4809 4653
f 4653 4809 4654
f 4809 4810 4654
f 4654 4810 4655
f 4810 4811 4655
f 4655 4811 4656
f 4811 4812 4656
f 4656 4812 4657
f 4812 4813 4657
f 4657 4813 4658
f 4813 4814 4658
f 4658 4814 4659
f 4814 4815 4659
f 4659 4815 4660
f 4815 4816 4660
f 4660 4816 4661
f 4816 4817 4661
f 4661 4817 4662
f 4817 4818 4662
f 4662 4818 4663
f 4818 4819 4663
f 4663 4819 4664
f 4819 4820 4664
f 4664 4820 4665
f 4820 4821 4665
f 4665 4821 4666
f 4821 4822 4666
f 4666 4822 4667
f 4822 4823 4667
f 4667 4823 4668
f 4823 4824 4668
f 4668 4824 4669
f 4824 4825 4669
f 4669 4825 4670
f 4825 4826 4670
f 4670 4826 4671
f 4826 4827 4671
f 4671 4827 4672
f 4827 4828 4672
f 4672 4828 4673
f 4828 4829 4673
f 4673 4829 4674
f 4829 4830 4674
f 4674 4830 4675
f 4830 4831 4675
f 4675 4831 4676
f 4831 4832 4676
f 4676 4832 4677
f 4832 4833 4677
f 4677 4833 4678
f 4833 4834 4678
f 4678 4834 4679
f 4834 4835 4679
f 4679 4835 4680
f 4835 4836 4680
f 4680 4836 4681
f 4836 4837 4681
f 4681 4837 4682
f 4837 4838 4682
f 4682 4838 4683
f 4838 4839 4683
f 4683 4839 4684
f 4839 4840 4684
f 4684 4840 4685
f 4840 4841 4685
f 4685 4841 4686
f 4841 4842 4686
f 4686 4842 4687
f 4842 4843 4687
f 4687 4843 4688
f 4843 4844 4688
f 4688 4844 4689
f 4844 4845 4689
f 4689 4845 4690
f 4845 4846 4690
f 4690 4846 4691
f 4846 4847 4691
f 4691 4847 4692
f 4847 4848 4692
f 4692 4848 4693
f 4848 4849 4693
f 4693 4849 4694
f 4849 4850 4694
f 4694 4850 4695
f 4850 4851 4695
f 4695 4851 4696
f 4851 4852 4696
f 4696 4852 4697
f 4852 4853 4697
f 4697 4853 4698
f 4853 4854 4698
f 4698 4854 4699
f 4854 4855 4699
f 4699 4855 4700
f 4855 4856 4700
f 4700 4856 4701
f 4856 4857 4701
f 4701 4857 4702
f 4857 4858 4702
f 4702 4858 4703
f 4858 4859 4703
f 4703 4859 4704
f 4859 4860 4704
f 4704 4860 4705
f 4860 4861 4705
f 4705 4861 4706
f 4861 4862 4706
f 4706 4862 4707
f 4862 4863 4707
f 4707 4863 4708
f 4863 4864 4708
f 4708 4864 4709
f 4864 4865 4709
f 4709 4865 4710
f 4865 4866 4710
f 4710 4866 4711
f 4866 4867 4711
f 4711 4867 4712
f 4867 4868 4712
f 4712 4868 4713
f 4868 4869 4713
f 4713 4869 4714
f 4869 4870 4714
f 4714 4870 4715
f 4870 4871 4715
f 4715 4871 4716
f 4871 4872 4716
f 4716 4872 4717
f 4872 4873 4717
f 4717 4873 4718
f 4873 4874 4718
f 4718 4874 4719
f 4874 4875 4719
f 4719 4875 4720
f 4875 4876 4720
f 4720 4876 4721
f 4876 4877 4721
f 4721 4877 4722
f 4877 4878 4722
f 4722 4878 4723
f 4878 4879 4723
f 4723 4879 4724
f 4879 4880 4724
f 4725 4881 4882
f 4726 4725 4882
f 4880 4725 4724
f 4881 4725 4880
f 4727 4883 4884
f 4728 4727 4884
f 4884 4729 4728
f 4885 4729 4884
f 4729 4885 4886
f 4730 4729 4886
f 4886 4731 4730
f 4887 4731 4886
f 4731 4887 4732
f 4887 4888 4732
f 4732 4888 4733
f 4888 4889 4733
f 4733 4889 4734
f 4889 4890 4734
f 4734 4890 4735
f 4890 4891 4735
f 4735 4891 4736
f 4891 4892 4736
f 4736 4892 4737
f 4892 4893 4737
f 4737 4893 4738
f 4893 4894 4738
f 4738 4894 4739
f 4894 4895 4739
f 4739 4895 4740
f 4895 4896 4740
f 4740 4896 4741
f 4896 4897 4741
f 4741 4897 4742
f 4897 4898 4742
f 4742 4898 4743
f 4898 4899 4743
f 4743 4899 4744
f 4899 4900 4744
f 4744 4900 4745
f 4900 4901 4745
f 4745 4901 4746
f 4901 4902 4746
f 4746 4902 4747
f 4902 4903 4747
f 4747 4903 4748
f 4903 4904 4748
f 4748 4904 4749
f 4904 4905 4749
f 4749 4905 4750
f 4905 4906 4750
f 4750 4906 4751
f 4906 4907 4751
f 4751 4907 4752
f 4907 4908 4752
f 4752 4908 4753
f 4908 4909 4753
f 4753 4909 4754
f 4909 4910 4754
f 4754 4910 4755
f 4910 4911 4755
f 4755 4911 4756
f 4911 4912 4756
f 4756 4912 4757
f 4912 4913 4757
f 4757 4913 4758
f 4913 4914 4758
f 4758 4914 4759
f 4914 4915 4759
f 4759 4915 4760
f 4915 4916 4760
f 4760 4916 4761
f 4916 4917 4761
f 4761 4917 4762
f 4917 4918 4762
f 4762 4918 4763
f 4918 4919 4763
f 4763 4919 4764
f 4919 4920 4764
f 4764 4920 4765
f 4920 4921 4765
f 4765 4921 4766
f 4921 4922 4766
f 4766 4922 4767
f 4922 4923 4767
f 4767 4923 4768
f 4923 4924 4768
f 4768 4924 4769
f 4924 4925 4769
f 4769 4925 4770
f 4925 4926 4770
f 4770 4926 4771
f 4926 4927 4771
f 4771 4927 4772
f 4927 4928 4772
f 4772 4928 4773
f 4928 4929 4773
f 4773 4929 4774
f 4929 4930 4774
f 4774 4930 4775
f 4930 4931 4775
f 4775 4931 4776
f 4931 4932 4776
f 4776 4932 4777
f 4932 4933 4777
f 4777 4933 4778
f 4933 4934 4778
f 4778 4934 4779
f 4934 4935 4779
f 4779 4935 4780
f 4935 4936 4780
f 4780 4936 4781
f 4936 4937 4781
f 4781 4937 4782
f 4937 4938 4782
f 4782 4938 4783
f 4938 4939 4783
f 4783 4939 4784
f 4939 4940 4784
f 4784 4940 4785
f 4940 4941 4785
f 4785 4941 4786
f 4941 4942 4786
f 4786 4942 4787
f 4942 4943 4787
f 4787 4943 4788
f 4943 4944 4788
f 4788 4944 4789
f 4944 4945 4789
f 4789 4945 4790
f 4945 4946 4790
f 4790 4946 4791
f 4946 4947 4791
f 4791 4947 4792
f 4947 4948 4792
f 4792 4948 4793
f 4948 4949 4793
f 4793 4949 4794
f 4949 4950 4794
f 4794 4950 4795
f 4950 4951 4795
f 4795 4951 4796
f 4951 4952 4796
f 4796 4952 4797
f 4952 4953 4797
f 4797 4953 4798
f 4953 4954 4798
f 4798 4954 4799
f 4954 4955 4799
f 4799 4955 4800
f 4955 4956 4800
f 4800 4956 4801
f 4956 4957 4801
f 4801 4957 4802
f 4957 4958 4802
f 4802 4958 4803
f 4958 4959 4803
f 4803 4959 4804
f 4959 4960 4804
f 4804 4960 4805
f 4960 4961 4805
f 4805 4961 4806
f 4961 4962 4806
f 4806 4962 4807
f 4962 4963 4807
f 4807 4963 4808
f 4963 4964 4808
f 4808 4964 4809
f 4964 4965 4809
f 4809 4965 4810
f 4965 4966 4810
f 4810 4966 4811
f 4966 4967 4811
f 4811 4967 4812
f 4967 4968 4812
f 4812 4968 4813
f 4968 4969 4813
f 4813 4969 4814
f 4969 4970 4814
f 4814 4970 4815
f 4970 4971 4815
f 4815 4971 4816
f 4971 4972 4816
f 4816 4972 4817
f 4972 4973 4817
f 4817 4973 4818
f 4973 4974 4818
f 4818 4974 4819
f 4974 4975 4819
f 4819 4975 4820
f 4975 4976 4820
f 4820 4976 4821
f 4976 4977 4821
f 4821 4977 4822
f 4977 4978 4822
f 4822 4978 4823
f 4978 4979 4823
f 4823 4979 4824
f 4979 4980 4824
f 4824 4980 4825
f 4980 4981 4825
f 4825 4981 4826
f 4981 4982 4826
f 4826 4982 4827
f 4982 4983 4827
f 4827 4983 4828
f 4983 4984 4828
f 4828 4984 4829
f 4984 4985 4829
f 4829 4985 4830
f 4985 4986 4830
f 4830 4986 4831
f 4986 4987 4831
f 4831 4987 4832
f 4987 4988 4832
f 4832 4988 4833
f 4988 4989 4833
f 4833 4989 4834
f 4989 4990 4834
f 4834 4990 4835
f 4990 4991 4835
f 4835 4991 4836
f 4991 4992 4836
f 4836 4992 4837
f 4992 4993 4837
f 4837 4993 4838
f 4993 4994 4838
f 4838 4994 4839
f 4994 4995 4839
f 4839 4995 4840
f 4995 4996 4840
f 4840 4996 4841
f 4996 4997 4841
f 4841 4997 4842
f 4997 4998 4842
f 4842 4998 4843
f 4998 4999 4843
f 4843 4999 4844
f 4999 5000 4844
f 4844 5000 4845
f 5000 5001 4845
f 4845 5001 4846
f 5001 5002 4846
f 4846 5002 4847
f 5002 5003 4847
f 4847 5003 4848
f 5003 5004 4848
f 4848 5004 4849
f 5004 5005 4849
f 4849 5005 4850
f 5005 5006 4850
f 4850 5006 4851
f 5006 5007 4851
f 4851 5007 4852
f 5007 5008 4852
f 4852 5008 4853
f 5008 5009 4853
f 4853 5009 4854
f 5009 5010 4854
f 4854 5010 4855
f 5010 5011 4855
f 4855 5011 4856
f 5011 5012 4856
f 4856 5012 4857
f 5012 5013 4857
f 4857 5013 4858
f 5013 5014 4858
f 4858 5014 4859
f 5014 5015 4859
f 4859 5015 4860
f 5015 5016 4860
f 4860 5016 4861
f 5016 5017 4861
f 4861 5017 4862
f 5017 5018 4862
f 4862 5018 4863
f 5018 5019 4863
f 4863 5019 4864
f 5019 5020 4864
f 4864 5020 4865
f 5020 5021 4865
f 4865 5021 4866
f 5021 5022 4866
f 4866 5022 4867
f 5022 5023 4867
f 4867 5023 4868
f 5023 5024 4868
f 4868 5024 4869
f 5024 5025 4869
f 4869 5025 4870
f 5025 5026 4870
f 4870 5026 4871
f 5026 5027 4871
f 4871 5027 4872
f 5027 5028 4872
f 4872 5028 4873
f 5028 5029 4873
f 4873 5029 4874
f 5029 5030 4874
f 4874 5030 4875
f 5030 5031 4875
f 4875 5031 4876
f 5031 5032 4876
f 4876 5032 4877
f 5032 5033 4877
f 4877 5033 4878
f 5033 5034 4878
f 4878 5034 4879
f 5034 5035 4879
f 4879 5035 4880
f 5035 5036 4880
f 4881 5037 5038
f 4882 4881 5038
f 5036 4881 4880
f 5037 4881 5036
f 4883 5039 5040
f 4884 4883 5040
f 5040 4885 4884
f 5041 4885 5040
f 4885 5041 5042
f 4886 4885 5042
f 5042 4887 4886
f 5043 4887 5042
f 4887 5043 4888
f 5043 5044 4888
f 4888 5044 4889
f 5044 5045 4889
f 4889 5045 4890
f 5045 5046 4890
f 4890 5046 4891
f 5046 5047 4891
f 4891 5047 4892
f 5047 5048 4892
f 4892 5048 4893
f 5048 5049 4893
f 4893 5049 4894
f 5049 5050 4894
f 4894 5050 4895
f 5050 5051 4895
f 4895 5051 4896
f 5051 5052 4896
f 4896 5052 4897
f 5052 5053 4897
f 4897 5053 4898
f 5053 5054 4898
f 4898 5054 4899
f 5054 5055 4899
f 4899 5055 4900
f 5055 5056 4900
f 4900 5056 4901
f 5056 5057 4901
f 4901 5057 4902
f 5057 5058 4902
f 4902 5058 4903
f 5058 5059 4903
f 4903 5059 4904
f 5059 5060 4904
f 4904 5060 4905
f 5060 5061 4905
f 4905 5061 4906
f 5061 5062 4906
f 4906 5062 4907
f 5062 5063 4907
f 4907 5063 4908
f 5063 5064 4908
f 4908 5064 4909
f 5064 5065 4909
f 4909 5065 4910
f 5065 5066 4910
f 4910 5066 4911
f 5066 5067 4911
f 4911 5067 4912
f 5067 5068 4912
f 4912 5068 4913
f 5068 5069 4913
f 4913 5069 4914
f 5069 5070 4914
f 4914 5070 4915
f 5070 5071 4915
f 4915 5071 4916
f 5071 5072 4916
f 4916 5072 4917
f 5072 5073 4917
f 4917 5073 4918
f 5073 5074 4918
f 4918 5074 4919
f 5074 5075 4919
f 4919 5075 4920
f 5075 5076 4920
f 4920 5076 4921
f 5076 5077 4921
f 4921 5077 4922
f 5077 5078 4922
f 4922 5078 4923
f 5078 5079 4923
f 4923 5079 4924
f 5079 5080 4924
f 4924 5080 4925
f 5080 5081 4925
f 4925 5081 4926
f 5081 5082 4926
f 4926 5082 4927
f 5082 5083 4927
f 4927 5083 4928
f 5083 5084 4928
f 4928 5084 4929
f 5084 5085 4929
f 4929 5085 4930
f 5085 5086 4930
f 4930 5086 4931
f 5086 5087 4931
f 4931 5087 4932
f 5087 5088 4932
f 4932 5088 4933
f 5088 5089 4933
f 4933 5089 4934
f 5089 5090 4934
f 4934 5090 4935
f 5090 5091 4935
f 4935 5091 4936
f 5091 5092 4936
f 4936 5092 4937
f 5092 5093 4937
f 4937 5093 4938
f 5093 5094 4938
f 4938 5094 4939
f 5094 5095 4939
f 4939 5095 4940
f 5095 5096 4940
f 4940 5096 4941
f 5096 5097 4941
f 4941 5097 4942
f 5097 5098 4942
f 4942 5098 4943
f 5098 5099 4943
f 4943 5099 4944
f 5099 5100 4944
f 4944 5100 4945
f 5100 5101 4945
f 4945 5101 4946
f 5101 5102 4946
f 4946 5102 4947
f 5102 5103 4947
f 4947 5103 4948
f 5103 5104 4948
f 4948 5104 4949
f 5104 5105 4949
f 4949 5105 4950
f 5105 5106 4950
f 4950 5106 4951
f 5106 5107 4951
f 4951 5107 4952
f 5107 5108 4952
f 4952 5108 4953
f 5108 5109 4953
f 4953 5109 4954
f 5109 5110 4954
f 4954 5110 4955
f 5110 5111 4955
f 4955 5111 4956
f 5111 5112 4956
f 4956 5112 4957
f 5112 5113 4957
f 4957 5113 4958
f 5113 5114 4958
f 4958 5114 4959
f 5114 5115 4959
f 4959 5115 4960
f 5115 5116 4960
f 4960 5116 4961
f 5116 5117 4961
f 4961 5117 4962
f 5117 5118 4962
f 4962 5118 4963
f 5118 5119 4963
f 4963 5119 4964
f 5119 5120 4964
f 4964 5120 4965
f 5120 5121 4965
f 4965 5121 4966
f 5121 5122 4966
f 4966 5122 4967
f 5122 5123 4967
f 4967 5123 4968
f 5123 5124 4968
f 4968 5124 4969
f 5124 5125 4969
f 4969 5125 4970
f 5125 5126 4970
f 4970 5126 4971
f 5126 5127 4971
f 4971 5127 4972
f 5127 5128 4972
f 4972 5128 4973
f 5128 5129 4973
f 4973 5129 4974
f 5129 5130 4974
f 4974 5130 4975
f 5130 5131 4975
f 4975 5131 4976
f 5131 5132 4976
f 4976 5132 4977
f 5132 5133 4977
f 4977 5133 4978
f 5133 5134 4978
f 4978 5134 4979
f 5134 5135 4979
f 4979 5135 4980
f 5135 5136 4980
f 4980 5136 4981
f 5136 5137 4981
f 4981 5137 4982
f 5137 5138 4982
f 4982 5138 4983
f 5138 5139 4983
f 4983 5139 4984
f 5139 5140 4984
f 4984 5140 4985
f 5140 5141 4985
f 4985 5141 4986
f 5141 5142 4986
f 4986 5142 4987
f 5142 5143 4987
f 4987 5143 4988
f 5143 5144 4988
f 4988 5144 4989
f 5144 5145 4989
f 4989 5145 4990
f 5145 5146 4990
f 4990 5146 4991
f 5146 5147 4991
f 4991 5147 4992
f 5147 5148 4992
f 4992 5148 4993
f 5148 5149 4993
f 4993 5149 4994
f 5149 5150 4994
f 4994 5150 4995
f 5150 5151 4995
f 4995 5151 4996
f 5151 5152 4996
f 4996 5152 4997
f 5152 5153 4997
f 4997 5153 4998
f 5153 5154 4998
f 4998 5154 4999
f 5154 5155 4999
f 4999 5155 5000
f 5155 5156 5000
f 5000 5156 5001
f 5156 5157 5001
f 5001 5157 5002
f 5157 5158 5002
f 5002 5158 5003
f 5158 5159 5003
f 5003 5159 5004
f 5159 5160 5004
f 5004 5160 5005
f 5160 5161 5005
f 5005 5161 5006
f 5161 5162 5006
f 5006 5162 5007
f 5162 5163 5007
f 5007 5163 5008
f 5163 5164 5008
f 5008 5164 5009
f 5164 5165 5009
f 5009 5165 5010
f 5165 5166 5010
f 5010 5166 5011
f 5166 5167 5011
f 5011 5167 5012
f 5167 5168 5012
f 5012 5168 5013
f 5168 5169 5013
f 5013 5169 5014
f 5169 5170 5014
f 5014 5170 5015
f 5170 5171 5015
f 5015 5171 5016
f 5171 5172 5016
f 5016 5172 5017
f 5172 5173 5017
f 5017 5173 5018
f 5173 5174 5018
f 5018 5174 5019
f 5174 5175 5019
f 5019 5175 5020
f 5175 5176 5020
f 5020 5176 5021
f 5176 5177 5021
f 5021 5177 5022
f 5177 5178 5022
f 5022 5178 5023
f 5178 5179 5023
f 5023 5179 5024
f 5179 5180 5024
f 5024 5180 5025
f 5180 5181 5025
f 5025 5181 5026
f 5181 5182 5026
f 5026 5182 5027
f 5182 5183 5027
f 5027 5183 5028
f 5183 5184 5028
f 5028 5184 5029
f 5184 5185 5029
f 5029 5185 5030
f 5185 5186 5030
f 5030 5186 5031
f 5186 5187 5031
f 5031 5187 5032
f 5187 5188 5032
f 5032 5188 5033
f 5188 5189 5033
f 5033 5189 5034
f 5189 5190 5034
f 5034 5190 5035
f 5190 5191 5035
f 5035 5191 5036
f 5191 5192 5036
f 5037 5193 5194
f 5038 5037 5194
f 5192 5037 5036
f 5193 5037 5192
f 5039 5195 5196
f 5040 5039 5196
f 5196 5041 5040
f 5197 5041 5196
f 5041 5197 5198
f 5042 5041 5198
f 5198 5043 5042
f 5199 5043 5198
f 5043 5199 5044
f 5199 5200 5044
f 5044 5200 5045
f 5200 5201 5045
f 5045 5201 5046
f 5201 5202 5046
f 5046 5202 5047
f 5202 5203 5047
f 5047 5203 5048
f 5203 5204 5048
f 5048 5204 5049
f 5204 5205 5049
f 5049 5205 5050
f 5205 5206 5050
f 5050 5206 5051
f 5206 5207 5051
f 5051 5207 5052
f 5207 5208 5052
f 5052 5208 5053
f 5208 5209 5053
f 5053 5209 5054
f 5209 5210 5054
f 5054 5210 5055
f 5210 5211 5055
f 5055 5211 5056
f 5211 5212 5056
f 5056 5212 5057
f 5212 5213 5057
f 5057 5213 5058
f 5213 5214 5058
f 5058 5214 5059
f 5214 5215 5059
f 5059 5215 5060
f 5215 5216 5060
f 5060 5216 5061
f 5216 5217 5061
f 5061 5217 5062
f 5217 5218 5062
f 5062 5218 5063
f 5218 5219 5063
f 5063 5219 5064
f 5219 5220 5064
f 5064 5220 5065
f 5220 5221 5065
f 5065 5221 5066
f 5221 5222 5066
f 5066 5222 5067
f 5222 5223 5067
f 5067 5223 5068
f 5223 5224 5068
f 5068 5224 5069
f 5224 5225 5069
f 5069 5225 5070
f 5225 5226 5070
f 5070 5226 5071
f 5226 5227 5071
f 5071 5227 5072
f 5227 5228 5072
f 5072 5228 5073
f 5228 5229 5073
f 5073 5229 5074
f 5229 5230 5074
f 5074 5230 5075
f 5230 5231 5075
f 5075 5231 5076
f 5231 5232 5076
f 5076 5232 5077
f 5232 5233 5077
f 5077 5233 5078
f 5233 5234 5078
f 5078 5234 5079
f 5234 5235 5079
f 5079 5235 5080
f 5235 5236 5080
f 5080 5236 5081
f 5236 5237 5081
f 5081 5237 5082
f 5237 5238 5082
f 5082 5238 5083
f 5238 5239 5083
f 5083 5239 5084
f 5239 5240 5084
f 5084 5240 5085
f 5240 5241 5085
f 5085 5241 5086
f 5241 5242 5086
f 5086 5242 5087
f 5242 5243 5087
f 5087 5243 5088
f 5243 5244 5088
f 5088 5244 5089
f 5244 5245 5089
f 5089 5245 5090
f 5245 5246 5090
f 5090 5246 5091
f 5246 5247 5091
f 5091 5247 5092
f 5247 5248 5092
f 5092 5248 5093
f 5248 5249 5093
f 5093 5249 5094
f 5249 5250 5094
f 5094 5250 5095
f 5250 5251 5095
f 5095 5251 5096
f 5251 5252 5096
f 5096 5252 5097
f 5252 5253 5097
f 5097 5253 5098
f 5253 5254 5098
f 5098 5254 5099
f 5254 5255 5099
f 5099 5255 5100
f 5255 5256 5100
f 5100 5256 5101
f 5256 5257 5101
f 5101 5257 5102
f 5257 5258 5102
f 5102 5258 5103
f 5258 5259 5103
f 5103 5259 5104
f 5259 5260 5104
f 5104 5260 5105
f 5260 5261 5105
f 5105 5261 5106
f 5261 5262 5106
f 5106 5262 5107
f 5262 5263 5107
f 5107 5263 5108
f 5263 5264 5108
f 5108 5264 5109
f 5264 5265 5109
f 5109 5265 5110
f 5265 5266 5110
f 5110 5266 5111
f 5266 5267 5111
f 5111 5267 5112
f 5267 5268 5112
f 5112 5268 5113
f 5268 5269 5113
f 5113 5269 5114
f 5269 5270 5114
f 5114 5270 5115
f 5270 5271 5115
f 5115 5271 5116
f 5271 5272 5116
f 5116 5272 5117
f 5272 5273 5117
f 5117 5273 5118
f 5273 5274 5118
f 5118 5274 5119
f 5274 5275 5119
f 5119 5275 5120
f 5275 5276 5120
f 5120 5276 5121
f 5276 5277 5121
f 5121 5277 5122
f 5277 5278 5122
f 5122 5278 5123
f 5278 5279 5123
f 5123 5279 5124
f 5279 5280 5124
f 5124 5280 5125
f 5280 5281 5125
f 5125 5281 5126
f 5281 5282 5126
f 5126 5282 5127
f 5282 5283 5127
f 5127 5283 5128
f 5283 5284 5128
f 5128 5284 5129
f 5284 5285 5129
f 5129 5285 5130
f 5285 5286 5130
f 5130 5286 5131
f 5286 5287 5131
f 5131 5287 5132
f 5287 5288 5132
f 5132 5288 5133
f 5288 5289 5133
f 5133 5289 5134
f 5289 5290 5134
f 5134 5290 5135
f 5290 5291 5135
f 5135 5291 5136
f 5291 5292 5136
f 5136 5292 5137
f 5292 5293 5137
f 5137 5293 5138
f 5293 5294 5138
f 5138 5294 5139
f 5294 5295 5139
f 5139 5295 5140
f 5295 5296 5140
f 5140 5296 5141
f 5296 5297 5141
f 5141 5297 5142
f 5297 5298 5142
f 5142 5298 5143
f 5298 5299 5143
f 5143 5299 5144
f 5299 5300 5144
f 5144 5300 5145
f 5300 5301 5145
f 5145 5301 5146
f 5301 5302 5146
f 5146 5302 5147
f 5302 5303 5147
f 5147 5303 5148
f 5303 5304 5148
f 5148 5304 5149
f 5304 5305 5149
f 5149 5305 5150
f 5305 5306 5150
f 5150 5306 5151
f 5306 5307 5151
f 5151 5307 5152
f 5307 5308 5152
f 5152 5308 5153
f 5308 5309 5153
f 5153 5309 5154
f 5309 5310 5154
f 5154 5310 5155
f 5310 5311 5155
f 5155 5311 5156
f 5311 5312 5156
f 5156 5312 5157
f 5312 5313 5157
f 5157 5313 5158
f 5313 5314 5158
f 5158 5314 5159
f 5314 5315 5159
f 5159 5315 5160
f 5315 5316 5160
f 5160 5316 5161
f 5316 5317 5161
f 5161 5317 5162
f 5317 5318 5162
f 5162 5318 5163
f 5318 5319 5163
f 5163 5319 5164
f 5319 5320 5164
f 5164 5320 5165
f 5320 5321 5165
f 5165 5321 5166
f 5321 5322 5166
f 5166 5322 5167
f 5322 5323 5167
f 5167 5323 5168
f 5323 5324 5168
f 5168 5324 5169
f 5324 5325 5169
f 5169 5325 5170
f 5325 5326 5170
f 5170 5326 5171
f 5326 5327 5171
f 5171 5327 5172
f 5327 5328 5172
f 5172 5328 5173
f 5328 5329 5173
f 5173 5329 5174
f 5329 5330 5174
f 5174 5330 5175
f 5330 5331 5175
f 5175 5331 5176
f 5331 5332 5176
f 5176 5332 5177
f 5332 5333 5177
f 5177 5333 5178
f 5333 5334 5178
f 5178 5334 5179
f 5334 5335 5179
f 5179 5335 5180
f 5335 5336 5180
f 5180 5336 5181
f 5336 5337 5181
f 5181 5337 5182
f 5337 5338 5182
f 5182 5338 5183
f 5338 5339 5183
f 5183 5339 5184
f 5339 5340 5184
f 5184 5340 5185
f 5340 5341 5185
f 5185 5341 5186
f 5341 5342 5186
f 5186 5342 5187
f 5342 5343 5187
f 5187 5343 5188
f 5343 5344 5188
f 5188 5344 5189
f 5344 5345 5189
f 5189 5345 5190
f 5345 5346 5190
f 5190 5346 5191
f 5346 5347 5191
f 5348 5349 5350
f 5348 5347 5349
f 5348 5192 5347
f 5192 5191 5347
f 5193 5348 5350
f 5193 5350 5194
f 5194 5350 5351
f 5192 5348 5193
f 5195 5352 5353
f 5196 5195 5353
f 5353 5197 5196
f 5354 5197 5353
f 5197 5354 5355
f 5198 5197 5355
f 5355 5199 5198
f 5356 5199 5355
f 5199 5356 5200
f 5356 5357 5200
f 5200 5357 5201
f 5357 5358 5201
f 5201 5358 5202
f 5358 5359 5202
f 5202 5359 5203
f 5359 5360 5203
f 5203 5360 5204
f 5360 5361 5204
f 5204 5361 5205
f 5361 5362 5205
f 5205 5362 5206
f 5362 5363 5206
f 5206 5363 5207
f 5363 5364 5207
f 5207 5364 5208
f 5364 5365 5208
f 5208 5365 5209
f 5365 5366 5209
f 5209 5366 5210
f 5366 5367 5210
f 5210 5367 5211
f 5367 5368 5211
f 5211 5368 5212
f 5368 5369 5212
f 5212 5369 5213
f 5369 5370 5213
f 5213 5370 5214
f 5370 5371 5214
f 5214 5371 5215
f 5371 5372 5215
f 5215 5372 5216
f 5372 5373 5216
f 5216 5373 5217
f 5373 5374 5217
f 5217 5374 5218
f 5374 5375 5218
f 5218 5375 5219
f 5375 5376 5219
f 5219 5376 5220
f 5376 5377 5220
f 5220 5377 5221
f 5377 5378 5221
f 5221 5378 5222
f 5378 5379 5222
f 5222 5379 5223
f 5379 5380 5223
f 5223 5380 5224
f 5380 5381 5224
f 5224 5381 5225
f 5381 5382 5225
f 5225 5382 5226
f 5382 5383 5226
f 5226 5383 5227
f 5383 5384 5227
f 5227 5384 5228
f 5384 5385 5228
f 5228 5385 5229
f 5385 5386 5229
f 5229 5386 5230
f 5386 5387 5230
f 5230 5387 5231
f 5387 5388 5231
f 5231 5388 5232
f 5388 5389 5232
f 5232 5389 5233
f 5389 5390 5233
f 5233 5390 5234
f 5390 5391 5234
f 5234 5391 5235
f 5391 5392 5235
f 5235 5392 5236
f 5392 5393 5236
f 5236 5393 5237
f 5393 5394 5237
f 5237 5394 5238
f 5394 5395 5238
f 5238 5395 5239
f 5395 5396 5239
f 5239 5396 5240
f 5396 5397 5240
f 5240 5397 5241
f 5397 5398 5241
f 5241 5398 5242
f 5398 5399 5242
f 5242 5399 5243
f 5399 5400 5243
f 5243 5400 5244
f 5400 5401 5244
f 5244 5401 5245
f 5401 5402 5245
f 5245 5402 5246
f 5402 5403 5246
f 5246 5403 5247
f 5403 5404 5247
f 5247 5404 5248
f 5404 5405 5248
f 5248 5405 5249
f 5405 5406 5249
f 5249 5406 5250
f 5406 5407 5250
f 5250 5407 5251
f 5407 5408 5251
f 5251 5408 5252
f 5408 5409 5252
f 5252 5409 5253
f 5409 5410 5253
f 5253 5410 5254
f 5410 5411 5254
f 5254 5411 5255
f 5411 5412 5255
f 5255 5412 5256
f 5412 5413 5256
f 5256 5413 5257
f 5413 5414 5257
f 5257 5414 5258
f 5414 5415 5258
f 5258 5415 5259
f 5415 5416 5259
f 5259 5416 5260
f 5416 5417 5260
f 5260 5417 5261
f 5417 5418 5261
f 5261 5418 5262
f 5418 5419 5262
f 5262 5419 5263
f 5419 5420 5263
f 5263 5420 5264
f 5420 5421 5264
f 5264 5421 5265
f 5421 5422 5265
f 5265 5422 5266
f 5422 5423 5266
f 5266 5423 5267
f 5423 5424 5267
f 5267 5424 5268
f 5424 5425 5268
f 5268 5425 5269
f 5425 5426 5269
f 5269 5426 5270
f 5426 5427 5270
f 5270 5427 5271
f 5427 5428 5271
f 5271 5428 5272
f 5428 5429 5272
f 5272 5429 5273
f 5429 5430 5273
f 5273 5430 5274
f 5430 5431 5274
f 5274 5431 5275
f 5431 5432 5275
f 5275 5432 5276
f 5432 5433 5276
f 5276 5433 5277
f 5433 5434 5277
f 5277 5434 5278
f 5434 5435 5278
f 5278 5435 5279
f 5435 5436 5279
f 5279 5436 5280
f 5436 5437 5280
f 5280 5437 5281
f 5437 5438 5281
f 5281 5438 5282
f 5438 5439 5282
f 5282 5439 5283
f 5439 5440 5283
f 5283 5440 5284
f 5440 5441 5284
f 5284 5441 5285
f 5441 5442 5285
f 5285 5442 5286
f 5442 5443 5286
f 5286 5443 5287
f 5443 5444 5287
f 5287 5444 5288
f 5444 5445 5288
f 5288 5445 5289
f 5445 5446 5289
f 5289 5446 5290
f 5446 5447 5290
f 5290 5447 5291
f 5447 5448 5291
f 5291 5448 5292
f 5448 5449 5292
f 5292 5449 5293
f 5449 5450 5293
f 5293 5450 5294
f 5450 5451 5294
f 5294 5451 5295
f 5451 5452 5295
f 5295 5452 5296
f 5452 5453 5296
f 5296 5453 5297
f 5453 5454 5297
f 5297 5454 5298
f 5454 5455 5298
f 5298 5455 5299
f 5455 5456 5299
f 5299 5456 5300
f 5456 5457 5300
f 5300 5457 5301
f 5457 5458 5301
f 5301 5458 5302
f 5458 5459 5302
f 5302 5459 5303
f 5459 5460 5303
f 5303 5460 5304
f 5460 5461 5304
f 5304 5461 5305
f 5461 5462 5305
f 5305 5462 5306
f 5462 5463 5306
f 5306 5463 5307
f 5463 5464 5307
f 5307 5464 5308
f 5464 5465 5308
f 5308 5465 5309
f 5465 5466 5309
f 5309 5466 5310
f 5466 5467 5310
f 5310 5467 5311
f 5467 5468 5311
f 5311 5468 5312
f 5468 5469 5312
f 5312 5469 5313
f 5469 5470 5313
f 5313 5470 5314
f 5470 5471 5314
f 5314 5471 5315
f 5471 5472 5315
f 5315 5472 5316
f 5472 5473 5316
f 5316 5473 5317
f 5473 5474 5317
f 5317 5474 5318
f 5474 5475 5318
f 5318 5475 5319
f 5475 5476 5319
f 5319 5476 5320
f 5476 5477 5320
f 5320 5477 5321
f 5477 5478 5321
f 5321 5478 5322
f 5478 5479 5322
f 5322 5479 5323
f 5479 5480 5323
f 5323 5480 5324
f 5480 5481 5324
f 5324 5481 5325
f 5481 5482 5325
f 5325 5482 5326
f 5482 5483 5326
f 5326 5483 5327
f 5483 5484 5327
f 5327 5484 5328
f 5484 5485 5328
f 5328 5485 5329
f 5485 5486 5329
f 5329 5486 5330
f 5486 5487 5330
f 5330 5487 5331
f 5487 5488 5331
f 5331 5488 5332
f 5488 5489 5332
f 5332 5489 5333
f 5489 5490 5333
f 5333 5490 5334
f 5490 5491 5334
f 5334 5491 5335
f 5491 5492 5335
f 5335 5492 5336
f 5492 5493 5336
f 5336 5493 5337
f 5493 5494 5337
f 5337 5494 5338
f 5494 5495 5338
f 5338 5495 5339
f 5495 5496 5339
f 5339 5496 5340
f 5496 5497 5340
f 5340 5497 5341
f 5497 5498 5341
f 5341 5498 5342
f 5498 5499 5342
f 5342 5499 5343
f 5499 5500 5343
f 5343 5500 5344
f 5500 5501 5344
f 5344 5501 5345
f 5501 5502 5345
f 5345 5502 5346
f 5502 5503 5346
f 5346 5503 5347
f 5503 5504 5347
f 5349 5505 5506
f 5350 5349 5506
f 5504 5349 5347
f 5505 5349 5504
f 5350 5506 5351
f 5506 5507 5351
f 5352 5508 5509
f 5353 5352 5509
f 5509 5354 5353
f 5510 5354 5509
f 5354 5510 5511
f 5355 5354 5511
f 5511 5356 5355
f 5512 5356 5511
f 5356 5512 5357
f 5512 5513 5357
f 5357 5513 5358
f 5513 5514 5358
f 5358 5514 5359
f 5514 5515 5359
f 5359 5515 5360
f 5515 5516 5360
f 5360 5516 5361
f 5516 5517 5361
f 5361 5517 5362
f 5517 5518 5362
f 5362 5518 5363
f 5518 5519 5363
f 5363 5519 5364
f 5519 5520 5364
f 5364 5520 5365
f 5520 5521 5365
f 5365 5521 5366
f 5521 5522 5366
f 5366 5522 5367
f 5522 5523 5367
f 5367 5523 5368
f 5523 5524 5368
f 5368 5524 5369
f 5524 5525 5369
f 5369 5525 5370
f 5525 5526 5370
f 5370 5526 5371
f 5526 5527 5371
f 5371 5527 5372
f 5527 5528 5372
f 5372 5528 5373
f 5528 5529 5373
f 5373 5529 5374
f 5529 5530 5374
f 5374 5530 5375
f 5530 5531 5375
f 5375 5531 5376
f 5531 5532 5376
f 5376 5532 5377
f 5532 5533 5377
f 5377 5533 5378
f 5533 5534 5378
f 5378 5534 5379
f 5534 5535 5379
f 5379 5535 5380
f 5535 5536 5380
f 5380 5536 5381
f 5536 5537 5381
f 5381 5537 5382
f 5537 5538 5382
f 5382 5538 5383
f 5538 5539 5383
f 5383 5539 5384
f 5539 5540 5384
f 5384 5540 5385
f 5540 5541 5385
f 5385 5541 5386
f 5541 5542 5386
f 5386 5542 5387
f 5542 5543 5387
f 5387 5543 5388
f 5543 5544 5388
f 5388 5544 5389
f 5544 5545 5389
f 5389 5545 5390
f 5545 5546 5390
f 5390 5546 5391
f 5546 5547 5391
f 5391 5547 5392
f 5547 5548 5392
f 5392 5548 5393
f 5548 5549 5393
f 5393 5549 5394
f 5549 5550 5394
f 5394 5550 5395
f 5550 5551 5395
f 5395 5551 5396
f 5551 5552 5396
f 5396 5552 5397
f 5552 5553 5397
f 5397 5553 5398
f 5553 5554 5398
f 5398 5554 5399
f 5554 5555 5399
f 5399 5555 5400
f 5555 5556 5400
f 5400 5556 5401
f 5556 5557 5401
f 5401 5557 5402
f 5557 5558 5402
f 5402 5558 5403
f 5558 5559 5403
f 5403 5559 5404
f 5559 5560 5404
f 5404 5560 5405
f 5560 5561 5405
f 5405 5561 5406
f 5561 5562 5406
f 5406 5562 5407
f 5562 5563 5407
f 5407 5563 5408
f 5563 5564 5408
f 5408 5564 5409
f 5564 5565 5409
f 5409 5565 5410
f 5565 5566 5410
f 5410 5566 5411
f 5566 5567 5411
f 5411 5567 5412
f 5567 5568 5412
f 5412 5568 5413
f 5568 5569 5413
f 5413 5569 5414
f 5569 5570 5414
f 5414 5570 5415
f 5570 5571 5415
f 5415 5571 5416
f 5571 5572 5416
f 5416 5572 5417
f 5572 5573 5417
f 5417 5573 5418
f 5573 5574 5418
f 5418 5574 5419
f 5574 5575 5419
f 5419 5575 5420
f 5575 5576 5420
f 5420 5576 5421
f 5576 5577 5421
f 5421 5577 5422
f 5577 5578 5422
f 5422 5578 5423
f 5578 5579 5423
f 5423 5579 5424
f 5579 5580 5424
f 5424 5580 5425
f 5580 5581 5425
f 5425 5581 5426
f 5581 5582 5426
f 5426 5582 5427
f 5582 5583 5427
f 5427 5583 5428
f 5583 5584 5428
f 5428 5584 5429
f 5584 5585 5429
f 5429 5585 5430
f 5585 5586 5430
f 5430 5586 5431
f 5586 5587 5431
f 5431 5587 5432
f 5587 5588 5432
f 5432 5588 5433
f 5588 5589 5433
f 5433 5589 5434
f 5589 5590 5434
f 5434 5590 5435
f 5590 5591 5435
f 5435 5591 5436
f 5591 5592 5436
f 5436 5592 5437
f 5592 5593 5437
f 5437 5593 5438
f 5593 5594 5438
f 5438 5594 5439
f 5594 5595 5439
f 5439 5595 5440
f 5595 5596 5440
f 5440 5596 5441
f 5596 5597 5441
f 5441 5597 5442
f 5597 5598 5442
f 5442 5598 5443
f 5598 5599 5443
f 5443 5599 5444
f 5599 5600 5444
f 5444 5600 5445
f 5600 5601 5445
f 5445 5601 5446
f 5601 5602 5446
f 5446 5602 5447
f 5602 5603 5447
f 5447 5603 5448
f 5603 5604 5448
f 5448 5604 5449
f 5604 5605 5449
f 5449 5605 5450
f 5605 5606 5450
f 5450 5606 5451
f 5606 5607 5451
f 5451 5607 5452
f 5607 5608 5452
f 5452 5608 5453
f 5608 5609 5453
f 5453 5609 5454
f 5609 5610 5454
f 5454 5610 5455
f 5610 5611 5455
f 5455 5611 5456
f 5611 5612 5456
f 5456 5612 5457
f 5612 5613 5457
f 5457 5613 5458
f 5613 5614 5458
f 5458 5614 5459
f 5614 5615 5459
f 5459 5615 5460
f 5615 5616 5460
f 5460 5616 5461
f 5616 5617 5461
f 5461 5617 5462
f 5617 5618 5462
f 5462 5618 5463
f 5618 5619 5463
f 5463 5619 5464
f 5619 5620 5464
f 5464 5620 5465
f 5620 5621 5465
f 5465 5621 5466
f 5621 5622 5466
f 5466 5622 5467
f 5622 5623 5467
f 5467 5623 5468
f 5623 5624 5468
f 5468 5624 5469
f 5624 5625 5469
f 5469 5625 5470
f 5625 5626 5470
f 5470 5626 5471
f 5626 5627 5471
f 5471 5627 5472
f 5627 5628 5472
f 5472 5628 5473
f 5628 5629 5473
f 5473 5629 5474
f 5629 5630 5474
f 5474 5630 5475
f 5630 5631 5475
f 5475 5631 5476
f 5631 5632 5476
f 5476 5632 5477
f 5632 5633 5477
f 5477 5633 5478
f 5633 5634 5478
f 5478 5634 5479
f 5634 5635 5479
f 5479 5635 5480
f 5635 5636 5480
f 5480 5636 5481
f 5636 5637 5481
f 5481 5637 5482
f 5637 5638 5482
f 5482 5638 5483
f 5638 5639 5483
f 5483 5639 5484
f 5639 5640 5484
f 5484 5640 5485
f 5640 5641 5485
f 5485 5641 5486
f 5641 5642 5486
f 5486 5642 5487
f 5642 5643 5487
f 5487 5643 5488
f 5643 5644 5488
f 5488 5644 5489
f 5644 5645 5489
f 5489 5645 5490
f 5645 5646 5490
f 5490 5646 5491
f 5646 5647 5491
f 5491 5647 5492
f 5647 5648 5492
f 5492 5648 5493
f 5648 5649 5493
f 5493 5649 5494
f 5649 5650 5494
f 5494 5650 5495
f 5650 5651 5495
f 5495 5651 5496
f 5651 5652 5496
f 5496 5652 5497
f 5652 5653 5497
f 5497 5653 5498
f 5653 5654 5498
f 5498 5654 5499
f 5654 5655 5499
f 5499 5655 5500
f 5655 5656 5500
f 5500 5656 5501
f 5656 5657 5501
f 5501 5657 5502
f 5657 5658 5502
f 5502 5658 5503
f 5658 5659 5503
f 5503 5659 5504
f 5659 5660 5504
f 5505 5661 5662
f 5506 5505 5662
f 5660 5505 5504
f 5661 5505 5660
f 5506 5662 5507
f 5662 5663 5507
f 5508 5664 5665
f 5509 5508 5665
f 5665 5510 5509
f 5666 5510 5665
f 5510 5666 5667
f 5511 5510 5667
f 5667 5512 5511
f 5668 5512 5667
f 5512 5668 5513
f 5668 5669 5513
f 5513 5669 5514
f 5669 5670 5514
f 5514 5670 5515
f 5670 5671 5515
f 5515 5671 5516
f 5671 5672 5516
f 5516 5672 5517
f 5672 5673 5517
f 5517 5673 5518
f 5673 5674 5518
f 5518 5674 5519
f 5674 5675 5519
f 5519 5675 5520
f 5675 5676 5520
f 5520 5676 5521
f 5676 5677 5521
f 5521 5677 5522
f 5677 5678 5522
f 5522 5678 5523
f 5678 5679 5523
f 5523 5679 5524
f 5679 5680 5524
f 5524 5680 5525
f 5680 5681 5525
f 5525 5681 5526
f 5681 5682 5526
f 5526 5682 5527
f 5682 5683 5527
f 5527 5683 5528
f 5683 5684 5528
f 5528 5684 5529
f 5684 5685 5529
f 5529 5685 5530
f 5685 5686 5530
f 5530 5686 5531
f 5686 5687 5531
f 5531 5687 5532
f 5687 5688 5532
f 5532 5688 5533
f 5688 5689 5533
f 5533 5689 5534
f 5689 5690 5534
f 5534 5690 5535
f 5690 5691 5535
f 5535 5691 5536
f 5691 5692 5536
f 5536 5692 5537
f 5692 5693 5537
f 5537 5693 5538
f 5693 5694 5538
f 5538 5694 5539
f 5694 5695 5539
f 5539 5695 5540
f 5695 5696 5540
f 5540 5696 5541
f 5696 5697 5541
f 5541 5697 5542
f 5697 5698 5542
f 5542 5698 5543
f 5698 5699 5543
f 5543 5699 5544
f 5699 5700 5544
f 5544 5700 5545
f 5700 5701 5545
f 5545 5701 5546
f 5701 5702 5546
f 5546 5702 5547
f 5702 5703 5547
f 5547 5703 5548
f 5703 5704 5548
f 5548 5704 5549
f 5704 5705 5549
f 5549 5705 5550
f 5705 5706 5550
f 5550 5706 5551
f 5706 5707 5551
f 5551 5707 5552
f 5707 5708 5552
f 5552 5708 5553
f 5708 5709 5553
f 5553 5709 5554
f 5709 5710 5554
f 5554 5710 5555
f 5710 5711 5555
f 5555 5711 5556
f 5711 5712 5556
f 5556 5712 5557
f 5712 5713 5557
f 5557 5713 5558
f 5713 5714 5558
f 5558 5714 5559
f 5714 5715 5559
f 5559 5715 5560
f 5715 5716 5560
f 5560 5716 5561
f 5716 5717 5561
f 5561 5717 5562
f 5717 5718 5562
f 5562 5718 5563
f 5718 5719 5563
f 5563 5719 5564
f 5719 5720 5564
f 5564 5720 5565
f 5720 5721 5565
f 5565 5721 5566
f 5721 5722 5566
f 5566 5722 5567
f 5722 5723 5567
f 5567 5723 5568
f 5723 5724 5568
f 5568 5724 5569
f 5724 5725 5569
f 5569 5725 5570
f 5725 5726 5570
f 5570 5726 5571
f 5726 5727 5571
f 5571 5727 5572
f 5727 5728 5572
f 5572 5728 5573
f 5728 5729 5573
f 5573 5729 5574
f 5729 5730 5574
f 5574 5730 5575
f 5730 5731 5575
f 5575 5731 5576
f 5731 5732 5576
f 5576 5732 5577
f 5732 5733 5577
f 5577 5733 5578
f 5733 5734 5578
f 5578 5734 5579
f 5734 5735 5579
f 5579 5735 5580
f 5735 5736 5580
f 5580 5736 5581
f 5736 5737 5581
f 5581 5737 5582
f 5737 5738 5582
f 5582 5738 5583
f 5738 5739 5583
f 5583 5739 5584
f 5739 5740 5584
f 5584 5740 5585
f 5740 5741 5585
f 5585 5741 5586
f 5741 5742 5586
f 5586 5742 5587
f 5742 5743 5587
f 5587 5743 5588
f 5743 5744 5588
f 5588 5744 5589
f 5744 5745 5589
f 5589 5745 5590
f 5745 5746 5590
f 5590 5746 5591
f 5746 5747 5591
f 5591 5747 5592
f 5747 5748 5592
f 5592 5748 5593
f 5748 5749 5593
f 5593 5749 5594
f 5749 5750 5594
f 5594 5750 5595
f 5750 5751 5595
f 5595 5751 5596
f 5751 5752 5596
f 5596 5752 5597
f 5752 5753 5597
f 5597 5753 5598
f 5753 5754 5598
f 5598 5754 5599
f 5754 5755 5599
f 5599 5755 5600
f 5755 5756 5600
f 5600 5756 5601
f 5756 5757 5601
f 5601 5757 5602
f 5757 5758 5602
f 5602 5758 5603
f 5758 5759 5603
f 5603 5759 5604
f 5759 5760 5604
f 5604 5760 5605
f 5760 5761 5605
f 5605 5761 5606
f 5761 5762 5606
f 5606 5762 5607
f 5762 5763 5607
f 5607 5763 5608
f 5763 5764 5608
f 5608 5764 5609
f 5764 5765 5609
f 5609 5765 5610
f 5765 5766 5610
f 5610 5766 5611
f 5766 5767 5611
f 5611 5767 5612
f 5767 5768 5612
f 5612 5768 5613
f 5768 5769 5613
f 5613 5769 5614
f 5769 5770 5614
f 5614 5770 5615
f 5770 5771 5615
f 5615 5771 5616
f 5771 5772 5616
f 5616 5772 5617
f 5772 5773 5617
f 5617 5773 5618
f 5773 5774 5618
f 5618 5774 5619
f 5774 5775 5619
f 5619 5775 5620
f 5775 5776 5620
f 5620 5776 5621
f 5776 5777 5621
f 5621 5777 5622
f 5777 5778 5622
f 5622 5778 5623
f 5778 5779 5623
f 5623 5779 5624
f 5779 5780 5624
f 5624 5780 5625
f 5780 5781 5625
f 5625 5781 5626
f 5781 5782 5626
f 5626 5782 5627
f 5782 5783 5627
f 5627 5783 5628
f 5783 5784 5628
f 5628 5784 5629
f 5784 5785 5629
f 5629 5785 5630
f 5785 5786 5630
f 5630 5786 5631
f 5786 5787 5631
f 5631 5787 5632
f 5787 5788 5632
f 5632 5788 5633
f 5788 5789 5633
f 5633 5789 5634
f 5789 5790 5634
f 5634 5790 5635
f 5790 5791 5635
f 5635 5791 5636
f 5791 5792 5636
f 5636 5792 5637
f 5792 5793 5637
f 5637 5793 5638
f 5793 5794 5638
f 5638 5794 5639
f 5794 5795 5639
f 5639 5795 5640
f 5795 5796 5640
f 5640 5796 5641
f 5796 5797 5641
f 5641 5797 5642
f 5797 5798 5642
f 5642 5798 5643
f 5798 5799 5643
f 5643 5799 5644
f 5799 5800 5644
f 5644 5800 5645
f 5800 5801 5645
f 5645 5801 5646
f 5801 5802 5646
f 5646 5802 5647
f 5802 5803 5647
f 5647 5803 5648
f 5803 5804 5648
f 5648 5804 5649
f 5804 5805 5649
f 5649 5805 5650
f 5805 5806 5650
f 5650 5806 5651
f 5806 5807 5651
f 5651 5807 5652
f 5807 5808 5652
f 5652 5808 5653
f 5808 5809 5653
f 5653 5809 5654
f 5809 5810 5654
f 5654 5810 5655
f 5810 5811 5655
f 5655 5811 5656
f 5811 5812 5656
f 5656 5812 5657
f 5812 5813 5657
f 5657 5813 5658
f 5813 5814 5658
f 5658 5814 5659
f 5814 5815 5659
f 5659 5815 5660
f 5815 5816 5660
f 5661 5817 5818
f 5662 5661 5818
f 5816 5661 5660
f 5817 5661 5816
f 5662 5818 5663
f 5818 5819 5663
f 5664 5820 5821
f 5665 5664 5821
f 5821 5666 5665
f 5822 5666 5821
f 5666 5822 5823
f 5667 5666 5823
f 5823 5668 5667
f 5824 5668 5823
f 5668 5824 5669
f 5824 5825 5669
f 5669 5825 5670
f 5825 5826 5670
f 5670 5826 5671
f 5826 5827 5671
f 5671 5827 5672
f 5827 5828 5672
f 5672 5828 5673
f 5828 5829 5673
f 5673 5829 5674
f 5829 5830 5674
f 5674 5830 5675
f 5830 5831 5675
f 5675 5831 5676
f 5831 5832 5676
f 5676 5832 5677
f 5832 5833 5677
f 5677 5833 5678
f 5833 5834 5678
f 5678 5834 5679
f 5834 5835 5679
f 5679 5835 5680
f 5835 5836 5680
f 5680 5836 5681
f 5836 5837 5681
f 5681 5837 5682
f 5837 5838 5682
f 5682 5838 5683
f 5838 5839 5683
f 5683 5839 5684
f 5839 5840 5684
f 5684 5840 5685
f 5840 5841 5685
f 5685 5841 5686
f 5841 5842 5686
f 5686 5842 5687
f 5842 5843 5687
f 5687 5843 5688
f 5843 5844 5688
f 5688 5844 5689
f 5844 5845 5689
f 5689 5845 5690
f 5845 5846 5690
f 5690 5846 5691
f 5846 5847 5691
f 5691 5847 5692
f 5847 5848 5692
f 5692 5848 5693
f 5848 5849 5693
f 5693 5849 5694
f 5849 5850 5694
f 5694 5850 5695
f 5850 5851 5695
f 5695 5851 5696
f 5851 5852 5696
f 5696 5852 5697
f 5852 5853 5697
f 5697 5853 5698
f 5853 5854 5698
f 5698 5854 5699
f 5854 5855 5699
f 5699 5855 5700
f 5855 5856 5700
f 5700 5856 5701
f 5856 5857 5701
f 5701 5857 5702
f 5857 5858 5702
f 5702 5858 5703
f 5858 5859 5703
f 5703 5859 5704
f 5859 5860 5704
f 5704 5860 5705
f 5860 5861 5705
f 5705 5861 5706
f 5861 5862 5706
f 5706 5862 5707
f 5862 5863 5707
f 5707 5863 5708
f 5863 5864 5708
f 5708 5864 5709
f 5864 5865 5709
f 5709 5865 5710
f 5865 5866 5710
f 5710 5866 5711
f 5866 5867 5711
f 5711 5867 5712
f 5867 5868 5712
f 5712 5868 5713
f 5868 5869 5713
f 5713 5869 5714
f 5869 5870 5714
f 5714 5870 5715
f 5870 5871 5715
f 5715 5871 5716
f 5871 5872 5716
f 5716 5872 5717
f 5872 5873 5717
f 5717 5873 5718
f 5873 5874 5718
f 5718 5874 5719
f 5874 5875 5719
f 5719 5875 5720
f 5875 5876 5720
f 5720 5876 5721
f 5876 5877 5721
f 5721 5877 5722
f 5877 5878 5722
f 5722 5878 5723
f 5878 5879 5723
f 5723 5879 5724
f 5879 5880 5724
f 5724 5880 5725
f 5880 5881 5725
f 5725 5881 5726
f 5881 5882 5726
f 5726 5882 5727
f 5882 5883 5727
f 5727 5883 5728
f 5883 5884 5728
f 5728 5884 5729
f 5884 5885 5729
f 5729 5885 5730
f 5885 5886 5730
f 5730 5886 5731
f 5886 5887 5731
f 5731 5887 5732
f 5887 5888 5732
f 5732 5888 5733
f 5888 5889 5733
f 5733 5889 5734
f 5889 5890 5734
f 5734 5890 5735
f 5890 5891 5735
f 5735 5891 5736
f 5891 5892 5736
f 5736 5892 5737
f 5892 5893 5737
f 5737 5893 5738
f 5893 5894 5738
f 5738 5894 5739
f 5894 5895 5739
f 5739 5895 5740
f 5895 5896 5740
f 5740 5896 5741
f 5896 5897 5741
f 5741 5897 5742
f 5897 5898 5742
f 5742 5898 5743
f 5898 5899 5743
f 5743 5899 5744
f 5899 5900 5744
f 5744 5900 5745
f 5900 5901 5745
f 5745 5901 5746
f 5901 5902 5746
f 5746 5902 5747
f 5902 5903 5747
f 5747 5903 5748
f 5903 5904 5748
f 5748 5904 5749
f 5904 5905 5749
f 5749 5905 5750
f 5905 5906 5750
f 5750 5906 5751
f 5906 5907 5751
f 5751 5907 5752
f 5907 5908 5752
f 5752 5908 5753
f 5908 5909 5753
f 5753 5909 5754
f 5909 5910 5754
f 5754 5910 5755
f 5910 5911 5755
f 5755 5911 5756
f 5911 5912 5756
f 5756 5912 5757
f 5912 5913 5757
f 5757 5913 5758
f 5913 5914 5758
f 5758 5914 5759
f 5914 5915 5759
f 5759 5915 5760
f 5915 5916 5760
f 5760 5916 5761
f 5916 5917 5761
f 5761 5917 5762
f 5917 5918 5762
f 5762 5918 5763
f 5918 5919 5763
f 5763 5919 5764
f 5919 5920 5764
f 5764 5920 5765
f 5920 5921 5765
f 5765 5921 5766
f 5921 5922 5766
f 5766 5922 5767
f 5922 5923 5767
f 5767 5923 5768
f 5923 5924 5768
f 5768 5924 5769
f 5924 5925 5769
f 5769 5925 5770
f 5925 5926 5770
f 5770 5926 5771
f 5926 5927 5771
f 5771 5927 5772
f 5927 5928 5772
f 5772 5928 5773
f 5928 5929 5773
f 5773 5929 5774
f 5929 5930 5774
f 5774 5930 5775
f 5930 5931 5775
f 5775 5931 5776
f 5931 5932 5776
f 5776 5932 5777
f 5932 5933 5777
f 5777 5933 5778
f 5933 5934 5778
f 5778 5934 5779
f 5934 5935 5779
f 5779 5935 5780
f 5935 5936 5780
f 5780 5936 5781
f 5936 5937 5781
f 5781 5937 5782
f 5937 5938 5782
f 5782 5938 5783
f 5938 5939 5783
f 5783 5939 5784
f 5939 5940 5784
f 5784 5940 5785
f 5940 5941 5785
f 5785 5941 5786
f 5941 5942 5786
f 5786 5942 5787
f 5942 5943 5787
f 5787 5943 5788
f 5943 5944 5788
f 5788 5944 5789
f 5944 5945 5789
f 5789 5945 5790
f 5945 5946 5790
f 5790 5946 5791
f 5946 5947 5791
f 5791 5947 5792
f 5947 5948 5792
f 5792 5948 5793
f 5948 5949 5793
f 5793 5949 5794
f 5949 5950 5794
f 5794 5950 5795
f 5950 5951 5795
f 5795 5951 5796
f 5951 5952 5796
f 5796 5952 5797
f 5952 5953 5797
f 5797 5953 5798
f 5953 5954 5798
f 5798 5954 5799
f 5954 5955 5799
f 5799 5955 5800
f 5955 5956 5800
f 5800 5956 5801
f 5956 5957 5801
f 5801 5957 5802
f 5957 5958 5802
f 5802 5958 5803
f 5958 5959 5803
f 5803 5959 5804
f 5959 5960 5804
f 5804 5960 5805
f 5960 5961 5805
f 5805 5961 5806
f 5961 5962 5806
f 5806 5962 5807
f 5962 5963 5807
f 5807 5963 5808
f 5963 5964 5808
f 5808 5964 5809
f 5964 5965 5809
f 5809 5965 5810
f 5965 5966 5810
f 5810 5966 5811
f 5966 5967 5811
f 5811 5967 5812
f 5967 5968 5812
f 5812 5968 5813
f 5968 5969 5813
f 5813 5969 5814
f 5969 5970 5814
f 5814 5970 5815
f 5970 5971 5815
f 5815 5971 5816
f 5971 5972 5816
f 5817 5973 5974
f 5818 5817 5974
f 5972 5817 5816
f 5973 5817 5972
f 5818 5974 5819
f 5974 5975 5819
f 5820 5976 5977
f 5821 5820 5977
f 5977 5822 5821
f 5978 5822 5977
f 5822 5978 5979
f 5823 5822 5979
f 5979 5824 5823
f 5980 5824 5979
f 5824 5980 5825
f 5980 5981 5825
f 5825 5981 5826
f 5981 5982 5826
f 5826 5982 5827
f 5982 5983 5827
f 5827 5983 5828
f 5983 5984 5828
f 5828 5984 5829
f 5984 5985 5829
f 5829 5985 5830
f 5985 5986 5830
f 5830 5986 5831
f 5986 5987 5831
f 5831 5987 5832
f 5987 5988 5832
f 5832 5988 5833
f 5988 5989 5833
f 5833 5989 5834
f 5989 5990 5834
f 5834 5990 5835
f 5990 5991 5835
f 5835 5991 5836
f 5991 5992 5836
f 5836 5992 5837
f 5992 5993 5837
f 5837 5993 5838
f 5993 5994 5838
f 5838 5994 5839
f 5994 5995 5839
f 5839 5995 5840
f 5995 5996 5840
f 5840 5996 5841
f 5996 5997 5841
f 5841 5997 5842
f 5997 5998 5842
f 5842 5998 5843
f 5998 5999 5843
f 5843 5999 5844
f 5999 6000 5844
f 5844 6000 5845
f 6000 6001 5845
f 5845 6001 5846
f 6001 6002 5846
f 5846 6002 5847
f 6002 6003 5847
f 5847 6003 5848
f 6003 6004 5848
f 5848 6004 5849
f 6004 6005 5849
f 5849 6005 5850
f 6005 6006 5850
f 5850 6006 5851
f 6006 6007 5851
f 5851 6007 5852
f 6007 6008 5852
f 5852 6008 5853
f 6008 6009 5853
f 5853 6009 5854
f 6009 6010 5854
f 5854 6010 5855
f 6010 6011 5855
f 5855 6011 5856
f 6011 6012 5856
f 5856 6012 5857
f 6012 6013 5857
f 5857 6013 5858
f 6013 6014 5858
f 5858 6014 5859
f 6014 6015 5859
f 5859 6015 5860
f 6015 6016 5860
f 5860 6016 5861
f 6016 6017 5861
f 5861 6017 5862
f 6017 6018 5862
f 5862 6018 5863
f 6018 6019 5863
f 5863 6019 5864
f 6019 6020 5864
f 5864 6020 5865
f 6020 6021 5865
f 5865 6021 5866
f 6021 6022 5866
f 5866 6022 5867
f 6022 6023 5867
f 5867 6023 5868
f 6023 6024 5868
f 5868 6024 5869
f 6024 6025 5869
f 5869 6025 5870
f 6025 6026 5870
f 5870 6026 5871
f 6026 6027 5871
f 5871 6027 5872
f 6027 6028 5872
f 5872 6028 5873
f 6028 6029 5873
f 5873 6029 5874
f 6029 6030 5874
f 5874 6030 5875
f 6030 6031 5875
f 5875 6031 5876
f 6031 6032 5876
f 5876 6032 5877
f 6032 6033 5877
f 5877 6033 5878
f 6033 6034 5878
f 5878 6034 5879
f 6034 6035 5879
f 5879 6035 5880
f 6035 6036 5880
f 5880 6036 5881
f 6036 6037 5881
f 5881 6037 5882
f 6037 6038 5882
f 5882 6038 5883
f 6038 6039 5883
f 5883 6039 5884
f 6039 6040 5884
f 5884 6040 5885
f 6040 6041 5885
f 5885 6041 5886
f 6041 6042 5886
f 5886 6042 5887
f 6042 6043 5887
f 5887 6043 5888
f 6043 6044 5888
f 5888 6044 5889
f 6044 6045 5889
f 5889 6045 5890
f 6045 6046 5890
f 5890 6046 5891
f 6046 6047 5891
f 5891 6047 5892
f 6047 6048 5892
f 5892 6048 5893
f 6048 6049 5893
f 5893 6049 5894
f 6049 6050 5894
f 5894 6050 5895
f 6050 6051 5895
f 5895 6051 5896
f 6051 6052 5896
f 5896 6052 5897
f 6052 6053 5897
f 5897 6053 5898
f 6053 6054 5898
f 5898 6054 5899
f 6054 6055 5899
f 5899 6055 5900
f 6055 6056 5900
f 5900 6056 5901
f 6056 6057 5901
f 5901 6057 5902
f 6057 6058 5902
f 5902 6058 5903
f 6058 6059 5903
f 5903 6059 5904
f 6059 6060 5904
f 5904 6060 5905
f 6060 6061 5905
f 5905 6061 5906
f 6061 6062 5906
f 5906 6062 5907
f 6062 6063 5907
f 5907 6063 5908
f 6063 6064 5908
f 5908 6064 5909
f 6064 6065 5909
f 5909 6065 5910
f 6065 6066 5910
f 5910 6066 5911
f 6066 6067 5911
f 5911 6067 5912
f 6067 6068 5912
f 5912 6068 5913
f 6068 6069 5913
f 5913 6069 5914
f 6069 6070 5914
f 5914 6070 5915
f 6070 6071 5915
f 5915 6071 5916
f 6071 6072 5916
f 5916 6072 5917
f 6072 6073 5917
f 5917 6073 5918
f 6073 6074 5918
f 5918 6074 5919
f 6074 6075 5919
f 5919 6075 5920
f 6075 6076 5920
f 5920 6076 5921
f 6076 6077 5921
f 5921 6077 5922
f 6077 6078 5922
f 5922 6078 5923
f 6078 6079 5923
f 5923 6079 5924
f 6079 6080 5924
f 5924 6080 5925
f 6080 6081 5925
f 5925 6081 5926
f 6081 6082 5926
f 5926 6082 5927
f 6082 6083 5927
f 5927 6083 5928
f 6083 6084 5928
f 5928 6084 5929
f 6084 6085 5929
f 5929 6085 5930
f 6085 6086 5930
f 5930 6086 5931
f 6086 6087 5931
f 5931 6087 5932
f 6087 6088 5932
f 5932 6088 5933
f 6088 6089 5933
f 5933 6089 5934
f 6089 6090 5934
f 5934 6090 5935
f 6090 6091 5935
f 5935 6091 5936
f 6091 6092 5936
f 5936 6092 5937
f 6092 6093 5937
f 5937 6093 5938
f 6093 6094 5938
f 5938 6094 5939
f 6094 6095 5939
f 5939 6095 5940
f 6095 6096 5940
f 5940 6096 5941
f 6096 6097 5941
f 5941 6097 5942
f 6097 6098 5942
f 5942 6098 5943
f 6098 6099 5943
f 5943 6099 5944
f 6099 6100 5944
f 5944 6100 5945
f 6100 6101 5945
f 5945 6101 5946
f 6101 6102 5946
f 5946 6102 5947
f 6102 6103 5947
f 5947 6103 5948
f 6103 6104 5948
f 5948 6104 5949
f 6104 6105 5949
f 5949 6105 5950
f 6105 6106 5950
f 5950 6106 5951
f 6106 6107 5951
f 5951 6107 5952
f 6107 6108 5952
f 5952 6108 5953
f 6108 6109 5953
f 5953 6109 5954
f 6109 6110 5954
f 5954 6110 5955
f 6110 6111 5955
f 5955 6111 5956
f 6111 6112 5956
f 5956 6112 5957
f 6112 6113 5957
f 5957 6113 5958
f 6113 6114 5958
f 5958 6114 5959
f 6114 6115 5959
f 5959 6115 5960
f 6115 6116 5960
f 5960 6116 5961
f 6116 6117 5961
f 5961 6117 5962
f 6117 6118 5962
f 5962 6118 5963
f 6118 6119 5963
f 5963 6119 5964
f 6119 6120 5964
f 5964 6120 5965
f 6120 6121 5965
f 5965 6121 5966
f 6121 6122 5966
f 5966 6122 5967
f 6122 6123 5967
f 5967 6123 5968
f 6123 6124 5968
f 5968 6124 5969
f 6124 6125 5969
f 5969 6125 5970
f 6125 6126 5970
f 5970 6126 5971
f 6126 6127 5971
f 5971 6127 5972
f 6127 6128 5972
f 5973 6129 6130
f 5974 5973 6130
f 6128 5973 5972
f 6129 5973 6128
f 5974 6130 5975
f 6130 6131 5975
f 5976 6132 6133
f 5977 5976 6133
f 6133 5978 5977
f 6134 5978 6133
f 5978 6134 6135
f 5979 5978 6135
f 6135 5980 5979
f 6136 5980 6135
f 5980 6136 5981
f 6136 6137 5981
f 5981 6137 5982
f 6137 6138 5982
f 5982 6138 5983
f 6138 6139 5983
f 5983 6139 5984
f 6139 6140 5984
f 5984 6140 5985
f 6140 6141 5985
f 5985 6141 5986
f 6141 6142 5986
f 5986 6142 5987
f 6142 6143 5987
f 5987 6143 5988
f 6143 6144 5988
f 5988 6144 5989
f 6144 6145 5989
f 5989 6145 5990
f 6145 6146 5990
f 5990 6146 5991
f 6146 6147 5991
f 5991 6147 5992
f 6147 6148 5992
f 5992 6148 5993
f 6148 6149 5993
f 5993 6149 5994
f 6149 6150 5994
f 5994 6150 5995
f 6150 6151 5995
f 5995 6151 5996
f 6151 6152 5996
f 5996 6152 5997
f 6152 6153 5997
f 5997 6153 5998
f 6153 6154 5998
f 5998 6154 5999
f 6154 6155 5999
f 5999 6155 6000
f 6155 6156 6000
f 6000 6156 6001
f 6156 6157 6001
f 6001 6157 6002
f 6157 6158 6002
f 6002 6158 6003
f 6158 6159 6003
f 6003 6159 6004
f 6159 6160 6004
f 6004 6160 6005
f 6160 6161 6005
f 6005 6161 6006
f 6161 6162 6006
f 6006 6162 6007
f 6162 6163 6007
f 6007 6163 6008
f 6163 6164 6008
f 6008 6164 6009
f 6164 6165 6009
f 6009 6165 6010
f 6165 6166 6010
f 6010 6166 6011
f 6166 6167 6011
f 6011 6167 6012
f 6167 6168 6012
f 6012 6168 6013
f 6168 6169 6013
f 6013 6169 6014
f 6169 6170 6014
f 6014 6170 6015
f 6170 6171 6015
f 6015 6171 6016
f 6171 6172 6016
f 6016 6172 6017
f 6172 6173 6017
f 6017 6173 6018
f 6173 6174 6018
f 6018 6174 6019
f 6174 6175 6019
f 6019 6175 6020
f 6175 6176 6020
f 6020 6176 6021
f 6176 6177 6021
f 6021 6177 6022
f 6177 6178 6022
f 6022 6178 6023
f 6178 6179 6023
f 6023 6179 6024
f 6179 6180 6024
f 6024 6180 6025
f 6180 6181 6025
f 6025 6181 6026
f 6181 6182 6026
f 6026 6182 6027
f 6182 6183 6027
f 6027 6183 6028
f 6183 6184 6028
f 6028 6184 6029
f 6184 6185 6029
f 6029 6185 6030
f 6185 6186 6030
f 6030 6186 6031
f 6186 6187 6031
f 6031 6187 6032
f 6187 6188 6032
f 6032 6188 6033
f 6188 6189 6033
f 6033 6189 6034
f 6189 6190 6034
f 6034 6190 6035
f 6190 6191 6035
f 6035 6191 6036
f 6191 6192 6036
f 6036 6192 6037
f 6192 6193 6037
f 6037 6193 6038
f 6193 6194 6038
f 6038 6194 6039
f 6194 6195 6039
f 6039 6195 6040
f 6195 6196 6040
f 6040 6196 6041
f 6196 6197 6041
f 6041 6197 6042
f 6197 6198 6042
f 6042 6198 6043
f 6198 6199 6043
f 6043 6199 6044
f 6199 6200 6044
f 6044 6200 6045
f 6200 6201 6045
f 6045 6201 6046
f 6201 6202 6046
f 6046 6202 6047
f 6202 6203 6047
f 6047 6203 6048
f 6203 6204 6048
f 6048 6204 6049
f 6204 6205 6049
f 6049 6205 6050
f 6205 6206 6050
f 6050 6206 6051
f 6206 6207 6051
f 6051 6207 6052
f 6207 6208 6052
f 6052 6208 6053
f 6208 6209 6053
f 6053 6209 6054
f 6209 6210 6054
f 6054 6210 6055
f 6210 6211 6055
f 6055 6211 6056
f 6211 6212 6056
f 6056 6212 6057
f 6212 6213 6057
f 6057 6213 6058
f 6213 6214 6058
f 6058 6214 6059
f 6214 6215 6059
f 6059 6215 6060
f 6215 6216 6060
f 6060 6216 6061
f 6216 6217 6061
f 6061 6217 6062
f 6217 6218 6062
f 6062 6218 6063
f 6218 6219 6063
f 6063 6219 6064
f 6219 6220 6064
f 6064 6220 6065
f 6220 6221 6065
f 6065 6221 6066
f 6221 6222 6066
f 6066 6222 6067
f 6222 6223 6067
f 6067 6223 6068
f 6223 6224 6068
f 6068 6224 6069
f 6224 6225 6069
f 6069 6225 6070
f 6225 6226 6070
f 6070 6226 6071
f 6226 6227 6071
f 6071 6227 6072
f 6227 6228 6072
f 6072 6228 6073
f 6228 6229 6073
f 6073 6229 6074
f 6229 6230 6074
f 6074 6230 6075
f 6230 6231 6075
f 6075 6231 6076
f 6231 6232 6076
f 6076 6232 6077
f 6232 6233 6077
f 6077 6233 6078
f 6233 6234 6078
f 6078 6234 6079
f 6234 6235 6079
f 6079 6235 6080
f 6235 6236 6080
f 6080 6236 6081
f 6236 6237 6081
f 6081 6237 6082
f 6237 6238 6082
f 6082 6238 6083
f 6238 6239 6083
f 6083 6239 6084
f 6239 6240 6084
f 6084 6240 6085
f 6240 6241 6085
f 6085 6241 6086
f 6241 6242 6086
f 6086 6242 6087
f 6242 6243 6087
f 6087 6243 6088
f 6243 6244 6088
f 6088 6244 6089
f 6244 6245 6089
f 6089 6245 6090
f 6245 6246 6090
f 6090 6246 6091
f 6246 6247 6091
f 6091 6247 6092
f 6247 6248 6092
f 6092 6248 6093
f 6248 6249 6093
f 6093 6249 6094
f 6249 6250 6094
f 6094 6250 6095
f 6250 6251 6095
f 6095 6251 6096
f 6251 6252 6096
f 6096 6252 6097
f 6252 6253 6097
f 6097 6253 6098
f 6253 6254 6098
f 6098 6254 6099
f 6254 6255 6099
f 6099 6255 6100
f 6255 6256 6100
f 6100 6256 6101
f 6256 6257 6101
f 6101 6257 6102
f 6257 6258 6102
f 6102 6258 6103
f 6258 6259 6103
f 6103 6259 6104
f 6259 6260 6104
f 6104 6260 6105
f 6260 6261 6105
f 6105 6261 6106
f 6261 6262 6106
f 6106 6262 6107
f 6262 6263 6107
f 6107 6263 6108
f 6263 6264 6108
f 6108 6264 6109
f 6264 6265 6109
f 6109 6265 6110
f 6265 6266 6110
f 6110 6266 6111
f 6266 6267 6111
f 6111 6267 6112
f 6267 6268 6112
f 6112 6268 6113
f 6268 6269 6113
f 6113 6269 6114
f 6269 6270 6114
f 6114 6270 6115
f 6270 6271 6115
f 6115 6271 6116
f 6271 6272 6116
f 6116 6272 6117
f 6272 6273 6117
f 6117 6273 6118
f 6273 6274 6118
f 6118 6274 6119
f 6274 6275 6119
f 6119 6275 6120
f 6275 6276 6120
f 6120 6276 6121
f 6276 6277 6121
f 6121 6277 6122
f 6277 6278 6122
f 6122 6278 6123
f 6278 6279 6123
f 6123 6279 6124
f 6279 6280 6124
f 6124 6280 6125
f 6280 6281 6125
f 6125 6281 6126
f 6281 6282 6126
f 6126 6282 6127
f 6282 6283 6127
f 6127 6283 6128
f 6283 6284 6128
f 6129 6285 6286
f 6130 6129 6286
f 6284 6129 6128
f 6285 6129 6284
f 6130 6286 6131
f 6286 6287 6131
f 6132 6288 6289
f 6133 6132 6289
f 6289 6134 6133
f 6290 6134 6289
f 6134 6290 6291
f 6135 6134 6291
f 6291 6136 6135
f 6292 6136 6291
f 6136 6292 6137
f 6292 6293 6137
f 6137 6293 6138
f 6293 6294 6138
f 6138 6294 6139
f 6294 6295 6139
f 6139 6295 6140
f 6295 6296 6140
f 6140 6296 6141
f 6296 6297 6141
f 6141 6297 6142
f 6297 6298 6142
f 6142 6298 6143
f 6298 6299 6143
f 6143 6299 6144
f 6299 6300 6144
f 6144 6300 6145
f 6300 6301 6145
f 6145 6301 6146
f 6301 6302 6146
f 6146 6302 6147
f 6302 6303 6147
f 6147 6303 6148
f 6303 6304 6148
f 6148 6304 6149
f 6304 6305 6149
f 6149 6305 6150
f 6305 6306 6150
f 6150 6306 6151
f 6306 6307 6151
f 6151 6307 6152
f 6307 6308 6152
f 6152 6308 6153
f 6308 6309 6153
f 6153 6309 6154
f 6309 6310 6154
f 6154 6310 6155
f 6310 6311 6155
f 6155 6311 6156
f 6311 6312 6156
f 6156 6312 6157
f 6312 6313 6157
f 6157 6313 6158
f 6313 6314 6158
f 6158 6314 6159
f 6314 6315 6159
f 6159 6315 6160
f 6315 6316 6160
f 6160 6316 6161
f 6316 6317 6161
f 6161 6317 6162
f 6317 6318 6162
f 6162 6318 6163
f 6318 6319 6163
f 6163 6319 6164
f 6319 6320 6164
f 6164 6320 6165
f 6320 6321 6165
f 6165 6321 6166
f 6321 6322 6166
f 6166 6322 6167
f 6322 6323 6167
f 6167 6323 6168
f 6323 6324 6168
f 6168 6324 6169
f 6324 6325 6169
f 6169 6325 6170
f 6325 6326 6170
f 6170 6326 6171
f 6326 6327 6171
f 6171 6327 6172
f 6327 6328 6172
f 6172 6328 6173
f 6328 6329 6173
f 6173 6329 6174
f 6329 6330 6174
f 6174 6330 6175
f 6330 6331 6175
f 6175 6331 6176
f 6331 6332 6176
f 6176 6332 6177
f 6332 6333 6177
f 6177 6333 6178
f 6333 6334 6178
f 6178 6334 6179
f 6334 6335 6179
f 6179 6335 6180
f 6335 6336 6180
f 6180 6336 6181
f 6336 6337 6181
f 6181 6337 6182
f 6337 6338 6182
f 6182 6338 6183
f 6338 6339 6183
f 6183 6339 6184
f 6339 6340 6184
f 6184 6340 6185
f 6340 6341 6185
f 6185 6341 6186
f 6341 6342 6186
f 6186 6342 6187
f 6342 6343 6187
f 6187 6343 6188
f 6343 6344 6188
f 6188 6344 6189
f 6344 6345 6189
f 6189 6345 6190
f 6345 6346 6190
f 6190 6346 6191
f 6346 6347 6191
f 6191 6347 6192
f 6347 6348 6192
f 6192 6348 6193
f 6348 6349 6193
f 6193 6349 6194
f 6349 6350 6194
f 6194 6350 6195
f 6350 6351 6195
f 6195 6351 6196
f 6351 6352 6196
f 6196 6352 6197
f 6352 6353 6197
f 6197 6353 6198
f 6353 6354 6198
f 6198 6354 6199
f 6354 6355 6199
f 6199 6355 6200
f 6355 6356 6200
f 6200 6356 6201
f 6356 6357 6201
f 6201 6357 6202
f 6357 6358 6202
f 6202 6358 6203
f 6358 6359 6203
f 6203 6359 6204
f 6359 6360 6204
f 6204 6360 6205
f 6360 6361 6205
f 6205 6361 6206
f 6361 6362 6206
f 6206 6362 6207
f 6362 6363 6207
f 6207 6363 6208
f 6363 6364 6208
f 6208 6364 6209
f 6364 6365 6209
f 6209 6365 6210
f 6365 6366 6210
f 6210 6366 6211
f 6366 6367 6211
f 6211 6367 6212
f 6367 6368 6212
f 6212 6368 6213
f 6368 6369 6213
f 6213 6369 6214
f 6369 6370 6214
f 6214 6370 6215
f 6370 6371 6215
f 6215 6371 6216
f 6371 6372 6216
f 6216 6372 6217
f 6372 6373 6217
f 6217 6373 6218
f 6373 6374 6218
f 6218 6374 6219
f 6374 6375 6219
f 6219 6375 6220
f 6375 6376 6220
f 6220 6376 6221
f 6376 6377 6221
f 6221 6377 6222
f 6377 6378 6222
f 6222 6378 6223
f 6378 6379 6223
f 6223 6379 6224
f 6379 6380 6224
f 6224 6380 6225
f 6380 6381 6225
f 6225 6381 6226
f 6381 6382 6226
f 6226 6382 6227
f 6382 6383 6227
f 6227 6383 6228
f 6383 6384 6228
f 6228 6384 6229
f 6384 6385 6229
f 6229 6385 6230
f 6385 6386 6230
f 6230 6386 6231
f 6386 6387 6231
f 6231 6387 6232
f 6387 6388 6232
f 6232 6388 6233
f 6388 6389 6233
f 6233 6389 6234
f 6389 6390 6234
f 6234 6390 6235
f 6390 6391 6235
f 6235 6391 6236
f 6391 6392 6236
f 6236 6392 6237
f 6392 6393 6237
f 6237 6393 6238
f 6393 6394 6238
f 6238 6394 6239
f 6394 6395 6239
f 6239 6395 6240
f 6395 6396 6240
f 6240 6396 6241
f 6396 6397 6241
f 6241 6397 6242
f 6397 6398 6242
f 6242 6398 6243
f 6398 6399 6243
f 6243 6399 6244
f 6399 6400 6244
f 6244 6400 6245
f 6400 6401 6245
f 6245 6401 6246
f 6401 6402 6246
f 6246 6402 6247
f 6402 6403 6247
f 6247 6403 6248
f 6403 6404 6248
f 6248 6404 6249
f 6404 6405 6249
f 6249 6405 6250
f 6405 6406 6250
f 6250 6406 6251
f 6406 6407 6251
f 6251 6407 6252
f 6407 6408 6252
f 6252 6408 6253
f 6408 6409 6253
f 6253 6409 6254
f 6409 6410 6254
f 6254 6410 6255
f 6410 6411 6255
f 6255 6411 6256
f 6411 6412 6256
f 6256 6412 6257
f 6412 6413 6257
f 6257 6413 6258
f 6413 6414 6258
f 6258 6414 6259
f 6414 6415 6259
f 6259 6415 6260
f 6415 6416 6260
f 6260 6416 6261
f 6416 6417 6261
f 6261 6417 6262
f 6417 6418 6262
f 6262 6418 6263
f 6418 6419 6263
f 6263 6419 6264
f 6419 6420 6264
f 6264 6420 6265
f 6420 6421 6265
f 6265 6421 6266
f 6421 6422 6266
f 6266 6422 6267
f 6422 6423 6267
f 6267 6423 6268
f 6423 6424 6268
f 6268 6424 6269
f 6424 6425 6269
f 6269 6425 6270
f 6425 6426 6270
f 6270 6426 6271
f 6426 6427 6271
f 6271 6427 6272
f 6427 6428 6272
f 6272 6428 6273
f 6428 6429 6273
f 6273 6429 6274
f 6429 6430 6274
f 6274 6430 6275
f 6430 6431 6275
f 6275 6431 6276
f 6431 6432 6276
f 6276 6432 6277
f 6432 6433 6277
f 6277 6433 6278
f 6433 6434 6278
f 6278 6434 6279
f 6434 6435 6279
f 6279 6435 6280
f 6435 6436 6280
f 6280 6436 6281
f 6436 6437 6281
f 6281 6437 6282
f 6437 6438 6282
f 6282 6438 6283
f 6438 6439 6283
f 6283 6439 6284
f 6439 6440 6284
f 6285 6441 6442
f 6286 6285 6442
f 6440 6285 6284
f 6441 6285 6440
f 6286 6442 6287
f 6442 6443 6287
f 6288 6444 6445
f 6289 6288 6445
f 6445 6290 6289
f 6446 6290 6445
f 6447 6291 6290
f 6447 6290 6448
f 6448 6290 6446
f 6291 6447 6292
f 6447 6448 6449
f 6449 6292 6447
f 6449 6450 6292
f 6450 6293 6292
f 6293 6450 6294
f 6450 6451 6294
f 6294 6451 6295
f 6451 6452 6295
f 6295 6452 6296
f 6452 6453 6296
f 6296 6453 6297
f 6453 6454 6297
f 6297 6454 6298
f 6454 6455 6298
f 6298 6455 6299
f 6455 6456 6299
f 6299 6456 6300
f 6456 6457 6300
f 6300 6457 6301
f 6457 6458 6301
f 6301 6458 6302
f 6458 6459 6302
f 6302 6459 6303
f 6459 6460 6303
f 6303 6460 6304
f 6460 6461 6304
f 6304 6461 6305
f 6461 6462 6305
f 6305 6462 6306
f 6462 6463 6306
f 6306 6463 6307
f 6463 6464 6307
f 6307 6464 6308
f 6464 6465 6308
f 6308 6465 6309
f 6465 6466 6309
f 6309 6466 6310
f 6466 6467 6310
f 6310 6467 6311
f 6467 6468 6311
f 6311 6468 6312
f 6468 6469 6312
f 6312 6469 6313
f 6469 6470 6313
f 6313 6470 6314
f 6470 6471 6314
f 6314 6471 6315
f 6471 6472 6315
f 6315 6472 6316
f 6472 6473 6316
f 6316 6473 6317
f 6473 6474 6317
f 6317 6474 6318
f 6474 6475 6318
f 6318 6475 6319
f 6475 6476 6319
f 6319 6476 6320
f 6476 6477 6320
f 6320 6477 6321
f 6477 6478 6321
f 6321 6478 6322
f 6478 6479 6322
f 6322 6479 6323
f 6479 6480 6323
f 6323 6480 6324
f 6480 6481 6324
f 6324 6481 6325
f 6481 6482 6325
f 6325 6482 6326
f 6482 6483 6326
f 6326 6483 6327
f 6483 6484 6327
f 6327 6484 6328
f 6484 6485 6328
f 6328 6485 6329
f 6485 6486 6329
f 6329 6486 6330
f 6486 6487 6330
f 6330 6487 6331
f 6487 6488 6331
f 6331 6488 6332
f 6488 6489 6332
f 6332 6489 6333
f 6489 6490 6333
f 6333 6490 6334
f 6490 6491 6334
f 6334 6491 6335
f 6491 6492 6335
f 6335 6492 6336
f 6492 6493 6336
f 6336 6493 6337
f 6493 6494 6337
f 6337 6494 6338
f 6494 6495 6338
f 6338 6495 6339
f 6495 6496 6339
f 6339 6496 6340
f 6496 6497 6340
f 6340 6497 6341
f 6497 6498 6341
f 6341 6498 6342
f 6498 6499 6342
f 6342 6499 6343
f 6499 6500 6343
f 6343 6500 6344
f 6500 6501 6344
f 6344 6501 6345
f 6501 6502 6345
f 6345 6502 6346
f 6502 6503 6346
f 6346 6503 6347
f 6503 6504 6347
f 6347 6504 6348
f 6504 6505 6348
f 6348 6505 6349
f 6505 6506 6349
f 6349 6506 6350
f 6506 6507 6350
f 6350 6507 6351
f 6507 6508 6351
f 6351 6508 6352
f 6508 6509 6352
f 6352 6509 6353
f 6509 6510 6353
f 6353 6510 6354
f 6510 6511 6354
f 6354 6511 6355
f 6511 6512 6355
f 6355 6512 6356
f 6512 6513 6356
f 6356 6513 6357
f 6513 6514 6357
f 6357 6514 6358
f 6514 6515 6358
f 6358 6515 6359
f 6515 6516 6359
f 6359 6516 6360
f 6516 6517 6360
f 6360 6517 6361
f 6517 6518 6361
f 6361 6518 6362
f 6518 6519 6362
f 6362 6519 6363
f 6519 6520 6363
f 6363 6520 6364
f 6520 6521 6364
f 6364 6521 6365
f 6521 6522 6365
f 6365 6522 6366
f 6522 6523 6366
f 6366 6523 6367
f 6523 6524 6367
f 6367 6524 6368
f 6524 6525 6368
f 6368 6525 6369
f 6525 6526 6369
f 6369 6526 6370
f 6526 6527 6370
f 6370 6527 6371
f 6527 6528 6371
f 6371 6528 6372
f 6528 6529 6372
f 6372 6529 6373
f 6529 6530 6373
f 6373 6530 6374
f 6530 6531 6374
f 6374 6531 6375
f 6531 6532 6375
f 6375 6532 6376
f 6532 6533 6376
f 6376 6533 6377
f 6533 6534 6377
f 6377 6534 6378
f 6534 6535 6378
f 6378 6535 6379
f 6535 6536 6379
f 6379 6536 6380
f 6536 6537 6380
f 6380 6537 6381
f 6537 6538 6381
f 6381 6538 6382
f 6538 6539 6382
f 6382 6539 6383
f 6539 6540 6383
f 6383 6540 6384
f 6540 6541 6384
f 6384 6541 6385
f 6541 6542 6385
f 6385 6542 6386
f 6542 6543 6386
f 6386 6543 6387
f 6543 6544 6387
f 6387 6544 6388
f 6544 6545 6388
f 6388 6545 6389
f 6545 6546 6389
f 6389 6546 6390
f 6546 6547 6390
f 6390 6547 6391
f 6547 6548 6391
f 6391 6548 6392
f 6548 6549 6392
f 6392 6549 6393
f 6549 6550 6393
f 6393 6550 6394
f 6550 6551 6394
f 6394 6551 6395
f 6551 6552 6395
f 6395 6552 6396
f 6552 6553 6396
f 6396 6553 6397
f 6553 6554 6397
f 6397 6554 6398
f 6554 6555 6398
f 6398 6555 6399
f 6555 6556 6399
f 6399 6556 6400
f 6556 6557 6400
f 6400 6557 6401
f 6557 6558 6401
f 6401 6558 6402
f 6558 6559 6402
f 6402 6559 6403
f 6559 6560 6403
f 6403 6560 6404
f 6560 6561 6404
f 6404 6561 6405
f 6561 6562 6405
f 6405 6562 6406
f 6562 6563 6406
f 6406 6563 6407
f 6563 6564 6407
f 6407 6564 6408
f 6564 6565 6408
f 6408 6565 6409
f 6565 6566 6409
f 6409 6566 6410
f 6566 6567 6410
f 6410 6567 6411
f 6567 6568 6411
f 6411 6568 6412
f 6568 6569 6412
f 6412 6569 6413
f 6569 6570 6413
f 6413 6570 6414
f 6570 6571 6414
f 6414 6571 6415
f 6571 6572 6415
f 6415 6572 6416
f 6572 6573 6416
f 6416 6573 6417
f 6573 6574 6417
f 6417 6574 6418
f 6574 6575 6418
f 6418 6575 6419
f 6575 6576 6419
f 6419 6576 6420
f 6576 6577 6420
f 6420 6577 6421
f 6577 6578 6421
f 6421 6578 6422
f 6578 6579 6422
f 6422 6579 6423
f 6579 6580 6423
f 6423 6580 6424
f 6580 6581 6424
f 6424 6581 6425
f 6581 6582 6425
f 6425 6582 6426
f 6582 6583 6426
f 6426 6583 6427
f 6583 6584 6427
f 6427 6584 6428
f 6584 6585 6428
f 6428 6585 6429
f 6585 6586 6429
f 6429 6586 6430
f 6586 6587 6430
f 6430 6587 6431
f 6587 6588 6431
f 6431 6588 6432
f 6588 6589 6432
f 6432 6589 6433
f 6589 6590 6433
f 6433 6590 6434
f 6590 6591 6434
f 6434 6591 6435
f 6591 6592 6435
f 6435 6592 6436
f 6592 6593 6436
f 6436 6593 6437
f 6593 6594 6437
f 6437 6594 6438
f 6594 6595 6438
f 6438 6595 6439
f 6595 6596 6439
f 6439 6596 6440
f 6596 6597 6440
f 6441 6598 6599
f 6442 6441 6599
f 6597 6441 6440
f 6598 6441 6597
f 6442 6599 6443
f 6599 6600 6443
f 6444 6601 6602
f 6445 6444 6602
f 6602 6446 6445
f 6603 6446 6602
f 6446 6603 6448
f 6603 6604 6448
f 6605 6449 6448
f 6605 6448 6606
f 6606 6448 6604
f 6449 6605 6450
f 6605 6606 6607
f 6607 6450 6605
f 6607 6608 6450
f 6608 6451 6450
f 6451 6608 6452
f 6608 6609 6452
f 6452 6609 6453
f 6609 6610 6453
f 6453 6610 6454
f 6610 6611 6454
f 6454 6611 6455
f 6611 6612 6455
f 6455 6612 6456
f 6612 6613 6456
f 6456 6613 6457
f 6613 6614 6457
f 6457 6614 6458
f 6614 6615 6458
f 6458 6615 6459
f 6615 6616 6459
f 6459 6616 6460
f 6616 6617 6460
f 6460 6617 6461
f 6617 6618 6461
f 6461 6618 6462
f 6618 6619 6462
f 6462 6619 6463
f 6619 6620 6463
f 6463 6620 6464
f 6620 6621 6464
f 6464 6621 6465
f 6621 6622 6465
f 6465 6622 6466
f 6622 6623 6466
f 6466 6623 6467
f 6623 6624 6467
f 6467 6624 6468
f 6624 6625 6468
f 6468 6625 6469
f 6625 6626 6469
f 6469 6626 6470
f 6626 6627 6470
f 6470 6627 6471
f 6627 6628 6471
f 6471 6628 6472
f 6628 6629 6472
f 6472 6629 6473
f 6629 6630 6473
f 6473 6630 6474
f 6630 6631 6474
f 6474 6631 6475
f 6631 6632 6475
f 6475 6632 6476
f 6632 6633 6476
f 6476 6633 6477
f 6633 6634 6477
f 6477 6634 6478
f 6634 6635 6478
f 6478 6635 6479
f 6635 6636 6479
f 6479 6636 6480
f 6636 6637 6480
f 6480 6637 6481
f 6637 6638 6481
f 6481 6638 6482
f 6638 6639 6482
f 6482 6639 6483
f 6639 6640 6483
f 6483 6640 6484
f 6640 6641 6484
f 6484 6641 6485
f 6641 6642 6485
f 6485 6642 6486
f 6642 6643 6486
f 6486 6643 6487
f 6643 6644 6487
f 6487 6644 6488
f 6644 6645 6488
f 6488 6645 6489
f 6645 6646 6489
f 6489 6646 6490
f 6646 6647 6490
f 6490 6647 6491
f 6647 6648 6491
f 6491 6648 6492
f 6648 6649 6492
f 6492 6649 6493
f 6649 6650 6493
f 6493 6650 6494
f 6650 6651 6494
f 6494 6651 6495
f 6651 6652 6495
f 6495 6652 6496
f 6652 6653 6496
f 6496 6653 6497
f 6653 6654 6497
f 6497 6654 6498
f 6654 6655 6498
f 6498 6655 6499
f 6655 6656 6499
f 6499 6656 6500
f 6656 6657 6500
f 6500 6657 6501
f 6657 6658 6501
f 6501 6658 6502
f 6658 6659 6502
f 6502 6659 6503
f 6659 6660 6503
f 6503 6660 6504
f 6660 6661 6504
f 6504 6661 6505
f 6661 6662 6505
f 6505 6662 6506
f 6662 6663 6506
f 6506 6663 6507
f 6663 6664 6507
f 6507 6664 6508
f 6664 6665 6508
f 6508 6665 6509
f 6665 6666 6509
f 6509 6666 6510
f 6666 6667 6510
f 6510 6667 6511
f 6667 6668 6511
f 6511 6668 6512
f 6668 6669 6512
f 6512 6669 6513
f 6669 6670 6513
f 6513 6670 6514
f 6670 6671 6514
f 6514 6671 6515
f 6671 6672 6515
f 6515 6672 6516
f 6672 6673 6516
f 6516 6673 6517
f 6673 6674 6517
f 6517 6674 6518
f 6674 6675 6518
f 6518 6675 6519
f 6675 6676 6519
f 6519 6676 6520
f 6676 6677 6520
f 6520 6677 6521
f 6677 6678 6521
f 6521 6678 6522
f 6678 6679 6522
f 6522 6679 6523
f 6679 6680 6523
f 6523 6680 6524
f 6680 6681 6524
f 6524 6681 6525
f 6681 6682 6525
f 6525 6682 6526
f 6682 6683 6526
f 6526 6683 6527
f 6683 6684 6527
f 6527 6684 6528
f 6684 6685 6528
f 6528 6685 6529
f 6685 6686 6529
f 6529 6686 6530
f 6686 6687 6530
f 6530 6687 6531
f 6687 6688 6531
f 6531 6688 6532
f 6688 6689 6532
f 6532 6689 6533
f 6689 6690 6533
f 6533 6690 6534
f 6690 6691 6534
f 6534 6691 6535
f 6691 6692 6535
f 6535 6692 6536
f 6692 6693 6536
f 6536 6693 6537
f 6693 6694 6537
f 6537 6694 6538
f 6694 6695 6538
f 6538 6695 6539
f 6695 6696 6539
f 6539 6696 6540
f 6696 6697 6540
f 6540 6697 6541
f 6697 6698 6541
f 6541 6698 6542
f 6698 6699 6542
f 6542 6699 6543
f 6699 6700 6543
f 6543 6700 6544
f 6700 6701 6544
f 6544 6701 6545
f 6701 6702 6545
f 6545 6702 6546
f 6702 6703 6546
f 6546 6703 6547
f 6703 6704 6547
f 6547 6704 6548
f 6704 6705 6548
f 6548 6705 6549
f 6705 6706 6549
f 6549 6706 6550
f 6706 6707 6550
f 6550 6707 6551
f 6707 6708 6551
f 6551 6708 6552
f 6708 6709 6552
f 6552 6709 6553
f 6709 6710 6553
f 6553 6710 6554
f 6710 6711 6554
f 6554 6711 6555
f 6711 6712 6555
f 6555 6712 6556
f 6712 6713 6556
f 6556 6713 6557
f 6713 6714 6557
f 6557 6714 6558
f 6714 6715 6558
f 6558 6715 6559
f 6715 6716 6559
f 6559 6716 6560
f 6716 6717 6560
f 6560 6717 6561
f 6717 6718 6561
f 6561 6718 6562
f 6718 6719 6562
f 6562 6719 6563
f 6719 6720 6563
f 6563 6720 6564
f 6720 6721 6564
f 6564 6721 6565
f 6721 6722 6565
f 6565 6722 6566
f 6722 6723 6566
f 6566 6723 6567
f 6723 6724 6567
f 6567 6724 6568
f 6724 6725 6568
f 6568 6725 6569
f 6725 6726 6569
f 6569 6726 6570
f 6726 6727 6570
f 6570 6727 6571
f 6727 6728 6571
f 6571 6728 6572
f 6728 6729 6572
f 6572 6729 6573
f 6729 6730 6573
f 6573 6730 6574
f 6730 6731 6574
f 6574 6731 6575
f 6731 6732 6575
f 6575 6732 6576
f 6732 6733 6576
f 6576 6733 6577
f 6733 6734 6577
f 6577 6734 6578
f 6734 6735 6578
f 6578 6735 6579
f 6735 6736 6579
f 6579 6736 6580
f 6736 6737 6580
f 6580 6737 6581
f 6737 6738 6581
f 6581 6738 6582
f 6738 6739 6582
f 6582 6739 6583
f 6739 6740 6583
f 6583 6740 6584
f 6740 6741 6584
f 6584 6741 6585
f 6741 6742 6585
f 6585 6742 6586
f 6742 6743 6586
f 6586 6743 6587
f 6743 6744 6587
f 6587 6744 6588
f 6744 6745 6588
f 6588 6745 6589
f 6745 6746 6589
f 6589 6746 6590
f 6746 6747 6590
f 6590 6747 6591
f 6747 6748 6591
f 6591 6748 6592
f 6748 6749 6592
f 6592 6749 6593
f 6749 6750 6593
f 6593 6750 6594
f 6750 6751 6594
f 6594 6751 6595
f 6751 6752 6595
f 6595 6752 6596
f 6752 6753 6596
f 6596 6753 6597
f 6753 6754 6597
f 6598 6755 6756
f 6599 6598 6756
f 6754 6598 6597
f 6755 6598 6754
f 6599 6756 6600
f 6756 6757 6600
f 6759 6602 6601
f 6759 6601 6760
f 6760 6601 6758
f 6602 6759 6603
f 6759 6760 6761
f 6761 6603 6759
f 6761 6762 6603
f 6762 6604 6603
f 6604 6762 6606
f 6762 6763 6606
f 6764 6607 6606
f 6764 6606 6765
f 6765 6606 6763
f 6607 6764 6608
f 6764 6765 6766
f 6766 6608 6764
f 6766 6767 6608
f 6767 6609 6608
f 6609 6767 6610
f 6767 6768 6610
f 6610 6768 6611
f 6768 6769 6611
f 6611 6769 6612
f 6769 6770 6612
f 6612 6770 6613
f 6770 6771 6613
f 6613 6771 6614
f 6771 6772 6614
f 6614 6772 6615
f 6772 6773 6615
f 6615 6773 6616
f 6773 6774 6616
f 6616 6774 6617
f 6774 6775 6617
f 6617 6775 6618
f 6775 6776 6618
f 6618 6776 6619
f 6776 6777 6619
f 6619 6777 6620
f 6777 6778 6620
f 6620 6778 6621
f 6778 6779 6621
f 6621 6779 6622
f 6779 6780 6622
f 6622 6780 6623
f 6780 6781 6623
f 6623 6781 6624
f 6781 6782 6624
f 6624 6782 6625
f 6782 6783 6625
f 6625 6783 6626
f 6783 6784 6626
f 6626 6784 6627
f 6784 6785 6627
f 6627 6785 6628
f 6785 6786 6628
f 6628 6786 6629
f 6786 6787 6629
f 6629 6787 6630
f 6787 6788 6630
f 6630 6788 6631
f 6788 6789 6631
f 6631 6789 6632
f 6789 6790 6632
f 6632 6790 6633
f 6790 6791 6633
f 6633 6791 6634
f 6791 6792 6634
f 6634 6792 6635
f 6792 6793 6635
f 6635 6793 6636
f 6793 6794 6636
f 6636 6794 6637
f 6794 6795 6637
f 6637 6795 6638
f 6795 6796 6638
f 6638 6796 6639
f 6796 6797 6639
f 6639 6797 6640
f 6797 6798 6640
f 6640 6798 6641
f 6798 6799 6641
f 6641 6799 6642
f 6799 6800 6642
f 6642 6800 6643
f 6800 6801 6643
f 6643 6801 6644
f 6801 6802 6644
f 6644 6802 6645
f 6802 6803 6645
f 6645 6803 6646
f 6803 6804 6646
f 6646 6804 6647
f 6804 6805 6647
f 6647 6805 6648
f 6805 6806 6648
f 6648 6806 6649
f 6806 6807 6649
f 6649 6807 6650
f 6807 6808 6650
f 6650 6808 6651
f 6808 6809 6651
f 6651 6809 6652
f 6809 6810 6652
f 6652 6810 6653
f 6810 6811 6653
f 6653 6811 6654
f 6811 6812 6654
f 6654 6812 6655
f 6812 6813 6655
f 6655 6813 6656
f 6813 6814 6656
f 6656 6814 6657
f 6814 6815 6657
f 6657 6815 6658
f 6815 6816 6658
f 6658 6816 6659
f 6816 6817 6659
f 6659 6817 6660
f 6817 6818 6660
f 6660 6818 6661
f 6818 6819 6661
f 6661 6819 6662
f 6819 6820 6662
f 6662 6820 6663
f 6820 6821 6663
f 6663 6821 6664
f 6821 6822 6664
f 6664 6822 6665
f 6822 6823 6665
f 6665 6823 6666
f 6823 6824 6666
f 6666 6824 6667
f 6824 6825 6667
f 6667 6825 6668
f 6825 6826 6668
f 6668 6826 6669
f 6826 6827 6669
f 6669 6827 6670
f 6827 6828 6670
f 6670 6828 6671
f 6828 6829 6671
f 6671 6829 6672
f 6829 6830 6672
f 6672 6830 6673
f 6830 6831 6673
f 6673 6831 6674
f 6831 6832 6674
f 6674 6832 6675
f 6832 6833 6675
f 6675 6833 6676
f 6833 6834 6676
f 6676 6834 6677
f 6834 6835 6677
f 6677 6835 6678
f 6835 6836 6678
f 6678 6836 6679
f 6836 6837 6679
f 6679 6837 6680
f 6837 6838 6680
f 6680 6838 6681
f 6838 6839 6681
f 6681 6839 6682
f 6839 6840 6682
f 6682 6840 6683
f 6840 6841 6683
f 6683 6841 6684
f 6841 6842 6684
f 6684 6842 6685
f 6842 6843 6685
f 6685 6843 6686
f 6843 6844 6686
f 6686 6844 6687
f 6844 6845 6687
f 6687 6845 6688
f 6845 6846 6688
f 6688 6846 6689
f 6846 6847 6689
f 6689 6847 6690
f 6847 6848 6690
f 6690 6848 6691
f 6848 6849 6691
f 6691 6849 6692
f 6849 6850 6692
f 6692 6850 6693
f 6850 6851 6693
f 6693 6851 6694
f 6851 6852 6694
f 6694 6852 6695
f 6852 6853 6695
f 6695 6853 6696
f 6853 6854 6696
f 6696 6854 6697
f 6854 6855 6697
f 6697 6855 6698
f 6855 6856 6698
f 6698 6856 6699
f 6856 6857 6699
f 6699 6857 6700
f 6857 6858 6700
f 6700 6858 6701
f 6858 6859 6701
f 6701 6859 6702
f 6859 6860 6702
f 6702 6860 6703
f 6860 6861 6703
f 6703 6861 6704
f 6861 6862 6704
f 6704 6862 6705
f 6862 6863 6705
f 6705 6863 6706
f 6863 6864 6706
f 6706 6864 6707
f 6864 6865 6707
f 6707 6865 6708
f 6865 6866 6708
f 6708 6866 6709
f 6866 6867 6709
f 6709 6867 6710
f 6867 6868 6710
f 6710 6868 6711
f 6868 6869 6711
f 6711 6869 6712
f 6869 6870 6712
f 6712 6870 6713
f 6870 6871 6713
f 6713 6871 6714
f 6871 6872 6714
f 6714 6872 6715
f 6872 6873 6715
f 6715 6873 6716
f 6873 6874 6716
f 6716 6874 6717
f 6874 6875 6717
f 6717 6875 6718
f 6875 6876 6718
f 6718 6876 6719
f 6876 6877 6719
f 6719 6877 6720
f 6877 6878 6720
f 6720 6878 6721
f 6878 6879 6721
f 6721 6879 6722
f 6879 6880 6722
f 6722 6880 6723
f 6880 6881 6723
f 6723 6881 6724
f 6881 6882 6724
f 6724 6882 6725
f 6882 6883 6725
f 6725 6883 6726
f 6883 6884 6726
f 6726 6884 6727
f 6884 6885 6727
f 6727 6885 6728
f 6885 6886 6728
f 6728 6886 6729
f 6886 6887 6729
f 6729 6887 6730
f 6887 6888 6730
f 6730 6888 6731
f 6888 6889 6731
f 6731 6889 6732
f 6889 6890 6732
f 6732 6890 6733
f 6890 6891 6733
f 6733 6891 6734
f 6891 6892 6734
f 6734 6892 6735
f 6892 6893 6735
f 6735 6893 6736
f 6893 6894 6736
f 6736 6894 6737
f 6894 6895 6737
f 6737 6895 6738
f 6895 6896 6738
f 6738 6896 6739
f 6896 6897 6739
f 6739 6897 6740
f 6897 6898 6740
f 6740 6898 6741
f 6898 6899 6741
f 6741 6899 6742
f 6899 6900 6742
f 6742 6900 6743
f 6900 6901 6743
f 6743 6901 6744
f 6901 6902 6744
f 6744 6902 6745
f 6902 6903 6745
f 6745 6903 6746
f 6903 6904 6746
f 6746 6904 6747
f 6904 6905 6747
f 6747 6905 6748
f 6905 6906 6748
f 6748 6906 6749
f 6906 6907 6749
f 6749 6907 6750
f 6907 6908 6750
f 6750 6908 6751
f 6908 6909 6751
f 6751 6909 6752
f 6909 6910 6752
f 6911 6912 6913
f 6911 6910 6912
f 6911 6753 6910
f 6753 6752 6910
f 6914 6911 6913
f 6915 6914 6913
f 6753 6914 6754
f 6911 6914 6753
f 6755 6914 6915
f 6755 6915 6756
f 6756 6915 6916
f 6754 6914 6755
f 6756 6916 6757
f 6916 6917 6757
f 6918 6919 6920
f 6920 6758 6918
f 6920 6921 6758
f 6921 6760 6758
f 6922 6761 6760
f 6922 6760 6923
f 6923 6760 6921
f 6761 6922 6762
f 6922 6923 6924
f 6924 6762 6922
f 6924 6925 6762
f 6925 6763 6762
f 6763 6925 6765
f 6925 6926 6765
f 6927 6766 6765
f 6927 6765 6928
f 6928 6765 6926
f 6766 6927 6767
f 6929 6927 6928
f 6930 6929 6928
f 6767 6929 6768
f 6927 6929 6767
f 6931 6929 6930
f 6932 6931 6930
f 6768 6931 6769
f 6929 6931 6768
f 6933 6931 6932
f 6934 6933 6932
f 6769 6933 6770
f 6931 6933 6769
f 6935 6933 6934
f 6936 6935 6934
f 6770 6935 6771
f 6933 6935 6770
f 6937 6935 6936
f 6938 6937 6936
f 6771 6937 6772
f 6935 6937 6771
f 6939 6937 6938
f 6940 6939 6938
f 6772 6939 6773
f 6937 6939 6772
f 6941 6939 6940
f 6942 6941 6940
f 6773 6941 6774
f 6939 6941 6773
f 6943 6941 6942
f 6944 6943 6942
f 6774 6943 6775
f 6941 6943 6774
f 6945 6943 6944
f 6946 6945 6944
f 6775 6945 6776
f 6943 6945 6775
f 6947 6945 6946
f 6948 6947 6946
f 6776 6947 6777
f 6945 6947 6776
f 6949 6947 6948
f 6950 6949 6948
f 6777 6949 6778
f 6947 6949 6777
f 6951 6949 6950
f 6952 6951 6950
f 6778 6951 6779
f 6949 6951 6778
f 6953 6951 6952
f 6954 6953 6952
f 6779 6953 6780
f 6951 6953 6779
f 6955 6953 6954
f 6956 6955 6954
f 6780 6955 6781
f 6953 6955 6780
f 6957 6955 6956
f 6958 6957 6956
f 6781 6957 6782
f 6955 6957 6781
f 6959 6957 6958
f 6960 6959 6958
f 6782 6959 6783
f 6957 6959 6782
f 6961 6959 6960
f 6962 6961 6960
f 6783 6961 6784
f 6959 6961 6783
f 6963 6961 6962
f 6964 6963 6962
f 6784 6963 6785
f 6961 6963 6784
f 6965 6963 6964
f 6966 6965 6964
f 6785 6965 6786
f 6963 6965 6785
f 6967 6965 6966
f 6968 6967 6966
f 6786 6967 6787
f 6965 6967 6786
f 6969 6967 6968
f 6970 6969 6968
f 6787 6969 6788
f 6967 6969 6787
f 6971 6969 6970
f 6972 6971 6970
f 6788 6971 6789
f 6969 6971 6788
f 6973 6971 6972
f 6974 6973 6972
f 6789 6973 6790
f 6971 6973 6789
f 6975 6973 6974
f 6976 6975 6974
f 6790 6975 6791
f 6973 6975 6790
f 6977 6975 6976
f 6978 6977 6976
f 6791 6977 6792
f 6975 6977 6791
f 6979 6977 6978
f 6980 6979 6978
f 6792 6979 6793
f 6977 6979 6792
f 6981 6979 6980
f 6982 6981 6980
f 6793 6981 6794
f 6979 6981 6793
f 6983 6981 6982
f 6984 6983 6982
f 6794 6983 6795
f 6981 6983 6794
f 6985 6983 6984
f 6986 6985 6984
f 6795 6985 6796
f 6983 6985 6795
f 6987 6985 6986
f 6988 6987 6986
f 6796 6987 6797
f 6985 6987 6796
f 6989 6987 6988
f 6990 6989 6988
f 6797 6989 6798
f 6987 6989 6797
f 6991 6989 6990
f 6992 6991 6990
f 6798 6991 6799
f 6989 6991 6798
f 6993 6991 6992
f 6994 6993 6992
f 6799 6993 6800
f 6991 6993 6799
f 6995 6993 6994
f 6996 6995 6994
f 6800 6995 6801
f 6993 6995 6800
f 6997 6995 6996
f 6998 6997 6996
f 6801 6997 6802
f 6995 6997 6801
f 6999 6997 6998
f 7000 6999 6998
f 6802 6999 6803
f 6997 6999 6802
f 7001 6999 7000
f 7002 7001 7000
f 6803 7001 6804
f 6999 7001 6803
f 7003 7001 7002
f 7004 7003 7002
f 6804 7003 6805
f 7001 7003 6804
f 7005 7003 7004
f 7006 7005 7004
f 6805 7005 6806
f 7003 7005 6805
f 7007 7005 7006
f 7008 7007 7006
f 6806 7007 6807
f 7005 7007 6806
f 7009 7007 7008
f 7010 7009 7008
f 6807 7009 6808
f 7007 7009 6807
f 7011 7009 7010
f 7012 7011 7010
f 6808 7011 6809
f 7009 7011 6808
f 7013 7011 7012
f 7014 7013 7012
f 6809 7013 6810
f 7011 7013 6809
f 7015 7013 7014
f 7016 7015 7014
f 6810 7015 6811
f 7013 7015 6810
f 7017 7015 7016
f 7018 7017 7016
f 6811 7017 6812
f 7015 7017 6811
f 7019 7017 7018
f 7020 7019 7018
f 6812 7019 6813
f 7017 7019 6812
f 7021 7019 7020
f 7022 7021 7020
f 6813 7021 6814
f 7019 7021 6813
f 7023 7021 7022
f 7024 7023 7022
f 6814 7023 6815
f 7021 7023 6814
f 7025 7023 7024
f 7026 7025 7024
f 6815 7025 6816
f 7023 7025 6815
f 7027 7025 7026
f 7028 7027 7026
f 6816 7027 6817
f 7025 7027 6816
f 7029 7027 7028
f 7030 7029 7028
f 6817 7029 6818
f 7027 7029 6817
f 7031 7029 7030
f 7032 7031 7030
f 6818 7031 6819
f 7029 7031 6818
f 7033 7031 7032
f 7034 7033 7032
f 6819 7033 6820
f 7031 7033 6819
f 7035 7033 7034
f 7036 7035 7034
f 6820 7035 6821
f 7033 7035 6820
f 7037 7035 7036
f 7038 7037 7036
f 6821 7037 6822
f 7035 7037 6821
f 7039 7037 7038
f 7040 7039 7038
f 6822 7039 6823
f 7037 7039 6822
f 7041 7039 7040
f 7042 7041 7040
f 6823 7041 6824
f 7039 7041 6823
f 7043 7041 7042
f 7044 7043 7042
f 6824 7043 6825
f 7041 7043 6824
f 7045 7043 7044
f 7046 7045 7044
f 6825 7045 6826
f 7043 7045 6825
f 7047 7045 7046
f 7048 7047 7046
f 6826 7047 6827
f 7045 7047 6826
f 7049 7047 7048
f 7050 7049 7048
f 6827 7049 6828
f 7047 7049 6827
f 7051 7049 7050
f 7052 7051 7050
f 6828 7051 6829
f 7049 7051 6828
f 7053 7051 7052
f 7054 7053 7052
f 6829 7053 6830
f 7051 7053 6829
f 7055 7053 7054
f 7056 7055 7054
f 6830 7055 6831
f 7053 7055 6830
f 7057 7055 7056
f 7058 7057 7056
f 6831 7057 6832
f 7055 7057 6831
f 7059 7057 7058
f 7060 7059 7058
f 6832 7059 6833
f 7057 7059 6832
f 7061 7059 7060
f 7062 7061 7060
f 6833 7061 6834
f 7059 7061 6833
f 7063 7061 7062
f 7064 7063 7062
f 6834 7063 6835
f 7061 7063 6834
f 7065 7063 7064
f 7066 7065 7064
f 6835 7065 6836
f 7063 7065 6835
f 7067 7065 7066
f 7068 7067 7066
f 6836 7067 6837
f 7065 7067 6836
f 7069 7067 7068
f 7070 7069 7068
f 6837 7069 6838
f 7067 7069 6837
f 7071 7069 7070
f 7072 7071 7070
f 6838 7071 6839
f 7069 7071 6838
f 7073 7071 7072
f 7074 7073 7072
f 6839 7073 6840
f 7071 7073 6839
f 7075 7073 7074
f 7076 7075 7074
f 6840 7075 6841
f 7073 7075 6840
f 7077 7075 7076
f 7078 7077 7076
f 6841 7077 6842
f 7075 7077 6841
f 7079 7077 7078
f 7080 7079 7078
f 6842 7079 6843
f 7077 7079 6842
f 7081 7079 7080
f 7082 7081 7080
f 6843 7081 6844
f 7079 7081 6843
f 7083 7081 7082
f 7084 7083 7082
f 6844 7083 6845
f 7081 7083 6844
f 7085 7083 7084
f 7086 7085 7084
f 6845 7085 6846
f 7083 7085 6845
f 7087 7085 7086
f 7088 7087 7086
f 6846 7087 6847
f 7085 7087 6846
f 7089 7087 7088
f 7090 7089 7088
f 6847 7089 6848
f 7087 7089 6847
f 7091 7089 7090
f 7092 7091 7090
f 6848 7091 6849
f 7089 7091 6848
f 7093 7091 7092
f 7094 7093 7092
f 6849 7093 6850
f 7091 7093 6849
f 7095 7093 7094
f 7096 7095 7094
f 6850 7095 6851
f 7093 7095 6850
f 7097 7095 7096
f 7098 7097 7096
f 6851 7097 6852
f 7095 7097 6851
f 7099 7097 7098
f 7100 7099 7098
f 6852 7099 6853
f 7097 7099 6852
f 7101 7099 7100
f 7102 7101 7100
f 6853 7101 6854
f 7099 7101 6853
f 7103 7101 7102
f 7104 7103 7102
f 6854 7103 6855
f 7101 7103 6854
f 7105 7103 7104
f 7106 7105 7104
f 6855 7105 6856
f 7103 7105 6855
f 7107 7105 7106
f 7108 7107 7106
f 6856 7107 6857
f 7105 7107 6856
f 7109 7107 7108
f 7110 7109 7108
f 6857 7109 6858
f 7107 7109 6857
f 7111 7109 7110
f 7112 7111 7110
f 6858 7111 6859
f 7109 7111 6858
f 7113 7111 7112
f 7114 7113 7112
f 6859 7113 6860
f 7111 7113 6859
f 7115 7113 7114
f 7116 7115 7114
f 6860 7115 6861
f 7113 7115 6860
f 7117 7115 7116
f 7118 7117 7116
f 6861 7117 6862
f 7115 7117 6861
f 7119 7117 7118
f 7120 7119 7118
f 6862 7119 6863
f 7117 7119 6862
f 7121 7119 7120
f 7122 7121 7120
f 6863 7121 6864
f 7119 7121 6863
f 7123 7121 7122
f 7124 7123 7122
f 6864 7123 6865
f 7121 7123 6864
f 7125 7123 7124
f 7126 7125 7124
f 6865 7125 6866
f 7123 7125 6865
f 7127 7125 7126
f 7128 7127 7126
f 6866 7127 6867
f 7125 7127 6866
f 7129 7127 7128
f 7130 7129 7128
f 6867 7129 6868
f 7127 7129 6867
f 7131 7129 7130
f 7132 7131 7130
f 6868 7131 6869
f 7129 7131 6868
f 7133 7131 7132
f 7134 7133 7132
f 6869 7133 6870
f 7131 7133 6869
f 7135 7133 7134
f 7136 7135 7134
f 6870 7135 6871
f 7133 7135 6870
f 7137 7135 7136
f 7138 7137 7136
f 6871 7137 6872
f 7135 7137 6871
f 7139 7137 7138
f 7140 7139 7138
f 6872 7139 6873
f 7137 7139 6872
f 7141 7139 7140
f 7142 7141 7140
f 6873 7141 6874
f 7139 7141 6873
f 7143 7141 7142
f 7144 7143 7142
f 6874 7143 6875
f 7141 7143 6874
f 7145 7143 7144
f 7146 7145 7144
f 6875 7145 6876
f 7143 7145 6875
f 7147 7145 7146
f 7148 7147 7146
f 6876 7147 6877
f 7145 7147 6876
f 7149 7147 7148
f 7150 7149 7148
f 6877 7149 6878
f 7147 7149 6877
f 7151 7149 7150
f 7152 7151 7150
f 6878 7151 6879
f 7149 7151 6878
f 7153 7151 7152
f 7154 7153 7152
f 6879 7153 6880
f 7151 7153 6879
f 7155 7153 7154
f 7156 7155 7154
f 6880 7155 6881
f 7153 7155 6880
f 7157 7155 7156
f 7158 7157 7156
f 6881 7157 6882
f 7155 7157 6881
f 7159 7157 7158
f 7160 7159 7158
f 6882 7159 6883
f 7157 7159 6882
f 7161 7159 7160
f 7162 7161 7160
f 6883 7161 6884
f 7159 7161 6883
f 7163 7161 7162
f 7164 7163 7162
f 6884 7163 6885
f 7161 7163 6884
f 7165 7163 7164
f 7166 7165 7164
f 6885 7165 6886
f 7163 7165 6885
f 7167 7165 7166
f 7168 7167 7166
f 6886 7167 6887
f 7165 7167 6886
f 7169 7167 7168
f 7170 7169 7168
f 6887 7169 6888
f 7167 7169 6887
f 7171 7169 7170
f 7172 7171 7170
f 6888 7171 6889
f 7169 7171 6888
f 7173 7171 7172
f 7174 7173 7172
f 6889 7173 6890
f 7171 7173 6889
f 7175 7173 7174
f 7176 7175 7174
f 6890 7175 6891
f 7173 7175 6890
f 7177 7175 7176
f 7178 7177 7176
f 6891 7177 6892
f 7175 7177 6891
f 7179 7177 7178
f 7180 7179 7178
f 6892 7179 6893
f 7177 7179 6892
f 7181 7179 7180
f 7182 7181 7180
f 6893 7181 6894
f 7179 7181 6893
f 7183 7181 7182
f 7184 7183 7182
f 6894 7183 6895
f 7181 7183 6894
f 7185 7183 7184
f 7186 7185 7184
f 6895 7185 6896
f 7183 7185 6895
f 7187 7185 7186
f 7188 7187 7186
f 6896 7187 6897
f 7185 7187 6896
f 7189 7187 7188
f 7190 7189 7188
f 6897 7189 6898
f 7187 7189 6897
f 7191 7189 7190
f 7192 7191 7190
f 6898 7191 6899
f 7189 7191 6898
f 7193 7191 7192
f 7194 7193 7192
f 6899 7193 6900
f 7191 7193 6899
f 7195 7193 7194
f 7196 7195 7194
f 6900 7195 6901
f 7193 7195 6900
f 7197 7195 7196
f 7198 7197 7196
f 6901 7197 6902
f 7195 7197 6901
f 7199 7197 7198
f 7200 7199 7198
f 6902 7199 6903
f 7197 7199 6902
f 7201 7199 7200
f 7202 7201 7200
f 6903 7201 6904
f 7199 7201 6903
f 7203 7201 7202
f 7204 7203 7202
f 6904 7203 6905
f 7201 7203 6904
f 7205 7203 7204
f 7206 7205 7204
f 6905 7205 6906
f 7203 7205 6905
f 7207 7205 7206
f 7208 7207 7206
f 6906 7207 6907
f 7205 7207 6906
f 7209 7207 7208
f 7210 7209 7208
f 6907 7209 6908
f 7207 7209 6907
f 7211 7209 7210
f 7212 7211 7210
f 6908 7211 6909
f 7209 7211 6908
f 7213 7211 7212
f 7214 7213 7212
f 6909 7213 6910
f 7211 7213 6909
f 6912 7213 7214
f 6912 7214 6913
f 6913 7214 7215
f 6910 7213 6912
f 6913 7215 6915
f 7215 7216 6915
f 7217 7218 7219
f 7217 7216 7218
f 7217 6916 7216
f 6916 6915 7216
f 7220 7217 7219
f 7221 7220 7219
f 6916 7220 6917
f 7217 7220 6916
f 6920 6919 7222
f 7224 6921 7223
f 7224 7225 6921
f 7225 6923 6921
f 7226 6924 6923
f 7226 6923 7227
f 7227 6923 7225
f 6924 7226 6925
f 7228 7226 7227
f 7229 7228 7227
f 6925 7228 6926
f 7226 7228 6925
f 7228 7229 7230
f 7230 6926 7228
f 7230 7231 6926
f 7231 6928 6926
f 6928 7231 6930
f 7231 7232 6930
f 6930 7232 6932
f 7232 7233 6932
f 6932 7233 6934
f 7233 7234 6934
f 6934 7234 6936
f 7234 7235 6936
f 6936 7235 6938
f 7235 7236 6938
f 6938 7236 6940
f 7236 7237 6940
f 6940 7237 6942
f 7237 7238 6942
f 6942 7238 6944
f 7238 7239 6944
f 6944 7239 6946
f 7239 7240 6946
f 6946 7240 6948
f 7240 7241 6948
f 6948 7241 6950
f 7241 7242 6950
f 6950 7242 6952
f 7242 7243 6952
f 6952 7243 6954
f 7243 7244 6954
f 6954 7244 6956
f 7244 7245 6956
f 6956 7245 6958
f 7245 7246 6958
f 6958 7246 6960
f 7246 7247 6960
f 6960 7247 6962
f 7247 7248 6962
f 6962 7248 6964
f 7248 7249 6964
f 6964 7249 6966
f 7249 7250 6966
f 6966 7250 6968
f 7250 7251 6968
f 6968 7251 6970
f 7251 7252 6970
f 6970 7252 6972
f 7252 7253 6972
f 6972 7253 6974
f 7253 7254 6974
f 6974 7254 6976
f 7254 7255 6976
f 6976 7255 6978
f 7255 7256 6978
f 6978 7256 6980
f 7256 7257 6980
f 6980 7257 6982
f 7257 7258 6982
f 6982 7258 6984
f 7258 7259 6984
f 6984 7259 6986
f 7259 7260 6986
f 6986 7260 6988
f 7260 7261 6988
f 6988 7261 6990
f 7261 7262 6990
f 6990 7262 6992
f 7262 7263 6992
f 6992 7263 6994
f 7263 7264 6994
f 6994 7264 6996
f 7264 7265 6996
f 6996 7265 6998
f 7265 7266 6998
f 6998 7266 7000
f 7266 7267 7000
f 7000 7267 7002
f 7267 7268 7002
f 7002 7268 7004
f 7268 7269 7004
f 7004 7269 7006
f 7269 7270 7006
f 7006 7270 7008
f 7270 7271 7008
f 7008 7271 7010
f 7271 7272 7010
f 7010 7272 7012
f 7272 7273 7012
f 7012 7273 7014
f 7273 7274 7014
f 7014 7274 7016
f 7274 7275 7016
f 7016 7275 7018
f 7275 7276 7018
f 7018 7276 7020
f 7276 7277 7020
f 7020 7277 7022
f 7277 7278 7022
f 7022 7278 7024
f 7278 7279 7024
f 7024 7279 7026
f 7279 7280 7026
f 7026 7280 7028
f 7280 7281 7028
f 7028 7281 7030
f 7281 7282 7030
f 7030 7282 7032
f 7282 7283 7032
f 7032 7283 7034
f 7283 7284 7034
f 7034 7284 7036
f 7284 7285 7036
f 7036 7285 7038
f 7285 7286 7038
f 7038 7286 7040
f 7286 7287 7040
f 7040 7287 7042
f 7287 7288 7042
f 7042 7288 7044
f 7288 7289 7044
f 7044 7289 7046
f 7289 7290 7046
f 7046 7290 7048
f 7290 7291 7048
f 7048 7291 7050
f 7291 7292 7050
f 7050 7292 7052
f 7292 7293 7052
f 7052 7293 7054
f 7293 7294 7054
f 7054 7294 7056
f 7294 7295 7056
f 7056 7295 7058
f 7295 7296 7058
f 7058 7296 7060
f 7296 7297 7060
f 7060 7297 7062
f 7297 7298 7062
f 7062 7298 7064
f 7298 7299 7064
f 7064 7299 7066
f 7299 7300 7066
f 7066 7300 7068
f 7300 7301 7068
f 7068 7301 7070
f 7301 7302 7070
f 7070 7302 7072
f 7302 7303 7072
f 7072 7303 7074
f 7303 7304 7074
f 7074 7304 7076
f 7304 7305 7076
f 7076 7305 7078
f 7305 7306 7078
f 7078 7306 7080
f 7306 7307 7080
f 7080 7307 7082
f 7307 7308 7082
f 7082 7308 7084
f 7308 7309 7084
f 7084 7309 7086
f 7309 7310 7086
f 7086 7310 7088
f 7310 7311 7088
f 7088 7311 7090
f 7311 7312 7090
f 7090 7312 7092
f 7312 7313 7092
f 7092 7313 7094
f 7313 7314 7094
f 7094 7314 7096
f 7314 7315 7096
f 7096 7315 7098
f 7315 7316 7098
f 7098 7316 7100
f 7316 7317 7100
f 7100 7317 7102
f 7317 7318 7102
f 7102 7318 7104
f 7318 7319 7104
f 7104 7319 7106
f 7319 7320 7106
f 7106 7320 7108
f 7320 7321 7108
f 7108 7321 7110
f 7321 7322 7110
f 7110 7322 7112
f 7322 7323 7112
f 7112 7323 7114
f 7323 7324 7114
f 7114 7324 7116
f 7324 7325 7116
f 7116 7325 7118
f 7325 7326 7118
f 7118 7326 7120
f 7326 7327 7120
f 7120 7327 7122
f 7327 7328 7122
f 7122 7328 7124
f 7328 7329 7124
f 7124 7329 7126
f 7329 7330 7126
f 7126 7330 7128
f 7330 7331 7128
f 7128 7331 7130
f 7331 7332 7130
f 7130 7332 7132
f 7332 7333 7132
f 7132 7333 7134
f 7333 7334 7134
f 7134 7334 7136
f 7334 7335 7136
f 7136 7335 7138
f 7335 7336 7138
f 7138 7336 7140
f 7336 7337 7140
f 7140 7337 7142
f 7337 7338 7142
f 7142 7338 7144
f 7338 7339 7144
f 7144 7339 7146
f 7339 7340 7146
f 7146 7340 7148
f 7340 7341 7148
f 7148 7341 7150
f 7341 7342 7150
f 7150 7342 7152
f 7342 7343 7152
f 7152 7343 7154
f 7343 7344 7154
f 7154 7344 7156
f 7344 7345 7156
f 7156 7345 7158
f 7345 7346 7158
f 7158 7346 7160
f 7346 7347 7160
f 7160 7347 7162
f 7347 7348 7162
f 7162 7348 7164
f 7348 7349 7164
f 7164 7349 7166
f 7349 7350 7166
f 7166 7350 7168
f 7350 7351 7168
f 7168 7351 7170
f 7351 7352 7170
f 7170 7352 7172
f 7352 7353 7172
f 7172 7353 7174
f 7353 7354 7174
f 7174 7354 7176
f 7354 7355 7176
f 7176 7355 7178
f 7355 7356 7178
f 7178 7356 7180
f 7356 7357 7180
f 7180 7357 7182
f 7357 7358 7182
f 7182 7358 7184
f 7358 7359 7184
f 7184 7359 7186
f 7359 7360 7186
f 7186 7360 7188
f 7360 7361 7188
f 7188 7361 7190
f 7361 7362 7190
f 7190 7362 7192
f 7362 7363 7192
f 7192 7363 7194
f 7363 7364 7194
f 7194 7364 7196
f 7364 7365 7196
f 7196 7365 7198
f 7365 7366 7198
f 7198 7366 7200
f 7366 7367 7200
f 7200 7367 7202
f 7367 7368 7202
f 7202 7368 7204
f 7368 7369 7204
f 7204 7369 7206
f 7369 7370 7206
f 7206 7370 7208
f 7370 7371 7208
f 7208 7371 7210
f 7371 7372 7210
f 7210 7372 7212
f 7372 7373 7212
f 7212 7373 7214
f 7373 7374 7214
f 7214 7374 7215
f 7374 7375 7215
f 7376 7377 7378
f 7376 7375 7377
f 7376 7216 7375
f 7216 7215 7375
f 7218 7376 7378
f 7218 7378 7219
f 7219 7378 7379
f 7216 7376 7218
f 7219 7379 7221

